/rn,a,b/nx0/ls1
/r,qa,qb
81 -0.4 0.4 0 OUTPUT_AMP_PHASE_3D Wavelength=0.8
81 -0.4 0.4
 8.06291E-01   1.01858E+02  8.04693E-01   9.95449E+01  8.02400E-01   9.72744E+01  7.99380E-01   9.50465E+01  7.95580E-01   9.28651E+01  7.90971E-01   9.07290E+01  7.85516E-01   8.86394E+01  7.79177E-01   8.65986E+01  7.71932E-01   8.46048E+01  7.63742E-01   8.26602E+01  7.54577E-01   8.07674E+01  7.44398E-01   7.89237E+01  7.33187E-01   7.71342E+01  7.20899E-01   7.53969E+01  7.07529E-01   7.37127E+01  6.93045E-01   7.20850E+01  6.77436E-01   7.05102E+01  6.60686E-01   6.89940E+01  6.42784E-01   6.75338E+01  6.23724E-01   6.61319E+01  6.03503E-01   6.47899E+01  5.82122E-01   6.35060E+01  5.59593E-01   6.22846E+01  5.35922E-01   6.11226E+01  5.11139E-01   6.00238E+01  4.85254E-01   5.89875E+01  4.58316E-01   5.80135E+01  4.30340E-01   5.71057E+01  4.01395E-01   5.62595E+01  3.71498E-01   5.54821E+01  3.40734E-01   5.47666E+01  3.09136E-01   5.41217E+01  2.76789E-01   5.35392E+01  2.43750E-01   5.30283E+01  2.10102E-01   5.25805E+01  1.75916E-01   5.22052E+01  1.41286E-01   5.18934E+01  1.06283E-01   5.16551E+01  7.10137E-02   5.14785E+01  3.55489E-02   5.13803E+01  5.53802E-06   3.52757E+02  3.55548E-02   2.31379E+02  7.10088E-02   2.31487E+02  1.06287E-01   2.31654E+02  1.41282E-01   2.31898E+02  1.75919E-01   2.32204E+02  2.10100E-01   2.32584E+02  2.43752E-01   2.33027E+02  2.76787E-01   2.33542E+02  3.09140E-01   2.34120E+02  3.40729E-01   2.34769E+02  3.71504E-01   2.35480E+02  4.01389E-01   2.36261E+02  4.30346E-01   2.37104E+02  4.58311E-01   2.38014E+02  4.85258E-01   2.38986E+02  5.11134E-01   2.40023E+02  5.35924E-01   2.41122E+02  5.59589E-01   2.42283E+02  5.82123E-01   2.43507E+02  6.03500E-01   2.44789E+02  6.23727E-01   2.46133E+02  6.42784E-01   2.47534E+02  6.60690E-01   2.48994E+02  6.77437E-01   2.50512E+02  6.93045E-01   2.52084E+02  7.07529E-01   2.53714E+02  7.20898E-01   2.55397E+02  7.33187E-01   2.57134E+02  7.44401E-01   2.58925E+02  7.54580E-01   2.60766E+02  7.63749E-01   2.62661E+02  7.71931E-01   2.64605E+02  7.79176E-01   2.66598E+02  7.85506E-01   2.68640E+02  7.90968E-01   2.70729E+02  7.95576E-01   2.72864E+02  7.99385E-01   2.75047E+02  8.02408E-01   2.77274E+02  8.04691E-01   2.79544E+02  8.06294E-01   2.81858E+02 
 8.10440E-01   9.94626E+01  8.09192E-01   9.71335E+01  8.07245E-01   9.48461E+01  8.04546E-01   9.26042E+01  8.01063E-01   9.04077E+01  7.96770E-01   8.82564E+01  7.91619E-01   8.61527E+01  7.85583E-01   8.40964E+01  7.78630E-01   8.20875E+01  7.70704E-01   8.01304E+01  7.61783E-01   7.82220E+01  7.51831E-01   7.63658E+01  7.40810E-01   7.45625E+01  7.28711E-01   7.28103E+01  7.15492E-01   7.11145E+01  7.01142E-01   6.94716E+01  6.85634E-01   6.78857E+01  6.68951E-01   6.63567E+01  6.51082E-01   6.48842E+01  6.32018E-01   6.34719E+01  6.11753E-01   6.21172E+01  5.90297E-01   6.08236E+01  5.67643E-01   5.95907E+01  5.43825E-01   5.84184E+01  5.18836E-01   5.73106E+01  4.92728E-01   5.62629E+01  4.65503E-01   5.52827E+01  4.37229E-01   5.43634E+01  4.07912E-01   5.35126E+01  3.77642E-01   5.27252E+01  3.46435E-01   5.20058E+01  3.14385E-01   5.13526E+01  2.81537E-01   5.07666E+01  2.47976E-01   5.02497E+01  2.13775E-01   4.97987E+01  1.79016E-01   4.94198E+01  1.43787E-01   4.91048E+01  1.08179E-01   4.88655E+01  7.22787E-02   4.86863E+01  3.61896E-02   4.85892E+01  5.68011E-06   2.98341E+02  3.61872E-02   2.28584E+02  7.22820E-02   2.28695E+02  1.08177E-01   2.28864E+02  1.43789E-01   2.29110E+02  1.79016E-01   2.29420E+02  2.13776E-01   2.29802E+02  2.47975E-01   2.30251E+02  2.81540E-01   2.30769E+02  3.14382E-01   2.31355E+02  3.46442E-01   2.32007E+02  3.77635E-01   2.32728E+02  4.07921E-01   2.33513E+02  4.37222E-01   2.34366E+02  4.65512E-01   2.35282E+02  4.92725E-01   2.36265E+02  5.18843E-01   2.37309E+02  5.43823E-01   2.38419E+02  5.67648E-01   2.39589E+02  5.90295E-01   2.40822E+02  6.11754E-01   2.42117E+02  6.32016E-01   2.43470E+02  6.51083E-01   2.44885E+02  6.68950E-01   2.46356E+02  6.85637E-01   2.47886E+02  7.01140E-01   2.49472E+02  7.15495E-01   2.51114E+02  7.28706E-01   2.52812E+02  7.40806E-01   2.54561E+02  7.51825E-01   2.56366E+02  7.61776E-01   2.58223E+02  7.70706E-01   2.60129E+02  7.78634E-01   2.62089E+02  7.85594E-01   2.64096E+02  7.91627E-01   2.66152E+02  7.96768E-01   2.68257E+02  8.01061E-01   2.70408E+02  8.04537E-01   2.72604E+02  8.07244E-01   2.74847E+02  8.09194E-01   2.77133E+02  8.10442E-01   2.79462E+02 
 8.14088E-01   9.71115E+01  8.13192E-01   9.47660E+01  8.11578E-01   9.24646E+01  8.09213E-01   9.02084E+01  8.06076E-01   8.79962E+01  8.02117E-01   8.58302E+01  7.97288E-01   8.37117E+01  7.91572E-01   8.16398E+01  7.84900E-01   7.96181E+01  7.77245E-01   7.76457E+01  7.68589E-01   7.57233E+01  7.58869E-01   7.38538E+01  7.48083E-01   7.20352E+01  7.36184E-01   7.02711E+01  7.23141E-01   6.85611E+01  7.08942E-01   6.69059E+01  6.93544E-01   6.53080E+01  6.76946E-01   6.37657E+01  6.59127E-01   6.22822E+01  6.40072E-01   6.08572E+01  6.19795E-01   5.94910E+01  5.98270E-01   5.81868E+01  5.75534E-01   5.69419E+01  5.51566E-01   5.57613E+01  5.26413E-01   5.46415E+01  5.00075E-01   5.35873E+01  4.72601E-01   5.25962E+01  4.44013E-01   5.16709E+01  4.14368E-01   5.08116E+01  3.83704E-01   5.00176E+01  3.52088E-01   4.92924E+01  3.19580E-01   4.86325E+01  2.86245E-01   4.80430E+01  2.52170E-01   4.75194E+01  2.17419E-01   4.70675E+01  1.82095E-01   4.66818E+01  1.46272E-01   4.63692E+01  1.10058E-01   4.61232E+01  7.35381E-02   4.59511E+01  3.68200E-02   4.58515E+01  7.02716E-06   1.54947E+02  3.68224E-02   2.25827E+02  7.35429E-02   2.25939E+02  1.10060E-01   2.26117E+02  1.46278E-01   2.26363E+02  1.82096E-01   2.26679E+02  2.17424E-01   2.27063E+02  2.52169E-01   2.27518E+02  2.86249E-01   2.28040E+02  3.19581E-01   2.28632E+02  3.52088E-01   2.29291E+02  3.83707E-01   2.30018E+02  4.14364E-01   2.30811E+02  4.44016E-01   2.31672E+02  4.72595E-01   2.32598E+02  5.00078E-01   2.33588E+02  5.26407E-01   2.34643E+02  5.51571E-01   2.35761E+02  5.75529E-01   2.36944E+02  5.98275E-01   2.38186E+02  6.19791E-01   2.39492E+02  6.40075E-01   2.40856E+02  6.59124E-01   2.42281E+02  6.76946E-01   2.43765E+02  6.93546E-01   2.45307E+02  7.08943E-01   2.46906E+02  7.23149E-01   2.48561E+02  7.36190E-01   2.50271E+02  7.48088E-01   2.52036E+02  7.58873E-01   2.53853E+02  7.68581E-01   2.55724E+02  7.77238E-01   2.57645E+02  7.84889E-01   2.59617E+02  7.91564E-01   2.61641E+02  7.97294E-01   2.63711E+02  8.02125E-01   2.65830E+02  8.06082E-01   2.67997E+02  8.09218E-01   2.70208E+02  8.11575E-01   2.72464E+02  8.13187E-01   2.74767E+02  8.14087E-01   2.77112E+02 
 8.17182E-01   9.48063E+01  8.16633E-01   9.24464E+01  8.15368E-01   9.01306E+01  8.13372E-01   8.78583E+01  8.10584E-01   8.56311E+01  8.06956E-01   8.34508E+01  8.02464E-01   8.13168E+01  7.97054E-01   7.92315E+01  7.90682E-01   7.71951E+01  7.83337E-01   7.52081E+01  7.74953E-01   7.32725E+01  7.65505E-01   7.13884E+01  7.54964E-01   6.95570E+01  7.43275E-01   6.77795E+01  7.30429E-01   6.60561E+01  7.16386E-01   6.43883E+01  7.01122E-01   6.27770E+01  6.84633E-01   6.12223E+01  6.66876E-01   5.97269E+01  6.47872E-01   5.82892E+01  6.27583E-01   5.69130E+01  6.06034E-01   5.55965E+01  5.83207E-01   5.43426E+01  5.59130E-01   5.31509E+01  5.33809E-01   5.20228E+01  5.07271E-01   5.09588E+01  4.79549E-01   4.99595E+01  4.50677E-01   4.90261E+01  4.20702E-01   4.81586E+01  3.89674E-01   4.73582E+01  3.57652E-01   4.66251E+01  3.24700E-01   4.59600E+01  2.90895E-01   4.53638E+01  2.56306E-01   4.48360E+01  2.21027E-01   4.43784E+01  1.85136E-01   4.39897E+01  1.48736E-01   4.36724E+01  1.11919E-01   4.34233E+01  7.47885E-02   4.32498E+01  3.74465E-02   4.31353E+01  4.94772E-06   1.41991E+02  3.74497E-02   2.23147E+02  7.47909E-02   2.23243E+02  1.11923E-01   2.23425E+02  1.48739E-01   2.23669E+02  1.85141E-01   2.23989E+02  2.21030E-01   2.24376E+02  2.56312E-01   2.24835E+02  2.90898E-01   2.25361E+02  3.24706E-01   2.25958E+02  3.57658E-01   2.26623E+02  3.89677E-01   2.27356E+02  4.20708E-01   2.28157E+02  4.50679E-01   2.29025E+02  4.79554E-01   2.29959E+02  5.07272E-01   2.30958E+02  5.33812E-01   2.32023E+02  5.59129E-01   2.33151E+02  5.83209E-01   2.34343E+02  6.06034E-01   2.35598E+02  6.27584E-01   2.36913E+02  6.47869E-01   2.38290E+02  6.66879E-01   2.39726E+02  6.84623E-01   2.41222E+02  7.01122E-01   2.42776E+02  7.16375E-01   2.44387E+02  7.30424E-01   2.46056E+02  7.43275E-01   2.47779E+02  7.54962E-01   2.49558E+02  7.65517E-01   2.51389E+02  7.74961E-01   2.53273E+02  7.83342E-01   2.55209E+02  7.90687E-01   2.57195E+02  7.97047E-01   2.59231E+02  8.02453E-01   2.61318E+02  8.06952E-01   2.63450E+02  8.10585E-01   2.65632E+02  8.13372E-01   2.67859E+02  8.15379E-01   2.70130E+02  8.16633E-01   2.72446E+02  8.17175E-01   2.74806E+02 
 8.19676E-01   9.25491E+01  8.19485E-01   9.01746E+01  8.18597E-01   8.78429E+01  8.16958E-01   8.55559E+01  8.14512E-01   8.33146E+01  8.11236E-01   8.11193E+01  8.07085E-01   7.89713E+01  8.02004E-01   7.68714E+01  7.95972E-01   7.48205E+01  7.88935E-01   7.28200E+01  7.80842E-01   7.08702E+01  7.71675E-01   6.89725E+01  7.61380E-01   6.71273E+01  7.49924E-01   6.53360E+01  7.37292E-01   6.35993E+01  7.23427E-01   6.19186E+01  7.08331E-01   6.02943E+01  6.91959E-01   5.87280E+01  6.74304E-01   5.72201E+01  6.55352E-01   5.57717E+01  6.35088E-01   5.43838E+01  6.13515E-01   5.30569E+01  5.90634E-01   5.17924E+01  5.66455E-01   5.05906E+01  5.40994E-01   4.94526E+01  5.14275E-01   4.83793E+01  4.86326E-01   4.73708E+01  4.57188E-01   4.64291E+01  4.26905E-01   4.55534E+01  3.95527E-01   4.47460E+01  3.63116E-01   4.40060E+01  3.29741E-01   4.33349E+01  2.95468E-01   4.27326E+01  2.60391E-01   4.22005E+01  2.24580E-01   4.17380E+01  1.88146E-01   4.13459E+01  1.51168E-01   4.10246E+01  1.13763E-01   4.07741E+01  7.60250E-02   4.05932E+01  3.80714E-02   4.04844E+01  7.49630E-06   3.18655E+02  3.80625E-02   2.20496E+02  7.60234E-02   2.20604E+02  1.13755E-01   2.20779E+02  1.51167E-01   2.21029E+02  1.88137E-01   2.21349E+02  2.24581E-01   2.21740E+02  2.60383E-01   2.22202E+02  2.95471E-01   2.22734E+02  3.29737E-01   2.23335E+02  3.63118E-01   2.24007E+02  3.95528E-01   2.24745E+02  4.26905E-01   2.25554E+02  4.57194E-01   2.26428E+02  4.86326E-01   2.27371E+02  5.14282E-01   2.28378E+02  5.40993E-01   2.29452E+02  5.66461E-01   2.30590E+02  5.90634E-01   2.31792E+02  6.13517E-01   2.33057E+02  6.35095E-01   2.34384E+02  6.55351E-01   2.35772E+02  6.74316E-01   2.37221E+02  6.91963E-01   2.38728E+02  7.08336E-01   2.40295E+02  7.23435E-01   2.41918E+02  7.37284E-01   2.43599E+02  7.49927E-01   2.45335E+02  7.61368E-01   2.47126E+02  7.71667E-01   2.48972E+02  7.80841E-01   2.50870E+02  7.88932E-01   2.52820E+02  7.95978E-01   2.54821E+02  8.02014E-01   2.56871E+02  8.07086E-01   2.58972E+02  8.11233E-01   2.61120E+02  8.14511E-01   2.63314E+02  8.16952E-01   2.65557E+02  8.18594E-01   2.67843E+02  8.19496E-01   2.70174E+02  8.19680E-01   2.72549E+02 
 8.21530E-01   9.03407E+01  8.21715E-01   8.79505E+01  8.21190E-01   8.56047E+01  8.19906E-01   8.33035E+01  8.17828E-01   8.10471E+01  8.14919E-01   7.88374E+01  8.11118E-01   7.66746E+01  8.06392E-01   7.45605E+01  8.00691E-01   7.24960E+01  7.93966E-01   7.04809E+01  7.86186E-01   6.85173E+01  7.77310E-01   6.66057E+01  7.67288E-01   6.47466E+01  7.56098E-01   6.29425E+01  7.43691E-01   6.11930E+01  7.30039E-01   5.94996E+01  7.15116E-01   5.78634E+01  6.98893E-01   5.62843E+01  6.81350E-01   5.47649E+01  6.62477E-01   5.33043E+01  6.42252E-01   5.19049E+01  6.20689E-01   5.05671E+01  5.97769E-01   4.92916E+01  5.73517E-01   4.80799E+01  5.47939E-01   4.69320E+01  5.21056E-01   4.58493E+01  4.92909E-01   4.48327E+01  4.63519E-01   4.38824E+01  4.32948E-01   4.29998E+01  4.01235E-01   4.21847E+01  3.68455E-01   4.14384E+01  3.34661E-01   4.07617E+01  2.99950E-01   4.01543E+01  2.64380E-01   3.96174E+01  2.28068E-01   3.91509E+01  1.91086E-01   3.87561E+01  1.53554E-01   3.84320E+01  1.15564E-01   3.81800E+01  7.72358E-02   3.79997E+01  3.86748E-02   3.78894E+01  1.39623E-06   3.74583E+01  3.86757E-02   2.17895E+02  7.72320E-02   2.18000E+02  1.15566E-01   2.18181E+02  1.53549E-01   2.18433E+02  1.91089E-01   2.18757E+02  2.28060E-01   2.19152E+02  2.64385E-01   2.19618E+02  2.99940E-01   2.20155E+02  3.34666E-01   2.20762E+02  3.68447E-01   2.21439E+02  4.01239E-01   2.22186E+02  4.32942E-01   2.23000E+02  4.63523E-01   2.23883E+02  4.92907E-01   2.24833E+02  5.21059E-01   2.25850E+02  5.47942E-01   2.26932E+02  5.73514E-01   2.28080E+02  5.97776E-01   2.29291E+02  6.20680E-01   2.30567E+02  6.42255E-01   2.31904E+02  6.62469E-01   2.33304E+02  6.81346E-01   2.34764E+02  6.98892E-01   2.36284E+02  7.15112E-01   2.37863E+02  7.30047E-01   2.39500E+02  7.43693E-01   2.41193E+02  7.56104E-01   2.42943E+02  7.67298E-01   2.44747E+02  7.77307E-01   2.46605E+02  7.86188E-01   2.48517E+02  7.93961E-01   2.50481E+02  8.00681E-01   2.52496E+02  8.06390E-01   2.54561E+02  8.11120E-01   2.56675E+02  8.14918E-01   2.58838E+02  8.17833E-01   2.61047E+02  8.19908E-01   2.63303E+02  8.21186E-01   2.65605E+02  8.21709E-01   2.67951E+02  8.21537E-01   2.70340E+02 
 8.22703E-01   8.81811E+01  8.23253E-01   8.57771E+01  8.23099E-01   8.34171E+01  8.22192E-01   8.11003E+01  8.20494E-01   7.88295E+01  8.17947E-01   7.66054E+01  8.14509E-01   7.44288E+01  8.10132E-01   7.23012E+01  8.04774E-01   7.02217E+01  7.98394E-01   6.81930E+01  7.90943E-01   6.62157E+01  7.82381E-01   6.42898E+01  7.72656E-01   6.24186E+01  7.61732E-01   6.06009E+01  7.49577E-01   5.88381E+01  7.36142E-01   5.71323E+01  7.21423E-01   5.54823E+01  7.05361E-01   5.38917E+01  6.87962E-01   5.23595E+01  6.69188E-01   5.08876E+01  6.49037E-01   4.94776E+01  6.27502E-01   4.81283E+01  6.04570E-01   4.68435E+01  5.80272E-01   4.56211E+01  5.54589E-01   4.44643E+01  5.27580E-01   4.33727E+01  4.99238E-01   4.23470E+01  4.69631E-01   4.13893E+01  4.38785E-01   4.04981E+01  4.06762E-01   3.96769E+01  3.73627E-01   3.89235E+01  3.39445E-01   3.82410E+01  3.04298E-01   3.76279E+01  2.68272E-01   3.70864E+01  2.31460E-01   3.66157E+01  1.93959E-01   3.62170E+01  1.55881E-01   3.58898E+01  1.17326E-01   3.56353E+01  7.84207E-02   3.54527E+01  3.92690E-02   3.53424E+01  4.51536E-06   3.53680E+02  3.92689E-02   2.15349E+02  7.84155E-02   2.15457E+02  1.17325E-01   2.15638E+02  1.55877E-01   2.15892E+02  1.93957E-01   2.16218E+02  2.31456E-01   2.16617E+02  2.68269E-01   2.17087E+02  3.04295E-01   2.17629E+02  3.39441E-01   2.18241E+02  3.73624E-01   2.18924E+02  4.06759E-01   2.19677E+02  4.38785E-01   2.20499E+02  4.69626E-01   2.21389E+02  4.99246E-01   2.22347E+02  5.27574E-01   2.23372E+02  5.54602E-01   2.24464E+02  5.80270E-01   2.25621E+02  6.04583E-01   2.26843E+02  6.27506E-01   2.28129E+02  6.49044E-01   2.29478E+02  6.69197E-01   2.30888E+02  6.87959E-01   2.32360E+02  7.05367E-01   2.33892E+02  7.21413E-01   2.35483E+02  7.36142E-01   2.37132E+02  7.49571E-01   2.38838E+02  7.61724E-01   2.40600E+02  7.72656E-01   2.42418E+02  7.82381E-01   2.44290E+02  7.90945E-01   2.46215E+02  7.98405E-01   2.48193E+02  8.04777E-01   2.50222E+02  8.10131E-01   2.52301E+02  8.14507E-01   2.54429E+02  8.17941E-01   2.56605E+02  8.20490E-01   2.58830E+02  8.22197E-01   2.61101E+02  8.23101E-01   2.63417E+02  8.23254E-01   2.65778E+02  8.22698E-01   2.68181E+02 
 8.23138E-01   8.60732E+01  8.24066E-01   8.36550E+01  8.24291E-01   8.12792E+01  8.23765E-01   7.89484E+01  8.22434E-01   7.66638E+01  8.20262E-01   7.44258E+01  8.17192E-01   7.22354E+01  8.13187E-01   7.00926E+01  8.08200E-01   6.79994E+01  8.02170E-01   6.59571E+01  7.95062E-01   6.39655E+01  7.86818E-01   6.20273E+01  7.77392E-01   6.01422E+01  7.66768E-01   5.83108E+01  7.54869E-01   5.65358E+01  7.41701E-01   5.48162E+01  7.27193E-01   5.31548E+01  7.11332E-01   5.15521E+01  6.94098E-01   5.00083E+01  6.75445E-01   4.85258E+01  6.55395E-01   4.71037E+01  6.33903E-01   4.57448E+01  6.10995E-01   4.44485E+01  5.86660E-01   4.32165E+01  5.60917E-01   4.20500E+01  5.33787E-01   4.09484E+01  5.05292E-01   3.99152E+01  4.75483E-01   3.89477E+01  4.44387E-01   3.80506E+01  4.12083E-01   3.72209E+01  3.78610E-01   3.64621E+01  3.44061E-01   3.57731E+01  3.08505E-01   3.51552E+01  2.72033E-01   3.46090E+01  2.34749E-01   3.41341E+01  1.96743E-01   3.37323E+01  1.58138E-01   3.34021E+01  1.19037E-01   3.31462E+01  7.95689E-02   3.29608E+01  3.98457E-02   3.28516E+01  3.74246E-06   3.23626E+02  3.98472E-02   2.12855E+02  7.95643E-02   2.12966E+02  1.19039E-01   2.13148E+02  1.58133E-01   2.13405E+02  1.96745E-01   2.13734E+02  2.34743E-01   2.14137E+02  2.72034E-01   2.14610E+02  3.08500E-01   2.15157E+02  3.44056E-01   2.15775E+02  3.78608E-01   2.16463E+02  4.12073E-01   2.17223E+02  4.44386E-01   2.18051E+02  4.75473E-01   2.18949E+02  5.05288E-01   2.19915E+02  5.33779E-01   2.20949E+02  5.60911E-01   2.22049E+02  5.86658E-01   2.23216E+02  6.10990E-01   2.24448E+02  6.33909E-01   2.25744E+02  6.55390E-01   2.27103E+02  6.75455E-01   2.28525E+02  6.94099E-01   2.30008E+02  7.11337E-01   2.31552E+02  7.27204E-01   2.33155E+02  7.41699E-01   2.34817E+02  7.54881E-01   2.36536E+02  7.66766E-01   2.38311E+02  7.77390E-01   2.40142E+02  7.86813E-01   2.42027E+02  7.95053E-01   2.43966E+02  8.02165E-01   2.45956E+02  8.08205E-01   2.48000E+02  8.13188E-01   2.50093E+02  8.17199E-01   2.52235E+02  8.20265E-01   2.54426E+02  8.22430E-01   2.56664E+02  8.23760E-01   2.58948E+02  8.24293E-01   2.61279E+02  8.24066E-01   2.63655E+02  8.23143E-01   2.66074E+02 
 8.22799E-01   8.40172E+01  8.24104E-01   8.15835E+01  8.24706E-01   7.91943E+01  8.24551E-01   7.68497E+01  8.23610E-01   7.45511E+01  8.21818E-01   7.22990E+01  8.19134E-01   7.00936E+01  8.15514E-01   6.79372E+01  8.10889E-01   6.58307E+01  8.05220E-01   6.37744E+01  7.98461E-01   6.17700E+01  7.90548E-01   5.98181E+01  7.81472E-01   5.79193E+01  7.71144E-01   5.60757E+01  7.59557E-01   5.42873E+01  7.46648E-01   5.25558E+01  7.32382E-01   5.08823E+01  7.16742E-01   4.92670E+01  6.99680E-01   4.77119E+01  6.81192E-01   4.62171E+01  6.61250E-01   4.47841E+01  6.39843E-01   4.34139E+01  6.16978E-01   4.21073E+01  5.92642E-01   4.08656E+01  5.66857E-01   3.96892E+01  5.39640E-01   3.85800E+01  5.11015E-01   3.75373E+01  4.81029E-01   3.65636E+01  4.49716E-01   3.56582E+01  4.17144E-01   3.48226E+01  3.83368E-01   3.40576E+01  3.48474E-01   3.33628E+01  3.12530E-01   3.27406E+01  2.75646E-01   3.21893E+01  2.37900E-01   3.17115E+01  1.99422E-01   3.13058E+01  1.60306E-01   3.09744E+01  1.20684E-01   3.07148E+01  8.06713E-02   3.05329E+01  4.03997E-02   3.04201E+01  6.06179E-06   1.38616E+02  4.04044E-02   2.10415E+02  8.06768E-02   2.10525E+02  1.20686E-01   2.10713E+02  1.60313E-01   2.10971E+02  1.99422E-01   2.11304E+02  2.37909E-01   2.11710E+02  2.75645E-01   2.12189E+02  3.12538E-01   2.12739E+02  3.48474E-01   2.13363E+02  3.83374E-01   2.14058E+02  4.17144E-01   2.14824E+02  4.49719E-01   2.15659E+02  4.81027E-01   2.16565E+02  5.11018E-01   2.17539E+02  5.39636E-01   2.18581E+02  5.66857E-01   2.19691E+02  5.92639E-01   2.20867E+02  6.16976E-01   2.22108E+02  6.39842E-01   2.23414E+02  6.61251E-01   2.24784E+02  6.81189E-01   2.26216E+02  6.99680E-01   2.27711E+02  7.16740E-01   2.29266E+02  7.32377E-01   2.30881E+02  7.46650E-01   2.32556E+02  7.59551E-01   2.34287E+02  7.71154E-01   2.36076E+02  7.81474E-01   2.37920E+02  7.90559E-01   2.39818E+02  7.98464E-01   2.41770E+02  8.05217E-01   2.43774E+02  8.10883E-01   2.45830E+02  8.15510E-01   2.47937E+02  8.19130E-01   2.50094E+02  8.21822E-01   2.52299E+02  8.23613E-01   2.54551E+02  8.24550E-01   2.56850E+02  8.24703E-01   2.59194E+02  8.24102E-01   2.61584E+02  8.22793E-01   2.64017E+02 
 8.21633E-01   8.20134E+01  8.23312E-01   7.95666E+01  8.24283E-01   7.71630E+01  8.24525E-01   7.48045E+01  8.23966E-01   7.24921E+01  8.22560E-01   7.02252E+01  8.20272E-01   6.80067E+01  8.17024E-01   6.58370E+01  8.12779E-01   6.37164E+01  8.07492E-01   6.16470E+01  8.01092E-01   5.96290E+01  7.93561E-01   5.76635E+01  7.84812E-01   5.57520E+01  7.74823E-01   5.38952E+01  7.63537E-01   5.20942E+01  7.50913E-01   5.03504E+01  7.36917E-01   4.86642E+01  7.21512E-01   4.70373E+01  7.04668E-01   4.54703E+01  6.86356E-01   4.39645E+01  6.66564E-01   4.25210E+01  6.45267E-01   4.11404E+01  6.22469E-01   3.98243E+01  5.98161E-01   3.85730E+01  5.72364E-01   3.73880E+01  5.45087E-01   3.62695E+01  5.16364E-01   3.52192E+01  4.86229E-01   3.42371E+01  4.54727E-01   3.33245E+01  4.21923E-01   3.24822E+01  3.87868E-01   3.17102E+01  3.52659E-01   3.10102E+01  3.16358E-01   3.03818E+01  2.79081E-01   2.98262E+01  2.40913E-01   2.93440E+01  2.01979E-01   2.89345E+01  1.62383E-01   2.85997E+01  1.22263E-01   2.83390E+01  8.17313E-02   2.81520E+01  4.09389E-02   2.80425E+01  1.46415E-06   1.99721E+02  4.09301E-02   2.08036E+02  8.17331E-02   2.08151E+02  1.22256E-01   2.08337E+02  1.62384E-01   2.08598E+02  2.01973E-01   2.08934E+02  2.40915E-01   2.09342E+02  2.79075E-01   2.09825E+02  3.16363E-01   2.10381E+02  3.52652E-01   2.11009E+02  3.87874E-01   2.11709E+02  4.21917E-01   2.12481E+02  4.54731E-01   2.13324E+02  4.86224E-01   2.14236E+02  5.16363E-01   2.15219E+02  5.45084E-01   2.16269E+02  5.72360E-01   2.17388E+02  5.98161E-01   2.18573E+02  6.22461E-01   2.19825E+02  6.45272E-01   2.21141E+02  6.66557E-01   2.22522E+02  6.86367E-01   2.23965E+02  7.04670E-01   2.25471E+02  7.21518E-01   2.27038E+02  7.36925E-01   2.28664E+02  7.50909E-01   2.30350E+02  7.63540E-01   2.32094E+02  7.74812E-01   2.33895E+02  7.84811E-01   2.35752E+02  7.93555E-01   2.37663E+02  8.01099E-01   2.39629E+02  8.07495E-01   2.41647E+02  8.12784E-01   2.43716E+02  8.17024E-01   2.45837E+02  8.20268E-01   2.48006E+02  8.22558E-01   2.50225E+02  8.23966E-01   2.52492E+02  8.24525E-01   2.54805E+02  8.24287E-01   2.57163E+02  8.23313E-01   2.59566E+02  8.21632E-01   2.62014E+02 
 8.19593E-01   8.00647E+01  8.21634E-01   7.76033E+01  8.22997E-01   7.51861E+01  8.23615E-01   7.28145E+01  8.23439E-01   7.04876E+01  8.22437E-01   6.82075E+01  8.20528E-01   6.59757E+01  8.17679E-01   6.37917E+01  8.13833E-01   6.16581E+01  8.08922E-01   5.95754E+01  8.02920E-01   5.75437E+01  7.95739E-01   5.55657E+01  7.87358E-01   5.36410E+01  7.77708E-01   5.17715E+01  7.66753E-01   4.99585E+01  7.54445E-01   4.82020E+01  7.40738E-01   4.65044E+01  7.25604E-01   4.48657E+01  7.08992E-01   4.32875E+01  6.90893E-01   4.17709E+01  6.71266E-01   4.03163E+01  6.50108E-01   3.89256E+01  6.27408E-01   3.75990E+01  6.03157E-01   3.63382E+01  5.77380E-01   3.51436E+01  5.50073E-01   3.40165E+01  5.21284E-01   3.29576E+01  4.91033E-01   3.19677E+01  4.59377E-01   3.10481E+01  4.26365E-01   3.01985E+01  3.92073E-01   2.94209E+01  3.56571E-01   2.87150E+01  3.19948E-01   2.80817E+01  2.82308E-01   2.75221E+01  2.43743E-01   2.70351E+01  2.04387E-01   2.66235E+01  1.64339E-01   2.62850E+01  1.23749E-01   2.60221E+01  8.27305E-02   2.58338E+01  4.14385E-02   2.57199E+01  1.20477E-06   2.67758E+02  4.14354E-02   2.05722E+02  8.27342E-02   2.05836E+02  1.23744E-01   2.06023E+02  1.64344E-01   2.06287E+02  2.04382E-01   2.06624E+02  2.43747E-01   2.07037E+02  2.82306E-01   2.07523E+02  3.19950E-01   2.08083E+02  3.56573E-01   2.08716E+02  3.92072E-01   2.09422E+02  4.26370E-01   2.10199E+02  4.59376E-01   2.11049E+02  4.91039E-01   2.11968E+02  5.21280E-01   2.12958E+02  5.50080E-01   2.14017E+02  5.77372E-01   2.15144E+02  6.03159E-01   2.16338E+02  6.27400E-01   2.17599E+02  6.50101E-01   2.18925E+02  6.71264E-01   2.20316E+02  6.90879E-01   2.21771E+02  7.08997E-01   2.23287E+02  7.25598E-01   2.24866E+02  7.40746E-01   2.26504E+02  7.54455E-01   2.28202E+02  7.66756E-01   2.29959E+02  7.77721E-01   2.31771E+02  7.87352E-01   2.33641E+02  7.95742E-01   2.35566E+02  8.02912E-01   2.37544E+02  8.08920E-01   2.39575E+02  8.13831E-01   2.41658E+02  8.17681E-01   2.43792E+02  8.20529E-01   2.45975E+02  8.22436E-01   2.48208E+02  8.23442E-01   2.50488E+02  8.23610E-01   2.52814E+02  8.22993E-01   2.55186E+02  8.21638E-01   2.57603E+02  8.19591E-01   2.60065E+02 
 8.16618E-01   7.81709E+01  8.19038E-01   7.56963E+01  8.20767E-01   7.32664E+01  8.21768E-01   7.08802E+01  8.21994E-01   6.85401E+01  8.21375E-01   6.62464E+01  8.19871E-01   6.40007E+01  8.17421E-01   6.18040E+01  8.13962E-01   5.96573E+01  8.09461E-01   5.75607E+01  8.03830E-01   5.55167E+01  7.97047E-01   5.35253E+01  7.89039E-01   5.15880E+01  7.79756E-01   4.97067E+01  7.69156E-01   4.78806E+01  7.57174E-01   4.61128E+01  7.43786E-01   4.44029E+01  7.28932E-01   4.27525E+01  7.12587E-01   4.11633E+01  6.94716E-01   3.96352E+01  6.75291E-01   3.81705E+01  6.54301E-01   3.67694E+01  6.31727E-01   3.54333E+01  6.07573E-01   3.41634E+01  5.81841E-01   3.29600E+01  5.54546E-01   3.18249E+01  5.25723E-01   3.07581E+01  4.95390E-01   2.97612E+01  4.63614E-01   2.88343E+01  4.30434E-01   2.79790E+01  3.95932E-01   2.71951E+01  3.60179E-01   2.64840E+01  3.23267E-01   2.58461E+01  2.85297E-01   2.52814E+01  2.46375E-01   2.47918E+01  2.06624E-01   2.43758E+01  1.66164E-01   2.40361E+01  1.25135E-01   2.37709E+01  8.36650E-02   2.35825E+01  4.19099E-02   2.34719E+01  4.89934E-06   1.26589E+02  4.19026E-02   2.03460E+02  8.36642E-02   2.03576E+02  1.25129E-01   2.03767E+02  1.66162E-01   2.04033E+02  2.06619E-01   2.04374E+02  2.46374E-01   2.04789E+02  2.85292E-01   2.05280E+02  3.23266E-01   2.05844E+02  3.60175E-01   2.06483E+02  3.95931E-01   2.07194E+02  4.30434E-01   2.07978E+02  4.63613E-01   2.08834E+02  4.95392E-01   2.09761E+02  5.25723E-01   2.10758E+02  5.54550E-01   2.11825E+02  5.81845E-01   2.12961E+02  6.07574E-01   2.14164E+02  6.31730E-01   2.15434E+02  6.54301E-01   2.16770E+02  6.75290E-01   2.18171E+02  6.94714E-01   2.19636E+02  7.12579E-01   2.21164E+02  7.28931E-01   2.22753E+02  7.43776E-01   2.24403E+02  7.57176E-01   2.26112E+02  7.69154E-01   2.27881E+02  7.79757E-01   2.29706E+02  7.89048E-01   2.31588E+02  7.97045E-01   2.33526E+02  8.03840E-01   2.35517E+02  8.09459E-01   2.37561E+02  8.13962E-01   2.39657E+02  8.17419E-01   2.41803E+02  8.19871E-01   2.44000E+02  8.21373E-01   2.46246E+02  8.21996E-01   2.48540E+02  8.21772E-01   2.50881E+02  8.20765E-01   2.53266E+02  8.19037E-01   2.55696E+02  8.16619E-01   2.58171E+02 
 8.12686E-01   7.63341E+01  8.15452E-01   7.38470E+01  8.17559E-01   7.14025E+01  8.18949E-01   6.90035E+01  8.19551E-01   6.66496E+01  8.19334E-01   6.43432E+01  8.18226E-01   6.20846E+01  8.16172E-01   5.98748E+01  8.13129E-01   5.77145E+01  8.09018E-01   5.56055E+01  8.03804E-01   5.35483E+01  7.97415E-01   5.15445E+01  7.89795E-01   4.95952E+01  7.80896E-01   4.77009E+01  7.70655E-01   4.58633E+01  7.59033E-01   4.40833E+01  7.45973E-01   4.23617E+01  7.31434E-01   4.07006E+01  7.15376E-01   3.90999E+01  6.97767E-01   3.75619E+01  6.78572E-01   3.60869E+01  6.57781E-01   3.46760E+01  6.35368E-01   3.33310E+01  6.11340E-01   3.20514E+01  5.85691E-01   3.08398E+01  5.58445E-01   2.96957E+01  5.29619E-01   2.86213E+01  4.99248E-01   2.76164E+01  4.67386E-01   2.66826E+01  4.34076E-01   2.58204E+01  3.99406E-01   2.50302E+01  3.63436E-01   2.43136E+01  3.26277E-01   2.36700E+01  2.88014E-01   2.31019E+01  2.48774E-01   2.26068E+01  2.08669E-01   2.21890E+01  1.67834E-01   2.18442E+01  1.26404E-01   2.15780E+01  8.45228E-02   2.13842E+01  4.23387E-02   2.12693E+01  6.07457E-06   3.07364E+02  4.23337E-02   2.01279E+02  8.45203E-02   2.01392E+02  1.26398E-01   2.01581E+02  1.67831E-01   2.01848E+02  2.08664E-01   2.02190E+02  2.48769E-01   2.02609E+02  2.88012E-01   2.03102E+02  3.26270E-01   2.03671E+02  3.63436E-01   2.04314E+02  3.99398E-01   2.05031E+02  4.34078E-01   2.05820E+02  4.67379E-01   2.06682E+02  4.99252E-01   2.07616E+02  5.29614E-01   2.08620E+02  5.58447E-01   2.09695E+02  5.85689E-01   2.10838E+02  6.11341E-01   2.12051E+02  6.35368E-01   2.13330E+02  6.57779E-01   2.14676E+02  6.78575E-01   2.16087E+02  6.97763E-01   2.17562E+02  7.15379E-01   2.19101E+02  7.31431E-01   2.20701E+02  7.45975E-01   2.22363E+02  7.59031E-01   2.24083E+02  7.70659E-01   2.25863E+02  7.80895E-01   2.27701E+02  7.89792E-01   2.29595E+02  7.97417E-01   2.31544E+02  8.03798E-01   2.33549E+02  8.09023E-01   2.35606E+02  8.13130E-01   2.37715E+02  8.16172E-01   2.39875E+02  8.18226E-01   2.42084E+02  8.19331E-01   2.44343E+02  8.19548E-01   2.46650E+02  8.18949E-01   2.49003E+02  8.17558E-01   2.51403E+02  8.15454E-01   2.53847E+02  8.12684E-01   2.56334E+02 
 8.07710E-01   7.45559E+01  8.10840E-01   7.20549E+01  8.13319E-01   6.95982E+01  8.15074E-01   6.71856E+01  8.16070E-01   6.48193E+01  8.16244E-01   6.24996E+01  8.15532E-01   6.02282E+01  8.13893E-01   5.80048E+01  8.11249E-01   5.58323E+01  8.07559E-01   5.37103E+01  8.02750E-01   5.16409E+01  7.96765E-01   4.96249E+01  7.89552E-01   4.76629E+01  7.81043E-01   4.57569E+01  7.71195E-01   4.39074E+01  7.59942E-01   4.21157E+01  7.47240E-01   4.03834E+01  7.33037E-01   3.87109E+01  7.17296E-01   3.70999E+01  6.99970E-01   3.55513E+01  6.81041E-01   3.40661E+01  6.60473E-01   3.26458E+01  6.38260E-01   3.12905E+01  6.14391E-01   3.00027E+01  5.88867E-01   2.87819E+01  5.61701E-01   2.76301E+01  5.32916E-01   2.65479E+01  5.02546E-01   2.55358E+01  4.70635E-01   2.45959E+01  4.37241E-01   2.37269E+01  4.02437E-01   2.29322E+01  3.66299E-01   2.22098E+01  3.28931E-01   2.15629E+01  2.90421E-01   2.09893E+01  2.50907E-01   2.04927E+01  2.10487E-01   2.00704E+01  1.69326E-01   1.97257E+01  1.27535E-01   1.94560E+01  8.52912E-02   1.92650E+01  4.27188E-02   1.91494E+01  4.59720E-06   5.07566E+01  4.27278E-02   1.99145E+02  8.52826E-02   1.99262E+02  1.27544E-01   1.99455E+02  1.69316E-01   1.99724E+02  2.10495E-01   2.00070E+02  2.50897E-01   2.00492E+02  2.90425E-01   2.00990E+02  3.28922E-01   2.01562E+02  3.66301E-01   2.02211E+02  4.02430E-01   2.02932E+02  4.37242E-01   2.03728E+02  4.70630E-01   2.04596E+02  5.02544E-01   2.05537E+02  5.32915E-01   2.06548E+02  5.61700E-01   2.07631E+02  5.88870E-01   2.08782E+02  6.14389E-01   2.10003E+02  6.38264E-01   2.11291E+02  6.60472E-01   2.12645E+02  6.81039E-01   2.14066E+02  6.99968E-01   2.15551E+02  7.17289E-01   2.17100E+02  7.33036E-01   2.18711E+02  7.47233E-01   2.20384E+02  7.59944E-01   2.22116E+02  7.71190E-01   2.23908E+02  7.81051E-01   2.25757E+02  7.89555E-01   2.27663E+02  7.96767E-01   2.29625E+02  8.02757E-01   2.31640E+02  8.07553E-01   2.33710E+02  8.11254E-01   2.35832E+02  8.13894E-01   2.38005E+02  8.15533E-01   2.40228E+02  8.16245E-01   2.42500E+02  8.16070E-01   2.44819E+02  8.15073E-01   2.47186E+02  8.13318E-01   2.49598E+02  8.10839E-01   2.52055E+02  8.07711E-01   2.54556E+02 
 8.01678E-01   7.28368E+01  8.05156E-01   7.03236E+01  8.07986E-01   6.78533E+01  8.10117E-01   6.54282E+01  8.11493E-01   6.30487E+01  8.12049E-01   6.07168E+01  8.11742E-01   5.84320E+01  8.10502E-01   5.61970E+01  8.08276E-01   5.40114E+01  8.04999E-01   5.18773E+01  8.00604E-01   4.97958E+01  7.95041E-01   4.77673E+01  7.88240E-01   4.57938E+01  7.80147E-01   4.38759E+01  7.70697E-01   4.20148E+01  7.59836E-01   4.02123E+01  7.47508E-01   3.84684E+01  7.33664E-01   3.67857E+01  7.18259E-01   3.51640E+01  7.01253E-01   3.36054E+01  6.82610E-01   3.21108E+01  6.62311E-01   3.06807E+01  6.40325E-01   2.93172E+01  6.16656E-01   2.80202E+01  5.91290E-01   2.67916E+01  5.64249E-01   2.56321E+01  5.35544E-01   2.45422E+01  5.05214E-01   2.35240E+01  4.73304E-01   2.25765E+01  4.39867E-01   2.17026E+01  4.04979E-01   2.09012E+01  3.68721E-01   2.01745E+01  3.31186E-01   1.95220E+01  2.92488E-01   1.89452E+01  2.52735E-01   1.84441E+01  2.12067E-01   1.80190E+01  1.70613E-01   1.76711E+01  1.28527E-01   1.73997E+01  8.59542E-02   1.72057E+01  4.30596E-02   1.70886E+01  1.10340E-06   2.28276E+02  4.30580E-02   1.97091E+02  8.59573E-02   1.97206E+02  1.28524E-01   1.97400E+02  1.70617E-01   1.97671E+02  2.12064E-01   1.98019E+02  2.52737E-01   1.98444E+02  2.92484E-01   1.98944E+02  3.31187E-01   1.99522E+02  3.68717E-01   2.00173E+02  4.04978E-01   2.00901E+02  4.39862E-01   2.01701E+02  4.73301E-01   2.02576E+02  5.05210E-01   2.03523E+02  5.35542E-01   2.04542E+02  5.64244E-01   2.05631E+02  5.91290E-01   2.06791E+02  6.16654E-01   2.08020E+02  6.40329E-01   2.09317E+02  6.62312E-01   2.10681E+02  6.82614E-01   2.12111E+02  7.01257E-01   2.13606E+02  7.18259E-01   2.15165E+02  7.33665E-01   2.16786E+02  7.47505E-01   2.18469E+02  7.59831E-01   2.20212E+02  7.70696E-01   2.22015E+02  7.80138E-01   2.23876E+02  7.88246E-01   2.25794E+02  7.95040E-01   2.27767E+02  8.00606E-01   2.29796E+02  8.05003E-01   2.31877E+02  8.08270E-01   2.34012E+02  8.10504E-01   2.36197E+02  8.11744E-01   2.38432E+02  8.12049E-01   2.40716E+02  8.11489E-01   2.43048E+02  8.10120E-01   2.45428E+02  8.07983E-01   2.47854E+02  8.05158E-01   2.50323E+02  8.01679E-01   2.52837E+02 
 7.94528E-01   7.11790E+01  7.98336E-01   6.86526E+01  8.01519E-01   6.61700E+01  8.04008E-01   6.37325E+01  8.05750E-01   6.13412E+01  8.06698E-01   5.89962E+01  8.06781E-01   5.66999E+01  8.05952E-01   5.44516E+01  8.04138E-01   5.22542E+01  8.01274E-01   5.01082E+01  7.97307E-01   4.80144E+01  7.92166E-01   4.59745E+01  7.85793E-01   4.39892E+01  7.78118E-01   4.20597E+01  7.69087E-01   4.01878E+01  7.58629E-01   3.83737E+01  7.46701E-01   3.66198E+01  7.33235E-01   3.49264E+01  7.18199E-01   3.32949E+01  7.01535E-01   3.17267E+01  6.83220E-01   3.02222E+01  6.63210E-01   2.87834E+01  6.41498E-01   2.74107E+01  6.18058E-01   2.61053E+01  5.92896E-01   2.48688E+01  5.66017E-01   2.37010E+01  5.37437E-01   2.26047E+01  5.07196E-01   2.15785E+01  4.75327E-01   2.06260E+01  4.41901E-01   1.97450E+01  4.06978E-01   1.89393E+01  3.70646E-01   1.82068E+01  3.33007E-01   1.75507E+01  2.94158E-01   1.69694E+01  2.54238E-01   1.64655E+01  2.13359E-01   1.60370E+01  1.71683E-01   1.56872E+01  1.29341E-01   1.54133E+01  8.65100E-02   1.52187E+01  4.33362E-02   1.50973E+01  1.42598E-06   2.84679E+02  4.33435E-02   1.95107E+02  8.65082E-02   1.95221E+02  1.29350E-01   1.95416E+02  1.71680E-01   1.95689E+02  2.13366E-01   1.96040E+02  2.54235E-01   1.96466E+02  2.94165E-01   1.96972E+02  3.33003E-01   1.97551E+02  3.70650E-01   1.98209E+02  4.06974E-01   1.98940E+02  4.41901E-01   1.99747E+02  4.75324E-01   2.00626E+02  5.07193E-01   2.01580E+02  5.37434E-01   2.02605E+02  5.66013E-01   2.03702E+02  5.92893E-01   2.04869E+02  6.18057E-01   2.06105E+02  6.41493E-01   2.07410E+02  6.63212E-01   2.08783E+02  6.83216E-01   2.10222E+02  7.01537E-01   2.11726E+02  7.18197E-01   2.13295E+02  7.33237E-01   2.14926E+02  7.46699E-01   2.16620E+02  7.58629E-01   2.18374E+02  7.69083E-01   2.20188E+02  7.78121E-01   2.22060E+02  7.85788E-01   2.23989E+02  7.92174E-01   2.25974E+02  7.97307E-01   2.28014E+02  8.01275E-01   2.30108E+02  8.04142E-01   2.32254E+02  8.05947E-01   2.34452E+02  8.06785E-01   2.36700E+02  8.06702E-01   2.38996E+02  8.05749E-01   2.41341E+02  8.04005E-01   2.43732E+02  8.01522E-01   2.46170E+02  7.98332E-01   2.48653E+02  7.94530E-01   2.51179E+02 
 7.86213E-01   6.95835E+01  7.90350E-01   6.70448E+01  7.93864E-01   6.45501E+01  7.96697E-01   6.21006E+01  7.98812E-01   5.96965E+01  8.00129E-01   5.73400E+01  8.00609E-01   5.50306E+01  8.00177E-01   5.27711E+01  7.98764E-01   5.05621E+01  7.96328E-01   4.84039E+01  7.92781E-01   4.62989E+01  7.88075E-01   4.42474E+01  7.82131E-01   4.22506E+01  7.74892E-01   4.03104E+01  7.66285E-01   3.84275E+01  7.56255E-01   3.66033E+01  7.44736E-01   3.48390E+01  7.31682E-01   3.31355E+01  7.17029E-01   3.14943E+01  7.00745E-01   2.99165E+01  6.82777E-01   2.84028E+01  6.63102E-01   2.69553E+01  6.41688E-01   2.55738E+01  6.18523E-01   2.42610E+01  5.93601E-01   2.30161E+01  5.66928E-01   2.18421E+01  5.38520E-01   2.07380E+01  5.08411E-01   1.97067E+01  4.76642E-01   1.87470E+01  4.43273E-01   1.78617E+01  4.08370E-01   1.70501E+01  3.72028E-01   1.63137E+01  3.34330E-01   1.56533E+01  2.95407E-01   1.50684E+01  2.55361E-01   1.45614E+01  2.14349E-01   1.41305E+01  1.72496E-01   1.37789E+01  1.29977E-01   1.35030E+01  8.69367E-02   1.33099E+01  4.35549E-02   1.31891E+01  6.44792E-06   1.24383E+02  4.35578E-02   1.93187E+02  8.69439E-02   1.93302E+02  1.29977E-01   1.93502E+02  1.72505E-01   1.93775E+02  2.14350E-01   1.94130E+02  2.55370E-01   1.94559E+02  2.95406E-01   1.95067E+02  3.34339E-01   1.95652E+02  3.72026E-01   1.96313E+02  4.08376E-01   1.97050E+02  4.43271E-01   1.97861E+02  4.76645E-01   1.98747E+02  5.08407E-01   1.99706E+02  5.38522E-01   2.00739E+02  5.66923E-01   2.01842E+02  5.93601E-01   2.03017E+02  6.18519E-01   2.04261E+02  6.41689E-01   2.05574E+02  6.63100E-01   2.06955E+02  6.82779E-01   2.08403E+02  7.00746E-01   2.09916E+02  7.17031E-01   2.11494E+02  7.31682E-01   2.13135E+02  7.44735E-01   2.14839E+02  7.56252E-01   2.16603E+02  7.66283E-01   2.18428E+02  7.74883E-01   2.20311E+02  7.82133E-01   2.22251E+02  7.88067E-01   2.24248E+02  7.92789E-01   2.26299E+02  7.96327E-01   2.28404E+02  7.98766E-01   2.30562E+02  8.00180E-01   2.32771E+02  8.00602E-01   2.35031E+02  8.00133E-01   2.37340E+02  7.98812E-01   2.39697E+02  7.96699E-01   2.42100E+02  7.93861E-01   2.44550E+02  7.90351E-01   2.47045E+02  7.86212E-01   2.49583E+02 
 7.76707E-01   6.80516E+01  7.81139E-01   6.55011E+01  7.84969E-01   6.29945E+01  7.88143E-01   6.05332E+01  7.90599E-01   5.81179E+01  7.92290E-01   5.57490E+01  7.93149E-01   5.34287E+01  7.93105E-01   5.11575E+01  7.92112E-01   4.89365E+01  7.90084E-01   4.67673E+01  7.86969E-01   4.46509E+01  7.82694E-01   4.25881E+01  7.77189E-01   4.05808E+01  7.70387E-01   3.86300E+01  7.62223E-01   3.67365E+01  7.52626E-01   3.49022E+01  7.41548E-01   3.31277E+01  7.28909E-01   3.14146E+01  7.14681E-01   2.97641E+01  6.98789E-01   2.81768E+01  6.81210E-01   2.66549E+01  6.61894E-01   2.51984E+01  6.40820E-01   2.38094E+01  6.17968E-01   2.24884E+01  5.93329E-01   2.12367E+01  5.66910E-01   2.00550E+01  5.38722E-01   1.89450E+01  5.08800E-01   1.79065E+01  4.77182E-01   1.69419E+01  4.43928E-01   1.60504E+01  4.09108E-01   1.52341E+01  3.72807E-01   1.44931E+01  3.35127E-01   1.38280E+01  2.96175E-01   1.32400E+01  2.56088E-01   1.27287E+01  2.14990E-01   1.22958E+01  1.73047E-01   1.19403E+01  1.30400E-01   1.16643E+01  8.72319E-02   1.14642E+01  4.37047E-02   1.13472E+01  5.58425E-06   2.66832E+02  4.37052E-02   1.91351E+02  8.72316E-02   1.91471E+02  1.30404E-01   1.91666E+02  1.73046E-01   1.91943E+02  2.14994E-01   1.92297E+02  2.56087E-01   1.92731E+02  2.96178E-01   1.93241E+02  3.35128E-01   1.93829E+02  3.72810E-01   1.94494E+02  4.09110E-01   1.95235E+02  4.43930E-01   1.96051E+02  4.77183E-01   1.96942E+02  5.08799E-01   1.97907E+02  5.38721E-01   1.98944E+02  5.66907E-01   2.00055E+02  5.93324E-01   2.01236E+02  6.17967E-01   2.02488E+02  6.40812E-01   2.03809E+02  6.61896E-01   2.05198E+02  6.81202E-01   2.06655E+02  6.98793E-01   2.08177E+02  7.14679E-01   2.09764E+02  7.28914E-01   2.11415E+02  7.41551E-01   2.13128E+02  7.52628E-01   2.14902E+02  7.62224E-01   2.16737E+02  7.70387E-01   2.18630E+02  7.77184E-01   2.20581E+02  7.82698E-01   2.22588E+02  7.86963E-01   2.24651E+02  7.90091E-01   2.26767E+02  7.92113E-01   2.28936E+02  7.93106E-01   2.31158E+02  7.93152E-01   2.33429E+02  7.92289E-01   2.35749E+02  7.90601E-01   2.38118E+02  7.88145E-01   2.40533E+02  7.84971E-01   2.42995E+02  7.81134E-01   2.45502E+02  7.76705E-01   2.48052E+02 
 7.65939E-01   6.65858E+01  7.70663E-01   6.40237E+01  7.74798E-01   6.15061E+01  7.78284E-01   5.90335E+01  7.81088E-01   5.66060E+01  7.83131E-01   5.42261E+01  7.84357E-01   5.18940E+01  7.84705E-01   4.96114E+01  7.84099E-01   4.73798E+01  7.82491E-01   4.51995E+01  7.79797E-01   4.30723E+01  7.75955E-01   4.09989E+01  7.70891E-01   3.89812E+01  7.64537E-01   3.70197E+01  7.56818E-01   3.51166E+01  7.47680E-01   3.32722E+01  7.37039E-01   3.14885E+01  7.24858E-01   2.97662E+01  7.11059E-01   2.81065E+01  6.95599E-01   2.65109E+01  6.78432E-01   2.49801E+01  6.59510E-01   2.35160E+01  6.38814E-01   2.21188E+01  6.16311E-01   2.07907E+01  5.92003E-01   1.95314E+01  5.65881E-01   1.83437E+01  5.37966E-01   1.72267E+01  5.08285E-01   1.61831E+01  4.76873E-01   1.52124E+01  4.43799E-01   1.43162E+01  4.09116E-01   1.34953E+01  3.72931E-01   1.27498E+01  3.35323E-01   1.20817E+01  2.96428E-01   1.14896E+01  2.56351E-01   1.09767E+01  2.15261E-01   1.05401E+01  1.73279E-01   1.01848E+01  1.30600E-01   9.90510E+00  8.73669E-02   9.71048E+00  4.37773E-02   9.58653E+00  7.18450E-06   1.15046E+02  4.37770E-02   1.89587E+02  8.73724E-02   1.89702E+02  1.30599E-01   1.89905E+02  1.73288E-01   1.90181E+02  2.15259E-01   1.90540E+02  2.56360E-01   1.90974E+02  2.96426E-01   1.91490E+02  3.35331E-01   1.92080E+02  3.72930E-01   1.92750E+02  4.09125E-01   1.93495E+02  4.43799E-01   1.94316E+02  4.76879E-01   1.95213E+02  5.08286E-01   1.96183E+02  5.37968E-01   1.97228E+02  5.65883E-01   1.98344E+02  5.92001E-01   1.99532E+02  6.16310E-01   2.00791E+02  6.38812E-01   2.02119E+02  6.59506E-01   2.03516E+02  6.78430E-01   2.04980E+02  6.95594E-01   2.06510E+02  7.11060E-01   2.08106E+02  7.24853E-01   2.09766E+02  7.37041E-01   2.11488E+02  7.47678E-01   2.13273E+02  7.56816E-01   2.15117E+02  7.64534E-01   2.17020E+02  7.70890E-01   2.18981E+02  7.75949E-01   2.20999E+02  7.79803E-01   2.23072E+02  7.82485E-01   2.25200E+02  7.84105E-01   2.27379E+02  7.84707E-01   2.29611E+02  7.84352E-01   2.31894E+02  7.83135E-01   2.34226E+02  7.81086E-01   2.36607E+02  7.78285E-01   2.39033E+02  7.74800E-01   2.41505E+02  7.70666E-01   2.44024E+02  7.65939E-01   2.46586E+02 
 7.53907E-01   6.51875E+01  7.58891E-01   6.26144E+01  7.63298E-01   6.00858E+01  7.67094E-01   5.76014E+01  7.70212E-01   5.51634E+01  7.72590E-01   5.27723E+01  7.74174E-01   5.04296E+01  7.74885E-01   4.81369E+01  7.74682E-01   4.58941E+01  7.73476E-01   4.37032E+01  7.71203E-01   4.15654E+01  7.67795E-01   3.94817E+01  7.63169E-01   3.74538E+01  7.57262E-01   3.54832E+01  7.50007E-01   3.35698E+01  7.41320E-01   3.17168E+01  7.31157E-01   2.99234E+01  7.19430E-01   2.81922E+01  7.06094E-01   2.65241E+01  6.91086E-01   2.49197E+01  6.74356E-01   2.33813E+01  6.55866E-01   2.19090E+01  6.35579E-01   2.05050E+01  6.13472E-01   1.91695E+01  5.89538E-01   1.79040E+01  5.63764E-01   1.67097E+01  5.36179E-01   1.55869E+01  5.06788E-01   1.45376E+01  4.75655E-01   1.35615E+01  4.42811E-01   1.26609E+01  4.08348E-01   1.18346E+01  3.72334E-01   1.10861E+01  3.34886E-01   1.04128E+01  2.96106E-01   9.81880E+00  2.56138E-01   9.30133E+00  2.15110E-01   8.86401E+00  1.73197E-01   8.50382E+00  1.30544E-01   8.22587E+00  8.73442E-02   8.02255E+00  4.37653E-02   7.90760E+00  4.61729E-06   2.83962E+02  4.37644E-02   1.87903E+02  8.73412E-02   1.88029E+02  1.30544E-01   1.88224E+02  1.73193E-01   1.88506E+02  2.15112E-01   1.88863E+02  2.56135E-01   1.89303E+02  2.96109E-01   1.89818E+02  3.34885E-01   1.90414E+02  3.72340E-01   1.91085E+02  4.08348E-01   1.91835E+02  4.42818E-01   1.92660E+02  4.75655E-01   1.93562E+02  5.06794E-01   1.94537E+02  5.36178E-01   1.95587E+02  5.63768E-01   1.96709E+02  5.89534E-01   1.97904E+02  6.13474E-01   1.99170E+02  6.35573E-01   2.00505E+02  6.55867E-01   2.01909E+02  6.74350E-01   2.03381E+02  6.91087E-01   2.04920E+02  7.06090E-01   2.06524E+02  7.19434E-01   2.08192E+02  7.31156E-01   2.09923E+02  7.41324E-01   2.11716E+02  7.50010E-01   2.13570E+02  7.57261E-01   2.15483E+02  7.63169E-01   2.17454E+02  7.67791E-01   2.19482E+02  7.71197E-01   2.21566E+02  7.73481E-01   2.23703E+02  7.74678E-01   2.25894E+02  7.74892E-01   2.28137E+02  7.74176E-01   2.30430E+02  7.72586E-01   2.32772E+02  7.70215E-01   2.35163E+02  7.67094E-01   2.37602E+02  7.63295E-01   2.40086E+02  7.58888E-01   2.42614E+02  7.53908E-01   2.45187E+02 
 7.40545E-01   6.38587E+01  7.45763E-01   6.12754E+01  7.50437E-01   5.87357E+01  7.54509E-01   5.62413E+01  7.57930E-01   5.37922E+01  7.60630E-01   5.13907E+01  7.62551E-01   4.90376E+01  7.63632E-01   4.67338E+01  7.63799E-01   4.44808E+01  7.62988E-01   4.22798E+01  7.61126E-01   4.01321E+01  7.58141E-01   3.80388E+01  7.53954E-01   3.60019E+01  7.48507E-01   3.40209E+01  7.41703E-01   3.20994E+01  7.33499E-01   3.02364E+01  7.23802E-01   2.84348E+01  7.12556E-01   2.66952E+01  6.99701E-01   2.50185E+01  6.85164E-01   2.34068E+01  6.68907E-01   2.18605E+01  6.50877E-01   2.03814E+01  6.31039E-01   1.89701E+01  6.09373E-01   1.76281E+01  5.85852E-01   1.63563E+01  5.60488E-01   1.51558E+01  5.33275E-01   1.40275E+01  5.04253E-01   1.29726E+01  4.73441E-01   1.19918E+01  4.40914E-01   1.10860E+01  4.06723E-01   1.02565E+01  3.70971E-01   9.50284E+00  3.33743E-01   8.82751E+00  2.95175E-01   8.22926E+00  2.55378E-01   7.71037E+00  2.14523E-01   7.26967E+00  1.72737E-01   6.90960E+00  1.30225E-01   6.62780E+00  8.71288E-02   6.42906E+00  4.36659E-02   6.30486E+00  4.48430E-06   1.24297E+02  4.36583E-02   1.86308E+02  8.71341E-02   1.86425E+02  1.30217E-01   1.86629E+02  1.72744E-01   1.86908E+02  2.14515E-01   1.87270E+02  2.55383E-01   1.87710E+02  2.95169E-01   1.88230E+02  3.33749E-01   1.88827E+02  3.70966E-01   1.89504E+02  4.06729E-01   1.90256E+02  4.40912E-01   1.91087E+02  4.73447E-01   1.91992E+02  5.04253E-01   1.92973E+02  5.33279E-01   1.94028E+02  5.60491E-01   1.95156E+02  5.85857E-01   1.96357E+02  6.09374E-01   1.97628E+02  6.31041E-01   1.98970E+02  6.50874E-01   2.00381E+02  6.68906E-01   2.01861E+02  6.85158E-01   2.03407E+02  6.99698E-01   2.05019E+02  7.12550E-01   2.06695E+02  7.23803E-01   2.08435E+02  7.33494E-01   2.10237E+02  7.41704E-01   2.12099E+02  7.48506E-01   2.14021E+02  7.53954E-01   2.16002E+02  7.58140E-01   2.18039E+02  7.61126E-01   2.20132E+02  7.62982E-01   2.22280E+02  7.63803E-01   2.24481E+02  7.63630E-01   2.26734E+02  7.62551E-01   2.29038E+02  7.60635E-01   2.31391E+02  7.57925E-01   2.33793E+02  7.54514E-01   2.36241E+02  7.50444E-01   2.38735E+02  7.45764E-01   2.41275E+02  7.40544E-01   2.43859E+02 
 7.25839E-01   6.26023E+01  7.31276E-01   6.00084E+01  7.36177E-01   5.74590E+01  7.40512E-01   5.49532E+01  7.44206E-01   5.24944E+01  7.47202E-01   5.00826E+01  7.49444E-01   4.77195E+01  7.50858E-01   4.54062E+01  7.51392E-01   4.31435E+01  7.50963E-01   4.09329E+01  7.49505E-01   3.87757E+01  7.46937E-01   3.66731E+01  7.43190E-01   3.46264E+01  7.38183E-01   3.26374E+01  7.31853E-01   3.07063E+01  7.24119E-01   2.88356E+01  7.14912E-01   2.70254E+01  7.04162E-01   2.52778E+01  6.91798E-01   2.35937E+01  6.77762E-01   2.19742E+01  6.62002E-01   2.04211E+01  6.44463E-01   1.89346E+01  6.25119E-01   1.75171E+01  6.03923E-01   1.61685E+01  5.80881E-01   1.48908E+01  5.55958E-01   1.36847E+01  5.29193E-01   1.25510E+01  5.00577E-01   1.14914E+01  4.70176E-01   1.05055E+01  4.38016E-01   9.59634E+00  4.04191E-01   8.76158E+00  3.68763E-01   8.00611E+00  3.31857E-01   7.32551E+00  2.93569E-01   6.72639E+00  2.54055E-01   6.20302E+00  2.13437E-01   5.76217E+00  1.71904E-01   5.39787E+00  1.29599E-01   5.11764E+00  8.67287E-02   4.91248E+00  4.34598E-02   4.79780E+00  4.67498E-06   3.28000E+02  4.34607E-02   1.84788E+02  8.67212E-02   1.84916E+02  1.29601E-01   1.85114E+02  1.71895E-01   1.85400E+02  2.13441E-01   1.85760E+02  2.54048E-01   1.86204E+02  2.93574E-01   1.86725E+02  3.31850E-01   1.87326E+02  3.68770E-01   1.88004E+02  4.04184E-01   1.88762E+02  4.38024E-01   1.89595E+02  4.70171E-01   1.90506E+02  5.00586E-01   1.91491E+02  5.29189E-01   1.92551E+02  5.55967E-01   1.93685E+02  5.80877E-01   1.94891E+02  6.03930E-01   1.96169E+02  6.25115E-01   1.97517E+02  6.44466E-01   1.98935E+02  6.61999E-01   2.00421E+02  6.77764E-01   2.01975E+02  6.91795E-01   2.03593E+02  7.04164E-01   2.05278E+02  7.14912E-01   2.07025E+02  7.24122E-01   2.08835E+02  7.31855E-01   2.10706E+02  7.38183E-01   2.12637E+02  7.43190E-01   2.14627E+02  7.46933E-01   2.16673E+02  7.49502E-01   2.18776E+02  7.50965E-01   2.20933E+02  7.51388E-01   2.23144E+02  7.50867E-01   2.25406E+02  7.49444E-01   2.27719E+02  7.47201E-01   2.30083E+02  7.44210E-01   2.32494E+02  7.40505E-01   2.34954E+02  7.36177E-01   2.37459E+02  7.31278E-01   2.40008E+02  7.25842E-01   2.42602E+02 
 7.09761E-01   6.14197E+01  7.15372E-01   5.88165E+01  7.20487E-01   5.62562E+01  7.25047E-01   5.37418E+01  7.28993E-01   5.12730E+01  7.32265E-01   4.88519E+01  7.34804E-01   4.64792E+01  7.36550E-01   4.41561E+01  7.37426E-01   4.18837E+01  7.37363E-01   3.96640E+01  7.36286E-01   3.74976E+01  7.34127E-01   3.53863E+01  7.30802E-01   3.33315E+01  7.26253E-01   3.13336E+01  7.20381E-01   2.93949E+01  7.13132E-01   2.75157E+01  7.04417E-01   2.56979E+01  6.94166E-01   2.39428E+01  6.82318E-01   2.22511E+01  6.68799E-01   2.06251E+01  6.53560E-01   1.90646E+01  6.36552E-01   1.75724E+01  6.17723E-01   1.61484E+01  5.97061E-01   1.47942E+01  5.74520E-01   1.35111E+01  5.50120E-01   1.22993E+01  5.23837E-01   1.11614E+01  4.95716E-01   1.00963E+01  4.65774E-01   9.10709E+00  4.34074E-01   8.19248E+00  4.00678E-01   7.35561E+00  3.65672E-01   6.59466E+00  3.29159E-01   5.91344E+00  2.91259E-01   5.30910E+00  2.52103E-01   4.78570E+00  2.11845E-01   4.34065E+00  1.70638E-01   3.97696E+00  1.28668E-01   3.69263E+00  8.61061E-02   3.49064E+00  4.31556E-02   3.36626E+00  5.73665E-07   8.95592E+01  4.31487E-02   1.83372E+02  8.61062E-02   1.83490E+02  1.28661E-01   1.83694E+02  1.70638E-01   1.83977E+02  2.11839E-01   1.84342E+02  2.52102E-01   1.84786E+02  2.91254E-01   1.85310E+02  3.29159E-01   1.85913E+02  3.65666E-01   1.86596E+02  4.00679E-01   1.87355E+02  4.34071E-01   1.88193E+02  4.65777E-01   1.89107E+02  4.95715E-01   1.90097E+02  5.23843E-01   1.91161E+02  5.50120E-01   1.92300E+02  5.74528E-01   1.93511E+02  5.97062E-01   1.94794E+02  6.17729E-01   1.96148E+02  6.36549E-01   1.97572E+02  6.53561E-01   1.99065E+02  6.68792E-01   2.00625E+02  6.82314E-01   2.02252E+02  6.94158E-01   2.03943E+02  7.04416E-01   2.05698E+02  7.13125E-01   2.07516E+02  7.20383E-01   2.09394E+02  7.26253E-01   2.11334E+02  7.30801E-01   2.13331E+02  7.34129E-01   2.15387E+02  7.36282E-01   2.17498E+02  7.37357E-01   2.19664E+02  7.37426E-01   2.21884E+02  7.36545E-01   2.24156E+02  7.34808E-01   2.26479E+02  7.32269E-01   2.28852E+02  7.28990E-01   2.31273E+02  7.25055E-01   2.33741E+02  7.20489E-01   2.36257E+02  7.15371E-01   2.38816E+02  7.09761E-01   2.41420E+02 
 6.92274E-01   6.03149E+01  6.98053E-01   5.77018E+01  7.03340E-01   5.51330E+01  7.08103E-01   5.26083E+01  7.12272E-01   5.01305E+01  7.15792E-01   4.76998E+01  7.18605E-01   4.53181E+01  7.20642E-01   4.29859E+01  7.21841E-01   4.07053E+01  7.22119E-01   3.84768E+01  7.21420E-01   3.63023E+01  7.19653E-01   3.41827E+01  7.16753E-01   3.21195E+01  7.12638E-01   3.01136E+01  7.07229E-01   2.81669E+01  7.00460E-01   2.62803E+01  6.92238E-01   2.44553E+01  6.82506E-01   2.26931E+01  6.71180E-01   2.09952E+01  6.58201E-01   1.93622E+01  6.43519E-01   1.77962E+01  6.27056E-01   1.62974E+01  6.08804E-01   1.48680E+01  5.88690E-01   1.35081E+01  5.66728E-01   1.22195E+01  5.42874E-01   1.10033E+01  5.17158E-01   9.85992E+00  4.89577E-01   8.79140E+00  4.60179E-01   7.79720E+00  4.29004E-01   6.88012E+00  3.96127E-01   6.03844E+00  3.61625E-01   5.27632E+00  3.25607E-01   4.59014E+00  2.88183E-01   3.98569E+00  2.49497E-01   3.45793E+00  2.09688E-01   3.01323E+00  1.68932E-01   2.64607E+00  1.27391E-01   2.36319E+00  8.52640E-02   2.15729E+00  4.27308E-02   2.04054E+00  3.59462E-06   3.39268E+02  4.27310E-02   1.82030E+02  8.52569E-02   1.82159E+02  1.27391E-01   1.82360E+02  1.68925E-01   1.82647E+02  2.09688E-01   1.83011E+02  2.49490E-01   1.83459E+02  2.88183E-01   1.83984E+02  3.25600E-01   1.84591E+02  3.61627E-01   1.85275E+02  3.96119E-01   1.86039E+02  4.29007E-01   1.86879E+02  4.60172E-01   1.87798E+02  4.89581E-01   1.88791E+02  5.17152E-01   1.89861E+02  5.42880E-01   1.91003E+02  5.66724E-01   1.92220E+02  5.88698E-01   1.93508E+02  6.08802E-01   1.94868E+02  6.27065E-01   1.96298E+02  6.43518E-01   1.97796E+02  6.58208E-01   1.99363E+02  6.71181E-01   2.00995E+02  6.82507E-01   2.02693E+02  6.92236E-01   2.04455E+02  7.00460E-01   2.06280E+02  7.07229E-01   2.08167E+02  7.12636E-01   2.10114E+02  7.16754E-01   2.12119E+02  7.19650E-01   2.14183E+02  7.21422E-01   2.16302E+02  7.22120E-01   2.18477E+02  7.21835E-01   2.20706E+02  7.20648E-01   2.22986E+02  7.18603E-01   2.25318E+02  7.15792E-01   2.27700E+02  7.12274E-01   2.30130E+02  7.08093E-01   2.32609E+02  7.03346E-01   2.35133E+02  6.98054E-01   2.37701E+02  6.92278E-01   2.40315E+02 
 6.73391E-01   5.92898E+01  6.79275E-01   5.66683E+01  6.84714E-01   5.40895E+01  6.89643E-01   5.15567E+01  6.94003E-01   4.90701E+01  6.97741E-01   4.66313E+01  7.00800E-01   4.42408E+01  7.03116E-01   4.19005E+01  7.04611E-01   3.96110E+01  7.05221E-01   3.73745E+01  7.04869E-01   3.51917E+01  7.03477E-01   3.30643E+01  7.00980E-01   3.09933E+01  6.97294E-01   2.89804E+01  6.92344E-01   2.70266E+01  6.86050E-01   2.51331E+01  6.78332E-01   2.33013E+01  6.69117E-01   2.15328E+01  6.58332E-01   1.98280E+01  6.45914E-01   1.81895E+01  6.31791E-01   1.66170E+01  6.15930E-01   1.51132E+01  5.98256E-01   1.36781E+01  5.78763E-01   1.23135E+01  5.57398E-01   1.10206E+01  5.34170E-01   9.79922E+00  5.09063E-01   8.65274E+00  4.82102E-01   7.57919E+00  4.53317E-01   6.58247E+00  4.22752E-01   5.66067E+00  3.90480E-01   4.81741E+00  3.56572E-01   4.05038E+00  3.21145E-01   3.36400E+00  2.84301E-01   2.75456E+00  2.46189E-01   2.22742E+00  2.06946E-01   1.77833E+00  1.66746E-01   1.41183E+00  1.25759E-01   1.12501E+00  8.41777E-02   9.20847E-01  4.21902E-02   7.95916E-01  2.24996E-06   3.42837E+02  4.21876E-02   1.80802E+02  8.41727E-02   1.80922E+02  1.25757E-01   1.81127E+02  1.66741E-01   1.81412E+02  2.06944E-01   1.81780E+02  2.46183E-01   1.82227E+02  2.84300E-01   1.82756E+02  3.21141E-01   1.83363E+02  3.56572E-01   1.84051E+02  3.90477E-01   1.84817E+02  4.22751E-01   1.85661E+02  4.53318E-01   1.86582E+02  4.82101E-01   1.87580E+02  5.09067E-01   1.88652E+02  5.34168E-01   1.89800E+02  5.57404E-01   1.91020E+02  5.78761E-01   1.92314E+02  5.98263E-01   1.93678E+02  6.15925E-01   1.95113E+02  6.31795E-01   1.96618E+02  6.45907E-01   1.98189E+02  6.58331E-01   1.99829E+02  6.69111E-01   2.01532E+02  6.78331E-01   2.03302E+02  6.86046E-01   2.05133E+02  6.92345E-01   2.07026E+02  6.97295E-01   2.08980E+02  7.00979E-01   2.10993E+02  7.03481E-01   2.13064E+02  7.04862E-01   2.15192E+02  7.05221E-01   2.17374E+02  7.04609E-01   2.19612E+02  7.03110E-01   2.21901E+02  7.00806E-01   2.24241E+02  6.97744E-01   2.26631E+02  6.94006E-01   2.29070E+02  6.89649E-01   2.31557E+02  6.84708E-01   2.34091E+02  6.79278E-01   2.36668E+02  6.73392E-01   2.39289E+02 
 6.53063E-01   5.83493E+01  6.59048E-01   5.57186E+01  6.64593E-01   5.31322E+01  6.69657E-01   5.05908E+01  6.74177E-01   4.80960E+01  6.78108E-01   4.56484E+01  6.81383E-01   4.32500E+01  6.83937E-01   4.09012E+01  6.85702E-01   3.86045E+01  6.86603E-01   3.63605E+01  6.86581E-01   3.41706E+01  6.85552E-01   3.20359E+01  6.83445E-01   2.99583E+01  6.80182E-01   2.79381E+01  6.75672E-01   2.59775E+01  6.69854E-01   2.40773E+01  6.62629E-01   2.22395E+01  6.53941E-01   2.04647E+01  6.43706E-01   1.87546E+01  6.31855E-01   1.71103E+01  6.18340E-01   1.55331E+01  6.03077E-01   1.40239E+01  5.86052E-01   1.25843E+01  5.67191E-01   1.12151E+01  5.46497E-01   9.91725E+00  5.23932E-01   8.69280E+00  4.99507E-01   7.54110E+00  4.73232E-01   6.46505E+00  4.45132E-01   5.46390E+00  4.15262E-01   4.53992E+00  3.83677E-01   3.69272E+00  3.50468E-01   2.92445E+00  3.15725E-01   2.23398E+00  2.79573E-01   1.62466E+00  2.42141E-01   1.09355E+00  2.03582E-01   6.45122E-01  1.64059E-01   2.76250E-01  1.23746E-01   3.59990E+02  8.28366E-02   3.59785E+02  4.15200E-02   3.59663E+02  1.34171E-06   2.33948E+01  4.15187E-02   1.79659E+02  8.28330E-02   1.79784E+02  1.23745E-01   1.79988E+02  1.64056E-01   1.80277E+02  2.03578E-01   1.80644E+02  2.42138E-01   1.81094E+02  2.79569E-01   1.81624E+02  3.15720E-01   1.82235E+02  3.50464E-01   1.82924E+02  3.83672E-01   1.83693E+02  4.15259E-01   1.84540E+02  4.45126E-01   1.85464E+02  4.73231E-01   1.86465E+02  4.99501E-01   1.87542E+02  5.23935E-01   1.88692E+02  5.46494E-01   1.89918E+02  5.67198E-01   1.91215E+02  5.86052E-01   1.92584E+02  6.03087E-01   1.94024E+02  6.18342E-01   1.95533E+02  6.31861E-01   1.97110E+02  6.43708E-01   1.98754E+02  6.53940E-01   2.00465E+02  6.62628E-01   2.02239E+02  6.69851E-01   2.04078E+02  6.75669E-01   2.05977E+02  6.80180E-01   2.07938E+02  6.83446E-01   2.09958E+02  6.85551E-01   2.12036E+02  6.86586E-01   2.14171E+02  6.86601E-01   2.16361E+02  6.85699E-01   2.18605E+02  6.83937E-01   2.20902E+02  6.81377E-01   2.23250E+02  6.78108E-01   2.25649E+02  6.74180E-01   2.28096E+02  6.69650E-01   2.30591E+02  6.64601E-01   2.33132E+02  6.59046E-01   2.35719E+02  6.53067E-01   2.38349E+02 
 6.31326E-01   5.74961E+01  6.37348E-01   5.48582E+01  6.42970E-01   5.22633E+01  6.48130E-01   4.97141E+01  6.52778E-01   4.72117E+01  6.56857E-01   4.47569E+01  6.60313E-01   4.23509E+01  6.63082E-01   3.99952E+01  6.65085E-01   3.76911E+01  6.66270E-01   3.54398E+01  6.66554E-01   3.32427E+01  6.65856E-01   3.11014E+01  6.64122E-01   2.90167E+01  6.61249E-01   2.69904E+01  6.57179E-01   2.50237E+01  6.51821E-01   2.31180E+01  6.45097E-01   2.12744E+01  6.36939E-01   1.94944E+01  6.27256E-01   1.77789E+01  6.16002E-01   1.61296E+01  6.03087E-01   1.45474E+01  5.88477E-01   1.30336E+01  5.72102E-01   1.15895E+01  5.53936E-01   1.02160E+01  5.33942E-01   8.91503E+00  5.12103E-01   7.68578E+00  4.88420E-01   6.53199E+00  4.62895E-01   5.45169E+00  4.35568E-01   4.44845E+00  4.06469E-01   3.52112E+00  3.75676E-01   2.67216E+00  3.43250E-01   1.90069E+00  3.09310E-01   1.20942E+00  2.73951E-01   5.96617E-01  2.37326E-01   6.56315E-02  1.99564E-01   3.59614E+02  1.60846E-01   3.59245E+02  1.21336E-01   3.58957E+02  8.12319E-02   3.58751E+02  4.07158E-02   3.58627E+02  3.24283E-06   3.24858E+02  4.07170E-02   1.78629E+02  8.12258E-02   1.78752E+02  1.21338E-01   1.78958E+02  1.60840E-01   1.79245E+02  1.99567E-01   1.79615E+02  2.37317E-01   1.80065E+02  2.73954E-01   1.80597E+02  3.09302E-01   1.81209E+02  3.43253E-01   1.81901E+02  3.75670E-01   1.82672E+02  4.06470E-01   1.83521E+02  4.35565E-01   1.84448E+02  4.62894E-01   1.85452E+02  4.88420E-01   1.86531E+02  5.12099E-01   1.87686E+02  5.33944E-01   1.88914E+02  5.53932E-01   1.90216E+02  5.72105E-01   1.91589E+02  5.88471E-01   1.93034E+02  6.03090E-01   1.94547E+02  6.15998E-01   1.96130E+02  6.27258E-01   1.97779E+02  6.36937E-01   1.99494E+02  6.45098E-01   2.01275E+02  6.51819E-01   2.03118E+02  6.57180E-01   2.05024E+02  6.61249E-01   2.06990E+02  6.64119E-01   2.09016E+02  6.65859E-01   2.11101E+02  6.66546E-01   2.13243E+02  6.66273E-01   2.15440E+02  6.65082E-01   2.17692E+02  6.63077E-01   2.19995E+02  6.60319E-01   2.22351E+02  6.56859E-01   2.24757E+02  6.52782E-01   2.27211E+02  6.48136E-01   2.29714E+02  6.42960E-01   2.32264E+02  6.37352E-01   2.34858E+02  6.31326E-01   2.37496E+02 
 6.08141E-01   5.67372E+01  6.14185E-01   5.40909E+01  6.19841E-01   5.14890E+01  6.25065E-01   4.89330E+01  6.29798E-01   4.64233E+01  6.34001E-01   4.39610E+01  6.37607E-01   4.15479E+01  6.40547E-01   3.91850E+01  6.42765E-01   3.68743E+01  6.44181E-01   3.46167E+01  6.44736E-01   3.24135E+01  6.44357E-01   3.02661E+01  6.42964E-01   2.81758E+01  6.40486E-01   2.61436E+01  6.36830E-01   2.41716E+01  6.31930E-01   2.22601E+01  6.25697E-01   2.04114E+01  6.18058E-01   1.86263E+01  6.08945E-01   1.69060E+01  5.98278E-01   1.52524E+01  5.86005E-01   1.36657E+01  5.72051E-01   1.21483E+01  5.56379E-01   1.07001E+01  5.38936E-01   9.32356E+00  5.19697E-01   8.01811E+00  4.98639E-01   6.78699E+00  4.75757E-01   5.62875E+00  4.51062E-01   4.54666E+00  4.24573E-01   3.54000E+00  3.96345E-01   2.61057E+00  3.66420E-01   1.75877E+00  3.34895E-01   9.85975E-01  3.01850E-01   2.91950E-01  2.67412E-01   3.59679E+02  2.31701E-01   3.59145E+02  1.94873E-01   3.58694E+02  1.57085E-01   3.58323E+02  1.18514E-01   3.58034E+02  7.93453E-02   3.57829E+02  3.97747E-02   3.57704E+02  7.84594E-07   7.97132E+01  3.97730E-02   1.77704E+02  7.93450E-02   1.77828E+02  1.18511E-01   1.78034E+02  1.57085E-01   1.78323E+02  1.94868E-01   1.78693E+02  2.31702E-01   1.79145E+02  2.67405E-01   1.79678E+02  3.01851E-01   1.80292E+02  3.34888E-01   1.80986E+02  3.66419E-01   1.81759E+02  3.96338E-01   1.82611E+02  4.24571E-01   1.83540E+02  4.51058E-01   1.84546E+02  4.75753E-01   1.85629E+02  4.98640E-01   1.86786E+02  5.19696E-01   1.88019E+02  5.38942E-01   1.89323E+02  5.56381E-01   1.90700E+02  5.72060E-01   1.92148E+02  5.86008E-01   1.93666E+02  5.98285E-01   1.95252E+02  6.08948E-01   1.96906E+02  6.18058E-01   1.98627E+02  6.25694E-01   2.00411E+02  6.31926E-01   2.02261E+02  6.36827E-01   2.04171E+02  6.40484E-01   2.06144E+02  6.42964E-01   2.08176E+02  6.44358E-01   2.10266E+02  6.44741E-01   2.12414E+02  6.44178E-01   2.14617E+02  6.42764E-01   2.16874E+02  6.40544E-01   2.19186E+02  6.37599E-01   2.21548E+02  6.34000E-01   2.23961E+02  6.29800E-01   2.26423E+02  6.25062E-01   2.28933E+02  6.19850E-01   2.31489E+02  6.14179E-01   2.34092E+02  6.08146E-01   2.36737E+02 
 5.83556E-01   5.60765E+01  5.89565E-01   5.34241E+01  5.95218E-01   5.08151E+01  6.00459E-01   4.82520E+01  6.05247E-01   4.57356E+01  6.09526E-01   4.32669E+01  6.13236E-01   4.08476E+01  6.16322E-01   3.84790E+01  6.18707E-01   3.61622E+01  6.20344E-01   3.38986E+01  6.21152E-01   3.16894E+01  6.21052E-01   2.95364E+01  6.19991E-01   2.74401E+01  6.17860E-01   2.54029E+01  6.14609E-01   2.34256E+01  6.10149E-01   2.15096E+01  6.04394E-01   1.96564E+01  5.97292E-01   1.78670E+01  5.88735E-01   1.61428E+01  5.78687E-01   1.44849E+01  5.67052E-01   1.28948E+01  5.53791E-01   1.13733E+01  5.38842E-01   9.92218E+00  5.22159E-01   8.54149E+00  5.03720E-01   7.23419E+00  4.83490E-01   5.99876E+00  4.61477E-01   4.83918E+00  4.37672E-01   3.75358E+00  4.12116E-01   2.74530E+00  3.84828E-01   1.81361E+00  3.55887E-01   9.60315E-01  3.25350E-01   1.85302E-01  2.93327E-01   3.59490E+02  2.59912E-01   3.58875E+02  2.25253E-01   3.58341E+02  1.89477E-01   3.57888E+02  1.52758E-01   3.57517E+02  1.15261E-01   3.57228E+02  7.71760E-02   3.57020E+02  3.86856E-02   3.56897E+02  1.70929E-06   3.19042E+02  3.86903E-02   1.76897E+02  7.71725E-02   1.77021E+02  1.15265E-01   1.77228E+02  1.52755E-01   1.77517E+02  1.89483E-01   1.77888E+02  2.25246E-01   1.78341E+02  2.59919E-01   1.78875E+02  2.93319E-01   1.79490E+02  3.25355E-01   1.80185E+02  3.55880E-01   1.80960E+02  3.84831E-01   1.81814E+02  4.12110E-01   1.82745E+02  4.37672E-01   1.83754E+02  4.61473E-01   1.84838E+02  4.83485E-01   1.85999E+02  5.03717E-01   1.87233E+02  5.22151E-01   1.88542E+02  5.38841E-01   1.89922E+02  5.53784E-01   1.91374E+02  5.67055E-01   1.92895E+02  5.78683E-01   1.94485E+02  5.88739E-01   1.96143E+02  5.97290E-01   1.97867E+02  6.04398E-01   1.99657E+02  6.10145E-01   2.01509E+02  6.14610E-01   2.03426E+02  6.17858E-01   2.05403E+02  6.19987E-01   2.07440E+02  6.21053E-01   2.09536E+02  6.21146E-01   2.11689E+02  6.20349E-01   2.13898E+02  6.18703E-01   2.16163E+02  6.16321E-01   2.18479E+02  6.13241E-01   2.20848E+02  6.09523E-01   2.23267E+02  6.05251E-01   2.25735E+02  6.00463E-01   2.28252E+02  5.95208E-01   2.30816E+02  5.89571E-01   2.33424E+02  5.83555E-01   2.36077E+02 
 5.57559E-01   5.55237E+01  5.63502E-01   5.28641E+01  5.69109E-01   5.02490E+01  5.74335E-01   4.76803E+01  5.79129E-01   4.51577E+01  5.83450E-01   4.26829E+01  5.87238E-01   4.02576E+01  5.90422E-01   3.78829E+01  5.92953E-01   3.55603E+01  5.94759E-01   3.32914E+01  5.95773E-01   3.10773E+01  5.95934E-01   2.89191E+01  5.95158E-01   2.68186E+01  5.93376E-01   2.47766E+01  5.90508E-01   2.27951E+01  5.86470E-01   2.08748E+01  5.81199E-01   1.90174E+01  5.74601E-01   1.72241E+01  5.66621E-01   1.54960E+01  5.57176E-01   1.38349E+01  5.46206E-01   1.22410E+01  5.33652E-01   1.07171E+01  5.19454E-01   9.26234E+00  5.03577E-01   7.88014E+00  4.85977E-01   6.56903E+00  4.66639E-01   5.33263E+00  4.45549E-01   4.16966E+00  4.22716E-01   3.08303E+00  3.98155E-01   2.07236E+00  3.71915E-01   1.13888E+00  3.44036E-01   2.83933E-01  3.14606E-01   3.59508E+02  2.83700E-01   3.58811E+02  2.51445E-01   3.58195E+02  2.17950E-01   3.57660E+02  1.83368E-01   3.57206E+02  1.47852E-01   3.56834E+02  1.11572E-01   3.56544E+02  7.47084E-02   3.56338E+02  3.74549E-02   3.56212E+02  4.20363E-07   1.44128E+02  3.74526E-02   1.76213E+02  7.47099E-02   1.76337E+02  1.11570E-01   1.76545E+02  1.47853E-01   1.76833E+02  1.83364E-01   1.77206E+02  2.17953E-01   1.77659E+02  2.51437E-01   1.78195E+02  2.83704E-01   1.78811E+02  3.14597E-01   1.79508E+02  3.44037E-01   1.80284E+02  3.71907E-01   1.81139E+02  3.98156E-01   1.82072E+02  4.22710E-01   1.83083E+02  4.45549E-01   1.84170E+02  4.66637E-01   1.85332E+02  4.85977E-01   1.86570E+02  5.03580E-01   1.87879E+02  5.19454E-01   1.89263E+02  5.33659E-01   1.90716E+02  5.46208E-01   1.92242E+02  5.57182E-01   1.93834E+02  5.66622E-01   1.95496E+02  5.74603E-01   1.97224E+02  5.81196E-01   1.99017E+02  5.86471E-01   2.00875E+02  5.90503E-01   2.02795E+02  5.93378E-01   2.04777E+02  5.95156E-01   2.06818E+02  5.95938E-01   2.08919E+02  5.95775E-01   2.11077E+02  5.94757E-01   2.13291E+02  5.92955E-01   2.15560E+02  5.90416E-01   2.17883E+02  5.87230E-01   2.20258E+02  5.83449E-01   2.22683E+02  5.79128E-01   2.25157E+02  5.74337E-01   2.27680E+02  5.69117E-01   2.30249E+02  5.63493E-01   2.32865E+02  5.57563E-01   2.35523E+02 
 5.30193E-01   5.50861E+01  5.36028E-01   5.24211E+01  5.41547E-01   4.98005E+01  5.46709E-01   4.72256E+01  5.51477E-01   4.46973E+01  5.55797E-01   4.22170E+01  5.59605E-01   3.97868E+01  5.62858E-01   3.74072E+01  5.65485E-01   3.50801E+01  5.67435E-01   3.28065E+01  5.68639E-01   3.05873E+01  5.69020E-01   2.84249E+01  5.68520E-01   2.63195E+01  5.67043E-01   2.42735E+01  5.64530E-01   2.22880E+01  5.60908E-01   2.03638E+01  5.56082E-01   1.85032E+01  5.50012E-01   1.67066E+01  5.42585E-01   1.49756E+01  5.33768E-01   1.33114E+01  5.23469E-01   1.17154E+01  5.11638E-01   1.01881E+01  4.98226E-01   8.73184E+00  4.83173E-01   7.34608E+00  4.66464E-01   6.03411E+00  4.48058E-01   4.79432E+00  4.27958E-01   3.63066E+00  4.06157E-01   2.54138E+00  3.82684E-01   1.52949E+00  3.57563E-01   5.94707E-01  3.30858E-01   3.59738E+02  3.02625E-01   3.58961E+02  2.72969E-01   3.58264E+02  2.41977E-01   3.57646E+02  2.09786E-01   3.57111E+02  1.76525E-01   3.56656E+02  1.42354E-01   3.56283E+02  1.07432E-01   3.55994E+02  7.19441E-02   3.55785E+02  3.60665E-02   3.55662E+02  4.89425E-07   2.15505E+02  3.60718E-02   1.75662E+02  7.19442E-02   1.75786E+02  1.07438E-01   1.75993E+02  1.42353E-01   1.76284E+02  1.76531E-01   1.76656E+02  2.09783E-01   1.77111E+02  2.41984E-01   1.77646E+02  2.72963E-01   1.78264E+02  3.02632E-01   1.78961E+02  3.30852E-01   1.79738E+02  3.57566E-01   1.80595E+02  3.82676E-01   1.81529E+02  4.06157E-01   1.82542E+02  4.27951E-01   1.83630E+02  4.48054E-01   1.84795E+02  4.66458E-01   1.86034E+02  4.83167E-01   1.87347E+02  4.98223E-01   1.88731E+02  5.11633E-01   1.90189E+02  5.23473E-01   1.91715E+02  5.33764E-01   1.93312E+02  5.42593E-01   1.94975E+02  5.50010E-01   1.96707E+02  5.56088E-01   1.98503E+02  5.60903E-01   2.00364E+02  5.64530E-01   2.02288E+02  5.67038E-01   2.04273E+02  5.68516E-01   2.06320E+02  5.69017E-01   2.08424E+02  5.68637E-01   2.10587E+02  5.67438E-01   2.12806E+02  5.65484E-01   2.15080E+02  5.62859E-01   2.17407E+02  5.59609E-01   2.19787E+02  5.55791E-01   2.22218E+02  5.51479E-01   2.24697E+02  5.46710E-01   2.27226E+02  5.41541E-01   2.29800E+02  5.36032E-01   2.32421E+02  5.30192E-01   2.35086E+02 
 5.01490E-01   5.47771E+01  5.07165E-01   5.21067E+01  5.12559E-01   4.94805E+01  5.17621E-01   4.69011E+01  5.22314E-01   4.43679E+01  5.26588E-01   4.18830E+01  5.30397E-01   3.94476E+01  5.33671E-01   3.70634E+01  5.36367E-01   3.47315E+01  5.38419E-01   3.24531E+01  5.39758E-01   3.02304E+01  5.40331E-01   2.80637E+01  5.40058E-01   2.59552E+01  5.38867E-01   2.39059E+01  5.36702E-01   2.19171E+01  5.33458E-01   1.99902E+01  5.29098E-01   1.81263E+01  5.23513E-01   1.63268E+01  5.16659E-01   1.45932E+01  5.08454E-01   1.29267E+01  4.98833E-01   1.13277E+01  4.87751E-01   9.79929E+00  4.75133E-01   8.33989E+00  4.60957E-01   6.95389E+00  4.45169E-01   5.63872E+00  4.27755E-01   4.39910E+00  4.08700E-01   3.23295E+00  3.88007E-01   2.14315E+00  3.65691E-01   1.13014E+00  3.41786E-01   1.93996E-01  3.16339E-01   3.59337E+02  2.89423E-01   3.58559E+02  2.61112E-01   3.57861E+02  2.31518E-01   3.57243E+02  2.00751E-01   3.56706E+02  1.68951E-01   3.56251E+02  1.36261E-01   3.55879E+02  1.02847E-01   3.55587E+02  6.88762E-02   3.55382E+02  3.45322E-02   3.55255E+02  9.73979E-07   9.34677E+01  3.45322E-02   1.75255E+02  6.88769E-02   1.75380E+02  1.02845E-01   1.75589E+02  1.36262E-01   1.75878E+02  1.68948E-01   1.76252E+02  2.00753E-01   1.76706E+02  2.31513E-01   1.77243E+02  2.61116E-01   1.77860E+02  2.89416E-01   1.78559E+02  3.16342E-01   1.79337E+02  3.41779E-01   1.80194E+02  3.65694E-01   1.81130E+02  3.88001E-01   1.82143E+02  4.08703E-01   1.83233E+02  4.27752E-01   1.84398E+02  4.45171E-01   1.85639E+02  4.60957E-01   1.86953E+02  4.75134E-01   1.88341E+02  4.87755E-01   1.89798E+02  4.98832E-01   1.91328E+02  5.08459E-01   1.92926E+02  5.16656E-01   1.94593E+02  5.23516E-01   1.96327E+02  5.29094E-01   1.98126E+02  5.33462E-01   1.99990E+02  5.36698E-01   2.01917E+02  5.38872E-01   2.03906E+02  5.40054E-01   2.05955E+02  5.40335E-01   2.08064E+02  5.39756E-01   2.10230E+02  5.38418E-01   2.12453E+02  5.36368E-01   2.14732E+02  5.33664E-01   2.17064E+02  5.30392E-01   2.19448E+02  5.26588E-01   2.21883E+02  5.22312E-01   2.24368E+02  5.17628E-01   2.26900E+02  5.12564E-01   2.29481E+02  5.07159E-01   2.32107E+02  5.01491E-01   2.34777E+02 
 4.71488E-01   5.46113E+01  4.76979E-01   5.19358E+01  4.82197E-01   4.93058E+01  4.87115E-01   4.67214E+01  4.91694E-01   4.41834E+01  4.95889E-01   4.16939E+01  4.99634E-01   3.92548E+01  5.02896E-01   3.68666E+01  5.05609E-01   3.45312E+01  5.07725E-01   3.22499E+01  5.09183E-01   3.00230E+01  5.09911E-01   2.78534E+01  5.09849E-01   2.57412E+01  5.08919E-01   2.36887E+01  5.07050E-01   2.16971E+01  5.04189E-01   1.97670E+01  5.00237E-01   1.79013E+01  4.95158E-01   1.60994E+01  4.88851E-01   1.43640E+01  4.81272E-01   1.26955E+01  4.72344E-01   1.10954E+01  4.62013E-01   9.56458E+00  4.50230E-01   8.10490E+00  4.36941E-01   6.71611E+00  4.22123E-01   5.40134E+00  4.05740E-01   4.15881E+00  3.87790E-01   2.99287E+00  3.68265E-01   1.90145E+00  3.47186E-01   8.87625E-01  3.24576E-01   3.59951E+02  3.00491E-01   3.59093E+02  2.74982E-01   3.58314E+02  2.48142E-01   3.57616E+02  2.20057E-01   3.56998E+02  1.90848E-01   3.56461E+02  1.60637E-01   3.56006E+02  1.29573E-01   3.55632E+02  9.78052E-02   3.55342E+02  6.55057E-02   3.55134E+02  3.28418E-02   3.55010E+02  1.78822E-06   1.57533E+02  3.28476E-02   1.75010E+02  6.55087E-02   1.75134E+02  9.78119E-02   1.75342E+02  1.29575E-01   1.75633E+02  1.60643E-01   1.76005E+02  1.90848E-01   1.76461E+02  2.20063E-01   1.76997E+02  2.48139E-01   1.77616E+02  2.74988E-01   1.78314E+02  3.00486E-01   1.79093E+02  3.24579E-01   1.79951E+02  3.47178E-01   1.80888E+02  3.68266E-01   1.81902E+02  3.87781E-01   1.82993E+02  4.05738E-01   1.84159E+02  4.22114E-01   1.85401E+02  4.36936E-01   1.86717E+02  4.50227E-01   1.88104E+02  4.62006E-01   1.89565E+02  4.72349E-01   1.91095E+02  4.81268E-01   1.92696E+02  4.88860E-01   1.94363E+02  4.95157E-01   1.96100E+02  5.00244E-01   1.97901E+02  5.04187E-01   1.99767E+02  5.07051E-01   2.01697E+02  5.08914E-01   2.03688E+02  5.09846E-01   2.05741E+02  5.09908E-01   2.07853E+02  5.09184E-01   2.10023E+02  5.07726E-01   2.12249E+02  5.05612E-01   2.14531E+02  5.02898E-01   2.16867E+02  4.99637E-01   2.19255E+02  4.95882E-01   2.21695E+02  4.91694E-01   2.24184E+02  4.87113E-01   2.26721E+02  4.82197E-01   2.29305E+02  4.76980E-01   2.31936E+02  4.71487E-01   2.34612E+02 
 4.40259E-01   5.46089E+01  4.45504E-01   5.19300E+01  4.50516E-01   4.92951E+01  4.55248E-01   4.67070E+01  4.59671E-01   4.41653E+01  4.63731E-01   4.16727E+01  4.67395E-01   3.92296E+01  4.70600E-01   3.68378E+01  4.73302E-01   3.44990E+01  4.75447E-01   3.22134E+01  4.76969E-01   2.99842E+01  4.77816E-01   2.78113E+01  4.77920E-01   2.56970E+01  4.77211E-01   2.36424E+01  4.75644E-01   2.16485E+01  4.73114E-01   1.97172E+01  4.69596E-01   1.78489E+01  4.64980E-01   1.60458E+01  4.59228E-01   1.43083E+01  4.52266E-01   1.26386E+01  4.44026E-01   1.10368E+01  4.34469E-01   9.50551E+00  4.23523E-01   8.04360E+00  4.11165E-01   6.65553E+00  3.97347E-01   5.33826E+00  3.82048E-01   4.09725E+00  3.65257E-01   2.92916E+00  3.46966E-01   1.83832E+00  3.27196E-01   8.24103E-01  3.05970E-01   3.59887E+02  2.83330E-01   3.59030E+02  2.59341E-01   3.58250E+02  2.34071E-01   3.57552E+02  2.07621E-01   3.56933E+02  1.80089E-01   3.56396E+02  1.51604E-01   3.55940E+02  1.22300E-01   3.55569E+02  9.23260E-02   3.55276E+02  6.18395E-02   3.55071E+02  3.10069E-02   3.54943E+02  1.10864E-06   8.12261E+01  3.10068E-02   1.74944E+02  6.18397E-02   1.75068E+02  9.23265E-02   1.75277E+02  1.22301E-01   1.75567E+02  1.51605E-01   1.75941E+02  1.80091E-01   1.76395E+02  2.07618E-01   1.76934E+02  2.34075E-01   1.77551E+02  2.59338E-01   1.78251E+02  2.83334E-01   1.79029E+02  3.05966E-01   1.79887E+02  3.27200E-01   1.80824E+02  3.46962E-01   1.81838E+02  3.65260E-01   1.82930E+02  3.82045E-01   1.84096E+02  3.97351E-01   1.85339E+02  4.11164E-01   1.86654E+02  4.23524E-01   1.88044E+02  4.34470E-01   1.89504E+02  4.44023E-01   1.91037E+02  4.52270E-01   1.92638E+02  4.59224E-01   1.94309E+02  4.64984E-01   1.96045E+02  4.69592E-01   1.97849E+02  4.73119E-01   1.99717E+02  4.75641E-01   2.01648E+02  4.77215E-01   2.03643E+02  4.77916E-01   2.05697E+02  4.77820E-01   2.07811E+02  4.76963E-01   2.09984E+02  4.75448E-01   2.12214E+02  4.73301E-01   2.14499E+02  4.70592E-01   2.16838E+02  4.67392E-01   2.19230E+02  4.63732E-01   2.21673E+02  4.59668E-01   2.24165E+02  4.55255E-01   2.26706E+02  4.50518E-01   2.29295E+02  4.45500E-01   2.31931E+02  4.40259E-01   2.34609E+02 
 4.07853E-01   5.47988E+01  4.12832E-01   5.21151E+01  4.17589E-01   4.94778E+01  4.22095E-01   4.68859E+01  4.26318E-01   4.43406E+01  4.30221E-01   4.18440E+01  4.33740E-01   3.93982E+01  4.36848E-01   3.70037E+01  4.39491E-01   3.46621E+01  4.41622E-01   3.23750E+01  4.43185E-01   3.01428E+01  4.44121E-01   2.79681E+01  4.44369E-01   2.58515E+01  4.43866E-01   2.37944E+01  4.42543E-01   2.17991E+01  4.40351E-01   1.98651E+01  4.37204E-01   1.79963E+01  4.33066E-01   1.61912E+01  4.27845E-01   1.44536E+01  4.21501E-01   1.27826E+01  4.13963E-01   1.11807E+01  4.05182E-01   9.64818E+00  3.95106E-01   8.18697E+00  3.83694E-01   6.79713E+00  3.70912E-01   5.48114E+00  3.56736E-01   4.23790E+00  3.41151E-01   3.07132E+00  3.24157E-01   1.97921E+00  3.05765E-01   9.65021E-01  2.85996E-01   2.82379E-02  2.64898E-01   3.59170E+02  2.42517E-01   3.58391E+02  2.18931E-01   3.57693E+02  1.94221E-01   3.57074E+02  1.68494E-01   3.56538E+02  1.41861E-01   3.56082E+02  1.14452E-01   3.55709E+02  8.64074E-02   3.55419E+02  5.78790E-02   3.55212E+02  2.90201E-02   3.55086E+02  2.48878E-06   1.49965E+02  2.90252E-02   1.75086E+02  5.78825E-02   1.75209E+02  8.64118E-02   1.75418E+02  1.14456E-01   1.75708E+02  1.41865E-01   1.76082E+02  1.68497E-01   1.76537E+02  1.94226E-01   1.77074E+02  2.18932E-01   1.77693E+02  2.42520E-01   1.78391E+02  2.64894E-01   1.79170E+02  2.85999E-01   1.80028E+02  3.05758E-01   1.80965E+02  3.24157E-01   1.81980E+02  3.41143E-01   1.83071E+02  3.56733E-01   1.84238E+02  3.70903E-01   1.85481E+02  3.83689E-01   1.86798E+02  3.95103E-01   1.88186E+02  4.05176E-01   1.89649E+02  4.13968E-01   1.91180E+02  4.21495E-01   1.92783E+02  4.27854E-01   1.94453E+02  4.33063E-01   1.96192E+02  4.37211E-01   1.97996E+02  4.40350E-01   1.99866E+02  4.42542E-01   2.01799E+02  4.43863E-01   2.03794E+02  4.44366E-01   2.05852E+02  4.44116E-01   2.07968E+02  4.43189E-01   2.10143E+02  4.41619E-01   2.12374E+02  4.39497E-01   2.14662E+02  4.36852E-01   2.17004E+02  4.33742E-01   2.19398E+02  4.30215E-01   2.21845E+02  4.26317E-01   2.24341E+02  4.22092E-01   2.26886E+02  4.17590E-01   2.29477E+02  4.12835E-01   2.32115E+02  4.07850E-01   2.34799E+02 
 3.74374E-01   5.52176E+01  3.79035E-01   5.25323E+01  3.83499E-01   4.98907E+01  3.87742E-01   4.72962E+01  3.91731E-01   4.47480E+01  3.95415E-01   4.22497E+01  3.98771E-01   3.98011E+01  4.01747E-01   3.74040E+01  4.04299E-01   3.50599E+01  4.06385E-01   3.27697E+01  4.07942E-01   3.05358E+01  4.08925E-01   2.83591E+01  4.09277E-01   2.62408E+01  4.08933E-01   2.41832E+01  4.07855E-01   2.21861E+01  4.05950E-01   2.02525E+01  4.03196E-01   1.83819E+01  3.99494E-01   1.65771E+01  3.94810E-01   1.48379E+01  3.89076E-01   1.31671E+01  3.82230E-01   1.15639E+01  3.74239E-01   1.00321E+01  3.65036E-01   8.56959E+00  3.54599E-01   7.18104E+00  3.42884E-01   5.86362E+00  3.29870E-01   4.62254E+00  3.15546E-01   3.45450E+00  2.99903E-01   2.36412E+00  2.82957E-01   1.35004E+00  2.64724E-01   4.13163E-01  2.45247E-01   3.59556E+02  2.24573E-01   3.58777E+02  2.02769E-01   3.58079E+02  1.79913E-01   3.57461E+02  1.56104E-01   3.56925E+02  1.31445E-01   3.56469E+02  1.06060E-01   3.56098E+02  8.00789E-02   3.55805E+02  5.36434E-02   3.55601E+02  2.68987E-02   3.55473E+02  1.87568E-06   7.92391E+01  2.69003E-02   1.75476E+02  5.36432E-02   1.75598E+02  8.00808E-02   1.75807E+02  1.06061E-01   1.76096E+02  1.31447E-01   1.76470E+02  1.56105E-01   1.76924E+02  1.79914E-01   1.77462E+02  2.02770E-01   1.78078E+02  2.24574E-01   1.78778E+02  2.45250E-01   1.79555E+02  2.64724E-01   1.80414E+02  2.82961E-01   1.81350E+02  2.99901E-01   1.82364E+02  3.15551E-01   1.83455E+02  3.29868E-01   1.84622E+02  3.42889E-01   1.85864E+02  3.54597E-01   1.87180E+02  3.65038E-01   1.88570E+02  3.74239E-01   1.90031E+02  3.82228E-01   1.91565E+02  3.89079E-01   1.93166E+02  3.94804E-01   1.94839E+02  3.99500E-01   1.96576E+02  4.03191E-01   1.98382E+02  4.05956E-01   2.00252E+02  4.07853E-01   2.02186E+02  4.08935E-01   2.04183E+02  4.09274E-01   2.06241E+02  4.08929E-01   2.08359E+02  4.07935E-01   2.10536E+02  4.06385E-01   2.12770E+02  4.04296E-01   2.15060E+02  4.01740E-01   2.17404E+02  3.98770E-01   2.19801E+02  3.95416E-01   2.22250E+02  3.91727E-01   2.24748E+02  3.87747E-01   2.27296E+02  3.83503E-01   2.29891E+02  3.79028E-01   2.32533E+02  3.74376E-01   2.35218E+02 
 3.39909E-01   5.59238E+01  3.44223E-01   5.32340E+01  3.48363E-01   5.05914E+01  3.52301E-01   4.79941E+01  3.56012E-01   4.54435E+01  3.59462E-01   4.29418E+01  3.62601E-01   4.04912E+01  3.65400E-01   3.80923E+01  3.67820E-01   3.57466E+01  3.69817E-01   3.34558E+01  3.71341E-01   3.12203E+01  3.72347E-01   2.90424E+01  3.72777E-01   2.69232E+01  3.72580E-01   2.48638E+01  3.71698E-01   2.28665E+01  3.70081E-01   2.09309E+01  3.67663E-01   1.90607E+01  3.64403E-01   1.72545E+01  3.60230E-01   1.55165E+01  3.55103E-01   1.38447E+01  3.48960E-01   1.22431E+01  3.41760E-01   1.07105E+01  3.33455E-01   9.24971E+00  3.24006E-01   7.86050E+00  3.13386E-01   6.54504E+00  3.01569E-01   5.30289E+00  2.88544E-01   4.13689E+00  2.74304E-01   3.04597E+00  2.58861E-01   2.03268E+00  2.42233E-01   1.09697E+00  2.24455E-01   2.39709E-01  2.05569E-01   3.59462E+02  1.85642E-01   3.58764E+02  1.64741E-01   3.58147E+02  1.42958E-01   3.57611E+02  1.20389E-01   3.57156E+02  9.71489E-02   3.56784E+02  7.33551E-02   3.56494E+02  4.91403E-02   3.56288E+02  2.46415E-02   3.56162E+02  3.26058E-06   1.34123E+02  2.46442E-02   1.76163E+02  4.91449E-02   1.76284E+02  7.33591E-02   1.76494E+02  9.71522E-02   1.76782E+02  1.20393E-01   1.77156E+02  1.42960E-01   1.77610E+02  1.64745E-01   1.78147E+02  1.85643E-01   1.78764E+02  2.05572E-01   1.79462E+02  2.24454E-01   1.80240E+02  2.42234E-01   1.81096E+02  2.58856E-01   1.82033E+02  2.74303E-01   1.83046E+02  2.88534E-01   1.84137E+02  3.01567E-01   1.85303E+02  3.13376E-01   1.86545E+02  3.24003E-01   1.87861E+02  3.33450E-01   1.89249E+02  3.41755E-01   1.90711E+02  3.48963E-01   1.92242E+02  3.55098E-01   1.93846E+02  3.60237E-01   1.95515E+02  3.64399E-01   1.97256E+02  3.67668E-01   1.99060E+02  3.70080E-01   2.00931E+02  3.71696E-01   2.02866E+02  3.72580E-01   2.04864E+02  3.72773E-01   2.06924E+02  3.72343E-01   2.09042E+02  3.71345E-01   2.11220E+02  3.69814E-01   2.13455E+02  3.67827E-01   2.15746E+02  3.65403E-01   2.18092E+02  3.62602E-01   2.20491E+02  3.59457E-01   2.22943E+02  3.56009E-01   2.25444E+02  3.52299E-01   2.27994E+02  3.48364E-01   2.30590E+02  3.44227E-01   2.33234E+02  3.39904E-01   2.35924E+02 
 3.04600E-01   5.69966E+01  3.08531E-01   5.43070E+01  3.12304E-01   5.16608E+01  3.15908E-01   4.90617E+01  3.19313E-01   4.65089E+01  3.22472E-01   4.40067E+01  3.25371E-01   4.15548E+01  3.27969E-01   3.91537E+01  3.30225E-01   3.68067E+01  3.32106E-01   3.45132E+01  3.33560E-01   3.22765E+01  3.34548E-01   3.00978E+01  3.35020E-01   2.79775E+01  3.34925E-01   2.59184E+01  3.34232E-01   2.39203E+01  3.32859E-01   2.19857E+01  3.30789E-01   2.01150E+01  3.27939E-01   1.83101E+01  3.24277E-01   1.65709E+01  3.19747E-01   1.49010E+01  3.14295E-01   1.32980E+01  3.07894E-01   1.17676E+01  3.00482E-01   1.03058E+01  2.92045E-01   8.91870E+00  2.82540E-01   7.60271E+00  2.71952E-01   6.36307E+00  2.60267E-01   5.19685E+00  2.47477E-01   4.10793E+00  2.33596E-01   3.09571E+00  2.18634E-01   2.16040E+00  2.02625E-01   1.30528E+00  1.85610E-01   5.27313E-01  1.67643E-01   3.59832E+02  1.48790E-01   3.59214E+02  1.29132E-01   3.58680E+02  1.08757E-01   3.58224E+02  8.77704E-02   3.57855E+02  6.62785E-02   3.57562E+02  4.44036E-02   3.57359E+02  2.22658E-02   3.57231E+02  1.33792E-06   5.71979E+01  2.22693E-02   1.77230E+02  4.44036E-02   1.77354E+02  6.62813E-02   1.77563E+02  8.77710E-02   1.77852E+02  1.08760E-01   1.78225E+02  1.29134E-01   1.78678E+02  1.48792E-01   1.79214E+02  1.67645E-01   1.79830E+02  1.85613E-01   1.80528E+02  2.02629E-01   1.81304E+02  2.18635E-01   1.82161E+02  2.33600E-01   1.83095E+02  2.47478E-01   1.84108E+02  2.60273E-01   1.85197E+02  2.71950E-01   1.86363E+02  2.82546E-01   1.87603E+02  2.92042E-01   1.88918E+02  3.00486E-01   1.90307E+02  3.07891E-01   1.91766E+02  3.14294E-01   1.93299E+02  3.19748E-01   1.94900E+02  3.24272E-01   1.96572E+02  3.27944E-01   1.98309E+02  3.30784E-01   2.00115E+02  3.32864E-01   2.01986E+02  3.34231E-01   2.03920E+02  3.34927E-01   2.05919E+02  3.35020E-01   2.07978E+02  3.34550E-01   2.10098E+02  3.33554E-01   2.12277E+02  3.32106E-01   2.14513E+02  3.30222E-01   2.16807E+02  3.27963E-01   2.19154E+02  3.25371E-01   2.21554E+02  3.22474E-01   2.24007E+02  3.19309E-01   2.26509E+02  3.15912E-01   2.29061E+02  3.12308E-01   2.31661E+02  3.08524E-01   2.34307E+02  3.04604E-01   2.36997E+02 
 2.68606E-01   5.85705E+01  2.72122E-01   5.58766E+01  2.75510E-01   5.32302E+01  2.78743E-01   5.06294E+01  2.81801E-01   4.80751E+01  2.84660E-01   4.55702E+01  2.87278E-01   4.31161E+01  2.89630E-01   4.07148E+01  2.91689E-01   3.83663E+01  2.93417E-01   3.60730E+01  2.94771E-01   3.38360E+01  2.95722E-01   3.16562E+01  2.96213E-01   2.95361E+01  2.96212E-01   2.74760E+01  2.95664E-01   2.54780E+01  2.94532E-01   2.35423E+01  2.92762E-01   2.16724E+01  2.90317E-01   1.98665E+01  2.87144E-01   1.81298E+01  2.83203E-01   1.64586E+01  2.78448E-01   1.48590E+01  2.72841E-01   1.33276E+01  2.66342E-01   1.18688E+01  2.58924E-01   1.04817E+01  2.50554E-01   9.16816E+00  2.41218E-01   7.92871E+00  2.30901E-01   6.76445E+00  2.19599E-01   5.67651E+00  2.07320E-01   4.66484E+00  1.94075E-01   3.73168E+00  1.79896E-01   2.87654E+00  1.64813E-01   2.10062E+00  1.48881E-01   1.40522E+00  1.32153E-01   7.88606E-01  1.14707E-01   2.55315E-01  9.66176E-02   3.59801E+02  7.79789E-02   3.59431E+02  5.88883E-02   3.59141E+02  3.94529E-02   3.58936E+02  1.97851E-02   3.58808E+02  3.89109E-06   1.38087E+02  1.97865E-02   1.78814E+02  3.94567E-02   1.78930E+02  5.88919E-02   1.79142E+02  7.79819E-02   1.79428E+02  9.66218E-02   1.79802E+02  1.14709E-01   1.80254E+02  1.32157E-01   1.80789E+02  1.48883E-01   1.81404E+02  1.64814E-01   1.82101E+02  1.79895E-01   1.82877E+02  1.94076E-01   1.83731E+02  2.07315E-01   1.84666E+02  2.19598E-01   1.85676E+02  2.30893E-01   1.86765E+02  2.41215E-01   1.87928E+02  2.50546E-01   1.89168E+02  2.58920E-01   1.90482E+02  2.66338E-01   1.91868E+02  2.72837E-01   1.93329E+02  2.78449E-01   1.94857E+02  2.83200E-01   1.96460E+02  2.87149E-01   1.98128E+02  2.90315E-01   1.99868E+02  2.92767E-01   2.01672E+02  2.94531E-01   2.03543E+02  2.95663E-01   2.05478E+02  2.96212E-01   2.07476E+02  2.96209E-01   2.09536E+02  2.95718E-01   2.11656E+02  2.94775E-01   2.13836E+02  2.93413E-01   2.16073E+02  2.91696E-01   2.18365E+02  2.89633E-01   2.20715E+02  2.87278E-01   2.23116E+02  2.84656E-01   2.25572E+02  2.81799E-01   2.28076E+02  2.78740E-01   2.30629E+02  2.75512E-01   2.33229E+02  2.72126E-01   2.35877E+02  2.68599E-01   2.38571E+02 
 2.32160E-01   6.08517E+01  2.35242E-01   5.81586E+01  2.38204E-01   5.55101E+01  2.41047E-01   5.29071E+01  2.43742E-01   5.03514E+01  2.46252E-01   4.78465E+01  2.48569E-01   4.53925E+01  2.50660E-01   4.29884E+01  2.52497E-01   4.06396E+01  2.54049E-01   3.83441E+01  2.55276E-01   3.61053E+01  2.56151E-01   3.39259E+01  2.56634E-01   3.18045E+01  2.56680E-01   2.97451E+01  2.56275E-01   2.77469E+01  2.55342E-01   2.58129E+01  2.53881E-01   2.39427E+01  2.51815E-01   2.21391E+01  2.49123E-01   2.04009E+01  2.45763E-01   1.87331E+01  2.41686E-01   1.71316E+01  2.36875E-01   1.56038E+01  2.31279E-01   1.41440E+01  2.24886E-01   1.27598E+01  2.17663E-01   1.14461E+01  2.09593E-01   1.02092E+01  2.00671E-01   9.04601E+00  1.90883E-01   7.95934E+00  1.80244E-01   6.95022E+00  1.68757E-01   6.01738E+00  1.56454E-01   5.16496E+00  1.43358E-01   4.38945E+00  1.29517E-01   3.69582E+00  1.14980E-01   3.08041E+00  9.98108E-02   2.54809E+00  8.40778E-02   2.09417E+00  6.78649E-02   1.72648E+00  5.12513E-02   1.43380E+00  3.43410E-02   1.23310E+00  1.72184E-02   1.10556E+00  2.20456E-06   3.54104E+01  1.72249E-02   1.81103E+02  3.43389E-02   1.81227E+02  5.12551E-02   1.81435E+02  6.78638E-02   1.81723E+02  8.40799E-02   1.82094E+02  9.98121E-02   1.82546E+02  1.14982E-01   1.83080E+02  1.29518E-01   1.83694E+02  1.43361E-01   1.84390E+02  1.56456E-01   1.85163E+02  1.68761E-01   1.86018E+02  1.80248E-01   1.86949E+02  1.90885E-01   1.87960E+02  2.00675E-01   1.89045E+02  2.09594E-01   1.90209E+02  2.17667E-01   1.91446E+02  2.24884E-01   1.92759E+02  2.31281E-01   1.94145E+02  2.36873E-01   1.95602E+02  2.41685E-01   1.97133E+02  2.45763E-01   1.98731E+02  2.49119E-01   2.00402E+02  2.51820E-01   2.02138E+02  2.53875E-01   2.03943E+02  2.55349E-01   2.05813E+02  2.56272E-01   2.07747E+02  2.56684E-01   2.09745E+02  2.56633E-01   2.11805E+02  2.56153E-01   2.13926E+02  2.55271E-01   2.16106E+02  2.54048E-01   2.18344E+02  2.52492E-01   2.20640E+02  2.50654E-01   2.22989E+02  2.48569E-01   2.25392E+02  2.46255E-01   2.27846E+02  2.43738E-01   2.30352E+02  2.41050E-01   2.32908E+02  2.38209E-01   2.35510E+02  2.35236E-01   2.38159E+02  2.32164E-01   2.40852E+02 
 1.95610E-01   6.42158E+01  1.98230E-01   6.15195E+01  2.00765E-01   5.88695E+01  2.03190E-01   5.62670E+01  2.05490E-01   5.37091E+01  2.07651E-01   5.12018E+01  2.09638E-01   4.87445E+01  2.11436E-01   4.63413E+01  2.13020E-01   4.39905E+01  2.14371E-01   4.16953E+01  2.15449E-01   3.94568E+01  2.16237E-01   3.72759E+01  2.16688E-01   3.51548E+01  2.16785E-01   3.30937E+01  2.16477E-01   3.10961E+01  2.15746E-01   2.91597E+01  2.14545E-01   2.72912E+01  2.12848E-01   2.54855E+01  2.10618E-01   2.37508E+01  2.07820E-01   2.20806E+01  2.04420E-01   2.04834E+01  2.00394E-01   1.89540E+01  1.95702E-01   1.74979E+01  1.90334E-01   1.61132E+01  1.84254E-01   1.48025E+01  1.77462E-01   1.35659E+01  1.69933E-01   1.24044E+01  1.61676E-01   1.13200E+01  1.52687E-01   1.03106E+01  1.42979E-01   9.38101E+00  1.32573E-01   8.52816E+00  1.21490E-01   7.75466E+00  1.09776E-01   7.06248E+00  9.74636E-02   6.44723E+00  8.46142E-02   5.91696E+00  7.12818E-02   5.46321E+00  5.75384E-02   5.09529E+00  4.34575E-02   4.80554E+00  2.91157E-02   4.60256E+00  1.46037E-02   4.47372E+00  4.82007E-06   1.52336E+02  1.46033E-02   1.84480E+02  2.91210E-02   1.84593E+02  4.34598E-02   1.84807E+02  5.75422E-02   1.85091E+02  7.12850E-02   1.85465E+02  8.46161E-02   1.85913E+02  9.74661E-02   1.86448E+02  1.09777E-01   1.87061E+02  1.21491E-01   1.87755E+02  1.32573E-01   1.88529E+02  1.42978E-01   1.89380E+02  1.52684E-01   1.90312E+02  1.61673E-01   1.91319E+02  1.69928E-01   1.92406E+02  1.77456E-01   1.93566E+02  1.84249E-01   1.94803E+02  1.90328E-01   1.96114E+02  1.95700E-01   1.97497E+02  2.00388E-01   1.98956E+02  2.04422E-01   2.00481E+02  2.07817E-01   2.02083E+02  2.10622E-01   2.03748E+02  2.12846E-01   2.05487E+02  2.14551E-01   2.07290E+02  2.15744E-01   2.09161E+02  2.16479E-01   2.11096E+02  2.16783E-01   2.13093E+02  2.16685E-01   2.15155E+02  2.16232E-01   2.17276E+02  2.15453E-01   2.19456E+02  2.14366E-01   2.21695E+02  2.13028E-01   2.23989E+02  2.11438E-01   2.26341E+02  2.09639E-01   2.28745E+02  2.07648E-01   2.31203E+02  2.05489E-01   2.33711E+02  2.03185E-01   2.36266E+02  2.00767E-01   2.38869E+02  1.98235E-01   2.41519E+02  1.95603E-01   2.44217E+02 
 1.59538E-01   6.93472E+01  1.61699E-01   6.66516E+01  1.63780E-01   6.40009E+01  1.65783E-01   6.13938E+01  1.67688E-01   5.88348E+01  1.69466E-01   5.63271E+01  1.71118E-01   5.38706E+01  1.72615E-01   5.14625E+01  1.73943E-01   4.91106E+01  1.75075E-01   4.68115E+01  1.75987E-01   4.45700E+01  1.76657E-01   4.23882E+01  1.77060E-01   4.02642E+01  1.77161E-01   3.82040E+01  1.76958E-01   3.62034E+01  1.76384E-01   3.42696E+01  1.75452E-01   3.23979E+01  1.74097E-01   3.05947E+01  1.72309E-01   2.88566E+01  1.70058E-01   2.71896E+01  1.67304E-01   2.55890E+01  1.64044E-01   2.40627E+01  1.60232E-01   2.26043E+01  1.55865E-01   2.12226E+01  1.50917E-01   1.99103E+01  1.45375E-01   1.86765E+01  1.39238E-01   1.75151E+01  1.32491E-01   1.64309E+01  1.25149E-01   1.54247E+01  1.17208E-01   1.44935E+01  1.08694E-01   1.36443E+01  9.96220E-02   1.28705E+01  9.00253E-02   1.21789E+01  7.99380E-02   1.15657E+01  6.94057E-02   1.10342E+01  5.84743E-02   1.05829E+01  4.72059E-02   1.02163E+01  3.56522E-02   9.92435E+00  2.38922E-02   9.72550E+00  1.19784E-02   9.59676E+00  3.36198E-06   3.34488E+01  1.19844E-02   1.89591E+02  2.38889E-02   1.89720E+02  3.56561E-02   1.89925E+02  4.72044E-02   1.90213E+02  5.84768E-02   1.90582E+02  6.94058E-02   1.91034E+02  7.99404E-02   1.91565E+02  9.00266E-02   1.92177E+02  9.96262E-02   1.92871E+02  1.08696E-01   1.93642E+02  1.17212E-01   1.94494E+02  1.25151E-01   1.95423E+02  1.32494E-01   1.96431E+02  1.39242E-01   1.97514E+02  1.45376E-01   1.98676E+02  1.50920E-01   1.99910E+02  1.55863E-01   2.01221E+02  1.60234E-01   2.02606E+02  1.64041E-01   2.04060E+02  1.67304E-01   2.05591E+02  1.70057E-01   2.07187E+02  1.72305E-01   2.08859E+02  1.74101E-01   2.10592E+02  1.75445E-01   2.12399E+02  1.76391E-01   2.14269E+02  1.76954E-01   2.16204E+02  1.77167E-01   2.18204E+02  1.77059E-01   2.20265E+02  1.76660E-01   2.22388E+02  1.75982E-01   2.24571E+02  1.75075E-01   2.26811E+02  1.73938E-01   2.29111E+02  1.72610E-01   2.31464E+02  1.71117E-01   2.33869E+02  1.69469E-01   2.36327E+02  1.67683E-01   2.38836E+02  1.65787E-01   2.41395E+02  1.63784E-01   2.44000E+02  1.61695E-01   2.46653E+02  1.59540E-01   2.49348E+02 
 1.25100E-01   7.76415E+01  1.26803E-01   7.49401E+01  1.28451E-01   7.22869E+01  1.30035E-01   6.96799E+01  1.31536E-01   6.71167E+01  1.32954E-01   6.46039E+01  1.34261E-01   6.21410E+01  1.35450E-01   5.97322E+01  1.36505E-01   5.73759E+01  1.37415E-01   5.50745E+01  1.38150E-01   5.28299E+01  1.38706E-01   5.06429E+01  1.39043E-01   4.85161E+01  1.39158E-01   4.64488E+01  1.39013E-01   4.44472E+01  1.38596E-01   4.25049E+01  1.37880E-01   4.06335E+01  1.36842E-01   3.88239E+01  1.35464E-01   3.70861E+01  1.33717E-01   3.54134E+01  1.31585E-01   3.38140E+01  1.29044E-01   3.22830E+01  1.26074E-01   3.08255E+01  1.22664E-01   2.94398E+01  1.18790E-01   2.81289E+01  1.14452E-01   2.68917E+01  1.09636E-01   2.57306E+01  1.04342E-01   2.46467E+01  9.85732E-02   2.36374E+01  9.23327E-02   2.27094E+01  8.56368E-02   2.18564E+01  7.84964E-02   2.10843E+01  7.09467E-02   2.03930E+01  6.29993E-02   1.97775E+01  5.47062E-02   1.92495E+01  4.60914E-02   1.87942E+01  3.72114E-02   1.84300E+01  2.81063E-02   1.81379E+01  1.88328E-02   1.79405E+01  9.44550E-03   1.78055E+01  4.21400E-06   1.39677E+02  9.44723E-03   1.97817E+02  1.88352E-02   1.97921E+02  2.81098E-02   1.98140E+02  3.72121E-02   1.98420E+02  4.60962E-02   1.98797E+02  5.47056E-02   1.99243E+02  6.30033E-02   1.99779E+02  7.09450E-02   2.00390E+02  7.84980E-02   2.01084E+02  8.56356E-02   2.01857E+02  9.23323E-02   2.02708E+02  9.85692E-02   2.03640E+02  1.04341E-01   2.04646E+02  1.09630E-01   2.05733E+02  1.14449E-01   2.06892E+02  1.18784E-01   2.08130E+02  1.22659E-01   2.09440E+02  1.26070E-01   2.10825E+02  1.29041E-01   2.12285E+02  1.31583E-01   2.13811E+02  1.33717E-01   2.15417E+02  1.35466E-01   2.17083E+02  1.36842E-01   2.18827E+02  1.37884E-01   2.20631E+02  1.38595E-01   2.22507E+02  1.39014E-01   2.24447E+02  1.39155E-01   2.26449E+02  1.39042E-01   2.28517E+02  1.38701E-01   2.30643E+02  1.38154E-01   2.32829E+02  1.37409E-01   2.35075E+02  1.36512E-01   2.37373E+02  1.35452E-01   2.39732E+02  1.34263E-01   2.42141E+02  1.32953E-01   2.44607E+02  1.31537E-01   2.47119E+02  1.30029E-01   2.49680E+02  1.28453E-01   2.52285E+02  1.26805E-01   2.54940E+02  1.25097E-01   2.57643E+02 
 9.48996E-02   9.19314E+01  9.61967E-02   8.92329E+01  9.74453E-02   8.65752E+01  9.86488E-02   8.39620E+01  9.97961E-02   8.13921E+01  1.00868E-01   7.88776E+01  1.01870E-01   7.64102E+01  1.02777E-01   7.39905E+01  1.03588E-01   7.16263E+01  1.04282E-01   6.93128E+01  1.04848E-01   6.70592E+01  1.05273E-01   6.48637E+01  1.05540E-01   6.27268E+01  1.05630E-01   6.06547E+01  1.05541E-01   5.86386E+01  1.05232E-01   5.66937E+01  1.04713E-01   5.48070E+01  1.03940E-01   5.29921E+01  1.02908E-01   5.12420E+01  1.01604E-01   4.95628E+01  9.99903E-02   4.79531E+01  9.80831E-02   4.64158E+01  9.58325E-02   4.49492E+01  9.32602E-02   4.35584E+01  9.03255E-02   4.22388E+01  8.70441E-02   4.09977E+01  8.33936E-02   3.98292E+01  7.93807E-02   3.87393E+01  7.50042E-02   3.77278E+01  7.02642E-02   3.67898E+01  6.51794E-02   3.59388E+01  5.97532E-02   3.51581E+01  5.40089E-02   3.44649E+01  4.79680E-02   3.38471E+01  4.16542E-02   3.33146E+01  3.50994E-02   3.28600E+01  2.83392E-02   3.24917E+01  2.14057E-02   3.21991E+01  1.43462E-02   3.19980E+01  7.19326E-03   3.18692E+01  1.51688E-06   5.78189E+01  7.19475E-03   2.11866E+02  1.43444E-02   2.11989E+02  2.14061E-02   2.12198E+02  2.83387E-02   2.12487E+02  3.50995E-02   2.12859E+02  4.16549E-02   2.13312E+02  4.79681E-02   2.13847E+02  5.40103E-02   2.14461E+02  5.97553E-02   2.15159E+02  6.51803E-02   2.15933E+02  7.02669E-02   2.16791E+02  7.50068E-02   2.17723E+02  7.93810E-02   2.18738E+02  8.34001E-02   2.19826E+02  8.70412E-02   2.20997E+02  9.03339E-02   2.22237E+02  9.32551E-02   2.23558E+02  9.58396E-02   2.24949E+02  9.80766E-02   2.26413E+02  9.99949E-02   2.27955E+02  1.01599E-01   2.29560E+02  1.02908E-01   2.31245E+02  1.03941E-01   2.32988E+02  1.04708E-01   2.34809E+02  1.05237E-01   2.36692E+02  1.05539E-01   2.38640E+02  1.05636E-01   2.40654E+02  1.05540E-01   2.42727E+02  1.05276E-01   2.44863E+02  1.04844E-01   2.47061E+02  1.04283E-01   2.49313E+02  1.03583E-01   2.51627E+02  1.02774E-01   2.53994E+02  1.01867E-01   2.56408E+02  1.00869E-01   2.58876E+02  9.97927E-02   2.61395E+02  9.86528E-02   2.63961E+02  9.74489E-02   2.66575E+02  9.61949E-02   2.69235E+02  9.49009E-02   2.71934E+02 
 7.50906E-02   1.16500E+02  7.61031E-02   1.13792E+02  7.70877E-02   1.11135E+02  7.80321E-02   1.08518E+02  7.89207E-02   1.05947E+02  7.97606E-02   1.03419E+02  8.05339E-02   1.00945E+02  8.12379E-02   9.85216E+01  8.18620E-02   9.61493E+01  8.23996E-02   9.38276E+01  8.28320E-02   9.15622E+01  8.31608E-02   8.93505E+01  8.33586E-02   8.71997E+01  8.34233E-02   8.51071E+01  8.33380E-02   8.30802E+01  8.30840E-02   8.11125E+01  8.26631E-02   7.92146E+01  8.20418E-02   7.73792E+01  8.12264E-02   7.56143E+01  8.01851E-02   7.39155E+01  7.89187E-02   7.22887E+01  7.74045E-02   7.07327E+01  7.56352E-02   6.92490E+01  7.35996E-02   6.78414E+01  7.12897E-02   6.65058E+01  6.86950E-02   6.52499E+01  6.58174E-02   6.40660E+01  6.26475E-02   6.29665E+01  5.91937E-02   6.19377E+01  5.54551E-02   6.09973E+01  5.14412E-02   6.01252E+01  4.71572E-02   5.93451E+01  4.26287E-02   5.86366E+01  3.78537E-02   5.80166E+01  3.28785E-02   5.74745E+01  2.76993E-02   5.70152E+01  2.23677E-02   5.66415E+01  1.68924E-02   5.63496E+01  1.13227E-02   5.61420E+01  5.67630E-03   5.60229E+01  3.01126E-06   1.21715E+02  5.68076E-03   2.35999E+02  1.13190E-02   2.36125E+02  1.68975E-02   2.36340E+02  2.23640E-02   2.36633E+02  2.77052E-02   2.37010E+02  3.28744E-02   2.37470E+02  3.78594E-02   2.38011E+02  4.26254E-02   2.38637E+02  4.71596E-02   2.39340E+02  5.14392E-02   2.40130E+02  5.54550E-02   2.40994E+02  5.91913E-02   2.41945E+02  6.26485E-02   2.42965E+02  6.58123E-02   2.44075E+02  6.86953E-02   2.45250E+02  7.12840E-02   2.46513E+02  7.35979E-02   2.47842E+02  7.56305E-02   2.49252E+02  7.74045E-02   2.50736E+02  7.89136E-02   2.52287E+02  8.01889E-02   2.53919E+02  8.12232E-02   2.55610E+02  8.20470E-02   2.57382E+02  8.26619E-02   2.59210E+02  8.30869E-02   2.61114E+02  8.33376E-02   2.63080E+02  8.34207E-02   2.65107E+02  8.33592E-02   2.67204E+02  8.31558E-02   2.69351E+02  8.28358E-02   2.71561E+02  8.23943E-02   2.73829E+02  8.18622E-02   2.76143E+02  8.12393E-02   2.78521E+02  8.05349E-02   2.80943E+02  7.97648E-02   2.83424E+02  7.89233E-02   2.85949E+02  7.80279E-02   2.88521E+02  7.70851E-02   2.91132E+02  7.61043E-02   2.93792E+02  7.50900E-02   2.96502E+02 
 7.50093E-02   1.48461E+02  7.60191E-02   1.45768E+02  7.69843E-02   1.43119E+02  7.79089E-02   1.40512E+02  7.87785E-02   1.37946E+02  7.95975E-02   1.35436E+02  8.03510E-02   1.32968E+02  8.10235E-02   1.30550E+02  8.16177E-02   1.28183E+02  8.21150E-02   1.25866E+02  8.25133E-02   1.23609E+02  8.27997E-02   1.21404E+02  8.29595E-02   1.19259E+02  8.29872E-02   1.17173E+02  8.28626E-02   1.15140E+02  8.25786E-02   1.13179E+02  8.21182E-02   1.11269E+02  8.14705E-02   1.09434E+02  8.06164E-02   1.07663E+02  7.95546E-02   1.05958E+02  7.82536E-02   1.04330E+02  7.67262E-02   1.02763E+02  7.49337E-02   1.01280E+02  7.28931E-02   9.98594E+01  7.05718E-02   9.85222E+01  6.79857E-02   9.72542E+01  6.51111E-02   9.60674E+01  6.19590E-02   9.49540E+01  5.85274E-02   9.39223E+01  5.48111E-02   9.29674E+01  5.08364E-02   9.20961E+01  4.65893E-02   9.13017E+01  4.21066E-02   9.05944E+01  3.73871E-02   8.99623E+01  3.24632E-02   8.94202E+01  2.73502E-02   8.89544E+01  2.20810E-02   8.85790E+01  1.66761E-02   8.82796E+01  1.11760E-02   8.80737E+01  5.60397E-03   8.79423E+01  8.22088E-07   5.41304E+01  5.60366E-03   2.67951E+02  1.11736E-02   2.68072E+02  1.66768E-02   2.68282E+02  2.20784E-02   2.68577E+02  2.73502E-02   2.68957E+02  3.24608E-02   2.69418E+02  3.73883E-02   2.69965E+02  4.21022E-02   2.70591E+02  4.65925E-02   2.71304E+02  5.08305E-02   2.72091E+02  5.48146E-02   2.72969E+02  5.85234E-02   2.73916E+02  6.19574E-02   2.74955E+02  6.51119E-02   2.76059E+02  6.79809E-02   2.77257E+02  7.05745E-02   2.78515E+02  7.28877E-02   2.79863E+02  7.49384E-02   2.81275E+02  7.67177E-02   2.82766E+02  7.82606E-02   2.84330E+02  7.95463E-02   2.85958E+02  8.06209E-02   2.87667E+02  8.14646E-02   2.89432E+02  8.21194E-02   2.91275E+02  8.25790E-02   2.93177E+02  8.28629E-02   2.95142E+02  8.29905E-02   2.97172E+02  8.29600E-02   2.99258E+02  8.28011E-02   3.01403E+02  8.25136E-02   3.03611E+02  8.21150E-02   3.05867E+02  8.16188E-02   3.08186E+02  8.10255E-02   3.10555E+02  8.03490E-02   3.12968E+02  7.95953E-02   3.15435E+02  7.87816E-02   3.17950E+02  7.79084E-02   3.20509E+02  7.69861E-02   3.23115E+02  7.60216E-02   3.25770E+02  7.50120E-02   3.28462E+02 
 9.49497E-02   1.73390E+02  9.62164E-02   1.70707E+02  9.74430E-02   1.68070E+02  9.86105E-02   1.65476E+02  9.97079E-02   1.62933E+02  1.00730E-01   1.60434E+02  1.01673E-01   1.57988E+02  1.02520E-01   1.55592E+02  1.03261E-01   1.53247E+02  1.03880E-01   1.50953E+02  1.04366E-01   1.48714E+02  1.04707E-01   1.46528E+02  1.04887E-01   1.44402E+02  1.04893E-01   1.42335E+02  1.04710E-01   1.40328E+02  1.04315E-01   1.38384E+02  1.03706E-01   1.36501E+02  1.02849E-01   1.34684E+02  1.01747E-01   1.32932E+02  1.00363E-01   1.31247E+02  9.87007E-02   1.29631E+02  9.67312E-02   1.28084E+02  9.44492E-02   1.26609E+02  9.18395E-02   1.25208E+02  8.88939E-02   1.23879E+02  8.56024E-02   1.22629E+02  8.19631E-02   1.21449E+02  7.79726E-02   1.20353E+02  7.36296E-02   1.19329E+02  6.89463E-02   1.18390E+02  6.39204E-02   1.17523E+02  5.85771E-02   1.16744E+02  5.29247E-02   1.16036E+02  4.69868E-02   1.15422E+02  4.07916E-02   1.14876E+02  3.43620E-02   1.14425E+02  2.77380E-02   1.14043E+02  2.09487E-02   1.13762E+02  1.40379E-02   1.13545E+02  7.03810E-03   1.13442E+02  3.28981E-06   1.14286E+02  7.04003E-03   2.93398E+02  1.40326E-02   2.93543E+02  2.09484E-02   2.93746E+02  2.77340E-02   2.94045E+02  3.43619E-02   2.94416E+02  4.07884E-02   2.94876E+02  4.69860E-02   2.95414E+02  5.29241E-02   2.96038E+02  5.85750E-02   2.96739E+02  6.39229E-02   2.97526E+02  6.89432E-02   2.98386E+02  7.36335E-02   2.99334E+02  7.79727E-02   3.00352E+02  8.19666E-02   3.01457E+02  8.56046E-02   3.02628E+02  8.88964E-02   3.03885E+02  9.18417E-02   3.05209E+02  9.44478E-02   3.06613E+02  9.67361E-02   3.08085E+02  9.86945E-02   3.09631E+02  1.00371E-01   3.11248E+02  1.01739E-01   3.12930E+02  1.02857E-01   3.14684E+02  1.03701E-01   3.16500E+02  1.04317E-01   3.18383E+02  1.04710E-01   3.20328E+02  1.04891E-01   3.22335E+02  1.04892E-01   3.24404E+02  1.04704E-01   3.26530E+02  1.04368E-01   3.28713E+02  1.03878E-01   3.30955E+02  1.03253E-01   3.33244E+02  1.02519E-01   3.35590E+02  1.01669E-01   3.37987E+02  1.00739E-01   3.40434E+02  9.97118E-02   3.42933E+02  9.86116E-02   3.45479E+02  9.74405E-02   3.48071E+02  9.62156E-02   3.50706E+02  9.49537E-02   3.53390E+02 
 1.25721E-01   1.88112E+02  1.27411E-01   1.85436E+02  1.29035E-01   1.82809E+02  1.30586E-01   1.80226E+02  1.32042E-01   1.77691E+02  1.33413E-01   1.75207E+02  1.34661E-01   1.72768E+02  1.35782E-01   1.70385E+02  1.36762E-01   1.68054E+02  1.37579E-01   1.65775E+02  1.38227E-01   1.63555E+02  1.38677E-01   1.61387E+02  1.38915E-01   1.59280E+02  1.38922E-01   1.57231E+02  1.38668E-01   1.55238E+02  1.38147E-01   1.53313E+02  1.37322E-01   1.51445E+02  1.36185E-01   1.49646E+02  1.34703E-01   1.47913E+02  1.32867E-01   1.46243E+02  1.30645E-01   1.44649E+02  1.28030E-01   1.43116E+02  1.24992E-01   1.41663E+02  1.21527E-01   1.40274E+02  1.17611E-01   1.38964E+02  1.13246E-01   1.37724E+02  1.08416E-01   1.36563E+02  1.03123E-01   1.35475E+02  9.73734E-02   1.34465E+02  9.11599E-02   1.33534E+02  8.45163E-02   1.32679E+02  7.74346E-02   1.31907E+02  6.99619E-02   1.31212E+02  6.21043E-02   1.30599E+02  5.39142E-02   1.30065E+02  4.54123E-02   1.29615E+02  3.66572E-02   1.29244E+02  2.76825E-02   1.28957E+02  1.85486E-02   1.28747E+02  9.30167E-03   1.28623E+02  8.46545E-07   4.58342E+01  9.30197E-03   3.08630E+02  1.85478E-02   3.08755E+02  2.76841E-02   3.08957E+02  3.66551E-02   3.09248E+02  4.54160E-02   3.09614E+02  5.39106E-02   3.10068E+02  6.21087E-02   3.10600E+02  6.99576E-02   3.11213E+02  7.74395E-02   3.11907E+02  8.45104E-02   3.12681E+02  9.11649E-02   3.13534E+02  9.73661E-02   3.14464E+02  1.03124E-01   3.15477E+02  1.08411E-01   3.16560E+02  1.13243E-01   3.17727E+02  1.17609E-01   3.18961E+02  1.21522E-01   3.20277E+02  1.24993E-01   3.21660E+02  1.28022E-01   3.23119E+02  1.30651E-01   3.24647E+02  1.32858E-01   3.26245E+02  1.34709E-01   3.27913E+02  1.36179E-01   3.29646E+02  1.37326E-01   3.31447E+02  1.38146E-01   3.33312E+02  1.38670E-01   3.35240E+02  1.38924E-01   3.37229E+02  1.38914E-01   3.39279E+02  1.38676E-01   3.41386E+02  1.38227E-01   3.43555E+02  1.37579E-01   3.45776E+02  1.36765E-01   3.48054E+02  1.35788E-01   3.50387E+02  1.34662E-01   3.52770E+02  1.33410E-01   3.55206E+02  1.32046E-01   3.57693E+02  1.30581E-01   2.25384E-01  1.29032E-01   2.80654E+00  1.27418E-01   5.43688E+00  1.25722E-01   8.11158E+00 
 1.61141E-01   1.96881E+02  1.63299E-01   1.94212E+02  1.65383E-01   1.91588E+02  1.67369E-01   1.89012E+02  1.69241E-01   1.86485E+02  1.70985E-01   1.84007E+02  1.72595E-01   1.81581E+02  1.74036E-01   1.79206E+02  1.75298E-01   1.76883E+02  1.76350E-01   1.74614E+02  1.77175E-01   1.72402E+02  1.77750E-01   1.70245E+02  1.78050E-01   1.68147E+02  1.78052E-01   1.66109E+02  1.77729E-01   1.64132E+02  1.77048E-01   1.62217E+02  1.75993E-01   1.60366E+02  1.74520E-01   1.58578E+02  1.72622E-01   1.56856E+02  1.70251E-01   1.55201E+02  1.67400E-01   1.53615E+02  1.64030E-01   1.52098E+02  1.60131E-01   1.50652E+02  1.55678E-01   1.49278E+02  1.50655E-01   1.47976E+02  1.45051E-01   1.46751E+02  1.38856E-01   1.45596E+02  1.32072E-01   1.44522E+02  1.24693E-01   1.43520E+02  1.16741E-01   1.42599E+02  1.08215E-01   1.41753E+02  9.91543E-02   1.40989E+02  8.95713E-02   1.40299E+02  7.95157E-02   1.39694E+02  6.90202E-02   1.39165E+02  5.81398E-02   1.38720E+02  4.69256E-02   1.38352E+02  3.54386E-02   1.38070E+02  2.37446E-02   1.37862E+02  1.19080E-02   1.37753E+02  2.50801E-06   1.21126E+02  1.19067E-02   3.17732E+02  2.37407E-02   3.17863E+02  3.54369E-02   3.18064E+02  4.69228E-02   3.18352E+02  5.81358E-02   3.18717E+02  6.90187E-02   3.19165E+02  7.95112E-02   3.19691E+02  8.95713E-02   3.20300E+02  9.91493E-02   3.20986E+02  1.08218E-01   3.21754E+02  1.16736E-01   3.22598E+02  1.24699E-01   3.23522E+02  1.32070E-01   3.24521E+02  1.38862E-01   3.25600E+02  1.45053E-01   3.26750E+02  1.50659E-01   3.27979E+02  1.55683E-01   3.29278E+02  1.60131E-01   3.30654E+02  1.64038E-01   3.32099E+02  1.67394E-01   3.33616E+02  1.70259E-01   3.35201E+02  1.72615E-01   3.36856E+02  1.74527E-01   3.38578E+02  1.75988E-01   3.40364E+02  1.77050E-01   3.42217E+02  1.77729E-01   3.44132E+02  1.78051E-01   3.46110E+02  1.78055E-01   3.48148E+02  1.77750E-01   3.50246E+02  1.77177E-01   3.52402E+02  1.76349E-01   3.54615E+02  1.75291E-01   3.56883E+02  1.74035E-01   3.59205E+02  1.72588E-01   1.58004E+00  1.70994E-01   4.00617E+00  1.69245E-01   6.48445E+00  1.67371E-01   9.01251E+00  1.65385E-01   1.15891E+01  1.63298E-01   1.42115E+01  1.61144E-01   1.68805E+01 
 1.98544E-01   2.02581E+02  2.01198E-01   1.99916E+02  2.03755E-01   1.97300E+02  2.06194E-01   1.94729E+02  2.08492E-01   1.92207E+02  2.10646E-01   1.89736E+02  2.12608E-01   1.87313E+02  2.14374E-01   1.84945E+02  2.15916E-01   1.82630E+02  2.17201E-01   1.80370E+02  2.18216E-01   1.78167E+02  2.18916E-01   1.76018E+02  2.19277E-01   1.73930E+02  2.19274E-01   1.71901E+02  2.18855E-01   1.69930E+02  2.18013E-01   1.68026E+02  2.16690E-01   1.66181E+02  2.14871E-01   1.64404E+02  2.12511E-01   1.62692E+02  2.09585E-01   1.61046E+02  2.06055E-01   1.59471E+02  2.01899E-01   1.57962E+02  1.97080E-01   1.56527E+02  1.91586E-01   1.55160E+02  1.85387E-01   1.53869E+02  1.78476E-01   1.52649E+02  1.70840E-01   1.51505E+02  1.62475E-01   1.50436E+02  1.53392E-01   1.49442E+02  1.43587E-01   1.48527E+02  1.33101E-01   1.47687E+02  1.21937E-01   1.46928E+02  1.10155E-01   1.46244E+02  9.77764E-02   1.45643E+02  8.48707E-02   1.45118E+02  7.14849E-02   1.44677E+02  5.76974E-02   1.44310E+02  4.35709E-02   1.44032E+02  2.91929E-02   1.43825E+02  1.46384E-02   1.43706E+02  7.41052E-07   6.48882E+01  1.46397E-02   3.23706E+02  2.91913E-02   3.23831E+02  4.35727E-02   3.24030E+02  5.76955E-02   3.24315E+02  7.14892E-02   3.24675E+02  8.48692E-02   3.25121E+02  9.77816E-02   3.25642E+02  1.10152E-01   3.26246E+02  1.21944E-01   3.26927E+02  1.33097E-01   3.27689E+02  1.43593E-01   3.28527E+02  1.53386E-01   3.29443E+02  1.62477E-01   3.30437E+02  1.70834E-01   3.31504E+02  1.78474E-01   3.32650E+02  1.85384E-01   3.33868E+02  1.91579E-01   3.35162E+02  1.97081E-01   3.36525E+02  2.01889E-01   3.37963E+02  2.06059E-01   3.39470E+02  2.09577E-01   3.41047E+02  2.12515E-01   3.42692E+02  2.14867E-01   3.44404E+02  2.16693E-01   3.46182E+02  2.18012E-01   3.48024E+02  2.18858E-01   3.49932E+02  2.19272E-01   3.51899E+02  2.19278E-01   3.53930E+02  2.18913E-01   3.56018E+02  2.18216E-01   3.58166E+02  2.17201E-01   3.69848E-01  2.15919E-01   2.63030E+00  2.14380E-01   4.94548E+00  2.12612E-01   7.31390E+00  2.10644E-01   9.73518E+00  2.08497E-01   1.22079E+01  2.06191E-01   1.47288E+01  2.03750E-01   1.72981E+01  2.01207E-01   1.99160E+01  1.98544E-01   2.25802E+01 
 2.36766E-01   2.06620E+02  2.39909E-01   2.03961E+02  2.42939E-01   2.01348E+02  2.45830E-01   1.98783E+02  2.48551E-01   1.96268E+02  2.51086E-01   1.93802E+02  2.53421E-01   1.91387E+02  2.55507E-01   1.89025E+02  2.57327E-01   1.86717E+02  2.58840E-01   1.84462E+02  2.60019E-01   1.82264E+02  2.60831E-01   1.80123E+02  2.61237E-01   1.78041E+02  2.61203E-01   1.76020E+02  2.60693E-01   1.74060E+02  2.59653E-01   1.72162E+02  2.58064E-01   1.70327E+02  2.55863E-01   1.68556E+02  2.53031E-01   1.66853E+02  2.49515E-01   1.65215E+02  2.45288E-01   1.63646E+02  2.40308E-01   1.62146E+02  2.34552E-01   1.60717E+02  2.27984E-01   1.59360E+02  2.20588E-01   1.58074E+02  2.12341E-01   1.56863E+02  2.03235E-01   1.55724E+02  1.93269E-01   1.54663E+02  1.82441E-01   1.53675E+02  1.70776E-01   1.52766E+02  1.58280E-01   1.51931E+02  1.45004E-01   1.51177E+02  1.30974E-01   1.50498E+02  1.16254E-01   1.49901E+02  1.00899E-01   1.49379E+02  8.49850E-02   1.48940E+02  6.85857E-02   1.48579E+02  5.17958E-02   1.48298E+02  3.46997E-02   1.48098E+02  1.74025E-02   1.47979E+02  9.17834E-07   1.35240E+02  1.74010E-02   3.27974E+02  3.46987E-02   3.28098E+02  5.17926E-02   3.28296E+02  6.85854E-02   3.28579E+02  8.49809E-02   3.28939E+02  1.00897E-01   3.29380E+02  1.16249E-01   3.29899E+02  1.30974E-01   3.30499E+02  1.44998E-01   3.31176E+02  1.58282E-01   3.31932E+02  1.70770E-01   3.32765E+02  1.82445E-01   3.33676E+02  1.93267E-01   3.34662E+02  2.03240E-01   3.35726E+02  2.12343E-01   3.36863E+02  2.20590E-01   3.38075E+02  2.27990E-01   3.39360E+02  2.34552E-01   3.40718E+02  2.40319E-01   3.42147E+02  2.45286E-01   3.43647E+02  2.49523E-01   3.45215E+02  2.53029E-01   3.46852E+02  2.55867E-01   3.48557E+02  2.58061E-01   3.50326E+02  2.59654E-01   3.52162E+02  2.60691E-01   3.54059E+02  2.61205E-01   3.56021E+02  2.61239E-01   3.58042E+02  2.60834E-01   1.24317E-01  2.60022E-01   2.26427E+00  2.58840E-01   4.46289E+00  2.57322E-01   6.71610E+00  2.55505E-01   9.02505E+00  2.53412E-01   1.13870E+01  2.51094E-01   1.38012E+01  2.48554E-01   1.62672E+01  2.45828E-01   1.87832E+01  2.42944E-01   2.13487E+01  2.39909E-01   2.39611E+01  2.36768E-01   2.66201E+01 
 2.75196E-01   2.09699E+02  2.78822E-01   2.07045E+02  2.82312E-01   2.04439E+02  2.85637E-01   2.01879E+02  2.88770E-01   1.99368E+02  2.91692E-01   1.96909E+02  2.94355E-01   1.94498E+02  2.96744E-01   1.92143E+02  2.98821E-01   1.89841E+02  3.00542E-01   1.87594E+02  3.01884E-01   1.85403E+02  3.02790E-01   1.83270E+02  3.03224E-01   1.81195E+02  3.03152E-01   1.79180E+02  3.02505E-01   1.77225E+02  3.01272E-01   1.75335E+02  2.99375E-01   1.73506E+02  2.96790E-01   1.71744E+02  2.93462E-01   1.70047E+02  2.89347E-01   1.68417E+02  2.84406E-01   1.66856E+02  2.78595E-01   1.65362E+02  2.71879E-01   1.63941E+02  2.64232E-01   1.62590E+02  2.55619E-01   1.61311E+02  2.46032E-01   1.60105E+02  2.35447E-01   1.58974E+02  2.23869E-01   1.57917E+02  2.11306E-01   1.56934E+02  1.97760E-01   1.56030E+02  1.83280E-01   1.55200E+02  1.67879E-01   1.54450E+02  1.51630E-01   1.53776E+02  1.34572E-01   1.53181E+02  1.16793E-01   1.52664E+02  9.83620E-02   1.52226E+02  7.93822E-02   1.51866E+02  5.99420E-02   1.51590E+02  4.01597E-02   1.51386E+02  2.01378E-02   1.51271E+02  1.52368E-06   1.28947E+02  2.01378E-02   3.31271E+02  4.01579E-02   3.31389E+02  5.99437E-02   3.31589E+02  7.93809E-02   3.31869E+02  9.83652E-02   3.32227E+02  1.16791E-01   3.32665E+02  1.34577E-01   3.33181E+02  1.51627E-01   3.33777E+02  1.67886E-01   3.34450E+02  1.83277E-01   3.35202E+02  1.97767E-01   3.36030E+02  2.11302E-01   3.36935E+02  2.23873E-01   3.37918E+02  2.35444E-01   3.38973E+02  2.46030E-01   3.40106E+02  2.55618E-01   3.41311E+02  2.64226E-01   3.42591E+02  2.71880E-01   3.43940E+02  2.78586E-01   3.45363E+02  2.84406E-01   3.46855E+02  2.89341E-01   3.48417E+02  2.93462E-01   3.50047E+02  2.96789E-01   3.51743E+02  2.99378E-01   3.53507E+02  3.01271E-01   3.55334E+02  3.02511E-01   3.57226E+02  3.03149E-01   3.59179E+02  3.03228E-01   1.19484E+00  3.02786E-01   3.26913E+00  3.01883E-01   5.40322E+00  3.00541E-01   7.59354E+00  2.98823E-01   9.84090E+00  2.96749E-01   1.21429E+01  2.94359E-01   1.44993E+01  2.91694E-01   1.69081E+01  2.88773E-01   1.93692E+01  2.85636E-01   2.18791E+01  2.82305E-01   2.44377E+01  2.78830E-01   2.70445E+01  2.75194E-01   2.96981E+01 
 3.13475E-01   2.12190E+02  3.17561E-01   2.09542E+02  3.21490E-01   2.06941E+02  3.25234E-01   2.04388E+02  3.28752E-01   2.01883E+02  3.32025E-01   1.99430E+02  3.35025E-01   1.97027E+02  3.37690E-01   1.94677E+02  3.40006E-01   1.92381E+02  3.41911E-01   1.90139E+02  3.43374E-01   1.87956E+02  3.44353E-01   1.85828E+02  3.44789E-01   1.83760E+02  3.44646E-01   1.81753E+02  3.43871E-01   1.79806E+02  3.42396E-01   1.77922E+02  3.40196E-01   1.76102E+02  3.37192E-01   1.74344E+02  3.33353E-01   1.72656E+02  3.28621E-01   1.71031E+02  3.22949E-01   1.69477E+02  3.16298E-01   1.67991E+02  3.08622E-01   1.66575E+02  2.99888E-01   1.65231E+02  2.90071E-01   1.63957E+02  2.79142E-01   1.62759E+02  2.67096E-01   1.61631E+02  2.53925E-01   1.60581E+02  2.39636E-01   1.59603E+02  2.24254E-01   1.58704E+02  2.07796E-01   1.57879E+02  1.90323E-01   1.57132E+02  1.71872E-01   1.56461E+02  1.52529E-01   1.55871E+02  1.32360E-01   1.55355E+02  1.11469E-01   1.54921E+02  8.99487E-02   1.54564E+02  6.79221E-02   1.54285E+02  4.54997E-02   1.54090E+02  2.28185E-02   1.53967E+02  1.07867E-06   3.15894E+02  2.28165E-02   3.33968E+02  4.55016E-02   3.34090E+02  6.79200E-02   3.34285E+02  8.99496E-02   3.34565E+02  1.11465E-01   3.34920E+02  1.32360E-01   3.35356E+02  1.52523E-01   3.35869E+02  1.71873E-01   3.36462E+02  1.90316E-01   3.37131E+02  2.07797E-01   3.37879E+02  2.24247E-01   3.38703E+02  2.39636E-01   3.39605E+02  2.53922E-01   3.40580E+02  2.67097E-01   3.41633E+02  2.79144E-01   3.42758E+02  2.90071E-01   3.43958E+02  2.99894E-01   3.45230E+02  3.08622E-01   3.46576E+02  3.16305E-01   3.47991E+02  3.22950E-01   3.49477E+02  3.28627E-01   3.51032E+02  3.33355E-01   3.52655E+02  3.37195E-01   3.54345E+02  3.40195E-01   3.56100E+02  3.42399E-01   3.57922E+02  3.43867E-01   3.59806E+02  3.44649E-01   1.75289E+00  3.44790E-01   3.76043E+00  3.44355E-01   5.82901E+00  3.43377E-01   7.95547E+00  3.41912E-01   1.01405E+01  3.40002E-01   1.23809E+01  3.37689E-01   1.46774E+01  3.35015E-01   1.70270E+01  3.32030E-01   1.94295E+01  3.28754E-01   2.18833E+01  3.25231E-01   2.43873E+01  3.21497E-01   2.69410E+01  3.17562E-01   2.95424E+01  3.13473E-01   3.21905E+01 
 3.51356E-01   2.14309E+02  3.55877E-01   2.11667E+02  3.60223E-01   2.09073E+02  3.64354E-01   2.06525E+02  3.68240E-01   2.04026E+02  3.71842E-01   2.01579E+02  3.75120E-01   1.99182E+02  3.78043E-01   1.96839E+02  3.80563E-01   1.94550E+02  3.82630E-01   1.92316E+02  3.84204E-01   1.90139E+02  3.85224E-01   1.88018E+02  3.85640E-01   1.85957E+02  3.85408E-01   1.83956E+02  3.84450E-01   1.82015E+02  3.82740E-01   1.80138E+02  3.80192E-01   1.78324E+02  3.76767E-01   1.76575E+02  3.72404E-01   1.74892E+02  3.67041E-01   1.73275E+02  3.60637E-01   1.71727E+02  3.53134E-01   1.70247E+02  3.44495E-01   1.68838E+02  3.34681E-01   1.67499E+02  3.23654E-01   1.66232E+02  3.11406E-01   1.65038E+02  2.97906E-01   1.63917E+02  2.83166E-01   1.62871E+02  2.67187E-01   1.61899E+02  2.49989E-01   1.61003E+02  2.31617E-01   1.60182E+02  2.12102E-01   1.59439E+02  1.91525E-01   1.58773E+02  1.69943E-01   1.58183E+02  1.47463E-01   1.57673E+02  1.24173E-01   1.57239E+02  1.00198E-01   1.56885E+02  7.56536E-02   1.56609E+02  5.06809E-02   1.56410E+02  2.54132E-02   1.56293E+02  2.17597E-06   1.35582E+02  2.54127E-02   3.36296E+02  5.06774E-02   3.36411E+02  7.56537E-02   3.36611E+02  1.00195E-01   3.36885E+02  1.24175E-01   3.37241E+02  1.47459E-01   3.37673E+02  1.69948E-01   3.38185E+02  1.91522E-01   3.38773E+02  2.12108E-01   3.39440E+02  2.31616E-01   3.40183E+02  2.49995E-01   3.41004E+02  2.67188E-01   3.41899E+02  2.83168E-01   3.42872E+02  2.97909E-01   3.43917E+02  3.11404E-01   3.45039E+02  3.23657E-01   3.46232E+02  3.34677E-01   3.47500E+02  3.44496E-01   3.48837E+02  3.53129E-01   3.50247E+02  3.60635E-01   3.51727E+02  3.67038E-01   3.53275E+02  3.72400E-01   3.54892E+02  3.76766E-01   3.56574E+02  3.80192E-01   3.58324E+02  3.82738E-01   1.37682E-01  3.84456E-01   2.01569E+00  3.85405E-01   3.95545E+00  3.85644E-01   5.95693E+00  3.85221E-01   8.01809E+00  3.84203E-01   1.01383E+01  3.82627E-01   1.23158E+01  3.80566E-01   1.45500E+01  3.78045E-01   1.68392E+01  3.75125E-01   1.91826E+01  3.71847E-01   2.15786E+01  3.68240E-01   2.40273E+01  3.64355E-01   2.65250E+01  3.60217E-01   2.90720E+01  3.55882E-01   3.16666E+01  3.51352E-01   3.43080E+01 
 3.88648E-01   2.16184E+02  3.93580E-01   2.13548E+02  3.98307E-01   2.10960E+02  4.02802E-01   2.08420E+02  4.07010E-01   2.05929E+02  4.10916E-01   2.03488E+02  4.14467E-01   2.01098E+02  4.17604E-01   1.98761E+02  4.20303E-01   1.96479E+02  4.22491E-01   1.94251E+02  4.24129E-01   1.92080E+02  4.25168E-01   1.89967E+02  4.25529E-01   1.87912E+02  4.25176E-01   1.85919E+02  4.24037E-01   1.83985E+02  4.22037E-01   1.82115E+02  4.19145E-01   1.80308E+02  4.15262E-01   1.78565E+02  4.10356E-01   1.76889E+02  4.04356E-01   1.75278E+02  3.97203E-01   1.73737E+02  3.88856E-01   1.72263E+02  3.79255E-01   1.70860E+02  3.68369E-01   1.69528E+02  3.56161E-01   1.68265E+02  3.42604E-01   1.67079E+02  3.27692E-01   1.65961E+02  3.11413E-01   1.64921E+02  2.93784E-01   1.63953E+02  2.74830E-01   1.63062E+02  2.54580E-01   1.62245E+02  2.33104E-01   1.61506E+02  2.10448E-01   1.60842E+02  1.86717E-01   1.60257E+02  1.61992E-01   1.59748E+02  1.36399E-01   1.59317E+02  1.10049E-01   1.58965E+02  8.30899E-02   1.58688E+02  5.56552E-02   1.58495E+02  2.79095E-02   1.58371E+02  2.63286E-06   3.14207E+02  2.79083E-02   3.38378E+02  5.56596E-02   3.38494E+02  8.30873E-02   3.38690E+02  1.10053E-01   3.38965E+02  1.36395E-01   3.39317E+02  1.61996E-01   3.39749E+02  1.86712E-01   3.40256E+02  2.10451E-01   3.40843E+02  2.33097E-01   3.41506E+02  2.54581E-01   3.42246E+02  2.74824E-01   3.43061E+02  2.93783E-01   3.43954E+02  3.11411E-01   3.44920E+02  3.27689E-01   3.45963E+02  3.42606E-01   3.47077E+02  3.56159E-01   3.48267E+02  3.68373E-01   3.49527E+02  3.79256E-01   3.50860E+02  3.88860E-01   3.52263E+02  3.97207E-01   3.53737E+02  4.04359E-01   3.55279E+02  4.10360E-01   3.56888E+02  4.15265E-01   3.58565E+02  4.19144E-01   3.07397E-01  4.22042E-01   2.11488E+00  4.24034E-01   3.98532E+00  4.25177E-01   5.91843E+00  4.25530E-01   7.91271E+00  4.25167E-01   9.96715E+00  4.24132E-01   1.20804E+01  4.22493E-01   1.42515E+01  4.20301E-01   1.64787E+01  4.17605E-01   1.87616E+01  4.14460E-01   2.10982E+01  4.10918E-01   2.34877E+01  4.07012E-01   2.59287E+01  4.02797E-01   2.84196E+01  3.98315E-01   3.09601E+01  3.93580E-01   3.35486E+01  3.88645E-01   3.61843E+01 
 4.25216E-01   2.17900E+02  4.30517E-01   2.15272E+02  4.35599E-01   2.12690E+02  4.40415E-01   2.10156E+02  4.44928E-01   2.07672E+02  4.49085E-01   2.05238E+02  4.52854E-01   2.02855E+02  4.56185E-01   2.00526E+02  4.59022E-01   1.98251E+02  4.61310E-01   1.96030E+02  4.62990E-01   1.93866E+02  4.64003E-01   1.91760E+02  4.64287E-01   1.89712E+02  4.63780E-01   1.87725E+02  4.62413E-01   1.85799E+02  4.60128E-01   1.83935E+02  4.56844E-01   1.82135E+02  4.52508E-01   1.80399E+02  4.47043E-01   1.78729E+02  4.40390E-01   1.77126E+02  4.32493E-01   1.75590E+02  4.23289E-01   1.74124E+02  4.12734E-01   1.72726E+02  4.00785E-01   1.71399E+02  3.87402E-01   1.70143E+02  3.72573E-01   1.68960E+02  3.56266E-01   1.67850E+02  3.38498E-01   1.66813E+02  3.19267E-01   1.65851E+02  2.98606E-01   1.64963E+02  2.76559E-01   1.64151E+02  2.53176E-01   1.63414E+02  2.28543E-01   1.62756E+02  2.02737E-01   1.62171E+02  1.75876E-01   1.61666E+02  1.48068E-01   1.61237E+02  1.19458E-01   1.60887E+02  9.01849E-02   1.60612E+02  6.04089E-02   1.60419E+02  3.02907E-02   1.60299E+02  2.29247E-06   1.46572E+02  3.02885E-02   3.40303E+02  6.04047E-02   3.40418E+02  9.01836E-02   3.40615E+02  1.19453E-01   3.40886E+02  1.48068E-01   3.41239E+02  1.75871E-01   3.41666E+02  2.02738E-01   3.42173E+02  2.28541E-01   3.42755E+02  2.53180E-01   3.43416E+02  2.76559E-01   3.44151E+02  2.98609E-01   3.44964E+02  3.19271E-01   3.45851E+02  3.38498E-01   3.46814E+02  3.56272E-01   3.47850E+02  3.72571E-01   3.48961E+02  3.87408E-01   3.50143E+02  4.00783E-01   3.51400E+02  4.12736E-01   3.52726E+02  4.23287E-01   3.54123E+02  4.32490E-01   3.55590E+02  4.40388E-01   3.57126E+02  4.47038E-01   3.58729E+02  4.52505E-01   3.98913E-01  4.56842E-01   2.13506E+00  4.60125E-01   3.93512E+00  4.62416E-01   5.79904E+00  4.63781E-01   7.72535E+00  4.64290E-01   9.71253E+00  4.64002E-01   1.17600E+01  4.62989E-01   1.38660E+01  4.61305E-01   1.60300E+01  4.59023E-01   1.82500E+01  4.56185E-01   2.05259E+01  4.52860E-01   2.28552E+01  4.49094E-01   2.52377E+01  4.44925E-01   2.76721E+01  4.40419E-01   3.01563E+01  4.35595E-01   3.26902E+01  4.30520E-01   3.52715E+01  4.25209E-01   3.78991E+01 
 4.60916E-01   2.19511E+02  4.66565E-01   2.16890E+02  4.71955E-01   2.14316E+02  4.77064E-01   2.11790E+02  4.81828E-01   2.09313E+02  4.86222E-01   2.06886E+02  4.90186E-01   2.04511E+02  4.93652E-01   2.02188E+02  4.96596E-01   1.99920E+02  4.98932E-01   1.97706E+02  5.00611E-01   1.95550E+02  5.01580E-01   1.93452E+02  5.01741E-01   1.91411E+02  5.01059E-01   1.89432E+02  4.99446E-01   1.87512E+02  4.96824E-01   1.85655E+02  4.93149E-01   1.83862E+02  4.88316E-01   1.82132E+02  4.82286E-01   1.80470E+02  4.74975E-01   1.78872E+02  4.66322E-01   1.77344E+02  4.56277E-01   1.75883E+02  4.44775E-01   1.74491E+02  4.31785E-01   1.73171E+02  4.17259E-01   1.71920E+02  4.01178E-01   1.70743E+02  3.83531E-01   1.69637E+02  3.64308E-01   1.68606E+02  3.43535E-01   1.67647E+02  3.21234E-01   1.66764E+02  2.97451E-01   1.65956E+02  2.72256E-01   1.65223E+02  2.45716E-01   1.64566E+02  2.17943E-01   1.63986E+02  1.89033E-01   1.63483E+02  1.59131E-01   1.63056E+02  1.28366E-01   1.62707E+02  9.69050E-02   1.62434E+02  6.49038E-02   1.62241E+02  3.25436E-02   1.62120E+02  2.25667E-06   3.26725E+02  3.25440E-02   3.42128E+02  6.49071E-02   3.42241E+02  9.69046E-02   3.42436E+02  1.28372E-01   3.42708E+02  1.59130E-01   3.43057E+02  1.89038E-01   3.43484E+02  2.17941E-01   3.43986E+02  2.45719E-01   3.44567E+02  2.72254E-01   3.45223E+02  2.97452E-01   3.45957E+02  3.21233E-01   3.46764E+02  3.43533E-01   3.47648E+02  3.64309E-01   3.48605E+02  3.83527E-01   3.49638E+02  4.01179E-01   3.50742E+02  4.17257E-01   3.51921E+02  4.31786E-01   3.53170E+02  4.44776E-01   3.54492E+02  4.56279E-01   3.55883E+02  4.66325E-01   3.57343E+02  4.74977E-01   3.58873E+02  4.82290E-01   4.69391E-01  4.88321E-01   2.13312E+00  4.93150E-01   3.86182E+00  4.96831E-01   5.65530E+00  4.99444E-01   7.51198E+00  5.01060E-01   9.43087E+00  5.01743E-01   1.14112E+01  5.01575E-01   1.34513E+01  5.00615E-01   1.55503E+01  4.98933E-01   1.77069E+01  4.96596E-01   1.99201E+01  4.93655E-01   2.21884E+01  4.90183E-01   2.45108E+01  4.86222E-01   2.68861E+01  4.81829E-01   2.93130E+01  4.77058E-01   3.17895E+01  4.71962E-01   3.43157E+01  4.66563E-01   3.68896E+01  4.60914E-01   3.95109E+01 
 4.95669E-01   2.21056E+02  5.01611E-01   2.18443E+02  5.07281E-01   2.15876E+02  5.12634E-01   2.13358E+02  5.17622E-01   2.10888E+02  5.22186E-01   2.08469E+02  5.26296E-01   2.06102E+02  5.29885E-01   2.03787E+02  5.32885E-01   2.01527E+02  5.35249E-01   1.99321E+02  5.36891E-01   1.97171E+02  5.37760E-01   1.95080E+02  5.37783E-01   1.93047E+02  5.36880E-01   1.91074E+02  5.34989E-01   1.89163E+02  5.32027E-01   1.87312E+02  5.27919E-01   1.85527E+02  5.22598E-01   1.83804E+02  5.15976E-01   1.82148E+02  5.07999E-01   1.80558E+02  4.98591E-01   1.79034E+02  4.87698E-01   1.77581E+02  4.75263E-01   1.76195E+02  4.61241E-01   1.74880E+02  4.45596E-01   1.73635E+02  4.28305E-01   1.72463E+02  4.09349E-01   1.71363E+02  3.88739E-01   1.70335E+02  3.66477E-01   1.69382E+02  3.42611E-01   1.68502E+02  3.17177E-01   1.67699E+02  2.90251E-01   1.66969E+02  2.61912E-01   1.66316E+02  2.32267E-01   1.65737E+02  2.01433E-01   1.65238E+02  1.69545E-01   1.64812E+02  1.36756E-01   1.64466E+02  1.03229E-01   1.64193E+02  6.91362E-02   1.64002E+02  3.46659E-02   1.63879E+02  1.89935E-06   2.13001E+02  3.46613E-02   3.43892E+02  6.91346E-02   3.44000E+02  1.03225E-01   3.44197E+02  1.36752E-01   3.44465E+02  1.69542E-01   3.44814E+02  2.01429E-01   3.45237E+02  2.32264E-01   3.45740E+02  2.61912E-01   3.46315E+02  2.90248E-01   3.46970E+02  3.17180E-01   3.47698E+02  3.42609E-01   3.48504E+02  3.66483E-01   3.49382E+02  3.88737E-01   3.50336E+02  4.09356E-01   3.51363E+02  4.28305E-01   3.52463E+02  4.45603E-01   3.53636E+02  4.61242E-01   3.54880E+02  4.75266E-01   3.56195E+02  4.87698E-01   3.57580E+02  4.98590E-01   3.59035E+02  5.07998E-01   5.57393E-01  5.15971E-01   2.14812E+00  5.22593E-01   3.80437E+00  5.27917E-01   5.52651E+00  5.32023E-01   7.31282E+00  5.34991E-01   9.16251E+00  5.36881E-01   1.10746E+01  5.37784E-01   1.30472E+01  5.37763E-01   1.50801E+01  5.36891E-01   1.71716E+01  5.35243E-01   1.93208E+01  5.32887E-01   2.15262E+01  5.29882E-01   2.37872E+01  5.26300E-01   2.61016E+01  5.22196E-01   2.84694E+01  5.17618E-01   3.08884E+01  5.12641E-01   3.33577E+01  5.07279E-01   3.58767E+01  5.01610E-01   3.84431E+01  4.95661E-01   4.10556E+01 
 5.29354E-01   2.22562E+02  5.35565E-01   2.19957E+02  5.41467E-01   2.17399E+02  5.47029E-01   2.14889E+02  5.52194E-01   2.12427E+02  5.56911E-01   2.10016E+02  5.61127E-01   2.07656E+02  5.64765E-01   2.05349E+02  5.67799E-01   2.03096E+02  5.70130E-01   2.00898E+02  5.71704E-01   1.98757E+02  5.72455E-01   1.96673E+02  5.72284E-01   1.94647E+02  5.71144E-01   1.92682E+02  5.68944E-01   1.90778E+02  5.65597E-01   1.88935E+02  5.61053E-01   1.87156E+02  5.55201E-01   1.85441E+02  5.47995E-01   1.83791E+02  5.39343E-01   1.82208E+02  5.29184E-01   1.80691E+02  5.17459E-01   1.79243E+02  5.04104E-01   1.77864E+02  4.89082E-01   1.76555E+02  4.72347E-01   1.75316E+02  4.53881E-01   1.74149E+02  4.33671E-01   1.73053E+02  4.11716E-01   1.72031E+02  3.88041E-01   1.71082E+02  3.62673E-01   1.70207E+02  3.35675E-01   1.69406E+02  3.07108E-01   1.68680E+02  2.77070E-01   1.68030E+02  2.45663E-01   1.67455E+02  2.13017E-01   1.66956E+02  1.79271E-01   1.66534E+02  1.44585E-01   1.66188E+02  1.09127E-01   1.65918E+02  7.30834E-02   1.65725E+02  3.66401E-02   1.65612E+02  2.67483E-06   6.27500E+01  3.66436E-02   3.45611E+02  7.30839E-02   3.45729E+02  1.09130E-01   3.45919E+02  1.44586E-01   3.46189E+02  1.79273E-01   3.46534E+02  2.13020E-01   3.46957E+02  2.45667E-01   3.47455E+02  2.77071E-01   3.48031E+02  3.07113E-01   3.48680E+02  3.35674E-01   3.49407E+02  3.62677E-01   3.50206E+02  3.88040E-01   3.51082E+02  4.11718E-01   3.52030E+02  4.33670E-01   3.53054E+02  4.53882E-01   3.54148E+02  4.72345E-01   3.55316E+02  4.89081E-01   3.56555E+02  5.04103E-01   3.57864E+02  5.17458E-01   3.59243E+02  5.29185E-01   6.90948E-01  5.39344E-01   2.20801E+00  5.47997E-01   3.79102E+00  5.55207E-01   5.44114E+00  5.61054E-01   7.15608E+00  5.65607E-01   8.93536E+00  5.68943E-01   1.07778E+01  5.71146E-01   1.26821E+01  5.72286E-01   1.46475E+01  5.72449E-01   1.66728E+01  5.71704E-01   1.87567E+01  5.70133E-01   2.08983E+01  5.67798E-01   2.30961E+01  5.64773E-01   2.53492E+01  5.61127E-01   2.76560E+01  5.56909E-01   3.00158E+01  5.52191E-01   3.24271E+01  5.47026E-01   3.48882E+01  5.41469E-01   3.73988E+01  5.35563E-01   3.99565E+01  5.29353E-01   4.25616E+01 
 5.61923E-01   2.24048E+02  5.68348E-01   2.21452E+02  5.74443E-01   2.18902E+02  5.80167E-01   2.16400E+02  5.85463E-01   2.13947E+02  5.90271E-01   2.11544E+02  5.94555E-01   2.09193E+02  5.98235E-01   2.06894E+02  6.01235E-01   2.04649E+02  6.03518E-01   2.02460E+02  6.04970E-01   2.00325E+02  6.05554E-01   1.98250E+02  6.05177E-01   1.96232E+02  6.03752E-01   1.94274E+02  6.01221E-01   1.92378E+02  5.97483E-01   1.90542E+02  5.92463E-01   1.88770E+02  5.86089E-01   1.87062E+02  5.78264E-01   1.85419E+02  5.68942E-01   1.83843E+02  5.58024E-01   1.82332E+02  5.45472E-01   1.80891E+02  5.31214E-01   1.79517E+02  5.15209E-01   1.78214E+02  4.97422E-01   1.76981E+02  4.77826E-01   1.75819E+02  4.56410E-01   1.74729E+02  4.33182E-01   1.73711E+02  4.08156E-01   1.72767E+02  3.81379E-01   1.71895E+02  3.52897E-01   1.71099E+02  3.22797E-01   1.70375E+02  2.91160E-01   1.69730E+02  2.58112E-01   1.69156E+02  2.23772E-01   1.68661E+02  1.88298E-01   1.68239E+02  1.51845E-01   1.67896E+02  1.14600E-01   1.67626E+02  7.67411E-02   1.67438E+02  3.84760E-02   1.67313E+02  3.68818E-06   2.57575E+02  3.84722E-02   3.47330E+02  7.67428E-02   3.47434E+02  1.14595E-01   3.47630E+02  1.51847E-01   3.47895E+02  1.88295E-01   3.48241E+02  2.23772E-01   3.48660E+02  2.58108E-01   3.49158E+02  2.91162E-01   3.49728E+02  3.22792E-01   3.50377E+02  3.52902E-01   3.51098E+02  3.81375E-01   3.51896E+02  4.08160E-01   3.52766E+02  4.33181E-01   3.53711E+02  4.56414E-01   3.54729E+02  4.77826E-01   3.55819E+02  4.97427E-01   3.56981E+02  5.15211E-01   3.58214E+02  5.31218E-01   3.59518E+02  5.45472E-01   8.90445E-01  5.58027E-01   2.33302E+00  5.68940E-01   3.84219E+00  5.78265E-01   5.41956E+00  5.86085E-01   7.06203E+00  5.92462E-01   8.77024E+00  5.97478E-01   1.05422E+01  6.01221E-01   1.23772E+01  6.03753E-01   1.42743E+01  6.05176E-01   1.62320E+01  6.05554E-01   1.82495E+01  6.04975E-01   2.03258E+01  6.03510E-01   2.24592E+01  6.01241E-01   2.46491E+01  5.98230E-01   2.68940E+01  5.94558E-01   2.91926E+01  5.90278E-01   3.15443E+01  5.85461E-01   3.39469E+01  5.80173E-01   3.63998E+01  5.74443E-01   3.89024E+01  5.68344E-01   4.14522E+01  5.61919E-01   4.40484E+01 
 5.93279E-01   2.25530E+02  5.99887E-01   2.22943E+02  6.06132E-01   2.20402E+02  6.11977E-01   2.17909E+02  6.17369E-01   2.15464E+02  6.22237E-01   2.13069E+02  6.26532E-01   2.10727E+02  6.30183E-01   2.08436E+02  6.33138E-01   2.06200E+02  6.35304E-01   2.04018E+02  6.36621E-01   2.01893E+02  6.37002E-01   1.99825E+02  6.36369E-01   1.97815E+02  6.34642E-01   1.95865E+02  6.31742E-01   1.93976E+02  6.27578E-01   1.92148E+02  6.22080E-01   1.90383E+02  6.15152E-01   1.88683E+02  6.06727E-01   1.87047E+02  5.96718E-01   1.85477E+02  5.85065E-01   1.83973E+02  5.71694E-01   1.82538E+02  5.56555E-01   1.81171E+02  5.39599E-01   1.79873E+02  5.20790E-01   1.78646E+02  5.00108E-01   1.77489E+02  4.77539E-01   1.76404E+02  4.53095E-01   1.75390E+02  4.26795E-01   1.74450E+02  3.98681E-01   1.73583E+02  3.68816E-01   1.72790E+02  3.37271E-01   1.72071E+02  3.04157E-01   1.71427E+02  2.69572E-01   1.70858E+02  2.33675E-01   1.70363E+02  1.96596E-01   1.69946E+02  1.58524E-01   1.69602E+02  1.19622E-01   1.69337E+02  8.01036E-02   1.69143E+02  4.01558E-02   1.69035E+02  5.50627E-06   1.04960E+02  4.01608E-02   3.49027E+02  8.00988E-02   3.49149E+02  1.19628E-01   3.49335E+02  1.58520E-01   3.49604E+02  1.96601E-01   3.49945E+02  2.33673E-01   3.50365E+02  2.69579E-01   3.50858E+02  3.04156E-01   3.51428E+02  3.37279E-01   3.52071E+02  3.68816E-01   3.52791E+02  3.98687E-01   3.53583E+02  4.26798E-01   3.54451E+02  4.53098E-01   3.55390E+02  4.77542E-01   3.56404E+02  5.00108E-01   3.57489E+02  5.20790E-01   3.58645E+02  5.39596E-01   3.59873E+02  5.56552E-01   1.17033E+00  5.71691E-01   2.53797E+00  5.85061E-01   3.97298E+00  5.96718E-01   5.47688E+00  6.06726E-01   7.04646E+00  6.15156E-01   8.68274E+00  6.22081E-01   1.03835E+01  6.27587E-01   1.21481E+01  6.31743E-01   1.39757E+01  6.34647E-01   1.58648E+01  6.36368E-01   1.78148E+01  6.37001E-01   1.98245E+01  6.36616E-01   2.18925E+01  6.35309E-01   2.40182E+01  6.33137E-01   2.61997E+01  6.30191E-01   2.84364E+01  6.26535E-01   3.07267E+01  6.22235E-01   3.30697E+01  6.17366E-01   3.54640E+01  6.11975E-01   3.79086E+01  6.06127E-01   4.04022E+01  5.99883E-01   4.29424E+01  5.93279E-01   4.55297E+01 
 6.23389E-01   2.27018E+02  6.30126E-01   2.24440E+02  6.36477E-01   2.21908E+02  6.42395E-01   2.19424E+02  6.47830E-01   2.16988E+02  6.52712E-01   2.14603E+02  6.56993E-01   2.12269E+02  6.60591E-01   2.09987E+02  6.63428E-01   2.07759E+02  6.65466E-01   2.05586E+02  6.66581E-01   2.03468E+02  6.66735E-01   2.01409E+02  6.65823E-01   1.99407E+02  6.63757E-01   1.97465E+02  6.60473E-01   1.95584E+02  6.55865E-01   1.93763E+02  6.49858E-01   1.92007E+02  6.42375E-01   1.90313E+02  6.33319E-01   1.88684E+02  6.22641E-01   1.87121E+02  6.10235E-01   1.85624E+02  5.96072E-01   1.84195E+02  5.80068E-01   1.82834E+02  5.62194E-01   1.81543E+02  5.42407E-01   1.80321E+02  5.20687E-01   1.79169E+02  4.97028E-01   1.78089E+02  4.71434E-01   1.77080E+02  4.43938E-01   1.76145E+02  4.14577E-01   1.75282E+02  3.83416E-01   1.74493E+02  3.50541E-01   1.73776E+02  3.16043E-01   1.73136E+02  2.80060E-01   1.72569E+02  2.42712E-01   1.72078E+02  2.04176E-01   1.71660E+02  1.64606E-01   1.71321E+02  1.24206E-01   1.71053E+02  8.31618E-02   1.70867E+02  4.16896E-02   1.70745E+02  4.55328E-06   3.06505E+02  4.16904E-02   3.50757E+02  8.31681E-02   3.50863E+02  1.24206E-01   3.51056E+02  1.64614E-01   3.51319E+02  2.04175E-01   3.51662E+02  2.42719E-01   3.52077E+02  2.80059E-01   3.52570E+02  3.16049E-01   3.53135E+02  3.50539E-01   3.53778E+02  3.83419E-01   3.54492E+02  4.14576E-01   3.55282E+02  4.43938E-01   3.56144E+02  4.71434E-01   3.57081E+02  4.97027E-01   3.58089E+02  5.20686E-01   3.59169E+02  5.42408E-01   3.20730E-01  5.62192E-01   1.54243E+00  5.80072E-01   2.83460E+00  5.96070E-01   4.19504E+00  6.10242E-01   5.62475E+00  6.22639E-01   7.12086E+00  6.33325E-01   8.68445E+00  6.42374E-01   1.03131E+01  6.49860E-01   1.20066E+01  6.55860E-01   1.37638E+01  6.60469E-01   1.55836E+01  6.63754E-01   1.74652E+01  6.65820E-01   1.94073E+01  6.66730E-01   2.14089E+01  6.66589E-01   2.34689E+01  6.65462E-01   2.55859E+01  6.63437E-01   2.77591E+01  6.60587E-01   2.99870E+01  6.56994E-01   3.22685E+01  6.52713E-01   3.46030E+01  6.47829E-01   3.69882E+01  6.42400E-01   3.94236E+01  6.36477E-01   4.19080E+01  6.30124E-01   4.44396E+01  6.23393E-01   4.70184E+01 
 6.52189E-01   2.28520E+02  6.59018E-01   2.25952E+02  6.65434E-01   2.23430E+02  6.71388E-01   2.20955E+02  6.76826E-01   2.18529E+02  6.81673E-01   2.16152E+02  6.85879E-01   2.13827E+02  6.89378E-01   2.11554E+02  6.92084E-01   2.09335E+02  6.93927E-01   2.07171E+02  6.94835E-01   2.05062E+02  6.94703E-01   2.03011E+02  6.93480E-01   2.01018E+02  6.91050E-01   1.99083E+02  6.87347E-01   1.97210E+02  6.82281E-01   1.95398E+02  6.75759E-01   1.93648E+02  6.67709E-01   1.91962E+02  6.58038E-01   1.90340E+02  6.46674E-01   1.88784E+02  6.33552E-01   1.87294E+02  6.18591E-01   1.85871E+02  6.01759E-01   1.84517E+02  5.82990E-01   1.83231E+02  5.62265E-01   1.82015E+02  5.39556E-01   1.80868E+02  5.14860E-01   1.79794E+02  4.88190E-01   1.78789E+02  4.59568E-01   1.77859E+02  4.29048E-01   1.76999E+02  3.96691E-01   1.76214E+02  3.62581E-01   1.75502E+02  3.26831E-01   1.74863E+02  2.89549E-01   1.74300E+02  2.50902E-01   1.73810E+02  2.11021E-01   1.73396E+02  1.70114E-01   1.73055E+02  1.28341E-01   1.72793E+02  8.59313E-02   1.72601E+02  4.30728E-02   1.72495E+02  6.40521E-06   1.17251E+02  4.30764E-02   3.52486E+02  8.59230E-02   3.52607E+02  1.28347E-01   3.52791E+02  1.70105E-01   3.53058E+02  2.11027E-01   3.53395E+02  2.50895E-01   3.53811E+02  2.89554E-01   3.54299E+02  3.26827E-01   3.54864E+02  3.62585E-01   3.55501E+02  3.96691E-01   3.56214E+02  4.29051E-01   3.56999E+02  4.59571E-01   3.57858E+02  4.88191E-01   3.58790E+02  5.14862E-01   3.59793E+02  5.39557E-01   8.68480E-01  5.62265E-01   2.01424E+00  5.82991E-01   3.23094E+00  6.01756E-01   4.51648E+00  6.18592E-01   5.87160E+00  6.33546E-01   7.29392E+00  6.46675E-01   8.78425E+00  6.58036E-01   1.03403E+01  6.67710E-01   1.19621E+01  6.75761E-01   1.36483E+01  6.82285E-01   1.53978E+01  6.87349E-01   1.72101E+01  6.91056E-01   1.90835E+01  6.93477E-01   2.10175E+01  6.94710E-01   2.30107E+01  6.94830E-01   2.50621E+01  6.93931E-01   2.71706E+01  6.92086E-01   2.93351E+01  6.89379E-01   3.15543E+01  6.85883E-01   3.38272E+01  6.81673E-01   3.61523E+01  6.76825E-01   3.85283E+01  6.71385E-01   4.09548E+01  6.65426E-01   4.34299E+01  6.59015E-01   4.59519E+01  6.52189E-01   4.85202E+01 
 6.79646E-01   2.30044E+02  6.86518E-01   2.27485E+02  6.92955E-01   2.24972E+02  6.98892E-01   2.22508E+02  7.04295E-01   2.20091E+02  7.09076E-01   2.17724E+02  7.13179E-01   2.15408E+02  7.16530E-01   2.13145E+02  7.19050E-01   2.10935E+02  7.20683E-01   2.08779E+02  7.21320E-01   2.06680E+02  7.20903E-01   2.04636E+02  7.19327E-01   2.02652E+02  7.16514E-01   2.00726E+02  7.12374E-01   1.98861E+02  7.06820E-01   1.97056E+02  6.99768E-01   1.95314E+02  6.91137E-01   1.93636E+02  6.80838E-01   1.92021E+02  6.68809E-01   1.90472E+02  6.54959E-01   1.88989E+02  6.39249E-01   1.87573E+02  6.21597E-01   1.86225E+02  6.01985E-01   1.84944E+02  5.80361E-01   1.83734E+02  5.56719E-01   1.82593E+02  5.31051E-01   1.81523E+02  5.03367E-01   1.80524E+02  4.73707E-01   1.79597E+02  4.42109E-01   1.78743E+02  4.08651E-01   1.77960E+02  3.73415E-01   1.77252E+02  3.36510E-01   1.76617E+02  2.98067E-01   1.76056E+02  2.58223E-01   1.75569E+02  2.17153E-01   1.75156E+02  1.75022E-01   1.74818E+02  1.32037E-01   1.74556E+02  8.83914E-02   1.74368E+02  4.43061E-02   1.74256E+02  3.68322E-06   3.28075E+02  4.43118E-02   3.54255E+02  8.84004E-02   3.54366E+02  1.32041E-01   3.54555E+02  1.75032E-01   3.54818E+02  2.17156E-01   3.55156E+02  2.58231E-01   3.55568E+02  2.98071E-01   3.56055E+02  3.36516E-01   3.56616E+02  3.73419E-01   3.57252E+02  4.08653E-01   3.57960E+02  4.42112E-01   3.58742E+02  4.73707E-01   3.59597E+02  5.03368E-01   5.24044E-01  5.31049E-01   1.52310E+00  5.56716E-01   2.59307E+00  5.80361E-01   3.73389E+00  6.01979E-01   4.94452E+00  6.21601E-01   6.22449E+00  6.39244E-01   7.57290E+00  6.54967E-01   8.98932E+00  6.68809E-01   1.04723E+01  6.80846E-01   1.20217E+01  6.91140E-01   1.36360E+01  6.99772E-01   1.53145E+01  7.06818E-01   1.70565E+01  7.12372E-01   1.88606E+01  7.16506E-01   2.07261E+01  7.19325E-01   2.26518E+01  7.20897E-01   2.46366E+01  7.21326E-01   2.66795E+01  7.20683E-01   2.87794E+01  7.19056E-01   3.09347E+01  7.16530E-01   3.31449E+01  7.13177E-01   3.54082E+01  7.09074E-01   3.77241E+01  7.04291E-01   4.00908E+01  6.98895E-01   4.25077E+01  6.92953E-01   4.49725E+01  6.86522E-01   4.74847E+01  6.79654E-01   5.00445E+01 
 7.05736E-01   2.31594E+02  7.12608E-01   2.29045E+02  7.19022E-01   2.26542E+02  7.24912E-01   2.24087E+02  7.30222E-01   2.21681E+02  7.34888E-01   2.19323E+02  7.38839E-01   2.17017E+02  7.42021E-01   2.14763E+02  7.44322E-01   2.12562E+02  7.45690E-01   2.10417E+02  7.46046E-01   2.08326E+02  7.45276E-01   2.06291E+02  7.43343E-01   2.04315E+02  7.40110E-01   2.02398E+02  7.35519E-01   2.00541E+02  7.29477E-01   1.98745E+02  7.21881E-01   1.97010E+02  7.12674E-01   1.95340E+02  7.01752E-01   1.93732E+02  6.89051E-01   1.92191E+02  6.74506E-01   1.90714E+02  6.58037E-01   1.89304E+02  6.39618E-01   1.87963E+02  6.19175E-01   1.86688E+02  5.96711E-01   1.85484E+02  5.72182E-01   1.84348E+02  5.45605E-01   1.83283E+02  5.16985E-01   1.82289E+02  4.86359E-01   1.81367E+02  4.53780E-01   1.80516E+02  4.19315E-01   1.79738E+02  3.83058E-01   1.79032E+02  3.45119E-01   1.78400E+02  3.05620E-01   1.77842E+02  2.64723E-01   1.77357E+02  2.22574E-01   1.76947E+02  1.79377E-01   1.76610E+02  1.35302E-01   1.76349E+02  9.05767E-02   1.76161E+02  4.53979E-02   1.76050E+02  2.48021E-06   1.19054E+02  4.54002E-02   3.56049E+02  9.05708E-02   3.56164E+02  1.35305E-01   3.56348E+02  1.79369E-01   3.56611E+02  2.22578E-01   3.56946E+02  2.64717E-01   3.57358E+02  3.05622E-01   3.57842E+02  3.45114E-01   3.58401E+02  3.83057E-01   3.59032E+02  4.19313E-01   3.59738E+02  4.53778E-01   5.16140E-01  4.86356E-01   1.36629E+00  5.16984E-01   2.28936E+00  5.45601E-01   3.28301E+00  5.72184E-01   4.34831E+00  5.96708E-01   5.48341E+00  6.19182E-01   6.68844E+00  6.39615E-01   7.96223E+00  6.58043E-01   9.30459E+00  6.74505E-01   1.07139E+01  6.89055E-01   1.21905E+01  7.01752E-01   1.37324E+01  7.12671E-01   1.53396E+01  7.21880E-01   1.70106E+01  7.29474E-01   1.87447E+01  7.35517E-01   2.05410E+01  7.40116E-01   2.23980E+01  7.43340E-01   2.43154E+01  7.45290E-01   2.62914E+01  7.46045E-01   2.83255E+01  7.45694E-01   3.04159E+01  7.44324E-01   3.25625E+01  7.42015E-01   3.47631E+01  7.38844E-01   3.70175E+01  7.34887E-01   3.93237E+01  7.30225E-01   4.16804E+01  7.24908E-01   4.40873E+01  7.19016E-01   4.65423E+01  7.12609E-01   4.90451E+01  7.05735E-01   5.15937E+01 
 7.30418E-01   2.33173E+02  7.37250E-01   2.30635E+02  7.43602E-01   2.28143E+02  7.49395E-01   2.25698E+02  7.54594E-01   2.23301E+02  7.59109E-01   2.20955E+02  7.62870E-01   2.18658E+02  7.65823E-01   2.16414E+02  7.67883E-01   2.14223E+02  7.68960E-01   2.12085E+02  7.68991E-01   2.10004E+02  7.67875E-01   2.07979E+02  7.65523E-01   2.06012E+02  7.61871E-01   2.04103E+02  7.56792E-01   2.02254E+02  7.50241E-01   2.00467E+02  7.42102E-01   1.98740E+02  7.32304E-01   1.97077E+02  7.20769E-01   1.95478E+02  7.07415E-01   1.93943E+02  6.92178E-01   1.92474E+02  6.75001E-01   1.91070E+02  6.55820E-01   1.89735E+02  6.34615E-01   1.88467E+02  6.11334E-01   1.87268E+02  5.85986E-01   1.86138E+02  5.58554E-01   1.85077E+02  5.29068E-01   1.84089E+02  4.97559E-01   1.83170E+02  4.64078E-01   1.82324E+02  4.28708E-01   1.81549E+02  3.91526E-01   1.80848E+02  3.52662E-01   1.80218E+02  3.12230E-01   1.79663E+02  2.70392E-01   1.79180E+02  2.27307E-01   1.78773E+02  1.83159E-01   1.78437E+02  1.38144E-01   1.78178E+02  9.24677E-02   1.77991E+02  4.63455E-02   1.77883E+02  6.00674E-07   1.99840E+02  4.63482E-02   3.57876E+02  9.24695E-02   3.57990E+02  1.38146E-01   3.58176E+02  1.83162E-01   3.58437E+02  2.27310E-01   3.58771E+02  2.70393E-01   3.59180E+02  3.12234E-01   3.59662E+02  3.52662E-01   2.18507E-01  3.91532E-01   8.46853E-01  4.28708E-01   1.54958E+00  4.64083E-01   2.32318E+00  4.97561E-01   3.17053E+00  5.29070E-01   4.08800E+00  5.58557E-01   5.07786E+00  5.85984E-01   6.13742E+00  6.11338E-01   7.26744E+00  6.34611E-01   8.46658E+00  6.55825E-01   9.73446E+00  6.74998E-01   1.10703E+01  6.92182E-01   1.24733E+01  7.07414E-01   1.39426E+01  7.20772E-01   1.54776E+01  7.32304E-01   1.70772E+01  7.42107E-01   1.87404E+01  7.50237E-01   2.04665E+01  7.56800E-01   2.22544E+01  7.61863E-01   2.41032E+01  7.65527E-01   2.60116E+01  7.67871E-01   2.79790E+01  7.68989E-01   3.00038E+01  7.68963E-01   3.20858E+01  7.67882E-01   3.42225E+01  7.65824E-01   3.64139E+01  7.62870E-01   3.86581E+01  7.59106E-01   4.09540E+01  7.54588E-01   4.33012E+01  7.49395E-01   4.56979E+01  7.43601E-01   4.81425E+01  7.37258E-01   5.06343E+01  7.30420E-01   5.31732E+01 
 7.53705E-01   2.34785E+02  7.60452E-01   2.32258E+02  7.66696E-01   2.29776E+02  7.72358E-01   2.27342E+02  7.77382E-01   2.24956E+02  7.81712E-01   2.22619E+02  7.85256E-01   2.20333E+02  7.87957E-01   2.18099E+02  7.89723E-01   2.15918E+02  7.90483E-01   2.13790E+02  7.90157E-01   2.11719E+02  7.88650E-01   2.09703E+02  7.85894E-01   2.07744E+02  7.81775E-01   2.05845E+02  7.76228E-01   2.04004E+02  7.69149E-01   2.02225E+02  7.60459E-01   2.00507E+02  7.50080E-01   1.98851E+02  7.37925E-01   1.97259E+02  7.23928E-01   1.95731E+02  7.08024E-01   1.94270E+02  6.90145E-01   1.92873E+02  6.70257E-01   1.91544E+02  6.48303E-01   1.90282E+02  6.24281E-01   1.89089E+02  5.98151E-01   1.87964E+02  5.69945E-01   1.86910E+02  5.39658E-01   1.85925E+02  5.07349E-01   1.85011E+02  4.73057E-01   1.84169E+02  4.36868E-01   1.83398E+02  3.98872E-01   1.82700E+02  3.59183E-01   1.82074E+02  3.17934E-01   1.81521E+02  2.75275E-01   1.81041E+02  2.31372E-01   1.80634E+02  1.86410E-01   1.80302E+02  1.40578E-01   1.80042E+02  9.40903E-02   1.79858E+02  4.71559E-02   1.79744E+02  1.74803E-06   3.34082E+02  4.71580E-02   3.59749E+02  9.40914E-02   3.59858E+02  1.40581E-01   4.34347E-02  1.86410E-01   3.01802E-01  2.31373E-01   6.35289E-01  2.75275E-01   1.04103E+00  3.17934E-01   1.52139E+00  3.59181E-01   2.07403E+00  3.98871E-01   2.70029E+00  4.36864E-01   3.39843E+00  4.73055E-01   4.16939E+00  5.07342E-01   5.01146E+00  5.39658E-01   5.92540E+00  5.69938E-01   6.90966E+00  5.98155E-01   7.96442E+00  6.24276E-01   9.08881E+00  6.48309E-01   1.02821E+01  6.70257E-01   1.15438E+01  6.90151E-01   1.28733E+01  7.08025E-01   1.42693E+01  7.23933E-01   1.57319E+01  7.37925E-01   1.72591E+01  7.50079E-01   1.88513E+01  7.60454E-01   2.05066E+01  7.69147E-01   2.22247E+01  7.76220E-01   2.40043E+01  7.81779E-01   2.58444E+01  7.85893E-01   2.77444E+01  7.88659E-01   2.97025E+01  7.90160E-01   3.17186E+01  7.90487E-01   3.37902E+01  7.89722E-01   3.59177E+01  7.87953E-01   3.80989E+01  7.85258E-01   4.03331E+01  7.81707E-01   4.26196E+01  7.77386E-01   4.49562E+01  7.72358E-01   4.73422E+01  7.66697E-01   4.97760E+01  7.60454E-01   5.22582E+01  7.53702E-01   5.47857E+01 
 7.75555E-01   2.36433E+02  7.82190E-01   2.33917E+02  7.88289E-01   2.31446E+02  7.93785E-01   2.29023E+02  7.98615E-01   2.26647E+02  8.02714E-01   2.24322E+02  8.05996E-01   2.22046E+02  8.08412E-01   2.19822E+02  8.09872E-01   2.17650E+02  8.10276E-01   2.15533E+02  8.09578E-01   2.13471E+02  8.07661E-01   2.11464E+02  8.04446E-01   2.09515E+02  7.99875E-01   2.07625E+02  7.93808E-01   2.05793E+02  7.86218E-01   2.04022E+02  7.76970E-01   2.02312E+02  7.66010E-01   2.00665E+02  7.53259E-01   1.99080E+02  7.38631E-01   1.97560E+02  7.22080E-01   1.96105E+02  7.03537E-01   1.94716E+02  6.82961E-01   1.93393E+02  6.60317E-01   1.92137E+02  6.35576E-01   1.90950E+02  6.08741E-01   1.89831E+02  5.79804E-01   1.88781E+02  5.48799E-01   1.87802E+02  5.15758E-01   1.86893E+02  4.80743E-01   1.86055E+02  4.43833E-01   1.85288E+02  4.05115E-01   1.84593E+02  3.64715E-01   1.83970E+02  3.22755E-01   1.83420E+02  2.79395E-01   1.82942E+02  2.34796E-01   1.82538E+02  1.89140E-01   1.82206E+02  1.42624E-01   1.81949E+02  9.54528E-02   1.81764E+02  4.78378E-02   1.81654E+02  4.17347E-06   1.94384E+02  4.78349E-02   1.65303E+00  9.54466E-02   1.76374E+00  1.42620E-01   1.94802E+00  1.89135E-01   2.20616E+00  2.34792E-01   2.53683E+00  2.79391E-01   2.94220E+00  3.22754E-01   3.41907E+00  3.64712E-01   3.97015E+00  4.05114E-01   4.59236E+00  4.43832E-01   5.28790E+00  4.80743E-01   6.05426E+00  5.15761E-01   6.89299E+00  5.48801E-01   7.80165E+00  5.79809E-01   8.78168E+00  6.08745E-01   9.83081E+00  6.35583E-01   1.09498E+01  6.60322E-01   1.21372E+01  6.82964E-01   1.33929E+01  7.03538E-01   1.47155E+01  7.22080E-01   1.61051E+01  7.38627E-01   1.75602E+01  7.53257E-01   1.90805E+01  7.66005E-01   2.06647E+01  7.76975E-01   2.23122E+01  7.86212E-01   2.40220E+01  7.93821E-01   2.57930E+01  7.99873E-01   2.76245E+01  8.04455E-01   2.95150E+01  8.07660E-01   3.14643E+01  8.09573E-01   3.34703E+01  8.10276E-01   3.55330E+01  8.09866E-01   3.76504E+01  8.08412E-01   3.98218E+01  8.05998E-01   4.20460E+01  8.02710E-01   4.43212E+01  7.98612E-01   4.66473E+01  7.93782E-01   4.90225E+01  7.88290E-01   5.14461E+01  7.82193E-01   5.39168E+01  7.75548E-01   5.64328E+01 
 7.95996E-01   2.38117E+02  8.02472E-01   2.35613E+02  8.08392E-01   2.33154E+02  8.13679E-01   2.30741E+02  8.18273E-01   2.28377E+02  8.22119E-01   2.26062E+02  8.25119E-01   2.23797E+02  8.27204E-01   2.21583E+02  8.28319E-01   2.19423E+02  8.28359E-01   2.17315E+02  8.27246E-01   2.15263E+02  8.24915E-01   2.13266E+02  8.21247E-01   2.11326E+02  8.16179E-01   2.09445E+02  8.09626E-01   2.07622E+02  8.01477E-01   2.05860E+02  7.91693E-01   2.04158E+02  7.80150E-01   2.02519E+02  7.66803E-01   2.00943E+02  7.51571E-01   1.99430E+02  7.34389E-01   1.97982E+02  7.15214E-01   1.96600E+02  6.93991E-01   1.95283E+02  6.70693E-01   1.94034E+02  6.45300E-01   1.92852E+02  6.17798E-01   1.91740E+02  5.88211E-01   1.90695E+02  5.56544E-01   1.89721E+02  5.22858E-01   1.88816E+02  4.87197E-01   1.87982E+02  4.49652E-01   1.87219E+02  4.10311E-01   1.86527E+02  3.69295E-01   1.85908E+02  3.26733E-01   1.85360E+02  2.82779E-01   1.84885E+02  2.37597E-01   1.84481E+02  1.91369E-01   1.84154E+02  1.44287E-01   1.83895E+02  9.65551E-02   1.83714E+02  4.83879E-02   1.83600E+02  3.80460E-06   3.30981E+02  4.83906E-02   3.60576E+00  9.65599E-02   3.71229E+00  1.44291E-01   3.89776E+00  1.91372E-01   4.15241E+00  2.37602E-01   4.48349E+00  2.82783E-01   4.88469E+00  3.26738E-01   5.36071E+00  3.69297E-01   5.90751E+00  4.10318E-01   6.52773E+00  4.49652E-01   7.21896E+00  4.87204E-01   7.98206E+00  5.22857E-01   8.81588E+00  5.56549E-01   9.72056E+00  5.88210E-01   1.06952E+01  6.17801E-01   1.17394E+01  6.45299E-01   1.28527E+01  6.70692E-01   1.40341E+01  6.93989E-01   1.52834E+01  7.15213E-01   1.65997E+01  7.34386E-01   1.79820E+01  7.51571E-01   1.94302E+01  7.66799E-01   2.09425E+01  7.80155E-01   2.25191E+01  7.91688E-01   2.41583E+01  8.01484E-01   2.58597E+01  8.09624E-01   2.76221E+01  8.16179E-01   2.94445E+01  8.21248E-01   3.13263E+01  8.24912E-01   3.32658E+01  8.27250E-01   3.52627E+01  8.28361E-01   3.73151E+01  8.28318E-01   3.94224E+01  8.27207E-01   4.15835E+01  8.25117E-01   4.37965E+01  8.22112E-01   4.60619E+01  8.18276E-01   4.83770E+01  8.13684E-01   5.07413E+01  8.08395E-01   5.31534E+01  8.02471E-01   5.56130E+01  7.95994E-01   5.81178E+01 
 8.15017E-01   2.39841E+02  8.21310E-01   2.37348E+02  8.27011E-01   2.34900E+02  8.32068E-01   2.32499E+02  8.36390E-01   2.30146E+02  8.39938E-01   2.27842E+02  8.42629E-01   2.25588E+02  8.44375E-01   2.23385E+02  8.45116E-01   2.21235E+02  8.44758E-01   2.19138E+02  8.43227E-01   2.17096E+02  8.40435E-01   2.15109E+02  8.36301E-01   2.13179E+02  8.30746E-01   2.11307E+02  8.23665E-01   2.09494E+02  8.15006E-01   2.07740E+02  8.04650E-01   2.06047E+02  7.92554E-01   2.04416E+02  7.78623E-01   2.02847E+02  7.62797E-01   2.01342E+02  7.45021E-01   1.99902E+02  7.25231E-01   1.98527E+02  7.03405E-01   1.97217E+02  6.79492E-01   1.95974E+02  6.53493E-01   1.94798E+02  6.25391E-01   1.93691E+02  5.95204E-01   1.92652E+02  5.62956E-01   1.91683E+02  5.28693E-01   1.90783E+02  4.92475E-01   1.89953E+02  4.54380E-01   1.89194E+02  4.14511E-01   1.88505E+02  3.72976E-01   1.87889E+02  3.29918E-01   1.87344E+02  2.85473E-01   1.86872E+02  2.39824E-01   1.86471E+02  1.93130E-01   1.86143E+02  1.45604E-01   1.85887E+02  9.74268E-02   1.85707E+02  4.88243E-02   1.85593E+02  1.31015E-06   2.99443E+02  4.88194E-02   5.59980E+00  9.74288E-02   5.70481E+00  1.45596E-01   5.88881E+00  1.93133E-01   6.14298E+00  2.39817E-01   6.47124E+00  2.85475E-01   6.87140E+00  3.29912E-01   7.34428E+00  3.72978E-01   7.88888E+00  4.14505E-01   8.50564E+00  4.54381E-01   9.19330E+00  4.92471E-01   9.95270E+00  5.28693E-01   1.07823E+01  5.62957E-01   1.16823E+01  5.95203E-01   1.26522E+01  6.25395E-01   1.36908E+01  6.53492E-01   1.47986E+01  6.79497E-01   1.59738E+01  7.03403E-01   1.72171E+01  7.25233E-01   1.85263E+01  7.45020E-01   1.99021E+01  7.62794E-01   2.13422E+01  7.78624E-01   2.28475E+01  7.92549E-01   2.44158E+01  8.04654E-01   2.60468E+01  8.15004E-01   2.77399E+01  8.23671E-01   2.94932E+01  8.30749E-01   3.13071E+01  8.36308E-01   3.31789E+01  8.40437E-01   3.51092E+01  8.43227E-01   3.70958E+01  8.44754E-01   3.91380E+01  8.45110E-01   4.12353E+01  8.44375E-01   4.33853E+01  8.42624E-01   4.55886E+01  8.39938E-01   4.78424E+01  8.36396E-01   5.01463E+01  8.32065E-01   5.24991E+01  8.27010E-01   5.49003E+01  8.21309E-01   5.73481E+01  8.15008E-01   5.98405E+01 
 8.32622E-01   2.41604E+02  8.38706E-01   2.39123E+02  8.44163E-01   2.36687E+02  8.48947E-01   2.34298E+02  8.52983E-01   2.31957E+02  8.56207E-01   2.29664E+02  8.58552E-01   2.27421E+02  8.59928E-01   2.25229E+02  8.60278E-01   2.23090E+02  8.59512E-01   2.21003E+02  8.57536E-01   2.18971E+02  8.54298E-01   2.16995E+02  8.49672E-01   2.15074E+02  8.43615E-01   2.13212E+02  8.36024E-01   2.11408E+02  8.26811E-01   2.09663E+02  8.15931E-01   2.07979E+02  8.03261E-01   2.06356E+02  7.88777E-01   2.04796E+02  7.72378E-01   2.03299E+02  7.54027E-01   2.01865E+02  7.33670E-01   2.00497E+02  7.11265E-01   1.99194E+02  6.86792E-01   1.97958E+02  6.60229E-01   1.96789E+02  6.31582E-01   1.95687E+02  6.00857E-01   1.94653E+02  5.68092E-01   1.93689E+02  5.33324E-01   1.92794E+02  4.96625E-01   1.91968E+02  4.58066E-01   1.91213E+02  4.17754E-01   1.90528E+02  3.75797E-01   1.89916E+02  3.32333E-01   1.89373E+02  2.87509E-01   1.88903E+02  2.41486E-01   1.88504E+02  1.94446E-01   1.88179E+02  1.46574E-01   1.87925E+02  9.80715E-02   1.87744E+02  4.91423E-02   1.87635E+02  7.33613E-07   2.92076E+02  4.91450E-02   7.63244E+00  9.80707E-02   7.74243E+00  1.46578E-01   7.92418E+00  1.94446E-01   8.17783E+00  2.41491E-01   8.50472E+00  2.87510E-01   8.90245E+00  3.32338E-01   9.37339E+00  3.75800E-01   9.91496E+00  4.17761E-01   1.05285E+01  4.58072E-01   1.12128E+01  4.96631E-01   1.19681E+01  5.33332E-01   1.27934E+01  5.68097E-01   1.36890E+01  6.00865E-01   1.46533E+01  6.31583E-01   1.56871E+01  6.60233E-01   1.67886E+01  6.86790E-01   1.79582E+01  7.11262E-01   1.91945E+01  7.33668E-01   2.04973E+01  7.54019E-01   2.18655E+01  7.72380E-01   2.32987E+01  7.88770E-01   2.47958E+01  8.03269E-01   2.63561E+01  8.15932E-01   2.79790E+01  8.26818E-01   2.96628E+01  8.36028E-01   3.14077E+01  8.43613E-01   3.32116E+01  8.49672E-01   3.50745E+01  8.54289E-01   3.69946E+01  8.57535E-01   3.89711E+01  8.59508E-01   4.10035E+01  8.60280E-01   4.30896E+01  8.59930E-01   4.52295E+01  8.58551E-01   4.74209E+01  8.56209E-01   4.96636E+01  8.52984E-01   5.19561E+01  8.48947E-01   5.42981E+01  8.44167E-01   5.66874E+01  8.38700E-01   5.91228E+01  8.32628E-01   6.16037E+01 
 8.48862E-01   2.43407E+02  8.54684E-01   2.40938E+02  8.59872E-01   2.38515E+02  8.64363E-01   2.36138E+02  8.68074E-01   2.33808E+02  8.70953E-01   2.31527E+02  8.72936E-01   2.29295E+02  8.73921E-01   2.27115E+02  8.73851E-01   2.24987E+02  8.72651E-01   2.22911E+02  8.70225E-01   2.20890E+02  8.66506E-01   2.18923E+02  8.61410E-01   2.17013E+02  8.54836E-01   2.15160E+02  8.46734E-01   2.13366E+02  8.36998E-01   2.11630E+02  8.25562E-01   2.09955E+02  8.12366E-01   2.08341E+02  7.97315E-01   2.06789E+02  7.80380E-01   2.05300E+02  7.61479E-01   2.03874E+02  7.40581E-01   2.02513E+02  7.17650E-01   2.01217E+02  6.92650E-01   1.99987E+02  6.65587E-01   1.98824E+02  6.36442E-01   1.97728E+02  6.05250E-01   1.96700E+02  5.72026E-01   1.95740E+02  5.36831E-01   1.94850E+02  4.99720E-01   1.94029E+02  4.60779E-01   1.93278E+02  4.20107E-01   1.92597E+02  3.77813E-01   1.91987E+02  3.34041E-01   1.91447E+02  2.88922E-01   1.90980E+02  2.42637E-01   1.90583E+02  1.95337E-01   1.90259E+02  1.47233E-01   1.90006E+02  9.84991E-02   1.89826E+02  4.93554E-02   1.89716E+02  5.32649E-06   8.45825E-01  4.93582E-02   9.72083E+00  9.85108E-02   9.82519E+00  1.47235E-01   1.00074E+01  1.95349E-01   1.02587E+01  2.42637E-01   1.05838E+01  2.88933E-01   1.09797E+01  3.34043E-01   1.14477E+01  3.77822E-01   1.19865E+01  4.20107E-01   1.25970E+01  4.60782E-01   1.32774E+01  4.99720E-01   1.40289E+01  5.36828E-01   1.48498E+01  5.72025E-01   1.57403E+01  6.05241E-01   1.67001E+01  6.36440E-01   1.77278E+01  6.65578E-01   1.88240E+01  6.92647E-01   1.99870E+01  7.17645E-01   2.12170E+01  7.40578E-01   2.25127E+01  7.61483E-01   2.38739E+01  7.80380E-01   2.52992E+01  7.97324E-01   2.67887E+01  8.12368E-01   2.83406E+01  8.25566E-01   2.99547E+01  8.37000E-01   3.16303E+01  8.46729E-01   3.33653E+01  8.54836E-01   3.51605E+01  8.61407E-01   3.70131E+01  8.66506E-01   3.89235E+01  8.70229E-01   4.08899E+01  8.72653E-01   4.29111E+01  8.73850E-01   4.49869E+01  8.73920E-01   4.71149E+01  8.72930E-01   4.92958E+01  8.70954E-01   5.15269E+01  8.68077E-01   5.38083E+01  8.64361E-01   5.61380E+01  8.59866E-01   5.85150E+01  8.54684E-01   6.09383E+01  8.48860E-01   6.34069E+01 
 8.63711E-01   2.45252E+02  8.69278E-01   2.42795E+02  8.74154E-01   2.40384E+02  8.78324E-01   2.38019E+02  8.81703E-01   2.35702E+02  8.84203E-01   2.33433E+02  8.85797E-01   2.31213E+02  8.86386E-01   2.29044E+02  8.85884E-01   2.26927E+02  8.84242E-01   2.24862E+02  8.81349E-01   2.22852E+02  8.77149E-01   2.20896E+02  8.71551E-01   2.18996E+02  8.64483E-01   2.17153E+02  8.55855E-01   2.15368E+02  8.45603E-01   2.13642E+02  8.33643E-01   2.11976E+02  8.19907E-01   2.10371E+02  8.04342E-01   2.08826E+02  7.86865E-01   2.07346E+02  7.67458E-01   2.05927E+02  7.46046E-01   2.04574E+02  7.22620E-01   2.03285E+02  6.97147E-01   2.02061E+02  6.69616E-01   2.00905E+02  6.40042E-01   1.99814E+02  6.08427E-01   1.98793E+02  5.74824E-01   1.97838E+02  5.39258E-01   1.96953E+02  5.01822E-01   1.96135E+02  4.62569E-01   1.95389E+02  4.21623E-01   1.94712E+02  3.79080E-01   1.94105E+02  3.35081E-01   1.93569E+02  2.89768E-01   1.93103E+02  2.43299E-01   1.92710E+02  1.95849E-01   1.92386E+02  1.47598E-01   1.92137E+02  9.87418E-02   1.91955E+02  4.94736E-02   1.91852E+02  1.14279E-06   1.65495E+02  4.94725E-02   1.18425E+01  9.87383E-02   1.19559E+01  1.47598E-01   1.21332E+01  1.95846E-01   1.23862E+01  2.43298E-01   1.27082E+01  2.89764E-01   1.31029E+01  3.35077E-01   1.35679E+01  3.79077E-01   1.41044E+01  4.21618E-01   1.47112E+01  4.62570E-01   1.53883E+01  5.01814E-01   1.61358E+01  5.39261E-01   1.69520E+01  5.74818E-01   1.78384E+01  6.08430E-01   1.87922E+01  6.40040E-01   1.98152E+01  6.69619E-01   2.09047E+01  6.97150E-01   2.20618E+01  7.22622E-01   2.32848E+01  7.46053E-01   2.45736E+01  7.67457E-01   2.59272E+01  7.86873E-01   2.73451E+01  8.04340E-01   2.88264E+01  8.19910E-01   3.03699E+01  8.33642E-01   3.19759E+01  8.45601E-01   3.36415E+01  8.55857E-01   3.53682E+01  8.64482E-01   3.71528E+01  8.71553E-01   3.89959E+01  8.77147E-01   4.08959E+01  8.81349E-01   4.28513E+01  8.84233E-01   4.48624E+01  8.85886E-01   4.69265E+01  8.86382E-01   4.90442E+01  8.85798E-01   5.12131E+01  8.84214E-01   5.34327E+01  8.81701E-01   5.57017E+01  8.78317E-01   5.80196E+01  8.74160E-01   6.03842E+01  8.69276E-01   6.27953E+01  8.63719E-01   6.52520E+01 
 8.77241E-01   2.47138E+02  8.82493E-01   2.44694E+02  8.87065E-01   2.42295E+02  8.90876E-01   2.39943E+02  8.93894E-01   2.37638E+02  8.96021E-01   2.35381E+02  8.97192E-01   2.33173E+02  8.97358E-01   2.31016E+02  8.96417E-01   2.28910E+02  8.94312E-01   2.26857E+02  8.90957E-01   2.24857E+02  8.86268E-01   2.22912E+02  8.80182E-01   2.21023E+02  8.72600E-01   2.19190E+02  8.63470E-01   2.17415E+02  8.52695E-01   2.15698E+02  8.40224E-01   2.14041E+02  8.25977E-01   2.12445E+02  8.09898E-01   2.10910E+02  7.91935E-01   2.09437E+02  7.72026E-01   2.08027E+02  7.50155E-01   2.06680E+02  7.26264E-01   2.05399E+02  7.00360E-01   2.04182E+02  6.72418E-01   2.03032E+02  6.42455E-01   2.01947E+02  6.10485E-01   2.00931E+02  5.76547E-01   1.99982E+02  5.40691E-01   1.99100E+02  5.02979E-01   1.98289E+02  4.63501E-01   1.97545E+02  4.22346E-01   1.96872E+02  3.79636E-01   1.96268E+02  3.35493E-01   1.95736E+02  2.90065E-01   1.95272E+02  2.43506E-01   1.94881E+02  1.95989E-01   1.94559E+02  1.47685E-01   1.94311E+02  9.87924E-02   1.94131E+02  4.94933E-02   1.94026E+02  2.29304E-06   1.19416E+02  4.94999E-02   1.40228E+01  9.87928E-02   1.41325E+01  1.47689E-01   1.43099E+01  1.95991E-01   1.45605E+01  2.43509E-01   1.48807E+01  2.90069E-01   1.52734E+01  3.35496E-01   1.57356E+01  3.79638E-01   1.62693E+01  4.22349E-01   1.68724E+01  4.63503E-01   1.75462E+01  5.02984E-01   1.82888E+01  5.40692E-01   1.91013E+01  5.76549E-01   1.99817E+01  6.10487E-01   2.09311E+01  6.42453E-01   2.19476E+01  6.72418E-01   2.30316E+01  7.00356E-01   2.41821E+01  7.26266E-01   2.53984E+01  7.50151E-01   2.66802E+01  7.72030E-01   2.80263E+01  7.91934E-01   2.94365E+01  8.09900E-01   3.09093E+01  8.25981E-01   3.24449E+01  8.40224E-01   3.40411E+01  8.52697E-01   3.56983E+01  8.63466E-01   3.74148E+01  8.72598E-01   3.91899E+01  8.80177E-01   4.10228E+01  8.86266E-01   4.29121E+01  8.90955E-01   4.48573E+01  8.94315E-01   4.68570E+01  8.96421E-01   4.89103E+01  8.97357E-01   5.10160E+01  8.97198E-01   5.31734E+01  8.96018E-01   5.53808E+01  8.93885E-01   5.76383E+01  8.90881E-01   5.99434E+01  8.87063E-01   6.22955E+01  8.82493E-01   6.46941E+01  8.77242E-01   6.71378E+01 
 8.89454E-01   2.49066E+02  8.94385E-01   2.46635E+02  8.98604E-01   2.44249E+02  9.02063E-01   2.41909E+02  9.04692E-01   2.39617E+02  9.06420E-01   2.37372E+02  9.07180E-01   2.35177E+02  9.06905E-01   2.33031E+02  9.05511E-01   2.30937E+02  9.02938E-01   2.28895E+02  8.99104E-01   2.26907E+02  8.93928E-01   2.24973E+02  8.87344E-01   2.23094E+02  8.79270E-01   2.21272E+02  8.69629E-01   2.19506E+02  8.58361E-01   2.17800E+02  8.45381E-01   2.16152E+02  8.30643E-01   2.14565E+02  8.14078E-01   2.13038E+02  7.95635E-01   2.11573E+02  7.75278E-01   2.10171E+02  7.52957E-01   2.08833E+02  7.28662E-01   2.07558E+02  7.02359E-01   2.06349E+02  6.74059E-01   2.05205E+02  6.43760E-01   2.04127E+02  6.11491E-01   2.03116E+02  5.77283E-01   2.02172E+02  5.41191E-01   2.01296E+02  5.03281E-01   2.00489E+02  4.63636E-01   1.99750E+02  4.22351E-01   1.99080E+02  3.79544E-01   1.98480E+02  3.35332E-01   1.97950E+02  2.89871E-01   1.97489E+02  2.43299E-01   1.97100E+02  1.95795E-01   1.96780E+02  1.47523E-01   1.96532E+02  9.86746E-02   1.96354E+02  4.94358E-02   1.96248E+02  2.89887E-07   8.08025E+01  4.94354E-02   1.62492E+01  9.86737E-02   1.63544E+01  1.47526E-01   1.65321E+01  1.95792E-01   1.67806E+01  2.43301E-01   1.70999E+01  2.89866E-01   1.74896E+01  3.35334E-01   1.79497E+01  3.79538E-01   1.84800E+01  4.22349E-01   1.90802E+01  4.63630E-01   1.97496E+01  5.03276E-01   2.04887E+01  5.41186E-01   2.12960E+01  5.77277E-01   2.21722E+01  6.11485E-01   2.31157E+01  6.43757E-01   2.41269E+01  6.74058E-01   2.52048E+01  7.02361E-01   2.63486E+01  7.28665E-01   2.75584E+01  7.52964E-01   2.88326E+01  7.75284E-01   3.01714E+01  7.95643E-01   3.15732E+01  8.14080E-01   3.30381E+01  8.30644E-01   3.45644E+01  8.45379E-01   3.61521E+01  8.58356E-01   3.77996E+01  8.69626E-01   3.95065E+01  8.79268E-01   4.12716E+01  8.87345E-01   4.30939E+01  8.93930E-01   4.49729E+01  8.99107E-01   4.69068E+01  9.02937E-01   4.88954E+01  9.05509E-01   5.09370E+01  9.06903E-01   5.30313E+01  9.07180E-01   5.51765E+01  9.06416E-01   5.73723E+01  9.04694E-01   5.96169E+01  9.02063E-01   6.19092E+01  8.98604E-01   6.42489E+01  8.94386E-01   6.66347E+01  8.89457E-01   6.90658E+01 
 9.00391E-01   2.51035E+02  9.04978E-01   2.48617E+02  9.08846E-01   2.46244E+02  9.11909E-01   2.43918E+02  9.14144E-01   2.41638E+02  9.15459E-01   2.39406E+02  9.15780E-01   2.37223E+02  9.15067E-01   2.35090E+02  9.13217E-01   2.33008E+02  9.10169E-01   2.30978E+02  9.05859E-01   2.29000E+02  9.00194E-01   2.27078E+02  8.93117E-01   2.25210E+02  8.84547E-01   2.23398E+02  8.74417E-01   2.21643E+02  8.62654E-01   2.19946E+02  8.49200E-01   2.18308E+02  8.33984E-01   2.16729E+02  8.16960E-01   2.15212E+02  7.98074E-01   2.13756E+02  7.77282E-01   2.12362E+02  7.54564E-01   2.11031E+02  7.29879E-01   2.09764E+02  7.03233E-01   2.08561E+02  6.74607E-01   2.07424E+02  6.44026E-01   2.06353E+02  6.11505E-01   2.05347E+02  5.77086E-01   2.04409E+02  5.40819E-01   2.03538E+02  5.02771E-01   2.02735E+02  4.63026E-01   2.02000E+02  4.21680E-01   2.01335E+02  3.78842E-01   2.00738E+02  3.34643E-01   2.00211E+02  2.89213E-01   1.99753E+02  2.42711E-01   1.99366E+02  1.95292E-01   1.99048E+02  1.47130E-01   1.98802E+02  9.84065E-02   1.98623E+02  4.92965E-02   1.98521E+02  4.13859E-06   1.63426E+02  4.92954E-02   1.85162E+01  9.84003E-02   1.86263E+01  1.47125E-01   1.88008E+01  1.95289E-01   1.90491E+01  2.42704E-01   1.93655E+01  2.89210E-01   1.97538E+01  3.34636E-01   2.02106E+01  3.78839E-01   2.07384E+01  4.21677E-01   2.13347E+01  4.63023E-01   2.20008E+01  5.02772E-01   2.27351E+01  5.40819E-01   2.35382E+01  5.77090E-01   2.44089E+01  6.11510E-01   2.53472E+01  6.44034E-01   2.63525E+01  6.74616E-01   2.74238E+01  7.03241E-01   2.85615E+01  7.29887E-01   2.97637E+01  7.54565E-01   3.10311E+01  7.77287E-01   3.23616E+01  7.98066E-01   3.37558E+01  8.16957E-01   3.52118E+01  8.33976E-01   3.67297E+01  8.49194E-01   3.83079E+01  8.62655E-01   3.99459E+01  8.74414E-01   4.16430E+01  8.84552E-01   4.33974E+01  8.93116E-01   4.52098E+01  9.00194E-01   4.70773E+01  9.05856E-01   4.90004E+01  9.10165E-01   5.09776E+01  9.13220E-01   5.30076E+01  9.15066E-01   5.50900E+01  9.15784E-01   5.72231E+01  9.15462E-01   5.94061E+01  9.14140E-01   6.16381E+01  9.11912E-01   6.39179E+01  9.08846E-01   6.62446E+01  9.04980E-01   6.86178E+01  9.00389E-01   7.10354E+01 
 9.10089E-01   2.53047E+02  9.14309E-01   2.50643E+02  9.17804E-01   2.48283E+02  9.20486E-01   2.45969E+02  9.22291E-01   2.43702E+02  9.23194E-01   2.41483E+02  9.23076E-01   2.39312E+02  9.21897E-01   2.37191E+02  9.19593E-01   2.35122E+02  9.16070E-01   2.33103E+02  9.11277E-01   2.31138E+02  9.05134E-01   2.29226E+02  8.97567E-01   2.27369E+02  8.88512E-01   2.25568E+02  8.77897E-01   2.23824E+02  8.65658E-01   2.22137E+02  8.51736E-01   2.20509E+02  8.36071E-01   2.18939E+02  8.18611E-01   2.17431E+02  7.99310E-01   2.15983E+02  7.78129E-01   2.14598E+02  7.55038E-01   2.13275E+02  7.30021E-01   2.12015E+02  7.03058E-01   2.10821E+02  6.74165E-01   2.09689E+02  6.43337E-01   2.08625E+02  6.10620E-01   2.07625E+02  5.76034E-01   2.06693E+02  5.39649E-01   2.05826E+02  5.01518E-01   2.05029E+02  4.61736E-01   2.04298E+02  4.20384E-01   2.03636E+02  3.77589E-01   2.03043E+02  3.33453E-01   2.02519E+02  2.88135E-01   2.02064E+02  2.41760E-01   2.01678E+02  1.94503E-01   2.01363E+02  1.46519E-01   2.01116E+02  9.79868E-02   2.00942E+02  4.90885E-02   2.00833E+02  9.51660E-07   3.21115E+02  4.90847E-02   2.08403E+01  9.79859E-02   2.09415E+01  1.46521E-01   2.11182E+01  1.94499E-01   2.13629E+01  2.41765E-01   2.16790E+01  2.88131E-01   2.20639E+01  3.33460E-01   2.25188E+01  3.77589E-01   2.30429E+01  4.20391E-01   2.36359E+01  4.61740E-01   2.42980E+01  5.01525E-01   2.50280E+01  5.39655E-01   2.58264E+01  5.76041E-01   2.66918E+01  6.10623E-01   2.76250E+01  6.43343E-01   2.86239E+01  6.74163E-01   2.96896E+01  7.03060E-01   3.08198E+01  7.30014E-01   3.20158E+01  7.55037E-01   3.32749E+01  7.78121E-01   3.45983E+01  7.99309E-01   3.59837E+01  8.18606E-01   3.74313E+01  8.36072E-01   3.89400E+01  8.51741E-01   4.05085E+01  8.65660E-01   4.21371E+01  8.77901E-01   4.38234E+01  8.88511E-01   4.55683E+01  8.97563E-01   4.73693E+01  9.05134E-01   4.92261E+01  9.11274E-01   5.11381E+01  9.16076E-01   5.31032E+01  9.19592E-01   5.51216E+01  9.21897E-01   5.71918E+01  9.23077E-01   5.93121E+01  9.23182E-01   6.14829E+01  9.22295E-01   6.37020E+01  9.20488E-01   6.59684E+01  9.17803E-01   6.82829E+01  9.14306E-01   7.06423E+01  9.10088E-01   7.30464E+01 
 9.18586E-01   2.55099E+02  9.22428E-01   2.52709E+02  9.25522E-01   2.50363E+02  9.27810E-01   2.48062E+02  9.29198E-01   2.45808E+02  9.29650E-01   2.43602E+02  9.29104E-01   2.41445E+02  9.27466E-01   2.39336E+02  9.24690E-01   2.37279E+02  9.20703E-01   2.35272E+02  9.15428E-01   2.33319E+02  9.08805E-01   2.31419E+02  9.00766E-01   2.29573E+02  8.91234E-01   2.27783E+02  8.80154E-01   2.26049E+02  8.67456E-01   2.24373E+02  8.53084E-01   2.22754E+02  8.36989E-01   2.21195E+02  8.19113E-01   2.19695E+02  7.99425E-01   2.18257E+02  7.77881E-01   2.16879E+02  7.54458E-01   2.15565E+02  7.29137E-01   2.14313E+02  7.01912E-01   2.13125E+02  6.72782E-01   2.12001E+02  6.41771E-01   2.10942E+02  6.08896E-01   2.09949E+02  5.74205E-01   2.09022E+02  5.37748E-01   2.08162E+02  4.99595E-01   2.07368E+02  4.59823E-01   2.06643E+02  4.18534E-01   2.05984E+02  3.75824E-01   2.05395E+02  3.31832E-01   2.04873E+02  2.86665E-01   2.04422E+02  2.40497E-01   2.04038E+02  1.93452E-01   2.03726E+02  1.45714E-01   2.03480E+02  9.74396E-02   2.03307E+02  4.88079E-02   2.03202E+02  3.41333E-06   3.48940E+02  4.88132E-02   2.32015E+01  9.74476E-02   2.33050E+01  1.45716E-01   2.34804E+01  1.93463E-01   2.37243E+01  2.40496E-01   2.40381E+01  2.86677E-01   2.44209E+01  3.31831E-01   2.48732E+01  3.75832E-01   2.53941E+01  4.18536E-01   2.59839E+01  4.59826E-01   2.66417E+01  4.99598E-01   2.73678E+01  5.37747E-01   2.81609E+01  5.74206E-01   2.90218E+01  6.08895E-01   2.99486E+01  6.41768E-01   3.09423E+01  6.72782E-01   3.20007E+01  7.01909E-01   3.31250E+01  7.29139E-01   3.43128E+01  7.54455E-01   3.55650E+01  7.77885E-01   3.68798E+01  7.99423E-01   3.82567E+01  8.19119E-01   3.96955E+01  8.36988E-01   4.11945E+01  8.53082E-01   4.27542E+01  8.67455E-01   4.43722E+01  8.80147E-01   4.60491E+01  8.91232E-01   4.77829E+01  9.00765E-01   4.95731E+01  9.08806E-01   5.14189E+01  9.15434E-01   5.33188E+01  9.20702E-01   5.52725E+01  9.24689E-01   5.72787E+01  9.27467E-01   5.93362E+01  9.29097E-01   6.14443E+01  9.29656E-01   6.36022E+01  9.29206E-01   6.58078E+01  9.27809E-01   6.80623E+01  9.25520E-01   7.03628E+01  9.22434E-01   7.27087E+01  9.18586E-01   7.50998E+01 
 9.25913E-01   2.57195E+02  9.29384E-01   2.54817E+02  9.32068E-01   2.52485E+02  9.33936E-01   2.50197E+02  9.34908E-01   2.47957E+02  9.34918E-01   2.45764E+02  9.33911E-01   2.43619E+02  9.31826E-01   2.41524E+02  9.28583E-01   2.39478E+02  9.24123E-01   2.37485E+02  9.18383E-01   2.35543E+02  9.11283E-01   2.33655E+02  9.02772E-01   2.31820E+02  8.92783E-01   2.30041E+02  8.81245E-01   2.28319E+02  8.68112E-01   2.26652E+02  8.53316E-01   2.25044E+02  8.36811E-01   2.23494E+02  8.18559E-01   2.22005E+02  7.98502E-01   2.20575E+02  7.76632E-01   2.19206E+02  7.52905E-01   2.17900E+02  7.27320E-01   2.16655E+02  6.99864E-01   2.15475E+02  6.70548E-01   2.14358E+02  6.39384E-01   2.13305E+02  6.06405E-01   2.12318E+02  5.71653E-01   2.11397E+02  5.35176E-01   2.10542E+02  4.97050E-01   2.09754E+02  4.57348E-01   2.09032E+02  4.16166E-01   2.08378E+02  3.73614E-01   2.07792E+02  3.29799E-01   2.07275E+02  2.84867E-01   2.06825E+02  2.38938E-01   2.06445E+02  1.92182E-01   2.06133E+02  1.44739E-01   2.05891E+02  9.67814E-02   2.05718E+02  4.84806E-02   2.05616E+02  2.29940E-06   3.33071E+02  4.84762E-02   2.56088E+01  9.67816E-02   2.57155E+01  1.44738E-01   2.58891E+01  1.92177E-01   2.61322E+01  2.38941E-01   2.64435E+01  2.84861E-01   2.68248E+01  3.29801E-01   2.72738E+01  3.73610E-01   2.77920E+01  4.16164E-01   2.83779E+01  4.57349E-01   2.90321E+01  4.97046E-01   2.97532E+01  5.35179E-01   3.05422E+01  5.71650E-01   3.13969E+01  6.06405E-01   3.23188E+01  6.39386E-01   3.33055E+01  6.70546E-01   3.43581E+01  6.99868E-01   3.54746E+01  7.27316E-01   3.66555E+01  7.52909E-01   3.78995E+01  7.76625E-01   3.92059E+01  7.98505E-01   4.05747E+01  8.18552E-01   4.20041E+01  8.36808E-01   4.34945E+01  8.53316E-01   4.50439E+01  8.68107E-01   4.66524E+01  8.81249E-01   4.83184E+01  8.92785E-01   5.00414E+01  9.02773E-01   5.18206E+01  9.11290E-01   5.36545E+01  9.18378E-01   5.55432E+01  9.24121E-01   5.74846E+01  9.28585E-01   5.94786E+01  9.31821E-01   6.15235E+01  9.33916E-01   6.36190E+01  9.34923E-01   6.57634E+01  9.34904E-01   6.79567E+01  9.33930E-01   7.01975E+01  9.32073E-01   7.24845E+01  9.29381E-01   7.48169E+01  9.25910E-01   7.71943E+01 
 9.32118E-01   2.59330E+02  9.35195E-01   2.56967E+02  9.37477E-01   2.54648E+02  9.38920E-01   2.52374E+02  9.39456E-01   2.50147E+02  9.39032E-01   2.47967E+02  9.37575E-01   2.45836E+02  9.35023E-01   2.43753E+02  9.31327E-01   2.41721E+02  9.26401E-01   2.39739E+02  9.20196E-01   2.37810E+02  9.12642E-01   2.35933E+02  9.03671E-01   2.34111E+02  8.93230E-01   2.32343E+02  8.81259E-01   2.30631E+02  8.67695E-01   2.28976E+02  8.52502E-01   2.27377E+02  8.35613E-01   2.25838E+02  8.16998E-01   2.24357E+02  7.96621E-01   2.22937E+02  7.74443E-01   2.21577E+02  7.50457E-01   2.20279E+02  7.24639E-01   2.19043E+02  6.96995E-01   2.17870E+02  6.67527E-01   2.16760E+02  6.36257E-01   2.15714E+02  6.03217E-01   2.14734E+02  5.68441E-01   2.13818E+02  5.31998E-01   2.12969E+02  4.93939E-01   2.12184E+02  4.54357E-01   2.11468E+02  4.13334E-01   2.10817E+02  3.70978E-01   2.10236E+02  3.27410E-01   2.09721E+02  2.82740E-01   2.09275E+02  2.37126E-01   2.08896E+02  1.90690E-01   2.08587E+02  1.43605E-01   2.08344E+02  9.60154E-02   2.08174E+02  4.80909E-02   2.08066E+02  1.69787E-06   2.90481E+02  4.80933E-02   2.80739E+01  9.60166E-02   2.81724E+01  1.43605E-01   2.83470E+01  1.90696E-01   2.85862E+01  2.37123E-01   2.88975E+01  2.82748E-01   2.92745E+01  3.27407E-01   2.97220E+01  3.70985E-01   3.02359E+01  4.13337E-01   3.08186E+01  4.54359E-01   3.14680E+01  4.93945E-01   3.21850E+01  5.31999E-01   3.29683E+01  5.68446E-01   3.38182E+01  6.03219E-01   3.47336E+01  6.36256E-01   3.57144E+01  6.67529E-01   3.67597E+01  6.96990E-01   3.78696E+01  7.24639E-01   3.90426E+01  7.50453E-01   4.02788E+01  7.74443E-01   4.15773E+01  7.96619E-01   4.29368E+01  8.16999E-01   4.43578E+01  8.35618E-01   4.58379E+01  8.52501E-01   4.73779E+01  8.67700E-01   4.89756E+01  8.81261E-01   5.06311E+01  8.93228E-01   5.23433E+01  9.03670E-01   5.41108E+01  9.12637E-01   5.59338E+01  9.20191E-01   5.78101E+01  9.26405E-01   5.97397E+01  9.31324E-01   6.17209E+01  9.35028E-01   6.37533E+01  9.37577E-01   6.58355E+01  9.39027E-01   6.79673E+01  9.39453E-01   7.01471E+01  9.38925E-01   7.23745E+01  9.37479E-01   7.46477E+01  9.35193E-01   7.69668E+01  9.32120E-01   7.93305E+01 
 9.37248E-01   2.61507E+02  9.39928E-01   2.59158E+02  9.41796E-01   2.56853E+02  9.42812E-01   2.54592E+02  9.42916E-01   2.52379E+02  9.42038E-01   2.50213E+02  9.40143E-01   2.48094E+02  9.37138E-01   2.46025E+02  9.32974E-01   2.44005E+02  9.27601E-01   2.42037E+02  9.20931E-01   2.40119E+02  9.12932E-01   2.38255E+02  9.03523E-01   2.36444E+02  8.92649E-01   2.34688E+02  8.80262E-01   2.32987E+02  8.66300E-01   2.31342E+02  8.50718E-01   2.29755E+02  8.33476E-01   2.28225E+02  8.14527E-01   2.26754E+02  7.93847E-01   2.25343E+02  7.71402E-01   2.23992E+02  7.47182E-01   2.22702E+02  7.21171E-01   2.21474E+02  6.93371E-01   2.20309E+02  6.63794E-01   2.19207E+02  6.32457E-01   2.18168E+02  5.99393E-01   2.17194E+02  5.64647E-01   2.16284E+02  5.28265E-01   2.15440E+02  4.90331E-01   2.14661E+02  4.50902E-01   2.13949E+02  4.10089E-01   2.13304E+02  3.67978E-01   2.12725E+02  3.24688E-01   2.12214E+02  2.80344E-01   2.11770E+02  2.35072E-01   2.11395E+02  1.89019E-01   2.11086E+02  1.42328E-01   2.10848E+02  9.51546E-02   2.10674E+02  4.76599E-02   2.10576E+02  5.05448E-06   7.13340E+01  4.76602E-02   3.05705E+01  9.51606E-02   3.06777E+01  1.42330E-01   3.08461E+01  1.89021E-01   3.10875E+01  2.35076E-01   3.13938E+01  2.80344E-01   3.17704E+01  3.24693E-01   3.22134E+01  3.67978E-01   3.27249E+01  4.10088E-01   3.33033E+01  4.50904E-01   3.39489E+01  4.90325E-01   3.46610E+01  5.28266E-01   3.54394E+01  5.64639E-01   3.62836E+01  5.99389E-01   3.71932E+01  6.32451E-01   3.81676E+01  6.63790E-01   3.92065E+01  6.93367E-01   4.03088E+01  7.21170E-01   4.14745E+01  7.47180E-01   4.27027E+01  7.71404E-01   4.39922E+01  7.93848E-01   4.53436E+01  8.14527E-01   4.67542E+01  8.33476E-01   4.82255E+01  8.50715E-01   4.97547E+01  8.66297E-01   5.13423E+01  8.80257E-01   5.29872E+01  8.92645E-01   5.46879E+01  9.03524E-01   5.64447E+01  9.12930E-01   5.82553E+01  9.20939E-01   6.01198E+01  9.27601E-01   6.20366E+01  9.32976E-01   6.40053E+01  9.37137E-01   6.60245E+01  9.40138E-01   6.80943E+01  9.42039E-01   7.02126E+01  9.42922E-01   7.23791E+01  9.42814E-01   7.45928E+01  9.41792E-01   7.68524E+01  9.39927E-01   7.91577E+01  9.37249E-01   8.15073E+01 
