/rn,a,b/nx0/ls1
/r,qa,qb
81 -0.4 0.4 0 OUTPUT_AMP_PHASE_3D Wavelength=0.8
81 -0.4 0.4
 1.71950E+00   2.40872E+02  1.75192E+00   2.38306E+02  1.78471E+00   2.35785E+02  1.81785E+00   2.33308E+02  1.85130E+00   2.30879E+02  1.88503E+00   2.28496E+02  1.91901E+00   2.26163E+02  1.95320E+00   2.23880E+02  1.98755E+00   2.21647E+02  2.02201E+00   2.19467E+02  2.05654E+00   2.17341E+02  2.09107E+00   2.15269E+02  2.12555E+00   2.13253E+02  2.15992E+00   2.11294E+02  2.19410E+00   2.09394E+02  2.22803E+00   2.07553E+02  2.26163E+00   2.05773E+02  2.29483E+00   2.04055E+02  2.32753E+00   2.02400E+02  2.35966E+00   2.00809E+02  2.39114E+00   1.99283E+02  2.42186E+00   1.97824E+02  2.45176E+00   1.96432E+02  2.48071E+00   1.95109E+02  2.50865E+00   1.93855E+02  2.53547E+00   1.92672E+02  2.56108E+00   1.91561E+02  2.58540E+00   1.90522E+02  2.60833E+00   1.89556E+02  2.62979E+00   1.88665E+02  2.64969E+00   1.87848E+02  2.66796E+00   1.87107E+02  2.68452E+00   1.86442E+02  2.69930E+00   1.85853E+02  2.71224E+00   1.85343E+02  2.72330E+00   1.84910E+02  2.73240E+00   1.84555E+02  2.73953E+00   1.84278E+02  2.74464E+00   1.84081E+02  2.74772E+00   1.83962E+02  2.74875E+00   1.83923E+02  2.74772E+00   1.83962E+02  2.74464E+00   1.84081E+02  2.73953E+00   1.84278E+02  2.73240E+00   1.84555E+02  2.72330E+00   1.84910E+02  2.71224E+00   1.85343E+02  2.69930E+00   1.85853E+02  2.68452E+00   1.86442E+02  2.66796E+00   1.87107E+02  2.64969E+00   1.87848E+02  2.62979E+00   1.88665E+02  2.60833E+00   1.89556E+02  2.58540E+00   1.90522E+02  2.56108E+00   1.91561E+02  2.53547E+00   1.92672E+02  2.50865E+00   1.93855E+02  2.48071E+00   1.95109E+02  2.45175E+00   1.96432E+02  2.42186E+00   1.97824E+02  2.39114E+00   1.99283E+02  2.35966E+00   2.00809E+02  2.32753E+00   2.02400E+02  2.29482E+00   2.04055E+02  2.26163E+00   2.05773E+02  2.22803E+00   2.07553E+02  2.19410E+00   2.09394E+02  2.15992E+00   2.11294E+02  2.12555E+00   2.13253E+02  2.09107E+00   2.15269E+02  2.05654E+00   2.17341E+02  2.02201E+00   2.19467E+02  1.98755E+00   2.21647E+02  1.95320E+00   2.23880E+02  1.91901E+00   2.26163E+02  1.88503E+00   2.28496E+02  1.85130E+00   2.30879E+02  1.81785E+00   2.33308E+02  1.78471E+00   2.35785E+02  1.75192E+00   2.38307E+02  1.71950E+00   2.40872E+02 
 1.70810E+00   2.38306E+02  1.74092E+00   2.35718E+02  1.77413E+00   2.33175E+02  1.80772E+00   2.30677E+02  1.84166E+00   2.28226E+02  1.87591E+00   2.25823E+02  1.91044E+00   2.23468E+02  1.94521E+00   2.21163E+02  1.98016E+00   2.18910E+02  2.01526E+00   2.16709E+02  2.05045E+00   2.14562E+02  2.08567E+00   2.12470E+02  2.12087E+00   2.10434E+02  2.15597E+00   2.08456E+02  2.19092E+00   2.06537E+02  2.22563E+00   2.04677E+02  2.26003E+00   2.02878E+02  2.29404E+00   2.01142E+02  2.32757E+00   1.99469E+02  2.36055E+00   1.97861E+02  2.39286E+00   1.96318E+02  2.42444E+00   1.94843E+02  2.45516E+00   1.93436E+02  2.48496E+00   1.92097E+02  2.51372E+00   1.90830E+02  2.54135E+00   1.89633E+02  2.56775E+00   1.88509E+02  2.59283E+00   1.87457E+02  2.61649E+00   1.86480E+02  2.63864E+00   1.85578E+02  2.65920E+00   1.84752E+02  2.67807E+00   1.84001E+02  2.69519E+00   1.83328E+02  2.71048E+00   1.82733E+02  2.72387E+00   1.82216E+02  2.73530E+00   1.81778E+02  2.74472E+00   1.81418E+02  2.75210E+00   1.81139E+02  2.75739E+00   1.80939E+02  2.76058E+00   1.80819E+02  2.76164E+00   1.80778E+02  2.76058E+00   1.80819E+02  2.75739E+00   1.80939E+02  2.75210E+00   1.81139E+02  2.74472E+00   1.81418E+02  2.73530E+00   1.81778E+02  2.72387E+00   1.82216E+02  2.71048E+00   1.82733E+02  2.69519E+00   1.83328E+02  2.67808E+00   1.84001E+02  2.65920E+00   1.84752E+02  2.63864E+00   1.85578E+02  2.61649E+00   1.86480E+02  2.59283E+00   1.87457E+02  2.56775E+00   1.88509E+02  2.54135E+00   1.89633E+02  2.51372E+00   1.90830E+02  2.48496E+00   1.92097E+02  2.45517E+00   1.93436E+02  2.42443E+00   1.94843E+02  2.39286E+00   1.96318E+02  2.36055E+00   1.97861E+02  2.32757E+00   1.99469E+02  2.29404E+00   2.01142E+02  2.26003E+00   2.02878E+02  2.22563E+00   2.04677E+02  2.19092E+00   2.06537E+02  2.15597E+00   2.08456E+02  2.12087E+00   2.10435E+02  2.08567E+00   2.12470E+02  2.05045E+00   2.14562E+02  2.01526E+00   2.16709E+02  1.98016E+00   2.18910E+02  1.94520E+00   2.21163E+02  1.91044E+00   2.23468E+02  1.87591E+00   2.25823E+02  1.84166E+00   2.28226E+02  1.80773E+00   2.30677E+02  1.77413E+00   2.33175E+02  1.74091E+00   2.35718E+02  1.70810E+00   2.38306E+02 
 1.69542E+00   2.35783E+02  1.72861E+00   2.33174E+02  1.76223E+00   2.30610E+02  1.79626E+00   2.28090E+02  1.83066E+00   2.25618E+02  1.86541E+00   2.23193E+02  1.90046E+00   2.20817E+02  1.93578E+00   2.18491E+02  1.97132E+00   2.16217E+02  2.00704E+00   2.13995E+02  2.04288E+00   2.11828E+02  2.07878E+00   2.09716E+02  2.11468E+00   2.07660E+02  2.15052E+00   2.05662E+02  2.18621E+00   2.03723E+02  2.22170E+00   2.01844E+02  2.25690E+00   2.00027E+02  2.29171E+00   1.98272E+02  2.32608E+00   1.96581E+02  2.35988E+00   1.94956E+02  2.39304E+00   1.93397E+02  2.42546E+00   1.91905E+02  2.45704E+00   1.90482E+02  2.48768E+00   1.89129E+02  2.51727E+00   1.87847E+02  2.54572E+00   1.86636E+02  2.57291E+00   1.85499E+02  2.59876E+00   1.84436E+02  2.62317E+00   1.83447E+02  2.64602E+00   1.82534E+02  2.66725E+00   1.81698E+02  2.68674E+00   1.80938E+02  2.70443E+00   1.80257E+02  2.72022E+00   1.79655E+02  2.73407E+00   1.79131E+02  2.74589E+00   1.78688E+02  2.75564E+00   1.78324E+02  2.76327E+00   1.78041E+02  2.76875E+00   1.77838E+02  2.77204E+00   1.77717E+02  2.77315E+00   1.77676E+02  2.77204E+00   1.77717E+02  2.76875E+00   1.77838E+02  2.76327E+00   1.78041E+02  2.75564E+00   1.78324E+02  2.74589E+00   1.78687E+02  2.73407E+00   1.79131E+02  2.72022E+00   1.79655E+02  2.70442E+00   1.80257E+02  2.68674E+00   1.80938E+02  2.66724E+00   1.81698E+02  2.64602E+00   1.82534E+02  2.62317E+00   1.83447E+02  2.59876E+00   1.84436E+02  2.57291E+00   1.85499E+02  2.54572E+00   1.86636E+02  2.51727E+00   1.87847E+02  2.48768E+00   1.89129E+02  2.45704E+00   1.90482E+02  2.42546E+00   1.91905E+02  2.39304E+00   1.93397E+02  2.35988E+00   1.94956E+02  2.32608E+00   1.96581E+02  2.29171E+00   1.98272E+02  2.25690E+00   2.00027E+02  2.22170E+00   2.01844E+02  2.18621E+00   2.03723E+02  2.15051E+00   2.05662E+02  2.11467E+00   2.07660E+02  2.07878E+00   2.09716E+02  2.04287E+00   2.11828E+02  2.00704E+00   2.13996E+02  1.97133E+00   2.16217E+02  1.93578E+00   2.18491E+02  1.90046E+00   2.20817E+02  1.86541E+00   2.23193E+02  1.83066E+00   2.25618E+02  1.79626E+00   2.28090E+02  1.76224E+00   2.30610E+02  1.72861E+00   2.33174E+02  1.69542E+00   2.35783E+02 
 1.68142E+00   2.33306E+02  1.71496E+00   2.30676E+02  1.74896E+00   2.28090E+02  1.78339E+00   2.25549E+02  1.81823E+00   2.23055E+02  1.85345E+00   2.20609E+02  1.88900E+00   2.18211E+02  1.92486E+00   2.15865E+02  1.96097E+00   2.13570E+02  1.99728E+00   2.11327E+02  2.03375E+00   2.09139E+02  2.07030E+00   2.07007E+02  2.10689E+00   2.04931E+02  2.14343E+00   2.02913E+02  2.17987E+00   2.00954E+02  2.21612E+00   1.99056E+02  2.25210E+00   1.97220E+02  2.28773E+00   1.95447E+02  2.32291E+00   1.93739E+02  2.35754E+00   1.92096E+02  2.39155E+00   1.90520E+02  2.42481E+00   1.89012E+02  2.45724E+00   1.87573E+02  2.48872E+00   1.86205E+02  2.51915E+00   1.84908E+02  2.54842E+00   1.83684E+02  2.57642E+00   1.82533E+02  2.60306E+00   1.81458E+02  2.62821E+00   1.80457E+02  2.65178E+00   1.79534E+02  2.67367E+00   1.78687E+02  2.69380E+00   1.77919E+02  2.71206E+00   1.77230E+02  2.72839E+00   1.76620E+02  2.74269E+00   1.76090E+02  2.75492E+00   1.75641E+02  2.76499E+00   1.75273E+02  2.77289E+00   1.74986E+02  2.77855E+00   1.74781E+02  2.78197E+00   1.74658E+02  2.78310E+00   1.74617E+02  2.78197E+00   1.74658E+02  2.77855E+00   1.74781E+02  2.77289E+00   1.74986E+02  2.76500E+00   1.75273E+02  2.75492E+00   1.75641E+02  2.74269E+00   1.76090E+02  2.72839E+00   1.76620E+02  2.71206E+00   1.77230E+02  2.69380E+00   1.77919E+02  2.67367E+00   1.78687E+02  2.65178E+00   1.79534E+02  2.62821E+00   1.80457E+02  2.60305E+00   1.81458E+02  2.57642E+00   1.82533E+02  2.54842E+00   1.83684E+02  2.51915E+00   1.84908E+02  2.48872E+00   1.86205E+02  2.45724E+00   1.87573E+02  2.42481E+00   1.89012E+02  2.39155E+00   1.90520E+02  2.35754E+00   1.92096E+02  2.32291E+00   1.93739E+02  2.28773E+00   1.95447E+02  2.25210E+00   1.97220E+02  2.21612E+00   1.99056E+02  2.17987E+00   2.00954E+02  2.14344E+00   2.02913E+02  2.10689E+00   2.04931E+02  2.07030E+00   2.07007E+02  2.03375E+00   2.09139E+02  1.99727E+00   2.11327E+02  1.96097E+00   2.13570E+02  1.92486E+00   2.15865E+02  1.88900E+00   2.18211E+02  1.85345E+00   2.20609E+02  1.81823E+00   2.23055E+02  1.78339E+00   2.25549E+02  1.74896E+00   2.28090E+02  1.71496E+00   2.30676E+02  1.68143E+00   2.33306E+02 
 1.66606E+00   2.30876E+02  1.69991E+00   2.28224E+02  1.73425E+00   2.25616E+02  1.76906E+00   2.23054E+02  1.80430E+00   2.20538E+02  1.83996E+00   2.18071E+02  1.87600E+00   2.15653E+02  1.91235E+00   2.13285E+02  1.94900E+00   2.10969E+02  1.98588E+00   2.08706E+02  2.02295E+00   2.06497E+02  2.06014E+00   2.04344E+02  2.09739E+00   2.02248E+02  2.13463E+00   2.00210E+02  2.17180E+00   1.98232E+02  2.20879E+00   1.96315E+02  2.24554E+00   1.94460E+02  2.28196E+00   1.92669E+02  2.31795E+00   1.90943E+02  2.35342E+00   1.89282E+02  2.38825E+00   1.87689E+02  2.42236E+00   1.86165E+02  2.45564E+00   1.84710E+02  2.48796E+00   1.83327E+02  2.51923E+00   1.82015E+02  2.54932E+00   1.80777E+02  2.57813E+00   1.79613E+02  2.60554E+00   1.78525E+02  2.63146E+00   1.77513E+02  2.65575E+00   1.76579E+02  2.67833E+00   1.75722E+02  2.69909E+00   1.74945E+02  2.71794E+00   1.74247E+02  2.73479E+00   1.73630E+02  2.74957E+00   1.73094E+02  2.76220E+00   1.72639E+02  2.77262E+00   1.72267E+02  2.78078E+00   1.71977E+02  2.78663E+00   1.71769E+02  2.79016E+00   1.71645E+02  2.79134E+00   1.71603E+02  2.79016E+00   1.71645E+02  2.78663E+00   1.71769E+02  2.78078E+00   1.71977E+02  2.77262E+00   1.72267E+02  2.76220E+00   1.72639E+02  2.74957E+00   1.73094E+02  2.73479E+00   1.73630E+02  2.71794E+00   1.74247E+02  2.69909E+00   1.74945E+02  2.67833E+00   1.75722E+02  2.65575E+00   1.76579E+02  2.63146E+00   1.77513E+02  2.60554E+00   1.78525E+02  2.57813E+00   1.79613E+02  2.54932E+00   1.80777E+02  2.51923E+00   1.82015E+02  2.48796E+00   1.83327E+02  2.45563E+00   1.84710E+02  2.42236E+00   1.86165E+02  2.38825E+00   1.87689E+02  2.35341E+00   1.89282E+02  2.31795E+00   1.90943E+02  2.28196E+00   1.92669E+02  2.24554E+00   1.94460E+02  2.20879E+00   1.96315E+02  2.17179E+00   1.98232E+02  2.13463E+00   2.00210E+02  2.09739E+00   2.02248E+02  2.06014E+00   2.04344E+02  2.02295E+00   2.06497E+02  1.98588E+00   2.08706E+02  1.94900E+00   2.10969E+02  1.91235E+00   2.13285E+02  1.87599E+00   2.15653E+02  1.83996E+00   2.18071E+02  1.80431E+00   2.20538E+02  1.76906E+00   2.23054E+02  1.73425E+00   2.25616E+02  1.69990E+00   2.28224E+02  1.66606E+00   2.30875E+02 
 1.64926E+00   2.28492E+02  1.68339E+00   2.25819E+02  1.71804E+00   2.23190E+02  1.75320E+00   2.20607E+02  1.78882E+00   2.18070E+02  1.82489E+00   2.15581E+02  1.86135E+00   2.13142E+02  1.89818E+00   2.10753E+02  1.93534E+00   2.08416E+02  1.97277E+00   2.06132E+02  2.01041E+00   2.03903E+02  2.04821E+00   2.01730E+02  2.08609E+00   1.99614E+02  2.12401E+00   1.97556E+02  2.16187E+00   1.95558E+02  2.19959E+00   1.93622E+02  2.23709E+00   1.91748E+02  2.27428E+00   1.89939E+02  2.31107E+00   1.88194E+02  2.34734E+00   1.86516E+02  2.38301E+00   1.84906E+02  2.41795E+00   1.83365E+02  2.45206E+00   1.81895E+02  2.48523E+00   1.80496E+02  2.51733E+00   1.79170E+02  2.54825E+00   1.77918E+02  2.57787E+00   1.76741E+02  2.60607E+00   1.75640E+02  2.63274E+00   1.74617E+02  2.65777E+00   1.73671E+02  2.68104E+00   1.72804E+02  2.70244E+00   1.72018E+02  2.72188E+00   1.71312E+02  2.73927E+00   1.70687E+02  2.75453E+00   1.70145E+02  2.76757E+00   1.69685E+02  2.77833E+00   1.69307E+02  2.78676E+00   1.69014E+02  2.79281E+00   1.68804E+02  2.79645E+00   1.68678E+02  2.79767E+00   1.68635E+02  2.79645E+00   1.68678E+02  2.79281E+00   1.68804E+02  2.78676E+00   1.69014E+02  2.77833E+00   1.69307E+02  2.76757E+00   1.69684E+02  2.75453E+00   1.70145E+02  2.73927E+00   1.70687E+02  2.72189E+00   1.71312E+02  2.70244E+00   1.72018E+02  2.68103E+00   1.72804E+02  2.65777E+00   1.73671E+02  2.63274E+00   1.74617E+02  2.60607E+00   1.75640E+02  2.57787E+00   1.76741E+02  2.54825E+00   1.77918E+02  2.51733E+00   1.79170E+02  2.48523E+00   1.80496E+02  2.45206E+00   1.81895E+02  2.41795E+00   1.83365E+02  2.38301E+00   1.84906E+02  2.34734E+00   1.86516E+02  2.31107E+00   1.88194E+02  2.27428E+00   1.89939E+02  2.23709E+00   1.91749E+02  2.19959E+00   1.93622E+02  2.16187E+00   1.95558E+02  2.12401E+00   1.97556E+02  2.08610E+00   1.99613E+02  2.04821E+00   2.01730E+02  2.01041E+00   2.03903E+02  1.97277E+00   2.06132E+02  1.93534E+00   2.08416E+02  1.89819E+00   2.10753E+02  1.86135E+00   2.13142E+02  1.82489E+00   2.15581E+02  1.78882E+00   2.18070E+02  1.75320E+00   2.20607E+02  1.71804E+00   2.23190E+02  1.68339E+00   2.25819E+02  1.64926E+00   2.28492E+02 
 1.63099E+00   2.26158E+02  1.66536E+00   2.23464E+02  1.70029E+00   2.20813E+02  1.73575E+00   2.18208E+02  1.77171E+00   2.15650E+02  1.80814E+00   2.13141E+02  1.84501E+00   2.10680E+02  1.88228E+00   2.08270E+02  1.91991E+00   2.05912E+02  1.95784E+00   2.03608E+02  1.99603E+00   2.01358E+02  2.03439E+00   1.99165E+02  2.07289E+00   1.97029E+02  2.11144E+00   1.94951E+02  2.14997E+00   1.92934E+02  2.18840E+00   1.90979E+02  2.22662E+00   1.89086E+02  2.26457E+00   1.87258E+02  2.30213E+00   1.85495E+02  2.33920E+00   1.83800E+02  2.37568E+00   1.82173E+02  2.41144E+00   1.80615E+02  2.44638E+00   1.79129E+02  2.48038E+00   1.77715E+02  2.51331E+00   1.76374E+02  2.54505E+00   1.75108E+02  2.57547E+00   1.73917E+02  2.60447E+00   1.72804E+02  2.63190E+00   1.71769E+02  2.65765E+00   1.70812E+02  2.68161E+00   1.69935E+02  2.70366E+00   1.69139E+02  2.72370E+00   1.68425E+02  2.74164E+00   1.67793E+02  2.75737E+00   1.67244E+02  2.77083E+00   1.66778E+02  2.78193E+00   1.66396E+02  2.79063E+00   1.66099E+02  2.79688E+00   1.65887E+02  2.80064E+00   1.65759E+02  2.80190E+00   1.65716E+02  2.80064E+00   1.65759E+02  2.79688E+00   1.65887E+02  2.79063E+00   1.66099E+02  2.78193E+00   1.66396E+02  2.77083E+00   1.66778E+02  2.75737E+00   1.67244E+02  2.74164E+00   1.67793E+02  2.72370E+00   1.68425E+02  2.70366E+00   1.69139E+02  2.68161E+00   1.69935E+02  2.65765E+00   1.70812E+02  2.63190E+00   1.71769E+02  2.60447E+00   1.72804E+02  2.57548E+00   1.73917E+02  2.54505E+00   1.75108E+02  2.51331E+00   1.76374E+02  2.48038E+00   1.77715E+02  2.44638E+00   1.79129E+02  2.41144E+00   1.80615E+02  2.37568E+00   1.82173E+02  2.33920E+00   1.83800E+02  2.30213E+00   1.85495E+02  2.26457E+00   1.87258E+02  2.22662E+00   1.89086E+02  2.18839E+00   1.90979E+02  2.14997E+00   1.92934E+02  2.11144E+00   1.94951E+02  2.07289E+00   1.97028E+02  2.03440E+00   1.99165E+02  1.99602E+00   2.01358E+02  1.95784E+00   2.03608E+02  1.91991E+00   2.05912E+02  1.88228E+00   2.08270E+02  1.84501E+00   2.10680E+02  1.80814E+00   2.13141E+02  1.77170E+00   2.15650E+02  1.73574E+00   2.18208E+02  1.70029E+00   2.20813E+02  1.66536E+00   2.23464E+02  1.63099E+00   2.26158E+02 
 1.61118E+00   2.23873E+02  1.64576E+00   2.21158E+02  1.68092E+00   2.18486E+02  1.71664E+00   2.15860E+02  1.75289E+00   2.13281E+02  1.78965E+00   2.10750E+02  1.82689E+00   2.08269E+02  1.86456E+00   2.05838E+02  1.90262E+00   2.03460E+02  1.94102E+00   2.01135E+02  1.97969E+00   1.98865E+02  2.01860E+00   1.96651E+02  2.05767E+00   1.94495E+02  2.09683E+00   1.92398E+02  2.13600E+00   1.90361E+02  2.17509E+00   1.88386E+02  2.21401E+00   1.86475E+02  2.25268E+00   1.84628E+02  2.29099E+00   1.82848E+02  2.32884E+00   1.81135E+02  2.36610E+00   1.79490E+02  2.40267E+00   1.77916E+02  2.43842E+00   1.76414E+02  2.47323E+00   1.74984E+02  2.50698E+00   1.73629E+02  2.53953E+00   1.72348E+02  2.57076E+00   1.71145E+02  2.60053E+00   1.70019E+02  2.62872E+00   1.68971E+02  2.65520E+00   1.68004E+02  2.67985E+00   1.67117E+02  2.70255E+00   1.66312E+02  2.72319E+00   1.65589E+02  2.74167E+00   1.64949E+02  2.75789E+00   1.64393E+02  2.77176E+00   1.63922E+02  2.78322E+00   1.63536E+02  2.79219E+00   1.63235E+02  2.79864E+00   1.63020E+02  2.80252E+00   1.62891E+02  2.80382E+00   1.62848E+02  2.80252E+00   1.62891E+02  2.79864E+00   1.63020E+02  2.79219E+00   1.63235E+02  2.78321E+00   1.63536E+02  2.77176E+00   1.63922E+02  2.75789E+00   1.64393E+02  2.74167E+00   1.64949E+02  2.72319E+00   1.65589E+02  2.70255E+00   1.66311E+02  2.67985E+00   1.67117E+02  2.65520E+00   1.68004E+02  2.62872E+00   1.68971E+02  2.60053E+00   1.70019E+02  2.57076E+00   1.71145E+02  2.53953E+00   1.72348E+02  2.50698E+00   1.73629E+02  2.47323E+00   1.74984E+02  2.43842E+00   1.76414E+02  2.40267E+00   1.77916E+02  2.36610E+00   1.79490E+02  2.32884E+00   1.81135E+02  2.29099E+00   1.82848E+02  2.25268E+00   1.84628E+02  2.21402E+00   1.86475E+02  2.17509E+00   1.88386E+02  2.13600E+00   1.90361E+02  2.09683E+00   1.92398E+02  2.05767E+00   1.94495E+02  2.01860E+00   1.96651E+02  1.97970E+00   1.98865E+02  1.94102E+00   2.01135E+02  1.90262E+00   2.03460E+02  1.86456E+00   2.05838E+02  1.82689E+00   2.08269E+02  1.78965E+00   2.10750E+02  1.75289E+00   2.13281E+02  1.71664E+00   2.15860E+02  1.68092E+00   2.18486E+02  1.64576E+00   2.21158E+02  1.61118E+00   2.23874E+02 
 1.58980E+00   2.21640E+02  1.62454E+00   2.18903E+02  1.65988E+00   2.16211E+02  1.69581E+00   2.13564E+02  1.73232E+00   2.10964E+02  1.76936E+00   2.08412E+02  1.80691E+00   2.05910E+02  1.84493E+00   2.03458E+02  1.88337E+00   2.01059E+02  1.92219E+00   1.98714E+02  1.96133E+00   1.96423E+02  2.00073E+00   1.94189E+02  2.04033E+00   1.92013E+02  2.08005E+00   1.89896E+02  2.11981E+00   1.87840E+02  2.15953E+00   1.85846E+02  2.19912E+00   1.83916E+02  2.23848E+00   1.82051E+02  2.27751E+00   1.80253E+02  2.31609E+00   1.78522E+02  2.35412E+00   1.76861E+02  2.39147E+00   1.75270E+02  2.42801E+00   1.73751E+02  2.46363E+00   1.72306E+02  2.49817E+00   1.70936E+02  2.53152E+00   1.69641E+02  2.56354E+00   1.68424E+02  2.59409E+00   1.67286E+02  2.62302E+00   1.66226E+02  2.65023E+00   1.65248E+02  2.67556E+00   1.64350E+02  2.69891E+00   1.63536E+02  2.72014E+00   1.62805E+02  2.73916E+00   1.62157E+02  2.75586E+00   1.61595E+02  2.77015E+00   1.61118E+02  2.78196E+00   1.60727E+02  2.79121E+00   1.60423E+02  2.79786E+00   1.60205E+02  2.80185E+00   1.60074E+02  2.80320E+00   1.60031E+02  2.80186E+00   1.60074E+02  2.79786E+00   1.60205E+02  2.79121E+00   1.60423E+02  2.78196E+00   1.60727E+02  2.77015E+00   1.61118E+02  2.75586E+00   1.61595E+02  2.73916E+00   1.62157E+02  2.72014E+00   1.62805E+02  2.69891E+00   1.63536E+02  2.67556E+00   1.64350E+02  2.65023E+00   1.65248E+02  2.62302E+00   1.66226E+02  2.59409E+00   1.67286E+02  2.56354E+00   1.68424E+02  2.53153E+00   1.69641E+02  2.49817E+00   1.70936E+02  2.46363E+00   1.72306E+02  2.42801E+00   1.73751E+02  2.39147E+00   1.75270E+02  2.35412E+00   1.76861E+02  2.31609E+00   1.78522E+02  2.27751E+00   1.80253E+02  2.23848E+00   1.82051E+02  2.19912E+00   1.83916E+02  2.15953E+00   1.85846E+02  2.11981E+00   1.87840E+02  2.08005E+00   1.89896E+02  2.04033E+00   1.92013E+02  2.00073E+00   1.94189E+02  1.96133E+00   1.96423E+02  1.92219E+00   1.98714E+02  1.88337E+00   2.01059E+02  1.84493E+00   2.03458E+02  1.80691E+00   2.05910E+02  1.76936E+00   2.08412E+02  1.73232E+00   2.10964E+02  1.69581E+00   2.13564E+02  1.65988E+00   2.16211E+02  1.62454E+00   2.18903E+02  1.58980E+00   2.21640E+02 
 1.56680E+00   2.19458E+02  1.60164E+00   2.16701E+02  1.63711E+00   2.13988E+02  1.67321E+00   2.11320E+02  1.70991E+00   2.08700E+02  1.74718E+00   2.06127E+02  1.78500E+00   2.03604E+02  1.82332E+00   2.01132E+02  1.86209E+00   1.98712E+02  1.90129E+00   1.96346E+02  1.94083E+00   1.94036E+02  1.98067E+00   1.91782E+02  2.02075E+00   1.89586E+02  2.06098E+00   1.87449E+02  2.10130E+00   1.85374E+02  2.14161E+00   1.83361E+02  2.18182E+00   1.81412E+02  2.22183E+00   1.79528E+02  2.26154E+00   1.77712E+02  2.30083E+00   1.75963E+02  2.33959E+00   1.74285E+02  2.37768E+00   1.72678E+02  2.41499E+00   1.71143E+02  2.45137E+00   1.69683E+02  2.48670E+00   1.68297E+02  2.52083E+00   1.66989E+02  2.55361E+00   1.65758E+02  2.58491E+00   1.64607E+02  2.61459E+00   1.63535E+02  2.64250E+00   1.62546E+02  2.66851E+00   1.61638E+02  2.69250E+00   1.60814E+02  2.71432E+00   1.60074E+02  2.73388E+00   1.59420E+02  2.75106E+00   1.58851E+02  2.76577E+00   1.58368E+02  2.77792E+00   1.57973E+02  2.78745E+00   1.57665E+02  2.79429E+00   1.57444E+02  2.79841E+00   1.57312E+02  2.79979E+00   1.57268E+02  2.79841E+00   1.57312E+02  2.79429E+00   1.57444E+02  2.78745E+00   1.57665E+02  2.77792E+00   1.57973E+02  2.76577E+00   1.58368E+02  2.75106E+00   1.58851E+02  2.73388E+00   1.59420E+02  2.71432E+00   1.60074E+02  2.69250E+00   1.60814E+02  2.66851E+00   1.61638E+02  2.64250E+00   1.62546E+02  2.61459E+00   1.63535E+02  2.58491E+00   1.64607E+02  2.55361E+00   1.65758E+02  2.52082E+00   1.66989E+02  2.48670E+00   1.68297E+02  2.45137E+00   1.69683E+02  2.41499E+00   1.71143E+02  2.37768E+00   1.72678E+02  2.33959E+00   1.74285E+02  2.30083E+00   1.75963E+02  2.26154E+00   1.77712E+02  2.22183E+00   1.79528E+02  2.18182E+00   1.81412E+02  2.14161E+00   1.83361E+02  2.10130E+00   1.85374E+02  2.06099E+00   1.87449E+02  2.02075E+00   1.89586E+02  1.98068E+00   1.91782E+02  1.94083E+00   1.94036E+02  1.90128E+00   1.96346E+02  1.86209E+00   1.98712E+02  1.82332E+00   2.01132E+02  1.78500E+00   2.03604E+02  1.74719E+00   2.06127E+02  1.70991E+00   2.08700E+02  1.67321E+00   2.11320E+02  1.63711E+00   2.13988E+02  1.60164E+00   2.16701E+02  1.56680E+00   2.19459E+02 
 1.54212E+00   2.17331E+02  1.57701E+00   2.14553E+02  1.61256E+00   2.11819E+02  1.64877E+00   2.09131E+02  1.68562E+00   2.06489E+02  1.72306E+00   2.03896E+02  1.76109E+00   2.01353E+02  1.79964E+00   1.98860E+02  1.83870E+00   1.96420E+02  1.87820E+00   1.94034E+02  1.91809E+00   1.91703E+02  1.95833E+00   1.89429E+02  1.99883E+00   1.87214E+02  2.03952E+00   1.85058E+02  2.08034E+00   1.82963E+02  2.12118E+00   1.80931E+02  2.16197E+00   1.78963E+02  2.20258E+00   1.77061E+02  2.24292E+00   1.75227E+02  2.28287E+00   1.73461E+02  2.32231E+00   1.71765E+02  2.36112E+00   1.70142E+02  2.39916E+00   1.68591E+02  2.43628E+00   1.67115E+02  2.47236E+00   1.65715E+02  2.50723E+00   1.64392E+02  2.54077E+00   1.63148E+02  2.57280E+00   1.61984E+02  2.60320E+00   1.60901E+02  2.63181E+00   1.59900E+02  2.65848E+00   1.58982E+02  2.68309E+00   1.58149E+02  2.70550E+00   1.57400E+02  2.72559E+00   1.56738E+02  2.74324E+00   1.56163E+02  2.75836E+00   1.55674E+02  2.77085E+00   1.55274E+02  2.78065E+00   1.54963E+02  2.78769E+00   1.54740E+02  2.79194E+00   1.54606E+02  2.79335E+00   1.54561E+02  2.79194E+00   1.54606E+02  2.78769E+00   1.54740E+02  2.78065E+00   1.54963E+02  2.77086E+00   1.55274E+02  2.75836E+00   1.55674E+02  2.74324E+00   1.56163E+02  2.72559E+00   1.56738E+02  2.70550E+00   1.57400E+02  2.68309E+00   1.58149E+02  2.65848E+00   1.58982E+02  2.63181E+00   1.59900E+02  2.60320E+00   1.60901E+02  2.57280E+00   1.61984E+02  2.54077E+00   1.63148E+02  2.50723E+00   1.64392E+02  2.47236E+00   1.65715E+02  2.43628E+00   1.67115E+02  2.39916E+00   1.68591E+02  2.36112E+00   1.70142E+02  2.32231E+00   1.71765E+02  2.28287E+00   1.73461E+02  2.24292E+00   1.75227E+02  2.20258E+00   1.77061E+02  2.16197E+00   1.78963E+02  2.12119E+00   1.80931E+02  2.08034E+00   1.82963E+02  2.03952E+00   1.85058E+02  1.99882E+00   1.87214E+02  1.95832E+00   1.89429E+02  1.91809E+00   1.91703E+02  1.87820E+00   1.94034E+02  1.83870E+00   1.96420E+02  1.79964E+00   1.98860E+02  1.76109E+00   2.01353E+02  1.72306E+00   2.03896E+02  1.68562E+00   2.06489E+02  1.64878E+00   2.09131E+02  1.61256E+00   2.11819E+02  1.57701E+00   2.14553E+02  1.54212E+00   2.17330E+02 
 1.51572E+00   2.15257E+02  1.55060E+00   2.12459E+02  1.58618E+00   2.09705E+02  1.62244E+00   2.06997E+02  1.65937E+00   2.04335E+02  1.69692E+00   2.01721E+02  1.73508E+00   1.99158E+02  1.77382E+00   1.96645E+02  1.81309E+00   1.94185E+02  1.85284E+00   1.91779E+02  1.89303E+00   1.89428E+02  1.93358E+00   1.87134E+02  1.97445E+00   1.84899E+02  2.01555E+00   1.82723E+02  2.05680E+00   1.80609E+02  2.09812E+00   1.78559E+02  2.13942E+00   1.76572E+02  2.18058E+00   1.74652E+02  2.22150E+00   1.72800E+02  2.26207E+00   1.71016E+02  2.30215E+00   1.69304E+02  2.34162E+00   1.67663E+02  2.38034E+00   1.66097E+02  2.41817E+00   1.64605E+02  2.45495E+00   1.63190E+02  2.49055E+00   1.61854E+02  2.52479E+00   1.60596E+02  2.55754E+00   1.59419E+02  2.58863E+00   1.58324E+02  2.61791E+00   1.57312E+02  2.64523E+00   1.56384E+02  2.67045E+00   1.55541E+02  2.69342E+00   1.54784E+02  2.71403E+00   1.54114E+02  2.73214E+00   1.53532E+02  2.74767E+00   1.53038E+02  2.76050E+00   1.52634E+02  2.77056E+00   1.52318E+02  2.77780E+00   1.52093E+02  2.78215E+00   1.51957E+02  2.78361E+00   1.51912E+02  2.78215E+00   1.51957E+02  2.77780E+00   1.52093E+02  2.77056E+00   1.52318E+02  2.76050E+00   1.52634E+02  2.74767E+00   1.53038E+02  2.73215E+00   1.53532E+02  2.71403E+00   1.54114E+02  2.69342E+00   1.54784E+02  2.67045E+00   1.55541E+02  2.64523E+00   1.56384E+02  2.61791E+00   1.57312E+02  2.58863E+00   1.58324E+02  2.55754E+00   1.59419E+02  2.52479E+00   1.60596E+02  2.49055E+00   1.61854E+02  2.45495E+00   1.63190E+02  2.41817E+00   1.64605E+02  2.38034E+00   1.66097E+02  2.34162E+00   1.67663E+02  2.30215E+00   1.69304E+02  2.26206E+00   1.71016E+02  2.22150E+00   1.72800E+02  2.18058E+00   1.74652E+02  2.13941E+00   1.76572E+02  2.09812E+00   1.78559E+02  2.05680E+00   1.80609E+02  2.01555E+00   1.82723E+02  1.97445E+00   1.84899E+02  1.93358E+00   1.87134E+02  1.89302E+00   1.89428E+02  1.85284E+00   1.91779E+02  1.81309E+00   1.94185E+02  1.77383E+00   1.96645E+02  1.73509E+00   1.99158E+02  1.69692E+00   2.01721E+02  1.65936E+00   2.04335E+02  1.62244E+00   2.06997E+02  1.58618E+00   2.09705E+02  1.55060E+00   2.12459E+02  1.51572E+00   2.15257E+02 
 1.48757E+00   2.13240E+02  1.52238E+00   2.10422E+02  1.55791E+00   2.07648E+02  1.59416E+00   2.04919E+02  1.63110E+00   2.02237E+02  1.66869E+00   1.99604E+02  1.70694E+00   1.97020E+02  1.74579E+00   1.94487E+02  1.78520E+00   1.92007E+02  1.82513E+00   1.89581E+02  1.86553E+00   1.87211E+02  1.90634E+00   1.84897E+02  1.94750E+00   1.82642E+02  1.98893E+00   1.80448E+02  2.03056E+00   1.78315E+02  2.07229E+00   1.76245E+02  2.11403E+00   1.74240E+02  2.15568E+00   1.72302E+02  2.19712E+00   1.70432E+02  2.23824E+00   1.68631E+02  2.27891E+00   1.66901E+02  2.31899E+00   1.65245E+02  2.35835E+00   1.63662E+02  2.39682E+00   1.62155E+02  2.43427E+00   1.60726E+02  2.47054E+00   1.59375E+02  2.50546E+00   1.58104E+02  2.53888E+00   1.56914E+02  2.57063E+00   1.55807E+02  2.60056E+00   1.54784E+02  2.62850E+00   1.53846E+02  2.65430E+00   1.52993E+02  2.67783E+00   1.52228E+02  2.69894E+00   1.51551E+02  2.71750E+00   1.50962E+02  2.73342E+00   1.50463E+02  2.74657E+00   1.50053E+02  2.75690E+00   1.49734E+02  2.76432E+00   1.49506E+02  2.76880E+00   1.49369E+02  2.77029E+00   1.49323E+02  2.76880E+00   1.49369E+02  2.76432E+00   1.49506E+02  2.75690E+00   1.49734E+02  2.74657E+00   1.50053E+02  2.73342E+00   1.50463E+02  2.71750E+00   1.50962E+02  2.69894E+00   1.51551E+02  2.67783E+00   1.52228E+02  2.65430E+00   1.52993E+02  2.62850E+00   1.53846E+02  2.60056E+00   1.54784E+02  2.57063E+00   1.55807E+02  2.53888E+00   1.56914E+02  2.50546E+00   1.58104E+02  2.47054E+00   1.59375E+02  2.43427E+00   1.60726E+02  2.39682E+00   1.62155E+02  2.35835E+00   1.63662E+02  2.31899E+00   1.65245E+02  2.27891E+00   1.66901E+02  2.23825E+00   1.68631E+02  2.19713E+00   1.70432E+02  2.15568E+00   1.72302E+02  2.11403E+00   1.74240E+02  2.07229E+00   1.76245E+02  2.03056E+00   1.78315E+02  1.98893E+00   1.80448E+02  1.94750E+00   1.82642E+02  1.90634E+00   1.84897E+02  1.86553E+00   1.87211E+02  1.82513E+00   1.89581E+02  1.78519E+00   1.92007E+02  1.74579E+00   1.94487E+02  1.70694E+00   1.97020E+02  1.66870E+00   1.99604E+02  1.63110E+00   2.02237E+02  1.59416E+00   2.04919E+02  1.55791E+00   2.07648E+02  1.52238E+00   2.10422E+02  1.48757E+00   2.13240E+02 
 1.45761E+00   2.11279E+02  1.49228E+00   2.08442E+02  1.52771E+00   2.05648E+02  1.56387E+00   2.02900E+02  1.60075E+00   2.00198E+02  1.63833E+00   1.97545E+02  1.67657E+00   1.94941E+02  1.71545E+00   1.92389E+02  1.75494E+00   1.89889E+02  1.79497E+00   1.87443E+02  1.83552E+00   1.85053E+02  1.87651E+00   1.82720E+02  1.91789E+00   1.80446E+02  1.95957E+00   1.78232E+02  2.00150E+00   1.76081E+02  2.04356E+00   1.73992E+02  2.08568E+00   1.71969E+02  2.12774E+00   1.70013E+02  2.16964E+00   1.68125E+02  2.21124E+00   1.66307E+02  2.25242E+00   1.64561E+02  2.29305E+00   1.62887E+02  2.33298E+00   1.61289E+02  2.37205E+00   1.59767E+02  2.41011E+00   1.58323E+02  2.44700E+00   1.56958E+02  2.48256E+00   1.55673E+02  2.51660E+00   1.54471E+02  2.54897E+00   1.53352E+02  2.57951E+00   1.52318E+02  2.60803E+00   1.51369E+02  2.63440E+00   1.50508E+02  2.65845E+00   1.49734E+02  2.68003E+00   1.49049E+02  2.69903E+00   1.48454E+02  2.71532E+00   1.47949E+02  2.72879E+00   1.47535E+02  2.73937E+00   1.47212E+02  2.74697E+00   1.46982E+02  2.75155E+00   1.46843E+02  2.75308E+00   1.46797E+02  2.75155E+00   1.46843E+02  2.74697E+00   1.46982E+02  2.73937E+00   1.47212E+02  2.72879E+00   1.47535E+02  2.71532E+00   1.47949E+02  2.69903E+00   1.48454E+02  2.68003E+00   1.49049E+02  2.65844E+00   1.49734E+02  2.63440E+00   1.50508E+02  2.60803E+00   1.51369E+02  2.57951E+00   1.52318E+02  2.54898E+00   1.53352E+02  2.51660E+00   1.54471E+02  2.48256E+00   1.55673E+02  2.44700E+00   1.56958E+02  2.41011E+00   1.58323E+02  2.37205E+00   1.59767E+02  2.33298E+00   1.61289E+02  2.29305E+00   1.62887E+02  2.25242E+00   1.64561E+02  2.21124E+00   1.66307E+02  2.16963E+00   1.68125E+02  2.12774E+00   1.70013E+02  2.08568E+00   1.71969E+02  2.04356E+00   1.73992E+02  2.00150E+00   1.76081E+02  1.95958E+00   1.78232E+02  1.91789E+00   1.80446E+02  1.87651E+00   1.82720E+02  1.83552E+00   1.85053E+02  1.79498E+00   1.87443E+02  1.75494E+00   1.89889E+02  1.71545E+00   1.92389E+02  1.67657E+00   1.94941E+02  1.63833E+00   1.97545E+02  1.60075E+00   2.00198E+02  1.56388E+00   2.02900E+02  1.52771E+00   2.05648E+02  1.49228E+00   2.08442E+02  1.45761E+00   2.11279E+02 
 1.42581E+00   2.09378E+02  1.46029E+00   2.06520E+02  1.49554E+00   2.03707E+02  1.53154E+00   2.00939E+02  1.56829E+00   1.98218E+02  1.60576E+00   1.95546E+02  1.64393E+00   1.92922E+02  1.68276E+00   1.90351E+02  1.72223E+00   1.87831E+02  1.76229E+00   1.85366E+02  1.80289E+00   1.82957E+02  1.84398E+00   1.80605E+02  1.88549E+00   1.78312E+02  1.92735E+00   1.76079E+02  1.96949E+00   1.73909E+02  2.01181E+00   1.71802E+02  2.05422E+00   1.69761E+02  2.09661E+00   1.67786E+02  2.13887E+00   1.65881E+02  2.18089E+00   1.64046E+02  2.22251E+00   1.62283E+02  2.26362E+00   1.60593E+02  2.30404E+00   1.58979E+02  2.34364E+00   1.57442E+02  2.38225E+00   1.55983E+02  2.41971E+00   1.54604E+02  2.45583E+00   1.53307E+02  2.49046E+00   1.52092E+02  2.52340E+00   1.50961E+02  2.55450E+00   1.49916E+02  2.58357E+00   1.48957E+02  2.61046E+00   1.48086E+02  2.63499E+00   1.47304E+02  2.65703E+00   1.46612E+02  2.67644E+00   1.46010E+02  2.69308E+00   1.45499E+02  2.70685E+00   1.45081E+02  2.71766E+00   1.44754E+02  2.72544E+00   1.44521E+02  2.73013E+00   1.44381E+02  2.73170E+00   1.44334E+02  2.73013E+00   1.44381E+02  2.72544E+00   1.44521E+02  2.71766E+00   1.44754E+02  2.70685E+00   1.45081E+02  2.69308E+00   1.45499E+02  2.67644E+00   1.46010E+02  2.65703E+00   1.46612E+02  2.63499E+00   1.47304E+02  2.61045E+00   1.48086E+02  2.58357E+00   1.48957E+02  2.55450E+00   1.49916E+02  2.52340E+00   1.50961E+02  2.49045E+00   1.52092E+02  2.45583E+00   1.53307E+02  2.41971E+00   1.54604E+02  2.38226E+00   1.55983E+02  2.34365E+00   1.57442E+02  2.30405E+00   1.58979E+02  2.26362E+00   1.60593E+02  2.22251E+00   1.62283E+02  2.18089E+00   1.64046E+02  2.13887E+00   1.65881E+02  2.09661E+00   1.67786E+02  2.05421E+00   1.69761E+02  2.01181E+00   1.71802E+02  1.96949E+00   1.73909E+02  1.92735E+00   1.76079E+02  1.88549E+00   1.78312E+02  1.84398E+00   1.80605E+02  1.80289E+00   1.82957E+02  1.76229E+00   1.85366E+02  1.72223E+00   1.87831E+02  1.68276E+00   1.90351E+02  1.64393E+00   1.92922E+02  1.60576E+00   1.95546E+02  1.56829E+00   1.98218E+02  1.53154E+00   2.00939E+02  1.49554E+00   2.03707E+02  1.46029E+00   2.06520E+02  1.42581E+00   2.09378E+02 
 1.39216E+00   2.07535E+02  1.42636E+00   2.04659E+02  1.46134E+00   2.01827E+02  1.49711E+00   1.99040E+02  1.53364E+00   1.96300E+02  1.57093E+00   1.93608E+02  1.60894E+00   1.90965E+02  1.64764E+00   1.88374E+02  1.68701E+00   1.85836E+02  1.72701E+00   1.83352E+02  1.76758E+00   1.80923E+02  1.80867E+00   1.78553E+02  1.85022E+00   1.76241E+02  1.89216E+00   1.73989E+02  1.93442E+00   1.71801E+02  1.97690E+00   1.69676E+02  2.01951E+00   1.67616E+02  2.06215E+00   1.65624E+02  2.10469E+00   1.63702E+02  2.14702E+00   1.61850E+02  2.18900E+00   1.60070E+02  2.23050E+00   1.58365E+02  2.27135E+00   1.56735E+02  2.31140E+00   1.55182E+02  2.35048E+00   1.53709E+02  2.38843E+00   1.52316E+02  2.42506E+00   1.51006E+02  2.46020E+00   1.49778E+02  2.49366E+00   1.48636E+02  2.52526E+00   1.47580E+02  2.55484E+00   1.46611E+02  2.58220E+00   1.45731E+02  2.60719E+00   1.44940E+02  2.62964E+00   1.44240E+02  2.64942E+00   1.43632E+02  2.66640E+00   1.43116E+02  2.68045E+00   1.42693E+02  2.69148E+00   1.42363E+02  2.69942E+00   1.42127E+02  2.70420E+00   1.41986E+02  2.70580E+00   1.41938E+02  2.70420E+00   1.41986E+02  2.69942E+00   1.42127E+02  2.69148E+00   1.42363E+02  2.68045E+00   1.42693E+02  2.66640E+00   1.43116E+02  2.64942E+00   1.43632E+02  2.62964E+00   1.44240E+02  2.60719E+00   1.44940E+02  2.58220E+00   1.45731E+02  2.55484E+00   1.46611E+02  2.52527E+00   1.47580E+02  2.49366E+00   1.48636E+02  2.46020E+00   1.49778E+02  2.42506E+00   1.51006E+02  2.38843E+00   1.52316E+02  2.35048E+00   1.53709E+02  2.31140E+00   1.55183E+02  2.27135E+00   1.56735E+02  2.23050E+00   1.58365E+02  2.18901E+00   1.60070E+02  2.14702E+00   1.61850E+02  2.10469E+00   1.63702E+02  2.06215E+00   1.65624E+02  2.01951E+00   1.67616E+02  1.97690E+00   1.69676E+02  1.93442E+00   1.71800E+02  1.89216E+00   1.73989E+02  1.85022E+00   1.76241E+02  1.80867E+00   1.78553E+02  1.76758E+00   1.80924E+02  1.72701E+00   1.83352E+02  1.68701E+00   1.85836E+02  1.64764E+00   1.88374E+02  1.60893E+00   1.90965E+02  1.57093E+00   1.93608E+02  1.53364E+00   1.96300E+02  1.49711E+00   1.99040E+02  1.46134E+00   2.01827E+02  1.42635E+00   2.04659E+02  1.39216E+00   2.07535E+02 
 1.35661E+00   2.05753E+02  1.39046E+00   2.02859E+02  1.42511E+00   2.00008E+02  1.46055E+00   1.97202E+02  1.49679E+00   1.94443E+02  1.53380E+00   1.91732E+02  1.57155E+00   1.89071E+02  1.61004E+00   1.86462E+02  1.64922E+00   1.83904E+02  1.68905E+00   1.81401E+02  1.72949E+00   1.78954E+02  1.77049E+00   1.76565E+02  1.81198E+00   1.74234E+02  1.85390E+00   1.71965E+02  1.89618E+00   1.69758E+02  1.93872E+00   1.67615E+02  1.98143E+00   1.65538E+02  2.02421E+00   1.63529E+02  2.06694E+00   1.61589E+02  2.10949E+00   1.59720E+02  2.15173E+00   1.57924E+02  2.19352E+00   1.56203E+02  2.23470E+00   1.54558E+02  2.27512E+00   1.52990E+02  2.31459E+00   1.51503E+02  2.35295E+00   1.50096E+02  2.39001E+00   1.48773E+02  2.42559E+00   1.47533E+02  2.45950E+00   1.46379E+02  2.49155E+00   1.45312E+02  2.52156E+00   1.44333E+02  2.54934E+00   1.43444E+02  2.57473E+00   1.42645E+02  2.59756E+00   1.41938E+02  2.61769E+00   1.41323E+02  2.63496E+00   1.40801E+02  2.64926E+00   1.40374E+02  2.66050E+00   1.40040E+02  2.66858E+00   1.39802E+02  2.67345E+00   1.39659E+02  2.67508E+00   1.39611E+02  2.67345E+00   1.39659E+02  2.66858E+00   1.39802E+02  2.66050E+00   1.40040E+02  2.64926E+00   1.40374E+02  2.63496E+00   1.40801E+02  2.61768E+00   1.41323E+02  2.59756E+00   1.41938E+02  2.57473E+00   1.42645E+02  2.54934E+00   1.43444E+02  2.52156E+00   1.44333E+02  2.49154E+00   1.45312E+02  2.45950E+00   1.46379E+02  2.42559E+00   1.47533E+02  2.39001E+00   1.48773E+02  2.35295E+00   1.50096E+02  2.31459E+00   1.51503E+02  2.27512E+00   1.52990E+02  2.23470E+00   1.54558E+02  2.19352E+00   1.56203E+02  2.15173E+00   1.57924E+02  2.10949E+00   1.59720E+02  2.06693E+00   1.61589E+02  2.02421E+00   1.63529E+02  1.98143E+00   1.65538E+02  1.93872E+00   1.67615E+02  1.89618E+00   1.69758E+02  1.85390E+00   1.71965E+02  1.81198E+00   1.74234E+02  1.77048E+00   1.76565E+02  1.72949E+00   1.78954E+02  1.68905E+00   1.81401E+02  1.64922E+00   1.83904E+02  1.61004E+00   1.86462E+02  1.57155E+00   1.89071E+02  1.53380E+00   1.91732E+02  1.49679E+00   1.94443E+02  1.46055E+00   1.97202E+02  1.42511E+00   2.00008E+02  1.39045E+00   2.02859E+02  1.35661E+00   2.05753E+02 
 1.31916E+00   2.04033E+02  1.35257E+00   2.01120E+02  1.38679E+00   1.98251E+02  1.42183E+00   1.95427E+02  1.45768E+00   1.92650E+02  1.49432E+00   1.89921E+02  1.53173E+00   1.87242E+02  1.56990E+00   1.84613E+02  1.60878E+00   1.82038E+02  1.64835E+00   1.79516E+02  1.68856E+00   1.77051E+02  1.72935E+00   1.74643E+02  1.77068E+00   1.72295E+02  1.81248E+00   1.70007E+02  1.85466E+00   1.67782E+02  1.89715E+00   1.65622E+02  1.93985E+00   1.63527E+02  1.98267E+00   1.61501E+02  2.02546E+00   1.59544E+02  2.06813E+00   1.57659E+02  2.11053E+00   1.55847E+02  2.15251E+00   1.54110E+02  2.19392E+00   1.52450E+02  2.23459E+00   1.50868E+02  2.27436E+00   1.49366E+02  2.31303E+00   1.47946E+02  2.35044E+00   1.46609E+02  2.38637E+00   1.45358E+02  2.42065E+00   1.44192E+02  2.45307E+00   1.43115E+02  2.48345E+00   1.42126E+02  2.51160E+00   1.41228E+02  2.53733E+00   1.40421E+02  2.56049E+00   1.39706E+02  2.58091E+00   1.39085E+02  2.59844E+00   1.38558E+02  2.61297E+00   1.38125E+02  2.62438E+00   1.37789E+02  2.63260E+00   1.37548E+02  2.63755E+00   1.37403E+02  2.63921E+00   1.37355E+02  2.63755E+00   1.37403E+02  2.63260E+00   1.37548E+02  2.62439E+00   1.37789E+02  2.61297E+00   1.38126E+02  2.59844E+00   1.38558E+02  2.58091E+00   1.39085E+02  2.56049E+00   1.39706E+02  2.53734E+00   1.40421E+02  2.51160E+00   1.41228E+02  2.48345E+00   1.42126E+02  2.45307E+00   1.43115E+02  2.42065E+00   1.44192E+02  2.38637E+00   1.45358E+02  2.35043E+00   1.46609E+02  2.31303E+00   1.47946E+02  2.27436E+00   1.49366E+02  2.23459E+00   1.50868E+02  2.19392E+00   1.52450E+02  2.15251E+00   1.54110E+02  2.11053E+00   1.55847E+02  2.06813E+00   1.57659E+02  2.02546E+00   1.59544E+02  1.98266E+00   1.61501E+02  1.93986E+00   1.63527E+02  1.89715E+00   1.65622E+02  1.85466E+00   1.67782E+02  1.81248E+00   1.70007E+02  1.77068E+00   1.72295E+02  1.72935E+00   1.74643E+02  1.68855E+00   1.77051E+02  1.64835E+00   1.79516E+02  1.60878E+00   1.82038E+02  1.56990E+00   1.84613E+02  1.53173E+00   1.87242E+02  1.49432E+00   1.89921E+02  1.45768E+00   1.92650E+02  1.42183E+00   1.95427E+02  1.38679E+00   1.98251E+02  1.35257E+00   2.01120E+02  1.31916E+00   2.04033E+02 
 1.27978E+00   2.02376E+02  1.31266E+00   1.99446E+02  1.34638E+00   1.96559E+02  1.38092E+00   1.93717E+02  1.41629E+00   1.90922E+02  1.45247E+00   1.88175E+02  1.48943E+00   1.85478E+02  1.52717E+00   1.82831E+02  1.56566E+00   1.80238E+02  1.60485E+00   1.77699E+02  1.64472E+00   1.75215E+02  1.68520E+00   1.72790E+02  1.72625E+00   1.70423E+02  1.76780E+00   1.68118E+02  1.80978E+00   1.65875E+02  1.85210E+00   1.63698E+02  1.89467E+00   1.61586E+02  1.93739E+00   1.59543E+02  1.98014E+00   1.57569E+02  2.02280E+00   1.55668E+02  2.06523E+00   1.53840E+02  2.10729E+00   1.52088E+02  2.14881E+00   1.50413E+02  2.18964E+00   1.48816E+02  2.22958E+00   1.47301E+02  2.26848E+00   1.45868E+02  2.30612E+00   1.44518E+02  2.34231E+00   1.43255E+02  2.37686E+00   1.42078E+02  2.40957E+00   1.40990E+02  2.44024E+00   1.39991E+02  2.46868E+00   1.39084E+02  2.49470E+00   1.38269E+02  2.51813E+00   1.37547E+02  2.53879E+00   1.36920E+02  2.55655E+00   1.36387E+02  2.57126E+00   1.35951E+02  2.58282E+00   1.35610E+02  2.59115E+00   1.35367E+02  2.59617E+00   1.35221E+02  2.59785E+00   1.35172E+02  2.59617E+00   1.35221E+02  2.59115E+00   1.35367E+02  2.58282E+00   1.35610E+02  2.57126E+00   1.35951E+02  2.55654E+00   1.36387E+02  2.53879E+00   1.36920E+02  2.51813E+00   1.37547E+02  2.49470E+00   1.38269E+02  2.46868E+00   1.39084E+02  2.44025E+00   1.39991E+02  2.40957E+00   1.40990E+02  2.37687E+00   1.42078E+02  2.34231E+00   1.43255E+02  2.30612E+00   1.44518E+02  2.26848E+00   1.45868E+02  2.22959E+00   1.47301E+02  2.18964E+00   1.48816E+02  2.14881E+00   1.50413E+02  2.10729E+00   1.52088E+02  2.06523E+00   1.53840E+02  2.02280E+00   1.55668E+02  1.98014E+00   1.57570E+02  1.93739E+00   1.59543E+02  1.89467E+00   1.61586E+02  1.85210E+00   1.63697E+02  1.80978E+00   1.65875E+02  1.76780E+00   1.68118E+02  1.72625E+00   1.70423E+02  1.68520E+00   1.72790E+02  1.64472E+00   1.75215E+02  1.60485E+00   1.77699E+02  1.56566E+00   1.80238E+02  1.52718E+00   1.82831E+02  1.48943E+00   1.85478E+02  1.45246E+00   1.88175E+02  1.41629E+00   1.90922E+02  1.38092E+00   1.93717E+02  1.34638E+00   1.96559E+02  1.31266E+00   1.99446E+02  1.27978E+00   2.02376E+02 
 1.23847E+00   2.00784E+02  1.27074E+00   1.97836E+02  1.30385E+00   1.94932E+02  1.33780E+00   1.92073E+02  1.37259E+00   1.89260E+02  1.40820E+00   1.86496E+02  1.44462E+00   1.83781E+02  1.48184E+00   1.81117E+02  1.51981E+00   1.78506E+02  1.55852E+00   1.75949E+02  1.59792E+00   1.73448E+02  1.63797E+00   1.71005E+02  1.67862E+00   1.68621E+02  1.71980E+00   1.66299E+02  1.76144E+00   1.64039E+02  1.80346E+00   1.61844E+02  1.84577E+00   1.59716E+02  1.88827E+00   1.57656E+02  1.93084E+00   1.55667E+02  1.97337E+00   1.53749E+02  2.01570E+00   1.51906E+02  2.05770E+00   1.50139E+02  2.09922E+00   1.48449E+02  2.14006E+00   1.46838E+02  2.18007E+00   1.45309E+02  2.21906E+00   1.43863E+02  2.25683E+00   1.42501E+02  2.29317E+00   1.41226E+02  2.32790E+00   1.40038E+02  2.36080E+00   1.38939E+02  2.39167E+00   1.37931E+02  2.42032E+00   1.37015E+02  2.44655E+00   1.36192E+02  2.47017E+00   1.35463E+02  2.49102E+00   1.34830E+02  2.50894E+00   1.34292E+02  2.52380E+00   1.33851E+02  2.53548E+00   1.33507E+02  2.54390E+00   1.33262E+02  2.54897E+00   1.33114E+02  2.55067E+00   1.33065E+02  2.54897E+00   1.33114E+02  2.54390E+00   1.33262E+02  2.53548E+00   1.33507E+02  2.52380E+00   1.33851E+02  2.50894E+00   1.34292E+02  2.49102E+00   1.34830E+02  2.47017E+00   1.35463E+02  2.44655E+00   1.36192E+02  2.42032E+00   1.37015E+02  2.39167E+00   1.37931E+02  2.36080E+00   1.38939E+02  2.32790E+00   1.40038E+02  2.29317E+00   1.41226E+02  2.25682E+00   1.42501E+02  2.21906E+00   1.43863E+02  2.18008E+00   1.45309E+02  2.14007E+00   1.46838E+02  2.09921E+00   1.48449E+02  2.05771E+00   1.50139E+02  2.01570E+00   1.51906E+02  1.97337E+00   1.53749E+02  1.93084E+00   1.55667E+02  1.88827E+00   1.57656E+02  1.84577E+00   1.59716E+02  1.80346E+00   1.61844E+02  1.76144E+00   1.64039E+02  1.71980E+00   1.66299E+02  1.67862E+00   1.68621E+02  1.63797E+00   1.71005E+02  1.59792E+00   1.73448E+02  1.55852E+00   1.75949E+02  1.51981E+00   1.78506E+02  1.48184E+00   1.81117E+02  1.44462E+00   1.83781E+02  1.40820E+00   1.86496E+02  1.37259E+00   1.89260E+02  1.33780E+00   1.92073E+02  1.30385E+00   1.94932E+02  1.27074E+00   1.97836E+02  1.23847E+00   2.00784E+02 
 1.19522E+00   1.99256E+02  1.22679E+00   1.96292E+02  1.25921E+00   1.93371E+02  1.29248E+00   1.90495E+02  1.32658E+00   1.87666E+02  1.36152E+00   1.84884E+02  1.39729E+00   1.82152E+02  1.43385E+00   1.79471E+02  1.47120E+00   1.76843E+02  1.50930E+00   1.74269E+02  1.54812E+00   1.71751E+02  1.58761E+00   1.69291E+02  1.62772E+00   1.66890E+02  1.66840E+00   1.64551E+02  1.70957E+00   1.62275E+02  1.75116E+00   1.60063E+02  1.79307E+00   1.57919E+02  1.83521E+00   1.55843E+02  1.87746E+00   1.53837E+02  1.91970E+00   1.51905E+02  1.96180E+00   1.50046E+02  2.00361E+00   1.48264E+02  2.04497E+00   1.46560E+02  2.08570E+00   1.44936E+02  2.12564E+00   1.43393E+02  2.16459E+00   1.41934E+02  2.20236E+00   1.40560E+02  2.23874E+00   1.39273E+02  2.27352E+00   1.38075E+02  2.30651E+00   1.36966E+02  2.33748E+00   1.35949E+02  2.36624E+00   1.35024E+02  2.39258E+00   1.34193E+02  2.41633E+00   1.33457E+02  2.43730E+00   1.32817E+02  2.45534E+00   1.32275E+02  2.47029E+00   1.31829E+02  2.48206E+00   1.31482E+02  2.49053E+00   1.31234E+02  2.49564E+00   1.31085E+02  2.49735E+00   1.31036E+02  2.49564E+00   1.31085E+02  2.49053E+00   1.31234E+02  2.48206E+00   1.31483E+02  2.47029E+00   1.31829E+02  2.45534E+00   1.32275E+02  2.43730E+00   1.32818E+02  2.41633E+00   1.33457E+02  2.39258E+00   1.34193E+02  2.36624E+00   1.35024E+02  2.33748E+00   1.35949E+02  2.30651E+00   1.36966E+02  2.27352E+00   1.38075E+02  2.23874E+00   1.39273E+02  2.20236E+00   1.40560E+02  2.16459E+00   1.41934E+02  2.12564E+00   1.43393E+02  2.08570E+00   1.44936E+02  2.04497E+00   1.46560E+02  2.00361E+00   1.48264E+02  1.96180E+00   1.50046E+02  1.91970E+00   1.51905E+02  1.87746E+00   1.53838E+02  1.83521E+00   1.55843E+02  1.79307E+00   1.57919E+02  1.75116E+00   1.60063E+02  1.70957E+00   1.62275E+02  1.66840E+00   1.64551E+02  1.62772E+00   1.66890E+02  1.58761E+00   1.69291E+02  1.54812E+00   1.71751E+02  1.50930E+00   1.74269E+02  1.47120E+00   1.76843E+02  1.43385E+00   1.79471E+02  1.39728E+00   1.82152E+02  1.36152E+00   1.84884E+02  1.32658E+00   1.87666E+02  1.29247E+00   1.90495E+02  1.25921E+00   1.93371E+02  1.22679E+00   1.96292E+02  1.19522E+00   1.99256E+02 
 1.15005E+00   1.97796E+02  1.18083E+00   1.94815E+02  1.21246E+00   1.91878E+02  1.24493E+00   1.88986E+02  1.27825E+00   1.86140E+02  1.31241E+00   1.83342E+02  1.34740E+00   1.80594E+02  1.38321E+00   1.77896E+02  1.41981E+00   1.75251E+02  1.45718E+00   1.72661E+02  1.49528E+00   1.70126E+02  1.53408E+00   1.67650E+02  1.57353E+00   1.65232E+02  1.61356E+00   1.62877E+02  1.65412E+00   1.60584E+02  1.69513E+00   1.58357E+02  1.73649E+00   1.56196E+02  1.77812E+00   1.54104E+02  1.81990E+00   1.52084E+02  1.86171E+00   1.50136E+02  1.90342E+00   1.48263E+02  1.94488E+00   1.46466E+02  1.98593E+00   1.44748E+02  2.02641E+00   1.43110E+02  2.06612E+00   1.41555E+02  2.10490E+00   1.40083E+02  2.14252E+00   1.38697E+02  2.17880E+00   1.37399E+02  2.21351E+00   1.36190E+02  2.24645E+00   1.35071E+02  2.27741E+00   1.34045E+02  2.30618E+00   1.33112E+02  2.33255E+00   1.32273E+02  2.35633E+00   1.31531E+02  2.37735E+00   1.30885E+02  2.39543E+00   1.30337E+02  2.41043E+00   1.29888E+02  2.42223E+00   1.29538E+02  2.43073E+00   1.29287E+02  2.43586E+00   1.29137E+02  2.43758E+00   1.29087E+02  2.43586E+00   1.29137E+02  2.43073E+00   1.29287E+02  2.42223E+00   1.29538E+02  2.41043E+00   1.29888E+02  2.39543E+00   1.30337E+02  2.37735E+00   1.30885E+02  2.35633E+00   1.31531E+02  2.33255E+00   1.32273E+02  2.30618E+00   1.33112E+02  2.27741E+00   1.34045E+02  2.24645E+00   1.35071E+02  2.21351E+00   1.36190E+02  2.17880E+00   1.37399E+02  2.14252E+00   1.38697E+02  2.10490E+00   1.40083E+02  2.06612E+00   1.41555E+02  2.02641E+00   1.43110E+02  1.98593E+00   1.44748E+02  1.94488E+00   1.46466E+02  1.90342E+00   1.48263E+02  1.86171E+00   1.50136E+02  1.81990E+00   1.52084E+02  1.77812E+00   1.54105E+02  1.73649E+00   1.56196E+02  1.69512E+00   1.58357E+02  1.65412E+00   1.60584E+02  1.61356E+00   1.62877E+02  1.57353E+00   1.65232E+02  1.53408E+00   1.67650E+02  1.49528E+00   1.70126E+02  1.45718E+00   1.72661E+02  1.41981E+00   1.75251E+02  1.38321E+00   1.77896E+02  1.34740E+00   1.80594E+02  1.31241E+00   1.83342E+02  1.27825E+00   1.86140E+02  1.24493E+00   1.88986E+02  1.21245E+00   1.91878E+02  1.18083E+00   1.94815E+02  1.15005E+00   1.97796E+02 
 1.10297E+00   1.96402E+02  1.13286E+00   1.93407E+02  1.16360E+00   1.90454E+02  1.19518E+00   1.87546E+02  1.22761E+00   1.84684E+02  1.26088E+00   1.81871E+02  1.29499E+00   1.79106E+02  1.32991E+00   1.76393E+02  1.36564E+00   1.73732E+02  1.40215E+00   1.71125E+02  1.43940E+00   1.68575E+02  1.47736E+00   1.66082E+02  1.51600E+00   1.63649E+02  1.55524E+00   1.61277E+02  1.59504E+00   1.58969E+02  1.63531E+00   1.56726E+02  1.67597E+00   1.54550E+02  1.71693E+00   1.52443E+02  1.75807E+00   1.50407E+02  1.79929E+00   1.48445E+02  1.84044E+00   1.46557E+02  1.88139E+00   1.44746E+02  1.92198E+00   1.43015E+02  1.96203E+00   1.41364E+02  2.00137E+00   1.39796E+02  2.03980E+00   1.38312E+02  2.07714E+00   1.36915E+02  2.11316E+00   1.35606E+02  2.14767E+00   1.34386E+02  2.18044E+00   1.33258E+02  2.21126E+00   1.32223E+02  2.23992E+00   1.31282E+02  2.26620E+00   1.30436E+02  2.28992E+00   1.29687E+02  2.31089E+00   1.29035E+02  2.32895E+00   1.28482E+02  2.34393E+00   1.28029E+02  2.35572E+00   1.27676E+02  2.36422E+00   1.27423E+02  2.36935E+00   1.27271E+02  2.37106E+00   1.27220E+02  2.36935E+00   1.27271E+02  2.36422E+00   1.27423E+02  2.35572E+00   1.27676E+02  2.34393E+00   1.28029E+02  2.32895E+00   1.28482E+02  2.31090E+00   1.29035E+02  2.28993E+00   1.29687E+02  2.26620E+00   1.30436E+02  2.23992E+00   1.31281E+02  2.21126E+00   1.32223E+02  2.18044E+00   1.33258E+02  2.14767E+00   1.34386E+02  2.11316E+00   1.35606E+02  2.07714E+00   1.36915E+02  2.03980E+00   1.38312E+02  2.00137E+00   1.39796E+02  1.96203E+00   1.41364E+02  1.92198E+00   1.43015E+02  1.88139E+00   1.44746E+02  1.84045E+00   1.46557E+02  1.79929E+00   1.48445E+02  1.75808E+00   1.50407E+02  1.71693E+00   1.52443E+02  1.67597E+00   1.54550E+02  1.63531E+00   1.56726E+02  1.59504E+00   1.58969E+02  1.55525E+00   1.61277E+02  1.51600E+00   1.63649E+02  1.47737E+00   1.66082E+02  1.43940E+00   1.68575E+02  1.40214E+00   1.71125E+02  1.36564E+00   1.73732E+02  1.32991E+00   1.76393E+02  1.29498E+00   1.79106E+02  1.26088E+00   1.81871E+02  1.22761E+00   1.84684E+02  1.19518E+00   1.87546E+02  1.16359E+00   1.90454E+02  1.13286E+00   1.93406E+02  1.10297E+00   1.96402E+02 
 1.05399E+00   1.95078E+02  1.08290E+00   1.92067E+02  1.11266E+00   1.89099E+02  1.14324E+00   1.86176E+02  1.17467E+00   1.83300E+02  1.20694E+00   1.80470E+02  1.24004E+00   1.77691E+02  1.27395E+00   1.74962E+02  1.30868E+00   1.72285E+02  1.34420E+00   1.69663E+02  1.38046E+00   1.67097E+02  1.41746E+00   1.64589E+02  1.45513E+00   1.62141E+02  1.49344E+00   1.59754E+02  1.53231E+00   1.57430E+02  1.57168E+00   1.55172E+02  1.61148E+00   1.52981E+02  1.65159E+00   1.50860E+02  1.69194E+00   1.48810E+02  1.73239E+00   1.46833E+02  1.77281E+00   1.44931E+02  1.81307E+00   1.43107E+02  1.85301E+00   1.41362E+02  1.89247E+00   1.39699E+02  1.93125E+00   1.38119E+02  1.96919E+00   1.36623E+02  2.00606E+00   1.35215E+02  2.04168E+00   1.33895E+02  2.07582E+00   1.32666E+02  2.10827E+00   1.31528E+02  2.13881E+00   1.30484E+02  2.16723E+00   1.29535E+02  2.19331E+00   1.28682E+02  2.21687E+00   1.27927E+02  2.23770E+00   1.27270E+02  2.25564E+00   1.26712E+02  2.27054E+00   1.26255E+02  2.28227E+00   1.25898E+02  2.29073E+00   1.25643E+02  2.29583E+00   1.25490E+02  2.29753E+00   1.25439E+02  2.29583E+00   1.25490E+02  2.29073E+00   1.25643E+02  2.28227E+00   1.25898E+02  2.27054E+00   1.26255E+02  2.25564E+00   1.26712E+02  2.23770E+00   1.27270E+02  2.21687E+00   1.27927E+02  2.19331E+00   1.28682E+02  2.16723E+00   1.29535E+02  2.13881E+00   1.30484E+02  2.10827E+00   1.31528E+02  2.07582E+00   1.32666E+02  2.04168E+00   1.33895E+02  2.00607E+00   1.35215E+02  1.96919E+00   1.36623E+02  1.93126E+00   1.38118E+02  1.89247E+00   1.39699E+02  1.85302E+00   1.41362E+02  1.81307E+00   1.43107E+02  1.77281E+00   1.44931E+02  1.73239E+00   1.46833E+02  1.69194E+00   1.48810E+02  1.65160E+00   1.50860E+02  1.61147E+00   1.52981E+02  1.57168E+00   1.55172E+02  1.53231E+00   1.57430E+02  1.49343E+00   1.59754E+02  1.45513E+00   1.62141E+02  1.41746E+00   1.64589E+02  1.38047E+00   1.67097E+02  1.34420E+00   1.69663E+02  1.30868E+00   1.72285E+02  1.27396E+00   1.74962E+02  1.24003E+00   1.77691E+02  1.20694E+00   1.80471E+02  1.17467E+00   1.83300E+02  1.14324E+00   1.86176E+02  1.11265E+00   1.89099E+02  1.08291E+00   1.92067E+02  1.05399E+00   1.95078E+02 
 1.00316E+00   1.93823E+02  1.03100E+00   1.90798E+02  1.05966E+00   1.87816E+02  1.08915E+00   1.84878E+02  1.11947E+00   1.81987E+02  1.15061E+00   1.79143E+02  1.18259E+00   1.76349E+02  1.21538E+00   1.73605E+02  1.24897E+00   1.70914E+02  1.28335E+00   1.68277E+02  1.31849E+00   1.65696E+02  1.35437E+00   1.63173E+02  1.39093E+00   1.60710E+02  1.42813E+00   1.58308E+02  1.46592E+00   1.55970E+02  1.50423E+00   1.53697E+02  1.54299E+00   1.51492E+02  1.58210E+00   1.49357E+02  1.62145E+00   1.47293E+02  1.66095E+00   1.45302E+02  1.70047E+00   1.43387E+02  1.73986E+00   1.41550E+02  1.77897E+00   1.39793E+02  1.81764E+00   1.38117E+02  1.85569E+00   1.36525E+02  1.89294E+00   1.35018E+02  1.92918E+00   1.33599E+02  1.96421E+00   1.32269E+02  1.99782E+00   1.31030E+02  2.02979E+00   1.29884E+02  2.05991E+00   1.28831E+02  2.08795E+00   1.27875E+02  2.11370E+00   1.27015E+02  2.13697E+00   1.26253E+02  2.15756E+00   1.25591E+02  2.17531E+00   1.25029E+02  2.19005E+00   1.24568E+02  2.20165E+00   1.24208E+02  2.21002E+00   1.23951E+02  2.21507E+00   1.23797E+02  2.21676E+00   1.23745E+02  2.21507E+00   1.23797E+02  2.21002E+00   1.23951E+02  2.20165E+00   1.24208E+02  2.19005E+00   1.24568E+02  2.17531E+00   1.25029E+02  2.15756E+00   1.25591E+02  2.13697E+00   1.26253E+02  2.11370E+00   1.27015E+02  2.08795E+00   1.27875E+02  2.05991E+00   1.28831E+02  2.02979E+00   1.29884E+02  1.99782E+00   1.31030E+02  1.96421E+00   1.32269E+02  1.92918E+00   1.33599E+02  1.89294E+00   1.35018E+02  1.85569E+00   1.36525E+02  1.81764E+00   1.38117E+02  1.77897E+00   1.39793E+02  1.73986E+00   1.41550E+02  1.70047E+00   1.43387E+02  1.66095E+00   1.45302E+02  1.62146E+00   1.47293E+02  1.58210E+00   1.49357E+02  1.54299E+00   1.51492E+02  1.50423E+00   1.53697E+02  1.46593E+00   1.55970E+02  1.42813E+00   1.58308E+02  1.39093E+00   1.60710E+02  1.35437E+00   1.63173E+02  1.31849E+00   1.65696E+02  1.28336E+00   1.68277E+02  1.24897E+00   1.70914E+02  1.21538E+00   1.73605E+02  1.18259E+00   1.76349E+02  1.15061E+00   1.79143E+02  1.11947E+00   1.81987E+02  1.08915E+00   1.84878E+02  1.05966E+00   1.87816E+02  1.03100E+00   1.90798E+02  1.00316E+00   1.93823E+02 
 9.50523E-01   1.92639E+02  9.77189E-01   1.89600E+02  1.00466E+00   1.86604E+02  1.03294E+00   1.83653E+02  1.06204E+00   1.80748E+02  1.09195E+00   1.77890E+02  1.12268E+00   1.75082E+02  1.15421E+00   1.72324E+02  1.18654E+00   1.69619E+02  1.21965E+00   1.66968E+02  1.25352E+00   1.64372E+02  1.28812E+00   1.61835E+02  1.32342E+00   1.59358E+02  1.35936E+00   1.56942E+02  1.39590E+00   1.54590E+02  1.43298E+00   1.52303E+02  1.47051E+00   1.50085E+02  1.50842E+00   1.47935E+02  1.54662E+00   1.45858E+02  1.58498E+00   1.43855E+02  1.62339E+00   1.41927E+02  1.66171E+00   1.40077E+02  1.69980E+00   1.38308E+02  1.73750E+00   1.36620E+02  1.77462E+00   1.35017E+02  1.81099E+00   1.33499E+02  1.84641E+00   1.32070E+02  1.88067E+00   1.30730E+02  1.91357E+00   1.29482E+02  1.94490E+00   1.28327E+02  1.97442E+00   1.27267E+02  2.00193E+00   1.26302E+02  2.02721E+00   1.25436E+02  2.05007E+00   1.24668E+02  2.07031E+00   1.24001E+02  2.08776E+00   1.23434E+02  2.10225E+00   1.22970E+02  2.11368E+00   1.22608E+02  2.12191E+00   1.22348E+02  2.12688E+00   1.22193E+02  2.12855E+00   1.22141E+02  2.12689E+00   1.22193E+02  2.12191E+00   1.22348E+02  2.11368E+00   1.22608E+02  2.10225E+00   1.22970E+02  2.08776E+00   1.23434E+02  2.07031E+00   1.24001E+02  2.05007E+00   1.24669E+02  2.02721E+00   1.25436E+02  2.00193E+00   1.26302E+02  1.97442E+00   1.27267E+02  1.94490E+00   1.28327E+02  1.91358E+00   1.29482E+02  1.88067E+00   1.30730E+02  1.84641E+00   1.32070E+02  1.81099E+00   1.33499E+02  1.77462E+00   1.35017E+02  1.73749E+00   1.36620E+02  1.69980E+00   1.38308E+02  1.66171E+00   1.40077E+02  1.62339E+00   1.41927E+02  1.58498E+00   1.43855E+02  1.54662E+00   1.45858E+02  1.50843E+00   1.47935E+02  1.47051E+00   1.50085E+02  1.43298E+00   1.52303E+02  1.39590E+00   1.54590E+02  1.35936E+00   1.56942E+02  1.32342E+00   1.59358E+02  1.28812E+00   1.61835E+02  1.25352E+00   1.64372E+02  1.21965E+00   1.66968E+02  1.18654E+00   1.69619E+02  1.15421E+00   1.72324E+02  1.12268E+00   1.75082E+02  1.09195E+00   1.77890E+02  1.06204E+00   1.80748E+02  1.03294E+00   1.83653E+02  1.00466E+00   1.86605E+02  9.77188E-01   1.89600E+02  9.50521E-01   1.92639E+02 
 8.96115E-01   1.91526E+02  9.21521E-01   1.88475E+02  9.47705E-01   1.85466E+02  9.74674E-01   1.82502E+02  1.00244E+00   1.79583E+02  1.03100E+00   1.76712E+02  1.06036E+00   1.73891E+02  1.09051E+00   1.71119E+02  1.12144E+00   1.68401E+02  1.15314E+00   1.65736E+02  1.18560E+00   1.63127E+02  1.21877E+00   1.60577E+02  1.25264E+00   1.58086E+02  1.28716E+00   1.55657E+02  1.32228E+00   1.53291E+02  1.35795E+00   1.50992E+02  1.39409E+00   1.48760E+02  1.43062E+00   1.46598E+02  1.46745E+00   1.44507E+02  1.50448E+00   1.42491E+02  1.54159E+00   1.40552E+02  1.57864E+00   1.38690E+02  1.61551E+00   1.36909E+02  1.65202E+00   1.35210E+02  1.68801E+00   1.33596E+02  1.72330E+00   1.32068E+02  1.75770E+00   1.30629E+02  1.79101E+00   1.29280E+02  1.82301E+00   1.28023E+02  1.85350E+00   1.26860E+02  1.88226E+00   1.25792E+02  1.90908E+00   1.24821E+02  1.93375E+00   1.23948E+02  1.95606E+00   1.23175E+02  1.97582E+00   1.22502E+02  1.99287E+00   1.21932E+02  2.00704E+00   1.21463E+02  2.01821E+00   1.21099E+02  2.02626E+00   1.20838E+02  2.03113E+00   1.20681E+02  2.03275E+00   1.20628E+02  2.03113E+00   1.20681E+02  2.02626E+00   1.20837E+02  2.01821E+00   1.21099E+02  2.00704E+00   1.21463E+02  1.99287E+00   1.21932E+02  1.97582E+00   1.22502E+02  1.95606E+00   1.23175E+02  1.93375E+00   1.23948E+02  1.90908E+00   1.24821E+02  1.88226E+00   1.25792E+02  1.85350E+00   1.26860E+02  1.82301E+00   1.28023E+02  1.79101E+00   1.29280E+02  1.75770E+00   1.30629E+02  1.72330E+00   1.32068E+02  1.68801E+00   1.33596E+02  1.65202E+00   1.35210E+02  1.61551E+00   1.36909E+02  1.57864E+00   1.38690E+02  1.54159E+00   1.40552E+02  1.50448E+00   1.42491E+02  1.46745E+00   1.44507E+02  1.43062E+00   1.46598E+02  1.39409E+00   1.48760E+02  1.35795E+00   1.50992E+02  1.32228E+00   1.53291E+02  1.28716E+00   1.55657E+02  1.25264E+00   1.58086E+02  1.21877E+00   1.60577E+02  1.18560E+00   1.63127E+02  1.15314E+00   1.65736E+02  1.12144E+00   1.68401E+02  1.09051E+00   1.71119E+02  1.06036E+00   1.73890E+02  1.03100E+00   1.76712E+02  1.00244E+00   1.79583E+02  9.74674E-01   1.82502E+02  9.47704E-01   1.85466E+02  9.21520E-01   1.88475E+02  8.96116E-01   1.91526E+02 
 8.40012E-01   1.90486E+02  8.64056E-01   1.87422E+02  8.88853E-01   1.84402E+02  9.14410E-01   1.81425E+02  9.40737E-01   1.78494E+02  9.67836E-01   1.75611E+02  9.95704E-01   1.72776E+02  1.02434E+00   1.69992E+02  1.05374E+00   1.67261E+02  1.08390E+00   1.64584E+02  1.11479E+00   1.61962E+02  1.14639E+00   1.59399E+02  1.17867E+00   1.56895E+02  1.21161E+00   1.54453E+02  1.24514E+00   1.52075E+02  1.27921E+00   1.49763E+02  1.31377E+00   1.47519E+02  1.34873E+00   1.45344E+02  1.38401E+00   1.43242E+02  1.41951E+00   1.41214E+02  1.45511E+00   1.39263E+02  1.49070E+00   1.37390E+02  1.52612E+00   1.35598E+02  1.56124E+00   1.33889E+02  1.59589E+00   1.32265E+02  1.62990E+00   1.30727E+02  1.66307E+00   1.29278E+02  1.69521E+00   1.27920E+02  1.72612E+00   1.26655E+02  1.75559E+00   1.25484E+02  1.78341E+00   1.24409E+02  1.80937E+00   1.23431E+02  1.83326E+00   1.22552E+02  1.85488E+00   1.21774E+02  1.87404E+00   1.21097E+02  1.89058E+00   1.20522E+02  1.90433E+00   1.20051E+02  1.91517E+00   1.19683E+02  1.92299E+00   1.19420E+02  1.92771E+00   1.19262E+02  1.92929E+00   1.19210E+02  1.92771E+00   1.19262E+02  1.92299E+00   1.19420E+02  1.91517E+00   1.19683E+02  1.90433E+00   1.20051E+02  1.89058E+00   1.20522E+02  1.87404E+00   1.21097E+02  1.85488E+00   1.21774E+02  1.83326E+00   1.22552E+02  1.80937E+00   1.23431E+02  1.78341E+00   1.24409E+02  1.75559E+00   1.25484E+02  1.72612E+00   1.26655E+02  1.69521E+00   1.27920E+02  1.66307E+00   1.29278E+02  1.62990E+00   1.30727E+02  1.59589E+00   1.32264E+02  1.56124E+00   1.33889E+02  1.52612E+00   1.35598E+02  1.49069E+00   1.37390E+02  1.45511E+00   1.39263E+02  1.41951E+00   1.41214E+02  1.38401E+00   1.43242E+02  1.34873E+00   1.45344E+02  1.31377E+00   1.47519E+02  1.27921E+00   1.49763E+02  1.24514E+00   1.52075E+02  1.21161E+00   1.54453E+02  1.17867E+00   1.56895E+02  1.14639E+00   1.59399E+02  1.11479E+00   1.61962E+02  1.08390E+00   1.64584E+02  1.05374E+00   1.67261E+02  1.02434E+00   1.69992E+02  9.95703E-01   1.72776E+02  9.67834E-01   1.75611E+02  9.40737E-01   1.78494E+02  9.14412E-01   1.81425E+02  8.88853E-01   1.84402E+02  8.64056E-01   1.87422E+02  8.40010E-01   1.90486E+02 
 7.82270E-01   1.89519E+02  8.04870E-01   1.86444E+02  8.28187E-01   1.83412E+02  8.52229E-01   1.80424E+02  8.77009E-01   1.77481E+02  9.02529E-01   1.74586E+02  9.28790E-01   1.71740E+02  9.55794E-01   1.68944E+02  9.83537E-01   1.66201E+02  1.01200E+00   1.63512E+02  1.04119E+00   1.60878E+02  1.07106E+00   1.58303E+02  1.10161E+00   1.55787E+02  1.13279E+00   1.53333E+02  1.16455E+00   1.50943E+02  1.19687E+00   1.48619E+02  1.22966E+00   1.46363E+02  1.26286E+00   1.44178E+02  1.29639E+00   1.42064E+02  1.33015E+00   1.40025E+02  1.36404E+00   1.38063E+02  1.39794E+00   1.36180E+02  1.43172E+00   1.34377E+02  1.46524E+00   1.32658E+02  1.49833E+00   1.31024E+02  1.53083E+00   1.29477E+02  1.56256E+00   1.28020E+02  1.59334E+00   1.26653E+02  1.62295E+00   1.25380E+02  1.65121E+00   1.24202E+02  1.67790E+00   1.23120E+02  1.70282E+00   1.22136E+02  1.72576E+00   1.21252E+02  1.74654E+00   1.20468E+02  1.76497E+00   1.19786E+02  1.78088E+00   1.19208E+02  1.79411E+00   1.18734E+02  1.80455E+00   1.18364E+02  1.81208E+00   1.18099E+02  1.81663E+00   1.17940E+02  1.81815E+00   1.17887E+02  1.81663E+00   1.17940E+02  1.81208E+00   1.18099E+02  1.80455E+00   1.18364E+02  1.79411E+00   1.18734E+02  1.78088E+00   1.19208E+02  1.76497E+00   1.19786E+02  1.74654E+00   1.20468E+02  1.72576E+00   1.21251E+02  1.70281E+00   1.22136E+02  1.67790E+00   1.23120E+02  1.65121E+00   1.24202E+02  1.62295E+00   1.25380E+02  1.59334E+00   1.26653E+02  1.56256E+00   1.28020E+02  1.53083E+00   1.29477E+02  1.49833E+00   1.31024E+02  1.46524E+00   1.32658E+02  1.43172E+00   1.34377E+02  1.39794E+00   1.36180E+02  1.36404E+00   1.38063E+02  1.33015E+00   1.40025E+02  1.29639E+00   1.42064E+02  1.26286E+00   1.44178E+02  1.22966E+00   1.46363E+02  1.19687E+00   1.48619E+02  1.16456E+00   1.50943E+02  1.13279E+00   1.53333E+02  1.10161E+00   1.55787E+02  1.07107E+00   1.58303E+02  1.04119E+00   1.60878E+02  1.01201E+00   1.63511E+02  9.83537E-01   1.66201E+02  9.55795E-01   1.68944E+02  9.28793E-01   1.71740E+02  9.02528E-01   1.74586E+02  8.77006E-01   1.77481E+02  8.52229E-01   1.80424E+02  8.28187E-01   1.83412E+02  8.04871E-01   1.86444E+02  7.82271E-01   1.89519E+02 
 7.22986E-01   1.88627E+02  7.44047E-01   1.85541E+02  7.65788E-01   1.82498E+02  7.88217E-01   1.79499E+02  8.11348E-01   1.76546E+02  8.35184E-01   1.73640E+02  8.59723E-01   1.70783E+02  8.84969E-01   1.67976E+02  9.10921E-01   1.65221E+02  9.37570E-01   1.62521E+02  9.64906E-01   1.59876E+02  9.92910E-01   1.57290E+02  1.02156E+00   1.54763E+02  1.05082E+00   1.52298E+02  1.08066E+00   1.49897E+02  1.11102E+00   1.47562E+02  1.14187E+00   1.45295E+02  1.17312E+00   1.43099E+02  1.20470E+00   1.40975E+02  1.23653E+00   1.38925E+02  1.26850E+00   1.36953E+02  1.30051E+00   1.35060E+02  1.33243E+00   1.33247E+02  1.36413E+00   1.31519E+02  1.39544E+00   1.29876E+02  1.42623E+00   1.28320E+02  1.45630E+00   1.26855E+02  1.48549E+00   1.25481E+02  1.51360E+00   1.24200E+02  1.54044E+00   1.23015E+02  1.56581E+00   1.21926E+02  1.58951E+00   1.20937E+02  1.61134E+00   1.20047E+02  1.63113E+00   1.19259E+02  1.64868E+00   1.18573E+02  1.66385E+00   1.17991E+02  1.67646E+00   1.17514E+02  1.68641E+00   1.17142E+02  1.69360E+00   1.16876E+02  1.69794E+00   1.16716E+02  1.69939E+00   1.16663E+02  1.69794E+00   1.16716E+02  1.69359E+00   1.16876E+02  1.68641E+00   1.17142E+02  1.67646E+00   1.17514E+02  1.66385E+00   1.17991E+02  1.64868E+00   1.18573E+02  1.63113E+00   1.19259E+02  1.61134E+00   1.20047E+02  1.58951E+00   1.20937E+02  1.56581E+00   1.21926E+02  1.54044E+00   1.23015E+02  1.51360E+00   1.24200E+02  1.48549E+00   1.25481E+02  1.45630E+00   1.26855E+02  1.42623E+00   1.28320E+02  1.39544E+00   1.29876E+02  1.36413E+00   1.31519E+02  1.33243E+00   1.33248E+02  1.30051E+00   1.35060E+02  1.26850E+00   1.36953E+02  1.23653E+00   1.38925E+02  1.20470E+00   1.40975E+02  1.17312E+00   1.43099E+02  1.14187E+00   1.45295E+02  1.11102E+00   1.47562E+02  1.08066E+00   1.49897E+02  1.05082E+00   1.52298E+02  1.02156E+00   1.54763E+02  9.92909E-01   1.57290E+02  9.64906E-01   1.59876E+02  9.37571E-01   1.62521E+02  9.10921E-01   1.65221E+02  8.84968E-01   1.67976E+02  8.59723E-01   1.70783E+02  8.35184E-01   1.73640E+02  8.11348E-01   1.76546E+02  7.88218E-01   1.79499E+02  7.65787E-01   1.82498E+02  7.44046E-01   1.85541E+02  7.22984E-01   1.88627E+02 
 6.62232E-01   1.87809E+02  6.81675E-01   1.84714E+02  7.01755E-01   1.81661E+02  7.22480E-01   1.78652E+02  7.43862E-01   1.75689E+02  7.65903E-01   1.72773E+02  7.88609E-01   1.69905E+02  8.11985E-01   1.67088E+02  8.36027E-01   1.64324E+02  8.60725E-01   1.61613E+02  8.86077E-01   1.58958E+02  9.12061E-01   1.56361E+02  9.38662E-01   1.53824E+02  9.65850E-01   1.51349E+02  9.93590E-01   1.48937E+02  1.02184E+00   1.46592E+02  1.05056E+00   1.44315E+02  1.07967E+00   1.42109E+02  1.10912E+00   1.39975E+02  1.13881E+00   1.37916E+02  1.16866E+00   1.35934E+02  1.19857E+00   1.34032E+02  1.22842E+00   1.32211E+02  1.25807E+00   1.30473E+02  1.28740E+00   1.28822E+02  1.31625E+00   1.27259E+02  1.34445E+00   1.25785E+02  1.37184E+00   1.24404E+02  1.39824E+00   1.23116E+02  1.42346E+00   1.21925E+02  1.44731E+00   1.20831E+02  1.46961E+00   1.19836E+02  1.49016E+00   1.18941E+02  1.50880E+00   1.18149E+02  1.52534E+00   1.17459E+02  1.53963E+00   1.16874E+02  1.55153E+00   1.16394E+02  1.56091E+00   1.16020E+02  1.56769E+00   1.15752E+02  1.57178E+00   1.15591E+02  1.57315E+00   1.15538E+02  1.57178E+00   1.15591E+02  1.56769E+00   1.15752E+02  1.56091E+00   1.16020E+02  1.55153E+00   1.16394E+02  1.53963E+00   1.16874E+02  1.52534E+00   1.17459E+02  1.50880E+00   1.18149E+02  1.49016E+00   1.18941E+02  1.46961E+00   1.19836E+02  1.44731E+00   1.20831E+02  1.42346E+00   1.21925E+02  1.39824E+00   1.23116E+02  1.37184E+00   1.24404E+02  1.34445E+00   1.25785E+02  1.31625E+00   1.27259E+02  1.28740E+00   1.28822E+02  1.25807E+00   1.30473E+02  1.22842E+00   1.32211E+02  1.19857E+00   1.34032E+02  1.16866E+00   1.35934E+02  1.13881E+00   1.37916E+02  1.10912E+00   1.39975E+02  1.07967E+00   1.42109E+02  1.05056E+00   1.44315E+02  1.02184E+00   1.46592E+02  9.93591E-01   1.48937E+02  9.65850E-01   1.51349E+02  9.38662E-01   1.53824E+02  9.12062E-01   1.56361E+02  8.86074E-01   1.58958E+02  8.60726E-01   1.61613E+02  8.36027E-01   1.64323E+02  8.11985E-01   1.67088E+02  7.88611E-01   1.69905E+02  7.65903E-01   1.72773E+02  7.43860E-01   1.75689E+02  7.22480E-01   1.78652E+02  7.01755E-01   1.81661E+02  6.81676E-01   1.84714E+02  6.62233E-01   1.87809E+02 
 6.00122E-01   1.87067E+02  6.17866E-01   1.83963E+02  6.36197E-01   1.80901E+02  6.55126E-01   1.77883E+02  6.74665E-01   1.74911E+02  6.94818E-01   1.71985E+02  7.15586E-01   1.69109E+02  7.36976E-01   1.66282E+02  7.58985E-01   1.63508E+02  7.81611E-01   1.60788E+02  8.04846E-01   1.58124E+02  8.28677E-01   1.55517E+02  8.53083E-01   1.52971E+02  8.78045E-01   1.50486E+02  9.03531E-01   1.48065E+02  9.29501E-01   1.45711E+02  9.55914E-01   1.43425E+02  9.82711E-01   1.41209E+02  1.00983E+00   1.39066E+02  1.03720E+00   1.36999E+02  1.06473E+00   1.35008E+02  1.09234E+00   1.33097E+02  1.11990E+00   1.31268E+02  1.14731E+00   1.29523E+02  1.17443E+00   1.27864E+02  1.20112E+00   1.26293E+02  1.22724E+00   1.24813E+02  1.25262E+00   1.23425E+02  1.27710E+00   1.22131E+02  1.30050E+00   1.20934E+02  1.32265E+00   1.19834E+02  1.34336E+00   1.18834E+02  1.36246E+00   1.17935E+02  1.37979E+00   1.17139E+02  1.39517E+00   1.16446E+02  1.40847E+00   1.15858E+02  1.41955E+00   1.15375E+02  1.42829E+00   1.14999E+02  1.43460E+00   1.14730E+02  1.43841E+00   1.14569E+02  1.43969E+00   1.14515E+02  1.43841E+00   1.14569E+02  1.43460E+00   1.14730E+02  1.42829E+00   1.14999E+02  1.41955E+00   1.15375E+02  1.40847E+00   1.15858E+02  1.39517E+00   1.16446E+02  1.37979E+00   1.17139E+02  1.36246E+00   1.17935E+02  1.34336E+00   1.18834E+02  1.32264E+00   1.19834E+02  1.30050E+00   1.20934E+02  1.27710E+00   1.22131E+02  1.25262E+00   1.23425E+02  1.22724E+00   1.24813E+02  1.20112E+00   1.26293E+02  1.17443E+00   1.27864E+02  1.14731E+00   1.29523E+02  1.11990E+00   1.31268E+02  1.09233E+00   1.33097E+02  1.06473E+00   1.35008E+02  1.03720E+00   1.36999E+02  1.00983E+00   1.39066E+02  9.82712E-01   1.41209E+02  9.55915E-01   1.43425E+02  9.29502E-01   1.45711E+02  9.03530E-01   1.48065E+02  8.78046E-01   1.50486E+02  8.53083E-01   1.52971E+02  8.28677E-01   1.55517E+02  8.04847E-01   1.58124E+02  7.81610E-01   1.60788E+02  7.58985E-01   1.63508E+02  7.36974E-01   1.66282E+02  7.15587E-01   1.69109E+02  6.94819E-01   1.71985E+02  6.74665E-01   1.74911E+02  6.55126E-01   1.77883E+02  6.36196E-01   1.80901E+02  6.17866E-01   1.83963E+02  6.00120E-01   1.87067E+02 
 5.36751E-01   1.86401E+02  5.52723E-01   1.83289E+02  5.69231E-01   1.80219E+02  5.86284E-01   1.77193E+02  6.03893E-01   1.74212E+02  6.22058E-01   1.71279E+02  6.40788E-01   1.68394E+02  6.60090E-01   1.65559E+02  6.79962E-01   1.62776E+02  7.00397E-01   1.60048E+02  7.21393E-01   1.57375E+02  7.42936E-01   1.54760E+02  7.65015E-01   1.52205E+02  7.87607E-01   1.49711E+02  8.10684E-01   1.47282E+02  8.34218E-01   1.44919E+02  8.58159E-01   1.42625E+02  8.82469E-01   1.40401E+02  9.07085E-01   1.38250E+02  9.31941E-01   1.36174E+02  9.56964E-01   1.34176E+02  9.82063E-01   1.32257E+02  1.00715E+00   1.30421E+02  1.03210E+00   1.28668E+02  1.05681E+00   1.27002E+02  1.08115E+00   1.25425E+02  1.10497E+00   1.23938E+02  1.12814E+00   1.22544E+02  1.15050E+00   1.21245E+02  1.17188E+00   1.20042E+02  1.19213E+00   1.18938E+02  1.21108E+00   1.17934E+02  1.22856E+00   1.17031E+02  1.24443E+00   1.16231E+02  1.25852E+00   1.15535E+02  1.27071E+00   1.14944E+02  1.28086E+00   1.14459E+02  1.28887E+00   1.14081E+02  1.29466E+00   1.13811E+02  1.29815E+00   1.13649E+02  1.29932E+00   1.13595E+02  1.29815E+00   1.13649E+02  1.29466E+00   1.13811E+02  1.28887E+00   1.14081E+02  1.28086E+00   1.14459E+02  1.27071E+00   1.14944E+02  1.25852E+00   1.15535E+02  1.24443E+00   1.16231E+02  1.22856E+00   1.17031E+02  1.21108E+00   1.17934E+02  1.19213E+00   1.18938E+02  1.17188E+00   1.20043E+02  1.15050E+00   1.21245E+02  1.12814E+00   1.22544E+02  1.10497E+00   1.23938E+02  1.08115E+00   1.25425E+02  1.05681E+00   1.27002E+02  1.03210E+00   1.28668E+02  1.00715E+00   1.30421E+02  9.82064E-01   1.32257E+02  9.56964E-01   1.34176E+02  9.31942E-01   1.36174E+02  9.07085E-01   1.38250E+02  8.82468E-01   1.40401E+02  8.58160E-01   1.42625E+02  8.34217E-01   1.44919E+02  8.10685E-01   1.47282E+02  7.87607E-01   1.49712E+02  7.65015E-01   1.52205E+02  7.42936E-01   1.54760E+02  7.21391E-01   1.57375E+02  7.00398E-01   1.60048E+02  6.79962E-01   1.62776E+02  6.60091E-01   1.65559E+02  6.40790E-01   1.68394E+02  6.22057E-01   1.71279E+02  6.03891E-01   1.74213E+02  5.86285E-01   1.77193E+02  5.69231E-01   1.80219E+02  5.52723E-01   1.83289E+02  5.36752E-01   1.86401E+02 
 4.72246E-01   1.85813E+02  4.86379E-01   1.82693E+02  5.00989E-01   1.79616E+02  5.16086E-01   1.76583E+02  5.31682E-01   1.73595E+02  5.47779E-01   1.70654E+02  5.64383E-01   1.67761E+02  5.81498E-01   1.64919E+02  5.99124E-01   1.62129E+02  6.17259E-01   1.59392E+02  6.35901E-01   1.56712E+02  6.55039E-01   1.54089E+02  6.74660E-01   1.51526E+02  6.94747E-01   1.49026E+02  7.15278E-01   1.46589E+02  7.36221E-01   1.44219E+02  7.57544E-01   1.41917E+02  7.79203E-01   1.39685E+02  8.01148E-01   1.37527E+02  8.23319E-01   1.35444E+02  8.45651E-01   1.33439E+02  8.68065E-01   1.31514E+02  8.90475E-01   1.29670E+02  9.12784E-01   1.27912E+02  9.34888E-01   1.26240E+02  9.56671E-01   1.24656E+02  9.78006E-01   1.23164E+02  9.98765E-01   1.21765E+02  1.01881E+00   1.20460E+02  1.03799E+00   1.19253E+02  1.05616E+00   1.18144E+02  1.07317E+00   1.17136E+02  1.08887E+00   1.16229E+02  1.10313E+00   1.15426E+02  1.11580E+00   1.14727E+02  1.12675E+00   1.14134E+02  1.13588E+00   1.13647E+02  1.14309E+00   1.13268E+02  1.14830E+00   1.12997E+02  1.15145E+00   1.12834E+02  1.15250E+00   1.12779E+02  1.15145E+00   1.12834E+02  1.14830E+00   1.12997E+02  1.14309E+00   1.13268E+02  1.13588E+00   1.13647E+02  1.12676E+00   1.14134E+02  1.11580E+00   1.14727E+02  1.10313E+00   1.15426E+02  1.08887E+00   1.16229E+02  1.07317E+00   1.17136E+02  1.05616E+00   1.18144E+02  1.03799E+00   1.19253E+02  1.01881E+00   1.20460E+02  9.98765E-01   1.21765E+02  9.78006E-01   1.23164E+02  9.56670E-01   1.24656E+02  9.34888E-01   1.26240E+02  9.12785E-01   1.27912E+02  8.90474E-01   1.29670E+02  8.68065E-01   1.31514E+02  8.45651E-01   1.33439E+02  8.23319E-01   1.35444E+02  8.01148E-01   1.37527E+02  7.79204E-01   1.39685E+02  7.57545E-01   1.41917E+02  7.36221E-01   1.44219E+02  7.15278E-01   1.46589E+02  6.94748E-01   1.49026E+02  6.74660E-01   1.51526E+02  6.55041E-01   1.54089E+02  6.35902E-01   1.56712E+02  6.17258E-01   1.59392E+02  5.99124E-01   1.62128E+02  5.81497E-01   1.64919E+02  5.64384E-01   1.67761E+02  5.47781E-01   1.70654E+02  5.31682E-01   1.73595E+02  5.16086E-01   1.76583E+02  5.00988E-01   1.79616E+02  4.86379E-01   1.82693E+02  4.72245E-01   1.85812E+02 
 4.06723E-01   1.85301E+02  4.18953E-01   1.82176E+02  4.31602E-01   1.79092E+02  4.44680E-01   1.76053E+02  4.58191E-01   1.73058E+02  4.72139E-01   1.70111E+02  4.86530E-01   1.67212E+02  5.01373E-01   1.64363E+02  5.16665E-01   1.61566E+02  5.32404E-01   1.58823E+02  5.48589E-01   1.56136E+02  5.65208E-01   1.53507E+02  5.82258E-01   1.50937E+02  5.99719E-01   1.48430E+02  6.17570E-01   1.45986E+02  6.35794E-01   1.43609E+02  6.54351E-01   1.41301E+02  6.73212E-01   1.39063E+02  6.92331E-01   1.36899E+02  7.11657E-01   1.34810E+02  7.31133E-01   1.32798E+02  7.50688E-01   1.30867E+02  7.70253E-01   1.29018E+02  7.89737E-01   1.27254E+02  8.09053E-01   1.25576E+02  8.28097E-01   1.23987E+02  8.46761E-01   1.22490E+02  8.64928E-01   1.21086E+02  8.82475E-01   1.19777E+02  8.99277E-01   1.18566E+02  9.15201E-01   1.17453E+02  9.30115E-01   1.16442E+02  9.43890E-01   1.15532E+02  9.56398E-01   1.14726E+02  9.67517E-01   1.14025E+02  9.77137E-01   1.13429E+02  9.85155E-01   1.12941E+02  9.91485E-01   1.12561E+02  9.96058E-01   1.12288E+02  9.98823E-01   1.12125E+02  9.99749E-01   1.12070E+02  9.98823E-01   1.12125E+02  9.96059E-01   1.12288E+02  9.91485E-01   1.12561E+02  9.85154E-01   1.12941E+02  9.77136E-01   1.13429E+02  9.67518E-01   1.14025E+02  9.56398E-01   1.14726E+02  9.43890E-01   1.15532E+02  9.30115E-01   1.16442E+02  9.15201E-01   1.17453E+02  8.99276E-01   1.18566E+02  8.82475E-01   1.19777E+02  8.64927E-01   1.21086E+02  8.46761E-01   1.22490E+02  8.28097E-01   1.23987E+02  8.09053E-01   1.25576E+02  7.89737E-01   1.27253E+02  7.70253E-01   1.29018E+02  7.50688E-01   1.30867E+02  7.31132E-01   1.32798E+02  7.11658E-01   1.34810E+02  6.92330E-01   1.36899E+02  6.73213E-01   1.39063E+02  6.54351E-01   1.41301E+02  6.35794E-01   1.43609E+02  6.17571E-01   1.45986E+02  5.99718E-01   1.48430E+02  5.82257E-01   1.50937E+02  5.65208E-01   1.53507E+02  5.48588E-01   1.56136E+02  5.32405E-01   1.58823E+02  5.16666E-01   1.61566E+02  5.01373E-01   1.64363E+02  4.86530E-01   1.67212E+02  4.72139E-01   1.70111E+02  4.58190E-01   1.73058E+02  4.44681E-01   1.76053E+02  4.31604E-01   1.79092E+02  4.18953E-01   1.82176E+02  4.06723E-01   1.85301E+02 
 3.40318E-01   1.84868E+02  3.50597E-01   1.81737E+02  3.61227E-01   1.78648E+02  3.72219E-01   1.75603E+02  3.83579E-01   1.72603E+02  3.95312E-01   1.69650E+02  4.07422E-01   1.66745E+02  4.19914E-01   1.63891E+02  4.32786E-01   1.61089E+02  4.46039E-01   1.58340E+02  4.59673E-01   1.55647E+02  4.73681E-01   1.53012E+02  4.88053E-01   1.50437E+02  5.02777E-01   1.47924E+02  5.17840E-01   1.45475E+02  5.33217E-01   1.43092E+02  5.48888E-01   1.40779E+02  5.64820E-01   1.38535E+02  5.80975E-01   1.36365E+02  5.97314E-01   1.34271E+02  6.13784E-01   1.32254E+02  6.30331E-01   1.30318E+02  6.46891E-01   1.28464E+02  6.63392E-01   1.26695E+02  6.79756E-01   1.25013E+02  6.95897E-01   1.23420E+02  7.11723E-01   1.21918E+02  7.27135E-01   1.20510E+02  7.42025E-01   1.19198E+02  7.56290E-01   1.17983E+02  7.69813E-01   1.16867E+02  7.82485E-01   1.15852E+02  7.94191E-01   1.14940E+02  8.04826E-01   1.14132E+02  8.14280E-01   1.13428E+02  8.22463E-01   1.12831E+02  8.29284E-01   1.12341E+02  8.34672E-01   1.11960E+02  8.38563E-01   1.11687E+02  8.40918E-01   1.11523E+02  8.41704E-01   1.11468E+02  8.40918E-01   1.11523E+02  8.38564E-01   1.11687E+02  8.34672E-01   1.11960E+02  8.29285E-01   1.12342E+02  8.22464E-01   1.12831E+02  8.14281E-01   1.13428E+02  8.04826E-01   1.14132E+02  7.94191E-01   1.14940E+02  7.82485E-01   1.15852E+02  7.69812E-01   1.16867E+02  7.56289E-01   1.17983E+02  7.42025E-01   1.19198E+02  7.27133E-01   1.20510E+02  7.11723E-01   1.21918E+02  6.95897E-01   1.23420E+02  6.79756E-01   1.25013E+02  6.63392E-01   1.26695E+02  6.46890E-01   1.28464E+02  6.30331E-01   1.30318E+02  6.13784E-01   1.32254E+02  5.97313E-01   1.34271E+02  5.80976E-01   1.36365E+02  5.64819E-01   1.38535E+02  5.48889E-01   1.40779E+02  5.33218E-01   1.43093E+02  5.17841E-01   1.45475E+02  5.02779E-01   1.47924E+02  4.88053E-01   1.50437E+02  4.73682E-01   1.53012E+02  4.59674E-01   1.55647E+02  4.46038E-01   1.58340E+02  4.32786E-01   1.61088E+02  4.19913E-01   1.63891E+02  4.07423E-01   1.66745E+02  3.95314E-01   1.69650E+02  3.83579E-01   1.72604E+02  3.72218E-01   1.75603E+02  3.61226E-01   1.78648E+02  3.50595E-01   1.81737E+02  3.40317E-01   1.84868E+02 
 2.73164E-01   1.84512E+02  2.81441E-01   1.81377E+02  2.90005E-01   1.78284E+02  2.98865E-01   1.75235E+02  3.08022E-01   1.72230E+02  3.17479E-01   1.69273E+02  3.27242E-01   1.66363E+02  3.37317E-01   1.63504E+02  3.47703E-01   1.60697E+02  3.58399E-01   1.57944E+02  3.69406E-01   1.55247E+02  3.80714E-01   1.52607E+02  3.92323E-01   1.50027E+02  4.04219E-01   1.47510E+02  4.16389E-01   1.45056E+02  4.28824E-01   1.42669E+02  4.41493E-01   1.40350E+02  4.54382E-01   1.38102E+02  4.67455E-01   1.35928E+02  4.80680E-01   1.33829E+02  4.94018E-01   1.31809E+02  5.07421E-01   1.29868E+02  5.20842E-01   1.28010E+02  5.34217E-01   1.26237E+02  5.47489E-01   1.24551E+02  5.60583E-01   1.22954E+02  5.73426E-01   1.21449E+02  5.85937E-01   1.20038E+02  5.98031E-01   1.18722E+02  6.09619E-01   1.17505E+02  6.20609E-01   1.16386E+02  6.30910E-01   1.15369E+02  6.40429E-01   1.14454E+02  6.49078E-01   1.13644E+02  6.56770E-01   1.12939E+02  6.63428E-01   1.12341E+02  6.68980E-01   1.11850E+02  6.73364E-01   1.11467E+02  6.76533E-01   1.11193E+02  6.78448E-01   1.11029E+02  6.79090E-01   1.10974E+02  6.78448E-01   1.11029E+02  6.76532E-01   1.11193E+02  6.73364E-01   1.11467E+02  6.68979E-01   1.11850E+02  6.63428E-01   1.12341E+02  6.56770E-01   1.12939E+02  6.49078E-01   1.13644E+02  6.40430E-01   1.14454E+02  6.30910E-01   1.15369E+02  6.20609E-01   1.16386E+02  6.09618E-01   1.17505E+02  5.98032E-01   1.18722E+02  5.85937E-01   1.20038E+02  5.73427E-01   1.21449E+02  5.60583E-01   1.22954E+02  5.47489E-01   1.24551E+02  5.34218E-01   1.26237E+02  5.20842E-01   1.28010E+02  5.07421E-01   1.29868E+02  4.94018E-01   1.31809E+02  4.80680E-01   1.33829E+02  4.67454E-01   1.35928E+02  4.54382E-01   1.38102E+02  4.41495E-01   1.40350E+02  4.28823E-01   1.42669E+02  4.16390E-01   1.45056E+02  4.04219E-01   1.47510E+02  3.92322E-01   1.50027E+02  3.80713E-01   1.52607E+02  3.69405E-01   1.55247E+02  3.58401E-01   1.57944E+02  3.47704E-01   1.60697E+02  3.37316E-01   1.63504E+02  3.27242E-01   1.66364E+02  3.17478E-01   1.69273E+02  3.08021E-01   1.72230E+02  2.98866E-01   1.75235E+02  2.90006E-01   1.78284E+02  2.81441E-01   1.81377E+02  2.73165E-01   1.84512E+02 
 2.05408E-01   1.84236E+02  2.11650E-01   1.81097E+02  2.18108E-01   1.78001E+02  2.24789E-01   1.74948E+02  2.31695E-01   1.71940E+02  2.38831E-01   1.68979E+02  2.46200E-01   1.66066E+02  2.53806E-01   1.63203E+02  2.61644E-01   1.60393E+02  2.69720E-01   1.57635E+02  2.78031E-01   1.54934E+02  2.86575E-01   1.52291E+02  2.95346E-01   1.49708E+02  3.04336E-01   1.47187E+02  3.13540E-01   1.44730E+02  3.22939E-01   1.42339E+02  3.32523E-01   1.40016E+02  3.42273E-01   1.37765E+02  3.52166E-01   1.35587E+02  3.62178E-01   1.33485E+02  3.72277E-01   1.31461E+02  3.82430E-01   1.29517E+02  3.92597E-01   1.27656E+02  4.02734E-01   1.25880E+02  4.12795E-01   1.24191E+02  4.22723E-01   1.22591E+02  4.32464E-01   1.21084E+02  4.41956E-01   1.19670E+02  4.51133E-01   1.18352E+02  4.59929E-01   1.17132E+02  4.68273E-01   1.16011E+02  4.76097E-01   1.14992E+02  4.83326E-01   1.14076E+02  4.89899E-01   1.13264E+02  4.95743E-01   1.12558E+02  5.00804E-01   1.11958E+02  5.05023E-01   1.11466E+02  5.08357E-01   1.11083E+02  5.10765E-01   1.10809E+02  5.12223E-01   1.10644E+02  5.12709E-01   1.10589E+02  5.12224E-01   1.10644E+02  5.10765E-01   1.10809E+02  5.08358E-01   1.11083E+02  5.05023E-01   1.11466E+02  5.00804E-01   1.11958E+02  4.95743E-01   1.12558E+02  4.89899E-01   1.13264E+02  4.83327E-01   1.14076E+02  4.76096E-01   1.14992E+02  4.68273E-01   1.16011E+02  4.59929E-01   1.17132E+02  4.51133E-01   1.18352E+02  4.41955E-01   1.19670E+02  4.32463E-01   1.21084E+02  4.22723E-01   1.22591E+02  4.12794E-01   1.24191E+02  4.02734E-01   1.25880E+02  3.92597E-01   1.27656E+02  3.82430E-01   1.29517E+02  3.72277E-01   1.31461E+02  3.62178E-01   1.33485E+02  3.52167E-01   1.35587E+02  3.42272E-01   1.37765E+02  3.32523E-01   1.40016E+02  3.22938E-01   1.42339E+02  3.13539E-01   1.44729E+02  3.04338E-01   1.47186E+02  2.95346E-01   1.49708E+02  2.86576E-01   1.52291E+02  2.78031E-01   1.54935E+02  2.69718E-01   1.57636E+02  2.61644E-01   1.60393E+02  2.53805E-01   1.63203E+02  2.46201E-01   1.66066E+02  2.38834E-01   1.68979E+02  2.31695E-01   1.71940E+02  2.24788E-01   1.74948E+02  2.18107E-01   1.78001E+02  2.11649E-01   1.81098E+02  2.05407E-01   1.84236E+02 
 1.37194E-01   1.84038E+02  1.41370E-01   1.80897E+02  1.45691E-01   1.77798E+02  1.50165E-01   1.74743E+02  1.54791E-01   1.71732E+02  1.59567E-01   1.68768E+02  1.64500E-01   1.65853E+02  1.69593E-01   1.62988E+02  1.74844E-01   1.60175E+02  1.80255E-01   1.57416E+02  1.85825E-01   1.54712E+02  1.91549E-01   1.52066E+02  1.97429E-01   1.49480E+02  2.03456E-01   1.46956E+02  2.09623E-01   1.44495E+02  2.15929E-01   1.42102E+02  2.22355E-01   1.39778E+02  2.28897E-01   1.37523E+02  2.35535E-01   1.35344E+02  2.42253E-01   1.33239E+02  2.49033E-01   1.31213E+02  2.55847E-01   1.29266E+02  2.62675E-01   1.27403E+02  2.69483E-01   1.25624E+02  2.76241E-01   1.23933E+02  2.82912E-01   1.22332E+02  2.89459E-01   1.20822E+02  2.95839E-01   1.19406E+02  3.02009E-01   1.18087E+02  3.07924E-01   1.16865E+02  3.13537E-01   1.15743E+02  3.18799E-01   1.14723E+02  3.23664E-01   1.13805E+02  3.28085E-01   1.12992E+02  3.32020E-01   1.12285E+02  3.35425E-01   1.11684E+02  3.38266E-01   1.11192E+02  3.40510E-01   1.10808E+02  3.42132E-01   1.10534E+02  3.43112E-01   1.10369E+02  3.43441E-01   1.10314E+02  3.43112E-01   1.10369E+02  3.42132E-01   1.10534E+02  3.40509E-01   1.10808E+02  3.38266E-01   1.11192E+02  3.35425E-01   1.11684E+02  3.32020E-01   1.12285E+02  3.28085E-01   1.12992E+02  3.23664E-01   1.13805E+02  3.18798E-01   1.14723E+02  3.13537E-01   1.15743E+02  3.07924E-01   1.16865E+02  3.02009E-01   1.18087E+02  2.95839E-01   1.19407E+02  2.89459E-01   1.20822E+02  2.82912E-01   1.22332E+02  2.76241E-01   1.23933E+02  2.69483E-01   1.25624E+02  2.62675E-01   1.27403E+02  2.55847E-01   1.29266E+02  2.49032E-01   1.31213E+02  2.42253E-01   1.33239E+02  2.35534E-01   1.35344E+02  2.28897E-01   1.37524E+02  2.22357E-01   1.39777E+02  2.15929E-01   1.42102E+02  2.09624E-01   1.44495E+02  2.03456E-01   1.46956E+02  1.97428E-01   1.49480E+02  1.91549E-01   1.52066E+02  1.85825E-01   1.54712E+02  1.80256E-01   1.57416E+02  1.74845E-01   1.60175E+02  1.69591E-01   1.62988E+02  1.64499E-01   1.65853E+02  1.59566E-01   1.68768E+02  1.54790E-01   1.71732E+02  1.50166E-01   1.74743E+02  1.45692E-01   1.77798E+02  1.41369E-01   1.80897E+02  1.37195E-01   1.84038E+02 
 6.86732E-02   1.83920E+02  7.07675E-02   1.80778E+02  7.29340E-02   1.77678E+02  7.51756E-02   1.74620E+02  7.74929E-02   1.71608E+02  7.98868E-02   1.68643E+02  8.23614E-02   1.65726E+02  8.49162E-02   1.62859E+02  8.75472E-02   1.60044E+02  9.02596E-02   1.57281E+02  9.30518E-02   1.54577E+02  9.59233E-02   1.51930E+02  9.88735E-02   1.49342E+02  1.01895E-01   1.46817E+02  1.04993E-01   1.44356E+02  1.08154E-01   1.41961E+02  1.11379E-01   1.39634E+02  1.14663E-01   1.37379E+02  1.17993E-01   1.35197E+02  1.21368E-01   1.33091E+02  1.24771E-01   1.31062E+02  1.28194E-01   1.29115E+02  1.31624E-01   1.27250E+02  1.35043E-01   1.25471E+02  1.38438E-01   1.23779E+02  1.41789E-01   1.22176E+02  1.45078E-01   1.20666E+02  1.48284E-01   1.19249E+02  1.51385E-01   1.17928E+02  1.54358E-01   1.16705E+02  1.57177E-01   1.15582E+02  1.59824E-01   1.14561E+02  1.62269E-01   1.13643E+02  1.64493E-01   1.12829E+02  1.66470E-01   1.12121E+02  1.68183E-01   1.11520E+02  1.69611E-01   1.11027E+02  1.70741E-01   1.10643E+02  1.71555E-01   1.10368E+02  1.72050E-01   1.10203E+02  1.72214E-01   1.10147E+02  1.72050E-01   1.10203E+02  1.71556E-01   1.10368E+02  1.70742E-01   1.10643E+02  1.69611E-01   1.11027E+02  1.68184E-01   1.11520E+02  1.66470E-01   1.12121E+02  1.64493E-01   1.12829E+02  1.62268E-01   1.13643E+02  1.59824E-01   1.14561E+02  1.57177E-01   1.15582E+02  1.54357E-01   1.16705E+02  1.51384E-01   1.17928E+02  1.48284E-01   1.19248E+02  1.45078E-01   1.20666E+02  1.41789E-01   1.22176E+02  1.38438E-01   1.23779E+02  1.35043E-01   1.25471E+02  1.31623E-01   1.27251E+02  1.28195E-01   1.29115E+02  1.24771E-01   1.31063E+02  1.21368E-01   1.33091E+02  1.17994E-01   1.35197E+02  1.14661E-01   1.37379E+02  1.11380E-01   1.39634E+02  1.08154E-01   1.41961E+02  1.04993E-01   1.44356E+02  1.01897E-01   1.46817E+02  9.88726E-02   1.49342E+02  9.59246E-02   1.51930E+02  9.30519E-02   1.54577E+02  9.02573E-02   1.57282E+02  8.75475E-02   1.60044E+02  8.49151E-02   1.62859E+02  8.23622E-02   1.65725E+02  7.98901E-02   1.68643E+02  7.74929E-02   1.71609E+02  7.51744E-02   1.74620E+02  7.29332E-02   1.77677E+02  7.07671E-02   1.80777E+02  6.86729E-02   1.83919E+02 
 9.62264E-07   7.64956E+01  1.93319E-06   5.69785E+01  1.64767E-06   1.04460E+01  6.75554E-07   2.37694E+01  1.69130E-06   1.66426E+02  1.11057E-06   1.01904E+02  1.87057E-06   2.06275E+01  9.31634E-07   1.65979E+01  1.47443E-06   2.91002E+02  1.60416E-06   2.70885E+02  1.94194E-06   2.11176E+02  1.17152E-06   2.28211E+02  7.64738E-07   1.42984E+02  2.00845E-06   1.70675E+02  2.81565E-06   2.93759E+01  1.04629E-06   9.02221E+01  1.03840E-06   6.57863E+00  1.38644E-06   6.69003E+01  1.11030E-06   2.03881E+02  4.95296E-07   4.35811E+01  1.93266E-06   1.88435E+02  3.86280E-07   3.14834E+02  1.34996E-06   1.47790E+02  4.10530E-07   2.05265E+02  6.06671E-07   5.87917E+01  7.96951E-07   3.52861E+02  1.47786E-06   3.53751E+02  1.48413E-06   3.34644E+02  2.33975E-06   3.51654E+02  1.85355E-06   3.20568E+02  2.03421E-06   3.55084E+02  1.72098E-06   2.96377E+02  9.76815E-07   3.36542E+02  1.16839E-06   2.85139E+02  1.09793E-06   2.77027E+02  1.47859E-06   2.79163E+02  1.13285E-06   2.33478E+02  1.66421E-06   2.89026E+02  1.05820E-06   2.25863E+02  1.67697E-06   2.83204E+02  1.52248E-06   2.33005E+02  1.80455E-06   3.01126E+02  1.32928E-06   2.35197E+02  1.88953E-06   2.97665E+02  5.43274E-07   3.00505E+02  1.99422E-06   3.06243E+02  8.15971E-07   3.17750E+02  2.33966E-06   3.03496E+02  1.50917E-06   3.55094E+02  1.86729E-06   3.01768E+02  1.47339E-06   3.53931E+02  1.82695E-06   2.89962E+02  1.50403E-06   4.61229E+00  1.34980E-06   2.81438E+02  1.18158E-06   1.39825E+01  5.32007E-07   3.03077E+02  4.45147E-07   1.12626E+02  6.12481E-07   3.52948E+02  9.00396E-07   1.79794E+02  1.03518E-06   6.04952E+01  1.30885E-06   1.88682E+02  1.38347E-06   7.86492E+01  9.79175E-07   1.88387E+02  1.54634E-06   1.20791E+02  8.83114E-07   9.75954E+01  6.83776E-07   1.08924E+02  1.91660E-06   3.75367E+01  1.30632E-06   1.92817E+02  5.98082E-07   1.88855E+02  1.41218E-06   2.38875E+02  2.31574E-06   2.07193E+02  1.57622E-06   2.14248E+02  6.56635E-07   3.18362E+02  2.08136E-06   3.44042E+00  2.13174E-06   3.34670E+02  1.10060E-06   4.75897E+01  8.89675E-07   1.44125E+02  1.52713E-06   1.80788E+02  1.42919E-06   2.46635E+01  2.23743E-06   2.45166E+01  9.33233E-07   1.09740E+02 
 6.86746E-02   3.91906E+00  7.07671E-02   7.76507E-01  7.29331E-02   3.57675E+02  7.51739E-02   3.54619E+02  7.74915E-02   3.51608E+02  7.98877E-02   3.48641E+02  8.23601E-02   3.45725E+02  8.49123E-02   3.42859E+02  8.75471E-02   3.40044E+02  9.02615E-02   3.37284E+02  9.30551E-02   3.34579E+02  9.59259E-02   3.31930E+02  9.88733E-02   3.29343E+02  1.01899E-01   3.26817E+02  1.04992E-01   3.24355E+02  1.08156E-01   3.21960E+02  1.11382E-01   3.19634E+02  1.14665E-01   3.17379E+02  1.17997E-01   3.15198E+02  1.21368E-01   3.13091E+02  1.24771E-01   3.11064E+02  1.28193E-01   3.09115E+02  1.31621E-01   3.07250E+02  1.35041E-01   3.05471E+02  1.38434E-01   3.03778E+02  1.41787E-01   3.02175E+02  1.45076E-01   3.00664E+02  1.48282E-01   2.99248E+02  1.51384E-01   2.97927E+02  1.54357E-01   2.96704E+02  1.57180E-01   2.95581E+02  1.59824E-01   2.94561E+02  1.62272E-01   2.93642E+02  1.64494E-01   2.92829E+02  1.66473E-01   2.92121E+02  1.68185E-01   2.91520E+02  1.69615E-01   2.91028E+02  1.70742E-01   2.90643E+02  1.71559E-01   2.90369E+02  1.72051E-01   2.90203E+02  1.72217E-01   2.90149E+02  1.72051E-01   2.90203E+02  1.71559E-01   2.90369E+02  1.70742E-01   2.90643E+02  1.69615E-01   2.91028E+02  1.68185E-01   2.91520E+02  1.66474E-01   2.92121E+02  1.64494E-01   2.92829E+02  1.62271E-01   2.93642E+02  1.59825E-01   2.94560E+02  1.57180E-01   2.95582E+02  1.54358E-01   2.96705E+02  1.51385E-01   2.97927E+02  1.48283E-01   2.99248E+02  1.45077E-01   3.00664E+02  1.41787E-01   3.02176E+02  1.38435E-01   3.03778E+02  1.35040E-01   3.05471E+02  1.31621E-01   3.07251E+02  1.28193E-01   3.09115E+02  1.24772E-01   3.11063E+02  1.21368E-01   3.13091E+02  1.17997E-01   3.15198E+02  1.14667E-01   3.17379E+02  1.11382E-01   3.19634E+02  1.08156E-01   3.21960E+02  1.04992E-01   3.24355E+02  1.01896E-01   3.26817E+02  9.88738E-02   3.29343E+02  9.59244E-02   3.31931E+02  9.30545E-02   3.34578E+02  9.02637E-02   3.37284E+02  8.75471E-02   3.40044E+02  8.49135E-02   3.42858E+02  8.23597E-02   3.45726E+02  7.98845E-02   3.48642E+02  7.74917E-02   3.51607E+02  7.51756E-02   3.54620E+02  7.29338E-02   3.57676E+02  7.07680E-02   7.76477E-01  6.86754E-02   3.91983E+00 
 1.37195E-01   4.03845E+00  1.41373E-01   8.97731E-01  1.45696E-01   3.57798E+02  1.50166E-01   3.54743E+02  1.54787E-01   3.51732E+02  1.59566E-01   3.48769E+02  1.64503E-01   3.45853E+02  1.69595E-01   3.42988E+02  1.74846E-01   3.40174E+02  1.80256E-01   3.37415E+02  1.85823E-01   3.34711E+02  1.91549E-01   3.32065E+02  1.97426E-01   3.29480E+02  2.03453E-01   3.26955E+02  2.09625E-01   3.24496E+02  2.15927E-01   3.22103E+02  2.22357E-01   3.19778E+02  2.28896E-01   3.17524E+02  2.35534E-01   3.15343E+02  2.42253E-01   3.13239E+02  2.49031E-01   3.11212E+02  2.55848E-01   3.09266E+02  2.62673E-01   3.07402E+02  2.69483E-01   3.05624E+02  2.76241E-01   3.03933E+02  2.82913E-01   3.02332E+02  2.89460E-01   3.00822E+02  2.95841E-01   2.99407E+02  3.02012E-01   2.98087E+02  3.07927E-01   2.96865E+02  3.13539E-01   2.95743E+02  3.18802E-01   2.94722E+02  3.23667E-01   2.93805E+02  3.28089E-01   2.92992E+02  3.32022E-01   2.92285E+02  3.35429E-01   2.91684E+02  3.38268E-01   2.91192E+02  3.40513E-01   2.90808E+02  3.42134E-01   2.90533E+02  3.43116E-01   2.90369E+02  3.43443E-01   2.90313E+02  3.43116E-01   2.90369E+02  3.42134E-01   2.90533E+02  3.40513E-01   2.90808E+02  3.38269E-01   2.91192E+02  3.35429E-01   2.91685E+02  3.32022E-01   2.92285E+02  3.28089E-01   2.92992E+02  3.23666E-01   2.93805E+02  3.18802E-01   2.94723E+02  3.13538E-01   2.95743E+02  3.07927E-01   2.96865E+02  3.02011E-01   2.98087E+02  2.95840E-01   2.99406E+02  2.89460E-01   3.00822E+02  2.82913E-01   3.02332E+02  2.76241E-01   3.03933E+02  2.69483E-01   3.05624E+02  2.62674E-01   3.07402E+02  2.55847E-01   3.09266E+02  2.49031E-01   3.11212E+02  2.42252E-01   3.13239E+02  2.35534E-01   3.15343E+02  2.28894E-01   3.17524E+02  2.22355E-01   3.19778E+02  2.15927E-01   3.22102E+02  2.09624E-01   3.24496E+02  2.03454E-01   3.26955E+02  1.97426E-01   3.29479E+02  1.91549E-01   3.32065E+02  1.85823E-01   3.34711E+02  1.80254E-01   3.37415E+02  1.74845E-01   3.40175E+02  1.69595E-01   3.42988E+02  1.64502E-01   3.45853E+02  1.59567E-01   3.48769E+02  1.54788E-01   3.51732E+02  1.50163E-01   3.54743E+02  1.45695E-01   3.57799E+02  1.41374E-01   8.97297E-01  1.37194E-01   4.03825E+00 
 2.05409E-01   4.23565E+00  2.11649E-01   1.09720E+00  2.18108E-01   3.58000E+02  2.24787E-01   3.54948E+02  2.31694E-01   3.51940E+02  2.38832E-01   3.48979E+02  2.46199E-01   3.46066E+02  2.53802E-01   3.43203E+02  2.61644E-01   3.40392E+02  2.69722E-01   3.37636E+02  2.78034E-01   3.34935E+02  2.86577E-01   3.32291E+02  2.95347E-01   3.29708E+02  3.04339E-01   3.27186E+02  3.13539E-01   3.24729E+02  3.22940E-01   3.22338E+02  3.32525E-01   3.20016E+02  3.42275E-01   3.17765E+02  3.52169E-01   3.15588E+02  3.62178E-01   3.13485E+02  3.72277E-01   3.11461E+02  3.82428E-01   3.09517E+02  3.92594E-01   3.07656E+02  4.02731E-01   3.05879E+02  4.12791E-01   3.04191E+02  4.22720E-01   3.02591E+02  4.32462E-01   3.01083E+02  4.41954E-01   2.99670E+02  4.51132E-01   2.98352E+02  4.59929E-01   2.97132E+02  4.68274E-01   2.96011E+02  4.76097E-01   2.94992E+02  4.83329E-01   2.94076E+02  4.89900E-01   2.93264E+02  4.95747E-01   2.92558E+02  5.00805E-01   2.91958E+02  5.05027E-01   2.91466E+02  5.08358E-01   2.91083E+02  5.10769E-01   2.90809E+02  5.12224E-01   2.90644E+02  5.12713E-01   2.90589E+02  5.12224E-01   2.90644E+02  5.10769E-01   2.90809E+02  5.08358E-01   2.91083E+02  5.05026E-01   2.91466E+02  5.00805E-01   2.91958E+02  4.95747E-01   2.92558E+02  4.89899E-01   2.93264E+02  4.83330E-01   2.94076E+02  4.76098E-01   2.94992E+02  4.68275E-01   2.96011E+02  4.59929E-01   2.97132E+02  4.51133E-01   2.98352E+02  4.41955E-01   2.99670E+02  4.32462E-01   3.01084E+02  4.22720E-01   3.02591E+02  4.12791E-01   3.04191E+02  4.02731E-01   3.05879E+02  3.92595E-01   3.07656E+02  3.82428E-01   3.09517E+02  3.72277E-01   3.11461E+02  3.62179E-01   3.13485E+02  3.52168E-01   3.15587E+02  3.42277E-01   3.17765E+02  3.32525E-01   3.20016E+02  3.22941E-01   3.22339E+02  3.13538E-01   3.24729E+02  3.04337E-01   3.27186E+02  2.95347E-01   3.29708E+02  2.86576E-01   3.32291E+02  2.78034E-01   3.34935E+02  2.69724E-01   3.37636E+02  2.61644E-01   3.40393E+02  2.53803E-01   3.43203E+02  2.46199E-01   3.46066E+02  2.38828E-01   3.48979E+02  2.31694E-01   3.51940E+02  2.24789E-01   3.54948E+02  2.18109E-01   3.58001E+02  2.11650E-01   1.09724E+00  2.05409E-01   4.23605E+00 
 2.73166E-01   4.51258E+00  2.81444E-01   1.37769E+00  2.90009E-01   3.58284E+02  2.98866E-01   3.55235E+02  3.08019E-01   3.52230E+02  3.17478E-01   3.49273E+02  3.27245E-01   3.46364E+02  3.37320E-01   3.43505E+02  3.47705E-01   3.40697E+02  3.58400E-01   3.37944E+02  3.69402E-01   3.35246E+02  3.80714E-01   3.32607E+02  3.92320E-01   3.30027E+02  4.04216E-01   3.27509E+02  4.16391E-01   3.25056E+02  4.28821E-01   3.22669E+02  4.41495E-01   3.20350E+02  4.54380E-01   3.18103E+02  4.67454E-01   3.15928E+02  4.80680E-01   3.13829E+02  4.94017E-01   3.11808E+02  5.07422E-01   3.09868E+02  5.20840E-01   3.08010E+02  5.34219E-01   3.06237E+02  5.47489E-01   3.04551E+02  5.60584E-01   3.02954E+02  5.73428E-01   3.01449E+02  5.85939E-01   3.00038E+02  5.98034E-01   2.98723E+02  6.09621E-01   2.97505E+02  6.20612E-01   2.96386E+02  6.30912E-01   2.95369E+02  6.40432E-01   2.94454E+02  6.49081E-01   2.93644E+02  6.56772E-01   2.92939E+02  6.63431E-01   2.92341E+02  6.68981E-01   2.91850E+02  6.73367E-01   2.91467E+02  6.76535E-01   2.91193E+02  6.78452E-01   2.91029E+02  6.79091E-01   2.90974E+02  6.78452E-01   2.91029E+02  6.76535E-01   2.91193E+02  6.73368E-01   2.91467E+02  6.68982E-01   2.91850E+02  6.63431E-01   2.92341E+02  6.56772E-01   2.92939E+02  6.49081E-01   2.93644E+02  6.40431E-01   2.94454E+02  6.30912E-01   2.95369E+02  6.20611E-01   2.96386E+02  6.09621E-01   2.97505E+02  5.98033E-01   2.98723E+02  5.85939E-01   3.00038E+02  5.73427E-01   3.01449E+02  5.60584E-01   3.02954E+02  5.47489E-01   3.04551E+02  5.34218E-01   3.06237E+02  5.20841E-01   3.08010E+02  5.07422E-01   3.09868E+02  4.94018E-01   3.11808E+02  4.80680E-01   3.13829E+02  4.67454E-01   3.15928E+02  4.54379E-01   3.18103E+02  4.41494E-01   3.20350E+02  4.28822E-01   3.22669E+02  4.16391E-01   3.25056E+02  4.04217E-01   3.27509E+02  3.92320E-01   3.30027E+02  3.80714E-01   3.32607E+02  3.69403E-01   3.35246E+02  3.58399E-01   3.37944E+02  3.47704E-01   3.40697E+02  3.37320E-01   3.43505E+02  3.27245E-01   3.46363E+02  3.17479E-01   3.49273E+02  3.08020E-01   3.52230E+02  2.98863E-01   3.55235E+02  2.90009E-01   3.58285E+02  2.81445E-01   1.37749E+00  2.73165E-01   4.51254E+00 
 3.40318E-01   4.86750E+00  3.50595E-01   1.73684E+00  3.61226E-01   3.58648E+02  3.72218E-01   3.55603E+02  3.83578E-01   3.52603E+02  3.95311E-01   3.49650E+02  4.07420E-01   3.46745E+02  4.19911E-01   3.43891E+02  4.32786E-01   3.41089E+02  4.46042E-01   3.38340E+02  4.59677E-01   3.35647E+02  4.73683E-01   3.33012E+02  4.88054E-01   3.30437E+02  5.02779E-01   3.27924E+02  5.17840E-01   3.25475E+02  5.33220E-01   3.23092E+02  5.48890E-01   3.20779E+02  5.64822E-01   3.18536E+02  5.80978E-01   3.16366E+02  5.97314E-01   3.14271E+02  6.13784E-01   3.12255E+02  6.30329E-01   3.10318E+02  6.46889E-01   3.08464E+02  6.63389E-01   3.06695E+02  6.79753E-01   3.05013E+02  6.95894E-01   3.03420E+02  7.11720E-01   3.01918E+02  7.27132E-01   3.00510E+02  7.42024E-01   2.99198E+02  7.56289E-01   2.97983E+02  7.69814E-01   2.96867E+02  7.82486E-01   2.95852E+02  7.94194E-01   2.94940E+02  8.04827E-01   2.94132E+02  8.14283E-01   2.93428E+02  8.22464E-01   2.92831E+02  8.29287E-01   2.92342E+02  8.34673E-01   2.91960E+02  8.38567E-01   2.91687E+02  8.40918E-01   2.91523E+02  8.41707E-01   2.91468E+02  8.40918E-01   2.91523E+02  8.38567E-01   2.91687E+02  8.34673E-01   2.91960E+02  8.29288E-01   2.92342E+02  8.22464E-01   2.92831E+02  8.14284E-01   2.93428E+02  8.04827E-01   2.94132E+02  7.94194E-01   2.94940E+02  7.82485E-01   2.95852E+02  7.69814E-01   2.96867E+02  7.56289E-01   2.97983E+02  7.42024E-01   2.99198E+02  7.27133E-01   3.00510E+02  7.11721E-01   3.01918E+02  6.95895E-01   3.03420E+02  6.79754E-01   3.05013E+02  6.63389E-01   3.06695E+02  6.46888E-01   3.08464E+02  6.30329E-01   3.10318E+02  6.13784E-01   3.12255E+02  5.97314E-01   3.14271E+02  5.80977E-01   3.16366E+02  5.64824E-01   3.18536E+02  5.48891E-01   3.20779E+02  5.33220E-01   3.23093E+02  5.17840E-01   3.25475E+02  5.02777E-01   3.27924E+02  4.88054E-01   3.30437E+02  4.73682E-01   3.33012E+02  4.59676E-01   3.35647E+02  4.46044E-01   3.38340E+02  4.32787E-01   3.41089E+02  4.19912E-01   3.43891E+02  4.07420E-01   3.46746E+02  3.95308E-01   3.49650E+02  3.83578E-01   3.52603E+02  3.72219E-01   3.55603E+02  3.61227E-01   3.58648E+02  3.50596E-01   1.73688E+00  3.40318E-01   4.86774E+00 
 4.06724E-01   5.30125E+00  4.18957E-01   2.17599E+00  4.31607E-01   3.59092E+02  4.44681E-01   3.56053E+02  4.58188E-01   3.53058E+02  4.72138E-01   3.50111E+02  4.86534E-01   3.47212E+02  5.01375E-01   3.44363E+02  5.16665E-01   3.41566E+02  5.32404E-01   3.38823E+02  5.48586E-01   3.36136E+02  5.65209E-01   3.33506E+02  5.82256E-01   3.30937E+02  5.99716E-01   3.28430E+02  6.17571E-01   3.25987E+02  6.35791E-01   3.23609E+02  6.54352E-01   3.21301E+02  6.73211E-01   3.19063E+02  6.92331E-01   3.16899E+02  7.11658E-01   3.14810E+02  7.31131E-01   3.12798E+02  7.50690E-01   3.10867E+02  7.70251E-01   3.09018E+02  7.89738E-01   3.07254E+02  8.09053E-01   3.05576E+02  8.28098E-01   3.03987E+02  8.46762E-01   3.02490E+02  8.64929E-01   3.01086E+02  8.82477E-01   2.99778E+02  8.99278E-01   2.98566E+02  9.15202E-01   2.97453E+02  9.30117E-01   2.96441E+02  9.43892E-01   2.95532E+02  9.56400E-01   2.94726E+02  9.67520E-01   2.94025E+02  9.77139E-01   2.93429E+02  9.85157E-01   2.92941E+02  9.91488E-01   2.92561E+02  9.96061E-01   2.92288E+02  9.98827E-01   2.92125E+02  9.99751E-01   2.92070E+02  9.98827E-01   2.92125E+02  9.96061E-01   2.92288E+02  9.91488E-01   2.92561E+02  9.85157E-01   2.92941E+02  9.77139E-01   2.93429E+02  9.67519E-01   2.94025E+02  9.56401E-01   2.94726E+02  9.43892E-01   2.95532E+02  9.30118E-01   2.96442E+02  9.15202E-01   2.97454E+02  8.99278E-01   2.98566E+02  8.82476E-01   2.99778E+02  8.64929E-01   3.01086E+02  8.46761E-01   3.02490E+02  8.28097E-01   3.03987E+02  8.09053E-01   3.05576E+02  7.89738E-01   3.07254E+02  7.70252E-01   3.09018E+02  7.50690E-01   3.10867E+02  7.31133E-01   3.12798E+02  7.11658E-01   3.14810E+02  6.92331E-01   3.16899E+02  6.73210E-01   3.19063E+02  6.54351E-01   3.21301E+02  6.35791E-01   3.23609E+02  6.17571E-01   3.25987E+02  5.99717E-01   3.28430E+02  5.82256E-01   3.30937E+02  5.65209E-01   3.33506E+02  5.48587E-01   3.36136E+02  5.32403E-01   3.38823E+02  5.16665E-01   3.41566E+02  5.01375E-01   3.44363E+02  4.86533E-01   3.47211E+02  4.72139E-01   3.50111E+02  4.58189E-01   3.53058E+02  4.44679E-01   3.56053E+02  4.31606E-01   3.59092E+02  4.18957E-01   2.17583E+00  4.06723E-01   5.30120E+00 
 4.72246E-01   5.81241E+00  4.86378E-01   2.69323E+00  5.00988E-01   3.59616E+02  5.16087E-01   3.56583E+02  5.31681E-01   3.53595E+02  5.47777E-01   3.50654E+02  5.64381E-01   3.47761E+02  5.81496E-01   3.44919E+02  5.99125E-01   3.42129E+02  6.17263E-01   3.39392E+02  6.35905E-01   3.36712E+02  6.55041E-01   3.34089E+02  6.74661E-01   3.31527E+02  6.94748E-01   3.29026E+02  7.15277E-01   3.26589E+02  7.36223E-01   3.24219E+02  7.57546E-01   3.21917E+02  7.79206E-01   3.19686E+02  8.01150E-01   3.17527E+02  8.23320E-01   3.15444E+02  8.45651E-01   3.13439E+02  8.68063E-01   3.11514E+02  8.90473E-01   3.09670E+02  9.12782E-01   3.07912E+02  9.34885E-01   3.06239E+02  9.56667E-01   3.04656E+02  9.78004E-01   3.03164E+02  9.98762E-01   3.01764E+02  1.01880E+00   3.00460E+02  1.03799E+00   2.99253E+02  1.05616E+00   2.98144E+02  1.07317E+00   2.97136E+02  1.08887E+00   2.96229E+02  1.10313E+00   2.95426E+02  1.11580E+00   2.94727E+02  1.12676E+00   2.94134E+02  1.13589E+00   2.93647E+02  1.14309E+00   2.93268E+02  1.14830E+00   2.92997E+02  1.15145E+00   2.92834E+02  1.15250E+00   2.92779E+02  1.15145E+00   2.92834E+02  1.14830E+00   2.92997E+02  1.14309E+00   2.93268E+02  1.13589E+00   2.93647E+02  1.12676E+00   2.94134E+02  1.11580E+00   2.94727E+02  1.10313E+00   2.95426E+02  1.08887E+00   2.96229E+02  1.07317E+00   2.97136E+02  1.05616E+00   2.98144E+02  1.03799E+00   2.99253E+02  1.01881E+00   3.00460E+02  9.98764E-01   3.01765E+02  9.78005E-01   3.03164E+02  9.56668E-01   3.04656E+02  9.34886E-01   3.06240E+02  9.12782E-01   3.07912E+02  8.90473E-01   3.09671E+02  8.68064E-01   3.11514E+02  8.45650E-01   3.13439E+02  8.23320E-01   3.15444E+02  8.01149E-01   3.17527E+02  7.79208E-01   3.19686E+02  7.57546E-01   3.21917E+02  7.36224E-01   3.24219E+02  7.15278E-01   3.26589E+02  6.94746E-01   3.29026E+02  6.74662E-01   3.31526E+02  6.55040E-01   3.34089E+02  6.35904E-01   3.36712E+02  6.17264E-01   3.39392E+02  5.99125E-01   3.42129E+02  5.81497E-01   3.44919E+02  5.64381E-01   3.47761E+02  5.47774E-01   3.50654E+02  5.31680E-01   3.53595E+02  5.16088E-01   3.56583E+02  5.00990E-01   3.59616E+02  4.86379E-01   2.69325E+00  4.72246E-01   5.81259E+00 
 5.36753E-01   6.40131E+00  5.52726E-01   3.28940E+00  5.69234E-01   2.19389E-01  5.86285E-01   3.57193E+02  6.03890E-01   3.54213E+02  6.22057E-01   3.51279E+02  6.40792E-01   3.48394E+02  6.60092E-01   3.45559E+02  6.79961E-01   3.42776E+02  7.00396E-01   3.40047E+02  7.21390E-01   3.37375E+02  7.42937E-01   3.34760E+02  7.65014E-01   3.32205E+02  7.87604E-01   3.29711E+02  8.10684E-01   3.27282E+02  8.34214E-01   3.24919E+02  8.58159E-01   3.22625E+02  8.82467E-01   3.20401E+02  9.07085E-01   3.18250E+02  9.31943E-01   3.16174E+02  9.56963E-01   3.14176E+02  9.82065E-01   3.12258E+02  1.00714E+00   3.10421E+02  1.03210E+00   3.08669E+02  1.05681E+00   3.07003E+02  1.08115E+00   3.05425E+02  1.10497E+00   3.03938E+02  1.12814E+00   3.02544E+02  1.15050E+00   3.01245E+02  1.17188E+00   3.00042E+02  1.19213E+00   2.98938E+02  1.21108E+00   2.97934E+02  1.22856E+00   2.97031E+02  1.24443E+00   2.96230E+02  1.25852E+00   2.95535E+02  1.27071E+00   2.94944E+02  1.28086E+00   2.94459E+02  1.28887E+00   2.94081E+02  1.29466E+00   2.93811E+02  1.29816E+00   2.93649E+02  1.29933E+00   2.93595E+02  1.29816E+00   2.93649E+02  1.29466E+00   2.93811E+02  1.28887E+00   2.94081E+02  1.28086E+00   2.94459E+02  1.27071E+00   2.94944E+02  1.25852E+00   2.95535E+02  1.24443E+00   2.96231E+02  1.22856E+00   2.97031E+02  1.21108E+00   2.97934E+02  1.19213E+00   2.98938E+02  1.17188E+00   3.00042E+02  1.15050E+00   3.01245E+02  1.12814E+00   3.02544E+02  1.10497E+00   3.03938E+02  1.08115E+00   3.05425E+02  1.05681E+00   3.07002E+02  1.03210E+00   3.08669E+02  1.00715E+00   3.10421E+02  9.82065E-01   3.12258E+02  9.56966E-01   3.14176E+02  9.31942E-01   3.16174E+02  9.07086E-01   3.18250E+02  8.82467E-01   3.20401E+02  8.58159E-01   3.22625E+02  8.34214E-01   3.24919E+02  8.10684E-01   3.27282E+02  7.87606E-01   3.29711E+02  7.65014E-01   3.32205E+02  7.42936E-01   3.34760E+02  7.21392E-01   3.37375E+02  7.00396E-01   3.40047E+02  6.79960E-01   3.42776E+02  6.60092E-01   3.45559E+02  6.40790E-01   3.48394E+02  6.22059E-01   3.51279E+02  6.03892E-01   3.54213E+02  5.86285E-01   3.57193E+02  5.69234E-01   2.19437E-01  5.52727E-01   3.28929E+00  5.36752E-01   6.40124E+00 
 6.00120E-01   7.06688E+00  6.17865E-01   3.96286E+00  6.36197E-01   9.01097E-01  6.55128E-01   3.57883E+02  6.74665E-01   3.54911E+02  6.94815E-01   3.51985E+02  7.15583E-01   3.49109E+02  7.36974E-01   3.46282E+02  7.58987E-01   3.43508E+02  7.81616E-01   3.40788E+02  8.04849E-01   3.38124E+02  8.28677E-01   3.35517E+02  8.53085E-01   3.32971E+02  8.78046E-01   3.30486E+02  9.03531E-01   3.28065E+02  9.29504E-01   3.25711E+02  9.55916E-01   3.23425E+02  9.82715E-01   3.21209E+02  1.00983E+00   3.19066E+02  1.03720E+00   3.16999E+02  1.06473E+00   3.15008E+02  1.09233E+00   3.13097E+02  1.11990E+00   3.11268E+02  1.14730E+00   3.09523E+02  1.17443E+00   3.07864E+02  1.20112E+00   3.06293E+02  1.22724E+00   3.04813E+02  1.25262E+00   3.03425E+02  1.27710E+00   3.02131E+02  1.30050E+00   3.00934E+02  1.32265E+00   2.99834E+02  1.34336E+00   2.98834E+02  1.36246E+00   2.97935E+02  1.37979E+00   2.97139E+02  1.39518E+00   2.96446E+02  1.40847E+00   2.95858E+02  1.41955E+00   2.95375E+02  1.42829E+00   2.94999E+02  1.43460E+00   2.94730E+02  1.43841E+00   2.94569E+02  1.43969E+00   2.94515E+02  1.43841E+00   2.94569E+02  1.43460E+00   2.94730E+02  1.42829E+00   2.94999E+02  1.41955E+00   2.95375E+02  1.40847E+00   2.95858E+02  1.39518E+00   2.96446E+02  1.37979E+00   2.97139E+02  1.36246E+00   2.97935E+02  1.34336E+00   2.98834E+02  1.32264E+00   2.99834E+02  1.30050E+00   3.00934E+02  1.27710E+00   3.02131E+02  1.25262E+00   3.03425E+02  1.22724E+00   3.04813E+02  1.20112E+00   3.06293E+02  1.17443E+00   3.07864E+02  1.14730E+00   3.09523E+02  1.11990E+00   3.11268E+02  1.09233E+00   3.13097E+02  1.06473E+00   3.15008E+02  1.03720E+00   3.16999E+02  1.00983E+00   3.19066E+02  9.82716E-01   3.21209E+02  9.55916E-01   3.23425E+02  9.29505E-01   3.25711E+02  9.03531E-01   3.28065E+02  8.78045E-01   3.30486E+02  8.53085E-01   3.32971E+02  8.28677E-01   3.35517E+02  8.04848E-01   3.38124E+02  7.81615E-01   3.40788E+02  7.58987E-01   3.43508E+02  7.36976E-01   3.46282E+02  7.15583E-01   3.49109E+02  6.94812E-01   3.51985E+02  6.74663E-01   3.54911E+02  6.55129E-01   3.57883E+02  6.36199E-01   9.01090E-01  6.17865E-01   3.96282E+00  6.00119E-01   7.06704E+00 
 6.62234E-01   7.80894E+00  6.81678E-01   4.71392E+00  7.01757E-01   1.66102E+00  7.22482E-01   3.58652E+02  7.43861E-01   3.55689E+02  7.65903E-01   3.52773E+02  7.88612E-01   3.49905E+02  8.11985E-01   3.47088E+02  8.36024E-01   3.44323E+02  8.60724E-01   3.41613E+02  8.86075E-01   3.38958E+02  9.12063E-01   3.36361E+02  9.38661E-01   3.33824E+02  9.65848E-01   3.31349E+02  9.93590E-01   3.28937E+02  1.02184E+00   3.26592E+02  1.05056E+00   3.24315E+02  1.07967E+00   3.22109E+02  1.10912E+00   3.19975E+02  1.13881E+00   3.17916E+02  1.16866E+00   3.15934E+02  1.19857E+00   3.14032E+02  1.22842E+00   3.12211E+02  1.25807E+00   3.10473E+02  1.28740E+00   3.08822E+02  1.31625E+00   3.07259E+02  1.34445E+00   3.05785E+02  1.37184E+00   3.04404E+02  1.39824E+00   3.03116E+02  1.42346E+00   3.01925E+02  1.44731E+00   3.00831E+02  1.46961E+00   2.99836E+02  1.49017E+00   2.98941E+02  1.50880E+00   2.98148E+02  1.52534E+00   2.97459E+02  1.53963E+00   2.96874E+02  1.55153E+00   2.96394E+02  1.56091E+00   2.96020E+02  1.56769E+00   2.95752E+02  1.57178E+00   2.95591E+02  1.57315E+00   2.95538E+02  1.57178E+00   2.95591E+02  1.56769E+00   2.95752E+02  1.56091E+00   2.96020E+02  1.55153E+00   2.96394E+02  1.53963E+00   2.96874E+02  1.52534E+00   2.97459E+02  1.50880E+00   2.98149E+02  1.49016E+00   2.98941E+02  1.46961E+00   2.99836E+02  1.44731E+00   3.00831E+02  1.42346E+00   3.01925E+02  1.39824E+00   3.03116E+02  1.37184E+00   3.04404E+02  1.34445E+00   3.05785E+02  1.31625E+00   3.07259E+02  1.28740E+00   3.08822E+02  1.25807E+00   3.10473E+02  1.22842E+00   3.12211E+02  1.19857E+00   3.14032E+02  1.16867E+00   3.15934E+02  1.13881E+00   3.17916E+02  1.10912E+00   3.19975E+02  1.07967E+00   3.22109E+02  1.05055E+00   3.24315E+02  1.02184E+00   3.26592E+02  9.93589E-01   3.28937E+02  9.65849E-01   3.31349E+02  9.38662E-01   3.33824E+02  9.12062E-01   3.36361E+02  8.86077E-01   3.38958E+02  8.60724E-01   3.41613E+02  8.36024E-01   3.44323E+02  8.11985E-01   3.47088E+02  7.88609E-01   3.49905E+02  7.65904E-01   3.52773E+02  7.43864E-01   3.55689E+02  7.22481E-01   3.58652E+02  7.01757E-01   1.66103E+00  6.81678E-01   4.71385E+00  6.62233E-01   7.80888E+00 
 7.22983E-01   8.62647E+00  7.44046E-01   5.54106E+00  7.65788E-01   2.49820E+00  7.88220E-01   3.59499E+02  8.11349E-01   3.56546E+02  8.35179E-01   3.53640E+02  8.59719E-01   3.50783E+02  8.84969E-01   3.47976E+02  9.10924E-01   3.45221E+02  9.37576E-01   3.42521E+02  9.64908E-01   3.39876E+02  9.92909E-01   3.37290E+02  1.02156E+00   3.34763E+02  1.05082E+00   3.32298E+02  1.08066E+00   3.29897E+02  1.11103E+00   3.27562E+02  1.14187E+00   3.25295E+02  1.17312E+00   3.23099E+02  1.20470E+00   3.20975E+02  1.23653E+00   3.18925E+02  1.26850E+00   3.16953E+02  1.30051E+00   3.15060E+02  1.33243E+00   3.13248E+02  1.36412E+00   3.11519E+02  1.39544E+00   3.09876E+02  1.42622E+00   3.08320E+02  1.45630E+00   3.06855E+02  1.48549E+00   3.05481E+02  1.51360E+00   3.04200E+02  1.54044E+00   3.03015E+02  1.56581E+00   3.01926E+02  1.58951E+00   3.00937E+02  1.61135E+00   3.00047E+02  1.63113E+00   2.99259E+02  1.64869E+00   2.98573E+02  1.66384E+00   2.97991E+02  1.67646E+00   2.97514E+02  1.68641E+00   2.97142E+02  1.69360E+00   2.96876E+02  1.69794E+00   2.96716E+02  1.69939E+00   2.96663E+02  1.69793E+00   2.96716E+02  1.69360E+00   2.96876E+02  1.68641E+00   2.97142E+02  1.67646E+00   2.97514E+02  1.66384E+00   2.97991E+02  1.64869E+00   2.98573E+02  1.63113E+00   2.99259E+02  1.61135E+00   3.00047E+02  1.58951E+00   3.00937E+02  1.56581E+00   3.01926E+02  1.54044E+00   3.03015E+02  1.51360E+00   3.04200E+02  1.48549E+00   3.05481E+02  1.45630E+00   3.06855E+02  1.42622E+00   3.08320E+02  1.39544E+00   3.09876E+02  1.36412E+00   3.11519E+02  1.33243E+00   3.13248E+02  1.30051E+00   3.15060E+02  1.26850E+00   3.16953E+02  1.23653E+00   3.18925E+02  1.20470E+00   3.20975E+02  1.17312E+00   3.23099E+02  1.14187E+00   3.25295E+02  1.11103E+00   3.27562E+02  1.08066E+00   3.29897E+02  1.05082E+00   3.32298E+02  1.02156E+00   3.34763E+02  9.92910E-01   3.37290E+02  9.64907E-01   3.39876E+02  9.37574E-01   3.42521E+02  9.10924E-01   3.45221E+02  8.84971E-01   3.47976E+02  8.59720E-01   3.50783E+02  8.35178E-01   3.53640E+02  8.11346E-01   3.56546E+02  7.88220E-01   3.59499E+02  7.65791E-01   2.49812E+00  7.44045E-01   5.54104E+00  7.22982E-01   8.62663E+00 
 7.82272E-01   9.51915E+00  8.04872E-01   6.44431E+00  8.28188E-01   3.41194E+00  8.52232E-01   4.23752E-01  8.77010E-01   3.57481E+02  9.02530E-01   3.54586E+02  9.28791E-01   3.51740E+02  9.55793E-01   3.48944E+02  9.83533E-01   3.46201E+02  1.01200E+00   3.43511E+02  1.04119E+00   3.40878E+02  1.07107E+00   3.38303E+02  1.10161E+00   3.35787E+02  1.13279E+00   3.33333E+02  1.16455E+00   3.30943E+02  1.19686E+00   3.28619E+02  1.22966E+00   3.26363E+02  1.26286E+00   3.24178E+02  1.29639E+00   3.22064E+02  1.33015E+00   3.20025E+02  1.36404E+00   3.18063E+02  1.39794E+00   3.16180E+02  1.43172E+00   3.14377E+02  1.46524E+00   3.12658E+02  1.49833E+00   3.11024E+02  1.53083E+00   3.09477E+02  1.56256E+00   3.08020E+02  1.59334E+00   3.06653E+02  1.62295E+00   3.05380E+02  1.65120E+00   3.04202E+02  1.67790E+00   3.03120E+02  1.70281E+00   3.02136E+02  1.72576E+00   3.01251E+02  1.74654E+00   3.00468E+02  1.76497E+00   2.99786E+02  1.78088E+00   2.99208E+02  1.79411E+00   2.98733E+02  1.80455E+00   2.98364E+02  1.81208E+00   2.98099E+02  1.81663E+00   2.97940E+02  1.81815E+00   2.97887E+02  1.81663E+00   2.97940E+02  1.81208E+00   2.98099E+02  1.80455E+00   2.98364E+02  1.79411E+00   2.98734E+02  1.78088E+00   2.99208E+02  1.76497E+00   2.99786E+02  1.74654E+00   3.00468E+02  1.72576E+00   3.01251E+02  1.70281E+00   3.02136E+02  1.67790E+00   3.03120E+02  1.65120E+00   3.04202E+02  1.62295E+00   3.05380E+02  1.59334E+00   3.06653E+02  1.56256E+00   3.08020E+02  1.53083E+00   3.09477E+02  1.49833E+00   3.11024E+02  1.46524E+00   3.12658E+02  1.43172E+00   3.14377E+02  1.39794E+00   3.16180E+02  1.36404E+00   3.18063E+02  1.33015E+00   3.20025E+02  1.29639E+00   3.22064E+02  1.26286E+00   3.24178E+02  1.22966E+00   3.26363E+02  1.19686E+00   3.28619E+02  1.16455E+00   3.30943E+02  1.13279E+00   3.33333E+02  1.10161E+00   3.35787E+02  1.07107E+00   3.38303E+02  1.04119E+00   3.40878E+02  1.01200E+00   3.43511E+02  9.83534E-01   3.46201E+02  9.55793E-01   3.48944E+02  9.28788E-01   3.51740E+02  9.02530E-01   3.54586E+02  8.77014E-01   3.57481E+02  8.52233E-01   4.23814E-01  8.28188E-01   3.41197E+00  8.04870E-01   6.44437E+00  7.82272E-01   9.51911E+00 
 8.40009E-01   1.04858E+01  8.64056E-01   7.42232E+00  8.88854E-01   4.40160E+00  9.14414E-01   1.42485E+00  9.40737E-01   3.58494E+02  9.67831E-01   3.55611E+02  9.95701E-01   3.52776E+02  1.02434E+00   3.49992E+02  1.05375E+00   3.47261E+02  1.08390E+00   3.44584E+02  1.11479E+00   3.41962E+02  1.14639E+00   3.39399E+02  1.17868E+00   3.36895E+02  1.21161E+00   3.34453E+02  1.24514E+00   3.32075E+02  1.27922E+00   3.29763E+02  1.31377E+00   3.27519E+02  1.34873E+00   3.25344E+02  1.38401E+00   3.23242E+02  1.41951E+00   3.21214E+02  1.45511E+00   3.19263E+02  1.49069E+00   3.17390E+02  1.52612E+00   3.15598E+02  1.56124E+00   3.13889E+02  1.59589E+00   3.12265E+02  1.62989E+00   3.10727E+02  1.66307E+00   3.09278E+02  1.69521E+00   3.07920E+02  1.72612E+00   3.06655E+02  1.75559E+00   3.05484E+02  1.78341E+00   3.04409E+02  1.80937E+00   3.03431E+02  1.83326E+00   3.02552E+02  1.85488E+00   3.01774E+02  1.87404E+00   3.01097E+02  1.89058E+00   3.00522E+02  1.90433E+00   3.00051E+02  1.91517E+00   2.99683E+02  1.92299E+00   2.99420E+02  1.92771E+00   2.99262E+02  1.92929E+00   2.99210E+02  1.92771E+00   2.99262E+02  1.92299E+00   2.99420E+02  1.91517E+00   2.99683E+02  1.90433E+00   3.00051E+02  1.89058E+00   3.00522E+02  1.87404E+00   3.01097E+02  1.85488E+00   3.01774E+02  1.83326E+00   3.02552E+02  1.80937E+00   3.03431E+02  1.78341E+00   3.04409E+02  1.75559E+00   3.05484E+02  1.72612E+00   3.06655E+02  1.69521E+00   3.07920E+02  1.66307E+00   3.09278E+02  1.62990E+00   3.10727E+02  1.59589E+00   3.12265E+02  1.56124E+00   3.13889E+02  1.52612E+00   3.15598E+02  1.49070E+00   3.17390E+02  1.45511E+00   3.19263E+02  1.41951E+00   3.21215E+02  1.38401E+00   3.23242E+02  1.34873E+00   3.25344E+02  1.31377E+00   3.27519E+02  1.27922E+00   3.29763E+02  1.24514E+00   3.32075E+02  1.21161E+00   3.34453E+02  1.17868E+00   3.36895E+02  1.14639E+00   3.39399E+02  1.11479E+00   3.41962E+02  1.08390E+00   3.44584E+02  1.05375E+00   3.47261E+02  1.02434E+00   3.49992E+02  9.95702E-01   3.52776E+02  9.67832E-01   3.55611E+02  9.40735E-01   3.58494E+02  9.14412E-01   1.42493E+00  8.88856E-01   4.40149E+00  8.64055E-01   7.42224E+00  8.40008E-01   1.04859E+01 
 8.96116E-01   1.15261E+01  9.21521E-01   8.47462E+00  9.47706E-01   5.46600E+00  9.74677E-01   2.50174E+00  1.00244E+00   3.59583E+02  1.03100E+00   3.56712E+02  1.06036E+00   3.53890E+02  1.09050E+00   3.51119E+02  1.12144E+00   3.48401E+02  1.15314E+00   3.45736E+02  1.18560E+00   3.43127E+02  1.21877E+00   3.40577E+02  1.25264E+00   3.38086E+02  1.28716E+00   3.35657E+02  1.32228E+00   3.33291E+02  1.35795E+00   3.30991E+02  1.39409E+00   3.28760E+02  1.43062E+00   3.26597E+02  1.46745E+00   3.24507E+02  1.50448E+00   3.22491E+02  1.54159E+00   3.20552E+02  1.57865E+00   3.18690E+02  1.61551E+00   3.16909E+02  1.65202E+00   3.15210E+02  1.68801E+00   3.13596E+02  1.72330E+00   3.12068E+02  1.75770E+00   3.10629E+02  1.79101E+00   3.09280E+02  1.82301E+00   3.08023E+02  1.85350E+00   3.06859E+02  1.88226E+00   3.05792E+02  1.90908E+00   3.04821E+02  1.93375E+00   3.03948E+02  1.95606E+00   3.03175E+02  1.97582E+00   3.02502E+02  1.99287E+00   3.01931E+02  2.00704E+00   3.01463E+02  2.01821E+00   3.01098E+02  2.02626E+00   3.00837E+02  2.03113E+00   3.00681E+02  2.03275E+00   3.00628E+02  2.03113E+00   3.00681E+02  2.02626E+00   3.00837E+02  2.01821E+00   3.01098E+02  2.00704E+00   3.01463E+02  1.99287E+00   3.01931E+02  1.97582E+00   3.02502E+02  1.95606E+00   3.03175E+02  1.93375E+00   3.03948E+02  1.90908E+00   3.04821E+02  1.88226E+00   3.05792E+02  1.85350E+00   3.06860E+02  1.82301E+00   3.08023E+02  1.79101E+00   3.09280E+02  1.75770E+00   3.10629E+02  1.72330E+00   3.12068E+02  1.68801E+00   3.13596E+02  1.65202E+00   3.15210E+02  1.61551E+00   3.16909E+02  1.57865E+00   3.18690E+02  1.54159E+00   3.20552E+02  1.50448E+00   3.22491E+02  1.46745E+00   3.24507E+02  1.43062E+00   3.26597E+02  1.39409E+00   3.28760E+02  1.35795E+00   3.30991E+02  1.32228E+00   3.33291E+02  1.28716E+00   3.35657E+02  1.25264E+00   3.38086E+02  1.21877E+00   3.40577E+02  1.18560E+00   3.43127E+02  1.15314E+00   3.45736E+02  1.12144E+00   3.48400E+02  1.09051E+00   3.51119E+02  1.06036E+00   3.53890E+02  1.03100E+00   3.56712E+02  1.00245E+00   3.59583E+02  9.74679E-01   2.50175E+00  9.47705E-01   5.46598E+00  9.21518E-01   8.47473E+00  8.96116E-01   1.15261E+01 
 9.50520E-01   1.26386E+01  9.77188E-01   9.60008E+00  1.00466E+00   6.60451E+00  1.03294E+00   3.65318E+00  1.06204E+00   7.47905E-01  1.09195E+00   3.57890E+02  1.12268E+00   3.55082E+02  1.15421E+00   3.52324E+02  1.18654E+00   3.49619E+02  1.21965E+00   3.46968E+02  1.25352E+00   3.44372E+02  1.28812E+00   3.41835E+02  1.32342E+00   3.39358E+02  1.35936E+00   3.36942E+02  1.39590E+00   3.34590E+02  1.43298E+00   3.32303E+02  1.47051E+00   3.30085E+02  1.50843E+00   3.27935E+02  1.54662E+00   3.25858E+02  1.58498E+00   3.23855E+02  1.62339E+00   3.21927E+02  1.66171E+00   3.20077E+02  1.69980E+00   3.18308E+02  1.73749E+00   3.16620E+02  1.77462E+00   3.15017E+02  1.81099E+00   3.13499E+02  1.84641E+00   3.12070E+02  1.88067E+00   3.10730E+02  1.91357E+00   3.09482E+02  1.94489E+00   3.08327E+02  1.97442E+00   3.07267E+02  2.00193E+00   3.06303E+02  2.02721E+00   3.05436E+02  2.05007E+00   3.04669E+02  2.07031E+00   3.04001E+02  2.08775E+00   3.03434E+02  2.10225E+00   3.02970E+02  2.11368E+00   3.02608E+02  2.12191E+00   3.02348E+02  2.12689E+00   3.02193E+02  2.12855E+00   3.02141E+02  2.12689E+00   3.02193E+02  2.12191E+00   3.02348E+02  2.11368E+00   3.02608E+02  2.10225E+00   3.02970E+02  2.08776E+00   3.03434E+02  2.07031E+00   3.04001E+02  2.05007E+00   3.04669E+02  2.02721E+00   3.05436E+02  2.00193E+00   3.06302E+02  1.97442E+00   3.07267E+02  1.94489E+00   3.08327E+02  1.91357E+00   3.09482E+02  1.88067E+00   3.10730E+02  1.84641E+00   3.12070E+02  1.81099E+00   3.13499E+02  1.77462E+00   3.15017E+02  1.73749E+00   3.16620E+02  1.69980E+00   3.18308E+02  1.66171E+00   3.20077E+02  1.62339E+00   3.21927E+02  1.58498E+00   3.23855E+02  1.54662E+00   3.25858E+02  1.50843E+00   3.27935E+02  1.47051E+00   3.30085E+02  1.43298E+00   3.32303E+02  1.39590E+00   3.34590E+02  1.35936E+00   3.36942E+02  1.32342E+00   3.39358E+02  1.28812E+00   3.41835E+02  1.25352E+00   3.44373E+02  1.21965E+00   3.46967E+02  1.18654E+00   3.49619E+02  1.15421E+00   3.52324E+02  1.12268E+00   3.55082E+02  1.09195E+00   3.57890E+02  1.06204E+00   7.47935E-01  1.03294E+00   3.65323E+00  1.00466E+00   6.60446E+00  9.77188E-01   9.60003E+00  9.50520E-01   1.26386E+01 
 1.00316E+00   1.38230E+01  1.03100E+00   1.07979E+01  1.05966E+00   7.81596E+00  1.08915E+00   4.87859E+00  1.11947E+00   1.98706E+00  1.15062E+00   3.59143E+02  1.18259E+00   3.56349E+02  1.21537E+00   3.53605E+02  1.24897E+00   3.50914E+02  1.28335E+00   3.48277E+02  1.31850E+00   3.45696E+02  1.35436E+00   3.43173E+02  1.39093E+00   3.40710E+02  1.42813E+00   3.38308E+02  1.46592E+00   3.35970E+02  1.50423E+00   3.33697E+02  1.54299E+00   3.31492E+02  1.58209E+00   3.29357E+02  1.62146E+00   3.27293E+02  1.66096E+00   3.25302E+02  1.70047E+00   3.23387E+02  1.73986E+00   3.21550E+02  1.77897E+00   3.19793E+02  1.81764E+00   3.18117E+02  1.85569E+00   3.16525E+02  1.89294E+00   3.15018E+02  1.92918E+00   3.13599E+02  1.96421E+00   3.12269E+02  1.99782E+00   3.11030E+02  2.02979E+00   3.09884E+02  2.05990E+00   3.08831E+02  2.08795E+00   3.07875E+02  2.11370E+00   3.07015E+02  2.13697E+00   3.06253E+02  2.15756E+00   3.05591E+02  2.17530E+00   3.05029E+02  2.19005E+00   3.04568E+02  2.20165E+00   3.04208E+02  2.21002E+00   3.03951E+02  2.21507E+00   3.03797E+02  2.21676E+00   3.03745E+02  2.21507E+00   3.03797E+02  2.21002E+00   3.03951E+02  2.20165E+00   3.04208E+02  2.19005E+00   3.04568E+02  2.17530E+00   3.05029E+02  2.15756E+00   3.05591E+02  2.13697E+00   3.06253E+02  2.11370E+00   3.07015E+02  2.08795E+00   3.07875E+02  2.05990E+00   3.08831E+02  2.02979E+00   3.09884E+02  1.99782E+00   3.11030E+02  1.96421E+00   3.12269E+02  1.92918E+00   3.13599E+02  1.89294E+00   3.15018E+02  1.85569E+00   3.16525E+02  1.81764E+00   3.18117E+02  1.77897E+00   3.19793E+02  1.73986E+00   3.21550E+02  1.70047E+00   3.23387E+02  1.66096E+00   3.25302E+02  1.62146E+00   3.27293E+02  1.58210E+00   3.29357E+02  1.54299E+00   3.31492E+02  1.50423E+00   3.33697E+02  1.46592E+00   3.35970E+02  1.42813E+00   3.38308E+02  1.39093E+00   3.40710E+02  1.35437E+00   3.43173E+02  1.31850E+00   3.45696E+02  1.28335E+00   3.48277E+02  1.24897E+00   3.50914E+02  1.21537E+00   3.53605E+02  1.18258E+00   3.56349E+02  1.15061E+00   3.59143E+02  1.11947E+00   1.98710E+00  1.08915E+00   4.87856E+00  1.05966E+00   7.81589E+00  1.03100E+00   1.07980E+01  1.00316E+00   1.38231E+01 
 1.05399E+00   1.50779E+01  1.08290E+00   1.20670E+01  1.11265E+00   9.09944E+00  1.14324E+00   6.17644E+00  1.17467E+00   3.29964E+00  1.20694E+00   4.70591E-01  1.24004E+00   3.57691E+02  1.27396E+00   3.54962E+02  1.30868E+00   3.52285E+02  1.34419E+00   3.49663E+02  1.38047E+00   3.47097E+02  1.41746E+00   3.44589E+02  1.45513E+00   3.42141E+02  1.49344E+00   3.39754E+02  1.53231E+00   3.37430E+02  1.57168E+00   3.35172E+02  1.61148E+00   3.32981E+02  1.65160E+00   3.30860E+02  1.69194E+00   3.28810E+02  1.73239E+00   3.26833E+02  1.77281E+00   3.24931E+02  1.81307E+00   3.23107E+02  1.85301E+00   3.21362E+02  1.89247E+00   3.19699E+02  1.93126E+00   3.18119E+02  1.96919E+00   3.16623E+02  2.00607E+00   3.15215E+02  2.04168E+00   3.13895E+02  2.07582E+00   3.12666E+02  2.10827E+00   3.11528E+02  2.13881E+00   3.10484E+02  2.16723E+00   3.09535E+02  2.19332E+00   3.08682E+02  2.21687E+00   3.07927E+02  2.23770E+00   3.07270E+02  2.25564E+00   3.06712E+02  2.27054E+00   3.06255E+02  2.28227E+00   3.05898E+02  2.29073E+00   3.05643E+02  2.29583E+00   3.05490E+02  2.29753E+00   3.05439E+02  2.29583E+00   3.05490E+02  2.29073E+00   3.05643E+02  2.28227E+00   3.05898E+02  2.27054E+00   3.06255E+02  2.25564E+00   3.06712E+02  2.23770E+00   3.07270E+02  2.21687E+00   3.07927E+02  2.19332E+00   3.08682E+02  2.16723E+00   3.09535E+02  2.13881E+00   3.10484E+02  2.10827E+00   3.11528E+02  2.07582E+00   3.12666E+02  2.04168E+00   3.13895E+02  2.00606E+00   3.15215E+02  1.96919E+00   3.16623E+02  1.93126E+00   3.18119E+02  1.89247E+00   3.19699E+02  1.85301E+00   3.21363E+02  1.81308E+00   3.23107E+02  1.77281E+00   3.24931E+02  1.73239E+00   3.26833E+02  1.69194E+00   3.28810E+02  1.65159E+00   3.30860E+02  1.61148E+00   3.32981E+02  1.57168E+00   3.35172E+02  1.53231E+00   3.37430E+02  1.49344E+00   3.39754E+02  1.45513E+00   3.42141E+02  1.41746E+00   3.44589E+02  1.38047E+00   3.47097E+02  1.34419E+00   3.49663E+02  1.30868E+00   3.52285E+02  1.27395E+00   3.54962E+02  1.24004E+00   3.57691E+02  1.20694E+00   4.70572E-01  1.17467E+00   3.29966E+00  1.14324E+00   6.17645E+00  1.11265E+00   9.09948E+00  1.08290E+00   1.20670E+01  1.05399E+00   1.50778E+01 
 1.10296E+00   1.64026E+01  1.13286E+00   1.34064E+01  1.16360E+00   1.04539E+01  1.19518E+00   7.54606E+00  1.22761E+00   4.68425E+00  1.26088E+00   1.87045E+00  1.29498E+00   3.59106E+02  1.32991E+00   3.56392E+02  1.36563E+00   3.53732E+02  1.40214E+00   3.51125E+02  1.43940E+00   3.48574E+02  1.47736E+00   3.46082E+02  1.51600E+00   3.43649E+02  1.55525E+00   3.41277E+02  1.59504E+00   3.38969E+02  1.63531E+00   3.36726E+02  1.67597E+00   3.34550E+02  1.71693E+00   3.32443E+02  1.75808E+00   3.30407E+02  1.79929E+00   3.28445E+02  1.84045E+00   3.26557E+02  1.88139E+00   3.24746E+02  1.92198E+00   3.23015E+02  1.96203E+00   3.21364E+02  2.00137E+00   3.19796E+02  2.03980E+00   3.18312E+02  2.07714E+00   3.16915E+02  2.11316E+00   3.15606E+02  2.14767E+00   3.14386E+02  2.18044E+00   3.13258E+02  2.21126E+00   3.12223E+02  2.23991E+00   3.11282E+02  2.26620E+00   3.10436E+02  2.28992E+00   3.09687E+02  2.31089E+00   3.09035E+02  2.32895E+00   3.08482E+02  2.34393E+00   3.08029E+02  2.35572E+00   3.07676E+02  2.36422E+00   3.07423E+02  2.36935E+00   3.07271E+02  2.37106E+00   3.07220E+02  2.36935E+00   3.07271E+02  2.36422E+00   3.07423E+02  2.35572E+00   3.07676E+02  2.34393E+00   3.08029E+02  2.32895E+00   3.08482E+02  2.31089E+00   3.09035E+02  2.28992E+00   3.09687E+02  2.26620E+00   3.10436E+02  2.23991E+00   3.11282E+02  2.21126E+00   3.12223E+02  2.18044E+00   3.13258E+02  2.14767E+00   3.14386E+02  2.11316E+00   3.15606E+02  2.07714E+00   3.16915E+02  2.03980E+00   3.18312E+02  2.00137E+00   3.19796E+02  1.96203E+00   3.21364E+02  1.92198E+00   3.23015E+02  1.88139E+00   3.24746E+02  1.84045E+00   3.26557E+02  1.79929E+00   3.28445E+02  1.75808E+00   3.30407E+02  1.71693E+00   3.32443E+02  1.67597E+00   3.34550E+02  1.63531E+00   3.36726E+02  1.59504E+00   3.38969E+02  1.55525E+00   3.41277E+02  1.51600E+00   3.43649E+02  1.47737E+00   3.46082E+02  1.43940E+00   3.48574E+02  1.40214E+00   3.51125E+02  1.36564E+00   3.53732E+02  1.32991E+00   3.56392E+02  1.29498E+00   3.59106E+02  1.26088E+00   1.87048E+00  1.22761E+00   4.68431E+00  1.19518E+00   7.54605E+00  1.16360E+00   1.04538E+01  1.13286E+00   1.34065E+01  1.10296E+00   1.64026E+01 
 1.15005E+00   1.77957E+01  1.18083E+00   1.48153E+01  1.21245E+00   1.18781E+01  1.24493E+00   8.98609E+00  1.27825E+00   6.14030E+00  1.31242E+00   3.34226E+00  1.34741E+00   5.93743E-01  1.38321E+00   3.57896E+02  1.41981E+00   3.55251E+02  1.45718E+00   3.52661E+02  1.49528E+00   3.50126E+02  1.53408E+00   3.47650E+02  1.57353E+00   3.45232E+02  1.61356E+00   3.42877E+02  1.65412E+00   3.40584E+02  1.69512E+00   3.38357E+02  1.73649E+00   3.36196E+02  1.77811E+00   3.34104E+02  1.81990E+00   3.32084E+02  1.86171E+00   3.30136E+02  1.90342E+00   3.28263E+02  1.94488E+00   3.26466E+02  1.98593E+00   3.24748E+02  2.02641E+00   3.23110E+02  2.06612E+00   3.21555E+02  2.10490E+00   3.20083E+02  2.14252E+00   3.18697E+02  2.17880E+00   3.17399E+02  2.21351E+00   3.16190E+02  2.24646E+00   3.15071E+02  2.27742E+00   3.14045E+02  2.30618E+00   3.13112E+02  2.33255E+00   3.12273E+02  2.35633E+00   3.11531E+02  2.37735E+00   3.10885E+02  2.39543E+00   3.10337E+02  2.41043E+00   3.09888E+02  2.42223E+00   3.09538E+02  2.43073E+00   3.09287E+02  2.43586E+00   3.09137E+02  2.43758E+00   3.09087E+02  2.43586E+00   3.09137E+02  2.43073E+00   3.09287E+02  2.42223E+00   3.09538E+02  2.41043E+00   3.09888E+02  2.39543E+00   3.10337E+02  2.37735E+00   3.10885E+02  2.35633E+00   3.11531E+02  2.33255E+00   3.12273E+02  2.30618E+00   3.13112E+02  2.27742E+00   3.14045E+02  2.24646E+00   3.15071E+02  2.21351E+00   3.16190E+02  2.17880E+00   3.17399E+02  2.14252E+00   3.18697E+02  2.10490E+00   3.20083E+02  2.06612E+00   3.21555E+02  2.02641E+00   3.23110E+02  1.98593E+00   3.24748E+02  1.94488E+00   3.26466E+02  1.90342E+00   3.28263E+02  1.86171E+00   3.30136E+02  1.81990E+00   3.32084E+02  1.77812E+00   3.34104E+02  1.73649E+00   3.36196E+02  1.69512E+00   3.38357E+02  1.65412E+00   3.40584E+02  1.61356E+00   3.42877E+02  1.57353E+00   3.45232E+02  1.53408E+00   3.47649E+02  1.49528E+00   3.50126E+02  1.45718E+00   3.52661E+02  1.41981E+00   3.55251E+02  1.38321E+00   3.57896E+02  1.34741E+00   5.93698E-01  1.31242E+00   3.34223E+00  1.27825E+00   6.14029E+00  1.24493E+00   8.98604E+00  1.21245E+00   1.18782E+01  1.18083E+00   1.48153E+01  1.15005E+00   1.77956E+01 
 1.19522E+00   1.92565E+01  1.22679E+00   1.62921E+01  1.25921E+00   1.33712E+01  1.29247E+00   1.04954E+01  1.32658E+00   7.66586E+00  1.36152E+00   4.88441E+00  1.39729E+00   2.15244E+00  1.43385E+00   3.59471E+02  1.47120E+00   3.56843E+02  1.50930E+00   3.54269E+02  1.54811E+00   3.51751E+02  1.58761E+00   3.49291E+02  1.62772E+00   3.46890E+02  1.66840E+00   3.44551E+02  1.70957E+00   3.42275E+02  1.75116E+00   3.40063E+02  1.79307E+00   3.37919E+02  1.83521E+00   3.35843E+02  1.87746E+00   3.33837E+02  1.91970E+00   3.31905E+02  1.96180E+00   3.30046E+02  2.00361E+00   3.28264E+02  2.04497E+00   3.26560E+02  2.08570E+00   3.24936E+02  2.12564E+00   3.23393E+02  2.16459E+00   3.21934E+02  2.20236E+00   3.20560E+02  2.23874E+00   3.19273E+02  2.27352E+00   3.18075E+02  2.30651E+00   3.16966E+02  2.33748E+00   3.15949E+02  2.36624E+00   3.15024E+02  2.39258E+00   3.14193E+02  2.41633E+00   3.13457E+02  2.43730E+00   3.12818E+02  2.45534E+00   3.12275E+02  2.47029E+00   3.11829E+02  2.48206E+00   3.11483E+02  2.49053E+00   3.11234E+02  2.49564E+00   3.11085E+02  2.49735E+00   3.11036E+02  2.49564E+00   3.11085E+02  2.49053E+00   3.11234E+02  2.48206E+00   3.11483E+02  2.47029E+00   3.11829E+02  2.45534E+00   3.12275E+02  2.43730E+00   3.12818E+02  2.41633E+00   3.13457E+02  2.39258E+00   3.14193E+02  2.36624E+00   3.15024E+02  2.33748E+00   3.15949E+02  2.30651E+00   3.16966E+02  2.27352E+00   3.18075E+02  2.23874E+00   3.19273E+02  2.20236E+00   3.20560E+02  2.16459E+00   3.21934E+02  2.12564E+00   3.23393E+02  2.08570E+00   3.24936E+02  2.04497E+00   3.26560E+02  2.00361E+00   3.28264E+02  1.96180E+00   3.30046E+02  1.91970E+00   3.31905E+02  1.87746E+00   3.33837E+02  1.83521E+00   3.35843E+02  1.79307E+00   3.37919E+02  1.75116E+00   3.40063E+02  1.70957E+00   3.42275E+02  1.66840E+00   3.44551E+02  1.62772E+00   3.46890E+02  1.58761E+00   3.49291E+02  1.54811E+00   3.51751E+02  1.50930E+00   3.54269E+02  1.47120E+00   3.56843E+02  1.43385E+00   3.59471E+02  1.39729E+00   2.15244E+00  1.36152E+00   4.88444E+00  1.32658E+00   7.66587E+00  1.29247E+00   1.04954E+01  1.25921E+00   1.33712E+01  1.22680E+00   1.62920E+01  1.19522E+00   1.92565E+01 
 1.23847E+00   2.07838E+01  1.27074E+00   1.78361E+01  1.30385E+00   1.49319E+01  1.33780E+00   1.20729E+01  1.37259E+00   9.26043E+00  1.40821E+00   6.49577E+00  1.44462E+00   3.78088E+00  1.48184E+00   1.11696E+00  1.51981E+00   3.58506E+02  1.55852E+00   3.55949E+02  1.59792E+00   3.53448E+02  1.63797E+00   3.51005E+02  1.67862E+00   3.48621E+02  1.71980E+00   3.46299E+02  1.76144E+00   3.44039E+02  1.80346E+00   3.41844E+02  1.84577E+00   3.39716E+02  1.88827E+00   3.37656E+02  1.93084E+00   3.35667E+02  1.97337E+00   3.33749E+02  2.01570E+00   3.31906E+02  2.05771E+00   3.30139E+02  2.09921E+00   3.28449E+02  2.14007E+00   3.26838E+02  2.18007E+00   3.25309E+02  2.21906E+00   3.23863E+02  2.25683E+00   3.22501E+02  2.29318E+00   3.21226E+02  2.32790E+00   3.20038E+02  2.36080E+00   3.18939E+02  2.39167E+00   3.17931E+02  2.42032E+00   3.17015E+02  2.44655E+00   3.16192E+02  2.47017E+00   3.15463E+02  2.49102E+00   3.14830E+02  2.50894E+00   3.14292E+02  2.52380E+00   3.13851E+02  2.53549E+00   3.13507E+02  2.54390E+00   3.13262E+02  2.54897E+00   3.13114E+02  2.55067E+00   3.13065E+02  2.54897E+00   3.13114E+02  2.54390E+00   3.13262E+02  2.53549E+00   3.13507E+02  2.52380E+00   3.13851E+02  2.50894E+00   3.14292E+02  2.49102E+00   3.14830E+02  2.47017E+00   3.15463E+02  2.44655E+00   3.16192E+02  2.42032E+00   3.17015E+02  2.39167E+00   3.17931E+02  2.36080E+00   3.18939E+02  2.32790E+00   3.20038E+02  2.29318E+00   3.21226E+02  2.25683E+00   3.22501E+02  2.21906E+00   3.23863E+02  2.18007E+00   3.25309E+02  2.14006E+00   3.26838E+02  2.09921E+00   3.28449E+02  2.05770E+00   3.30139E+02  2.01570E+00   3.31906E+02  1.97336E+00   3.33749E+02  1.93084E+00   3.35667E+02  1.88827E+00   3.37656E+02  1.84577E+00   3.39716E+02  1.80346E+00   3.41844E+02  1.76144E+00   3.44039E+02  1.71980E+00   3.46299E+02  1.67862E+00   3.48621E+02  1.63797E+00   3.51005E+02  1.59792E+00   3.53448E+02  1.55852E+00   3.55949E+02  1.51981E+00   3.58506E+02  1.48184E+00   1.11698E+00  1.44463E+00   3.78086E+00  1.40820E+00   6.49574E+00  1.37259E+00   9.26041E+00  1.33781E+00   1.20729E+01  1.30385E+00   1.49319E+01  1.27074E+00   1.78361E+01  1.23847E+00   2.07838E+01 
 1.27978E+00   2.23764E+01  1.31266E+00   1.94459E+01  1.34638E+00   1.65590E+01  1.38092E+00   1.37172E+01  1.41628E+00   1.09222E+01  1.45246E+00   8.17517E+00  1.48943E+00   5.47771E+00  1.52717E+00   2.83143E+00  1.56566E+00   2.37831E-01  1.60485E+00   3.57699E+02  1.64472E+00   3.55215E+02  1.68520E+00   3.52790E+02  1.72625E+00   3.50423E+02  1.76780E+00   3.48118E+02  1.80978E+00   3.45875E+02  1.85210E+00   3.43698E+02  1.89467E+00   3.41586E+02  1.93739E+00   3.39543E+02  1.98014E+00   3.37569E+02  2.02280E+00   3.35668E+02  2.06523E+00   3.33840E+02  2.10729E+00   3.32088E+02  2.14881E+00   3.30413E+02  2.18963E+00   3.28816E+02  2.22959E+00   3.27301E+02  2.26847E+00   3.25868E+02  2.30612E+00   3.24518E+02  2.34231E+00   3.23255E+02  2.37686E+00   3.22078E+02  2.40957E+00   3.20990E+02  2.44025E+00   3.19991E+02  2.46868E+00   3.19084E+02  2.49470E+00   3.18269E+02  2.51813E+00   3.17547E+02  2.53879E+00   3.16920E+02  2.55655E+00   3.16387E+02  2.57126E+00   3.15951E+02  2.58282E+00   3.15610E+02  2.59115E+00   3.15367E+02  2.59617E+00   3.15221E+02  2.59785E+00   3.15172E+02  2.59617E+00   3.15221E+02  2.59115E+00   3.15367E+02  2.58282E+00   3.15610E+02  2.57126E+00   3.15951E+02  2.55654E+00   3.16387E+02  2.53879E+00   3.16920E+02  2.51813E+00   3.17547E+02  2.49470E+00   3.18269E+02  2.46868E+00   3.19084E+02  2.44025E+00   3.19991E+02  2.40957E+00   3.20990E+02  2.37687E+00   3.22078E+02  2.34231E+00   3.23255E+02  2.30612E+00   3.24518E+02  2.26847E+00   3.25868E+02  2.22959E+00   3.27301E+02  2.18963E+00   3.28816E+02  2.14881E+00   3.30413E+02  2.10729E+00   3.32088E+02  2.06523E+00   3.33840E+02  2.02280E+00   3.35668E+02  1.98014E+00   3.37569E+02  1.93739E+00   3.39543E+02  1.89467E+00   3.41586E+02  1.85210E+00   3.43698E+02  1.80978E+00   3.45875E+02  1.76780E+00   3.48118E+02  1.72625E+00   3.50423E+02  1.68520E+00   3.52790E+02  1.64472E+00   3.55215E+02  1.60485E+00   3.57699E+02  1.56566E+00   2.37839E-01  1.52718E+00   2.83140E+00  1.48944E+00   5.47770E+00  1.45246E+00   8.17522E+00  1.41628E+00   1.09222E+01  1.38092E+00   1.37172E+01  1.34637E+00   1.65590E+01  1.31266E+00   1.94458E+01  1.27978E+00   2.23763E+01 
 1.31916E+00   2.40332E+01  1.35256E+00   2.11204E+01  1.38679E+00   1.82513E+01  1.42183E+00   1.54274E+01  1.45768E+00   1.26502E+01  1.49432E+00   9.92108E+00  1.53173E+00   7.24170E+00  1.56990E+00   4.61332E+00  1.60878E+00   2.03770E+00  1.64835E+00   3.59517E+02  1.68856E+00   3.57051E+02  1.72935E+00   3.54643E+02  1.77068E+00   3.52295E+02  1.81247E+00   3.50007E+02  1.85466E+00   3.47782E+02  1.89715E+00   3.45622E+02  1.93986E+00   3.43527E+02  1.98267E+00   3.41501E+02  2.02546E+00   3.39544E+02  2.06813E+00   3.37659E+02  2.11053E+00   3.35847E+02  2.15251E+00   3.34110E+02  2.19392E+00   3.32450E+02  2.23459E+00   3.30868E+02  2.27436E+00   3.29366E+02  2.31304E+00   3.27946E+02  2.35044E+00   3.26609E+02  2.38637E+00   3.25358E+02  2.42064E+00   3.24192E+02  2.45307E+00   3.23115E+02  2.48345E+00   3.22126E+02  2.51160E+00   3.21228E+02  2.53733E+00   3.20421E+02  2.56049E+00   3.19706E+02  2.58091E+00   3.19085E+02  2.59844E+00   3.18558E+02  2.61297E+00   3.18126E+02  2.62439E+00   3.17789E+02  2.63260E+00   3.17548E+02  2.63755E+00   3.17403E+02  2.63921E+00   3.17355E+02  2.63755E+00   3.17403E+02  2.63260E+00   3.17548E+02  2.62439E+00   3.17789E+02  2.61297E+00   3.18126E+02  2.59845E+00   3.18558E+02  2.58091E+00   3.19085E+02  2.56049E+00   3.19706E+02  2.53733E+00   3.20421E+02  2.51160E+00   3.21228E+02  2.48345E+00   3.22126E+02  2.45307E+00   3.23115E+02  2.42064E+00   3.24192E+02  2.38637E+00   3.25358E+02  2.35043E+00   3.26609E+02  2.31304E+00   3.27946E+02  2.27436E+00   3.29366E+02  2.23459E+00   3.30868E+02  2.19392E+00   3.32450E+02  2.15251E+00   3.34110E+02  2.11053E+00   3.35847E+02  2.06813E+00   3.37659E+02  2.02546E+00   3.39544E+02  1.98267E+00   3.41501E+02  1.93986E+00   3.43527E+02  1.89715E+00   3.45622E+02  1.85466E+00   3.47782E+02  1.81247E+00   3.50007E+02  1.77068E+00   3.52295E+02  1.72935E+00   3.54643E+02  1.68856E+00   3.57051E+02  1.64835E+00   3.59516E+02  1.60879E+00   2.03769E+00  1.56990E+00   4.61332E+00  1.53173E+00   7.24171E+00  1.49432E+00   9.92108E+00  1.45768E+00   1.26502E+01  1.42183E+00   1.54274E+01  1.38679E+00   1.82512E+01  1.35257E+00   2.11204E+01  1.31916E+00   2.40333E+01 
 1.35662E+00   2.57531E+01  1.39046E+00   2.28585E+01  1.42510E+00   2.00076E+01  1.46055E+00   1.72019E+01  1.49679E+00   1.44432E+01  1.53379E+00   1.17324E+01  1.57155E+00   9.07136E+00  1.61004E+00   6.46160E+00  1.64922E+00   3.90430E+00  1.68905E+00   1.40145E+00  1.72949E+00   3.58954E+02  1.77049E+00   3.56565E+02  1.81198E+00   3.54234E+02  1.85390E+00   3.51965E+02  1.89618E+00   3.49758E+02  1.93872E+00   3.47615E+02  1.98143E+00   3.45538E+02  2.02421E+00   3.43529E+02  2.06694E+00   3.41589E+02  2.10949E+00   3.39720E+02  2.15173E+00   3.37924E+02  2.19352E+00   3.36203E+02  2.23470E+00   3.34558E+02  2.27512E+00   3.32990E+02  2.31459E+00   3.31503E+02  2.35295E+00   3.30096E+02  2.39001E+00   3.28773E+02  2.42559E+00   3.27533E+02  2.45950E+00   3.26379E+02  2.49155E+00   3.25312E+02  2.52156E+00   3.24333E+02  2.54934E+00   3.23444E+02  2.57473E+00   3.22645E+02  2.59756E+00   3.21938E+02  2.61769E+00   3.21323E+02  2.63496E+00   3.20801E+02  2.64926E+00   3.20374E+02  2.66050E+00   3.20040E+02  2.66858E+00   3.19802E+02  2.67346E+00   3.19659E+02  2.67509E+00   3.19611E+02  2.67346E+00   3.19659E+02  2.66858E+00   3.19802E+02  2.66050E+00   3.20040E+02  2.64926E+00   3.20374E+02  2.63496E+00   3.20801E+02  2.61769E+00   3.21323E+02  2.59756E+00   3.21938E+02  2.57473E+00   3.22645E+02  2.54934E+00   3.23444E+02  2.52156E+00   3.24333E+02  2.49154E+00   3.25312E+02  2.45950E+00   3.26379E+02  2.42559E+00   3.27533E+02  2.39001E+00   3.28773E+02  2.35295E+00   3.30096E+02  2.31459E+00   3.31503E+02  2.27512E+00   3.32990E+02  2.23470E+00   3.34558E+02  2.19352E+00   3.36203E+02  2.15173E+00   3.37924E+02  2.10949E+00   3.39720E+02  2.06694E+00   3.41589E+02  2.02421E+00   3.43529E+02  1.98143E+00   3.45538E+02  1.93872E+00   3.47615E+02  1.89618E+00   3.49758E+02  1.85390E+00   3.51965E+02  1.81198E+00   3.54234E+02  1.77049E+00   3.56565E+02  1.72949E+00   3.58954E+02  1.68905E+00   1.40146E+00  1.64922E+00   3.90433E+00  1.61004E+00   6.46159E+00  1.57155E+00   9.07134E+00  1.53380E+00   1.17324E+01  1.49679E+00   1.44432E+01  1.46055E+00   1.72019E+01  1.42510E+00   2.00076E+01  1.39046E+00   2.28585E+01  1.35662E+00   2.57531E+01 
 1.39216E+00   2.75350E+01  1.42636E+00   2.46589E+01  1.46135E+00   2.18267E+01  1.49711E+00   1.90397E+01  1.53365E+00   1.62996E+01  1.57093E+00   1.36077E+01  1.60894E+00   1.09654E+01  1.64764E+00   8.37431E+00  1.68702E+00   5.83595E+00  1.72701E+00   3.35178E+00  1.76758E+00   9.23481E-01  1.80867E+00   3.58553E+02  1.85022E+00   3.56241E+02  1.89216E+00   3.53989E+02  1.93442E+00   3.51801E+02  1.97690E+00   3.49676E+02  2.01951E+00   3.47616E+02  2.06215E+00   3.45624E+02  2.10469E+00   3.43702E+02  2.14702E+00   3.41850E+02  2.18901E+00   3.40070E+02  2.23050E+00   3.38365E+02  2.27135E+00   3.36735E+02  2.31140E+00   3.35182E+02  2.35048E+00   3.33709E+02  2.38843E+00   3.32316E+02  2.42506E+00   3.31006E+02  2.46020E+00   3.29778E+02  2.49366E+00   3.28636E+02  2.52527E+00   3.27580E+02  2.55484E+00   3.26611E+02  2.58220E+00   3.25731E+02  2.60718E+00   3.24940E+02  2.62964E+00   3.24240E+02  2.64942E+00   3.23632E+02  2.66640E+00   3.23116E+02  2.68045E+00   3.22693E+02  2.69148E+00   3.22363E+02  2.69942E+00   3.22127E+02  2.70421E+00   3.21986E+02  2.70580E+00   3.21938E+02  2.70421E+00   3.21986E+02  2.69942E+00   3.22127E+02  2.69148E+00   3.22363E+02  2.68045E+00   3.22693E+02  2.66640E+00   3.23116E+02  2.64942E+00   3.23632E+02  2.62964E+00   3.24240E+02  2.60718E+00   3.24940E+02  2.58220E+00   3.25731E+02  2.55484E+00   3.26611E+02  2.52527E+00   3.27580E+02  2.49366E+00   3.28636E+02  2.46020E+00   3.29778E+02  2.42506E+00   3.31006E+02  2.38843E+00   3.32316E+02  2.35049E+00   3.33709E+02  2.31140E+00   3.35182E+02  2.27135E+00   3.36735E+02  2.23050E+00   3.38365E+02  2.18901E+00   3.40070E+02  2.14703E+00   3.41850E+02  2.10469E+00   3.43702E+02  2.06215E+00   3.45624E+02  2.01951E+00   3.47616E+02  1.97690E+00   3.49676E+02  1.93442E+00   3.51801E+02  1.89216E+00   3.53989E+02  1.85022E+00   3.56241E+02  1.80867E+00   3.58553E+02  1.76758E+00   9.23506E-01  1.72701E+00   3.35179E+00  1.68702E+00   5.83595E+00  1.64765E+00   8.37429E+00  1.60894E+00   1.09654E+01  1.57093E+00   1.36077E+01  1.53364E+00   1.62995E+01  1.49711E+00   1.90397E+01  1.46135E+00   2.18266E+01  1.42636E+00   2.46588E+01  1.39216E+00   2.75351E+01 
 1.42582E+00   2.93774E+01  1.46029E+00   2.65203E+01  1.49553E+00   2.37071E+01  1.53154E+00   2.09393E+01  1.56829E+00   1.82184E+01  1.60576E+00   1.55456E+01  1.64392E+00   1.29225E+01  1.68276E+00   1.03507E+01  1.72223E+00   7.83129E+00  1.76229E+00   5.36625E+00  1.80290E+00   2.95693E+00  1.84398E+00   6.04802E-01  1.88549E+00   3.58312E+02  1.92735E+00   3.56079E+02  1.96948E+00   3.53909E+02  2.01181E+00   3.51802E+02  2.05421E+00   3.49761E+02  2.09661E+00   3.47786E+02  2.13888E+00   3.45881E+02  2.18089E+00   3.44046E+02  2.22251E+00   3.42283E+02  2.26362E+00   3.40593E+02  2.30404E+00   3.38979E+02  2.34365E+00   3.37442E+02  2.38225E+00   3.35983E+02  2.41971E+00   3.34604E+02  2.45583E+00   3.33307E+02  2.49046E+00   3.32092E+02  2.52340E+00   3.30961E+02  2.55450E+00   3.29916E+02  2.58357E+00   3.28957E+02  2.61046E+00   3.28086E+02  2.63499E+00   3.27304E+02  2.65703E+00   3.26612E+02  2.67644E+00   3.26010E+02  2.69308E+00   3.25499E+02  2.70686E+00   3.25081E+02  2.71766E+00   3.24754E+02  2.72544E+00   3.24521E+02  2.73013E+00   3.24381E+02  2.73170E+00   3.24334E+02  2.73013E+00   3.24381E+02  2.72544E+00   3.24521E+02  2.71766E+00   3.24754E+02  2.70686E+00   3.25081E+02  2.69308E+00   3.25499E+02  2.67644E+00   3.26010E+02  2.65703E+00   3.26612E+02  2.63499E+00   3.27304E+02  2.61046E+00   3.28086E+02  2.58357E+00   3.28957E+02  2.55450E+00   3.29916E+02  2.52340E+00   3.30961E+02  2.49046E+00   3.32092E+02  2.45583E+00   3.33307E+02  2.41971E+00   3.34604E+02  2.38226E+00   3.35983E+02  2.34365E+00   3.37442E+02  2.30404E+00   3.38979E+02  2.26362E+00   3.40593E+02  2.22251E+00   3.42283E+02  2.18089E+00   3.44046E+02  2.13887E+00   3.45881E+02  2.09661E+00   3.47786E+02  2.05421E+00   3.49761E+02  2.01181E+00   3.51802E+02  1.96948E+00   3.53909E+02  1.92735E+00   3.56079E+02  1.88549E+00   3.58312E+02  1.84398E+00   6.04843E-01  1.80290E+00   2.95689E+00  1.76229E+00   5.36624E+00  1.72223E+00   7.83128E+00  1.68276E+00   1.03507E+01  1.64392E+00   1.29225E+01  1.60576E+00   1.55456E+01  1.56829E+00   1.82184E+01  1.53154E+00   2.09393E+01  1.49554E+00   2.37072E+01  1.46029E+00   2.65204E+01  1.42581E+00   2.93775E+01 
 1.45761E+00   3.12795E+01  1.49229E+00   2.84417E+01  1.52771E+00   2.56480E+01  1.56387E+00   2.28995E+01  1.60075E+00   2.01980E+01  1.63833E+00   1.75447E+01  1.67657E+00   1.49410E+01  1.71545E+00   1.23887E+01  1.75494E+00   9.88893E+00  1.79498E+00   7.44311E+00  1.83552E+00   5.05319E+00  1.87651E+00   2.72035E+00  1.91789E+00   4.46171E-01  1.95958E+00   3.58232E+02  2.00150E+00   3.56081E+02  2.04356E+00   3.53992E+02  2.08568E+00   3.51969E+02  2.12774E+00   3.50013E+02  2.16964E+00   3.48125E+02  2.21124E+00   3.46307E+02  2.25242E+00   3.44561E+02  2.29305E+00   3.42887E+02  2.33298E+00   3.41289E+02  2.37205E+00   3.39767E+02  2.41011E+00   3.38323E+02  2.44700E+00   3.36958E+02  2.48256E+00   3.35673E+02  2.51660E+00   3.34471E+02  2.54898E+00   3.33352E+02  2.57951E+00   3.32318E+02  2.60803E+00   3.31369E+02  2.63440E+00   3.30508E+02  2.65844E+00   3.29734E+02  2.68003E+00   3.29049E+02  2.69903E+00   3.28454E+02  2.71532E+00   3.27949E+02  2.72879E+00   3.27535E+02  2.73937E+00   3.27212E+02  2.74697E+00   3.26982E+02  2.75155E+00   3.26843E+02  2.75308E+00   3.26797E+02  2.75155E+00   3.26843E+02  2.74697E+00   3.26982E+02  2.73937E+00   3.27212E+02  2.72879E+00   3.27535E+02  2.71532E+00   3.27949E+02  2.69903E+00   3.28454E+02  2.68003E+00   3.29049E+02  2.65844E+00   3.29734E+02  2.63440E+00   3.30508E+02  2.60803E+00   3.31369E+02  2.57951E+00   3.32318E+02  2.54898E+00   3.33352E+02  2.51660E+00   3.34471E+02  2.48256E+00   3.35673E+02  2.44700E+00   3.36958E+02  2.41011E+00   3.38323E+02  2.37205E+00   3.39767E+02  2.33298E+00   3.41289E+02  2.29305E+00   3.42887E+02  2.25242E+00   3.44561E+02  2.21124E+00   3.46307E+02  2.16964E+00   3.48125E+02  2.12774E+00   3.50013E+02  2.08568E+00   3.51969E+02  2.04356E+00   3.53992E+02  2.00150E+00   3.56081E+02  1.95957E+00   3.58233E+02  1.91789E+00   4.46193E-01  1.87651E+00   2.72029E+00  1.83552E+00   5.05316E+00  1.79497E+00   7.44313E+00  1.75493E+00   9.88892E+00  1.71545E+00   1.23887E+01  1.67657E+00   1.49410E+01  1.63833E+00   1.75448E+01  1.60075E+00   2.01980E+01  1.56387E+00   2.28995E+01  1.52771E+00   2.56480E+01  1.49228E+00   2.84416E+01  1.45761E+00   3.12795E+01 
 1.48756E+00   3.32399E+01  1.52237E+00   3.04216E+01  1.55791E+00   2.76477E+01  1.59416E+00   2.49192E+01  1.63110E+00   2.22373E+01  1.66870E+00   1.96039E+01  1.70694E+00   1.70201E+01  1.74579E+00   1.44873E+01  1.78519E+00   1.20072E+01  1.82513E+00   9.58110E+00  1.86553E+00   7.21052E+00  1.90634E+00   4.89716E+00  1.94751E+00   2.64233E+00  1.98894E+00   4.47656E-01  2.03056E+00   3.58315E+02  2.07229E+00   3.56245E+02  2.11403E+00   3.54240E+02  2.15568E+00   3.52302E+02  2.19712E+00   3.50432E+02  2.23824E+00   3.48631E+02  2.27891E+00   3.46901E+02  2.31899E+00   3.45245E+02  2.35835E+00   3.43662E+02  2.39683E+00   3.42155E+02  2.43428E+00   3.40726E+02  2.47054E+00   3.39375E+02  2.50547E+00   3.38104E+02  2.53888E+00   3.36914E+02  2.57063E+00   3.35807E+02  2.60056E+00   3.34784E+02  2.62850E+00   3.33846E+02  2.65430E+00   3.32993E+02  2.67783E+00   3.32228E+02  2.69894E+00   3.31551E+02  2.71750E+00   3.30962E+02  2.73342E+00   3.30463E+02  2.74657E+00   3.30053E+02  2.75690E+00   3.29734E+02  2.76432E+00   3.29506E+02  2.76879E+00   3.29369E+02  2.77029E+00   3.29323E+02  2.76879E+00   3.29369E+02  2.76432E+00   3.29506E+02  2.75690E+00   3.29734E+02  2.74657E+00   3.30053E+02  2.73341E+00   3.30463E+02  2.71750E+00   3.30962E+02  2.69893E+00   3.31551E+02  2.67783E+00   3.32228E+02  2.65430E+00   3.32993E+02  2.62850E+00   3.33846E+02  2.60056E+00   3.34784E+02  2.57063E+00   3.35807E+02  2.53888E+00   3.36914E+02  2.50546E+00   3.38104E+02  2.47054E+00   3.39375E+02  2.43427E+00   3.40726E+02  2.39682E+00   3.42155E+02  2.35835E+00   3.43662E+02  2.31899E+00   3.45245E+02  2.27891E+00   3.46901E+02  2.23825E+00   3.48631E+02  2.19712E+00   3.50432E+02  2.15568E+00   3.52302E+02  2.11403E+00   3.54240E+02  2.07229E+00   3.56245E+02  2.03056E+00   3.58315E+02  1.98894E+00   4.47661E-01  1.94751E+00   2.64231E+00  1.90635E+00   4.89716E+00  1.86553E+00   7.21053E+00  1.82513E+00   9.58112E+00  1.78519E+00   1.20072E+01  1.74579E+00   1.44873E+01  1.70694E+00   1.70201E+01  1.66870E+00   1.96038E+01  1.63110E+00   2.22373E+01  1.59416E+00   2.49191E+01  1.55791E+00   2.76477E+01  1.52237E+00   3.04217E+01  1.48756E+00   3.32399E+01 
 1.51572E+00   3.52573E+01  1.55060E+00   3.24590E+01  1.58618E+00   2.97050E+01  1.62244E+00   2.69965E+01  1.65936E+00   2.43349E+01  1.69692E+00   2.17215E+01  1.73509E+00   1.91577E+01  1.77382E+00   1.66450E+01  1.81309E+00   1.41849E+01  1.85284E+00   1.17787E+01  1.89303E+00   9.42794E+00  1.93359E+00   7.13406E+00  1.97445E+00   4.89870E+00  2.01555E+00   2.72331E+00  2.05680E+00   6.09347E-01  2.09812E+00   3.58559E+02  2.13942E+00   3.56572E+02  2.18058E+00   3.54652E+02  2.22150E+00   3.52800E+02  2.26206E+00   3.51016E+02  2.30215E+00   3.49304E+02  2.34162E+00   3.47663E+02  2.38034E+00   3.46097E+02  2.41817E+00   3.44605E+02  2.45495E+00   3.43190E+02  2.49055E+00   3.41854E+02  2.52479E+00   3.40596E+02  2.55754E+00   3.39419E+02  2.58863E+00   3.38324E+02  2.61791E+00   3.37312E+02  2.64523E+00   3.36384E+02  2.67045E+00   3.35541E+02  2.69342E+00   3.34784E+02  2.71403E+00   3.34114E+02  2.73215E+00   3.33532E+02  2.74767E+00   3.33039E+02  2.76050E+00   3.32634E+02  2.77056E+00   3.32318E+02  2.77780E+00   3.32093E+02  2.78216E+00   3.31958E+02  2.78361E+00   3.31912E+02  2.78216E+00   3.31958E+02  2.77780E+00   3.32093E+02  2.77056E+00   3.32318E+02  2.76050E+00   3.32634E+02  2.74767E+00   3.33039E+02  2.73215E+00   3.33532E+02  2.71403E+00   3.34114E+02  2.69342E+00   3.34784E+02  2.67045E+00   3.35541E+02  2.64523E+00   3.36384E+02  2.61791E+00   3.37312E+02  2.58863E+00   3.38324E+02  2.55754E+00   3.39419E+02  2.52479E+00   3.40596E+02  2.49055E+00   3.41854E+02  2.45495E+00   3.43190E+02  2.41817E+00   3.44605E+02  2.38034E+00   3.46097E+02  2.34162E+00   3.47663E+02  2.30215E+00   3.49304E+02  2.26206E+00   3.51016E+02  2.22150E+00   3.52800E+02  2.18057E+00   3.54652E+02  2.13941E+00   3.56572E+02  2.09812E+00   3.58559E+02  2.05681E+00   6.09394E-01  2.01555E+00   2.72330E+00  1.97445E+00   4.89872E+00  1.93359E+00   7.13405E+00  1.89302E+00   9.42794E+00  1.85284E+00   1.17786E+01  1.81309E+00   1.41848E+01  1.77382E+00   1.66451E+01  1.73509E+00   1.91577E+01  1.69693E+00   2.17214E+01  1.65937E+00   2.43349E+01  1.62244E+00   2.69965E+01  1.58618E+00   2.97051E+01  1.55060E+00   3.24591E+01  1.51572E+00   3.52572E+01 
 1.54212E+00   3.73306E+01  1.57701E+00   3.45527E+01  1.61257E+00   3.18190E+01  1.64878E+00   2.91308E+01  1.68562E+00   2.64894E+01  1.72306E+00   2.38964E+01  1.76109E+00   2.13528E+01  1.79964E+00   1.88603E+01  1.83869E+00   1.64204E+01  1.87820E+00   1.40341E+01  1.91809E+00   1.17033E+01  1.95832E+00   9.42943E+00  1.99883E+00   7.21361E+00  2.03952E+00   5.05769E+00  2.08034E+00   2.96297E+00  2.12119E+00   9.30957E-01  2.16196E+00   3.58963E+02  2.20258E+00   3.57061E+02  2.24292E+00   3.55227E+02  2.28287E+00   3.53461E+02  2.32232E+00   3.51765E+02  2.36112E+00   3.50142E+02  2.39916E+00   3.48591E+02  2.43628E+00   3.47115E+02  2.47236E+00   3.45715E+02  2.50723E+00   3.44392E+02  2.54077E+00   3.43148E+02  2.57280E+00   3.41984E+02  2.60320E+00   3.40901E+02  2.63181E+00   3.39900E+02  2.65849E+00   3.38982E+02  2.68310E+00   3.38149E+02  2.70550E+00   3.37400E+02  2.72559E+00   3.36738E+02  2.74324E+00   3.36163E+02  2.75836E+00   3.35674E+02  2.77086E+00   3.35274E+02  2.78066E+00   3.34963E+02  2.78769E+00   3.34740E+02  2.79194E+00   3.34606E+02  2.79335E+00   3.34561E+02  2.79194E+00   3.34606E+02  2.78769E+00   3.34740E+02  2.78066E+00   3.34963E+02  2.77085E+00   3.35274E+02  2.75836E+00   3.35674E+02  2.74324E+00   3.36163E+02  2.72559E+00   3.36738E+02  2.70550E+00   3.37400E+02  2.68309E+00   3.38149E+02  2.65848E+00   3.38982E+02  2.63181E+00   3.39900E+02  2.60320E+00   3.40901E+02  2.57280E+00   3.41984E+02  2.54077E+00   3.43148E+02  2.50724E+00   3.44392E+02  2.47236E+00   3.45715E+02  2.43628E+00   3.47115E+02  2.39916E+00   3.48591E+02  2.36112E+00   3.50142E+02  2.32231E+00   3.51765E+02  2.28287E+00   3.53461E+02  2.24292E+00   3.55227E+02  2.20258E+00   3.57061E+02  2.16197E+00   3.58963E+02  2.12119E+00   9.30977E-01  2.08034E+00   2.96294E+00  2.03952E+00   5.05766E+00  1.99883E+00   7.21357E+00  1.95832E+00   9.42939E+00  1.91809E+00   1.17033E+01  1.87820E+00   1.40342E+01  1.83869E+00   1.64204E+01  1.79964E+00   1.88603E+01  1.76109E+00   2.13528E+01  1.72306E+00   2.38963E+01  1.68561E+00   2.64894E+01  1.64877E+00   2.91309E+01  1.61256E+00   3.18189E+01  1.57701E+00   3.45526E+01  1.54212E+00   3.73306E+01 
 1.56680E+00   3.94585E+01  1.60164E+00   3.67011E+01  1.63711E+00   3.39879E+01  1.67321E+00   3.13203E+01  1.70991E+00   2.86995E+01  1.74718E+00   2.61270E+01  1.78500E+00   2.36041E+01  1.82332E+00   2.11320E+01  1.86210E+00   1.87123E+01  1.90128E+00   1.63465E+01  1.94083E+00   1.40356E+01  1.98067E+00   1.17815E+01  2.02075E+00   9.58564E+00  2.06099E+00   7.44912E+00  2.10130E+00   5.37382E+00  2.14162E+00   3.36088E+00  2.18182E+00   1.41188E+00  2.22183E+00   3.59528E+02  2.26154E+00   3.57712E+02  2.30083E+00   3.55963E+02  2.33958E+00   3.54285E+02  2.37768E+00   3.52678E+02  2.41499E+00   3.51143E+02  2.45137E+00   3.49683E+02  2.48670E+00   3.48297E+02  2.52082E+00   3.46989E+02  2.55361E+00   3.45758E+02  2.58491E+00   3.44607E+02  2.61459E+00   3.43535E+02  2.64250E+00   3.42546E+02  2.66851E+00   3.41638E+02  2.69250E+00   3.40814E+02  2.71433E+00   3.40074E+02  2.73388E+00   3.39420E+02  2.75106E+00   3.38851E+02  2.76577E+00   3.38368E+02  2.77792E+00   3.37973E+02  2.78745E+00   3.37665E+02  2.79429E+00   3.37444E+02  2.79841E+00   3.37312E+02  2.79979E+00   3.37268E+02  2.79841E+00   3.37312E+02  2.79429E+00   3.37444E+02  2.78745E+00   3.37665E+02  2.77792E+00   3.37973E+02  2.76577E+00   3.38368E+02  2.75106E+00   3.38851E+02  2.73388E+00   3.39420E+02  2.71433E+00   3.40074E+02  2.69250E+00   3.40814E+02  2.66852E+00   3.41638E+02  2.64250E+00   3.42546E+02  2.61459E+00   3.43535E+02  2.58491E+00   3.44607E+02  2.55361E+00   3.45758E+02  2.52082E+00   3.46989E+02  2.48670E+00   3.48297E+02  2.45137E+00   3.49683E+02  2.41498E+00   3.51143E+02  2.37768E+00   3.52678E+02  2.33958E+00   3.54285E+02  2.30083E+00   3.55964E+02  2.26154E+00   3.57712E+02  2.22183E+00   3.59528E+02  2.18182E+00   1.41188E+00  2.14162E+00   3.36082E+00  2.10130E+00   5.37378E+00  2.06099E+00   7.44912E+00  2.02075E+00   9.58564E+00  1.98067E+00   1.17816E+01  1.94083E+00   1.40357E+01  1.90129E+00   1.63464E+01  1.86210E+00   1.87122E+01  1.82332E+00   2.11320E+01  1.78500E+00   2.36041E+01  1.74719E+00   2.61270E+01  1.70991E+00   2.86996E+01  1.67321E+00   3.13203E+01  1.63711E+00   3.39878E+01  1.60163E+00   3.67011E+01  1.56680E+00   3.94585E+01 
 1.58981E+00   4.16398E+01  1.62454E+00   3.89033E+01  1.65988E+00   3.62109E+01  1.69581E+00   3.35640E+01  1.73232E+00   3.09640E+01  1.76936E+00   2.84121E+01  1.80691E+00   2.59098E+01  1.84493E+00   2.34584E+01  1.88338E+00   2.10591E+01  1.92219E+00   1.87137E+01  1.96133E+00   1.64233E+01  2.00073E+00   1.41892E+01  2.04033E+00   1.20131E+01  2.08005E+00   9.89636E+00  2.11981E+00   7.84024E+00  2.15953E+00   5.84650E+00  2.19913E+00   3.91630E+00  2.23849E+00   2.05117E+00  2.27752E+00   2.52616E-01  2.31610E+00   3.58522E+02  2.35412E+00   3.56861E+02  2.39147E+00   3.55270E+02  2.42801E+00   3.53751E+02  2.46362E+00   3.52306E+02  2.49817E+00   3.50936E+02  2.53152E+00   3.49641E+02  2.56354E+00   3.48424E+02  2.59408E+00   3.47285E+02  2.62302E+00   3.46226E+02  2.65023E+00   3.45248E+02  2.67556E+00   3.44350E+02  2.69891E+00   3.43536E+02  2.72014E+00   3.42805E+02  2.73916E+00   3.42157E+02  2.75586E+00   3.41595E+02  2.77015E+00   3.41118E+02  2.78196E+00   3.40727E+02  2.79121E+00   3.40423E+02  2.79785E+00   3.40205E+02  2.80186E+00   3.40075E+02  2.80319E+00   3.40031E+02  2.80186E+00   3.40075E+02  2.79785E+00   3.40205E+02  2.79121E+00   3.40423E+02  2.78196E+00   3.40727E+02  2.77015E+00   3.41118E+02  2.75586E+00   3.41595E+02  2.73916E+00   3.42157E+02  2.72014E+00   3.42805E+02  2.69891E+00   3.43536E+02  2.67556E+00   3.44350E+02  2.65023E+00   3.45248E+02  2.62302E+00   3.46226E+02  2.59408E+00   3.47285E+02  2.56354E+00   3.48424E+02  2.53152E+00   3.49641E+02  2.49817E+00   3.50936E+02  2.46362E+00   3.52306E+02  2.42801E+00   3.53751E+02  2.39147E+00   3.55270E+02  2.35412E+00   3.56861E+02  2.31610E+00   3.58522E+02  2.27752E+00   2.52578E-01  2.23849E+00   2.05120E+00  2.19913E+00   3.91626E+00  2.15953E+00   5.84651E+00  2.11981E+00   7.84028E+00  2.08005E+00   9.89638E+00  2.04033E+00   1.20131E+01  2.00073E+00   1.41892E+01  1.96133E+00   1.64232E+01  1.92219E+00   1.87136E+01  1.88337E+00   2.10592E+01  1.84493E+00   2.34584E+01  1.80691E+00   2.59098E+01  1.76936E+00   2.84122E+01  1.73232E+00   3.09640E+01  1.69581E+00   3.35640E+01  1.65988E+00   3.62109E+01  1.62454E+00   3.89033E+01  1.58981E+00   4.16398E+01 
 1.61118E+00   4.38732E+01  1.64576E+00   4.11577E+01  1.68092E+00   3.84863E+01  1.71664E+00   3.58605E+01  1.75289E+00   3.32814E+01  1.78966E+00   3.07505E+01  1.82689E+00   2.82690E+01  1.86456E+00   2.58383E+01  1.90262E+00   2.34597E+01  1.94102E+00   2.11346E+01  1.97970E+00   1.88645E+01  2.01860E+00   1.66508E+01  2.05767E+00   1.44946E+01  2.09683E+00   1.23975E+01  2.13599E+00   1.03610E+01  2.17509E+00   8.38623E+00  2.21401E+00   6.47494E+00  2.25269E+00   4.62824E+00  2.29099E+00   2.84768E+00  2.32884E+00   1.13464E+00  2.36610E+00   3.59490E+02  2.40267E+00   3.57916E+02  2.43842E+00   3.56414E+02  2.47323E+00   3.54984E+02  2.50698E+00   3.53629E+02  2.53953E+00   3.52348E+02  2.57076E+00   3.51145E+02  2.60053E+00   3.50019E+02  2.62872E+00   3.48971E+02  2.65521E+00   3.48004E+02  2.67985E+00   3.47117E+02  2.70255E+00   3.46311E+02  2.72319E+00   3.45589E+02  2.74167E+00   3.44949E+02  2.75789E+00   3.44393E+02  2.77176E+00   3.43922E+02  2.78322E+00   3.43536E+02  2.79219E+00   3.43235E+02  2.79864E+00   3.43020E+02  2.80252E+00   3.42891E+02  2.80382E+00   3.42848E+02  2.80252E+00   3.42891E+02  2.79864E+00   3.43020E+02  2.79219E+00   3.43235E+02  2.78322E+00   3.43536E+02  2.77176E+00   3.43922E+02  2.75789E+00   3.44393E+02  2.74167E+00   3.44949E+02  2.72319E+00   3.45589E+02  2.70255E+00   3.46311E+02  2.67985E+00   3.47117E+02  2.65520E+00   3.48004E+02  2.62872E+00   3.48971E+02  2.60053E+00   3.50019E+02  2.57076E+00   3.51145E+02  2.53953E+00   3.52348E+02  2.50698E+00   3.53629E+02  2.47323E+00   3.54984E+02  2.43842E+00   3.56414E+02  2.40267E+00   3.57916E+02  2.36610E+00   3.59490E+02  2.32884E+00   1.13462E+00  2.29099E+00   2.84771E+00  2.25269E+00   4.62824E+00  2.21401E+00   6.47493E+00  2.17508E+00   8.38624E+00  2.13599E+00   1.03610E+01  2.09682E+00   1.23975E+01  2.05767E+00   1.44945E+01  2.01860E+00   1.66507E+01  1.97970E+00   1.88645E+01  1.94101E+00   2.11347E+01  1.90262E+00   2.34597E+01  1.86456E+00   2.58382E+01  1.82689E+00   2.82690E+01  1.78965E+00   3.07505E+01  1.75289E+00   3.32814E+01  1.71664E+00   3.58605E+01  1.68092E+00   3.84863E+01  1.64576E+00   4.11577E+01  1.61118E+00   4.38734E+01 
 1.63099E+00   4.61579E+01  1.66536E+00   4.34634E+01  1.70029E+00   4.08132E+01  1.73574E+00   3.82084E+01  1.77170E+00   3.56505E+01  1.80814E+00   3.31405E+01  1.84501E+00   3.06800E+01  1.88228E+00   2.82702E+01  1.91991E+00   2.59124E+01  1.95784E+00   2.36080E+01  1.99603E+00   2.13583E+01  2.03439E+00   1.91646E+01  2.07289E+00   1.70286E+01  2.11144E+00   1.49512E+01  2.14997E+00   1.29342E+01  2.18839E+00   1.09787E+01  2.22662E+00   9.08612E+00  2.26457E+00   7.25802E+00  2.30213E+00   5.49543E+00  2.33920E+00   3.79998E+00  2.37568E+00   2.17288E+00  2.41144E+00   6.15384E-01  2.44638E+00   3.59129E+02  2.48038E+00   3.57715E+02  2.51330E+00   3.56374E+02  2.54505E+00   3.55108E+02  2.57547E+00   3.53918E+02  2.60446E+00   3.52804E+02  2.63189E+00   3.51769E+02  2.65765E+00   3.50812E+02  2.68161E+00   3.49935E+02  2.70366E+00   3.49139E+02  2.72370E+00   3.48425E+02  2.74163E+00   3.47793E+02  2.75737E+00   3.47244E+02  2.77082E+00   3.46778E+02  2.78193E+00   3.46396E+02  2.79063E+00   3.46099E+02  2.79688E+00   3.45887E+02  2.80064E+00   3.45759E+02  2.80190E+00   3.45716E+02  2.80064E+00   3.45759E+02  2.79688E+00   3.45887E+02  2.79063E+00   3.46099E+02  2.78193E+00   3.46396E+02  2.77082E+00   3.46778E+02  2.75737E+00   3.47244E+02  2.74163E+00   3.47793E+02  2.72370E+00   3.48425E+02  2.70366E+00   3.49139E+02  2.68161E+00   3.49935E+02  2.65765E+00   3.50812E+02  2.63189E+00   3.51769E+02  2.60446E+00   3.52804E+02  2.57547E+00   3.53918E+02  2.54505E+00   3.55108E+02  2.51331E+00   3.56374E+02  2.48038E+00   3.57715E+02  2.44638E+00   3.59129E+02  2.41144E+00   6.15419E-01  2.37568E+00   2.17287E+00  2.33920E+00   3.79998E+00  2.30213E+00   5.49541E+00  2.26457E+00   7.25800E+00  2.22662E+00   9.08611E+00  2.18839E+00   1.09787E+01  2.14997E+00   1.29342E+01  2.11144E+00   1.49512E+01  2.07289E+00   1.70286E+01  2.03440E+00   1.91647E+01  1.99602E+00   2.13583E+01  1.95784E+00   2.36080E+01  1.91991E+00   2.59123E+01  1.88228E+00   2.82702E+01  1.84501E+00   3.06800E+01  1.80814E+00   3.31405E+01  1.77171E+00   3.56505E+01  1.73574E+00   3.82084E+01  1.70029E+00   4.08132E+01  1.66536E+00   4.34636E+01  1.63099E+00   4.61579E+01 
 1.64926E+00   4.84924E+01  1.68339E+00   4.58191E+01  1.71805E+00   4.31902E+01  1.75320E+00   4.06067E+01  1.78882E+00   3.80700E+01  1.82489E+00   3.55812E+01  1.86135E+00   3.31416E+01  1.89819E+00   3.07528E+01  1.93534E+00   2.84158E+01  1.97277E+00   2.61320E+01  2.01041E+00   2.39029E+01  2.04821E+00   2.17296E+01  2.08610E+00   1.96135E+01  2.12401E+00   1.75561E+01  2.16187E+00   1.55584E+01  2.19958E+00   1.36222E+01  2.23709E+00   1.17485E+01  2.27428E+00   9.93870E+00  2.31107E+00   8.19432E+00  2.34735E+00   6.51632E+00  2.38301E+00   4.90640E+00  2.41796E+00   3.36543E+00  2.45206E+00   1.89498E+00  2.48523E+00   4.96122E-01  2.51733E+00   3.59170E+02  2.54825E+00   3.57918E+02  2.57787E+00   3.56741E+02  2.60607E+00   3.55640E+02  2.63275E+00   3.54616E+02  2.65777E+00   3.53671E+02  2.68104E+00   3.52804E+02  2.70244E+00   3.52018E+02  2.72189E+00   3.51312E+02  2.73927E+00   3.50687E+02  2.75453E+00   3.50145E+02  2.76757E+00   3.49685E+02  2.77833E+00   3.49307E+02  2.78676E+00   3.49014E+02  2.79281E+00   3.48804E+02  2.79645E+00   3.48678E+02  2.79767E+00   3.48636E+02  2.79645E+00   3.48678E+02  2.79281E+00   3.48804E+02  2.78676E+00   3.49014E+02  2.77833E+00   3.49307E+02  2.76757E+00   3.49685E+02  2.75453E+00   3.50145E+02  2.73927E+00   3.50687E+02  2.72189E+00   3.51312E+02  2.70244E+00   3.52018E+02  2.68104E+00   3.52804E+02  2.65777E+00   3.53671E+02  2.63275E+00   3.54616E+02  2.60607E+00   3.55640E+02  2.57787E+00   3.56741E+02  2.54825E+00   3.57918E+02  2.51733E+00   3.59170E+02  2.48523E+00   4.96105E-01  2.45206E+00   1.89496E+00  2.41796E+00   3.36539E+00  2.38301E+00   4.90636E+00  2.34735E+00   6.51629E+00  2.31107E+00   8.19430E+00  2.27428E+00   9.93872E+00  2.23709E+00   1.17485E+01  2.19958E+00   1.36222E+01  2.16186E+00   1.55584E+01  2.12401E+00   1.75561E+01  2.08610E+00   1.96135E+01  2.04821E+00   2.17295E+01  2.01041E+00   2.39029E+01  1.97277E+00   2.61320E+01  1.93534E+00   2.84158E+01  1.89819E+00   3.07528E+01  1.86135E+00   3.31416E+01  1.82489E+00   3.55812E+01  1.78882E+00   3.80699E+01  1.75320E+00   4.06067E+01  1.71804E+00   4.31903E+01  1.68339E+00   4.58191E+01  1.64926E+00   4.84923E+01 
 1.66606E+00   5.08755E+01  1.69990E+00   4.82236E+01  1.73425E+00   4.56160E+01  1.76906E+00   4.30538E+01  1.80430E+00   4.05384E+01  1.83996E+00   3.80710E+01  1.87599E+00   3.56526E+01  1.91235E+00   3.32847E+01  1.94900E+00   3.09687E+01  1.98588E+00   2.87056E+01  2.02295E+00   2.64970E+01  2.06014E+00   2.43441E+01  2.09740E+00   2.22480E+01  2.13463E+00   2.02104E+01  2.17180E+00   1.82323E+01  2.20879E+00   1.63151E+01  2.24554E+00   1.44604E+01  2.28196E+00   1.26689E+01  2.31794E+00   1.09425E+01  2.35341E+00   9.28213E+00  2.38825E+00   7.68912E+00  2.42236E+00   6.16481E+00  2.45564E+00   4.71020E+00  2.48796E+00   3.32675E+00  2.51923E+00   2.01531E+00  2.54932E+00   7.77293E-01  2.57813E+00   3.59614E+02  2.60555E+00   3.58525E+02  2.63146E+00   3.57513E+02  2.65575E+00   3.56579E+02  2.67833E+00   3.55722E+02  2.69909E+00   3.54945E+02  2.71794E+00   3.54247E+02  2.73480E+00   3.53630E+02  2.74957E+00   3.53094E+02  2.76220E+00   3.52639E+02  2.77262E+00   3.52267E+02  2.78078E+00   3.51977E+02  2.78663E+00   3.51769E+02  2.79016E+00   3.51644E+02  2.79134E+00   3.51603E+02  2.79016E+00   3.51644E+02  2.78663E+00   3.51769E+02  2.78078E+00   3.51977E+02  2.77262E+00   3.52267E+02  2.76220E+00   3.52639E+02  2.74957E+00   3.53094E+02  2.73480E+00   3.53630E+02  2.71794E+00   3.54247E+02  2.69909E+00   3.54945E+02  2.67833E+00   3.55722E+02  2.65575E+00   3.56579E+02  2.63146E+00   3.57513E+02  2.60555E+00   3.58525E+02  2.57814E+00   3.59614E+02  2.54932E+00   7.77282E-01  2.51923E+00   2.01529E+00  2.48796E+00   3.32672E+00  2.45564E+00   4.71018E+00  2.42236E+00   6.16479E+00  2.38825E+00   7.68914E+00  2.35341E+00   9.28213E+00  2.31794E+00   1.09425E+01  2.28196E+00   1.26690E+01  2.24554E+00   1.44604E+01  2.20879E+00   1.63151E+01  2.17180E+00   1.82323E+01  2.13463E+00   2.02103E+01  2.09740E+00   2.22479E+01  2.06014E+00   2.43440E+01  2.02295E+00   2.64970E+01  1.98588E+00   2.87057E+01  1.94900E+00   3.09687E+01  1.91235E+00   3.32847E+01  1.87599E+00   3.56526E+01  1.83996E+00   3.80709E+01  1.80430E+00   4.05384E+01  1.76906E+00   4.30540E+01  1.73425E+00   4.56160E+01  1.69991E+00   4.82235E+01  1.66606E+00   5.08755E+01 
 1.68143E+00   5.33063E+01  1.71496E+00   5.06757E+01  1.74896E+00   4.80897E+01  1.78339E+00   4.55488E+01  1.81823E+00   4.30547E+01  1.85345E+00   4.06086E+01  1.88900E+00   3.82115E+01  1.92486E+00   3.58647E+01  1.96096E+00   3.35695E+01  1.99728E+00   3.13272E+01  2.03374E+00   2.91391E+01  2.07029E+00   2.70065E+01  2.10689E+00   2.49306E+01  2.14343E+00   2.29127E+01  2.17987E+00   2.09542E+01  2.21613E+00   1.90562E+01  2.25210E+00   1.72202E+01  2.28773E+00   1.54472E+01  2.32291E+00   1.37386E+01  2.35754E+00   1.20958E+01  2.39155E+00   1.05197E+01  2.42481E+00   9.01177E+00  2.45725E+00   7.57307E+00  2.48872E+00   6.20479E+00  2.51915E+00   4.90806E+00  2.54843E+00   3.68391E+00  2.57642E+00   2.53344E+00  2.60306E+00   1.45759E+00  2.62821E+00   4.57383E-01  2.65178E+00   3.59534E+02  2.67367E+00   3.58687E+02  2.69380E+00   3.57919E+02  2.71206E+00   3.57230E+02  2.72839E+00   3.56620E+02  2.74269E+00   3.56090E+02  2.75491E+00   3.55641E+02  2.76500E+00   3.55273E+02  2.77289E+00   3.54986E+02  2.77855E+00   3.54781E+02  2.78196E+00   3.54658E+02  2.78310E+00   3.54617E+02  2.78196E+00   3.54658E+02  2.77855E+00   3.54781E+02  2.77289E+00   3.54986E+02  2.76500E+00   3.55273E+02  2.75491E+00   3.55641E+02  2.74269E+00   3.56090E+02  2.72839E+00   3.56620E+02  2.71206E+00   3.57230E+02  2.69380E+00   3.57919E+02  2.67368E+00   3.58687E+02  2.65178E+00   3.59534E+02  2.62821E+00   4.57370E-01  2.60306E+00   1.45759E+00  2.57643E+00   2.53343E+00  2.54843E+00   3.68390E+00  2.51915E+00   4.90806E+00  2.48872E+00   6.20481E+00  2.45724E+00   7.57307E+00  2.42481E+00   9.01179E+00  2.39155E+00   1.05197E+01  2.35754E+00   1.20958E+01  2.32290E+00   1.37386E+01  2.28773E+00   1.54472E+01  2.25210E+00   1.72201E+01  2.21612E+00   1.90562E+01  2.17987E+00   2.09542E+01  2.14343E+00   2.29127E+01  2.10689E+00   2.49307E+01  2.07030E+00   2.70066E+01  2.03374E+00   2.91392E+01  1.99728E+00   3.13273E+01  1.96096E+00   3.35695E+01  1.92486E+00   3.58646E+01  1.88900E+00   3.82114E+01  1.85345E+00   4.06086E+01  1.81823E+00   4.30549E+01  1.78339E+00   4.55489E+01  1.74896E+00   4.80896E+01  1.71496E+00   5.06757E+01  1.68143E+00   5.33063E+01 
 1.69542E+00   5.57833E+01  1.72861E+00   5.31743E+01  1.76223E+00   5.06096E+01  1.79626E+00   4.80905E+01  1.83066E+00   4.56176E+01  1.86541E+00   4.31928E+01  1.90046E+00   4.08170E+01  1.93578E+00   3.84913E+01  1.97133E+00   3.62171E+01  2.00704E+00   3.39957E+01  2.04288E+00   3.18280E+01  2.07878E+00   2.97157E+01  2.11468E+00   2.76599E+01  2.15052E+00   2.56618E+01  2.18621E+00   2.37227E+01  2.22170E+00   2.18439E+01  2.25690E+00   2.00265E+01  2.29171E+00   1.82719E+01  2.32608E+00   1.65813E+01  2.35988E+00   1.49557E+01  2.39304E+00   1.33966E+01  2.42546E+00   1.19050E+01  2.45703E+00   1.04820E+01  2.48768E+00   9.12891E+00  2.51726E+00   7.84661E+00  2.54572E+00   6.63633E+00  2.57291E+00   5.49892E+00  2.59876E+00   4.43548E+00  2.62317E+00   3.44685E+00  2.64602E+00   2.53393E+00  2.66725E+00   1.69752E+00  2.68674E+00   9.38372E-01  2.70443E+00   2.57233E-01  2.72023E+00   3.59655E+02  2.73407E+00   3.59131E+02  2.74589E+00   3.58688E+02  2.75565E+00   3.58324E+02  2.76327E+00   3.58041E+02  2.76875E+00   3.57838E+02  2.77205E+00   3.57717E+02  2.77315E+00   3.57676E+02  2.77205E+00   3.57717E+02  2.76875E+00   3.57838E+02  2.76327E+00   3.58041E+02  2.75565E+00   3.58324E+02  2.74589E+00   3.58688E+02  2.73407E+00   3.59131E+02  2.72023E+00   3.59655E+02  2.70443E+00   2.57235E-01  2.68674E+00   9.38361E-01  2.66725E+00   1.69754E+00  2.64602E+00   2.53391E+00  2.62317E+00   3.44685E+00  2.59876E+00   4.43548E+00  2.57291E+00   5.49892E+00  2.54571E+00   6.63633E+00  2.51726E+00   7.84661E+00  2.48767E+00   9.12891E+00  2.45703E+00   1.04820E+01  2.42546E+00   1.19050E+01  2.39304E+00   1.33966E+01  2.35988E+00   1.49557E+01  2.32608E+00   1.65812E+01  2.29172E+00   1.82718E+01  2.25690E+00   2.00265E+01  2.22170E+00   2.18438E+01  2.18621E+00   2.37227E+01  2.15051E+00   2.56619E+01  2.11468E+00   2.76599E+01  2.07878E+00   2.97158E+01  2.04288E+00   3.18280E+01  2.00704E+00   3.39955E+01  1.97133E+00   3.62171E+01  1.93578E+00   3.84913E+01  1.90046E+00   4.08171E+01  1.86541E+00   4.31930E+01  1.83066E+00   4.56177E+01  1.79626E+00   4.80904E+01  1.76223E+00   5.06096E+01  1.72861E+00   5.31743E+01  1.69542E+00   5.57834E+01 
 1.70810E+00   5.83057E+01  1.74092E+00   5.57183E+01  1.77413E+00   5.31751E+01  1.80772E+00   5.06773E+01  1.84166E+00   4.82261E+01  1.87591E+00   4.58224E+01  1.91044E+00   4.34678E+01  1.94520E+00   4.11634E+01  1.98016E+00   3.89101E+01  2.01526E+00   3.67094E+01  2.05044E+00   3.45624E+01  2.08567E+00   3.24703E+01  2.12086E+00   3.04346E+01  2.15597E+00   2.84561E+01  2.19092E+00   2.65365E+01  2.22563E+00   2.46766E+01  2.26004E+00   2.28779E+01  2.29404E+00   2.11416E+01  2.32758E+00   1.94686E+01  2.36055E+00   1.78606E+01  2.39286E+00   1.63181E+01  2.42444E+00   1.48429E+01  2.45516E+00   1.34355E+01  2.48496E+00   1.20975E+01  2.51372E+00   1.08296E+01  2.54135E+00   9.63301E+00  2.56775E+00   8.50870E+00  2.59283E+00   7.45742E+00  2.61649E+00   6.48035E+00  2.63864E+00   5.57804E+00  2.65920E+00   4.75155E+00  2.67807E+00   4.00135E+00  2.69519E+00   3.32837E+00  2.71048E+00   2.73299E+00  2.72387E+00   2.21593E+00  2.73530E+00   1.77757E+00  2.74473E+00   1.41836E+00  2.75210E+00   1.13862E+00  2.75739E+00   9.38597E-01  2.76058E+00   8.18535E-01  2.76164E+00   7.78476E-01  2.76058E+00   8.18534E-01  2.75740E+00   9.38593E-01  2.75210E+00   1.13862E+00  2.74473E+00   1.41834E+00  2.73530E+00   1.77757E+00  2.72387E+00   2.21592E+00  2.71048E+00   2.73300E+00  2.69519E+00   3.32834E+00  2.67807E+00   4.00137E+00  2.65920E+00   4.75152E+00  2.63864E+00   5.57803E+00  2.61649E+00   6.48034E+00  2.59282E+00   7.45742E+00  2.56775E+00   8.50870E+00  2.54134E+00   9.63301E+00  2.51372E+00   1.08297E+01  2.48496E+00   1.20975E+01  2.45516E+00   1.34356E+01  2.42444E+00   1.48429E+01  2.39286E+00   1.63181E+01  2.36055E+00   1.78606E+01  2.32758E+00   1.94686E+01  2.29404E+00   2.11416E+01  2.26003E+00   2.28779E+01  2.22563E+00   2.46766E+01  2.19092E+00   2.65365E+01  2.15597E+00   2.84561E+01  2.12087E+00   3.04345E+01  2.08567E+00   3.24703E+01  2.05045E+00   3.45623E+01  2.01526E+00   3.67094E+01  1.98016E+00   3.89101E+01  1.94520E+00   4.11634E+01  1.91044E+00   4.34680E+01  1.87591E+00   4.58224E+01  1.84166E+00   4.82260E+01  1.80773E+00   5.06772E+01  1.77413E+00   5.31751E+01  1.74091E+00   5.57184E+01  1.70810E+00   5.83057E+01 
 1.71950E+00   6.08722E+01  1.75192E+00   5.83064E+01  1.78471E+00   5.57848E+01  1.81785E+00   5.33084E+01  1.85130E+00   5.08787E+01  1.88503E+00   4.84965E+01  1.91901E+00   4.61629E+01  1.95320E+00   4.38795E+01  1.98755E+00   4.16472E+01  2.02201E+00   3.94671E+01  2.05654E+00   3.73407E+01  2.09107E+00   3.52689E+01  2.12555E+00   3.32531E+01  2.15992E+00   3.12944E+01  2.19410E+00   2.93940E+01  2.22803E+00   2.75532E+01  2.26163E+00   2.57730E+01  2.29482E+00   2.40548E+01  2.32753E+00   2.23996E+01  2.35966E+00   2.08087E+01  2.39114E+00   1.92830E+01  2.42186E+00   1.78238E+01  2.45175E+00   1.64322E+01  2.48071E+00   1.51089E+01  2.50865E+00   1.38555E+01  2.53547E+00   1.26724E+01  2.56108E+00   1.15610E+01  2.58540E+00   1.05219E+01  2.60833E+00   9.55621E+00  2.62979E+00   8.66457E+00  2.64969E+00   7.84776E+00  2.66796E+00   7.10659E+00  2.68452E+00   6.44152E+00  2.69930E+00   5.85342E+00  2.71224E+00   5.34248E+00  2.72330E+00   4.90952E+00  2.73240E+00   4.55457E+00  2.73953E+00   4.27832E+00  2.74464E+00   4.08067E+00  2.74772E+00   3.96213E+00  2.74874E+00   3.92250E+00  2.74772E+00   3.96213E+00  2.74464E+00   4.08067E+00  2.73953E+00   4.27831E+00  2.73240E+00   4.55458E+00  2.72330E+00   4.90951E+00  2.71224E+00   5.34249E+00  2.69930E+00   5.85342E+00  2.68452E+00   6.44152E+00  2.66796E+00   7.10661E+00  2.64969E+00   7.84775E+00  2.62979E+00   8.66460E+00  2.60833E+00   9.55621E+00  2.58540E+00   1.05220E+01  2.56108E+00   1.15610E+01  2.53547E+00   1.26724E+01  2.50865E+00   1.38555E+01  2.48071E+00   1.51089E+01  2.45176E+00   1.64322E+01  2.42186E+00   1.78237E+01  2.39114E+00   1.92830E+01  2.35966E+00   2.08087E+01  2.32753E+00   2.23996E+01  2.29482E+00   2.40549E+01  2.26163E+00   2.57730E+01  2.22803E+00   2.75532E+01  2.19410E+00   2.93939E+01  2.15992E+00   3.12943E+01  2.12556E+00   3.32531E+01  2.09107E+00   3.52688E+01  2.05654E+00   3.73408E+01  2.02201E+00   3.94673E+01  1.98755E+00   4.16472E+01  1.95320E+00   4.38796E+01  1.91901E+00   4.61629E+01  1.88503E+00   4.84963E+01  1.85130E+00   5.08786E+01  1.81785E+00   5.33085E+01  1.78471E+00   5.57849E+01  1.75192E+00   5.83064E+01  1.71950E+00   6.08721E+01 
