/rn,a,b/nx0/ls1
/r,qa,qb
81 -0.4 0.4 0 OUTPUT_AMP_PHASE_3D Wavelength=0.8
81 -0.4 0.4
 1.08008E+00   2.54463E+02  1.09731E+00   2.51873E+02  1.11466E+00   2.49329E+02  1.13210E+00   2.46832E+02  1.14963E+00   2.44384E+02  1.16721E+00   2.41985E+02  1.18483E+00   2.39636E+02  1.20247E+00   2.37340E+02  1.22010E+00   2.35095E+02  1.23771E+00   2.32905E+02  1.25525E+00   2.30770E+02  1.27271E+00   2.28691E+02  1.29006E+00   2.26669E+02  1.30726E+00   2.24705E+02  1.32428E+00   2.22801E+02  1.34109E+00   2.20957E+02  1.35766E+00   2.19175E+02  1.37395E+00   2.17456E+02  1.38993E+00   2.15801E+02  1.40555E+00   2.14210E+02  1.42079E+00   2.12686E+02  1.43559E+00   2.11229E+02  1.44993E+00   2.09840E+02  1.46377E+00   2.08519E+02  1.47706E+00   2.07269E+02  1.48978E+00   2.06090E+02  1.50187E+00   2.04982E+02  1.51332E+00   2.03946E+02  1.52408E+00   2.02985E+02  1.53411E+00   2.02097E+02  1.54339E+00   2.01284E+02  1.55189E+00   2.00546E+02  1.55957E+00   1.99884E+02  1.56641E+00   1.99299E+02  1.57240E+00   1.98791E+02  1.57749E+00   1.98360E+02  1.58169E+00   1.98008E+02  1.58497E+00   1.97733E+02  1.58732E+00   1.97536E+02  1.58873E+00   1.97418E+02  1.58920E+00   1.97379E+02  1.58873E+00   1.97418E+02  1.58732E+00   1.97536E+02  1.58497E+00   1.97733E+02  1.58169E+00   1.98008E+02  1.57749E+00   1.98360E+02  1.57240E+00   1.98791E+02  1.56641E+00   1.99299E+02  1.55957E+00   1.99884E+02  1.55189E+00   2.00546E+02  1.54339E+00   2.01284E+02  1.53411E+00   2.02097E+02  1.52408E+00   2.02985E+02  1.51332E+00   2.03946E+02  1.50187E+00   2.04982E+02  1.48978E+00   2.06090E+02  1.47706E+00   2.07269E+02  1.46377E+00   2.08519E+02  1.44993E+00   2.09840E+02  1.43559E+00   2.11229E+02  1.42079E+00   2.12686E+02  1.40555E+00   2.14210E+02  1.38993E+00   2.15801E+02  1.37395E+00   2.17456E+02  1.35766E+00   2.19175E+02  1.34109E+00   2.20957E+02  1.32428E+00   2.22801E+02  1.30726E+00   2.24705E+02  1.29006E+00   2.26669E+02  1.27271E+00   2.28691E+02  1.25525E+00   2.30770E+02  1.23771E+00   2.32905E+02  1.22010E+00   2.35095E+02  1.20247E+00   2.37340E+02  1.18483E+00   2.39636E+02  1.16721E+00   2.41985E+02  1.14963E+00   2.44384E+02  1.13210E+00   2.46832E+02  1.11466E+00   2.49329E+02  1.09731E+00   2.51873E+02  1.08007E+00   2.54463E+02 
 1.06986E+00   2.51872E+02  1.08722E+00   2.49261E+02  1.10470E+00   2.46697E+02  1.12230E+00   2.44180E+02  1.13998E+00   2.41712E+02  1.15773E+00   2.39293E+02  1.17553E+00   2.36925E+02  1.19336E+00   2.34609E+02  1.21119E+00   2.32345E+02  1.22901E+00   2.30136E+02  1.24677E+00   2.27981E+02  1.26445E+00   2.25883E+02  1.28203E+00   2.23843E+02  1.29947E+00   2.21861E+02  1.31675E+00   2.19939E+02  1.33381E+00   2.18078E+02  1.35064E+00   2.16278E+02  1.36720E+00   2.14543E+02  1.38344E+00   2.12871E+02  1.39933E+00   2.11265E+02  1.41484E+00   2.09725E+02  1.42991E+00   2.08253E+02  1.44452E+00   2.06850E+02  1.45862E+00   2.05516E+02  1.47218E+00   2.04252E+02  1.48515E+00   2.03060E+02  1.49749E+00   2.01940E+02  1.50918E+00   2.00894E+02  1.52016E+00   1.99922E+02  1.53041E+00   1.99024E+02  1.53990E+00   1.98202E+02  1.54858E+00   1.97456E+02  1.55643E+00   1.96787E+02  1.56343E+00   1.96196E+02  1.56955E+00   1.95682E+02  1.57477E+00   1.95247E+02  1.57906E+00   1.94890E+02  1.58241E+00   1.94612E+02  1.58482E+00   1.94413E+02  1.58627E+00   1.94294E+02  1.58675E+00   1.94254E+02  1.58627E+00   1.94294E+02  1.58482E+00   1.94413E+02  1.58241E+00   1.94612E+02  1.57906E+00   1.94890E+02  1.57477E+00   1.95247E+02  1.56955E+00   1.95682E+02  1.56343E+00   1.96196E+02  1.55644E+00   1.96787E+02  1.54858E+00   1.97456E+02  1.53990E+00   1.98202E+02  1.53041E+00   1.99024E+02  1.52016E+00   1.99922E+02  1.50918E+00   2.00894E+02  1.49749E+00   2.01940E+02  1.48515E+00   2.03060E+02  1.47218E+00   2.04252E+02  1.45862E+00   2.05516E+02  1.44452E+00   2.06850E+02  1.42991E+00   2.08253E+02  1.41484E+00   2.09725E+02  1.39933E+00   2.11265E+02  1.38344E+00   2.12871E+02  1.36720E+00   2.14543E+02  1.35065E+00   2.16278E+02  1.33382E+00   2.18078E+02  1.31675E+00   2.19939E+02  1.29947E+00   2.21861E+02  1.28203E+00   2.23843E+02  1.26445E+00   2.25883E+02  1.24677E+00   2.27981E+02  1.22901E+00   2.30135E+02  1.21119E+00   2.32345E+02  1.19336E+00   2.34609E+02  1.17553E+00   2.36925E+02  1.15773E+00   2.39293E+02  1.13998E+00   2.41712E+02  1.12230E+00   2.44180E+02  1.10471E+00   2.46697E+02  1.08722E+00   2.49261E+02  1.06986E+00   2.51871E+02 
 1.05889E+00   2.49326E+02  1.07636E+00   2.46696E+02  1.09397E+00   2.44112E+02  1.11169E+00   2.41575E+02  1.12951E+00   2.39087E+02  1.14742E+00   2.36648E+02  1.16539E+00   2.34260E+02  1.18339E+00   2.31924E+02  1.20141E+00   2.29641E+02  1.21941E+00   2.27412E+02  1.23738E+00   2.25239E+02  1.25528E+00   2.23122E+02  1.27308E+00   2.21063E+02  1.29075E+00   2.19063E+02  1.30826E+00   2.17123E+02  1.32557E+00   2.15244E+02  1.34265E+00   2.13428E+02  1.35946E+00   2.11675E+02  1.37596E+00   2.09987E+02  1.39211E+00   2.08365E+02  1.40788E+00   2.06810E+02  1.42322E+00   2.05323E+02  1.43808E+00   2.03905E+02  1.45245E+00   2.02557E+02  1.46626E+00   2.01281E+02  1.47947E+00   2.00076E+02  1.49206E+00   1.98945E+02  1.50398E+00   1.97887E+02  1.51519E+00   1.96904E+02  1.52565E+00   1.95997E+02  1.53533E+00   1.95166E+02  1.54420E+00   1.94412E+02  1.55223E+00   1.93736E+02  1.55938E+00   1.93138E+02  1.56563E+00   1.92618E+02  1.57096E+00   1.92178E+02  1.57535E+00   1.91817E+02  1.57878E+00   1.91536E+02  1.58124E+00   1.91335E+02  1.58272E+00   1.91215E+02  1.58322E+00   1.91174E+02  1.58272E+00   1.91215E+02  1.58124E+00   1.91335E+02  1.57878E+00   1.91536E+02  1.57535E+00   1.91817E+02  1.57096E+00   1.92178E+02  1.56563E+00   1.92618E+02  1.55938E+00   1.93138E+02  1.55223E+00   1.93736E+02  1.54420E+00   1.94412E+02  1.53534E+00   1.95166E+02  1.52565E+00   1.95997E+02  1.51519E+00   1.96904E+02  1.50398E+00   1.97887E+02  1.49206E+00   1.98945E+02  1.47947E+00   2.00076E+02  1.46626E+00   2.01281E+02  1.45244E+00   2.02557E+02  1.43808E+00   2.03905E+02  1.42321E+00   2.05323E+02  1.40787E+00   2.06810E+02  1.39211E+00   2.08365E+02  1.37596E+00   2.09987E+02  1.35946E+00   2.11675E+02  1.34265E+00   2.13428E+02  1.32557E+00   2.15244E+02  1.30826E+00   2.17123E+02  1.29075E+00   2.19063E+02  1.27308E+00   2.21063E+02  1.25528E+00   2.23122E+02  1.23738E+00   2.25239E+02  1.21941E+00   2.27412E+02  1.20141E+00   2.29641E+02  1.18339E+00   2.31924E+02  1.16539E+00   2.34260E+02  1.14742E+00   2.36648E+02  1.12951E+00   2.39087E+02  1.11169E+00   2.41575E+02  1.09397E+00   2.44112E+02  1.07636E+00   2.46696E+02  1.05889E+00   2.49326E+02 
 1.04714E+00   2.46828E+02  1.06471E+00   2.44178E+02  1.08242E+00   2.41574E+02  1.10026E+00   2.39017E+02  1.11821E+00   2.36509E+02  1.13625E+00   2.34050E+02  1.15436E+00   2.31642E+02  1.17252E+00   2.29287E+02  1.19071E+00   2.26984E+02  1.20889E+00   2.24736E+02  1.22705E+00   2.22544E+02  1.24515E+00   2.20408E+02  1.26315E+00   2.18331E+02  1.28104E+00   2.16312E+02  1.29877E+00   2.14354E+02  1.31631E+00   2.12458E+02  1.33363E+00   2.10624E+02  1.35068E+00   2.08855E+02  1.36743E+00   2.07151E+02  1.38383E+00   2.05513E+02  1.39985E+00   2.03942E+02  1.41544E+00   2.02440E+02  1.43056E+00   2.01008E+02  1.44517E+00   1.99646E+02  1.45923E+00   1.98356E+02  1.47269E+00   1.97139E+02  1.48552E+00   1.95996E+02  1.49766E+00   1.94927E+02  1.50909E+00   1.93933E+02  1.51976E+00   1.93016E+02  1.52964E+00   1.92176E+02  1.53869E+00   1.91414E+02  1.54688E+00   1.90730E+02  1.55419E+00   1.90126E+02  1.56057E+00   1.89600E+02  1.56602E+00   1.89155E+02  1.57050E+00   1.88790E+02  1.57401E+00   1.88506E+02  1.57652E+00   1.88303E+02  1.57803E+00   1.88181E+02  1.57854E+00   1.88141E+02  1.57803E+00   1.88181E+02  1.57652E+00   1.88303E+02  1.57401E+00   1.88506E+02  1.57050E+00   1.88790E+02  1.56602E+00   1.89155E+02  1.56057E+00   1.89600E+02  1.55419E+00   1.90126E+02  1.54689E+00   1.90730E+02  1.53869E+00   1.91414E+02  1.52964E+00   1.92176E+02  1.51976E+00   1.93016E+02  1.50909E+00   1.93933E+02  1.49766E+00   1.94927E+02  1.48552E+00   1.95996E+02  1.47269E+00   1.97139E+02  1.45923E+00   1.98356E+02  1.44517E+00   1.99646E+02  1.43056E+00   2.01008E+02  1.41544E+00   2.02440E+02  1.39985E+00   2.03942E+02  1.38383E+00   2.05513E+02  1.36743E+00   2.07151E+02  1.35068E+00   2.08855E+02  1.33363E+00   2.10624E+02  1.31631E+00   2.12458E+02  1.29877E+00   2.14354E+02  1.28104E+00   2.16312E+02  1.26315E+00   2.18331E+02  1.24515E+00   2.20408E+02  1.22705E+00   2.22544E+02  1.20889E+00   2.24736E+02  1.19071E+00   2.26984E+02  1.17252E+00   2.29287E+02  1.15436E+00   2.31642E+02  1.13625E+00   2.34050E+02  1.11821E+00   2.36509E+02  1.10026E+00   2.39017E+02  1.08242E+00   2.41574E+02  1.06471E+00   2.44178E+02  1.04714E+00   2.46828E+02 
 1.03459E+00   2.44379E+02  1.05224E+00   2.41708E+02  1.07003E+00   2.39084E+02  1.08797E+00   2.36507E+02  1.10603E+00   2.33979E+02  1.12419E+00   2.31501E+02  1.14243E+00   2.29074E+02  1.16073E+00   2.26698E+02  1.17907E+00   2.24377E+02  1.19741E+00   2.22109E+02  1.21574E+00   2.19898E+02  1.23401E+00   2.17743E+02  1.25221E+00   2.15647E+02  1.27030E+00   2.13611E+02  1.28824E+00   2.11635E+02  1.30600E+00   2.09721E+02  1.32354E+00   2.07870E+02  1.34082E+00   2.06084E+02  1.35780E+00   2.04363E+02  1.37444E+00   2.02709E+02  1.39070E+00   2.01123E+02  1.40653E+00   1.99606E+02  1.42189E+00   1.98159E+02  1.43674E+00   1.96783E+02  1.45104E+00   1.95480E+02  1.46474E+00   1.94250E+02  1.47779E+00   1.93095E+02  1.49016E+00   1.92015E+02  1.50180E+00   1.91011E+02  1.51267E+00   1.90084E+02  1.52274E+00   1.89235E+02  1.53197E+00   1.88464E+02  1.54033E+00   1.87773E+02  1.54778E+00   1.87162E+02  1.55429E+00   1.86631E+02  1.55985E+00   1.86181E+02  1.56443E+00   1.85812E+02  1.56800E+00   1.85525E+02  1.57057E+00   1.85319E+02  1.57211E+00   1.85196E+02  1.57263E+00   1.85155E+02  1.57211E+00   1.85196E+02  1.57057E+00   1.85319E+02  1.56800E+00   1.85525E+02  1.56443E+00   1.85812E+02  1.55985E+00   1.86181E+02  1.55429E+00   1.86631E+02  1.54778E+00   1.87162E+02  1.54033E+00   1.87773E+02  1.53197E+00   1.88464E+02  1.52274E+00   1.89235E+02  1.51267E+00   1.90084E+02  1.50180E+00   1.91011E+02  1.49016E+00   1.92015E+02  1.47779E+00   1.93095E+02  1.46474E+00   1.94250E+02  1.45104E+00   1.95480E+02  1.43675E+00   1.96783E+02  1.42189E+00   1.98159E+02  1.40653E+00   1.99606E+02  1.39070E+00   2.01123E+02  1.37444E+00   2.02709E+02  1.35780E+00   2.04363E+02  1.34082E+00   2.06084E+02  1.32354E+00   2.07870E+02  1.30600E+00   2.09721E+02  1.28824E+00   2.11635E+02  1.27030E+00   2.13611E+02  1.25221E+00   2.15647E+02  1.23401E+00   2.17743E+02  1.21574E+00   2.19898E+02  1.19741E+00   2.22109E+02  1.17907E+00   2.24377E+02  1.16073E+00   2.26698E+02  1.14243E+00   2.29074E+02  1.12418E+00   2.31501E+02  1.10602E+00   2.33979E+02  1.08797E+00   2.36507E+02  1.07003E+00   2.39084E+02  1.05223E+00   2.41708E+02  1.03459E+00   2.44379E+02 
 1.02122E+00   2.41978E+02  1.03892E+00   2.39288E+02  1.05678E+00   2.36644E+02  1.07480E+00   2.34048E+02  1.09294E+00   2.31500E+02  1.11120E+00   2.29002E+02  1.12955E+00   2.26555E+02  1.14797E+00   2.24160E+02  1.16644E+00   2.21819E+02  1.18492E+00   2.19532E+02  1.20340E+00   2.17302E+02  1.22184E+00   2.15129E+02  1.24022E+00   2.13014E+02  1.25849E+00   2.10959E+02  1.27662E+00   2.08965E+02  1.29458E+00   2.07034E+02  1.31232E+00   2.05166E+02  1.32981E+00   2.03362E+02  1.34701E+00   2.01625E+02  1.36387E+00   1.99955E+02  1.38036E+00   1.98353E+02  1.39642E+00   1.96821E+02  1.41202E+00   1.95360E+02  1.42710E+00   1.93970E+02  1.44162E+00   1.92654E+02  1.45554E+00   1.91411E+02  1.46882E+00   1.90244E+02  1.48140E+00   1.89153E+02  1.49324E+00   1.88138E+02  1.50431E+00   1.87201E+02  1.51457E+00   1.86343E+02  1.52397E+00   1.85564E+02  1.53248E+00   1.84865E+02  1.54007E+00   1.84247E+02  1.54671E+00   1.83711E+02  1.55238E+00   1.83255E+02  1.55704E+00   1.82882E+02  1.56069E+00   1.82592E+02  1.56331E+00   1.82384E+02  1.56489E+00   1.82260E+02  1.56541E+00   1.82218E+02  1.56489E+00   1.82260E+02  1.56331E+00   1.82384E+02  1.56069E+00   1.82592E+02  1.55704E+00   1.82882E+02  1.55238E+00   1.83255E+02  1.54671E+00   1.83711E+02  1.54007E+00   1.84247E+02  1.53248E+00   1.84865E+02  1.52397E+00   1.85564E+02  1.51456E+00   1.86343E+02  1.50431E+00   1.87201E+02  1.49324E+00   1.88138E+02  1.48140E+00   1.89153E+02  1.46882E+00   1.90244E+02  1.45554E+00   1.91411E+02  1.44162E+00   1.92654E+02  1.42710E+00   1.93970E+02  1.41202E+00   1.95360E+02  1.39642E+00   1.96821E+02  1.38036E+00   1.98353E+02  1.36387E+00   1.99955E+02  1.34701E+00   2.01625E+02  1.32981E+00   2.03362E+02  1.31232E+00   2.05166E+02  1.29457E+00   2.07034E+02  1.27662E+00   2.08965E+02  1.25849E+00   2.10959E+02  1.24022E+00   2.13014E+02  1.22185E+00   2.15129E+02  1.20340E+00   2.17302E+02  1.18492E+00   2.19532E+02  1.16644E+00   2.21819E+02  1.14797E+00   2.24160E+02  1.12955E+00   2.26555E+02  1.11120E+00   2.29002E+02  1.09294E+00   2.31500E+02  1.07479E+00   2.34047E+02  1.05678E+00   2.36644E+02  1.03892E+00   2.39288E+02  1.02122E+00   2.41978E+02 
 1.00701E+00   2.39629E+02  1.02474E+00   2.36919E+02  1.04264E+00   2.34255E+02  1.06071E+00   2.31638E+02  1.07893E+00   2.29071E+02  1.09726E+00   2.26553E+02  1.11570E+00   2.24087E+02  1.13422E+00   2.21673E+02  1.15279E+00   2.19312E+02  1.17140E+00   2.17007E+02  1.19001E+00   2.14757E+02  1.20860E+00   2.12565E+02  1.22712E+00   2.10432E+02  1.24555E+00   2.08359E+02  1.26385E+00   2.06347E+02  1.28199E+00   2.04398E+02  1.29992E+00   2.02513E+02  1.31761E+00   2.00692E+02  1.33501E+00   1.98939E+02  1.35208E+00   1.97253E+02  1.36878E+00   1.95635E+02  1.38506E+00   1.94088E+02  1.40087E+00   1.92612E+02  1.41617E+00   1.91209E+02  1.43091E+00   1.89879E+02  1.44504E+00   1.88624E+02  1.45852E+00   1.87444E+02  1.47130E+00   1.86342E+02  1.48334E+00   1.85316E+02  1.49460E+00   1.84370E+02  1.50503E+00   1.83502E+02  1.51460E+00   1.82715E+02  1.52326E+00   1.82009E+02  1.53099E+00   1.81384E+02  1.53775E+00   1.80841E+02  1.54353E+00   1.80381E+02  1.54828E+00   1.80004E+02  1.55200E+00   1.79711E+02  1.55467E+00   1.79501E+02  1.55627E+00   1.79375E+02  1.55681E+00   1.79333E+02  1.55627E+00   1.79375E+02  1.55467E+00   1.79501E+02  1.55200E+00   1.79711E+02  1.54828E+00   1.80004E+02  1.54353E+00   1.80381E+02  1.53775E+00   1.80841E+02  1.53099E+00   1.81384E+02  1.52326E+00   1.82009E+02  1.51460E+00   1.82715E+02  1.50503E+00   1.83502E+02  1.49460E+00   1.84370E+02  1.48334E+00   1.85316E+02  1.47130E+00   1.86342E+02  1.45852E+00   1.87444E+02  1.44504E+00   1.88624E+02  1.43090E+00   1.89879E+02  1.41617E+00   1.91209E+02  1.40087E+00   1.92612E+02  1.38506E+00   1.94088E+02  1.36878E+00   1.95635E+02  1.35209E+00   1.97253E+02  1.33501E+00   1.98939E+02  1.31761E+00   2.00692E+02  1.29992E+00   2.02513E+02  1.28199E+00   2.04398E+02  1.26385E+00   2.06347E+02  1.24555E+00   2.08359E+02  1.22712E+00   2.10432E+02  1.20860E+00   2.12565E+02  1.19002E+00   2.14757E+02  1.17140E+00   2.17007E+02  1.15280E+00   2.19312E+02  1.13422E+00   2.21673E+02  1.11570E+00   2.24087E+02  1.09726E+00   2.26553E+02  1.07893E+00   2.29071E+02  1.06071E+00   2.31638E+02  1.04265E+00   2.34255E+02  1.02474E+00   2.36918E+02  1.00700E+00   2.39629E+02 
 9.91924E-01   2.37331E+02  1.00967E+00   2.34601E+02  1.02760E+00   2.31917E+02  1.04570E+00   2.29281E+02  1.06395E+00   2.26694E+02  1.08234E+00   2.24157E+02  1.10084E+00   2.21671E+02  1.11944E+00   2.19238E+02  1.13810E+00   2.16858E+02  1.15681E+00   2.14534E+02  1.17552E+00   2.12265E+02  1.19423E+00   2.10055E+02  1.21288E+00   2.07903E+02  1.23145E+00   2.05812E+02  1.24990E+00   2.03782E+02  1.26820E+00   2.01815E+02  1.28630E+00   1.99913E+02  1.30416E+00   1.98076E+02  1.32175E+00   1.96306E+02  1.33901E+00   1.94603E+02  1.35590E+00   1.92971E+02  1.37237E+00   1.91408E+02  1.38838E+00   1.89918E+02  1.40388E+00   1.88501E+02  1.41882E+00   1.87157E+02  1.43315E+00   1.85889E+02  1.44683E+00   1.84698E+02  1.45980E+00   1.83584E+02  1.47203E+00   1.82548E+02  1.48346E+00   1.81591E+02  1.49406E+00   1.80715E+02  1.50379E+00   1.79919E+02  1.51260E+00   1.79205E+02  1.52046E+00   1.78574E+02  1.52734E+00   1.78025E+02  1.53321E+00   1.77560E+02  1.53805E+00   1.77179E+02  1.54183E+00   1.76882E+02  1.54455E+00   1.76670E+02  1.54618E+00   1.76542E+02  1.54673E+00   1.76500E+02  1.54618E+00   1.76542E+02  1.54455E+00   1.76670E+02  1.54183E+00   1.76882E+02  1.53805E+00   1.77179E+02  1.53321E+00   1.77560E+02  1.52734E+00   1.78025E+02  1.52046E+00   1.78574E+02  1.51260E+00   1.79205E+02  1.50379E+00   1.79919E+02  1.49406E+00   1.80715E+02  1.48346E+00   1.81591E+02  1.47203E+00   1.82548E+02  1.45980E+00   1.83584E+02  1.44683E+00   1.84698E+02  1.43315E+00   1.85890E+02  1.41882E+00   1.87157E+02  1.40388E+00   1.88501E+02  1.38838E+00   1.89918E+02  1.37237E+00   1.91408E+02  1.35590E+00   1.92971E+02  1.33901E+00   1.94603E+02  1.32175E+00   1.96306E+02  1.30417E+00   1.98076E+02  1.28630E+00   1.99913E+02  1.26820E+00   2.01815E+02  1.24990E+00   2.03782E+02  1.23145E+00   2.05812E+02  1.21288E+00   2.07903E+02  1.19423E+00   2.10055E+02  1.17553E+00   2.12266E+02  1.15681E+00   2.14534E+02  1.13810E+00   2.16858E+02  1.11944E+00   2.19238E+02  1.10084E+00   2.21671E+02  1.08234E+00   2.24157E+02  1.06395E+00   2.26694E+02  1.04570E+00   2.29281E+02  1.02760E+00   2.31917E+02  1.00967E+00   2.34601E+02  9.91922E-01   2.37330E+02 
 9.75955E-01   2.35085E+02  9.93685E-01   2.32336E+02  1.01161E+00   2.29633E+02  1.02972E+00   2.26978E+02  1.04799E+00   2.24371E+02  1.06641E+00   2.21815E+02  1.08495E+00   2.19309E+02  1.10359E+00   2.16857E+02  1.12232E+00   2.14458E+02  1.14110E+00   2.12115E+02  1.15990E+00   2.09828E+02  1.17870E+00   2.07599E+02  1.19746E+00   2.05429E+02  1.21614E+00   2.03319E+02  1.23472E+00   2.01272E+02  1.25315E+00   1.99287E+02  1.27140E+00   1.97367E+02  1.28942E+00   1.95514E+02  1.30716E+00   1.93727E+02  1.32459E+00   1.92009E+02  1.34165E+00   1.90360E+02  1.35830E+00   1.88783E+02  1.37449E+00   1.87278E+02  1.39018E+00   1.85847E+02  1.40530E+00   1.84490E+02  1.41981E+00   1.83210E+02  1.43367E+00   1.82006E+02  1.44682E+00   1.80880E+02  1.45922E+00   1.79834E+02  1.47082E+00   1.78867E+02  1.48158E+00   1.77981E+02  1.49145E+00   1.77177E+02  1.50040E+00   1.76456E+02  1.50838E+00   1.75818E+02  1.51537E+00   1.75263E+02  1.52134E+00   1.74793E+02  1.52625E+00   1.74408E+02  1.53010E+00   1.74108E+02  1.53286E+00   1.73893E+02  1.53452E+00   1.73764E+02  1.53508E+00   1.73721E+02  1.53452E+00   1.73764E+02  1.53286E+00   1.73893E+02  1.53010E+00   1.74108E+02  1.52625E+00   1.74408E+02  1.52134E+00   1.74793E+02  1.51537E+00   1.75263E+02  1.50838E+00   1.75818E+02  1.50040E+00   1.76456E+02  1.49145E+00   1.77177E+02  1.48158E+00   1.77981E+02  1.47082E+00   1.78867E+02  1.45922E+00   1.79834E+02  1.44682E+00   1.80880E+02  1.43367E+00   1.82006E+02  1.41981E+00   1.83210E+02  1.40530E+00   1.84490E+02  1.39017E+00   1.85847E+02  1.37449E+00   1.87278E+02  1.35830E+00   1.88783E+02  1.34165E+00   1.90360E+02  1.32459E+00   1.92009E+02  1.30716E+00   1.93727E+02  1.28942E+00   1.95514E+02  1.27140E+00   1.97367E+02  1.25316E+00   1.99287E+02  1.23472E+00   2.01272E+02  1.21614E+00   2.03319E+02  1.19745E+00   2.05429E+02  1.17869E+00   2.07599E+02  1.15990E+00   2.09828E+02  1.14110E+00   2.12115E+02  1.12232E+00   2.14458E+02  1.10360E+00   2.16857E+02  1.08495E+00   2.19309E+02  1.06641E+00   2.21815E+02  1.04799E+00   2.24371E+02  1.02972E+00   2.26978E+02  1.01161E+00   2.29633E+02  9.93686E-01   2.32336E+02  9.75955E-01   2.35085E+02 
 9.59081E-01   2.32893E+02  9.76772E-01   2.30125E+02  9.94670E-01   2.27403E+02  1.01276E+00   2.24728E+02  1.03102E+00   2.22102E+02  1.04944E+00   2.19527E+02  1.06799E+00   2.17003E+02  1.08666E+00   2.14531E+02  1.10542E+00   2.12113E+02  1.12424E+00   2.09751E+02  1.14310E+00   2.07445E+02  1.16197E+00   2.05198E+02  1.18080E+00   2.03010E+02  1.19958E+00   2.00882E+02  1.21826E+00   1.98817E+02  1.23680E+00   1.96815E+02  1.25517E+00   1.94878E+02  1.27332E+00   1.93007E+02  1.29120E+00   1.91204E+02  1.30877E+00   1.89470E+02  1.32598E+00   1.87807E+02  1.34279E+00   1.86214E+02  1.35914E+00   1.84695E+02  1.37499E+00   1.83250E+02  1.39027E+00   1.81880E+02  1.40495E+00   1.80586E+02  1.41898E+00   1.79370E+02  1.43229E+00   1.78233E+02  1.44485E+00   1.77176E+02  1.45660E+00   1.76199E+02  1.46750E+00   1.75304E+02  1.47751E+00   1.74492E+02  1.48658E+00   1.73763E+02  1.49468E+00   1.73118E+02  1.50177E+00   1.72558E+02  1.50783E+00   1.72083E+02  1.51282E+00   1.71693E+02  1.51672E+00   1.71390E+02  1.51952E+00   1.71173E+02  1.52121E+00   1.71043E+02  1.52177E+00   1.70999E+02  1.52121E+00   1.71043E+02  1.51952E+00   1.71173E+02  1.51672E+00   1.71390E+02  1.51282E+00   1.71693E+02  1.50782E+00   1.72083E+02  1.50177E+00   1.72558E+02  1.49468E+00   1.73118E+02  1.48658E+00   1.73763E+02  1.47751E+00   1.74492E+02  1.46750E+00   1.75304E+02  1.45660E+00   1.76199E+02  1.44485E+00   1.77176E+02  1.43229E+00   1.78233E+02  1.41898E+00   1.79370E+02  1.40495E+00   1.80586E+02  1.39027E+00   1.81880E+02  1.37498E+00   1.83250E+02  1.35914E+00   1.84695E+02  1.34279E+00   1.86214E+02  1.32598E+00   1.87807E+02  1.30877E+00   1.89470E+02  1.29120E+00   1.91204E+02  1.27332E+00   1.93007E+02  1.25517E+00   1.94878E+02  1.23680E+00   1.96815E+02  1.21826E+00   1.98817E+02  1.19958E+00   2.00882E+02  1.18080E+00   2.03010E+02  1.16197E+00   2.05198E+02  1.14310E+00   2.07445E+02  1.12424E+00   2.09751E+02  1.10542E+00   2.12113E+02  1.08666E+00   2.14531E+02  1.06799E+00   2.17002E+02  1.04944E+00   2.19527E+02  1.03102E+00   2.22103E+02  1.01276E+00   2.24728E+02  9.94669E-01   2.27403E+02  9.76773E-01   2.30125E+02  9.59082E-01   2.32893E+02 
 9.41285E-01   2.30757E+02  9.58911E-01   2.27969E+02  9.76752E-01   2.25228E+02  9.94790E-01   2.22534E+02  1.01301E+00   2.19890E+02  1.03141E+00   2.17295E+02  1.04994E+00   2.14752E+02  1.06861E+00   2.12261E+02  1.08737E+00   2.09825E+02  1.10621E+00   2.07444E+02  1.12510E+00   2.05120E+02  1.14400E+00   2.02854E+02  1.16289E+00   2.00648E+02  1.18173E+00   1.98502E+02  1.20048E+00   1.96419E+02  1.21910E+00   1.94400E+02  1.23756E+00   1.92446E+02  1.25581E+00   1.90559E+02  1.27380E+00   1.88740E+02  1.29149E+00   1.86990E+02  1.30883E+00   1.85310E+02  1.32577E+00   1.83703E+02  1.34225E+00   1.82169E+02  1.35824E+00   1.80710E+02  1.37367E+00   1.79327E+02  1.38850E+00   1.78021E+02  1.40267E+00   1.76793E+02  1.41613E+00   1.75644E+02  1.42882E+00   1.74576E+02  1.44071E+00   1.73590E+02  1.45174E+00   1.72686E+02  1.46187E+00   1.71865E+02  1.47106E+00   1.71128E+02  1.47926E+00   1.70477E+02  1.48645E+00   1.69910E+02  1.49258E+00   1.69430E+02  1.49764E+00   1.69037E+02  1.50160E+00   1.68730E+02  1.50444E+00   1.68511E+02  1.50615E+00   1.68379E+02  1.50672E+00   1.68335E+02  1.50615E+00   1.68379E+02  1.50444E+00   1.68511E+02  1.50160E+00   1.68730E+02  1.49764E+00   1.69037E+02  1.49258E+00   1.69430E+02  1.48645E+00   1.69910E+02  1.47926E+00   1.70476E+02  1.47106E+00   1.71128E+02  1.46187E+00   1.71865E+02  1.45174E+00   1.72686E+02  1.44071E+00   1.73590E+02  1.42882E+00   1.74576E+02  1.41613E+00   1.75644E+02  1.40267E+00   1.76793E+02  1.38850E+00   1.78021E+02  1.37367E+00   1.79327E+02  1.35824E+00   1.80710E+02  1.34225E+00   1.82169E+02  1.32577E+00   1.83703E+02  1.30883E+00   1.85310E+02  1.29149E+00   1.86990E+02  1.27380E+00   1.88740E+02  1.25581E+00   1.90559E+02  1.23756E+00   1.92446E+02  1.21910E+00   1.94400E+02  1.20048E+00   1.96419E+02  1.18173E+00   1.98502E+02  1.16289E+00   2.00648E+02  1.14400E+00   2.02854E+02  1.12509E+00   2.05120E+02  1.10621E+00   2.07444E+02  1.08737E+00   2.09825E+02  1.06861E+00   2.12261E+02  1.04995E+00   2.14752E+02  1.03141E+00   2.17295E+02  1.01301E+00   2.19890E+02  9.94790E-01   2.22534E+02  9.76750E-01   2.25228E+02  9.58911E-01   2.27969E+02  9.41286E-01   2.30757E+02 
 9.22551E-01   2.28676E+02  9.40082E-01   2.25870E+02  9.57835E-01   2.23110E+02  9.75796E-01   2.20397E+02  9.93954E-01   2.17734E+02  1.01229E+00   2.15120E+02  1.03078E+00   2.12558E+02  1.04941E+00   2.10049E+02  1.06814E+00   2.07594E+02  1.08697E+00   2.05195E+02  1.10585E+00   2.02853E+02  1.12476E+00   2.00568E+02  1.14367E+00   1.98344E+02  1.16254E+00   1.96181E+02  1.18133E+00   1.94081E+02  1.20000E+00   1.92044E+02  1.21852E+00   1.90073E+02  1.23684E+00   1.88170E+02  1.25492E+00   1.86334E+02  1.27270E+00   1.84568E+02  1.29013E+00   1.82874E+02  1.30718E+00   1.81251E+02  1.32378E+00   1.79703E+02  1.33988E+00   1.78230E+02  1.35543E+00   1.76834E+02  1.37038E+00   1.75515E+02  1.38467E+00   1.74275E+02  1.39825E+00   1.73115E+02  1.41107E+00   1.72036E+02  1.42308E+00   1.71040E+02  1.43422E+00   1.70127E+02  1.44446E+00   1.69298E+02  1.45375E+00   1.68553E+02  1.46204E+00   1.67895E+02  1.46931E+00   1.67323E+02  1.47552E+00   1.66838E+02  1.48064E+00   1.66440E+02  1.48465E+00   1.66130E+02  1.48752E+00   1.65909E+02  1.48925E+00   1.65776E+02  1.48983E+00   1.65731E+02  1.48925E+00   1.65776E+02  1.48752E+00   1.65909E+02  1.48465E+00   1.66130E+02  1.48064E+00   1.66440E+02  1.47552E+00   1.66838E+02  1.46931E+00   1.67323E+02  1.46204E+00   1.67895E+02  1.45375E+00   1.68553E+02  1.44446E+00   1.69298E+02  1.43422E+00   1.70127E+02  1.42308E+00   1.71040E+02  1.41107E+00   1.72036E+02  1.39825E+00   1.73115E+02  1.38467E+00   1.74275E+02  1.37038E+00   1.75515E+02  1.35543E+00   1.76834E+02  1.33988E+00   1.78230E+02  1.32378E+00   1.79703E+02  1.30718E+00   1.81252E+02  1.29013E+00   1.82874E+02  1.27269E+00   1.84568E+02  1.25491E+00   1.86334E+02  1.23684E+00   1.88170E+02  1.21852E+00   1.90073E+02  1.20000E+00   1.92044E+02  1.18133E+00   1.94081E+02  1.16254E+00   1.96181E+02  1.14367E+00   1.98344E+02  1.12476E+00   2.00568E+02  1.10585E+00   2.02852E+02  1.08697E+00   2.05195E+02  1.06814E+00   2.07594E+02  1.04940E+00   2.10049E+02  1.03078E+00   2.12558E+02  1.01229E+00   2.15120E+02  9.93956E-01   2.17734E+02  9.75798E-01   2.20397E+02  9.57834E-01   2.23110E+02  9.40081E-01   2.25870E+02  9.22552E-01   2.28676E+02 
 9.02865E-01   2.26653E+02  9.20269E-01   2.23828E+02  9.37905E-01   2.21049E+02  9.55760E-01   2.18318E+02  9.73819E-01   2.15636E+02  9.92063E-01   2.13004E+02  1.01047E+00   2.10424E+02  1.02903E+00   2.07896E+02  1.04771E+00   2.05423E+02  1.06648E+00   2.03005E+02  1.08533E+00   2.00645E+02  1.10421E+00   1.98343E+02  1.12311E+00   1.96101E+02  1.14197E+00   1.93920E+02  1.16077E+00   1.91802E+02  1.17947E+00   1.89749E+02  1.19801E+00   1.87761E+02  1.21637E+00   1.85841E+02  1.23450E+00   1.83989E+02  1.25233E+00   1.82208E+02  1.26984E+00   1.80498E+02  1.28696E+00   1.78861E+02  1.30364E+00   1.77298E+02  1.31983E+00   1.75812E+02  1.33548E+00   1.74402E+02  1.35052E+00   1.73070E+02  1.36491E+00   1.71819E+02  1.37860E+00   1.70647E+02  1.39152E+00   1.69558E+02  1.40362E+00   1.68552E+02  1.41486E+00   1.67629E+02  1.42519E+00   1.66792E+02  1.43456E+00   1.66040E+02  1.44294E+00   1.65375E+02  1.45028E+00   1.64797E+02  1.45655E+00   1.64307E+02  1.46172E+00   1.63905E+02  1.46577E+00   1.63592E+02  1.46868E+00   1.63368E+02  1.47042E+00   1.63234E+02  1.47101E+00   1.63189E+02  1.47042E+00   1.63234E+02  1.46868E+00   1.63368E+02  1.46577E+00   1.63592E+02  1.46172E+00   1.63905E+02  1.45655E+00   1.64307E+02  1.45028E+00   1.64797E+02  1.44294E+00   1.65375E+02  1.43456E+00   1.66040E+02  1.42519E+00   1.66792E+02  1.41486E+00   1.67629E+02  1.40362E+00   1.68552E+02  1.39151E+00   1.69558E+02  1.37860E+00   1.70647E+02  1.36492E+00   1.71819E+02  1.35052E+00   1.73070E+02  1.33548E+00   1.74402E+02  1.31983E+00   1.75812E+02  1.30364E+00   1.77298E+02  1.28696E+00   1.78861E+02  1.26984E+00   1.80498E+02  1.25233E+00   1.82208E+02  1.23450E+00   1.83989E+02  1.21637E+00   1.85841E+02  1.19801E+00   1.87761E+02  1.17946E+00   1.89749E+02  1.16077E+00   1.91802E+02  1.14197E+00   1.93920E+02  1.12311E+00   1.96100E+02  1.10422E+00   1.98343E+02  1.08533E+00   2.00645E+02  1.06648E+00   2.03005E+02  1.04771E+00   2.05423E+02  1.02903E+00   2.07896E+02  1.01047E+00   2.10424E+02  9.92063E-01   2.13004E+02  9.73820E-01   2.15636E+02  9.55762E-01   2.18318E+02  9.37906E-01   2.21049E+02  9.20268E-01   2.23828E+02  9.02865E-01   2.26653E+02 
 8.82214E-01   2.24688E+02  8.99462E-01   2.21845E+02  9.16950E-01   2.19048E+02  9.34663E-01   2.16298E+02  9.52588E-01   2.13598E+02  9.70709E-01   2.10948E+02  9.89006E-01   2.08349E+02  1.00746E+00   2.05803E+02  1.02604E+00   2.03312E+02  1.04473E+00   2.00876E+02  1.06350E+00   1.98498E+02  1.08233E+00   1.96178E+02  1.10117E+00   1.93918E+02  1.11999E+00   1.91720E+02  1.13877E+00   1.89585E+02  1.15744E+00   1.87515E+02  1.17599E+00   1.85511E+02  1.19435E+00   1.83574E+02  1.21249E+00   1.81707E+02  1.23035E+00   1.79910E+02  1.24789E+00   1.78185E+02  1.26505E+00   1.76533E+02  1.28179E+00   1.74957E+02  1.29804E+00   1.73456E+02  1.31375E+00   1.72033E+02  1.32886E+00   1.70689E+02  1.34333E+00   1.69426E+02  1.35708E+00   1.68243E+02  1.37008E+00   1.67143E+02  1.38226E+00   1.66127E+02  1.39358E+00   1.65196E+02  1.40398E+00   1.64350E+02  1.41342E+00   1.63591E+02  1.42186E+00   1.62919E+02  1.42926E+00   1.62335E+02  1.43558E+00   1.61840E+02  1.44080E+00   1.61434E+02  1.44488E+00   1.61118E+02  1.44781E+00   1.60892E+02  1.44957E+00   1.60756E+02  1.45016E+00   1.60711E+02  1.44957E+00   1.60756E+02  1.44781E+00   1.60892E+02  1.44488E+00   1.61118E+02  1.44080E+00   1.61434E+02  1.43558E+00   1.61840E+02  1.42926E+00   1.62335E+02  1.42186E+00   1.62919E+02  1.41342E+00   1.63591E+02  1.40398E+00   1.64350E+02  1.39358E+00   1.65196E+02  1.38226E+00   1.66127E+02  1.37008E+00   1.67143E+02  1.35708E+00   1.68243E+02  1.34333E+00   1.69426E+02  1.32886E+00   1.70689E+02  1.31375E+00   1.72033E+02  1.29804E+00   1.73456E+02  1.28179E+00   1.74957E+02  1.26506E+00   1.76533E+02  1.24789E+00   1.78185E+02  1.23035E+00   1.79910E+02  1.21249E+00   1.81707E+02  1.19435E+00   1.83574E+02  1.17599E+00   1.85511E+02  1.15744E+00   1.87515E+02  1.13876E+00   1.89586E+02  1.11999E+00   1.91720E+02  1.10117E+00   1.93918E+02  1.08233E+00   1.96178E+02  1.06351E+00   1.98498E+02  1.04473E+00   2.00876E+02  1.02604E+00   2.03312E+02  1.00745E+00   2.05803E+02  9.89003E-01   2.08349E+02  9.70709E-01   2.10948E+02  9.52589E-01   2.13598E+02  9.34664E-01   2.16298E+02  9.16950E-01   2.19048E+02  8.99462E-01   2.21845E+02  8.82213E-01   2.24688E+02 
 8.60590E-01   2.22782E+02  8.77648E-01   2.19921E+02  8.94952E-01   2.17106E+02  9.12491E-01   2.14339E+02  9.30250E-01   2.11621E+02  9.48211E-01   2.08952E+02  9.66356E-01   2.06336E+02  9.84664E-01   2.03772E+02  1.00312E+00   2.01263E+02  1.02169E+00   1.98809E+02  1.04035E+00   1.96413E+02  1.05907E+00   1.94076E+02  1.07783E+00   1.91799E+02  1.09657E+00   1.89584E+02  1.11528E+00   1.87432E+02  1.13390E+00   1.85345E+02  1.15240E+00   1.83325E+02  1.17073E+00   1.81372E+02  1.18885E+00   1.79489E+02  1.20670E+00   1.77676E+02  1.22424E+00   1.75936E+02  1.24141E+00   1.74270E+02  1.25816E+00   1.72680E+02  1.27444E+00   1.71166E+02  1.29018E+00   1.69730E+02  1.30533E+00   1.68373E+02  1.31984E+00   1.67098E+02  1.33364E+00   1.65904E+02  1.34669E+00   1.64794E+02  1.35892E+00   1.63768E+02  1.37029E+00   1.62827E+02  1.38075E+00   1.61973E+02  1.39024E+00   1.61207E+02  1.39873E+00   1.60528E+02  1.40617E+00   1.59938E+02  1.41253E+00   1.59438E+02  1.41778E+00   1.59028E+02  1.42189E+00   1.58709E+02  1.42484E+00   1.58481E+02  1.42661E+00   1.58344E+02  1.42721E+00   1.58298E+02  1.42661E+00   1.58344E+02  1.42484E+00   1.58481E+02  1.42189E+00   1.58709E+02  1.41778E+00   1.59028E+02  1.41253E+00   1.59438E+02  1.40617E+00   1.59938E+02  1.39873E+00   1.60528E+02  1.39024E+00   1.61207E+02  1.38075E+00   1.61973E+02  1.37029E+00   1.62827E+02  1.35892E+00   1.63768E+02  1.34669E+00   1.64794E+02  1.33364E+00   1.65904E+02  1.31984E+00   1.67098E+02  1.30533E+00   1.68373E+02  1.29018E+00   1.69730E+02  1.27444E+00   1.71166E+02  1.25816E+00   1.72679E+02  1.24141E+00   1.74270E+02  1.22424E+00   1.75936E+02  1.20670E+00   1.77676E+02  1.18885E+00   1.79489E+02  1.17073E+00   1.81372E+02  1.15240E+00   1.83325E+02  1.13390E+00   1.85345E+02  1.11528E+00   1.87432E+02  1.09657E+00   1.89584E+02  1.07783E+00   1.91799E+02  1.05907E+00   1.94076E+02  1.04035E+00   1.96413E+02  1.02169E+00   1.98809E+02  1.00312E+00   2.01263E+02  9.84664E-01   2.03772E+02  9.66353E-01   2.06336E+02  9.48209E-01   2.08952E+02  9.30250E-01   2.11621E+02  9.12492E-01   2.14339E+02  8.94954E-01   2.17106E+02  8.77648E-01   2.19921E+02  8.60588E-01   2.22782E+02 
 8.37983E-01   2.20937E+02  8.54818E-01   2.18059E+02  8.71906E-01   2.15226E+02  8.89235E-01   2.12441E+02  9.06788E-01   2.09705E+02  9.24551E-01   2.07019E+02  9.42508E-01   2.04385E+02  9.60637E-01   2.01804E+02  9.78920E-01   1.99277E+02  9.97331E-01   1.96806E+02  1.01584E+00   1.94393E+02  1.03442E+00   1.92038E+02  1.05305E+00   1.89744E+02  1.07168E+00   1.87512E+02  1.09027E+00   1.85344E+02  1.10880E+00   1.83240E+02  1.12721E+00   1.81203E+02  1.14547E+00   1.79235E+02  1.16353E+00   1.77336E+02  1.18133E+00   1.75508E+02  1.19883E+00   1.73754E+02  1.21597E+00   1.72073E+02  1.23270E+00   1.70469E+02  1.24896E+00   1.68941E+02  1.26470E+00   1.67493E+02  1.27986E+00   1.66124E+02  1.29438E+00   1.64837E+02  1.30820E+00   1.63632E+02  1.32127E+00   1.62512E+02  1.33353E+00   1.61476E+02  1.34493E+00   1.60527E+02  1.35542E+00   1.59664E+02  1.36494E+00   1.58890E+02  1.37346E+00   1.58205E+02  1.38093E+00   1.57610E+02  1.38731E+00   1.57105E+02  1.39258E+00   1.56691E+02  1.39671E+00   1.56368E+02  1.39967E+00   1.56137E+02  1.40145E+00   1.55999E+02  1.40205E+00   1.55953E+02  1.40145E+00   1.55999E+02  1.39967E+00   1.56137E+02  1.39671E+00   1.56368E+02  1.39258E+00   1.56691E+02  1.38731E+00   1.57105E+02  1.38093E+00   1.57610E+02  1.37346E+00   1.58205E+02  1.36494E+00   1.58890E+02  1.35542E+00   1.59664E+02  1.34493E+00   1.60527E+02  1.33353E+00   1.61476E+02  1.32127E+00   1.62512E+02  1.30820E+00   1.63632E+02  1.29438E+00   1.64837E+02  1.27986E+00   1.66124E+02  1.26470E+00   1.67493E+02  1.24896E+00   1.68941E+02  1.23270E+00   1.70469E+02  1.21597E+00   1.72073E+02  1.19883E+00   1.73754E+02  1.18133E+00   1.75508E+02  1.16353E+00   1.77336E+02  1.14547E+00   1.79235E+02  1.12721E+00   1.81203E+02  1.10880E+00   1.83240E+02  1.09027E+00   1.85344E+02  1.07167E+00   1.87512E+02  1.05305E+00   1.89744E+02  1.03442E+00   1.92038E+02  1.01584E+00   1.94393E+02  9.97333E-01   1.96806E+02  9.78922E-01   1.99277E+02  9.60639E-01   2.01804E+02  9.42506E-01   2.04385E+02  9.24549E-01   2.07019E+02  9.06786E-01   2.09705E+02  8.89234E-01   2.12441E+02  8.71908E-01   2.15226E+02  8.54820E-01   2.18059E+02  8.37983E-01   2.20937E+02 
 8.14391E-01   2.19154E+02  8.30969E-01   2.16258E+02  8.47803E-01   2.13408E+02  8.64882E-01   2.10606E+02  8.82194E-01   2.07853E+02  8.99722E-01   2.05150E+02  9.17451E-01   2.02498E+02  9.35361E-01   1.99900E+02  9.53433E-01   1.97356E+02  9.71641E-01   1.94868E+02  9.89959E-01   1.92437E+02  1.00836E+00   1.90066E+02  1.02681E+00   1.87755E+02  1.04528E+00   1.85506E+02  1.06372E+00   1.83321E+02  1.08211E+00   1.81202E+02  1.10040E+00   1.79149E+02  1.11854E+00   1.77165E+02  1.13649E+00   1.75251E+02  1.15420E+00   1.73408E+02  1.17162E+00   1.71639E+02  1.18869E+00   1.69945E+02  1.20536E+00   1.68326E+02  1.22157E+00   1.66786E+02  1.23727E+00   1.65324E+02  1.25240E+00   1.63944E+02  1.26690E+00   1.62645E+02  1.28070E+00   1.61429E+02  1.29376E+00   1.60298E+02  1.30602E+00   1.59253E+02  1.31742E+00   1.58295E+02  1.32791E+00   1.57424E+02  1.33744E+00   1.56643E+02  1.34597E+00   1.55951E+02  1.35345E+00   1.55350E+02  1.35984E+00   1.54840E+02  1.36512E+00   1.54422E+02  1.36926E+00   1.54097E+02  1.37222E+00   1.53864E+02  1.37401E+00   1.53724E+02  1.37461E+00   1.53677E+02  1.37401E+00   1.53724E+02  1.37222E+00   1.53864E+02  1.36926E+00   1.54097E+02  1.36512E+00   1.54422E+02  1.35984E+00   1.54840E+02  1.35345E+00   1.55350E+02  1.34597E+00   1.55951E+02  1.33744E+00   1.56643E+02  1.32791E+00   1.57424E+02  1.31742E+00   1.58295E+02  1.30602E+00   1.59253E+02  1.29376E+00   1.60298E+02  1.28070E+00   1.61429E+02  1.26690E+00   1.62645E+02  1.25240E+00   1.63944E+02  1.23727E+00   1.65324E+02  1.22157E+00   1.66786E+02  1.20536E+00   1.68326E+02  1.18869E+00   1.69945E+02  1.17162E+00   1.71639E+02  1.15420E+00   1.73408E+02  1.13649E+00   1.75251E+02  1.11854E+00   1.77165E+02  1.10040E+00   1.79149E+02  1.08211E+00   1.81202E+02  1.06372E+00   1.83321E+02  1.04527E+00   1.85506E+02  1.02681E+00   1.87755E+02  1.00836E+00   1.90066E+02  9.89960E-01   1.92437E+02  9.71642E-01   1.94868E+02  9.53435E-01   1.97356E+02  9.35363E-01   1.99900E+02  9.17451E-01   2.02498E+02  8.99720E-01   2.05150E+02  8.82192E-01   2.07853E+02  8.64881E-01   2.10606E+02  8.47803E-01   2.13408E+02  8.30970E-01   2.16258E+02  8.14392E-01   2.19154E+02 
 7.89812E-01   2.17433E+02  8.06095E-01   2.14521E+02  8.22638E-01   2.11654E+02  8.39432E-01   2.08835E+02  8.56462E-01   2.06065E+02  8.73714E-01   2.03345E+02  8.91174E-01   2.00677E+02  9.08823E-01   1.98061E+02  9.26642E-01   1.95500E+02  9.44605E-01   1.92995E+02  9.62687E-01   1.90548E+02  9.80860E-01   1.88160E+02  9.99091E-01   1.85833E+02  1.01735E+00   1.83568E+02  1.03560E+00   1.81367E+02  1.05380E+00   1.79232E+02  1.07192E+00   1.77163E+02  1.08990E+00   1.75164E+02  1.10770E+00   1.73235E+02  1.12527E+00   1.71378E+02  1.14256E+00   1.69594E+02  1.15952E+00   1.67885E+02  1.17609E+00   1.66254E+02  1.19221E+00   1.64700E+02  1.20783E+00   1.63226E+02  1.22289E+00   1.61833E+02  1.23733E+00   1.60523E+02  1.25108E+00   1.59297E+02  1.26410E+00   1.58156E+02  1.27632E+00   1.57101E+02  1.28769E+00   1.56134E+02  1.29816E+00   1.55256E+02  1.30767E+00   1.54467E+02  1.31619E+00   1.53769E+02  1.32366E+00   1.53162E+02  1.33005E+00   1.52648E+02  1.33532E+00   1.52226E+02  1.33945E+00   1.51897E+02  1.34242E+00   1.51662E+02  1.34421E+00   1.51521E+02  1.34480E+00   1.51474E+02  1.34421E+00   1.51521E+02  1.34242E+00   1.51662E+02  1.33945E+00   1.51897E+02  1.33532E+00   1.52226E+02  1.33005E+00   1.52648E+02  1.32366E+00   1.53162E+02  1.31619E+00   1.53769E+02  1.30768E+00   1.54467E+02  1.29816E+00   1.55256E+02  1.28769E+00   1.56134E+02  1.27632E+00   1.57101E+02  1.26410E+00   1.58156E+02  1.25108E+00   1.59297E+02  1.23733E+00   1.60523E+02  1.22289E+00   1.61833E+02  1.20783E+00   1.63226E+02  1.19221E+00   1.64700E+02  1.17609E+00   1.66254E+02  1.15952E+00   1.67885E+02  1.14256E+00   1.69594E+02  1.12527E+00   1.71377E+02  1.10770E+00   1.73235E+02  1.08990E+00   1.75164E+02  1.07192E+00   1.77163E+02  1.05381E+00   1.79232E+02  1.03560E+00   1.81367E+02  1.01735E+00   1.83568E+02  9.99090E-01   1.85833E+02  9.80857E-01   1.88160E+02  9.62686E-01   1.90548E+02  9.44606E-01   1.92995E+02  9.26643E-01   1.95500E+02  9.08827E-01   1.98061E+02  8.91176E-01   2.00676E+02  8.73713E-01   2.03345E+02  8.56459E-01   2.06065E+02  8.39430E-01   2.08835E+02  8.22638E-01   2.11654E+02  8.06096E-01   2.14521E+02  7.89813E-01   2.17433E+02 
 7.64246E-01   2.15777E+02  7.80197E-01   2.12848E+02  7.96412E-01   2.09965E+02  8.12879E-01   2.07130E+02  8.29587E-01   2.04343E+02  8.46523E-01   2.01606E+02  8.63673E-01   1.98921E+02  8.81019E-01   1.96289E+02  8.98540E-01   1.93712E+02  9.16211E-01   1.91191E+02  9.34011E-01   1.88727E+02  9.51909E-01   1.86323E+02  9.69877E-01   1.83980E+02  9.87883E-01   1.81699E+02  1.00589E+00   1.79482E+02  1.02386E+00   1.77331E+02  1.04175E+00   1.75248E+02  1.05953E+00   1.73233E+02  1.07713E+00   1.71289E+02  1.09452E+00   1.69418E+02  1.11163E+00   1.67620E+02  1.12843E+00   1.65898E+02  1.14485E+00   1.64253E+02  1.16084E+00   1.62686E+02  1.17634E+00   1.61200E+02  1.19128E+00   1.59796E+02  1.20562E+00   1.58474E+02  1.21929E+00   1.57238E+02  1.23222E+00   1.56087E+02  1.24438E+00   1.55023E+02  1.25569E+00   1.54047E+02  1.26610E+00   1.53161E+02  1.27557E+00   1.52365E+02  1.28405E+00   1.51661E+02  1.29149E+00   1.51048E+02  1.29785E+00   1.50529E+02  1.30311E+00   1.50103E+02  1.30723E+00   1.49771E+02  1.31018E+00   1.49534E+02  1.31196E+00   1.49392E+02  1.31256E+00   1.49344E+02  1.31196E+00   1.49392E+02  1.31018E+00   1.49534E+02  1.30723E+00   1.49771E+02  1.30311E+00   1.50103E+02  1.29785E+00   1.50529E+02  1.29149E+00   1.51048E+02  1.28405E+00   1.51661E+02  1.27557E+00   1.52365E+02  1.26611E+00   1.53161E+02  1.25569E+00   1.54047E+02  1.24438E+00   1.55023E+02  1.23222E+00   1.56087E+02  1.21929E+00   1.57238E+02  1.20562E+00   1.58474E+02  1.19128E+00   1.59796E+02  1.17634E+00   1.61200E+02  1.16084E+00   1.62686E+02  1.14485E+00   1.64253E+02  1.12843E+00   1.65898E+02  1.11163E+00   1.67620E+02  1.09452E+00   1.69418E+02  1.07713E+00   1.71289E+02  1.05953E+00   1.73233E+02  1.04176E+00   1.75248E+02  1.02386E+00   1.77331E+02  1.00589E+00   1.79482E+02  9.87883E-01   1.81699E+02  9.69877E-01   1.83980E+02  9.51907E-01   1.86323E+02  9.34009E-01   1.88727E+02  9.16211E-01   1.91191E+02  8.98540E-01   1.93712E+02  8.81021E-01   1.96289E+02  8.63676E-01   1.98921E+02  8.46523E-01   2.01606E+02  8.29585E-01   2.04343E+02  8.12876E-01   2.07130E+02  7.96410E-01   2.09965E+02  7.80198E-01   2.12848E+02  7.64248E-01   2.15777E+02 
 7.37699E-01   2.14185E+02  7.53279E-01   2.11240E+02  7.69125E-01   2.08342E+02  7.85227E-01   2.05490E+02  8.01573E-01   2.02687E+02  8.18151E-01   1.99935E+02  8.34947E-01   1.97234E+02  8.51943E-01   1.94586E+02  8.69120E-01   1.91992E+02  8.86455E-01   1.89455E+02  9.03926E-01   1.86976E+02  9.21503E-01   1.84556E+02  9.39158E-01   1.82197E+02  9.56861E-01   1.79900E+02  9.74574E-01   1.77668E+02  9.92262E-01   1.75502E+02  1.00988E+00   1.73404E+02  1.02740E+00   1.71374E+02  1.04475E+00   1.69416E+02  1.06190E+00   1.67530E+02  1.07880E+00   1.65719E+02  1.09539E+00   1.63983E+02  1.11161E+00   1.62325E+02  1.12742E+00   1.60746E+02  1.14275E+00   1.59248E+02  1.15754E+00   1.57832E+02  1.17173E+00   1.56500E+02  1.18527E+00   1.55253E+02  1.19809E+00   1.54092E+02  1.21013E+00   1.53019E+02  1.22135E+00   1.52035E+02  1.23168E+00   1.51141E+02  1.24108E+00   1.50338E+02  1.24949E+00   1.49627E+02  1.25688E+00   1.49010E+02  1.26320E+00   1.48486E+02  1.26842E+00   1.48056E+02  1.27251E+00   1.47721E+02  1.27545E+00   1.47482E+02  1.27722E+00   1.47338E+02  1.27781E+00   1.47290E+02  1.27722E+00   1.47338E+02  1.27545E+00   1.47482E+02  1.27251E+00   1.47721E+02  1.26842E+00   1.48056E+02  1.26320E+00   1.48486E+02  1.25688E+00   1.49010E+02  1.24950E+00   1.49627E+02  1.24108E+00   1.50338E+02  1.23168E+00   1.51141E+02  1.22135E+00   1.52035E+02  1.21013E+00   1.53019E+02  1.19809E+00   1.54092E+02  1.18527E+00   1.55253E+02  1.17173E+00   1.56500E+02  1.15754E+00   1.57832E+02  1.14275E+00   1.59248E+02  1.12742E+00   1.60746E+02  1.11161E+00   1.62325E+02  1.09539E+00   1.63983E+02  1.07880E+00   1.65719E+02  1.06190E+00   1.67530E+02  1.04475E+00   1.69416E+02  1.02740E+00   1.71374E+02  1.00989E+00   1.73404E+02  9.92264E-01   1.75502E+02  9.74576E-01   1.77668E+02  9.56861E-01   1.79900E+02  9.39158E-01   1.82197E+02  9.21501E-01   1.84556E+02  9.03923E-01   1.86976E+02  8.86455E-01   1.89455E+02  8.69120E-01   1.91992E+02  8.51945E-01   1.94586E+02  8.34949E-01   1.97234E+02  8.18152E-01   1.99935E+02  8.01572E-01   2.02687E+02  7.85224E-01   2.05490E+02  7.69123E-01   2.08342E+02  7.53279E-01   2.11240E+02  7.37700E-01   2.14185E+02 
 7.10176E-01   2.12659E+02  7.25348E-01   2.09699E+02  7.40787E-01   2.06785E+02  7.56482E-01   2.03918E+02  7.72422E-01   2.01100E+02  7.88598E-01   1.98332E+02  8.04996E-01   1.95615E+02  8.21599E-01   1.92951E+02  8.38386E-01   1.90343E+02  8.55337E-01   1.87790E+02  8.72429E-01   1.85295E+02  8.89634E-01   1.82860E+02  9.06927E-01   1.80485E+02  9.24275E-01   1.78174E+02  9.41644E-01   1.75927E+02  9.58999E-01   1.73746E+02  9.76297E-01   1.71633E+02  9.93497E-01   1.69589E+02  1.01055E+00   1.67617E+02  1.02742E+00   1.65717E+02  1.04404E+00   1.63892E+02  1.06037E+00   1.62144E+02  1.07635E+00   1.60473E+02  1.09192E+00   1.58882E+02  1.10703E+00   1.57372E+02  1.12162E+00   1.55945E+02  1.13562E+00   1.54602E+02  1.14898E+00   1.53344E+02  1.16165E+00   1.52174E+02  1.17355E+00   1.51092E+02  1.18464E+00   1.50100E+02  1.19485E+00   1.49198E+02  1.20415E+00   1.48389E+02  1.21247E+00   1.47672E+02  1.21978E+00   1.47049E+02  1.22603E+00   1.46520E+02  1.23120E+00   1.46087E+02  1.23525E+00   1.45749E+02  1.23816E+00   1.45508E+02  1.23991E+00   1.45363E+02  1.24050E+00   1.45314E+02  1.23991E+00   1.45363E+02  1.23816E+00   1.45508E+02  1.23525E+00   1.45749E+02  1.23120E+00   1.46087E+02  1.22603E+00   1.46520E+02  1.21978E+00   1.47049E+02  1.21247E+00   1.47672E+02  1.20415E+00   1.48389E+02  1.19485E+00   1.49198E+02  1.18464E+00   1.50100E+02  1.17355E+00   1.51092E+02  1.16165E+00   1.52174E+02  1.14899E+00   1.53344E+02  1.13562E+00   1.54602E+02  1.12162E+00   1.55945E+02  1.10703E+00   1.57372E+02  1.09192E+00   1.58882E+02  1.07635E+00   1.60473E+02  1.06037E+00   1.62144E+02  1.04404E+00   1.63892E+02  1.02742E+00   1.65717E+02  1.01055E+00   1.67617E+02  9.93497E-01   1.69589E+02  9.76298E-01   1.71633E+02  9.59000E-01   1.73746E+02  9.41647E-01   1.75927E+02  9.24277E-01   1.78174E+02  9.06928E-01   1.80485E+02  8.89634E-01   1.82860E+02  8.72427E-01   1.85295E+02  8.55336E-01   1.87790E+02  8.38385E-01   1.90343E+02  8.21600E-01   1.92951E+02  8.04999E-01   1.95615E+02  7.88601E-01   1.98331E+02  7.72423E-01   2.01100E+02  7.56480E-01   2.03918E+02  7.40784E-01   2.06785E+02  7.25348E-01   2.09699E+02  7.10177E-01   2.12659E+02 
 6.81690E-01   2.11201E+02  6.96415E-01   2.08226E+02  7.11405E-01   2.05297E+02  7.26652E-01   2.02415E+02  7.42146E-01   1.99581E+02  7.57878E-01   1.96798E+02  7.73832E-01   1.94066E+02  7.89993E-01   1.91388E+02  8.06342E-01   1.88764E+02  8.22859E-01   1.86196E+02  8.39523E-01   1.83686E+02  8.56308E-01   1.81236E+02  8.73186E-01   1.78847E+02  8.90128E-01   1.76521E+02  9.07099E-01   1.74259E+02  9.24065E-01   1.72064E+02  9.40985E-01   1.69936E+02  9.57818E-01   1.67879E+02  9.74519E-01   1.65893E+02  9.91042E-01   1.63980E+02  1.00734E+00   1.62142E+02  1.02335E+00   1.60381E+02  1.03903E+00   1.58698E+02  1.05432E+00   1.57095E+02  1.06916E+00   1.55573E+02  1.08350E+00   1.54135E+02  1.09727E+00   1.52782E+02  1.11041E+00   1.51514E+02  1.12287E+00   1.50335E+02  1.13459E+00   1.49244E+02  1.14551E+00   1.48244E+02  1.15557E+00   1.47335E+02  1.16473E+00   1.46519E+02  1.17293E+00   1.45796E+02  1.18014E+00   1.45167E+02  1.18631E+00   1.44634E+02  1.19140E+00   1.44197E+02  1.19540E+00   1.43857E+02  1.19827E+00   1.43613E+02  1.20000E+00   1.43467E+02  1.20057E+00   1.43418E+02  1.20000E+00   1.43467E+02  1.19827E+00   1.43613E+02  1.19540E+00   1.43857E+02  1.19140E+00   1.44197E+02  1.18631E+00   1.44634E+02  1.18014E+00   1.45167E+02  1.17293E+00   1.45796E+02  1.16473E+00   1.46519E+02  1.15557E+00   1.47335E+02  1.14551E+00   1.48244E+02  1.13459E+00   1.49244E+02  1.12287E+00   1.50335E+02  1.11041E+00   1.51514E+02  1.09727E+00   1.52782E+02  1.08350E+00   1.54135E+02  1.06916E+00   1.55573E+02  1.05432E+00   1.57095E+02  1.03903E+00   1.58698E+02  1.02335E+00   1.60381E+02  1.00734E+00   1.62142E+02  9.91042E-01   1.63980E+02  9.74519E-01   1.65893E+02  9.57818E-01   1.67879E+02  9.40985E-01   1.69936E+02  9.24066E-01   1.72064E+02  9.07101E-01   1.74259E+02  8.90130E-01   1.76521E+02  8.73188E-01   1.78847E+02  8.56308E-01   1.81236E+02  8.39522E-01   1.83686E+02  8.22857E-01   1.86196E+02  8.06340E-01   1.88764E+02  7.89993E-01   1.91388E+02  7.73834E-01   1.94066E+02  7.57881E-01   1.96798E+02  7.42148E-01   1.99581E+02  7.26651E-01   2.02415E+02  7.11403E-01   2.05297E+02  6.96414E-01   2.08226E+02  6.81691E-01   2.11201E+02 
 6.52256E-01   2.09810E+02  6.66494E-01   2.06821E+02  6.80996E-01   2.03878E+02  6.95754E-01   2.00981E+02  7.10758E-01   1.98133E+02  7.25999E-01   1.95335E+02  7.41464E-01   1.92589E+02  7.57137E-01   1.89896E+02  7.73000E-01   1.87258E+02  7.89035E-01   1.84675E+02  8.05220E-01   1.82151E+02  8.21531E-01   1.79686E+02  8.37943E-01   1.77283E+02  8.54424E-01   1.74942E+02  8.70943E-01   1.72667E+02  8.87466E-01   1.70458E+02  9.03952E-01   1.68317E+02  9.20363E-01   1.66246E+02  9.36654E-01   1.64246E+02  9.52779E-01   1.62320E+02  9.68690E-01   1.60470E+02  9.84335E-01   1.58696E+02  9.99662E-01   1.57001E+02  1.01461E+00   1.55387E+02  1.02913E+00   1.53854E+02  1.04317E+00   1.52405E+02  1.05665E+00   1.51042E+02  1.06953E+00   1.49765E+02  1.08174E+00   1.48576E+02  1.09323E+00   1.47477E+02  1.10394E+00   1.46469E+02  1.11381E+00   1.45553E+02  1.12280E+00   1.44730E+02  1.13085E+00   1.44001E+02  1.13793E+00   1.43368E+02  1.14399E+00   1.42831E+02  1.14900E+00   1.42390E+02  1.15292E+00   1.42047E+02  1.15574E+00   1.41801E+02  1.15744E+00   1.41654E+02  1.15801E+00   1.41604E+02  1.15744E+00   1.41654E+02  1.15574E+00   1.41801E+02  1.15292E+00   1.42047E+02  1.14899E+00   1.42390E+02  1.14399E+00   1.42831E+02  1.13793E+00   1.43368E+02  1.13085E+00   1.44001E+02  1.12280E+00   1.44730E+02  1.11381E+00   1.45553E+02  1.10394E+00   1.46469E+02  1.09323E+00   1.47477E+02  1.08174E+00   1.48576E+02  1.06953E+00   1.49765E+02  1.05665E+00   1.51042E+02  1.04317E+00   1.52405E+02  1.02914E+00   1.53854E+02  1.01461E+00   1.55387E+02  9.99662E-01   1.57001E+02  9.84335E-01   1.58696E+02  9.68689E-01   1.60470E+02  9.52778E-01   1.62320E+02  9.36653E-01   1.64246E+02  9.20362E-01   1.66246E+02  9.03952E-01   1.68317E+02  8.87466E-01   1.70458E+02  8.70945E-01   1.72667E+02  8.54426E-01   1.74942E+02  8.37944E-01   1.77283E+02  8.21533E-01   1.79686E+02  8.05220E-01   1.82151E+02  7.89034E-01   1.84675E+02  7.72998E-01   1.87258E+02  7.57135E-01   1.89896E+02  7.41465E-01   1.92589E+02  7.26002E-01   1.95335E+02  7.10761E-01   1.98133E+02  6.95754E-01   2.00981E+02  6.80994E-01   2.03878E+02  6.66492E-01   2.06821E+02  6.52255E-01   2.09810E+02 
 6.21891E-01   2.08489E+02  6.35605E-01   2.05486E+02  6.49578E-01   2.02529E+02  6.63804E-01   1.99618E+02  6.78275E-01   1.96756E+02  6.92982E-01   1.93945E+02  7.07912E-01   1.91184E+02  7.23049E-01   1.88477E+02  7.38377E-01   1.85825E+02  7.53879E-01   1.83229E+02  7.69534E-01   1.80690E+02  7.85319E-01   1.78212E+02  8.01210E-01   1.75795E+02  8.17177E-01   1.73440E+02  8.33189E-01   1.71151E+02  8.49212E-01   1.68929E+02  8.65208E-01   1.66774E+02  8.81139E-01   1.64690E+02  8.96961E-01   1.62678E+02  9.12631E-01   1.60740E+02  9.28101E-01   1.58877E+02  9.43320E-01   1.57092E+02  9.58237E-01   1.55385E+02  9.72795E-01   1.53759E+02  9.86942E-01   1.52216E+02  1.00062E+00   1.50757E+02  1.01376E+00   1.49384E+02  1.02632E+00   1.48097E+02  1.03824E+00   1.46900E+02  1.04946E+00   1.45793E+02  1.05991E+00   1.44777E+02  1.06956E+00   1.43854E+02  1.07834E+00   1.43024E+02  1.08621E+00   1.42290E+02  1.09313E+00   1.41652E+02  1.09906E+00   1.41110E+02  1.10395E+00   1.40666E+02  1.10779E+00   1.40320E+02  1.11055E+00   1.40073E+02  1.11221E+00   1.39924E+02  1.11277E+00   1.39874E+02  1.11221E+00   1.39924E+02  1.11055E+00   1.40073E+02  1.10779E+00   1.40320E+02  1.10395E+00   1.40666E+02  1.09906E+00   1.41110E+02  1.09313E+00   1.41652E+02  1.08621E+00   1.42290E+02  1.07834E+00   1.43024E+02  1.06956E+00   1.43854E+02  1.05991E+00   1.44777E+02  1.04946E+00   1.45793E+02  1.03824E+00   1.46900E+02  1.02632E+00   1.48097E+02  1.01376E+00   1.49384E+02  1.00062E+00   1.50757E+02  9.86942E-01   1.52216E+02  9.72796E-01   1.53759E+02  9.58237E-01   1.55385E+02  9.43321E-01   1.57092E+02  9.28101E-01   1.58877E+02  9.12631E-01   1.60740E+02  8.96961E-01   1.62678E+02  8.81138E-01   1.64690E+02  8.65207E-01   1.66774E+02  8.49212E-01   1.68929E+02  8.33190E-01   1.71151E+02  8.17179E-01   1.73441E+02  8.01212E-01   1.75795E+02  7.85322E-01   1.78212E+02  7.69535E-01   1.80690E+02  7.53878E-01   1.83229E+02  7.38375E-01   1.85825E+02  7.23047E-01   1.88477E+02  7.07911E-01   1.91184E+02  6.92984E-01   1.93945E+02  6.78278E-01   1.96756E+02  6.63805E-01   1.99618E+02  6.49577E-01   2.02529E+02  6.35602E-01   2.05486E+02  6.21890E-01   2.08489E+02 
 5.90619E-01   2.07237E+02  6.03769E-01   2.04221E+02  6.17173E-01   2.01251E+02  6.30827E-01   1.98327E+02  6.44722E-01   1.95452E+02  6.58850E-01   1.92627E+02  6.73197E-01   1.89853E+02  6.87750E-01   1.87133E+02  7.02495E-01   1.84467E+02  7.17415E-01   1.81857E+02  7.32489E-01   1.79306E+02  7.47696E-01   1.76814E+02  7.63012E-01   1.74383E+02  7.78409E-01   1.72016E+02  7.93856E-01   1.69714E+02  8.09322E-01   1.67478E+02  8.24770E-01   1.65312E+02  8.40164E-01   1.63215E+02  8.55460E-01   1.61191E+02  8.70616E-01   1.59240E+02  8.85586E-01   1.57366E+02  9.00320E-01   1.55569E+02  9.14768E-01   1.53851E+02  9.28877E-01   1.52214E+02  9.42591E-01   1.50661E+02  9.55855E-01   1.49192E+02  9.68612E-01   1.47809E+02  9.80806E-01   1.46514E+02  9.92378E-01   1.45308E+02  1.00327E+00   1.44193E+02  1.01343E+00   1.43169E+02  1.02281E+00   1.42240E+02  1.03135E+00   1.41404E+02  1.03901E+00   1.40665E+02  1.04574E+00   1.40022E+02  1.05151E+00   1.39476E+02  1.05627E+00   1.39029E+02  1.06001E+00   1.38680E+02  1.06270E+00   1.38430E+02  1.06431E+00   1.38281E+02  1.06486E+00   1.38231E+02  1.06431E+00   1.38281E+02  1.06270E+00   1.38430E+02  1.06001E+00   1.38680E+02  1.05627E+00   1.39029E+02  1.05151E+00   1.39476E+02  1.04574E+00   1.40022E+02  1.03901E+00   1.40665E+02  1.03135E+00   1.41404E+02  1.02281E+00   1.42240E+02  1.01343E+00   1.43169E+02  1.00327E+00   1.44193E+02  9.92377E-01   1.45308E+02  9.80805E-01   1.46514E+02  9.68612E-01   1.47809E+02  9.55855E-01   1.49192E+02  9.42591E-01   1.50661E+02  9.28878E-01   1.52215E+02  9.14769E-01   1.53851E+02  9.00321E-01   1.55569E+02  8.85586E-01   1.57366E+02  8.70616E-01   1.59240E+02  8.55459E-01   1.61191E+02  8.40163E-01   1.63215E+02  8.24770E-01   1.65312E+02  8.09322E-01   1.67478E+02  7.93857E-01   1.69714E+02  7.78410E-01   1.72016E+02  7.63014E-01   1.74383E+02  7.47698E-01   1.76814E+02  7.32490E-01   1.79306E+02  7.17415E-01   1.81857E+02  7.02494E-01   1.84467E+02  6.87748E-01   1.87133E+02  6.73195E-01   1.89853E+02  6.58850E-01   1.92627E+02  6.44725E-01   1.95452E+02  6.30829E-01   1.98327E+02  6.17173E-01   2.01251E+02  6.03766E-01   2.04221E+02  5.90617E-01   2.07237E+02 
 5.58466E-01   2.06057E+02  5.71014E-01   2.03028E+02  5.83811E-01   2.00045E+02  5.96850E-01   1.97109E+02  6.10126E-01   1.94221E+02  6.23629E-01   1.91383E+02  6.37350E-01   1.88597E+02  6.51273E-01   1.85863E+02  6.65386E-01   1.83185E+02  6.79671E-01   1.80562E+02  6.94112E-01   1.77998E+02  7.08688E-01   1.75493E+02  7.23375E-01   1.73050E+02  7.38147E-01   1.70671E+02  7.52975E-01   1.68356E+02  7.67827E-01   1.66108E+02  7.82669E-01   1.63929E+02  7.97465E-01   1.61821E+02  8.12176E-01   1.59785E+02  8.26759E-01   1.57823E+02  8.41169E-01   1.55937E+02  8.55360E-01   1.54129E+02  8.69281E-01   1.52401E+02  8.82881E-01   1.50754E+02  8.96107E-01   1.49190E+02  9.08904E-01   1.47712E+02  9.21217E-01   1.46320E+02  9.32990E-01   1.45016E+02  9.44168E-01   1.43802E+02  9.54696E-01   1.42679E+02  9.64519E-01   1.41649E+02  9.73586E-01   1.40713E+02  9.81847E-01   1.39871E+02  9.89256E-01   1.39127E+02  9.95770E-01   1.38479E+02  1.00135E+00   1.37929E+02  1.00596E+00   1.37479E+02  1.00958E+00   1.37127E+02  1.01218E+00   1.36876E+02  1.01375E+00   1.36725E+02  1.01427E+00   1.36675E+02  1.01375E+00   1.36725E+02  1.01218E+00   1.36876E+02  1.00958E+00   1.37127E+02  1.00596E+00   1.37479E+02  1.00135E+00   1.37929E+02  9.95770E-01   1.38479E+02  9.89256E-01   1.39126E+02  9.81847E-01   1.39871E+02  9.73586E-01   1.40713E+02  9.64519E-01   1.41649E+02  9.54696E-01   1.42679E+02  9.44168E-01   1.43802E+02  9.32990E-01   1.45016E+02  9.21217E-01   1.46320E+02  9.08904E-01   1.47712E+02  8.96107E-01   1.49190E+02  8.82881E-01   1.50754E+02  8.69281E-01   1.52401E+02  8.55360E-01   1.54129E+02  8.41170E-01   1.55937E+02  8.26759E-01   1.57823E+02  8.12176E-01   1.59785E+02  7.97464E-01   1.61821E+02  7.82668E-01   1.63929E+02  7.67826E-01   1.66108E+02  7.52974E-01   1.68356E+02  7.38148E-01   1.70671E+02  7.23377E-01   1.73050E+02  7.08691E-01   1.75493E+02  6.94115E-01   1.77998E+02  6.79672E-01   1.80562E+02  6.65385E-01   1.83185E+02  6.51271E-01   1.85863E+02  6.37348E-01   1.88597E+02  6.23630E-01   1.91383E+02  6.10128E-01   1.94221E+02  5.96852E-01   1.97109E+02  5.83811E-01   2.00045E+02  5.71012E-01   2.03028E+02  5.58464E-01   2.06057E+02 
 5.25463E-01   2.04948E+02  5.37371E-01   2.01907E+02  5.49520E-01   1.98912E+02  5.61905E-01   1.95964E+02  5.74521E-01   1.93064E+02  5.87357E-01   1.90214E+02  6.00403E-01   1.87416E+02  6.13649E-01   1.84670E+02  6.27081E-01   1.81980E+02  6.40685E-01   1.79345E+02  6.54442E-01   1.76769E+02  6.68335E-01   1.74252E+02  6.82339E-01   1.71797E+02  6.96430E-01   1.69406E+02  7.10581E-01   1.67079E+02  7.24761E-01   1.64820E+02  7.38939E-01   1.62629E+02  7.53080E-01   1.60509E+02  7.67146E-01   1.58462E+02  7.81097E-01   1.56489E+02  7.94888E-01   1.54592E+02  8.08475E-01   1.52774E+02  8.21809E-01   1.51035E+02  8.34842E-01   1.49379E+02  8.47522E-01   1.47806E+02  8.59795E-01   1.46318E+02  8.71609E-01   1.44917E+02  8.82910E-01   1.43605E+02  8.93643E-01   1.42384E+02  9.03755E-01   1.41254E+02  9.13194E-01   1.40217E+02  9.21908E-01   1.39274E+02  9.29851E-01   1.38427E+02  9.36976E-01   1.37677E+02  9.43241E-01   1.37025E+02  9.48610E-01   1.36472E+02  9.53049E-01   1.36018E+02  9.56531E-01   1.35665E+02  9.59035E-01   1.35412E+02  9.60543E-01   1.35260E+02  9.61047E-01   1.35209E+02  9.60543E-01   1.35260E+02  9.59035E-01   1.35412E+02  9.56531E-01   1.35665E+02  9.53049E-01   1.36018E+02  9.48610E-01   1.36472E+02  9.43241E-01   1.37025E+02  9.36976E-01   1.37677E+02  9.29851E-01   1.38427E+02  9.21909E-01   1.39274E+02  9.13194E-01   1.40217E+02  9.03755E-01   1.41253E+02  8.93643E-01   1.42384E+02  8.82910E-01   1.43605E+02  8.71609E-01   1.44917E+02  8.59795E-01   1.46318E+02  8.47522E-01   1.47806E+02  8.34842E-01   1.49379E+02  8.21810E-01   1.51035E+02  8.08475E-01   1.52774E+02  7.94888E-01   1.54592E+02  7.81097E-01   1.56489E+02  7.67146E-01   1.58462E+02  7.53080E-01   1.60509E+02  7.38938E-01   1.62629E+02  7.24760E-01   1.64820E+02  7.10579E-01   1.67079E+02  6.96429E-01   1.69406E+02  6.82339E-01   1.71797E+02  6.68336E-01   1.74252E+02  6.54445E-01   1.76769E+02  6.40686E-01   1.79345E+02  6.27081E-01   1.81980E+02  6.13648E-01   1.84670E+02  6.00401E-01   1.87416E+02  5.87356E-01   1.90214E+02  5.74522E-01   1.93064E+02  5.61908E-01   1.95964E+02  5.49521E-01   1.98912E+02  5.37370E-01   2.01907E+02  5.25460E-01   2.04948E+02 
 4.91643E-01   2.03911E+02  5.02875E-01   2.00860E+02  5.14340E-01   1.97853E+02  5.26031E-01   1.94894E+02  5.37943E-01   1.91983E+02  5.50069E-01   1.89122E+02  5.62399E-01   1.86312E+02  5.74922E-01   1.83555E+02  5.87627E-01   1.80853E+02  6.00499E-01   1.78207E+02  6.13522E-01   1.75619E+02  6.26678E-01   1.73091E+02  6.39946E-01   1.70625E+02  6.53302E-01   1.68222E+02  6.66721E-01   1.65884E+02  6.80173E-01   1.63614E+02  6.93630E-01   1.61412E+02  7.07058E-01   1.59281E+02  7.20419E-01   1.57223E+02  7.33678E-01   1.55240E+02  7.46790E-01   1.53333E+02  7.59714E-01   1.51505E+02  7.72403E-01   1.49757E+02  7.84810E-01   1.48091E+02  7.96885E-01   1.46509E+02  8.08579E-01   1.45013E+02  8.19839E-01   1.43604E+02  8.30614E-01   1.42284E+02  8.40851E-01   1.41055E+02  8.50500E-01   1.39918E+02  8.59508E-01   1.38875E+02  8.67828E-01   1.37926E+02  8.75413E-01   1.37074E+02  8.82218E-01   1.36320E+02  8.88204E-01   1.35663E+02  8.93335E-01   1.35107E+02  8.97577E-01   1.34650E+02  9.00906E-01   1.34294E+02  9.03298E-01   1.34039E+02  9.04740E-01   1.33886E+02  9.05222E-01   1.33835E+02  9.04740E-01   1.33886E+02  9.03299E-01   1.34039E+02  9.00906E-01   1.34294E+02  8.97577E-01   1.34650E+02  8.93335E-01   1.35107E+02  8.88205E-01   1.35663E+02  8.82219E-01   1.36320E+02  8.75413E-01   1.37074E+02  8.67828E-01   1.37926E+02  8.59508E-01   1.38875E+02  8.50499E-01   1.39918E+02  8.40851E-01   1.41055E+02  8.30614E-01   1.42284E+02  8.19839E-01   1.43604E+02  8.08579E-01   1.45013E+02  7.96885E-01   1.46509E+02  7.84810E-01   1.48091E+02  7.72403E-01   1.49757E+02  7.59714E-01   1.51505E+02  7.46791E-01   1.53333E+02  7.33678E-01   1.55240E+02  7.20420E-01   1.57223E+02  7.07058E-01   1.59281E+02  6.93630E-01   1.61412E+02  6.80173E-01   1.63614E+02  6.66719E-01   1.65884E+02  6.53301E-01   1.68222E+02  6.39946E-01   1.70625E+02  6.26679E-01   1.73091E+02  6.13524E-01   1.75619E+02  6.00500E-01   1.78207E+02  5.87627E-01   1.80853E+02  5.74921E-01   1.83555E+02  5.62397E-01   1.86312E+02  5.50068E-01   1.89122E+02  5.37944E-01   1.91983E+02  5.26033E-01   1.94894E+02  5.14341E-01   1.97854E+02  5.02874E-01   2.00860E+02  4.91641E-01   2.03911E+02 
 4.57046E-01   2.02948E+02  4.67567E-01   1.99886E+02  4.78309E-01   1.96870E+02  4.89268E-01   1.93900E+02  5.00438E-01   1.90978E+02  5.11813E-01   1.88106E+02  5.23382E-01   1.85285E+02  5.35138E-01   1.82518E+02  5.47068E-01   1.79805E+02  5.59161E-01   1.77148E+02  5.71401E-01   1.74550E+02  5.83771E-01   1.72011E+02  5.96251E-01   1.69534E+02  6.08819E-01   1.67121E+02  6.21451E-01   1.64773E+02  6.34120E-01   1.62492E+02  6.46799E-01   1.60280E+02  6.59455E-01   1.58139E+02  6.72054E-01   1.56071E+02  6.84562E-01   1.54078E+02  6.96936E-01   1.52162E+02  7.09138E-01   1.50324E+02  7.21123E-01   1.48567E+02  7.32846E-01   1.46892E+02  7.44260E-01   1.45302E+02  7.55318E-01   1.43797E+02  7.65969E-01   1.42381E+02  7.76165E-01   1.41053E+02  7.85856E-01   1.39817E+02  7.94991E-01   1.38674E+02  8.03524E-01   1.37624E+02  8.11407E-01   1.36671E+02  8.18595E-01   1.35814E+02  8.25046E-01   1.35054E+02  8.30721E-01   1.34394E+02  8.35586E-01   1.33834E+02  8.39610E-01   1.33375E+02  8.42767E-01   1.33017E+02  8.45037E-01   1.32760E+02  8.46405E-01   1.32607E+02  8.46862E-01   1.32555E+02  8.46405E-01   1.32607E+02  8.45037E-01   1.32760E+02  8.42767E-01   1.33017E+02  8.39610E-01   1.33375E+02  8.35587E-01   1.33834E+02  8.30722E-01   1.34394E+02  8.25046E-01   1.35054E+02  8.18595E-01   1.35813E+02  8.11407E-01   1.36671E+02  8.03524E-01   1.37624E+02  7.94991E-01   1.38674E+02  7.85855E-01   1.39817E+02  7.76165E-01   1.41053E+02  7.65969E-01   1.42381E+02  7.55317E-01   1.43797E+02  7.44260E-01   1.45302E+02  7.32846E-01   1.46892E+02  7.21123E-01   1.48567E+02  7.09138E-01   1.50324E+02  6.96937E-01   1.52162E+02  6.84562E-01   1.54078E+02  6.72055E-01   1.56071E+02  6.59455E-01   1.58139E+02  6.46798E-01   1.60280E+02  6.34120E-01   1.62492E+02  6.21450E-01   1.64773E+02  6.08818E-01   1.67121E+02  5.96251E-01   1.69534E+02  5.83772E-01   1.72011E+02  5.71402E-01   1.74550E+02  5.59163E-01   1.77148E+02  5.47069E-01   1.79805E+02  5.35137E-01   1.82518E+02  5.23381E-01   1.85285E+02  5.11811E-01   1.88106E+02  5.00439E-01   1.90978E+02  4.89270E-01   1.93900E+02  4.78312E-01   1.96870E+02  4.67568E-01   1.99886E+02  4.57044E-01   2.02948E+02 
 4.21714E-01   2.02060E+02  4.31490E-01   1.98988E+02  4.41475E-01   1.95961E+02  4.51664E-01   1.92982E+02  4.62053E-01   1.90050E+02  4.72636E-01   1.87168E+02  4.83403E-01   1.84338E+02  4.94349E-01   1.81560E+02  5.05462E-01   1.78837E+02  5.16729E-01   1.76170E+02  5.28139E-01   1.73562E+02  5.39673E-01   1.71013E+02  5.51314E-01   1.68527E+02  5.63042E-01   1.66103E+02  5.74834E-01   1.63745E+02  5.86666E-01   1.61455E+02  5.98512E-01   1.59233E+02  6.10341E-01   1.57083E+02  6.22122E-01   1.55006E+02  6.33821E-01   1.53004E+02  6.45400E-01   1.51078E+02  6.56822E-01   1.49232E+02  6.68045E-01   1.47467E+02  6.79027E-01   1.45784E+02  6.89724E-01   1.44185E+02  7.00090E-01   1.42673E+02  7.10079E-01   1.41249E+02  7.19644E-01   1.39915E+02  7.28738E-01   1.38673E+02  7.37313E-01   1.37523E+02  7.45325E-01   1.36468E+02  7.52729E-01   1.35509E+02  7.59481E-01   1.34647E+02  7.65543E-01   1.33884E+02  7.70877E-01   1.33220E+02  7.75450E-01   1.32657E+02  7.79233E-01   1.32194E+02  7.82201E-01   1.31834E+02  7.84335E-01   1.31577E+02  7.85622E-01   1.31422E+02  7.86051E-01   1.31370E+02  7.85622E-01   1.31422E+02  7.84335E-01   1.31577E+02  7.82201E-01   1.31834E+02  7.79233E-01   1.32194E+02  7.75450E-01   1.32657E+02  7.70877E-01   1.33220E+02  7.65543E-01   1.33884E+02  7.59482E-01   1.34647E+02  7.52729E-01   1.35509E+02  7.45325E-01   1.36468E+02  7.37313E-01   1.37523E+02  7.28738E-01   1.38672E+02  7.19644E-01   1.39915E+02  7.10079E-01   1.41249E+02  7.00090E-01   1.42673E+02  6.89723E-01   1.44185E+02  6.79027E-01   1.45784E+02  6.68045E-01   1.47466E+02  6.56822E-01   1.49232E+02  6.45401E-01   1.51078E+02  6.33821E-01   1.53004E+02  6.22123E-01   1.55006E+02  6.10342E-01   1.57083E+02  5.98512E-01   1.59233E+02  5.86666E-01   1.61455E+02  5.74833E-01   1.63745E+02  5.63041E-01   1.66103E+02  5.51314E-01   1.68527E+02  5.39673E-01   1.71013E+02  5.28140E-01   1.73562E+02  5.16731E-01   1.76170E+02  5.05463E-01   1.78837E+02  4.94349E-01   1.81560E+02  4.83403E-01   1.84338E+02  4.72634E-01   1.87168E+02  4.62053E-01   1.90050E+02  4.51666E-01   1.92982E+02  4.41477E-01   1.95961E+02  4.31491E-01   1.98988E+02  4.21712E-01   2.02060E+02 
 3.85692E-01   2.01246E+02  3.94692E-01   1.98165E+02  4.03885E-01   1.95130E+02  4.13269E-01   1.92141E+02  4.22842E-01   1.89200E+02  4.32595E-01   1.86309E+02  4.42522E-01   1.83469E+02  4.52616E-01   1.80683E+02  4.62868E-01   1.77950E+02  4.73266E-01   1.75275E+02  4.83799E-01   1.72657E+02  4.94451E-01   1.70099E+02  5.05206E-01   1.67603E+02  5.16044E-01   1.65171E+02  5.26946E-01   1.62804E+02  5.37889E-01   1.60504E+02  5.48848E-01   1.58274E+02  5.59796E-01   1.56115E+02  5.70703E-01   1.54029E+02  5.81538E-01   1.52018E+02  5.92267E-01   1.50085E+02  6.02854E-01   1.48230E+02  6.13259E-01   1.46457E+02  6.23445E-01   1.44767E+02  6.33370E-01   1.43161E+02  6.42991E-01   1.41642E+02  6.52265E-01   1.40211E+02  6.61148E-01   1.38871E+02  6.69596E-01   1.37622E+02  6.77565E-01   1.36467E+02  6.85012E-01   1.35406E+02  6.91895E-01   1.34442E+02  6.98175E-01   1.33576E+02  7.03813E-01   1.32809E+02  7.08775E-01   1.32142E+02  7.13030E-01   1.31575E+02  7.16550E-01   1.31111E+02  7.19312E-01   1.30749E+02  7.21299E-01   1.30490E+02  7.22496E-01   1.30335E+02  7.22896E-01   1.30283E+02  7.22496E-01   1.30335E+02  7.21299E-01   1.30490E+02  7.19312E-01   1.30749E+02  7.16550E-01   1.31111E+02  7.13030E-01   1.31575E+02  7.08775E-01   1.32142E+02  7.03813E-01   1.32809E+02  6.98175E-01   1.33576E+02  6.91896E-01   1.34442E+02  6.85012E-01   1.35406E+02  6.77565E-01   1.36467E+02  6.69596E-01   1.37622E+02  6.61148E-01   1.38870E+02  6.52265E-01   1.40211E+02  6.42990E-01   1.41642E+02  6.33369E-01   1.43161E+02  6.23445E-01   1.44766E+02  6.13259E-01   1.46457E+02  6.02854E-01   1.48230E+02  5.92268E-01   1.50085E+02  5.81539E-01   1.52018E+02  5.70704E-01   1.54029E+02  5.59797E-01   1.56115E+02  5.48848E-01   1.58274E+02  5.37889E-01   1.60504E+02  5.26945E-01   1.62804E+02  5.16043E-01   1.65171E+02  5.05205E-01   1.67603E+02  4.94451E-01   1.70099E+02  4.83800E-01   1.72657E+02  4.73268E-01   1.75274E+02  4.62869E-01   1.77950E+02  4.52617E-01   1.80683E+02  4.42522E-01   1.83469E+02  4.32593E-01   1.86309E+02  4.22841E-01   1.89200E+02  4.13271E-01   1.92141E+02  4.03887E-01   1.95130E+02  3.94693E-01   1.98165E+02  3.85691E-01   2.01246E+02 
 3.49032E-01   2.00507E+02  3.57223E-01   1.97418E+02  3.65594E-01   1.94375E+02  3.74141E-01   1.91378E+02  3.82862E-01   1.88429E+02  3.91749E-01   1.85529E+02  4.00798E-01   1.82681E+02  4.10003E-01   1.79886E+02  4.19354E-01   1.77145E+02  4.28842E-01   1.74461E+02  4.38455E-01   1.71835E+02  4.48180E-01   1.69269E+02  4.58002E-01   1.66765E+02  4.67904E-01   1.64324E+02  4.77867E-01   1.61949E+02  4.87871E-01   1.59641E+02  4.97894E-01   1.57402E+02  5.07909E-01   1.55235E+02  5.17891E-01   1.53142E+02  5.27810E-01   1.51123E+02  5.37635E-01   1.49182E+02  5.47332E-01   1.47320E+02  5.56867E-01   1.45540E+02  5.66204E-01   1.43842E+02  5.75304E-01   1.42230E+02  5.84129E-01   1.40704E+02  5.92638E-01   1.39267E+02  6.00790E-01   1.37921E+02  6.08545E-01   1.36667E+02  6.15863E-01   1.35506E+02  6.22703E-01   1.34441E+02  6.29026E-01   1.33473E+02  6.34796E-01   1.32603E+02  6.39978E-01   1.31832E+02  6.44539E-01   1.31161E+02  6.48450E-01   1.30593E+02  6.51687E-01   1.30126E+02  6.54227E-01   1.29762E+02  6.56054E-01   1.29502E+02  6.57155E-01   1.29346E+02  6.57523E-01   1.29294E+02  6.57155E-01   1.29346E+02  6.56054E-01   1.29502E+02  6.54227E-01   1.29762E+02  6.51687E-01   1.30126E+02  6.48450E-01   1.30593E+02  6.44539E-01   1.31161E+02  6.39978E-01   1.31832E+02  6.34796E-01   1.32603E+02  6.29026E-01   1.33473E+02  6.22703E-01   1.34441E+02  6.15863E-01   1.35506E+02  6.08545E-01   1.36667E+02  6.00790E-01   1.37921E+02  5.92637E-01   1.39267E+02  5.84128E-01   1.40704E+02  5.75304E-01   1.42230E+02  5.66203E-01   1.43842E+02  5.56867E-01   1.45540E+02  5.47332E-01   1.47320E+02  5.37635E-01   1.49182E+02  5.27811E-01   1.51123E+02  5.17892E-01   1.53142E+02  5.07910E-01   1.55235E+02  4.97894E-01   1.57402E+02  4.87871E-01   1.59641E+02  4.77866E-01   1.61948E+02  4.67903E-01   1.64324E+02  4.58001E-01   1.66764E+02  4.48180E-01   1.69269E+02  4.38455E-01   1.71835E+02  4.28843E-01   1.74461E+02  4.19355E-01   1.77145E+02  4.10003E-01   1.79886E+02  4.00798E-01   1.82681E+02  3.91748E-01   1.85529E+02  3.82861E-01   1.88429E+02  3.74142E-01   1.91378E+02  3.65596E-01   1.94375E+02  3.57225E-01   1.97418E+02  3.49031E-01   2.00507E+02 
 3.11785E-01   1.99845E+02  3.19141E-01   1.96749E+02  3.26659E-01   1.93698E+02  3.34339E-01   1.90693E+02  3.42176E-01   1.87737E+02  3.50165E-01   1.84830E+02  3.58301E-01   1.81974E+02  3.66580E-01   1.79171E+02  3.74992E-01   1.76423E+02  3.83531E-01   1.73731E+02  3.92185E-01   1.71097E+02  4.00942E-01   1.68524E+02  4.09788E-01   1.66012E+02  4.18710E-01   1.63563E+02  4.27689E-01   1.61181E+02  4.36708E-01   1.58865E+02  4.45747E-01   1.56620E+02  4.54781E-01   1.54445E+02  4.63789E-01   1.52345E+02  4.72742E-01   1.50319E+02  4.81613E-01   1.48371E+02  4.90371E-01   1.46503E+02  4.98986E-01   1.44716E+02  5.07424E-01   1.43012E+02  5.15650E-01   1.41393E+02  5.23629E-01   1.39862E+02  5.31325E-01   1.38420E+02  5.38701E-01   1.37068E+02  5.45719E-01   1.35809E+02  5.52343E-01   1.34643E+02  5.58535E-01   1.33574E+02  5.64261E-01   1.32602E+02  5.69487E-01   1.31728E+02  5.74181E-01   1.30954E+02  5.78313E-01   1.30280E+02  5.81857E-01   1.29709E+02  5.84790E-01   1.29240E+02  5.87093E-01   1.28875E+02  5.88748E-01   1.28614E+02  5.89746E-01   1.28457E+02  5.90080E-01   1.28404E+02  5.89746E-01   1.28457E+02  5.88748E-01   1.28614E+02  5.87093E-01   1.28875E+02  5.84791E-01   1.29240E+02  5.81858E-01   1.29709E+02  5.78313E-01   1.30280E+02  5.74181E-01   1.30954E+02  5.69487E-01   1.31728E+02  5.64261E-01   1.32602E+02  5.58535E-01   1.33574E+02  5.52342E-01   1.34643E+02  5.45719E-01   1.35808E+02  5.38701E-01   1.37068E+02  5.31325E-01   1.38419E+02  5.23629E-01   1.39862E+02  5.15649E-01   1.41393E+02  5.07423E-01   1.43012E+02  4.98985E-01   1.44716E+02  4.90371E-01   1.46503E+02  4.81613E-01   1.48371E+02  4.72742E-01   1.50319E+02  4.63789E-01   1.52345E+02  4.54783E-01   1.54446E+02  4.45747E-01   1.56620E+02  4.36709E-01   1.58866E+02  4.27689E-01   1.61181E+02  4.18709E-01   1.63564E+02  4.09788E-01   1.66012E+02  4.00941E-01   1.68524E+02  3.92185E-01   1.71098E+02  3.83532E-01   1.73731E+02  3.74994E-01   1.76423E+02  3.66581E-01   1.79171E+02  3.58301E-01   1.81974E+02  3.50163E-01   1.84830E+02  3.42174E-01   1.87737E+02  3.34339E-01   1.90693E+02  3.26661E-01   1.93698E+02  3.19142E-01   1.96749E+02  3.11784E-01   1.99845E+02 
 2.74007E-01   1.99259E+02  2.80502E-01   1.96156E+02  2.87142E-01   1.93099E+02  2.93926E-01   1.90088E+02  3.00850E-01   1.87124E+02  3.07910E-01   1.84211E+02  3.15103E-01   1.81349E+02  3.22423E-01   1.78539E+02  3.29863E-01   1.75784E+02  3.37417E-01   1.73085E+02  3.45074E-01   1.70445E+02  3.52825E-01   1.67864E+02  3.60657E-01   1.65346E+02  3.68557E-01   1.62891E+02  3.76511E-01   1.60501E+02  3.84502E-01   1.58179E+02  3.92513E-01   1.55927E+02  4.00523E-01   1.53746E+02  4.08511E-01   1.51639E+02  4.16452E-01   1.49608E+02  4.24323E-01   1.47654E+02  4.32096E-01   1.45779E+02  4.39743E-01   1.43986E+02  4.47236E-01   1.42277E+02  4.54542E-01   1.40653E+02  4.61631E-01   1.39116E+02  4.68470E-01   1.37669E+02  4.75026E-01   1.36312E+02  4.81265E-01   1.35048E+02  4.87155E-01   1.33879E+02  4.92663E-01   1.32806E+02  4.97757E-01   1.31830E+02  5.02407E-01   1.30953E+02  5.06584E-01   1.30176E+02  5.10261E-01   1.29500E+02  5.13416E-01   1.28926E+02  5.16027E-01   1.28456E+02  5.18076E-01   1.28089E+02  5.19551E-01   1.27827E+02  5.20439E-01   1.27669E+02  5.20736E-01   1.27617E+02  5.20439E-01   1.27669E+02  5.19551E-01   1.27827E+02  5.18077E-01   1.28089E+02  5.16027E-01   1.28456E+02  5.13416E-01   1.28926E+02  5.10261E-01   1.29500E+02  5.06584E-01   1.30176E+02  5.02407E-01   1.30953E+02  4.97757E-01   1.31830E+02  4.92663E-01   1.32806E+02  4.87155E-01   1.33879E+02  4.81265E-01   1.35048E+02  4.75026E-01   1.36312E+02  4.68470E-01   1.37669E+02  4.61630E-01   1.39116E+02  4.54542E-01   1.40653E+02  4.47235E-01   1.42277E+02  4.39743E-01   1.43986E+02  4.32096E-01   1.45779E+02  4.24323E-01   1.47654E+02  4.16453E-01   1.49608E+02  4.08511E-01   1.51639E+02  4.00524E-01   1.53747E+02  3.92514E-01   1.55927E+02  3.84503E-01   1.58180E+02  3.76511E-01   1.60501E+02  3.68556E-01   1.62891E+02  3.60656E-01   1.65346E+02  3.52824E-01   1.67864E+02  3.45074E-01   1.70445E+02  3.37418E-01   1.73085E+02  3.29865E-01   1.75784E+02  3.22424E-01   1.78539E+02  3.15103E-01   1.81349E+02  3.07909E-01   1.84211E+02  3.00848E-01   1.87125E+02  2.93926E-01   1.90087E+02  2.87144E-01   1.93099E+02  2.80504E-01   1.96156E+02  2.74007E-01   1.99259E+02 
 2.35759E-01   1.98750E+02  2.41370E-01   1.95642E+02  2.47107E-01   1.92579E+02  2.52970E-01   1.89562E+02  2.58956E-01   1.86593E+02  2.65060E-01   1.83673E+02  2.71280E-01   1.80805E+02  2.77612E-01   1.77990E+02  2.84049E-01   1.75229E+02  2.90585E-01   1.72524E+02  2.97213E-01   1.69878E+02  3.03923E-01   1.67292E+02  3.10705E-01   1.64767E+02  3.17549E-01   1.62306E+02  3.24439E-01   1.59911E+02  3.31364E-01   1.57583E+02  3.38308E-01   1.55325E+02  3.45252E-01   1.53139E+02  3.52179E-01   1.51026E+02  3.59068E-01   1.48989E+02  3.65896E-01   1.47030E+02  3.72642E-01   1.45150E+02  3.79280E-01   1.43352E+02  3.85785E-01   1.41638E+02  3.92130E-01   1.40009E+02  3.98288E-01   1.38468E+02  4.04229E-01   1.37016E+02  4.09926E-01   1.35655E+02  4.15349E-01   1.34387E+02  4.20469E-01   1.33214E+02  4.25258E-01   1.32137E+02  4.29688E-01   1.31158E+02  4.33732E-01   1.30278E+02  4.37365E-01   1.29499E+02  4.40565E-01   1.28821E+02  4.43309E-01   1.28245E+02  4.45581E-01   1.27773E+02  4.47365E-01   1.27405E+02  4.48648E-01   1.27142E+02  4.49421E-01   1.26984E+02  4.49680E-01   1.26931E+02  4.49421E-01   1.26984E+02  4.48648E-01   1.27142E+02  4.47365E-01   1.27405E+02  4.45582E-01   1.27773E+02  4.43310E-01   1.28245E+02  4.40565E-01   1.28821E+02  4.37365E-01   1.29499E+02  4.33732E-01   1.30278E+02  4.29688E-01   1.31158E+02  4.25258E-01   1.32137E+02  4.20469E-01   1.33214E+02  4.15349E-01   1.34387E+02  4.09926E-01   1.35655E+02  4.04229E-01   1.37016E+02  3.98287E-01   1.38467E+02  3.92130E-01   1.40009E+02  3.85784E-01   1.41638E+02  3.79280E-01   1.43352E+02  3.72642E-01   1.45150E+02  3.65896E-01   1.47030E+02  3.59068E-01   1.48989E+02  3.52180E-01   1.51026E+02  3.45253E-01   1.53139E+02  3.38309E-01   1.55325E+02  3.31365E-01   1.57583E+02  3.24439E-01   1.59911E+02  3.17548E-01   1.62306E+02  3.10704E-01   1.64767E+02  3.03923E-01   1.67291E+02  2.97213E-01   1.69878E+02  2.90586E-01   1.72524E+02  2.84050E-01   1.75229E+02  2.77613E-01   1.77990E+02  2.71281E-01   1.80805E+02  2.65059E-01   1.83673E+02  2.58954E-01   1.86593E+02  2.52970E-01   1.89562E+02  2.47109E-01   1.92578E+02  2.41372E-01   1.95642E+02  2.35759E-01   1.98750E+02 
 1.97102E-01   1.98319E+02  2.01809E-01   1.95206E+02  2.06623E-01   1.92138E+02  2.11544E-01   1.89116E+02  2.16568E-01   1.86142E+02  2.21692E-01   1.83218E+02  2.26914E-01   1.80345E+02  2.32231E-01   1.77524E+02  2.37638E-01   1.74758E+02  2.43130E-01   1.72048E+02  2.48700E-01   1.69397E+02  2.54339E-01   1.66806E+02  2.60040E-01   1.64276E+02  2.65793E-01   1.61810E+02  2.71588E-01   1.59410E+02  2.77413E-01   1.57077E+02  2.83255E-01   1.54815E+02  2.89098E-01   1.52623E+02  2.94928E-01   1.50506E+02  3.00727E-01   1.48464E+02  3.06477E-01   1.46500E+02  3.12157E-01   1.44616E+02  3.17749E-01   1.42814E+02  3.23229E-01   1.41095E+02  3.28576E-01   1.39462E+02  3.33766E-01   1.37917E+02  3.38774E-01   1.36462E+02  3.43578E-01   1.35097E+02  3.48151E-01   1.33826E+02  3.52469E-01   1.32650E+02  3.56509E-01   1.31570E+02  3.60246E-01   1.30589E+02  3.63658E-01   1.29706E+02  3.66724E-01   1.28924E+02  3.69424E-01   1.28245E+02  3.71741E-01   1.27667E+02  3.73659E-01   1.27194E+02  3.75164E-01   1.26825E+02  3.76247E-01   1.26561E+02  3.76900E-01   1.26403E+02  3.77118E-01   1.26350E+02  3.76900E-01   1.26403E+02  3.76247E-01   1.26561E+02  3.75164E-01   1.26825E+02  3.73659E-01   1.27194E+02  3.71741E-01   1.27667E+02  3.69424E-01   1.28245E+02  3.66724E-01   1.28925E+02  3.63658E-01   1.29706E+02  3.60246E-01   1.30589E+02  3.56509E-01   1.31570E+02  3.52469E-01   1.32650E+02  3.48151E-01   1.33826E+02  3.43577E-01   1.35097E+02  3.38774E-01   1.36462E+02  3.33765E-01   1.37917E+02  3.28575E-01   1.39462E+02  3.23229E-01   1.41095E+02  3.17748E-01   1.42814E+02  3.12157E-01   1.44616E+02  3.06477E-01   1.46500E+02  3.00728E-01   1.48464E+02  2.94929E-01   1.50506E+02  2.89099E-01   1.52624E+02  2.83255E-01   1.54815E+02  2.77413E-01   1.57078E+02  2.71588E-01   1.59410E+02  2.65792E-01   1.61810E+02  2.60039E-01   1.64276E+02  2.54338E-01   1.66806E+02  2.48699E-01   1.69397E+02  2.43131E-01   1.72048E+02  2.37640E-01   1.74758E+02  2.32232E-01   1.77524E+02  2.26915E-01   1.80345E+02  2.21691E-01   1.83218E+02  2.16566E-01   1.86142E+02  2.11543E-01   1.89116E+02  2.06625E-01   1.92138E+02  2.01811E-01   1.95206E+02  1.97102E-01   1.98319E+02 
 1.58100E-01   1.97966E+02  1.61886E-01   1.94849E+02  1.65760E-01   1.91777E+02  1.69719E-01   1.88751E+02  1.73762E-01   1.85773E+02  1.77886E-01   1.82844E+02  1.82090E-01   1.79967E+02  1.86371E-01   1.77142E+02  1.90725E-01   1.74372E+02  1.95147E-01   1.71659E+02  1.99633E-01   1.69003E+02  2.04177E-01   1.66408E+02  2.08770E-01   1.63874E+02  2.13407E-01   1.61404E+02  2.18077E-01   1.59000E+02  2.22773E-01   1.56663E+02  2.27483E-01   1.54396E+02  2.32195E-01   1.52201E+02  2.36898E-01   1.50080E+02  2.41575E-01   1.48034E+02  2.46214E-01   1.46066E+02  2.50798E-01   1.44179E+02  2.55311E-01   1.42373E+02  2.59735E-01   1.40651E+02  2.64051E-01   1.39014E+02  2.68242E-01   1.37466E+02  2.72287E-01   1.36007E+02  2.76167E-01   1.34640E+02  2.79861E-01   1.33366E+02  2.83350E-01   1.32187E+02  2.86614E-01   1.31105E+02  2.89634E-01   1.30121E+02  2.92392E-01   1.29237E+02  2.94871E-01   1.28453E+02  2.97054E-01   1.27772E+02  2.98927E-01   1.27193E+02  3.00477E-01   1.26719E+02  3.01694E-01   1.26349E+02  3.02570E-01   1.26084E+02  3.03097E-01   1.25925E+02  3.03274E-01   1.25872E+02  3.03098E-01   1.25926E+02  3.02570E-01   1.26084E+02  3.01694E-01   1.26349E+02  3.00477E-01   1.26719E+02  2.98927E-01   1.27193E+02  2.97054E-01   1.27772E+02  2.94871E-01   1.28453E+02  2.92393E-01   1.29237E+02  2.89635E-01   1.30121E+02  2.86615E-01   1.31105E+02  2.83351E-01   1.32188E+02  2.79861E-01   1.33366E+02  2.76167E-01   1.34640E+02  2.72287E-01   1.36007E+02  2.68242E-01   1.37466E+02  2.64051E-01   1.39014E+02  2.59734E-01   1.40650E+02  2.55311E-01   1.42373E+02  2.50798E-01   1.44179E+02  2.46214E-01   1.46066E+02  2.41576E-01   1.48034E+02  2.36898E-01   1.50080E+02  2.32196E-01   1.52201E+02  2.27484E-01   1.54396E+02  2.22773E-01   1.56663E+02  2.18077E-01   1.59000E+02  2.13406E-01   1.61404E+02  2.08769E-01   1.63874E+02  2.04176E-01   1.66408E+02  1.99633E-01   1.69003E+02  1.95148E-01   1.71659E+02  1.90726E-01   1.74372E+02  1.86372E-01   1.77143E+02  1.82091E-01   1.79967E+02  1.77885E-01   1.82844E+02  1.73760E-01   1.85773E+02  1.69718E-01   1.88751E+02  1.65761E-01   1.91776E+02  1.61889E-01   1.94849E+02  1.58101E-01   1.97966E+02 
 1.18820E-01   1.97691E+02  1.21672E-01   1.94570E+02  1.24590E-01   1.91495E+02  1.27573E-01   1.88466E+02  1.30619E-01   1.85485E+02  1.33727E-01   1.82554E+02  1.36895E-01   1.79673E+02  1.40122E-01   1.76845E+02  1.43403E-01   1.74072E+02  1.46738E-01   1.71355E+02  1.50121E-01   1.68696E+02  1.53547E-01   1.66098E+02  1.57011E-01   1.63560E+02  1.60508E-01   1.61087E+02  1.64031E-01   1.58680E+02  1.67574E-01   1.56340E+02  1.71128E-01   1.54070E+02  1.74685E-01   1.51872E+02  1.78234E-01   1.49747E+02  1.81765E-01   1.47699E+02  1.85268E-01   1.45728E+02  1.88729E-01   1.43838E+02  1.92137E-01   1.42029E+02  1.95478E-01   1.40304E+02  1.98739E-01   1.38665E+02  2.01904E-01   1.37114E+02  2.04961E-01   1.35653E+02  2.07893E-01   1.34284E+02  2.10685E-01   1.33008E+02  2.13322E-01   1.31827E+02  2.15789E-01   1.30743E+02  2.18072E-01   1.29757E+02  2.20157E-01   1.28871E+02  2.22031E-01   1.28086E+02  2.23682E-01   1.27403E+02  2.25098E-01   1.26824E+02  2.26270E-01   1.26348E+02  2.27191E-01   1.25978E+02  2.27853E-01   1.25713E+02  2.28252E-01   1.25554E+02  2.28386E-01   1.25501E+02  2.28252E-01   1.25554E+02  2.27853E-01   1.25713E+02  2.27191E-01   1.25978E+02  2.26270E-01   1.26349E+02  2.25098E-01   1.26824E+02  2.23682E-01   1.27403E+02  2.22031E-01   1.28086E+02  2.20158E-01   1.28871E+02  2.18073E-01   1.29757E+02  2.15789E-01   1.30743E+02  2.13322E-01   1.31827E+02  2.10685E-01   1.33008E+02  2.07893E-01   1.34284E+02  2.04961E-01   1.35653E+02  2.01904E-01   1.37114E+02  1.98738E-01   1.38665E+02  1.95478E-01   1.40304E+02  1.92136E-01   1.42029E+02  1.88729E-01   1.43838E+02  1.85268E-01   1.45728E+02  1.81766E-01   1.47699E+02  1.78235E-01   1.49747E+02  1.74686E-01   1.51872E+02  1.71129E-01   1.54070E+02  1.67575E-01   1.56340E+02  1.64032E-01   1.58680E+02  1.60507E-01   1.61087E+02  1.57010E-01   1.63561E+02  1.53545E-01   1.66097E+02  1.50120E-01   1.68696E+02  1.46738E-01   1.71355E+02  1.43405E-01   1.74072E+02  1.40123E-01   1.76845E+02  1.36896E-01   1.79673E+02  1.33726E-01   1.82554E+02  1.30617E-01   1.85486E+02  1.27572E-01   1.88466E+02  1.24591E-01   1.91495E+02  1.21675E-01   1.94570E+02  1.18821E-01   1.97691E+02 
 7.93304E-02   1.97494E+02  8.12376E-02   1.94372E+02  8.31890E-02   1.91294E+02  8.51844E-02   1.88263E+02  8.72220E-02   1.85280E+02  8.93004E-02   1.82346E+02  9.14197E-02   1.79463E+02  9.35787E-02   1.76632E+02  9.57745E-02   1.73857E+02  9.80058E-02   1.71138E+02  1.00270E-01   1.68476E+02  1.02563E-01   1.65876E+02  1.04881E-01   1.63336E+02  1.07222E-01   1.60861E+02  1.09581E-01   1.58451E+02  1.11953E-01   1.56109E+02  1.14333E-01   1.53837E+02  1.16714E-01   1.51636E+02  1.19092E-01   1.49510E+02  1.21457E-01   1.47459E+02  1.23803E-01   1.45487E+02  1.26122E-01   1.43594E+02  1.28405E-01   1.41783E+02  1.30643E-01   1.40057E+02  1.32828E-01   1.38416E+02  1.34950E-01   1.36863E+02  1.36998E-01   1.35400E+02  1.38963E-01   1.34029E+02  1.40835E-01   1.32751E+02  1.42603E-01   1.31569E+02  1.44257E-01   1.30483E+02  1.45788E-01   1.29496E+02  1.47186E-01   1.28609E+02  1.48442E-01   1.27823E+02  1.49549E-01   1.27140E+02  1.50499E-01   1.26559E+02  1.51285E-01   1.26083E+02  1.51902E-01   1.25712E+02  1.52346E-01   1.25447E+02  1.52614E-01   1.25288E+02  1.52704E-01   1.25234E+02  1.52614E-01   1.25288E+02  1.52346E-01   1.25447E+02  1.51902E-01   1.25712E+02  1.51285E-01   1.26084E+02  1.50499E-01   1.26560E+02  1.49549E-01   1.27140E+02  1.48443E-01   1.27823E+02  1.47186E-01   1.28609E+02  1.45788E-01   1.29497E+02  1.44257E-01   1.30483E+02  1.42603E-01   1.31569E+02  1.40835E-01   1.32751E+02  1.38963E-01   1.34029E+02  1.36998E-01   1.35400E+02  1.34949E-01   1.36863E+02  1.32828E-01   1.38416E+02  1.30643E-01   1.40056E+02  1.28404E-01   1.41783E+02  1.26121E-01   1.43594E+02  1.23803E-01   1.45487E+02  1.21457E-01   1.47459E+02  1.19092E-01   1.49510E+02  1.16716E-01   1.51636E+02  1.14334E-01   1.53837E+02  1.11953E-01   1.56109E+02  1.09581E-01   1.58451E+02  1.07221E-01   1.60861E+02  1.04880E-01   1.63337E+02  1.02561E-01   1.65876E+02  1.00269E-01   1.68477E+02  9.80062E-02   1.71138E+02  9.57759E-02   1.73857E+02  9.35796E-02   1.76633E+02  9.14210E-02   1.79463E+02  8.93001E-02   1.82346E+02  8.72199E-02   1.85280E+02  8.51834E-02   1.88263E+02  8.31905E-02   1.91294E+02  8.12402E-02   1.94372E+02  7.93315E-02   1.97494E+02 
 3.97003E-02   1.97376E+02  4.06554E-02   1.94252E+02  4.16330E-02   1.91173E+02  4.26331E-02   1.88141E+02  4.36541E-02   1.85156E+02  4.46950E-02   1.82221E+02  4.57566E-02   1.79337E+02  4.68386E-02   1.76504E+02  4.79388E-02   1.73728E+02  4.90570E-02   1.71007E+02  5.01920E-02   1.68344E+02  5.13412E-02   1.65743E+02  5.25031E-02   1.63202E+02  5.36761E-02   1.60725E+02  5.48581E-02   1.58314E+02  5.60473E-02   1.55970E+02  5.72405E-02   1.53696E+02  5.84349E-02   1.51494E+02  5.96271E-02   1.49367E+02  6.08129E-02   1.47315E+02  6.19893E-02   1.45341E+02  6.31517E-02   1.43448E+02  6.42964E-02   1.41636E+02  6.54190E-02   1.39908E+02  6.65146E-02   1.38266E+02  6.75789E-02   1.36712E+02  6.86063E-02   1.35248E+02  6.95922E-02   1.33876E+02  7.05309E-02   1.32597E+02  7.14180E-02   1.31414E+02  7.22482E-02   1.30328E+02  7.30163E-02   1.29340E+02  7.37178E-02   1.28452E+02  7.43483E-02   1.27665E+02  7.49038E-02   1.26981E+02  7.53803E-02   1.26400E+02  7.57748E-02   1.25924E+02  7.60845E-02   1.25553E+02  7.63074E-02   1.25287E+02  7.64417E-02   1.25128E+02  7.64867E-02   1.25074E+02  7.64418E-02   1.25128E+02  7.63073E-02   1.25287E+02  7.60845E-02   1.25553E+02  7.57747E-02   1.25924E+02  7.53802E-02   1.26401E+02  7.49037E-02   1.26981E+02  7.43484E-02   1.27665E+02  7.37179E-02   1.28452E+02  7.30163E-02   1.29340E+02  7.22483E-02   1.30327E+02  7.14182E-02   1.31414E+02  7.05311E-02   1.32597E+02  6.95919E-02   1.33876E+02  6.86063E-02   1.35248E+02  6.75785E-02   1.36712E+02  6.65145E-02   1.38266E+02  6.54189E-02   1.39908E+02  6.42964E-02   1.41636E+02  6.31517E-02   1.43447E+02  6.19892E-02   1.45342E+02  6.08134E-02   1.47315E+02  5.96275E-02   1.49367E+02  5.84358E-02   1.51495E+02  5.72415E-02   1.53697E+02  5.60479E-02   1.55971E+02  5.48586E-02   1.58314E+02  5.36755E-02   1.60725E+02  5.25019E-02   1.63202E+02  5.13400E-02   1.65742E+02  5.01908E-02   1.68345E+02  4.90573E-02   1.71007E+02  4.79399E-02   1.73728E+02  4.68394E-02   1.76506E+02  4.57578E-02   1.79337E+02  4.46946E-02   1.82221E+02  4.36520E-02   1.85157E+02  4.26319E-02   1.88140E+02  4.16343E-02   1.91172E+02  4.06579E-02   1.94251E+02  3.97011E-02   1.97376E+02 
 7.99441E-07   3.65449E+01  1.18272E-06   4.61322E+01  8.75749E-07   1.91115E+01  3.03407E-07   2.70187E+02  5.40225E-07   1.82658E+02  6.57810E-07   2.89138E+02  9.00471E-07   3.24973E+02  6.95028E-07   5.40738E+01  4.91019E-07   4.48451E+01  5.47306E-07   9.07739E+01  8.08972E-07   1.34256E+02  7.31547E-07   2.15182E+02  2.14767E-07   2.21392E+02  3.30297E-07   2.98688E+02  5.45693E-07   3.31476E+02  9.73143E-07   4.27336E+01  6.31119E-07   5.52964E+01  9.47891E-07   7.96418E+01  8.66482E-07   1.16762E+02  6.06797E-07   1.38819E+02  6.08436E-07   1.54916E+02  9.76288E-07   2.17660E+02  8.72588E-07   2.34144E+02  1.26862E-06   2.41809E+02  1.07419E-06   2.65500E+02  1.06078E-06   2.64398E+02  9.27331E-07   2.80203E+02  4.51289E-07   2.95003E+02  4.21936E-07   3.08910E+02  4.12240E-07   2.59717E+01  5.17472E-07   5.79242E+01  8.84205E-07   7.05428E+01  8.34308E-07   9.14832E+01  1.13755E-06   9.58267E+01  1.20926E-06   1.07398E+02  1.26290E-06   9.91897E+01  1.28139E-06   1.03085E+02  1.21233E-06   9.79815E+01  1.10090E-06   9.57107E+01  1.11910E-06   9.59022E+01  1.14885E-06   9.79476E+01  1.12825E-06   1.01209E+02  1.12390E-06   9.99341E+01  1.05697E-06   1.00959E+02  1.03189E-06   9.67478E+01  1.08712E-06   1.04287E+02  1.14383E-06   1.01650E+02  9.20284E-07   1.06669E+02  8.84929E-07   9.94533E+01  7.17495E-07   9.55587E+01  6.70385E-07   6.89007E+01  3.00444E-07   4.47292E+01  3.12325E-07   6.97400E+00  7.28447E-07   3.03812E+02  7.14088E-07   2.94436E+02  9.41528E-07   2.94653E+02  8.44173E-07   2.79485E+02  7.16120E-07   2.75724E+02  7.45038E-07   2.50574E+02  3.62287E-07   1.91365E+02  7.45917E-07   1.86396E+02  1.12735E-06   1.45493E+02  1.21104E-06   1.39688E+02  1.17061E-06   1.43307E+02  8.35408E-07   1.26868E+02  1.93026E-07   1.96044E+02  1.21986E-07   3.07853E+02  8.98114E-07   3.12445E+02  1.09711E-06   3.11690E+02  5.68576E-07   3.35085E+02  5.77455E-07   3.33678E+02  3.05003E-07   1.15951E+02  7.37004E-07   1.42551E+02  6.35764E-07   2.13386E+02  5.02434E-07   2.03614E+02  7.39473E-07   3.35163E+02  1.75769E-06   3.36897E+02  1.19975E-06   2.75158E+01  1.09932E-06   1.20660E+02  1.58661E-06   1.65614E+02  3.14790E-07   9.75225E+01 
 3.97016E-02   1.73766E+01  4.06572E-02   1.42531E+01  4.16345E-02   1.11735E+01  4.26329E-02   8.14041E+00  4.36531E-02   5.15618E+00  4.46955E-02   2.21991E+00  4.57582E-02   3.59336E+02  4.68395E-02   3.56506E+02  4.79398E-02   3.53729E+02  4.90572E-02   3.51008E+02  5.01908E-02   3.48345E+02  5.13401E-02   3.45742E+02  5.25027E-02   3.43201E+02  5.36765E-02   3.40725E+02  5.48594E-02   3.38314E+02  5.60482E-02   3.35971E+02  5.72409E-02   3.33697E+02  5.84346E-02   3.31496E+02  5.96258E-02   3.29368E+02  6.08118E-02   3.27315E+02  6.19879E-02   3.25341E+02  6.31510E-02   3.23446E+02  6.42964E-02   3.21634E+02  6.54195E-02   3.19906E+02  6.65158E-02   3.18265E+02  6.75798E-02   3.16711E+02  6.86075E-02   3.15247E+02  6.95929E-02   3.13875E+02  7.05316E-02   3.12597E+02  7.14180E-02   3.11414E+02  7.22477E-02   3.10328E+02  7.30152E-02   3.09341E+02  7.37163E-02   3.08453E+02  7.43464E-02   3.07666E+02  7.49015E-02   3.06982E+02  7.53781E-02   3.06401E+02  7.57724E-02   3.05925E+02  7.60823E-02   3.05554E+02  7.63053E-02   3.05288E+02  7.64396E-02   3.05128E+02  7.64845E-02   3.05075E+02  7.64396E-02   3.05128E+02  7.63052E-02   3.05288E+02  7.60823E-02   3.05554E+02  7.57727E-02   3.05925E+02  7.53782E-02   3.06401E+02  7.49017E-02   3.06982E+02  7.43466E-02   3.07666E+02  7.37164E-02   3.08453E+02  7.30152E-02   3.09341E+02  7.22475E-02   3.10328E+02  7.14180E-02   3.11414E+02  7.05314E-02   3.12597E+02  6.95930E-02   3.13876E+02  6.86073E-02   3.15248E+02  6.75801E-02   3.16711E+02  6.65157E-02   3.18265E+02  6.54197E-02   3.19907E+02  6.42966E-02   3.21635E+02  6.31511E-02   3.23447E+02  6.19879E-02   3.25341E+02  6.08110E-02   3.27315E+02  5.96250E-02   3.29367E+02  5.84334E-02   3.31495E+02  5.72400E-02   3.33697E+02  5.60478E-02   3.35970E+02  5.48590E-02   3.38314E+02  5.36772E-02   3.40724E+02  5.25038E-02   3.43201E+02  5.13412E-02   3.45742E+02  5.01921E-02   3.48345E+02  4.90569E-02   3.51008E+02  4.79386E-02   3.53729E+02  4.68384E-02   3.56504E+02  4.57568E-02   3.59336E+02  4.46959E-02   2.22022E+00  4.36552E-02   5.15506E+00  4.26341E-02   8.14146E+00  4.16333E-02   1.11748E+01  4.06547E-02   1.42532E+01  3.97008E-02   1.73764E+01 
 7.93319E-02   1.74946E+01  8.12394E-02   1.43723E+01  8.31904E-02   1.12945E+01  8.51842E-02   8.26294E+00  8.72210E-02   5.27978E+00  8.93010E-02   2.34532E+00  9.14215E-02   3.59462E+02  9.35799E-02   3.56633E+02  9.57757E-02   3.53857E+02  9.80060E-02   3.51138E+02  1.00269E-01   3.48477E+02  1.02562E-01   3.45875E+02  1.04881E-01   3.43336E+02  1.07222E-01   3.40861E+02  1.09582E-01   3.38451E+02  1.11954E-01   3.36110E+02  1.14333E-01   3.33837E+02  1.16714E-01   3.31637E+02  1.19091E-01   3.29510E+02  1.21456E-01   3.27459E+02  1.23802E-01   3.25486E+02  1.26121E-01   3.23593E+02  1.28405E-01   3.21783E+02  1.30644E-01   3.20055E+02  1.32829E-01   3.18415E+02  1.34951E-01   3.16862E+02  1.36999E-01   3.15400E+02  1.38964E-01   3.14029E+02  1.40835E-01   3.12751E+02  1.42603E-01   3.11569E+02  1.44256E-01   3.10484E+02  1.45787E-01   3.09497E+02  1.47184E-01   3.08610E+02  1.48441E-01   3.07824E+02  1.49547E-01   3.07140E+02  1.50497E-01   3.06560E+02  1.51283E-01   3.06084E+02  1.51900E-01   3.05713E+02  1.52344E-01   3.05447E+02  1.52612E-01   3.05288E+02  1.52701E-01   3.05235E+02  1.52612E-01   3.05288E+02  1.52344E-01   3.05447E+02  1.51900E-01   3.05713E+02  1.51283E-01   3.06084E+02  1.50497E-01   3.06560E+02  1.49547E-01   3.07140E+02  1.48441E-01   3.07824E+02  1.47185E-01   3.08610E+02  1.45787E-01   3.09497E+02  1.44256E-01   3.10484E+02  1.42603E-01   3.11569E+02  1.40835E-01   3.12751E+02  1.38964E-01   3.14029E+02  1.36999E-01   3.15400E+02  1.34951E-01   3.16862E+02  1.32829E-01   3.18415E+02  1.30644E-01   3.20056E+02  1.28405E-01   3.21783E+02  1.26121E-01   3.23594E+02  1.23801E-01   3.25486E+02  1.21455E-01   3.27459E+02  1.19090E-01   3.29510E+02  1.16713E-01   3.31637E+02  1.14332E-01   3.33837E+02  1.11953E-01   3.36109E+02  1.09582E-01   3.38451E+02  1.07223E-01   3.40861E+02  1.04882E-01   3.43336E+02  1.02563E-01   3.45876E+02  1.00270E-01   3.48477E+02  9.80059E-02   3.51138E+02  9.57745E-02   3.53857E+02  9.35787E-02   3.56632E+02  9.14199E-02   3.59463E+02  8.93014E-02   2.34544E+00  8.72231E-02   5.27925E+00  8.51854E-02   8.26348E+00  8.31892E-02   1.12951E+01  8.12368E-02   1.43725E+01  7.93311E-02   1.74947E+01 
 1.18822E-01   1.76910E+01  1.21674E-01   1.45711E+01  1.24591E-01   1.14956E+01  1.27573E-01   8.46626E+00  1.30618E-01   5.48525E+00  1.33727E-01   2.55326E+00  1.36896E-01   3.59673E+02  1.40123E-01   3.56845E+02  1.43405E-01   3.54072E+02  1.46738E-01   3.51355E+02  1.50119E-01   3.48696E+02  1.53545E-01   3.46097E+02  1.57010E-01   3.43560E+02  1.60508E-01   3.41087E+02  1.64032E-01   3.38680E+02  1.67575E-01   3.36340E+02  1.71128E-01   3.34070E+02  1.74684E-01   3.31872E+02  1.78233E-01   3.29748E+02  1.81764E-01   3.27699E+02  1.85266E-01   3.25728E+02  1.88728E-01   3.23837E+02  1.92137E-01   3.22028E+02  1.95478E-01   3.20303E+02  1.98740E-01   3.18665E+02  2.01906E-01   3.17114E+02  2.04962E-01   3.15653E+02  2.07893E-01   3.14284E+02  2.10685E-01   3.13008E+02  2.13322E-01   3.11827E+02  2.15789E-01   3.10743E+02  2.18071E-01   3.09757E+02  2.20156E-01   3.08871E+02  2.22030E-01   3.08086E+02  2.23680E-01   3.07404E+02  2.25096E-01   3.06824E+02  2.26268E-01   3.06349E+02  2.27189E-01   3.05978E+02  2.27851E-01   3.05713E+02  2.28250E-01   3.05554E+02  2.28383E-01   3.05501E+02  2.28250E-01   3.05554E+02  2.27851E-01   3.05713E+02  2.27189E-01   3.05978E+02  2.26269E-01   3.06349E+02  2.25096E-01   3.06824E+02  2.23680E-01   3.07404E+02  2.22030E-01   3.08086E+02  2.20156E-01   3.08871E+02  2.18071E-01   3.09757E+02  2.15789E-01   3.10743E+02  2.13322E-01   3.11827E+02  2.10685E-01   3.13008E+02  2.07894E-01   3.14284E+02  2.04962E-01   3.15653E+02  2.01906E-01   3.17114E+02  1.98740E-01   3.18665E+02  1.95479E-01   3.20304E+02  1.92137E-01   3.22029E+02  1.88728E-01   3.23837E+02  1.85266E-01   3.25728E+02  1.81763E-01   3.27699E+02  1.78232E-01   3.29748E+02  1.74683E-01   3.31872E+02  1.71127E-01   3.34070E+02  1.67574E-01   3.36340E+02  1.64032E-01   3.38680E+02  1.60509E-01   3.41087E+02  1.57012E-01   3.43560E+02  1.53547E-01   3.46097E+02  1.50121E-01   3.48696E+02  1.46738E-01   3.51355E+02  1.43403E-01   3.54072E+02  1.40121E-01   3.56845E+02  1.36895E-01   3.59673E+02  1.33728E-01   2.55325E+00  1.30620E-01   5.48485E+00  1.27574E-01   8.46667E+00  1.24590E-01   1.14959E+01  1.21672E-01   1.45710E+01  1.18821E-01   1.76911E+01 
 1.58101E-01   1.79661E+01  1.61888E-01   1.48492E+01  1.65761E-01   1.17769E+01  1.69719E-01   8.75083E+00  1.73761E-01   5.77292E+00  1.77886E-01   2.84415E+00  1.82091E-01   3.59967E+02  1.86372E-01   3.57143E+02  1.90726E-01   3.54372E+02  1.95148E-01   3.51659E+02  1.99632E-01   3.49003E+02  2.04176E-01   3.46407E+02  2.08770E-01   3.43874E+02  2.13407E-01   3.41404E+02  2.18078E-01   3.39000E+02  2.22774E-01   3.36663E+02  2.27483E-01   3.34396E+02  2.32195E-01   3.32201E+02  2.36896E-01   3.30080E+02  2.41574E-01   3.28034E+02  2.46213E-01   3.26066E+02  2.50797E-01   3.24178E+02  2.55311E-01   3.22372E+02  2.59735E-01   3.20650E+02  2.64052E-01   3.19014E+02  2.68243E-01   3.17466E+02  2.72288E-01   3.16007E+02  2.76168E-01   3.14640E+02  2.79862E-01   3.13366E+02  2.83350E-01   3.12188E+02  2.86614E-01   3.11105E+02  2.89634E-01   3.10121E+02  2.92391E-01   3.09237E+02  2.94869E-01   3.08454E+02  2.97052E-01   3.07772E+02  2.98925E-01   3.07194E+02  3.00475E-01   3.06719E+02  3.01692E-01   3.06349E+02  3.02567E-01   3.06085E+02  3.03095E-01   3.05926E+02  3.03272E-01   3.05873E+02  3.03095E-01   3.05926E+02  3.02567E-01   3.06085E+02  3.01692E-01   3.06349E+02  3.00475E-01   3.06719E+02  2.98925E-01   3.07194E+02  2.97052E-01   3.07772E+02  2.94869E-01   3.08454E+02  2.92391E-01   3.09237E+02  2.89634E-01   3.10121E+02  2.86614E-01   3.11105E+02  2.83351E-01   3.12187E+02  2.79862E-01   3.13366E+02  2.76168E-01   3.14640E+02  2.72288E-01   3.16007E+02  2.68243E-01   3.17466E+02  2.64052E-01   3.19014E+02  2.59735E-01   3.20650E+02  2.55311E-01   3.22372E+02  2.50797E-01   3.24179E+02  2.46212E-01   3.26066E+02  2.41573E-01   3.28034E+02  2.36896E-01   3.30080E+02  2.32194E-01   3.32201E+02  2.27482E-01   3.34396E+02  2.22773E-01   3.36663E+02  2.18078E-01   3.39000E+02  2.13407E-01   3.41404E+02  2.08771E-01   3.43874E+02  2.04177E-01   3.46408E+02  1.99634E-01   3.49003E+02  1.95147E-01   3.51659E+02  1.90724E-01   3.54372E+02  1.86371E-01   3.57142E+02  1.82090E-01   3.59967E+02  1.77887E-01   2.84414E+00  1.73763E-01   5.77261E+00  1.69720E-01   8.75109E+00  1.65760E-01   1.17770E+01  1.61886E-01   1.48491E+01  1.58101E-01   1.79661E+01 
 1.97103E-01   1.83193E+01  2.01810E-01   1.52063E+01  2.06624E-01   1.21381E+01  2.11543E-01   9.11604E+00  2.16567E-01   6.14223E+00  2.21692E-01   3.21766E+00  2.26915E-01   3.44293E-01  2.32232E-01   3.57524E+02  2.37640E-01   3.54758E+02  2.43131E-01   3.52049E+02  2.48699E-01   3.49397E+02  2.54338E-01   3.46806E+02  2.60040E-01   3.44276E+02  2.65793E-01   3.41810E+02  2.71589E-01   3.39410E+02  2.77414E-01   3.37078E+02  2.83255E-01   3.34815E+02  2.89098E-01   3.32624E+02  2.94927E-01   3.30506E+02  3.00726E-01   3.28464E+02  3.06475E-01   3.26500E+02  3.12156E-01   3.24616E+02  3.17748E-01   3.22814E+02  3.23229E-01   3.21095E+02  3.28577E-01   3.19462E+02  3.33766E-01   3.17917E+02  3.38776E-01   3.16461E+02  3.43579E-01   3.15097E+02  3.48151E-01   3.13826E+02  3.52469E-01   3.12650E+02  3.56508E-01   3.11570E+02  3.60245E-01   3.10589E+02  3.63657E-01   3.09706E+02  3.66723E-01   3.08925E+02  3.69423E-01   3.08245E+02  3.71739E-01   3.07668E+02  3.73657E-01   3.07194E+02  3.75162E-01   3.06825E+02  3.76245E-01   3.06561E+02  3.76898E-01   3.06403E+02  3.77116E-01   3.06350E+02  3.76898E-01   3.06403E+02  3.76245E-01   3.06561E+02  3.75162E-01   3.06825E+02  3.73657E-01   3.07194E+02  3.71739E-01   3.07668E+02  3.69423E-01   3.08245E+02  3.66723E-01   3.08925E+02  3.63657E-01   3.09706E+02  3.60245E-01   3.10589E+02  3.56508E-01   3.11571E+02  3.52469E-01   3.12650E+02  3.48151E-01   3.13826E+02  3.43579E-01   3.15097E+02  3.38775E-01   3.16461E+02  3.33767E-01   3.17917E+02  3.28577E-01   3.19462E+02  3.23230E-01   3.21095E+02  3.17748E-01   3.22814E+02  3.12156E-01   3.24616E+02  3.06475E-01   3.26500E+02  3.00725E-01   3.28465E+02  2.94926E-01   3.30506E+02  2.89097E-01   3.32624E+02  2.83254E-01   3.34815E+02  2.77414E-01   3.37077E+02  2.71589E-01   3.39410E+02  2.65794E-01   3.41810E+02  2.60041E-01   3.44276E+02  2.54339E-01   3.46806E+02  2.48700E-01   3.49397E+02  2.43130E-01   3.52049E+02  2.37638E-01   3.54758E+02  2.32232E-01   3.57524E+02  2.26914E-01   3.44427E-01  2.21693E-01   3.21759E+00  2.16569E-01   6.14198E+00  2.11544E-01   9.11634E+00  2.06623E-01   1.21382E+01  2.01808E-01   1.52063E+01  1.97103E-01   1.83193E+01 
 2.35760E-01   1.87503E+01  2.41371E-01   1.56421E+01  2.47109E-01   1.25788E+01  2.52971E-01   9.56175E+00  2.58955E-01   6.59289E+00  2.65060E-01   3.67332E+00  2.71282E-01   8.04905E-01  2.77613E-01   3.57990E+02  2.84050E-01   3.55229E+02  2.90586E-01   3.52524E+02  2.97212E-01   3.49878E+02  3.03922E-01   3.47291E+02  3.10705E-01   3.44767E+02  3.17548E-01   3.42306E+02  3.24440E-01   3.39911E+02  3.31365E-01   3.37583E+02  3.38308E-01   3.35325E+02  3.45252E-01   3.33139E+02  3.52178E-01   3.31026E+02  3.59066E-01   3.28989E+02  3.65895E-01   3.27030E+02  3.72641E-01   3.25150E+02  3.79280E-01   3.23352E+02  3.85785E-01   3.21637E+02  3.92131E-01   3.20009E+02  3.98288E-01   3.18467E+02  4.04231E-01   3.17015E+02  4.09927E-01   3.15655E+02  4.15350E-01   3.14387E+02  4.20470E-01   3.13214E+02  4.25258E-01   3.12138E+02  4.29688E-01   3.11158E+02  4.33731E-01   3.10279E+02  4.37364E-01   3.09499E+02  4.40564E-01   3.08821E+02  4.43308E-01   3.08246E+02  4.45580E-01   3.07773E+02  4.47363E-01   3.07405E+02  4.48646E-01   3.07142E+02  4.49419E-01   3.06984E+02  4.49678E-01   3.06931E+02  4.49419E-01   3.06984E+02  4.48646E-01   3.07142E+02  4.47363E-01   3.07406E+02  4.45580E-01   3.07773E+02  4.43308E-01   3.08246E+02  4.40564E-01   3.08821E+02  4.37364E-01   3.09499E+02  4.33731E-01   3.10279E+02  4.29688E-01   3.11158E+02  4.25258E-01   3.12138E+02  4.20470E-01   3.13214E+02  4.15350E-01   3.14387E+02  4.09928E-01   3.15655E+02  4.04231E-01   3.17016E+02  3.98289E-01   3.18467E+02  3.92131E-01   3.20009E+02  3.85785E-01   3.21637E+02  3.79279E-01   3.23352E+02  3.72640E-01   3.25150E+02  3.65895E-01   3.27030E+02  3.59065E-01   3.28989E+02  3.52177E-01   3.31026E+02  3.45251E-01   3.33139E+02  3.38308E-01   3.35325E+02  3.31365E-01   3.37583E+02  3.24440E-01   3.39911E+02  3.17549E-01   3.42306E+02  3.10706E-01   3.44767E+02  3.03923E-01   3.47292E+02  2.97213E-01   3.49878E+02  2.90585E-01   3.52524E+02  2.84049E-01   3.55229E+02  2.77612E-01   3.57990E+02  2.71280E-01   8.04986E-01  2.65061E-01   3.67325E+00  2.58957E-01   6.59273E+00  2.52971E-01   9.56205E+00  2.47107E-01   1.25790E+01  2.41369E-01   1.56421E+01  2.35760E-01   1.87504E+01 
 2.74008E-01   1.92590E+01  2.80503E-01   1.61565E+01  2.87144E-01   1.30989E+01  2.93926E-01   1.00876E+01  3.00849E-01   7.12454E+00  3.07910E-01   4.21090E+00  3.15104E-01   1.34835E+00  3.22424E-01   3.58539E+02  3.29864E-01   3.55784E+02  3.37418E-01   3.53085E+02  3.45074E-01   3.50445E+02  3.52824E-01   3.47864E+02  3.60656E-01   3.45346E+02  3.68557E-01   3.42891E+02  3.76512E-01   3.40501E+02  3.84503E-01   3.38180E+02  3.92513E-01   3.35927E+02  4.00523E-01   3.33747E+02  4.08509E-01   3.31639E+02  4.16451E-01   3.29608E+02  4.24321E-01   3.27654E+02  4.32094E-01   3.25779E+02  4.39743E-01   3.23986E+02  4.47235E-01   3.22277E+02  4.54543E-01   3.20653E+02  4.61632E-01   3.19116E+02  4.68471E-01   3.17668E+02  4.75027E-01   3.16312E+02  4.81266E-01   3.15048E+02  4.87156E-01   3.13879E+02  4.92663E-01   3.12806E+02  4.97757E-01   3.11830E+02  5.02406E-01   3.10953E+02  5.06583E-01   3.10176E+02  5.10260E-01   3.09500E+02  5.13415E-01   3.08926E+02  5.16025E-01   3.08456E+02  5.18075E-01   3.08089E+02  5.19549E-01   3.07827E+02  5.20438E-01   3.07669E+02  5.20734E-01   3.07617E+02  5.20437E-01   3.07669E+02  5.19549E-01   3.07827E+02  5.18075E-01   3.08089E+02  5.16026E-01   3.08456E+02  5.13415E-01   3.08926E+02  5.10260E-01   3.09500E+02  5.06583E-01   3.10176E+02  5.02406E-01   3.10953E+02  4.97757E-01   3.11830E+02  4.92663E-01   3.12806E+02  4.87156E-01   3.13879E+02  4.81266E-01   3.15048E+02  4.75027E-01   3.16312E+02  4.68471E-01   3.17668E+02  4.61632E-01   3.19116E+02  4.54543E-01   3.20653E+02  4.47235E-01   3.22277E+02  4.39742E-01   3.23986E+02  4.32094E-01   3.25779E+02  4.24321E-01   3.27654E+02  4.16450E-01   3.29608E+02  4.08509E-01   3.31639E+02  4.00522E-01   3.33747E+02  3.92513E-01   3.35927E+02  3.84503E-01   3.38179E+02  3.76512E-01   3.40501E+02  3.68558E-01   3.42891E+02  3.60657E-01   3.45346E+02  3.52825E-01   3.47864E+02  3.45075E-01   3.50445E+02  3.37417E-01   3.53085E+02  3.29863E-01   3.55784E+02  3.22423E-01   3.58539E+02  3.15103E-01   1.34845E+00  3.07911E-01   4.21081E+00  3.00851E-01   7.12445E+00  2.93926E-01   1.00879E+01  2.87142E-01   1.30991E+01  2.80501E-01   1.61565E+01  2.74009E-01   1.92590E+01 
 3.11785E-01   1.98447E+01  3.19142E-01   1.67488E+01  3.26661E-01   1.36978E+01  3.34339E-01   1.06931E+01  3.42175E-01   7.73664E+00  3.50164E-01   4.82971E+00  3.58302E-01   1.97388E+00  3.66581E-01   3.59171E+02  3.74994E-01   3.56423E+02  3.83532E-01   3.53731E+02  3.92184E-01   3.51098E+02  4.00941E-01   3.48524E+02  4.09788E-01   3.46012E+02  4.18710E-01   3.43563E+02  4.27690E-01   3.41181E+02  4.36709E-01   3.38866E+02  4.45747E-01   3.36620E+02  4.54782E-01   3.34446E+02  4.63788E-01   3.32345E+02  4.72741E-01   3.30319E+02  4.81611E-01   3.28372E+02  4.90370E-01   3.26503E+02  4.98985E-01   3.24716E+02  5.07423E-01   3.23012E+02  5.15650E-01   3.21393E+02  5.23630E-01   3.19862E+02  5.31326E-01   3.18419E+02  5.38702E-01   3.17068E+02  5.45720E-01   3.15808E+02  5.52343E-01   3.14643E+02  5.58536E-01   3.13574E+02  5.64261E-01   3.12602E+02  5.69487E-01   3.11728E+02  5.74180E-01   3.10954E+02  5.78312E-01   3.10280E+02  5.81856E-01   3.09709E+02  5.84789E-01   3.09240E+02  5.87091E-01   3.08875E+02  5.88747E-01   3.08614E+02  5.89745E-01   3.08457E+02  5.90078E-01   3.08405E+02  5.89745E-01   3.08457E+02  5.88747E-01   3.08614E+02  5.87091E-01   3.08875E+02  5.84789E-01   3.09240E+02  5.81856E-01   3.09709E+02  5.78312E-01   3.10280E+02  5.74180E-01   3.10954E+02  5.69487E-01   3.11728E+02  5.64261E-01   3.12602E+02  5.58535E-01   3.13574E+02  5.52343E-01   3.14643E+02  5.45720E-01   3.15808E+02  5.38702E-01   3.17068E+02  5.31326E-01   3.18419E+02  5.23630E-01   3.19862E+02  5.15650E-01   3.21393E+02  5.07423E-01   3.23012E+02  4.98985E-01   3.24716E+02  4.90369E-01   3.26503E+02  4.81611E-01   3.28371E+02  4.72740E-01   3.30320E+02  4.63788E-01   3.32345E+02  4.54781E-01   3.34446E+02  4.45747E-01   3.36620E+02  4.36709E-01   3.38865E+02  4.27690E-01   3.41181E+02  4.18711E-01   3.43563E+02  4.09789E-01   3.46012E+02  4.00942E-01   3.48524E+02  3.92185E-01   3.51098E+02  3.83531E-01   3.53731E+02  3.74993E-01   3.56423E+02  3.66580E-01   3.59171E+02  3.58302E-01   1.97395E+00  3.50166E-01   4.82959E+00  3.42176E-01   7.73660E+00  3.34339E-01   1.06934E+01  3.26659E-01   1.36979E+01  3.19140E-01   1.67487E+01  3.11786E-01   1.98448E+01 
 3.49032E-01   2.05072E+01  3.57224E-01   1.74185E+01  3.65596E-01   1.43749E+01  3.74142E-01   1.13776E+01  3.82861E-01   8.42868E+00  3.91748E-01   5.52934E+00  4.00799E-01   2.68108E+00  4.10004E-01   3.59886E+02  4.19355E-01   3.57145E+02  4.28843E-01   3.54461E+02  4.38455E-01   3.51835E+02  4.48180E-01   3.49269E+02  4.58002E-01   3.46764E+02  4.67904E-01   3.44324E+02  4.77867E-01   3.41948E+02  4.87872E-01   3.39641E+02  4.97894E-01   3.37402E+02  5.07910E-01   3.35235E+02  5.17891E-01   3.33142E+02  5.27809E-01   3.31123E+02  5.37633E-01   3.29182E+02  5.47330E-01   3.27320E+02  5.56866E-01   3.25540E+02  5.66203E-01   3.23842E+02  5.75304E-01   3.22230E+02  5.84129E-01   3.20704E+02  5.92639E-01   3.19267E+02  6.00791E-01   3.17921E+02  6.08547E-01   3.16667E+02  6.15864E-01   3.15506E+02  6.22704E-01   3.14441E+02  6.29027E-01   3.13473E+02  6.34797E-01   3.12603E+02  6.39978E-01   3.11832E+02  6.44539E-01   3.11162E+02  6.48450E-01   3.10593E+02  6.51686E-01   3.10126E+02  6.54226E-01   3.09762E+02  6.56053E-01   3.09502E+02  6.57154E-01   3.09346E+02  6.57522E-01   3.09294E+02  6.57154E-01   3.09346E+02  6.56053E-01   3.09502E+02  6.54226E-01   3.09762E+02  6.51686E-01   3.10126E+02  6.48450E-01   3.10593E+02  6.44538E-01   3.11162E+02  6.39978E-01   3.11832E+02  6.34797E-01   3.12603E+02  6.29027E-01   3.13473E+02  6.22704E-01   3.14441E+02  6.15864E-01   3.15506E+02  6.08547E-01   3.16667E+02  6.00791E-01   3.17921E+02  5.92638E-01   3.19267E+02  5.84129E-01   3.20704E+02  5.75304E-01   3.22230E+02  5.66203E-01   3.23842E+02  5.56866E-01   3.25540E+02  5.47330E-01   3.27320E+02  5.37633E-01   3.29182E+02  5.27808E-01   3.31123E+02  5.17890E-01   3.33142E+02  5.07909E-01   3.35235E+02  4.97894E-01   3.37402E+02  4.87872E-01   3.39641E+02  4.77868E-01   3.41948E+02  4.67905E-01   3.44324E+02  4.58002E-01   3.46764E+02  4.48180E-01   3.49269E+02  4.38455E-01   3.51835E+02  4.28842E-01   3.54461E+02  4.19354E-01   3.57145E+02  4.10003E-01   3.59886E+02  4.00798E-01   2.68113E+00  3.91750E-01   5.52923E+00  3.82862E-01   8.42870E+00  3.74142E-01   1.13779E+01  3.65593E-01   1.43749E+01  3.57223E-01   1.74184E+01  3.49034E-01   2.05071E+01 
 3.85693E-01   2.12456E+01  3.94693E-01   1.81651E+01  4.03887E-01   1.51297E+01  4.13271E-01   1.21408E+01  4.22841E-01   9.20006E+00  4.32594E-01   6.30907E+00  4.42522E-01   3.46919E+00  4.52617E-01   6.82455E-01  4.62869E-01   3.57950E+02  4.73267E-01   3.55275E+02  4.83799E-01   3.52657E+02  4.94450E-01   3.50099E+02  5.05205E-01   3.47603E+02  5.16044E-01   3.45171E+02  5.26946E-01   3.42804E+02  5.37890E-01   3.40504E+02  5.48849E-01   3.38274E+02  5.59797E-01   3.36115E+02  5.70703E-01   3.34029E+02  5.81538E-01   3.32018E+02  5.92266E-01   3.30085E+02  6.02852E-01   3.28230E+02  6.13258E-01   3.26457E+02  6.23444E-01   3.24766E+02  6.33370E-01   3.23161E+02  6.42991E-01   3.21642E+02  6.52266E-01   3.20211E+02  6.61149E-01   3.18870E+02  6.69597E-01   3.17622E+02  6.77566E-01   3.16466E+02  6.85013E-01   3.15406E+02  6.91896E-01   3.14442E+02  6.98175E-01   3.13576E+02  7.03813E-01   3.12809E+02  7.08775E-01   3.12142E+02  7.13030E-01   3.11576E+02  7.16549E-01   3.11111E+02  7.19312E-01   3.10749E+02  7.21298E-01   3.10490E+02  7.22495E-01   3.10335E+02  7.22895E-01   3.10283E+02  7.22495E-01   3.10335E+02  7.21298E-01   3.10490E+02  7.19312E-01   3.10749E+02  7.16550E-01   3.11111E+02  7.13030E-01   3.11576E+02  7.08775E-01   3.12142E+02  7.03813E-01   3.12809E+02  6.98176E-01   3.13576E+02  6.91896E-01   3.14442E+02  6.85013E-01   3.15406E+02  6.77567E-01   3.16466E+02  6.69597E-01   3.17622E+02  6.61149E-01   3.18870E+02  6.52266E-01   3.20211E+02  6.42991E-01   3.21642E+02  6.33369E-01   3.23161E+02  6.23444E-01   3.24766E+02  6.13258E-01   3.26457E+02  6.02852E-01   3.28230E+02  5.92265E-01   3.30085E+02  5.81537E-01   3.32018E+02  5.70703E-01   3.34029E+02  5.59796E-01   3.36115E+02  5.48849E-01   3.38274E+02  5.37890E-01   3.40504E+02  5.26947E-01   3.42804E+02  5.16045E-01   3.45171E+02  5.05206E-01   3.47603E+02  4.94451E-01   3.50099E+02  4.83799E-01   3.52657E+02  4.73266E-01   3.55275E+02  4.62868E-01   3.57950E+02  4.52616E-01   6.82366E-01  4.42522E-01   3.46925E+00  4.32596E-01   6.30898E+00  4.22842E-01   9.20016E+00  4.13270E-01   1.21410E+01  4.03885E-01   1.51297E+01  3.94692E-01   1.81650E+01  3.85694E-01   2.12456E+01 
 4.21714E-01   2.20595E+01  4.31491E-01   1.89879E+01  4.41477E-01   1.59615E+01  4.51666E-01   1.29816E+01  4.62053E-01   1.00501E+01  4.72635E-01   7.16829E+00  4.83404E-01   4.33758E+00  4.94350E-01   1.55999E+00  5.05463E-01   3.58837E+02  5.16731E-01   3.56170E+02  5.28139E-01   3.53562E+02  5.39672E-01   3.51014E+02  5.51313E-01   3.48527E+02  5.63041E-01   3.46103E+02  5.74834E-01   3.43745E+02  5.86667E-01   3.41455E+02  5.98513E-01   3.39233E+02  6.10342E-01   3.37083E+02  6.22122E-01   3.35006E+02  6.33820E-01   3.33004E+02  6.45399E-01   3.31079E+02  6.56820E-01   3.29232E+02  6.68044E-01   3.27467E+02  6.79026E-01   3.25784E+02  6.89723E-01   3.24185E+02  7.00090E-01   3.22673E+02  7.10080E-01   3.21249E+02  7.19645E-01   3.19915E+02  7.28739E-01   3.18672E+02  7.37315E-01   3.17523E+02  7.45327E-01   3.16468E+02  7.52730E-01   3.15509E+02  7.59482E-01   3.14647E+02  7.65544E-01   3.13884E+02  7.70877E-01   3.13220E+02  7.75450E-01   3.12657E+02  7.79233E-01   3.12194E+02  7.82201E-01   3.11834E+02  7.84335E-01   3.11577E+02  7.85621E-01   3.11422E+02  7.86051E-01   3.11371E+02  7.85621E-01   3.11422E+02  7.84335E-01   3.11577E+02  7.82201E-01   3.11834E+02  7.79233E-01   3.12194E+02  7.75450E-01   3.12657E+02  7.70878E-01   3.13220E+02  7.65544E-01   3.13884E+02  7.59483E-01   3.14647E+02  7.52730E-01   3.15509E+02  7.45327E-01   3.16468E+02  7.37315E-01   3.17523E+02  7.28739E-01   3.18672E+02  7.19645E-01   3.19915E+02  7.10079E-01   3.21249E+02  7.00090E-01   3.22673E+02  6.89723E-01   3.24185E+02  6.79026E-01   3.25784E+02  6.68043E-01   3.27467E+02  6.56820E-01   3.29232E+02  6.45398E-01   3.31079E+02  6.33819E-01   3.33004E+02  6.22122E-01   3.35006E+02  6.10341E-01   3.37083E+02  5.98513E-01   3.39233E+02  5.86667E-01   3.41455E+02  5.74835E-01   3.43745E+02  5.63042E-01   3.46103E+02  5.51314E-01   3.48527E+02  5.39674E-01   3.51014E+02  5.28139E-01   3.53562E+02  5.16730E-01   3.56171E+02  5.05462E-01   3.58837E+02  4.94349E-01   1.55994E+00  4.83404E-01   4.33764E+00  4.72636E-01   7.16820E+00  4.62054E-01   1.00502E+01  4.51664E-01   1.29819E+01  4.41474E-01   1.59615E+01  4.31491E-01   1.89879E+01  4.21716E-01   2.20595E+01 
 4.57046E-01   2.29483E+01  4.67569E-01   1.98864E+01  4.78311E-01   1.68698E+01  4.89270E-01   1.38997E+01  5.00439E-01   1.09780E+01  5.11812E-01   8.10608E+00  5.23382E-01   5.28537E+00  5.35138E-01   2.51775E+00  5.47069E-01   3.59805E+02  5.59162E-01   3.57148E+02  5.71402E-01   3.54550E+02  5.83771E-01   3.52011E+02  5.96250E-01   3.49534E+02  6.08818E-01   3.47121E+02  6.21451E-01   3.44772E+02  6.34121E-01   3.42492E+02  6.46800E-01   3.40280E+02  6.59456E-01   3.38139E+02  6.72055E-01   3.36071E+02  6.84561E-01   3.34078E+02  6.96935E-01   3.32162E+02  7.09136E-01   3.30324E+02  7.21121E-01   3.28567E+02  7.32844E-01   3.26892E+02  7.44259E-01   3.25302E+02  7.55317E-01   3.23797E+02  7.65969E-01   3.22381E+02  7.76166E-01   3.21053E+02  7.85857E-01   3.19817E+02  7.94993E-01   3.18674E+02  8.03526E-01   3.17624E+02  8.11408E-01   3.16671E+02  8.18596E-01   3.15813E+02  8.25047E-01   3.15054E+02  8.30722E-01   3.14394E+02  8.35587E-01   3.13834E+02  8.39610E-01   3.13375E+02  8.42767E-01   3.13017E+02  8.45037E-01   3.12760E+02  8.46405E-01   3.12607E+02  8.46862E-01   3.12555E+02  8.46405E-01   3.12607E+02  8.45038E-01   3.12760E+02  8.42768E-01   3.13017E+02  8.39611E-01   3.13375E+02  8.35587E-01   3.13834E+02  8.30722E-01   3.14394E+02  8.25047E-01   3.15054E+02  8.18596E-01   3.15813E+02  8.11409E-01   3.16671E+02  8.03526E-01   3.17624E+02  7.94993E-01   3.18674E+02  7.85857E-01   3.19817E+02  7.76166E-01   3.21053E+02  7.65969E-01   3.22381E+02  7.55317E-01   3.23797E+02  7.44259E-01   3.25302E+02  7.32844E-01   3.26892E+02  7.21121E-01   3.28567E+02  7.09136E-01   3.30324E+02  6.96935E-01   3.32162E+02  6.84561E-01   3.34078E+02  6.72055E-01   3.36071E+02  6.59455E-01   3.38139E+02  6.46800E-01   3.40280E+02  6.34121E-01   3.42492E+02  6.21451E-01   3.44772E+02  6.08819E-01   3.47121E+02  5.96251E-01   3.49534E+02  5.83771E-01   3.52011E+02  5.71401E-01   3.54550E+02  5.59161E-01   3.57148E+02  5.47069E-01   3.59805E+02  5.35138E-01   2.51773E+00  5.23382E-01   5.28543E+00  5.11813E-01   8.10600E+00  5.00439E-01   1.09781E+01  4.89268E-01   1.38999E+01  4.78309E-01   1.68697E+01  4.67568E-01   1.98863E+01  4.57048E-01   2.29484E+01 
 4.91643E-01   2.39112E+01  5.02876E-01   2.08597E+01  5.14341E-01   1.78536E+01  5.26033E-01   1.48942E+01  5.37944E-01   1.19830E+01  5.50068E-01   9.12180E+00  5.62398E-01   6.31179E+00  5.74922E-01   3.55483E+00  5.87627E-01   8.52628E-01  6.00500E-01   3.58207E+02  6.13523E-01   3.55619E+02  6.26678E-01   3.53091E+02  6.39945E-01   3.50625E+02  6.53301E-01   3.48222E+02  6.66720E-01   3.45884E+02  6.80174E-01   3.43614E+02  6.93631E-01   3.41412E+02  7.07059E-01   3.39281E+02  7.20421E-01   3.37224E+02  7.33678E-01   3.35240E+02  7.46789E-01   3.33334E+02  7.59712E-01   3.31505E+02  7.72401E-01   3.29757E+02  7.84808E-01   3.28091E+02  7.96884E-01   3.26509E+02  8.08578E-01   3.25013E+02  8.19839E-01   3.23604E+02  8.30614E-01   3.22284E+02  8.40852E-01   3.21055E+02  8.50501E-01   3.19918E+02  8.59509E-01   3.18875E+02  8.67830E-01   3.17926E+02  8.75414E-01   3.17074E+02  8.82220E-01   3.16320E+02  8.88205E-01   3.15663E+02  8.93336E-01   3.15106E+02  8.97578E-01   3.14650E+02  9.00907E-01   3.14294E+02  9.03299E-01   3.14039E+02  9.04741E-01   3.13886E+02  9.05223E-01   3.13835E+02  9.04741E-01   3.13886E+02  9.03299E-01   3.14039E+02  9.00907E-01   3.14294E+02  8.97578E-01   3.14650E+02  8.93336E-01   3.15107E+02  8.88206E-01   3.15663E+02  8.82220E-01   3.16320E+02  8.75414E-01   3.17074E+02  8.67829E-01   3.17926E+02  8.59510E-01   3.18875E+02  8.50501E-01   3.19918E+02  8.40852E-01   3.21055E+02  8.30614E-01   3.22284E+02  8.19839E-01   3.23604E+02  8.08578E-01   3.25013E+02  7.96883E-01   3.26509E+02  7.84808E-01   3.28091E+02  7.72401E-01   3.29757E+02  7.59712E-01   3.31505E+02  7.46789E-01   3.33333E+02  7.33677E-01   3.35240E+02  7.20420E-01   3.37223E+02  7.07059E-01   3.39281E+02  6.93632E-01   3.41412E+02  6.80174E-01   3.43614E+02  6.66721E-01   3.45884E+02  6.53303E-01   3.48222E+02  6.39946E-01   3.50625E+02  6.26679E-01   3.53091E+02  6.13522E-01   3.55619E+02  6.00499E-01   3.58207E+02  5.87627E-01   8.52523E-01  5.74922E-01   3.55484E+00  5.62399E-01   6.31183E+00  5.50070E-01   9.12175E+00  5.37943E-01   1.19832E+01  5.26031E-01   1.48942E+01  5.14340E-01   1.78535E+01  5.02876E-01   2.08597E+01  4.91645E-01   2.39113E+01 
 5.25462E-01   2.49475E+01  5.37371E-01   2.19072E+01  5.49521E-01   1.89123E+01  5.61907E-01   1.59641E+01  5.74522E-01   1.30642E+01  5.87356E-01   1.02144E+01  6.00403E-01   7.41585E+00  6.13649E-01   4.67033E+00  6.27081E-01   1.97959E+00  6.40686E-01   3.59345E+02  6.54444E-01   3.56769E+02  6.68335E-01   3.54252E+02  6.82338E-01   3.51797E+02  6.96429E-01   3.49406E+02  7.10580E-01   3.47079E+02  7.24761E-01   3.44820E+02  7.38940E-01   3.42629E+02  7.53081E-01   3.40509E+02  7.67148E-01   3.38462E+02  7.81097E-01   3.36489E+02  7.94887E-01   3.34592E+02  8.08473E-01   3.32774E+02  8.21808E-01   3.31035E+02  8.34840E-01   3.29379E+02  8.47520E-01   3.27806E+02  8.59794E-01   3.26318E+02  8.71608E-01   3.24917E+02  8.82909E-01   3.23605E+02  8.93643E-01   3.22383E+02  9.03756E-01   3.21253E+02  9.13195E-01   3.20216E+02  9.21910E-01   3.19274E+02  9.29852E-01   3.18427E+02  9.36977E-01   3.17677E+02  9.43243E-01   3.17025E+02  9.48612E-01   3.16472E+02  9.53051E-01   3.16018E+02  9.56533E-01   3.15665E+02  9.59036E-01   3.15412E+02  9.60544E-01   3.15260E+02  9.61048E-01   3.15209E+02  9.60544E-01   3.15260E+02  9.59036E-01   3.15412E+02  9.56533E-01   3.15665E+02  9.53051E-01   3.16018E+02  9.48612E-01   3.16472E+02  9.43243E-01   3.17025E+02  9.36977E-01   3.17677E+02  9.29852E-01   3.18427E+02  9.21910E-01   3.19274E+02  9.13195E-01   3.20216E+02  9.03756E-01   3.21253E+02  8.93643E-01   3.22384E+02  8.82909E-01   3.23605E+02  8.71608E-01   3.24917E+02  8.59793E-01   3.26318E+02  8.47520E-01   3.27806E+02  8.34840E-01   3.29379E+02  8.21808E-01   3.31035E+02  8.08474E-01   3.32774E+02  7.94887E-01   3.34592E+02  7.81097E-01   3.36489E+02  7.67147E-01   3.38462E+02  7.53081E-01   3.40509E+02  7.38940E-01   3.42629E+02  7.24762E-01   3.44820E+02  7.10581E-01   3.47079E+02  6.96430E-01   3.49406E+02  6.82339E-01   3.51797E+02  6.68335E-01   3.54252E+02  6.54443E-01   3.56769E+02  6.40685E-01   3.59345E+02  6.27081E-01   1.97950E+00  6.13649E-01   4.67037E+00  6.00404E-01   7.41587E+00  5.87357E-01   1.02143E+01  5.74521E-01   1.30644E+01  5.61905E-01   1.59642E+01  5.49520E-01   1.89121E+01  5.37372E-01   2.19071E+01  5.25464E-01   2.49476E+01 
 5.58465E-01   2.60565E+01  5.71014E-01   2.30279E+01  5.83811E-01   2.00449E+01  5.96852E-01   1.71087E+01  6.10127E-01   1.42209E+01  6.23630E-01   1.13831E+01  6.37349E-01   8.59667E+00  6.51273E-01   5.86323E+00  6.65385E-01   3.18460E+00  6.79672E-01   5.62252E-01  6.94114E-01   3.57998E+02  7.08690E-01   3.55494E+02  7.23376E-01   3.53050E+02  7.38147E-01   3.50671E+02  7.52974E-01   3.48356E+02  7.67826E-01   3.46108E+02  7.82669E-01   3.43929E+02  7.97466E-01   3.41821E+02  8.12177E-01   3.39785E+02  8.26760E-01   3.37823E+02  8.41170E-01   3.35937E+02  8.55359E-01   3.34129E+02  8.69280E-01   3.32401E+02  8.82879E-01   3.30754E+02  8.96105E-01   3.29190E+02  9.08902E-01   3.27712E+02  9.21215E-01   3.26320E+02  9.32989E-01   3.25016E+02  9.44168E-01   3.23802E+02  9.54696E-01   3.22679E+02  9.64519E-01   3.21649E+02  9.73586E-01   3.20712E+02  9.81848E-01   3.19871E+02  9.89257E-01   3.19126E+02  9.95771E-01   3.18479E+02  1.00135E+00   3.17929E+02  1.00596E+00   3.17479E+02  1.00958E+00   3.17127E+02  1.01218E+00   3.16876E+02  1.01375E+00   3.16725E+02  1.01427E+00   3.16675E+02  1.01375E+00   3.16725E+02  1.01218E+00   3.16876E+02  1.00958E+00   3.17127E+02  1.00596E+00   3.17479E+02  1.00135E+00   3.17929E+02  9.95771E-01   3.18479E+02  9.89257E-01   3.19126E+02  9.81848E-01   3.19871E+02  9.73587E-01   3.20712E+02  9.64520E-01   3.21649E+02  9.54696E-01   3.22679E+02  9.44168E-01   3.23802E+02  9.32989E-01   3.25016E+02  9.21215E-01   3.26320E+02  9.08902E-01   3.27712E+02  8.96105E-01   3.29190E+02  8.82879E-01   3.30754E+02  8.69279E-01   3.32401E+02  8.55359E-01   3.34129E+02  8.41169E-01   3.35937E+02  8.26759E-01   3.37823E+02  8.12177E-01   3.39785E+02  7.97466E-01   3.41821E+02  7.82670E-01   3.43929E+02  7.67827E-01   3.46108E+02  7.52975E-01   3.48356E+02  7.38147E-01   3.50671E+02  7.23376E-01   3.53051E+02  7.08689E-01   3.55493E+02  6.94113E-01   3.57998E+02  6.79672E-01   5.62236E-01  6.65386E-01   3.18452E+00  6.51273E-01   5.86330E+00  6.37350E-01   8.59669E+00  6.23630E-01   1.13831E+01  6.10126E-01   1.42211E+01  5.96850E-01   1.71087E+01  5.83811E-01   2.00448E+01  5.71015E-01   2.30279E+01  5.58467E-01   2.60565E+01 
 5.90619E-01   2.72371E+01  6.03769E-01   2.42210E+01  6.17174E-01   2.12506E+01  6.30829E-01   1.83270E+01  6.44724E-01   1.54518E+01  6.58850E-01   1.26268E+01  6.73196E-01   9.85319E+00  6.87750E-01   7.13256E+00  7.02495E-01   4.46670E+00  7.17415E-01   1.85711E+00  7.32490E-01   3.59306E+02  7.47698E-01   3.56814E+02  7.63013E-01   3.54383E+02  7.78409E-01   3.52016E+02  7.93856E-01   3.49714E+02  8.09322E-01   3.47478E+02  8.24771E-01   3.45311E+02  8.40164E-01   3.43215E+02  8.55461E-01   3.41191E+02  8.70617E-01   3.39240E+02  8.85587E-01   3.37366E+02  9.00321E-01   3.35569E+02  9.14768E-01   3.33851E+02  9.28876E-01   3.32215E+02  9.42589E-01   3.30661E+02  9.55853E-01   3.29192E+02  9.68610E-01   3.27809E+02  9.80804E-01   3.26514E+02  9.92376E-01   3.25308E+02  1.00327E+00   3.24193E+02  1.01343E+00   3.23169E+02  1.02281E+00   3.22240E+02  1.03135E+00   3.21404E+02  1.03901E+00   3.20665E+02  1.04574E+00   3.20022E+02  1.05151E+00   3.19476E+02  1.05627E+00   3.19028E+02  1.06001E+00   3.18680E+02  1.06270E+00   3.18430E+02  1.06432E+00   3.18281E+02  1.06486E+00   3.18231E+02  1.06432E+00   3.18281E+02  1.06270E+00   3.18430E+02  1.06001E+00   3.18680E+02  1.05627E+00   3.19028E+02  1.05151E+00   3.19476E+02  1.04574E+00   3.20022E+02  1.03901E+00   3.20665E+02  1.03135E+00   3.21404E+02  1.02281E+00   3.22240E+02  1.01343E+00   3.23169E+02  1.00327E+00   3.24193E+02  9.92376E-01   3.25308E+02  9.80804E-01   3.26514E+02  9.68611E-01   3.27809E+02  9.55853E-01   3.29192E+02  9.42589E-01   3.30661E+02  9.28875E-01   3.32215E+02  9.14768E-01   3.33851E+02  9.00320E-01   3.35569E+02  8.85586E-01   3.37366E+02  8.70617E-01   3.39240E+02  8.55461E-01   3.41191E+02  8.40164E-01   3.43215E+02  8.24771E-01   3.45311E+02  8.09323E-01   3.47478E+02  7.93857E-01   3.49714E+02  7.78409E-01   3.52016E+02  7.63013E-01   3.54383E+02  7.47697E-01   3.56814E+02  7.32489E-01   3.59306E+02  7.17415E-01   1.85710E+00  7.02495E-01   4.46667E+00  6.87750E-01   7.13266E+00  6.73198E-01   9.85320E+00  6.58850E-01   1.26268E+01  6.44723E-01   1.54520E+01  6.30827E-01   1.83270E+01  6.17174E-01   2.12505E+01  6.03770E-01   2.42211E+01  5.90619E-01   2.72371E+01 
 6.21890E-01   2.84887E+01  6.35604E-01   2.54857E+01  6.49578E-01   2.25285E+01  6.63805E-01   1.96182E+01  6.78277E-01   1.67564E+01  6.92984E-01   1.39446E+01  7.07912E-01   1.11844E+01  7.23048E-01   8.47712E+00  7.38377E-01   5.82466E+00  7.53879E-01   3.22850E+00  7.69534E-01   6.90264E-01  7.85321E-01   3.58212E+02  8.01211E-01   3.55795E+02  8.17178E-01   3.53441E+02  8.33189E-01   3.51151E+02  8.49211E-01   3.48929E+02  8.65208E-01   3.46774E+02  8.81139E-01   3.44690E+02  8.96962E-01   3.42678E+02  9.12633E-01   3.40740E+02  9.28102E-01   3.38877E+02  9.43321E-01   3.37092E+02  9.58236E-01   3.35385E+02  9.72795E-01   3.33759E+02  9.86940E-01   3.32216E+02  1.00061E+00   3.30757E+02  1.01376E+00   3.29384E+02  1.02632E+00   3.28097E+02  1.03824E+00   3.26900E+02  1.04945E+00   3.25793E+02  1.05991E+00   3.24777E+02  1.06956E+00   3.23854E+02  1.07834E+00   3.23024E+02  1.08621E+00   3.22290E+02  1.09313E+00   3.21652E+02  1.09906E+00   3.21110E+02  1.10395E+00   3.20666E+02  1.10779E+00   3.20320E+02  1.11055E+00   3.20073E+02  1.11221E+00   3.19924E+02  1.11277E+00   3.19874E+02  1.11221E+00   3.19924E+02  1.11055E+00   3.20073E+02  1.10779E+00   3.20320E+02  1.10395E+00   3.20666E+02  1.09906E+00   3.21110E+02  1.09313E+00   3.21652E+02  1.08621E+00   3.22290E+02  1.07834E+00   3.23024E+02  1.06956E+00   3.23854E+02  1.05991E+00   3.24777E+02  1.04945E+00   3.25793E+02  1.03824E+00   3.26900E+02  1.02632E+00   3.28097E+02  1.01376E+00   3.29384E+02  1.00061E+00   3.30757E+02  9.86940E-01   3.32216E+02  9.72794E-01   3.33759E+02  9.58236E-01   3.35385E+02  9.43321E-01   3.37092E+02  9.28102E-01   3.38877E+02  9.12632E-01   3.40740E+02  8.96962E-01   3.42678E+02  8.81140E-01   3.44690E+02  8.65209E-01   3.46774E+02  8.49212E-01   3.48929E+02  8.33189E-01   3.51151E+02  8.17178E-01   3.53441E+02  8.01211E-01   3.55795E+02  7.85320E-01   3.58212E+02  7.69534E-01   6.90298E-01  7.53879E-01   3.22846E+00  7.38377E-01   5.82466E+00  7.23049E-01   8.47721E+00  7.07913E-01   1.11843E+01  6.92982E-01   1.39447E+01  6.78275E-01   1.67565E+01  6.63804E-01   1.96181E+01  6.49579E-01   2.25284E+01  6.35606E-01   2.54858E+01  6.21890E-01   2.84887E+01 
 6.52255E-01   2.98102E+01  6.66494E-01   2.68210E+01  6.80996E-01   2.38775E+01  6.95755E-01   2.09811E+01  7.10760E-01   1.81332E+01  7.26001E-01   1.53354E+01  7.41464E-01   1.25892E+01  7.57136E-01   9.89598E+00  7.73000E-01   7.25746E+00  7.89035E-01   4.67525E+00  8.05221E-01   2.15092E+00  8.21533E-01   3.59686E+02  8.37944E-01   3.57283E+02  8.54425E-01   3.54943E+02  8.70944E-01   3.52667E+02  8.87465E-01   3.50458E+02  9.03952E-01   3.48317E+02  9.20363E-01   3.46246E+02  9.36654E-01   3.44246E+02  9.52780E-01   3.42320E+02  9.68691E-01   3.40470E+02  9.84336E-01   3.38696E+02  9.99662E-01   3.37001E+02  1.01461E+00   3.35387E+02  1.02913E+00   3.33854E+02  1.04317E+00   3.32405E+02  1.05665E+00   3.31042E+02  1.06953E+00   3.29765E+02  1.08174E+00   3.28576E+02  1.09323E+00   3.27477E+02  1.10393E+00   3.26469E+02  1.11381E+00   3.25553E+02  1.12280E+00   3.24730E+02  1.13085E+00   3.24001E+02  1.13793E+00   3.23368E+02  1.14399E+00   3.22830E+02  1.14899E+00   3.22390E+02  1.15292E+00   3.22047E+02  1.15574E+00   3.21801E+02  1.15744E+00   3.21653E+02  1.15801E+00   3.21604E+02  1.15744E+00   3.21653E+02  1.15574E+00   3.21801E+02  1.15292E+00   3.22047E+02  1.14899E+00   3.22390E+02  1.14399E+00   3.22830E+02  1.13793E+00   3.23368E+02  1.13085E+00   3.24001E+02  1.12280E+00   3.24730E+02  1.11381E+00   3.25553E+02  1.10393E+00   3.26469E+02  1.09323E+00   3.27477E+02  1.08174E+00   3.28576E+02  1.06953E+00   3.29765E+02  1.05665E+00   3.31042E+02  1.04317E+00   3.32405E+02  1.02913E+00   3.33854E+02  1.01461E+00   3.35387E+02  9.99662E-01   3.37001E+02  9.84336E-01   3.38696E+02  9.68691E-01   3.40470E+02  9.52781E-01   3.42320E+02  9.36655E-01   3.44246E+02  9.20364E-01   3.46246E+02  9.03953E-01   3.48317E+02  8.87466E-01   3.50458E+02  8.70944E-01   3.52667E+02  8.54425E-01   3.54943E+02  8.37943E-01   3.57283E+02  8.21532E-01   3.59686E+02  8.05220E-01   2.15093E+00  7.89035E-01   4.67520E+00  7.73000E-01   7.25749E+00  7.57137E-01   9.89607E+00  7.41465E-01   1.25892E+01  7.25999E-01   1.53355E+01  7.10758E-01   1.81333E+01  6.95754E-01   2.09810E+01  6.80997E-01   2.38775E+01  6.66495E-01   2.68211E+01  6.52255E-01   2.98102E+01 
 6.81689E-01   3.12008E+01  6.96415E-01   2.82258E+01  7.11405E-01   2.52967E+01  7.26652E-01   2.24149E+01  7.42148E-01   1.95814E+01  7.57880E-01   1.67980E+01  7.73833E-01   1.40664E+01  7.89993E-01   1.13878E+01  8.06342E-01   8.76380E+00  8.22859E-01   6.19613E+00  8.39522E-01   3.68628E+00  8.56308E-01   1.23602E+00  8.73187E-01   3.58847E+02  8.90129E-01   3.56521E+02  9.07100E-01   3.54259E+02  9.24064E-01   3.52064E+02  9.40985E-01   3.49936E+02  9.57818E-01   3.47879E+02  9.74519E-01   3.45893E+02  9.91043E-01   3.43980E+02  1.00734E+00   3.42142E+02  1.02335E+00   3.40381E+02  1.03903E+00   3.38698E+02  1.05432E+00   3.37095E+02  1.06916E+00   3.35573E+02  1.08350E+00   3.34135E+02  1.09727E+00   3.32782E+02  1.11041E+00   3.31515E+02  1.12287E+00   3.30335E+02  1.13459E+00   3.29244E+02  1.14550E+00   3.28244E+02  1.15557E+00   3.27335E+02  1.16473E+00   3.26519E+02  1.17293E+00   3.25796E+02  1.18014E+00   3.25167E+02  1.18631E+00   3.24634E+02  1.19140E+00   3.24197E+02  1.19540E+00   3.23857E+02  1.19827E+00   3.23613E+02  1.20000E+00   3.23467E+02  1.20057E+00   3.23418E+02  1.20000E+00   3.23467E+02  1.19827E+00   3.23613E+02  1.19540E+00   3.23857E+02  1.19140E+00   3.24197E+02  1.18631E+00   3.24634E+02  1.18014E+00   3.25167E+02  1.17293E+00   3.25796E+02  1.16473E+00   3.26519E+02  1.15557E+00   3.27335E+02  1.14550E+00   3.28244E+02  1.13459E+00   3.29244E+02  1.12287E+00   3.30335E+02  1.11041E+00   3.31515E+02  1.09727E+00   3.32782E+02  1.08350E+00   3.34135E+02  1.06916E+00   3.35573E+02  1.05432E+00   3.37095E+02  1.03903E+00   3.38698E+02  1.02335E+00   3.40381E+02  1.00734E+00   3.42142E+02  9.91044E-01   3.43980E+02  9.74520E-01   3.45893E+02  9.57819E-01   3.47879E+02  9.40985E-01   3.49937E+02  9.24065E-01   3.52064E+02  9.07100E-01   3.54259E+02  8.90128E-01   3.56521E+02  8.73186E-01   3.58847E+02  8.56307E-01   1.23599E+00  8.39523E-01   3.68631E+00  8.22859E-01   6.19612E+00  8.06342E-01   8.76387E+00  7.89994E-01   1.13878E+01  7.73833E-01   1.40664E+01  7.57878E-01   1.67981E+01  7.42146E-01   1.95814E+01  7.26652E-01   2.24147E+01  7.11406E-01   2.52968E+01  6.96416E-01   2.82259E+01  6.81689E-01   3.12007E+01 
 7.10176E-01   3.26594E+01  7.25348E-01   2.96993E+01  7.40786E-01   2.67850E+01  7.56481E-01   2.39181E+01  7.72424E-01   2.10999E+01  7.88601E-01   1.83316E+01  8.04998E-01   1.56150E+01  8.21599E-01   1.29514E+01  8.38386E-01   1.03425E+01  8.55337E-01   7.78988E+00  8.72428E-01   5.29502E+00  8.89635E-01   2.85964E+00  9.06928E-01   4.85389E-01  9.24276E-01   3.58174E+02  9.41646E-01   3.55927E+02  9.58999E-01   3.53746E+02  9.76296E-01   3.51633E+02  9.93496E-01   3.49589E+02  1.01055E+00   3.47617E+02  1.02742E+00   3.45717E+02  1.04404E+00   3.43892E+02  1.06037E+00   3.42144E+02  1.07635E+00   3.40473E+02  1.09192E+00   3.38882E+02  1.10703E+00   3.37372E+02  1.12162E+00   3.35945E+02  1.13562E+00   3.34602E+02  1.14898E+00   3.33344E+02  1.16165E+00   3.32174E+02  1.17355E+00   3.31092E+02  1.18463E+00   3.30100E+02  1.19485E+00   3.29198E+02  1.20414E+00   3.28389E+02  1.21247E+00   3.27672E+02  1.21978E+00   3.27049E+02  1.22603E+00   3.26520E+02  1.23120E+00   3.26087E+02  1.23525E+00   3.25749E+02  1.23816E+00   3.25508E+02  1.23991E+00   3.25363E+02  1.24050E+00   3.25314E+02  1.23991E+00   3.25363E+02  1.23816E+00   3.25508E+02  1.23525E+00   3.25749E+02  1.23120E+00   3.26087E+02  1.22603E+00   3.26520E+02  1.21978E+00   3.27049E+02  1.21247E+00   3.27672E+02  1.20414E+00   3.28389E+02  1.19485E+00   3.29198E+02  1.18463E+00   3.30100E+02  1.17355E+00   3.31092E+02  1.16165E+00   3.32174E+02  1.14898E+00   3.33344E+02  1.13562E+00   3.34602E+02  1.12162E+00   3.35945E+02  1.10703E+00   3.37372E+02  1.09192E+00   3.38882E+02  1.07635E+00   3.40473E+02  1.06037E+00   3.42144E+02  1.04404E+00   3.43892E+02  1.02742E+00   3.45717E+02  1.01055E+00   3.47617E+02  9.93497E-01   3.49589E+02  9.76297E-01   3.51633E+02  9.58999E-01   3.53746E+02  9.41645E-01   3.55927E+02  9.24276E-01   3.58174E+02  9.06927E-01   4.85340E-01  8.89634E-01   2.85964E+00  8.72428E-01   5.29503E+00  8.55337E-01   7.78986E+00  8.38387E-01   1.03426E+01  8.21600E-01   1.29515E+01  8.04997E-01   1.56150E+01  7.88598E-01   1.83317E+01  7.72423E-01   2.10998E+01  7.56482E-01   2.39180E+01  7.40787E-01   2.67851E+01  7.25348E-01   2.96994E+01  7.10175E-01   3.26593E+01 
 7.37699E-01   3.41850E+01  7.53279E-01   3.12404E+01  7.69125E-01   2.83416E+01  7.85226E-01   2.54901E+01  8.01574E-01   2.26873E+01  8.18153E-01   1.99346E+01  8.34949E-01   1.72336E+01  8.51944E-01   1.45857E+01  8.69120E-01   1.19924E+01  8.86455E-01   9.45527E+00  9.03924E-01   6.97587E+00  9.21502E-01   4.55584E+00  9.39158E-01   2.19681E+00  9.56861E-01   3.59900E+02  9.74575E-01   3.57668E+02  9.92263E-01   3.55502E+02  1.00988E+00   3.53404E+02  1.02740E+00   3.51374E+02  1.04475E+00   3.49416E+02  1.06190E+00   3.47530E+02  1.07880E+00   3.45719E+02  1.09539E+00   3.43983E+02  1.11162E+00   3.42325E+02  1.12742E+00   3.40746E+02  1.14275E+00   3.39248E+02  1.15754E+00   3.37832E+02  1.17173E+00   3.36500E+02  1.18527E+00   3.35253E+02  1.19809E+00   3.34092E+02  1.21013E+00   3.33019E+02  1.22135E+00   3.32035E+02  1.23168E+00   3.31141E+02  1.24108E+00   3.30338E+02  1.24949E+00   3.29627E+02  1.25688E+00   3.29010E+02  1.26320E+00   3.28486E+02  1.26842E+00   3.28056E+02  1.27251E+00   3.27721E+02  1.27545E+00   3.27482E+02  1.27722E+00   3.27338E+02  1.27781E+00   3.27290E+02  1.27722E+00   3.27338E+02  1.27545E+00   3.27482E+02  1.27251E+00   3.27721E+02  1.26842E+00   3.28056E+02  1.26320E+00   3.28486E+02  1.25688E+00   3.29010E+02  1.24949E+00   3.29627E+02  1.24108E+00   3.30338E+02  1.23168E+00   3.31141E+02  1.22135E+00   3.32035E+02  1.21013E+00   3.33019E+02  1.19809E+00   3.34092E+02  1.18527E+00   3.35253E+02  1.17173E+00   3.36500E+02  1.15754E+00   3.37832E+02  1.14275E+00   3.39248E+02  1.12742E+00   3.40746E+02  1.11162E+00   3.42325E+02  1.09539E+00   3.43983E+02  1.07880E+00   3.45719E+02  1.06190E+00   3.47530E+02  1.04475E+00   3.49416E+02  1.02740E+00   3.51374E+02  1.00988E+00   3.53404E+02  9.92263E-01   3.55502E+02  9.74574E-01   3.57668E+02  9.56860E-01   3.59900E+02  9.39158E-01   2.19676E+00  9.21502E-01   4.55583E+00  9.03925E-01   6.97588E+00  8.86456E-01   9.45530E+00  8.69121E-01   1.19925E+01  8.51944E-01   1.45857E+01  8.34947E-01   1.72336E+01  8.18151E-01   1.99347E+01  8.01573E-01   2.26873E+01  7.85227E-01   2.54901E+01  7.69126E-01   2.83417E+01  7.53279E-01   3.12404E+01  7.37697E-01   3.41850E+01 
 7.64246E-01   3.57767E+01  7.80197E-01   3.28478E+01  7.96411E-01   2.99649E+01  8.12878E-01   2.71296E+01  8.29587E-01   2.43429E+01  8.46525E-01   2.16062E+01  8.63676E-01   1.89212E+01  8.81021E-01   1.62893E+01  8.98540E-01   1.37120E+01  9.16212E-01   1.11909E+01  9.34010E-01   8.72742E+00  9.51908E-01   6.32319E+00  9.69877E-01   3.97986E+00  9.87883E-01   1.69898E+00  1.00589E+00   3.59482E+02  1.02386E+00   3.57331E+02  1.04175E+00   3.55248E+02  1.05953E+00   3.53233E+02  1.07713E+00   3.51289E+02  1.09452E+00   3.49418E+02  1.11163E+00   3.47620E+02  1.12843E+00   3.45898E+02  1.14485E+00   3.44253E+02  1.16084E+00   3.42686E+02  1.17634E+00   3.41200E+02  1.19128E+00   3.39796E+02  1.20562E+00   3.38474E+02  1.21929E+00   3.37238E+02  1.23222E+00   3.36087E+02  1.24438E+00   3.35023E+02  1.25569E+00   3.34047E+02  1.26610E+00   3.33161E+02  1.27557E+00   3.32365E+02  1.28405E+00   3.31661E+02  1.29149E+00   3.31048E+02  1.29785E+00   3.30529E+02  1.30311E+00   3.30103E+02  1.30722E+00   3.29771E+02  1.31018E+00   3.29534E+02  1.31196E+00   3.29392E+02  1.31256E+00   3.29344E+02  1.31196E+00   3.29392E+02  1.31018E+00   3.29534E+02  1.30722E+00   3.29771E+02  1.30311E+00   3.30103E+02  1.29785E+00   3.30529E+02  1.29149E+00   3.31048E+02  1.28405E+00   3.31661E+02  1.27557E+00   3.32365E+02  1.26610E+00   3.33161E+02  1.25569E+00   3.34047E+02  1.24438E+00   3.35023E+02  1.23222E+00   3.36087E+02  1.21929E+00   3.37238E+02  1.20562E+00   3.38474E+02  1.19128E+00   3.39796E+02  1.17634E+00   3.41200E+02  1.16084E+00   3.42686E+02  1.14485E+00   3.44253E+02  1.12843E+00   3.45898E+02  1.11164E+00   3.47620E+02  1.09452E+00   3.49418E+02  1.07713E+00   3.51289E+02  1.05953E+00   3.53233E+02  1.04175E+00   3.55248E+02  1.02386E+00   3.57331E+02  1.00589E+00   3.59482E+02  9.87883E-01   1.69897E+00  9.69877E-01   3.97983E+00  9.51909E-01   6.32322E+00  9.34011E-01   8.72743E+00  9.16212E-01   1.11909E+01  8.98540E-01   1.37121E+01  8.81019E-01   1.62893E+01  8.63673E-01   1.89212E+01  8.46523E-01   2.16063E+01  8.29588E-01   2.43428E+01  8.12879E-01   2.71296E+01  7.96412E-01   2.99651E+01  7.80196E-01   3.28478E+01  7.64246E-01   3.57766E+01 
 7.89813E-01   3.74333E+01  8.06094E-01   3.45209E+01  8.22638E-01   3.16544E+01  8.39431E-01   2.88353E+01  8.56461E-01   2.60651E+01  8.73715E-01   2.33450E+01  8.91176E-01   2.06765E+01  9.08826E-01   1.80611E+01  9.26643E-01   1.55003E+01  9.44605E-01   1.29955E+01  9.62687E-01   1.05483E+01  9.80858E-01   8.16030E+00  9.99091E-01   5.83304E+00  1.01735E+00   3.56811E+00  1.03560E+00   1.36710E+00  1.05381E+00   3.59232E+02  1.07192E+00   3.57163E+02  1.08990E+00   3.55164E+02  1.10770E+00   3.53235E+02  1.12527E+00   3.51378E+02  1.14256E+00   3.49594E+02  1.15952E+00   3.47885E+02  1.17609E+00   3.46254E+02  1.19221E+00   3.44700E+02  1.20783E+00   3.43226E+02  1.22289E+00   3.41833E+02  1.23733E+00   3.40523E+02  1.25108E+00   3.39297E+02  1.26410E+00   3.38156E+02  1.27632E+00   3.37101E+02  1.28769E+00   3.36134E+02  1.29816E+00   3.35256E+02  1.30767E+00   3.34467E+02  1.31619E+00   3.33769E+02  1.32366E+00   3.33162E+02  1.33005E+00   3.32648E+02  1.33532E+00   3.32226E+02  1.33945E+00   3.31897E+02  1.34242E+00   3.31662E+02  1.34420E+00   3.31521E+02  1.34480E+00   3.31474E+02  1.34420E+00   3.31521E+02  1.34242E+00   3.31662E+02  1.33945E+00   3.31897E+02  1.33532E+00   3.32226E+02  1.33005E+00   3.32648E+02  1.32366E+00   3.33162E+02  1.31619E+00   3.33769E+02  1.30767E+00   3.34467E+02  1.29816E+00   3.35256E+02  1.28769E+00   3.36134E+02  1.27632E+00   3.37101E+02  1.26410E+00   3.38156E+02  1.25108E+00   3.39297E+02  1.23733E+00   3.40523E+02  1.22289E+00   3.41833E+02  1.20783E+00   3.43226E+02  1.19221E+00   3.44700E+02  1.17609E+00   3.46254E+02  1.15952E+00   3.47885E+02  1.14257E+00   3.49594E+02  1.12527E+00   3.51378E+02  1.10770E+00   3.53235E+02  1.08990E+00   3.55164E+02  1.07192E+00   3.57163E+02  1.05380E+00   3.59232E+02  1.03560E+00   1.36713E+00  1.01735E+00   3.56808E+00  9.99091E-01   5.83303E+00  9.80859E-01   8.16033E+00  9.62687E-01   1.05483E+01  9.44605E-01   1.29955E+01  9.26642E-01   1.55003E+01  9.08824E-01   1.80611E+01  8.91174E-01   2.06765E+01  8.73715E-01   2.33449E+01  8.56463E-01   2.60650E+01  8.39432E-01   2.88353E+01  8.22638E-01   3.16544E+01  8.06094E-01   3.45208E+01  7.89813E-01   3.74333E+01 
 8.14391E-01   3.91538E+01  8.30968E-01   3.62581E+01  8.47802E-01   3.34085E+01  8.64881E-01   3.06063E+01  8.82193E-01   2.78530E+01  8.99722E-01   2.51498E+01  9.17453E-01   2.24981E+01  9.35364E-01   1.98996E+01  9.53434E-01   1.73556E+01  9.71641E-01   1.48677E+01  9.89959E-01   1.24372E+01  1.00836E+00   1.00658E+01  1.02681E+00   7.75498E+00  1.04528E+00   5.50632E+00  1.06372E+00   3.32139E+00  1.08211E+00   1.20181E+00  1.10040E+00   3.59149E+02  1.11854E+00   3.57165E+02  1.13649E+00   3.55251E+02  1.15420E+00   3.53408E+02  1.17162E+00   3.51639E+02  1.18869E+00   3.49945E+02  1.20536E+00   3.48326E+02  1.22157E+00   3.46786E+02  1.23727E+00   3.45324E+02  1.25240E+00   3.43944E+02  1.26690E+00   3.42645E+02  1.28070E+00   3.41429E+02  1.29376E+00   3.40298E+02  1.30602E+00   3.39253E+02  1.31742E+00   3.38295E+02  1.32791E+00   3.37424E+02  1.33744E+00   3.36643E+02  1.34597E+00   3.35951E+02  1.35345E+00   3.35350E+02  1.35984E+00   3.34840E+02  1.36512E+00   3.34422E+02  1.36925E+00   3.34097E+02  1.37222E+00   3.33864E+02  1.37401E+00   3.33724E+02  1.37461E+00   3.33677E+02  1.37401E+00   3.33724E+02  1.37222E+00   3.33864E+02  1.36926E+00   3.34097E+02  1.36512E+00   3.34422E+02  1.35984E+00   3.34840E+02  1.35345E+00   3.35350E+02  1.34597E+00   3.35951E+02  1.33744E+00   3.36643E+02  1.32791E+00   3.37424E+02  1.31742E+00   3.38295E+02  1.30602E+00   3.39253E+02  1.29376E+00   3.40298E+02  1.28070E+00   3.41429E+02  1.26690E+00   3.42645E+02  1.25240E+00   3.43944E+02  1.23727E+00   3.45324E+02  1.22157E+00   3.46786E+02  1.20536E+00   3.48326E+02  1.18869E+00   3.49945E+02  1.17162E+00   3.51639E+02  1.15420E+00   3.53408E+02  1.13649E+00   3.55251E+02  1.11854E+00   3.57165E+02  1.10040E+00   3.59149E+02  1.08211E+00   1.20180E+00  1.06372E+00   3.32138E+00  1.04528E+00   5.50628E+00  1.02681E+00   7.75499E+00  1.00836E+00   1.00658E+01  9.89960E-01   1.24373E+01  9.71641E-01   1.48677E+01  9.53433E-01   1.73557E+01  9.35361E-01   1.98996E+01  9.17451E-01   2.24981E+01  8.99723E-01   2.51497E+01  8.82194E-01   2.78530E+01  8.64882E-01   3.06064E+01  8.47802E-01   3.34085E+01  8.30968E-01   3.62580E+01  8.14392E-01   3.91538E+01 
 8.37983E-01   4.09371E+01  8.54818E-01   3.80586E+01  8.71907E-01   3.52262E+01  8.89234E-01   3.24412E+01  9.06787E-01   2.97052E+01  9.24551E-01   2.70193E+01  9.42508E-01   2.43850E+01  9.60640E-01   2.18037E+01  9.78922E-01   1.92769E+01  9.97332E-01   1.68061E+01  1.01584E+00   1.43927E+01  1.03442E+00   1.20382E+01  1.05305E+00   9.74415E+00  1.07168E+00   7.51212E+00  1.09027E+00   5.34361E+00  1.10880E+00   3.24019E+00  1.12721E+00   1.20341E+00  1.14547E+00   3.59235E+02  1.16353E+00   3.57336E+02  1.18133E+00   3.55509E+02  1.19883E+00   3.53754E+02  1.21597E+00   3.52073E+02  1.23270E+00   3.50469E+02  1.24896E+00   3.48941E+02  1.26470E+00   3.47493E+02  1.27986E+00   3.46124E+02  1.29438E+00   3.44837E+02  1.30820E+00   3.43632E+02  1.32127E+00   3.42512E+02  1.33353E+00   3.41476E+02  1.34493E+00   3.40526E+02  1.35542E+00   3.39664E+02  1.36494E+00   3.38890E+02  1.37346E+00   3.38205E+02  1.38093E+00   3.37610E+02  1.38731E+00   3.37105E+02  1.39258E+00   3.36691E+02  1.39671E+00   3.36368E+02  1.39967E+00   3.36137E+02  1.40146E+00   3.35999E+02  1.40205E+00   3.35953E+02  1.40146E+00   3.35999E+02  1.39967E+00   3.36137E+02  1.39671E+00   3.36368E+02  1.39258E+00   3.36691E+02  1.38731E+00   3.37105E+02  1.38093E+00   3.37610E+02  1.37346E+00   3.38205E+02  1.36494E+00   3.38890E+02  1.35542E+00   3.39664E+02  1.34493E+00   3.40526E+02  1.33353E+00   3.41476E+02  1.32127E+00   3.42512E+02  1.30820E+00   3.43632E+02  1.29438E+00   3.44837E+02  1.27986E+00   3.46124E+02  1.26470E+00   3.47493E+02  1.24896E+00   3.48941E+02  1.23270E+00   3.50469E+02  1.21597E+00   3.52073E+02  1.19883E+00   3.53754E+02  1.18133E+00   3.55509E+02  1.16353E+00   3.57336E+02  1.14547E+00   3.59235E+02  1.12721E+00   1.20340E+00  1.10880E+00   3.24017E+00  1.09027E+00   5.34361E+00  1.07168E+00   7.51212E+00  1.05305E+00   9.74421E+00  1.03443E+00   1.20382E+01  1.01584E+00   1.43927E+01  9.97331E-01   1.68061E+01  9.78920E-01   1.92769E+01  9.60638E-01   2.18037E+01  9.42508E-01   2.43851E+01  9.24552E-01   2.70193E+01  9.06788E-01   2.97052E+01  8.89234E-01   3.24413E+01  8.71906E-01   3.52261E+01  8.54818E-01   3.80585E+01  8.37985E-01   4.09371E+01 
 8.60590E-01   4.27820E+01  8.77648E-01   3.99212E+01  8.94952E-01   3.71065E+01  9.12491E-01   3.43391E+01  9.30249E-01   3.16206E+01  9.48210E-01   2.89524E+01  9.66355E-01   2.63357E+01  9.84666E-01   2.37721E+01  1.00312E+00   2.12628E+01  1.02169E+00   1.88094E+01  1.04035E+00   1.64133E+01  1.05907E+00   1.40761E+01  1.07783E+00   1.17991E+01  1.09657E+00   9.58394E+00  1.11528E+00   7.43211E+00  1.13390E+00   5.34513E+00  1.15240E+00   3.32455E+00  1.17073E+00   1.37185E+00  1.18885E+00   3.59489E+02  1.20670E+00   3.57676E+02  1.22424E+00   3.55936E+02  1.24141E+00   3.54270E+02  1.25816E+00   3.52680E+02  1.27443E+00   3.51166E+02  1.29018E+00   3.49730E+02  1.30533E+00   3.48373E+02  1.31984E+00   3.47098E+02  1.33364E+00   3.45904E+02  1.34669E+00   3.44794E+02  1.35892E+00   3.43768E+02  1.37029E+00   3.42827E+02  1.38075E+00   3.41973E+02  1.39024E+00   3.41207E+02  1.39873E+00   3.40528E+02  1.40617E+00   3.39938E+02  1.41253E+00   3.39438E+02  1.41778E+00   3.39028E+02  1.42189E+00   3.38709E+02  1.42484E+00   3.38481E+02  1.42662E+00   3.38344E+02  1.42721E+00   3.38298E+02  1.42662E+00   3.38344E+02  1.42484E+00   3.38481E+02  1.42189E+00   3.38709E+02  1.41778E+00   3.39028E+02  1.41253E+00   3.39438E+02  1.40617E+00   3.39938E+02  1.39873E+00   3.40528E+02  1.39024E+00   3.41207E+02  1.38075E+00   3.41973E+02  1.37029E+00   3.42827E+02  1.35892E+00   3.43768E+02  1.34669E+00   3.44794E+02  1.33364E+00   3.45904E+02  1.31984E+00   3.47098E+02  1.30533E+00   3.48373E+02  1.29018E+00   3.49730E+02  1.27444E+00   3.51166E+02  1.25816E+00   3.52680E+02  1.24141E+00   3.54270E+02  1.22424E+00   3.55936E+02  1.20670E+00   3.57676E+02  1.18885E+00   3.59489E+02  1.17073E+00   1.37187E+00  1.15240E+00   3.32453E+00  1.13390E+00   5.34515E+00  1.11528E+00   7.43213E+00  1.09657E+00   9.58396E+00  1.07783E+00   1.17991E+01  1.05907E+00   1.40761E+01  1.04035E+00   1.64134E+01  1.02169E+00   1.88095E+01  1.00312E+00   2.12628E+01  9.84665E-01   2.37721E+01  9.66356E-01   2.63357E+01  9.48211E-01   2.89523E+01  9.30249E-01   3.16207E+01  9.12491E-01   3.43392E+01  8.94952E-01   3.71063E+01  8.77649E-01   3.99211E+01  8.60591E-01   4.27821E+01 
 8.82214E-01   4.46876E+01  8.99462E-01   4.18445E+01  9.16949E-01   3.90478E+01  9.34663E-01   3.62985E+01  9.52588E-01   3.35981E+01  9.70708E-01   3.09478E+01  9.89004E-01   2.83491E+01  1.00746E+00   2.58033E+01  1.02604E+00   2.33119E+01  1.04473E+00   2.08762E+01  1.06351E+00   1.84978E+01  1.08233E+00   1.61780E+01  1.10117E+00   1.39184E+01  1.11999E+00   1.17204E+01  1.13876E+00   9.58550E+00  1.15744E+00   7.51519E+00  1.17599E+00   5.51098E+00  1.19435E+00   3.57436E+00  1.21249E+00   1.70681E+00  1.23035E+00   3.59910E+02  1.24789E+00   3.58185E+02  1.26506E+00   3.56533E+02  1.28179E+00   3.54957E+02  1.29804E+00   3.53456E+02  1.31375E+00   3.52033E+02  1.32886E+00   3.50689E+02  1.34333E+00   3.49426E+02  1.35708E+00   3.48243E+02  1.37008E+00   3.47143E+02  1.38226E+00   3.46127E+02  1.39358E+00   3.45196E+02  1.40398E+00   3.44350E+02  1.41342E+00   3.43591E+02  1.42187E+00   3.42919E+02  1.42926E+00   3.42335E+02  1.43558E+00   3.41840E+02  1.44080E+00   3.41434E+02  1.44488E+00   3.41118E+02  1.44781E+00   3.40892E+02  1.44958E+00   3.40756E+02  1.45017E+00   3.40711E+02  1.44958E+00   3.40756E+02  1.44781E+00   3.40892E+02  1.44488E+00   3.41118E+02  1.44080E+00   3.41434E+02  1.43559E+00   3.41840E+02  1.42926E+00   3.42335E+02  1.42187E+00   3.42919E+02  1.41343E+00   3.43591E+02  1.40398E+00   3.44350E+02  1.39358E+00   3.45196E+02  1.38226E+00   3.46127E+02  1.37008E+00   3.47143E+02  1.35708E+00   3.48243E+02  1.34333E+00   3.49426E+02  1.32886E+00   3.50689E+02  1.31375E+00   3.52033E+02  1.29804E+00   3.53456E+02  1.28179E+00   3.54957E+02  1.26505E+00   3.56533E+02  1.24789E+00   3.58185E+02  1.23035E+00   3.59910E+02  1.21249E+00   1.70682E+00  1.19435E+00   3.57436E+00  1.17599E+00   5.51097E+00  1.15744E+00   7.51521E+00  1.13877E+00   9.58551E+00  1.11999E+00   1.17205E+01  1.10117E+00   1.39185E+01  1.08233E+00   1.61781E+01  1.06350E+00   1.84978E+01  1.04473E+00   2.08762E+01  1.02604E+00   2.33118E+01  1.00746E+00   2.58033E+01  9.89006E-01   2.83491E+01  9.70709E-01   3.09478E+01  9.52588E-01   3.35982E+01  9.34663E-01   3.62985E+01  9.16949E-01   3.90476E+01  8.99462E-01   4.18446E+01  8.82214E-01   4.46876E+01 
 9.02865E-01   4.66526E+01  9.20270E-01   4.38279E+01  9.37906E-01   4.10494E+01  9.55761E-01   3.83183E+01  9.73819E-01   3.56361E+01  9.92063E-01   3.30042E+01  1.01047E+00   3.04237E+01  1.02903E+00   2.78962E+01  1.04771E+00   2.54228E+01  1.06648E+00   2.30052E+01  1.08533E+00   2.06446E+01  1.10421E+00   1.83426E+01  1.12311E+00   1.61005E+01  1.14197E+00   1.39199E+01  1.16077E+00   1.18022E+01  1.17946E+00   9.74876E+00  1.19801E+00   7.76116E+00  1.21637E+00   5.84084E+00  1.23450E+00   3.98921E+00  1.25234E+00   2.20774E+00  1.26984E+00   4.97869E-01  1.28696E+00   3.58861E+02  1.30364E+00   3.57298E+02  1.31983E+00   3.55812E+02  1.33548E+00   3.54402E+02  1.35052E+00   3.53070E+02  1.36491E+00   3.51819E+02  1.37860E+00   3.50647E+02  1.39151E+00   3.49558E+02  1.40362E+00   3.48552E+02  1.41486E+00   3.47629E+02  1.42519E+00   3.46792E+02  1.43456E+00   3.46040E+02  1.44294E+00   3.45375E+02  1.45028E+00   3.44797E+02  1.45655E+00   3.44307E+02  1.46172E+00   3.43905E+02  1.46577E+00   3.43592E+02  1.46868E+00   3.43368E+02  1.47043E+00   3.43234E+02  1.47101E+00   3.43189E+02  1.47043E+00   3.43234E+02  1.46868E+00   3.43368E+02  1.46577E+00   3.43592E+02  1.46172E+00   3.43905E+02  1.45655E+00   3.44307E+02  1.45028E+00   3.44797E+02  1.44294E+00   3.45375E+02  1.43457E+00   3.46040E+02  1.42519E+00   3.46792E+02  1.41486E+00   3.47629E+02  1.40362E+00   3.48552E+02  1.39152E+00   3.49558E+02  1.37860E+00   3.50647E+02  1.36491E+00   3.51819E+02  1.35052E+00   3.53071E+02  1.33548E+00   3.54402E+02  1.31983E+00   3.55812E+02  1.30364E+00   3.57298E+02  1.28696E+00   3.58861E+02  1.26984E+00   4.97860E-01  1.25233E+00   2.20772E+00  1.23450E+00   3.98920E+00  1.21637E+00   5.84082E+00  1.19801E+00   7.76118E+00  1.17947E+00   9.74880E+00  1.16077E+00   1.18022E+01  1.14197E+00   1.39200E+01  1.12311E+00   1.61006E+01  1.10421E+00   1.83426E+01  1.08533E+00   2.06446E+01  1.06648E+00   2.30051E+01  1.04771E+00   2.54228E+01  1.02903E+00   2.78962E+01  1.01047E+00   3.04237E+01  9.92062E-01   3.30042E+01  9.73819E-01   3.56361E+01  9.55760E-01   3.83182E+01  9.37906E-01   4.10493E+01  9.20271E-01   4.38280E+01  9.02865E-01   4.66527E+01 
 9.22551E-01   4.86759E+01  9.40082E-01   4.58696E+01  9.57834E-01   4.31098E+01  9.75797E-01   4.03975E+01  9.93954E-01   3.77338E+01  1.01229E+00   3.51203E+01  1.03078E+00   3.25583E+01  1.04940E+00   3.00492E+01  1.06814E+00   2.75943E+01  1.08697E+00   2.51949E+01  1.10585E+00   2.28524E+01  1.12476E+00   2.05684E+01  1.14367E+00   1.83441E+01  1.16254E+00   1.61810E+01  1.18133E+00   1.40806E+01  1.20000E+00   1.20442E+01  1.21852E+00   1.00734E+01  1.23684E+00   8.16950E+00  1.25492E+00   6.33396E+00  1.27270E+00   4.56819E+00  1.29013E+00   2.87358E+00  1.30718E+00   1.25149E+00  1.32378E+00   3.59703E+02  1.33988E+00   3.58230E+02  1.35543E+00   3.56834E+02  1.37038E+00   3.55515E+02  1.38467E+00   3.54275E+02  1.39825E+00   3.53115E+02  1.41107E+00   3.52036E+02  1.42308E+00   3.51040E+02  1.43422E+00   3.50127E+02  1.44446E+00   3.49298E+02  1.45375E+00   3.48553E+02  1.46204E+00   3.47895E+02  1.46931E+00   3.47323E+02  1.47552E+00   3.46837E+02  1.48064E+00   3.46440E+02  1.48465E+00   3.46130E+02  1.48752E+00   3.45909E+02  1.48925E+00   3.45776E+02  1.48983E+00   3.45731E+02  1.48925E+00   3.45776E+02  1.48752E+00   3.45909E+02  1.48465E+00   3.46130E+02  1.48064E+00   3.46440E+02  1.47552E+00   3.46838E+02  1.46931E+00   3.47323E+02  1.46204E+00   3.47895E+02  1.45375E+00   3.48553E+02  1.44446E+00   3.49298E+02  1.43422E+00   3.50127E+02  1.42308E+00   3.51040E+02  1.41107E+00   3.52036E+02  1.39825E+00   3.53115E+02  1.38467E+00   3.54275E+02  1.37038E+00   3.55515E+02  1.35543E+00   3.56834E+02  1.33988E+00   3.58230E+02  1.32378E+00   3.59703E+02  1.30718E+00   1.25148E+00  1.29013E+00   2.87357E+00  1.27270E+00   4.56819E+00  1.25492E+00   6.33398E+00  1.23684E+00   8.16952E+00  1.21852E+00   1.00734E+01  1.20001E+00   1.20443E+01  1.18133E+00   1.40806E+01  1.16254E+00   1.61810E+01  1.14367E+00   1.83441E+01  1.12476E+00   2.05684E+01  1.10585E+00   2.28524E+01  1.08697E+00   2.51949E+01  1.06814E+00   2.75943E+01  1.04941E+00   3.00492E+01  1.03078E+00   3.25583E+01  1.01229E+00   3.51203E+01  9.93954E-01   3.77338E+01  9.75797E-01   4.03974E+01  9.57835E-01   4.31098E+01  9.40082E-01   4.58698E+01  9.22549E-01   4.86760E+01 
 9.41285E-01   5.07567E+01  9.58911E-01   4.79691E+01  9.76751E-01   4.52279E+01  9.94791E-01   4.25344E+01  1.01301E+00   3.98897E+01  1.03141E+00   3.72950E+01  1.04994E+00   3.47518E+01  1.06861E+00   3.22613E+01  1.08737E+00   2.98248E+01  1.10621E+00   2.74439E+01  1.12510E+00   2.51198E+01  1.14400E+00   2.28539E+01  1.16289E+00   2.06476E+01  1.18173E+00   1.85023E+01  1.20048E+00   1.64194E+01  1.21910E+00   1.44002E+01  1.23756E+00   1.24463E+01  1.25581E+00   1.05590E+01  1.27380E+00   8.73960E+00  1.29149E+00   6.98959E+00  1.30883E+00   5.31032E+00  1.32577E+00   3.70309E+00  1.34226E+00   2.16926E+00  1.35824E+00   7.10072E-01  1.37367E+00   3.59327E+02  1.38850E+00   3.58021E+02  1.40267E+00   3.56793E+02  1.41612E+00   3.55644E+02  1.42882E+00   3.54576E+02  1.44071E+00   3.53590E+02  1.45174E+00   3.52686E+02  1.46187E+00   3.51865E+02  1.47106E+00   3.51128E+02  1.47926E+00   3.50477E+02  1.48645E+00   3.49910E+02  1.49258E+00   3.49430E+02  1.49764E+00   3.49037E+02  1.50160E+00   3.48730E+02  1.50444E+00   3.48511E+02  1.50615E+00   3.48379E+02  1.50672E+00   3.48335E+02  1.50615E+00   3.48379E+02  1.50444E+00   3.48511E+02  1.50160E+00   3.48730E+02  1.49764E+00   3.49037E+02  1.49258E+00   3.49430E+02  1.48645E+00   3.49910E+02  1.47926E+00   3.50477E+02  1.47106E+00   3.51128E+02  1.46187E+00   3.51865E+02  1.45174E+00   3.52686E+02  1.44071E+00   3.53590E+02  1.42882E+00   3.54576E+02  1.41612E+00   3.55644E+02  1.40267E+00   3.56793E+02  1.38850E+00   3.58021E+02  1.37367E+00   3.59327E+02  1.35824E+00   7.10067E-01  1.34226E+00   2.16925E+00  1.32577E+00   3.70311E+00  1.30883E+00   5.31032E+00  1.29149E+00   6.98962E+00  1.27380E+00   8.73962E+00  1.25581E+00   1.05590E+01  1.23756E+00   1.24463E+01  1.21910E+00   1.44002E+01  1.20048E+00   1.64194E+01  1.18173E+00   1.85023E+01  1.16289E+00   2.06476E+01  1.14400E+00   2.28539E+01  1.12510E+00   2.51198E+01  1.10621E+00   2.74439E+01  1.08737E+00   2.98249E+01  1.06861E+00   3.22612E+01  1.04994E+00   3.47518E+01  1.03141E+00   3.72950E+01  1.01302E+00   3.98896E+01  9.94791E-01   4.25343E+01  9.76750E-01   4.52280E+01  9.58909E-01   4.79692E+01  9.41284E-01   5.07566E+01 
 9.59081E-01   5.28933E+01  9.76772E-01   5.01249E+01  9.94669E-01   4.74028E+01  1.01276E+00   4.47282E+01  1.03102E+00   4.21025E+01  1.04944E+00   3.95269E+01  1.06799E+00   3.70026E+01  1.08666E+00   3.45309E+01  1.10542E+00   3.21133E+01  1.12424E+00   2.97510E+01  1.14310E+00   2.74454E+01  1.16197E+00   2.51978E+01  1.18081E+00   2.30095E+01  1.19958E+00   2.08821E+01  1.21826E+00   1.88168E+01  1.23680E+00   1.68150E+01  1.25517E+00   1.48782E+01  1.27332E+00   1.30075E+01  1.29120E+00   1.12045E+01  1.30877E+00   9.47039E+00  1.32598E+00   7.80656E+00  1.34279E+00   6.21430E+00  1.35914E+00   4.69488E+00  1.37499E+00   3.24959E+00  1.39027E+00   1.87961E+00  1.40495E+00   5.86153E-01  1.41898E+00   3.59370E+02  1.43229E+00   3.58233E+02  1.44485E+00   3.57176E+02  1.45660E+00   3.56199E+02  1.46750E+00   3.55304E+02  1.47751E+00   3.54492E+02  1.48658E+00   3.53763E+02  1.49468E+00   3.53118E+02  1.50177E+00   3.52558E+02  1.50782E+00   3.52083E+02  1.51281E+00   3.51693E+02  1.51672E+00   3.51390E+02  1.51952E+00   3.51173E+02  1.52121E+00   3.51043E+02  1.52177E+00   3.50999E+02  1.52121E+00   3.51043E+02  1.51952E+00   3.51173E+02  1.51672E+00   3.51390E+02  1.51281E+00   3.51693E+02  1.50782E+00   3.52083E+02  1.50177E+00   3.52558E+02  1.49468E+00   3.53118E+02  1.48658E+00   3.53763E+02  1.47751E+00   3.54492E+02  1.46750E+00   3.55304E+02  1.45660E+00   3.56199E+02  1.44485E+00   3.57176E+02  1.43229E+00   3.58233E+02  1.41898E+00   3.59370E+02  1.40495E+00   5.86138E-01  1.39027E+00   1.87961E+00  1.37499E+00   3.24958E+00  1.35914E+00   4.69489E+00  1.34279E+00   6.21430E+00  1.32598E+00   7.80655E+00  1.30877E+00   9.47040E+00  1.29120E+00   1.12045E+01  1.27332E+00   1.30076E+01  1.25517E+00   1.48782E+01  1.23680E+00   1.68151E+01  1.21826E+00   1.88169E+01  1.19958E+00   2.08821E+01  1.18080E+00   2.30095E+01  1.16197E+00   2.51977E+01  1.14310E+00   2.74453E+01  1.12424E+00   2.97510E+01  1.10542E+00   3.21134E+01  1.08666E+00   3.45310E+01  1.06799E+00   3.70026E+01  1.04944E+00   3.95268E+01  1.03102E+00   4.21024E+01  1.01276E+00   4.47283E+01  9.94669E-01   4.74029E+01  9.76772E-01   5.01249E+01  9.59080E-01   5.28932E+01 
 9.75954E-01   5.50850E+01  9.93685E-01   5.23357E+01  1.01161E+00   4.96328E+01  1.02972E+00   4.69776E+01  1.04799E+00   4.43712E+01  1.06641E+00   4.18147E+01  1.08495E+00   3.93095E+01  1.10359E+00   3.68569E+01  1.12232E+00   3.44582E+01  1.14110E+00   3.21147E+01  1.15990E+00   2.98277E+01  1.17870E+00   2.75986E+01  1.19746E+00   2.54286E+01  1.21614E+00   2.33192E+01  1.23472E+00   2.12716E+01  1.25315E+00   1.92873E+01  1.27140E+00   1.73675E+01  1.28942E+00   1.55136E+01  1.30716E+00   1.37269E+01  1.32459E+00   1.20088E+01  1.34165E+00   1.03605E+01  1.35830E+00   8.78324E+00  1.37449E+00   7.27835E+00  1.39018E+00   5.84703E+00  1.40530E+00   4.49042E+00  1.41981E+00   3.20972E+00  1.43367E+00   2.00599E+00  1.44682E+00   8.80313E-01  1.45922E+00   3.59834E+02  1.47082E+00   3.58867E+02  1.48158E+00   3.57981E+02  1.49145E+00   3.57177E+02  1.50039E+00   3.56456E+02  1.50838E+00   3.55818E+02  1.51537E+00   3.55263E+02  1.52134E+00   3.54793E+02  1.52625E+00   3.54408E+02  1.53010E+00   3.54108E+02  1.53286E+00   3.53893E+02  1.53452E+00   3.53764E+02  1.53508E+00   3.53721E+02  1.53452E+00   3.53764E+02  1.53286E+00   3.53893E+02  1.53010E+00   3.54108E+02  1.52625E+00   3.54408E+02  1.52134E+00   3.54793E+02  1.51537E+00   3.55263E+02  1.50838E+00   3.55818E+02  1.50039E+00   3.56456E+02  1.49145E+00   3.57177E+02  1.48158E+00   3.57981E+02  1.47082E+00   3.58867E+02  1.45922E+00   3.59834E+02  1.44682E+00   8.80295E-01  1.43367E+00   2.00597E+00  1.41981E+00   3.20969E+00  1.40530E+00   4.49041E+00  1.39018E+00   5.84701E+00  1.37449E+00   7.27836E+00  1.35830E+00   8.78326E+00  1.34165E+00   1.03605E+01  1.32459E+00   1.20088E+01  1.30716E+00   1.37270E+01  1.28942E+00   1.55137E+01  1.27140E+00   1.73675E+01  1.25315E+00   1.92873E+01  1.23472E+00   2.12716E+01  1.21614E+00   2.33191E+01  1.19746E+00   2.54286E+01  1.17870E+00   2.75986E+01  1.15990E+00   2.98278E+01  1.14110E+00   3.21148E+01  1.12232E+00   3.44582E+01  1.10359E+00   3.68569E+01  1.08495E+00   3.93095E+01  1.06641E+00   4.18146E+01  1.04799E+00   4.43712E+01  1.02972E+00   4.69777E+01  1.01161E+00   4.96329E+01  9.93683E-01   5.23356E+01  9.75954E-01   5.50849E+01 
 9.91923E-01   5.73305E+01  1.00967E+00   5.46008E+01  1.02760E+00   5.19172E+01  1.04570E+00   4.92814E+01  1.06395E+00   4.66943E+01  1.08234E+00   4.41573E+01  1.10084E+00   4.16714E+01  1.11944E+00   3.92380E+01  1.13810E+00   3.68584E+01  1.15681E+00   3.45338E+01  1.17552E+00   3.22655E+01  1.19423E+00   3.00549E+01  1.21288E+00   2.79033E+01  1.23145E+00   2.58120E+01  1.24991E+00   2.37823E+01  1.26820E+00   2.18154E+01  1.28630E+00   1.99129E+01  1.30417E+00   1.80758E+01  1.32175E+00   1.63056E+01  1.33901E+00   1.46034E+01  1.35590E+00   1.29706E+01  1.37237E+00   1.14084E+01  1.38838E+00   9.91803E+00  1.40388E+00   8.50066E+00  1.41882E+00   7.15743E+00  1.43315E+00   5.88948E+00  1.44683E+00   4.69786E+00  1.45980E+00   3.58360E+00  1.47203E+00   2.54769E+00  1.48346E+00   1.59104E+00  1.49406E+00   7.14544E-01  1.50379E+00   3.59919E+02  1.51260E+00   3.59205E+02  1.52046E+00   3.58574E+02  1.52734E+00   3.58025E+02  1.53321E+00   3.57560E+02  1.53805E+00   3.57179E+02  1.54183E+00   3.56882E+02  1.54455E+00   3.56670E+02  1.54618E+00   3.56542E+02  1.54672E+00   3.56500E+02  1.54618E+00   3.56542E+02  1.54455E+00   3.56670E+02  1.54183E+00   3.56882E+02  1.53805E+00   3.57179E+02  1.53321E+00   3.57560E+02  1.52734E+00   3.58025E+02  1.52046E+00   3.58574E+02  1.51259E+00   3.59205E+02  1.50378E+00   3.59919E+02  1.49406E+00   7.14522E-01  1.48346E+00   1.59103E+00  1.47203E+00   2.54767E+00  1.45980E+00   3.58359E+00  1.44683E+00   4.69785E+00  1.43315E+00   5.88948E+00  1.41882E+00   7.15746E+00  1.40388E+00   8.50068E+00  1.38838E+00   9.91808E+00  1.37237E+00   1.14084E+01  1.35590E+00   1.29706E+01  1.33901E+00   1.46034E+01  1.32175E+00   1.63056E+01  1.30416E+00   1.80758E+01  1.28630E+00   1.99129E+01  1.26820E+00   2.18154E+01  1.24990E+00   2.37823E+01  1.23145E+00   2.58120E+01  1.21288E+00   2.79033E+01  1.19423E+00   3.00549E+01  1.17552E+00   3.22655E+01  1.15681E+00   3.45338E+01  1.13810E+00   3.68583E+01  1.11944E+00   3.92380E+01  1.10084E+00   4.16714E+01  1.08234E+00   4.41573E+01  1.06395E+00   4.66944E+01  1.04570E+00   4.92814E+01  1.02759E+00   5.19172E+01  1.00967E+00   5.46007E+01  9.91925E-01   5.73305E+01 
 1.00700E+00   5.96285E+01  1.02474E+00   5.69185E+01  1.04264E+00   5.42548E+01  1.06071E+00   5.16384E+01  1.07893E+00   4.90708E+01  1.09726E+00   4.65532E+01  1.11570E+00   4.40868E+01  1.13422E+00   4.16728E+01  1.15280E+00   3.93124E+01  1.17140E+00   3.70068E+01  1.19001E+00   3.47574E+01  1.20860E+00   3.25655E+01  1.22712E+00   3.04323E+01  1.24555E+00   2.83591E+01  1.26385E+00   2.63472E+01  1.28199E+00   2.43980E+01  1.29992E+00   2.25126E+01  1.31761E+00   2.06924E+01  1.33501E+00   1.89387E+01  1.35208E+00   1.72526E+01  1.36878E+00   1.56354E+01  1.38506E+00   1.40883E+01  1.40087E+00   1.26124E+01  1.41617E+00   1.12090E+01  1.43090E+00   9.87918E+00  1.44504E+00   8.62395E+00  1.45852E+00   7.44441E+00  1.47130E+00   6.34155E+00  1.48334E+00   5.31632E+00  1.49460E+00   4.36962E+00  1.50503E+00   3.50229E+00  1.51460E+00   2.71510E+00  1.52326E+00   2.00878E+00  1.53099E+00   1.38398E+00  1.53776E+00   8.41289E-01  1.54353E+00   3.81206E-01  1.54828E+00   4.17359E-03  1.55200E+00   3.59711E+02  1.55467E+00   3.59501E+02  1.55627E+00   3.59375E+02  1.55681E+00   3.59333E+02  1.55627E+00   3.59375E+02  1.55467E+00   3.59501E+02  1.55200E+00   3.59711E+02  1.54828E+00   4.16720E-03  1.54353E+00   3.81202E-01  1.53776E+00   8.41282E-01  1.53099E+00   1.38398E+00  1.52326E+00   2.00878E+00  1.51460E+00   2.71510E+00  1.50503E+00   3.50228E+00  1.49460E+00   4.36963E+00  1.48334E+00   5.31633E+00  1.47130E+00   6.34157E+00  1.45852E+00   7.44443E+00  1.44504E+00   8.62397E+00  1.43091E+00   9.87919E+00  1.41617E+00   1.12090E+01  1.40087E+00   1.26124E+01  1.38506E+00   1.40883E+01  1.36878E+00   1.56354E+01  1.35208E+00   1.72526E+01  1.33501E+00   1.89387E+01  1.31761E+00   2.06925E+01  1.29992E+00   2.25126E+01  1.28199E+00   2.43980E+01  1.26385E+00   2.63472E+01  1.24555E+00   2.83591E+01  1.22712E+00   3.04323E+01  1.20860E+00   3.25654E+01  1.19001E+00   3.47574E+01  1.17140E+00   3.70068E+01  1.15280E+00   3.93123E+01  1.13422E+00   4.16728E+01  1.11570E+00   4.40868E+01  1.09726E+00   4.65533E+01  1.07892E+00   4.90709E+01  1.06071E+00   5.16384E+01  1.04264E+00   5.42547E+01  1.02474E+00   5.69184E+01  1.00701E+00   5.96286E+01 
 1.02122E+00   6.19784E+01  1.03892E+00   5.92879E+01  1.05678E+00   5.66440E+01  1.07480E+00   5.40475E+01  1.09294E+00   5.14996E+01  1.11120E+00   4.90015E+01  1.12955E+00   4.65546E+01  1.14797E+00   4.41600E+01  1.16644E+00   4.18188E+01  1.18492E+00   3.95324E+01  1.20340E+00   3.73020E+01  1.22184E+00   3.51287E+01  1.24022E+00   3.30141E+01  1.25849E+00   3.09591E+01  1.27662E+00   2.89652E+01  1.29457E+00   2.70336E+01  1.31232E+00   2.51655E+01  1.32981E+00   2.33622E+01  1.34701E+00   2.16248E+01  1.36387E+00   1.99548E+01  1.38036E+00   1.83531E+01  1.39642E+00   1.68211E+01  1.41202E+00   1.53598E+01  1.42710E+00   1.39704E+01  1.44162E+00   1.26539E+01  1.45554E+00   1.14114E+01  1.46882E+00   1.02440E+01  1.48140E+00   9.15252E+00  1.49324E+00   8.13797E+00  1.50431E+00   7.20119E+00  1.51457E+00   6.34301E+00  1.52397E+00   5.56418E+00  1.53248E+00   4.86540E+00  1.54007E+00   4.24731E+00  1.54671E+00   3.71045E+00  1.55238E+00   3.25535E+00  1.55705E+00   2.88240E+00  1.56070E+00   2.59197E+00  1.56331E+00   2.38433E+00  1.56489E+00   2.25966E+00  1.56541E+00   2.21809E+00  1.56489E+00   2.25966E+00  1.56331E+00   2.38433E+00  1.56070E+00   2.59197E+00  1.55705E+00   2.88240E+00  1.55238E+00   3.25534E+00  1.54671E+00   3.71046E+00  1.54007E+00   4.24731E+00  1.53248E+00   4.86541E+00  1.52397E+00   5.56418E+00  1.51457E+00   6.34301E+00  1.50431E+00   7.20119E+00  1.49324E+00   8.13797E+00  1.48140E+00   9.15253E+00  1.46882E+00   1.02440E+01  1.45554E+00   1.14114E+01  1.44162E+00   1.26539E+01  1.42710E+00   1.39704E+01  1.41202E+00   1.53598E+01  1.39642E+00   1.68211E+01  1.38036E+00   1.83532E+01  1.36387E+00   1.99548E+01  1.34701E+00   2.16249E+01  1.32981E+00   2.33622E+01  1.31232E+00   2.51655E+01  1.29458E+00   2.70336E+01  1.27662E+00   2.89652E+01  1.25849E+00   3.09592E+01  1.24022E+00   3.30141E+01  1.22184E+00   3.51287E+01  1.20340E+00   3.73020E+01  1.18493E+00   3.95323E+01  1.16644E+00   4.18188E+01  1.14797E+00   4.41600E+01  1.12955E+00   4.65546E+01  1.11120E+00   4.90016E+01  1.09294E+00   5.14996E+01  1.07480E+00   5.40474E+01  1.05678E+00   5.66439E+01  1.03892E+00   5.92880E+01  1.02122E+00   6.19784E+01 
 1.03459E+00   6.43786E+01  1.05223E+00   6.17082E+01  1.07003E+00   5.90840E+01  1.08797E+00   5.65073E+01  1.10602E+00   5.39793E+01  1.12419E+00   5.15009E+01  1.14243E+00   4.90735E+01  1.16073E+00   4.66984E+01  1.17907E+00   4.43766E+01  1.19741E+00   4.21094E+01  1.21574E+00   3.98979E+01  1.23401E+00   3.77434E+01  1.25221E+00   3.56473E+01  1.27030E+00   3.36106E+01  1.28824E+00   3.16347E+01  1.30600E+00   2.97207E+01  1.32354E+00   2.78699E+01  1.34082E+00   2.60835E+01  1.35780E+00   2.43627E+01  1.37444E+00   2.27086E+01  1.39070E+00   2.11225E+01  1.40653E+00   1.96055E+01  1.42189E+00   1.81587E+01  1.43675E+00   1.67832E+01  1.45104E+00   1.54800E+01  1.46474E+00   1.42503E+01  1.47779E+00   1.30949E+01  1.49016E+00   1.20148E+01  1.50180E+00   1.10108E+01  1.51267E+00   1.00840E+01  1.52274E+00   9.23492E+00  1.53197E+00   8.46443E+00  1.54033E+00   7.77318E+00  1.54778E+00   7.16177E+00  1.55429E+00   6.63075E+00  1.55985E+00   6.18061E+00  1.56443E+00   5.81174E+00  1.56800E+00   5.52450E+00  1.57057E+00   5.31913E+00  1.57211E+00   5.19584E+00  1.57263E+00   5.15472E+00  1.57211E+00   5.19583E+00  1.57057E+00   5.31913E+00  1.56800E+00   5.52449E+00  1.56443E+00   5.81174E+00  1.55985E+00   6.18060E+00  1.55429E+00   6.63075E+00  1.54778E+00   7.16176E+00  1.54033E+00   7.77317E+00  1.53197E+00   8.46442E+00  1.52274E+00   9.23491E+00  1.51267E+00   1.00840E+01  1.50180E+00   1.10108E+01  1.49016E+00   1.20148E+01  1.47779E+00   1.30949E+01  1.46474E+00   1.42503E+01  1.45104E+00   1.54801E+01  1.43674E+00   1.67832E+01  1.42189E+00   1.81587E+01  1.40653E+00   1.96055E+01  1.39070E+00   2.11225E+01  1.37444E+00   2.27086E+01  1.35780E+00   2.43627E+01  1.34082E+00   2.60835E+01  1.32354E+00   2.78699E+01  1.30600E+00   2.97207E+01  1.28824E+00   3.16347E+01  1.27030E+00   3.36107E+01  1.25221E+00   3.56473E+01  1.23401E+00   3.77435E+01  1.21574E+00   3.98979E+01  1.19741E+00   4.21093E+01  1.17907E+00   4.43766E+01  1.16073E+00   4.66985E+01  1.14243E+00   4.90736E+01  1.12418E+00   5.15010E+01  1.10602E+00   5.39792E+01  1.08797E+00   5.65072E+01  1.07003E+00   5.90840E+01  1.05224E+00   6.17083E+01  1.03459E+00   6.43787E+01 
 1.04714E+00   6.68282E+01  1.06471E+00   6.41778E+01  1.08242E+00   6.15737E+01  1.10026E+00   5.90168E+01  1.11821E+00   5.65086E+01  1.13625E+00   5.40501E+01  1.15436E+00   5.16424E+01  1.17252E+00   4.92867E+01  1.19071E+00   4.69844E+01  1.20889E+00   4.47364E+01  1.22705E+00   4.25440E+01  1.24514E+00   4.04084E+01  1.26315E+00   3.83307E+01  1.28104E+00   3.63123E+01  1.29877E+00   3.43543E+01  1.31631E+00   3.24580E+01  1.33363E+00   3.06245E+01  1.35068E+00   2.88549E+01  1.36743E+00   2.71506E+01  1.38383E+00   2.55125E+01  1.39985E+00   2.39420E+01  1.41544E+00   2.24400E+01  1.43056E+00   2.10076E+01  1.44517E+00   1.96460E+01  1.45923E+00   1.83561E+01  1.47269E+00   1.71390E+01  1.48552E+00   1.59956E+01  1.49766E+00   1.49268E+01  1.50909E+00   1.39335E+01  1.51976E+00   1.30164E+01  1.52964E+00   1.21764E+01  1.53869E+00   1.14142E+01  1.54688E+00   1.07304E+01  1.55419E+00   1.01257E+01  1.56057E+00   9.60047E+00  1.56602E+00   9.15526E+00  1.57050E+00   8.79045E+00  1.57401E+00   8.50637E+00  1.57652E+00   8.30327E+00  1.57803E+00   8.18134E+00  1.57854E+00   8.14068E+00  1.57803E+00   8.18133E+00  1.57652E+00   8.30327E+00  1.57401E+00   8.50636E+00  1.57050E+00   8.79045E+00  1.56602E+00   9.15526E+00  1.56057E+00   9.60047E+00  1.55419E+00   1.01257E+01  1.54688E+00   1.07305E+01  1.53869E+00   1.14142E+01  1.52964E+00   1.21765E+01  1.51976E+00   1.30164E+01  1.50909E+00   1.39335E+01  1.49766E+00   1.49268E+01  1.48552E+00   1.59956E+01  1.47269E+00   1.71390E+01  1.45923E+00   1.83562E+01  1.44517E+00   1.96460E+01  1.43056E+00   2.10076E+01  1.41544E+00   2.24399E+01  1.39985E+00   2.39419E+01  1.38383E+00   2.55125E+01  1.36743E+00   2.71506E+01  1.35068E+00   2.88549E+01  1.33363E+00   3.06245E+01  1.31631E+00   3.24580E+01  1.29877E+00   3.43544E+01  1.28104E+00   3.63123E+01  1.26315E+00   3.83307E+01  1.24515E+00   4.04083E+01  1.22705E+00   4.25439E+01  1.20889E+00   4.47364E+01  1.19071E+00   4.69845E+01  1.17252E+00   4.92868E+01  1.15436E+00   5.16424E+01  1.13625E+00   5.40500E+01  1.11821E+00   5.65085E+01  1.10026E+00   5.90169E+01  1.08242E+00   6.15737E+01  1.06471E+00   6.41778E+01  1.04714E+00   6.68282E+01 
 1.05889E+00   6.93262E+01  1.07636E+00   6.66957E+01  1.09397E+00   6.41117E+01  1.11169E+00   6.15750E+01  1.12952E+00   5.90866E+01  1.14742E+00   5.66480E+01  1.16539E+00   5.42600E+01  1.18339E+00   5.19239E+01  1.20141E+00   4.96409E+01  1.21941E+00   4.74121E+01  1.23738E+00   4.52387E+01  1.25528E+00   4.31220E+01  1.27308E+00   4.10630E+01  1.29075E+00   3.90629E+01  1.30826E+00   3.71229E+01  1.32557E+00   3.52441E+01  1.34265E+00   3.34278E+01  1.35946E+00   3.16751E+01  1.37596E+00   2.99871E+01  1.39211E+00   2.83651E+01  1.40788E+00   2.68100E+01  1.42322E+00   2.53229E+01  1.43809E+00   2.39050E+01  1.45245E+00   2.25572E+01  1.46626E+00   2.12806E+01  1.47948E+00   2.00761E+01  1.49206E+00   1.89446E+01  1.50398E+00   1.78871E+01  1.51519E+00   1.69043E+01  1.52565E+00   1.59970E+01  1.53533E+00   1.51661E+01  1.54420E+00   1.44121E+01  1.55223E+00   1.37358E+01  1.55938E+00   1.31376E+01  1.56563E+00   1.26181E+01  1.57096E+00   1.21778E+01  1.57535E+00   1.18170E+01  1.57878E+00   1.15361E+01  1.58124E+00   1.13352E+01  1.58272E+00   1.12147E+01  1.58321E+00   1.11745E+01  1.58272E+00   1.12147E+01  1.58124E+00   1.13352E+01  1.57878E+00   1.15361E+01  1.57535E+00   1.18170E+01  1.57096E+00   1.21778E+01  1.56563E+00   1.26181E+01  1.55938E+00   1.31376E+01  1.55223E+00   1.37358E+01  1.54420E+00   1.44121E+01  1.53533E+00   1.51661E+01  1.52565E+00   1.59970E+01  1.51519E+00   1.69043E+01  1.50398E+00   1.78871E+01  1.49206E+00   1.89446E+01  1.47947E+00   2.00761E+01  1.46626E+00   2.12806E+01  1.45245E+00   2.25572E+01  1.43809E+00   2.39050E+01  1.42322E+00   2.53229E+01  1.40788E+00   2.68100E+01  1.39211E+00   2.83651E+01  1.37596E+00   2.99872E+01  1.35946E+00   3.16751E+01  1.34265E+00   3.34278E+01  1.32557E+00   3.52441E+01  1.30826E+00   3.71228E+01  1.29075E+00   3.90628E+01  1.27308E+00   4.10629E+01  1.25528E+00   4.31220E+01  1.23738E+00   4.52388E+01  1.21941E+00   4.74122E+01  1.20141E+00   4.96409E+01  1.18339E+00   5.19239E+01  1.16539E+00   5.42599E+01  1.14742E+00   5.66479E+01  1.12952E+00   5.90866E+01  1.11169E+00   6.15750E+01  1.09397E+00   6.41117E+01  1.07636E+00   6.66957E+01  1.05889E+00   6.93262E+01 
 1.06986E+00   7.18713E+01  1.08722E+00   6.92611E+01  1.10470E+00   6.66970E+01  1.12230E+00   6.41803E+01  1.13998E+00   6.17121E+01  1.15773E+00   5.92932E+01  1.17553E+00   5.69251E+01  1.19336E+00   5.46086E+01  1.21119E+00   5.23450E+01  1.22900E+00   5.01355E+01  1.24677E+00   4.79811E+01  1.26445E+00   4.58831E+01  1.28203E+00   4.38427E+01  1.29947E+00   4.18608E+01  1.31675E+00   3.99387E+01  1.33381E+00   3.80776E+01  1.35064E+00   3.62785E+01  1.36720E+00   3.45427E+01  1.38344E+00   3.28711E+01  1.39933E+00   3.12649E+01  1.41484E+00   2.97252E+01  1.42991E+00   2.82531E+01  1.44452E+00   2.68495E+01  1.45862E+00   2.55155E+01  1.47218E+00   2.42520E+01  1.48515E+00   2.30600E+01  1.49749E+00   2.19404E+01  1.50918E+00   2.08941E+01  1.52016E+00   1.99217E+01  1.53041E+00   1.90242E+01  1.53990E+00   1.82022E+01  1.54858E+00   1.74565E+01  1.55644E+00   1.67875E+01  1.56343E+00   1.61959E+01  1.56955E+00   1.56821E+01  1.57476E+00   1.52467E+01  1.57906E+00   1.48899E+01  1.58241E+00   1.46121E+01  1.58482E+00   1.44135E+01  1.58626E+00   1.42942E+01  1.58675E+00   1.42545E+01  1.58626E+00   1.42942E+01  1.58482E+00   1.44135E+01  1.58241E+00   1.46121E+01  1.57906E+00   1.48899E+01  1.57476E+00   1.52467E+01  1.56955E+00   1.56821E+01  1.56343E+00   1.61959E+01  1.55643E+00   1.67875E+01  1.54858E+00   1.74565E+01  1.53990E+00   1.82022E+01  1.53041E+00   1.90242E+01  1.52016E+00   1.99217E+01  1.50918E+00   2.08940E+01  1.49749E+00   2.19404E+01  1.48515E+00   2.30600E+01  1.47218E+00   2.42520E+01  1.45862E+00   2.55155E+01  1.44452E+00   2.68495E+01  1.42991E+00   2.82531E+01  1.41484E+00   2.97253E+01  1.39933E+00   3.12649E+01  1.38344E+00   3.28711E+01  1.36720E+00   3.45426E+01  1.35064E+00   3.62785E+01  1.33381E+00   3.80775E+01  1.31675E+00   3.99387E+01  1.29947E+00   4.18608E+01  1.28203E+00   4.38427E+01  1.26445E+00   4.58832E+01  1.24677E+00   4.79812E+01  1.22900E+00   5.01355E+01  1.21119E+00   5.23450E+01  1.19336E+00   5.46085E+01  1.17553E+00   5.69250E+01  1.15773E+00   5.92932E+01  1.13998E+00   6.17121E+01  1.12230E+00   6.41804E+01  1.10470E+00   6.66970E+01  1.08722E+00   6.92611E+01  1.06986E+00   7.18713E+01 
 1.08008E+00   7.44626E+01  1.09731E+00   7.18726E+01  1.11466E+00   6.93287E+01  1.13210E+00   6.68320E+01  1.14963E+00   6.43837E+01  1.16721E+00   6.19848E+01  1.18483E+00   5.96364E+01  1.20247E+00   5.73396E+01  1.22010E+00   5.50954E+01  1.23771E+00   5.29051E+01  1.25525E+00   5.07698E+01  1.27271E+00   4.86906E+01  1.29006E+00   4.66686E+01  1.30726E+00   4.47050E+01  1.32428E+00   4.28008E+01  1.34109E+00   4.09572E+01  1.35766E+00   3.91753E+01  1.37395E+00   3.74562E+01  1.38993E+00   3.58009E+01  1.40555E+00   3.42106E+01  1.42078E+00   3.26863E+01  1.43559E+00   3.12290E+01  1.44993E+00   2.98397E+01  1.46377E+00   2.85194E+01  1.47706E+00   2.72690E+01  1.48978E+00   2.60895E+01  1.50188E+00   2.49816E+01  1.51332E+00   2.39464E+01  1.52408E+00   2.29844E+01  1.53411E+00   2.20966E+01  1.54339E+00   2.12835E+01  1.55189E+00   2.05458E+01  1.55957E+00   1.98841E+01  1.56642E+00   1.92990E+01  1.57240E+00   1.87910E+01  1.57749E+00   1.83603E+01  1.58169E+00   1.80075E+01  1.58497E+00   1.77328E+01  1.58732E+00   1.75364E+01  1.58873E+00   1.74185E+01  1.58920E+00   1.73792E+01  1.58873E+00   1.74185E+01  1.58732E+00   1.75364E+01  1.58497E+00   1.77328E+01  1.58169E+00   1.80075E+01  1.57749E+00   1.83603E+01  1.57240E+00   1.87910E+01  1.56642E+00   1.92990E+01  1.55957E+00   1.98841E+01  1.55189E+00   2.05458E+01  1.54339E+00   2.12835E+01  1.53411E+00   2.20966E+01  1.52408E+00   2.29844E+01  1.51332E+00   2.39464E+01  1.50188E+00   2.49817E+01  1.48978E+00   2.60895E+01  1.47706E+00   2.72690E+01  1.46377E+00   2.85194E+01  1.44993E+00   2.98397E+01  1.43559E+00   3.12290E+01  1.42078E+00   3.26863E+01  1.40555E+00   3.42106E+01  1.38993E+00   3.58009E+01  1.37395E+00   3.74561E+01  1.35766E+00   3.91752E+01  1.34109E+00   4.09572E+01  1.32428E+00   4.28008E+01  1.30726E+00   4.47050E+01  1.29006E+00   4.66687E+01  1.27271E+00   4.86906E+01  1.25525E+00   5.07698E+01  1.23770E+00   5.29051E+01  1.22010E+00   5.50954E+01  1.20247E+00   5.73395E+01  1.18483E+00   5.96364E+01  1.16721E+00   6.19848E+01  1.14963E+00   6.43838E+01  1.13210E+00   6.68320E+01  1.11466E+00   6.93287E+01  1.09731E+00   7.18727E+01  1.08008E+00   7.44625E+01 
