/rn,a,b/nx0/ls1
/r,qa,qb
81 -0.4 0.4 0 OUTPUT_AMP_PHASE_3D Wavelength=0.8
81 -0.4 0.4
 2.03057E-06   1.20145E+01  2.85809E-06   5.86470E+01  2.80731E-06   1.46750E+02  1.29967E-06   1.77449E+02  2.25316E-06   2.43053E+02  4.44211E-07   3.20623E+02  2.86025E-06   2.93033E+01  7.08455E-07   1.16080E+02  2.10215E-06   6.53719E+01  4.51190E-07   1.95558E+02  2.95663E-06   2.14011E+02  1.64002E-06   3.00869E+02  3.70984E-06   2.36877E+02  9.73884E-07   3.99554E+01  1.16028E-06   3.50465E+02  1.91848E-06   1.28574E+02  2.57327E-06   6.42855E+01  1.75126E-06   1.83818E+02  2.87177E-06   8.28438E+01  1.22592E-06   2.30255E+02  1.06899E-06   1.27407E+02  1.97817E-06   3.20353E+02  6.26754E-07   2.32639E+02  2.19347E-06   3.52073E+02  1.15159E-06   3.01134E+02  2.08796E-06   2.32117E+01  2.55561E-06   3.17775E+02  1.99147E-06   5.87231E+01  1.80979E-06   3.12299E+02  2.18944E-06   1.01316E+02  8.44654E-07   3.06579E+02  2.50438E-06   1.15429E+02  2.19834E-07   3.02105E+02  2.30397E-06   1.27880E+02  3.39866E-07   1.89754E+02  2.39093E-06   1.36327E+02  1.28162E-06   2.07705E+02  2.68936E-06   1.50794E+02  1.16059E-06   1.90983E+02  2.33353E-06   1.24893E+02  5.29322E-07   4.05320E+00  2.57077E-06   9.77065E+01  1.66500E-06   3.57803E+02  2.70972E-06   8.43315E+01  3.60420E-06   3.57308E+02  2.97158E-06   6.75747E+01  4.74392E-06   3.55669E+02  3.22370E-06   4.62027E+01  5.49049E-06   3.57344E+02  2.80077E-06   3.47492E+01  4.66051E-06   5.11568E+00  1.50883E-06   2.70684E+01  2.92144E-06   9.45774E+00  7.46639E-07   2.63859E+02  5.57892E-07   4.02672E+01  2.65021E-06   2.33908E+02  2.25969E-06   1.42587E+02  1.61121E-06   2.26759E+02  1.86152E-06   1.42060E+02  5.02538E-07   3.51609E+02  7.89738E-07   3.36873E+02  2.49222E-06   3.38681E+01  2.81417E-06   3.15461E+02  1.18250E-06   8.04279E+01  1.52179E-06   2.77057E+02  1.23596E-06   1.55452E+02  1.55777E-06   1.54412E+02  8.18443E-07   2.45242E+02  2.03198E-06   1.37444E+02  9.62089E-07   3.26080E+02  8.07764E-07   3.20526E+02  5.91350E-07   2.40200E+01  7.97971E-07   2.84039E+02  1.57750E-06   1.89427E+02  1.10611E-06   5.89084E+01  6.82898E-07   5.59146E+01  2.16676E-06   2.29097E+02  1.40501E-06   9.73965E+01  2.85906E-06   8.22246E+01  2.35956E-06   2.52865E+02  3.03344E-06   2.06713E+02 
 4.13240E-06   6.95125E+01  2.02581E-06   1.69331E+02  2.50134E-06   2.14155E+02  3.02083E-06   2.88841E+02  7.63287E-07   3.04683E+02  2.62877E-06   4.01453E+01  5.12765E-07   1.93172E+02  1.22181E-06   1.20727E+02  8.77884E-07   2.97433E+02  2.53237E-06   2.21018E+02  2.23954E-06   3.53525E+02  9.16853E-07   2.53195E+02  1.36410E-06   6.63500E+01  2.70841E-06   2.72790E+01  3.00279E-06   1.52463E+02  1.80808E-06   7.36248E+01  1.18686E-06   1.82183E+02  9.30606E-07   9.46210E+01  1.83094E-06   3.36307E+02  1.04822E-06   2.64016E+02  3.08681E-06   3.54983E+02  1.37701E-06   3.20080E+02  1.95942E-06   8.96532E+00  2.36154E-06   3.37961E+02  4.05028E-07   5.01946E+01  1.11652E-06   3.09990E+02  2.11014E-06   1.78356E+02  8.66732E-07   1.91343E+02  2.71046E-06   1.91331E+02  2.34825E-06   1.80120E+02  2.90867E-06   1.96621E+02  3.40454E-06   1.80303E+02  2.59689E-06   2.09436E+02  4.05046E-06   1.85890E+02  2.30042E-06   2.16718E+02  4.08791E-06   1.84207E+02  2.83474E-06   2.13982E+02  5.01811E-06   1.78429E+02  2.63165E-06   2.18225E+02  5.24393E-06   1.81189E+02  2.51203E-06   2.01966E+02  5.31275E-06   1.83382E+02  2.00500E-06   2.07427E+02  4.35831E-06   1.84979E+02  2.15666E-06   1.84282E+02  2.40199E-06   1.94150E+02  8.96715E-07   1.40958E+02  8.89422E-07   2.81867E+02  1.28919E-06   7.00790E+01  3.91378E-06   3.47748E+02  2.34533E-06   3.57729E+01  5.61648E-06   3.48688E+02  2.71384E-06   1.84408E+01  5.16573E-06   3.48969E+02  1.75636E-06   3.54461E+02  2.82807E-06   3.50722E+02  1.09048E-06   2.44367E+02  9.43699E-07   1.54681E+02  2.16377E-06   2.14768E+02  4.06650E-06   1.56858E+02  1.24800E-06   1.90410E+02  2.31991E-06   1.46154E+02  1.17212E-06   5.66361E+01  1.64763E-06   3.37681E+02  1.10219E-06   6.60829E+01  2.14185E-06   3.09212E+02  1.40955E-06   1.86011E+02  4.71496E-07   2.44056E+02  8.74888E-07   2.04499E+02  1.84936E-06   1.15261E+02  2.02120E-06   2.48214E+01  2.55551E-07   2.84929E+01  2.48896E-06   3.04774E+01  6.82895E-07   2.69414E+02  2.75648E-06   2.35548E+02  1.43266E-06   5.03511E+01  1.60999E-06   2.26244E+02  3.62449E-06   2.37748E+02  2.56517E-06   7.95563E+01  3.33849E-06   4.80616E+01  2.77723E-06   2.86200E+02 
 1.66243E-06   3.25226E+02  2.72228E-06   2.38435E+02  1.30018E-06   3.04923E+02  9.06942E-07   1.37340E+00  2.81819E-06   8.88688E+01  1.24604E-06   1.19967E+02  8.95610E-07   1.25929E+02  1.03055E-06   3.52983E+02  1.54454E-06   2.49158E+02  1.74355E-06   3.54020E+02  1.02310E-06   2.85756E+02  2.53479E-06   1.63956E+02  8.60147E-07   1.62461E+01  3.36651E-06   1.70159E+02  1.38707E-06   1.29812E+02  9.32535E-07   3.45291E+02  8.66967E-07   1.21413E+02  3.60664E-06   3.43953E+02  1.10603E-06   3.37692E+02  2.53655E-06   3.48188E+02  1.97249E-06   3.43071E+02  9.34220E-07   1.78722E+02  7.09239E-07   3.10635E+02  2.81540E-06   1.79673E+02  1.87726E-06   1.81802E+02  3.78204E-06   1.81826E+02  3.96016E-06   1.77215E+02  2.67125E-06   1.82058E+02  3.94086E-06   1.77687E+02  8.81867E-07   1.90262E+02  3.86138E-06   1.71676E+02  3.68219E-07   5.54448E+01  3.98072E-06   1.73155E+02  6.90679E-07   2.68013E+01  3.37990E-06   1.69179E+02  6.63314E-07   3.54970E+02  3.32256E-06   1.65105E+02  1.01764E-06   3.29072E+02  4.20246E-06   1.65451E+02  3.62901E-07   2.58501E+02  5.13955E-06   1.65977E+02  3.77079E-07   2.08492E+02  6.51156E-06   1.63895E+02  8.89362E-07   1.98209E+02  6.72063E-06   1.66101E+02  1.33434E-06   1.81796E+02  6.53976E-06   1.65315E+02  1.11262E-06   1.59379E+02  5.33745E-06   1.66633E+02  1.66413E-06   1.37588E+02  2.37508E-06   1.72074E+02  1.69450E-06   1.03166E+02  1.24983E-06   3.35446E+02  1.69007E-06   5.64121E+01  4.92739E-06   3.48018E+02  2.26345E-06   1.15273E+01  6.40159E-06   3.46566E+02  1.53032E-06   3.29536E+02  4.10448E-06   3.49901E+02  1.58822E-06   2.99538E+02  7.57487E-07   1.38179E+02  9.96746E-07   2.21551E+02  3.37177E-06   1.55068E+02  1.37594E-06   7.71932E+01  1.24900E-06   1.95814E+02  1.98903E-06   5.85849E+01  1.59943E-06   3.09366E+02  1.42843E-06   2.12808E+02  9.25693E-07   2.46212E+02  3.37247E-06   2.29149E+02  1.17182E-06   1.23025E+02  2.69573E-07   8.97789E+01  5.76973E-07   1.95090E+01  4.39861E-06   5.29242E+01  8.42999E-07   2.37661E+02  9.75570E-07   2.76584E+02  2.83238E-06   6.26856E+01  3.27773E-06   2.31962E+02  4.54113E-06   2.21215E+02  3.23974E-06   9.94552E+01  3.79188E-06   4.59341E+01 
 1.94767E-06   1.99166E+02  2.62451E-06   1.62276E+02  9.84380E-07   7.39237E+01  1.25125E-06   7.59170E+01  8.59450E-07   1.62333E+02  1.36447E-06   3.24614E+02  1.82443E-06   3.11980E+02  1.28771E-06   2.35912E+02  8.79593E-07   2.98814E+02  1.30938E-06   2.32497E+02  2.93435E-06   1.54228E+02  8.27569E-07   7.86566E+01  8.93805E-07   1.19093E+02  2.15707E-06   7.90976E+01  3.31324E-06   3.57758E+02  1.70146E-06   3.26477E+01  3.13318E-06   3.47180E+02  2.42323E-06   3.34308E+02  6.40232E-07   2.28181E+02  1.74625E-06   3.10577E+02  3.73153E-06   1.76016E+02  1.87702E-06   2.07049E+02  3.49403E-06   1.68397E+02  3.66735E-06   1.78400E+02  1.40050E-06   1.70564E+02  4.02653E-06   1.68974E+02  1.17343E-06   7.84937E+00  2.77932E-06   1.66968E+02  2.13766E-06   3.50609E+02  7.75236E-07   1.13025E+02  3.05159E-06   3.53651E+02  1.16659E-06   6.80739E+00  2.83922E-06   3.40902E+02  2.49329E-06   3.52872E+02  2.85967E-06   3.23784E+02  2.43827E-06   3.56108E+02  2.83164E-06   3.17118E+02  2.50002E-06   3.53394E+02  2.96776E-06   3.19302E+02  2.94443E-06   3.57052E+02  3.02495E-06   3.21411E+02  2.30530E-06   3.51021E+02  2.38701E-06   3.12941E+02  1.06964E-06   2.21466E+01  2.22881E-06   3.18795E+02  1.74286E-06   1.56068E+02  1.58320E-06   2.97550E+02  3.18498E-06   1.56071E+02  1.09136E-06   2.90102E+02  5.25346E-06   1.63337E+02  4.55450E-07   2.35905E+02  5.91544E-06   1.67859E+02  1.10027E-06   1.21987E+02  5.00896E-06   1.70502E+02  1.49815E-06   1.05804E+02  1.35739E-06   1.86223E+02  1.58864E-06   8.18676E+01  2.78796E-06   3.47755E+02  3.72510E-07   8.49283E+01  5.23021E-06   3.49923E+02  2.12107E-06   2.78516E+02  3.50685E-06   3.54167E+02  2.22378E-06   2.67804E+02  8.81509E-07   1.28030E+02  5.03714E-07   6.56029E+01  2.01187E-06   1.66115E+02  3.58113E-06   6.24334E+01  8.38434E-07   3.18900E+02  2.26460E-06   7.95605E+01  1.14702E-06   2.14897E+02  3.15163E-06   2.52864E+02  1.47513E-06   1.10425E+02  2.46278E-06   2.51845E+02  9.23919E-07   3.55009E+02  2.95419E-06   6.58534E+01  2.07615E-06   2.30298E+02  1.11283E-06   4.04461E+01  4.21943E-06   3.86305E+01  3.47463E-06   2.54819E+02  4.92335E-06   2.25629E+02  2.50442E-06   1.07095E+02 
 2.87055E-06   1.49301E+02  1.30174E-06   3.23980E+02  4.10721E-06   3.49369E+02  1.01012E-06   2.49055E+02  9.64629E-07   4.99938E+01  1.61676E-06   3.38760E+02  3.02317E-06   1.76287E+02  9.57932E-07   6.77778E+01  1.20620E-06   2.68970E+02  3.14907E-06   1.33054E+02  2.10494E-06   3.79449E+01  8.22538E-07   1.83787E+01  2.09841E-06   6.56972E+01  2.78932E-06   3.26451E+02  1.25058E-06   3.29646E+02  1.64606E-06   2.58059E+02  2.03531E-06   2.96271E+02  2.72725E-06   1.80946E+02  1.89877E-06   2.19142E+02  3.30448E-06   1.62752E+02  3.45051E-06   1.72020E+02  1.17393E-06   1.23738E+02  4.03904E-06   1.61067E+02  1.81706E-06   3.51823E+02  1.99451E-06   1.58117E+02  2.25365E-06   3.46338E+02  5.23986E-07   3.49322E+02  2.78019E-06   3.25549E+02  2.69975E-06   3.49794E+02  1.91326E-06   3.18000E+02  4.30575E-06   3.46277E+02  9.09765E-07   2.97841E+02  4.16440E-06   3.47078E+02  6.19019E-07   2.76771E+02  4.09161E-06   3.42983E+02  2.19047E-07   2.09739E+02  4.15106E-06   3.42366E+02  1.12889E-06   1.92020E+02  5.00363E-06   3.48994E+02  8.94151E-07   2.21445E+02  4.89544E-06   3.43761E+02  1.04860E-06   2.15654E+02  5.31685E-06   3.48121E+02  1.96472E-06   2.29211E+02  5.33729E-06   3.49490E+02  1.69735E-06   2.58383E+02  4.53449E-06   3.49536E+02  2.20473E-06   2.72978E+02  3.79248E-06   3.54122E+02  2.12032E-06   2.91902E+02  1.79637E-06   1.65947E+01  2.32307E-06   3.14049E+02  1.14386E-06   1.32532E+02  1.43900E-06   3.38788E+02  3.54801E-06   1.65237E+02  2.25385E-06   1.86697E+01  3.49829E-06   1.75187E+02  2.40911E-06   5.69248E+01  7.54726E-07   1.68422E+02  2.31617E-06   8.97927E+01  1.97826E-06   1.07366E+00  4.89559E-07   1.24863E+02  2.93482E-06   3.52464E+02  2.87504E-06   2.49678E+02  1.04740E-06   4.01380E+00  2.89641E-06   2.65881E+02  1.23018E-06   1.73644E+02  1.20203E-06   4.44879E+01  6.56333E-07   3.03001E+02  3.14343E-06   9.76791E+01  1.71800E-06   2.04695E+02  5.83171E-07   1.51137E+02  1.78533E-06   1.18043E+02  2.14297E-06   2.83189E+02  1.86564E-06   2.30780E+01  1.06933E-06   4.41955E+01  4.41989E-06   2.03851E+02  1.38736E-06   9.46804E+01  4.40130E-06   4.01574E+01  2.11537E-06   2.54161E+02  3.33812E-06   2.47226E+02 
 2.84072E-06   2.80292E+02  3.90485E-06   3.38715E+02  8.90705E-07   1.26754E+02  3.81352E-06   1.35103E+02  1.29188E-06   4.05025E+01  3.52119E-06   1.98485E+02  7.11864E-07   1.47721E+02  3.20727E-06   3.19035E+02  2.28724E-06   1.56281E+02  2.03250E-06   4.27974E+01  1.45216E-06   3.05690E+02  1.15562E-06   1.20041E+02  2.44026E-06   3.12158E+02  1.33540E-06   2.94794E+02  1.87810E-07   2.53301E+02  1.18294E-06   3.09777E+02  2.14437E-06   1.40585E+02  1.60019E-06   1.55113E+02  1.56278E-06   1.16045E+02  3.02362E-06   1.60228E+02  8.87870E-07   3.33702E+02  1.77007E-06   1.82882E+02  1.99976E-06   3.17049E+02  1.12790E-06   3.37355E+02  1.87105E-06   3.14942E+02  3.35370E-06   3.41840E+02  9.82016E-07   2.97195E+02  3.13979E-06   3.45079E+02  2.00709E-07   2.48016E+02  3.06657E-06   3.48534E+02  1.14936E-06   1.20239E+02  2.13701E-06   3.50717E+02  1.58283E-06   1.20697E+02  5.71405E-07   2.14754E+01  1.97029E-06   1.20921E+02  6.74700E-07   1.00362E+02  2.05684E-06   1.36089E+02  4.94574E-07   1.79788E+02  2.09737E-06   1.43740E+02  3.85469E-07   1.70093E+02  2.17046E-06   1.28085E+02  2.13068E-07   2.83067E+02  2.23640E-06   1.38365E+02  4.09525E-07   3.28602E+02  2.50327E-06   1.52226E+02  1.29156E-06   3.36936E+02  3.22275E-06   1.64035E+02  1.58697E-06   3.50738E+02  3.21782E-06   1.80049E+02  2.54401E-06   3.52653E+02  2.80052E-06   2.10269E+02  2.44890E-06   4.90323E+00  2.58715E-06   2.42291E+02  1.48175E-06   3.15266E+01  1.91740E-06   2.67536E+02  8.61880E-07   1.18197E+02  2.04201E-06   3.18687E+02  1.28853E-06   1.78435E+02  2.00472E-06   3.40739E+02  9.61298E-07   2.30103E+02  2.37036E-06   4.06889E+01  1.12794E-06   3.47385E+02  2.85727E-06   7.72524E+01  2.39341E-06   2.03144E+00  1.15055E-06   1.26934E+02  1.08013E-06   1.53587E+01  1.86372E-06   2.83171E+02  9.00142E-07   1.49793E+02  1.84238E-06   3.24809E+02  8.31418E-07   3.11430E+02  7.75531E-07   1.36295E+02  1.89747E-06   2.14065E+02  1.74484E-06   1.81123E+02  1.48994E-06   1.49311E+02  3.88433E-07   4.99534E+01  3.93164E-06   1.16899E+01  2.63988E-06   3.57790E+02  4.13358E-06   2.12025E+02  5.94302E-07   2.01239E+02  2.73228E-06   7.05175E+01  2.22714E-06   1.80837E+02 
 2.88745E-06   3.37699E+02  2.87594E-06   9.17575E+01  3.44725E-06   1.22979E+02  1.56681E-06   3.03722E+02  3.19518E-06   2.65517E+02  1.03237E-06   2.84884E+02  2.87210E-06   3.38747E+02  1.80174E-06   1.37128E+02  2.81439E-06   1.01047E+02  1.42045E-06   3.68175E+00  1.08574E-06   1.12758E+02  2.06715E-06   2.27768E+00  2.41160E-06   3.39153E+02  5.34435E-07   1.06585E+02  9.84728E-07   3.32786E+02  1.93176E-06   1.80674E+02  2.50374E-06   1.79191E+02  1.63913E-06   2.08991E+02  3.90353E-06   1.86669E+02  1.42611E-06   2.46230E+02  1.26319E-06   2.09110E+02  5.92080E-07   3.08675E+02  1.65594E-06   3.49803E+02  1.13519E-06   2.37168E+01  3.33285E-06   8.39434E+00  1.17779E-06   3.77340E+01  2.23714E-06   2.44860E+01  1.56366E-06   5.97919E+01  9.74091E-07   4.49580E+01  1.19784E-06   6.82265E+01  7.40805E-07   1.64953E+02  1.22954E-06   8.94174E+01  1.36003E-06   1.55808E+02  1.14302E-06   3.12709E+01  1.08147E-06   1.78717E+02  8.06456E-07   3.57031E+02  1.65461E-06   2.06301E+02  9.52489E-07   1.79155E+01  1.55846E-06   2.25698E+02  1.04863E-06   3.15487E+01  1.73481E-06   2.09704E+02  1.34977E-06   2.93479E+01  1.33287E-06   2.28123E+02  1.25056E-06   4.16182E+01  8.87515E-07   2.47888E+02  1.01050E-06   6.05686E+01  9.51226E-07   2.81215E+02  8.97536E-07   9.62159E+01  7.93751E-07   3.29937E+02  1.50752E-06   1.15216E+02  2.07665E-06   3.22579E+00  1.84301E-06   1.51163E+02  1.80896E-06   2.29378E+01  1.77558E-06   1.65851E+02  1.58834E-06   6.61985E+01  8.98012E-07   1.82953E+02  1.56690E-06   1.06996E+02  1.06381E-06   3.00508E+02  1.73699E-06   1.57256E+02  2.26488E-06   3.12923E+02  1.27203E-06   2.02027E+02  1.88066E-06   3.23539E+02  1.16971E-06   3.00023E+02  9.14938E-07   2.28500E+01  2.41996E-06   3.53539E+02  1.39377E-06   1.37344E+02  1.52233E-06   1.90451E+01  7.92974E-07   1.54996E+02  5.74644E-07   1.28931E+02  2.05318E-06   3.80661E+01  7.55819E-07   3.37414E+02  1.19794E-06   2.47575E+01  1.55873E-06   1.97188E+02  2.60511E-06   2.23270E+02  3.67229E-06   1.63200E+02  1.96412E-06   1.41435E+02  3.18871E-06   1.40402E+01  3.12945E-06   2.76329E+01  1.79026E-06   2.54849E+02  2.21166E-06   2.80724E+02  1.71275E-06   1.19982E+02 
 2.47697E-06   8.71536E+01  1.75159E-06   1.00649E+02  3.35133E-06   2.77958E+02  3.30131E-06   2.48922E+02  9.34788E-07   7.38008E+01  1.20109E-06   1.10263E+02  2.92116E-06   1.27459E+02  2.55367E-06   1.22464E+02  1.04332E-06   1.45123E+01  2.44285E-06   3.32129E+02  2.11097E-06   3.20486E+02  2.96321E-06   3.30189E+02  1.59726E-06   2.31952E+02  1.59389E-06   1.92140E+02  3.10597E-06   1.95034E+02  4.28123E-06   1.77069E+02  1.27957E-06   1.84848E+02  2.82139E-06   1.84764E+02  1.58614E-06   3.12050E+01  1.92692E-06   1.94562E+01  3.45513E-06   1.81195E+01  3.63955E-06   9.67264E+00  2.86352E-06   2.61084E+00  2.89212E-06   8.09618E+00  8.70885E-07   3.46837E+02  1.12538E-06   6.82922E+00  4.41989E-07   2.28367E+02  1.37420E-06   2.29768E+02  1.44332E-06   2.01669E+02  2.16180E-06   2.25331E+02  1.57886E-06   1.84645E+02  2.78203E-06   2.10647E+02  1.65944E-06   1.79682E+02  2.94276E-06   2.08893E+02  1.28851E-06   1.99442E+02  2.41505E-06   2.12253E+02  7.28422E-07   1.76790E+02  1.95483E-06   2.11515E+02  1.01896E-06   1.77916E+02  3.44392E-06   1.95082E+02  1.49182E-06   1.75173E+02  4.15105E-06   2.05335E+02  1.99147E-06   1.74975E+02  3.90469E-06   2.02186E+02  1.56851E-06   1.74142E+02  3.70228E-06   2.06237E+02  1.57880E-06   1.96254E+02  2.62543E-06   2.34622E+02  7.46629E-07   2.34351E+02  1.99928E-06   2.76342E+02  9.15303E-07   2.42556E+02  2.92384E-06   3.28466E+02  1.02651E-06   2.27033E+02  3.41332E-06   3.45759E+02  7.09244E-07   2.31951E+02  2.96577E-06   9.01484E+00  9.10519E-07   1.58159E+02  2.29376E-06   8.28761E+01  5.23855E-07   1.27598E+02  2.32404E-06   1.31935E+02  1.68275E-06   3.25428E+01  1.48948E-06   1.65724E+02  2.01489E-06   1.68398E+01  1.31040E-06   2.45985E+02  1.99456E-06   1.63975E+00  2.26887E-06   3.33416E+02  1.36620E-06   2.54799E+02  1.50789E-06   2.25642E+01  1.83740E-06   2.29510E+02  8.10804E-07   1.31274E+02  1.39910E-06   9.38266E+01  1.36670E-06   3.05001E+02  2.68402E-06   4.70863E+01  1.15197E-06   3.33718E+02  2.31118E-06   2.54719E+02  2.92795E-06   1.67605E+02  2.01934E-06   2.06071E+02  6.71545E-07   3.59835E+02  3.70852E-06   6.37801E+01  1.10603E-06   3.49154E+02  3.04253E-06   2.46771E+02 
 4.79026E-07   3.46187E+02  1.84587E-06   2.86125E+02  2.72699E-06   2.05474E+02  2.24455E-06   6.49610E+01  7.69846E-07   2.99998E+01  1.58638E-06   1.52080E+02  2.04914E-06   1.91444E+00  1.90857E-06   3.19246E+02  2.83996E-06   3.56259E+02  1.96828E-06   3.03297E+02  5.67600E-07   8.71118E+01  1.16496E-06   1.66238E+02  3.11551E-06   1.75087E+02  2.43561E-06   1.46496E+02  2.72968E-06   1.75192E+02  1.55885E-06   5.23097E+01  3.54980E-07   2.22356E+00  2.60097E-06   1.61506E+00  2.91740E-06   1.19939E+00  2.48778E-06   3.33144E+02  2.15713E-06   3.48492E+02  1.43954E-06   2.47522E+02  1.03805E-06   2.35299E+02  2.70884E-06   1.89972E+02  1.98082E-06   2.16519E+02  3.21127E-06   1.70354E+02  2.33249E-06   1.97072E+02  2.70546E-06   1.43741E+02  1.59695E-06   1.79997E+02  2.64857E-06   1.28500E+02  1.73144E-06   1.53806E+02  1.85426E-06   9.71947E+01  1.48805E-06   1.14266E+02  1.96175E-06   7.42649E+01  2.58664E-06   1.17302E+02  1.92604E-06   6.78727E+01  2.98241E-06   1.12302E+02  2.51358E-06   6.16984E+01  2.97805E-06   1.23392E+02  2.05106E-06   6.34017E+01  2.68842E-06   1.39433E+02  2.65454E-06   8.27476E+01  3.19913E-06   1.60622E+02  2.35373E-06   1.02493E+02  4.58435E-06   1.72360E+02  2.75992E-06   1.20749E+02  5.57465E-06   1.77575E+02  3.27288E-06   1.29042E+02  5.65168E-06   1.83992E+02  3.23034E-06   1.30272E+02  4.62600E-06   1.86417E+02  2.20148E-06   1.33086E+02  2.17408E-06   2.14443E+02  1.05156E-06   1.60650E+02  2.37257E-06   3.13876E+02  1.50169E-06   2.34043E+02  3.73982E-06   3.40129E+02  2.48597E-06   2.47280E+02  3.00642E-06   1.46816E+01  2.78918E-06   2.52989E+02  1.58328E-06   1.03813E+02  1.01488E-06   3.14344E+02  1.34489E-06   1.33879E+02  2.20534E-06   3.58302E+01  1.22446E-06   1.94675E+02  2.74610E-06   5.75413E+01  2.09756E-06   3.27861E+02  8.45699E-07   1.04244E+02  2.44633E-06   6.76080E+00  1.78797E-06   2.77411E+02  8.71680E-07   1.10129E+02  2.94731E-07   2.14452E+02  1.34896E-06   1.97418E+02  2.77637E-06   8.53627E+01  2.64436E-07   1.95814E+02  8.63229E-07   2.14923E+02  1.22572E-06   9.09925E+01  2.09231E-06   2.60566E+02  1.43362E-06   2.60007E+02  3.94600E-06   5.10472E+01  1.33938E-06   6.37253E+01 
 7.37063E-07   1.14056E+02  3.44718E-06   1.56514E+02  9.17785E-07   3.40251E+02  2.62643E-06   3.09793E+02  1.54852E-06   1.80786E+02  1.53234E-06   2.11530E+01  7.69891E-07   3.20085E+01  2.21103E-06   1.16467E+02  6.82921E-07   3.35227E+02  8.43580E-07   1.64000E+02  1.16262E-06   1.59861E+02  1.83447E-06   2.39401E+02  1.78187E-06   1.65213E+02  1.57511E-06   2.05983E+02  1.19252E-06   3.19751E+02  3.54836E-07   3.29503E+02  1.99650E-06   2.99445E+02  1.27230E-06   3.34902E+02  1.34530E-06   3.01445E+02  7.11020E-07   2.96389E+02  1.36872E-06   1.47614E+02  2.63839E-07   1.25860E+02  2.17188E-06   1.18170E+02  5.86532E-07   1.17838E+02  1.91151E-06   1.11187E+02  1.04143E-06   1.08110E+02  1.63913E-06   7.01133E+01  1.54602E-06   8.80172E+01  2.06314E-06   2.07101E+01  1.65711E-06   5.25994E+01  2.04388E-06   3.45701E+02  1.02490E-06   5.85513E+01  2.54311E-06   3.33178E+02  8.91189E-07   2.06106E+01  2.94064E-06   3.22790E+02  1.38799E-06   2.42792E+01  2.91044E-06   3.20251E+02  1.87420E-06   3.24716E+01  2.96358E-06   3.17189E+02  1.89987E-06   2.84368E+01  3.47263E-06   3.22102E+02  1.72298E-06   1.25266E+01  2.78667E-06   3.19335E+02  1.26964E-06   2.07982E+01  2.81640E-06   3.32143E+02  3.25175E-07   3.38416E+02  1.98231E-06   3.39540E+02  1.40372E-06   2.14406E+02  6.73291E-07   3.41965E+02  3.26755E-06   1.96156E+02  9.79292E-07   1.03959E+02  4.08956E-06   1.87818E+02  2.63526E-06   1.01800E+02  3.45174E-06   1.85937E+02  3.43744E-06   1.07438E+02  1.30444E-06   1.89097E+02  3.26709E-06   1.09575E+02  2.02559E-06   3.52627E+02  1.43513E-06   1.32197E+02  3.03195E-06   9.50435E+00  1.95031E-06   2.43080E+02  8.86999E-07   3.01852E+01  2.59567E-06   2.81781E+02  9.71945E-07   1.44622E+02  2.79407E-06   3.20782E+02  1.38396E-06   1.93108E+02  1.65187E-06   2.13784E+01  9.99217E-07   3.10501E+02  2.30642E-06   1.33643E+02  2.39889E-06   4.36630E-01  2.68095E-07   2.19229E+02  1.49820E-06   1.90003E+01  1.35454E-06   3.32042E+02  1.13292E-06   2.53751E+02  5.36374E-07   3.38663E+01  2.91769E-06   1.84966E+02  2.19902E-06   1.62795E+02  2.82596E-06   6.29644E+01  1.28869E-06   2.27134E+02  2.77251E-06   2.71738E+02  2.68912E-06   2.42186E+01 
 3.99408E-06   1.39645E+02  2.52592E-06   3.02153E+02  4.10917E-06   2.89555E+02  2.47458E-06   1.15389E+02  2.89757E-06   7.24700E+01  1.17604E-06   5.84771E+01  1.20760E-06   1.03019E+02  2.51278E-06   3.04899E+02  3.32155E-06   3.19282E+02  1.26561E-06   2.18201E+02  8.30179E-07   2.48639E+02  1.65337E-06   1.81326E+02  2.92308E-06   1.63535E+02  1.14704E-06   4.58467E-01  8.93641E-07   1.28391E+02  1.48481E-06   3.58970E+02  1.33974E-06   2.57302E+00  1.39642E-06   3.75030E+01  1.56938E-06   1.22942E+01  1.70364E-06   1.08314E+02  1.14748E-06   1.78333E+01  1.51820E-06   1.34567E+02  4.62761E-07   2.05007E+02  9.76797E-07   1.97771E+02  7.93332E-07   1.94621E+02  1.07726E-06   2.68874E+02  1.12300E-06   2.05096E+02  1.88708E-06   2.88379E+02  7.41700E-07   2.26571E+02  1.33178E-06   2.87556E+02  3.96673E-07   2.66042E+02  1.62541E-06   2.98947E+02  4.01560E-07   2.38961E+02  1.12063E-06   2.87698E+02  1.56294E-07   2.78710E+02  5.03684E-07   2.76951E+02  8.78688E-07   9.12666E+01  4.60938E-07   1.31376E+02  1.56358E-06   7.79972E+01  8.52277E-07   3.11638E+02  1.57708E-06   6.52709E+01  1.32600E-06   2.91458E+02  1.76288E-06   4.64285E+01  1.02126E-06   2.89492E+02  1.87536E-06   6.55806E+01  6.19841E-07   2.63207E+02  7.77502E-07   8.41202E+01  1.35052E-06   2.99483E+02  7.44261E-07   2.02160E+02  1.28544E-06   2.93080E+02  2.35084E-06   2.09266E+02  1.84536E-06   2.91448E+02  3.50412E-06   2.15813E+02  1.10072E-06   2.85507E+02  3.40393E-06   2.19299E+02  6.83553E-07   1.97849E+02  1.94837E-06   2.22257E+02  1.00377E-06   1.39023E+02  8.78210E-07   8.73410E+00  2.07762E-06   1.35500E+02  3.01598E-06   2.51211E+01  2.15326E-06   1.47368E+02  1.97956E-06   3.79495E+01  9.50740E-07   1.72996E+02  5.69317E-07   1.11293E+02  2.24522E-06   3.40646E+02  1.09426E-06   2.22998E+02  2.79810E-06   3.46005E+02  5.72461E-07   2.93680E+02  8.93909E-07   1.79436E+02  1.08879E-06   2.31053E+01  1.20788E-06   1.42276E+02  1.27892E-06   6.32516E+01  1.60751E-06   4.54143E+01  2.02557E-06   3.30894E+02  1.70767E-06   3.46919E+02  3.96131E-06   2.03630E+02  1.84785E-06   2.31201E+02  3.46597E-06   7.08385E+01  1.75382E-06   9.70877E+01  3.40748E-06   2.81686E+02 
 2.45716E-06   3.00519E+02  3.55159E-06   2.75632E+02  3.69749E-06   1.05560E+02  3.39398E-06   6.70597E+01  1.23062E-06   2.49386E+02  6.83610E-07   2.80339E+02  2.46665E-06   2.94749E+02  1.79919E-06   3.25784E+02  1.41061E-06   1.46830E+02  3.83183E-06   1.59435E+02  2.38591E-06   1.44895E+02  3.32058E-06   1.66975E+02  1.44702E-06   1.70055E+01  1.54143E-06   3.31225E+02  1.77776E-06   3.41613E+02  3.23777E-06   3.44894E+02  7.53116E-07   3.08270E+02  1.15012E-06   3.32155E+02  1.94110E-06   1.97199E+02  1.53471E-06   2.05822E+02  1.93761E-06   1.83982E+02  2.36968E-06   1.97937E+02  1.12793E-06   1.74738E+02  1.45945E-06   1.74676E+02  1.05875E-06   4.76947E+01  1.14672E-06   7.79321E+01  1.99124E-06   1.00194E+01  1.78453E-06   5.26603E+01  2.14544E-06   1.63188E+01  2.58538E-06   4.88071E+01  1.76213E-06   3.59056E+02  2.63479E-06   4.12949E+01  1.56354E-06   3.58702E+02  2.35670E-06   2.51144E+01  1.76093E-06   3.36041E+02  2.42041E-06   2.11098E+01  1.65194E-06   3.22993E+02  3.12720E-06   2.63216E+01  1.60015E-06   3.14795E+02  3.30310E-06   3.28924E+01  2.20278E-06   3.20950E+02  3.55909E-06   3.50947E+01  1.70874E-06   3.13556E+02  3.59844E-06   4.52106E+01  1.01209E-06   3.14115E+02  3.65175E-06   5.47551E+01  2.69233E-07   2.94900E+02  3.33369E-06   8.37208E+01  1.11999E-06   1.34114E+02  2.21320E-06   8.83506E+01  1.73919E-06   1.14974E+02  2.40258E-06   1.42064E+02  1.66758E-06   8.36303E+01  2.96503E-06   1.88988E+02  1.25373E-06   7.72266E+01  2.93422E-06   2.16480E+02  9.48179E-07   4.63028E+01  3.09527E-06   2.37950E+02  3.96957E-07   3.11487E+02  1.84365E-06   2.97191E+02  1.46214E-06   2.38023E+02  1.94259E-06   7.42371E+00  2.10555E-06   2.20203E+02  1.77686E-06   5.19128E+01  1.25907E-06   2.21470E+02  9.53735E-07   8.75023E+01  1.48880E-06   3.50738E+01  1.87857E-07   2.90286E+02  1.98305E-06   2.48239E+01  1.44178E-06   3.20360E+02  8.15755E-07   2.52661E+02  2.09345E-06   3.50701E+02  1.50999E-06   2.53840E+02  1.44047E-06   1.43999E+02  2.12853E-06   8.75717E+01  1.44029E-06   2.24339E+01  1.59135E-06   5.71391E+01  2.97178E-06   2.07762E+02  3.65452E-06   2.33477E+02  2.27131E-06   8.50826E+01  3.10013E-06   6.68107E+01 
 1.38445E-06   2.29068E+02  2.68213E-06   9.91478E+01  2.29077E-06   3.64419E+01  2.15807E-06   2.36319E+02  7.80438E-07   2.19278E+02  1.59993E-06   3.59503E+02  1.46906E-06   3.38713E+01  1.02697E-06   9.09869E+01  2.05947E-06   1.69959E+02  9.17174E-07   1.94171E+02  1.54964E-06   2.79088E+02  1.79278E-06   3.10547E+02  1.68734E-06   3.34001E+02  1.51993E-06   3.26549E+02  1.14220E-06   9.08304E+00  3.98304E-07   2.34676E+02  6.86499E-07   1.57370E+02  1.92943E-06   1.48948E+02  1.76755E-06   1.65377E+02  2.07657E-06   1.21442E+02  9.04727E-07   1.41591E+02  1.93668E-06   5.78804E+01  1.53214E-06   5.20843E+01  2.48728E-06   1.58062E+01  2.10441E-06   3.61560E+01  2.90600E-06   3.30814E+02  1.61750E-06   1.00983E+01  3.11135E-06   3.11801E+02  1.42425E-06   1.30989E+01  2.78354E-06   2.72051E+02  1.51679E-06   3.25379E+02  2.64694E-06   2.39392E+02  1.48948E-06   2.91865E+02  2.21979E-06   2.36203E+02  1.27219E-06   2.87283E+02  1.73211E-06   2.54294E+02  1.54519E-06   3.21168E+02  2.56089E-06   2.54699E+02  1.72761E-06   3.15874E+02  1.80871E-06   2.48826E+02  1.57456E-06   3.32420E+02  2.76984E-06   2.58646E+02  1.95933E-06   3.40994E+02  3.59992E-06   2.72170E+02  2.50209E-06   3.52936E+02  4.15848E-06   2.75228E+02  2.95850E-06   5.79389E+00  4.20672E-06   2.89591E+02  2.54417E-06   2.59859E+01  3.20510E-06   2.78282E+02  1.93779E-06   3.81970E+01  2.01706E-06   2.60445E+02  1.75909E-06   1.22746E+02  6.60554E-07   1.81433E+02  2.42403E-06   1.50909E+02  1.12326E-06   1.00464E+02  2.44202E-06   1.84653E+02  2.29608E-06   9.35225E+01  2.21594E-06   1.96135E+02  2.69151E-06   9.17232E+01  9.87738E-07   3.03801E+02  1.73196E-06   1.26757E+02  1.97280E-06   3.46477E+02  1.78825E-06   2.09855E+02  1.24186E-06   1.84782E+01  2.30939E-06   2.63186E+02  7.84767E-07   1.52165E+02  2.57043E-06   3.38281E+02  1.18732E-06   1.48980E+02  2.09344E-06   5.79884E+01  3.87156E-07   7.44764E+01  1.85943E-06   1.42016E+02  3.44743E-06   3.55520E+02  1.61700E-06   2.90469E+02  6.66794E-07   2.51706E+02  1.09255E-06   3.44501E+02  7.08775E-07   1.80473E+02  2.33499E-06   6.25880E+01  1.25816E-06   1.70639E+02  3.91849E-06   2.25169E+02  1.85782E-06   3.43627E+02 
 1.11284E-06   5.91972E+01  3.26918E-06   3.24585E+02  1.87394E-06   1.49964E+02  2.10471E-06   1.06493E+02  1.87840E-06   6.79964E+00  1.62515E-06   1.15949E+01  1.79275E-06   2.68447E+02  2.29425E-06   2.35974E+02  2.00985E-06   1.95602E+02  1.55850E-06   1.84072E+02  9.72519E-07   8.78589E+01  1.80241E-06   1.39533E+02  1.45399E-06   2.00670E+01  1.12527E-06   4.99722E+01  7.26755E-07   2.52559E+01  9.71529E-07   3.29292E+02  1.79595E-06   1.45316E+02  5.86510E-07   2.96676E+02  1.15069E-06   1.49361E+02  7.64897E-07   2.50877E+02  1.85653E-06   3.25619E+02  4.98305E-07   2.53226E+02  2.64262E-06   3.03500E+02  3.83558E-07   2.32619E+02  2.37637E-06   2.92173E+02  3.99742E-07   3.07233E+02  1.57753E-06   2.49581E+02  5.06122E-07   1.36661E+02  1.52729E-06   1.83373E+02  3.52082E-07   6.08956E+00  1.71837E-06   1.62277E+02  7.09701E-08   3.09153E+02  2.54067E-06   1.38553E+02  3.66397E-07   1.49582E+02  3.00056E-06   1.30764E+02  1.02927E-06   1.30593E+02  4.21202E-06   1.26995E+02  6.81728E-07   1.40709E+02  3.64523E-06   1.24240E+02  7.34463E-07   9.37102E+01  2.90826E-06   1.34365E+02  1.08528E-06   6.42486E+01  2.20727E-06   1.36750E+02  1.65525E-06   4.82111E+01  1.11271E-06   1.40660E+02  1.99524E-06   4.52092E+01  7.57786E-07   1.43623E+02  2.39216E-06   4.12115E+01  2.87812E-07   2.09837E+02  2.34980E-06   3.50876E+01  1.61544E-06   2.90103E+02  1.65740E-06   2.11942E+01  1.88679E-06   2.82037E+02  2.10839E-07   1.93007E+02  1.45528E-06   2.70004E+02  1.95761E-06   1.99705E+02  1.32086E-06   2.69217E+02  2.71707E-06   2.13050E+02  6.65698E-07   3.11466E+02  2.29146E-06   2.11819E+02  8.07076E-07   4.69608E+01  3.93234E-07   2.15538E+02  1.60765E-06   1.14497E+02  1.36738E-06   1.88725E+01  2.66931E-06   1.60747E+02  2.58136E-06   1.52832E+01  1.27193E-06   2.01644E+02  4.30355E-07   2.67241E+02  3.14685E-06   3.24467E+02  5.24371E-07   2.57948E+02  2.40093E-06   3.44164E+02  9.58024E-07   1.59021E+02  2.24034E-06   1.41854E+02  2.63966E-06   2.09261E+01  7.24359E-07   9.28448E+01  1.89987E-06   6.37351E+00  1.05549E-06   3.39601E+02  2.61426E-06   2.17670E+02  8.29750E-07   7.97465E+01  3.50628E-06   1.20793E+02  2.64006E-06   1.95486E+02 
 4.80922E-06   2.99756E+02  3.16714E-06   1.26188E+02  4.00780E-06   1.01932E+02  2.54166E-06   2.94302E+02  1.94556E-06   3.12691E+02  1.59877E-06   3.07534E+02  1.62976E-06   2.21230E+02  2.80232E-06   1.34662E+02  2.80637E-06   1.39830E+02  1.05824E-06   5.70775E+01  4.70604E-07   6.07114E+01  2.19929E-06   3.30413E+02  3.79217E-06   3.34781E+02  1.18585E-06   2.94511E+02  1.58669E-06   3.09117E+02  2.26791E-06   1.80032E+02  1.00647E-06   1.78328E+02  6.92545E-07   1.84023E+02  1.61199E-06   1.65334E+02  1.70545E-06   3.48489E+02  1.25869E-06   1.19386E+02  1.98187E-06   8.76332E+00  1.06476E-06   5.52546E+01  1.50250E-06   2.43832E+01  1.67145E-06   4.50329E+01  7.47109E-07   8.67192E+01  1.32083E-06   4.29232E+01  1.26788E-06   1.35602E+02  3.22335E-07   7.42547E+01  2.16048E-06   1.53906E+02  3.77638E-07   2.03444E+02  2.20662E-06   1.73774E+02  8.37612E-07   2.40202E+02  1.40593E-06   1.66069E+02  1.39040E-06   2.47253E+02  1.20486E-06   1.97162E+02  1.56962E-06   2.40431E+02  1.93974E-06   1.68003E+02  2.34498E-06   2.60259E+02  1.54773E-06   1.83219E+02  1.58293E-06   2.28611E+02  1.65901E-06   1.92757E+02  9.51136E-07   2.33380E+02  1.54297E-06   1.89040E+02  4.89511E-07   3.11790E+02  1.53068E-06   2.29112E+02  2.21961E-07   3.31891E+02  1.23488E-06   2.66364E+02  2.17115E-06   3.44464E+01  5.09996E-07   2.77177E+02  3.36214E-06   4.96037E+01  7.94630E-07   2.52813E+02  3.76242E-06   5.32426E+01  1.39798E-07   2.45525E+02  2.33474E-06   6.78021E+01  9.59251E-07   1.46641E+02  1.53902E-06   1.22963E+02  1.03602E-06   1.08571E+02  2.15153E-06   2.05171E+02  9.72750E-07   7.92486E+01  3.04945E-06   2.35699E+02  8.34110E-07   6.61922E+00  1.62736E-06   2.50264E+02  4.42286E-07   3.22553E+02  4.08980E-07   1.38533E+02  2.07668E-06   1.93733E+02  2.07510E-06   3.57269E+01  1.33840E-06   1.82907E+02  1.24912E-06   1.11785E+02  1.89130E-06   2.59742E+01  6.32180E-07   3.30945E+02  2.39306E-06   3.50916E+02  1.28352E-06   2.94527E+02  1.25589E-06   2.25301E+02  3.91740E-07   7.99409E+01  1.00062E-06   7.78585E+01  2.67683E-06   3.80677E+01  2.00252E-06   3.87969E+01  3.69740E-06   2.43937E+02  1.91291E-06   2.34404E+02  3.75011E-06   8.60750E+01 
 4.13017E-06   1.06025E+02  3.69750E-06   8.04816E+01  2.24748E-06   2.98782E+02  2.17293E-06   2.95972E+02  1.60628E-06   1.34667E+01  8.47647E-07   1.08978E+02  2.42812E-06   1.51813E+02  1.74830E-06   1.67770E+02  9.43923E-07   2.82154E+02  1.56998E-06   2.85681E+02  1.88194E-06   3.13046E+02  1.34615E-06   3.15317E+02  7.60330E-07   1.85893E+02  1.66868E-06   1.52487E+02  2.51345E-06   1.40553E+02  1.95352E-06   1.30198E+02  1.38864E-06   9.47246E+01  7.69338E-07   4.56215E+01  2.10248E-06   9.77824E+00  1.35625E-06   3.56438E+02  2.28978E-06   3.31922E+02  1.17244E-06   3.48056E+02  1.96046E-06   2.87604E+02  3.38541E-07   2.86876E+02  2.34168E-06   2.21893E+02  1.03709E-06   2.09925E+02  3.22793E-06   1.99099E+02  2.16627E-06   2.28432E+02  2.48965E-06   1.89793E+02  2.27391E-06   2.23712E+02  2.23751E-06   1.62627E+02  2.13884E-06   2.22273E+02  2.25405E-06   1.43585E+02  1.67876E-06   2.20348E+02  2.25102E-06   1.21998E+02  1.56227E-06   2.11006E+02  2.26379E-06   1.18065E+02  1.69149E-06   2.11516E+02  3.63740E-06   1.17293E+02  2.39586E-06   1.99011E+02  3.66378E-06   1.25833E+02  2.47194E-06   2.05270E+02  3.59759E-06   1.29632E+02  2.74458E-06   2.12573E+02  2.48734E-06   1.41013E+02  2.24454E-06   2.24353E+02  8.58135E-07   1.33805E+02  1.58244E-06   2.52312E+02  6.22027E-07   2.38646E+02  1.02698E-06   2.66759E+02  1.74698E-06   2.76967E+02  9.76884E-07   3.25935E+02  3.06787E-06   2.83729E+02  1.50479E-06   8.82595E+00  3.02918E-06   2.68853E+02  1.31466E-06   3.82689E+01  2.18762E-06   2.60297E+02  2.18935E-06   9.79457E+01  6.49687E-07   1.86196E+02  1.82995E-06   1.62666E+02  1.54160E-06   9.90847E+01  1.30392E-06   1.95615E+02  1.88392E-06   8.71399E+01  1.21621E-06   2.76671E+02  1.77557E-06   1.01604E+02  1.08818E-06   2.99511E+02  2.32262E-06   2.20653E+02  1.27746E-06   3.51927E+02  2.40973E-06   2.67395E+02  8.04290E-07   1.23074E+02  1.55515E-06   2.15083E+01  1.48695E-06   1.44037E+02  2.02260E-06   6.31174E+01  2.22665E-06   3.59588E+02  1.43749E-06   2.39234E+02  1.30485E-06   2.96076E+02  6.49580E-07   2.97071E+02  1.75097E-06   7.54100E+01  3.17365E-06   6.07557E+01  3.53615E-06   2.07835E+02  3.90827E-06   2.26233E+02 
 1.79906E-06   3.24836E+02  1.46966E-06   2.56095E+02  3.53382E-07   1.21263E+02  1.51244E-06   3.35131E+02  8.52658E-07   1.05546E+02  1.62404E-06   1.96123E+02  2.81213E-06   2.13232E+02  5.18225E-07   1.28139E+02  7.53674E-07   2.08947E+02  1.13994E-06   1.31603E+01  1.79870E-06   5.69435E+01  6.88931E-08   2.82893E+02  1.58415E-06   1.30723E+01  7.44771E-07   1.11329E+02  1.71410E-06   3.36563E+02  1.48365E-07   1.07786E+02  1.10460E-06   3.18495E+02  1.48376E-06   3.23562E+02  1.97282E-07   1.71471E+02  2.19802E-06   2.96446E+02  1.40473E-06   1.50790E+02  1.44084E-06   2.83336E+02  1.31513E-06   1.52429E+02  1.52416E-06   1.60668E+02  6.02396E-08   7.20827E+01  2.62625E-06   1.34152E+02  4.87482E-07   3.47152E+02  3.90357E-06   1.23401E+02  3.22305E-07   4.39763E+01  3.08683E-06   1.04540E+02  4.29473E-07   5.14868E+01  2.70167E-06   8.28785E+01  3.21761E-07   5.88124E+01  2.02445E-06   6.98395E+01  6.81017E-07   5.24221E+01  1.72791E-06   6.64620E+01  4.92247E-07   7.77745E+00  1.57573E-06   7.86862E+01  5.33862E-07   1.15597E+02  2.03415E-06   9.27403E+01  6.70243E-07   1.77560E+02  2.86826E-06   1.01363E+02  8.61226E-07   1.70280E+02  3.18319E-06   1.07812E+02  1.19328E-06   1.45810E+02  3.45746E-06   1.16664E+02  1.03270E-06   1.34536E+02  3.64171E-06   1.21525E+02  9.48029E-07   8.14982E+01  2.29040E-06   1.09420E+02  1.75567E-06   6.34000E+01  1.77037E-06   1.15866E+02  1.54058E-06   6.02862E+01  5.33055E-07   8.94592E+01  1.77198E-06   3.69924E+01  6.24237E-07   2.35454E+02  1.48448E-06   2.00849E+01  2.17968E-06   2.43538E+02  6.85941E-07   2.56369E+02  1.88540E-06   2.69935E+02  2.47675E-06   2.16691E+02  1.16176E-06   2.98987E+02  2.53167E-06   1.93153E+02  1.11025E-06   3.31134E+01  6.01806E-07   1.83329E+02  2.35853E-06   1.09239E+02  1.09991E-06   3.78103E+01  2.61726E-06   1.53845E+02  1.23470E-06   1.88819E+01  1.56443E-06   2.68471E+02  1.18498E-06   1.19757E-01  3.43312E-06   3.35097E+02  2.05422E-06   2.08231E+02  1.53134E-06   6.18309E+01  1.65310E-06   5.04243E+01  5.48715E-07   9.78173E+01  2.02643E-06   2.40645E+00  1.12133E-06   3.06523E+02  1.97956E-06   3.10764E+02  2.69377E-06   4.89704E+01  3.83101E-06   1.31049E+02 
 2.01088E-06   1.27181E+02  4.70857E-06   9.93174E+01  1.96804E-06   3.22771E+02  1.73901E-06   2.87043E+02  6.83872E-07   8.70424E+01  1.66040E-06   2.14017E+02  1.93899E-06   1.31022E+02  1.59686E-06   1.15397E+02  1.70851E-06   3.21591E+02  2.05449E-06   1.69723E+00  1.48347E-06   2.98917E+02  2.20013E-06   3.11664E+02  1.78055E-06   1.48771E+02  1.31757E-06   2.02759E+02  1.52123E-06   1.47946E+02  3.07080E-06   1.51663E+02  5.77629E-08   2.31362E+02  1.83081E-06   1.34233E+02  2.13116E-06   3.41447E+02  1.35021E-06   2.67206E+01  1.06515E-06   3.55066E+02  1.54128E-06   3.56751E+02  1.80028E-06   1.52152E+02  1.15460E-06   3.20333E+02  2.36018E-06   1.58612E+02  1.19299E-06   2.50853E+02  2.22920E-06   1.82233E+02  1.68011E-06   2.42446E+02  1.35308E-06   2.05347E+02  2.10953E-06   2.23932E+02  1.09484E-06   2.72986E+02  2.17025E-06   2.22613E+02  1.22717E-06   2.99209E+02  2.03986E-06   2.24083E+02  8.95501E-07   3.03007E+02  2.16023E-06   2.12637E+02  1.21625E-06   3.02699E+02  2.63966E-06   2.09614E+02  2.41617E-07   2.96747E+02  2.93201E-06   2.20746E+02  2.19792E-07   2.94694E+02  3.35100E-06   2.17462E+02  8.58853E-07   1.05730E+02  3.47451E-06   2.23274E+02  4.21688E-07   8.74983E+01  3.05165E-06   2.22213E+02  6.67840E-07   9.39218E+01  3.05205E-06   2.31025E+02  1.14765E-06   1.56478E+02  2.25291E-06   2.25197E+02  1.04517E-06   1.93628E+02  4.58191E-07   2.01762E+02  1.44780E-06   2.20048E+02  4.19612E-07   6.58705E+01  7.34459E-07   2.40898E+02  1.99506E-06   6.04313E+01  3.39022E-07   2.93893E+02  3.19260E-06   5.79236E+01  3.04403E-07   1.15439E+02  2.08803E-06   7.20461E+01  4.22201E-07   1.35398E+02  9.54935E-07   2.72119E+02  5.30460E-07   1.47919E+02  2.58714E-06   2.22368E+02  5.76548E-07   3.54938E+02  1.85798E-06   2.44259E+02  6.99467E-07   3.12015E+02  1.17334E-06   1.20822E+01  2.05512E-06   1.74558E+02  1.58833E-06   1.11450E+02  1.25512E-06   1.76455E+02  1.70740E-06   4.00916E+01  2.80890E-06   3.58516E+02  1.23767E-06   2.56008E+02  7.07707E-07   2.44463E+02  7.57664E-07   1.64019E+02  5.78644E-07   9.91883E+01  2.87004E-06   5.74950E+01  6.92910E-07   4.13503E+01  4.39999E-06   2.55547E+02  5.13834E-07   3.22874E+02 
 4.11679E-06   1.04283E+02  3.44807E-06   2.90036E+02  4.06124E-06   2.82795E+02  1.11700E-06   2.68997E+01  1.60240E-06   1.46116E+02  2.53355E-06   1.75048E+02  2.25112E-06   1.67045E+02  1.79156E-06   3.04223E+02  1.62203E-06   3.04913E+02  1.27003E-06   2.70741E+00  1.23349E-06   5.66796E+00  2.46671E-06   1.27093E+02  1.28887E-06   1.11954E+02  8.29202E-07   1.47548E+02  7.23653E-07   9.44449E+01  2.17337E-06   3.41021E+02  2.46399E-06   3.44359E+02  3.01629E-06   3.30618E+02  1.36200E-06   3.28747E+02  1.51502E-06   2.65775E+02  6.50023E-07   1.86047E+02  2.11212E-06   1.78170E+02  1.28347E-06   1.83801E+02  2.77917E-06   1.72909E+02  2.06318E-06   2.00137E+02  1.85014E-06   1.49010E+02  1.07686E-06   2.20308E+02  1.86567E-06   8.22301E+01  2.13315E-07   2.34483E+02  2.28551E-06   5.36566E+01  5.95527E-07   1.49144E+01  2.82433E-06   5.11167E+01  1.18228E-06   3.95699E+01  2.63238E-06   5.07913E+01  1.15470E-06   3.08739E+01  2.66548E-06   4.83748E+01  1.78825E-06   6.42357E+01  2.76999E-06   2.78296E+01  1.24340E-06   2.85638E+01  2.58452E-06   4.80006E+01  1.34210E-06   5.64182E+01  2.52828E-06   6.36639E+01  7.90820E-07   7.96914E+01  3.44319E-06   7.54914E+01  1.92183E-06   1.05937E+02  4.09096E-06   8.56540E+01  1.45970E-06   1.46404E+02  3.89028E-06   9.43249E+01  1.28961E-06   1.90227E+02  3.73851E-06   9.48409E+01  9.61939E-07   1.77959E+02  2.18442E-06   9.93791E+01  6.45488E-07   2.63178E+02  1.02900E-06   1.39589E+02  1.10382E-06   2.47203E+02  1.74762E-06   2.24071E+02  1.11387E-06   2.70340E+02  2.56643E-06   2.51953E+02  1.86078E-07   2.65690E+02  2.60696E-06   2.84776E+02  1.14470E-06   9.94142E+01  6.72493E-07   2.81973E+02  1.38340E-06   1.33841E+02  1.18852E-06   9.29775E+01  1.80129E-06   1.87493E+02  2.34437E-06   1.04022E+02  1.11078E-06   2.30822E+02  1.02999E-06   1.42215E+02  2.33278E-06   3.48445E+02  2.15371E-06   2.40336E+02  3.69225E-07   1.72806E+02  1.03128E-06   2.82716E+02  1.06092E-06   1.25134E+02  3.18025E-06   2.33748E+01  1.79005E-06   1.55595E+01  6.18981E-07   2.93465E+02  1.71837E-06   2.87085E+02  8.32753E-07   2.56312E+02  4.02845E-06   3.79590E+01  2.92695E-06   4.84360E+01  3.28113E-06   2.03297E+02 
 2.67374E-06   2.67458E+02  2.97569E-07   2.69748E+02  2.13505E-06   4.04568E+01  1.19661E-06   1.13556E+02  2.28769E-06   1.72702E+02  1.91302E-06   2.07077E+02  1.12833E-06   2.36456E+01  1.47535E-06   8.18442E+00  1.79487E-06   4.32291E+00  2.12898E-06   2.36579E+01  1.14483E-06   1.92842E+02  8.20369E-07   2.48758E+02  1.08780E-06   1.65076E+02  4.88903E-07   2.45011E+02  9.29563E-07   3.36430E+02  1.29405E-06   1.76725E+02  1.24711E-06   3.26315E+02  1.91467E-06   1.54217E+02  7.91302E-07   1.88575E+02  1.40132E-06   1.32109E+02  2.12774E-06   1.61113E+02  7.42505E-08   2.23582E+02  2.61292E-06   1.36034E+02  1.11365E-06   3.21667E+02  1.70088E-06   9.32626E+01  7.75398E-07   3.15763E+02  1.43523E-06   6.00521E+01  6.90186E-07   3.45506E+02  1.89377E-06   3.59116E+02  9.80987E-07   3.57208E+02  1.89380E-06   3.42367E+02  8.47796E-07   3.08869E+02  3.13370E-06   3.08497E+02  1.27449E-06   2.96767E+02  3.05121E-06   3.09477E+02  1.16169E-06   2.93301E+02  3.82015E-06   3.03439E+02  2.80208E-07   3.93001E+00  3.79097E-06   3.01980E+02  1.57615E-06   2.89084E+02  3.68136E-06   3.08947E+02  1.79431E-06   2.81371E+02  2.44905E-06   3.15468E+02  8.66979E-07   2.55326E+02  1.64030E-06   3.18756E+02  1.17027E-06   2.08447E+02  8.59406E-07   3.95500E+01  1.48616E-06   1.82838E+02  1.03361E-06   8.47976E+01  2.01435E-06   1.85982E+02  1.82734E-06   1.00929E+02  1.75746E-06   1.36386E+02  1.88723E-06   9.09823E+01  1.07459E-06   9.24948E+01  2.13408E-06   8.53031E+01  1.82106E-06   6.00675E+01  1.52619E-06   1.18031E+02  1.62734E-06   3.26361E+01  1.21595E-06   1.51304E+02  1.00298E-06   9.98317E+00  1.87961E-06   2.54907E+02  1.16093E-06   3.51765E+02  2.13705E-06   2.79949E+02  1.74427E-06   2.20179E+02  1.38004E-06   3.08122E+02  2.05091E-06   2.02911E+02  1.34273E-06   6.60213E+01  5.75181E-07   1.51964E+02  2.13294E-06   1.32959E+02  1.78552E-06   3.85464E+01  2.14026E-06   1.96105E+02  1.68398E-06   2.01640E+01  1.48766E-06   3.00568E+02  1.82062E-06   2.11741E+02  1.77407E-06   1.55697E+01  1.68799E-06   8.44409E+01  1.00542E-06   1.21295E+02  3.92652E-07   1.27149E+01  1.55653E-06   2.42670E+02  3.21607E-06   3.14128E+02  3.63235E-06   3.88139E+01 
 4.12035E-06   1.04483E+02  2.30397E-06   3.41362E+02  3.30473E-06   2.67477E+02  1.31817E-06   1.77511E+02  1.05024E-06   1.94216E+02  1.55565E-07   7.10455E+01  1.51326E-06   1.15166E+02  2.41214E-06   2.93356E+02  1.84144E-06   3.13551E+02  7.47270E-07   1.90865E+02  1.18118E-06   2.61551E+02  2.60186E-06   1.16446E+02  1.67751E-06   1.23282E+02  1.22991E-06   2.81486E+01  1.53839E-06   1.18111E+02  2.50370E-06   3.45104E+02  1.11813E-06   1.45096E+01  1.12396E-06   2.89505E+02  2.01029E-06   3.43282E+02  8.99477E-07   1.94445E+02  1.43837E-06   3.12894E+02  2.32078E-06   1.68791E+02  1.23677E-06   2.56625E+02  7.28811E-07   1.85775E+02  1.55265E-06   2.25976E+02  1.05416E-06   3.56433E+02  8.53379E-07   2.14226E+02  1.66489E-06   3.33645E+02  6.55052E-07   2.19452E+02  1.12391E-06   3.37382E+02  8.13259E-07   2.57922E+02  1.48292E-06   3.38993E+02  5.10128E-07   4.66799E+01  1.16042E-06   3.71972E+01  8.44020E-07   3.94445E+01  1.43948E-06   1.34388E+01  1.10666E-06   3.09016E+01  1.64698E-06   3.40287E+02  1.70496E-06   3.57053E+02  1.77178E-06   2.01594E+01  1.73355E-06   8.01750E+00  1.89632E-06   2.08339E+01  1.61776E-06   2.03299E+01  1.73973E-06   1.26713E+01  1.08471E-06   3.46087E+02  2.01782E-06   3.59368E+01  3.48203E-07   3.04021E+02  1.88380E-06   5.20525E+01  6.79704E-07   2.29009E+02  1.52821E-06   4.97527E+01  1.86644E-06   2.26377E+02  8.93261E-07   8.89832E+01  2.73569E-06   2.12262E+02  9.71220E-07   1.55461E+02  2.32816E-06   2.22940E+02  1.38971E-06   2.25688E+02  1.23469E-06   2.25831E+02  1.32812E-06   2.56393E+02  5.26250E-07   7.52202E+01  1.30713E-07   1.97294E+02  2.06731E-06   6.34648E+01  2.76119E-07   2.01033E+02  1.71983E-06   5.94776E+01  9.63700E-07   1.34883E+02  1.46223E-06   1.88473E+02  7.15621E-07   1.62679E+02  1.90679E-06   2.32800E+02  5.19443E-07   7.90918E+00  1.44253E-06   2.79471E+02  8.97639E-07   1.96573E+02  1.23287E-06   1.27504E+02  1.50652E-06   1.76736E+02  2.01457E-06   4.44791E+01  1.99119E-06   1.04399E+01  1.56923E-06   2.95528E+02  1.74407E-06   3.31524E+02  1.12015E-06   3.10922E+02  7.03634E-07   9.84861E+01  4.18101E-06   5.94092E+01  1.54586E-07   1.61193E+02  4.58937E-06   2.55785E+02 
 4.45290E-06   2.92195E+02  3.68847E-06   2.74649E+02  1.43894E-06   8.44230E+01  2.61171E-06   1.03103E+02  1.84885E-06   1.69719E+02  1.39194E-06   1.74233E+02  2.02105E-06   3.38608E+02  2.41058E-06   3.26643E+02  1.65266E-06   4.72385E+01  1.04839E-06   3.58681E+01  2.31261E-06   1.46459E+02  1.15944E-06   1.31067E+02  8.62622E-07   2.84732E+02  4.50624E-07   3.41548E+02  2.80317E-06   3.36031E+02  5.55561E-07   2.81241E+02  1.30286E-06   2.35017E+02  1.36042E-06   1.76558E+02  2.78941E-06   1.75212E+02  1.94486E-06   1.73444E+02  2.75783E-06   1.51154E+02  1.21613E-06   2.09022E+02  1.99961E-06   1.08248E+02  3.19635E-07   2.65554E+02  2.10149E-06   5.36382E+01  1.29181E-06   1.51777E+00  2.33313E-06   1.86631E+01  2.02316E-06   5.35202E+00  2.05556E-06   3.50157E+02  1.85082E-06   2.28715E+01  1.74713E-06   3.29766E+02  1.47982E-06   3.76518E+01  1.59877E-06   3.00179E+02  1.03615E-06   4.51158E+00  2.04322E-06   2.79646E+02  6.91986E-07   1.57972E+01  2.10586E-06   2.79564E+02  1.19369E-06   3.51188E+02  1.97408E-06   2.89729E+02  1.30272E-06   3.33325E+02  3.33861E-06   2.89562E+02  1.38917E-06   3.41823E+00  3.25269E-06   3.02075E+02  1.41148E-06   7.31496E+00  2.07660E-06   3.09752E+02  1.41046E-06   2.12691E+01  1.35692E-06   3.40124E+02  1.72757E-06   4.97741E+01  1.76808E-06   5.02233E+01  2.22460E-06   7.69828E+01  2.65639E-06   7.24235E+01  2.21339E-06   1.19282E+02  3.72801E-06   8.65952E+01  1.50052E-06   1.23990E+02  3.69890E-06   9.12745E+01  2.86470E-07   1.36795E+02  1.82405E-06   1.20038E+02  7.39263E-07   2.87738E+02  1.46155E-06   2.05129E+02  1.03480E-06   3.23553E+02  2.14705E-06   2.48683E+02  8.53250E-07   3.56760E+02  2.67098E-06   2.73407E+02  4.95618E-07   2.29251E+01  9.59244E-07   3.21915E+02  1.71208E-06   1.88694E+02  1.34524E-06   9.54703E+01  1.08329E-06   1.49342E+02  1.52309E-06   1.09800E+02  1.80693E-06   3.48527E+02  1.34569E-06   2.01789E+02  8.76577E-07   2.56860E+02  2.16167E-06   2.20213E+02  1.13751E-06   1.43490E+02  2.71211E-06   2.59202E+01  1.21221E-06   9.21974E+01  1.36071E-07   1.68718E+01  2.61560E-06   2.52454E+02  1.10787E-06   2.38242E+02  4.76785E-06   2.50658E+01  3.88403E-06   4.95577E+01 
 1.84792E-06   1.19286E+02  2.56286E-06   5.56047E+01  1.86624E-07   2.45309E+02  2.08186E-06   1.95083E+02  2.29219E-06   2.20809E+02  1.78539E-06   3.39653E+02  1.62975E-06   2.88666E+01  1.22627E-06   2.74819E+02  2.40971E-07   1.77996E+01  2.45169E-06   1.75360E+02  1.30732E-06   2.26747E+02  1.04950E-06   5.81318E+01  4.35127E-07   1.55128E+02  2.51970E-06   8.52002E+00  1.46844E-06   1.21851E+02  1.18218E-06   2.74072E+02  4.36431E-07   1.01764E+02  1.33035E-06   1.70964E+02  1.52933E-06   3.41414E+02  1.73981E-06   1.47611E+02  2.09722E-06   3.34160E+02  8.59824E-07   9.19129E+01  1.56093E-06   3.45119E+02  2.09051E-06   5.84185E-01  8.41179E-07   3.06571E+02  2.45142E-06   3.20049E+02  7.51682E-07   2.56329E+02  2.15919E-06   3.10329E+02  8.78146E-07   2.39305E+02  2.51377E-06   2.93942E+02  1.23425E-06   2.02271E+02  1.54123E-06   2.88271E+02  8.41864E-07   2.10213E+02  1.10488E-06   2.90265E+02  5.27423E-07   1.86453E+02  1.08289E-06   2.97491E+02  7.37853E-07   3.30586E+02  3.39787E-07   3.02507E+02  8.23438E-07   3.22157E+02  1.43630E-06   2.94440E+02  9.98192E-07   3.12561E+02  2.32140E-06   3.00660E+02  1.98782E-06   2.97622E+02  2.50092E-06   3.08556E+02  1.91533E-06   2.99076E+02  2.60687E-06   3.06465E+02  1.70382E-06   2.94874E+02  2.06401E-06   3.03453E+02  1.91556E-06   2.75660E+02  1.87877E-06   2.98558E+02  1.19758E-06   2.46312E+02  1.63645E-06   2.83632E+02  1.67692E-06   1.98680E+02  9.25551E-07   1.95189E+02  2.39536E-06   1.99731E+02  9.52218E-07   1.45666E+02  1.48120E-06   2.01377E+02  1.15939E-06   9.82439E+01  5.76547E-07   7.43213E+01  1.12544E-06   7.59246E+01  1.96628E-06   4.21738E+01  1.31624E-06   1.39574E+02  1.96100E-06   5.92503E+01  9.78885E-07   2.06235E+02  3.22386E-07   2.86959E+02  1.28761E-06   2.71697E+02  2.47854E-06   2.27440E+02  5.46151E-07   3.33718E+02  1.48115E-06   2.13624E+02  9.89046E-07   1.17545E+02  1.12139E-06   1.03160E+02  1.95496E-06   1.54252E+02  1.98105E-06   1.97953E+01  9.70158E-07   3.18089E+02  1.65829E-06   2.75371E+02  2.43104E-06   3.54273E+02  1.58012E-06   4.60731E+01  1.46941E-06   8.29746E+01  1.69649E-06   1.17440E+02  2.14927E-06   2.22307E+02  3.87578E-06   2.93635E+02 
 3.53711E-06   3.11458E+02  4.77517E-06   2.83334E+02  1.65535E-06   1.69239E+02  2.40941E-06   1.22644E+02  4.77671E-07   5.32598E+01  1.51518E-06   1.03110E+02  1.25044E-06   3.07530E+02  2.20829E-06   3.10090E+02  1.43428E-06   1.22407E+02  4.52690E-07   2.98525E+02  1.46005E-06   7.85721E+01  1.80833E-06   1.02777E+02  1.92580E-06   3.23490E+02  1.59152E-07   2.75251E+01  1.99819E-06   2.85867E+02  4.90347E-07   2.94091E+02  1.60518E-06   1.87999E+02  1.10902E-06   2.65117E+02  2.87829E-06   1.59879E+02  9.61527E-07   1.95399E+02  1.28601E-06   1.29517E+02  6.26963E-07   1.86240E+02  1.51202E-06   3.46221E+01  7.09747E-07   2.07376E+02  1.94465E-06   6.75127E+00  3.45562E-07   1.87232E+02  1.39889E-06   1.56025E+01  6.02267E-07   3.73047E+01  8.26174E-07   5.03757E+01  1.15960E-06   8.05686E+01  4.96074E-07   9.28677E+01  1.87325E-06   4.90316E+01  1.00059E-06   1.92088E+02  1.32384E-06   3.39274E+01  1.13904E-06   1.88830E+02  1.90251E-06   5.65244E+01  1.70225E-06   1.93640E+02  1.96692E-06   5.27802E+01  1.56575E-06   1.94584E+02  1.76657E-06   5.17317E+01  1.48865E-06   2.46153E+02  1.99084E-06   3.99249E+01  1.16685E-06   2.69480E+02  2.10429E-06   2.51415E+01  1.06548E-06   3.15252E+02  1.91564E-06   4.78463E+01  1.26324E-06   1.46025E+00  2.35573E-06   3.54234E+01  1.96098E-06   3.44495E+01  1.57832E-06   4.83616E+01  3.13116E-06   6.02397E+01  2.24598E-06   6.18156E+01  2.89817E-06   5.38798E+01  7.36223E-07   7.40439E+01  1.56213E-06   9.87327E+01  1.13868E-06   2.15901E+02  1.54859E-06   1.37083E+02  2.20781E-06   2.31864E+02  1.63697E-06   1.88534E+02  1.36662E-06   2.54081E+02  1.21070E-06   2.57297E+02  7.62835E-07   3.51027E+02  1.66164E-06   2.71426E+02  2.00091E-06   4.50545E+01  3.94091E-07   2.43684E+02  1.14917E-06   1.05913E+02  6.83915E-07   9.49455E+01  1.24901E-06   1.82467E+02  7.42705E-07   5.92209E+01  1.83461E-06   2.89399E+02  9.62259E-07   2.30183E+02  1.10451E-06   2.11141E+02  3.06760E-06   1.91021E+02  1.63665E-06   9.44375E+01  1.75917E-06   2.45634E+01  5.24255E-07   2.37036E+02  1.62861E-06   3.31428E+02  2.59930E-06   2.70574E+02  6.72929E-07   9.83469E+01  5.53159E-06   5.24259E+01  2.04945E-06   5.35977E+01 
 1.14961E-06   2.64510E+02  3.17127E-06   9.69462E+01  2.95127E-06   1.04688E+02  1.13936E-06   2.10649E+02  2.63520E-06   2.30347E+02  2.53684E-06   3.33247E+02  2.49030E-06   3.38358E+02  6.34296E-07   1.73331E+02  9.97026E-07   8.70004E+01  2.16359E-06   1.77787E+02  1.23555E-06   1.75618E+02  1.26563E-06   3.48591E+02  7.13699E-07   2.28238E+02  1.93783E-06   3.46021E+02  7.01042E-07   1.54941E+02  1.18700E-06   1.68247E+02  6.76083E-07   1.11144E+02  2.12586E-06   1.53379E+02  1.49346E-06   1.64324E+01  8.88584E-07   8.93060E+01  1.92222E-06   3.41986E+02  1.47314E-06   3.54719E+01  1.84083E-06   3.35326E+02  2.03385E-06   3.55785E+02  9.81238E-07   3.30639E+02  2.35182E-06   3.24615E+02  2.60882E-07   5.90700E+01  2.65827E-06   2.70773E+02  8.58473E-07   1.85181E+02  2.42847E-06   2.53253E+02  1.33595E-06   1.82280E+02  2.97230E-06   2.45737E+02  1.21033E-06   1.83335E+02  2.38461E-06   2.43892E+02  1.47527E-06   2.14918E+02  2.31635E-06   2.41201E+02  1.74351E-06   2.42524E+02  3.18314E-06   2.50664E+02  1.84422E-06   2.57842E+02  2.76303E-06   2.51660E+02  1.60689E-06   2.28475E+02  3.74675E-06   2.53245E+02  1.67824E-06   2.51476E+02  3.39793E-06   2.61717E+02  2.38475E-06   2.75338E+02  4.27001E-06   2.68534E+02  1.94177E-06   2.74588E+02  4.13537E-06   2.75039E+02  1.71682E-06   2.70236E+02  3.02174E-06   2.73889E+02  9.03382E-07   2.75057E+02  1.62979E-06   2.87730E+02  5.75399E-07   2.08704E+02  9.79624E-07   3.43450E+02  3.92944E-07   1.29766E+02  1.59619E-06   6.12843E+01  1.20029E-06   1.30834E+02  2.70539E-06   8.64729E+01  6.17405E-07   1.36009E+02  2.13565E-06   1.22201E+02  6.75949E-07   4.19418E+01  1.22848E-06   1.24121E+02  9.71213E-07   4.11543E+01  1.89603E-06   2.37422E+02  7.37441E-07   3.15558E+02  1.60557E-06   2.63335E+02  1.30045E-06   2.27825E+02  5.22106E-07   2.84628E+02  2.11699E-06   1.83669E+02  1.78453E-06   8.02149E+01  9.17763E-07   5.57586E+01  3.06262E-07   9.30900E+01  1.61008E-06   3.43417E+02  2.06033E-06   2.09998E+02  5.96595E-07   3.14988E+02  2.44879E-06   1.25522E+01  2.42779E-06   7.03787E+01  1.17808E-06   5.09671E+01  2.98293E-06   2.17287E+02  2.92383E-06   2.17822E+02  2.78773E-06   2.37858E+00 
 2.05786E-06   3.41392E+02  2.97587E-06   2.81264E+02  2.43762E-06   2.17540E+02  1.58006E-06   1.97866E+02  1.76249E-06   1.46274E+01  2.35762E-06   5.64201E+01  8.06281E-07   2.12079E+02  6.84209E-07   2.98703E+02  1.85700E-06   1.31312E+02  1.02558E-06   2.75889E+02  1.68698E-06   2.64085E+01  1.11006E-06   1.13178E+02  2.04176E-06   3.24494E+02  1.01773E-06   1.13194E+02  1.83717E-06   2.26514E+02  8.97738E-07   3.39122E+02  1.94832E-06   1.72966E+02  1.60448E-06   3.14787E+02  1.42435E-06   1.37305E+02  1.03780E-06   2.74385E+02  1.34258E-06   1.65560E+01  1.68898E-06   2.07173E+02  1.17991E-06   3.49443E+02  1.80148E-06   1.74766E+02  1.05807E-06   3.33084E+02  1.52179E-06   1.55682E+02  3.74506E-07   2.92842E+02  1.00942E-06   1.03391E+02  3.00196E-07   1.30438E+02  1.07991E-06   5.67593E+01  1.85400E-06   1.24717E+02  1.76037E-06   6.73165E+01  1.51343E-06   1.29472E+02  1.75573E-06   7.35565E+01  1.96403E-06   1.23112E+02  1.96443E-06   7.28829E+01  1.19640E-06   1.31853E+02  1.75894E-06   6.26907E+01  3.57162E-07   1.26795E+02  1.71979E-06   6.14714E+01  4.37168E-07   1.37697E+02  1.73358E-06   6.02371E+01  9.11326E-07   9.09502E+01  1.66962E-06   5.31310E+01  9.16753E-07   8.21608E+01  1.72737E-06   3.61832E+01  7.22224E-07   3.55263E+02  1.79489E-06   2.69814E+01  1.24648E-06   1.67967E+01  1.47067E-06   2.80629E+01  1.23860E-06   1.42248E+01  1.15854E-06   2.40732E+01  9.72245E-07   1.92715E+01  3.74438E-07   2.86219E+02  1.42109E-07   3.18410E+02  1.51570E-06   2.39447E+02  8.68551E-07   1.98883E+02  2.34666E-06   2.21994E+02  5.15502E-07   1.33568E+02  1.19562E-06   2.44101E+02  2.63116E-07   1.35529E+02  1.07810E-06   6.95543E+00  3.74104E-07   3.47778E+02  2.01806E-06   6.89417E+01  1.09024E-06   2.04886E+02  1.47573E-06   6.32965E+01  3.80461E-07   3.37880E+02  6.31727E-07   2.14066E+02  1.87398E-07   2.64558E+02  1.91780E-06   2.54781E+02  1.30531E-07   2.39579E+02  1.69179E-06   1.86192E+02  2.31572E-06   1.74098E+02  1.86412E-06   7.64897E+01  4.08546E-07   1.84734E+02  1.82132E-06   2.52042E+02  2.55619E-06   3.25552E+02  2.11167E-06   3.25299E+02  2.04956E-06   4.99848E+01  4.14347E-06   7.72003E+01  1.01657E-06   1.79966E+02 
 3.22341E-06   2.76644E+02  3.25575E-06   1.19048E+02  3.91718E-06   1.07132E+02  3.19073E-07   5.93783E+01  8.99769E-07   2.39424E+02  1.63005E-06   3.17066E+02  2.73891E-06   3.11616E+02  9.07112E-07   1.39308E+02  8.93787E-07   7.89279E+01  2.77507E-07   2.16443E+02  2.06571E-06   1.56109E+02  1.52846E-06   3.14304E+02  8.22880E-07   2.54392E+02  4.68648E-08   6.57388E+01  5.75861E-07   3.37931E+02  1.81490E-06   1.63590E+02  3.88162E-07   1.20185E+02  1.87902E-06   1.44700E+02  3.85195E-07   3.47710E+02  1.98159E-06   2.65057E+01  7.06669E-07   3.53856E+02  2.41224E-06   2.06956E+00  1.22479E-06   3.51142E+02  1.79606E-06   3.30360E+02  1.41475E-06   3.50374E+02  1.11307E-06   2.81500E+02  5.57021E-07   1.80606E+01  1.61878E-06   2.13923E+02  4.03836E-07   1.10331E+02  2.08336E-06   2.11001E+02  7.52556E-07   1.52749E+02  3.23752E-06   2.26583E+02  1.26482E-06   1.63593E+02  2.32527E-06   2.11496E+02  1.25193E-06   1.89502E+02  2.55282E-06   2.12199E+02  2.64124E-06   1.54301E+02  2.89510E-06   2.18513E+02  2.44224E-06   1.64104E+02  2.75619E-06   2.23100E+02  1.55002E-06   1.93823E+02  3.35454E-06   2.33357E+02  1.79565E-06   2.43020E+02  3.90723E-06   2.48220E+02  2.19843E-06   2.63568E+02  3.49024E-06   2.56970E+02  1.89165E-06   2.73020E+02  3.02570E-06   2.53517E+02  1.04489E-06   2.68509E+02  2.87770E-06   2.65927E+02  5.72663E-07   2.92070E+02  2.65923E-06   2.94426E+02  8.18038E-07   2.03207E+01  1.94043E-06   3.58739E+02  1.81913E-06   4.49935E+01  2.05639E-06   6.22328E+01  7.55858E-07   8.26761E+01  2.84142E-06   8.01393E+01  1.10395E-06   1.66463E+02  2.17767E-06   1.03860E+02  8.12267E-07   1.90312E+02  1.71723E-06   1.36967E+02  7.11068E-07   2.79927E+02  1.48574E-06   2.37745E+02  5.49418E-07   3.33489E+02  2.38483E-06   2.44151E+02  8.04586E-07   1.79765E+02  5.82499E-07   2.54727E+02  2.06272E-06   1.57320E+02  1.48723E-06   4.11919E+01  1.58622E-06   3.44481E+02  1.25980E-06   1.26922E+01  1.15424E-06   2.73483E+02  3.03223E-06   1.95994E+02  1.32713E-06   6.52258E+01  1.55689E-06   3.37806E+01  1.74866E-06   8.74140E+01  1.25771E-06   3.34097E+02  3.69387E-06   2.40913E+02  1.73116E-06   2.23029E+02  3.84644E-06   4.12937E+01 
 1.83181E-06   6.62010E+01  6.82640E-07   2.98724E+02  2.37405E-06   2.44910E+02  2.59325E-06   2.33805E+02  2.05533E-06   3.51977E+02  2.56719E-06   3.50394E+01  1.64436E-06   1.74062E+02  4.49608E-07   1.06995E+02  1.48070E-06   1.30586E+02  1.15035E-06   2.10094E+02  2.15422E-06   1.34162E+01  1.12558E-07   5.52266E+01  1.19464E-06   3.36008E+02  8.89224E-07   7.97562E+01  2.02046E-06   2.08758E+02  1.08358E-06   3.59961E+02  1.87869E-06   1.76723E+02  1.84473E-06   3.15106E+02  7.69656E-07   5.67088E+01  1.48234E-06   2.62022E+02  1.95376E-06   3.57153E+02  7.32915E-07   2.19899E+02  1.44793E-06   3.25934E+02  1.83007E-06   1.50534E+02  9.28437E-07   1.95585E+02  2.19736E-06   1.47009E+02  1.54694E-06   1.82258E+02  1.37031E-06   1.20310E+02  1.81369E-06   1.78997E+02  1.12846E-06   1.13085E+02  1.02530E-06   1.78395E+02  1.57114E-06   8.78750E+01  1.36688E-06   1.08985E+02  9.02414E-07   6.32121E+01  2.18556E-06   9.87566E+01  1.20490E-06   8.69283E+01  1.92911E-06   1.14642E+02  1.55385E-06   7.24965E+01  1.50164E-06   8.53467E+01  1.49831E-06   6.66141E+01  1.70018E-06   1.00809E+02  1.86189E-06   6.13508E+01  1.59622E-06   1.12973E+02  1.49088E-06   6.84332E+01  1.22586E-06   1.27855E+02  1.12078E-06   4.50565E+01  7.00793E-07   1.24796E+02  6.83257E-07   1.06989E+01  1.27551E-07   6.51919E+01  1.44181E-06   6.96252E+00  9.49728E-07   3.05080E+02  2.59394E-07   2.57514E+02  1.63856E-06   2.75863E+02  1.52151E-06   2.52868E+02  1.85682E-06   2.57150E+02  1.31739E-06   2.58764E+02  1.02090E-06   2.41722E+02  1.32250E-06   2.48997E+02  4.52937E-07   3.36538E+01  5.04755E-07   2.27347E+02  1.60828E-06   5.91822E+01  3.21080E-07   1.13764E+02  1.25153E-06   9.55345E+01  1.67645E-06   6.67705E+01  2.97262E-07   1.74674E+02  1.91893E-06   5.34484E+01  7.73494E-07   2.58273E+02  8.27558E-07   2.95616E+02  1.22018E-06   2.71957E+02  2.26446E-06   2.13635E+02  4.44526E-07   1.31263E+02  1.35366E-06   1.53633E+02  7.82970E-07   1.06853E+02  9.47816E-07   7.15975E+01  2.15842E-06   2.02310E+02  1.89115E-06   2.47379E+02  1.72224E-06   3.38152E+02  2.61942E-06   1.65565E+01  3.18342E-06   3.80883E+01  2.38995E-06   1.16279E+02  2.08968E-06   2.11066E+02 
 3.86673E-06   2.86268E+02  2.79031E-06   1.39971E+02  4.22470E-06   1.25487E+02  1.61882E-06   3.37791E+01  8.04120E-07   2.35514E+01  1.01014E-06   2.41246E+02  2.75777E-06   2.97969E+02  6.50069E-07   9.52163E+01  6.39541E-07   1.66523E+02  1.18224E-06   3.36756E+02  1.47915E-06   1.25491E+02  1.46767E-06   2.89018E+02  5.06184E-07   2.30889E+02  1.78699E-06   1.96682E+02  1.23393E-06   3.28862E+02  2.37297E-06   1.43483E+02  3.59341E-07   3.45401E+02  1.42732E-06   8.70814E+01  6.62426E-07   1.76070E+02  1.64561E-06   7.80892E-01  2.23774E-07   1.41914E+02  1.86771E-06   3.41569E+02  7.31474E-07   6.14292E+01  1.01600E-06   3.43873E+02  1.28846E-06   3.05879E-01  2.22438E-07   8.56944E+01  6.01561E-07   9.66371E+00  1.11086E-06   1.71791E+02  1.69873E-06   5.74772E+01  1.02152E-06   1.87150E+02  5.63687E-07   1.11284E+02  1.04988E-06   1.84551E+02  8.21878E-07   1.42965E+02  1.19947E-06   1.80995E+02  1.24245E-06   1.70191E+02  1.10362E-06   2.18668E+02  7.29999E-07   1.52764E+02  9.04841E-07   2.67858E+02  1.15606E-06   1.84727E+02  1.72306E-06   2.21307E+02  1.76474E-06   1.66424E+02  1.72104E-06   2.12535E+02  1.28066E-06   2.05791E+02  1.89487E-06   2.38188E+02  1.24844E-06   1.86249E+02  1.75261E-06   2.34973E+02  6.19238E-07   2.10182E+02  1.70947E-06   2.62029E+02  7.92814E-07   3.07492E+02  1.60961E-06   2.89457E+02  9.06362E-07   3.53159E+02  2.15765E-06   3.20527E+02  1.95620E-06   2.10129E+01  1.60433E-06   3.46946E+02  1.18961E-06   3.80141E+01  1.73203E-06   2.87374E+01  8.96517E-07   6.23313E+01  1.90887E-06   8.26843E+01  8.27261E-07   1.55263E+02  1.83952E-06   1.24148E+02  1.58919E-06   2.02492E+02  1.41338E-06   1.39821E+02  1.34673E-06   2.50117E+02  5.80921E-07   2.20811E+02  1.09908E-06   3.48464E+02  1.94382E-06   2.45818E+02  1.32601E-06   1.33046E+02  1.03099E-06   2.22349E+02  1.79091E-06   1.31785E+02  1.44514E-06   3.18911E+01  2.00834E-06   3.29219E+02  1.01356E-06   3.44846E+02  1.07665E-06   2.38297E+02  1.74198E-06   1.85611E+02  1.77176E-06   6.06727E+01  6.48317E-07   1.37614E+02  1.08235E-06   1.28400E+02  1.74834E-06   3.13746E+02  3.83211E-06   2.54151E+02  4.81251E-07   2.68450E+02  4.22626E-06   6.79680E+01 
 3.31015E-06   1.00628E+02  1.98194E-06   1.03941E+02  2.52893E-06   2.78088E+02  3.48462E-06   2.50879E+02  1.85449E-06   3.27974E+02  2.62366E-06   4.55047E+00  1.78242E-06   1.45726E+02  1.66855E-06   1.14462E+02  7.66688E-07   1.62275E+02  1.29253E-06   1.84317E+02  1.73742E-06   1.11675E+01  5.79978E-07   3.23222E+02  6.83337E-07   2.31790E+01  1.58700E-06   3.83805E+01  2.03709E-06   1.86809E+02  7.19537E-07   3.57849E+02  5.30748E-07   1.67495E+02  9.94999E-07   2.86530E+02  1.96109E-06   6.69839E+00  1.26329E-06   2.80858E+02  1.43026E-06   3.37280E+02  5.74431E-07   2.03858E+02  7.72778E-07   2.71386E+02  1.34437E-06   1.56943E+02  1.85365E-06   2.03679E+02  1.86842E-06   1.53702E+02  1.80615E-06   1.90200E+02  1.76725E-06   1.44904E+02  2.35775E-06   1.98176E+02  1.33844E-06   1.63511E+02  1.45678E-06   1.54173E+02  9.88649E-07   1.59895E+02  1.35382E-06   1.16447E+02  8.88175E-07   1.24391E+02  1.54689E-06   9.17703E+01  1.22301E-06   9.32090E+01  1.93677E-06   6.13630E+01  1.39308E-06   1.10156E+02  2.47503E-06   9.52659E+01  1.55768E-06   1.05882E+02  2.16736E-06   8.90076E+01  1.36709E-06   1.24331E+02  2.12198E-06   1.00088E+02  6.54548E-07   1.45383E+02  9.49120E-07   1.22678E+02  5.41609E-07   1.60489E+02  7.37751E-07   1.52075E+02  8.53152E-07   1.97448E+02  1.03317E-06   2.24891E+02  1.40764E-06   2.23652E+02  2.01439E-06   2.38260E+02  1.12964E-06   2.37463E+02  2.70553E-06   2.54068E+02  1.07881E-06   2.91206E+02  2.39385E-06   2.68489E+02  1.10448E-06   2.71881E+02  1.28323E-06   3.04900E+02  6.35562E-07   2.92134E+02  4.25171E-07   8.06786E+00  7.21411E-07   4.56980E+00  1.60536E-06   3.30040E+01  2.00957E-07   1.47350E+02  2.11294E-06   9.99610E+01  5.41567E-07   1.14930E+02  7.47057E-07   1.02058E+02  1.73237E-06   2.45952E+01  1.03204E-06   2.49165E+02  4.36477E-07   3.31927E+02  1.90359E-06   2.57247E+02  2.48783E-06   1.90204E+02  1.01888E-06   1.52097E+02  8.39977E-07   1.33930E+02  9.93245E-07   6.34387E+01  2.43660E-07   1.80183E+02  2.49886E-06   2.01998E+02  2.02150E-06   2.65622E+02  1.58755E-06   3.45983E+02  4.10965E-06   3.59409E+01  3.51868E-06   3.38324E+01  1.57884E-06   1.89775E+02  2.76201E-06   2.16164E+02 
 3.38383E-06   2.86295E+02  1.43728E-06   1.81235E+02  3.07026E-06   1.45164E+02  2.36767E-06   5.19358E+01  2.11518E-06   4.60986E+01  1.74974E-06   1.80536E+02  1.95703E-06   2.73575E+02  2.43590E-07   8.22669E+01  4.89031E-07   2.21398E+02  2.43825E-06   3.49621E+02  8.24782E-07   1.20515E+02  1.68956E-06   2.72499E+02  9.20796E-08   1.16732E+02  2.84854E-06   1.94092E+02  8.75307E-07   2.99122E+02  2.04818E-06   1.29615E+02  7.15035E-07   3.13614E+02  1.25838E-06   5.05564E+01  1.20439E-06   2.04684E+02  1.49614E-06   5.03500E+00  1.36919E-06   1.52362E+02  1.13644E-06   3.40317E+02  1.30014E-06   6.83029E+01  4.91293E-07   3.40240E+02  1.31186E-06   2.55370E+01  2.07101E-07   2.79475E+00  1.61985E-06   1.79566E+01  6.71730E-07   1.25446E+02  1.67577E-06   3.20864E+01  1.02435E-06   1.32714E+02  1.11139E-06   4.05036E+01  1.08567E-06   1.37840E+02  1.01147E-06   1.01444E+02  9.12674E-07   1.51429E+02  1.38834E-06   1.29426E+02  1.25202E-06   2.30005E+02  1.72186E-06   1.53427E+02  7.87671E-07   2.25073E+02  1.80691E-06   1.40999E+02  8.29574E-07   1.95318E+02  1.58596E-06   1.59801E+02  1.07976E-06   2.23697E+02  1.60685E-06   1.33369E+02  1.07611E-06   1.52099E+02  1.24447E-06   1.18549E+02  2.44946E-07   2.54526E+02  3.63779E-07   1.41177E+02  1.06003E-06   3.51983E+02  3.82652E-07   4.08773E+01  1.14550E-06   3.44439E+02  1.12069E-06   2.87340E+01  1.02682E-06   2.33674E+01  1.42952E-06   4.40995E+01  6.62571E-07   3.20937E+02  1.48210E-06   2.10742E+01  7.87187E-07   5.81965E+01  6.93813E-08   2.24715E+02  8.26650E-07   3.78556E+01  4.96655E-07   2.41492E+02  7.20122E-07   1.28917E+02  1.93061E-06   2.02829E+02  7.61470E-07   1.38289E+02  1.54679E-06   2.57276E+02  4.41674E-07   3.05058E+02  5.21304E-07   2.86851E+02  1.02425E-06   2.23007E+02  1.45605E-06   9.21957E+01  1.10765E-06   1.80746E+02  1.27942E-06   7.96048E+01  1.41744E-06   3.59424E+02  1.41727E-06   2.91988E+02  8.30020E-07   3.37773E+02  7.05775E-07   2.49298E+02  1.07660E-06   1.47245E+02  2.71328E-06   7.01088E+01  2.21738E-06   1.60313E+02  1.86527E-06   2.01669E+02  2.21931E-06   2.82258E+02  2.79545E-06   2.77469E+02  1.47514E-06   1.71804E+01  3.71475E-06   7.83859E+01 
 3.71127E-06   1.08737E+02  3.21585E-06   1.17116E+02  1.86802E-06   2.99492E+02  3.27233E-06   2.63297E+02  1.49881E-06   2.97381E+02  1.62422E-06   3.31804E+02  1.18511E-06   1.39460E+02  1.85469E-06   1.09493E+02  1.05793E-07   2.98111E+02  8.15779E-07   1.80625E+02  1.24939E-06   6.61779E+00  7.61440E-07   1.14623E+01  7.96619E-07   1.19701E+02  1.42122E-06   2.26573E+01  1.08478E-06   1.61306E+02  4.88035E-07   3.13160E+02  2.26778E-07   2.86821E+02  1.03005E-06   2.76886E+02  1.65345E-06   3.54528E+02  9.22169E-07   2.95601E+02  1.61190E-06   3.34551E+02  3.29743E-07   7.38056E+01  1.18808E-06   2.06219E+02  1.34059E-06   1.57091E+02  1.89709E-06   1.75428E+02  2.08264E-06   1.50199E+02  2.02871E-06   1.89674E+02  2.00580E-06   1.49966E+02  1.79676E-06   1.83148E+02  1.73597E-06   1.55414E+02  9.07966E-07   1.84524E+02  1.11990E-06   1.88538E+02  7.14866E-07   1.54877E+02  5.71387E-07   1.77631E+02  3.47748E-07   3.53904E+02  7.55586E-07   1.16018E+02  9.52531E-07   5.02858E+01  1.43346E-06   1.44212E+02  6.74669E-07   6.21340E+01  9.60642E-07   1.32725E+02  1.27618E-06   9.15967E+01  1.43845E-06   1.38531E+02  1.22112E-06   1.10380E+02  1.39238E-06   1.76589E+02  9.32659E-07   1.10297E+02  1.75726E-06   1.71304E+02  9.23827E-07   1.97644E+02  2.66290E-06   1.84881E+02  1.34361E-06   2.16178E+02  2.13638E-06   1.99818E+02  1.94070E-06   2.33477E+02  2.12792E-06   2.27714E+02  2.90393E-06   2.42152E+02  9.15433E-07   2.81855E+02  2.94577E-06   2.64747E+02  2.38978E-06   3.33838E+02  1.76679E-06   2.98891E+02  6.14220E-07   1.30918E+01  1.29709E-06   1.94053E+00  7.11552E-07   5.72302E+01  1.94644E-06   5.18793E+01  1.21097E-06   1.28647E+02  2.27774E-06   9.06845E+01  1.67647E-07   1.66988E+02  1.18799E-06   1.02034E+02  1.72868E-06   3.46510E+02  1.83583E-06   2.42857E+02  6.55866E-07   2.60267E+02  2.21810E-06   2.28342E+02  2.95326E-06   1.71581E+02  4.45429E-07   1.25446E+02  9.63544E-07   1.04017E+02  1.28739E-06   5.41712E+01  1.48195E-06   2.43819E+02  2.28393E-06   2.13304E+02  1.41808E-06   2.94933E+02  4.95152E-07   3.77674E+01  4.11343E-06   4.16496E+01  3.18806E-06   2.02740E+01  2.88243E-06   2.22454E+02  2.73863E-06   2.24974E+02 
 2.55194E-06   2.79952E+02  1.46217E-06   2.37386E+02  2.35216E-06   1.63729E+02  2.28188E-06   6.30782E+01  2.34396E-06   5.30095E+01  2.41176E-06   1.68897E+02  1.44609E-06   2.48057E+02  1.95562E-07   1.92853E+00  8.25837E-07   2.64825E+02  3.23417E-06   3.56238E+02  9.45198E-07   8.79116E+01  1.87757E-06   2.37314E+02  2.32904E-07   3.29467E+01  2.80174E-06   1.97381E+02  1.33853E-06   2.81749E+02  1.22194E-06   1.09317E+02  1.02535E-06   2.78698E+02  1.91756E-06   4.67557E+01  5.11481E-07   1.48771E+02  1.19811E-06   3.51775E+02  1.45445E-06   1.36197E+02  9.06195E-07   2.71159E+02  1.06863E-06   1.05882E+02  1.76135E-07   1.96007E+02  6.29590E-07   5.20474E+01  3.43568E-07   2.03764E+02  9.04166E-07   4.28779E+01  8.05482E-07   5.10449E+01  1.30484E-06   4.50335E+00  1.50511E-06   5.27679E+01  1.14043E-06   1.83033E+01  1.14544E-06   3.03698E+01  8.10953E-07   1.21690E+01  1.59390E-06   4.61119E+01  1.42034E-06   5.52199E+01  1.70417E-06   3.25165E+01  1.36410E-06   6.28277E+01  1.54480E-06   3.90878E+01  9.89281E-07   7.93503E+01  9.31582E-07   2.85885E+01  1.66796E-06   7.65478E+01  1.23405E-06   2.02624E+01  5.55374E-07   8.56162E+01  1.02579E-06   3.61917E+01  5.88557E-07   1.47870E+02  7.76814E-07   1.91308E+01  9.51941E-07   1.15978E+02  9.53936E-07   4.02925E+01  7.96346E-07   9.13091E+01  5.36438E-07   5.48674E+01  1.91285E-07   2.63668E+01  9.89800E-07   2.89271E+01  1.27087E-06   2.14321E+01  1.26039E-06   2.88845E+01  9.48690E-07   6.43219E+01  5.76636E-07   2.07946E+02  6.72509E-07   1.51868E+01  1.85006E-07   2.89531E+02  8.94494E-07   2.38710E+02  8.08265E-07   1.76221E+02  1.78967E-06   2.14155E+02  4.87819E-07   1.69914E+02  1.21077E-06   2.54479E+02  3.23717E-07   1.07028E+02  5.06748E-07   3.43444E+02  4.61597E-07   2.45735E+02  1.08879E-06   6.04367E+01  8.71252E-07   1.72753E+02  1.27743E-06   3.63424E+01  1.27973E-06   3.26054E+02  7.40442E-07   2.76127E+02  3.72913E-07   2.64422E+01  1.04833E-07   1.64783E+02  1.00195E-06   7.36811E+01  2.31002E-06   8.31397E+01  2.72131E-06   1.67543E+02  2.60143E-06   2.22184E+02  2.34138E-06   2.67998E+02  1.85308E-06   3.12506E+02  2.55243E-06   2.42992E+01  2.58813E-06   8.91369E+01 
 3.29548E-06   1.05276E+02  4.35555E-06   1.16767E+02  1.36472E-06   3.28806E+02  3.11159E-06   2.83056E+02  1.84762E-06   2.55776E+02  2.18362E-06   3.03297E+02  7.81686E-07   1.20199E+02  2.31803E-06   1.13484E+02  1.47160E-06   3.40485E+02  6.77305E-07   1.50303E+02  3.12542E-07   2.03631E+02  6.38097E-07   3.41955E+02  1.69664E-06   1.29138E+02  1.45538E-06   1.34324E+01  1.23197E-06   9.89596E+01  5.09040E-07   3.59597E+02  9.69158E-07   3.26807E+02  7.56241E-07   2.65910E+02  2.06504E-06   3.31870E+02  7.32491E-07   2.40252E+02  1.04357E-06   2.99093E+02  3.25626E-07   8.90708E+01  1.15087E-06   1.90521E+02  7.83655E-07   1.17450E+02  1.99099E-06   1.84036E+02  1.20676E-06   1.39748E+02  1.35633E-06   1.75428E+02  1.62844E-06   1.66111E+02  1.39746E-06   1.72587E+02  1.71868E-06   1.86589E+02  7.86056E-07   1.88545E+02  1.43498E-06   1.41444E+02  7.22390E-07   1.07464E+02  9.09515E-07   1.71454E+02  3.52794E-07   2.71636E+02  8.92849E-07   1.82550E+02  3.75120E-07   2.11429E+02  2.60616E-07   1.61797E+02  9.41221E-07   9.82659E+01  1.27472E-06   1.47128E+02  6.23914E-07   8.55418E+01  1.55711E-06   1.31632E+02  8.67509E-07   1.12302E+02  1.61788E-06   1.77672E+02  4.42577E-07   1.10383E+02  2.19368E-06   1.73977E+02  7.05819E-07   2.06066E+02  2.22443E-06   1.76375E+02  1.90284E-06   2.14337E+02  2.12997E-06   1.97928E+02  2.26796E-06   2.35875E+02  1.94825E-06   2.28045E+02  2.97503E-06   2.41385E+02  1.05151E-06   2.40904E+02  2.43924E-06   2.80923E+02  1.45389E-06   3.33891E+02  1.43908E-06   3.06139E+02  1.59317E-06   3.58207E+02  1.25613E-06   5.95782E+00  8.41316E-07   2.98191E+01  1.46348E-06   6.25503E+01  1.22682E-06   1.36734E+02  2.11484E-06   9.36040E+01  4.08402E-07   1.95827E+02  9.21473E-07   1.17086E+02  1.87863E-06   3.35604E+02  1.85545E-06   2.46231E+02  4.76399E-07   2.86381E+02  2.55313E-06   2.16468E+02  2.33725E-06   1.59890E+02  7.13306E-07   9.31848E+01  4.68003E-07   1.01694E+02  1.01343E-06   4.11559E+01  1.75693E-06   2.41162E+02  1.62281E-06   2.35340E+02  6.68327E-07   3.39452E+02  1.25804E-06   9.09978E+01  3.68817E-06   4.23325E+01  2.78993E-06   6.91765E+00  3.21871E-06   2.29173E+02  2.30196E-06   2.20236E+02 
 1.46469E-06   2.77058E+02  1.96136E-06   2.51210E+02  2.04619E-06   1.96156E+02  1.96722E-06   6.71276E+01  2.41495E-06   5.92278E+01  2.69661E-06   1.63268E+02  8.05755E-07   2.20073E+02  1.35407E-06   3.43991E+02  1.20407E-06   2.67451E+02  2.33788E-06   3.39788E+02  8.19762E-07   6.22350E+01  1.68389E-06   2.19921E+02  2.73976E-07   1.37974E+02  2.41897E-06   1.94684E+02  1.30812E-06   2.82194E+02  1.11790E-06   8.97232E+01  1.23096E-06   2.91884E+02  1.78008E-06   3.87209E+01  1.24048E-06   1.85174E+02  6.53591E-07   3.44072E+02  1.60702E-06   1.37295E+02  9.90979E-07   2.47792E+02  1.40648E-06   9.13520E+01  7.98754E-07   2.24451E+02  1.65813E-06   5.74992E+01  6.20133E-07   2.59756E+01  1.02211E-06   3.81504E+01  1.44096E-06   4.86059E+01  1.49909E-06   1.71317E+01  1.91101E-06   5.52119E+01  1.17006E-06   8.35459E+00  1.79930E-06   4.14934E+01  1.33756E-06   3.69638E+00  1.05139E-06   2.96507E+01  9.23449E-07   3.53016E+02  8.09531E-07   3.33532E+02  7.46906E-07   1.51348E+01  4.13664E-07   2.49150E+02  6.26439E-07   1.01413E+02  1.25534E-06   2.95653E+01  4.50098E-07   4.84346E+01  1.43930E-06   1.12228E+01  5.69286E-07   2.68177E+01  1.74212E-06   3.11705E+01  1.53940E-06   7.01112E+01  1.78269E-06   4.67688E+01  1.49744E-06   8.01382E+01  1.59448E-06   4.48326E+01  9.33873E-07   5.19408E+01  1.59390E-06   3.90272E+01  1.48172E-06   9.74976E+01  1.60167E-06   5.48112E+01  8.73252E-07   3.96664E+01  3.52240E-07   1.40169E+02  1.05620E-06   1.38107E+02  7.52913E-07   1.35066E+02  6.94183E-07   2.85061E+02  1.24850E-06   2.30531E+02  9.78059E-07   2.69469E+02  8.41509E-07   2.37097E+02  6.01355E-07   2.21864E+02  7.43899E-07   3.15168E+02  9.87606E-07   2.59675E+02  4.01785E-07   1.11917E+02  2.43215E-07   1.42006E+02  7.94288E-07   1.21020E+02  9.58350E-07   5.96845E+01  7.21037E-07   2.17054E+02  1.27331E-06   1.34636E+00  1.01469E-06   2.88821E+02  8.47617E-07   2.22093E+02  4.60672E-07   3.26354E+02  3.46081E-07   3.57098E+02  1.52716E-06   5.02649E+01  1.92835E-06   8.36670E+01  2.51494E-06   1.79661E+02  3.01519E-06   2.16537E+02  2.25170E-06   2.47573E+02  2.08258E-06   3.53326E+02  3.25148E-06   2.32013E+01  1.69019E-06   1.25163E+02 
 3.22764E-06   1.04856E+02  4.50915E-06   1.22571E+02  1.24489E-06   3.45046E+02  3.00407E-06   2.97163E+02  2.33651E-06   2.37087E+02  2.15103E-06   3.02792E+02  1.02139E-06   5.29984E+00  1.72803E-06   1.08465E+02  1.82578E-06   3.49797E+02  1.05132E-06   1.44344E+02  1.55252E-06   1.96807E+02  2.50127E-07   7.05653E+01  2.03625E-06   1.29791E+02  1.40344E-06   1.02434E+01  1.41905E-06   8.96419E+01  8.49794E-07   3.45151E+02  1.68458E-06   3.58510E+02  8.07984E-07   2.54393E+02  1.58134E-06   3.36083E+02  2.34622E-07   2.12004E+02  1.28712E-06   2.85788E+02  2.03398E-07   2.06831E+01  1.49618E-06   1.94844E+02  4.09939E-07   4.60354E+01  1.23152E-06   1.96032E+02  1.04949E-06   1.38474E+02  1.31528E-06   1.76330E+02  1.09039E-06   1.73524E+02  1.33077E-06   2.11578E+02  1.74514E-06   1.54138E+02  5.05282E-07   1.90128E+02  1.78733E-06   1.77946E+02  7.19434E-07   2.75141E+02  1.11673E-06   1.63895E+02  6.17141E-07   6.26285E+01  6.96155E-07   1.71729E+02  5.89936E-07   3.40771E+02  1.18478E-06   1.61003E+02  6.47597E-07   5.30575E+00  1.29137E-06   1.63300E+02  3.03083E-07   1.93457E+01  1.93607E-06   1.64439E+02  6.70760E-07   6.39342E+01  1.66835E-06   1.51188E+02  2.45961E-07   1.75315E+02  1.44778E-06   1.66461E+02  1.06610E-06   2.08178E+02  1.31147E-06   1.97751E+02  2.10322E-06   2.45995E+02  1.85047E-06   2.09270E+02  2.56957E-06   2.42466E+02  2.13237E-06   2.17995E+02  2.37749E-06   2.38960E+02  9.57237E-07   2.90401E+02  1.91331E-06   2.80719E+02  1.59552E-06   3.56395E+02  1.06809E-06   3.37558E+02  1.62714E-06   6.59866E+00  1.16912E-06   3.58375E+02  1.05069E-06   2.65740E+01  1.30052E-06   5.97999E+01  1.30871E-06   1.52787E+02  1.83662E-06   8.94279E+01  4.38737E-07   1.90589E+02  5.72202E-07   1.38193E+02  1.59157E-06   3.10874E+02  1.49223E-06   2.47272E+02  3.25986E-07   2.18722E+02  2.45328E-06   2.03670E+02  2.44477E-06   1.43199E+02  4.08007E-07   9.67289E+01  3.28905E-07   1.30501E+02  6.86810E-07   1.87044E+01  1.76205E-06   2.70864E+02  4.89641E-07   2.58750E+02  5.51748E-07   8.80828E+01  1.50679E-06   9.62746E+01  2.87424E-06   5.19003E+01  1.73289E-06   3.51215E+02  3.10133E-06   2.39420E+02  1.66017E-06   2.22821E+02 
 9.17856E-07   2.28637E+02  2.27124E-06   2.65088E+02  1.96896E-06   2.31969E+02  1.51228E-06   7.46349E+01  2.67604E-06   5.87235E+01  2.51169E-06   1.51943E+02  6.73294E-07   1.83469E+02  1.76813E-06   3.48757E+02  1.23048E-06   2.41813E+02  1.65516E-06   3.28624E+02  1.02403E-06   5.42938E+01  1.53763E-06   2.22064E+02  3.21218E-07   1.75235E+02  2.68584E-06   1.90316E+02  1.46782E-06   2.59911E+02  9.20952E-07   7.27260E+01  1.59059E-06   2.71967E+02  1.80323E-06   1.98097E+01  8.32411E-07   1.89630E+02  8.81664E-07   3.42990E+02  1.54682E-06   9.97213E+01  1.39847E-06   2.13342E+02  1.39061E-06   8.11671E+01  9.97051E-07   2.22178E+02  1.45326E-06   8.50800E+01  5.90313E-07   8.32564E+01  8.45867E-07   5.51876E+01  1.50785E-06   5.65873E+01  7.33161E-07   1.98661E+01  2.21311E-06   3.04675E+01  9.61414E-07   1.34784E+01  2.55579E-06   4.96041E+01  7.45762E-07   3.32557E+01  1.65132E-06   5.75557E+01  6.21908E-07   3.44766E+02  1.46246E-06   3.12903E+01  1.42466E-06   3.24693E+02  1.97106E-06   3.53843E+02  1.14994E-06   3.31326E+02  1.12630E-06   7.72162E+00  5.93483E-07   3.00704E+01  2.07782E-06   2.60812E+01  1.17728E-06   5.25201E+01  2.91341E-06   4.36276E+01  8.59921E-07   6.36146E+01  2.31538E-06   4.03601E+01  1.01581E-06   6.01831E+01  2.17532E-06   4.30007E+01  1.64900E-06   8.97037E+01  2.17397E-06   5.90725E+01  1.01983E-06   6.03668E+01  1.69087E-06   5.60324E+01  1.21941E-06   1.18783E+02  4.79433E-07   8.56107E+01  9.17720E-07   1.57518E+02  1.21573E-06   1.94555E+02  1.10610E-06   2.32978E+02  1.61550E-06   2.19418E+02  1.05735E-06   2.52963E+02  1.10950E-06   2.56025E+02  6.82132E-07   2.92766E+02  8.54665E-07   3.55009E+02  8.68936E-07   1.95930E+02  6.44689E-07   8.36119E+01  3.72193E-07   3.25295E+01  1.06511E-06   9.10440E+01  6.48640E-07   6.33490E+01  3.76596E-07   2.22144E+02  1.21726E-06   3.57098E+02  1.60692E-06   2.49794E+02  1.40045E-06   2.12421E+02  8.51636E-07   3.42283E+02  4.61195E-07   5.89220E+01  1.61781E-06   4.61001E+01  1.15063E-06   8.42444E+01  2.43085E-06   1.80657E+02  3.12820E-06   2.21532E+02  2.11183E-06   2.41533E+02  2.63471E-06   8.78560E+00  3.47313E-06   1.99131E+01  1.31893E-06   1.34446E+02 
 3.02272E-06   9.94830E+01  4.17849E-06   1.21736E+02  1.27696E-06   3.54756E+02  2.53622E-06   3.10142E+02  2.84437E-06   2.30538E+02  2.37713E-06   2.96795E+02  1.77824E-06   3.59664E+02  1.68043E-06   1.21887E+02  1.19945E-06   3.55782E+02  1.21673E-06   1.27720E+02  1.80319E-06   2.06406E+02  6.25315E-07   3.06643E+02  1.69504E-06   1.30396E+02  1.22980E-06   3.54734E+02  2.04243E-06   8.48362E+01  9.69253E-08   2.56993E+01  2.02793E-06   5.30830E+00  3.09241E-07   7.32163E+01  1.85533E-06   3.29539E+02  5.26876E-08   3.29383E+02  1.23135E-06   2.64261E+02  7.70231E-07   1.01116E+00  1.22599E-06   1.81292E+02  5.13815E-07   7.16320E+01  1.52932E-06   1.67485E+02  8.77182E-07   1.34230E+02  9.63691E-07   1.76595E+02  1.51307E-06   1.63173E+02  8.44764E-07   1.81417E+02  1.80013E-06   1.76546E+02  7.34513E-07   2.36330E+02  1.73459E-06   2.07133E+02  7.59327E-07   2.63346E+02  1.38395E-06   1.97812E+02  6.68001E-07   2.77211E+02  1.12647E-06   1.55502E+02  5.29919E-07   1.36601E+02  1.58270E-06   1.82580E+02  9.43914E-07   3.36320E+02  8.02522E-07   1.26382E+02  5.28672E-07   3.43277E+02  1.37886E-06   1.53281E+02  4.55623E-07   2.55081E+02  1.75170E-06   1.89120E+02  2.63563E-07   1.88097E+02  1.27712E-06   1.59861E+02  9.93518E-07   2.67082E+02  1.83745E-06   1.89519E+02  1.71583E-06   2.43591E+02  1.46318E-06   1.91634E+02  1.69207E-06   2.46924E+02  1.62714E-06   2.23407E+02  2.30437E-06   2.57914E+02  1.37526E-07   2.25715E+02  1.63372E-06   2.89227E+02  1.03995E-06   3.59728E+02  7.61647E-07   3.24768E+02  1.66720E-06   1.51526E+01  1.21170E-06   1.29715E+00  1.04245E-06   3.60181E+01  1.76515E-06   4.62990E+01  6.39666E-07   2.16789E+02  1.42227E-06   6.87106E+01  9.65240E-07   2.10747E+02  6.55806E-07   1.58276E+02  1.09071E-06   2.96667E+02  1.26287E-06   2.22860E+02  1.18129E-07   2.14033E+02  1.86020E-06   1.90667E+02  1.87500E-06   1.45672E+02  4.30271E-07   2.31497E+02  5.16903E-07   9.01771E+01  9.04521E-07   3.59123E+02  2.06704E-06   2.69571E+02  1.15430E-07   2.11173E+02  7.34024E-07   8.03804E+01  1.96039E-06   9.72495E+01  2.58429E-06   4.75122E+01  1.65924E-06   3.23647E+02  3.17949E-06   2.43692E+02  1.18188E-06   2.16283E+02 
 9.12734E-07   1.99954E+02  2.20819E-06   2.82127E+02  1.85112E-06   2.39488E+02  1.04285E-06   1.09978E+02  2.31982E-06   5.30275E+01  2.22756E-06   1.44840E+02  8.92322E-07   1.58982E+02  1.52622E-06   3.48186E+02  1.08133E-06   2.44189E+02  1.70286E-06   3.24841E+02  8.28278E-07   2.85878E+01  1.44255E-06   2.03624E+02  2.28226E-07   2.37984E+02  2.06817E-06   1.81505E+02  1.31850E-06   2.59506E+02  3.96050E-07   8.74630E+01  1.24888E-06   2.49672E+02  2.01194E-06   2.55910E+01  4.12795E-07   1.33874E+02  5.41500E-07   3.57963E+02  1.34221E-06   1.07905E+02  8.51781E-07   2.23230E+02  1.28490E-06   7.50044E+01  1.18659E-06   2.23144E+02  1.32361E-06   6.24435E+01  5.59915E-07   3.11058E+02  9.10064E-07   7.32995E+01  1.06943E-06   4.49623E+01  1.19493E-06   4.77919E+01  2.09804E-06   4.95017E+01  9.63866E-07   3.57998E+02  2.46069E-06   6.12417E+01  1.23925E-06   3.69501E+01  2.07811E-06   4.70200E+01  1.18147E-06   1.94909E+01  1.89935E-06   6.07530E+01  8.91316E-07   3.56378E+02  2.73008E-06   4.89532E+01  1.12661E-06   3.44725E+01  2.11333E-06   5.14363E+01  1.53809E-06   7.42986E+01  2.65467E-06   5.34739E+01  2.09683E-06   6.48671E+01  3.18692E-06   4.99743E+01  1.65281E-06   4.46844E+01  2.49680E-06   3.91444E+01  1.81009E-06   7.06892E+01  3.15022E-06   5.13235E+01  1.75105E-06   6.49406E+01  2.61530E-06   4.42110E+01  1.01832E-06   1.09236E+02  1.84212E-06   5.32792E+01  7.00416E-07   1.13739E+02  6.01998E-07   9.74780E+01  1.83080E-06   1.67755E+02  1.39199E-06   2.00605E+02  1.28261E-06   2.10861E+02  1.90617E-06   2.25352E+02  1.08892E-06   2.51692E+02  1.69147E-06   2.68309E+02  8.74573E-07   2.89763E+02  8.60208E-07   3.21604E+02  2.59699E-07   2.52904E+02  1.55800E-06   5.95937E+01  7.69825E-07   1.04997E+02  1.96860E-06   1.16448E+02  9.21272E-07   5.74620E+01  6.90292E-07   2.32252E+02  9.99748E-07   3.32106E+02  1.53964E-06   2.42984E+02  6.68915E-07   2.15908E+02  6.32037E-07   3.48646E+02  1.07551E-06   4.76102E+01  1.61973E-06   4.39059E+01  8.59577E-07   1.21095E+02  2.36866E-06   1.83180E+02  3.31101E-06   2.16307E+02  2.11301E-06   2.34156E+02  3.10529E-06   1.55002E+01  3.29443E-06   2.08445E+01  1.33077E-06   1.50376E+02 
 2.36870E-06   9.98597E+01  4.05588E-06   1.28571E+02  9.77082E-07   2.32457E+01  2.41419E-06   3.16815E+02  2.60830E-06   2.33817E+02  2.09691E-06   2.88800E+02  1.99389E-06   1.23374E+01  1.04673E-06   1.02476E+02  1.21991E-06   3.34326E+02  1.26468E-06   1.33964E+02  2.27387E-06   1.98438E+02  2.11676E-07   3.78202E+00  1.66666E-06   1.26485E+02  1.16390E-06   3.50737E+02  1.95593E-06   5.73340E+01  3.60541E-07   3.44941E+02  1.77657E-06   1.30871E+01  4.28465E-07   1.80306E+02  1.47815E-06   3.17696E+02  2.46079E-07   3.46845E+02  9.14378E-07   2.52350E+02  6.12248E-07   2.79966E+01  1.18818E-06   1.87004E+02  7.39353E-07   6.69400E+01  1.39040E-06   1.74858E+02  6.81958E-07   1.72396E+02  9.15083E-07   1.49680E+02  1.37046E-06   1.72334E+02  7.62912E-07   2.03276E+02  2.11784E-06   2.00391E+02  7.42801E-07   1.76226E+02  1.80031E-06   1.83426E+02  8.45203E-07   2.56466E+02  1.30057E-06   2.15929E+02  1.19003E-06   2.30938E+02  1.22475E-06   1.94986E+02  1.43012E-06   2.08387E+02  1.82097E-06   1.88054E+02  5.59741E-07   2.44306E+02  1.01744E-06   1.67141E+02  2.06062E-07   2.89002E+02  1.32593E-06   1.91475E+02  2.97958E-07   6.35326E+01  1.72303E-06   1.73277E+02  1.60126E-07   1.24608E+02  2.06218E-06   1.63649E+02  7.96487E-07   2.41713E+02  1.95301E-06   1.89657E+02  1.80322E-06   2.54453E+02  1.50438E-06   2.04816E+02  1.95196E-06   2.62283E+02  1.23261E-06   1.99016E+02  1.12314E-06   2.48335E+02  8.94791E-07   2.07323E+02  1.73813E-06   2.83095E+02  1.90301E-07   6.04073E+01  1.01367E-06   3.42209E+02  2.28915E-06   6.35581E+00  1.24016E-06   3.51477E+01  5.31865E-07   4.49748E+01  1.40605E-06   4.68644E+01  3.21892E-07   8.69743E+01  1.23673E-06   6.40951E+01  3.90937E-07   2.28922E+02  6.27885E-07   1.62922E+02  1.02637E-06   2.96746E+02  1.41723E-06   2.10043E+02  2.23768E-07   3.13716E+02  2.45205E-06   1.99033E+02  2.21063E-06   1.56232E+02  3.93525E-07   3.18047E+02  3.55219E-07   1.02985E+02  7.90313E-07   3.47786E+02  2.22792E-06   2.72415E+02  2.80928E-07   7.86035E+01  9.28935E-07   8.00581E+01  1.71808E-06   1.11692E+02  2.21291E-06   5.52736E+01  1.63491E-06   3.18943E+02  2.93573E-06   2.54967E+02  7.20242E-07   2.10106E+02 
 9.43870E-07   1.71758E+02  2.38494E-06   2.85143E+02  2.20961E-06   2.43482E+02  1.04560E-06   1.19261E+02  2.35260E-06   5.77021E+01  2.01429E-06   1.36881E+02  7.50270E-07   1.73253E+02  1.19984E-06   3.56628E+02  6.48964E-07   2.61657E+02  1.41521E-06   3.16224E+02  7.97762E-07   3.42001E+01  1.61989E-06   2.12500E+02  2.32138E-07   2.42099E+02  1.29758E-06   1.72211E+02  1.62232E-06   2.71210E+02  1.04253E-06   3.64394E+01  1.69653E-06   2.49596E+02  1.62495E-06   2.84590E+01  4.57010E-07   1.46028E+02  3.70676E-07   5.07316E+01  2.10378E-06   1.00939E+02  1.27386E-06   2.19360E+02  1.70691E-06   9.62986E+01  1.27454E-06   2.14003E+02  1.80138E-06   6.94603E+01  7.76144E-07   1.38642E+02  1.03860E-06   4.54378E+01  7.40485E-07   1.24728E+01  7.66595E-07   9.87449E+00  1.88468E-06   3.72909E+01  7.84367E-07   3.51137E+02  2.07941E-06   2.40988E+01  4.45963E-07   3.17331E+02  1.92842E-06   5.15617E+01  4.61532E-07   3.50833E+02  2.34392E-06   4.42122E+01  4.94390E-07   1.17603E+02  1.96654E-06   6.05072E+01  7.40666E-07   9.01326E+01  2.36956E-06   4.27171E+01  1.09825E-06   6.21642E+01  2.78022E-06   3.99393E+01  1.25754E-06   7.56341E+01  3.10818E-06   3.69133E+01  1.65489E-06   4.97978E+01  3.14446E-06   4.22356E+01  1.87653E-06   5.37265E+01  2.97367E-06   4.42611E+01  2.06223E-06   6.02447E+01  2.89541E-06   5.75321E+01  1.75165E-06   8.66031E+01  1.64960E-06   7.32114E+01  1.29800E-06   1.43764E+02  5.33923E-07   1.45596E+02  1.41401E-06   1.71449E+02  1.57463E-06   2.42939E+02  1.20178E-06   2.16697E+02  2.14174E-06   2.33332E+02  1.11785E-06   2.53400E+02  1.33536E-06   2.62113E+02  1.25242E-06   3.12442E+02  1.72467E-07   1.68552E+01  5.98016E-07   2.29283E+02  1.73782E-06   5.54943E+01  8.57780E-07   6.83642E+01  1.67093E-06   1.17183E+02  1.26248E-06   3.66607E+01  8.94930E-07   2.10118E+02  7.81172E-07   3.33652E+02  1.51145E-06   2.79264E+02  7.04489E-07   2.38634E+02  5.16048E-07   1.57307E+01  1.23780E-06   3.05937E+01  1.15616E-06   5.76526E+01  1.09920E-06   1.37529E+02  2.25041E-06   1.80987E+02  2.96147E-06   2.15721E+02  1.93015E-06   2.23695E+02  3.28308E-06   8.49505E+00  3.16477E-06   1.60399E+01  1.68749E-06   1.53082E+02 
 1.79922E-06   9.53351E+01  4.56089E-06   1.36361E+02  1.00693E-06   4.36767E+01  2.47752E-06   3.27084E+02  2.42082E-06   2.34012E+02  2.66204E-06   2.86809E+02  1.91057E-06   3.51600E+02  1.23397E-06   1.26585E+02  1.24252E-06   3.58372E+02  1.67208E-06   1.23170E+02  1.99992E-06   1.89801E+02  9.04470E-07   3.82516E+00  1.76555E-06   1.26696E+02  1.15460E-06   3.28513E+02  1.61483E-06   6.51134E+01  2.11027E-07   3.97094E+01  2.07796E-06   5.51923E+00  3.87130E-07   2.42910E+02  9.96689E-07   3.01931E+02  3.14441E-07   9.03785E+00  1.31524E-06   2.38484E+02  5.91913E-07   6.92712E+01  6.01588E-07   1.74366E+02  5.54354E-07   8.09510E+01  1.01885E-06   1.42883E+02  4.83285E-07   1.31906E+02  7.40366E-07   1.54735E+02  1.06114E-06   1.67847E+02  4.89970E-07   2.25977E+02  1.48449E-06   1.96107E+02  1.42841E-06   2.62216E+02  2.15100E-06   1.94621E+02  1.47572E-06   2.64494E+02  1.79993E-06   1.71633E+02  1.03171E-06   2.42145E+02  1.68533E-06   1.88457E+02  7.51144E-07   3.46230E+02  1.13622E-06   1.67554E+02  2.25416E-07   2.42275E+02  1.76494E-06   1.47844E+02  8.01602E-07   3.03127E+02  1.26203E-06   1.40100E+02  9.51454E-07   2.67331E+02  1.10206E-06   1.48923E+02  1.95142E-07   3.24070E+02  1.17435E-06   1.55150E+02  6.36889E-07   3.14464E+02  5.33107E-07   1.82520E+02  1.35589E-06   2.67724E+02  2.04063E-06   1.93934E+02  1.67467E-06   2.67922E+02  1.48563E-06   2.00344E+02  2.29014E-06   2.63541E+02  8.32307E-07   2.50445E+02  1.81473E-06   2.49288E+02  9.38069E-07   2.22582E+00  4.04258E-07   3.21262E+02  1.31112E-06   1.14811E+01  1.99955E-06   2.03104E+01  1.24008E-06   4.39014E+01  1.28053E-06   6.15340E+01  6.44398E-07   8.89234E+01  1.81065E-06   5.66968E+01  2.40706E-07   1.95145E+02  4.42748E-07   1.74628E+02  1.61314E-06   2.88112E+02  2.01199E-06   2.17164E+02  4.39922E-07   2.60711E+02  2.35090E-06   1.94515E+02  1.95184E-06   1.39491E+02  3.17792E-07   3.00463E+02  1.43109E-07   2.06479E+02  1.22849E-06   6.99583E+00  1.76802E-06   2.67940E+02  8.97093E-07   1.51994E+02  9.21219E-07   9.62363E+01  1.45487E-06   1.22797E+02  2.32171E-06   4.45375E+01  2.18771E-06   3.32835E+02  2.88257E-06   2.45435E+02  7.56253E-07   1.94473E+02 
 5.73807E-07   1.65191E+02  2.08001E-06   2.82594E+02  2.15429E-06   2.36244E+02  7.62250E-07   1.40114E+02  1.93265E-06   5.10775E+01  1.71535E-06   1.28505E+02  6.72698E-07   1.40334E+02  1.00281E-06   1.69542E+01  8.51632E-07   2.50546E+02  1.61331E-06   3.18167E+02  7.03180E-07   5.13930E+01  1.98744E-06   2.14695E+02  2.51512E-07   2.92395E+01  1.18427E-06   1.51487E+02  1.83201E-06   2.65216E+02  1.32855E-06   5.39337E+01  1.63798E-06   2.72161E+02  1.67451E-06   2.82997E+01  9.53559E-07   1.95945E+02  4.59098E-07   2.58915E+02  2.06411E-06   1.02902E+02  1.64868E-06   2.12385E+02  2.31350E-06   8.81532E+01  1.36846E-06   2.11915E+02  1.12534E-06   6.32330E+01  3.96590E-07   1.16517E+01  1.36298E-06   6.53665E+01  1.78818E-06   3.72706E+01  8.02778E-07   2.71301E+01  1.85815E-06   3.16820E+01  4.96367E-07   2.20928E+01  1.75013E-06   2.09383E+01  4.30387E-07   3.32576E+02  1.10054E-06   2.37734E+01  7.68142E-07   3.10904E+02  1.40068E-06   6.92032E+01  4.21211E-07   9.63582E+00  2.18279E-06   4.41795E+01  1.22562E-06   9.32716E+00  2.26388E-06   3.96884E+01  9.72369E-07   4.06722E+01  2.91433E-06   3.91001E+01  2.00526E-06   4.52578E+01  3.22554E-06   3.27806E+01  1.31597E-06   5.13488E+01  3.57468E-06   2.45375E+01  1.91612E-06   6.47425E+01  3.33857E-06   5.24352E+01  2.01373E-06   9.39917E+01  2.51304E-06   5.71301E+01  1.20468E-06   1.20140E+02  1.00994E-06   9.23358E+01  1.30491E-06   1.49892E+02  1.18883E-06   1.79925E+02  1.20700E-06   1.46781E+02  9.47195E-07   2.37832E+02  1.04920E-06   1.86574E+02  1.45816E-06   2.43863E+02  9.99172E-07   2.63624E+02  1.60393E-06   2.48393E+02  1.23536E-06   2.99273E+02  7.26746E-07   2.04929E+01  5.94309E-08   3.18652E+02  1.27842E-06   6.69015E+01  6.35902E-07   9.12196E+01  1.26622E-06   1.22092E+02  8.98394E-07   1.78772E+01  4.22425E-07   2.38469E+02  7.61763E-07   3.52221E+02  1.41657E-06   2.88790E+02  1.04029E-06   2.33132E+02  2.35618E-07   8.76479E+01  1.03953E-06   6.76613E+01  1.01400E-06   5.98189E+01  5.62775E-07   1.09813E+02  1.92120E-06   1.87521E+02  3.06288E-06   2.18723E+02  1.78942E-06   2.29834E+02  3.19727E-06   1.00268E+01  3.10007E-06   1.34574E+01  2.07968E-06   1.52850E+02 
 1.80289E-06   9.58980E+01  4.73145E-06   1.31951E+02  8.93414E-07   7.52712E+01  2.66178E-06   3.29976E+02  2.14213E-06   2.41191E+02  2.62007E-06   2.83097E+02  2.26713E-06   3.50325E+02  9.44561E-07   1.07434E+02  1.10279E-06   3.43977E+02  2.06783E-06   1.42405E+02  2.32641E-06   1.81513E+02  9.80507E-07   1.46390E+01  1.89547E-06   1.41248E+02  8.28677E-07   3.42584E+02  1.80191E-06   4.20640E+01  1.21215E-06   9.13129E+00  1.70731E-06   7.15081E-01  6.04349E-07   2.32283E+02  1.05603E-06   3.28127E+02  1.88874E-07   1.05832E+01  1.05029E-06   2.33168E+02  7.63459E-07   5.50075E+01  1.11787E-06   1.67844E+02  7.47426E-07   9.85213E+01  1.44053E-06   1.32607E+02  1.06990E-06   1.79473E+02  3.74948E-07   1.76388E+02  1.47569E-06   2.01309E+02  5.31799E-07   2.89156E+02  1.49941E-06   1.94779E+02  1.41591E-06   3.00510E+02  1.67432E-06   2.18485E+02  1.75537E-06   2.91902E+02  1.55434E-06   2.22805E+02  1.81317E-06   2.95576E+02  1.64110E-06   2.13755E+02  2.23287E-06   3.03821E+02  8.09815E-07   2.09844E+02  1.50536E-06   2.97395E+02  1.01470E-06   2.07134E+02  1.66873E-06   3.34272E+02  1.12334E-06   1.84018E+02  1.68787E-06   3.57715E+02  2.03052E-06   1.45001E+02  1.12330E-06   9.69979E-01  2.07458E-06   1.51310E+02  7.87247E-07   2.93405E+02  1.88090E-06   1.78926E+02  1.43616E-06   2.53961E+02  2.29744E-06   2.07020E+02  2.47186E-06   2.52439E+02  1.42095E-06   2.20086E+02  2.16473E-06   2.39663E+02  9.93192E-07   2.83203E+02  1.37685E-06   2.66860E+02  8.07717E-07   6.12186E+00  1.09630E-06   3.43976E+02  1.08413E-06   8.41421E+00  1.26922E-06   3.52985E+01  1.68692E-06   2.50917E+01  1.75338E-06   3.50719E+01  7.08222E-07   1.19408E+02  1.25372E-06   5.78753E+01  8.36865E-07   2.04210E+02  4.28943E-07   1.71440E+02  1.66053E-06   3.04429E+02  1.94055E-06   2.15031E+02  8.60387E-07   2.34834E+02  2.20949E-06   2.04589E+02  2.41506E-06   1.48913E+02  5.95432E-07   3.39433E+01  1.90204E-07   1.13390E+02  1.12804E-06   3.56103E+02  1.72539E-06   2.73496E+02  9.52712E-07   1.59448E+02  5.85491E-07   1.23156E+02  1.62439E-06   1.07921E+02  2.45692E-06   5.25022E+01  2.10974E-06   3.37356E+02  3.14498E-06   2.36822E+02  7.99517E-07   2.07677E+02 
 3.43609E-07   2.42101E+02  2.18931E-06   2.98515E+02  1.89899E-06   2.28227E+02  8.85182E-07   1.42213E+02  2.15778E-06   5.46631E+01  1.97401E-06   1.31416E+02  7.14515E-07   1.59707E+02  6.81041E-07   4.11683E+01  1.05166E-06   2.55473E+02  1.87116E-06   3.16899E+02  7.52650E-07   6.30326E+01  2.35507E-06   2.13340E+02  7.06914E-07   3.58477E+02  6.05679E-07   1.75760E+02  1.34033E-06   2.70669E+02  1.43213E-06   4.80120E+01  1.46335E-06   2.44287E+02  1.94285E-06   3.41256E+01  7.06058E-07   1.89329E+02  8.52586E-07   1.91705E+02  1.38271E-06   8.96654E+01  1.86989E-06   2.11036E+02  2.17824E-06   7.54064E+01  1.05456E-06   2.33336E+02  1.86114E-06   8.55068E+01  5.23903E-07   1.52302E+01  1.21181E-06   8.69292E+01  1.27423E-06   1.39108E+01  2.38810E-07   7.47925E+01  1.67118E-06   4.19925E+01  7.09591E-07   2.17267E+02  2.05516E-06   4.53477E+01  1.09316E-07   3.39228E+02  1.72471E-06   3.74616E+01  2.50405E-07   3.12926E+02  1.78646E-06   3.83940E+01  2.15135E-07   7.96238E+01  2.77410E-06   4.17778E+01  8.20135E-07   8.01781E+01  2.39719E-06   4.69253E+01  9.94435E-07   9.86711E+01  3.08984E-06   4.43750E+01  1.03986E-06   1.02550E+02  2.78283E-06   3.45570E+01  5.74018E-07   1.13712E+02  3.13663E-06   4.49923E+01  1.75270E-06   7.52425E+01  2.59527E-06   4.89581E+01  1.95173E-06   8.08565E+01  1.97372E-06   5.32755E+01  1.76752E-06   9.27262E+01  7.57401E-07   6.02579E+01  6.87590E-07   1.02352E+02  6.47141E-07   1.46317E+02  1.18752E-06   1.51268E+02  1.20533E-06   2.08359E+02  1.21257E-06   2.06426E+02  1.52960E-06   2.31928E+02  9.47323E-07   2.58058E+02  1.48001E-06   2.58169E+02  9.41212E-07   2.52972E+02  9.89077E-07   3.36917E+02  3.82495E-07   2.49175E+02  1.47720E-06   5.79759E+01  6.81296E-07   3.18940E+01  1.71248E-06   1.20556E+02  1.00961E-06   3.70209E+01  8.60863E-07   2.35779E+02  3.23999E-07   3.09600E+02  1.23543E-06   3.17327E+02  9.87369E-07   2.32217E+02  5.11749E-07   3.50367E+02  1.10495E-06   4.92621E+01  9.23277E-07   6.85058E+01  8.15894E-07   1.50926E+02  1.86444E-06   1.90391E+02  2.83654E-06   2.18296E+02  1.34628E-06   2.41000E+02  3.24591E-06   6.98293E+00  2.76006E-06   1.45163E+01  2.52329E-06   1.41809E+02 
 2.44496E-06   1.01326E+02  4.66570E-06   1.29525E+02  4.68876E-07   3.55247E+01  2.18907E-06   3.22300E+02  2.67511E-06   2.38979E+02  2.64025E-06   2.89086E+02  2.29297E-06   3.55531E+02  8.30918E-07   1.16439E+02  1.53297E-06   1.84159E+01  1.72388E-06   1.31969E+02  2.03657E-06   1.89379E+02  5.13784E-07   1.20855E+01  1.85373E-06   1.52826E+02  1.60470E-06   4.93794E+00  1.26933E-06   4.73256E+01  7.59532E-07   1.51655E+01  1.36464E-06   3.18786E+00  5.64462E-07   2.26795E+02  1.58669E-06   3.35358E+02  5.53654E-07   2.11818E+02  6.62374E-07   1.79437E+02  4.33282E-07   1.19738E+02  1.45107E-06   1.71598E+02  8.12029E-07   8.13189E+01  1.02243E-06   1.79577E+02  8.94381E-07   9.64477E+01  6.72038E-07   2.59561E+02  7.19754E-07   1.97454E+02  3.23259E-07   2.86566E+02  1.19737E-06   2.06485E+02  1.06909E-06   3.26491E+02  1.35914E-06   1.82024E+02  1.45021E-06   2.97779E+02  9.92104E-07   1.52948E+02  1.24519E-06   2.93460E+02  3.66088E-07   1.43502E+02  8.35570E-07   1.06976E+00  1.09933E-06   1.53431E+02  6.56555E-07   3.39935E+02  1.00554E-06   1.59406E+02  1.56905E-06   3.38869E+02  1.04260E-06   1.57280E+02  1.90246E-06   3.24724E+02  1.42923E-06   1.50046E+02  1.91263E-06   3.57973E+02  1.43111E-06   1.61736E+02  1.34952E-06   2.94338E+02  1.55017E-06   1.78527E+02  1.86436E-06   2.63863E+02  1.01941E-06   2.02041E+02  2.76301E-06   2.36318E+02  9.56088E-07   1.96329E+02  2.25075E-06   2.31329E+02  8.67651E-07   2.22702E+02  1.61641E-06   2.44223E+02  6.75794E-07   2.85014E+02  8.81042E-07   3.17108E+02  1.43428E-06   5.61918E-01  1.72583E-06   2.70194E+01  1.58090E-06   2.22636E+01  2.08144E-06   3.00383E+01  7.67021E-07   9.80283E+01  1.56646E-06   4.75070E+01  1.02175E-06   2.01473E+02  5.75077E-07   1.81017E+02  1.70677E-06   3.01229E+02  2.02682E-06   2.12879E+02  1.04890E-06   2.11649E+02  1.76976E-06   2.01182E+02  2.45673E-06   1.49862E+02  4.40274E-07   2.55437E+01  7.68575E-07   2.61839E+01  1.30437E-06   1.16874E+01  1.66941E-06   2.63012E+02  1.18035E-06   1.91287E+02  7.48228E-07   1.72074E+02  1.52625E-06   9.46143E+01  2.71527E-06   4.01761E+01  2.37648E-06   3.45945E+02  2.91013E-06   2.19718E+02  1.50323E-06   2.07297E+02 
 1.11572E-06   2.96781E+02  2.28039E-06   3.06708E+02  2.32303E-06   2.01891E+02  8.79783E-07   1.15392E+02  2.73412E-06   5.05983E+01  2.15259E-06   1.42777E+02  7.89722E-07   2.36951E+02  1.04139E-06   1.87646E+01  7.51785E-07   2.37440E+02  1.92614E-06   3.16942E+02  7.63159E-07   9.33343E+01  2.58948E-06   2.15369E+02  7.65703E-07   3.56978E+02  8.81197E-07   1.55650E+02  1.50744E-06   2.78711E+02  1.86471E-06   5.73371E+01  1.09211E-06   2.40239E+02  1.65998E-06   4.34968E+01  2.62969E-07   1.89554E+02  1.09424E-07   2.78894E+02  1.12411E-06   1.03266E+02  1.45652E-06   2.43956E+02  1.82787E-06   8.76443E+01  1.93682E-06   2.24381E+02  1.62032E-06   1.18784E+02  8.04373E-07   2.51190E+02  1.20431E-06   8.50888E+01  9.58697E-07   4.92012E+01  9.42520E-07   3.53434E+01  1.60970E-06   4.80906E+01  1.09216E-06   3.56986E+02  2.05360E-06   5.10818E+01  6.75731E-07   3.47742E+02  2.11084E-06   6.05329E+01  9.26578E-07   7.72083E-01  2.11965E-06   4.41045E+01  1.08931E-06   3.00951E+02  1.06757E-06   2.80834E+01  4.75625E-07   3.17394E+02  2.19684E-06   4.92699E+01  3.21352E-07   8.24530E+01  2.58246E-06   4.22520E+01  8.33695E-07   6.43921E+01  2.01397E-06   3.17765E+01  7.03118E-07   7.66427E+01  1.73478E-06   2.82141E+01  1.09725E-06   1.08057E+02  1.98184E-06   2.94774E+01  1.27126E-06   1.07834E+02  2.10755E-06   5.67218E+01  1.35798E-06   9.47159E+01  1.43536E-06   5.89688E+01  1.01623E-06   8.57884E+01  8.42403E-07   1.12437E+02  4.06108E-07   1.28180E+02  1.23053E-06   1.94808E+02  3.77605E-07   1.23926E+02  1.02636E-06   2.30143E+02  7.60296E-07   2.41780E+02  5.55620E-07   2.88029E+02  1.43807E-06   2.39054E+02  8.55821E-07   3.49672E+02  8.90960E-07   2.44758E+02  9.16389E-07   5.25261E+01  7.91999E-07   1.16191E+01  1.59184E-06   1.49855E+02  9.88770E-07   9.15612E+01  4.62137E-07   1.74541E+02  4.16154E-07   2.22539E+02  1.33363E-06   3.22357E+02  6.76957E-07   2.89920E+02  4.69087E-07   3.53202E+02  1.06227E-06   2.18487E+01  1.03035E-06   9.65957E+01  1.17776E-06   1.51458E+02  1.26890E-06   1.78439E+02  2.49943E-06   2.19989E+02  1.92307E-06   2.47109E+02  2.73457E-06   3.57733E+02  2.12427E-06   1.81095E+01  2.84145E-06   1.29426E+02 
 2.85338E-06   9.99147E+01  4.34958E-06   1.29966E+02  5.60561E-07   1.24950E+01  2.15853E-06   2.99947E+02  2.84210E-06   2.53786E+02  2.52434E-06   3.04814E+02  1.44564E-06   3.78573E+00  1.12318E-06   1.10964E+02  1.54987E-06   3.39599E+01  1.03871E-06   1.52550E+02  9.07537E-07   2.06578E+02  5.13355E-07   9.67360E+01  2.53355E-06   1.66161E+02  1.30673E-06   4.50973E+01  1.22168E-06   6.88655E+01  1.51926E-06   2.77649E+00  1.64592E-06   5.73058E+00  8.87591E-07   2.51794E+02  8.55230E-07   1.09449E+01  8.82925E-07   2.55068E+02  3.13686E-07   2.73413E+02  3.74187E-07   1.27163E+02  1.16368E-06   1.93363E+02  8.62234E-07   6.63882E+01  4.26065E-07   2.07363E+02  6.57388E-07   1.40588E+02  1.16571E-06   2.23023E+02  8.43735E-07   1.82113E+02  1.67431E-06   2.21492E+02  9.18824E-07   1.79261E+02  1.01319E-06   1.93315E+02  1.30323E-06   1.78795E+02  7.15147E-07   2.56783E+02  1.33258E-06   1.95705E+02  2.57126E-07   1.69818E+02  1.67006E-06   1.85359E+02  7.40394E-07   6.04211E+00  1.53069E-06   1.52487E+02  7.37720E-07   1.00014E+00  9.73140E-07   1.65451E+02  1.14912E-06   7.28164E+00  1.03254E-06   1.65424E+02  1.17639E-06   1.71788E+00  1.06764E-06   1.34321E+02  9.03726E-07   1.02250E+01  1.18339E-06   1.31245E+02  9.74418E-07   3.15163E+02  1.40506E-06   1.74820E+02  1.88949E-06   2.67771E+02  1.01825E-06   1.77128E+02  1.80649E-06   2.44548E+02  1.38165E-06   1.79505E+02  2.72742E-06   2.32361E+02  6.10991E-07   2.51242E+02  2.14495E-06   2.38019E+02  1.51958E-06   3.10239E+02  5.07728E-07   2.72191E+02  1.72884E-06   3.50551E+02  1.80842E-06   1.79292E+01  7.54055E-07   3.58858E+02  2.16012E-06   4.01885E+01  4.08124E-07   1.66309E+02  1.52341E-06   3.75606E+01  7.18236E-07   1.69765E+02  8.99071E-07   1.79372E+02  9.46604E-07   2.98743E+02  1.70453E-06   2.08865E+02  1.10154E-06   2.27631E+02  1.72684E-06   2.20441E+02  1.72435E-06   1.52185E+02  3.62733E-07   1.11207E+02  1.24047E-06   2.19901E+01  1.19397E-06   1.75849E+01  1.52763E-06   2.44664E+02  1.15813E-06   1.83983E+02  1.28712E-06   1.88040E+02  7.57474E-07   9.77259E+01  3.54160E-06   2.95120E+01  2.13999E-06   1.84886E+00  3.27911E-06   2.13539E+02  1.88558E-06   2.09856E+02 
 2.69031E-06   3.01917E+02  1.46090E-06   2.88810E+02  2.88909E-06   1.75594E+02  1.36891E-06   8.98333E+01  2.63092E-06   5.15275E+01  1.93783E-06   1.55859E+02  1.22756E-06   2.60144E+02  9.33904E-07   3.43205E+02  9.08763E-07   2.42849E+02  2.07386E-06   3.26845E+02  1.12255E-06   6.61740E+01  1.73455E-06   2.30741E+02  2.14759E-07   1.23649E+02  1.85072E-06   1.70510E+02  1.34201E-06   2.81332E+02  1.81954E-06   7.76191E+01  1.31546E-06   2.84639E+02  2.00621E-06   4.61838E+01  5.74684E-07   2.49683E+02  1.77987E-07   2.88751E+02  6.16685E-07   1.04096E+02  1.45788E-06   2.53560E+02  2.10067E-06   9.50628E+01  1.30794E-06   2.25382E+02  2.18328E-06   9.87003E+01  1.72124E-07   2.82533E+02  1.04908E-06   7.59429E+01  1.22849E-06   3.99973E+01  1.22045E-06   1.40260E+01  1.66150E-06   3.29695E+01  1.38416E-06   3.29984E+02  1.69642E-06   2.59240E+01  1.20625E-06   3.31353E+02  1.51898E-06   2.74496E+01  1.01523E-06   2.85927E+02  1.31927E-06   4.12483E+01  8.13419E-07   2.42175E+02  1.32608E-06   1.79099E+01  1.24611E-06   3.05631E+02  2.27395E-06   1.06789E+01  1.30088E-06   2.90173E+02  2.52553E-06   1.78900E+01  5.54719E-07   2.99953E+02  2.35258E-06   3.59753E+02  7.25119E-07   3.13870E+02  2.38869E-06   1.34645E+01  7.31154E-07   2.07667E+01  2.05041E-06   1.09931E+01  1.60004E-06   7.76066E+01  1.27156E-06   4.43328E+01  1.38209E-06   9.87477E+01  4.37211E-07   1.02474E+02  1.40160E-06   8.01312E+01  1.01272E-06   1.34556E+02  4.45559E-07   8.15978E+01  8.96858E-07   1.37702E+02  9.07954E-07   1.68742E+02  7.98336E-07   1.49675E+02  1.30389E-06   1.67217E+02  7.19122E-07   2.87913E+02  1.14230E-06   2.59290E+02  8.28182E-07   3.27211E+02  1.16950E-06   2.95638E+02  1.41934E-07   3.15515E+02  1.49716E-06   2.00686E+01  1.31065E-06   1.51906E+02  6.39752E-07   8.15756E+01  8.44176E-07   1.87468E+02  9.76528E-07   1.33430E+02  1.93460E-06   3.46339E+02  7.74422E-07   3.13797E+02  5.10940E-07   3.17135E+02  3.51113E-07   3.59601E+02  1.19137E-06   1.25482E+02  6.67564E-07   1.34580E+02  6.41841E-07   1.87090E+02  1.41728E-06   2.15214E+02  1.55558E-06   2.43628E+02  1.62056E-06   3.27126E+02  1.48810E-06   1.93149E+01  3.08430E-06   1.12227E+02 
 2.92317E-06   1.01949E+02  3.46045E-06   1.26503E+02  8.58925E-07   3.54222E+02  2.01929E-06   2.81741E+02  2.76179E-06   2.59271E+02  2.03503E-06   3.21021E+02  3.86195E-07   2.52688E+01  6.94058E-07   9.65539E+01  1.73494E-06   4.72538E+01  1.05811E-06   1.61404E+02  4.97600E-07   1.98740E+02  7.31545E-07   1.23175E+02  2.10475E-06   1.88049E+02  1.35080E-06   5.66416E+01  7.35243E-07   1.36330E+02  1.31139E-06   6.32152E+00  1.98132E-06   2.29482E+01  1.30060E-06   2.93237E+02  2.00046E-06   2.12710E+01  1.21421E-06   2.74671E+02  5.55047E-07   9.54940E+01  2.23834E-07   2.51990E+02  1.44757E-06   2.06583E+02  1.03902E-07   6.06638E+01  1.20048E-06   2.20583E+02  1.29299E-06   1.07831E+02  1.34332E-06   2.37190E+02  1.21005E-06   1.16246E+02  1.03219E-06   2.42388E+02  1.36483E-06   1.79628E+02  1.00984E-06   2.52951E+02  1.40214E-06   1.65459E+02  9.73403E-07   2.49874E+02  1.26202E-06   1.78839E+02  1.19272E-06   3.33846E+02  1.08542E-06   2.14889E+02  6.93050E-07   3.08546E+02  4.28618E-07   2.52003E+02  9.48682E-07   1.10448E+01  5.27880E-07   2.05683E+02  2.08636E-06   2.21693E+01  9.40888E-07   1.51788E+02  1.45167E-06   2.75589E+01  1.55468E-06   1.37376E+02  9.77361E-07   3.59585E+02  1.35451E-06   1.36204E+02  8.13000E-07   3.25850E+02  1.41267E-06   1.23138E+02  1.26013E-06   2.61331E+02  1.33380E-06   1.47629E+02  2.76047E-06   2.30724E+02  8.34917E-07   2.15496E+02  3.31317E-06   2.23342E+02  1.15378E-06   2.39784E+02  2.77675E-06   2.28950E+02  1.05013E-06   2.87316E+02  1.14521E-06   2.64842E+02  1.29955E-06   3.35248E+02  1.61874E-06   3.57048E+02  1.05879E-06   3.58403E+02  2.46096E-06   4.20849E+01  6.08214E-07   9.03767E+01  1.60583E-06   4.92008E+01  6.12206E-07   8.37972E+01  9.27050E-07   1.80728E+02  4.79752E-07   2.67105E+02  1.94462E-06   2.22500E+02  1.32260E-06   2.13792E+02  1.42994E-06   2.29211E+02  1.70286E-06   1.68544E+02  7.98626E-07   1.39626E+02  1.32025E-06   2.12001E+01  8.99666E-07   2.31234E+01  1.62986E-06   2.39761E+02  1.48712E-06   1.90576E+02  1.49222E-06   1.79763E+02  6.81141E-07   7.92058E+01  4.20186E-06   2.05775E+01  2.56044E-06   1.19125E+01  3.49430E-06   1.89880E+02  2.06280E-06   2.03425E+02 
 4.16025E-06   3.02578E+02  8.07015E-07   3.06506E+02  3.66196E-06   1.60040E+02  1.83066E-06   9.01476E+01  2.67552E-06   5.54073E+01  2.38385E-06   1.72699E+02  1.98219E-06   2.79202E+02  8.89227E-07   3.36112E+02  9.55485E-07   2.77762E+02  2.17663E-06   3.27380E+02  1.11499E-06   7.66486E+01  1.47730E-06   2.35162E+02  2.95757E-07   1.22166E+02  1.55245E-06   1.71008E+02  1.22505E-06   2.53909E+02  1.46598E-06   1.01711E+02  7.64121E-07   2.65546E+02  2.17164E-06   4.78928E+01  7.51663E-07   2.78267E+02  4.02390E-07   8.97904E+00  5.00573E-07   1.18588E+02  7.99940E-07   2.65355E+02  1.47651E-06   9.59966E+01  1.16433E-06   2.54959E+02  1.46410E-06   8.98814E+01  2.75878E-07   2.78017E+02  1.75058E-06   7.10085E+01  9.64782E-07   5.77374E+01  9.59352E-07   5.12887E+01  1.49944E-06   4.61477E+01  1.15020E-06   3.52978E+02  1.17109E-06   2.36944E+01  1.42312E-06   3.08386E+02  1.43374E-06   7.08120E+00  1.53745E-06   2.95020E+02  1.60159E-06   1.56087E+01  1.26719E-06   3.20372E+02  9.55237E-07   5.80725E+00  1.41375E-06   2.72584E+02  1.40044E-06   3.56389E+02  1.53576E-06   2.63346E+02  2.09109E-06   3.40549E+02  5.70120E-07   2.74125E+02  1.87875E-06   3.49639E+02  5.89055E-07   2.87224E+02  1.45090E-06   3.29797E+02  3.35883E-07   1.27832E+02  5.68680E-07   2.78172E+02  4.17703E-07   8.71682E+01  8.78056E-08   3.11140E+02  8.91996E-07   6.91260E+01  1.14840E-06   1.07692E+02  1.19354E-06   6.83384E+01  1.26596E-06   9.70490E+01  9.91126E-07   5.42015E+01  1.20392E-06   9.18142E+01  1.08857E-06   1.10393E+02  5.43680E-07   5.83196E+01  1.11927E-06   1.71154E+02  3.30812E-07   2.73704E+02  9.36503E-07   2.39241E+02  5.60621E-07   3.08904E+02  7.53131E-07   3.11082E+02  4.83916E-07   2.02082E+02  1.51617E-06   6.02283E+00  1.34374E-06   1.76825E+02  7.61639E-07   9.33177E+01  3.81132E-07   1.52098E+02  1.00612E-06   1.60806E+02  1.99099E-06   3.55343E+02  8.09935E-07   3.31368E+02  7.05570E-07   3.29087E+02  8.22023E-07   2.87406E+02  1.63334E-06   1.55318E+02  1.15238E-06   1.19540E+02  2.75970E-07   1.67132E+02  3.30984E-07   5.31919E+00  1.37925E-06   2.65107E+02  1.49243E-06   2.62830E+02  5.82529E-07   2.11492E+01  2.95442E-06   8.67723E+01 
 2.81151E-06   1.14861E+02  1.84722E-06   1.16756E+02  9.94644E-07   3.47274E+02  2.18028E-06   2.56280E+02  2.33806E-06   2.78398E+02  1.32148E-06   3.57446E+02  6.60856E-07   1.54836E+02  2.41514E-07   1.10395E+02  1.75527E-06   7.10443E+01  1.21691E-06   1.99491E+02  1.51056E-07   2.70304E+02  1.13481E-06   1.24658E+02  2.06331E-06   2.20913E+02  1.90449E-06   5.11757E+01  2.65044E-07   2.26952E+02  1.66339E-06   2.72188E+00  1.65880E-06   3.77725E+01  1.66693E-06   3.04297E+02  2.36837E-06   4.44142E+01  1.20486E-06   2.88486E+02  1.45689E-06   7.44090E+01  1.11058E-06   2.62177E+02  6.31190E-07   2.09047E+02  9.18591E-07   1.51766E+02  1.76916E-06   2.30006E+02  1.58275E-06   1.34787E+02  2.09549E-06   2.29491E+02  1.66173E-06   1.49149E+02  1.97431E-06   2.46193E+02  1.88897E-06   1.24932E+02  1.10714E-06   2.60982E+02  1.38550E-06   1.20682E+02  6.33120E-07   3.34525E+02  1.52146E-06   1.07131E+02  1.17909E-06   5.29720E+01  1.71935E-06   9.89017E+01  1.74486E-06   4.01141E+01  1.79330E-06   7.41128E+01  2.18272E-06   4.02893E+01  1.68872E-06   9.25563E+01  2.40767E-06   4.17375E+01  1.60919E-06   8.39729E+01  1.55335E-06   5.19270E+00  1.33469E-06   8.82463E+01  1.16260E-06   3.23832E+01  2.28294E-06   1.20366E+02  4.68646E-07   2.79727E+02  1.94228E-06   1.15010E+02  1.59151E-06   2.16289E+02  1.04770E-06   1.70163E+02  1.75410E-06   2.21084E+02  1.04574E-06   1.97648E+02  2.72411E-06   2.24718E+02  1.38175E-06   2.54176E+02  2.27517E-06   2.34903E+02  9.33306E-07   2.88139E+02  1.47720E-06   2.92398E+02  1.28466E-06   2.87985E+02  1.82543E-06   3.50130E+02  1.24535E-06   3.24552E+02  2.42796E-06   3.16371E+01  1.06763E-06   3.83409E+01  1.91838E-06   7.97631E+01  8.48748E-07   1.08254E+02  1.74043E-06   1.71013E+02  5.89717E-07   2.14582E+02  1.57037E-06   2.33971E+02  1.84216E-06   2.11832E+02  1.75786E-06   2.87266E+02  4.26900E-07   2.00539E+02  8.57133E-07   1.39483E+02  1.08016E-06   1.73449E+01  1.22250E-06   9.90091E+01  1.59155E-06   1.88696E+02  1.29377E-06   2.28187E+02  1.14968E-06   1.96863E+02  4.93646E-07   8.46220E+01  4.18278E-06   1.55508E+01  2.89271E-06   1.76359E+01  3.47688E-06   1.69769E+02  2.37813E-06   2.05267E+02 
 5.17465E-06   3.03428E+02  1.32668E-07   2.31525E+02  4.28138E-06   1.41217E+02  2.56664E-06   8.57586E+01  1.77050E-06   6.67788E+01  1.63684E-06   1.90733E+02  2.33035E-06   2.96311E+02  9.69501E-07   2.73233E+02  9.90332E-07   2.82721E+02  2.05769E-06   3.52559E+02  4.27175E-07   1.33516E+02  1.23402E-06   2.73144E+02  1.05434E-06   1.74661E+02  2.01905E-06   1.86107E+02  1.72489E-07   1.88697E+02  1.25700E-06   1.22115E+02  7.13424E-07   3.16054E+02  1.23926E-06   7.72012E+01  8.11080E-07   2.60847E+02  6.72928E-07   3.24050E+02  3.04487E-07   1.76247E+02  8.79018E-08   5.05849E+01  1.13784E-06   6.39455E+01  2.65517E-07   3.36446E+02  1.60444E-06   6.10165E+01  4.93346E-07   1.54592E+01  1.97539E-06   4.77650E+01  1.37240E-06   6.36641E+01  1.10775E-06   5.23005E+01  8.82893E-07   3.54351E+02  5.04847E-07   5.97567E+01  1.11775E-06   3.44432E+02  1.89257E-07   2.66636E+02  1.73690E-06   3.07449E+02  1.27881E-06   2.62304E+02  1.46595E-06   3.07752E+02  1.35636E-06   2.61605E+02  1.42329E-06   3.02337E+02  1.34921E-06   2.41305E+02  2.39956E-06   2.95765E+02  9.31612E-07   2.52870E+02  1.76820E-06   3.01795E+02  7.73222E-07   2.10958E+02  1.93240E-06   2.83702E+02  6.73085E-07   2.19904E+02  1.82752E-06   2.79511E+02  5.10825E-07   2.19565E+02  1.40658E-06   2.32171E+02  5.42876E-07   3.34591E+02  1.34994E-06   1.90064E+02  6.19836E-07   3.29119E+02  9.30639E-07   1.40818E+02  1.45822E-06   3.10716E+01  1.33563E-06   9.56282E+01  9.36522E-07   3.77945E+01  1.26103E-06   5.05037E+01  9.49711E-07   1.12730E+02  2.07764E-06   4.49902E+01  1.07812E-06   1.35915E+02  1.62350E-06   4.10458E+01  9.05923E-07   2.01358E+02  1.26205E-06   2.08410E+02  1.42162E-06   2.50245E+02  1.59062E-06   2.31082E+02  1.12581E-06   3.52380E+02  1.60609E-06   1.92189E+02  6.78088E-07   1.26284E+02  4.04937E-07   1.88570E+01  9.96062E-07   1.30078E+02  1.84890E-06   8.17101E+00  1.31438E-06   3.15121E+02  7.29206E-07   3.53469E+02  1.09893E-06   2.24739E+02  1.65190E-06   1.76563E+02  9.07365E-07   1.30825E+02  5.98925E-07   1.21831E+02  1.97592E-06   1.07239E+01  1.39961E-06   2.86504E+02  2.43401E-06   2.10541E+02  7.28375E-07   2.26421E+02  3.10168E-06   4.77900E+01 
 2.29174E-06   1.18254E+02  8.72106E-07   1.03577E+01  1.30828E-06   3.10916E+02  3.02712E-06   2.32448E+02  1.89959E-06   3.06548E+02  1.78222E-06   4.84843E+01  1.27548E-06   1.60265E+02  3.15716E-07   3.58955E+02  1.26501E-06   1.13142E+02  1.58358E-06   2.14743E+02  9.65502E-07   2.63434E+01  1.06291E-06   8.96356E+01  1.61017E-06   2.60379E+02  1.57249E-06   5.77955E+01  1.25950E-06   2.45932E+02  1.06168E-06   3.02748E+01  1.17342E-06   5.50915E+01  1.45492E-06   3.24172E+02  2.67283E-06   5.64462E+01  1.44238E-06   3.04182E+02  1.59601E-06   6.23537E+01  1.42651E-06   2.59774E+02  1.69871E-06   1.89990E+02  1.39182E-06   1.96182E+02  1.87537E-06   2.17358E+02  1.42980E-06   1.39478E+02  2.53060E-06   2.40085E+02  1.54381E-06   1.14006E+02  1.53403E-06   2.51706E+02  2.18160E-06   1.07177E+02  8.13643E-07   2.34284E+02  1.92285E-06   1.08370E+02  1.78676E-07   2.25591E+02  2.34033E-06   1.14377E+02  5.90119E-07   6.24923E+01  1.64350E-06   1.00492E+02  1.14426E-06   4.64340E+01  2.34952E-06   1.03953E+02  1.98683E-06   5.07214E+01  2.70827E-06   9.76548E+01  1.19567E-06   5.16512E+01  2.54695E-06   8.63271E+01  1.60688E-06   4.11992E+01  2.69425E-06   7.63103E+01  1.43536E-06   5.93861E+01  2.46811E-06   7.66717E+01  7.12458E-07   1.23255E+02  1.86528E-06   7.14759E+01  1.29327E-06   1.95769E+02  6.27302E-07   5.94389E+01  1.29446E-06   1.92111E+02  7.36934E-07   1.71625E+02  2.16159E-06   2.19020E+02  8.20894E-07   2.33372E+02  1.26603E-06   2.47098E+02  1.13847E-06   2.49814E+02  2.09565E-06   3.04502E+02  1.55258E-06   2.75806E+02  2.27263E-06   3.27217E+02  1.50844E-06   3.09492E+02  1.04378E-06   3.84002E+01  1.21557E-06   3.57062E+02  1.66266E-06   8.91484E+01  1.29190E-06   7.43659E+01  1.66449E-06   1.62388E+02  1.65682E-06   1.76310E+02  1.19451E-06   2.64558E+02  1.36529E-06   2.12920E+02  1.55118E-06   2.95602E+02  8.02897E-07   2.69402E+02  1.08572E-06   1.60445E+02  4.04295E-07   6.69981E+01  1.32519E-06   1.07800E+02  1.76314E-06   1.52199E+02  8.29625E-07   2.37755E+02  6.74412E-07   2.51020E+02  4.74445E-07   2.99251E+02  3.01711E-06   1.76048E+01  3.07783E-06   2.97165E+01  2.64157E-06   1.45244E+02  1.91694E-06   1.97370E+02 
 4.68158E-06   3.03167E+02  9.69847E-07   1.26323E+02  4.71115E-06   1.25456E+02  2.69285E-06   9.10578E+01  3.54463E-07   1.66107E+02  1.56693E-06   2.27051E+02  2.15142E-06   3.09144E+02  1.38298E-06   2.81720E+02  1.00894E-06   3.35825E+02  9.95866E-07   8.68301E+00  8.44592E-07   2.14935E+02  3.22377E-07   3.46645E+02  1.08826E-06   1.76954E+02  1.41006E-06   2.04270E+02  4.35242E-07   1.08443E+02  1.55370E-06   2.14632E+02  3.63246E-07   6.45463E+01  5.05286E-07   1.55637E+02  3.06012E-07   3.03341E+02  8.79684E-07   4.77807E+01  7.64218E-07   2.89331E+02  1.68583E-06   3.70444E+01  6.65785E-07   1.63564E+01  1.92651E-06   4.41292E+01  6.46451E-07   2.56681E+01  9.76905E-07   6.66852E+01  1.48789E-06   4.74257E+01  9.44537E-08   3.40880E+02  1.59853E-06   3.75216E+01  7.48771E-07   2.62398E+02  5.57440E-07   6.14893E+00  1.10609E-06   2.62757E+02  5.40598E-07   9.79160E+01  1.20367E-06   2.62949E+02  5.49303E-07   1.13803E+02  2.72984E-06   2.73109E+02  2.08075E-07   1.65457E+02  2.77903E-06   2.80476E+02  4.19329E-07   1.74184E+02  2.54389E-06   2.75201E+02  3.78520E-07   1.57921E+02  2.34436E-06   2.59821E+02  1.93464E-07   1.86414E+02  2.55159E-06   2.43586E+02  3.46769E-07   2.34032E+02  3.01384E-06   2.33954E+02  1.11094E-06   2.65888E+02  3.29403E-06   2.31764E+02  6.44346E-07   3.09370E+02  1.89191E-06   2.11667E+02  9.32411E-07   3.03202E+02  9.24102E-07   1.99105E+02  8.16017E-07   3.08778E+02  1.33268E-06   4.37454E+01  9.86049E-07   3.35655E+02  2.41275E-06   3.70912E+01  5.44995E-07   5.66036E+01  2.67886E-06   3.42009E+01  1.00615E-06   1.31045E+02  1.82469E-06   7.78006E+01  4.90163E-07   1.46934E+02  1.12713E-06   1.60229E+02  1.74307E-07   1.90673E+02  2.45873E-06   2.08325E+02  6.30152E-07   2.15705E+02  1.61087E-06   2.53994E+02  2.61511E-07   2.37067E+02  3.44176E-07   3.21138E+02  8.83448E-07   7.72929E+01  1.43801E-06   4.22901E+01  1.02724E-06   3.48044E+02  1.04174E-06   2.93471E+01  1.58677E-06   2.03287E+02  1.57831E-06   2.09657E+02  2.00710E-07   1.62732E+02  5.63877E-07   3.61291E+01  3.38837E-06   1.46999E+01  1.17157E-06   3.37398E+02  4.64646E-06   1.94005E+02  2.51381E-06   2.15091E+02  3.65086E-06   1.35637E+01 
 6.82921E-07   9.23904E+01  3.78764E-06   3.09536E+02  1.62276E-06   2.88988E+02  2.64691E-06   1.98308E+02  1.29082E-06   3.51308E+02  2.21555E-06   7.12597E+01  1.82176E-06   1.72616E+02  1.00967E-06   3.23071E+02  8.33625E-07   1.25480E+02  6.74973E-07   2.41341E+02  1.28740E-06   2.46791E+01  7.98745E-07   1.03946E+02  1.34840E-06   2.79432E+02  8.91311E-07   5.47856E+01  1.16858E-06   2.61058E+02  1.27681E-06   4.08134E+01  5.63348E-07   3.78445E+01  1.46991E-06   3.30694E+02  1.90896E-06   8.40583E+01  1.93972E-06   2.67368E+02  1.38273E-06   1.14586E+02  1.62373E-06   2.30590E+02  1.26712E-06   1.91862E+02  1.29820E-06   1.93042E+02  1.48630E-06   2.33434E+02  1.45334E-06   1.65180E+02  1.71054E-06   2.32945E+02  1.88897E-06   1.19302E+02  1.34230E-06   1.89972E+02  2.53355E-06   1.06716E+02  8.40012E-07   1.05112E+02  2.48067E-06   9.48030E+01  5.36791E-07   7.41210E+00  2.03948E-06   8.71062E+01  8.18281E-07   7.00453E+01  2.53732E-06   8.78677E+01  1.26079E-06   1.20230E+02  2.46018E-06   9.83405E+01  1.20049E-06   1.04942E+02  2.12760E-06   9.73666E+01  1.89615E-06   9.17163E+01  1.93562E-06   8.17198E+01  1.42334E-06   1.08545E+02  2.87174E-06   7.42707E+01  1.30819E-06   1.08796E+02  2.56125E-06   6.65374E+01  1.79871E-06   1.19010E+02  2.17377E-06   6.11956E+01  1.32877E-06   1.28309E+02  1.28730E-06   3.22111E+01  7.67627E-07   1.54929E+02  7.35604E-07   5.25412E+01  3.77843E-07   3.41554E+02  9.51261E-07   1.80342E+02  1.35375E-06   2.92755E+02  1.02618E-06   2.46598E+02  1.24884E-06   3.04967E+02  1.35410E-06   2.65439E+02  6.77656E-07   2.66548E+02  1.78699E-06   3.08392E+02  4.49579E-07   2.54045E+02  1.43444E-06   3.46493E+02  1.25325E-06   1.46325E+02  1.13042E-06   6.82474E+01  6.53700E-07   1.31097E+02  1.45389E-06   1.56403E+02  7.89411E-07   3.39249E+02  8.08167E-07   2.09064E+02  1.44209E-06   3.10280E+02  1.38587E-06   2.84914E+02  1.53533E-06   1.83557E+02  9.27008E-07   1.73643E+02  1.92397E-06   1.50373E+02  1.73439E-06   1.31830E+02  8.73608E-07   3.52832E+02  7.68641E-07   3.22935E+02  1.61853E-06   2.76712E+02  6.07641E-07   2.88943E+02  2.15766E-06   4.57736E+01  2.52103E-06   8.54023E+01  4.44820E-07   1.17518E+02 
 1.42244E-06   2.96265E+02  1.64866E-06   1.07442E+02  2.99553E-06   1.01063E+02  2.01838E-06   9.95997E+01  2.25373E-06   2.00474E+02  1.53563E-06   2.73023E+02  1.65987E-06   3.43315E+02  1.62325E-06   2.54243E+02  1.46508E-06   3.34485E+02  1.17140E-06   6.02518E+01  1.58128E-06   2.30934E+02  1.13264E-06   6.34764E+01  1.23525E-06   1.86240E+02  1.76552E-06   2.13590E+02  5.71990E-07   1.18829E+02  2.71820E-06   2.40018E+02  1.29319E-06   7.51633E+01  6.60065E-07   2.60242E+02  1.31540E-06   1.61943E+01  2.00407E-06   4.71558E+01  9.20491E-07   3.38147E+02  3.36233E-06   5.76533E+01  1.03280E-06   3.36026E+02  2.44859E-06   6.37592E+01  5.54638E-07   2.78053E+02  9.26787E-07   7.35996E+01  3.19279E-07   3.17140E+02  6.42317E-07   2.33437E+02  1.05309E-06   2.90946E+02  2.03456E-06   2.45069E+02  8.99353E-07   2.45643E+02  2.13169E-06   2.37138E+02  9.93514E-07   2.38263E+02  2.34958E-06   2.46071E+02  4.67908E-07   2.96617E+02  2.94147E-06   2.59377E+02  9.93152E-07   2.69667E+02  2.53898E-06   2.42075E+02  4.91382E-07   2.06301E+02  1.80611E-06   2.30527E+02  3.66644E-07   2.08192E+02  2.63838E-06   2.15127E+02  6.44797E-07   1.29610E+02  3.69407E-06   2.16179E+02  9.13790E-07   2.24140E+02  3.39037E-06   2.18913E+02  3.98660E-07   2.19684E+02  2.78392E-06   2.15895E+02  1.26643E-06   2.50788E+02  1.86319E-06   2.21637E+02  1.27384E-06   2.72569E+02  1.90174E-06   2.90519E+02  1.55173E-06   2.79884E+02  1.31943E-06   3.33224E+02  1.56235E-06   2.99187E+02  1.94747E-06   1.47386E+01  1.32774E-06   3.38452E+02  2.69039E-06   4.72053E+01  8.18172E-07   4.11002E+01  1.92855E-06   8.88107E+01  9.72505E-07   1.04701E+02  2.45533E-06   1.54060E+02  7.45192E-07   1.15473E+02  1.79355E-06   2.17175E+02  1.30583E-06   2.01762E+02  1.99431E-06   2.73991E+02  9.37536E-07   2.85917E+02  6.23719E-07   3.04189E+02  1.06507E-06   1.18870E+01  1.44653E-06   1.24164E+02  8.13369E-07   5.46960E+01  1.20012E-06   3.63170E+01  1.46750E-06   1.84378E+02  8.02105E-07   2.75719E+02  4.29533E-07   5.30654E-01  2.50138E-07   3.17522E+02  2.90288E-06   6.35246E+00  1.45189E-06   2.81561E+01  4.31078E-06   1.82162E+02  2.87062E-06   2.15521E+02  3.72040E-06   3.44867E+02 
 1.39946E-06   3.45398E+02  5.53322E-06   3.05423E+02  1.91609E-06   2.77369E+02  2.31018E-06   1.70888E+02  1.93889E-06   4.67124E+01  2.50597E-06   1.13457E+02  1.67320E-06   1.60471E+02  9.08513E-07   3.55345E+02  1.26194E-06   2.11139E+02  1.50544E-06   3.11988E+02  1.16244E-06   8.28825E+00  4.23501E-07   1.99024E+02  1.05690E-06   1.54007E+01  6.69562E-07   9.75742E+01  8.46255E-07   3.23032E+02  1.00505E-06   1.95577E+01  7.79695E-07   2.20435E+02  9.74964E-07   3.29161E+02  9.08370E-07   1.92735E+02  1.17745E-06   2.61926E+02  1.09266E-06   1.67796E+02  2.05391E-06   2.27421E+02  1.29073E-06   1.37611E+02  1.39369E-06   1.84120E+02  8.06309E-07   1.45091E+02  1.43039E-06   1.45617E+02  7.70776E-07   1.36941E+02  2.58423E-06   1.04084E+02  7.11593E-07   8.49290E+01  2.36523E-06   9.28292E+01  6.51679E-07   8.36992E+01  1.99062E-06   8.14620E+01  1.51756E-06   6.28878E+01  1.62872E-06   6.74160E+01  8.11591E-07   6.57393E+01  1.75220E-06   5.51477E+01  1.32929E-06   7.10322E+01  1.07756E-06   5.13433E+01  1.33630E-06   9.58781E+01  1.52382E-06   5.10860E+01  1.71382E-06   1.07637E+02  2.31229E-06   6.50139E+01  1.14693E-06   1.38449E+02  2.18747E-06   6.89724E+01  1.50585E-06   1.32132E+02  1.97621E-06   7.43671E+01  1.48798E-06   1.14718E+02  1.96736E-06   4.92353E+01  1.61075E-06   9.42002E+01  1.12992E-06   4.57159E+01  9.19173E-07   4.73754E+01  7.32169E-07   3.81287E+01  1.80469E-06   3.78599E+01  3.55125E-07   2.65716E+02  1.06381E-06   1.38439E+01  7.58951E-07   2.15968E+02  8.27968E-07   3.59845E-02  4.22268E-07   2.71247E+02  1.07347E-06   1.88457E+02  9.24328E-07   2.97767E+02  2.35710E-06   1.86625E+02  1.73000E-06   3.33670E+02  1.59984E-06   2.31343E+02  6.27901E-07   2.01080E+02  1.08151E-06   3.15816E+02  1.16747E-06   1.64286E+02  9.67785E-07   4.87842E+01  7.00291E-07   6.47066E+01  4.24651E-07   8.48763E+01  6.89017E-07   2.96322E+02  6.37404E-07   1.99379E+02  1.65014E-06   2.10497E+02  1.83732E-06   1.69468E+02  1.14377E-06   1.10319E+02  4.72674E-07   3.44816E+02  1.64092E-06   2.91333E+00  1.12631E-06   3.08212E+02  2.55905E-06   1.97196E+02  4.93649E-07   8.11945E+01  3.79101E-06   2.89904E+01  1.85940E-06   7.45165E+01 
 2.59484E-06   1.37798E+02  2.67183E-06   9.10614E+01  2.10996E-06   1.95208E+01  8.94482E-07   1.56509E+02  3.12338E-06   2.10717E+02  2.41505E-06   3.22871E+02  7.53422E-07   3.13850E+01  1.01997E-06   2.41129E+02  1.48971E-06   3.52800E+02  1.29998E-06   1.50695E+02  2.05937E-06   2.49875E+02  1.78107E-06   8.75055E+01  1.69908E-06   2.06674E+02  1.11331E-06   2.33602E+02  1.80028E-06   1.34195E+02  2.17986E-06   2.52991E+02  1.96314E-06   5.91775E+01  1.41252E-06   2.88247E+02  1.76464E-06   2.82355E+01  2.14270E-06   2.98211E+01  2.09516E-06   4.42990E-01  3.55785E-06   4.53608E+01  2.62185E-06   3.06869E+02  2.40677E-06   8.14252E+01  1.46106E-06   2.89979E+02  1.30009E-06   1.09716E+02  1.90534E-06   2.54814E+02  1.57502E-06   2.08204E+02  1.16024E-06   1.98320E+02  2.45334E-06   2.23488E+02  1.17525E-06   1.81268E+02  2.30866E-06   2.28917E+02  1.09282E-06   1.46242E+02  2.10538E-06   2.30982E+02  1.32487E-06   1.31161E+02  2.27687E-06   2.11430E+02  1.17575E-06   1.52169E+02  2.76125E-06   2.08214E+02  1.25839E-06   1.41925E+02  2.52671E-06   2.01695E+02  1.42964E-06   1.25015E+02  2.52170E-06   1.95504E+02  1.30170E-06   1.17677E+02  2.03412E-06   2.07236E+02  1.10742E-06   1.07370E+02  2.15434E-06   2.18539E+02  1.20004E-06   2.09209E+02  2.40383E-06   2.23722E+02  1.88416E-06   2.39722E+02  2.35366E-06   2.45132E+02  2.51624E-06   2.54569E+02  1.72107E-06   2.92116E+02  2.94830E-06   2.61669E+02  1.99129E-06   3.29176E+02  1.91416E-06   2.71837E+02  1.28811E-06   3.53009E+02  7.68745E-07   2.91245E+02  1.02515E-06   6.87474E+01  1.38194E-06   3.39015E+01  2.03994E-06   1.22518E+02  1.28973E-06   7.84535E+01  1.63578E-06   1.49787E+02  2.07803E-06   1.32936E+02  5.63871E-07   2.85423E+02  1.21140E-06   1.80007E+02  1.34366E-06   3.02930E+02  1.72334E-06   3.09745E+02  8.16276E-07   2.53393E+02  1.51169E-06   3.21091E+02  1.06267E-06   1.28817E+02  8.16300E-07   1.19745E+02  1.59858E-06   8.69931E+01  1.30690E-06   1.50657E+02  1.85416E-06   3.14333E+02  1.99828E-06   3.36911E+02  5.45209E-07   2.22536E+02  9.78947E-07   9.83775E+00  1.86643E-06   5.74862E+01  1.87998E-06   1.55334E+02  2.33276E-06   2.21237E+02  3.52795E-06   3.07931E+02 
 2.88803E-06   3.14701E+02  4.24265E-06   2.84741E+02  6.87681E-07   3.25664E+02  1.82350E-06   9.01240E+01  2.38357E-06   9.75532E+01  2.85979E-06   1.57926E+02  4.54043E-07   1.79865E+02  5.58433E-07   3.57911E+02  1.52310E-06   2.39339E+02  1.92094E-06   8.79084E+00  1.07363E-06   3.59313E+02  1.01725E-06   2.89816E+02  1.77131E-06   5.19084E+01  7.27473E-07   2.52980E+02  5.95925E-07   4.93476E+01  8.87901E-07   1.74600E+02  1.98729E-06   2.24965E+02  9.38809E-08   3.58155E+02  2.99003E-06   2.25158E+02  3.57368E-07   1.76249E+02  1.80510E-06   2.12264E+02  5.99882E-07   1.63530E+02  8.58537E-07   4.07392E+01  1.87371E-07   2.29422E+02  2.12961E-06   5.30277E+01  6.22492E-07   8.37040E+01  3.31617E-06   6.94326E+01  5.98458E-07   5.12908E+01  2.29352E-06   8.13868E+01  1.19690E-06   8.27776E+01  1.88433E-06   8.21955E+01  7.20589E-07   3.31148E+01  1.81304E-06   1.23120E+02  6.26075E-07   8.57002E+01  2.04289E-06   1.42909E+02  1.27636E-06   9.32996E+01  2.39234E-06   1.36972E+02  1.21860E-06   8.84438E+01  2.04698E-06   1.46290E+02  4.81486E-07   6.79122E+01  1.55662E-06   1.58606E+02  7.59956E-07   5.51637E+01  1.78801E-06   1.53533E+02  6.24214E-07   4.74585E+01  6.93597E-07   1.69343E+02  1.04455E-06   3.26174E+02  3.69675E-07   2.64662E+01  1.43609E-06   3.10905E+02  1.78187E-06   1.68902E+01  1.98471E-06   3.30891E+02  2.56606E-06   1.93015E+01  2.40375E-07   3.29238E+02  2.86628E-06   3.01025E+01  3.48390E-07   5.22182E+01  1.92047E-06   5.18654E+01  1.26897E-06   9.25522E+01  1.55042E-06   1.14826E+02  1.32766E-06   9.15782E+01  2.08588E-06   1.73065E+02  4.00980E-07   1.28341E+02  2.35166E-06   2.20280E+02  1.20586E-06   2.39124E+02  2.39059E-06   2.78558E+02  1.48215E-06   2.83887E+02  1.81881E-06   3.12853E+02  1.81207E-07   2.64426E+02  1.27791E-06   5.15292E+01  9.66774E-07   4.75312E+01  1.91672E-06   1.16805E+02  1.21447E-06   1.80974E+02  3.50344E-07   2.23070E+02  1.91928E-06   2.00671E+02  1.71554E-06   2.28095E+02  1.57462E-06   1.49360E+01  5.73899E-07   1.07661E+02  1.77412E-06   1.52212E+01  8.59993E-07   9.86892E+00  4.30270E-06   1.89457E+02  1.66666E-06   2.11604E+02  5.36760E-06   3.27911E+00  2.87196E-06   5.88182E+01 
 6.10075E-06   1.28742E+02  1.98824E-06   7.17291E+01  3.17826E-06   3.15588E+02  1.62711E-06   2.68128E+02  1.24076E-06   2.46216E+02  1.69540E-06   3.48601E+02  1.42273E-06   1.34186E+02  6.12587E-07   1.53944E+02  6.41606E-07   2.89474E+02  1.96950E-06   1.84532E+02  9.84896E-07   2.82553E+02  5.45040E-07   6.74935E+01  1.16150E-06   2.18080E+02  2.72546E-07   1.86844E+02  8.31686E-07   1.21959E+02  1.30934E-06   3.07532E+02  1.72236E-06   8.45903E+01  1.25995E-06   3.44443E+02  2.02241E-06   3.64582E+01  1.12963E-06   3.54537E+02  2.75209E-06   3.45570E+02  1.18918E-06   2.94715E+01  2.32337E-06   3.14324E+02  6.49596E-07   1.08819E+02  2.22659E-06   2.81179E+02  9.72891E-07   1.62213E+02  1.88679E-06   2.12991E+02  1.39402E-06   1.64285E+02  2.27393E-06   2.02324E+02  8.34381E-07   2.15300E+02  1.66686E-06   1.64462E+02  1.11175E-06   2.24425E+02  1.22692E-06   1.53369E+02  1.27078E-06   2.06282E+02  9.84122E-07   1.68445E+02  1.51324E-06   1.97638E+02  1.07278E-06   1.29749E+02  1.35358E-06   1.71941E+02  1.36721E-06   1.41798E+02  1.08093E-06   1.66766E+02  9.73444E-07   1.32300E+02  6.07600E-07   2.06735E+02  6.98192E-07   1.42345E+02  3.03147E-07   2.15518E+02  6.55195E-07   2.16884E+02  3.52600E-07   2.52719E-01  5.70002E-07   1.97337E+02  8.15991E-07   3.52796E+02  1.47469E-06   2.39259E+02  8.65747E-07   3.21366E+02  1.49901E-06   2.36263E+02  1.61446E-06   3.13509E+02  2.31253E-06   2.41438E+02  6.20233E-07   2.31355E+02  1.31284E-06   2.48255E+02  9.13748E-07   1.86238E+02  8.63508E-07   2.81562E+02  1.09936E-06   1.85265E+02  5.78591E-07   3.55493E+02  1.14669E-06   2.24445E+02  7.00899E-07   1.15232E+02  4.80021E-07   4.89777E+01  2.20052E-06   1.25515E+02  1.62641E-06   2.98794E+01  1.31548E-06   1.36869E+02  4.57391E-07   3.95251E+01  1.54621E-06   2.89567E+02  1.61227E-06   2.13097E+02  1.37389E-06   2.88136E+02  3.60355E-07   2.37695E+02  1.08468E-06   1.23713E+02  1.13708E-06   1.23612E+02  1.46283E-06   6.68697E+01  1.68169E-06   3.69847E+00  1.85553E-06   3.27611E+02  1.00035E-06   2.71802E+02  2.12618E-06   1.94834E+02  9.68572E-07   8.35340E+01  3.70299E-06   2.21765E+01  6.30989E-07   1.69385E+02  3.40290E-06   2.42635E+02 
 3.34075E-06   2.86821E+02  2.51490E-06   1.94059E+02  1.95093E-06   4.59548E+01  1.94210E-06   4.01938E+01  1.87786E-06   1.31512E+02  2.09010E-06   1.80678E+02  3.40479E-07   2.83235E+01  1.32868E-06   1.09929E+02  1.30481E-06   2.89604E+02  2.11608E-06   4.02179E+00  1.20825E-06   2.12561E+02  1.76276E-06   3.07219E+02  1.76471E-06   4.51887E+01  1.18699E-06   2.49806E+02  1.42372E-06   6.36618E+01  1.12967E-06   2.08860E+02  2.22303E-06   2.08710E+02  1.52068E-06   1.53362E+02  3.70678E-06   2.27190E+02  1.63131E-06   1.36038E+02  1.59274E-06   2.51057E+02  1.26945E-06   9.74552E+01  1.25006E-06   9.66474E+00  1.30183E-06   8.98416E+00  3.13212E-06   5.80778E+01  2.15462E-06   3.32657E+02  3.21969E-06   5.85568E+01  1.86494E-06   3.31977E+02  2.97810E-06   7.08296E+01  1.29704E-06   2.95320E+02  1.77733E-06   8.46523E+01  4.59647E-07   2.44721E+02  1.65664E-06   1.00262E+02  3.72394E-07   5.58555E+01  1.49117E-06   1.04547E+02  3.71201E-07   5.14662E+01  5.56402E-07   1.71264E+02  5.22165E-07   2.70520E+02  3.23549E-07   1.70973E+02  8.11040E-07   2.49229E+02  1.11259E-07   3.24452E+02  1.44957E-06   2.43583E+02  5.57613E-07   2.96072E+02  2.85160E-06   2.55886E+02  8.42007E-07   3.02348E+02  2.95668E-06   2.61782E+02  1.71036E-06   3.40560E+02  3.56708E-06   2.77776E+02  2.30941E-06   2.14027E+00  2.38063E-06   2.95192E+02  1.90197E-06   9.55151E+00  1.56702E-06   2.96775E+02  1.53545E-06   3.77116E+01  5.74967E-07   3.58030E+02  1.56377E-06   7.85076E+01  1.69706E-06   7.18613E+01  2.00548E-06   1.33166E+02  2.71556E-06   9.37258E+01  1.89237E-06   1.93418E+02  1.61218E-06   1.08493E+02  1.10917E-06   1.98509E+02  1.01933E-06   1.97898E+02  2.48465E-06   3.03485E+02  1.82115E-06   2.78785E+02  2.17321E-06   3.01431E+02  2.34859E-06   3.19488E+02  4.29288E-07   5.21296E+01  1.10295E-06   6.31104E+01  2.39184E-06   1.12106E+02  2.44612E-06   1.49534E+02  5.68165E-07   1.47808E+02  1.38638E-06   1.98282E+02  2.40746E-06   2.91822E+02  2.43343E-06   3.32038E+02  9.36769E-07   1.55519E+02  9.50638E-07   8.86431E+01  1.14966E-06   5.35763E+01  1.84959E-06   1.59596E+02  2.42005E-06   2.09128E+02  3.22613E-06   3.27676E+02  2.11668E-06   6.18263E+01 
 4.74909E-06   1.15214E+02  2.60689E-07   3.05671E+02  2.84466E-06   2.76642E+02  2.59320E-06   2.97916E+02  1.74683E-06   3.38534E+02  1.51529E-06   4.76712E+01  1.82581E-06   1.68021E+02  1.17583E-06   1.22304E+02  1.38503E-06   1.68785E+02  1.39614E-06   2.12227E+02  6.87681E-07   6.12849E+00  1.89091E-06   2.15713E+02  1.02163E-06   2.97837E+02  9.22242E-07   4.07668E+01  1.33184E-07   1.09148E+02  2.62851E-06   3.01379E+01  1.15294E-06   5.85095E+01  1.59602E-06   4.46723E+01  1.73477E-06   2.69523E+01  1.16536E-06   2.75485E+02  1.35700E-06   3.41736E+02  2.14489E-06   2.50472E+02  1.09691E-06   3.06928E+02  2.32614E-06   2.54025E+02  1.88808E-06   2.53971E+02  7.06955E-07   2.42144E+02  1.74701E-06   2.28488E+02  2.77078E-07   2.36637E+02  1.09219E-06   2.16435E+02  6.62169E-07   1.03171E+02  1.06449E-06   1.97349E+02  1.61629E-06   9.95617E+01  5.66018E-07   2.06182E+02  2.45668E-06   9.45023E+01  7.83321E-07   1.17514E+02  1.80705E-06   9.19046E+01  5.94018E-07   7.89958E+01  2.60013E-06   7.67613E+01  1.19259E-06   9.87858E+01  2.29878E-06   7.67037E+01  1.64340E-07   2.96398E+02  2.06970E-06   6.67110E+01  1.11864E-06   2.94033E+02  2.19332E-06   3.71506E+01  1.76794E-06   3.07385E+02  2.83401E-06   2.02745E+01  1.40360E-06   3.26774E+02  2.44494E-06   4.13831E+01  8.61796E-07   3.26327E+02  1.56292E-06   5.34127E+01  2.13509E-07   1.29024E+00  5.73114E-07   9.09568E+01  8.03447E-07   1.18040E+02  1.55013E-06   1.72139E+02  1.43429E-06   1.40767E+02  2.64009E-06   1.93429E+02  6.31379E-07   1.54399E+02  2.80612E-06   2.32877E+02  6.99203E-07   2.77354E+02  1.51272E-06   2.84357E+02  1.42151E-06   2.62161E+02  2.48865E-06   3.41064E+02  2.22994E-07   1.86916E+02  1.49082E-06   5.28460E+01  1.50495E-06   7.10228E+01  2.27967E-06   1.02638E+02  9.74915E-07   1.07318E+02  1.61338E-06   1.68230E+02  2.04784E-06   2.22580E+02  1.62214E-06   2.64307E+02  8.72608E-07   2.05776E+02  1.07465E-06   2.73991E+02  3.17619E-06   1.86852E+01  1.70863E-06   5.56713E+01  6.24484E-07   9.64657E+01  1.23059E-06   3.30162E+02  3.11224E-06   1.86096E+02  1.64994E-06   2.07801E+02  5.67700E-06   2.92657E+00  2.01157E-06   6.66739E+01  4.32958E-06   1.91089E+02 
 1.95726E-06   2.57306E+02  5.07671E-06   1.40300E+02  2.67100E-06   8.04002E+01  7.45868E-07   3.58041E+02  1.18498E-06   2.18485E+02  5.50238E-07   3.25416E+02  1.56705E-06   4.15665E+00  1.09373E-06   1.27691E+02  6.28174E-07   3.11610E+01  8.46751E-07   2.31486E+01  9.93303E-07   2.38854E+02  9.77413E-07   3.10738E+02  5.54509E-07   1.94698E+02  2.03511E-06   2.72843E+02  1.31026E-06   1.61288E+02  2.42276E-06   2.07978E+02  1.08535E-06   1.89588E+02  2.45146E-06   1.71776E+02  1.12137E-06   1.79955E+02  2.47473E-06   9.95213E+01  9.61872E-08   2.38631E+02  2.69551E-06   5.40101E+01  1.38359E-06   4.80609E-01  3.19216E-06   3.28969E+01  2.38714E-06   1.92198E+01  2.62119E-06   3.53103E+02  1.97987E-06   2.79085E+01  1.96259E-06   3.12671E+02  8.78919E-07   2.30624E+01  2.42838E-06   2.81693E+02  1.08208E-06   2.76312E+02  2.39328E-06   2.71479E+02  4.84242E-07   2.71132E+02  2.83595E-06   2.58476E+02  1.62571E-06   2.77768E+02  2.96361E-06   2.63615E+02  2.13948E-06   2.74901E+02  3.05036E-06   2.61328E+02  2.10197E-06   2.86921E+02  2.83598E-06   2.59280E+02  1.86792E-06   3.11537E+02  2.80313E-06   2.68441E+02  2.14102E-06   3.29158E+02  2.54805E-06   2.75474E+02  2.09148E-06   3.27471E+02  2.19047E-06   2.70583E+02  1.77031E-06   3.40596E+02  2.13557E-06   2.69859E+02  9.54472E-07   3.55988E+02  1.57584E-06   2.68339E+02  3.48702E-07   3.43895E+02  5.39968E-07   2.21049E+02  1.17032E-06   1.75592E+02  6.52921E-07   5.80356E+01  1.63805E-06   1.75984E+02  6.78735E-07   4.13914E+01  1.20224E-06   1.90243E+02  5.64728E-07   4.24959E+01  8.36821E-07   3.18252E+01  1.67880E-06   1.21270E+02  1.73624E-06   2.94469E+01  8.82768E-07   1.34893E+02  5.53835E-07   3.35904E+02  7.46333E-07   3.08229E+02  1.18110E-06   2.23107E+02  2.18906E-06   2.87264E+02  1.44736E-06   2.35713E+02  5.76257E-07   2.68643E+02  5.03815E-07   7.55438E+01  2.60114E-06   1.27104E+02  1.10378E-06   1.05325E+02  9.57379E-07   3.61720E+01  1.22651E-06   3.35804E+02  1.24084E-06   2.73643E+02  1.24938E-06   2.58152E+02  1.83134E-06   1.66848E+02  9.96916E-07   1.07880E+02  3.47538E-06   1.73652E+01  9.86656E-07   1.91976E+02  3.61670E-06   2.19429E+02  2.43455E-07   8.94760E+01 
 2.60425E-06   3.59528E+02  2.58840E-06   2.65570E+02  2.40816E-06   1.92601E+02  1.81296E-06   3.50969E+02  2.39329E-06   3.44699E+02  6.29657E-07   1.12769E+02  1.44716E-06   2.03309E+02  1.27413E-06   1.16269E+02  2.27601E-06   1.59486E+02  3.68706E-07   1.63301E+02  1.10228E-06   4.86031E+01  1.84141E-06   2.40866E+02  1.16479E-06   2.29756E+01  1.51764E-06   3.51642E+02  2.04319E-06   3.39963E+02  3.06605E-06   2.99240E+01  1.54166E-06   3.13251E+02  1.40719E-06   5.54541E+01  1.36764E-06   2.27725E+02  2.26171E-06   2.01835E+02  1.46847E-06   1.91209E+02  3.40746E-06   2.26355E+02  1.03645E-06   1.78940E+02  2.83707E-06   2.51274E+02  1.33770E-06   1.09491E+02  8.12205E-07   3.29094E+02  1.35552E-06   6.69826E+01  2.28552E-06   3.33343E+01  1.50885E-06   3.24699E+01  2.85521E-06   5.98320E+01  2.01109E-06   3.44655E+01  2.88663E-06   7.31619E+01  1.32274E-06   3.45137E+02  2.52832E-06   6.82643E+01  1.16345E-06   6.10134E+00  2.56560E-06   6.35574E+01  8.76963E-07   3.55947E+02  2.75731E-06   6.26923E+01  1.15610E-06   3.50685E+02  2.99362E-06   4.59765E+01  1.47231E-06   3.35663E+02  2.98479E-06   3.95488E+01  1.98282E-06   3.28918E+02  3.24391E-06   3.99221E+01  1.62635E-06   3.36745E+02  3.02157E-06   3.81882E+01  1.67164E-06   3.45943E+02  2.13055E-06   6.72240E+01  1.15169E-06   1.12651E+01  1.91708E-06   1.25323E+02  1.43718E-06   6.90601E+01  2.32860E-06   1.54641E+02  2.26966E-06   8.89932E+01  2.74420E-06   1.79160E+02  1.86130E-06   9.84759E+01  2.02400E-06   1.92977E+02  1.34279E-06   1.35745E+02  9.92994E-07   2.85533E+02  1.13122E-06   2.17117E+02  2.72915E-06   3.17628E+02  2.54954E-06   2.75017E+02  1.87375E-06   3.17868E+02  1.88605E-06   2.92365E+02  5.07970E-07   9.44073E+01  3.82569E-07   3.35674E+01  2.64857E-06   1.14591E+02  2.06613E-06   1.07989E+02  2.27899E-06   1.30237E+02  2.77423E-06   1.63072E+02  1.29554E-06   2.81949E+02  1.62515E-06   3.03091E+02  1.93120E-06   2.93965E+02  2.22924E-06   3.49848E+02  5.74084E-07   9.93005E+01  1.40918E-06   1.15845E+02  1.69118E-06   2.67339E+01  4.21997E-07   1.64060E+02  1.92228E-06   2.24239E+02  2.71911E-06   3.15916E+02  2.04769E-06   6.68328E+01  3.09825E-06   1.37744E+02 
 1.69189E-06   1.24899E+02  3.80770E-06   1.02912E+02  1.52994E-06   1.35353E+02  2.70878E-06   1.80772E+02  1.41575E-06   2.76550E+02  3.56549E-06   3.52756E+02  1.97051E-06   3.01827E+00  1.55961E-07   1.72426E+02  1.44140E-06   6.59299E+01  1.64919E-06   1.58996E+02  5.28361E-07   9.09966E+01  2.80592E-07   2.88126E+02  3.04983E-06   2.15304E+02  1.24546E-06   2.23148E+02  2.53680E-06   2.06647E+02  1.36766E-06   2.13106E+02  6.53804E-07   5.15145E+01  1.27054E-06   1.72546E+02  2.45940E-06   4.39609E+01  1.71336E-06   5.79901E+01  1.88879E-06   5.47611E+01  2.49354E-06   4.05672E+01  1.00947E-07   8.87663E+01  1.83312E-06   1.00525E+01  1.68213E-06   2.63174E+02  8.27482E-07   3.24388E+02  2.41867E-06   2.81503E+02  1.60623E-06   2.71262E+02  2.18704E-06   2.78132E+02  1.74316E-06   2.57830E+02  1.53674E-06   2.71644E+02  1.69931E-06   2.62620E+02  7.17462E-07   2.86244E+02  1.39539E-06   2.67074E+02  1.45478E-06   2.70683E+02  1.02911E-06   2.73819E+02  3.07544E-07   1.62122E+02  4.04319E-07   1.98763E+02  8.19681E-07   3.37113E+02  1.58086E-06   3.07434E+02  5.15739E-07   3.44401E+02  1.58850E-06   3.15476E+02  1.92496E-07   3.56445E+02  1.47910E-06   3.10476E+02  4.74289E-07   7.49449E+01  4.31172E-07   3.18285E+02  6.92122E-07   1.72207E+02  5.60403E-07   1.40803E+02  1.80526E-06   1.96213E+02  1.33109E-06   1.06680E+02  2.64270E-06   2.01929E+02  1.14991E-06   1.27761E+02  2.10051E-06   2.11692E+02  8.94454E-07   1.71589E+02  1.54729E-06   2.59736E+02  1.05433E-06   2.44854E+02  2.64068E-06   3.18528E+02  1.57918E-06   2.70479E+02  2.81243E-06   3.51019E+02  1.55857E-06   3.43163E+02  1.61305E-06   4.35849E+01  1.28074E-06   8.44389E+01  2.13931E-06   1.03640E+02  1.02510E-06   1.15111E+02  2.48434E-06   1.63225E+02  7.14818E-07   2.77436E+02  2.06706E-06   2.30782E+02  2.36033E-06   2.34828E+02  2.71714E-06   3.13110E+02  8.07613E-07   2.37634E+01  7.00947E-07   8.47954E+01  2.44179E-06   3.24467E+01  2.08268E-06   8.00842E+01  2.27944E-06   1.77290E+02  1.25665E-06   3.15495E+02  1.29188E-06   2.02257E+02  2.04214E-06   1.95730E+02  4.27244E-06   3.56956E+02  1.91369E-06   6.28769E+01  5.66961E-06   1.79180E+02  1.75857E-06   2.34185E+02 
 5.82622E-06   3.15697E+02  2.76780E-06   2.75743E+02  2.03643E-06   1.13147E+02  1.30953E-06   6.57068E+01  2.07334E-06   1.77077E+02  1.40079E-06   1.85404E+02  1.79542E-06   3.19705E+02  6.37342E-07   1.17138E+01  1.50457E-06   1.66008E+02  6.01646E-07   6.89513E+01  1.61053E-06   1.10906E+02  1.15162E-06   1.03601E+01  2.32102E-06   2.95518E+01  1.89958E-06   3.44134E+02  2.29152E-06   3.35293E+02  4.95043E-07   2.94410E+02  2.39596E-06   2.80201E+02  1.16969E-06   1.81297E+02  3.32389E-06   2.12698E+02  1.50721E-06   1.85739E+02  2.58498E-06   1.83711E+02  1.42896E-06   2.04339E+02  1.94185E-06   1.27373E+02  4.62395E-07   2.03560E+02  2.80478E-06   6.89449E+01  5.09716E-07   2.29460E+01  3.49961E-06   5.65891E+01  1.20572E-06   2.94728E+01  3.23413E-06   2.87672E+01  1.82860E-06   2.14031E+01  2.54504E-06   1.28307E+01  1.80978E-06   2.50564E+01  1.85921E-06   3.31557E+02  1.74964E-06   2.79077E+01  1.04347E-06   3.35307E+02  1.24193E-06   1.20527E+01  1.75002E-06   3.02376E+02  1.13041E-06   3.44659E+02  1.29500E-06   3.06939E+02  1.43299E-06   3.55693E+02  1.45427E-06   3.24612E+02  1.48778E-06   2.71459E+00  1.18410E-06   3.22994E+02  8.98135E-07   3.72986E+01  6.83696E-07   1.04498E+01  6.38673E-07   4.24724E+01  1.34777E-06   8.10209E+01  9.21936E-07   1.59400E+02  1.83975E-06   1.03373E+02  1.60976E-06   1.87842E+02  9.96609E-07   1.06286E+02  1.62584E-06   1.88221E+02  1.00853E-06   1.44593E+02  9.89003E-07   2.17701E+02  8.51936E-07   1.55704E+02  9.12682E-07   3.28648E+02  7.77565E-07   7.14257E+01  1.87207E-06   2.51782E+01  1.12922E-06   4.99792E+01  6.69588E-07   5.41681E+01  3.62600E-07   1.72156E+02  5.27438E-07   1.92346E+02  1.99305E-06   2.64883E+02  1.77505E-06   2.02037E+02  2.13811E-06   2.94218E+02  5.42045E-07   1.98357E+02  1.89361E-06   1.58299E+02  1.75277E-06   6.11339E+01  2.64549E-06   1.19967E+02  1.72348E-06   1.20462E+02  1.93560E-06   3.48718E+02  1.46036E-06   3.23232E+02  1.87951E-06   2.36089E+02  1.92703E-06   2.81998E+02  8.50166E-07   8.66834E+01  1.70789E-06   1.12286E+02  3.23020E-06   2.96816E+00  3.70248E-07   2.96285E+01  4.76748E-06   2.00739E+02  2.56450E-07   3.53982E+02  3.69755E-06   2.81908E+01 
 3.94029E-06   1.09182E+02  2.50018E-06   3.53781E+02  1.57682E-06   2.23133E+02  2.47264E-06   1.40473E+02  1.84871E-06   3.22620E+02  1.35896E-06   2.15212E+01  6.49504E-07   1.36096E+00  2.34391E-06   3.24264E+02  1.47892E-06   4.03762E+01  2.49520E-06   1.97017E+02  1.49278E-06   1.52110E+02  2.52744E-06   1.63414E+02  2.78523E-06   1.97322E+02  1.40031E-06   1.32785E+02  1.04863E-06   2.56664E+02  1.17816E-06   5.26067E+01  1.85473E-06   8.97160E+00  2.25616E-06   3.51102E+02  3.07115E-06   4.29488E+01  1.72359E-06   3.28227E+02  1.76306E-06   7.04629E+01  1.35339E-06   2.46223E+02  1.30174E-06   2.12395E+02  1.69604E-06   2.26302E+02  2.62776E-06   2.25171E+02  1.46463E-06   1.88983E+02  2.95159E-06   2.47583E+02  1.47790E-06   1.41651E+02  2.65272E-06   2.41882E+02  1.44613E-06   9.41825E+01  1.30327E-06   2.54883E+02  1.27869E-06   6.73230E+01  4.75291E-07   3.05991E+02  1.04054E-06   3.11158E+01  9.20880E-07   3.49650E+02  1.86485E-06   2.63868E+01  1.45275E-06   7.40294E+00  2.42315E-06   1.23966E+01  4.24611E-07   5.58447E+01  1.84097E-06   3.65154E+01  4.54003E-07   1.04472E+02  1.83372E-06   5.26432E+01  1.19822E-06   1.63956E+02  2.31021E-06   7.70570E+01  2.94591E-06   1.70358E+02  2.79882E-06   9.70434E+01  3.17605E-06   1.83252E+02  2.54805E-06   9.40368E+01  2.72418E-06   2.03061E+02  1.57185E-06   1.04784E+02  2.27308E-06   2.02567E+02  1.44533E-06   1.39585E+02  1.56911E-06   2.65162E+02  4.15056E-07   1.65878E+02  2.32279E-06   3.29646E+02  1.05219E-06   2.94012E+02  2.17712E-06   3.49743E+02  2.02453E-06   2.95439E+02  1.41831E-06   3.28675E+02  2.11670E-06   2.70343E+02  2.08472E-07   1.25209E+02  9.78178E-07   3.02819E+02  2.34493E-06   1.45686E+02  1.43595E-06   7.43176E+01  1.94757E-06   1.39013E+02  2.53162E-06   1.30636E+02  5.52230E-07   1.12493E+02  7.66865E-07   2.34812E+02  2.16718E-06   2.86786E+02  3.56625E-06   3.23296E+02  1.86179E-06   3.24482E+02  9.57560E-07   1.23193E+02  1.62539E-06   1.08136E+02  2.02136E-06   1.17657E+02  1.09516E-06   9.98141E+01  1.33285E-06   3.12259E+02  1.60473E-06   2.42320E+02  2.24576E-06   2.48587E+02  2.09332E-06   6.72608E+01  2.54920E-06   1.09945E+02  1.70277E-06   2.82178E+02 
 2.49576E-06   2.82319E+02  6.40458E-07   9.02271E+01  2.00567E-06   1.69454E+01  1.83728E-06   1.36708E+02  3.62304E-06   1.63340E+02  8.90135E-07   2.43310E+02  6.92780E-07   5.33053E+01  9.23886E-07   2.52670E+02  2.15224E-06   3.53034E+02  2.91552E-06   9.33086E+00  7.27671E-07   1.54836E+02  2.94559E-06   4.39157E+01  3.73376E-07   3.02526E-01  7.10484E-07   1.89445E+02  1.07193E-06   3.21894E+02  3.33722E-06   2.17315E+02  1.64936E-06   2.24418E+02  2.73525E-06   2.38904E+02  1.91950E-06   2.08458E+02  1.21445E-06   1.65459E+01  8.46172E-07   1.04572E+02  2.91514E-06   5.05982E+01  1.36595E-06   7.18165E+01  2.56899E-06   8.11713E+01  1.79710E-06   5.32559E+01  1.81432E-06   1.14816E+02  9.31938E-07   3.57094E+01  5.42807E-07   1.61005E+02  8.00677E-07   3.44715E+00  9.81906E-07   2.46426E+02  6.23093E-07   3.35188E+02  1.27468E-06   2.69657E+02  2.47488E-07   9.30443E+01  1.83676E-06   2.62914E+02  3.66071E-07   2.39729E+02  2.07431E-06   2.60481E+02  6.64278E-07   2.54614E+02  1.27674E-06   2.59083E+02  6.86759E-07   1.54454E+02  1.99835E-06   2.38970E+02  1.16591E-06   1.12047E+02  1.83425E-06   2.28110E+02  1.77821E-06   1.07696E+02  1.57800E-06   2.23212E+02  1.82185E-06   1.18004E+02  1.25065E-06   2.36687E+02  1.59411E-06   1.26304E+02  1.68860E-06   2.44597E+02  1.53469E-06   1.62957E+02  1.17348E-06   2.96743E+02  1.50567E-06   1.94208E+02  2.08046E-06   3.30350E+02  1.19191E-06   2.37054E+02  2.72840E-06   3.31468E+02  1.31422E-06   2.93984E+02  1.86207E-06   3.52795E+02  1.16245E-06   3.17018E+02  2.87837E-07   1.19059E+02  8.49594E-07   6.03776E+01  2.49404E-06   1.27328E+02  2.05991E-06   5.45333E+01  3.42232E-06   1.43831E+02  4.90237E-07   1.12177E+02  1.28011E-06   2.07888E+02  2.04584E-06   2.27875E+02  2.30001E-06   2.84162E+02  1.71196E-06   2.54911E+02  1.15121E-06   3.35891E+02  1.79297E-06   3.70070E+01  2.33294E-06   1.04441E+02  2.36407E-06   1.22321E+02  1.20011E-06   1.06614E+02  1.39002E-06   2.35734E+02  2.22099E-06   2.89505E+02  2.12146E-06   3.18565E+02  1.67468E-06   1.97551E+02  1.62032E-06   3.54470E+02  3.18783E-06   5.78097E+01  4.86788E-06   1.58872E+02  2.40530E-06   2.70062E+02  5.26673E-06   3.38144E+02 
 1.75225E-06   9.28843E+01  2.67769E-06   3.08513E+02  1.72728E-06   2.73868E+02  2.20407E-06   3.51063E+01  9.78813E-07   2.61258E+01  1.33057E-06   1.40479E+02  2.30114E-07   2.81233E+00  1.12360E-06   2.78928E+02  1.96124E-06   1.96294E+02  1.01480E-06   2.42782E+02  9.06452E-07   1.85107E+02  3.29841E-06   1.69946E+02  1.51840E-06   4.67617E+01  2.48646E-06   1.23504E+02  2.05508E-06   3.79526E+01  3.48839E-06   2.08364E+01  6.65718E-07   7.27336E+01  3.72809E-06   3.45473E+02  9.62056E-07   2.41268E+02  2.91931E-06   2.73749E+02  1.52760E-06   2.59174E+02  3.61718E-06   2.18665E+02  1.57145E-06   2.98477E+02  2.92654E-06   2.07364E+02  1.01924E-06   2.43594E+02  2.20148E-06   1.56342E+02  9.58695E-07   1.69127E+02  2.10315E-06   1.11120E+02  1.36097E-06   1.48532E+02  2.25252E-06   8.11549E+01  1.53655E-06   1.35121E+02  2.75535E-06   6.46235E+01  1.31404E-06   1.27892E+02  2.18877E-06   4.67656E+01  1.51256E-06   1.27421E+02  1.94592E-06   5.88579E+01  1.32405E-06   1.00987E+02  8.62424E-07   4.74865E+01  6.46659E-07   1.24908E+02  1.76734E-06   9.89398E+01  1.39430E-06   1.56068E+02  1.90859E-06   1.17773E+02  1.17308E-06   1.76780E+02  1.60871E-06   1.31885E+02  9.34918E-07   2.30060E+02  2.04498E-06   1.57187E+02  1.75100E-06   2.25299E+02  9.26386E-07   1.72025E+02  1.42461E-06   2.63322E+02  7.43734E-07   2.08330E+02  1.34921E-06   3.21276E+02  1.13436E-06   3.48786E+02  1.09085E-06   3.42438E+02  1.56263E-06   1.56061E+00  9.51273E-07   3.46503E+01  1.61525E-06   1.19260E+01  1.12131E-06   1.09372E+02  1.48417E-06   1.60792E+01  1.57490E-06   1.31797E+02  7.29989E-07   2.72166E+02  1.73910E-06   1.91600E+02  2.53309E-06   2.30495E+02  2.18798E-06   2.45945E+02  1.70729E-06   2.01207E+02  1.08260E-06   3.00727E+02  1.76610E-06   9.55519E+01  1.95672E-06   8.84160E+01  2.69377E-06   4.50506E+01  1.43473E-06   1.28056E+02  1.16847E-06   3.28089E+02  2.59694E-06   2.92069E+02  1.73400E-06   2.50062E+02  1.43226E-06   3.06737E+02  1.71935E-06   4.31484E+01  3.32933E-06   1.32697E+02  6.52415E-07   1.04074E+01  1.57269E-06   2.50831E+01  5.37679E-06   1.84978E+02  1.85946E-06   2.55490E+02  6.17196E-06   3.57287E+02  2.50337E-06   4.35684E+01 
 2.93822E-06   1.61688E+02  3.48456E-06   9.86436E+01  2.42675E-06   3.16262E+02  1.66646E-06   2.01966E+02  1.75744E-06   1.21320E+02  3.18351E-07   2.11812E+02  1.91497E-06   1.17617E+02  1.80242E-06   3.44773E+02  3.17666E-06   3.55069E+02  2.41237E-06   4.71576E+00  2.47088E-06   3.31859E+02  1.17453E-06   1.33147E+02  3.09375E-06   2.04809E+02  1.62959E-06   1.90983E+02  3.87525E-06   1.76121E+02  1.10878E-06   2.42060E+02  1.72747E-06   1.12736E+02  1.28432E-07   2.59725E+02  3.40963E-06   2.71817E+01  1.32330E-06   5.39354E+01  3.39303E-06   4.00022E+00  2.36305E-06   6.04002E+01  1.46837E-06   3.15068E+02  1.90836E-06   4.78256E+01  2.37833E-06   2.45776E+02  6.92541E-07   3.36511E+02  3.06728E-06   2.25118E+02  1.18341E-06   2.69157E+02  2.53319E-06   2.13968E+02  1.33072E-06   2.62075E+02  1.90299E-06   1.93033E+02  1.84817E-06   2.45114E+02  1.09702E-06   1.37853E+02  1.73587E-06   2.38526E+02  1.55757E-06   1.23727E+02  1.90988E-06   2.16178E+02  1.65367E-06   1.21176E+02  1.87898E-06   2.07453E+02  1.76509E-06   1.22617E+02  2.48076E-06   2.26538E+02  1.40327E-06   1.22376E+02  1.98929E-06   2.26410E+02  1.77227E-06   1.39484E+02  1.73113E-06   2.39768E+02  1.19274E-06   1.68516E+02  1.42248E-06   2.88944E+02  3.88271E-07   2.48005E+02  1.22403E-06   3.13259E+02  1.01170E-07   1.06763E+01  2.35940E-06   4.55168E+00  8.92172E-07   3.36578E+02  2.58633E-06   2.42867E+01  1.11132E-06   3.21563E+02  2.13316E-06   1.87408E+01  1.47772E-06   3.04913E+02  6.21108E-07   8.22208E+00  1.12610E-06   2.82627E+02  9.47089E-07   2.04277E+02  1.78826E-06   2.08724E+02  2.15149E-06   1.96861E+02  2.29931E-06   1.74973E+02  1.91628E-06   1.84001E+02  1.75294E-06   1.08485E+02  1.07485E-06   7.61194E+01  1.82272E-06   6.66843E+01  9.32860E-07   5.77629E+01  1.91745E-06   3.50054E+02  2.04734E-06   2.75672E+02  1.26732E-06   2.88554E+02  1.63887E-06   3.02652E+02  2.27409E-06   1.53080E+02  2.32807E-06   1.09793E+02  1.61271E-06   6.83465E+01  1.77089E-06   1.43099E+02  2.67731E-06   3.06010E+02  2.48067E-06   3.04885E+02  2.88751E-06   1.94482E+02  7.87037E-07   1.09603E+02  4.40896E-06   2.63905E+01  1.68957E-06   1.33362E+01  2.76177E-06   2.28581E+02 
 3.62139E-06   3.08183E+02  1.81813E-06   1.70710E+02  1.71229E-06   6.65952E+01  4.14926E-06   3.34939E+02  5.22339E-07   1.85699E+02  9.18281E-07   1.54974E+02  1.22438E-06   1.63496E+02  3.09543E-06   1.66918E+02  2.48281E-06   2.00736E+02  1.49273E-07   5.27729E+01  2.06193E-06   3.40133E+02  1.51977E-06   1.36706E+01  2.93753E-06   3.56944E+01  9.55266E-07   3.34535E+01  2.27282E-06   7.39871E+01  8.90544E-07   2.14778E+02  9.37270E-07   2.06809E+02  2.16062E-06   2.18454E+02  3.51774E-06   2.29603E+02  1.07734E-06   2.17041E+02  2.51580E-06   2.51407E+02  9.62420E-07   1.69706E+01  5.88265E-07   3.34820E+02  1.64460E-06   4.46707E+01  2.15277E-06   5.12356E+01  1.45747E-06   2.21749E+01  2.63563E-06   7.00703E+01  4.57470E-07   2.93843E+02  2.56976E-06   7.53041E+01  1.62464E-06   2.53518E+02  1.51714E-06   5.44640E+01  1.54472E-06   2.48014E+02  1.00706E-06   2.92108E+01  1.59350E-06   2.41237E+02  5.63052E-07   6.71162E+00  1.56726E-06   2.37975E+02  4.80587E-07   3.51748E+01  1.67853E-06   2.01036E+02  8.39749E-07   3.40682E+02  1.59710E-06   2.16860E+02  1.14870E-06   1.04855E+01  1.59259E-06   2.33218E+02  2.02660E-06   3.48180E+02  1.61476E-06   2.32303E+02  2.58362E-06   1.70467E+01  1.60438E-06   2.36952E+02  3.18423E-06   1.99090E+01  1.13091E-06   2.73832E+02  2.90632E-06   2.21664E+01  1.50534E-06   2.88575E+02  2.00743E-06   2.89493E+01  1.53470E-06   2.97517E+02  3.22915E-07   7.35362E+01  1.60845E-06   3.08609E+02  1.46144E-06   1.79688E+02  1.19036E-07   9.99188E+00  2.27701E-06   1.83116E+02  1.05526E-06   1.28628E+02  2.43385E-06   1.63984E+02  1.78262E-06   1.37409E+02  1.17798E-06   1.47484E+02  4.30834E-07   1.33602E+02  1.35158E-06   3.31533E+02  7.41113E-07   2.80227E+02  2.45144E-06   3.12107E+02  1.30818E-06   3.21035E+02  8.10029E-07   2.85817E+02  1.33932E-06   9.67260E+01  1.84521E-06   1.08211E+02  1.92286E-06   1.22490E+02  9.03819E-07   1.40639E+02  2.14621E-06   3.34366E+02  2.65710E-06   2.76718E+02  2.72652E-06   3.07286E+02  6.13305E-07   2.51284E+02  3.18422E-06   1.61977E+02  3.25930E-06   1.01384E+02  2.01582E-06   8.96004E+01  2.46371E-06   2.96441E+02  3.57219E-06   3.03926E+02  1.54444E-06   8.43562E+01 
 9.79176E-07   1.00757E+02  7.52023E-07   3.50611E+02  3.12363E-06   1.85155E+02  8.34368E-07   1.36685E+02  3.41374E-06   3.52564E+02  1.60675E-07   3.50784E+02  1.33671E-06   3.52531E+01  2.23375E-06   7.39699E+00  5.14808E-07   9.22542E+01  1.68681E-06   1.72216E+02  1.52213E-06   2.80252E+02  2.10749E-06   2.40651E+02  1.98354E-06   1.99337E+02  1.11019E-06   3.19465E+02  2.40373E-06   1.35847E+02  2.89280E-06   5.19726E+01  2.31535E-06   8.00546E+01  2.99667E-06   8.04935E+01  1.59073E-06   2.54984E+01  1.37517E-06   1.46488E+02  1.75091E-06   2.90441E+02  2.20207E-06   2.28459E+02  2.37143E-06   2.83965E+02  2.53278E-06   2.74220E+02  1.45661E-06   2.55590E+02  1.99192E-06   2.90322E+02  4.50892E-07   1.98928E+02  1.02683E-06   3.16617E+02  7.58476E-07   9.38784E+01  6.27793E-07   4.12423E+01  1.09498E-06   1.02541E+02  8.60711E-07   9.10845E+01  1.07627E-06   1.19366E+02  5.91226E-07   1.33695E+02  3.42896E-07   1.68819E+02  9.77412E-07   8.15123E+01  3.16647E-07   1.49398E+02  4.80433E-07   5.78957E+01  5.23618E-07   1.84340E+02  1.29447E-06   7.13334E+01  5.68912E-07   2.73402E+02  1.06357E-06   3.31841E+01  5.20514E-07   3.09072E+02  1.69922E-06   3.46904E+01  1.27923E-06   3.08656E+02  1.37623E-06   2.86969E+01  1.15461E-06   3.46757E+02  7.98729E-07   4.19001E+01  1.81479E-06   3.47296E+02  5.72058E-07   1.10999E+02  1.47710E-06   3.41924E+02  8.89722E-07   1.58209E+02  1.52855E-06   3.54222E+02  1.49903E-06   1.53098E+02  3.42408E-07   3.48604E+01  1.08983E-06   1.79355E+02  1.50629E-06   1.85170E+02  7.07574E-07   1.44963E+02  2.40305E-06   1.87668E+02  1.33189E-06   3.01921E+02  1.95321E-06   2.18016E+02  2.12905E-06   2.99013E+02  2.66129E-07   2.58583E+02  8.21268E-07   1.59791E+01  2.79204E-06   5.09145E+01  2.49366E-06   1.06578E+02  2.50949E-06   7.63585E+01  1.12116E-06   1.11529E+02  8.20170E-07   2.30714E+02  2.32578E-06   2.83285E+02  2.19357E-06   2.85431E+02  1.16484E-06   2.68907E+02  6.60398E-07   7.49984E+01  3.36552E-06   1.24511E+02  2.74620E-06   1.53415E+02  1.53598E-06   5.65491E+01  2.61513E-07   2.45228E+01  4.10585E-06   2.88165E+02  6.08841E-06   3.40958E+02  3.26584E-06   7.85430E+01  5.53255E-06   1.53563E+02 
 2.33622E-06   2.95503E+02  1.16854E-06   7.09316E+01  2.16646E-06   2.55761E+01  2.32513E-06   2.15841E+02  1.73196E-06   1.56708E+02  2.02773E-06   3.13636E+02  3.13971E-06   1.82283E+02  2.05924E-06   1.27686E+02  1.74652E-06   3.42177E+02  1.82507E-06   9.18367E+01  1.73499E-06   4.29250E+01  3.00175E-06   3.53753E+02  5.86003E-07   1.16493E+02  2.21575E-06   2.90897E+02  1.67470E-06   2.56732E+02  3.45060E-06   2.05353E+02  1.63350E-06   3.02275E+02  3.17551E-06   1.51634E+02  1.16228E-06   2.45603E+01  2.80095E-06   1.04933E+02  1.67495E-06   1.14379E+02  2.18064E-06   3.62391E+01  2.39040E-06   1.57713E+02  2.34474E-06   3.44683E+02  6.19362E-07   1.57206E+02  2.78661E-06   3.16411E+02  1.47670E-06   3.45834E+02  2.69270E-06   2.91307E+02  1.87050E-06   3.41827E+02  2.51694E-06   2.88332E+02  2.04458E-06   3.53778E+02  1.85454E-06   2.70568E+02  1.77846E-06   3.47365E+02  7.99841E-07   2.69490E+02  1.57806E-06   3.52176E+02  2.51494E-07   2.70135E+02  1.29252E-06   3.45273E+02  3.96490E-07   8.54177E+01  2.11900E-06   1.21061E+01  1.14162E-06   3.23749E+02  2.04909E-06   3.11201E+00  1.56405E-06   3.23723E+02  2.11082E-06   7.84922E+00  1.45351E-06   3.24785E+02  1.66570E-06   2.74152E+01  2.14852E-06   3.41542E+02  2.05044E-06   3.24512E+01  1.86446E-06   3.34017E+02  1.16271E-06   3.80075E+01  1.12163E-06   3.18036E+02  7.77010E-07   1.63248E+01  6.76174E-07   2.86030E+02  6.97849E-07   1.68711E+02  2.30468E-06   1.88294E+02  8.06717E-07   1.96159E+02  3.24082E-06   1.85166E+02  1.92939E-06   2.20240E+02  1.94925E-06   1.89471E+02  1.06592E-06   2.41721E+02  1.49102E-07   1.77708E+02  3.71533E-07   1.26743E+02  2.84551E-06   2.96847E+01  2.35716E-06   7.64172E+01  3.04713E-06   4.09187E+01  1.03799E-06   7.67736E+01  8.54718E-07   2.10357E+02  2.20184E-06   3.02540E+02  3.00079E-06   2.39206E+02  2.54575E-06   2.79432E+02  2.00569E-07   2.82733E+02  2.41671E-06   1.11705E+02  2.23041E-06   5.75471E+01  1.91796E-06   1.25465E+02  1.51981E-06   2.38828E+02  3.25803E-06   3.17291E+02  7.76853E-07   1.95630E+02  1.02902E-06   2.46325E+02  4.83482E-06   7.28977E-02  3.53851E-06   7.86413E+01  7.02904E-06   1.71852E+02  3.76237E-06   2.40483E+02 
 1.49083E-06   2.24837E+02  2.14541E-06   2.74655E+02  1.99216E-06   1.01483E+02  2.63317E-06   1.50923E+01  7.11726E-07   3.23744E+02  2.09828E-06   2.58158E+01  4.23454E-06   3.28471E+02  2.98895E-06   1.75746E+02  1.34376E-06   1.72828E+02  2.14511E-06   2.42301E+02  3.26577E-06   1.55672E+02  1.00450E-06   3.08028E+02  2.15023E-06   4.11810E+01  1.63734E-06   6.09450E+01  2.98714E-06   3.57284E+02  2.20057E-06   9.00910E+01  1.45443E-06   2.81317E+02  7.68350E-07   1.07800E+01  2.99363E-06   2.01192E+02  1.75243E-06   3.27966E+02  3.43764E-06   1.65649E+02  1.24422E-06   2.74399E+02  2.45043E-06   1.12677E+02  2.32276E-06   2.03963E+02  2.39319E-06   7.64955E+01  2.93198E-06   1.85013E+02  1.83937E-06   4.47065E+01  2.02262E-06   1.79489E+02  1.23059E-06   3.52982E+02  1.33521E-06   1.46086E+02  1.92280E-06   3.18088E+02  1.45394E-06   7.38702E+01  1.95520E-06   2.84636E+02  1.53471E-06   6.26832E+01  1.73785E-06   2.83950E+02  1.45098E-06   3.72559E+01  2.22482E-06   2.70058E+02  1.60565E-06   2.98702E+01  2.19893E-06   2.80458E+02  1.96724E-06   3.04406E+01  2.12958E-06   2.94426E+02  1.63905E-06   3.27212E+01  2.20289E-06   2.87170E+02  1.74062E-06   3.35189E+01  1.81150E-06   2.98078E+02  7.73008E-07   7.55764E+01  1.55343E-06   2.91949E+02  8.05734E-07   1.61603E+02  1.09960E-06   2.43284E+02  1.53059E-06   2.01669E+02  1.44280E-06   1.91908E+02  2.80297E-06   1.99878E+02  2.47029E-06   1.71861E+02  2.29544E-06   2.09951E+02  1.93054E-06   1.72949E+02  2.07063E-06   1.93255E+02  4.76984E-07   5.41727E+01  9.34744E-07   1.34518E+02  2.18344E-06   3.22807E+00  1.85674E-06   6.99588E+01  1.56686E-06   2.82315E+01  2.82369E-06   2.08922E+01  3.99444E-07   1.34769E+02  1.99851E-06   3.21575E+02  2.25834E-06   2.03999E+02  2.19567E-06   2.67116E+02  1.17359E-06   1.96859E+02  1.75706E-06   1.20187E+02  1.82551E-06   6.23364E+01  3.20549E-06   1.16847E+02  9.33709E-07   3.53575E+02  1.85860E-06   2.80624E+02  2.92097E-06   2.29004E+02  2.34081E-06   3.26271E+02  3.14174E-06   1.44491E+02  2.63473E-06   1.26902E+02  5.39887E-06   3.57332E+02  2.52127E-06   7.72991E-03  4.04711E-06   1.95377E+02  2.79789E-06   2.46932E+02  2.58770E-06   3.31736E+01 
 1.53180E-06   1.50350E+02  2.00425E-06   2.62431E+02  1.93898E-06   2.51428E+02  3.04150E-06   1.54549E+02  1.46865E-06   1.41821E+02  1.31604E-06   1.68203E+02  1.80887E-06   1.26896E+01  3.89802E-06   3.49834E+02  1.39535E-06   1.17644E+02  1.76180E-06   2.37046E+01  1.08667E-06   1.67801E+02  2.81738E-06   1.74885E+02  2.45122E-06   2.60486E+02  1.24003E-06   1.90409E+02  1.81776E-06   2.80573E+02  1.32706E-06   2.15311E+00  8.81094E-07   1.13416E+02  1.37377E-06   8.43994E+00  1.91119E-06   7.88316E+01  8.59236E-07   2.42104E+02  2.44438E-06   4.22928E+01  1.30842E-06   2.15622E+02  2.22868E-06   7.23109E+00  1.09401E-06   2.02601E+02  1.52631E-06   3.07015E+02  5.29071E-07   8.19695E+01  1.55568E-06   2.59102E+02  1.21367E-06   5.81923E+01  2.32020E-06   2.19003E+02  1.69058E-06   5.00870E+01  2.44874E-06   2.16048E+02  1.47503E-06   6.36014E+01  2.03051E-06   1.98832E+02  6.66490E-07   4.27966E+01  2.10063E-06   1.87462E+02  7.16531E-07   3.57611E+02  1.76995E-06   1.78760E+02  1.37292E-06   1.33069E+01  1.30294E-06   1.72249E+02  8.08480E-07   1.81289E+00  1.96147E-06   1.77937E+02  5.11817E-07   3.18092E+02  2.18841E-06   1.89376E+02  4.69724E-07   9.46975E+01  3.64645E-06   1.96094E+02  6.73912E-07   1.67665E+02  3.77038E-06   2.00033E+02  1.50266E-06   1.64118E+02  3.36124E-06   1.97441E+02  2.10609E-06   1.54100E+02  2.29145E-06   1.95968E+02  1.73680E-06   1.37407E+02  9.42884E-07   2.12323E+02  7.82556E-07   1.09825E+02  5.45770E-07   8.24551E+01  1.24699E-06   1.81968E+01  1.43834E-06   4.89120E+01  1.02921E-06   3.32515E+02  1.55031E-06   1.72042E+01  5.48884E-07   1.90306E+02  2.20432E-06   3.53231E+02  7.59538E-07   1.83692E+02  1.21357E-06   2.58155E+02  2.65310E-07   2.69431E+01  1.30076E-06   1.58244E+02  1.28635E-06   4.02789E+01  2.78347E-06   1.03919E+02  5.78392E-07   3.46398E+02  6.67317E-07   2.79280E+02  2.01487E-06   2.50312E+02  3.18634E-06   3.05754E+02  2.25858E-06   1.95205E+02  1.79638E-06   8.68981E+01  2.96212E-06   1.07318E+02  1.32512E-06   1.08024E+02  7.24799E-06   3.43971E+02  4.37605E-06   3.19033E+02  4.41555E-06   1.87887E+02  2.68927E-06   1.50930E+02  3.55113E-06   1.24923E+02  1.23333E-06   1.82504E+02 
 1.74863E-06   6.42869E+01  2.95833E-07   1.81150E+02  2.72223E-06   3.21768E+02  3.27387E-06   3.21427E+02  1.13669E-06   1.36995E+02  1.85385E-06   1.36495E+02  1.97632E-06   2.07933E+02  8.84788E-07   2.47542E+02  1.80163E-06   3.17603E+02  5.22779E-07   2.51033E+02  2.81833E-06   3.96292E+01  2.49170E-06   9.31040E+01  2.06183E-06   9.08370E+01  9.54031E-07   7.75687E+01  7.62419E-07   2.34072E+02  2.28238E-06   2.97002E+02  1.31006E-06   2.85443E+02  2.09186E-06   2.79192E+02  3.88808E-07   1.69480E+02  8.12843E-07   1.83890E+02  1.61494E-06   1.35684E+02  1.95303E-06   1.29854E+02  2.03664E-06   1.48405E+02  2.43800E-06   1.11110E+02  1.35796E-06   1.67107E+02  1.73307E-06   4.91737E+01  1.05634E-06   2.04959E+02  1.26425E-06   2.63013E+01  8.13530E-07   2.68747E+02  1.16923E-06   3.49010E+02  5.57223E-07   2.87430E+02  1.12016E-06   3.30967E+02  5.34218E-07   6.23852E+00  1.20878E-06   2.93003E+02  6.47873E-07   2.59716E+01  1.22292E-06   2.39653E+02  5.65227E-07   9.71166E+01  1.71184E-06   2.37232E+02  3.31094E-07   1.03054E+02  1.45175E-06   2.28902E+02  1.14388E-06   1.36826E+02  1.65478E-06   2.05278E+02  1.57565E-06   1.44537E+02  1.55796E-06   2.19939E+02  1.54159E-06   1.58053E+02  1.26806E-06   2.00930E+02  1.24013E-06   1.39679E+02  5.15567E-07   1.56458E+02  1.67529E-06   1.46302E+02  4.78583E-07   7.77733E+01  5.30750E-07   1.30373E+02  9.33099E-07   2.62557E+01  4.23274E-07   3.38747E+02  1.00552E-06   3.30830E+01  1.12407E-06   3.28150E+02  1.08083E-06   1.38966E+01  1.44895E-06   3.00513E+02  1.17469E-06   3.55732E+02  5.40952E-07   3.59499E+02  3.32712E-07   3.47502E+02  1.33140E-06   5.40688E+01  1.22646E-06   1.66718E+02  1.50740E-06   4.18566E+01  1.47483E-06   1.05442E+02  4.89540E-07   2.20887E+02  2.92901E-07   3.60419E+01  2.48721E-06   2.30625E+02  2.59630E-06   2.77160E+02  1.02555E-06   2.30253E+02  1.86948E-07   8.81801E+01  2.20010E-06   1.20655E+02  3.92552E-06   1.07995E+02  1.54377E-06   8.79021E+01  2.27154E-06   3.06024E+02  5.75715E-06   3.27441E+02  3.57792E-06   3.16442E+02  5.29838E-06   1.66981E+02  5.17939E-06   1.24808E+02  3.12437E-06   1.36283E+02  3.79938E-06   2.75323E+02  4.81729E-06   3.29628E+02 
 1.18190E-06   1.65833E+02  1.50192E-06   1.22596E+02  2.50028E-06   1.80589E+02  1.17381E-06   2.93122E+02  3.24503E-06   3.11802E+02  1.63380E-06   9.24032E+01  2.77285E-06   8.49492E+01  1.24425E-07   3.41661E+02  7.78110E-07   1.11582E+02  3.10661E-06   2.76342E+02  3.40918E-06   2.57005E+02  4.03799E-07   2.43690E+02  1.82347E-06   2.03898E+02  3.00195E-06   1.09769E+02  2.72703E-06   1.12629E+02  1.34357E-06   6.91128E+01  1.99672E-06   3.90102E+01  2.20156E-06   3.20152E+02  3.08730E-06   3.31831E+02  2.77082E-06   2.97914E+02  3.07529E-06   3.20872E+02  1.11852E-06   2.70736E+02  6.92365E-07   2.82645E+02  1.69809E-06   1.34303E+02  2.00139E-06   1.72150E+02  2.91788E-06   1.34485E+02  2.59957E-06   1.45440E+02  2.42509E-06   1.29282E+02  2.08942E-06   1.39223E+02  1.71175E-06   1.55001E+02  1.74188E-06   1.46108E+02  1.21354E-06   1.76234E+02  1.14426E-06   1.25020E+02  1.44507E-06   1.80142E+02  1.04348E-06   1.03330E+02  9.64241E-07   1.85112E+02  7.82978E-07   1.09866E+02  8.26152E-07   1.87088E+02  3.87866E-07   1.03635E+02  2.04461E-06   1.84651E+02  3.46595E-07   1.64944E+02  1.74411E-06   1.90831E+02  4.24455E-07   1.88552E+02  1.48391E-06   2.04092E+02  6.06355E-07   1.83546E+02  7.86522E-07   2.24019E+02  6.26829E-07   1.54691E+02  6.44262E-07   2.62570E+02  3.59933E-07   1.12405E+02  9.31791E-07   3.07641E+02  1.22934E-07   2.95851E+00  1.37228E-06   3.18443E+02  5.53887E-07   3.06744E+02  1.04484E-06   3.29521E+02  9.95792E-07   3.25952E+02  9.38052E-07   5.24336E+01  7.63155E-07   2.25544E+01  2.01386E-06   6.92734E+01  1.02897E-06   6.79436E+01  1.81721E-06   6.95150E+01  9.61577E-07   9.97399E+01  6.12799E-07   1.50128E+02  5.83428E-07   2.36536E+02  1.86271E-06   2.49684E+02  1.53689E-06   2.51654E+02  1.68838E-06   2.67292E+02  1.04108E-06   2.04737E+02  1.20118E-06   5.09674E+01  3.25139E-06   1.12155E+02  1.53616E-06   1.27838E+02  1.50511E-06   7.39785E+01  1.37860E-06   2.21171E+02  5.10610E-06   3.00523E+02  4.78880E-06   3.26501E+02  1.34026E-06   1.86984E+01  4.12443E-06   1.43964E+02  4.53522E-06   1.26475E+02  1.56310E-06   1.59508E+02  6.65932E-06   2.82907E+02  3.89752E-06   3.36693E+02  5.22592E-06   9.09958E+01 
 1.55744E-06   1.28448E+00  1.02382E-06   3.19042E+01  1.11158E-06   4.64853E+01  2.02293E-06   1.77673E+02  2.53888E-06   2.54186E+02  3.83865E-06   2.77281E+02  2.21898E-06   1.55509E+02  1.78246E-06   8.96902E+01  2.57225E-06   7.08100E+01  4.06443E-06   7.87535E+01  3.47997E-06   3.32968E+02  1.53700E-06   3.22710E+02  2.38236E-06   2.78570E+02  3.23557E-06   2.54089E+02  2.58679E-06   1.55208E+02  3.26320E-06   1.82684E+02  3.64975E-06   1.25789E+02  2.87395E-06   1.35722E+02  1.66161E-06   7.46943E+01  1.42805E-06   5.59048E+01  1.91961E-06   3.15856E+02  3.74626E-06   3.55135E+02  3.19333E-06   2.93564E+02  4.03037E-06   3.45835E+02  1.77537E-06   2.91186E+02  2.64783E-06   3.35649E+02  7.41457E-07   2.15820E+02  1.03579E-06   3.34746E+02  1.34221E-06   1.23745E+02  9.43964E-07   1.61495E+02  2.18009E-06   1.21533E+02  2.33542E-06   1.68802E+02  2.43379E-06   1.19515E+02  1.75679E-06   1.71774E+02  2.13910E-06   1.07479E+02  2.27814E-06   1.64112E+02  2.77379E-06   9.38442E+01  2.08235E-06   1.71295E+02  1.80897E-06   1.09413E+02  2.01991E-06   1.93388E+02  1.85765E-06   1.35639E+02  2.03352E-06   1.88302E+02  1.28402E-06   1.22651E+02  1.50773E-06   1.97362E+02  1.42954E-06   7.33690E+01  1.18967E-06   1.94699E+02  1.11092E-06   6.19128E+01  3.68252E-07   3.06284E+02  1.09590E-06   6.58225E+01  5.46233E-07   3.18019E+02  1.22460E-06   5.68732E+01  1.31425E-06   1.19411E+01  1.65545E-06   6.95185E+01  1.73738E-06   2.62896E+01  2.07184E-06   7.13513E+01  1.74691E-06   4.58268E+01  1.50003E-06   5.72568E+01  7.36975E-07   3.15867E+01  8.62393E-07   3.33501E+02  6.92674E-07   2.21553E+02  1.58135E-06   2.69830E+02  1.81918E-06   2.27859E+02  2.02494E-06   2.88393E+02  1.36356E-06   1.95276E+02  1.08874E-06   3.49781E+02  2.21216E-06   1.17801E+02  1.45849E-06   1.04318E+02  1.86346E-06   8.37374E+01  2.89764E-06   1.71106E+02  2.89532E-06   3.20487E+02  1.06831E-06   2.60151E+02  3.37934E-06   3.04749E+02  5.54617E-06   3.55551E+02  4.09202E-06   1.03360E+02  3.62130E-06   1.40634E+02  2.07631E-06   1.39438E+02  2.91506E-06   1.92482E+02  6.12876E-06   2.79865E+02  2.18954E-06   3.49009E+02  7.57828E-06   9.86857E+01  1.74788E-06   1.47075E+02 
 1.59885E-06   2.14024E+02  5.22686E-07   6.34037E+01  9.79164E-07   3.87125E+01  2.92947E-06   4.62660E+01  2.14284E-06   8.49174E+01  2.27779E-06   2.94344E+02  3.66067E-06   2.78408E+02  3.66207E-06   2.04613E+02  2.08329E-06   2.41907E+02  2.46590E-06   1.36776E+02  3.25017E-06   1.02101E+02  3.13991E-06   9.03245E+00  2.79801E-06   4.54491E+01  3.78209E-06   3.21801E+02  2.82673E-06   3.23379E+02  1.57205E-06   2.80824E+02  1.93861E-06   2.47092E+02  2.00655E-06   1.47496E+02  3.39905E-06   1.90103E+02  3.00352E-06   1.07786E+02  3.16132E-06   1.67542E+02  1.83896E-06   9.83805E+01  8.11918E-07   1.44298E+02  7.38205E-07   3.06657E+02  2.30521E-06   5.12810E+00  2.47179E-06   2.65486E+02  3.83167E-06   4.07821E-01  2.68137E-06   2.59038E+02  3.60495E-06   6.09864E+00  2.12963E-06   2.55340E+02  3.54910E-06   9.70105E+00  1.53653E-06   2.27766E+02  2.72018E-06   1.30318E+01  1.10524E-06   1.76312E+02  1.86538E-06   1.90075E+01  8.65218E-07   1.26333E+02  1.87849E-06   3.07465E+01  5.23227E-07   1.44346E+02  1.50647E-06   1.98370E+01  4.51578E-07   6.06322E+01  2.10728E-06   1.94598E+01  1.99438E-07   9.10473E+01  2.33766E-06   1.05545E+01  7.44123E-07   1.56957E+01  3.32471E-06   8.07140E+00  1.12058E-06   3.47443E+02  3.05578E-06   1.44475E+01  9.80095E-07   3.39373E+02  2.50079E-06   1.71551E+01  7.49034E-07   3.09563E+02  2.48084E-06   1.82370E+01  9.32123E-07   3.19443E+02  1.31734E-06   9.28767E+00  8.50463E-07   3.49709E+02  3.78757E-07   2.65963E+02  1.14391E-06   3.10680E+02  1.96475E-06   2.27555E+02  1.19760E-06   3.02758E+02  1.95375E-06   2.22242E+02  6.20775E-07   2.82643E+02  1.41734E-06   1.87109E+02  3.00678E-07   1.52305E+01  1.51846E-06   1.11517E+02  7.10799E-07   1.27142E+02  1.54317E-06   1.14667E+02  1.95624E-06   1.60754E+02  7.87469E-07   2.94088E+02  2.63051E-06   1.87079E+02  2.62734E-06   2.99184E+02  3.08951E-06   3.41371E+02  6.06421E-07   4.84446E+01  5.68459E-06   3.59619E+02  4.21361E-06   1.02898E+02  4.60848E-06   1.71763E+02  2.56895E-06   2.72480E+02  3.42298E-06   1.99380E+02  3.93468E-06   2.71055E+02  4.23348E-06   1.95367E+00  6.54874E-06   9.51220E+01  2.36484E-07   3.95952E+01  5.71460E-06   2.86551E+02 
 9.83126E-07   1.60730E+02  1.71118E-06   2.26232E+02  1.94486E-06   2.24872E+02  1.68215E-06   2.20331E+02  2.14183E-06   7.80181E+01  3.05571E-06   8.93095E+01  2.44014E-06   1.53205E+01  2.07102E-06   3.39167E+02  2.26110E-06   2.33731E+02  2.57321E-06   2.72429E+02  2.98182E-06   1.78361E+02  2.30292E-06   1.58475E+02  1.74085E-06   8.69383E+01  2.32233E-06   1.24345E+02  1.83763E-06   3.56494E+02  1.72906E-06   5.67953E+00  2.63537E-06   2.95355E+02  2.48253E-06   3.46954E+02  1.73107E-06   2.46910E+02  9.56753E-07   2.68402E+02  7.57785E-07   1.19590E+02  2.44844E-06   1.90763E+02  3.01310E-06   7.39198E+01  3.04142E-06   1.85823E+02  2.60559E-06   6.46758E+01  1.48551E-06   1.91609E+02  1.15259E-06   6.65759E+01  5.02181E-07   2.85711E+02  7.19091E-07   2.81382E+02  1.24810E-06   3.40327E+02  2.29647E-06   2.42322E+02  2.37262E-06   3.54372E+02  2.97247E-06   2.49910E+02  2.87167E-06   3.59413E+02  2.85353E-06   2.35732E+02  2.85208E-06   3.53225E+02  2.59454E-06   2.54094E+02  3.15456E-06   3.54903E+02  2.99395E-06   2.54402E+02  3.34024E-06   2.75391E+00  2.90274E-06   2.54527E+02  3.18015E-06   3.58536E+02  2.56209E-06   2.58027E+02  2.19117E-06   3.52148E+02  2.09271E-06   2.65741E+02  1.51014E-06   3.55222E+02  1.49687E-06   2.79065E+02  6.76464E-07   3.27913E+02  6.11841E-07   2.80460E+02  9.65681E-07   2.63643E+02  4.80854E-07   5.15529E+01  1.68909E-06   2.31936E+02  1.27177E-06   6.33007E+01  2.26039E-06   2.12106E+02  1.46442E-06   7.74713E+01  1.32589E-06   2.10869E+02  1.28474E-06   5.27095E+01  1.10464E-06   1.58086E+02  6.39756E-07   4.72936E+01  1.04988E-06   9.10444E+01  1.40051E-07   1.41428E+02  1.17749E-06   7.77550E+01  1.17590E-06   2.07042E+02  7.16470E-07   2.06123E+02  1.82682E-06   1.83057E+02  1.54281E-06   2.87293E+02  1.35923E-07   2.35246E+02  8.35825E-07   3.43822E+02  4.48408E-06   3.59205E+02  2.21502E-06   8.45191E+01  2.44551E-06   2.73081E+00  1.48144E-06   6.96231E+01  6.27902E-06   1.77841E+02  3.98874E-06   2.60260E+02  1.21963E-06   1.73767E+02  1.78918E-06   1.83939E+02  5.06583E-06   7.68987E+00  5.22130E-06   8.97300E+01  1.41742E-06   1.97427E+02  5.02503E-06   2.80927E+02  1.02008E-06   1.93553E+02 
