/rn,a,b/nx0/ls1
/r,qa,qb
81 -0.4 0.4 0 OUTPUT_AMP_PHASE_3D Wavelength=0.8
81 -0.4 0.4
 4.35294E-06   1.04426E+02  2.53913E-06   1.18898E+02  3.27471E-06   8.13507E+00  9.32773E-06   5.82707E+01  1.69498E-05   5.63556E+01  1.96169E-05   4.32173E+01  2.27854E-05   5.09640E+01  2.97108E-05   5.02834E+01  4.35002E-05   4.68462E+01  6.68135E-05   4.95453E+01  1.00031E-04   4.74209E+01  1.45392E-04   4.59371E+01  2.06763E-04   4.54917E+01  2.93896E-04   4.39203E+01  4.17563E-04   4.32239E+01  5.96372E-04   4.23581E+01  8.55466E-04   4.14570E+01  1.22898E-03   4.07219E+01  1.76542E-03   3.97787E+01  2.53384E-03   3.89490E+01  3.63598E-03   3.80515E+01  5.21514E-03   3.71454E+01  7.47932E-03   3.62420E+01  1.07256E-02   3.53248E+01  1.53819E-02   3.44167E+01  2.20604E-02   3.35034E+01  3.16409E-02   3.25953E+01  4.53819E-02   3.16860E+01  6.50904E-02   3.07788E+01  9.33586E-02   2.98714E+01  1.33903E-01   2.89643E+01  1.92053E-01   2.80575E+01  2.75457E-01   2.71509E+01  3.95077E-01   2.62449E+01  5.66642E-01   2.53392E+01  8.12706E-01   2.44342E+01  1.16562E+00   2.35299E+01  1.67177E+00   2.26266E+01  2.17328E+00   2.19402E+01  2.35577E+00   2.16651E+01  2.31455E+00   2.16688E+01  2.27403E+00   2.17354E+01  2.23415E+00   2.18649E+01  2.19489E+00   2.20579E+01  2.15623E+00   2.23149E+01  2.11814E+00   2.26365E+01  2.08060E+00   2.30235E+01  2.04360E+00   2.34763E+01  2.00712E+00   2.39957E+01  1.97115E+00   2.45820E+01  1.93567E+00   2.52358E+01  1.90068E+00   2.59572E+01  1.86615E+00   2.67465E+01  1.83209E+00   2.76037E+01  1.79849E+00   2.85287E+01  1.76534E+00   2.95216E+01  1.73263E+00   3.05820E+01  1.70036E+00   3.17096E+01  1.66854E+00   3.29040E+01  1.63715E+00   3.41647E+01  1.60620E+00   3.54912E+01  1.57569E+00   3.68827E+01  1.54561E+00   3.83386E+01  1.51598E+00   3.98581E+01  1.48679E+00   4.14402E+01  1.45805E+00   4.30842E+01  1.42974E+00   4.47889E+01  1.40188E+00   4.65537E+01  1.37447E+00   4.83773E+01  1.34750E+00   5.02588E+01  1.32098E+00   5.21975E+01  1.29491E+00   5.41917E+01  1.26930E+00   5.62410E+01  1.24414E+00   5.83438E+01  1.21943E+00   6.04988E+01  1.19517E+00   6.27057E+01  1.17136E+00   6.49628E+01  1.14800E+00   6.72690E+01  1.12508E+00   6.96240E+01  1.10262E+00   7.20262E+01  1.08059E+00   7.44736E+01 
 1.67659E-06   1.40819E+02  4.95652E-06   3.42875E+02  7.22939E-06   4.43485E+01  1.20164E-05   5.97178E+01  1.21840E-05   3.61705E+01  1.23318E-05   5.22925E+01  1.92503E-05   5.47836E+01  3.22801E-05   4.66119E+01  5.04569E-05   4.79137E+01  7.51943E-05   4.54881E+01  1.06375E-04   4.30841E+01  1.47583E-04   4.26061E+01  2.07530E-04   4.14986E+01  2.95323E-04   4.06792E+01  4.24203E-04   4.00493E+01  6.10701E-04   3.91791E+01  8.79319E-04   3.84191E+01  1.26334E-03   3.75250E+01  1.81197E-03   3.66206E+01  2.59725E-03   3.57278E+01  3.72350E-03   3.47978E+01  5.33833E-03   3.38902E+01  7.65413E-03   3.29714E+01  1.09776E-02   3.20650E+01  1.57439E-02   3.11603E+01  2.25822E-02   3.02550E+01  3.23896E-02   2.93515E+01  4.64558E-02   2.84469E+01  6.66294E-02   2.75429E+01  9.55629E-02   2.66372E+01  1.37059E-01   2.57320E+01  1.96570E-01   2.48264E+01  2.81921E-01   2.39211E+01  4.04326E-01   2.30161E+01  5.79872E-01   2.21114E+01  8.31626E-01   2.12073E+01  1.19267E+00   2.03039E+01  1.71043E+00   1.94014E+01  2.22351E+00   1.87154E+01  2.41043E+00   1.84407E+01  2.36852E+00   1.84457E+01  2.32720E+00   1.85144E+01  2.28646E+00   1.86471E+01  2.24629E+00   1.88442E+01  2.20667E+00   1.91061E+01  2.16761E+00   1.94337E+01  2.12907E+00   1.98275E+01  2.09105E+00   2.02881E+01  2.05353E+00   2.08161E+01  2.01652E+00   2.14120E+01  1.97999E+00   2.20762E+01  1.94393E+00   2.28090E+01  1.90835E+00   2.36104E+01  1.87323E+00   2.44806E+01  1.83858E+00   2.54195E+01  1.80437E+00   2.64269E+01  1.77062E+00   2.75025E+01  1.73731E+00   2.86460E+01  1.70446E+00   2.98570E+01  1.67205E+00   3.11348E+01  1.64009E+00   3.24789E+01  1.60857E+00   3.38886E+01  1.57751E+00   3.53632E+01  1.54690E+00   3.69018E+01  1.51675E+00   3.85035E+01  1.48706E+00   4.01676E+01  1.45783E+00   4.18928E+01  1.42906E+00   4.36783E+01  1.40076E+00   4.55230E+01  1.37293E+00   4.74256E+01  1.34556E+00   4.93856E+01  1.31866E+00   5.14016E+01  1.29224E+00   5.34723E+01  1.26629E+00   5.55974E+01  1.24081E+00   5.77747E+01  1.21581E+00   6.00035E+01  1.19127E+00   6.22830E+01  1.16721E+00   6.46115E+01  1.14361E+00   6.69880E+01  1.12048E+00   6.94126E+01  1.09782E+00   7.18830E+01 
 3.35800E-06   3.29807E+02  5.52397E-06   4.67749E+01  9.25118E-06   7.58264E+01  7.91254E-06   3.59753E+01  8.77692E-06   4.49053E+01  1.49689E-05   5.68632E+01  2.65474E-05   4.34688E+01  3.89432E-05   4.32704E+01  5.44250E-05   4.16315E+01  7.52136E-05   3.94322E+01  1.02300E-04   3.96304E+01  1.45125E-04   3.91964E+01  2.09189E-04   3.85287E+01  3.03539E-04   3.77840E+01  4.37883E-04   3.70018E+01  6.30578E-04   3.61371E+01  9.04202E-04   3.52260E+01  1.29388E-03   3.43050E+01  1.85338E-03   3.33955E+01  2.65534E-03   3.24834E+01  3.80840E-03   3.15666E+01  5.46128E-03   3.06683E+01  7.83488E-03   2.97635E+01  1.12381E-02   2.88668E+01  1.61202E-02   2.79651E+01  2.31216E-02   2.70634E+01  3.31611E-02   2.61601E+01  4.75602E-02   2.52558E+01  6.82086E-02   2.43511E+01  9.78235E-02   2.34457E+01  1.40292E-01   2.25406E+01  2.01198E-01   2.16352E+01  2.88542E-01   2.07300E+01  4.13800E-01   1.98252E+01  5.93426E-01   1.89207E+01  8.51013E-01   1.80165E+01  1.22039E+00   1.71130E+01  1.75006E+00   1.62101E+01  2.27501E+00   1.55245E+01  2.46645E+00   1.52521E+01  2.42381E+00   1.52606E+01  2.38167E+00   1.53332E+01  2.34004E+00   1.54703E+01  2.29892E+00   1.56724E+01  2.25832E+00   1.59402E+01  2.21824E+00   1.62742E+01  2.17866E+00   1.66752E+01  2.13958E+00   1.71440E+01  2.10100E+00   1.76809E+01  2.06291E+00   1.82866E+01  2.02529E+00   1.89614E+01  1.98815E+00   1.97056E+01  1.95147E+00   2.05193E+01  1.91526E+00   2.14026E+01  1.87950E+00   2.23554E+01  1.84420E+00   2.33773E+01  1.80936E+00   2.44684E+01  1.77498E+00   2.56279E+01  1.74105E+00   2.68556E+01  1.70758E+00   2.81507E+01  1.67458E+00   2.95126E+01  1.64203E+00   3.09407E+01  1.60995E+00   3.24340E+01  1.57833E+00   3.39918E+01  1.54719E+00   3.56132E+01  1.51652E+00   3.72972E+01  1.48633E+00   3.90430E+01  1.45663E+00   4.08491E+01  1.42741E+00   4.27149E+01  1.39868E+00   4.46391E+01  1.37044E+00   4.66203E+01  1.34269E+00   4.86580E+01  1.31544E+00   5.07505E+01  1.28868E+00   5.28970E+01  1.26241E+00   5.50968E+01  1.23664E+00   5.73477E+01  1.21136E+00   5.96492E+01  1.18658E+00   6.20005E+01  1.16228E+00   6.43993E+01  1.13847E+00   6.68452E+01  1.11515E+00   6.93380E+01 
 4.44681E-06   3.11391E+01  6.65507E-06   7.32923E+01  5.36675E-06   2.97867E+01  7.47250E-06   2.71574E+01  1.10830E-05   5.37001E+01  1.85000E-05   4.36289E+01  2.70267E-05   3.88808E+01  3.64434E-05   3.93390E+01  5.13557E-05   3.77822E+01  7.17251E-05   3.79100E+01  1.03856E-04   3.74475E+01  1.51134E-04   3.66556E+01  2.19760E-04   3.55562E+01  3.15694E-04   3.46181E+01  4.51181E-04   3.38214E+01  6.45256E-04   3.28940E+01  9.21579E-04   3.20301E+01  1.32160E-03   3.10988E+01  1.89374E-03   3.02117E+01  2.71788E-03   2.92985E+01  3.89998E-03   2.84072E+01  5.59462E-03   2.75163E+01  8.02651E-03   2.66125E+01  1.15102E-02   2.57164E+01  1.65086E-02   2.48123E+01  2.36732E-02   2.39115E+01  3.39505E-02   2.30081E+01  4.86875E-02   2.21039E+01  6.98230E-02   2.11993E+01  1.00133E-01   2.02945E+01  1.43600E-01   1.93895E+01  2.05935E-01   1.84844E+01  2.95325E-01   1.75793E+01  4.23511E-01   1.66743E+01  6.07324E-01   1.57693E+01  8.70900E-01   1.48645E+01  1.24884E+00   1.39599E+01  1.79075E+00   1.30557E+01  2.32789E+00   1.23707E+01  2.52395E+00   1.21020E+01  2.48052E+00   1.21160E+01  2.43749E+00   1.21941E+01  2.39491E+00   1.23367E+01  2.35280E+00   1.25446E+01  2.31117E+00   1.28187E+01  2.27003E+00   1.31597E+01  2.22938E+00   1.35684E+01  2.18921E+00   1.40455E+01  2.14952E+00   1.45917E+01  2.11030E+00   1.52073E+01  2.07156E+00   1.58930E+01  2.03329E+00   1.66488E+01  1.99548E+00   1.74749E+01  1.95814E+00   1.83714E+01  1.92125E+00   1.93381E+01  1.88482E+00   2.03748E+01  1.84886E+00   2.14812E+01  1.81335E+00   2.26568E+01  1.77832E+00   2.39012E+01  1.74375E+00   2.52137E+01  1.70965E+00   2.65935E+01  1.67603E+00   2.80400E+01  1.64289E+00   2.95523E+01  1.61024E+00   3.11294E+01  1.57808E+00   3.27705E+01  1.54641E+00   3.44745E+01  1.51523E+00   3.62406E+01  1.48457E+00   3.80676E+01  1.45440E+00   3.99543E+01  1.42475E+00   4.18999E+01  1.39561E+00   4.39028E+01  1.36698E+00   4.59620E+01  1.33887E+00   4.80765E+01  1.31128E+00   5.02448E+01  1.28420E+00   5.24662E+01  1.25765E+00   5.47396E+01  1.23161E+00   5.70630E+01  1.20609E+00   5.94361E+01  1.18108E+00   6.18578E+01  1.15658E+00   6.43258E+01  1.13258E+00   6.68400E+01 
 4.46652E-06   7.16511E+01  3.72806E-06   4.41234E+01  5.63687E-06   3.69204E+01  7.80131E-06   5.51386E+01  1.20947E-05   4.97896E+01  1.90749E-05   3.76595E+01  2.71034E-05   3.57909E+01  3.81780E-05   3.67882E+01  5.39771E-05   3.54873E+01  7.64183E-05   3.45662E+01  1.08870E-04   3.39813E+01  1.57203E-04   3.29046E+01  2.24646E-04   3.20708E+01  3.20136E-04   3.15719E+01  4.58855E-04   3.06491E+01  6.56199E-04   2.98484E+01  9.42512E-04   2.89123E+01  1.35289E-03   2.79921E+01  1.94127E-03   2.71049E+01  2.78706E-03   2.61812E+01  3.99590E-03   2.53021E+01  5.73187E-03   2.44021E+01  8.21789E-03   2.35078E+01  1.17847E-02   2.26082E+01  1.68989E-02   2.17072E+01  2.42327E-02   2.08065E+01  3.47528E-02   1.99025E+01  4.98375E-02   1.89985E+01  7.14728E-02   1.80938E+01  1.02497E-01   1.71888E+01  1.46990E-01   1.62836E+01  2.10791E-01   1.53782E+01  3.02283E-01   1.44726E+01  4.33474E-01   1.35668E+01  6.21592E-01   1.26609E+01  8.91326E-01   1.17548E+01  1.27808E+00   1.08486E+01  1.83259E+00   9.94232E+00  2.38227E+00   9.25797E+00  2.58303E+00   8.99432E+00  2.53870E+00   9.01534E+00  2.49472E+00   9.09982E+00  2.45112E+00   9.24871E+00  2.40796E+00   9.46303E+00  2.36525E+00   9.74382E+00  2.32300E+00   1.00921E+01  2.28122E+00   1.05087E+01  2.23991E+00   1.09944E+01  2.19907E+00   1.15500E+01  2.15869E+00   1.21758E+01  2.11879E+00   1.28724E+01  2.07934E+00   1.36400E+01  2.04036E+00   1.44787E+01  2.00184E+00   1.53885E+01  1.96379E+00   1.63692E+01  1.92619E+00   1.74207E+01  1.88907E+00   1.85426E+01  1.85241E+00   1.97344E+01  1.81623E+00   2.09955E+01  1.78052E+00   2.23253E+01  1.74530E+00   2.37232E+01  1.71057E+00   2.51881E+01  1.67634E+00   2.67194E+01  1.64262E+00   2.83160E+01  1.60939E+00   2.99768E+01  1.57669E+00   3.17011E+01  1.54450E+00   3.34875E+01  1.51284E+00   3.53352E+01  1.48170E+00   3.72429E+01  1.45110E+00   3.92095E+01  1.42103E+00   4.12340E+01  1.39151E+00   4.33149E+01  1.36252E+00   4.54511E+01  1.33408E+00   4.76416E+01  1.30617E+00   4.98848E+01  1.27881E+00   5.21800E+01  1.25200E+00   5.45259E+01  1.22572E+00   5.69207E+01  1.19998E+00   5.93642E+01  1.17478E+00   6.18548E+01  1.15010E+00   6.43909E+01 
 4.36968E-06   4.34965E+01  4.69073E-06   4.89199E+01  5.24578E-06   4.07783E+01  7.62619E-06   3.91541E+01  1.34369E-05   3.40017E+01  2.16789E-05   2.74278E+01  2.86252E-05   3.32968E+01  3.80215E-05   3.43383E+01  5.31921E-05   3.08640E+01  7.44866E-05   3.15855E+01  1.10237E-04   3.08123E+01  1.59396E-04   2.99596E+01  2.28196E-04   2.98340E+01  3.29215E-04   2.86622E+01  4.70254E-04   2.77108E+01  6.74765E-04   2.67815E+01  9.68013E-04   2.57601E+01  1.38716E-03   2.49095E+01  1.99081E-03   2.39899E+01  2.85320E-03   2.31218E+01  4.09142E-03   2.22511E+01  5.86668E-03   2.13536E+01  8.41167E-03   2.04596E+01  1.20635E-02   1.95564E+01  1.72981E-02   1.86546E+01  2.48078E-02   1.77494E+01  3.55760E-02   1.68444E+01  5.10196E-02   1.59393E+01  7.31660E-02   1.50342E+01  1.04925E-01   1.41294E+01  1.50468E-01   1.32241E+01  2.15774E-01   1.23183E+01  3.09420E-01   1.14123E+01  4.43699E-01   1.05058E+01  6.36239E-01   9.59881E+00  9.12308E-01   8.69133E+00  1.30813E+00   7.78323E+00  1.87564E+00   6.87459E+00  2.43821E+00   6.19102E+00  2.64372E+00   5.93306E+00  2.59839E+00   5.96191E+00  2.55335E+00   6.05339E+00  2.50867E+00   6.20895E+00  2.46439E+00   6.42997E+00  2.42054E+00   6.71774E+00  2.37713E+00   7.07345E+00  2.33418E+00   7.49811E+00  2.29168E+00   7.99262E+00  2.24965E+00   8.55766E+00  2.20807E+00   9.19383E+00  2.16695E+00   9.90151E+00  2.12629E+00   1.06810E+01  2.08610E+00   1.15323E+01  2.04636E+00   1.24555E+01  2.00709E+00   1.34505E+01  1.96829E+00   1.45168E+01  1.92996E+00   1.56542E+01  1.89211E+00   1.68622E+01  1.85474E+00   1.81402E+01  1.81787E+00   1.94874E+01  1.78149E+00   2.09031E+01  1.74562E+00   2.23866E+01  1.71026E+00   2.39368E+01  1.67542E+00   2.55528E+01  1.64112E+00   2.72335E+01  1.60735E+00   2.89779E+01  1.57411E+00   3.07849E+01  1.54143E+00   3.26532E+01  1.50929E+00   3.45820E+01  1.47771E+00   3.65697E+01  1.44669E+00   3.86155E+01  1.41624E+00   4.07181E+01  1.38636E+00   4.28760E+01  1.35705E+00   4.50882E+01  1.32830E+00   4.73533E+01  1.30012E+00   4.96703E+01  1.27250E+00   5.20381E+01  1.24545E+00   5.44553E+01  1.21897E+00   5.69206E+01  1.19304E+00   5.94329E+01  1.16768E+00   6.19912E+01 
 3.97119E-06   6.47423E+01  1.87536E-06   4.24111E+01  4.34131E-06   2.27918E+01  9.28508E-06   4.19486E+01  1.69427E-05   2.98172E+01  2.13742E-05   3.17281E+01  2.50209E-05   3.75305E+01  3.63783E-05   2.92822E+01  5.29658E-05   2.88748E+01  7.98475E-05   2.94191E+01  1.17728E-04   2.77167E+01  1.65668E-04   2.77921E+01  2.37074E-04   2.65386E+01  3.36304E-04   2.53071E+01  4.80242E-04   2.45223E+01  6.89829E-04   2.35064E+01  9.88248E-04   2.26898E+01  1.41990E-03   2.18840E+01  2.03657E-03   2.10241E+01  2.92102E-03   2.01655E+01  4.18923E-03   1.92633E+01  6.00551E-03   1.83614E+01  8.61273E-03   1.74525E+01  1.23497E-02   1.65430E+01  1.77096E-02   1.56386E+01  2.53959E-02   1.47342E+01  3.64189E-02   1.38300E+01  5.22279E-02   1.29264E+01  7.48978E-02   1.20232E+01  1.07408E-01   1.11190E+01  1.54026E-01   1.02144E+01  2.20875E-01   9.30887E+00  3.16732E-01   8.40261E+00  4.54180E-01   7.49547E+00  6.51262E-01   6.58742E+00  9.33842E-01   5.67847E+00  1.33900E+00   4.76856E+00  1.91988E+00   3.85761E+00  2.49572E+00   3.17491E+00  2.70604E+00   2.92278E+00  2.65958E+00   2.95956E+00  2.61338E+00   3.05807E+00  2.56753E+00   3.22030E+00  2.52206E+00   3.44802E+00  2.47701E+00   3.74278E+00  2.43239E+00   4.10595E+00  2.38822E+00   4.53869E+00  2.34449E+00   5.04196E+00  2.30122E+00   5.61655E+00  2.25839E+00   6.26304E+00  2.21602E+00   6.98185E+00  2.17411E+00   7.77325E+00  2.13266E+00   8.63734E+00  2.09167E+00   9.57407E+00  2.05114E+00   1.05833E+01  2.01109E+00   1.16646E+01  1.97152E+00   1.28177E+01  1.93244E+00   1.40419E+01  1.89385E+00   1.53367E+01  1.85577E+00   1.67014E+01  1.81819E+00   1.81351E+01  1.78114E+00   1.96370E+01  1.74462E+00   2.12061E+01  1.70864E+00   2.28414E+01  1.67321E+00   2.45420E+01  1.63834E+00   2.63065E+01  1.60403E+00   2.81339E+01  1.57030E+00   3.00231E+01  1.53714E+00   3.19727E+01  1.50457E+00   3.39816E+01  1.47257E+00   3.60487E+01  1.44117E+00   3.81727E+01  1.41037E+00   4.03524E+01  1.38016E+00   4.25863E+01  1.35054E+00   4.48732E+01  1.32152E+00   4.72120E+01  1.29310E+00   4.96015E+01  1.26526E+00   5.20404E+01  1.23802E+00   5.45278E+01  1.21137E+00   5.70619E+01  1.18529E+00   5.96416E+01 
 1.25861E-06   1.10386E+02  3.17325E-06   1.03629E+00  8.29195E-06   3.97149E+01  1.38860E-05   3.03886E+01  1.64686E-05   2.40733E+01  1.66056E-05   3.10252E+01  2.56381E-05   2.54974E+01  4.00883E-05   2.33405E+01  5.86024E-05   2.69932E+01  8.53062E-05   2.58074E+01  1.18272E-04   2.51034E+01  1.66259E-04   2.45045E+01  2.37233E-04   2.31336E+01  3.39895E-04   2.24260E+01  4.91406E-04   2.15486E+01  7.06309E-04   2.07020E+01  1.01563E-03   1.99190E+01  1.45743E-03   1.90396E+01  2.08808E-03   1.81350E+01  2.99321E-03   1.72204E+01  4.28851E-03   1.62978E+01  6.14797E-03   1.53843E+01  8.81415E-03   1.44766E+01  1.26393E-02   1.35741E+01  1.81257E-02   1.26721E+01  2.59939E-02   1.17724E+01  3.72791E-02   1.08720E+01  5.34618E-02   9.97047E+00  7.66687E-02   9.06811E+00  1.09947E-01   8.16434E+00  1.57668E-01   7.25970E+00  2.26097E-01   6.35410E+00  3.24219E-01   5.44740E+00  4.64916E-01   4.53963E+00  6.66657E-01   3.63074E+00  9.55921E-01   2.72062E+00  1.37067E+00   1.80914E+00  1.96532E+00   8.96239E-01  2.55476E+00   2.14522E-01  2.76995E+00   3.59968E+02  2.72222E+00   1.18880E-02  2.67477E+00   1.16998E-01  2.62766E+00   2.85567E-01  2.58095E+00   5.19742E-01  2.53464E+00   8.21327E-01  2.48876E+00   1.19185E+00  2.44331E+00   1.63260E+00  2.39831E+00   2.14461E+00  2.35375E+00   2.72871E+00  2.30963E+00   3.38552E+00  2.26597E+00   4.11546E+00  2.22276E+00   4.91879E+00  2.18000E+00   5.79561E+00  2.13771E+00   6.74583E+00  2.09590E+00   7.76930E+00  2.05455E+00   8.86562E+00  2.01370E+00   1.00344E+01  1.97335E+00   1.12749E+01  1.93350E+00   1.25867E+01  1.89417E+00   1.39688E+01  1.85537E+00   1.54205E+01  1.81710E+00   1.69409E+01  1.77939E+00   1.85289E+01  1.74224E+00   2.01836E+01  1.70565E+00   2.19038E+01  1.66965E+00   2.36885E+01  1.63424E+00   2.55363E+01  1.59942E+00   2.74461E+01  1.56521E+00   2.94167E+01  1.53161E+00   3.14467E+01  1.49863E+00   3.35349E+01  1.46626E+00   3.56802E+01  1.43451E+00   3.78812E+01  1.40339E+00   4.01370E+01  1.37289E+00   4.24457E+01  1.34302E+00   4.48061E+01  1.31376E+00   4.72173E+01  1.28513E+00   4.96778E+01  1.25711E+00   5.21865E+01  1.22971E+00   5.47426E+01  1.20292E+00   5.73443E+01 
 2.88720E-06   3.28922E+02  5.91659E-06   2.91499E+01  9.70823E-06   3.06997E+01  1.08710E-05   2.08883E+01  1.10352E-05   2.52659E+01  1.70612E-05   2.76953E+01  2.86932E-05   2.36690E+01  4.23082E-05   2.51126E+01  5.99909E-05   2.56893E+01  8.34084E-05   2.34492E+01  1.17755E-04   2.25179E+01  1.69282E-04   2.14830E+01  2.44586E-04   2.03875E+01  3.53517E-04   1.95932E+01  5.07923E-04   1.86749E+01  7.27825E-04   1.78468E+01  1.04228E-03   1.69823E+01  1.49084E-03   1.60694E+01  2.13474E-03   1.51794E+01  3.05875E-03   1.42723E+01  4.38509E-03   1.33643E+01  6.28814E-03   1.24675E+01  9.01923E-03   1.15700E+01  1.29364E-02   1.06712E+01  1.85534E-02   9.77187E+00  2.66091E-02   8.87242E+00  3.81612E-02   7.97190E+00  5.47272E-02   7.07064E+00  7.84816E-02   6.16832E+00  1.12545E-01   5.26520E+00  1.61391E-01   4.36085E+00  2.31434E-01   3.45552E+00  3.31872E-01   2.54888E+00  4.75892E-01   1.64105E+00  6.82402E-01   7.31796E-01  9.78513E-01   3.59821E+02  1.40309E+00   3.58909E+02  2.01186E+00   3.57995E+02  2.61525E+00   3.57314E+02  2.83535E+00   3.57072E+02  2.78624E+00   3.57122E+02  2.73744E+00   3.57233E+02  2.68901E+00   3.57407E+02  2.64098E+00   3.57647E+02  2.59336E+00   3.57956E+02  2.54617E+00   3.58333E+02  2.49941E+00   3.58782E+02  2.45308E+00   3.59302E+02  2.40720E+00   3.59896E+02  2.36175E+00   5.63086E-01  2.31675E+00   1.30417E+00  2.27220E+00   2.11943E+00  2.22810E+00   3.00902E+00  2.18447E+00   3.97276E+00  2.14132E+00   5.01049E+00  2.09865E+00   6.12181E+00  2.05647E+00   7.30620E+00  2.01480E+00   8.56311E+00  1.97365E+00   9.89174E+00  1.93304E+00   1.12914E+01  1.89297E+00   1.27610E+01  1.85345E+00   1.42999E+01  1.81452E+00   1.59068E+01  1.77616E+00   1.75807E+01  1.73839E+00   1.93206E+01  1.70123E+00   2.11252E+01  1.66469E+00   2.29934E+01  1.62877E+00   2.49237E+01  1.59348E+00   2.69151E+01  1.55883E+00   2.89663E+01  1.52483E+00   3.10756E+01  1.49147E+00   3.32422E+01  1.45876E+00   3.54645E+01  1.42671E+00   3.77413E+01  1.39531E+00   4.00718E+01  1.36457E+00   4.24538E+01  1.33447E+00   4.48865E+01  1.30502E+00   4.73687E+01  1.27623E+00   4.98987E+01  1.24807E+00   5.24756E+01  1.22054E+00   5.50989E+01 
 3.33105E-06   2.85702E+01  6.88686E-06   3.08708E+01  8.09722E-06   2.84551E+01  9.24187E-06   2.49645E+01  1.35375E-05   2.62605E+01  2.02288E-05   2.32900E+01  3.09546E-05   2.01875E+01  4.32865E-05   2.12517E+01  5.95465E-05   2.13501E+01  8.57851E-05   1.96064E+01  1.21593E-04   1.93192E+01  1.74701E-04   1.83310E+01  2.52797E-04   1.73530E+01  3.61327E-04   1.66838E+01  5.18444E-04   1.58118E+01  7.41568E-04   1.50409E+01  1.06185E-03   1.41732E+01  1.52222E-03   1.32710E+01  2.18136E-03   1.23668E+01  3.12973E-03   1.14429E+01  4.48874E-03   1.05294E+01  6.43828E-03   9.62180E+00  9.23444E-03   8.71814E+00  1.32438E-02   7.81989E+00  1.89935E-02   6.92214E+00  2.72383E-02   6.02382E+00  3.90615E-02   5.12627E+00  5.60143E-02   4.22666E+00  8.03262E-02   3.32640E+00  1.15189E-01   2.42435E+00  1.65182E-01   1.52110E+00  2.36872E-01   6.16515E-01  3.39673E-01   3.59710E+02  4.87085E-01   3.58803E+02  6.98466E-01   3.57894E+02  1.00157E+00   3.56983E+02  1.43620E+00   3.56071E+02  2.05942E+00   3.55157E+02  2.67704E+00   3.54477E+02  2.90211E+00   3.54238E+02  2.85152E+00   3.54293E+02  2.80130E+00   3.54409E+02  2.75148E+00   3.54588E+02  2.70208E+00   3.54833E+02  2.65311E+00   3.55148E+02  2.60456E+00   3.55532E+02  2.55644E+00   3.55988E+02  2.50875E+00   3.56517E+02  2.46149E+00   3.57120E+02  2.41467E+00   3.57798E+02  2.36829E+00   3.58550E+02  2.32236E+00   3.59377E+02  2.27689E+00   2.79196E-01  2.23188E+00   1.25646E+00  2.18735E+00   2.30842E+00  2.14331E+00   3.43473E+00  2.09977E+00   4.63477E+00  2.05675E+00   5.90798E+00  2.01427E+00   7.25355E+00  1.97233E+00   8.67065E+00  1.93096E+00   1.01583E+01  1.89016E+00   1.17156E+01  1.84996E+00   1.33413E+01  1.81037E+00   1.50344E+01  1.77139E+00   1.67939E+01  1.73304E+00   1.86183E+01  1.69534E+00   2.05066E+01  1.65829E+00   2.24575E+01  1.62190E+00   2.44694E+01  1.58618E+00   2.65415E+01  1.55114E+00   2.86720E+01  1.51677E+00   3.08596E+01  1.48309E+00   3.31032E+01  1.45009E+00   3.54013E+01  1.41777E+00   3.77528E+01  1.38613E+00   4.01564E+01  1.35519E+00   4.26103E+01  1.32492E+00   4.51138E+01  1.29532E+00   4.76654E+01  1.26640E+00   5.02636E+01  1.23814E+00   5.29073E+01 
 4.37071E-06   1.42403E+01  7.42267E-06   2.86903E+01  7.60367E-06   2.39276E+01  9.94857E-06   1.37690E+01  1.22916E-05   1.82575E+01  2.05766E-05   1.68739E+01  3.23311E-05   1.72236E+01  4.24560E-05   2.15054E+01  6.18488E-05   1.96981E+01  8.69443E-05   1.76157E+01  1.22572E-04   1.70990E+01  1.80226E-04   1.53377E+01  2.57868E-04   1.47582E+01  3.70611E-04   1.41817E+01  5.32336E-04   1.32350E+01  7.59684E-04   1.24094E+01  1.08916E-03   1.14156E+01  1.55835E-03   1.04549E+01  2.23407E-03   9.52851E+00  3.20406E-03   8.59253E+00  4.59364E-03   7.69069E+00  6.58928E-03   6.80090E+00  9.44978E-03   5.91299E+00  1.35532E-02   5.02661E+00  1.94362E-02   4.13538E+00  2.78735E-02   3.24246E+00  3.99724E-02   2.34576E+00  5.73217E-02   1.44753E+00  8.22010E-02   5.47824E-01  1.17879E-01   3.59646E+02  1.69041E-01   3.58744E+02  2.42406E-01   3.57840E+02  3.47614E-01   3.56935E+02  4.98481E-01   3.56028E+02  7.14823E-01   3.55120E+02  1.02506E+00   3.54210E+02  1.46993E+00   3.53299E+02  2.10786E+00   3.52385E+02  2.73998E+00   3.51707E+02  2.97008E+00   3.51470E+02  2.91794E+00   3.51528E+02  2.86624E+00   3.51646E+02  2.81499E+00   3.51829E+02  2.76418E+00   3.52080E+02  2.71380E+00   3.52400E+02  2.66386E+00   3.52791E+02  2.61434E+00   3.53254E+02  2.56524E+00   3.53792E+02  2.51658E+00   3.54404E+02  2.46835E+00   3.55091E+02  2.42055E+00   3.55854E+02  2.37320E+00   3.56693E+02  2.32631E+00   3.57608E+02  2.27988E+00   3.58599E+02  2.23393E+00   3.59665E+02  2.18848E+00   8.06331E-01  2.14355E+00   2.02195E+00  2.09914E+00   3.31134E+00  2.05528E+00   4.67372E+00  2.01199E+00   6.10817E+00  1.96928E+00   7.61376E+00  1.92717E+00   9.18938E+00  1.88568E+00   1.08340E+01  1.84482E+00   1.25463E+01  1.80460E+00   1.43252E+01  1.76504E+00   1.61695E+01  1.72616E+00   1.80778E+01  1.68795E+00   2.00489E+01  1.65043E+00   2.20814E+01  1.61362E+00   2.41740E+01  1.57752E+00   2.63254E+01  1.54212E+00   2.85340E+01  1.50744E+00   3.07986E+01  1.47348E+00   3.31178E+01  1.44023E+00   3.54904E+01  1.40770E+00   3.79150E+01  1.37589E+00   4.03902E+01  1.34478E+00   4.29146E+01  1.31438E+00   4.54870E+01  1.28468E+00   4.81064E+01  1.25568E+00   5.07713E+01 
 7.12749E-06   2.85758E+01  6.46786E-06   3.27131E+01  5.98236E-06   8.51012E+00  7.51012E-06   1.66902E+01  1.41356E-05   2.06528E+01  2.56226E-05   1.62789E+01  3.26823E-05   2.01146E+01  4.33319E-05   1.85840E+01  6.16357E-05   1.43921E+01  8.61933E-05   1.42085E+01  1.28228E-04   1.32602E+01  1.86148E-04   1.25236E+01  2.66184E-04   1.24189E+01  3.82171E-04   1.14363E+01  5.42441E-04   1.04839E+01  7.75097E-04   9.54320E+00  1.10943E-03   8.52986E+00  1.58925E-03   7.64554E+00  2.28276E-03   6.72508E+00  3.27516E-03   5.83777E+00  4.70050E-03   4.97616E+00  6.74279E-03   4.09354E+00  9.67127E-03   3.20924E+00  1.38708E-02   2.31556E+00  1.98906E-02   1.42009E+00  2.85241E-02   5.24651E-01  4.09017E-02   3.59627E+02  5.86527E-02   3.58729E+02  8.41083E-02   3.57830E+02  1.20612E-01   3.56930E+02  1.72959E-01   3.56029E+02  2.48027E-01   3.55126E+02  3.55677E-01   3.54223E+02  5.10051E-01   3.53318E+02  7.31429E-01   3.52412E+02  1.04889E+00   3.51504E+02  1.50416E+00   3.50594E+02  2.15704E+00   3.49682E+02  2.80387E+00   3.49005E+02  3.03905E+00   3.48769E+02  2.98534E+00   3.48827E+02  2.93213E+00   3.48948E+02  2.87941E+00   3.49134E+02  2.82715E+00   3.49388E+02  2.77534E+00   3.49713E+02  2.72397E+00   3.50110E+02  2.67302E+00   3.50581E+02  2.62249E+00   3.51127E+02  2.57238E+00   3.51748E+02  2.52270E+00   3.52446E+02  2.47345E+00   3.53220E+02  2.42464E+00   3.54070E+02  2.37629E+00   3.54998E+02  2.32841E+00   3.56002E+02  2.28101E+00   3.57082E+02  2.23412E+00   3.58239E+02  2.18775E+00   3.59470E+02  2.14192E+00   7.75209E-01  2.09665E+00   2.15430E+00  2.05197E+00   3.60600E+00  2.00789E+00   5.12936E+00  1.96443E+00   6.72317E+00  1.92161E+00   8.38641E+00  1.87945E+00   1.01178E+01  1.83797E+00   1.19160E+01  1.79718E+00   1.37799E+01  1.75708E+00   1.57081E+01  1.71770E+00   1.76994E+01  1.67904E+00   1.97522E+01  1.64111E+00   2.18653E+01  1.60393E+00   2.40373E+01  1.56749E+00   2.62667E+01  1.53180E+00   2.85522E+01  1.49686E+00   3.08922E+01  1.46266E+00   3.32855E+01  1.42922E+00   3.57311E+01  1.39653E+00   3.82271E+01  1.36458E+00   4.07725E+01  1.33336E+00   4.33658E+01  1.30288E+00   4.60053E+01  1.27313E+00   4.86906E+01 
 5.52883E-06   4.49841E+01  4.25738E-06   6.01350E+00  4.95167E-06   3.77120E+00  1.10482E-05   1.64054E+01  1.89980E-05   1.28399E+01  2.39830E-05   1.48980E+01  3.00169E-05   1.60441E+01  4.18694E-05   1.25509E+01  6.16108E-05   1.21326E+01  9.16000E-05   1.21297E+01  1.34085E-04   1.14346E+01  1.91170E-04   1.08104E+01  2.71984E-04   9.94675E+00  3.85774E-04   8.76641E+00  5.50708E-04   7.80630E+00  7.90438E-04   6.81395E+00  1.13386E-03   5.88183E+00  1.62879E-03   4.98536E+00  2.33932E-03   4.07796E+00  3.35626E-03   3.20890E+00  4.81409E-03   2.31877E+00  6.90264E-03   1.42989E+00  9.89736E-03   5.37105E-01  1.41907E-02   3.59645E+02  2.03476E-02   3.58754E+02  2.91767E-02   3.57861E+02  4.18379E-02   3.56967E+02  5.99957E-02   3.56072E+02  8.60344E-02   3.55176E+02  1.23376E-01   3.54278E+02  1.76925E-01   3.53379E+02  2.53716E-01   3.52479E+02  3.63840E-01   3.51578E+02  5.21765E-01   3.50675E+02  7.48240E-01   3.49771E+02  1.07303E+00   3.48865E+02  1.53881E+00   3.47958E+02  2.20680E+00   3.47049E+02  2.86852E+00   3.46373E+02  3.10886E+00   3.46136E+02  3.05355E+00   3.46194E+02  2.99882E+00   3.46315E+02  2.94462E+00   3.46504E+02  2.89090E+00   3.46762E+02  2.83763E+00   3.47091E+02  2.78480E+00   3.47494E+02  2.73239E+00   3.47972E+02  2.68039E+00   3.48525E+02  2.62881E+00   3.49155E+02  2.57764E+00   3.49863E+02  2.52690E+00   3.50648E+02  2.47660E+00   3.51510E+02  2.42675E+00   3.52450E+02  2.37738E+00   3.53468E+02  2.32849E+00   3.54562E+02  2.28012E+00   3.55733E+02  2.23228E+00   3.56979E+02  2.18500E+00   3.58301E+02  2.13829E+00   3.59697E+02  2.09219E+00   1.16563E+00  2.04671E+00   2.70668E+00  2.00187E+00   4.31864E+00  1.95771E+00   6.00041E+00  1.91423E+00   7.75069E+00  1.87144E+00   9.56813E+00  1.82939E+00   1.14516E+01  1.78806E+00   1.33994E+01  1.74748E+00   1.54106E+01  1.70766E+00   1.74835E+01  1.66860E+00   1.96167E+01  1.63032E+00   2.18092E+01  1.59282E+00   2.40591E+01  1.55611E+00   2.63652E+01  1.52018E+00   2.87260E+01  1.48503E+00   3.11398E+01  1.45067E+00   3.36057E+01  1.41709E+00   3.61224E+01  1.38428E+00   3.86881E+01  1.35225E+00   4.13021E+01  1.32098E+00   4.39626E+01  1.29046E+00   4.66678E+01 
 4.24944E-06   2.09950E+01  3.47013E-06   3.57528E+02  7.73150E-06   1.00486E+01  1.33991E-05   1.16785E+01  1.61433E-05   1.35352E+01  2.26713E-05   1.46782E+01  3.03325E-05   1.50615E+01  4.41871E-05   1.20684E+01  6.67753E-05   9.88479E+00  9.53835E-05   9.45189E+00  1.37420E-04   8.66736E+00  1.94776E-04   7.95432E+00  2.75313E-04   7.09969E+00  3.93972E-04   6.02971E+00  5.63788E-04   5.10461E+00  8.09282E-04   4.12124E+00  1.16206E-03   3.20673E+00  1.66802E-03   2.31062E+00  2.39334E-03   1.43695E+00  3.43196E-03   5.75321E-01  4.92261E-03   3.59702E+02  7.05720E-03   3.58825E+02  1.01196E-02   3.57942E+02  1.45104E-02   3.57057E+02  2.08068E-02   3.56166E+02  2.98376E-02   3.55274E+02  4.27865E-02   3.54380E+02  6.13573E-02   3.53486E+02  8.79870E-02   3.52591E+02  1.26176E-01   3.51695E+02  1.80939E-01   3.50798E+02  2.59472E-01   3.49900E+02  3.72094E-01   3.49001E+02  5.33602E-01   3.48100E+02  7.65221E-01   3.47199E+02  1.09739E+00   3.46296E+02  1.57378E+00   3.45392E+02  2.25700E+00   3.44487E+02  2.93373E+00   3.43812E+02  3.17929E+00   3.43573E+02  3.12241E+00   3.43629E+02  3.06617E+00   3.43750E+02  3.01049E+00   3.43940E+02  2.95530E+00   3.44200E+02  2.90056E+00   3.44534E+02  2.84625E+00   3.44943E+02  2.79235E+00   3.45427E+02  2.73886E+00   3.45988E+02  2.68577E+00   3.46628E+02  2.63309E+00   3.47345E+02  2.58082E+00   3.48140E+02  2.52900E+00   3.49014E+02  2.47762E+00   3.49967E+02  2.42672E+00   3.50998E+02  2.37631E+00   3.52106E+02  2.32643E+00   3.53292E+02  2.27708E+00   3.54553E+02  2.22831E+00   3.55891E+02  2.18013E+00   3.57303E+02  2.13258E+00   3.58789E+02  2.08567E+00   3.47422E-01  2.03943E+00   1.97732E+00  1.99389E+00   3.67737E+00  1.94906E+00   5.44640E+00  1.90496E+00   7.28291E+00  1.86162E+00   9.18564E+00  1.81905E+00   1.11531E+01  1.77725E+00   1.31839E+01  1.73625E+00   1.52767E+01  1.69605E+00   1.74300E+01  1.65665E+00   1.96424E+01  1.61808E+00   2.19126E+01  1.58033E+00   2.42389E+01  1.54339E+00   2.66200E+01  1.50729E+00   2.90544E+01  1.47199E+00   3.15406E+01  1.43752E+00   3.40774E+01  1.40385E+00   3.66635E+01  1.37099E+00   3.92971E+01  1.33893E+00   4.19776E+01  1.30766E+00   4.47033E+01 
 3.44154E-06   2.48814E+01  4.86756E-06   3.54490E+02  8.83507E-06   5.74355E+00  1.19699E-05   1.36709E+01  1.78059E-05   1.20916E+01  2.28832E-05   1.28376E+01  3.00963E-05   1.00791E+01  4.65374E-05   5.88532E+00  6.68161E-05   6.81571E+00  9.72141E-05   7.19464E+00  1.40386E-04   6.65128E+00  1.96282E-04   5.97646E+00  2.80895E-04   4.68510E+00  4.00696E-04   3.42807E+00  5.74117E-04   2.45685E+00  8.27186E-04   1.49089E+00  1.18766E-03   6.26003E-01  1.70656E-03   3.59800E+02  2.44818E-03   3.58949E+02  3.51109E-03   3.58089E+02  5.03505E-03   3.57202E+02  7.21780E-03   3.56314E+02  1.03495E-02   3.55424E+02  1.48378E-02   3.54529E+02  2.12762E-02   3.53639E+02  3.05080E-02   3.52746E+02  4.37470E-02   3.51854E+02  6.27316E-02   3.50963E+02  8.99562E-02   3.50070E+02  1.28998E-01   3.49177E+02  1.84983E-01   3.48283E+02  2.65271E-01   3.47388E+02  3.80407E-01   3.46492E+02  5.45524E-01   3.45595E+02  7.82317E-01   3.44697E+02  1.12191E+00   3.43798E+02  1.60895E+00   3.42897E+02  2.30747E+00   3.41996E+02  2.99928E+00   3.41322E+02  3.25013E+00   3.41081E+02  3.19174E+00   3.41133E+02  3.13402E+00   3.41253E+02  3.07686E+00   3.41444E+02  3.02020E+00   3.41707E+02  2.96398E+00   3.42045E+02  2.90818E+00   3.42459E+02  2.85278E+00   3.42950E+02  2.79777E+00   3.43519E+02  2.74314E+00   3.44166E+02  2.68892E+00   3.44893E+02  2.63511E+00   3.45700E+02  2.58172E+00   3.46585E+02  2.52879E+00   3.47550E+02  2.47633E+00   3.48594E+02  2.42437E+00   3.49716E+02  2.37294E+00   3.50916E+02  2.32207E+00   3.52193E+02  2.27178E+00   3.53547E+02  2.22210E+00   3.54975E+02  2.17307E+00   3.56478E+02  2.12470E+00   3.58054E+02  2.07704E+00   3.59701E+02  2.03009E+00   1.41939E+00  1.98389E+00   3.20682E+00  1.93846E+00   5.06207E+00  1.89381E+00   6.98384E+00  1.84997E+00   8.97061E+00  1.80694E+00   1.10209E+01  1.76474E+00   1.31333E+01  1.72338E+00   1.53064E+01  1.68287E+00   1.75386E+01  1.64321E+00   1.98286E+01  1.60441E+00   2.21749E+01  1.56647E+00   2.45760E+01  1.52939E+00   2.70303E+01  1.49316E+00   2.95365E+01  1.45778E+00   3.20932E+01  1.42326E+00   3.46992E+01  1.38957E+00   3.73530E+01  1.35671E+00   4.00530E+01  1.32467E+00   4.27979E+01 
 2.49389E-06   3.20398E+02  5.54618E-06   3.48780E+02  9.67190E-06   1.48176E+01  1.46387E-05   9.99934E+00  1.62721E-05   9.67755E+00  1.98948E-05   9.92883E+00  3.16658E-05   5.19427E+00  4.85630E-05   5.45672E+00  7.07792E-05   6.83983E+00  1.02066E-04   5.74284E+00  1.41822E-04   4.42439E+00  1.99788E-04   3.03051E+00  2.85144E-04   1.59948E+00  4.08233E-04   7.00672E-01  5.89862E-04   3.59907E+02  8.48094E-04   3.58986E+02  1.21793E-03   3.58222E+02  1.74820E-03   3.57365E+02  2.50475E-03   3.56486E+02  3.59019E-03   3.55610E+02  5.14547E-03   3.54718E+02  7.37604E-03   3.53834E+02  1.05752E-02   3.52944E+02  1.51624E-02   3.52062E+02  2.17428E-02   3.51176E+02  3.11784E-02   3.50289E+02  4.47094E-02   3.49402E+02  6.41121E-02   3.48514E+02  9.19362E-02   3.47624E+02  1.31836E-01   3.46733E+02  1.89053E-01   3.45841E+02  2.71103E-01   3.44949E+02  3.88767E-01   3.44055E+02  5.57505E-01   3.43161E+02  7.99492E-01   3.42266E+02  1.14653E+00   3.41370E+02  1.64425E+00   3.40474E+02  2.35808E+00   3.39576E+02  3.06500E+00   3.38904E+02  3.32123E+00   3.38659E+02  3.26138E+00   3.38708E+02  3.20221E+00   3.38827E+02  3.14360E+00   3.39018E+02  3.08548E+00   3.39283E+02  3.02778E+00   3.39625E+02  2.97048E+00   3.40044E+02  2.91355E+00   3.40541E+02  2.85700E+00   3.41118E+02  2.80083E+00   3.41774E+02  2.74503E+00   3.42511E+02  2.68964E+00   3.43328E+02  2.63468E+00   3.44225E+02  2.58015E+00   3.45202E+02  2.52611E+00   3.46258E+02  2.47257E+00   3.47394E+02  2.41956E+00   3.48609E+02  2.36713E+00   3.49901E+02  2.31529E+00   3.51270E+02  2.26409E+00   3.52714E+02  2.21356E+00   3.54234E+02  2.16372E+00   3.55827E+02  2.11460E+00   3.57492E+02  2.06624E+00   3.59228E+02  2.01865E+00   1.03358E+00  1.97186E+00   2.90735E+00  1.92589E+00   4.84786E+00  1.88077E+00   6.85368E+00  1.83649E+00   8.92309E+00  1.79309E+00   1.10549E+01  1.75056E+00   1.32473E+01  1.70892E+00   1.54990E+01  1.66816E+00   1.78086E+01  1.62831E+00   2.01745E+01  1.58935E+00   2.25953E+01  1.55129E+00   2.50693E+01  1.51413E+00   2.75951E+01  1.47785E+00   3.01713E+01  1.44245E+00   3.27966E+01  1.40793E+00   3.54695E+01  1.37427E+00   3.81892E+01  1.34147E+00   4.09537E+01 
 5.25531E-06   3.33202E+02  8.16281E-06   6.45238E+00  1.15368E-05   1.09013E+01  1.06774E-05   8.52730E+00  1.36907E-05   9.62176E+00  2.24888E-05   6.18790E+00  3.46123E-05   3.93858E+00  5.18939E-05   3.84321E+00  7.23801E-05   3.48796E+00  1.00858E-04   2.45245E+00  1.42064E-04   1.54131E+00  2.01475E-04   2.81805E-01  2.90295E-04   3.59294E+02  4.18838E-04   3.58492E+02  6.04059E-04   3.57524E+02  8.68055E-04   3.56653E+02  1.24532E-03   3.55827E+02  1.78532E-03   3.54958E+02  2.55770E-03   3.54097E+02  3.66612E-03   3.53218E+02  5.25579E-03   3.52339E+02  7.53553E-03   3.51454E+02  1.08055E-02   3.50569E+02  1.54936E-02   3.49683E+02  2.22177E-02   3.48796E+02  3.18583E-02   3.47909E+02  4.56822E-02   3.47022E+02  6.55045E-02   3.46135E+02  9.39291E-02   3.45247E+02  1.34689E-01   3.44359E+02  1.93138E-01   3.43470E+02  2.76956E-01   3.42580E+02  3.97150E-01   3.41689E+02  5.69516E-01   3.40798E+02  8.16700E-01   3.39907E+02  1.17119E+00   3.39014E+02  1.67957E+00   3.38122E+02  2.40869E+00   3.37229E+02  3.13073E+00   3.36557E+02  3.39237E+00   3.36310E+02  3.33115E+00   3.36354E+02  3.27058E+00   3.36471E+02  3.21055E+00   3.36663E+02  3.15097E+00   3.36931E+02  3.09180E+00   3.37276E+02  3.03299E+00   3.37700E+02  2.97453E+00   3.38204E+02  2.91643E+00   3.38788E+02  2.85868E+00   3.39453E+02  2.80130E+00   3.40199E+02  2.74431E+00   3.41026E+02  2.68773E+00   3.41934E+02  2.63160E+00   3.42924E+02  2.57594E+00   3.43993E+02  2.52080E+00   3.45143E+02  2.46620E+00   3.46371E+02  2.41218E+00   3.47678E+02  2.35877E+00   3.49063E+02  2.30603E+00   3.50523E+02  2.25397E+00   3.52059E+02  2.20263E+00   3.53669E+02  2.15204E+00   3.55351E+02  2.10224E+00   3.57105E+02  2.05325E+00   3.58928E+02  2.00509E+00   8.20254E-01  1.95779E+00   2.77918E+00  1.91137E+00   4.80366E+00  1.86584E+00   6.89201E+00  1.82121E+00   9.04275E+00  1.77751E+00   1.12544E+01  1.73473E+00   1.35252E+01  1.69288E+00   1.58539E+01  1.65197E+00   1.82390E+01  1.61199E+00   2.06789E+01  1.57295E+00   2.31723E+01  1.53485E+00   2.57174E+01  1.49766E+00   2.83128E+01  1.46140E+00   3.09573E+01  1.42605E+00   3.36492E+01  1.39160E+00   3.63872E+01  1.35803E+00   3.91705E+01 
 4.22640E-06   3.29248E+02  7.75452E-06   7.90277E+00  8.28974E-06   1.36806E+01  1.04592E-05   7.89621E+00  1.62648E-05   4.30723E+00  2.37327E-05   1.82281E+00  3.64038E-05   8.94814E-01  5.19986E-05   2.13164E+00  7.18407E-05   2.35584E+00  1.02880E-04   1.02148E+00  1.43788E-04   3.59448E+02  2.06272E-04   3.57880E+02  2.98570E-04   3.56825E+02  4.29186E-04   3.55906E+02  6.19579E-04   3.55109E+02  8.88037E-04   3.54309E+02  1.27307E-03   3.53517E+02  1.82489E-03   3.52667E+02  2.61284E-03   3.51785E+02  3.74568E-03   3.50899E+02  5.36841E-03   3.50006E+02  7.69734E-03   3.49121E+02  1.10365E-02   3.48240E+02  1.58241E-02   3.47360E+02  2.26907E-02   3.46477E+02  3.25346E-02   3.45595E+02  4.66515E-02   3.44713E+02  6.68929E-02   3.43829E+02  9.59193E-02   3.42945E+02  1.37540E-01   3.42059E+02  1.97224E-01   3.41172E+02  2.82807E-01   3.40285E+02  4.05533E-01   3.39397E+02  5.81522E-01   3.38509E+02  8.33895E-01   3.37621E+02  1.19581E+00   3.36732E+02  1.71483E+00   3.35843E+02  2.45918E+00   3.34954E+02  3.19629E+00   3.34284E+02  3.46341E+00   3.34033E+02  3.40088E+00   3.34073E+02  3.33896E+00   3.34189E+02  3.27754E+00   3.34382E+02  3.21653E+00   3.34652E+02  3.15587E+00   3.35001E+02  3.09556E+00   3.35430E+02  3.03556E+00   3.35940E+02  2.97589E+00   3.36531E+02  2.91655E+00   3.37205E+02  2.85757E+00   3.37960E+02  2.79896E+00   3.38797E+02  2.74075E+00   3.39717E+02  2.68299E+00   3.40718E+02  2.62570E+00   3.41800E+02  2.56893E+00   3.42963E+02  2.51271E+00   3.44206E+02  2.45709E+00   3.45527E+02  2.40210E+00   3.46927E+02  2.34779E+00   3.48403E+02  2.29419E+00   3.49955E+02  2.24134E+00   3.51581E+02  2.18927E+00   3.53281E+02  2.13802E+00   3.55052E+02  2.08761E+00   3.56893E+02  2.03808E+00   3.58803E+02  1.98943E+00   7.79586E-01  1.94170E+00   2.82232E+00  1.89491E+00   4.92913E+00  1.84906E+00   7.09849E+00  1.80418E+00   9.32882E+00  1.76026E+00   1.16185E+01  1.71731E+00   1.39661E+01  1.67534E+00   1.63700E+01  1.63434E+00   1.88287E+01  1.59432E+00   2.13407E+01  1.55527E+00   2.39046E+01  1.51719E+00   2.65187E+01  1.48006E+00   2.91817E+01  1.44388E+00   3.18924E+01  1.40864E+00   3.46491E+01  1.37431E+00   3.74505E+01 
 6.80372E-06   3.36716E+02  8.81924E-06   1.72186E+01  9.40468E-06   8.62485E+00  1.07653E-05   3.57617E+02  1.47194E-05   1.36024E+00  2.50196E-05   3.59858E+02  3.83339E-05   7.25497E-01  5.31789E-05   1.90351E+00  7.43075E-05   3.59766E+02  1.02864E-04   3.57586E+02  1.45021E-04   3.56163E+02  2.11417E-04   3.55040E+02  3.04638E-04   3.54375E+02  4.39860E-04   3.53799E+02  6.33575E-04   3.53009E+02  9.06926E-04   3.52199E+02  1.30048E-03   3.51342E+02  1.86103E-03   3.50409E+02  2.66623E-03   3.49526E+02  3.82214E-03   3.48637E+02  5.47917E-03   3.47756E+02  7.85744E-03   3.46880E+02  1.12661E-02   3.46006E+02  1.61551E-02   3.45128E+02  2.31639E-02   3.44248E+02  3.32136E-02   3.43368E+02  4.76239E-02   3.42486E+02  6.82854E-02   3.41603E+02  9.79118E-02   3.40719E+02  1.40393E-01   3.39835E+02  2.01308E-01   3.38950E+02  2.88653E-01   3.38065E+02  4.13902E-01   3.37180E+02  5.93502E-01   3.36295E+02  8.51043E-01   3.35409E+02  1.22035E+00   3.34523E+02  1.74996E+00   3.33638E+02  2.50944E+00   3.32753E+02  3.26154E+00   3.32083E+02  3.53416E+00   3.31829E+02  3.47041E+00   3.31867E+02  3.40719E+00   3.31982E+02  3.34440E+00   3.32175E+02  3.28197E+00   3.32447E+02  3.21985E+00   3.32801E+02  3.15803E+00   3.33235E+02  3.09649E+00   3.33751E+02  3.03524E+00   3.34350E+02  2.97431E+00   3.35031E+02  2.91370E+00   3.35796E+02  2.85346E+00   3.36644E+02  2.79361E+00   3.37574E+02  2.73420E+00   3.38587E+02  2.67526E+00   3.39681E+02  2.61685E+00   3.40857E+02  2.55900E+00   3.42114E+02  2.50176E+00   3.43450E+02  2.44517E+00   3.44864E+02  2.38928E+00   3.46356E+02  2.33412E+00   3.47924E+02  2.27975E+00   3.49566E+02  2.22619E+00   3.51282E+02  2.17347E+00   3.53070E+02  2.12164E+00   3.54928E+02  2.07072E+00   3.56856E+02  2.02073E+00   3.58851E+02  1.97169E+00   9.11207E-01  1.92363E+00   3.03611E+00  1.87656E+00   5.22364E+00  1.83049E+00   7.47228E+00  1.78543E+00   9.78029E+00  1.74139E+00   1.21462E+01  1.69836E+00   1.45685E+01  1.65634E+00   1.70455E+01  1.61534E+00   1.95760E+01  1.57536E+00   2.21582E+01  1.53638E+00   2.47907E+01  1.49839E+00   2.74718E+01  1.46139E+00   3.02002E+01  1.42536E+00   3.29747E+01  1.39028E+00   3.57942E+01 
 6.06806E-06   3.59281E+02  7.47569E-06   2.29668E+01  6.44834E-06   3.56042E+02  8.71855E-06   3.59108E+02  1.78664E-05   1.03153E+00  2.83804E-05   3.58433E+02  3.90165E-05   3.59757E+02  5.31664E-05   3.59293E+02  7.23348E-05   3.56650E+02  1.02491E-04   3.55317E+02  1.48582E-04   3.54204E+02  2.17117E-04   3.53220E+02  3.13774E-04   3.52605E+02  4.51575E-04   3.51689E+02  6.47360E-04   3.50820E+02  9.25838E-04   3.49978E+02  1.32601E-03   3.49089E+02  1.89867E-03   3.48210E+02  2.72066E-03   3.47350E+02  3.90076E-03   3.46471E+02  5.59268E-03   3.45594E+02  8.01938E-03   3.44721E+02  1.14982E-02   3.43845E+02  1.64862E-02   3.42967E+02  2.36372E-02   3.42088E+02  3.38898E-02   3.41208E+02  4.85903E-02   3.40329E+02  6.96686E-02   3.39449E+02  9.98928E-02   3.38568E+02  1.43229E-01   3.37686E+02  2.05368E-01   3.36804E+02  2.94467E-01   3.35922E+02  4.22225E-01   3.35039E+02  6.05414E-01   3.34156E+02  8.68090E-01   3.33273E+02  1.24474E+00   3.32391E+02  1.78485E+00   3.31508E+02  2.55933E+00   3.30626E+02  3.32633E+00   3.29957E+02  3.60446E+00   3.29701E+02  3.53955E+00   3.29736E+02  3.47508E+00   3.29851E+02  3.41095E+00   3.30045E+02  3.34712E+00   3.30320E+02  3.28354E+00   3.30677E+02  3.22021E+00   3.31117E+02  3.15713E+00   3.31639E+02  3.09430E+00   3.32245E+02  3.03176E+00   3.32935E+02  2.96952E+00   3.33709E+02  2.90763E+00   3.34566E+02  2.84613E+00   3.35508E+02  2.78506E+00   3.36532E+02  2.72447E+00   3.37639E+02  2.66441E+00   3.38828E+02  2.60491E+00   3.40098E+02  2.54604E+00   3.41448E+02  2.48785E+00   3.42877E+02  2.43037E+00   3.44383E+02  2.37365E+00   3.45967E+02  2.31775E+00   3.47625E+02  2.26269E+00   3.49357E+02  2.20851E+00   3.51162E+02  2.15525E+00   3.53037E+02  2.10294E+00   3.54982E+02  2.05160E+00   3.56994E+02  2.00126E+00   3.59072E+02  1.95193E+00   1.21432E+00  1.90364E+00   3.41960E+00  1.85638E+00   5.68607E+00  1.81019E+00   8.01210E+00  1.76505E+00   1.03959E+01  1.72096E+00   1.28361E+01  1.67794E+00   1.53310E+01  1.63597E+00   1.78791E+01  1.59506E+00   2.04791E+01  1.55518E+00   2.31293E+01  1.51634E+00   2.58282E+01  1.47852E+00   2.85745E+01  1.44172E+00   3.13664E+01  1.40589E+00   3.42027E+01 
 5.26771E-06   3.58614E+02  6.44356E-06   2.05892E+01  6.95833E-06   3.56335E+02  1.31781E-05   3.57186E+02  1.95031E-05   3.57278E+02  2.75183E-05   3.56412E+02  3.86866E-05   3.58606E+02  5.21587E-05   3.57428E+02  7.42044E-05   3.54644E+02  1.05861E-04   3.52803E+02  1.52717E-04   3.51334E+02  2.23674E-04   3.50745E+02  3.20467E-04   3.50170E+02  4.60415E-04   3.49509E+02  6.59668E-04   3.48792E+02  9.42894E-04   3.47955E+02  1.35219E-03   3.47070E+02  1.93550E-03   3.46146E+02  2.77491E-03   3.45262E+02  3.97856E-03   3.44374E+02  5.70417E-03   3.43499E+02  8.17973E-03   3.42629E+02  1.17262E-02   3.41761E+02  1.68128E-02   3.40888E+02  2.41042E-02   3.40012E+02  3.45597E-02   3.39137E+02  4.95500E-02   3.38258E+02  7.10434E-02   3.37380E+02  1.01861E-01   3.36500E+02  1.46047E-01   3.35620E+02  2.09403E-01   3.34739E+02  3.00242E-01   3.33858E+02  4.30488E-01   3.32978E+02  6.17236E-01   3.32097E+02  8.85001E-01   3.31216E+02  1.26893E+00   3.30336E+02  1.81943E+00   3.29456E+02  2.60876E+00   3.28576E+02  3.39051E+00   3.27908E+02  3.67413E+00   3.27650E+02  3.60812E+00   3.27684E+02  3.54243E+00   3.27798E+02  3.47700E+00   3.27994E+02  3.41179E+00   3.28273E+02  3.34676E+00   3.28634E+02  3.28193E+00   3.29078E+02  3.21730E+00   3.29607E+02  3.15289E+00   3.30220E+02  3.08874E+00   3.30918E+02  3.02487E+00   3.31701E+02  2.96133E+00   3.32568E+02  2.89817E+00   3.33520E+02  2.83544E+00   3.34556E+02  2.77318E+00   3.35675E+02  2.71146E+00   3.36876E+02  2.65032E+00   3.38159E+02  2.58981E+00   3.39523E+02  2.53000E+00   3.40966E+02  2.47094E+00   3.42488E+02  2.41266E+00   3.44086E+02  2.35522E+00   3.45760E+02  2.29866E+00   3.47508E+02  2.24302E+00   3.49329E+02  2.18834E+00   3.51221E+02  2.13464E+00   3.53182E+02  2.08196E+00   3.55211E+02  2.03031E+00   3.57306E+02  1.97972E+00   3.59465E+02  1.93021E+00   1.68792E+00  1.88179E+00   3.97167E+00  1.83446E+00   6.31503E+00  1.78823E+00   8.71632E+00  1.74311E+00   1.11739E+01  1.69908E+00   1.36863E+01  1.65615E+00   1.62517E+01  1.61431E+00   1.88690E+01  1.57356E+00   2.15364E+01  1.53388E+00   2.42522E+01  1.49525E+00   2.70153E+01  1.45767E+00   2.98243E+01  1.42112E+00   3.26777E+01 
 6.72533E-06   1.88146E+01  5.93357E-06   1.99143E+01  7.54384E-06   3.42534E+02  1.08105E-05   3.57002E+02  1.89912E-05   3.56135E+02  2.96287E-05   3.56011E+02  3.86430E-05   3.57410E+02  5.29150E-05   3.54236E+02  7.44478E-05   3.51303E+02  1.06013E-04   3.50044E+02  1.56666E-04   3.49542E+02  2.28392E-04   3.49182E+02  3.27774E-04   3.48630E+02  4.71459E-04   3.47788E+02  6.72198E-04   3.46853E+02  9.61716E-04   3.45912E+02  1.37758E-03   3.44977E+02  1.97271E-03   3.44087E+02  2.82928E-03   3.43226E+02  4.05595E-03   3.42361E+02  5.81668E-03   3.41505E+02  8.33831E-03   3.40641E+02  1.19537E-02   3.39773E+02  1.71381E-02   3.38896E+02  2.45694E-02   3.38021E+02  3.52251E-02   3.37144E+02  5.05013E-02   3.36266E+02  7.24054E-02   3.35389E+02  1.03810E-01   3.34510E+02  1.48837E-01   3.33632E+02  2.13394E-01   3.32754E+02  3.05953E-01   3.31875E+02  4.38659E-01   3.30996E+02  6.28926E-01   3.30117E+02  9.01719E-01   3.29238E+02  1.29283E+00   3.28360E+02  1.85360E+00   3.27482E+02  2.65759E+00   3.26604E+02  3.45391E+00   3.25937E+02  3.74299E+00   3.25678E+02  3.67592E+00   3.25711E+02  3.60905E+00   3.25826E+02  3.54234E+00   3.26025E+02  3.47575E+00   3.26306E+02  3.40929E+00   3.26672E+02  3.34296E+00   3.27122E+02  3.27679E+00   3.27657E+02  3.21081E+00   3.28277E+02  3.14505E+00   3.28983E+02  3.07955E+00   3.29774E+02  3.01437E+00   3.30651E+02  2.94955E+00   3.31613E+02  2.88515E+00   3.32660E+02  2.82123E+00   3.33790E+02  2.75785E+00   3.35004E+02  2.69506E+00   3.36300E+02  2.63293E+00   3.37677E+02  2.57151E+00   3.39134E+02  2.51085E+00   3.40670E+02  2.45102E+00   3.42284E+02  2.39205E+00   3.43973E+02  2.33400E+00   3.45736E+02  2.27690E+00   3.47573E+02  2.22080E+00   3.49480E+02  2.16572E+00   3.51458E+02  2.11170E+00   3.53503E+02  2.05876E+00   3.55614E+02  2.00693E+00   3.57791E+02  1.95621E+00   3.00025E-02  1.90662E+00   2.33058E+00  1.85817E+00   4.69080E+00  1.81087E+00   7.10889E+00  1.76471E+00   9.58334E+00  1.71970E+00   1.21124E+01  1.67582E+00   1.46946E+01  1.63308E+00   1.73286E+01  1.59145E+00   2.00127E+01  1.55094E+00   2.27453E+01  1.51152E+00   2.55249E+01  1.47319E+00   2.83498E+01  1.43592E+00   3.12191E+01 
 4.25345E-06   3.56104E+01  4.45090E-06   1.86559E+00  6.82602E-06   3.43682E+02  1.47417E-05   3.59245E+02  2.28653E-05   3.54646E+02  2.87116E-05   3.54742E+02  3.76766E-05   3.54959E+02  5.16873E-05   3.51053E+02  7.50378E-05   3.49297E+02  1.11047E-04   3.48630E+02  1.62352E-04   3.47749E+02  2.34898E-04   3.47266E+02  3.35177E-04   3.46535E+02  4.78440E-04   3.45680E+02  6.83176E-04   3.44836E+02  9.78529E-04   3.43932E+02  1.40293E-03   3.43060E+02  2.00944E-03   3.42197E+02  2.88243E-03   3.41333E+02  4.13317E-03   3.40457E+02  5.92549E-03   3.39592E+02  8.49434E-03   3.38723E+02  1.21764E-02   3.37851E+02  1.74569E-02   3.36982E+02  2.50256E-02   3.36108E+02  3.58780E-02   3.35234E+02  5.14378E-02   3.34359E+02  7.37465E-02   3.33483E+02  1.05731E-01   3.32607E+02  1.51586E-01   3.31730E+02  2.17330E-01   3.30853E+02  3.11585E-01   3.29976E+02  4.46716E-01   3.29098E+02  6.40449E-01   3.28221E+02  9.18198E-01   3.27343E+02  1.31639E+00   3.26466E+02  1.88726E+00   3.25590E+02  2.70569E+00   3.24714E+02  3.51636E+00   3.24047E+02  3.81083E+00   3.23788E+02  3.74274E+00   3.23821E+02  3.67471E+00   3.23938E+02  3.60673E+00   3.24138E+02  3.53879E+00   3.24423E+02  3.47091E+00   3.24793E+02  3.40310E+00   3.25249E+02  3.33540E+00   3.25790E+02  3.26785E+00   3.26417E+02  3.20049E+00   3.27131E+02  3.13337E+00   3.27931E+02  3.06654E+00   3.28817E+02  3.00007E+00   3.29789E+02  2.93401E+00   3.30847E+02  2.86844E+00   3.31989E+02  2.80341E+00   3.33214E+02  2.73898E+00   3.34523E+02  2.67523E+00   3.35913E+02  2.61221E+00   3.37383E+02  2.54998E+00   3.38933E+02  2.48859E+00   3.40561E+02  2.42811E+00   3.42265E+02  2.36857E+00   3.44043E+02  2.31003E+00   3.45895E+02  2.25253E+00   3.47818E+02  2.19608E+00   3.49811E+02  2.14075E+00   3.51872E+02  2.08653E+00   3.53999E+02  2.03346E+00   3.56192E+02  1.98155E+00   3.58447E+02  1.93081E+00   7.63981E-01  1.88126E+00   3.14049E+00  1.83290E+00   5.57495E+00  1.78573E+00   8.06565E+00  1.73974E+00   1.06111E+01  1.69493E+00   1.32094E+01  1.65129E+00   1.58593E+01  1.60882E+00   1.85593E+01  1.56750E+00   2.13077E+01  1.52730E+00   2.41032E+01  1.48823E+00   2.69443E+01  1.45025E+00   2.98292E+01 
 6.22797E-06   2.73560E+01  4.99136E-06   3.58886E+02  9.65763E-06   3.44847E+02  1.45451E-05   3.56903E+02  1.94440E-05   3.51891E+02  2.81093E-05   3.53215E+02  3.72848E-05   3.52573E+02  5.29981E-05   3.48625E+02  7.84026E-05   3.47078E+02  1.13414E-04   3.46180E+02  1.66132E-04   3.45840E+02  2.38626E-04   3.45596E+02  3.39667E-04   3.44894E+02  4.87473E-04   3.44062E+02  6.95202E-04   3.43055E+02  9.97485E-04   3.42112E+02  1.42888E-03   3.41218E+02  2.04696E-03   3.40322E+02  2.93698E-03   3.39473E+02  4.20830E-03   3.38611E+02  6.03367E-03   3.37762E+02  8.64723E-03   3.36899E+02  1.23957E-02   3.36034E+02  1.77709E-02   3.35163E+02  2.54757E-02   3.34288E+02  3.65232E-02   3.33414E+02  5.23602E-02   3.32539E+02  7.50670E-02   3.31664E+02  1.07620E-01   3.30789E+02  1.54290E-01   3.29914E+02  2.21197E-01   3.29038E+02  3.17117E-01   3.28161E+02  4.54629E-01   3.27285E+02  6.51765E-01   3.26409E+02  9.34377E-01   3.25533E+02  1.33952E+00   3.24657E+02  1.92031E+00   3.23781E+02  2.75291E+00   3.22906E+02  3.57766E+00   3.22240E+02  3.87743E+00   3.21982E+02  3.80834E+00   3.22016E+02  3.73918E+00   3.22134E+02  3.66995E+00   3.22338E+02  3.60068E+00   3.22627E+02  3.53139E+00   3.23001E+02  3.46211E+00   3.23461E+02  3.39290E+00   3.24009E+02  3.32379E+00   3.24643E+02  3.25485E+00   3.25364E+02  3.18611E+00   3.26173E+02  3.11766E+00   3.27068E+02  3.04955E+00   3.28050E+02  2.98185E+00   3.29118E+02  2.91464E+00   3.30271E+02  2.84797E+00   3.31508E+02  2.78192E+00   3.32829E+02  2.71656E+00   3.34231E+02  2.65196E+00   3.35715E+02  2.58817E+00   3.37278E+02  2.52525E+00   3.38920E+02  2.46327E+00   3.40638E+02  2.40227E+00   3.42430E+02  2.34231E+00   3.44297E+02  2.28341E+00   3.46235E+02  2.22563E+00   3.48243E+02  2.16899E+00   3.50319E+02  2.11351E+00   3.52462E+02  2.05923E+00   3.54670E+02  2.00615E+00   3.56941E+02  1.95428E+00   3.59273E+02  1.90365E+00   1.66556E+00  1.85425E+00   4.11563E+00  1.80608E+00   6.62196E+00  1.75915E+00   9.18292E+00  1.71343E+00   1.17969E+01  1.66892E+00   1.44624E+01  1.62561E+00   1.71778E+01  1.58349E+00   1.99416E+01  1.54254E+00   2.27521E+01  1.50275E+00   2.56079E+01  1.46408E+00   2.85079E+01 
 3.96342E-06   5.75345E+01  4.71264E-06   3.30442E+02  8.49325E-06   3.43564E+02  1.52493E-05   3.59039E+02  2.33528E-05   3.51327E+02  2.84680E-05   3.52402E+02  3.68273E-05   3.49864E+02  5.35022E-05   3.45390E+02  7.86118E-05   3.44873E+02  1.17023E-04   3.44981E+02  1.70472E-04   3.44683E+02  2.43248E-04   3.44084E+02  3.47300E-04   3.43119E+02  4.95095E-04   3.42077E+02  7.06697E-04   3.41151E+02  1.01364E-03   3.40284E+02  1.45252E-03   3.39429E+02  2.08304E-03   3.38599E+02  2.98695E-03   3.37755E+02  4.28171E-03   3.36900E+02  6.13804E-03   3.36039E+02  8.79702E-03   3.35168E+02  1.26105E-02   3.34296E+02  1.80772E-02   3.33421E+02  2.59149E-02   3.32551E+02  3.71512E-02   3.31679E+02  5.32606E-02   3.30806E+02  7.63559E-02   3.29933E+02  1.09465E-01   3.29059E+02  1.56931E-01   3.28185E+02  2.24976E-01   3.27311E+02  3.22525E-01   3.26436E+02  4.62363E-01   3.25561E+02  6.62827E-01   3.24685E+02  9.50195E-01   3.23810E+02  1.36213E+00   3.22934E+02  1.95263E+00   3.22059E+02  2.79907E+00   3.21185E+02  3.63760E+00   3.20519E+02  3.94255E+00   3.20262E+02  3.87247E+00   3.20298E+02  3.80219E+00   3.20419E+02  3.73173E+00   3.20626E+02  3.66114E+00   3.20918E+02  3.59047E+00   3.21297E+02  3.51975E+00   3.21763E+02  3.44904E+00   3.22316E+02  3.37840E+00   3.22957E+02  3.30789E+00   3.23686E+02  3.23757E+00   3.24502E+02  3.16752E+00   3.25407E+02  3.09779E+00   3.26398E+02  3.02847E+00   3.27476E+02  2.95963E+00   3.28639E+02  2.89136E+00   3.29888E+02  2.82371E+00   3.31220E+02  2.75677E+00   3.32635E+02  2.69060E+00   3.34131E+02  2.62528E+00   3.35707E+02  2.56086E+00   3.37362E+02  2.49740E+00   3.39093E+02  2.43497E+00   3.40900E+02  2.37360E+00   3.42781E+02  2.31335E+00   3.44733E+02  2.25425E+00   3.46755E+02  2.19633E+00   3.48847E+02  2.13962E+00   3.51004E+02  2.08415E+00   3.53227E+02  2.02992E+00   3.55513E+02  1.97696E+00   3.57860E+02  1.92527E+00   2.67288E-01  1.87486E+00   2.73242E+00  1.82571E+00   5.25372E+00  1.77785E+00   7.82970E+00  1.73124E+00   1.04585E+01  1.68589E+00   1.31386E+01  1.64177E+00   1.58686E+01  1.59888E+00   1.86470E+01  1.55719E+00   2.14722E+01  1.51670E+00   2.43428E+01  1.47737E+00   2.72567E+01 
 4.53983E-06   2.01115E+01  5.81354E-06   3.36293E+02  1.17114E-05   3.52063E+02  1.76095E-05   3.55298E+02  1.96258E-05   3.48869E+02  2.59164E-05   3.50303E+02  3.67125E-05   3.46190E+02  5.49745E-05   3.43678E+02  8.32171E-05   3.44027E+02  1.20287E-04   3.43423E+02  1.73328E-04   3.42905E+02  2.47222E-04   3.42383E+02  3.51055E-04   3.41355E+02  5.02228E-04   3.40514E+02  7.17770E-04   3.39605E+02  1.03110E-03   3.38697E+02  1.47821E-03   3.37835E+02  2.11921E-03   3.36960E+02  3.03862E-03   3.36103E+02  4.35320E-03   3.35231E+02  6.24020E-03   3.34380E+02  8.94309E-03   3.33515E+02  1.28196E-02   3.32649E+02  1.83757E-02   3.31781E+02  2.63421E-02   3.30911E+02  3.77643E-02   3.30039E+02  5.41378E-02   3.29167E+02  7.76118E-02   3.28295E+02  1.11263E-01   3.27422E+02  1.59503E-01   3.26549E+02  2.28656E-01   3.25675E+02  3.27788E-01   3.24801E+02  4.69892E-01   3.23926E+02  6.73594E-01   3.23051E+02  9.65588E-01   3.22176E+02  1.38414E+00   3.21301E+02  1.98408E+00   3.20426E+02  2.84400E+00   3.19552E+02  3.69594E+00   3.18887E+02  4.00591E+00   3.18631E+02  3.93487E+00   3.18670E+02  3.86348E+00   3.18794E+02  3.79182E+00   3.19004E+02  3.71994E+00   3.19300E+02  3.64790E+00   3.19683E+02  3.57576E+00   3.20154E+02  3.50359E+00   3.20713E+02  3.43145E+00   3.21361E+02  3.35940E+00   3.22097E+02  3.28752E+00   3.22921E+02  3.21589E+00   3.23834E+02  3.14458E+00   3.24834E+02  3.07367E+00   3.25922E+02  3.00324E+00   3.27096E+02  2.93338E+00   3.28355E+02  2.86417E+00   3.29698E+02  2.79568E+00   3.31125E+02  2.72798E+00   3.32633E+02  2.66116E+00   3.34221E+02  2.59527E+00   3.35889E+02  2.53037E+00   3.37633E+02  2.46653E+00   3.39453E+02  2.40380E+00   3.41347E+02  2.34222E+00   3.43313E+02  2.28183E+00   3.45350E+02  2.22266E+00   3.47455E+02  2.16476E+00   3.49627E+02  2.10812E+00   3.51864E+02  2.05279E+00   3.54164E+02  1.99876E+00   3.56526E+02  1.94604E+00   3.58947E+02  1.89465E+00   1.42620E+00  1.84456E+00   3.96177E+00  1.79579E+00   6.55196E+00  1.74833E+00   9.19513E+00  1.70216E+00   1.18894E+01  1.65725E+00   1.46334E+01  1.61362E+00   1.74257E+01  1.57122E+00   2.02645E+01  1.53005E+00   2.31485E+01  1.49008E+00   2.60765E+01 
 3.16892E-06   4.62789E+01  6.42685E-06   3.24953E+02  1.03820E-05   3.47684E+02  1.49796E-05   3.55682E+02  2.17223E-05   3.48239E+02  2.74783E-05   3.49310E+02  3.78579E-05   3.43755E+02  5.74463E-05   3.41246E+02  8.34766E-05   3.41802E+02  1.22212E-04   3.42017E+02  1.76603E-04   3.41781E+02  2.50191E-04   3.40853E+02  3.57956E-04   3.39875E+02  5.10815E-04   3.38858E+02  7.30083E-04   3.37873E+02  1.04855E-03   3.37047E+02  1.50150E-03   3.36205E+02  2.15319E-03   3.35389E+02  3.08541E-03   3.34549E+02  4.42206E-03   3.33702E+02  6.33825E-03   3.32842E+02  9.08304E-03   3.31970E+02  1.30209E-02   3.31105E+02  1.86641E-02   3.30231E+02  2.67568E-02   3.29360E+02  3.83569E-02   3.28489E+02  5.49862E-02   3.27619E+02  7.88262E-02   3.26748E+02  1.13001E-01   3.25876E+02  1.61990E-01   3.25004E+02  2.32214E-01   3.24132E+02  3.32879E-01   3.23258E+02  4.77174E-01   3.22384E+02  6.84009E-01   3.21510E+02  9.80482E-01   3.20635E+02  1.40543E+00   3.19760E+02  2.01452E+00   3.18886E+02  2.88750E+00   3.18011E+02  3.75242E+00   3.17346E+02  4.06725E+00   3.17093E+02  3.99524E+00   3.17134E+02  3.92276E+00   3.17261E+02  3.84991E+00   3.17474E+02  3.77677E+00   3.17775E+02  3.70340E+00   3.18162E+02  3.62988E+00   3.18638E+02  3.55628E+00   3.19203E+02  3.48267E+00   3.19857E+02  3.40913E+00   3.20600E+02  3.33573E+00   3.21432E+02  3.26256E+00   3.22352E+02  3.18970E+00   3.23362E+02  3.11724E+00   3.24458E+02  3.04527E+00   3.25642E+02  2.97387E+00   3.26911E+02  2.90313E+00   3.28265E+02  2.83312E+00   3.29703E+02  2.76394E+00   3.31223E+02  2.69565E+00   3.32823E+02  2.62833E+00   3.34502E+02  2.56204E+00   3.36259E+02  2.49683E+00   3.38092E+02  2.43277E+00   3.39999E+02  2.36990E+00   3.41978E+02  2.30827E+00   3.44028E+02  2.24790E+00   3.46146E+02  2.18883E+00   3.48331E+02  2.13108E+00   3.50582E+02  2.07467E+00   3.52895E+02  2.01960E+00   3.55271E+02  1.96589E+00   3.57706E+02  1.91355E+00   1.98476E-01  1.86256E+00   2.74760E+00  1.81292E+00   5.35128E+00  1.76463E+00   8.00772E+00  1.71767E+00   1.07153E+01  1.67202E+00   1.34726E+01  1.62766E+00   1.62781E+01  1.58458E+00   1.91302E+01  1.54276E+00   2.20273E+01  1.50217E+00   2.49678E+01 
 3.92911E-06   3.57174E+02  7.85482E-06   3.32285E+02  1.28609E-05   3.57458E+02  1.81049E-05   3.53937E+02  1.90386E-05   3.45473E+02  2.46404E-05   3.45187E+02  3.84944E-05   3.40112E+02  5.81945E-05   3.39972E+02  8.67957E-05   3.41581E+02  1.25902E-04   3.41141E+02  1.78487E-04   3.40237E+02  2.53903E-04   3.39386E+02  3.61705E-04   3.38217E+02  5.16610E-04   3.37331E+02  7.40317E-04   3.36509E+02  1.06362E-03   3.35675E+02  1.52488E-03   3.34836E+02  2.18594E-03   3.33963E+02  3.13272E-03   3.33108E+02  4.48886E-03   3.32237E+02  6.43296E-03   3.31375E+02  9.21892E-03   3.30506E+02  1.32145E-02   3.29640E+02  1.89421E-02   3.28774E+02  2.71547E-02   3.27907E+02  3.89265E-02   3.27038E+02  5.58028E-02   3.26169E+02  7.99944E-02   3.25299E+02  1.14672E-01   3.24428E+02  1.64382E-01   3.23557E+02  2.35637E-01   3.22684E+02  3.37775E-01   3.21811E+02  4.84178E-01   3.20938E+02  6.94026E-01   3.20064E+02  9.94808E-01   3.19189E+02  1.42592E+00   3.18314E+02  2.04380E+00   3.17439E+02  2.92935E+00   3.16564E+02  3.80676E+00   3.15900E+02  4.12624E+00   3.15648E+02  4.05328E+00   3.15693E+02  3.97974E+00   3.15823E+02  3.90574E+00   3.16040E+02  3.83137E+00   3.16344E+02  3.75671E+00   3.16736E+02  3.68185E+00   3.17217E+02  3.60686E+00   3.17787E+02  3.53182E+00   3.18447E+02  3.45683E+00   3.19197E+02  3.38195E+00   3.20036E+02  3.30729E+00   3.20964E+02  3.23294E+00   3.21981E+02  3.15898E+00   3.23087E+02  3.08551E+00   3.24280E+02  3.01262E+00   3.25559E+02  2.94040E+00   3.26923E+02  2.86893E+00   3.28371E+02  2.79831E+00   3.29902E+02  2.72862E+00   3.31513E+02  2.65991E+00   3.33204E+02  2.59227E+00   3.34973E+02  2.52575E+00   3.36818E+02  2.46041E+00   3.38737E+02  2.39630E+00   3.40728E+02  2.33346E+00   3.42790E+02  2.27193E+00   3.44921E+02  2.21174E+00   3.47119E+02  2.15291E+00   3.49382E+02  2.09547E+00   3.51709E+02  2.03942E+00   3.54097E+02  1.98476E+00   3.56544E+02  1.93150E+00   3.59050E+02  1.87964E+00   1.61196E+00  1.82917E+00   4.22840E+00  1.78009E+00   6.89773E+00  1.73237E+00   9.61793E+00  1.68600E+00   1.23877E+01  1.64096E+00   1.52055E+01  1.59723E+00   1.80697E+01  1.55478E+00   2.09790E+01  1.51361E+00   2.39320E+01 
 3.61530E-06   7.46796E+00  7.70571E-06   3.32293E+02  1.17323E-05   3.51872E+02  1.38639E-05   3.49443E+02  1.93415E-05   3.43345E+02  2.76462E-05   3.44560E+02  4.04736E-05   3.39672E+02  6.09655E-05   3.39455E+02  8.82385E-05   3.39769E+02  1.26566E-04   3.39392E+02  1.81071E-04   3.39057E+02  2.56630E-04   3.37927E+02  3.67301E-04   3.36915E+02  5.25119E-04   3.36013E+02  7.52551E-04   3.35081E+02  1.08073E-03   3.34262E+02  1.54667E-03   3.33399E+02  2.21748E-03   3.32581E+02  3.17594E-03   3.31729E+02  4.55072E-03   3.30880E+02  6.52207E-03   3.30025E+02  9.34725E-03   3.29155E+02  1.33995E-02   3.28293E+02  1.92070E-02   3.27420E+02  2.75347E-02   3.26552E+02  3.94710E-02   3.25683E+02  5.65821E-02   3.24815E+02  8.11093E-02   3.23946E+02  1.16268E-01   3.23076E+02  1.66665E-01   3.22205E+02  2.38903E-01   3.21334E+02  3.42447E-01   3.20462E+02  4.90862E-01   3.19588E+02  7.03588E-01   3.18715E+02  1.00849E+00   3.17840E+02  1.44548E+00   3.16965E+02  2.07177E+00   3.16090E+02  2.96934E+00   3.15214E+02  3.85868E+00   3.14551E+02  4.18259E+00   3.14301E+02  4.10869E+00   3.14349E+02  4.03411E+00   3.14483E+02  3.95899E+00   3.14703E+02  3.88343E+00   3.15011E+02  3.80753E+00   3.15407E+02  3.73137E+00   3.15892E+02  3.65505E+00   3.16468E+02  3.57865E+00   3.17133E+02  3.50226E+00   3.17889E+02  3.42597E+00   3.18735E+02  3.34988E+00   3.19670E+02  3.27408E+00   3.20695E+02  3.19868E+00   3.21809E+02  3.12377E+00   3.23011E+02  3.04944E+00   3.24299E+02  2.97581E+00   3.25673E+02  2.90294E+00   3.27131E+02  2.83094E+00   3.28672E+02  2.75989E+00   3.30294E+02  2.68985E+00   3.31996E+02  2.62092E+00   3.33775E+02  2.55314E+00   3.35631E+02  2.48658E+00   3.37562E+02  2.42128E+00   3.39565E+02  2.35730E+00   3.41639E+02  2.29466E+00   3.43781E+02  2.23340E+00   3.45991E+02  2.17355E+00   3.48266E+02  2.11512E+00   3.50605E+02  2.05812E+00   3.53005E+02  2.00255E+00   3.55465E+02  1.94843E+00   3.57982E+02  1.89574E+00   5.56138E-01  1.84449E+00   3.18443E+00  1.79465E+00   5.86550E+00  1.74621E+00   8.59760E+00  1.69916E+00   1.13791E+01  1.65347E+00   1.42087E+01  1.60912E+00   1.70845E+01  1.56609E+00   2.00051E+01  1.52436E+00   2.29691E+01 
 3.90427E-06   3.30914E+02  8.85647E-06   3.33403E+02  1.28407E-05   3.59325E+02  1.70043E-05   3.49187E+02  1.93587E-05   3.40860E+02  2.51034E-05   3.40705E+02  4.02498E-05   3.36912E+02  6.14548E-05   3.37902E+02  8.99741E-05   3.39148E+02  1.29896E-04   3.38712E+02  1.82878E-04   3.37661E+02  2.60317E-04   3.36633E+02  3.71691E-04   3.35505E+02  5.30641E-04   3.34662E+02  7.62179E-04   3.33845E+02  1.09367E-03   3.33008E+02  1.56714E-03   3.32218E+02  2.24666E-03   3.31357E+02  3.21792E-03   3.30497E+02  4.61131E-03   3.29632E+02  6.60828E-03   3.28760E+02  9.47060E-03   3.27893E+02  1.35753E-02   3.27026E+02  1.94591E-02   3.26159E+02  2.78948E-02   3.25295E+02  3.99861E-02   3.24429E+02  5.73198E-02   3.23563E+02  8.21644E-02   3.22694E+02  1.17778E-01   3.21825E+02  1.68825E-01   3.20955E+02  2.41995E-01   3.20084E+02  3.46871E-01   3.19212E+02  4.97191E-01   3.18339E+02  7.12643E-01   3.17466E+02  1.02144E+00   3.16591E+02  1.46400E+00   3.15716E+02  2.09827E+00   3.14840E+02  3.00723E+00   3.13964E+02  3.90789E+00   3.13300E+02  4.23596E+00   3.13053E+02  4.16115E+00   3.13104E+02  4.08558E+00   3.13241E+02  4.00938E+00   3.13465E+02  3.93268E+00   3.13776E+02  3.85559E+00   3.14176E+02  3.77820E+00   3.14666E+02  3.70060E+00   3.15246E+02  3.62289E+00   3.15917E+02  3.54517E+00   3.16678E+02  3.46753E+00   3.17531E+02  3.39007E+00   3.18473E+02  3.31291E+00   3.19506E+02  3.23613E+00   3.20627E+02  3.15985E+00   3.21837E+02  3.08416E+00   3.23134E+02  3.00917E+00   3.24516E+02  2.93498E+00   3.25984E+02  2.86166E+00   3.27534E+02  2.78932E+00   3.29166E+02  2.71803E+00   3.30878E+02  2.64786E+00   3.32668E+02  2.57889E+00   3.34534E+02  2.51117E+00   3.36476E+02  2.44474E+00   3.38489E+02  2.37967E+00   3.40574E+02  2.31599E+00   3.42728E+02  2.25372E+00   3.44949E+02  2.19290E+00   3.47235E+02  2.13353E+00   3.49585E+02  2.07564E+00   3.51996E+02  2.01922E+00   3.54467E+02  1.96428E+00   3.56996E+02  1.91081E+00   3.59581E+02  1.85881E+00   2.22039E+00  1.80826E+00   4.91264E+00  1.75915E+00   7.65565E+00  1.71145E+00   1.04480E+01  1.66516E+00   1.32882E+01  1.62023E+00   1.61747E+01  1.57664E+00   1.91061E+01  1.53438E+00   2.20808E+01 
 5.18866E-06   3.41263E+02  8.65377E-06   3.39515E+02  1.22319E-05   3.55701E+02  1.33090E-05   3.43190E+02  1.76807E-05   3.39026E+02  2.79158E-05   3.40827E+02  4.35686E-05   3.37009E+02  6.43495E-05   3.38227E+02  9.17241E-05   3.37945E+02  1.30056E-04   3.36975E+02  1.84487E-04   3.36584E+02  2.61956E-04   3.35377E+02  3.75721E-04   3.34436E+02  5.38254E-04   3.33617E+02  7.72561E-04   3.32676E+02  1.10869E-03   3.31879E+02  1.58704E-03   3.31002E+02  2.27449E-03   3.30168E+02  3.25636E-03   3.29315E+02  4.66622E-03   3.28457E+02  6.68711E-03   3.27606E+02  9.58408E-03   3.26739E+02  1.37389E-02   3.25876E+02  1.96939E-02   3.25010E+02  2.82319E-02   3.24145E+02  4.04690E-02   3.23279E+02  5.80110E-02   3.22412E+02  8.31543E-02   3.21544E+02  1.19194E-01   3.20675E+02  1.70851E-01   3.19806E+02  2.44894E-01   3.18935E+02  3.51019E-01   3.18064E+02  5.03127E-01   3.17191E+02  7.21135E-01   3.16318E+02  1.03359E+00   3.15443E+02  1.48139E+00   3.14568E+02  2.12314E+00   3.13692E+02  3.04280E+00   3.12815E+02  3.95407E+00   3.12152E+02  4.28604E+00   3.11907E+02  4.21035E+00   3.11961E+02  4.13381E+00   3.12101E+02  4.05660E+00   3.12327E+02  3.97882E+00   3.12642E+02  3.90060E+00   3.13046E+02  3.82204E+00   3.13540E+02  3.74324E+00   3.14124E+02  3.66430E+00   3.14800E+02  3.58532E+00   3.15567E+02  3.50641E+00   3.16425E+02  3.42767E+00   3.17374E+02  3.34920E+00   3.18413E+02  3.27113E+00   3.19542E+02  3.19356E+00   3.20759E+02  3.11658E+00   3.22064E+02  3.04032E+00   3.23455E+02  2.96487E+00   3.24931E+02  2.89032E+00   3.26490E+02  2.81677E+00   3.28132E+02  2.74429E+00   3.29853E+02  2.67297E+00   3.31652E+02  2.60287E+00   3.33529E+02  2.53406E+00   3.35479E+02  2.46658E+00   3.37503E+02  2.40049E+00   3.39598E+02  2.33582E+00   3.41762E+02  2.27261E+00   3.43993E+02  2.21087E+00   3.46290E+02  2.15063E+00   3.48650E+02  2.09191E+00   3.51072E+02  2.03469E+00   3.53553E+02  1.97898E+00   3.56092E+02  1.92479E+00   3.58687E+02  1.87209E+00   1.33692E+00  1.82088E+00   4.03929E+00  1.77114E+00   6.79256E+00  1.72284E+00   9.59500E+00  1.67597E+00   1.24453E+01  1.63051E+00   1.53417E+01  1.58641E+00   1.82826E+01  1.54366E+00   2.12669E+01 
 4.84125E-06   3.20598E+02  9.17936E-06   3.36429E+02  1.23429E-05   3.58211E+02  1.61070E-05   3.44375E+02  1.96831E-05   3.38980E+02  2.69794E-05   3.37621E+02  4.30775E-05   3.34691E+02  6.36596E-05   3.36513E+02  9.19035E-05   3.37051E+02  1.32460E-04   3.36446E+02  1.86213E-04   3.35386E+02  2.65945E-04   3.34311E+02  3.80575E-04   3.33223E+02  5.43918E-04   3.32365E+02  7.81603E-04   3.31625E+02  1.12015E-03   3.30812E+02  1.60443E-03   3.30009E+02  2.29918E-03   3.29161E+02  3.29223E-03   3.28293E+02  4.71800E-03   3.27424E+02  6.76179E-03   3.26551E+02  9.69183E-03   3.25688E+02  1.38925E-02   3.24821E+02  1.99137E-02   3.23957E+02  2.85456E-02   3.23095E+02  4.09174E-02   3.22229E+02  5.86525E-02   3.21364E+02  8.40711E-02   3.20497E+02  1.20507E-01   3.19630E+02  1.72729E-01   3.18760E+02  2.47581E-01   3.17891E+02  3.54865E-01   3.17019E+02  5.08630E-01   3.16147E+02  7.29011E-01   3.15273E+02  1.04486E+00   3.14399E+02  1.49751E+00   3.13523E+02  2.14621E+00   3.12647E+02  3.07581E+00   3.11769E+02  3.99693E+00   3.11106E+02  4.33250E+00   3.10864E+02  4.25597E+00   3.10921E+02  4.17853E+00   3.11063E+02  4.10035E+00   3.11293E+02  4.02157E+00   3.11611E+02  3.94230E+00   3.12018E+02  3.86265E+00   3.12516E+02  3.78272E+00   3.13104E+02  3.70263E+00   3.13785E+02  3.62248E+00   3.14557E+02  3.54238E+00   3.15420E+02  3.46244E+00   3.16375E+02  3.38277E+00   3.17421E+02  3.30349E+00   3.18556E+02  3.22471E+00   3.19780E+02  3.14654E+00   3.21092E+02  3.06909E+00   3.22491E+02  2.99247E+00   3.23974E+02  2.91677E+00   3.25542E+02  2.84209E+00   3.27191E+02  2.76851E+00   3.28921E+02  2.69612E+00   3.30729E+02  2.62497E+00   3.32615E+02  2.55515E+00   3.34575E+02  2.48669E+00   3.36608E+02  2.41965E+00   3.38712E+02  2.35407E+00   3.40885E+02  2.28998E+00   3.43126E+02  2.22740E+00   3.45432E+02  2.16635E+00   3.47801E+02  2.10685E+00   3.50232E+02  2.04890E+00   3.52723E+02  1.99248E+00   3.55271E+02  1.93761E+00   3.57876E+02  1.88427E+00   5.35224E-01  1.83245E+00   3.24693E+00  1.78213E+00   6.00937E+00  1.73328E+00   8.82093E+00  1.68589E+00   1.16802E+01  1.63992E+00   1.45856E+01  1.59535E+00   1.75357E+01  1.55215E+00   2.05289E+01 
 6.75011E-06   3.30712E+02  9.25847E-06   3.45722E+02  1.19294E-05   3.56609E+02  1.26622E-05   3.37080E+02  1.71563E-05   3.34003E+02  2.88195E-05   3.36763E+02  4.53704E-05   3.35146E+02  6.61794E-05   3.37112E+02  9.46600E-05   3.36560E+02  1.33094E-04   3.35246E+02  1.87556E-04   3.34407E+02  2.66980E-04   3.33132E+02  3.83285E-04   3.32298E+02  5.50149E-04   3.31601E+02  7.90277E-04   3.30695E+02  1.13313E-03   3.29905E+02  1.62150E-03   3.29018E+02  2.32268E-03   3.28168E+02  3.32513E-03   3.27320E+02  4.76514E-03   3.26454E+02  6.82902E-03   3.25603E+02  9.78833E-03   3.24740E+02  1.40313E-02   3.23879E+02  2.01129E-02   3.23016E+02  2.88315E-02   3.22154E+02  4.13272E-02   3.21289E+02  5.92385E-02   3.20423E+02  8.49106E-02   3.19556E+02  1.21708E-01   3.18689E+02  1.74448E-01   3.17820E+02  2.50041E-01   3.16951E+02  3.58385E-01   3.16080E+02  5.13667E-01   3.15207E+02  7.36219E-01   3.14334E+02  1.05517E+00   3.13460E+02  1.51227E+00   3.12584E+02  2.16733E+00   3.11707E+02  3.10604E+00   3.10829E+02  4.03618E+00   3.10166E+02  4.37504E+00   3.09926E+02  4.29772E+00   3.09986E+02  4.21944E+00   3.10131E+02  4.14037E+00   3.10363E+02  4.06065E+00   3.10683E+02  3.98041E+00   3.11094E+02  3.89975E+00   3.11595E+02  3.81880E+00   3.12187E+02  3.73765E+00   3.12872E+02  3.65642E+00   3.13648E+02  3.57522E+00   3.14517E+02  3.49418E+00   3.15477E+02  3.41340E+00   3.16528E+02  3.33301E+00   3.17669E+02  3.25312E+00   3.18900E+02  3.17385E+00   3.20219E+02  3.09531E+00   3.21624E+02  3.01762E+00   3.23115E+02  2.94086E+00   3.24690E+02  2.86515E+00   3.26347E+02  2.79056E+00   3.28084E+02  2.71718E+00   3.29901E+02  2.64508E+00   3.31794E+02  2.57433E+00   3.33762E+02  2.50497E+00   3.35803E+02  2.43707E+00   3.37916E+02  2.37065E+00   3.40098E+02  2.30575E+00   3.42347E+02  2.24240E+00   3.44661E+02  2.18062E+00   3.47039E+02  2.12041E+00   3.49479E+02  2.06178E+00   3.51978E+02  2.00472E+00   3.54535E+02  1.94924E+00   3.57148E+02  1.89531E+00   3.59816E+02  1.84293E+00   2.53566E+00  1.79208E+00   5.30658E+00  1.74273E+00   8.12648E+00  1.69485E+00   1.09941E+01  1.64844E+00   1.39076E+01  1.60344E+00   1.68654E+01  1.55983E+00   1.98665E+01 
 5.85199E-06   3.19299E+02  9.49902E-06   3.41413E+02  1.16367E-05   3.57579E+02  1.51516E-05   3.39208E+02  2.01031E-05   3.36860E+02  2.88342E-05   3.35665E+02  4.52605E-05   3.33501E+02  6.57705E-05   3.35769E+02  9.38905E-05   3.35512E+02  1.34244E-04   3.34603E+02  1.88604E-04   3.33547E+02  2.70361E-04   3.32433E+02  3.88198E-04   3.31484E+02  5.55166E-04   3.30607E+02  7.97663E-04   3.29850E+02  1.14183E-03   3.29022E+02  1.63507E-03   3.28206E+02  2.34248E-03   3.27377E+02  3.35418E-03   3.26504E+02  4.80803E-03   3.25642E+02  6.89041E-03   3.24769E+02  9.87656E-03   3.23905E+02  1.41582E-02   3.23040E+02  2.02943E-02   3.22177E+02  2.90899E-02   3.21315E+02  4.16965E-02   3.20451E+02  5.97665E-02   3.19587E+02  8.56657E-02   3.18722E+02  1.22789E-01   3.17855E+02  1.75995E-01   3.16987E+02  2.52254E-01   3.16118E+02  3.61553E-01   3.15247E+02  5.18201E-01   3.14375E+02  7.42709E-01   3.13502E+02  1.06446E+00   3.12627E+02  1.52557E+00   3.11751E+02  2.18636E+00   3.10874E+02  3.13327E+00   3.09995E+02  4.07154E+00   3.09333E+02  4.41334E+00   3.09094E+02  4.33531E+00   3.09157E+02  4.25626E+00   3.09304E+02  4.17638E+00   3.09538E+02  4.09581E+00   3.09862E+02  4.01469E+00   3.10275E+02  3.93312E+00   3.10779E+02  3.85123E+00   3.11375E+02  3.76912E+00   3.12063E+02  3.68692E+00   3.12844E+02  3.60473E+00   3.13717E+02  3.52269E+00   3.14681E+02  3.44091E+00   3.15737E+02  3.35951E+00   3.16884E+02  3.27862E+00   3.18120E+02  3.19836E+00   3.19445E+02  3.11884E+00   3.20857E+02  3.04017E+00   3.22354E+02  2.96247E+00   3.23935E+02  2.88582E+00   3.25599E+02  2.81032E+00   3.27343E+02  2.73605E+00   3.29167E+02  2.66308E+00   3.31067E+02  2.59149E+00   3.33043E+02  2.52133E+00   3.35091E+02  2.45264E+00   3.37211E+02  2.38548E+00   3.39401E+02  2.31986E+00   3.41657E+02  2.25582E+00   3.43979E+02  2.19337E+00   3.46365E+02  2.13252E+00   3.48812E+02  2.07329E+00   3.51319E+02  2.01565E+00   3.53883E+02  1.95961E+00   3.56504E+02  1.90516E+00   3.59179E+02  1.85228E+00   1.90672E+00  1.80095E+00   4.68495E+00  1.75115E+00   7.51217E+00  1.70285E+00   1.03869E+01  1.65603E+00   1.33077E+01  1.61064E+00   1.62730E+01  1.56667E+00   1.92811E+01 
 7.48047E-06   3.27584E+02  9.50690E-06   3.50183E+02  1.18993E-05   3.53762E+02  1.26219E-05   3.31847E+02  1.67960E-05   3.31979E+02  2.98219E-05   3.33965E+02  4.72554E-05   3.33712E+02  6.75570E-05   3.36243E+02  9.61976E-05   3.35013E+02  1.34777E-04   3.33518E+02  1.90054E-04   3.32716E+02  2.71762E-04   3.31486E+02  3.90314E-04   3.30663E+02  5.60355E-04   3.29989E+02  8.04057E-04   3.29116E+02  1.15183E-03   3.28337E+02  1.64893E-03   3.27477E+02  2.36151E-03   3.26621E+02  3.38135E-03   3.25755E+02  4.84578E-03   3.24889E+02  6.94378E-03   3.24033E+02  9.95413E-03   3.23171E+02  1.42683E-02   3.22313E+02  2.04525E-02   3.21450E+02  2.93173E-02   3.20588E+02  4.20214E-02   3.19725E+02  6.02326E-02   3.18861E+02  8.63325E-02   3.17996E+02  1.23742E-01   3.17130E+02  1.77360E-01   3.16262E+02  2.54208E-01   3.15393E+02  3.64348E-01   3.14523E+02  5.22202E-01   3.13651E+02  7.48435E-01   3.12778E+02  1.07266E+00   3.11903E+02  1.53730E+00   3.11027E+02  2.20316E+00   3.10149E+02  3.15732E+00   3.09270E+02  4.10276E+00   3.08609E+02  4.44716E+00   3.08371E+02  4.36847E+00   3.08435E+02  4.28873E+00   3.08585E+02  4.20813E+00   3.08821E+02  4.12681E+00   3.09147E+02  4.04491E+00   3.09562E+02  3.96254E+00   3.10069E+02  3.87981E+00   3.10668E+02  3.79686E+00   3.11359E+02  3.71379E+00   3.12144E+02  3.63073E+00   3.13020E+02  3.54780E+00   3.13989E+02  3.46513E+00   3.15050E+02  3.38284E+00   3.16201E+02  3.30106E+00   3.17442E+02  3.21992E+00   3.18772E+02  3.13953E+00   3.20189E+02  3.06001E+00   3.21692E+02  2.98146E+00   3.23279E+02  2.90398E+00   3.24949E+02  2.82768E+00   3.26699E+02  2.75262E+00   3.28529E+02  2.67890E+00   3.30435E+02  2.60657E+00   3.32417E+02  2.53569E+00   3.34472E+02  2.46632E+00   3.36599E+02  2.39848E+00   3.38795E+02  2.33223E+00   3.41058E+02  2.26758E+00   3.43387E+02  2.20454E+00   3.45779E+02  2.14314E+00   3.48233E+02  2.08336E+00   3.50746E+02  2.02522E+00   3.53317E+02  1.96870E+00   3.55945E+02  1.91378E+00   3.58626E+02  1.86046E+00   1.36020E+00  1.80872E+00   4.14504E+00  1.75852E+00   6.97873E+00  1.70984E+00   9.85992E+00  1.66266E+00   1.27869E+01  1.61694E+00   1.57581E+01  1.57264E+00   1.87725E+01 
 5.95282E-06   3.20388E+02  9.30945E-06   3.45971E+02  1.08098E-05   3.54758E+02  1.44306E-05   3.34308E+02  2.06360E-05   3.36032E+02  3.06788E-05   3.34968E+02  4.63748E-05   3.32696E+02  6.68406E-05   3.34753E+02  9.54345E-05   3.34121E+02  1.35442E-04   3.33251E+02  1.90740E-04   3.32122E+02  2.74116E-04   3.30965E+02  3.94297E-04   3.30110E+02  5.64482E-04   3.29235E+02  8.09906E-04   3.28484E+02  1.15819E-03   3.27678E+02  1.65873E-03   3.26860E+02  2.37619E-03   3.26025E+02  3.40263E-03   3.25150E+02  4.87754E-03   3.24295E+02  6.99059E-03   3.23421E+02  1.00213E-02   3.22558E+02  1.43643E-02   3.21693E+02  2.05900E-02   3.20830E+02  2.95133E-02   3.19969E+02  4.23015E-02   3.19106E+02  6.06328E-02   3.18244E+02  8.69049E-02   3.17379E+02  1.24561E-01   3.16514E+02  1.78532E-01   3.15646E+02  2.55885E-01   3.14778E+02  3.66749E-01   3.13908E+02  5.25641E-01   3.13036E+02  7.53356E-01   3.12163E+02  1.07970E+00   3.11288E+02  1.54738E+00   3.10412E+02  2.21759E+00   3.09534E+02  3.17799E+00   3.08655E+02  4.12960E+00   3.07993E+02  4.47622E+00   3.07757E+02  4.39696E+00   3.07823E+02  4.31663E+00   3.07974E+02  4.23540E+00   3.08213E+02  4.15343E+00   3.08540E+02  4.07086E+00   3.08957E+02  3.98779E+00   3.09466E+02  3.90435E+00   3.10068E+02  3.82066E+00   3.10762E+02  3.73684E+00   3.11549E+02  3.65303E+00   3.12429E+02  3.56933E+00   3.13402E+02  3.48590E+00   3.14466E+02  3.40284E+00   3.15622E+02  3.32031E+00   3.16867E+02  3.23840E+00   3.18201E+02  3.15727E+00   3.19623E+02  3.07700E+00   3.21130E+02  2.99772E+00   3.22722E+02  2.91954E+00   3.24397E+02  2.84254E+00   3.26153E+02  2.76681E+00   3.27987E+02  2.69243E+00   3.29900E+02  2.61946E+00   3.31887E+02  2.54797E+00   3.33947E+02  2.47800E+00   3.36080E+02  2.40960E+00   3.38281E+02  2.34280E+00   3.40550E+02  2.27763E+00   3.42884E+02  2.21409E+00   3.45282E+02  2.15220E+00   3.47741E+02  2.09197E+00   3.50261E+02  2.03339E+00   3.52837E+02  1.97645E+00   3.55470E+02  1.92114E+00   3.58158E+02  1.86744E+00   8.97049E-01  1.81534E+00   3.68727E+00  1.76481E+00   6.52639E+00  1.71581E+00   9.41289E+00  1.66832E+00   1.23454E+01  1.62231E+00   1.53221E+01  1.57774E+00   1.83416E+01 
 8.02982E-06   3.25878E+02  9.25686E-06   3.52211E+02  1.15937E-05   3.51852E+02  1.30604E-05   3.30020E+02  1.76112E-05   3.30900E+02  3.08561E-05   3.32733E+02  4.81953E-05   3.33060E+02  6.82970E-05   3.35201E+02  9.70457E-05   3.34184E+02  1.35991E-04   3.32512E+02  1.91996E-04   3.31419E+02  2.75352E-04   3.30330E+02  3.95540E-04   3.29524E+02  5.67835E-04   3.28854E+02  8.14427E-04   3.28017E+02  1.16584E-03   3.27240E+02  1.66912E-03   3.26362E+02  2.38960E-03   3.25479E+02  3.42200E-03   3.24626E+02  4.90523E-03   3.23763E+02  7.02888E-03   3.22902E+02  1.00756E-02   3.22043E+02  1.44428E-02   3.21184E+02  2.07027E-02   3.20326E+02  2.96741E-02   3.19464E+02  4.25329E-02   3.18601E+02  6.09642E-02   3.17739E+02  8.73790E-02   3.16874E+02  1.25241E-01   3.16009E+02  1.79503E-01   3.15141E+02  2.57276E-01   3.14273E+02  3.68741E-01   3.13403E+02  5.28490E-01   3.12532E+02  7.57435E-01   3.11659E+02  1.08554E+00   3.10784E+02  1.55574E+00   3.09908E+02  2.22956E+00   3.09030E+02  3.19513E+00   3.08150E+02  4.15185E+00   3.07489E+02  4.50031E+00   3.07254E+02  4.42058E+00   3.07321E+02  4.33975E+00   3.07473E+02  4.25800E+00   3.07713E+02  4.17549E+00   3.08042E+02  4.09235E+00   3.08461E+02  4.00870E+00   3.08972E+02  3.92467E+00   3.09576E+02  3.84037E+00   3.10272E+02  3.75593E+00   3.11062E+02  3.67149E+00   3.11945E+02  3.58716E+00   3.12920E+02  3.50309E+00   3.13988E+02  3.41940E+00   3.15146E+02  3.33622E+00   3.16395E+02  3.25369E+00   3.17733E+02  3.17193E+00   3.19158E+02  3.09105E+00   3.20670E+02  3.01117E+00   3.22266E+02  2.93239E+00   3.23945E+02  2.85482E+00   3.25705E+02  2.77853E+00   3.27544E+02  2.70360E+00   3.29460E+02  2.63011E+00   3.31452E+02  2.55811E+00   3.33517E+02  2.48766E+00   3.35654E+02  2.41878E+00   3.37860E+02  2.35153E+00   3.40133E+02  2.28591E+00   3.42472E+02  2.22196E+00   3.44875E+02  2.15968E+00   3.47339E+02  2.09907E+00   3.49863E+02  2.04012E+00   3.52444E+02  1.98284E+00   3.55082E+02  1.92721E+00   3.57773E+02  1.87320E+00   5.17338E-01  1.82080E+00   3.31223E+00  1.76998E+00   6.15588E+00  1.72072E+00   9.04691E+00  1.67298E+00   1.19836E+01  1.62673E+00   1.49645E+01  1.58193E+00   1.79885E+01 
 5.91449E-06   3.18938E+02  8.93815E-06   3.46493E+02  1.05680E-05   3.52811E+02  1.41489E-05   3.32783E+02  2.11846E-05   3.34751E+02  3.18151E-05   3.33479E+02  4.70157E-05   3.32122E+02  6.72474E-05   3.34153E+02  9.63215E-05   3.33152E+02  1.36607E-04   3.32289E+02  1.92462E-04   3.31028E+02  2.77095E-04   3.29981E+02  3.98417E-04   3.29206E+02  5.70397E-04   3.28320E+02  8.18468E-04   3.27599E+02  1.17001E-03   3.26798E+02  1.67462E-03   3.25951E+02  2.39899E-03   3.25102E+02  3.43595E-03   3.24234E+02  4.92553E-03   3.23383E+02  7.05927E-03   3.22512E+02  1.01197E-02   3.21654E+02  1.45057E-02   3.20790E+02  2.07922E-02   3.19929E+02  2.98024E-02   3.19068E+02  4.27162E-02   3.18205E+02  6.12255E-02   3.17344E+02  8.77523E-02   3.16479E+02  1.25774E-01   3.15614E+02  1.80267E-01   3.14748E+02  2.58369E-01   3.13880E+02  3.70304E-01   3.13010E+02  5.30729E-01   3.12138E+02  7.60640E-01   3.11265E+02  1.09013E+00   3.10391E+02  1.56232E+00   3.09514E+02  2.23897E+00   3.08636E+02  3.20860E+00   3.07756E+02  4.16935E+00   3.07095E+02  4.51924E+00   3.06861E+02  4.43914E+00   3.06930E+02  4.35791E+00   3.07083E+02  4.27575E+00   3.07324E+02  4.19281E+00   3.07654E+02  4.10923E+00   3.08074E+02  4.02513E+00   3.08587E+02  3.94062E+00   3.09192E+02  3.85584E+00   3.09890E+02  3.77092E+00   3.10682E+02  3.68598E+00   3.11567E+02  3.60115E+00   3.12545E+02  3.51658E+00   3.13614E+02  3.43239E+00   3.14776E+02  3.34871E+00   3.16027E+02  3.26569E+00   3.17368E+02  3.18343E+00   3.18796E+02  3.10207E+00   3.20311E+02  3.02172E+00   3.21910E+02  2.94248E+00   3.23592E+02  2.86445E+00   3.25355E+02  2.78771E+00   3.27198E+02  2.71236E+00   3.29118E+02  2.63846E+00   3.31113E+02  2.56605E+00   3.33182E+02  2.49521E+00   3.35322E+02  2.42597E+00   3.37532E+02  2.35836E+00   3.39809E+02  2.29241E+00   3.42151E+02  2.22813E+00   3.44557E+02  2.16553E+00   3.47025E+02  2.10462E+00   3.49553E+02  2.04540E+00   3.52138E+02  1.98784E+00   3.54779E+02  1.93195E+00   3.57474E+02  1.87770E+00   2.21754E-01  1.82506E+00   3.02004E+00  1.77403E+00   5.86717E+00  1.72456E+00   8.76160E+00  1.67662E+00   1.17019E+01  1.63018E+00   1.46864E+01  1.58521E+00   1.77136E+01 
 8.10884E-06   3.24527E+02  9.10530E-06   3.51869E+02  1.15662E-05   3.50831E+02  1.32641E-05   3.28698E+02  1.79126E-05   3.29250E+02  3.11625E-05   3.32172E+02  4.84856E-05   3.33072E+02  6.89389E-05   3.34939E+02  9.79741E-05   3.33614E+02  1.36551E-04   3.31687E+02  1.93019E-04   3.30619E+02  2.77823E-04   3.29629E+02  3.98685E-04   3.28834E+02  5.72267E-04   3.28182E+02  8.20594E-04   3.27355E+02  1.17394E-03   3.26556E+02  1.68075E-03   3.25684E+02  2.40710E-03   3.24807E+02  3.44755E-03   3.23941E+02  4.94158E-03   3.23077E+02  7.08122E-03   3.22220E+02  1.01507E-02   3.21361E+02  1.45499E-02   3.20503E+02  2.08551E-02   3.19646E+02  2.98927E-02   3.18787E+02  4.28461E-02   3.17924E+02  6.14123E-02   3.17062E+02  8.80205E-02   3.16198E+02  1.26158E-01   3.15333E+02  1.80817E-01   3.14466E+02  2.59156E-01   3.13598E+02  3.71431E-01   3.12728E+02  5.32341E-01   3.11857E+02  7.62949E-01   3.10984E+02  1.09344E+00   3.10109E+02  1.56705E+00   3.09233E+02  2.24575E+00   3.08355E+02  3.21830E+00   3.07475E+02  4.18195E+00   3.06814E+02  4.53288E+00   3.06580E+02  4.45250E+00   3.06649E+02  4.37099E+00   3.06804E+02  4.28853E+00   3.07045E+02  4.20528E+00   3.07376E+02  4.12138E+00   3.07798E+02  4.03695E+00   3.08311E+02  3.95210E+00   3.08917E+02  3.86698E+00   3.09617E+02  3.78170E+00   3.10410E+02  3.69641E+00   3.11297E+02  3.61122E+00   3.12276E+02  3.52628E+00   3.13348E+02  3.44173E+00   3.14511E+02  3.35769E+00   3.15764E+02  3.27431E+00   3.17107E+02  3.19170E+00   3.18537E+02  3.10999E+00   3.20054E+02  3.02929E+00   3.21656E+02  2.94972E+00   3.23340E+02  2.87136E+00   3.25106E+02  2.79432E+00   3.26951E+02  2.71866E+00   3.28873E+02  2.64445E+00   3.30871E+02  2.57176E+00   3.32942E+02  2.50064E+00   3.35085E+02  2.43113E+00   3.37297E+02  2.36327E+00   3.39577E+02  2.29706E+00   3.41922E+02  2.23255E+00   3.44331E+02  2.16973E+00   3.46801E+02  2.10861E+00   3.49331E+02  2.04918E+00   3.51919E+02  1.99143E+00   3.54562E+02  1.93535E+00   3.57260E+02  1.88092E+00   1.03016E-02  1.82813E+00   2.81126E+00  1.77693E+00   5.66094E+00  1.72731E+00   8.55792E+00  1.67923E+00   1.15005E+01  1.63266E+00   1.44872E+01  1.58756E+00   1.75170E+01 
 5.60488E-06   3.16771E+02  9.04701E-06   3.47918E+02  1.04632E-05   3.50210E+02  1.40691E-05   3.30473E+02  2.14744E-05   3.35196E+02  3.21276E-05   3.33477E+02  4.78432E-05   3.32066E+02  6.80153E-05   3.33846E+02  9.65805E-05   3.32471E+02  1.36791E-04   3.31732E+02  1.93061E-04   3.30681E+02  2.78638E-04   3.29596E+02  4.00975E-04   3.28768E+02  5.73563E-04   3.27881E+02  8.22153E-04   3.27133E+02  1.17554E-03   3.26340E+02  1.68330E-03   3.25502E+02  2.41075E-03   3.24647E+02  3.45243E-03   3.23783E+02  4.95015E-03   3.22929E+02  7.09469E-03   3.22055E+02  1.01694E-02   3.21199E+02  1.45769E-02   3.20336E+02  2.08949E-02   3.19477E+02  2.99492E-02   3.18617E+02  4.29258E-02   3.17753E+02  6.15259E-02   3.16892E+02  8.81830E-02   3.16028E+02  1.26390E-01   3.15163E+02  1.81148E-01   3.14297E+02  2.59631E-01   3.13429E+02  3.72110E-01   3.12559E+02  5.33313E-01   3.11688E+02  7.64340E-01   3.10815E+02  1.09543E+00   3.09941E+02  1.56990E+00   3.09064E+02  2.24983E+00   3.08186E+02  3.22415E+00   3.07306E+02  4.18954E+00   3.06645E+02  4.54110E+00   3.06411E+02  4.46056E+00   3.06481E+02  4.37887E+00   3.06636E+02  4.29624E+00   3.06878E+02  4.21280E+00   3.07209E+02  4.12871E+00   3.07631E+02  4.04407E+00   3.08146E+02  3.95902E+00   3.08753E+02  3.87369E+00   3.09453E+02  3.78820E+00   3.10247E+02  3.70269E+00   3.11134E+02  3.61729E+00   3.12115E+02  3.53213E+00   3.13187E+02  3.44736E+00   3.14351E+02  3.36311E+00   3.15606E+02  3.27951E+00   3.16950E+02  3.19669E+00   3.18382E+02  3.11477E+00   3.19900E+02  3.03386E+00   3.21503E+02  2.95409E+00   3.23189E+02  2.87553E+00   3.24956E+02  2.79829E+00   3.26802E+02  2.72244E+00   3.28726E+02  2.64806E+00   3.30725E+02  2.57520E+00   3.32798E+02  2.50391E+00   3.34942E+02  2.43424E+00   3.37156E+02  2.36622E+00   3.39437E+02  2.29987E+00   3.41784E+02  2.23521E+00   3.44194E+02  2.17226E+00   3.46666E+02  2.11101E+00   3.49198E+02  2.05145E+00   3.51787E+02  1.99359E+00   3.54432E+02  1.93740E+00   3.57132E+02  1.88287E+00   3.59883E+02  1.82997E+00   2.68579E+00  1.77868E+00   5.53696E+00  1.72897E+00   8.43538E+00  1.68080E+00   1.13796E+01  1.63415E+00   1.43680E+01  1.58897E+00   1.73990E+01 
 8.33377E-06   3.25602E+02  8.90814E-06   3.52191E+02  1.11037E-05   3.49290E+02  1.32508E-05   3.29512E+02  1.80029E-05   3.30680E+02  3.17459E-05   3.32089E+02  4.90269E-05   3.32679E+02  6.89345E-05   3.34362E+02  9.78460E-05   3.33159E+02  1.37050E-04   3.31590E+02  1.93806E-04   3.30369E+02  2.77934E-04   3.29234E+02  3.99361E-04   3.28566E+02  5.74112E-04   3.27977E+02  8.22537E-04   3.27132E+02  1.17690E-03   3.26333E+02  1.68527E-03   3.25459E+02  2.41350E-03   3.24578E+02  3.45646E-03   3.23715E+02  4.95362E-03   3.22852E+02  7.09845E-03   3.21988E+02  1.01755E-02   3.21131E+02  1.45856E-02   3.20278E+02  2.09073E-02   3.19420E+02  2.99670E-02   3.18559E+02  4.29520E-02   3.17698E+02  6.15631E-02   3.16836E+02  8.82359E-02   3.15972E+02  1.26468E-01   3.15107E+02  1.81259E-01   3.14240E+02  2.59789E-01   3.13373E+02  3.72337E-01   3.12503E+02  5.33638E-01   3.11632E+02  7.64806E-01   3.10759E+02  1.09609E+00   3.09884E+02  1.57085E+00   3.09008E+02  2.25120E+00   3.08129E+02  3.22611E+00   3.07249E+02  4.19209E+00   3.06588E+02  4.54385E+00   3.06355E+02  4.46325E+00   3.06425E+02  4.38151E+00   3.06580E+02  4.29881E+00   3.06822E+02  4.21532E+00   3.07154E+02  4.13115E+00   3.07576E+02  4.04645E+00   3.08090E+02  3.96134E+00   3.08698E+02  3.87594E+00   3.09398E+02  3.79038E+00   3.10192E+02  3.70479E+00   3.11080E+02  3.61931E+00   3.12061E+02  3.53408E+00   3.13134E+02  3.44924E+00   3.14298E+02  3.36491E+00   3.15553E+02  3.28124E+00   3.16898E+02  3.19835E+00   3.18330E+02  3.11636E+00   3.19849E+02  3.03539E+00   3.21452E+02  2.95554E+00   3.23138E+02  2.87692E+00   3.24906E+02  2.79962E+00   3.26753E+02  2.72371E+00   3.28677E+02  2.64927E+00   3.30677E+02  2.57635E+00   3.32750E+02  2.50500E+00   3.34895E+02  2.43528E+00   3.37109E+02  2.36720E+00   3.39391E+02  2.30081E+00   3.41738E+02  2.23610E+00   3.44149E+02  2.17310E+00   3.46621E+02  2.11181E+00   3.49153E+02  2.05221E+00   3.51743E+02  1.99431E+00   3.54389E+02  1.93808E+00   3.57089E+02  1.88351E+00   3.59841E+02  1.83058E+00   2.64405E+00  1.77926E+00   5.49575E+00  1.72952E+00   8.39472E+00  1.68133E+00   1.13393E+01  1.63465E+00   1.43280E+01  1.58944E+00   1.73596E+01 
 6.01921E-06   3.17441E+02  8.81234E-06   3.48414E+02  9.96355E-06   3.50787E+02  1.39854E-05   3.30852E+02  2.15632E-05   3.35427E+02  3.20657E-05   3.33059E+02  4.79878E-05   3.31643E+02  6.83609E-05   3.34071E+02  9.64891E-05   3.32730E+02  1.36489E-04   3.31781E+02  1.93023E-04   3.30674E+02  2.78693E-04   3.29531E+02  4.00919E-04   3.28766E+02  5.73611E-04   3.27889E+02  8.22345E-04   3.27129E+02  1.17549E-03   3.26333E+02  1.68294E-03   3.25495E+02  2.41097E-03   3.24651E+02  3.45299E-03   3.23788E+02  4.94982E-03   3.22932E+02  7.09431E-03   3.22054E+02  1.01693E-02   3.21198E+02  1.45767E-02   3.20336E+02  2.08948E-02   3.19477E+02  2.99491E-02   3.18616E+02  4.29260E-02   3.17753E+02  6.15262E-02   3.16892E+02  8.81827E-02   3.16028E+02  1.26390E-01   3.15163E+02  1.81149E-01   3.14297E+02  2.59631E-01   3.13429E+02  3.72110E-01   3.12559E+02  5.33314E-01   3.11688E+02  7.64341E-01   3.10815E+02  1.09543E+00   3.09940E+02  1.56990E+00   3.09064E+02  2.24983E+00   3.08186E+02  3.22416E+00   3.07306E+02  4.18955E+00   3.06645E+02  4.54110E+00   3.06411E+02  4.46056E+00   3.06481E+02  4.37887E+00   3.06636E+02  4.29624E+00   3.06878E+02  4.21280E+00   3.07209E+02  4.12871E+00   3.07631E+02  4.04407E+00   3.08146E+02  3.95903E+00   3.08753E+02  3.87369E+00   3.09453E+02  3.78820E+00   3.10247E+02  3.70269E+00   3.11134E+02  3.61729E+00   3.12115E+02  3.53213E+00   3.13187E+02  3.44736E+00   3.14351E+02  3.36311E+00   3.15606E+02  3.27951E+00   3.16950E+02  3.19668E+00   3.18382E+02  3.11476E+00   3.19900E+02  3.03386E+00   3.21503E+02  2.95409E+00   3.23189E+02  2.87553E+00   3.24956E+02  2.79829E+00   3.26802E+02  2.72244E+00   3.28726E+02  2.64806E+00   3.30725E+02  2.57520E+00   3.32798E+02  2.50391E+00   3.34942E+02  2.43424E+00   3.37156E+02  2.36622E+00   3.39437E+02  2.29987E+00   3.41784E+02  2.23521E+00   3.44194E+02  2.17226E+00   3.46666E+02  2.11101E+00   3.49198E+02  2.05145E+00   3.51787E+02  1.99359E+00   3.54432E+02  1.93740E+00   3.57132E+02  1.88287E+00   3.59883E+02  1.82997E+00   2.68580E+00  1.77868E+00   5.53695E+00  1.72897E+00   8.43537E+00  1.68080E+00   1.13796E+01  1.63415E+00   1.43680E+01  1.58897E+00   1.73990E+01 
 8.30425E-06   3.26858E+02  8.94681E-06   3.52906E+02  1.13069E-05   3.50715E+02  1.32486E-05   3.30603E+02  1.77092E-05   3.30736E+02  3.12330E-05   3.31940E+02  4.88767E-05   3.32776E+02  6.91382E-05   3.34543E+02  9.78093E-05   3.33221E+02  1.36508E-04   3.31710E+02  1.93207E-04   3.30696E+02  2.77688E-04   3.29627E+02  3.98631E-04   3.28836E+02  5.72446E-04   3.28185E+02  8.20548E-04   3.27358E+02  1.17399E-03   3.26554E+02  1.68086E-03   3.25676E+02  2.40757E-03   3.24803E+02  3.44790E-03   3.23948E+02  4.94116E-03   3.23085E+02  7.08128E-03   3.22222E+02  1.01504E-02   3.21360E+02  1.45491E-02   3.20503E+02  2.08556E-02   3.19646E+02  2.98932E-02   3.18786E+02  4.28461E-02   3.17925E+02  6.14121E-02   3.17062E+02  8.80207E-02   3.16198E+02  1.26158E-01   3.15333E+02  1.80817E-01   3.14466E+02  2.59156E-01   3.13598E+02  3.71430E-01   3.12728E+02  5.32341E-01   3.11857E+02  7.62949E-01   3.10984E+02  1.09344E+00   3.10109E+02  1.56705E+00   3.09233E+02  2.24575E+00   3.08355E+02  3.21830E+00   3.07475E+02  4.18195E+00   3.06814E+02  4.53288E+00   3.06580E+02  4.45250E+00   3.06650E+02  4.37099E+00   3.06804E+02  4.28853E+00   3.07045E+02  4.20528E+00   3.07376E+02  4.12138E+00   3.07798E+02  4.03695E+00   3.08311E+02  3.95210E+00   3.08917E+02  3.86698E+00   3.09617E+02  3.78170E+00   3.10410E+02  3.69640E+00   3.11297E+02  3.61122E+00   3.12276E+02  3.52628E+00   3.13348E+02  3.44173E+00   3.14511E+02  3.35769E+00   3.15764E+02  3.27431E+00   3.17107E+02  3.19170E+00   3.18537E+02  3.10999E+00   3.20054E+02  3.02930E+00   3.21656E+02  2.94972E+00   3.23340E+02  2.87136E+00   3.25106E+02  2.79432E+00   3.26951E+02  2.71866E+00   3.28873E+02  2.64445E+00   3.30871E+02  2.57176E+00   3.32942E+02  2.50064E+00   3.35085E+02  2.43113E+00   3.37297E+02  2.36327E+00   3.39577E+02  2.29706E+00   3.41922E+02  2.23255E+00   3.44331E+02  2.16973E+00   3.46801E+02  2.10861E+00   3.49331E+02  2.04918E+00   3.51919E+02  1.99143E+00   3.54562E+02  1.93535E+00   3.57260E+02  1.88092E+00   1.03122E-02  1.82813E+00   2.81125E+00  1.77693E+00   5.66093E+00  1.72731E+00   8.55792E+00  1.67923E+00   1.15005E+01  1.63266E+00   1.44872E+01  1.58756E+00   1.75170E+01 
 5.78525E-06   3.19816E+02  8.30948E-06   3.48901E+02  1.02658E-05   3.51683E+02  1.42707E-05   3.33373E+02  2.10460E-05   3.35332E+02  3.16488E-05   3.32451E+02  4.73723E-05   3.31460E+02  6.79671E-05   3.34505E+02  9.61700E-05   3.33291E+02  1.35560E-04   3.32248E+02  1.92091E-04   3.31122E+02  2.77604E-04   3.29970E+02  3.98839E-04   3.29212E+02  5.70513E-04   3.28324E+02  8.18311E-04   3.27575E+02  1.16997E-03   3.26785E+02  1.67454E-03   3.25941E+02  2.39942E-03   3.25106E+02  3.43653E-03   3.24240E+02  4.92523E-03   3.23386E+02  7.05929E-03   3.22514E+02  1.01196E-02   3.21653E+02  1.45051E-02   3.20789E+02  2.07921E-02   3.19929E+02  2.98025E-02   3.19069E+02  4.27158E-02   3.18205E+02  6.12252E-02   3.17344E+02  8.77523E-02   3.16479E+02  1.25774E-01   3.15614E+02  1.80267E-01   3.14748E+02  2.58370E-01   3.13880E+02  3.70304E-01   3.13010E+02  5.30729E-01   3.12138E+02  7.60641E-01   3.11265E+02  1.09013E+00   3.10391E+02  1.56232E+00   3.09514E+02  2.23897E+00   3.08636E+02  3.20860E+00   3.07756E+02  4.16935E+00   3.07095E+02  4.51925E+00   3.06861E+02  4.43914E+00   3.06930E+02  4.35791E+00   3.07083E+02  4.27575E+00   3.07324E+02  4.19281E+00   3.07654E+02  4.10923E+00   3.08074E+02  4.02513E+00   3.08587E+02  3.94062E+00   3.09192E+02  3.85584E+00   3.09890E+02  3.77092E+00   3.10682E+02  3.68598E+00   3.11567E+02  3.60115E+00   3.12545E+02  3.51658E+00   3.13614E+02  3.43239E+00   3.14776E+02  3.34871E+00   3.16027E+02  3.26568E+00   3.17368E+02  3.18343E+00   3.18796E+02  3.10207E+00   3.20311E+02  3.02172E+00   3.21910E+02  2.94248E+00   3.23592E+02  2.86444E+00   3.25355E+02  2.78771E+00   3.27198E+02  2.71236E+00   3.29118E+02  2.63846E+00   3.31113E+02  2.56605E+00   3.33182E+02  2.49521E+00   3.35322E+02  2.42597E+00   3.37532E+02  2.35836E+00   3.39809E+02  2.29241E+00   3.42151E+02  2.22813E+00   3.44557E+02  2.16553E+00   3.47025E+02  2.10462E+00   3.49553E+02  2.04540E+00   3.52138E+02  1.98784E+00   3.54779E+02  1.93195E+00   3.57474E+02  1.87770E+00   2.21750E-01  1.82506E+00   3.02004E+00  1.77403E+00   5.86716E+00  1.72456E+00   8.76161E+00  1.67662E+00   1.17019E+01  1.63018E+00   1.46864E+01  1.58521E+00   1.77136E+01 
 7.98358E-06   3.25666E+02  9.12383E-06   3.53004E+02  1.13939E-05   3.52665E+02  1.32080E-05   3.31573E+02  1.76792E-05   3.31465E+02  3.08075E-05   3.32742E+02  4.86455E-05   3.33142E+02  6.86362E-05   3.35032E+02  9.68884E-05   3.33963E+02  1.35623E-04   3.32332E+02  1.91618E-04   3.31362E+02  2.75363E-04   3.30380E+02  3.95795E-04   3.29520E+02  5.68097E-04   3.28868E+02  8.14292E-04   3.28031E+02  1.16543E-03   3.27229E+02  1.66848E-03   3.26366E+02  2.38973E-03   3.25492E+02  3.42235E-03   3.24628E+02  4.90493E-03   3.23760E+02  7.02953E-03   3.22903E+02  1.00761E-02   3.22043E+02  1.44425E-02   3.21184E+02  2.07024E-02   3.20325E+02  2.96740E-02   3.19464E+02  4.25326E-02   3.18602E+02  6.09640E-02   3.17739E+02  8.73792E-02   3.16874E+02  1.25241E-01   3.16009E+02  1.79504E-01   3.15142E+02  2.57277E-01   3.14273E+02  3.68740E-01   3.13403E+02  5.28489E-01   3.12532E+02  7.57435E-01   3.11659E+02  1.08554E+00   3.10784E+02  1.55575E+00   3.09908E+02  2.22956E+00   3.09030E+02  3.19513E+00   3.08150E+02  4.15185E+00   3.07489E+02  4.50031E+00   3.07254E+02  4.42058E+00   3.07321E+02  4.33975E+00   3.07474E+02  4.25800E+00   3.07713E+02  4.17549E+00   3.08042E+02  4.09235E+00   3.08461E+02  4.00870E+00   3.08972E+02  3.92467E+00   3.09576E+02  3.84037E+00   3.10272E+02  3.75593E+00   3.11062E+02  3.67149E+00   3.11945E+02  3.58716E+00   3.12920E+02  3.50309E+00   3.13988E+02  3.41940E+00   3.15146E+02  3.33622E+00   3.16395E+02  3.25369E+00   3.17733E+02  3.17193E+00   3.19158E+02  3.09105E+00   3.20670E+02  3.01117E+00   3.22266E+02  2.93239E+00   3.23945E+02  2.85482E+00   3.25705E+02  2.77853E+00   3.27544E+02  2.70360E+00   3.29460E+02  2.63011E+00   3.31452E+02  2.55811E+00   3.33517E+02  2.48766E+00   3.35654E+02  2.41878E+00   3.37860E+02  2.35153E+00   3.40133E+02  2.28591E+00   3.42472E+02  2.22196E+00   3.44875E+02  2.15968E+00   3.47339E+02  2.09907E+00   3.49863E+02  2.04012E+00   3.52444E+02  1.98284E+00   3.55082E+02  1.92721E+00   3.57773E+02  1.87320E+00   5.17344E-01  1.82080E+00   3.31221E+00  1.76998E+00   6.15586E+00  1.72072E+00   9.04690E+00  1.67298E+00   1.19836E+01  1.62673E+00   1.49645E+01  1.58193E+00   1.79885E+01 
 5.69707E-06   3.20182E+02  8.72716E-06   3.47224E+02  1.04293E-05   3.54606E+02  1.44328E-05   3.34985E+02  2.08313E-05   3.36162E+02  3.04614E-05   3.34271E+02  4.63864E-05   3.32186E+02  6.74483E-05   3.34885E+02  9.53316E-05   3.34304E+02  1.34546E-04   3.33169E+02  1.90759E-04   3.32035E+02  2.74759E-04   3.30945E+02  3.94272E-04   3.30142E+02  5.64700E-04   3.29270E+02  8.10005E-04   3.28495E+02  1.15832E-03   3.27672E+02  1.65880E-03   3.26849E+02  2.37639E-03   3.26014E+02  3.40301E-03   3.25143E+02  4.87711E-03   3.24290E+02  6.99035E-03   3.23420E+02  1.00213E-02   3.22559E+02  1.43641E-02   3.21694E+02  2.05898E-02   3.20831E+02  2.95137E-02   3.19969E+02  4.23018E-02   3.19107E+02  6.06328E-02   3.18244E+02  8.69049E-02   3.17379E+02  1.24561E-01   3.16514E+02  1.78532E-01   3.15646E+02  2.55885E-01   3.14778E+02  3.66749E-01   3.13908E+02  5.25640E-01   3.13036E+02  7.53356E-01   3.12163E+02  1.07970E+00   3.11288E+02  1.54738E+00   3.10412E+02  2.21759E+00   3.09534E+02  3.17799E+00   3.08655E+02  4.12960E+00   3.07993E+02  4.47622E+00   3.07757E+02  4.39696E+00   3.07823E+02  4.31663E+00   3.07974E+02  4.23540E+00   3.08213E+02  4.15343E+00   3.08540E+02  4.07086E+00   3.08957E+02  3.98779E+00   3.09466E+02  3.90435E+00   3.10068E+02  3.82066E+00   3.10762E+02  3.73684E+00   3.11549E+02  3.65303E+00   3.12429E+02  3.56933E+00   3.13402E+02  3.48590E+00   3.14466E+02  3.40284E+00   3.15622E+02  3.32031E+00   3.16867E+02  3.23840E+00   3.18201E+02  3.15726E+00   3.19623E+02  3.07700E+00   3.21130E+02  2.99773E+00   3.22722E+02  2.91954E+00   3.24397E+02  2.84254E+00   3.26153E+02  2.76681E+00   3.27987E+02  2.69243E+00   3.29900E+02  2.61946E+00   3.31887E+02  2.54797E+00   3.33947E+02  2.47800E+00   3.36080E+02  2.40960E+00   3.38281E+02  2.34280E+00   3.40550E+02  2.27763E+00   3.42884E+02  2.21409E+00   3.45282E+02  2.15220E+00   3.47741E+02  2.09197E+00   3.50261E+02  2.03339E+00   3.52837E+02  1.97645E+00   3.55470E+02  1.92114E+00   3.58158E+02  1.86744E+00   8.97051E-01  1.81534E+00   3.68726E+00  1.76481E+00   6.52638E+00  1.71581E+00   9.41291E+00  1.66832E+00   1.23454E+01  1.62231E+00   1.53221E+01  1.57774E+00   1.83416E+01 
 7.26245E-06   3.25737E+02  9.18486E-06   3.49678E+02  1.16184E-05   3.53676E+02  1.26689E-05   3.33781E+02  1.71267E-05   3.33583E+02  3.01673E-05   3.34839E+02  4.75107E-05   3.33724E+02  6.75376E-05   3.35364E+02  9.58532E-05   3.34877E+02  1.34254E-04   3.33574E+02  1.89637E-04   3.32617E+02  2.71856E-04   3.31561E+02  3.90314E-04   3.30653E+02  5.60698E-04   3.29993E+02  8.04171E-04   3.29140E+02  1.15168E-03   3.28332E+02  1.64901E-03   3.27473E+02  2.36140E-03   3.26610E+02  3.38141E-03   3.25753E+02  4.84593E-03   3.24889E+02  6.94424E-03   3.24032E+02  9.95426E-03   3.23171E+02  1.42683E-02   3.22312E+02  2.04521E-02   3.21450E+02  2.93166E-02   3.20589E+02  4.20216E-02   3.19726E+02  6.02327E-02   3.18861E+02  8.63326E-02   3.17996E+02  1.23742E-01   3.17130E+02  1.77359E-01   3.16262E+02  2.54208E-01   3.15393E+02  3.64349E-01   3.14523E+02  5.22203E-01   3.13651E+02  7.48435E-01   3.12778E+02  1.07266E+00   3.11903E+02  1.53730E+00   3.11027E+02  2.20315E+00   3.10149E+02  3.15732E+00   3.09270E+02  4.10276E+00   3.08609E+02  4.44715E+00   3.08371E+02  4.36847E+00   3.08435E+02  4.28873E+00   3.08585E+02  4.20813E+00   3.08821E+02  4.12681E+00   3.09147E+02  4.04491E+00   3.09562E+02  3.96254E+00   3.10069E+02  3.87982E+00   3.10668E+02  3.79686E+00   3.11359E+02  3.71379E+00   3.12144E+02  3.63073E+00   3.13020E+02  3.54780E+00   3.13989E+02  3.46513E+00   3.15050E+02  3.38284E+00   3.16201E+02  3.30106E+00   3.17442E+02  3.21992E+00   3.18772E+02  3.13953E+00   3.20189E+02  3.06001E+00   3.21692E+02  2.98146E+00   3.23279E+02  2.90398E+00   3.24949E+02  2.82768E+00   3.26699E+02  2.75262E+00   3.28529E+02  2.67890E+00   3.30435E+02  2.60657E+00   3.32417E+02  2.53569E+00   3.34472E+02  2.46632E+00   3.36599E+02  2.39848E+00   3.38795E+02  2.33223E+00   3.41058E+02  2.26758E+00   3.43387E+02  2.20454E+00   3.45779E+02  2.14314E+00   3.48233E+02  2.08336E+00   3.50746E+02  2.02522E+00   3.53317E+02  1.96870E+00   3.55945E+02  1.91378E+00   3.58626E+02  1.86046E+00   1.36021E+00  1.80872E+00   4.14502E+00  1.75852E+00   6.97872E+00  1.70984E+00   9.85993E+00  1.66266E+00   1.27869E+01  1.61694E+00   1.57581E+01  1.57264E+00   1.87725E+01 
 5.78603E-06   3.17407E+02  8.78081E-06   3.42163E+02  1.10924E-05   3.57427E+02  1.53301E-05   3.39624E+02  2.02587E-05   3.37576E+02  2.87605E-05   3.35858E+02  4.55257E-05   3.33645E+02  6.60661E-05   3.35876E+02  9.36881E-05   3.35465E+02  1.33671E-04   3.34584E+02  1.88466E-04   3.33464E+02  2.70450E-04   3.32411E+02  3.88128E-04   3.31513E+02  5.55668E-04   3.30596E+02  7.97982E-04   3.29848E+02  1.14202E-03   3.29006E+02  1.63464E-03   3.28188E+02  2.34226E-03   3.27363E+02  3.35472E-03   3.26501E+02  4.80792E-03   3.25645E+02  6.89007E-03   3.24768E+02  9.87669E-03   3.23906E+02  1.41581E-02   3.23041E+02  2.02937E-02   3.22178E+02  2.90900E-02   3.21316E+02  4.16966E-02   3.20451E+02  5.97669E-02   3.19587E+02  8.56654E-02   3.18722E+02  1.22788E-01   3.17855E+02  1.75994E-01   3.16987E+02  2.52254E-01   3.16118E+02  3.61553E-01   3.15247E+02  5.18202E-01   3.14375E+02  7.42709E-01   3.13502E+02  1.06446E+00   3.12627E+02  1.52557E+00   3.11751E+02  2.18636E+00   3.10874E+02  3.13327E+00   3.09995E+02  4.07154E+00   3.09333E+02  4.41334E+00   3.09094E+02  4.33531E+00   3.09157E+02  4.25626E+00   3.09304E+02  4.17638E+00   3.09538E+02  4.09581E+00   3.09862E+02  4.01469E+00   3.10275E+02  3.93312E+00   3.10779E+02  3.85123E+00   3.11375E+02  3.76913E+00   3.12063E+02  3.68692E+00   3.12844E+02  3.60473E+00   3.13717E+02  3.52269E+00   3.14681E+02  3.44091E+00   3.15737E+02  3.35951E+00   3.16884E+02  3.27862E+00   3.18120E+02  3.19836E+00   3.19445E+02  3.11884E+00   3.20857E+02  3.04017E+00   3.22354E+02  2.96247E+00   3.23935E+02  2.88582E+00   3.25599E+02  2.81032E+00   3.27343E+02  2.73605E+00   3.29167E+02  2.66308E+00   3.31067E+02  2.59149E+00   3.33043E+02  2.52133E+00   3.35091E+02  2.45264E+00   3.37211E+02  2.38548E+00   3.39401E+02  2.31986E+00   3.41657E+02  2.25582E+00   3.43979E+02  2.19337E+00   3.46365E+02  2.13252E+00   3.48812E+02  2.07328E+00   3.51319E+02  2.01565E+00   3.53883E+02  1.95961E+00   3.56504E+02  1.90516E+00   3.59179E+02  1.85228E+00   1.90672E+00  1.80095E+00   4.68494E+00  1.75115E+00   7.51217E+00  1.70285E+00   1.03869E+01  1.65603E+00   1.33077E+01  1.61064E+00   1.62730E+01  1.56667E+00   1.92811E+01 
 6.65179E-06   3.28237E+02  9.04883E-06   3.42864E+02  1.13938E-05   3.55895E+02  1.22971E-05   3.39804E+02  1.69276E-05   3.35729E+02  2.94044E-05   3.37169E+02  4.62317E-05   3.35097E+02  6.62045E-05   3.36324E+02  9.39447E-05   3.36400E+02  1.32089E-04   3.35128E+02  1.86806E-04   3.34292E+02  2.66936E-04   3.33310E+02  3.83438E-04   3.32295E+02  5.50942E-04   3.31589E+02  7.90676E-04   3.30713E+02  1.13279E-03   3.29876E+02  1.62135E-03   3.29019E+02  2.32288E-03   3.28172E+02  3.32597E-03   3.27319E+02  4.76557E-03   3.26458E+02  6.82915E-03   3.25604E+02  9.78868E-03   3.24738E+02  1.40316E-02   3.23878E+02  2.01130E-02   3.23015E+02  2.88314E-02   3.22153E+02  4.13271E-02   3.21289E+02  5.92386E-02   3.20423E+02  8.49104E-02   3.19556E+02  1.21708E-01   3.18689E+02  1.74448E-01   3.17820E+02  2.50040E-01   3.16951E+02  3.58384E-01   3.16080E+02  5.13667E-01   3.15208E+02  7.36219E-01   3.14334E+02  1.05517E+00   3.13460E+02  1.51227E+00   3.12584E+02  2.16733E+00   3.11707E+02  3.10604E+00   3.10829E+02  4.03618E+00   3.10166E+02  4.37503E+00   3.09926E+02  4.29772E+00   3.09986E+02  4.21944E+00   3.10131E+02  4.14037E+00   3.10363E+02  4.06065E+00   3.10683E+02  3.98041E+00   3.11094E+02  3.89975E+00   3.11595E+02  3.81880E+00   3.12187E+02  3.73765E+00   3.12872E+02  3.65642E+00   3.13648E+02  3.57522E+00   3.14517E+02  3.49418E+00   3.15477E+02  3.41340E+00   3.16528E+02  3.33300E+00   3.17669E+02  3.25312E+00   3.18900E+02  3.17385E+00   3.20219E+02  3.09531E+00   3.21624E+02  3.01762E+00   3.23115E+02  2.94086E+00   3.24690E+02  2.86515E+00   3.26347E+02  2.79056E+00   3.28084E+02  2.71718E+00   3.29901E+02  2.64508E+00   3.31794E+02  2.57433E+00   3.33762E+02  2.50497E+00   3.35803E+02  2.43707E+00   3.37916E+02  2.37065E+00   3.40098E+02  2.30575E+00   3.42347E+02  2.24240E+00   3.44661E+02  2.18062E+00   3.47039E+02  2.12041E+00   3.49479E+02  2.06177E+00   3.51978E+02  2.00472E+00   3.54535E+02  1.94924E+00   3.57148E+02  1.89531E+00   3.59816E+02  1.84293E+00   2.53567E+00  1.79208E+00   5.30656E+00  1.74273E+00   8.12650E+00  1.69485E+00   1.09941E+01  1.64844E+00   1.39075E+01  1.60344E+00   1.68654E+01  1.55983E+00   1.98666E+01 
 4.53008E-06   3.19693E+02  8.96753E-06   3.38627E+02  1.20185E-05   3.57991E+02  1.59284E-05   3.45129E+02  1.93920E-05   3.39635E+02  2.69337E-05   3.37392E+02  4.36075E-05   3.35084E+02  6.44523E-05   3.36776E+02  9.23517E-05   3.36841E+02  1.32004E-04   3.36339E+02  1.85161E-04   3.35264E+02  2.65090E-04   3.34324E+02  3.80493E-04   3.33291E+02  5.44323E-04   3.32341E+02  7.81927E-04   3.31621E+02  1.12027E-03   3.30785E+02  1.60412E-03   3.29990E+02  2.29939E-03   3.29150E+02  3.29269E-03   3.28281E+02  4.71832E-03   3.27427E+02  6.76179E-03   3.26552E+02  9.69110E-03   3.25690E+02  1.38920E-02   3.24823E+02  1.99134E-02   3.23958E+02  2.85456E-02   3.23095E+02  4.09171E-02   3.22230E+02  5.86526E-02   3.21364E+02  8.40715E-02   3.20497E+02  1.20506E-01   3.19630E+02  1.72729E-01   3.18760E+02  2.47581E-01   3.17891E+02  3.54865E-01   3.17019E+02  5.08631E-01   3.16147E+02  7.29011E-01   3.15273E+02  1.04486E+00   3.14399E+02  1.49751E+00   3.13523E+02  2.14621E+00   3.12647E+02  3.07581E+00   3.11769E+02  3.99693E+00   3.11106E+02  4.33250E+00   3.10864E+02  4.25597E+00   3.10921E+02  4.17853E+00   3.11063E+02  4.10035E+00   3.11293E+02  4.02157E+00   3.11611E+02  3.94230E+00   3.12018E+02  3.86265E+00   3.12516E+02  3.78272E+00   3.13104E+02  3.70263E+00   3.13785E+02  3.62248E+00   3.14557E+02  3.54238E+00   3.15420E+02  3.46244E+00   3.16375E+02  3.38277E+00   3.17421E+02  3.30349E+00   3.18556E+02  3.22471E+00   3.19780E+02  3.14654E+00   3.21092E+02  3.06909E+00   3.22491E+02  2.99247E+00   3.23974E+02  2.91677E+00   3.25542E+02  2.84209E+00   3.27191E+02  2.76851E+00   3.28921E+02  2.69612E+00   3.30729E+02  2.62497E+00   3.32615E+02  2.55515E+00   3.34575E+02  2.48669E+00   3.36608E+02  2.41965E+00   3.38712E+02  2.35407E+00   3.40885E+02  2.28998E+00   3.43126E+02  2.22740E+00   3.45432E+02  2.16635E+00   3.47801E+02  2.10685E+00   3.50232E+02  2.04889E+00   3.52723E+02  1.99248E+00   3.55271E+02  1.93761E+00   3.57876E+02  1.88427E+00   5.35214E-01  1.83245E+00   3.24692E+00  1.78212E+00   6.00934E+00  1.73328E+00   8.82094E+00  1.68589E+00   1.16802E+01  1.63992E+00   1.45855E+01  1.59535E+00   1.75357E+01  1.55215E+00   2.05289E+01 
 5.07427E-06   3.35374E+02  8.62666E-06   3.36008E+02  1.15949E-05   3.55808E+02  1.26883E-05   3.45148E+02  1.78069E-05   3.39914E+02  2.86797E-05   3.41389E+02  4.39379E-05   3.37103E+02  6.40917E-05   3.37623E+02  9.15574E-05   3.37953E+02  1.29717E-04   3.37069E+02  1.83606E-04   3.36495E+02  2.61073E-04   3.35440E+02  3.75385E-04   3.34443E+02  5.38556E-04   3.33587E+02  7.72732E-04   3.32671E+02  1.10946E-03   3.31887E+02  1.58755E-03   3.31014E+02  2.27462E-03   3.30167E+02  3.25675E-03   3.29314E+02  4.66608E-03   3.28458E+02  6.68734E-03   3.27603E+02  9.58427E-03   3.26737E+02  1.37393E-02   3.25876E+02  1.96941E-02   3.25010E+02  2.82321E-02   3.24144E+02  4.04694E-02   3.23278E+02  5.80108E-02   3.22411E+02  8.31541E-02   3.21544E+02  1.19194E-01   3.20675E+02  1.70851E-01   3.19806E+02  2.44893E-01   3.18935E+02  3.51018E-01   3.18064E+02  5.03126E-01   3.17191E+02  7.21135E-01   3.16318E+02  1.03359E+00   3.15443E+02  1.48139E+00   3.14568E+02  2.12313E+00   3.13692E+02  3.04280E+00   3.12815E+02  3.95407E+00   3.12152E+02  4.28604E+00   3.11907E+02  4.21035E+00   3.11961E+02  4.13381E+00   3.12101E+02  4.05660E+00   3.12327E+02  3.97882E+00   3.12642E+02  3.90060E+00   3.13046E+02  3.82204E+00   3.13540E+02  3.74324E+00   3.14124E+02  3.66430E+00   3.14800E+02  3.58532E+00   3.15567E+02  3.50641E+00   3.16425E+02  3.42767E+00   3.17374E+02  3.34920E+00   3.18413E+02  3.27113E+00   3.19542E+02  3.19356E+00   3.20759E+02  3.11658E+00   3.22064E+02  3.04032E+00   3.23455E+02  2.96487E+00   3.24931E+02  2.89032E+00   3.26490E+02  2.81677E+00   3.28132E+02  2.74429E+00   3.29853E+02  2.67297E+00   3.31652E+02  2.60287E+00   3.33529E+02  2.53406E+00   3.35479E+02  2.46658E+00   3.37503E+02  2.40049E+00   3.39598E+02  2.33582E+00   3.41762E+02  2.27261E+00   3.43993E+02  2.21087E+00   3.46290E+02  2.15063E+00   3.48650E+02  2.09191E+00   3.51072E+02  2.03469E+00   3.53553E+02  1.97898E+00   3.56092E+02  1.92479E+00   3.58687E+02  1.87209E+00   1.33693E+00  1.82088E+00   4.03930E+00  1.77114E+00   6.79253E+00  1.72284E+00   9.59502E+00  1.67597E+00   1.24453E+01  1.63051E+00   1.53417E+01  1.58641E+00   1.82827E+01  1.54366E+00   2.12669E+01 
 3.32646E-06   3.36170E+02  8.58675E-06   3.34884E+02  1.25122E-05   3.56201E+02  1.67656E-05   3.49476E+02  1.84462E-05   3.42002E+02  2.48444E-05   3.40356E+02  4.13169E-05   3.38238E+02  6.24869E-05   3.38545E+02  9.01148E-05   3.38729E+02  1.29438E-04   3.38451E+02  1.82190E-04   3.37404E+02  2.59364E-04   3.36592E+02  3.71097E-04   3.35530E+02  5.30993E-04   3.34601E+02  7.62332E-04   3.33857E+02  1.09435E-03   3.33019E+02  1.56777E-03   3.32214E+02  2.24671E-03   3.31344E+02  3.21808E-03   3.30488E+02  4.61100E-03   3.29629E+02  6.60827E-03   3.28755E+02  9.47078E-03   3.27897E+02  1.35756E-02   3.27028E+02  1.94589E-02   3.26162E+02  2.78947E-02   3.25297E+02  3.99863E-02   3.24430E+02  5.73198E-02   3.23563E+02  8.21641E-02   3.22695E+02  1.17778E-01   3.21825E+02  1.68825E-01   3.20955E+02  2.41994E-01   3.20084E+02  3.46871E-01   3.19212E+02  4.97191E-01   3.18339E+02  7.12644E-01   3.17466E+02  1.02144E+00   3.16591E+02  1.46400E+00   3.15716E+02  2.09827E+00   3.14840E+02  3.00723E+00   3.13964E+02  3.90789E+00   3.13300E+02  4.23596E+00   3.13053E+02  4.16115E+00   3.13104E+02  4.08558E+00   3.13241E+02  4.00938E+00   3.13465E+02  3.93268E+00   3.13776E+02  3.85559E+00   3.14176E+02  3.77820E+00   3.14666E+02  3.70060E+00   3.15246E+02  3.62289E+00   3.15917E+02  3.54517E+00   3.16678E+02  3.46753E+00   3.17531E+02  3.39007E+00   3.18473E+02  3.31291E+00   3.19506E+02  3.23613E+00   3.20627E+02  3.15985E+00   3.21837E+02  3.08416E+00   3.23134E+02  3.00917E+00   3.24516E+02  2.93498E+00   3.25984E+02  2.86166E+00   3.27534E+02  2.78932E+00   3.29166E+02  2.71803E+00   3.30878E+02  2.64787E+00   3.32668E+02  2.57889E+00   3.34534E+02  2.51117E+00   3.36476E+02  2.44475E+00   3.38489E+02  2.37967E+00   3.40574E+02  2.31599E+00   3.42728E+02  2.25372E+00   3.44949E+02  2.19289E+00   3.47235E+02  2.13353E+00   3.49585E+02  2.07564E+00   3.51996E+02  2.01922E+00   3.54467E+02  1.96428E+00   3.56996E+02  1.91081E+00   3.59581E+02  1.85881E+00   2.22038E+00  1.80826E+00   4.91263E+00  1.75915E+00   7.65564E+00  1.71145E+00   1.04480E+01  1.66516E+00   1.32882E+01  1.62023E+00   1.61746E+01  1.57664E+00   1.91061E+01  1.53439E+00   2.20808E+01 
 3.51241E-06   3.57751E+02  7.59326E-06   3.30094E+02  1.13831E-05   3.52120E+02  1.40364E-05   3.50438E+02  1.93605E-05   3.44907E+02  2.74608E-05   3.44449E+02  4.05818E-05   3.39451E+02  6.13287E-05   3.39722E+02  8.83759E-05   3.39910E+02  1.26496E-04   3.39327E+02  1.80554E-04   3.38852E+02  2.55342E-04   3.37952E+02  3.66193E-04   3.36981E+02  5.25395E-04   3.36004E+02  7.52754E-04   3.35099E+02  1.08037E-03   3.34270E+02  1.54661E-03   3.33392E+02  2.21777E-03   3.32577E+02  3.17654E-03   3.31727E+02  4.55085E-03   3.30881E+02  6.52276E-03   3.30022E+02  9.34789E-03   3.29150E+02  1.34001E-02   3.28289E+02  1.92074E-02   3.27419E+02  2.75346E-02   3.26552E+02  3.94707E-02   3.25684E+02  5.65818E-02   3.24815E+02  8.11091E-02   3.23946E+02  1.16267E-01   3.23076E+02  1.66664E-01   3.22205E+02  2.38902E-01   3.21334E+02  3.42447E-01   3.20462E+02  4.90861E-01   3.19589E+02  7.03588E-01   3.18715E+02  1.00849E+00   3.17840E+02  1.44548E+00   3.16965E+02  2.07177E+00   3.16090E+02  2.96934E+00   3.15214E+02  3.85868E+00   3.14551E+02  4.18259E+00   3.14301E+02  4.10869E+00   3.14349E+02  4.03411E+00   3.14483E+02  3.95899E+00   3.14703E+02  3.88343E+00   3.15011E+02  3.80753E+00   3.15407E+02  3.73137E+00   3.15892E+02  3.65505E+00   3.16468E+02  3.57865E+00   3.17133E+02  3.50226E+00   3.17889E+02  3.42597E+00   3.18735E+02  3.34988E+00   3.19670E+02  3.27408E+00   3.20695E+02  3.19868E+00   3.21809E+02  3.12377E+00   3.23011E+02  3.04944E+00   3.24299E+02  2.97581E+00   3.25673E+02  2.90294E+00   3.27131E+02  2.83094E+00   3.28672E+02  2.75989E+00   3.30294E+02  2.68986E+00   3.31996E+02  2.62092E+00   3.33775E+02  2.55314E+00   3.35631E+02  2.48658E+00   3.37562E+02  2.42128E+00   3.39565E+02  2.35730E+00   3.41639E+02  2.29466E+00   3.43781E+02  2.23340E+00   3.45991E+02  2.17355E+00   3.48266E+02  2.11512E+00   3.50605E+02  2.05812E+00   3.53005E+02  2.00255E+00   3.55465E+02  1.94843E+00   3.57982E+02  1.89574E+00   5.56129E-01  1.84449E+00   3.18444E+00  1.79465E+00   5.86552E+00  1.74621E+00   8.59757E+00  1.69916E+00   1.13791E+01  1.65347E+00   1.42086E+01  1.60912E+00   1.70845E+01  1.56609E+00   2.00052E+01  1.52436E+00   2.29691E+01 
 3.52271E-06   5.24378E+00  7.75490E-06   3.34699E+02  1.23396E-05   3.52866E+02  1.74798E-05   3.52769E+02  1.86265E-05   3.46925E+02  2.41869E-05   3.45236E+02  3.90241E-05   3.41813E+02  5.93858E-05   3.40797E+02  8.70328E-05   3.41102E+02  1.25538E-04   3.40863E+02  1.78116E-04   3.39990E+02  2.53168E-04   3.39288E+02  3.60553E-04   3.38189E+02  5.16734E-04   3.37327E+02  7.41410E-04   3.36540E+02  1.06418E-03   3.35639E+02  1.52470E-03   3.34828E+02  2.18595E-03   3.33964E+02  3.13270E-03   3.33099E+02  4.48856E-03   3.32240E+02  6.43349E-03   3.31378E+02  9.21905E-03   3.30510E+02  1.32153E-02   3.29642E+02  1.89427E-02   3.28776E+02  2.71543E-02   3.27907E+02  3.89266E-02   3.27038E+02  5.58025E-02   3.26169E+02  7.99944E-02   3.25298E+02  1.14673E-01   3.24428E+02  1.64382E-01   3.23556E+02  2.35637E-01   3.22684E+02  3.37775E-01   3.21811E+02  4.84178E-01   3.20938E+02  6.94026E-01   3.20064E+02  9.94809E-01   3.19189E+02  1.42592E+00   3.18314E+02  2.04380E+00   3.17439E+02  2.92935E+00   3.16564E+02  3.80676E+00   3.15900E+02  4.12624E+00   3.15648E+02  4.05328E+00   3.15693E+02  3.97974E+00   3.15823E+02  3.90574E+00   3.16040E+02  3.83137E+00   3.16344E+02  3.75671E+00   3.16736E+02  3.68185E+00   3.17217E+02  3.60686E+00   3.17787E+02  3.53182E+00   3.18447E+02  3.45683E+00   3.19197E+02  3.38195E+00   3.20036E+02  3.30729E+00   3.20964E+02  3.23294E+00   3.21981E+02  3.15898E+00   3.23087E+02  3.08551E+00   3.24280E+02  3.01262E+00   3.25559E+02  2.94040E+00   3.26923E+02  2.86894E+00   3.28371E+02  2.79832E+00   3.29902E+02  2.72862E+00   3.31513E+02  2.65991E+00   3.33204E+02  2.59227E+00   3.34973E+02  2.52575E+00   3.36818E+02  2.46041E+00   3.38737E+02  2.39630E+00   3.40728E+02  2.33346E+00   3.42790E+02  2.27193E+00   3.44921E+02  2.21174E+00   3.47119E+02  2.15291E+00   3.49382E+02  2.09547E+00   3.51709E+02  2.03941E+00   3.54097E+02  1.98476E+00   3.56544E+02  1.93150E+00   3.59050E+02  1.87964E+00   1.61196E+00  1.82917E+00   4.22841E+00  1.78009E+00   6.89771E+00  1.73237E+00   9.61791E+00  1.68599E+00   1.23877E+01  1.64096E+00   1.52055E+01  1.59723E+00   1.80697E+01  1.55478E+00   2.09791E+01  1.51361E+00   2.39319E+01 
 3.02177E-06   3.30885E+01  6.13659E-06   3.24810E+02  1.00823E-05   3.47628E+02  1.50213E-05   3.55140E+02  2.15273E-05   3.49700E+02  2.69737E-05   3.48948E+02  3.72665E-05   3.43497E+02  5.76952E-05   3.42170E+02  8.46233E-05   3.42216E+02  1.22657E-04   3.42011E+02  1.76456E-04   3.41574E+02  2.49951E-04   3.40705E+02  3.56578E-04   3.39832E+02  5.10058E-04   3.38840E+02  7.30108E-04   3.37923E+02  1.04856E-03   3.37076E+02  1.50178E-03   3.36203E+02  2.15325E-03   3.35399E+02  3.08613E-03   3.34548E+02  4.42220E-03   3.33695E+02  6.33880E-03   3.32833E+02  9.08377E-03   3.31965E+02  1.30216E-02   3.31101E+02  1.86650E-02   3.30230E+02  2.67565E-02   3.29360E+02  3.83567E-02   3.28489E+02  5.49862E-02   3.27620E+02  7.88258E-02   3.26748E+02  1.13000E-01   3.25877E+02  1.61990E-01   3.25004E+02  2.32214E-01   3.24132E+02  3.32878E-01   3.23258E+02  4.77173E-01   3.22384E+02  6.84008E-01   3.21510E+02  9.80482E-01   3.20635E+02  1.40543E+00   3.19760E+02  2.01452E+00   3.18886E+02  2.88750E+00   3.18011E+02  3.75242E+00   3.17346E+02  4.06725E+00   3.17093E+02  3.99524E+00   3.17134E+02  3.92276E+00   3.17261E+02  3.84991E+00   3.17474E+02  3.77677E+00   3.17775E+02  3.70340E+00   3.18162E+02  3.62988E+00   3.18638E+02  3.55628E+00   3.19203E+02  3.48267E+00   3.19857E+02  3.40912E+00   3.20600E+02  3.33573E+00   3.21432E+02  3.26256E+00   3.22353E+02  3.18970E+00   3.23362E+02  3.11724E+00   3.24458E+02  3.04527E+00   3.25642E+02  2.97387E+00   3.26911E+02  2.90313E+00   3.28265E+02  2.83312E+00   3.29703E+02  2.76394E+00   3.31223E+02  2.69565E+00   3.32823E+02  2.62833E+00   3.34502E+02  2.56204E+00   3.36259E+02  2.49683E+00   3.38092E+02  2.43277E+00   3.39999E+02  2.36990E+00   3.41978E+02  2.30827E+00   3.44028E+02  2.24790E+00   3.46146E+02  2.18883E+00   3.48331E+02  2.13108E+00   3.50582E+02  2.07467E+00   3.52895E+02  2.01960E+00   3.55271E+02  1.96590E+00   3.57706E+02  1.91355E+00   1.98487E-01  1.86256E+00   2.74758E+00  1.81292E+00   5.35128E+00  1.76463E+00   8.00774E+00  1.71766E+00   1.07153E+01  1.67202E+00   1.34726E+01  1.62766E+00   1.62781E+01  1.58458E+00   1.91302E+01  1.54276E+00   2.20273E+01  1.50217E+00   2.49678E+01 
 5.00267E-06   2.24923E+01  6.55978E-06   3.39783E+02  1.12232E-05   3.46911E+02  1.64425E-05   3.54662E+02  1.89654E-05   3.50849E+02  2.54192E-05   3.50311E+02  3.73615E-05   3.47111E+02  5.55122E-05   3.44376E+02  8.31027E-05   3.43977E+02  1.21095E-04   3.43528E+02  1.73131E-04   3.42682E+02  2.46449E-04   3.42160E+02  3.50461E-04   3.41346E+02  5.01799E-04   3.40513E+02  7.17689E-04   3.39604E+02  1.03082E-03   3.38682E+02  1.47813E-03   3.37829E+02  2.11887E-03   3.36951E+02  3.03864E-03   3.36108E+02  4.35351E-03   3.35247E+02  6.24067E-03   3.34382E+02  8.94351E-03   3.33515E+02  1.28197E-02   3.32648E+02  1.83761E-02   3.31780E+02  2.63428E-02   3.30909E+02  3.77648E-02   3.30038E+02  5.41381E-02   3.29167E+02  7.76119E-02   3.28295E+02  1.11263E-01   3.27422E+02  1.59503E-01   3.26549E+02  2.28656E-01   3.25675E+02  3.27788E-01   3.24801E+02  4.69892E-01   3.23926E+02  6.73593E-01   3.23051E+02  9.65587E-01   3.22176E+02  1.38414E+00   3.21301E+02  1.98408E+00   3.20426E+02  2.84400E+00   3.19552E+02  3.69594E+00   3.18887E+02  4.00591E+00   3.18631E+02  3.93487E+00   3.18670E+02  3.86348E+00   3.18794E+02  3.79182E+00   3.19004E+02  3.71994E+00   3.19300E+02  3.64790E+00   3.19683E+02  3.57576E+00   3.20154E+02  3.50359E+00   3.20713E+02  3.43145E+00   3.21361E+02  3.35940E+00   3.22097E+02  3.28752E+00   3.22921E+02  3.21589E+00   3.23834E+02  3.14458E+00   3.24834E+02  3.07367E+00   3.25922E+02  3.00324E+00   3.27096E+02  2.93338E+00   3.28355E+02  2.86417E+00   3.29698E+02  2.79568E+00   3.31125E+02  2.72798E+00   3.32633E+02  2.66116E+00   3.34221E+02  2.59527E+00   3.35889E+02  2.53037E+00   3.37633E+02  2.46653E+00   3.39453E+02  2.40380E+00   3.41347E+02  2.34222E+00   3.43313E+02  2.28183E+00   3.45350E+02  2.22266E+00   3.47455E+02  2.16476E+00   3.49627E+02  2.10812E+00   3.51864E+02  2.05279E+00   3.54164E+02  1.99876E+00   3.56525E+02  1.94604E+00   3.58947E+02  1.89465E+00   1.42622E+00  1.84457E+00   3.96176E+00  1.79579E+00   6.55199E+00  1.74833E+00   9.19512E+00  1.70215E+00   1.18894E+01  1.65725E+00   1.46335E+01  1.61362E+00   1.74257E+01  1.57122E+00   2.02645E+01  1.53005E+00   2.31486E+01  1.49008E+00   2.60765E+01 
 3.89619E-06   5.23327E+01  4.88352E-06   3.35224E+02  8.73889E-06   3.44002E+02  1.55302E-05   3.57019E+02  2.28475E-05   3.52654E+02  2.69468E-05   3.51948E+02  3.59610E-05   3.49486E+02  5.44706E-05   3.46750E+02  7.98122E-05   3.45190E+02  1.17505E-04   3.44967E+02  1.71067E-04   3.44509E+02  2.43043E-04   3.43757E+02  3.46031E-04   3.43046E+02  4.94725E-04   3.42094E+02  7.06398E-04   3.41207E+02  1.01324E-03   3.40309E+02  1.45303E-03   3.39430E+02  2.08325E-03   3.38610E+02  2.98732E-03   3.37741E+02  4.28176E-03   3.36892E+02  6.13815E-03   3.36027E+02  8.79747E-03   3.35159E+02  1.26113E-02   3.34294E+02  1.80777E-02   3.33422E+02  2.59151E-02   3.32552E+02  3.71518E-02   3.31679E+02  5.32605E-02   3.30807E+02  7.63559E-02   3.29933E+02  1.09465E-01   3.29060E+02  1.56931E-01   3.28186E+02  2.24976E-01   3.27311E+02  3.22524E-01   3.26436E+02  4.62363E-01   3.25561E+02  6.62827E-01   3.24685E+02  9.50194E-01   3.23810E+02  1.36213E+00   3.22934E+02  1.95263E+00   3.22059E+02  2.79907E+00   3.21185E+02  3.63760E+00   3.20519E+02  3.94255E+00   3.20262E+02  3.87247E+00   3.20298E+02  3.80219E+00   3.20419E+02  3.73173E+00   3.20626E+02  3.66114E+00   3.20918E+02  3.59047E+00   3.21297E+02  3.51975E+00   3.21763E+02  3.44904E+00   3.22316E+02  3.37840E+00   3.22957E+02  3.30789E+00   3.23686E+02  3.23757E+00   3.24502E+02  3.16751E+00   3.25407E+02  3.09779E+00   3.26398E+02  3.02847E+00   3.27476E+02  2.95963E+00   3.28639E+02  2.89136E+00   3.29888E+02  2.82371E+00   3.31220E+02  2.75677E+00   3.32635E+02  2.69060E+00   3.34131E+02  2.62528E+00   3.35707E+02  2.56086E+00   3.37362E+02  2.49740E+00   3.39093E+02  2.43497E+00   3.40900E+02  2.37360E+00   3.42781E+02  2.31335E+00   3.44733E+02  2.25424E+00   3.46755E+02  2.19633E+00   3.48847E+02  2.13962E+00   3.51004E+02  2.08414E+00   3.53227E+02  2.02992E+00   3.55513E+02  1.97696E+00   3.57860E+02  1.92527E+00   2.67291E-01  1.87486E+00   2.73240E+00  1.82571E+00   5.25369E+00  1.77785E+00   7.82971E+00  1.73124E+00   1.04585E+01  1.68589E+00   1.31386E+01  1.64177E+00   1.58686E+01  1.59888E+00   1.86470E+01  1.55719E+00   2.14722E+01  1.51670E+00   2.43427E+01  1.47737E+00   2.72567E+01 
 6.56427E-06   2.76404E+01  5.08821E-06   3.55813E+02  8.99569E-06   3.40815E+02  1.43343E-05   3.55989E+02  1.97647E-05   3.53475E+02  2.75613E-05   3.53721E+02  3.68851E-05   3.52197E+02  5.26101E-05   3.49127E+02  7.85507E-05   3.47511E+02  1.14271E-04   3.46470E+02  1.65870E-04   3.45894E+02  2.39182E-04   3.45366E+02  3.39495E-04   3.44722E+02  4.86698E-04   3.43968E+02  6.95210E-04   3.43076E+02  9.95980E-04   3.42150E+02  1.42816E-03   3.41226E+02  2.04715E-03   3.40348E+02  2.93717E-03   3.39492E+02  4.20867E-03   3.38626E+02  6.03375E-03   3.37768E+02  8.64804E-03   3.36895E+02  1.23969E-02   3.36029E+02  1.77715E-02   3.35158E+02  2.54760E-02   3.34286E+02  3.65243E-02   3.33413E+02  5.23612E-02   3.32538E+02  7.50677E-02   3.31664E+02  1.07620E-01   3.30789E+02  1.54290E-01   3.29914E+02  2.21197E-01   3.29038E+02  3.17117E-01   3.28162E+02  4.54629E-01   3.27285E+02  6.51765E-01   3.26409E+02  9.34376E-01   3.25533E+02  1.33952E+00   3.24657E+02  1.92031E+00   3.23781E+02  2.75290E+00   3.22906E+02  3.57766E+00   3.22240E+02  3.87743E+00   3.21982E+02  3.80834E+00   3.22016E+02  3.73918E+00   3.22134E+02  3.66995E+00   3.22338E+02  3.60068E+00   3.22627E+02  3.53139E+00   3.23001E+02  3.46211E+00   3.23462E+02  3.39290E+00   3.24009E+02  3.32379E+00   3.24643E+02  3.25485E+00   3.25364E+02  3.18611E+00   3.26173E+02  3.11766E+00   3.27068E+02  3.04955E+00   3.28050E+02  2.98185E+00   3.29118E+02  2.91464E+00   3.30271E+02  2.84797E+00   3.31508E+02  2.78192E+00   3.32829E+02  2.71656E+00   3.34231E+02  2.65196E+00   3.35715E+02  2.58817E+00   3.37278E+02  2.52525E+00   3.38920E+02  2.46327E+00   3.40638E+02  2.40228E+00   3.42430E+02  2.34231E+00   3.44297E+02  2.28341E+00   3.46235E+02  2.22563E+00   3.48243E+02  2.16898E+00   3.50319E+02  2.11351E+00   3.52462E+02  2.05923E+00   3.54670E+02  2.00615E+00   3.56941E+02  1.95429E+00   3.59273E+02  1.90365E+00   1.66560E+00  1.85425E+00   4.11565E+00  1.80608E+00   6.62195E+00  1.75915E+00   9.18297E+00  1.71342E+00   1.17969E+01  1.66892E+00   1.44623E+01  1.62561E+00   1.71778E+01  1.58349E+00   1.99416E+01  1.54254E+00   2.27521E+01  1.50275E+00   2.56080E+01  1.46408E+00   2.85079E+01 
 4.50965E-06   3.83922E+01  5.29640E-06   9.95419E+00  7.63408E-06   3.48125E+02  1.49445E-05   3.55507E+02  2.27886E-05   3.54336E+02  2.75298E-05   3.54446E+02  3.61366E-05   3.54770E+02  5.19885E-05   3.52246E+02  7.56567E-05   3.49448E+02  1.11696E-04   3.48696E+02  1.63026E-04   3.47997E+02  2.34833E-04   3.47124E+02  3.34570E-04   3.46459E+02  4.78045E-04   3.45591E+02  6.83240E-04   3.44788E+02  9.77379E-04   3.43945E+02  1.40180E-03   3.43051E+02  2.00956E-03   3.42198E+02  2.88305E-03   3.41322E+02  4.13310E-03   3.40457E+02  5.92531E-03   3.39590E+02  8.49441E-03   3.38722E+02  1.21763E-02   3.37853E+02  1.74567E-02   3.36980E+02  2.50261E-02   3.36108E+02  3.58791E-02   3.35234E+02  5.14382E-02   3.34359E+02  7.37473E-02   3.33483E+02  1.05731E-01   3.32607E+02  1.51587E-01   3.31730E+02  2.17330E-01   3.30853E+02  3.11585E-01   3.29976E+02  4.46716E-01   3.29098E+02  6.40449E-01   3.28221E+02  9.18197E-01   3.27343E+02  1.31639E+00   3.26466E+02  1.88726E+00   3.25590E+02  2.70569E+00   3.24714E+02  3.51636E+00   3.24047E+02  3.81083E+00   3.23788E+02  3.74274E+00   3.23821E+02  3.67471E+00   3.23938E+02  3.60673E+00   3.24138E+02  3.53879E+00   3.24423E+02  3.47091E+00   3.24793E+02  3.40310E+00   3.25249E+02  3.33540E+00   3.25790E+02  3.26785E+00   3.26417E+02  3.20049E+00   3.27131E+02  3.13337E+00   3.27931E+02  3.06654E+00   3.28817E+02  3.00007E+00   3.29789E+02  2.93401E+00   3.30847E+02  2.86844E+00   3.31988E+02  2.80341E+00   3.33214E+02  2.73898E+00   3.34523E+02  2.67523E+00   3.35913E+02  2.61221E+00   3.37383E+02  2.54998E+00   3.38933E+02  2.48859E+00   3.40561E+02  2.42811E+00   3.42265E+02  2.36857E+00   3.44043E+02  2.31003E+00   3.45895E+02  2.25253E+00   3.47818E+02  2.19608E+00   3.49811E+02  2.14074E+00   3.51872E+02  2.08653E+00   3.53999E+02  2.03346E+00   3.56192E+02  1.98155E+00   3.58447E+02  1.93081E+00   7.63996E-01  1.88126E+00   3.14051E+00  1.83290E+00   5.57491E+00  1.78573E+00   8.06563E+00  1.73974E+00   1.06111E+01  1.69493E+00   1.32094E+01  1.65129E+00   1.58593E+01  1.60882E+00   1.85593E+01  1.56750E+00   2.13077E+01  1.52730E+00   2.41032E+01  1.48823E+00   2.69443E+01  1.45025E+00   2.98292E+01 
 6.69659E-06   2.06527E+01  5.75418E-06   1.91638E+01  7.17635E-06   3.46683E+02  1.12861E-05   3.57230E+02  1.98077E-05   3.55081E+02  2.94850E-05   3.55479E+02  3.73649E-05   3.56241E+02  5.14560E-05   3.54254E+02  7.45708E-05   3.51883E+02  1.07347E-04   3.50374E+02  1.57151E-04   3.49878E+02  2.29382E-04   3.49112E+02  3.27401E-04   3.48477E+02  4.70078E-04   3.47685E+02  6.72154E-04   3.46771E+02  9.60761E-04   3.45937E+02  1.37706E-03   3.45003E+02  1.97270E-03   3.44123E+02  2.83004E-03   3.43251E+02  4.05678E-03   3.42371E+02  5.81649E-03   3.41511E+02  8.33891E-03   3.40635E+02  1.19538E-02   3.39767E+02  1.71386E-02   3.38891E+02  2.45702E-02   3.38017E+02  3.52258E-02   3.37143E+02  5.05024E-02   3.36266E+02  7.24061E-02   3.35388E+02  1.03811E-01   3.34510E+02  1.48838E-01   3.33632E+02  2.13395E-01   3.32754E+02  3.05954E-01   3.31875E+02  4.38660E-01   3.30996E+02  6.28926E-01   3.30117E+02  9.01719E-01   3.29238E+02  1.29284E+00   3.28360E+02  1.85360E+00   3.27482E+02  2.65759E+00   3.26604E+02  3.45391E+00   3.25937E+02  3.74299E+00   3.25678E+02  3.67592E+00   3.25711E+02  3.60905E+00   3.25826E+02  3.54233E+00   3.26025E+02  3.47575E+00   3.26306E+02  3.40929E+00   3.26672E+02  3.34296E+00   3.27122E+02  3.27679E+00   3.27657E+02  3.21081E+00   3.28277E+02  3.14505E+00   3.28983E+02  3.07955E+00   3.29774E+02  3.01437E+00   3.30651E+02  2.94955E+00   3.31613E+02  2.88515E+00   3.32660E+02  2.82123E+00   3.33790E+02  2.75785E+00   3.35004E+02  2.69506E+00   3.36300E+02  2.63293E+00   3.37677E+02  2.57151E+00   3.39134E+02  2.51085E+00   3.40670E+02  2.45102E+00   3.42284E+02  2.39205E+00   3.43973E+02  2.33400E+00   3.45736E+02  2.27690E+00   3.47573E+02  2.22080E+00   3.49480E+02  2.16572E+00   3.51458E+02  2.11170E+00   3.53503E+02  2.05876E+00   3.55614E+02  2.00693E+00   3.57791E+02  1.95621E+00   2.99981E-02  1.90662E+00   2.33057E+00  1.85817E+00   4.69081E+00  1.81087E+00   7.10890E+00  1.76471E+00   9.58334E+00  1.71970E+00   1.21124E+01  1.67582E+00   1.46946E+01  1.63308E+00   1.73285E+01  1.59146E+00   2.00126E+01  1.55094E+00   2.27452E+01  1.51152E+00   2.55249E+01  1.47319E+00   2.83498E+01  1.43592E+00   3.12192E+01 
 5.52515E-06   9.68126E+00  7.42683E-06   2.49778E+01  7.39660E-06   3.58207E+02  1.26457E-05   3.56077E+02  1.94322E-05   3.57649E+02  2.76838E-05   3.56897E+02  3.83591E-05   3.57886E+02  5.16031E-05   3.57117E+02  7.31694E-05   3.54838E+02  1.06715E-04   3.52811E+02  1.53523E-04   3.51586E+02  2.23765E-04   3.50882E+02  3.21242E-04   3.50252E+02  4.59724E-04   3.49520E+02  6.59472E-04   3.48707E+02  9.42165E-04   3.47893E+02  1.35049E-03   3.47024E+02  1.93460E-03   3.46139E+02  2.77409E-03   3.45255E+02  3.97856E-03   3.44376E+02  5.70419E-03   3.43513E+02  8.17960E-03   3.42637E+02  1.17261E-02   3.41764E+02  1.68131E-02   3.40889E+02  2.41051E-02   3.40012E+02  3.45600E-02   3.39136E+02  4.95508E-02   3.38258E+02  7.10440E-02   3.37379E+02  1.01862E-01   3.36500E+02  1.46048E-01   3.35620E+02  2.09403E-01   3.34739E+02  3.00242E-01   3.33858E+02  4.30489E-01   3.32978E+02  6.17237E-01   3.32097E+02  8.85001E-01   3.31216E+02  1.26893E+00   3.30335E+02  1.81943E+00   3.29455E+02  2.60876E+00   3.28576E+02  3.39051E+00   3.27908E+02  3.67413E+00   3.27650E+02  3.60812E+00   3.27684E+02  3.54243E+00   3.27798E+02  3.47700E+00   3.27994E+02  3.41179E+00   3.28273E+02  3.34676E+00   3.28634E+02  3.28193E+00   3.29078E+02  3.21730E+00   3.29607E+02  3.15289E+00   3.30220E+02  3.08874E+00   3.30918E+02  3.02487E+00   3.31701E+02  2.96133E+00   3.32568E+02  2.89817E+00   3.33520E+02  2.83544E+00   3.34556E+02  2.77318E+00   3.35675E+02  2.71146E+00   3.36876E+02  2.65032E+00   3.38159E+02  2.58981E+00   3.39523E+02  2.53000E+00   3.40966E+02  2.47094E+00   3.42488E+02  2.41266E+00   3.44086E+02  2.35522E+00   3.45760E+02  2.29866E+00   3.47508E+02  2.24302E+00   3.49329E+02  2.18834E+00   3.51221E+02  2.13464E+00   3.53182E+02  2.08196E+00   3.55211E+02  2.03031E+00   3.57306E+02  1.97972E+00   3.59465E+02  1.93021E+00   1.68790E+00  1.88179E+00   3.97169E+00  1.83446E+00   6.31507E+00  1.78823E+00   8.71629E+00  1.74310E+00   1.11739E+01  1.69908E+00   1.36862E+01  1.65615E+00   1.62517E+01  1.61431E+00   1.88690E+01  1.57356E+00   2.15364E+01  1.53387E+00   2.42522E+01  1.49525E+00   2.70153E+01  1.45767E+00   2.98243E+01  1.42112E+00   3.26777E+01 
 5.78282E-06   3.59294E+02  7.14115E-06   2.61513E+01  7.04269E-06   5.24918E+00  9.55379E-06   8.68963E-01  1.81288E-05   3.58746E+02  2.83806E-05   3.58225E+02  3.77932E-05   3.58892E+02  5.18683E-05   3.59047E+02  7.21204E-05   3.57284E+02  1.03192E-04   3.55482E+02  1.49258E-04   3.54577E+02  2.17759E-04   3.53207E+02  3.14263E-04   3.52439E+02  4.51255E-04   3.51697E+02  6.46796E-04   3.50769E+02  9.24971E-04   3.49980E+02  1.32533E-03   3.49102E+02  1.89825E-03   3.48240E+02  2.72075E-03   3.47369E+02  3.90074E-03   3.46464E+02  5.59279E-03   3.45591E+02  8.01953E-03   3.44715E+02  1.14981E-02   3.43844E+02  1.64867E-02   3.42966E+02  2.36375E-02   3.42087E+02  3.38897E-02   3.41208E+02  4.85909E-02   3.40329E+02  6.96693E-02   3.39449E+02  9.98934E-02   3.38568E+02  1.43230E-01   3.37687E+02  2.05369E-01   3.36804E+02  2.94468E-01   3.35922E+02  4.22226E-01   3.35039E+02  6.05415E-01   3.34156E+02  8.68090E-01   3.33273E+02  1.24475E+00   3.32391E+02  1.78485E+00   3.31508E+02  2.55933E+00   3.30626E+02  3.32633E+00   3.29957E+02  3.60446E+00   3.29701E+02  3.53955E+00   3.29736E+02  3.47508E+00   3.29851E+02  3.41095E+00   3.30045E+02  3.34712E+00   3.30320E+02  3.28354E+00   3.30677E+02  3.22021E+00   3.31117E+02  3.15713E+00   3.31639E+02  3.09430E+00   3.32245E+02  3.03176E+00   3.32935E+02  2.96952E+00   3.33709E+02  2.90763E+00   3.34566E+02  2.84613E+00   3.35508E+02  2.78506E+00   3.36532E+02  2.72447E+00   3.37639E+02  2.66441E+00   3.38828E+02  2.60491E+00   3.40098E+02  2.54604E+00   3.41448E+02  2.48785E+00   3.42877E+02  2.43037E+00   3.44383E+02  2.37365E+00   3.45967E+02  2.31775E+00   3.47625E+02  2.26269E+00   3.49357E+02  2.20851E+00   3.51162E+02  2.15525E+00   3.53037E+02  2.10294E+00   3.54982E+02  2.05160E+00   3.56994E+02  2.00126E+00   3.59072E+02  1.95193E+00   1.21433E+00  1.90364E+00   3.41960E+00  1.85638E+00   5.68611E+00  1.81019E+00   8.01208E+00  1.76505E+00   1.03959E+01  1.72096E+00   1.28361E+01  1.67794E+00   1.53310E+01  1.63597E+00   1.78791E+01  1.59506E+00   2.04791E+01  1.55518E+00   2.31293E+01  1.51634E+00   2.58283E+01  1.47852E+00   2.85745E+01  1.44172E+00   3.13664E+01  1.40589E+00   3.42027E+01 
 7.07247E-06   3.42799E+02  8.66745E-06   1.86343E+01  9.18961E-06   1.12100E+01  1.04120E-05   2.97728E+00  1.49428E-05   2.15334E+00  2.61961E-05   1.33091E-02  3.88627E-05   4.65831E-01  5.20383E-05   6.22093E-01  7.23075E-05   3.59651E+02  1.03375E-04   3.57482E+02  1.45745E-04   3.56349E+02  2.11440E-04   3.55435E+02  3.06278E-04   3.54393E+02  4.40044E-04   3.53764E+02  6.33547E-04   3.52936E+02  9.05671E-04   3.52114E+02  1.29829E-03   3.51283E+02  1.86014E-03   3.50391E+02  2.66553E-03   3.49544E+02  3.82249E-03   3.48651E+02  5.47945E-03   3.47772E+02  7.85754E-03   3.46889E+02  1.12661E-02   3.46009E+02  1.61552E-02   3.45130E+02  2.31645E-02   3.44248E+02  3.32133E-02   3.43367E+02  4.76238E-02   3.42485E+02  6.82854E-02   3.41602E+02  9.79122E-02   3.40718E+02  1.40393E-01   3.39835E+02  2.01308E-01   3.38950E+02  2.88654E-01   3.38065E+02  4.13902E-01   3.37180E+02  5.93502E-01   3.36295E+02  8.51043E-01   3.35409E+02  1.22036E+00   3.34523E+02  1.74996E+00   3.33638E+02  2.50944E+00   3.32753E+02  3.26154E+00   3.32083E+02  3.53416E+00   3.31829E+02  3.47041E+00   3.31867E+02  3.40719E+00   3.31982E+02  3.34440E+00   3.32175E+02  3.28197E+00   3.32447E+02  3.21985E+00   3.32801E+02  3.15803E+00   3.33235E+02  3.09649E+00   3.33751E+02  3.03524E+00   3.34350E+02  2.97430E+00   3.35031E+02  2.91370E+00   3.35796E+02  2.85346E+00   3.36644E+02  2.79361E+00   3.37574E+02  2.73420E+00   3.38587E+02  2.67526E+00   3.39681E+02  2.61685E+00   3.40857E+02  2.55900E+00   3.42114E+02  2.50176E+00   3.43450E+02  2.44517E+00   3.44864E+02  2.38928E+00   3.46356E+02  2.33412E+00   3.47924E+02  2.27975E+00   3.49566E+02  2.22619E+00   3.51282E+02  2.17347E+00   3.53070E+02  2.12164E+00   3.54928E+02  2.07072E+00   3.56856E+02  2.02073E+00   3.58851E+02  1.97170E+00   9.11211E-01  1.92364E+00   3.03612E+00  1.87656E+00   5.22364E+00  1.83049E+00   7.47230E+00  1.78543E+00   9.78029E+00  1.74138E+00   1.21462E+01  1.69836E+00   1.45685E+01  1.65634E+00   1.70455E+01  1.61534E+00   1.95759E+01  1.57536E+00   2.21582E+01  1.53637E+00   2.47907E+01  1.49839E+00   2.74718E+01  1.46139E+00   3.02002E+01  1.42535E+00   3.29747E+01  1.39028E+00   3.57942E+01 
 4.58977E-06   3.33686E+02  7.87674E-06   1.12503E+01  9.48606E-06   1.61318E+01  1.09847E-05   1.02342E+01  1.56365E-05   3.58567E+00  2.38471E-05   1.89115E+00  3.66665E-05   1.37700E+00  5.25574E-05   2.01642E+00  7.08192E-05   2.57453E+00  1.01263E-04   9.38150E-01  1.44258E-04   3.59389E+02  2.06303E-04   3.58035E+02  2.99552E-04   3.56904E+02  4.30782E-04   3.56032E+02  6.19449E-04   3.55162E+02  8.88453E-04   3.54319E+02  1.27229E-03   3.53489E+02  1.82323E-03   3.52614E+02  2.61197E-03   3.51763E+02  3.74435E-03   3.50887E+02  5.36781E-03   3.50005E+02  7.69693E-03   3.49123E+02  1.10362E-02   3.48244E+02  1.58241E-02   3.47362E+02  2.26908E-02   3.46480E+02  3.25350E-02   3.45597E+02  4.66522E-02   3.44714E+02  6.68933E-02   3.43830E+02  9.59196E-02   3.42944E+02  1.37541E-01   3.42059E+02  1.97224E-01   3.41172E+02  2.82808E-01   3.40285E+02  4.05533E-01   3.39397E+02  5.81522E-01   3.38509E+02  8.33895E-01   3.37621E+02  1.19581E+00   3.36732E+02  1.71483E+00   3.35843E+02  2.45918E+00   3.34954E+02  3.19629E+00   3.34284E+02  3.46340E+00   3.34033E+02  3.40088E+00   3.34073E+02  3.33896E+00   3.34189E+02  3.27754E+00   3.34381E+02  3.21652E+00   3.34652E+02  3.15587E+00   3.35001E+02  3.09556E+00   3.35430E+02  3.03556E+00   3.35940E+02  2.97589E+00   3.36531E+02  2.91655E+00   3.37205E+02  2.85757E+00   3.37960E+02  2.79896E+00   3.38797E+02  2.74075E+00   3.39717E+02  2.68299E+00   3.40718E+02  2.62570E+00   3.41800E+02  2.56893E+00   3.42963E+02  2.51271E+00   3.44206E+02  2.45709E+00   3.45527E+02  2.40210E+00   3.46927E+02  2.34779E+00   3.48403E+02  2.29419E+00   3.49955E+02  2.24134E+00   3.51581E+02  2.18927E+00   3.53281E+02  2.13802E+00   3.55052E+02  2.08761E+00   3.56893E+02  2.03807E+00   3.58803E+02  1.98943E+00   7.79588E-01  1.94171E+00   2.82234E+00  1.89491E+00   4.92914E+00  1.84906E+00   7.09850E+00  1.80418E+00   9.32883E+00  1.76026E+00   1.16185E+01  1.71731E+00   1.39660E+01  1.67534E+00   1.63700E+01  1.63434E+00   1.88286E+01  1.59432E+00   2.13407E+01  1.55527E+00   2.39046E+01  1.51719E+00   2.65187E+01  1.48006E+00   2.91817E+01  1.44388E+00   3.18924E+01  1.40864E+00   3.46491E+01  1.37431E+00   3.74504E+01 
 5.77063E-06   3.36873E+02  7.39610E-06   3.95243E+00  1.09639E-05   1.18316E+01  1.12786E-05   1.47505E+01  1.39325E-05   1.13533E+01  2.33313E-05   5.62310E+00  3.50431E-05   3.73153E+00  5.17372E-05   2.69914E+00  7.21500E-05   3.50025E+00  1.00144E-04   2.59500E+00  1.41333E-04   1.50735E+00  2.01542E-04   5.56951E-01  2.90744E-04   3.59281E+02  4.19492E-04   3.58461E+02  6.04384E-04   3.57503E+02  8.67411E-04   3.56621E+02  1.24557E-03   3.55836E+02  1.78506E-03   3.54952E+02  2.55724E-03   3.54104E+02  3.66583E-03   3.53222E+02  5.25461E-03   3.52345E+02  7.53481E-03   3.51456E+02  1.08051E-02   3.50567E+02  1.54934E-02   3.49683E+02  2.22171E-02   3.48795E+02  3.18574E-02   3.47909E+02  4.56817E-02   3.47022E+02  6.55044E-02   3.46136E+02  9.39295E-02   3.45247E+02  1.34690E-01   3.44359E+02  1.93139E-01   3.43470E+02  2.76956E-01   3.42580E+02  3.97150E-01   3.41689E+02  5.69516E-01   3.40798E+02  8.16700E-01   3.39907E+02  1.17119E+00   3.39014E+02  1.67957E+00   3.38122E+02  2.40869E+00   3.37229E+02  3.13073E+00   3.36557E+02  3.39237E+00   3.36310E+02  3.33115E+00   3.36354E+02  3.27058E+00   3.36471E+02  3.21055E+00   3.36663E+02  3.15097E+00   3.36931E+02  3.09179E+00   3.37276E+02  3.03299E+00   3.37700E+02  2.97453E+00   3.38204E+02  2.91643E+00   3.38788E+02  2.85868E+00   3.39453E+02  2.80130E+00   3.40199E+02  2.74431E+00   3.41026E+02  2.68773E+00   3.41934E+02  2.63160E+00   3.42924E+02  2.57594E+00   3.43993E+02  2.52080E+00   3.45143E+02  2.46620E+00   3.46371E+02  2.41218E+00   3.47678E+02  2.35878E+00   3.49063E+02  2.30603E+00   3.50523E+02  2.25397E+00   3.52059E+02  2.20263E+00   3.53669E+02  2.15204E+00   3.55351E+02  2.10224E+00   3.57105E+02  2.05325E+00   3.58928E+02  2.00509E+00   8.20280E-01  1.95779E+00   2.77920E+00  1.91137E+00   4.80368E+00  1.86584E+00   6.89201E+00  1.82121E+00   9.04276E+00  1.77751E+00   1.12544E+01  1.73473E+00   1.35252E+01  1.69288E+00   1.58540E+01  1.65197E+00   1.82390E+01  1.61199E+00   2.06789E+01  1.57295E+00   2.31722E+01  1.53485E+00   2.57174E+01  1.49766E+00   2.83128E+01  1.46140E+00   3.09573E+01  1.42605E+00   3.36492E+01  1.39160E+00   3.63872E+01  1.35803E+00   3.91705E+01 
 3.72377E-06   3.38959E+02  6.74517E-06   3.53292E+02  9.63502E-06   1.23877E+01  1.42004E-05   1.14462E+01  1.53330E-05   1.07140E+01  2.03943E-05   1.00438E+01  3.31939E-05   7.69272E+00  4.95081E-05   5.52308E+00  6.99181E-05   5.90904E+00  1.00741E-04   5.54513E+00  1.41469E-04   4.12316E+00  1.99061E-04   3.20123E+00  2.86045E-04   1.97417E+00  4.09808E-04   8.55647E-01  5.90812E-04   3.59972E+02  8.48777E-04   3.58974E+02  1.21742E-03   3.58165E+02  1.74781E-03   3.57300E+02  2.50369E-03   3.56444E+02  3.58887E-03   3.55591E+02  5.14443E-03   3.54711E+02  7.37488E-03   3.53836E+02  1.05751E-02   3.52950E+02  1.51622E-02   3.52068E+02  2.17428E-02   3.51180E+02  3.11780E-02   3.50291E+02  4.47091E-02   3.49403E+02  6.41121E-02   3.48514E+02  9.19362E-02   3.47624E+02  1.31836E-01   3.46733E+02  1.89052E-01   3.45841E+02  2.71103E-01   3.44949E+02  3.88767E-01   3.44055E+02  5.57505E-01   3.43161E+02  7.99492E-01   3.42266E+02  1.14653E+00   3.41370E+02  1.64425E+00   3.40474E+02  2.35808E+00   3.39576E+02  3.06500E+00   3.38904E+02  3.32123E+00   3.38659E+02  3.26138E+00   3.38708E+02  3.20221E+00   3.38827E+02  3.14360E+00   3.39018E+02  3.08548E+00   3.39283E+02  3.02778E+00   3.39625E+02  2.97048E+00   3.40044E+02  2.91355E+00   3.40541E+02  2.85700E+00   3.41118E+02  2.80082E+00   3.41774E+02  2.74503E+00   3.42511E+02  2.68964E+00   3.43328E+02  2.63468E+00   3.44225E+02  2.58015E+00   3.45202E+02  2.52611E+00   3.46258E+02  2.47257E+00   3.47394E+02  2.41956E+00   3.48609E+02  2.36713E+00   3.49901E+02  2.31529E+00   3.51270E+02  2.26409E+00   3.52714E+02  2.21356E+00   3.54234E+02  2.16372E+00   3.55827E+02  2.11460E+00   3.57492E+02  2.06624E+00   3.59228E+02  2.01865E+00   1.03360E+00  1.97186E+00   2.90736E+00  1.92589E+00   4.84787E+00  1.88077E+00   6.85368E+00  1.83649E+00   8.92309E+00  1.79309E+00   1.10549E+01  1.75056E+00   1.32473E+01  1.70891E+00   1.54990E+01  1.66817E+00   1.78086E+01  1.62831E+00   2.01744E+01  1.58935E+00   2.25952E+01  1.55129E+00   2.50693E+01  1.51412E+00   2.75951E+01  1.47785E+00   3.01714E+01  1.44246E+00   3.27966E+01  1.40793E+00   3.54696E+01  1.37427E+00   3.81892E+01  1.34148E+00   4.09536E+01 
 2.69750E-06   1.05708E+01  5.50794E-06   3.53384E+02  9.94730E-06   8.55658E+00  1.31141E-05   1.68449E+01  1.70386E-05   1.31309E+01  2.18212E-05   1.07014E+01  3.03876E-05   1.01743E+01  4.84088E-05   6.87190E+00  6.83310E-05   6.97916E+00  9.63908E-05   7.43650E+00  1.39321E-04   6.42176E+00  1.94801E-04   5.62915E+00  2.79131E-04   4.61268E+00  4.01062E-04   3.50018E+00  5.75264E-04   2.56853E+00  8.28788E-04   1.58795E+00  1.18883E-03   7.12189E-01  1.70651E-03   3.59814E+02  2.44860E-03   3.58931E+02  3.51027E-03   3.58071E+02  5.03412E-03   3.57187E+02  7.21609E-03   3.56300E+02  1.03481E-02   3.55416E+02  1.48373E-02   3.54529E+02  2.12749E-02   3.53638E+02  3.05075E-02   3.52747E+02  4.37464E-02   3.51855E+02  6.27316E-02   3.50964E+02  8.99557E-02   3.50072E+02  1.28997E-01   3.49178E+02  1.84983E-01   3.48284E+02  2.65271E-01   3.47389E+02  3.80407E-01   3.46492E+02  5.45523E-01   3.45595E+02  7.82317E-01   3.44697E+02  1.12191E+00   3.43798E+02  1.60895E+00   3.42897E+02  2.30747E+00   3.41996E+02  2.99928E+00   3.41322E+02  3.25013E+00   3.41081E+02  3.19174E+00   3.41133E+02  3.13402E+00   3.41253E+02  3.07686E+00   3.41444E+02  3.02020E+00   3.41707E+02  2.96398E+00   3.42045E+02  2.90818E+00   3.42459E+02  2.85278E+00   3.42950E+02  2.79777E+00   3.43519E+02  2.74314E+00   3.44166E+02  2.68892E+00   3.44893E+02  2.63511E+00   3.45700E+02  2.58173E+00   3.46585E+02  2.52879E+00   3.47550E+02  2.47633E+00   3.48594E+02  2.42437E+00   3.49716E+02  2.37294E+00   3.50916E+02  2.32206E+00   3.52193E+02  2.27178E+00   3.53547E+02  2.22210E+00   3.54975E+02  2.17307E+00   3.56478E+02  2.12470E+00   3.58054E+02  2.07704E+00   3.59701E+02  2.03009E+00   1.41942E+00  1.98389E+00   3.20685E+00  1.93846E+00   5.06209E+00  1.89381E+00   6.98386E+00  1.84997E+00   8.97062E+00  1.80694E+00   1.10209E+01  1.76474E+00   1.31333E+01  1.72338E+00   1.53063E+01  1.68287E+00   1.75386E+01  1.64321E+00   1.98286E+01  1.60441E+00   2.21749E+01  1.56647E+00   2.45760E+01  1.52939E+00   2.70304E+01  1.49316E+00   2.95365E+01  1.45779E+00   3.20932E+01  1.42326E+00   3.46992E+01  1.38956E+00   3.73530E+01  1.35671E+00   4.00529E+01  1.32467E+00   4.27979E+01 
 3.64031E-06   1.55538E+01  3.89835E-06   3.50794E+02  7.66857E-06   2.48409E+00  1.41220E-05   1.15763E+01  1.67232E-05   1.83520E+01  2.20158E-05   1.57935E+01  2.97248E-05   1.52199E+01  4.44574E-05   1.17209E+01  6.80337E-05   9.35044E+00  9.61905E-05   9.54844E+00  1.37509E-04   8.64141E+00  1.94262E-04   8.08737E+00  2.74849E-04   7.29160E+00  3.93489E-04   6.05068E+00  5.63558E-04   5.10396E+00  8.09735E-04   4.08023E+00  1.16292E-03   3.19486E+00  1.66848E-03   2.31606E+00  2.39423E-03   1.43130E+00  3.43226E-03   5.77005E-01  4.92187E-03   3.59705E+02  7.05705E-03   3.58829E+02  1.01187E-02   3.57940E+02  1.45100E-02   3.57055E+02  2.08063E-02   3.56164E+02  2.98365E-02   3.55272E+02  4.27858E-02   3.54380E+02  6.13568E-02   3.53486E+02  8.79864E-02   3.52590E+02  1.26175E-01   3.51695E+02  1.80938E-01   3.50798E+02  2.59472E-01   3.49900E+02  3.72094E-01   3.49001E+02  5.33602E-01   3.48100E+02  7.65221E-01   3.47199E+02  1.09739E+00   3.46296E+02  1.57378E+00   3.45392E+02  2.25700E+00   3.44487E+02  2.93372E+00   3.43812E+02  3.17928E+00   3.43573E+02  3.12241E+00   3.43629E+02  3.06617E+00   3.43750E+02  3.01049E+00   3.43940E+02  2.95530E+00   3.44200E+02  2.90056E+00   3.44534E+02  2.84625E+00   3.44943E+02  2.79235E+00   3.45427E+02  2.73886E+00   3.45989E+02  2.68577E+00   3.46628E+02  2.63309E+00   3.47345E+02  2.58083E+00   3.48140E+02  2.52900E+00   3.49014E+02  2.47762E+00   3.49967E+02  2.42672E+00   3.50998E+02  2.37631E+00   3.52106E+02  2.32642E+00   3.53291E+02  2.27708E+00   3.54553E+02  2.22831E+00   3.55891E+02  2.18013E+00   3.57303E+02  2.13258E+00   3.58789E+02  2.08567E+00   3.47467E-01  2.03943E+00   1.97737E+00  1.99389E+00   3.67741E+00  1.94906E+00   5.44641E+00  1.90496E+00   7.28289E+00  1.86162E+00   9.18563E+00  1.81904E+00   1.11531E+01  1.77725E+00   1.31839E+01  1.73625E+00   1.52767E+01  1.69605E+00   1.74300E+01  1.65665E+00   1.96424E+01  1.61808E+00   2.19126E+01  1.58033E+00   2.42389E+01  1.54339E+00   2.66200E+01  1.50728E+00   2.90544E+01  1.47199E+00   3.15406E+01  1.43752E+00   3.40775E+01  1.40385E+00   3.66635E+01  1.37099E+00   3.92971E+01  1.33893E+00   4.19776E+01  1.30766E+00   4.47033E+01 
 4.26240E-06   4.98443E+01  4.94303E-06   9.30652E+00  5.86785E-06   5.80699E+00  1.18293E-05   1.04141E+01  1.94959E-05   1.28699E+01  2.37319E-05   1.53334E+01  2.94309E-05   1.66911E+01  4.20830E-05   1.45597E+01  6.24759E-05   1.20345E+01  9.19540E-05   1.17982E+01  1.33767E-04   1.09891E+01  1.90013E-04   1.03376E+01  2.70661E-04   9.99056E+00  3.85940E-04   8.89610E+00  5.51170E-04   7.98769E+00  7.90945E-04   6.92275E+00  1.13467E-03   5.92001E+00  1.62919E-03   5.00382E+00  2.34007E-03   4.06390E+00  3.35619E-03   3.19163E+00  4.81352E-03   2.29783E+00  6.90190E-03   1.41787E+00  9.89626E-03   5.33886E-01  1.41900E-02   3.59644E+02  2.03466E-02   3.58756E+02  2.91759E-02   3.57862E+02  4.18373E-02   3.56968E+02  5.99951E-02   3.56073E+02  8.60339E-02   3.55176E+02  1.23375E-01   3.54278E+02  1.76924E-01   3.53379E+02  2.53716E-01   3.52479E+02  3.63840E-01   3.51578E+02  5.21765E-01   3.50675E+02  7.48240E-01   3.49771E+02  1.07303E+00   3.48865E+02  1.53881E+00   3.47958E+02  2.20680E+00   3.47049E+02  2.86852E+00   3.46373E+02  3.10886E+00   3.46136E+02  3.05355E+00   3.46194E+02  2.99882E+00   3.46315E+02  2.94462E+00   3.46504E+02  2.89090E+00   3.46762E+02  2.83763E+00   3.47091E+02  2.78480E+00   3.47494E+02  2.73239E+00   3.47972E+02  2.68039E+00   3.48525E+02  2.62881E+00   3.49155E+02  2.57764E+00   3.49863E+02  2.52690E+00   3.50648E+02  2.47660E+00   3.51510E+02  2.42675E+00   3.52450E+02  2.37738E+00   3.53468E+02  2.32849E+00   3.54562E+02  2.28012E+00   3.55733E+02  2.23228E+00   3.56979E+02  2.18500E+00   3.58301E+02  2.13829E+00   3.59697E+02  2.09219E+00   1.16564E+00  2.04671E+00   2.70668E+00  2.00188E+00   4.31863E+00  1.95771E+00   6.00039E+00  1.91423E+00   7.75069E+00  1.87144E+00   9.56813E+00  1.82939E+00   1.14516E+01  1.78806E+00   1.33994E+01  1.74748E+00   1.54105E+01  1.70766E+00   1.74835E+01  1.66860E+00   1.96167E+01  1.63032E+00   2.18092E+01  1.59282E+00   2.40590E+01  1.55611E+00   2.63651E+01  1.52018E+00   2.87260E+01  1.48503E+00   3.11398E+01  1.45067E+00   3.36058E+01  1.41709E+00   3.61224E+01  1.38428E+00   3.86881E+01  1.35224E+00   4.13021E+01  1.32098E+00   4.39625E+01  1.29046E+00   4.66678E+01 
 4.29701E-06   3.33927E+01  4.70092E-06   2.95838E+01  6.04536E-06   1.18070E+01  8.93053E-06   1.65500E+01  1.56490E-05   1.95536E+01  2.59957E-05   1.60165E+01  3.15672E-05   1.89775E+01  4.20520E-05   1.95908E+01  6.23993E-05   1.53840E+01  8.83652E-05   1.44272E+01  1.29946E-04   1.34869E+01  1.86743E-04   1.23529E+01  2.65014E-04   1.21329E+01  3.79960E-04   1.12322E+01  5.41318E-04   1.04166E+01  7.74047E-04   9.60363E+00  1.11007E-03   8.58993E+00  1.59057E-03   7.70459E+00  2.28414E-03   6.76385E+00  3.27722E-03   5.86251E+00  4.70132E-03   4.98360E+00  6.74376E-03   4.08468E+00  9.67119E-03   3.19660E+00  1.38703E-02   2.30769E+00  1.98894E-02   1.41613E+00  2.85225E-02   5.20986E-01  4.09004E-02   3.59625E+02  5.86514E-02   3.58728E+02  8.41068E-02   3.57829E+02  1.20611E-01   3.56930E+02  1.72958E-01   3.56029E+02  2.48026E-01   3.55126E+02  3.55676E-01   3.54223E+02  5.10050E-01   3.53318E+02  7.31428E-01   3.52412E+02  1.04889E+00   3.51504E+02  1.50416E+00   3.50594E+02  2.15704E+00   3.49682E+02  2.80387E+00   3.49005E+02  3.03905E+00   3.48769E+02  2.98534E+00   3.48827E+02  2.93213E+00   3.48948E+02  2.87941E+00   3.49134E+02  2.82715E+00   3.49389E+02  2.77535E+00   3.49713E+02  2.72397E+00   3.50110E+02  2.67302E+00   3.50581E+02  2.62249E+00   3.51127E+02  2.57238E+00   3.51748E+02  2.52270E+00   3.52446E+02  2.47345E+00   3.53220E+02  2.42464E+00   3.54070E+02  2.37629E+00   3.54998E+02  2.32841E+00   3.56002E+02  2.28101E+00   3.57082E+02  2.23412E+00   3.58238E+02  2.18774E+00   3.59470E+02  2.14192E+00   7.75215E-01  2.09665E+00   2.15433E+00  2.05197E+00   3.60604E+00  2.00789E+00   5.12940E+00  1.96443E+00   6.72321E+00  1.92162E+00   8.38644E+00  1.87945E+00   1.01178E+01  1.83797E+00   1.19160E+01  1.79717E+00   1.37799E+01  1.75708E+00   1.57081E+01  1.71770E+00   1.76994E+01  1.67904E+00   1.97522E+01  1.64111E+00   2.18653E+01  1.60393E+00   2.40373E+01  1.56749E+00   2.62667E+01  1.53180E+00   2.85522E+01  1.49686E+00   3.08922E+01  1.46266E+00   3.32856E+01  1.42922E+00   3.57310E+01  1.39653E+00   3.82271E+01  1.36458E+00   4.07725E+01  1.33336E+00   4.33657E+01  1.30288E+00   4.60053E+01  1.27312E+00   4.86907E+01 
 4.13156E-06   2.46253E+01  5.69175E-06   3.06107E+01  5.60973E-06   1.87110E+01  9.64426E-06   7.02599E+00  1.37362E-05   1.84061E+01  2.26942E-05   1.96789E+01  3.29878E-05   1.76596E+01  4.07967E-05   2.14601E+01  5.97020E-05   1.96966E+01  8.63667E-05   1.75134E+01  1.23664E-04   1.69907E+01  1.81790E-04   1.54579E+01  2.59643E-04   1.48711E+01  3.70675E-04   1.41224E+01  5.31543E-04   1.31750E+01  7.58488E-04   1.23803E+01  1.08723E-03   1.14055E+01  1.55745E-03   1.04558E+01  2.23323E-03   9.53545E+00  3.20470E-03   8.61668E+00  4.59526E-03   7.71208E+00  6.59084E-03   6.81471E+00  9.45072E-03   5.92077E+00  1.35540E-02   5.02983E+00  1.94370E-02   4.13609E+00  2.78733E-02   3.24115E+00  3.99723E-02   2.34412E+00  5.73211E-02   1.44577E+00  8.22008E-02   5.46650E-01  1.17878E-01   3.59645E+02  1.69040E-01   3.58743E+02  2.42405E-01   3.57840E+02  3.47613E-01   3.56934E+02  4.98480E-01   3.56028E+02  7.14823E-01   3.55120E+02  1.02505E+00   3.54210E+02  1.46992E+00   3.53299E+02  2.10786E+00   3.52385E+02  2.73998E+00   3.51707E+02  2.97007E+00   3.51470E+02  2.91794E+00   3.51528E+02  2.86624E+00   3.51646E+02  2.81499E+00   3.51829E+02  2.76418E+00   3.52080E+02  2.71380E+00   3.52400E+02  2.66386E+00   3.52791E+02  2.61434E+00   3.53254E+02  2.56524E+00   3.53792E+02  2.51658E+00   3.54404E+02  2.46835E+00   3.55091E+02  2.42055E+00   3.55854E+02  2.37320E+00   3.56693E+02  2.32630E+00   3.57608E+02  2.27988E+00   3.58599E+02  2.23393E+00   3.59665E+02  2.18848E+00   8.06362E-01  2.14355E+00   2.02199E+00  2.09914E+00   3.31140E+00  2.05529E+00   4.67376E+00  2.01200E+00   6.10821E+00  1.96928E+00   7.61378E+00  1.92718E+00   9.18937E+00  1.88568E+00   1.08340E+01  1.84482E+00   1.25463E+01  1.80460E+00   1.43252E+01  1.76504E+00   1.61694E+01  1.72616E+00   1.80777E+01  1.68795E+00   2.00489E+01  1.65043E+00   2.20814E+01  1.61362E+00   2.41740E+01  1.57752E+00   2.63254E+01  1.54212E+00   2.85340E+01  1.50744E+00   3.07986E+01  1.47348E+00   3.31179E+01  1.44023E+00   3.54904E+01  1.40770E+00   3.79150E+01  1.37588E+00   4.03902E+01  1.34478E+00   4.29146E+01  1.31438E+00   4.54870E+01  1.28468E+00   4.81064E+01  1.25567E+00   5.07714E+01 
 3.77940E-06   2.34278E+01  6.51621E-06   3.50947E+01  6.97334E-06   3.96157E+01  7.83626E-06   2.58165E+01  1.31125E-05   1.87103E+01  2.13955E-05   2.16296E+01  3.30230E-05   2.02500E+01  4.43480E-05   2.17678E+01  5.93516E-05   2.23186E+01  8.47527E-05   2.01513E+01  1.20534E-04   1.94784E+01  1.74059E-04   1.80455E+01  2.53760E-04   1.71228E+01  3.62703E-04   1.65922E+01  5.18882E-04   1.57706E+01  7.41977E-04   1.50333E+01  1.06178E-03   1.41788E+01  1.52177E-03   1.32930E+01  2.18078E-03   1.23675E+01  3.12892E-03   1.14406E+01  4.48826E-03   1.05289E+01  6.43882E-03   9.62192E+00  9.23479E-03   8.72190E+00  1.32441E-02   7.82063E+00  1.89941E-02   6.92334E+00  2.72381E-02   6.02521E+00  3.90612E-02   5.12766E+00  5.60142E-02   4.22747E+00  8.03260E-02   3.32653E+00  1.15189E-01   2.42460E+00  1.65181E-01   1.52121E+00  2.36870E-01   6.16469E-01  3.39671E-01   3.59710E+02  4.87084E-01   3.58803E+02  6.98465E-01   3.57894E+02  1.00157E+00   3.56983E+02  1.43620E+00   3.56071E+02  2.05941E+00   3.55157E+02  2.67704E+00   3.54477E+02  2.90211E+00   3.54238E+02  2.85152E+00   3.54293E+02  2.80130E+00   3.54409E+02  2.75148E+00   3.54588E+02  2.70208E+00   3.54833E+02  2.65311E+00   3.55148E+02  2.60456E+00   3.55532E+02  2.55644E+00   3.55988E+02  2.50875E+00   3.56517E+02  2.46149E+00   3.57120E+02  2.41467E+00   3.57798E+02  2.36829E+00   3.58550E+02  2.32236E+00   3.59377E+02  2.27689E+00   2.79236E-01  2.23188E+00   1.25650E+00  2.18735E+00   2.30847E+00  2.14331E+00   3.43477E+00  2.09977E+00   4.63481E+00  2.05676E+00   5.90801E+00  2.01427E+00   7.25355E+00  1.97233E+00   8.67065E+00  1.93096E+00   1.01583E+01  1.89016E+00   1.17156E+01  1.84996E+00   1.33413E+01  1.81036E+00   1.50345E+01  1.77139E+00   1.67939E+01  1.73304E+00   1.86183E+01  1.69534E+00   2.05066E+01  1.65829E+00   2.24574E+01  1.62190E+00   2.44694E+01  1.58618E+00   2.65415E+01  1.55114E+00   2.86719E+01  1.51677E+00   3.08596E+01  1.48309E+00   3.31033E+01  1.45008E+00   3.54013E+01  1.41777E+00   3.77528E+01  1.38614E+00   4.01564E+01  1.35519E+00   4.26103E+01  1.32491E+00   4.51137E+01  1.29532E+00   4.76654E+01  1.26640E+00   5.02636E+01  1.23814E+00   5.29074E+01 
 4.19523E-06   3.37131E+02  5.38449E-06   1.99149E+01  8.24340E-06   3.12345E+01  9.61630E-06   2.96804E+01  1.02171E-05   2.85191E+01  1.70827E-05   2.50764E+01  2.93642E-05   2.22465E+01  4.28080E-05   2.35956E+01  6.04814E-05   2.51551E+01  8.37511E-05   2.41935E+01  1.18219E-04   2.32362E+01  1.69190E-04   2.18496E+01  2.44531E-04   2.04400E+01  3.53746E-04   1.95046E+01  5.08411E-04   1.85435E+01  7.27283E-04   1.77522E+01  1.04110E-03   1.69294E+01  1.49087E-03   1.60789E+01  2.13407E-03   1.52093E+01  3.05898E-03   1.42934E+01  4.38519E-03   1.33913E+01  6.28871E-03   1.24762E+01  9.02026E-03   1.15723E+01  1.29367E-02   1.06721E+01  1.85549E-02   9.77020E+00  2.66101E-02   8.87090E+00  3.81624E-02   7.97016E+00  5.47280E-02   7.06985E+00  7.84824E-02   6.16775E+00  1.12546E-01   5.26481E+00  1.61391E-01   4.36056E+00  2.31434E-01   3.45533E+00  3.31871E-01   2.54879E+00  4.75891E-01   1.64098E+00  6.82401E-01   7.31783E-01  9.78513E-01   3.59821E+02  1.40309E+00   3.58909E+02  2.01186E+00   3.57995E+02  2.61525E+00   3.57314E+02  2.83535E+00   3.57072E+02  2.78624E+00   3.57122E+02  2.73744E+00   3.57233E+02  2.68901E+00   3.57407E+02  2.64098E+00   3.57647E+02  2.59336E+00   3.57956E+02  2.54617E+00   3.58333E+02  2.49941E+00   3.58782E+02  2.45308E+00   3.59302E+02  2.40719E+00   3.59896E+02  2.36175E+00   5.63088E-01  2.31675E+00   1.30416E+00  2.27220E+00   2.11944E+00  2.22810E+00   3.00902E+00  2.18447E+00   3.97278E+00  2.14132E+00   5.01052E+00  2.09865E+00   6.12183E+00  2.05647E+00   7.30622E+00  2.01480E+00   8.56311E+00  1.97365E+00   9.89175E+00  1.93304E+00   1.12914E+01  1.89297E+00   1.27610E+01  1.85345E+00   1.42999E+01  1.81451E+00   1.59067E+01  1.77615E+00   1.75807E+01  1.73839E+00   1.93206E+01  1.70123E+00   2.11251E+01  1.66469E+00   2.29933E+01  1.62877E+00   2.49237E+01  1.59348E+00   2.69151E+01  1.55883E+00   2.89663E+01  1.52483E+00   3.10756E+01  1.49147E+00   3.32422E+01  1.45876E+00   3.54645E+01  1.42671E+00   3.77413E+01  1.39531E+00   4.00717E+01  1.36456E+00   4.24538E+01  1.33447E+00   4.48865E+01  1.30503E+00   4.73687E+01  1.27623E+00   4.98987E+01  1.24806E+00   5.24757E+01  1.22054E+00   5.50990E+01 
 3.36366E-06   3.53580E+01  4.49962E-06   1.00360E+01  7.34554E-06   3.69796E+01  1.21802E-05   3.08168E+01  1.46424E-05   2.62033E+01  1.60554E-05   3.25020E+01  2.71150E-05   2.57768E+01  4.12434E-05   2.34166E+01  5.86865E-05   2.57708E+01  8.43387E-05   2.50567E+01  1.17072E-04   2.53226E+01  1.65596E-04   2.47443E+01  2.38165E-04   2.34043E+01  3.41188E-04   2.25910E+01  4.92497E-04   2.15173E+01  7.08392E-04   2.06419E+01  1.01527E-03   1.98219E+01  1.45722E-03   1.89400E+01  2.08701E-03   1.81031E+01  2.99092E-03   1.72054E+01  4.28776E-03   1.63020E+01  6.14622E-03   1.54017E+01  8.81384E-03   1.44887E+01  1.26386E-02   1.35866E+01  1.81258E-02   1.26803E+01  2.59948E-02   1.17767E+01  3.72797E-02   1.08737E+01  5.34630E-02   9.97130E+00  7.66697E-02   9.06831E+00  1.09948E-01   8.16424E+00  1.57669E-01   7.25954E+00  2.26098E-01   6.35388E+00  3.24220E-01   5.44727E+00  4.64916E-01   4.53953E+00  6.66657E-01   3.63063E+00  9.55921E-01   2.72053E+00  1.37067E+00   1.80910E+00  1.96532E+00   8.96214E-01  2.55476E+00   2.14496E-01  2.76995E+00   3.59968E+02  2.72222E+00   1.18905E-02  2.67477E+00   1.16999E-01  2.62766E+00   2.85575E-01  2.58095E+00   5.19739E-01  2.53464E+00   8.21324E-01  2.48876E+00   1.19186E+00  2.44331E+00   1.63260E+00  2.39831E+00   2.14463E+00  2.35375E+00   2.72873E+00  2.30964E+00   3.38554E+00  2.26597E+00   4.11549E+00  2.22276E+00   4.91883E+00  2.18001E+00   5.79566E+00  2.13772E+00   6.74589E+00  2.09590E+00   7.76935E+00  2.05456E+00   8.86565E+00  2.01370E+00   1.00344E+01  1.97335E+00   1.12749E+01  1.93350E+00   1.25867E+01  1.89417E+00   1.39688E+01  1.85536E+00   1.54205E+01  1.81710E+00   1.69409E+01  1.77939E+00   1.85289E+01  1.74223E+00   2.01836E+01  1.70565E+00   2.19038E+01  1.66965E+00   2.36885E+01  1.63424E+00   2.55363E+01  1.59942E+00   2.74461E+01  1.56521E+00   2.94167E+01  1.53161E+00   3.14467E+01  1.49862E+00   3.35350E+01  1.46626E+00   3.56803E+01  1.43451E+00   3.78812E+01  1.40339E+00   4.01369E+01  1.37289E+00   4.24457E+01  1.34302E+00   4.48061E+01  1.31376E+00   4.72174E+01  1.28513E+00   4.96778E+01  1.25711E+00   5.21865E+01  1.22971E+00   5.47427E+01  1.20292E+00   5.73441E+01 
 4.21030E-06   3.53158E+01  4.43289E-06   2.01403E+01  5.57016E-06   2.81828E+01  9.25950E-06   4.61031E+01  1.47304E-05   3.01565E+01  1.78304E-05   3.19162E+01  2.37452E-05   3.73158E+01  3.85223E-05   2.90241E+01  5.64816E-05   2.91214E+01  8.16026E-05   2.90098E+01  1.17466E-04   2.76663E+01  1.63557E-04   2.79345E+01  2.34174E-04   2.66263E+01  3.35390E-04   2.55343E+01  4.79557E-04   2.46320E+01  6.91338E-04   2.35450E+01  9.90976E-04   2.27115E+01  1.42140E-03   2.18523E+01  2.03886E-03   2.09875E+01  2.92116E-03   2.01279E+01  4.18929E-03   1.92356E+01  6.00507E-03   1.83486E+01  8.61134E-03   1.74466E+01  1.23490E-02   1.65436E+01  1.77085E-02   1.56416E+01  2.53957E-02   1.47374E+01  3.64187E-02   1.38327E+01  5.22284E-02   1.29283E+01  7.48983E-02   1.20245E+01  1.07408E-01   1.11200E+01  1.54026E-01   1.02149E+01  2.20875E-01   9.30918E+00  3.16732E-01   8.40281E+00  4.54180E-01   7.49560E+00  6.51262E-01   6.58750E+00  9.33842E-01   5.67854E+00  1.33900E+00   4.76861E+00  1.91988E+00   3.85764E+00  2.49572E+00   3.17495E+00  2.70604E+00   2.92280E+00  2.65957E+00   2.95958E+00  2.61338E+00   3.05811E+00  2.56753E+00   3.22035E+00  2.52206E+00   3.44805E+00  2.47701E+00   3.74281E+00  2.43240E+00   4.10600E+00  2.38822E+00   4.53874E+00  2.34449E+00   5.04202E+00  2.30122E+00   5.61660E+00  2.25839E+00   6.26308E+00  2.21603E+00   6.98188E+00  2.17411E+00   7.77327E+00  2.13266E+00   8.63735E+00  2.09167E+00   9.57406E+00  2.05114E+00   1.05832E+01  2.01109E+00   1.16646E+01  1.97152E+00   1.28176E+01  1.93244E+00   1.40419E+01  1.89385E+00   1.53367E+01  1.85576E+00   1.67014E+01  1.81819E+00   1.81351E+01  1.78114E+00   1.96370E+01  1.74462E+00   2.12061E+01  1.70864E+00   2.28414E+01  1.67321E+00   2.45419E+01  1.63834E+00   2.63065E+01  1.60403E+00   2.81339E+01  1.57030E+00   3.00231E+01  1.53714E+00   3.19727E+01  1.50456E+00   3.39817E+01  1.47257E+00   3.60488E+01  1.44118E+00   3.81727E+01  1.41037E+00   4.03523E+01  1.38016E+00   4.25863E+01  1.35054E+00   4.48733E+01  1.32152E+00   4.72121E+01  1.29310E+00   4.96015E+01  1.26527E+00   5.20405E+01  1.23802E+00   5.45278E+01  1.21137E+00   5.70619E+01  1.18529E+00   5.96415E+01 
 3.39494E-06   6.12507E+01  5.80745E-06   2.77004E+01  7.42580E-06   1.98429E+01  9.45869E-06   3.72662E+01  1.47218E-05   3.85304E+01  1.98521E-05   2.89938E+01  2.45931E-05   3.49039E+01  3.48153E-05   3.38553E+01  5.37933E-05   3.01307E+01  7.71746E-05   3.10657E+01  1.13318E-04   3.01470E+01  1.62308E-04   2.99701E+01  2.27835E-04   2.99046E+01  3.27388E-04   2.87576E+01  4.67909E-04   2.78657E+01  6.71881E-04   2.68321E+01  9.67569E-04   2.57825E+01  1.38755E-03   2.48913E+01  1.99204E-03   2.39904E+01  2.85480E-03   2.31222E+01  4.09212E-03   2.22389E+01  5.86734E-03   2.13503E+01  8.41129E-03   2.04559E+01  1.20633E-02   1.95535E+01  1.72980E-02   1.86515E+01  2.48075E-02   1.77486E+01  3.55763E-02   1.68437E+01  5.10195E-02   1.59391E+01  7.31664E-02   1.50344E+01  1.04926E-01   1.41296E+01  1.50468E-01   1.32243E+01  2.15775E-01   1.23185E+01  3.09422E-01   1.14125E+01  4.43701E-01   1.05059E+01  6.36240E-01   9.59888E+00  9.12310E-01   8.69135E+00  1.30813E+00   7.78327E+00  1.87564E+00   6.87463E+00  2.43821E+00   6.19105E+00  2.64373E+00   5.93308E+00  2.59839E+00   5.96193E+00  2.55335E+00   6.05342E+00  2.50867E+00   6.20898E+00  2.46439E+00   6.42998E+00  2.42054E+00   6.71776E+00  2.37713E+00   7.07345E+00  2.33418E+00   7.49812E+00  2.29169E+00   7.99260E+00  2.24965E+00   8.55764E+00  2.20807E+00   9.19380E+00  2.16695E+00   9.90148E+00  2.12629E+00   1.06809E+01  2.08610E+00   1.15323E+01  2.04636E+00   1.24555E+01  2.00709E+00   1.34505E+01  1.96829E+00   1.45168E+01  1.92996E+00   1.56542E+01  1.89211E+00   1.68622E+01  1.85474E+00   1.81402E+01  1.81787E+00   1.94874E+01  1.78149E+00   2.09031E+01  1.74562E+00   2.23865E+01  1.71026E+00   2.39367E+01  1.67542E+00   2.55527E+01  1.64112E+00   2.72335E+01  1.60734E+00   2.89779E+01  1.57411E+00   3.07849E+01  1.54143E+00   3.26533E+01  1.50929E+00   3.45820E+01  1.47771E+00   3.65698E+01  1.44670E+00   3.86155E+01  1.41625E+00   4.07180E+01  1.38636E+00   4.28759E+01  1.35704E+00   4.50882E+01  1.32830E+00   4.73534E+01  1.30011E+00   4.96703E+01  1.27250E+00   5.20382E+01  1.24545E+00   5.44553E+01  1.21897E+00   5.69205E+01  1.19304E+00   5.94328E+01  1.16768E+00   6.19912E+01 
 5.13296E-06   1.03883E+02  3.80712E-06   7.95942E+01  6.41747E-06   2.40459E+01  8.21598E-06   3.28677E+01  1.32791E-05   4.40597E+01  2.03791E-05   3.82841E+01  2.73644E-05   3.85958E+01  3.54284E-05   4.04117E+01  5.03715E-05   3.64234E+01  7.55984E-05   3.42777E+01  1.08814E-04   3.32498E+01  1.59166E-04   3.22421E+01  2.27241E-04   3.20377E+01  3.21385E-04   3.16256E+01  4.59552E-04   3.07646E+01  6.55099E-04   2.99589E+01  9.41271E-04   2.89746E+01  1.35222E-03   2.79985E+01  1.94099E-03   2.70827E+01  2.78753E-03   2.61750E+01  3.99684E-03   2.52824E+01  5.73280E-03   2.43923E+01  8.21902E-03   2.35001E+01  1.17849E-02   2.26062E+01  1.68992E-02   2.17073E+01  2.42327E-02   2.08067E+01  3.47520E-02   1.99033E+01  4.98372E-02   1.89988E+01  7.14725E-02   1.80940E+01  1.02498E-01   1.71888E+01  1.46990E-01   1.62839E+01  2.10791E-01   1.53782E+01  3.02283E-01   1.44727E+01  4.33475E-01   1.35669E+01  6.21593E-01   1.26609E+01  8.91328E-01   1.17548E+01  1.27808E+00   1.08486E+01  1.83260E+00   9.94235E+00  2.38227E+00   9.25798E+00  2.58303E+00   8.99433E+00  2.53870E+00   9.01535E+00  2.49472E+00   9.09984E+00  2.45113E+00   9.24871E+00  2.40796E+00   9.46303E+00  2.36525E+00   9.74382E+00  2.32300E+00   1.00921E+01  2.28122E+00   1.05087E+01  2.23991E+00   1.09944E+01  2.19907E+00   1.15500E+01  2.15869E+00   1.21758E+01  2.11879E+00   1.28724E+01  2.07934E+00   1.36400E+01  2.04036E+00   1.44787E+01  2.00184E+00   1.53885E+01  1.96378E+00   1.63693E+01  1.92619E+00   1.74208E+01  1.88906E+00   1.85426E+01  1.85241E+00   1.97344E+01  1.81622E+00   2.09955E+01  1.78052E+00   2.23253E+01  1.74530E+00   2.37232E+01  1.71057E+00   2.51881E+01  1.67634E+00   2.67194E+01  1.64261E+00   2.83160E+01  1.60939E+00   2.99769E+01  1.57669E+00   3.17012E+01  1.54450E+00   3.34875E+01  1.51284E+00   3.53352E+01  1.48170E+00   3.72428E+01  1.45110E+00   3.92095E+01  1.42104E+00   4.12339E+01  1.39151E+00   4.33148E+01  1.36252E+00   4.54512E+01  1.33408E+00   4.76416E+01  1.30617E+00   4.98848E+01  1.27881E+00   5.21800E+01  1.25200E+00   5.45258E+01  1.22572E+00   5.69207E+01  1.19998E+00   5.93642E+01  1.17478E+00   6.18548E+01  1.15010E+00   6.43909E+01 
 3.16355E-06   3.05019E+01  6.71500E-06   8.88446E+01  6.02929E-06   5.53886E+01  8.43059E-06   2.36017E+01  1.15495E-05   3.86817E+01  1.86022E-05   3.65516E+01  2.74258E-05   3.64568E+01  3.70110E-05   4.10304E+01  4.92237E-05   4.10367E+01  7.03243E-05   3.91378E+01  1.03361E-04   3.75102E+01  1.50367E-04   3.60828E+01  2.21078E-04   3.50153E+01  3.16582E-04   3.44135E+01  4.52087E-04   3.37295E+01  6.45321E-04   3.29672E+01  9.20549E-04   3.21485E+01  1.32069E-03   3.12018E+01  1.89270E-03   3.02579E+01  2.71728E-03   2.93243E+01  3.90015E-03   2.84048E+01  5.59535E-03   2.75055E+01  8.02750E-03   2.66012E+01  1.15112E-02   2.57057E+01  1.65095E-02   2.48084E+01  2.36746E-02   2.39079E+01  3.39510E-02   2.30065E+01  4.86880E-02   2.21032E+01  6.98228E-02   2.11995E+01  1.00133E-01   2.02945E+01  1.43599E-01   1.93897E+01  2.05934E-01   1.84845E+01  2.95323E-01   1.75794E+01  4.23509E-01   1.66743E+01  6.07323E-01   1.57693E+01  8.70899E-01   1.48645E+01  1.24884E+00   1.39599E+01  1.79075E+00   1.30557E+01  2.32789E+00   1.23707E+01  2.52395E+00   1.21021E+01  2.48052E+00   1.21161E+01  2.43749E+00   1.21941E+01  2.39491E+00   1.23367E+01  2.35280E+00   1.25446E+01  2.31117E+00   1.28187E+01  2.27003E+00   1.31597E+01  2.22937E+00   1.35684E+01  2.18920E+00   1.40455E+01  2.14951E+00   1.45917E+01  2.11030E+00   1.52073E+01  2.07156E+00   1.58930E+01  2.03329E+00   1.66488E+01  1.99548E+00   1.74749E+01  1.95813E+00   1.83714E+01  1.92125E+00   1.93380E+01  1.88482E+00   2.03748E+01  1.84886E+00   2.14811E+01  1.81335E+00   2.26568E+01  1.77832E+00   2.39011E+01  1.74375E+00   2.52137E+01  1.70965E+00   2.65935E+01  1.67603E+00   2.80400E+01  1.64290E+00   2.95524E+01  1.61024E+00   3.11294E+01  1.57808E+00   3.27706E+01  1.54641E+00   3.44746E+01  1.51523E+00   3.62406E+01  1.48457E+00   3.80676E+01  1.45440E+00   3.99543E+01  1.42475E+00   4.18999E+01  1.39561E+00   4.39027E+01  1.36698E+00   4.59620E+01  1.33887E+00   4.80765E+01  1.31128E+00   5.02448E+01  1.28420E+00   5.24663E+01  1.25765E+00   5.47395E+01  1.23161E+00   5.70630E+01  1.20609E+00   5.94362E+01  1.18108E+00   6.18577E+01  1.15658E+00   6.43257E+01  1.13258E+00   6.68400E+01 
 2.69465E-06   3.37926E+02  2.95349E-06   4.84717E+01  8.91687E-06   8.54008E+01  8.50204E-06   5.45055E+01  1.11656E-05   4.59008E+01  1.71240E-05   4.88063E+01  2.62809E-05   3.91719E+01  3.86114E-05   4.02695E+01  5.30251E-05   4.19224E+01  7.20242E-05   4.13776E+01  1.01290E-04   4.07803E+01  1.44581E-04   3.98815E+01  2.09644E-04   3.85013E+01  3.05565E-04   3.74357E+01  4.39823E-04   3.66778E+01  6.32232E-04   3.58626E+01  9.04295E-04   3.51347E+01  1.29377E-03   3.43452E+01  1.85263E-03   3.34311E+01  2.65363E-03   3.25328E+01  3.80672E-03   3.16031E+01  5.45993E-03   3.06854E+01  7.83420E-03   2.97727E+01  1.12384E-02   2.88634E+01  1.61208E-02   2.79626E+01  2.31229E-02   2.70589E+01  3.31626E-02   2.61576E+01  4.75618E-02   2.52533E+01  6.82107E-02   2.43496E+01  9.78251E-02   2.34447E+01  1.40293E-01   2.25400E+01  2.01199E-01   2.16349E+01  2.88543E-01   2.07299E+01  4.13801E-01   1.98251E+01  5.93426E-01   1.89206E+01  8.51013E-01   1.80165E+01  1.22039E+00   1.71130E+01  1.75006E+00   1.62101E+01  2.27501E+00   1.55245E+01  2.46645E+00   1.52521E+01  2.42381E+00   1.52606E+01  2.38167E+00   1.53332E+01  2.34004E+00   1.54704E+01  2.29892E+00   1.56724E+01  2.25832E+00   1.59401E+01  2.21824E+00   1.62742E+01  2.17866E+00   1.66752E+01  2.13958E+00   1.71439E+01  2.10100E+00   1.76809E+01  2.06291E+00   1.82866E+01  2.02529E+00   1.89614E+01  1.98815E+00   1.97056E+01  1.95147E+00   2.05193E+01  1.91526E+00   2.14026E+01  1.87950E+00   2.23553E+01  1.84421E+00   2.33773E+01  1.80936E+00   2.44683E+01  1.77498E+00   2.56279E+01  1.74105E+00   2.68556E+01  1.70758E+00   2.81507E+01  1.67457E+00   2.95126E+01  1.64203E+00   3.09408E+01  1.60995E+00   3.24340E+01  1.57833E+00   3.39919E+01  1.54719E+00   3.56132E+01  1.51652E+00   3.72972E+01  1.48634E+00   3.90429E+01  1.45663E+00   4.08491E+01  1.42741E+00   4.27149E+01  1.39868E+00   4.46390E+01  1.37044E+00   4.66203E+01  1.34269E+00   4.86579E+01  1.31544E+00   5.07505E+01  1.28867E+00   5.28971E+01  1.26241E+00   5.50968E+01  1.23664E+00   5.73477E+01  1.21136E+00   5.96493E+01  1.18658E+00   6.20004E+01  1.16228E+00   6.43992E+01  1.13847E+00   6.68454E+01  1.11515E+00   6.93380E+01 
 2.93085E-06   6.77421E+01  4.01819E-06   3.48288E+02  4.93156E-06   4.73375E+01  9.59808E-06   6.88626E+01  1.05919E-05   4.66288E+01  1.50594E-05   5.00737E+01  2.23041E-05   5.00775E+01  3.42454E-05   4.39869E+01  5.19599E-05   4.45174E+01  7.32135E-05   4.48374E+01  1.02498E-04   4.38045E+01  1.44536E-04   4.33528E+01  2.04968E-04   4.24029E+01  2.94617E-04   4.10778E+01  4.25092E-04   4.00822E+01  6.12891E-04   3.91190E+01  8.82155E-04   3.82000E+01  1.26519E-03   3.74175E+01  1.81372E-03   3.65740E+01  2.59777E-03   3.57005E+01  3.72268E-03   3.48143E+01  5.33670E-03   3.39021E+01  7.65200E-03   3.29938E+01  1.09755E-02   3.20778E+01  1.57421E-02   3.11691E+01  2.25808E-02   3.02592E+01  3.23888E-02   2.93527E+01  4.64558E-02   2.84469E+01  6.66301E-02   2.75416E+01  9.55638E-02   2.66364E+01  1.37060E-01   2.57312E+01  1.96572E-01   2.48260E+01  2.81922E-01   2.39207E+01  4.04328E-01   2.30158E+01  5.79874E-01   2.21112E+01  8.31628E-01   2.12072E+01  1.19267E+00   2.03038E+01  1.71044E+00   1.94013E+01  2.22351E+00   1.87153E+01  2.41043E+00   1.84407E+01  2.36852E+00   1.84456E+01  2.32720E+00   1.85144E+01  2.28646E+00   1.86471E+01  2.24629E+00   1.88441E+01  2.20668E+00   1.91061E+01  2.16761E+00   1.94337E+01  2.12907E+00   1.98274E+01  2.09105E+00   2.02881E+01  2.05353E+00   2.08161E+01  2.01652E+00   2.14120E+01  1.97999E+00   2.20762E+01  1.94394E+00   2.28089E+01  1.90835E+00   2.36104E+01  1.87323E+00   2.44806E+01  1.83858E+00   2.54194E+01  1.80437E+00   2.64269E+01  1.77062E+00   2.75025E+01  1.73731E+00   2.86461E+01  1.70446E+00   2.98570E+01  1.67205E+00   3.11348E+01  1.64009E+00   3.24790E+01  1.60857E+00   3.38886E+01  1.57751E+00   3.53632E+01  1.54691E+00   3.69018E+01  1.51675E+00   3.85035E+01  1.48706E+00   4.01676E+01  1.45783E+00   4.18928E+01  1.42906E+00   4.36783E+01  1.40076E+00   4.55230E+01  1.37293E+00   4.74256E+01  1.34556E+00   4.93857E+01  1.31867E+00   5.14016E+01  1.29224E+00   5.34725E+01  1.26629E+00   5.55974E+01  1.24082E+00   5.77746E+01  1.21580E+00   6.00035E+01  1.19127E+00   6.22830E+01  1.16721E+00   6.46114E+01  1.14361E+00   6.69882E+01  1.12048E+00   6.94127E+01  1.09782E+00   7.18827E+01 
 3.81490E-06   8.29033E+01  3.89350E-06   7.27591E+01  4.23378E-06   3.72398E+01  8.99615E-06   6.07234E+01  1.37119E-05   6.39231E+01  1.66224E-05   5.10229E+01  2.30333E-05   5.05229E+01  3.16308E-05   5.00713E+01  4.71602E-05   4.57343E+01  7.02394E-05   4.65261E+01  1.00770E-04   4.63828E+01  1.44061E-04   4.56900E+01  2.03753E-04   4.55314E+01  2.90230E-04   4.45136E+01  4.14881E-04   4.35130E+01  5.95186E-04   4.25681E+01  8.56324E-04   4.15201E+01  1.23082E-03   4.06209E+01  1.76800E-03   3.97424E+01  2.53651E-03   3.88833E+01  3.63778E-03   3.80164E+01  5.21650E-03   3.71272E+01  7.47949E-03   3.62388E+01  1.07250E-02   3.53305E+01  1.53803E-02   3.44214E+01  2.20586E-02   3.35106E+01  3.16385E-02   3.25990E+01  4.53798E-02   3.16891E+01  6.50883E-02   3.07799E+01  9.33565E-02   2.98722E+01  1.33901E-01   2.89645E+01  1.92052E-01   2.80577E+01  2.75456E-01   2.71509E+01  3.95076E-01   2.62448E+01  5.66641E-01   2.53392E+01  8.12705E-01   2.44342E+01  1.16562E+00   2.35299E+01  1.67177E+00   2.26265E+01  2.17328E+00   2.19401E+01  2.35577E+00   2.16650E+01  2.31455E+00   2.16688E+01  2.27403E+00   2.17354E+01  2.23415E+00   2.18649E+01  2.19489E+00   2.20579E+01  2.15623E+00   2.23149E+01  2.11814E+00   2.26365E+01  2.08060E+00   2.30235E+01  2.04360E+00   2.34763E+01  2.00712E+00   2.39957E+01  1.97115E+00   2.45820E+01  1.93567E+00   2.52358E+01  1.90068E+00   2.59572E+01  1.86615E+00   2.67465E+01  1.83209E+00   2.76037E+01  1.79849E+00   2.85288E+01  1.76533E+00   2.95216E+01  1.73263E+00   3.05820E+01  1.70036E+00   3.17097E+01  1.66854E+00   3.29040E+01  1.63715E+00   3.41648E+01  1.60620E+00   3.54912E+01  1.57569E+00   3.68827E+01  1.54562E+00   3.83387E+01  1.51598E+00   3.98580E+01  1.48679E+00   4.14402E+01  1.45804E+00   4.30842E+01  1.42974E+00   4.47889E+01  1.40188E+00   4.65537E+01  1.37446E+00   4.83773E+01  1.34750E+00   5.02589E+01  1.32098E+00   5.21975E+01  1.29492E+00   5.41918E+01  1.26930E+00   5.62410E+01  1.24414E+00   5.83437E+01  1.21943E+00   6.04988E+01  1.19517E+00   6.27057E+01  1.17136E+00   6.49627E+01  1.14800E+00   6.72691E+01  1.12508E+00   6.96241E+01  1.10262E+00   7.20259E+01  1.08059E+00   7.44734E+01 
