/rn,a,b/nx0/ls1
/r,qa,qb
81 -0.4 0.4 0 OUTPUT_AMP_PHASE_3D Wavelength=0.8
81 -0.4 0.4
 0.00000E+00   0.00000E+00  0.00000E+00   0.00000E+00  0.00000E+00   0.00000E+00  0.00000E+00   0.00000E+00  0.00000E+00   0.00000E+00  0.00000E+00   0.00000E+00  0.00000E+00   0.00000E+00  0.00000E+00   0.00000E+00  0.00000E+00   0.00000E+00  0.00000E+00   0.00000E+00  0.00000E+00   0.00000E+00  0.00000E+00   0.00000E+00  0.00000E+00   0.00000E+00  0.00000E+00   0.00000E+00  0.00000E+00   0.00000E+00  0.00000E+00   0.00000E+00  0.00000E+00   0.00000E+00  0.00000E+00   0.00000E+00  0.00000E+00   0.00000E+00  0.00000E+00   0.00000E+00  0.00000E+00   0.00000E+00  0.00000E+00   0.00000E+00  0.00000E+00   0.00000E+00  0.00000E+00   0.00000E+00  0.00000E+00   0.00000E+00  0.00000E+00   0.00000E+00  0.00000E+00   0.00000E+00  0.00000E+00   0.00000E+00  0.00000E+00   0.00000E+00  0.00000E+00   0.00000E+00  0.00000E+00   0.00000E+00  0.00000E+00   0.00000E+00  0.00000E+00   0.00000E+00  0.00000E+00   0.00000E+00  0.00000E+00   0.00000E+00  0.00000E+00   0.00000E+00  0.00000E+00   0.00000E+00  0.00000E+00   0.00000E+00  1.00905E-16   1.13199E+02  4.69093E-03   1.13199E+02  9.36792E-03   1.13297E+02  1.40174E-02   1.13469E+02  1.86253E-02   1.13703E+02  2.31795E-02   1.14009E+02  2.76653E-02   1.14377E+02  3.20733E-02   1.14817E+02  3.63882E-02   1.15319E+02  4.06032E-02   1.15890E+02  4.47038E-02   1.16525E+02  4.86851E-02   1.17226E+02  5.25342E-02   1.17993E+02  5.62473E-02   1.18823E+02  5.98156E-02   1.19720E+02  6.32330E-02   1.20677E+02  6.64986E-02   1.21703E+02  6.96012E-02   1.22786E+02  7.25488E-02   1.23938E+02  7.53265E-02   1.25147E+02  7.79461E-02   1.26419E+02  8.03978E-02   1.27751E+02  8.26851E-02   1.29138E+02  8.48146E-02   1.30587E+02  8.67738E-02   1.32087E+02  8.85852E-02   1.33648E+02  9.02322E-02   1.35263E+02  9.17292E-02   1.36934E+02  9.30827E-02   1.38665E+02  9.42790E-02   1.40445E+02  9.53477E-02   1.42283E+02  9.62726E-02   1.44169E+02  9.70664E-02   1.46102E+02  9.77468E-02   1.48089E+02  9.82982E-02   1.50119E+02  9.87423E-02   1.52206E+02  9.90793E-02   1.54341E+02  9.93053E-02   1.56521E+02  9.94342E-02   1.58749E+02  9.94729E-02   1.61014E+02  9.94226E-02   1.63326E+02  9.92894E-02   1.65686E+02  9.90841E-02   1.68084E+02 
 0.00000E+00   0.00000E+00  0.00000E+00   0.00000E+00  0.00000E+00   0.00000E+00  0.00000E+00   0.00000E+00  0.00000E+00   0.00000E+00  0.00000E+00   0.00000E+00  0.00000E+00   0.00000E+00  0.00000E+00   0.00000E+00  0.00000E+00   0.00000E+00  0.00000E+00   0.00000E+00  0.00000E+00   0.00000E+00  0.00000E+00   0.00000E+00  0.00000E+00   0.00000E+00  0.00000E+00   0.00000E+00  0.00000E+00   0.00000E+00  0.00000E+00   0.00000E+00  0.00000E+00   0.00000E+00  0.00000E+00   0.00000E+00  0.00000E+00   0.00000E+00  0.00000E+00   0.00000E+00  0.00000E+00   0.00000E+00  0.00000E+00   0.00000E+00  0.00000E+00   0.00000E+00  0.00000E+00   0.00000E+00  0.00000E+00   0.00000E+00  0.00000E+00   0.00000E+00  0.00000E+00   0.00000E+00  0.00000E+00   0.00000E+00  0.00000E+00   0.00000E+00  0.00000E+00   0.00000E+00  0.00000E+00   0.00000E+00  0.00000E+00   0.00000E+00  0.00000E+00   0.00000E+00  0.00000E+00   0.00000E+00  0.00000E+00   0.00000E+00  0.00000E+00   0.00000E+00  0.00000E+00   0.00000E+00  0.00000E+00   0.00000E+00  1.02356E-16   1.10509E+02  4.75839E-03   1.10509E+02  9.50190E-03   1.10612E+02  1.42174E-02   1.10782E+02  1.88888E-02   1.11022E+02  2.35049E-02   1.11327E+02  2.80497E-02   1.11703E+02  3.25130E-02   1.12143E+02  3.68806E-02   1.12654E+02  4.11429E-02   1.13228E+02  4.52887E-02   1.13872E+02  4.93075E-02   1.14578E+02  5.31936E-02   1.15353E+02  5.69339E-02   1.16189E+02  6.05297E-02   1.17093E+02  6.39647E-02   1.18058E+02  6.72461E-02   1.19087E+02  7.03587E-02   1.20180E+02  7.33084E-02   1.21334E+02  7.60896E-02   1.22554E+02  7.86983E-02   1.23832E+02  8.11449E-02   1.25175E+02  8.34134E-02   1.26576E+02  8.55242E-02   1.28036E+02  8.74637E-02   1.29556E+02  8.92409E-02   1.31126E+02  9.08662E-02   1.32757E+02  9.23249E-02   1.34438E+02  9.36452E-02   1.36175E+02  9.48127E-02   1.37970E+02  9.58354E-02   1.39815E+02  9.67298E-02   1.41720E+02  9.74785E-02   1.43670E+02  9.81073E-02   1.45671E+02  9.86187E-02   1.47721E+02  9.90112E-02   1.49814E+02  9.93033E-02   1.51962E+02  9.94909E-02   1.54156E+02  9.95756E-02   1.56397E+02  9.95655E-02   1.58687E+02  9.94719E-02   1.61011E+02  9.92940E-02   1.63383E+02  9.90388E-02   1.65799E+02 
 0.00000E+00   0.00000E+00  0.00000E+00   0.00000E+00  0.00000E+00   0.00000E+00  0.00000E+00   0.00000E+00  0.00000E+00   0.00000E+00  0.00000E+00   0.00000E+00  0.00000E+00   0.00000E+00  0.00000E+00   0.00000E+00  0.00000E+00   0.00000E+00  0.00000E+00   0.00000E+00  0.00000E+00   0.00000E+00  0.00000E+00   0.00000E+00  0.00000E+00   0.00000E+00  0.00000E+00   0.00000E+00  0.00000E+00   0.00000E+00  0.00000E+00   0.00000E+00  0.00000E+00   0.00000E+00  0.00000E+00   0.00000E+00  0.00000E+00   0.00000E+00  0.00000E+00   0.00000E+00  0.00000E+00   0.00000E+00  0.00000E+00   0.00000E+00  0.00000E+00   0.00000E+00  0.00000E+00   0.00000E+00  0.00000E+00   0.00000E+00  0.00000E+00   0.00000E+00  0.00000E+00   0.00000E+00  0.00000E+00   0.00000E+00  0.00000E+00   0.00000E+00  0.00000E+00   0.00000E+00  0.00000E+00   0.00000E+00  0.00000E+00   0.00000E+00  0.00000E+00   0.00000E+00  0.00000E+00   0.00000E+00  0.00000E+00   0.00000E+00  0.00000E+00   0.00000E+00  0.00000E+00   0.00000E+00  0.00000E+00   0.00000E+00  1.03761E-16   1.07865E+02  4.82374E-03   1.07865E+02  9.63268E-03   1.07967E+02  1.44110E-02   1.08139E+02  1.91456E-02   1.08380E+02  2.38201E-02   1.08689E+02  2.84231E-02   1.09067E+02  3.29384E-02   1.09512E+02  3.73579E-02   1.10026E+02  4.16638E-02   1.10606E+02  4.58531E-02   1.11255E+02  4.99065E-02   1.11969E+02  5.38258E-02   1.12750E+02  5.75922E-02   1.13597E+02  6.12084E-02   1.14507E+02  6.46620E-02   1.15484E+02  6.79505E-02   1.16522E+02  7.10736E-02   1.17625E+02  7.40192E-02   1.18787E+02  7.68003E-02   1.20013E+02  7.93989E-02   1.21301E+02  8.18314E-02   1.22648E+02  8.40880E-02   1.24059E+02  8.61718E-02   1.25527E+02  8.80938E-02   1.27058E+02  8.98394E-02   1.28646E+02  9.14312E-02   1.30289E+02  9.28598E-02   1.31989E+02  9.41321E-02   1.33738E+02  9.52647E-02   1.35544E+02  9.62465E-02   1.37401E+02  9.70951E-02   1.39312E+02  9.78135E-02   1.41279E+02  9.83945E-02   1.43294E+02  9.88577E-02   1.45360E+02  9.92052E-02   1.47474E+02  9.94418E-02   1.49630E+02  9.95828E-02   1.51839E+02  9.96274E-02   1.54093E+02  9.95740E-02   1.56393E+02  9.94334E-02   1.58741E+02  9.92137E-02   1.61125E+02  9.89140E-02   1.63556E+02 
 0.00000E+00   0.00000E+00  0.00000E+00   0.00000E+00  0.00000E+00   0.00000E+00  0.00000E+00   0.00000E+00  0.00000E+00   0.00000E+00  0.00000E+00   0.00000E+00  0.00000E+00   0.00000E+00  0.00000E+00   0.00000E+00  0.00000E+00   0.00000E+00  0.00000E+00   0.00000E+00  0.00000E+00   0.00000E+00  0.00000E+00   0.00000E+00  0.00000E+00   0.00000E+00  0.00000E+00   0.00000E+00  0.00000E+00   0.00000E+00  0.00000E+00   0.00000E+00  0.00000E+00   0.00000E+00  0.00000E+00   0.00000E+00  0.00000E+00   0.00000E+00  0.00000E+00   0.00000E+00  0.00000E+00   0.00000E+00  0.00000E+00   0.00000E+00  0.00000E+00   0.00000E+00  0.00000E+00   0.00000E+00  0.00000E+00   0.00000E+00  0.00000E+00   0.00000E+00  0.00000E+00   0.00000E+00  0.00000E+00   0.00000E+00  0.00000E+00   0.00000E+00  0.00000E+00   0.00000E+00  0.00000E+00   0.00000E+00  0.00000E+00   0.00000E+00  0.00000E+00   0.00000E+00  0.00000E+00   0.00000E+00  0.00000E+00   0.00000E+00  0.00000E+00   0.00000E+00  0.00000E+00   0.00000E+00  0.00000E+00   0.00000E+00  1.05111E-16   1.05273E+02  4.88650E-03   1.05273E+02  9.75777E-03   1.05379E+02  1.45970E-02   1.05550E+02  1.93911E-02   1.05794E+02  2.41219E-02   1.06103E+02  2.87797E-02   1.06485E+02  3.33454E-02   1.06931E+02  3.78118E-02   1.07449E+02  4.21616E-02   1.08033E+02  4.63877E-02   1.08686E+02  5.04779E-02   1.09405E+02  5.44226E-02   1.10192E+02  5.82175E-02   1.11045E+02  6.18481E-02   1.11964E+02  6.53198E-02   1.12948E+02  6.86137E-02   1.13996E+02  7.17411E-02   1.15109E+02  7.46856E-02   1.16284E+02  7.74554E-02   1.17521E+02  8.00465E-02   1.18819E+02  8.24553E-02   1.20177E+02  8.46945E-02   1.21595E+02  8.67514E-02   1.23073E+02  8.86434E-02   1.24611E+02  9.03652E-02   1.26209E+02  9.19192E-02   1.27864E+02  9.33179E-02   1.29576E+02  9.45531E-02   1.31344E+02  9.56372E-02   1.33163E+02  9.65791E-02   1.35035E+02  9.73768E-02   1.36959E+02  9.80460E-02   1.38934E+02  9.85924E-02   1.40964E+02  9.90073E-02   1.43043E+02  9.93098E-02   1.45171E+02  9.95013E-02   1.47347E+02  9.95852E-02   1.49566E+02  9.95824E-02   1.51837E+02  9.94862E-02   1.54150E+02  9.93009E-02   1.56509E+02  9.90365E-02   1.58914E+02  9.86954E-02   1.61355E+02 
 0.00000E+00   0.00000E+00  0.00000E+00   0.00000E+00  0.00000E+00   0.00000E+00  0.00000E+00   0.00000E+00  0.00000E+00   0.00000E+00  0.00000E+00   0.00000E+00  0.00000E+00   0.00000E+00  0.00000E+00   0.00000E+00  0.00000E+00   0.00000E+00  0.00000E+00   0.00000E+00  0.00000E+00   0.00000E+00  0.00000E+00   0.00000E+00  0.00000E+00   0.00000E+00  0.00000E+00   0.00000E+00  0.00000E+00   0.00000E+00  0.00000E+00   0.00000E+00  0.00000E+00   0.00000E+00  0.00000E+00   0.00000E+00  0.00000E+00   0.00000E+00  0.00000E+00   0.00000E+00  0.00000E+00   0.00000E+00  0.00000E+00   0.00000E+00  0.00000E+00   0.00000E+00  0.00000E+00   0.00000E+00  0.00000E+00   0.00000E+00  0.00000E+00   0.00000E+00  0.00000E+00   0.00000E+00  0.00000E+00   0.00000E+00  0.00000E+00   0.00000E+00  0.00000E+00   0.00000E+00  0.00000E+00   0.00000E+00  0.00000E+00   0.00000E+00  0.00000E+00   0.00000E+00  0.00000E+00   0.00000E+00  0.00000E+00   0.00000E+00  0.00000E+00   0.00000E+00  0.00000E+00   0.00000E+00  0.00000E+00   0.00000E+00  1.06408E-16   1.02734E+02  4.94677E-03   1.02734E+02  9.87708E-03   1.02839E+02  1.47753E-02   1.03013E+02  1.96246E-02   1.03257E+02  2.44112E-02   1.03571E+02  2.91176E-02   1.03953E+02  3.37335E-02   1.04406E+02  3.82406E-02   1.04925E+02  4.26324E-02   1.05516E+02  4.68906E-02   1.06170E+02  5.10128E-02   1.06898E+02  5.49808E-02   1.07686E+02  5.87958E-02   1.08548E+02  6.24425E-02   1.09470E+02  6.59214E-02   1.10463E+02  6.92247E-02   1.11517E+02  7.23480E-02   1.12638E+02  7.52937E-02   1.13823E+02  7.80511E-02   1.15069E+02  8.06309E-02   1.16380E+02  8.30220E-02   1.17749E+02  8.52338E-02   1.19180E+02  8.72664E-02   1.20669E+02  8.91198E-02   1.22218E+02  9.08061E-02   1.23824E+02  9.23236E-02   1.25489E+02  9.36787E-02   1.27212E+02  9.48813E-02   1.28991E+02  9.59255E-02   1.30826E+02  9.68216E-02   1.32712E+02  9.75795E-02   1.34651E+02  9.81930E-02   1.36641E+02  9.86859E-02   1.38680E+02  9.90615E-02   1.40774E+02  9.93121E-02   1.42916E+02  9.94602E-02   1.45105E+02  9.95004E-02   1.47342E+02  9.94417E-02   1.49622E+02  9.93010E-02   1.51954E+02  9.90713E-02   1.54327E+02  9.87632E-02   1.56744E+02  9.83788E-02   1.59207E+02 
 0.00000E+00   0.00000E+00  0.00000E+00   0.00000E+00  0.00000E+00   0.00000E+00  0.00000E+00   0.00000E+00  0.00000E+00   0.00000E+00  0.00000E+00   0.00000E+00  0.00000E+00   0.00000E+00  0.00000E+00   0.00000E+00  0.00000E+00   0.00000E+00  0.00000E+00   0.00000E+00  0.00000E+00   0.00000E+00  0.00000E+00   0.00000E+00  0.00000E+00   0.00000E+00  0.00000E+00   0.00000E+00  0.00000E+00   0.00000E+00  0.00000E+00   0.00000E+00  0.00000E+00   0.00000E+00  0.00000E+00   0.00000E+00  0.00000E+00   0.00000E+00  0.00000E+00   0.00000E+00  0.00000E+00   0.00000E+00  0.00000E+00   0.00000E+00  0.00000E+00   0.00000E+00  0.00000E+00   0.00000E+00  0.00000E+00   0.00000E+00  0.00000E+00   0.00000E+00  0.00000E+00   0.00000E+00  0.00000E+00   0.00000E+00  0.00000E+00   0.00000E+00  0.00000E+00   0.00000E+00  0.00000E+00   0.00000E+00  0.00000E+00   0.00000E+00  0.00000E+00   0.00000E+00  0.00000E+00   0.00000E+00  0.00000E+00   0.00000E+00  0.00000E+00   0.00000E+00  0.00000E+00   0.00000E+00  0.00000E+00   0.00000E+00  1.07631E-16   1.00243E+02  5.00365E-03   1.00243E+02  9.99026E-03   1.00344E+02  1.49434E-02   1.00524E+02  1.98462E-02   1.00766E+02  2.46830E-02   1.01086E+02  2.94383E-02   1.01468E+02  3.40975E-02   1.01928E+02  3.86466E-02   1.02449E+02  4.30730E-02   1.03046E+02  4.73649E-02   1.03705E+02  5.15108E-02   1.04437E+02  5.55032E-02   1.05235E+02  5.93306E-02   1.06099E+02  6.29903E-02   1.07033E+02  6.64716E-02   1.08027E+02  6.97753E-02   1.09094E+02  7.28931E-02   1.10219E+02  7.58269E-02   1.11414E+02  7.85740E-02   1.12668E+02  8.11324E-02   1.13988E+02  8.35078E-02   1.15369E+02  8.56940E-02   1.16809E+02  8.76994E-02   1.18312E+02  8.95240E-02   1.19870E+02  9.11687E-02   1.21490E+02  9.26471E-02   1.23165E+02  9.39560E-02   1.24900E+02  9.51070E-02   1.26690E+02  9.61116E-02   1.28535E+02  9.69609E-02   1.30438E+02  9.76737E-02   1.32388E+02  9.82502E-02   1.34393E+02  9.86868E-02   1.36448E+02  9.90099E-02   1.38550E+02  9.92179E-02   1.40709E+02  9.93109E-02   1.42913E+02  9.93065E-02   1.45164E+02  9.92035E-02   1.47461E+02  9.90095E-02   1.49801E+02  9.87362E-02   1.52190E+02  9.83850E-02   1.54622E+02  9.79627E-02   1.57096E+02 
 0.00000E+00   0.00000E+00  0.00000E+00   0.00000E+00  0.00000E+00   0.00000E+00  0.00000E+00   0.00000E+00  0.00000E+00   0.00000E+00  0.00000E+00   0.00000E+00  0.00000E+00   0.00000E+00  0.00000E+00   0.00000E+00  0.00000E+00   0.00000E+00  0.00000E+00   0.00000E+00  0.00000E+00   0.00000E+00  0.00000E+00   0.00000E+00  0.00000E+00   0.00000E+00  0.00000E+00   0.00000E+00  0.00000E+00   0.00000E+00  0.00000E+00   0.00000E+00  0.00000E+00   0.00000E+00  0.00000E+00   0.00000E+00  0.00000E+00   0.00000E+00  0.00000E+00   0.00000E+00  0.00000E+00   0.00000E+00  0.00000E+00   0.00000E+00  0.00000E+00   0.00000E+00  0.00000E+00   0.00000E+00  0.00000E+00   0.00000E+00  0.00000E+00   0.00000E+00  0.00000E+00   0.00000E+00  0.00000E+00   0.00000E+00  0.00000E+00   0.00000E+00  0.00000E+00   0.00000E+00  0.00000E+00   0.00000E+00  0.00000E+00   0.00000E+00  0.00000E+00   0.00000E+00  0.00000E+00   0.00000E+00  0.00000E+00   0.00000E+00  0.00000E+00   0.00000E+00  0.00000E+00   0.00000E+00  0.00000E+00   0.00000E+00  1.08761E-16   9.77995E+01  5.05615E-03   9.77995E+01  1.00947E-02   9.79054E+01  1.50985E-02   9.80827E+01  2.00500E-02   9.83312E+01  2.49335E-02   9.86484E+01  2.97321E-02   9.90390E+01  3.44318E-02   9.94955E+01  3.90171E-02   1.00027E+02  4.34762E-02   1.00622E+02  4.77953E-02   1.01293E+02  5.19658E-02   1.02025E+02  5.59748E-02   1.02832E+02  5.98176E-02   1.03700E+02  6.34830E-02   1.04642E+02  6.69692E-02   1.05645E+02  7.02671E-02   1.06717E+02  7.33786E-02   1.07854E+02  7.62961E-02   1.09053E+02  7.90237E-02   1.10321E+02  8.15594E-02   1.11646E+02  8.39030E-02   1.13039E+02  8.60632E-02   1.14490E+02  8.80321E-02   1.16002E+02  8.98253E-02   1.17575E+02  9.14361E-02   1.19204E+02  9.28719E-02   1.20892E+02  9.41438E-02   1.22636E+02  9.52445E-02   1.24438E+02  9.61962E-02   1.26295E+02  9.69996E-02   1.28209E+02  9.76566E-02   1.30176E+02  9.81862E-02   1.32193E+02  9.85834E-02   1.34264E+02  9.88519E-02   1.36381E+02  9.90102E-02   1.38546E+02  9.90612E-02   1.40767E+02  9.90029E-02   1.43033E+02  9.88536E-02   1.45344E+02  9.86170E-02   1.47702E+02  9.82924E-02   1.50102E+02  9.78950E-02   1.52549E+02  9.74307E-02   1.55037E+02 
 0.00000E+00   0.00000E+00  0.00000E+00   0.00000E+00  0.00000E+00   0.00000E+00  0.00000E+00   0.00000E+00  0.00000E+00   0.00000E+00  0.00000E+00   0.00000E+00  0.00000E+00   0.00000E+00  0.00000E+00   0.00000E+00  0.00000E+00   0.00000E+00  0.00000E+00   0.00000E+00  0.00000E+00   0.00000E+00  0.00000E+00   0.00000E+00  0.00000E+00   0.00000E+00  0.00000E+00   0.00000E+00  0.00000E+00   0.00000E+00  0.00000E+00   0.00000E+00  0.00000E+00   0.00000E+00  0.00000E+00   0.00000E+00  0.00000E+00   0.00000E+00  0.00000E+00   0.00000E+00  0.00000E+00   0.00000E+00  0.00000E+00   0.00000E+00  0.00000E+00   0.00000E+00  0.00000E+00   0.00000E+00  0.00000E+00   0.00000E+00  0.00000E+00   0.00000E+00  0.00000E+00   0.00000E+00  0.00000E+00   0.00000E+00  0.00000E+00   0.00000E+00  0.00000E+00   0.00000E+00  0.00000E+00   0.00000E+00  0.00000E+00   0.00000E+00  0.00000E+00   0.00000E+00  0.00000E+00   0.00000E+00  0.00000E+00   0.00000E+00  0.00000E+00   0.00000E+00  0.00000E+00   0.00000E+00  0.00000E+00   0.00000E+00  1.09800E-16   9.54102E+01  5.10446E-03   9.54102E+01  1.01905E-02   9.55196E+01  1.52407E-02   9.56961E+01  2.02365E-02   9.59479E+01  2.51620E-02   9.62671E+01  2.99993E-02   9.66604E+01  3.47344E-02   9.71217E+01  3.93509E-02   9.76549E+01  4.38370E-02   9.82574E+01  4.81789E-02   9.89288E+01  5.23661E-02   9.96711E+01  5.63892E-02   1.00479E+02  6.02383E-02   1.01359E+02  6.39085E-02   1.02301E+02  6.73910E-02   1.03316E+02  7.06855E-02   1.04393E+02  7.37827E-02   1.05538E+02  7.66886E-02   1.06747E+02  7.93926E-02   1.08020E+02  8.19055E-02   1.09360E+02  8.42188E-02   1.10757E+02  8.63423E-02   1.12222E+02  8.82768E-02   1.13744E+02  9.00231E-02   1.15327E+02  9.15956E-02   1.16970E+02  9.29862E-02   1.18668E+02  9.42125E-02   1.20426E+02  9.52737E-02   1.22239E+02  9.61741E-02   1.24107E+02  9.69290E-02   1.26032E+02  9.75377E-02   1.28011E+02  9.80096E-02   1.30043E+02  9.83569E-02   1.32126E+02  9.85817E-02   1.34260E+02  9.86857E-02   1.36441E+02  9.86869E-02   1.38668E+02  9.85889E-02   1.40950E+02  9.83866E-02   1.43275E+02  9.81049E-02   1.45646E+02  9.77432E-02   1.48064E+02  9.72978E-02   1.50522E+02  9.67902E-02   1.53028E+02 
 0.00000E+00   0.00000E+00  0.00000E+00   0.00000E+00  0.00000E+00   0.00000E+00  0.00000E+00   0.00000E+00  0.00000E+00   0.00000E+00  0.00000E+00   0.00000E+00  0.00000E+00   0.00000E+00  0.00000E+00   0.00000E+00  0.00000E+00   0.00000E+00  0.00000E+00   0.00000E+00  0.00000E+00   0.00000E+00  0.00000E+00   0.00000E+00  0.00000E+00   0.00000E+00  0.00000E+00   0.00000E+00  0.00000E+00   0.00000E+00  0.00000E+00   0.00000E+00  0.00000E+00   0.00000E+00  0.00000E+00   0.00000E+00  0.00000E+00   0.00000E+00  0.00000E+00   0.00000E+00  0.00000E+00   0.00000E+00  0.00000E+00   0.00000E+00  0.00000E+00   0.00000E+00  0.00000E+00   0.00000E+00  0.00000E+00   0.00000E+00  0.00000E+00   0.00000E+00  0.00000E+00   0.00000E+00  0.00000E+00   0.00000E+00  0.00000E+00   0.00000E+00  0.00000E+00   0.00000E+00  0.00000E+00   0.00000E+00  0.00000E+00   0.00000E+00  0.00000E+00   0.00000E+00  0.00000E+00   0.00000E+00  0.00000E+00   0.00000E+00  0.00000E+00   0.00000E+00  0.00000E+00   0.00000E+00  0.00000E+00   0.00000E+00  1.10729E-16   9.30764E+01  5.14765E-03   9.30764E+01  1.02766E-02   9.31818E+01  1.53678E-02   9.33640E+01  2.04038E-02   9.36140E+01  2.53658E-02   9.39388E+01  3.02380E-02   9.43326E+01  3.50031E-02   9.47995E+01  3.96474E-02   9.53354E+01  4.41553E-02   9.59434E+01  4.85157E-02   9.66202E+01  5.27158E-02   9.73671E+01  5.67468E-02   9.81833E+01  6.05989E-02   9.90665E+01  6.42660E-02   1.00020E+02  6.77415E-02   1.01037E+02  7.10215E-02   1.02126E+02  7.41035E-02   1.03275E+02  7.69847E-02   1.04495E+02  7.96665E-02   1.05776E+02  8.21473E-02   1.07122E+02  8.44319E-02   1.08533E+02  8.65186E-02   1.10002E+02  8.84157E-02   1.11539E+02  9.01226E-02   1.13130E+02  9.16472E-02   1.14785E+02  9.29944E-02   1.16498E+02  9.41684E-02   1.18264E+02  9.51797E-02   1.20093E+02  9.60319E-02   1.21971E+02  9.67337E-02   1.23907E+02  9.72935E-02   1.25899E+02  9.77182E-02   1.27941E+02  9.80106E-02   1.30038E+02  9.81857E-02   1.32185E+02  9.82458E-02   1.34381E+02  9.81933E-02   1.36626E+02  9.80471E-02   1.38917E+02  9.78056E-02   1.41258E+02  9.74697E-02   1.43643E+02  9.70641E-02   1.46071E+02  9.65829E-02   1.48546E+02  9.60301E-02   1.51062E+02 
 0.00000E+00   0.00000E+00  0.00000E+00   0.00000E+00  0.00000E+00   0.00000E+00  0.00000E+00   0.00000E+00  0.00000E+00   0.00000E+00  0.00000E+00   0.00000E+00  0.00000E+00   0.00000E+00  0.00000E+00   0.00000E+00  0.00000E+00   0.00000E+00  0.00000E+00   0.00000E+00  0.00000E+00   0.00000E+00  0.00000E+00   0.00000E+00  0.00000E+00   0.00000E+00  0.00000E+00   0.00000E+00  0.00000E+00   0.00000E+00  0.00000E+00   0.00000E+00  0.00000E+00   0.00000E+00  0.00000E+00   0.00000E+00  0.00000E+00   0.00000E+00  0.00000E+00   0.00000E+00  0.00000E+00   0.00000E+00  0.00000E+00   0.00000E+00  0.00000E+00   0.00000E+00  0.00000E+00   0.00000E+00  0.00000E+00   0.00000E+00  0.00000E+00   0.00000E+00  0.00000E+00   0.00000E+00  0.00000E+00   0.00000E+00  0.00000E+00   0.00000E+00  0.00000E+00   0.00000E+00  0.00000E+00   0.00000E+00  0.00000E+00   0.00000E+00  0.00000E+00   0.00000E+00  0.00000E+00   0.00000E+00  0.00000E+00   0.00000E+00  0.00000E+00   0.00000E+00  0.00000E+00   0.00000E+00  0.00000E+00   0.00000E+00  1.11531E-16   9.07942E+01  5.18495E-03   9.07942E+01  1.03500E-02   9.09040E+01  1.54771E-02   9.10839E+01  2.05458E-02   9.13388E+01  2.55395E-02   9.16629E+01  3.04391E-02   9.20620E+01  3.52297E-02   9.25295E+01  3.98939E-02   9.30719E+01  4.44198E-02   9.36817E+01  4.87919E-02   9.43656E+01  5.30010E-02   9.51162E+01  5.70348E-02   9.59395E+01  6.08861E-02   9.68293E+01  6.45472E-02   9.77889E+01  6.80114E-02   9.88161E+01  7.12767E-02   9.99087E+01  7.43361E-02   1.01071E+02  7.71937E-02   1.02294E+02  7.98427E-02   1.03588E+02  8.22910E-02   1.04940E+02  8.45346E-02   1.06361E+02  8.65821E-02   1.07842E+02  8.84346E-02   1.09383E+02  9.00968E-02   1.10991E+02  9.15776E-02   1.12651E+02  9.28760E-02   1.14378E+02  9.40052E-02   1.16158E+02  9.49656E-02   1.17994E+02  9.57658E-02   1.19890E+02  9.64168E-02   1.21834E+02  9.69200E-02   1.23838E+02  9.72921E-02   1.25895E+02  9.75373E-02   1.28003E+02  9.76583E-02   1.30165E+02  9.76699E-02   1.32373E+02  9.75740E-02   1.34628E+02  9.73781E-02   1.36936E+02  9.70932E-02   1.39288E+02  9.67204E-02   1.41689E+02  9.62656E-02   1.44134E+02  9.57426E-02   1.46620E+02  9.51525E-02   1.49152E+02 
 0.00000E+00   0.00000E+00  0.00000E+00   0.00000E+00  0.00000E+00   0.00000E+00  0.00000E+00   0.00000E+00  0.00000E+00   0.00000E+00  0.00000E+00   0.00000E+00  0.00000E+00   0.00000E+00  0.00000E+00   0.00000E+00  0.00000E+00   0.00000E+00  0.00000E+00   0.00000E+00  0.00000E+00   0.00000E+00  0.00000E+00   0.00000E+00  0.00000E+00   0.00000E+00  0.00000E+00   0.00000E+00  0.00000E+00   0.00000E+00  0.00000E+00   0.00000E+00  0.00000E+00   0.00000E+00  0.00000E+00   0.00000E+00  0.00000E+00   0.00000E+00  0.00000E+00   0.00000E+00  0.00000E+00   0.00000E+00  0.00000E+00   0.00000E+00  0.00000E+00   0.00000E+00  0.00000E+00   0.00000E+00  0.00000E+00   0.00000E+00  0.00000E+00   0.00000E+00  0.00000E+00   0.00000E+00  0.00000E+00   0.00000E+00  0.00000E+00   0.00000E+00  0.00000E+00   0.00000E+00  0.00000E+00   0.00000E+00  0.00000E+00   0.00000E+00  0.00000E+00   0.00000E+00  0.00000E+00   0.00000E+00  0.00000E+00   0.00000E+00  0.00000E+00   0.00000E+00  0.00000E+00   0.00000E+00  0.00000E+00   0.00000E+00  1.12196E-16   8.85724E+01  5.21587E-03   8.85724E+01  1.04120E-02   8.86823E+01  1.55675E-02   8.88642E+01  2.06644E-02   8.91199E+01  2.56820E-02   8.94472E+01  3.06044E-02   8.98476E+01  3.54124E-02   9.03200E+01  4.00925E-02   9.08638E+01  4.46272E-02   9.14800E+01  4.90068E-02   9.21657E+01  5.32152E-02   9.29242E+01  5.72475E-02   9.37501E+01  6.10888E-02   9.46485E+01  6.47388E-02   9.56128E+01  6.81850E-02   9.66480E+01  7.14296E-02   9.77489E+01  7.44649E-02   9.89171E+01  7.72927E-02   1.00152E+02  7.99118E-02   1.01450E+02  8.23215E-02   1.02816E+02  8.45295E-02   1.04242E+02  8.65297E-02   1.05735E+02  8.83393E-02   1.07287E+02  8.99496E-02   1.08901E+02  9.13787E-02   1.10577E+02  9.26273E-02   1.12309E+02  9.37005E-02   1.14104E+02  9.46145E-02   1.15952E+02  9.53627E-02   1.17858E+02  9.59629E-02   1.19819E+02  9.64186E-02   1.21830E+02  9.67342E-02   1.23899E+02  9.69269E-02   1.26020E+02  9.70012E-02   1.28192E+02  9.69613E-02   1.30420E+02  9.68159E-02   1.32689E+02  9.65761E-02   1.35005E+02  9.62448E-02   1.37373E+02  9.58279E-02   1.39784E+02  9.53395E-02   1.42242E+02  9.47766E-02   1.44745E+02  9.41468E-02   1.47289E+02 
 0.00000E+00   0.00000E+00  0.00000E+00   0.00000E+00  0.00000E+00   0.00000E+00  0.00000E+00   0.00000E+00  0.00000E+00   0.00000E+00  0.00000E+00   0.00000E+00  0.00000E+00   0.00000E+00  0.00000E+00   0.00000E+00  0.00000E+00   0.00000E+00  0.00000E+00   0.00000E+00  0.00000E+00   0.00000E+00  0.00000E+00   0.00000E+00  0.00000E+00   0.00000E+00  0.00000E+00   0.00000E+00  0.00000E+00   0.00000E+00  0.00000E+00   0.00000E+00  0.00000E+00   0.00000E+00  0.00000E+00   0.00000E+00  0.00000E+00   0.00000E+00  0.00000E+00   0.00000E+00  0.00000E+00   0.00000E+00  0.00000E+00   0.00000E+00  0.00000E+00   0.00000E+00  0.00000E+00   0.00000E+00  0.00000E+00   0.00000E+00  0.00000E+00   0.00000E+00  0.00000E+00   0.00000E+00  0.00000E+00   0.00000E+00  0.00000E+00   0.00000E+00  0.00000E+00   0.00000E+00  0.00000E+00   0.00000E+00  0.00000E+00   0.00000E+00  0.00000E+00   0.00000E+00  0.00000E+00   0.00000E+00  0.00000E+00   0.00000E+00  0.00000E+00   0.00000E+00  0.00000E+00   0.00000E+00  0.00000E+00   0.00000E+00  1.12712E-16   8.64082E+01  5.23984E-03   8.64082E+01  1.04586E-02   8.65170E+01  1.56368E-02   8.67021E+01  2.07533E-02   8.69576E+01  2.57895E-02   8.72889E+01  3.07265E-02   8.76906E+01  3.55471E-02   8.81670E+01  4.02347E-02   8.87141E+01  4.47749E-02   8.93343E+01  4.91533E-02   9.00255E+01  5.33591E-02   9.07874E+01  5.73805E-02   9.16212E+01  6.12103E-02   9.25228E+01  6.48398E-02   9.34966E+01  6.82648E-02   9.45360E+01  7.14803E-02   9.56461E+01  7.44850E-02   9.68217E+01  7.72764E-02   9.80637E+01  7.98574E-02   9.93733E+01  8.22260E-02   1.00744E+02  8.43894E-02   1.02183E+02  8.63470E-02   1.03681E+02  8.81058E-02   1.05245E+02  8.96722E-02   1.06870E+02  9.10464E-02   1.08553E+02  9.22448E-02   1.10300E+02  9.32639E-02   1.12101E+02  9.41191E-02   1.13964E+02  9.48176E-02   1.15881E+02  9.53614E-02   1.17854E+02  9.57658E-02   1.19881E+02  9.60342E-02   1.21959E+02  9.61729E-02   1.24092E+02  9.61953E-02   1.26274E+02  9.61125E-02   1.28511E+02  9.59219E-02   1.30799E+02  9.56339E-02   1.33130E+02  9.52648E-02   1.35509E+02  9.48059E-02   1.37937E+02  9.42707E-02   1.40405E+02  9.36771E-02   1.42920E+02  9.30131E-02   1.45478E+02 
 0.00000E+00   0.00000E+00  0.00000E+00   0.00000E+00  0.00000E+00   0.00000E+00  0.00000E+00   0.00000E+00  0.00000E+00   0.00000E+00  0.00000E+00   0.00000E+00  0.00000E+00   0.00000E+00  0.00000E+00   0.00000E+00  0.00000E+00   0.00000E+00  0.00000E+00   0.00000E+00  0.00000E+00   0.00000E+00  0.00000E+00   0.00000E+00  0.00000E+00   0.00000E+00  0.00000E+00   0.00000E+00  0.00000E+00   0.00000E+00  0.00000E+00   0.00000E+00  0.00000E+00   0.00000E+00  0.00000E+00   0.00000E+00  0.00000E+00   0.00000E+00  0.00000E+00   0.00000E+00  0.00000E+00   0.00000E+00  0.00000E+00   0.00000E+00  0.00000E+00   0.00000E+00  0.00000E+00   0.00000E+00  0.00000E+00   0.00000E+00  0.00000E+00   0.00000E+00  0.00000E+00   0.00000E+00  0.00000E+00   0.00000E+00  0.00000E+00   0.00000E+00  0.00000E+00   0.00000E+00  0.00000E+00   0.00000E+00  0.00000E+00   0.00000E+00  0.00000E+00   0.00000E+00  0.00000E+00   0.00000E+00  0.00000E+00   0.00000E+00  0.00000E+00   0.00000E+00  0.00000E+00   0.00000E+00  0.00000E+00   0.00000E+00  1.13047E-16   8.43035E+01  5.25542E-03   8.43035E+01  1.04898E-02   8.44144E+01  1.56813E-02   8.45984E+01  2.08105E-02   8.48581E+01  2.58562E-02   8.51883E+01  3.08007E-02   8.55955E+01  3.56247E-02   8.60718E+01  4.03134E-02   8.66249E+01  4.48491E-02   8.72464E+01  4.92217E-02   8.79436E+01  5.34142E-02   8.87094E+01  5.74224E-02   8.95481E+01  6.12302E-02   9.04569E+01  6.48386E-02   9.14344E+01  6.82341E-02   9.24841E+01  7.14199E-02   9.35979E+01  7.43889E-02   9.47846E+01  7.71418E-02   9.60332E+01  7.96809E-02   9.73511E+01  8.20035E-02   9.87333E+01  8.41190E-02   1.00177E+02  8.60249E-02   1.01690E+02  8.77322E-02   1.03258E+02  8.92431E-02   1.04895E+02  9.05664E-02   1.06589E+02  9.17082E-02   1.08343E+02  9.26768E-02   1.10161E+02  9.34784E-02   1.12029E+02  9.41214E-02   1.13960E+02  9.46154E-02   1.15944E+02  9.49649E-02   1.17981E+02  9.51818E-02   1.20075E+02  9.52742E-02   1.22220E+02  9.52447E-02   1.24415E+02  9.51092E-02   1.26663E+02  9.48771E-02   1.28960E+02  9.45461E-02   1.31306E+02  9.41318E-02   1.33698E+02  9.36423E-02   1.36135E+02  9.30715E-02   1.38621E+02  9.24354E-02   1.41149E+02  9.17440E-02   1.43721E+02 
 0.00000E+00   0.00000E+00  0.00000E+00   0.00000E+00  0.00000E+00   0.00000E+00  0.00000E+00   0.00000E+00  0.00000E+00   0.00000E+00  0.00000E+00   0.00000E+00  0.00000E+00   0.00000E+00  0.00000E+00   0.00000E+00  0.00000E+00   0.00000E+00  0.00000E+00   0.00000E+00  0.00000E+00   0.00000E+00  0.00000E+00   0.00000E+00  0.00000E+00   0.00000E+00  0.00000E+00   0.00000E+00  0.00000E+00   0.00000E+00  0.00000E+00   0.00000E+00  0.00000E+00   0.00000E+00  0.00000E+00   0.00000E+00  0.00000E+00   0.00000E+00  0.00000E+00   0.00000E+00  0.00000E+00   0.00000E+00  0.00000E+00   0.00000E+00  0.00000E+00   0.00000E+00  0.00000E+00   0.00000E+00  0.00000E+00   0.00000E+00  0.00000E+00   0.00000E+00  0.00000E+00   0.00000E+00  0.00000E+00   0.00000E+00  0.00000E+00   0.00000E+00  0.00000E+00   0.00000E+00  0.00000E+00   0.00000E+00  0.00000E+00   0.00000E+00  0.00000E+00   0.00000E+00  0.00000E+00   0.00000E+00  0.00000E+00   0.00000E+00  0.00000E+00   0.00000E+00  0.00000E+00   0.00000E+00  0.00000E+00   0.00000E+00  1.13207E-16   8.22599E+01  5.26284E-03   8.22599E+01  1.05037E-02   8.23726E+01  1.57011E-02   8.25576E+01  2.08341E-02   8.28183E+01  2.58814E-02   8.31521E+01  3.08254E-02   8.35599E+01  3.56450E-02   8.40416E+01  4.03266E-02   8.45952E+01  4.48514E-02   8.52237E+01  4.92083E-02   8.59215E+01  5.33831E-02   8.66950E+01  5.73659E-02   8.75357E+01  6.11492E-02   8.84517E+01  6.47229E-02   8.94339E+01  6.80873E-02   9.04891E+01  7.12309E-02   9.16118E+01  7.41619E-02   9.28023E+01  7.68684E-02   9.40627E+01  7.93632E-02   9.53857E+01  8.16375E-02   9.67787E+01  8.37026E-02   9.82325E+01  8.55591E-02   9.97514E+01  8.72105E-02   1.01335E+02  8.86696E-02   1.02975E+02  8.99330E-02   1.04683E+02  9.10207E-02   1.06446E+02  9.19294E-02   1.08271E+02  9.26760E-02   1.10157E+02  9.32652E-02   1.12093E+02  9.37038E-02   1.14093E+02  9.40053E-02   1.16142E+02  9.41704E-02   1.18242E+02  9.42139E-02   1.20401E+02  9.41419E-02   1.22607E+02  9.39606E-02   1.24867E+02  9.36818E-02   1.27181E+02  9.33106E-02   1.29537E+02  9.28556E-02   1.31943E+02  9.23244E-02   1.34394E+02  9.17232E-02   1.36888E+02  9.10582E-02   1.39430E+02  9.03319E-02   1.42014E+02 
 0.00000E+00   0.00000E+00  0.00000E+00   0.00000E+00  0.00000E+00   0.00000E+00  0.00000E+00   0.00000E+00  0.00000E+00   0.00000E+00  0.00000E+00   0.00000E+00  0.00000E+00   0.00000E+00  0.00000E+00   0.00000E+00  0.00000E+00   0.00000E+00  0.00000E+00   0.00000E+00  0.00000E+00   0.00000E+00  0.00000E+00   0.00000E+00  0.00000E+00   0.00000E+00  0.00000E+00   0.00000E+00  0.00000E+00   0.00000E+00  0.00000E+00   0.00000E+00  0.00000E+00   0.00000E+00  0.00000E+00   0.00000E+00  0.00000E+00   0.00000E+00  0.00000E+00   0.00000E+00  0.00000E+00   0.00000E+00  0.00000E+00   0.00000E+00  0.00000E+00   0.00000E+00  0.00000E+00   0.00000E+00  0.00000E+00   0.00000E+00  0.00000E+00   0.00000E+00  0.00000E+00   0.00000E+00  0.00000E+00   0.00000E+00  0.00000E+00   0.00000E+00  0.00000E+00   0.00000E+00  0.00000E+00   0.00000E+00  0.00000E+00   0.00000E+00  0.00000E+00   0.00000E+00  0.00000E+00   0.00000E+00  0.00000E+00   0.00000E+00  0.00000E+00   0.00000E+00  0.00000E+00   0.00000E+00  0.00000E+00   0.00000E+00  1.13149E-16   8.02790E+01  5.26018E-03   8.02790E+01  1.04981E-02   8.03886E+01  1.56912E-02   8.05782E+01  2.08184E-02   8.08378E+01  2.58584E-02   8.11758E+01  3.07915E-02   8.15848E+01  3.55993E-02   8.20704E+01  4.02639E-02   8.26273E+01  4.47704E-02   8.32593E+01  4.91040E-02   8.39628E+01  5.32529E-02   8.47391E+01  5.72063E-02   8.55874E+01  6.09555E-02   8.65061E+01  6.44936E-02   8.74969E+01  6.78157E-02   8.85559E+01  7.09179E-02   8.96861E+01  7.37991E-02   9.08837E+01  7.64588E-02   9.21497E+01  7.88979E-02   9.34832E+01  8.11211E-02   9.48812E+01  8.31283E-02   9.63467E+01  8.49300E-02   9.78739E+01  8.65253E-02   9.94653E+01  8.79270E-02   1.01120E+02  8.91378E-02   1.02832E+02  9.01655E-02   1.04609E+02  9.10232E-02   1.06441E+02  9.17101E-02   1.08335E+02  9.22461E-02   1.10287E+02  9.26316E-02   1.12292E+02  9.28780E-02   1.14359E+02  9.29967E-02   1.16473E+02  9.29899E-02   1.18640E+02  9.28698E-02   1.20861E+02  9.26458E-02   1.23127E+02  9.23276E-02   1.25450E+02  9.19169E-02   1.27823E+02  9.14255E-02   1.30239E+02  9.08635E-02   1.32704E+02  9.02256E-02   1.35215E+02  8.95293E-02   1.37767E+02  8.87825E-02   1.40364E+02 
 0.00000E+00   0.00000E+00  0.00000E+00   0.00000E+00  0.00000E+00   0.00000E+00  0.00000E+00   0.00000E+00  0.00000E+00   0.00000E+00  0.00000E+00   0.00000E+00  0.00000E+00   0.00000E+00  0.00000E+00   0.00000E+00  0.00000E+00   0.00000E+00  0.00000E+00   0.00000E+00  0.00000E+00   0.00000E+00  0.00000E+00   0.00000E+00  0.00000E+00   0.00000E+00  0.00000E+00   0.00000E+00  0.00000E+00   0.00000E+00  0.00000E+00   0.00000E+00  0.00000E+00   0.00000E+00  0.00000E+00   0.00000E+00  0.00000E+00   0.00000E+00  0.00000E+00   0.00000E+00  0.00000E+00   0.00000E+00  0.00000E+00   0.00000E+00  0.00000E+00   0.00000E+00  0.00000E+00   0.00000E+00  0.00000E+00   0.00000E+00  0.00000E+00   0.00000E+00  0.00000E+00   0.00000E+00  0.00000E+00   0.00000E+00  0.00000E+00   0.00000E+00  0.00000E+00   0.00000E+00  0.00000E+00   0.00000E+00  0.00000E+00   0.00000E+00  0.00000E+00   0.00000E+00  0.00000E+00   0.00000E+00  0.00000E+00   0.00000E+00  0.00000E+00   0.00000E+00  0.00000E+00   0.00000E+00  0.00000E+00   0.00000E+00  1.12875E-16   7.83581E+01  5.24742E-03   7.83581E+01  1.04719E-02   7.84730E+01  1.56507E-02   7.86589E+01  2.07623E-02   7.89246E+01  2.57840E-02   7.92605E+01  3.06979E-02   7.96753E+01  3.54821E-02   8.01609E+01  4.01221E-02   8.07233E+01  4.45991E-02   8.13572E+01  4.89012E-02   8.20657E+01  5.30147E-02   8.28463E+01  5.69294E-02   8.36987E+01  6.06379E-02   8.46243E+01  6.41304E-02   8.56184E+01  6.74072E-02   8.66859E+01  7.04581E-02   8.78204E+01  7.32903E-02   8.90261E+01  7.58943E-02   9.02993E+01  7.82810E-02   9.16390E+01  8.04456E-02   9.30479E+01  8.23967E-02   9.45184E+01  8.41385E-02   9.60572E+01  8.56746E-02   9.76569E+01  8.70162E-02   9.93188E+01  8.81667E-02   1.01045E+02  8.91373E-02   1.02828E+02  8.99349E-02   1.04674E+02  9.05701E-02   1.06577E+02  9.10483E-02   1.08537E+02  9.13840E-02   1.10556E+02  9.15811E-02   1.12627E+02  9.16493E-02   1.14755E+02  9.16014E-02   1.16936E+02  9.14385E-02   1.19168E+02  9.11692E-02   1.21450E+02  9.08099E-02   1.23782E+02  9.03642E-02   1.26164E+02  8.98346E-02   1.28595E+02  8.92403E-02   1.31069E+02  8.85808E-02   1.33590E+02  8.78543E-02   1.36158E+02  8.70784E-02   1.38766E+02 
 0.00000E+00   0.00000E+00  0.00000E+00   0.00000E+00  0.00000E+00   0.00000E+00  0.00000E+00   0.00000E+00  0.00000E+00   0.00000E+00  0.00000E+00   0.00000E+00  0.00000E+00   0.00000E+00  0.00000E+00   0.00000E+00  0.00000E+00   0.00000E+00  0.00000E+00   0.00000E+00  0.00000E+00   0.00000E+00  0.00000E+00   0.00000E+00  0.00000E+00   0.00000E+00  0.00000E+00   0.00000E+00  0.00000E+00   0.00000E+00  0.00000E+00   0.00000E+00  0.00000E+00   0.00000E+00  0.00000E+00   0.00000E+00  0.00000E+00   0.00000E+00  0.00000E+00   0.00000E+00  0.00000E+00   0.00000E+00  0.00000E+00   0.00000E+00  0.00000E+00   0.00000E+00  0.00000E+00   0.00000E+00  0.00000E+00   0.00000E+00  0.00000E+00   0.00000E+00  0.00000E+00   0.00000E+00  0.00000E+00   0.00000E+00  0.00000E+00   0.00000E+00  0.00000E+00   0.00000E+00  0.00000E+00   0.00000E+00  0.00000E+00   0.00000E+00  0.00000E+00   0.00000E+00  0.00000E+00   0.00000E+00  0.00000E+00   0.00000E+00  0.00000E+00   0.00000E+00  0.00000E+00   0.00000E+00  0.00000E+00   0.00000E+00  1.12354E-16   7.65055E+01  5.22320E-03   7.65055E+01  1.04231E-02   7.66158E+01  1.55765E-02   7.68087E+01  2.06609E-02   7.70698E+01  2.56551E-02   7.74137E+01  3.05374E-02   7.78256E+01  3.52904E-02   7.83193E+01  3.98936E-02   7.88803E+01  4.43345E-02   7.95225E+01  4.85944E-02   8.02314E+01  5.26662E-02   8.10195E+01  5.65330E-02   8.18750E+01  6.01935E-02   8.28058E+01  6.36335E-02   8.38068E+01  6.68557E-02   8.48772E+01  6.98511E-02   8.60210E+01  7.26223E-02   8.72295E+01  7.51699E-02   8.85118E+01  7.74912E-02   8.98581E+01  7.95991E-02   9.12731E+01  8.14850E-02   9.27556E+01  8.31689E-02   9.42986E+01  8.46438E-02   9.59111E+01  8.59258E-02   9.75816E+01  8.70194E-02   9.93139E+01  8.79296E-02   1.01112E+02  8.86726E-02   1.02961E+02  8.92485E-02   1.04878E+02  8.96755E-02   1.06849E+02  8.99554E-02   1.08875E+02  9.01032E-02   1.10965E+02  9.01249E-02   1.13098E+02  9.00277E-02   1.15288E+02  8.98274E-02   1.17534E+02  8.95228E-02   1.19824E+02  8.91253E-02   1.22169E+02  8.86465E-02   1.24563E+02  8.80881E-02   1.27004E+02  8.74600E-02   1.29495E+02  8.67721E-02   1.32028E+02  8.60284E-02   1.34604E+02  8.52325E-02   1.37226E+02 
 0.00000E+00   0.00000E+00  0.00000E+00   0.00000E+00  0.00000E+00   0.00000E+00  0.00000E+00   0.00000E+00  0.00000E+00   0.00000E+00  0.00000E+00   0.00000E+00  0.00000E+00   0.00000E+00  0.00000E+00   0.00000E+00  0.00000E+00   0.00000E+00  0.00000E+00   0.00000E+00  0.00000E+00   0.00000E+00  0.00000E+00   0.00000E+00  0.00000E+00   0.00000E+00  0.00000E+00   0.00000E+00  0.00000E+00   0.00000E+00  0.00000E+00   0.00000E+00  0.00000E+00   0.00000E+00  0.00000E+00   0.00000E+00  0.00000E+00   0.00000E+00  0.00000E+00   0.00000E+00  0.00000E+00   0.00000E+00  0.00000E+00   0.00000E+00  0.00000E+00   0.00000E+00  0.00000E+00   0.00000E+00  0.00000E+00   0.00000E+00  0.00000E+00   0.00000E+00  0.00000E+00   0.00000E+00  0.00000E+00   0.00000E+00  0.00000E+00   0.00000E+00  0.00000E+00   0.00000E+00  0.00000E+00   0.00000E+00  0.00000E+00   0.00000E+00  0.00000E+00   0.00000E+00  0.00000E+00   0.00000E+00  0.00000E+00   0.00000E+00  0.00000E+00   0.00000E+00  0.00000E+00   0.00000E+00  0.00000E+00   0.00000E+00  1.11570E-16   7.47124E+01  5.18676E-03   7.47124E+01  1.03497E-02   7.48273E+01  1.54655E-02   7.50172E+01  2.05112E-02   7.52844E+01  2.54647E-02   7.56256E+01  3.03055E-02   7.60444E+01  3.50137E-02   7.65360E+01  3.95716E-02   7.71057E+01  4.39632E-02   7.77457E+01  4.81735E-02   7.84647E+01  5.21913E-02   7.92515E+01  5.60045E-02   8.01173E+01  5.96066E-02   8.10495E+01  6.29897E-02   8.20585E+01  6.61500E-02   8.31346E+01  6.90851E-02   8.42831E+01  7.17928E-02   8.55011E+01  7.42762E-02   8.67860E+01  7.65346E-02   8.81424E+01  7.85742E-02   8.95625E+01  8.03988E-02   9.10517E+01  8.20127E-02   9.26063E+01  8.34277E-02   9.42226E+01  8.46435E-02   9.59070E+01  8.56774E-02   9.76481E+01  8.65296E-02   9.94526E+01  8.72139E-02   1.01318E+02  8.77394E-02   1.03236E+02  8.81102E-02   1.05220E+02  8.83451E-02   1.07255E+02  8.84433E-02   1.09349E+02  8.84211E-02   1.11504E+02  8.82843E-02   1.13702E+02  8.80392E-02   1.15959E+02  8.76980E-02   1.18264E+02  8.72675E-02   1.20614E+02  8.67577E-02   1.23020E+02  8.61707E-02   1.25473E+02  8.55208E-02   1.27970E+02  8.48110E-02   1.30518E+02  8.40414E-02   1.33108E+02  8.32300E-02   1.35740E+02 
 0.00000E+00   0.00000E+00  0.00000E+00   0.00000E+00  0.00000E+00   0.00000E+00  0.00000E+00   0.00000E+00  0.00000E+00   0.00000E+00  0.00000E+00   0.00000E+00  0.00000E+00   0.00000E+00  0.00000E+00   0.00000E+00  0.00000E+00   0.00000E+00  0.00000E+00   0.00000E+00  0.00000E+00   0.00000E+00  0.00000E+00   0.00000E+00  0.00000E+00   0.00000E+00  0.00000E+00   0.00000E+00  0.00000E+00   0.00000E+00  0.00000E+00   0.00000E+00  0.00000E+00   0.00000E+00  0.00000E+00   0.00000E+00  0.00000E+00   0.00000E+00  0.00000E+00   0.00000E+00  0.00000E+00   0.00000E+00  0.00000E+00   0.00000E+00  0.00000E+00   0.00000E+00  0.00000E+00   0.00000E+00  0.00000E+00   0.00000E+00  0.00000E+00   0.00000E+00  0.00000E+00   0.00000E+00  0.00000E+00   0.00000E+00  0.00000E+00   0.00000E+00  0.00000E+00   0.00000E+00  0.00000E+00   0.00000E+00  0.00000E+00   0.00000E+00  0.00000E+00   0.00000E+00  0.00000E+00   0.00000E+00  0.00000E+00   0.00000E+00  0.00000E+00   0.00000E+00  0.00000E+00   0.00000E+00  0.00000E+00   0.00000E+00  1.10509E-16   7.29913E+01  5.13742E-03   7.29913E+01  1.02505E-02   7.31045E+01  1.53162E-02   7.32971E+01  2.03101E-02   7.35640E+01  2.52119E-02   7.39084E+01  2.99979E-02   7.43278E+01  3.46518E-02   7.48243E+01  3.91512E-02   7.53937E+01  4.34852E-02   7.60413E+01  4.76331E-02   7.67591E+01  5.15895E-02   7.75556E+01  5.53371E-02   7.84203E+01  5.88743E-02   7.93627E+01  6.21889E-02   8.03725E+01  6.52816E-02   8.14574E+01  6.81470E-02   8.26104E+01  7.07854E-02   8.38343E+01  7.32000E-02   8.51280E+01  7.53883E-02   8.64881E+01  7.73621E-02   8.79185E+01  7.91171E-02   8.94132E+01  8.06689E-02   9.09749E+01  8.20162E-02   9.26015E+01  8.31724E-02   9.42903E+01  8.41431E-02   9.60432E+01  8.49369E-02   9.78567E+01  8.55642E-02   9.97297E+01  8.60330E-02   1.01664E+02  8.63545E-02   1.03653E+02  8.65353E-02   1.05701E+02  8.65908E-02   1.07804E+02  8.65239E-02   1.09961E+02  8.63476E-02   1.12175E+02  8.60723E-02   1.14440E+02  8.56977E-02   1.16757E+02  8.52353E-02   1.19122E+02  8.46990E-02   1.21535E+02  8.40881E-02   1.24000E+02  8.34111E-02   1.26512E+02  8.26849E-02   1.29066E+02  8.19062E-02   1.31668E+02  8.10758E-02   1.34313E+02 
 0.00000E+00   0.00000E+00  0.00000E+00   0.00000E+00  0.00000E+00   0.00000E+00  0.00000E+00   0.00000E+00  0.00000E+00   0.00000E+00  0.00000E+00   0.00000E+00  0.00000E+00   0.00000E+00  0.00000E+00   0.00000E+00  0.00000E+00   0.00000E+00  0.00000E+00   0.00000E+00  0.00000E+00   0.00000E+00  0.00000E+00   0.00000E+00  0.00000E+00   0.00000E+00  0.00000E+00   0.00000E+00  0.00000E+00   0.00000E+00  0.00000E+00   0.00000E+00  0.00000E+00   0.00000E+00  0.00000E+00   0.00000E+00  0.00000E+00   0.00000E+00  0.00000E+00   0.00000E+00  0.00000E+00   0.00000E+00  0.00000E+00   0.00000E+00  0.00000E+00   0.00000E+00  0.00000E+00   0.00000E+00  0.00000E+00   0.00000E+00  0.00000E+00   0.00000E+00  0.00000E+00   0.00000E+00  0.00000E+00   0.00000E+00  0.00000E+00   0.00000E+00  0.00000E+00   0.00000E+00  0.00000E+00   0.00000E+00  0.00000E+00   0.00000E+00  0.00000E+00   0.00000E+00  0.00000E+00   0.00000E+00  0.00000E+00   0.00000E+00  0.00000E+00   0.00000E+00  0.00000E+00   0.00000E+00  0.00000E+00   0.00000E+00  1.09141E-16   7.13348E+01  5.07383E-03   7.13348E+01  1.01231E-02   7.14488E+01  1.51244E-02   7.16428E+01  2.00535E-02   7.19101E+01  2.48890E-02   7.22577E+01  2.96087E-02   7.26781E+01  3.41937E-02   7.31772E+01  3.86251E-02   7.37510E+01  4.28874E-02   7.43993E+01  4.69656E-02   7.51249E+01  5.08479E-02   7.59207E+01  5.45242E-02   7.67957E+01  5.79853E-02   7.77371E+01  6.12282E-02   7.87582E+01  6.42434E-02   7.98436E+01  6.70366E-02   8.10061E+01  6.95980E-02   8.22343E+01  7.19393E-02   8.35336E+01  7.40538E-02   8.49026E+01  7.59527E-02   8.63363E+01  7.76396E-02   8.78410E+01  7.91169E-02   8.94093E+01  8.04025E-02   9.10429E+01  8.14896E-02   9.27434E+01  8.24023E-02   9.45012E+01  8.31372E-02   9.63247E+01  8.37093E-02   9.82070E+01  8.41287E-02   1.00144E+02  8.43989E-02   1.02149E+02  8.45376E-02   1.04203E+02  8.45461E-02   1.06318E+02  8.44413E-02   1.08492E+02  8.42256E-02   1.10709E+02  8.39121E-02   1.12986E+02  8.35117E-02   1.15313E+02  8.30234E-02   1.17686E+02  8.24623E-02   1.20112E+02  8.18341E-02   1.22585E+02  8.11419E-02   1.25105E+02  8.03953E-02   1.27675E+02  7.96018E-02   1.30287E+02  7.87688E-02   1.32941E+02 
 0.00000E+00   0.00000E+00  0.00000E+00   0.00000E+00  0.00000E+00   0.00000E+00  0.00000E+00   0.00000E+00  0.00000E+00   0.00000E+00  0.00000E+00   0.00000E+00  0.00000E+00   0.00000E+00  0.00000E+00   0.00000E+00  0.00000E+00   0.00000E+00  0.00000E+00   0.00000E+00  0.00000E+00   0.00000E+00  0.00000E+00   0.00000E+00  0.00000E+00   0.00000E+00  0.00000E+00   0.00000E+00  0.00000E+00   0.00000E+00  0.00000E+00   0.00000E+00  0.00000E+00   0.00000E+00  0.00000E+00   0.00000E+00  0.00000E+00   0.00000E+00  0.00000E+00   0.00000E+00  0.00000E+00   0.00000E+00  0.00000E+00   0.00000E+00  0.00000E+00   0.00000E+00  0.00000E+00   0.00000E+00  0.00000E+00   0.00000E+00  0.00000E+00   0.00000E+00  0.00000E+00   0.00000E+00  0.00000E+00   0.00000E+00  0.00000E+00   0.00000E+00  0.00000E+00   0.00000E+00  0.00000E+00   0.00000E+00  0.00000E+00   0.00000E+00  0.00000E+00   0.00000E+00  0.00000E+00   0.00000E+00  0.00000E+00   0.00000E+00  0.00000E+00   0.00000E+00  0.00000E+00   0.00000E+00  0.00000E+00   0.00000E+00  1.07459E-16   6.97475E+01  4.99565E-03   6.97475E+01  9.96656E-03   6.98656E+01  1.48893E-02   7.00565E+01  1.97391E-02   7.03296E+01  2.44953E-02   7.06736E+01  2.91340E-02   7.11009E+01  3.36387E-02   7.15981E+01  3.79874E-02   7.21770E+01  4.21682E-02   7.28272E+01  4.61624E-02   7.35557E+01  4.99620E-02   7.43573E+01  5.35540E-02   7.52329E+01  5.69323E-02   7.61840E+01  6.00907E-02   7.72040E+01  6.30250E-02   7.83016E+01  6.57347E-02   7.94637E+01  6.82181E-02   8.07031E+01  7.04787E-02   8.20062E+01  7.25187E-02   8.33816E+01  7.43420E-02   8.48243E+01  7.59565E-02   8.63315E+01  7.73659E-02   8.79101E+01  7.85799E-02   8.95487E+01  7.96071E-02   9.12558E+01  8.04524E-02   9.30265E+01  8.11321E-02   9.48549E+01  8.16464E-02   9.67506E+01  8.20133E-02   9.86989E+01  8.22375E-02   1.00706E+02  8.23286E-02   1.02775E+02  8.23012E-02   1.04891E+02  8.21575E-02   1.07072E+02  8.19131E-02   1.09307E+02  8.15713E-02   1.11589E+02  8.11418E-02   1.13930E+02  8.06314E-02   1.16315E+02  8.00505E-02   1.18747E+02  7.94044E-02   1.21234E+02  7.86986E-02   1.23764E+02  7.79466E-02   1.26339E+02  7.71464E-02   1.28964E+02  7.63019E-02   1.31630E+02 
 0.00000E+00   0.00000E+00  0.00000E+00   0.00000E+00  0.00000E+00   0.00000E+00  0.00000E+00   0.00000E+00  0.00000E+00   0.00000E+00  0.00000E+00   0.00000E+00  0.00000E+00   0.00000E+00  0.00000E+00   0.00000E+00  0.00000E+00   0.00000E+00  0.00000E+00   0.00000E+00  0.00000E+00   0.00000E+00  0.00000E+00   0.00000E+00  0.00000E+00   0.00000E+00  0.00000E+00   0.00000E+00  0.00000E+00   0.00000E+00  0.00000E+00   0.00000E+00  0.00000E+00   0.00000E+00  0.00000E+00   0.00000E+00  0.00000E+00   0.00000E+00  0.00000E+00   0.00000E+00  0.00000E+00   0.00000E+00  0.00000E+00   0.00000E+00  0.00000E+00   0.00000E+00  0.00000E+00   0.00000E+00  0.00000E+00   0.00000E+00  0.00000E+00   0.00000E+00  0.00000E+00   0.00000E+00  0.00000E+00   0.00000E+00  0.00000E+00   0.00000E+00  0.00000E+00   0.00000E+00  0.00000E+00   0.00000E+00  0.00000E+00   0.00000E+00  0.00000E+00   0.00000E+00  0.00000E+00   0.00000E+00  0.00000E+00   0.00000E+00  0.00000E+00   0.00000E+00  0.00000E+00   0.00000E+00  0.00000E+00   0.00000E+00  1.05440E-16   6.82345E+01  4.90178E-03   6.82345E+01  9.77866E-03   6.83480E+01  1.46074E-02   6.85448E+01  1.93632E-02   6.88134E+01  2.40245E-02   6.91653E+01  2.85696E-02   6.95881E+01  3.29785E-02   7.00935E+01  3.72341E-02   7.06700E+01  4.13189E-02   7.13271E+01  4.52208E-02   7.20562E+01  4.89250E-02   7.28626E+01  5.24258E-02   7.37426E+01  5.57100E-02   7.46960E+01  5.87795E-02   7.57245E+01  6.16216E-02   7.68217E+01  6.42452E-02   7.79957E+01  6.66402E-02   7.92343E+01  6.88176E-02   8.05490E+01  7.07745E-02   8.19273E+01  7.25189E-02   8.33776E+01  7.40578E-02   8.48936E+01  7.53933E-02   8.64757E+01  7.65415E-02   8.81251E+01  7.75009E-02   8.98366E+01  7.82899E-02   9.16133E+01  7.89102E-02   9.34519E+01  7.93752E-02   9.53511E+01  7.96930E-02   9.73111E+01  7.98721E-02   9.93304E+01  7.99237E-02   1.01405E+02  7.98544E-02   1.03538E+02  7.96790E-02   1.05724E+02  7.94001E-02   1.07964E+02  7.90331E-02   1.10259E+02  7.85851E-02   1.12605E+02  7.80562E-02   1.15002E+02  7.74603E-02   1.17446E+02  7.68050E-02   1.19938E+02  7.60895E-02   1.22480E+02  7.53254E-02   1.25069E+02  7.45250E-02   1.27699E+02  7.36860E-02   1.30376E+02 
 0.00000E+00   0.00000E+00  0.00000E+00   0.00000E+00  0.00000E+00   0.00000E+00  0.00000E+00   0.00000E+00  0.00000E+00   0.00000E+00  0.00000E+00   0.00000E+00  0.00000E+00   0.00000E+00  0.00000E+00   0.00000E+00  0.00000E+00   0.00000E+00  0.00000E+00   0.00000E+00  0.00000E+00   0.00000E+00  0.00000E+00   0.00000E+00  0.00000E+00   0.00000E+00  0.00000E+00   0.00000E+00  0.00000E+00   0.00000E+00  0.00000E+00   0.00000E+00  0.00000E+00   0.00000E+00  0.00000E+00   0.00000E+00  0.00000E+00   0.00000E+00  0.00000E+00   0.00000E+00  0.00000E+00   0.00000E+00  0.00000E+00   0.00000E+00  0.00000E+00   0.00000E+00  0.00000E+00   0.00000E+00  0.00000E+00   0.00000E+00  0.00000E+00   0.00000E+00  0.00000E+00   0.00000E+00  0.00000E+00   0.00000E+00  0.00000E+00   0.00000E+00  0.00000E+00   0.00000E+00  0.00000E+00   0.00000E+00  0.00000E+00   0.00000E+00  0.00000E+00   0.00000E+00  0.00000E+00   0.00000E+00  0.00000E+00   0.00000E+00  0.00000E+00   0.00000E+00  0.00000E+00   0.00000E+00  0.00000E+00   0.00000E+00  1.03068E-16   6.67869E+01  4.79150E-03   6.67869E+01  9.55857E-03   6.69076E+01  1.42768E-02   6.70989E+01  1.89229E-02   6.73753E+01  2.34745E-02   6.77212E+01  2.79100E-02   6.81531E+01  3.22104E-02   6.86532E+01  3.63571E-02   6.92388E+01  4.03349E-02   6.98924E+01  4.41296E-02   7.06296E+01  4.77292E-02   7.14357E+01  5.11255E-02   7.23218E+01  5.43092E-02   7.32788E+01  5.72773E-02   7.43104E+01  6.00249E-02   7.54165E+01  6.25517E-02   7.65900E+01  6.48588E-02   7.78411E+01  6.69456E-02   7.91548E+01  6.88215E-02   8.05444E+01  7.04827E-02   8.19977E+01  7.19461E-02   8.35199E+01  7.32083E-02   8.51108E+01  7.42846E-02   8.67639E+01  7.51821E-02   8.84860E+01  7.59043E-02   9.02710E+01  7.64725E-02   9.21152E+01  7.68813E-02   9.40270E+01  7.71536E-02   9.59906E+01  7.72910E-02   9.80152E+01  7.73041E-02   1.00102E+02  7.72058E-02   1.02235E+02  7.69992E-02   1.04436E+02  7.66996E-02   1.06688E+02  7.63074E-02   1.08987E+02  7.58392E-02   1.11348E+02  7.52983E-02   1.13753E+02  7.46901E-02   1.16206E+02  7.40271E-02   1.18710E+02  7.33113E-02   1.21258E+02  7.25498E-02   1.23854E+02  7.17461E-02   1.26498E+02  7.09080E-02   1.29183E+02 
 0.00000E+00   0.00000E+00  0.00000E+00   0.00000E+00  0.00000E+00   0.00000E+00  0.00000E+00   0.00000E+00  0.00000E+00   0.00000E+00  0.00000E+00   0.00000E+00  0.00000E+00   0.00000E+00  0.00000E+00   0.00000E+00  0.00000E+00   0.00000E+00  0.00000E+00   0.00000E+00  0.00000E+00   0.00000E+00  0.00000E+00   0.00000E+00  0.00000E+00   0.00000E+00  0.00000E+00   0.00000E+00  0.00000E+00   0.00000E+00  0.00000E+00   0.00000E+00  0.00000E+00   0.00000E+00  0.00000E+00   0.00000E+00  0.00000E+00   0.00000E+00  0.00000E+00   0.00000E+00  0.00000E+00   0.00000E+00  0.00000E+00   0.00000E+00  0.00000E+00   0.00000E+00  0.00000E+00   0.00000E+00  0.00000E+00   0.00000E+00  0.00000E+00   0.00000E+00  0.00000E+00   0.00000E+00  0.00000E+00   0.00000E+00  0.00000E+00   0.00000E+00  0.00000E+00   0.00000E+00  0.00000E+00   0.00000E+00  0.00000E+00   0.00000E+00  0.00000E+00   0.00000E+00  0.00000E+00   0.00000E+00  0.00000E+00   0.00000E+00  0.00000E+00   0.00000E+00  0.00000E+00   0.00000E+00  0.00000E+00   0.00000E+00  1.00336E-16   6.54187E+01  4.66449E-03   6.54187E+01  9.30431E-03   6.55338E+01  1.38963E-02   6.57316E+01  1.84161E-02   6.60031E+01  2.28423E-02   6.63571E+01  2.71537E-02   6.67836E+01  3.13302E-02   6.72931E+01  3.53558E-02   6.78734E+01  3.92123E-02   6.85371E+01  4.28898E-02   6.92698E+01  4.63720E-02   7.00855E+01  4.96559E-02   7.09693E+01  5.27269E-02   7.19341E+01  5.55886E-02   7.29680E+01  5.82295E-02   7.40774E+01  6.06564E-02   7.52599E+01  6.28644E-02   7.65100E+01  6.48592E-02   7.78373E+01  6.66443E-02   7.92254E+01  6.82235E-02   8.06910E+01  6.96056E-02   8.22166E+01  7.07957E-02   8.38129E+01  7.18029E-02   8.54752E+01  7.26362E-02   8.71979E+01  7.33034E-02   8.89921E+01  7.38138E-02   9.08436E+01  7.41793E-02   9.27595E+01  7.44035E-02   9.47396E+01  7.45027E-02   9.67709E+01  7.44804E-02   9.88652E+01  7.43482E-02   1.01014E+02  7.41177E-02   1.03211E+02  7.37932E-02   1.05474E+02  7.33885E-02   1.07785E+02  7.29081E-02   1.10147E+02  7.23575E-02   1.12567E+02  7.17453E-02   1.15028E+02  7.10794E-02   1.17537E+02  7.03617E-02   1.20100E+02  6.96018E-02   1.22705E+02  6.88108E-02   1.25353E+02  6.79840E-02   1.28050E+02 
 0.00000E+00   0.00000E+00  0.00000E+00   0.00000E+00  0.00000E+00   0.00000E+00  0.00000E+00   0.00000E+00  0.00000E+00   0.00000E+00  0.00000E+00   0.00000E+00  0.00000E+00   0.00000E+00  0.00000E+00   0.00000E+00  0.00000E+00   0.00000E+00  0.00000E+00   0.00000E+00  0.00000E+00   0.00000E+00  0.00000E+00   0.00000E+00  0.00000E+00   0.00000E+00  0.00000E+00   0.00000E+00  0.00000E+00   0.00000E+00  0.00000E+00   0.00000E+00  0.00000E+00   0.00000E+00  0.00000E+00   0.00000E+00  0.00000E+00   0.00000E+00  0.00000E+00   0.00000E+00  0.00000E+00   0.00000E+00  0.00000E+00   0.00000E+00  0.00000E+00   0.00000E+00  0.00000E+00   0.00000E+00  0.00000E+00   0.00000E+00  0.00000E+00   0.00000E+00  0.00000E+00   0.00000E+00  0.00000E+00   0.00000E+00  0.00000E+00   0.00000E+00  0.00000E+00   0.00000E+00  0.00000E+00   0.00000E+00  0.00000E+00   0.00000E+00  0.00000E+00   0.00000E+00  0.00000E+00   0.00000E+00  0.00000E+00   0.00000E+00  0.00000E+00   0.00000E+00  0.00000E+00   0.00000E+00  0.00000E+00   0.00000E+00  9.72165E-17   6.41179E+01  4.51947E-03   6.41179E+01  9.01525E-03   6.42381E+01  1.34626E-02   6.44322E+01  1.78401E-02   6.47091E+01  2.21237E-02   6.50593E+01  2.62954E-02   6.54930E+01  3.03328E-02   6.59981E+01  3.42224E-02   6.65872E+01  3.79449E-02   6.72461E+01  4.14912E-02   6.79891E+01  4.48461E-02   6.88002E+01  4.80047E-02   6.96948E+01  5.09573E-02   7.06568E+01  5.37007E-02   7.16993E+01  5.62331E-02   7.28108E+01  5.85506E-02   7.39971E+01  6.06602E-02   7.52555E+01  6.25558E-02   7.65820E+01  6.42525E-02   7.79829E+01  6.57433E-02   7.94468E+01  6.70464E-02   8.09847E+01  6.81599E-02   8.25845E+01  6.90966E-02   8.42537E+01  6.98665E-02   8.59869E+01  7.04718E-02   8.77838E+01  7.09331E-02   8.96441E+01  7.12472E-02   9.15663E+01  7.14347E-02   9.35474E+01  7.14973E-02   9.55891E+01  7.14464E-02   9.76902E+01  7.12916E-02   9.98442E+01  7.10382E-02   1.02060E+02  7.06998E-02   1.04325E+02  7.02771E-02   1.06643E+02  6.97882E-02   1.09019E+02  6.92347E-02   1.11441E+02  6.86202E-02   1.13915E+02  6.79585E-02   1.16435E+02  6.72514E-02   1.18999E+02  6.65001E-02   1.21615E+02  6.57140E-02   1.24276E+02  6.49020E-02   1.26978E+02 
 0.00000E+00   0.00000E+00  0.00000E+00   0.00000E+00  0.00000E+00   0.00000E+00  0.00000E+00   0.00000E+00  0.00000E+00   0.00000E+00  0.00000E+00   0.00000E+00  0.00000E+00   0.00000E+00  0.00000E+00   0.00000E+00  0.00000E+00   0.00000E+00  0.00000E+00   0.00000E+00  0.00000E+00   0.00000E+00  0.00000E+00   0.00000E+00  0.00000E+00   0.00000E+00  0.00000E+00   0.00000E+00  0.00000E+00   0.00000E+00  0.00000E+00   0.00000E+00  0.00000E+00   0.00000E+00  0.00000E+00   0.00000E+00  0.00000E+00   0.00000E+00  0.00000E+00   0.00000E+00  0.00000E+00   0.00000E+00  0.00000E+00   0.00000E+00  0.00000E+00   0.00000E+00  0.00000E+00   0.00000E+00  0.00000E+00   0.00000E+00  0.00000E+00   0.00000E+00  0.00000E+00   0.00000E+00  0.00000E+00   0.00000E+00  0.00000E+00   0.00000E+00  0.00000E+00   0.00000E+00  0.00000E+00   0.00000E+00  0.00000E+00   0.00000E+00  0.00000E+00   0.00000E+00  0.00000E+00   0.00000E+00  0.00000E+00   0.00000E+00  0.00000E+00   0.00000E+00  0.00000E+00   0.00000E+00  0.00000E+00   0.00000E+00  9.37216E-17   6.28957E+01  4.35700E-03   6.28957E+01  8.69022E-03   6.30137E+01  1.29768E-02   6.32108E+01  1.71936E-02   6.34862E+01  2.13196E-02   6.38409E+01  2.53344E-02   6.42719E+01  2.92188E-02   6.47837E+01  3.29574E-02   6.53690E+01  3.65330E-02   6.60368E+01  3.99357E-02   6.67747E+01  4.31514E-02   6.75968E+01  4.61752E-02   6.84856E+01  4.89972E-02   6.94591E+01  5.16166E-02   7.04981E+01  5.40282E-02   7.16185E+01  5.62334E-02   7.28070E+01  5.82335E-02   7.40692E+01  6.00299E-02   7.54049E+01  6.16293E-02   7.68046E+01  6.30352E-02   7.82818E+01  6.42541E-02   7.98175E+01  6.52964E-02   8.14273E+01  6.61635E-02   8.31003E+01  6.68729E-02   8.48362E+01  6.74246E-02   8.66439E+01  6.78326E-02   8.85082E+01  6.81079E-02   9.04389E+01  6.82511E-02   9.24339E+01  6.82836E-02   9.44779E+01  6.82031E-02   9.65886E+01  6.80249E-02   9.87512E+01  6.77570E-02   1.00963E+02  6.74051E-02   1.03244E+02  6.69808E-02   1.05569E+02  6.64865E-02   1.07947E+02  6.59340E-02   1.10385E+02  6.53254E-02   1.12862E+02  6.46687E-02   1.15390E+02  6.39699E-02   1.17969E+02  6.32356E-02   1.20588E+02  6.24722E-02   1.23254E+02  6.16772E-02   1.25968E+02 
 0.00000E+00   0.00000E+00  0.00000E+00   0.00000E+00  0.00000E+00   0.00000E+00  0.00000E+00   0.00000E+00  0.00000E+00   0.00000E+00  0.00000E+00   0.00000E+00  0.00000E+00   0.00000E+00  0.00000E+00   0.00000E+00  0.00000E+00   0.00000E+00  0.00000E+00   0.00000E+00  0.00000E+00   0.00000E+00  0.00000E+00   0.00000E+00  0.00000E+00   0.00000E+00  0.00000E+00   0.00000E+00  0.00000E+00   0.00000E+00  0.00000E+00   0.00000E+00  0.00000E+00   0.00000E+00  0.00000E+00   0.00000E+00  0.00000E+00   0.00000E+00  0.00000E+00   0.00000E+00  0.00000E+00   0.00000E+00  0.00000E+00   0.00000E+00  0.00000E+00   0.00000E+00  0.00000E+00   0.00000E+00  0.00000E+00   0.00000E+00  0.00000E+00   0.00000E+00  0.00000E+00   0.00000E+00  0.00000E+00   0.00000E+00  0.00000E+00   0.00000E+00  0.00000E+00   0.00000E+00  0.00000E+00   0.00000E+00  0.00000E+00   0.00000E+00  0.00000E+00   0.00000E+00  0.00000E+00   0.00000E+00  0.00000E+00   0.00000E+00  0.00000E+00   0.00000E+00  0.00000E+00   0.00000E+00  0.00000E+00   0.00000E+00  8.98206E-17   6.17468E+01  4.17565E-03   6.17468E+01  8.32880E-03   6.18640E+01  1.24352E-02   6.20628E+01  1.64753E-02   6.23386E+01  2.04247E-02   6.26939E+01  2.42681E-02   6.31281E+01  2.79823E-02   6.36389E+01  3.15565E-02   6.42298E+01  3.49706E-02   6.48951E+01  3.82177E-02   6.56414E+01  4.12828E-02   6.64586E+01  4.41617E-02   6.73591E+01  4.68460E-02   6.83262E+01  4.93317E-02   6.93777E+01  5.16203E-02   7.04936E+01  5.37045E-02   7.16918E+01  5.55959E-02   7.29554E+01  5.72853E-02   7.42946E+01  5.87897E-02   7.57043E+01  6.01033E-02   7.71790E+01  6.12405E-02   7.87306E+01  6.22050E-02   8.03385E+01  6.30043E-02   8.20227E+01  6.36505E-02   8.37648E+01  6.41477E-02   8.55727E+01  6.45099E-02   8.74472E+01  6.47419E-02   8.93780E+01  6.48565E-02   9.13763E+01  6.48582E-02   9.34332E+01  6.47595E-02   9.55466E+01  6.45646E-02   9.77207E+01  6.42831E-02   9.99473E+01  6.39251E-02   1.02225E+02  6.34929E-02   1.04562E+02  6.30030E-02   1.06949E+02  6.24561E-02   1.09388E+02  6.18571E-02   1.11880E+02  6.12165E-02   1.14413E+02  6.05366E-02   1.16994E+02  5.98177E-02   1.19628E+02  5.90708E-02   1.22302E+02  5.83043E-02   1.25019E+02 
 0.00000E+00   0.00000E+00  0.00000E+00   0.00000E+00  0.00000E+00   0.00000E+00  0.00000E+00   0.00000E+00  0.00000E+00   0.00000E+00  0.00000E+00   0.00000E+00  0.00000E+00   0.00000E+00  0.00000E+00   0.00000E+00  0.00000E+00   0.00000E+00  0.00000E+00   0.00000E+00  0.00000E+00   0.00000E+00  0.00000E+00   0.00000E+00  0.00000E+00   0.00000E+00  0.00000E+00   0.00000E+00  0.00000E+00   0.00000E+00  0.00000E+00   0.00000E+00  0.00000E+00   0.00000E+00  0.00000E+00   0.00000E+00  0.00000E+00   0.00000E+00  0.00000E+00   0.00000E+00  0.00000E+00   0.00000E+00  0.00000E+00   0.00000E+00  0.00000E+00   0.00000E+00  0.00000E+00   0.00000E+00  0.00000E+00   0.00000E+00  0.00000E+00   0.00000E+00  0.00000E+00   0.00000E+00  0.00000E+00   0.00000E+00  0.00000E+00   0.00000E+00  0.00000E+00   0.00000E+00  0.00000E+00   0.00000E+00  0.00000E+00   0.00000E+00  0.00000E+00   0.00000E+00  0.00000E+00   0.00000E+00  0.00000E+00   0.00000E+00  0.00000E+00   0.00000E+00  0.00000E+00   0.00000E+00  0.00000E+00   0.00000E+00  8.55358E-17   6.06713E+01  3.97646E-03   6.06713E+01  7.93043E-03   6.07940E+01  1.18403E-02   6.09892E+01  1.56845E-02   6.12687E+01  1.94428E-02   6.16237E+01  2.30963E-02   6.20591E+01  2.66272E-02   6.25725E+01  3.00203E-02   6.31633E+01  3.32614E-02   6.38333E+01  3.63385E-02   6.45776E+01  3.92428E-02   6.54032E+01  4.19648E-02   6.62986E+01  4.45015E-02   6.72777E+01  4.68463E-02   6.83226E+01  4.90009E-02   6.94514E+01  5.09618E-02   7.06451E+01  5.27342E-02   7.19183E+01  5.43186E-02   7.32594E+01  5.57203E-02   7.46713E+01  5.69467E-02   7.61563E+01  5.79986E-02   7.77034E+01  5.88923E-02   7.93249E+01  5.96233E-02   8.10073E+01  6.02130E-02   8.27577E+01  6.06584E-02   8.45746E+01  6.09742E-02   8.64521E+01  6.11710E-02   8.83947E+01  6.12487E-02   9.04000E+01  6.12291E-02   9.24579E+01  6.11078E-02   9.45813E+01  6.09020E-02   9.67575E+01  6.06152E-02   9.89854E+01  6.02551E-02   1.01281E+02  5.98310E-02   1.03618E+02  5.93439E-02   1.06011E+02  5.88094E-02   1.08462E+02  5.82254E-02   1.10954E+02  5.75993E-02   1.13500E+02  5.69406E-02   1.16091E+02  5.62516E-02   1.18724E+02  5.55357E-02   1.21407E+02  5.47935E-02   1.24136E+02 
 0.00000E+00   0.00000E+00  0.00000E+00   0.00000E+00  0.00000E+00   0.00000E+00  0.00000E+00   0.00000E+00  0.00000E+00   0.00000E+00  0.00000E+00   0.00000E+00  0.00000E+00   0.00000E+00  0.00000E+00   0.00000E+00  0.00000E+00   0.00000E+00  0.00000E+00   0.00000E+00  0.00000E+00   0.00000E+00  0.00000E+00   0.00000E+00  0.00000E+00   0.00000E+00  0.00000E+00   0.00000E+00  0.00000E+00   0.00000E+00  0.00000E+00   0.00000E+00  0.00000E+00   0.00000E+00  0.00000E+00   0.00000E+00  0.00000E+00   0.00000E+00  0.00000E+00   0.00000E+00  0.00000E+00   0.00000E+00  0.00000E+00   0.00000E+00  0.00000E+00   0.00000E+00  0.00000E+00   0.00000E+00  0.00000E+00   0.00000E+00  0.00000E+00   0.00000E+00  0.00000E+00   0.00000E+00  0.00000E+00   0.00000E+00  0.00000E+00   0.00000E+00  0.00000E+00   0.00000E+00  0.00000E+00   0.00000E+00  0.00000E+00   0.00000E+00  0.00000E+00   0.00000E+00  0.00000E+00   0.00000E+00  0.00000E+00   0.00000E+00  0.00000E+00   0.00000E+00  0.00000E+00   0.00000E+00  0.00000E+00   0.00000E+00  8.08415E-17   5.96786E+01  3.75822E-03   5.96786E+01  7.49558E-03   5.97929E+01  1.11893E-02   5.99958E+01  1.48217E-02   6.02708E+01  1.83697E-02   6.06305E+01  2.18193E-02   6.10650E+01  2.51493E-02   6.15812E+01  2.83494E-02   6.21731E+01  3.14017E-02   6.28446E+01  3.42996E-02   6.35930E+01  3.70297E-02   6.44168E+01  3.95879E-02   6.53211E+01  4.19681E-02   6.62941E+01  4.41648E-02   6.73522E+01  4.61821E-02   6.84729E+01  4.80118E-02   6.96804E+01  4.96657E-02   7.09488E+01  5.11367E-02   7.22990E+01  5.24382E-02   7.37155E+01  5.35690E-02   7.52009E+01  5.45387E-02   7.67625E+01  5.53545E-02   7.83790E+01  5.60215E-02   8.00754E+01  5.65504E-02   8.18253E+01  5.69491E-02   8.36442E+01  5.72237E-02   8.55301E+01  5.73863E-02   8.74699E+01  5.74428E-02   8.94829E+01  5.73994E-02   9.15525E+01  5.72700E-02   9.36770E+01  5.70534E-02   9.58678E+01  5.67636E-02   9.81039E+01  5.64063E-02   1.00393E+02  5.59858E-02   1.02747E+02  5.55153E-02   1.05144E+02  5.49955E-02   1.07597E+02  5.44332E-02   1.10105E+02  5.38343E-02   1.12650E+02  5.32014E-02   1.15247E+02  5.25367E-02   1.17895E+02  5.18504E-02   1.20581E+02  5.11482E-02   1.23312E+02 
 0.00000E+00   0.00000E+00  0.00000E+00   0.00000E+00  0.00000E+00   0.00000E+00  0.00000E+00   0.00000E+00  0.00000E+00   0.00000E+00  0.00000E+00   0.00000E+00  0.00000E+00   0.00000E+00  0.00000E+00   0.00000E+00  0.00000E+00   0.00000E+00  0.00000E+00   0.00000E+00  0.00000E+00   0.00000E+00  0.00000E+00   0.00000E+00  0.00000E+00   0.00000E+00  0.00000E+00   0.00000E+00  0.00000E+00   0.00000E+00  0.00000E+00   0.00000E+00  0.00000E+00   0.00000E+00  0.00000E+00   0.00000E+00  0.00000E+00   0.00000E+00  0.00000E+00   0.00000E+00  0.00000E+00   0.00000E+00  0.00000E+00   0.00000E+00  0.00000E+00   0.00000E+00  0.00000E+00   0.00000E+00  0.00000E+00   0.00000E+00  0.00000E+00   0.00000E+00  0.00000E+00   0.00000E+00  0.00000E+00   0.00000E+00  0.00000E+00   0.00000E+00  0.00000E+00   0.00000E+00  0.00000E+00   0.00000E+00  0.00000E+00   0.00000E+00  0.00000E+00   0.00000E+00  0.00000E+00   0.00000E+00  0.00000E+00   0.00000E+00  0.00000E+00   0.00000E+00  0.00000E+00   0.00000E+00  0.00000E+00   0.00000E+00  7.57681E-17   5.87534E+01  3.52237E-03   5.87534E+01  7.02419E-03   5.88787E+01  1.04858E-02   5.90735E+01  1.38873E-02   5.93561E+01  1.72106E-02   5.97115E+01  2.04382E-02   6.01511E+01  2.35546E-02   6.06654E+01  2.65447E-02   6.12616E+01  2.93981E-02   6.19329E+01  3.21006E-02   6.26837E+01  3.46490E-02   6.35113E+01  3.70297E-02   6.44136E+01  3.92459E-02   6.53962E+01  4.12864E-02   6.64473E+01  4.31579E-02   6.75821E+01  4.48540E-02   6.87805E+01  4.63816E-02   7.00630E+01  4.77418E-02   7.14078E+01  4.89371E-02   7.28316E+01  4.99790E-02   7.43214E+01  5.08631E-02   7.58804E+01  5.16091E-02   7.75114E+01  5.22102E-02   7.92023E+01  5.26864E-02   8.09669E+01  5.30365E-02   8.27898E+01  5.32723E-02   8.46801E+01  5.34043E-02   8.66318E+01  5.34331E-02   8.86444E+01  5.33775E-02   9.07163E+01  5.32338E-02   9.28495E+01  5.30187E-02   9.50381E+01  5.27323E-02   9.72824E+01  5.23840E-02   9.95868E+01  5.19804E-02   1.01935E+02  5.15223E-02   1.04342E+02  5.10259E-02   1.06803E+02  5.04875E-02   1.09310E+02  4.99139E-02   1.11872E+02  4.93152E-02   1.14473E+02  4.86911E-02   1.17119E+02  4.80424E-02   1.19817E+02  4.73739E-02   1.22557E+02 
 0.00000E+00   0.00000E+00  0.00000E+00   0.00000E+00  0.00000E+00   0.00000E+00  0.00000E+00   0.00000E+00  0.00000E+00   0.00000E+00  0.00000E+00   0.00000E+00  0.00000E+00   0.00000E+00  0.00000E+00   0.00000E+00  0.00000E+00   0.00000E+00  0.00000E+00   0.00000E+00  0.00000E+00   0.00000E+00  0.00000E+00   0.00000E+00  0.00000E+00   0.00000E+00  0.00000E+00   0.00000E+00  0.00000E+00   0.00000E+00  0.00000E+00   0.00000E+00  0.00000E+00   0.00000E+00  0.00000E+00   0.00000E+00  0.00000E+00   0.00000E+00  0.00000E+00   0.00000E+00  0.00000E+00   0.00000E+00  0.00000E+00   0.00000E+00  0.00000E+00   0.00000E+00  0.00000E+00   0.00000E+00  0.00000E+00   0.00000E+00  0.00000E+00   0.00000E+00  0.00000E+00   0.00000E+00  0.00000E+00   0.00000E+00  0.00000E+00   0.00000E+00  0.00000E+00   0.00000E+00  0.00000E+00   0.00000E+00  0.00000E+00   0.00000E+00  0.00000E+00   0.00000E+00  0.00000E+00   0.00000E+00  0.00000E+00   0.00000E+00  0.00000E+00   0.00000E+00  0.00000E+00   0.00000E+00  0.00000E+00   0.00000E+00  7.03012E-17   5.79170E+01  3.26822E-03   5.79170E+01  6.51764E-03   5.80315E+01  9.72832E-03   5.82367E+01  1.28837E-02   5.85113E+01  1.59642E-02   5.88745E+01  1.89563E-02   5.93093E+01  2.18423E-02   5.98301E+01  2.46118E-02   6.04230E+01  2.72504E-02   6.10999E+01  2.97509E-02   6.18500E+01  3.21032E-02   6.26798E+01  3.43022E-02   6.35867E+01  3.63441E-02   6.45659E+01  3.82236E-02   6.56282E+01  3.99442E-02   6.67546E+01  4.15009E-02   6.79685E+01  4.29010E-02   6.92418E+01  4.41429E-02   7.06010E+01  4.52341E-02   7.20224E+01  4.61784E-02   7.35179E+01  4.69808E-02   7.50859E+01  4.76504E-02   7.67115E+01  4.81914E-02   7.84171E+01  4.86115E-02   8.01744E+01  4.89216E-02   8.20037E+01  4.91220E-02   8.38981E+01  4.92287E-02   8.58478E+01  4.92429E-02   8.78722E+01  4.91718E-02   8.99521E+01  4.90289E-02   9.20866E+01  4.88101E-02   9.42903E+01  4.85317E-02   9.65350E+01  4.81954E-02   9.88362E+01  4.78070E-02   1.01203E+02  4.73765E-02   1.03608E+02  4.69042E-02   1.06073E+02  4.63989E-02   1.08594E+02  4.58618E-02   1.11151E+02  4.52963E-02   1.13762E+02  4.47063E-02   1.16421E+02  4.41005E-02   1.19117E+02  4.34810E-02   1.21860E+02 
 0.00000E+00   0.00000E+00  0.00000E+00   0.00000E+00  0.00000E+00   0.00000E+00  0.00000E+00   0.00000E+00  0.00000E+00   0.00000E+00  0.00000E+00   0.00000E+00  0.00000E+00   0.00000E+00  0.00000E+00   0.00000E+00  0.00000E+00   0.00000E+00  0.00000E+00   0.00000E+00  0.00000E+00   0.00000E+00  0.00000E+00   0.00000E+00  0.00000E+00   0.00000E+00  0.00000E+00   0.00000E+00  0.00000E+00   0.00000E+00  0.00000E+00   0.00000E+00  0.00000E+00   0.00000E+00  0.00000E+00   0.00000E+00  0.00000E+00   0.00000E+00  0.00000E+00   0.00000E+00  0.00000E+00   0.00000E+00  0.00000E+00   0.00000E+00  0.00000E+00   0.00000E+00  0.00000E+00   0.00000E+00  0.00000E+00   0.00000E+00  0.00000E+00   0.00000E+00  0.00000E+00   0.00000E+00  0.00000E+00   0.00000E+00  0.00000E+00   0.00000E+00  0.00000E+00   0.00000E+00  0.00000E+00   0.00000E+00  0.00000E+00   0.00000E+00  0.00000E+00   0.00000E+00  0.00000E+00   0.00000E+00  0.00000E+00   0.00000E+00  0.00000E+00   0.00000E+00  0.00000E+00   0.00000E+00  0.00000E+00   0.00000E+00  6.44745E-17   5.71490E+01  2.99734E-03   5.71490E+01  5.97680E-03   5.72734E+01  8.92105E-03   5.74692E+01  1.18127E-02   5.77541E+01  1.46365E-02   5.81097E+01  1.73762E-02   5.85531E+01  2.00199E-02   5.90678E+01  2.25525E-02   5.96689E+01  2.49676E-02   6.03409E+01  2.72500E-02   6.10977E+01  2.94006E-02   6.19263E+01  3.14038E-02   6.28351E+01  3.32668E-02   6.38196E+01  3.49761E-02   6.48771E+01  3.65413E-02   6.60157E+01  3.79545E-02   6.72188E+01  3.92230E-02   6.85086E+01  4.03490E-02   6.98560E+01  4.13317E-02   7.12904E+01  4.21859E-02   7.27835E+01  4.29033E-02   7.43535E+01  4.35046E-02   7.59921E+01  4.39826E-02   7.76905E+01  4.43539E-02   7.94676E+01  4.46201E-02   8.12944E+01  4.47890E-02   8.31962E+01  4.48706E-02   8.51545E+01  4.48671E-02   8.71729E+01  4.47919E-02   8.92576E+01  4.46443E-02   9.13983E+01  4.44380E-02   9.35979E+01  4.41711E-02   9.58570E+01  4.38542E-02   9.81678E+01  4.34910E-02   1.00526E+02  4.30828E-02   1.02946E+02  4.26441E-02   1.05413E+02  4.21713E-02   1.07933E+02  4.16710E-02   1.10508E+02  4.11511E-02   1.13117E+02  4.06105E-02   1.15776E+02  4.00486E-02   1.18486E+02  3.94723E-02   1.21235E+02 
 0.00000E+00   0.00000E+00  0.00000E+00   0.00000E+00  0.00000E+00   0.00000E+00  0.00000E+00   0.00000E+00  0.00000E+00   0.00000E+00  0.00000E+00   0.00000E+00  0.00000E+00   0.00000E+00  0.00000E+00   0.00000E+00  0.00000E+00   0.00000E+00  0.00000E+00   0.00000E+00  0.00000E+00   0.00000E+00  0.00000E+00   0.00000E+00  0.00000E+00   0.00000E+00  0.00000E+00   0.00000E+00  0.00000E+00   0.00000E+00  0.00000E+00   0.00000E+00  0.00000E+00   0.00000E+00  0.00000E+00   0.00000E+00  0.00000E+00   0.00000E+00  0.00000E+00   0.00000E+00  0.00000E+00   0.00000E+00  0.00000E+00   0.00000E+00  0.00000E+00   0.00000E+00  0.00000E+00   0.00000E+00  0.00000E+00   0.00000E+00  0.00000E+00   0.00000E+00  0.00000E+00   0.00000E+00  0.00000E+00   0.00000E+00  0.00000E+00   0.00000E+00  0.00000E+00   0.00000E+00  0.00000E+00   0.00000E+00  0.00000E+00   0.00000E+00  0.00000E+00   0.00000E+00  0.00000E+00   0.00000E+00  0.00000E+00   0.00000E+00  0.00000E+00   0.00000E+00  0.00000E+00   0.00000E+00  0.00000E+00   0.00000E+00  5.82922E-17   5.64680E+01  2.70993E-03   5.64680E+01  5.40365E-03   5.65837E+01  8.06496E-03   5.67898E+01  1.06787E-02   5.70650E+01  1.32297E-02   5.74311E+01  1.57049E-02   5.78660E+01  1.80910E-02   5.83907E+01  2.03776E-02   5.89842E+01  2.25545E-02   5.96660E+01  2.46137E-02   6.04170E+01  2.65486E-02   6.12524E+01  2.83540E-02   6.21609E+01  3.00269E-02   6.31461E+01  3.15641E-02   6.42108E+01  3.29665E-02   6.53430E+01  3.42333E-02   6.65612E+01  3.53670E-02   6.78391E+01  3.63708E-02   6.92052E+01  3.72470E-02   7.06301E+01  3.80026E-02   7.21345E+01  3.86398E-02   7.37064E+01  3.91668E-02   7.53408E+01  3.95888E-02   7.70528E+01  3.99093E-02   7.88170E+01  4.01415E-02   8.06558E+01  4.02811E-02   8.25562E+01  4.03458E-02   8.45160E+01  4.03334E-02   8.65483E+01  4.02517E-02   8.86363E+01  4.01124E-02   9.07798E+01  3.99103E-02   9.29926E+01  3.96619E-02   9.52456E+01  3.93655E-02   9.75577E+01  3.90286E-02   9.99352E+01  3.86573E-02   1.02346E+02  3.82522E-02   1.04822E+02  3.78225E-02   1.07352E+02  3.73661E-02   1.09920E+02  3.68872E-02   1.12543E+02  3.63905E-02   1.15209E+02  3.58827E-02   1.17915E+02  3.53635E-02   1.20668E+02 
 0.00000E+00   0.00000E+00  0.00000E+00   0.00000E+00  0.00000E+00   0.00000E+00  0.00000E+00   0.00000E+00  0.00000E+00   0.00000E+00  0.00000E+00   0.00000E+00  0.00000E+00   0.00000E+00  0.00000E+00   0.00000E+00  0.00000E+00   0.00000E+00  0.00000E+00   0.00000E+00  0.00000E+00   0.00000E+00  0.00000E+00   0.00000E+00  0.00000E+00   0.00000E+00  0.00000E+00   0.00000E+00  0.00000E+00   0.00000E+00  0.00000E+00   0.00000E+00  0.00000E+00   0.00000E+00  0.00000E+00   0.00000E+00  0.00000E+00   0.00000E+00  0.00000E+00   0.00000E+00  0.00000E+00   0.00000E+00  0.00000E+00   0.00000E+00  0.00000E+00   0.00000E+00  0.00000E+00   0.00000E+00  0.00000E+00   0.00000E+00  0.00000E+00   0.00000E+00  0.00000E+00   0.00000E+00  0.00000E+00   0.00000E+00  0.00000E+00   0.00000E+00  0.00000E+00   0.00000E+00  0.00000E+00   0.00000E+00  0.00000E+00   0.00000E+00  0.00000E+00   0.00000E+00  0.00000E+00   0.00000E+00  0.00000E+00   0.00000E+00  0.00000E+00   0.00000E+00  0.00000E+00   0.00000E+00  0.00000E+00   0.00000E+00  5.17866E-17   5.58590E+01  2.40749E-03   5.58590E+01  4.80026E-03   5.59845E+01  7.16425E-03   5.61808E+01  9.48499E-03   5.64668E+01  1.17503E-02   5.68231E+01  1.39463E-02   5.72694E+01  1.60642E-02   5.77843E+01  1.80904E-02   5.83898E+01  2.00215E-02   5.90617E+01  2.18431E-02   5.98240E+01  2.35584E-02   6.06529E+01  2.51523E-02   6.15673E+01  2.66335E-02   6.25528E+01  2.79885E-02   6.36157E+01  2.92274E-02   6.47568E+01  3.03428E-02   6.59639E+01  3.13406E-02   6.72593E+01  3.22243E-02   6.86086E+01  3.29908E-02   7.00523E+01  3.36554E-02   7.15471E+01  3.42086E-02   7.31271E+01  3.46694E-02   7.47712E+01  3.50315E-02   7.64762E+01  3.53074E-02   7.82637E+01  3.55005E-02   8.00928E+01  3.56156E-02   8.20045E+01  3.56610E-02   8.39670E+01  3.56404E-02   8.59899E+01  3.55618E-02   8.80857E+01  3.54269E-02   9.02316E+01  3.52465E-02   9.24410E+01  3.50171E-02   9.47123E+01  3.47497E-02   9.70274E+01  3.44452E-02   9.93943E+01  3.41056E-02   1.01824E+02  3.37430E-02   1.04296E+02  3.33538E-02   1.06827E+02  3.29450E-02   1.09413E+02  3.25211E-02   1.12029E+02  3.20808E-02   1.14698E+02  3.16231E-02   1.17418E+02  3.11559E-02   1.20174E+02 
 0.00000E+00   0.00000E+00  0.00000E+00   0.00000E+00  0.00000E+00   0.00000E+00  0.00000E+00   0.00000E+00  0.00000E+00   0.00000E+00  0.00000E+00   0.00000E+00  0.00000E+00   0.00000E+00  0.00000E+00   0.00000E+00  0.00000E+00   0.00000E+00  0.00000E+00   0.00000E+00  0.00000E+00   0.00000E+00  0.00000E+00   0.00000E+00  0.00000E+00   0.00000E+00  0.00000E+00   0.00000E+00  0.00000E+00   0.00000E+00  0.00000E+00   0.00000E+00  0.00000E+00   0.00000E+00  0.00000E+00   0.00000E+00  0.00000E+00   0.00000E+00  0.00000E+00   0.00000E+00  0.00000E+00   0.00000E+00  0.00000E+00   0.00000E+00  0.00000E+00   0.00000E+00  0.00000E+00   0.00000E+00  0.00000E+00   0.00000E+00  0.00000E+00   0.00000E+00  0.00000E+00   0.00000E+00  0.00000E+00   0.00000E+00  0.00000E+00   0.00000E+00  0.00000E+00   0.00000E+00  0.00000E+00   0.00000E+00  0.00000E+00   0.00000E+00  0.00000E+00   0.00000E+00  0.00000E+00   0.00000E+00  0.00000E+00   0.00000E+00  0.00000E+00   0.00000E+00  0.00000E+00   0.00000E+00  0.00000E+00   0.00000E+00  4.49820E-17   5.53386E+01  2.09116E-03   5.53386E+01  4.16943E-03   5.54525E+01  6.22248E-03   5.56602E+01  8.23772E-03   5.59362E+01  1.02043E-02   5.63037E+01  1.21104E-02   5.67395E+01  1.39477E-02   5.72674E+01  1.57058E-02   5.78607E+01  1.73789E-02   5.85473E+01  1.89591E-02   5.92981E+01  2.04425E-02   6.01387E+01  2.18245E-02   6.10478E+01  2.31026E-02   6.20383E+01  2.42759E-02   6.31043E+01  2.53426E-02   6.42416E+01  2.63059E-02   6.54626E+01  2.71633E-02   6.67441E+01  2.79224E-02   6.81158E+01  2.85805E-02   6.95422E+01  2.91469E-02   7.10551E+01  2.96214E-02   7.26279E+01  3.00105E-02   7.42710E+01  3.03205E-02   7.59868E+01  3.05503E-02   7.77566E+01  3.07148E-02   7.96040E+01  3.08063E-02   8.15077E+01  3.08418E-02   8.34769E+01  3.08177E-02   8.55147E+01  3.07409E-02   8.76085E+01  3.06209E-02   8.97599E+01  3.04521E-02   9.19791E+01  3.02503E-02   9.42389E+01  3.00110E-02   9.65608E+01  2.97423E-02   9.89454E+01  2.94475E-02   1.01361E+02  2.91266E-02   1.03845E+02  2.87889E-02   1.06382E+02  2.84300E-02   1.08959E+02  2.80546E-02   1.11593E+02  2.76670E-02   1.14264E+02  2.72725E-02   1.16976E+02  2.68687E-02   1.19738E+02 
 0.00000E+00   0.00000E+00  0.00000E+00   0.00000E+00  0.00000E+00   0.00000E+00  0.00000E+00   0.00000E+00  0.00000E+00   0.00000E+00  0.00000E+00   0.00000E+00  0.00000E+00   0.00000E+00  0.00000E+00   0.00000E+00  0.00000E+00   0.00000E+00  0.00000E+00   0.00000E+00  0.00000E+00   0.00000E+00  0.00000E+00   0.00000E+00  0.00000E+00   0.00000E+00  0.00000E+00   0.00000E+00  0.00000E+00   0.00000E+00  0.00000E+00   0.00000E+00  0.00000E+00   0.00000E+00  0.00000E+00   0.00000E+00  0.00000E+00   0.00000E+00  0.00000E+00   0.00000E+00  0.00000E+00   0.00000E+00  0.00000E+00   0.00000E+00  0.00000E+00   0.00000E+00  0.00000E+00   0.00000E+00  0.00000E+00   0.00000E+00  0.00000E+00   0.00000E+00  0.00000E+00   0.00000E+00  0.00000E+00   0.00000E+00  0.00000E+00   0.00000E+00  0.00000E+00   0.00000E+00  0.00000E+00   0.00000E+00  0.00000E+00   0.00000E+00  0.00000E+00   0.00000E+00  0.00000E+00   0.00000E+00  0.00000E+00   0.00000E+00  0.00000E+00   0.00000E+00  0.00000E+00   0.00000E+00  0.00000E+00   0.00000E+00  3.79118E-17   5.48884E+01  1.76248E-03   5.48884E+01  3.51391E-03   5.50162E+01  5.24409E-03   5.52114E+01  6.94186E-03   5.54988E+01  8.59859E-03   5.58556E+01  1.02036E-02   5.63040E+01  1.17509E-02   5.68185E+01  1.32296E-02   5.74283E+01  1.46385E-02   5.80989E+01  1.59652E-02   5.88665E+01  1.72144E-02   5.96941E+01  1.83725E-02   6.06141E+01  1.94485E-02   6.15990E+01  2.04302E-02   6.26666E+01  2.13269E-02   6.38090E+01  2.21325E-02   6.50187E+01  2.28510E-02   6.63190E+01  2.34865E-02   6.76682E+01  2.40347E-02   6.91210E+01  2.45094E-02   7.06150E+01  2.49013E-02   7.22053E+01  2.52262E-02   7.38529E+01  2.54790E-02   7.55633E+01  2.56685E-02   7.73601E+01  2.57983E-02   7.91886E+01  2.58710E-02   8.11090E+01  2.58930E-02   8.30733E+01  2.58683E-02   8.50980E+01  2.58006E-02   8.72041E+01  2.56930E-02   8.93529E+01  2.55533E-02   9.15705E+01  2.53769E-02   9.38530E+01  2.51744E-02   9.61692E+01  2.49443E-02   9.85430E+01  2.46889E-02   1.00981E+02  2.44180E-02   1.03454E+02  2.41279E-02   1.05994E+02  2.38255E-02   1.08590E+02  2.35121E-02   1.11210E+02  2.31865E-02   1.13887E+02  2.28475E-02   1.16616E+02  2.25031E-02   1.19375E+02 
 0.00000E+00   0.00000E+00  0.00000E+00   0.00000E+00  0.00000E+00   0.00000E+00  0.00000E+00   0.00000E+00  0.00000E+00   0.00000E+00  0.00000E+00   0.00000E+00  0.00000E+00   0.00000E+00  0.00000E+00   0.00000E+00  0.00000E+00   0.00000E+00  0.00000E+00   0.00000E+00  0.00000E+00   0.00000E+00  0.00000E+00   0.00000E+00  0.00000E+00   0.00000E+00  0.00000E+00   0.00000E+00  0.00000E+00   0.00000E+00  0.00000E+00   0.00000E+00  0.00000E+00   0.00000E+00  0.00000E+00   0.00000E+00  0.00000E+00   0.00000E+00  0.00000E+00   0.00000E+00  0.00000E+00   0.00000E+00  0.00000E+00   0.00000E+00  0.00000E+00   0.00000E+00  0.00000E+00   0.00000E+00  0.00000E+00   0.00000E+00  0.00000E+00   0.00000E+00  0.00000E+00   0.00000E+00  0.00000E+00   0.00000E+00  0.00000E+00   0.00000E+00  0.00000E+00   0.00000E+00  0.00000E+00   0.00000E+00  0.00000E+00   0.00000E+00  0.00000E+00   0.00000E+00  0.00000E+00   0.00000E+00  0.00000E+00   0.00000E+00  0.00000E+00   0.00000E+00  0.00000E+00   0.00000E+00  0.00000E+00   0.00000E+00  3.06149E-17   5.45296E+01  1.42325E-03   5.45296E+01  2.83748E-03   5.46427E+01  4.23458E-03   5.48525E+01  5.60517E-03   5.51270E+01  6.94279E-03   5.54973E+01  8.23800E-03   5.59322E+01  9.48663E-03   5.64637E+01  1.06798E-02   5.70556E+01  1.18153E-02   5.77474E+01  1.28863E-02   5.84963E+01  1.38910E-02   5.93427E+01  1.48261E-02   6.02501E+01  1.56895E-02   6.12464E+01  1.64819E-02   6.23116E+01  1.71997E-02   6.34532E+01  1.78489E-02   6.46761E+01  1.84229E-02   6.59591E+01  1.89325E-02   6.73364E+01  1.93708E-02   6.87611E+01  1.97481E-02   7.02828E+01  2.00627E-02   7.18534E+01  2.03183E-02   7.35048E+01  2.05224E-02   7.52226E+01  2.06696E-02   7.69958E+01  2.07752E-02   7.88511E+01  2.08291E-02   8.07550E+01  2.08467E-02   8.27326E+01  2.08230E-02   8.47739E+01  2.07637E-02   8.68711E+01  2.06763E-02   8.90291E+01  2.05545E-02   9.12534E+01  2.04127E-02   9.35173E+01  2.02445E-02   9.58481E+01  2.00576E-02   9.82383E+01  1.98532E-02   1.00654E+02  1.96305E-02   1.03146E+02  1.93981E-02   1.05687E+02  1.91505E-02   1.08270E+02  1.88917E-02   1.10914E+02  1.86260E-02   1.13588E+02  1.83569E-02   1.16302E+02  1.80807E-02   1.19071E+02 
 0.00000E+00   0.00000E+00  0.00000E+00   0.00000E+00  0.00000E+00   0.00000E+00  0.00000E+00   0.00000E+00  0.00000E+00   0.00000E+00  0.00000E+00   0.00000E+00  0.00000E+00   0.00000E+00  0.00000E+00   0.00000E+00  0.00000E+00   0.00000E+00  0.00000E+00   0.00000E+00  0.00000E+00   0.00000E+00  0.00000E+00   0.00000E+00  0.00000E+00   0.00000E+00  0.00000E+00   0.00000E+00  0.00000E+00   0.00000E+00  0.00000E+00   0.00000E+00  0.00000E+00   0.00000E+00  0.00000E+00   0.00000E+00  0.00000E+00   0.00000E+00  0.00000E+00   0.00000E+00  0.00000E+00   0.00000E+00  0.00000E+00   0.00000E+00  0.00000E+00   0.00000E+00  0.00000E+00   0.00000E+00  0.00000E+00   0.00000E+00  0.00000E+00   0.00000E+00  0.00000E+00   0.00000E+00  0.00000E+00   0.00000E+00  0.00000E+00   0.00000E+00  0.00000E+00   0.00000E+00  0.00000E+00   0.00000E+00  0.00000E+00   0.00000E+00  0.00000E+00   0.00000E+00  0.00000E+00   0.00000E+00  0.00000E+00   0.00000E+00  0.00000E+00   0.00000E+00  0.00000E+00   0.00000E+00  0.00000E+00   0.00000E+00  2.31286E-17   5.42406E+01  1.07522E-03   5.42406E+01  2.14358E-03   5.43697E+01  3.19887E-03   5.45634E+01  4.23403E-03   5.48553E+01  5.24421E-03   5.52090E+01  6.22200E-03   5.56618E+01  7.16483E-03   5.61737E+01  8.06472E-03   5.67888E+01  8.92256E-03   5.74553E+01  9.72855E-03   5.82302E+01  1.04885E-02   5.90522E+01  1.11907E-02   5.99802E+01  1.18443E-02   6.09598E+01  1.24386E-02   6.20329E+01  1.29818E-02   6.31743E+01  1.34686E-02   6.43836E+01  1.39022E-02   6.56905E+01  1.42855E-02   6.70336E+01  1.46140E-02   6.84997E+01  1.48995E-02   6.99879E+01  1.51324E-02   7.15913E+01  1.53260E-02   7.32408E+01  1.54749E-02   7.49548E+01  1.55852E-02   7.67634E+01  1.56595E-02   7.85842E+01  1.56991E-02   8.05147E+01  1.57075E-02   8.24750E+01  1.56887E-02   8.44975E+01  1.56433E-02   8.66149E+01  1.55741E-02   8.87627E+01  1.54867E-02   9.09884E+01  1.53752E-02   9.32840E+01  1.52493E-02   9.55963E+01  1.51058E-02   9.79732E+01  1.49465E-02   1.00419E+02  1.47790E-02   1.02885E+02  1.45998E-02   1.05436E+02  1.44147E-02   1.08043E+02  1.42233E-02   1.10663E+02  1.40232E-02   1.13346E+02  1.38138E-02   1.16082E+02  1.36024E-02   1.18841E+02 
 0.00000E+00   0.00000E+00  0.00000E+00   0.00000E+00  0.00000E+00   0.00000E+00  0.00000E+00   0.00000E+00  0.00000E+00   0.00000E+00  0.00000E+00   0.00000E+00  0.00000E+00   0.00000E+00  0.00000E+00   0.00000E+00  0.00000E+00   0.00000E+00  0.00000E+00   0.00000E+00  0.00000E+00   0.00000E+00  0.00000E+00   0.00000E+00  0.00000E+00   0.00000E+00  0.00000E+00   0.00000E+00  0.00000E+00   0.00000E+00  0.00000E+00   0.00000E+00  0.00000E+00   0.00000E+00  0.00000E+00   0.00000E+00  0.00000E+00   0.00000E+00  0.00000E+00   0.00000E+00  0.00000E+00   0.00000E+00  0.00000E+00   0.00000E+00  0.00000E+00   0.00000E+00  0.00000E+00   0.00000E+00  0.00000E+00   0.00000E+00  0.00000E+00   0.00000E+00  0.00000E+00   0.00000E+00  0.00000E+00   0.00000E+00  0.00000E+00   0.00000E+00  0.00000E+00   0.00000E+00  0.00000E+00   0.00000E+00  0.00000E+00   0.00000E+00  0.00000E+00   0.00000E+00  0.00000E+00   0.00000E+00  0.00000E+00   0.00000E+00  0.00000E+00   0.00000E+00  0.00000E+00   0.00000E+00  0.00000E+00   0.00000E+00  1.55015E-17   5.40464E+01  7.20647E-04   5.40464E+01  1.43646E-03   5.41536E+01  2.14404E-03   5.43714E+01  2.83745E-03   5.46376E+01  3.51469E-03   5.50173E+01  4.16955E-03   5.54460E+01  4.80159E-03   5.59853E+01  5.40423E-03   5.65713E+01  5.97863E-03   5.72724E+01  6.51920E-03   5.80129E+01  7.02658E-03   5.88709E+01  7.49845E-03   5.97690E+01  7.93333E-03   6.07755E+01  8.33319E-03   6.18350E+01  8.69317E-03   6.29805E+01  9.02092E-03   6.42056E+01  9.30720E-03   6.54835E+01  9.56410E-03   6.68718E+01  9.78197E-03   6.82856E+01  9.97071E-03   6.98226E+01  1.01274E-02   7.13832E+01  1.02533E-02   7.30456E+01  1.03558E-02   7.47625E+01  1.04264E-02   7.65343E+01  1.04797E-02   7.84007E+01  1.05035E-02   8.02959E+01  1.05113E-02   8.22850E+01  1.04970E-02   8.43265E+01  1.04642E-02   8.64260E+01  1.04190E-02   8.85892E+01  1.03537E-02   9.08207E+01  1.02815E-02   9.30831E+01  1.01942E-02   9.54238E+01  1.00986E-02   9.78210E+01  9.99454E-03   1.00222E+02  9.87981E-03   1.02724E+02  9.76195E-03   1.05268E+02  9.63523E-03   1.07855E+02  9.50243E-03   1.10516E+02  9.36723E-03   1.13183E+02  9.23201E-03   1.15892E+02  9.09209E-03   1.18664E+02 
 0.00000E+00   0.00000E+00  0.00000E+00   0.00000E+00  0.00000E+00   0.00000E+00  0.00000E+00   0.00000E+00  0.00000E+00   0.00000E+00  0.00000E+00   0.00000E+00  0.00000E+00   0.00000E+00  0.00000E+00   0.00000E+00  0.00000E+00   0.00000E+00  0.00000E+00   0.00000E+00  0.00000E+00   0.00000E+00  0.00000E+00   0.00000E+00  0.00000E+00   0.00000E+00  0.00000E+00   0.00000E+00  0.00000E+00   0.00000E+00  0.00000E+00   0.00000E+00  0.00000E+00   0.00000E+00  0.00000E+00   0.00000E+00  0.00000E+00   0.00000E+00  0.00000E+00   0.00000E+00  0.00000E+00   0.00000E+00  0.00000E+00   0.00000E+00  0.00000E+00   0.00000E+00  0.00000E+00   0.00000E+00  0.00000E+00   0.00000E+00  0.00000E+00   0.00000E+00  0.00000E+00   0.00000E+00  0.00000E+00   0.00000E+00  0.00000E+00   0.00000E+00  0.00000E+00   0.00000E+00  0.00000E+00   0.00000E+00  0.00000E+00   0.00000E+00  0.00000E+00   0.00000E+00  0.00000E+00   0.00000E+00  0.00000E+00   0.00000E+00  0.00000E+00   0.00000E+00  0.00000E+00   0.00000E+00  0.00000E+00   0.00000E+00  7.77413E-18   5.39172E+01  3.61410E-04   5.39172E+01  7.20405E-04   5.40669E+01  1.07514E-03   5.42399E+01  1.42274E-03   5.45512E+01  1.76243E-03   5.48882E+01  2.09042E-03   5.53576E+01  2.40756E-03   5.58526E+01  2.70898E-03   5.64895E+01  2.99781E-03   5.71297E+01  3.26704E-03   5.79343E+01  3.52343E-03   5.87231E+01  3.75742E-03   5.96791E+01  3.97804E-03   6.06299E+01  4.17605E-03   6.17165E+01  4.35901E-03   6.28475E+01  4.52177E-03   6.40427E+01  4.66661E-03   6.53735E+01  4.79579E-03   6.66758E+01  4.90399E-03   6.81955E+01  5.00092E-03   6.96428E+01  5.07671E-03   7.12971E+01  5.14189E-03   7.29447E+01  5.19042E-03   7.46598E+01  5.22625E-03   7.65118E+01  5.25032E-03   7.82792E+01  5.26227E-03   8.02447E+01  5.26368E-03   8.21684E+01  5.25706E-03   8.41670E+01  5.24116E-03   8.63174E+01  5.21739E-03   8.84472E+01  5.18966E-03   9.06925E+01  5.15068E-03   9.30310E+01  5.10889E-03   9.53115E+01  5.05939E-03   9.76810E+01  5.00359E-03   1.00143E+02  4.94715E-03   1.02568E+02  4.88600E-03   1.05144E+02  4.82518E-03   1.07793E+02  4.76255E-03   1.10385E+02  4.69517E-03   1.13079E+02  4.62205E-03   1.15833E+02  4.55007E-03   1.18570E+02 
 0.00000E+00   0.00000E+00  0.00000E+00   0.00000E+00  0.00000E+00   0.00000E+00  0.00000E+00   0.00000E+00  0.00000E+00   0.00000E+00  0.00000E+00   0.00000E+00  0.00000E+00   0.00000E+00  0.00000E+00   0.00000E+00  0.00000E+00   0.00000E+00  0.00000E+00   0.00000E+00  0.00000E+00   0.00000E+00  0.00000E+00   0.00000E+00  0.00000E+00   0.00000E+00  0.00000E+00   0.00000E+00  0.00000E+00   0.00000E+00  0.00000E+00   0.00000E+00  0.00000E+00   0.00000E+00  0.00000E+00   0.00000E+00  0.00000E+00   0.00000E+00  0.00000E+00   0.00000E+00  0.00000E+00   0.00000E+00  0.00000E+00   0.00000E+00  0.00000E+00   0.00000E+00  0.00000E+00   0.00000E+00  0.00000E+00   0.00000E+00  0.00000E+00   0.00000E+00  0.00000E+00   0.00000E+00  0.00000E+00   0.00000E+00  0.00000E+00   0.00000E+00  0.00000E+00   0.00000E+00  0.00000E+00   0.00000E+00  0.00000E+00   0.00000E+00  0.00000E+00   0.00000E+00  0.00000E+00   0.00000E+00  0.00000E+00   0.00000E+00  0.00000E+00   0.00000E+00  0.00000E+00   0.00000E+00  0.00000E+00   0.00000E+00  4.22399E-21   1.21220E+02  1.96368E-07   1.21220E+02  2.24400E-07   2.88646E+02  5.07559E-07   1.12366E+02  3.22425E-07   2.72573E+02  7.90877E-07   1.10651E+02  3.71160E-07   2.57165E+02  1.28754E-06   1.15034E+02  4.29847E-07   2.78330E+02  1.87495E-06   1.23163E+02  5.00659E-07   3.50254E+02  2.03698E-06   1.32597E+02  9.39171E-07   3.95493E+01  1.57235E-06   1.41875E+02  1.66991E-06   6.22952E+01  6.33267E-07   2.12097E+02  2.19520E-06   8.65873E+01  2.03201E-06   2.91315E+02  2.09183E-06   1.27169E+02  3.13937E-06   3.03720E+02  2.47512E-06   1.87687E+02  2.33965E-06   3.07736E+02  3.02467E-06   2.37938E+02  2.64997E-07   9.91062E+01  3.36423E-06   2.95202E+02  2.16232E-06   1.08193E+02  3.08123E-06   3.42339E+02  2.06651E-06   6.90992E+01  1.73638E-06   5.99124E+01  9.35842E-07   3.56504E+02  2.02103E-06   8.62564E+01  2.58422E-06   2.26727E+02  5.54349E-07   8.18439E+01  1.98742E-06   2.11149E+02  3.46109E-06   1.92100E+02  2.78725E-06   3.01205E+01  1.09118E-06   3.32810E+02  1.12175E-06   1.00856E+02  3.86673E-07   3.08982E+01  4.22636E-06   2.28259E+02  2.76654E-06   2.68618E+02  2.22102E-06   4.05199E+01  2.38104E-06   6.19912E+01 
 0.00000E+00   0.00000E+00  0.00000E+00   0.00000E+00  0.00000E+00   0.00000E+00  0.00000E+00   0.00000E+00  0.00000E+00   0.00000E+00  0.00000E+00   0.00000E+00  0.00000E+00   0.00000E+00  0.00000E+00   0.00000E+00  0.00000E+00   0.00000E+00  0.00000E+00   0.00000E+00  0.00000E+00   0.00000E+00  0.00000E+00   0.00000E+00  0.00000E+00   0.00000E+00  0.00000E+00   0.00000E+00  0.00000E+00   0.00000E+00  0.00000E+00   0.00000E+00  0.00000E+00   0.00000E+00  0.00000E+00   0.00000E+00  0.00000E+00   0.00000E+00  0.00000E+00   0.00000E+00  0.00000E+00   0.00000E+00  0.00000E+00   0.00000E+00  0.00000E+00   0.00000E+00  0.00000E+00   0.00000E+00  0.00000E+00   0.00000E+00  0.00000E+00   0.00000E+00  0.00000E+00   0.00000E+00  0.00000E+00   0.00000E+00  0.00000E+00   0.00000E+00  0.00000E+00   0.00000E+00  0.00000E+00   0.00000E+00  0.00000E+00   0.00000E+00  0.00000E+00   0.00000E+00  0.00000E+00   0.00000E+00  0.00000E+00   0.00000E+00  0.00000E+00   0.00000E+00  0.00000E+00   0.00000E+00  0.00000E+00   0.00000E+00  7.77481E-18   2.33919E+02  3.61442E-04   2.33919E+02  7.20877E-04   2.34002E+02  1.07537E-03   2.34236E+02  1.42382E-03   2.34492E+02  1.76282E-03   2.34877E+02  2.09227E-03   2.35297E+02  2.40806E-03   2.35849E+02  2.71189E-03   2.36415E+02  2.99799E-03   2.37143E+02  3.27118E-03   2.37858E+02  3.52302E-03   2.38748E+02  3.76169E-03   2.39626E+02  3.97734E-03   2.40662E+02  4.17877E-03   2.41716E+02  4.35830E-03   2.42877E+02  4.52144E-03   2.44120E+02  4.66646E-03   2.45381E+02  4.79202E-03   2.46812E+02  4.90451E-03   2.48172E+02  4.99564E-03   2.49748E+02  5.07655E-03   2.51253E+02  5.13846E-03   2.52910E+02  5.18910E-03   2.54631E+02  5.22604E-03   2.56351E+02  5.25046E-03   2.58289E+02  5.26423E-03   2.60154E+02  5.26763E-03   2.62190E+02  5.25993E-03   2.64270E+02  5.24392E-03   2.66323E+02  5.21979E-03   2.68515E+02  5.18541E-03   2.70706E+02  5.14906E-03   2.72924E+02  5.10431E-03   2.75303E+02  5.05704E-03   2.77706E+02  5.00694E-03   2.80126E+02  4.94984E-03   2.82677E+02  4.89049E-03   2.85185E+02  4.82459E-03   2.87715E+02  4.75618E-03   2.90395E+02  4.68818E-03   2.93071E+02  4.62271E-03   2.95776E+02  4.55342E-03   2.98584E+02 
 0.00000E+00   0.00000E+00  0.00000E+00   0.00000E+00  0.00000E+00   0.00000E+00  0.00000E+00   0.00000E+00  0.00000E+00   0.00000E+00  0.00000E+00   0.00000E+00  0.00000E+00   0.00000E+00  0.00000E+00   0.00000E+00  0.00000E+00   0.00000E+00  0.00000E+00   0.00000E+00  0.00000E+00   0.00000E+00  0.00000E+00   0.00000E+00  0.00000E+00   0.00000E+00  0.00000E+00   0.00000E+00  0.00000E+00   0.00000E+00  0.00000E+00   0.00000E+00  0.00000E+00   0.00000E+00  0.00000E+00   0.00000E+00  0.00000E+00   0.00000E+00  0.00000E+00   0.00000E+00  0.00000E+00   0.00000E+00  0.00000E+00   0.00000E+00  0.00000E+00   0.00000E+00  0.00000E+00   0.00000E+00  0.00000E+00   0.00000E+00  0.00000E+00   0.00000E+00  0.00000E+00   0.00000E+00  0.00000E+00   0.00000E+00  0.00000E+00   0.00000E+00  0.00000E+00   0.00000E+00  0.00000E+00   0.00000E+00  0.00000E+00   0.00000E+00  0.00000E+00   0.00000E+00  0.00000E+00   0.00000E+00  0.00000E+00   0.00000E+00  0.00000E+00   0.00000E+00  0.00000E+00   0.00000E+00  0.00000E+00   0.00000E+00  1.54992E-17   2.34026E+02  7.20537E-04   2.34026E+02  1.43676E-03   2.34166E+02  2.14358E-03   2.34349E+02  2.83796E-03   2.34646E+02  3.51387E-03   2.34995E+02  4.17021E-03   2.35451E+02  4.80027E-03   2.35958E+02  5.40474E-03   2.36579E+02  5.97723E-03   2.37239E+02  6.51870E-03   2.38022E+02  7.02543E-03   2.38841E+02  7.49659E-03   2.39774E+02  7.93274E-03   2.40755E+02  8.32988E-03   2.41834E+02  8.69405E-03   2.42978E+02  9.01691E-03   2.44195E+02  9.30985E-03   2.45503E+02  9.56202E-03   2.46849E+02  9.78542E-03   2.48315E+02  9.97303E-03   2.49797E+02  1.01301E-02   2.51402E+02  1.02591E-02   2.53037E+02  1.03556E-02   2.54758E+02  1.04317E-02   2.56559E+02  1.04761E-02   2.58391E+02  1.05045E-02   2.60330E+02  1.05073E-02   2.62294E+02  1.04939E-02   2.64333E+02  1.04640E-02   2.66437E+02  1.04148E-02   2.68590E+02  1.03572E-02   2.70798E+02  1.02805E-02   2.73084E+02  1.01959E-02   2.75405E+02  1.00994E-02   2.77782E+02  9.99273E-03   2.80254E+02  9.88123E-03   2.82733E+02  9.75961E-03   2.85267E+02  9.63474E-03   2.87858E+02  9.50614E-03   2.90472E+02  9.37239E-03   2.93168E+02  9.23112E-03   2.95918E+02  9.08939E-03   2.98691E+02 
 0.00000E+00   0.00000E+00  0.00000E+00   0.00000E+00  0.00000E+00   0.00000E+00  0.00000E+00   0.00000E+00  0.00000E+00   0.00000E+00  0.00000E+00   0.00000E+00  0.00000E+00   0.00000E+00  0.00000E+00   0.00000E+00  0.00000E+00   0.00000E+00  0.00000E+00   0.00000E+00  0.00000E+00   0.00000E+00  0.00000E+00   0.00000E+00  0.00000E+00   0.00000E+00  0.00000E+00   0.00000E+00  0.00000E+00   0.00000E+00  0.00000E+00   0.00000E+00  0.00000E+00   0.00000E+00  0.00000E+00   0.00000E+00  0.00000E+00   0.00000E+00  0.00000E+00   0.00000E+00  0.00000E+00   0.00000E+00  0.00000E+00   0.00000E+00  0.00000E+00   0.00000E+00  0.00000E+00   0.00000E+00  0.00000E+00   0.00000E+00  0.00000E+00   0.00000E+00  0.00000E+00   0.00000E+00  0.00000E+00   0.00000E+00  0.00000E+00   0.00000E+00  0.00000E+00   0.00000E+00  0.00000E+00   0.00000E+00  0.00000E+00   0.00000E+00  0.00000E+00   0.00000E+00  0.00000E+00   0.00000E+00  0.00000E+00   0.00000E+00  0.00000E+00   0.00000E+00  0.00000E+00   0.00000E+00  0.00000E+00   0.00000E+00  2.31291E-17   2.34236E+02  1.07524E-03   2.34236E+02  2.14400E-03   2.34350E+02  3.19907E-03   2.34560E+02  4.23505E-03   2.34835E+02  5.24458E-03   2.35206E+02  6.22384E-03   2.35640E+02  7.16525E-03   2.36173E+02  8.06766E-03   2.36763E+02  8.92248E-03   2.37460E+02  9.73280E-03   2.38205E+02  1.04878E-02   2.39060E+02  1.11952E-02   2.39964E+02  1.18434E-02   2.40970E+02  1.24414E-02   2.42034E+02  1.29811E-02   2.43183E+02  1.34685E-02   2.44411E+02  1.39022E-02   2.45692E+02  1.42818E-02   2.47080E+02  1.46150E-02   2.48491E+02  1.48942E-02   2.50023E+02  1.51326E-02   2.51577E+02  1.53223E-02   2.53228E+02  1.54734E-02   2.54948E+02  1.55847E-02   2.56709E+02  1.56593E-02   2.58588E+02  1.57010E-02   2.60485E+02  1.57112E-02   2.62480E+02  1.56919E-02   2.64533E+02  1.56461E-02   2.66616E+02  1.55767E-02   2.68784E+02  1.54828E-02   2.70992E+02  1.53734E-02   2.73248E+02  1.52449E-02   2.75592E+02  1.51033E-02   2.77984E+02  1.49499E-02   2.80415E+02  1.47818E-02   2.82921E+02  1.46043E-02   2.85449E+02  1.44144E-02   2.88017E+02  1.42173E-02   2.90665E+02  1.40160E-02   2.93346E+02  1.38141E-02   2.96065E+02  1.36059E-02   2.98846E+02 
 0.00000E+00   0.00000E+00  0.00000E+00   0.00000E+00  0.00000E+00   0.00000E+00  0.00000E+00   0.00000E+00  0.00000E+00   0.00000E+00  0.00000E+00   0.00000E+00  0.00000E+00   0.00000E+00  0.00000E+00   0.00000E+00  0.00000E+00   0.00000E+00  0.00000E+00   0.00000E+00  0.00000E+00   0.00000E+00  0.00000E+00   0.00000E+00  0.00000E+00   0.00000E+00  0.00000E+00   0.00000E+00  0.00000E+00   0.00000E+00  0.00000E+00   0.00000E+00  0.00000E+00   0.00000E+00  0.00000E+00   0.00000E+00  0.00000E+00   0.00000E+00  0.00000E+00   0.00000E+00  0.00000E+00   0.00000E+00  0.00000E+00   0.00000E+00  0.00000E+00   0.00000E+00  0.00000E+00   0.00000E+00  0.00000E+00   0.00000E+00  0.00000E+00   0.00000E+00  0.00000E+00   0.00000E+00  0.00000E+00   0.00000E+00  0.00000E+00   0.00000E+00  0.00000E+00   0.00000E+00  0.00000E+00   0.00000E+00  0.00000E+00   0.00000E+00  0.00000E+00   0.00000E+00  0.00000E+00   0.00000E+00  0.00000E+00   0.00000E+00  0.00000E+00   0.00000E+00  0.00000E+00   0.00000E+00  0.00000E+00   0.00000E+00  3.06129E-17   2.34520E+02  1.42316E-03   2.34520E+02  2.83776E-03   2.34646E+02  4.23430E-03   2.34841E+02  5.60564E-03   2.35131E+02  6.94214E-03   2.35485E+02  8.23859E-03   2.35936E+02  9.48557E-03   2.36449E+02  1.06802E-02   2.37061E+02  1.18141E-02   2.37731E+02  1.28856E-02   2.38502E+02  1.38898E-02   2.39330E+02  1.48241E-02   2.40253E+02  1.56885E-02   2.41240E+02  1.64786E-02   2.42311E+02  1.71998E-02   2.43456E+02  1.78450E-02   2.44670E+02  1.84248E-02   2.45971E+02  1.89306E-02   2.47323E+02  1.93741E-02   2.48775E+02  1.97503E-02   2.50269E+02  2.00657E-02   2.51858E+02  2.03239E-02   2.53501E+02  2.05228E-02   2.55216E+02  2.06750E-02   2.57009E+02  2.07720E-02   2.58848E+02  2.08305E-02   2.60772E+02  2.08428E-02   2.62743E+02  2.08198E-02   2.64777E+02  2.07632E-02   2.66876E+02  2.06716E-02   2.69029E+02  2.05575E-02   2.71237E+02  2.04116E-02   2.73518E+02  2.02462E-02   2.75841E+02  2.00589E-02   2.78219E+02  1.98519E-02   2.80671E+02  1.96319E-02   2.83151E+02  1.93954E-02   2.85683E+02  1.91491E-02   2.88270E+02  1.88949E-02   2.90894E+02  1.86316E-02   2.93579E+02  1.83568E-02   2.96316E+02  1.80781E-02   2.99085E+02 
 0.00000E+00   0.00000E+00  0.00000E+00   0.00000E+00  0.00000E+00   0.00000E+00  0.00000E+00   0.00000E+00  0.00000E+00   0.00000E+00  0.00000E+00   0.00000E+00  0.00000E+00   0.00000E+00  0.00000E+00   0.00000E+00  0.00000E+00   0.00000E+00  0.00000E+00   0.00000E+00  0.00000E+00   0.00000E+00  0.00000E+00   0.00000E+00  0.00000E+00   0.00000E+00  0.00000E+00   0.00000E+00  0.00000E+00   0.00000E+00  0.00000E+00   0.00000E+00  0.00000E+00   0.00000E+00  0.00000E+00   0.00000E+00  0.00000E+00   0.00000E+00  0.00000E+00   0.00000E+00  0.00000E+00   0.00000E+00  0.00000E+00   0.00000E+00  0.00000E+00   0.00000E+00  0.00000E+00   0.00000E+00  0.00000E+00   0.00000E+00  0.00000E+00   0.00000E+00  0.00000E+00   0.00000E+00  0.00000E+00   0.00000E+00  0.00000E+00   0.00000E+00  0.00000E+00   0.00000E+00  0.00000E+00   0.00000E+00  0.00000E+00   0.00000E+00  0.00000E+00   0.00000E+00  0.00000E+00   0.00000E+00  0.00000E+00   0.00000E+00  0.00000E+00   0.00000E+00  0.00000E+00   0.00000E+00  0.00000E+00   0.00000E+00  3.79138E-17   2.34885E+02  1.76257E-03   2.34885E+02  3.51430E-03   2.35003E+02  5.24426E-03   2.35209E+02  6.94279E-03   2.35486E+02  8.59884E-03   2.35854E+02  1.02054E-02   2.36289E+02  1.17510E-02   2.36819E+02  1.32326E-02   2.37412E+02  1.46381E-02   2.38102E+02  1.59695E-02   2.38852E+02  1.72134E-02   2.39698E+02  1.83770E-02   2.40606E+02  1.94472E-02   2.41604E+02  2.04333E-02   2.42670E+02  2.13263E-02   2.43813E+02  2.21327E-02   2.45037E+02  2.28517E-02   2.46319E+02  2.34832E-02   2.47697E+02  2.40365E-02   2.49116E+02  2.45041E-02   2.50635E+02  2.49021E-02   2.52199E+02  2.52221E-02   2.53843E+02  2.54775E-02   2.55561E+02  2.56674E-02   2.57328E+02  2.57973E-02   2.59191E+02  2.58729E-02   2.61093E+02  2.58959E-02   2.63075E+02  2.58720E-02   2.65119E+02  2.58033E-02   2.67204E+02  2.56961E-02   2.69364E+02  2.55501E-02   2.71573E+02  2.53749E-02   2.73832E+02  2.51702E-02   2.76165E+02  2.49415E-02   2.78552E+02  2.46923E-02   2.80981E+02  2.44208E-02   2.83473E+02  2.41322E-02   2.86001E+02  2.38258E-02   2.88572E+02  2.35069E-02   2.91211E+02  2.31790E-02   2.93890E+02  2.28469E-02   2.96607E+02  2.25065E-02   2.99378E+02 
 0.00000E+00   0.00000E+00  0.00000E+00   0.00000E+00  0.00000E+00   0.00000E+00  0.00000E+00   0.00000E+00  0.00000E+00   0.00000E+00  0.00000E+00   0.00000E+00  0.00000E+00   0.00000E+00  0.00000E+00   0.00000E+00  0.00000E+00   0.00000E+00  0.00000E+00   0.00000E+00  0.00000E+00   0.00000E+00  0.00000E+00   0.00000E+00  0.00000E+00   0.00000E+00  0.00000E+00   0.00000E+00  0.00000E+00   0.00000E+00  0.00000E+00   0.00000E+00  0.00000E+00   0.00000E+00  0.00000E+00   0.00000E+00  0.00000E+00   0.00000E+00  0.00000E+00   0.00000E+00  0.00000E+00   0.00000E+00  0.00000E+00   0.00000E+00  0.00000E+00   0.00000E+00  0.00000E+00   0.00000E+00  0.00000E+00   0.00000E+00  0.00000E+00   0.00000E+00  0.00000E+00   0.00000E+00  0.00000E+00   0.00000E+00  0.00000E+00   0.00000E+00  0.00000E+00   0.00000E+00  0.00000E+00   0.00000E+00  0.00000E+00   0.00000E+00  0.00000E+00   0.00000E+00  0.00000E+00   0.00000E+00  0.00000E+00   0.00000E+00  0.00000E+00   0.00000E+00  0.00000E+00   0.00000E+00  0.00000E+00   0.00000E+00  4.49816E-17   2.35330E+02  2.09114E-03   2.35330E+02  4.16967E-03   2.35456E+02  6.22245E-03   2.35651E+02  8.23812E-03   2.35939E+02  1.02041E-02   2.36294E+02  1.21108E-02   2.36743E+02  1.39471E-02   2.37257E+02  1.57059E-02   2.37865E+02  1.73780E-02   2.38537E+02  1.89582E-02   2.39303E+02  2.04412E-02   2.40132E+02  2.18224E-02   2.41050E+02  2.31009E-02   2.42038E+02  2.42728E-02   2.43104E+02  2.53415E-02   2.44248E+02  2.63025E-02   2.45457E+02  2.71640E-02   2.46755E+02  2.79208E-02   2.48106E+02  2.85831E-02   2.49549E+02  2.91489E-02   2.51045E+02  2.96247E-02   2.52624E+02  3.00156E-02   2.54269E+02  3.03217E-02   2.55978E+02  3.05559E-02   2.57766E+02  3.07124E-02   2.59605E+02  3.08084E-02   2.61519E+02  3.08383E-02   2.63490E+02  3.08144E-02   2.65517E+02  3.07401E-02   2.67610E+02  3.06153E-02   2.69761E+02  3.04541E-02   2.71964E+02  3.02491E-02   2.74238E+02  3.00126E-02   2.76560E+02  2.97446E-02   2.78932E+02  2.94470E-02   2.81374E+02  2.91281E-02   2.83850E+02  2.87859E-02   2.86375E+02  2.84275E-02   2.88958E+02  2.80569E-02   2.91581E+02  2.76732E-02   2.94257E+02  2.72738E-02   2.96985E+02  2.68664E-02   2.99749E+02 
 0.00000E+00   0.00000E+00  0.00000E+00   0.00000E+00  0.00000E+00   0.00000E+00  0.00000E+00   0.00000E+00  0.00000E+00   0.00000E+00  0.00000E+00   0.00000E+00  0.00000E+00   0.00000E+00  0.00000E+00   0.00000E+00  0.00000E+00   0.00000E+00  0.00000E+00   0.00000E+00  0.00000E+00   0.00000E+00  0.00000E+00   0.00000E+00  0.00000E+00   0.00000E+00  0.00000E+00   0.00000E+00  0.00000E+00   0.00000E+00  0.00000E+00   0.00000E+00  0.00000E+00   0.00000E+00  0.00000E+00   0.00000E+00  0.00000E+00   0.00000E+00  0.00000E+00   0.00000E+00  0.00000E+00   0.00000E+00  0.00000E+00   0.00000E+00  0.00000E+00   0.00000E+00  0.00000E+00   0.00000E+00  0.00000E+00   0.00000E+00  0.00000E+00   0.00000E+00  0.00000E+00   0.00000E+00  0.00000E+00   0.00000E+00  0.00000E+00   0.00000E+00  0.00000E+00   0.00000E+00  0.00000E+00   0.00000E+00  0.00000E+00   0.00000E+00  0.00000E+00   0.00000E+00  0.00000E+00   0.00000E+00  0.00000E+00   0.00000E+00  0.00000E+00   0.00000E+00  0.00000E+00   0.00000E+00  0.00000E+00   0.00000E+00  5.17870E-17   2.35858E+02  2.40752E-03   2.35858E+02  4.80057E-03   2.35974E+02  7.16432E-03   2.36180E+02  9.48578E-03   2.36456E+02  1.17503E-02   2.36822E+02  1.39478E-02   2.37258E+02  1.60639E-02   2.37784E+02  1.80931E-02   2.38378E+02  2.00205E-02   2.39064E+02  2.18471E-02   2.39815E+02  2.35568E-02   2.40655E+02  2.51568E-02   2.41563E+02  2.66319E-02   2.42555E+02  2.79920E-02   2.43620E+02  2.92268E-02   2.44758E+02  3.03438E-02   2.45979E+02  3.13420E-02   2.47258E+02  3.22218E-02   2.48628E+02  3.29938E-02   2.50049E+02  3.36504E-02   2.51559E+02  3.42104E-02   2.53125E+02  3.46646E-02   2.54763E+02  3.50301E-02   2.56477E+02  3.53051E-02   2.58242E+02  3.54986E-02   2.60095E+02  3.56169E-02   2.61995E+02  3.56625E-02   2.63967E+02  3.56448E-02   2.66002E+02  3.55640E-02   2.68086E+02  3.54306E-02   2.70236E+02  3.52442E-02   2.72443E+02  3.50148E-02   2.74700E+02  3.47462E-02   2.77023E+02  3.44419E-02   2.79403E+02  3.41087E-02   2.81826E+02  3.37454E-02   2.84307E+02  3.33573E-02   2.86831E+02  3.29462E-02   2.89400E+02  3.25170E-02   2.92029E+02  3.20732E-02   2.94702E+02  3.16213E-02   2.97415E+02  3.11591E-02   3.00175E+02 
 0.00000E+00   0.00000E+00  0.00000E+00   0.00000E+00  0.00000E+00   0.00000E+00  0.00000E+00   0.00000E+00  0.00000E+00   0.00000E+00  0.00000E+00   0.00000E+00  0.00000E+00   0.00000E+00  0.00000E+00   0.00000E+00  0.00000E+00   0.00000E+00  0.00000E+00   0.00000E+00  0.00000E+00   0.00000E+00  0.00000E+00   0.00000E+00  0.00000E+00   0.00000E+00  0.00000E+00   0.00000E+00  0.00000E+00   0.00000E+00  0.00000E+00   0.00000E+00  0.00000E+00   0.00000E+00  0.00000E+00   0.00000E+00  0.00000E+00   0.00000E+00  0.00000E+00   0.00000E+00  0.00000E+00   0.00000E+00  0.00000E+00   0.00000E+00  0.00000E+00   0.00000E+00  0.00000E+00   0.00000E+00  0.00000E+00   0.00000E+00  0.00000E+00   0.00000E+00  0.00000E+00   0.00000E+00  0.00000E+00   0.00000E+00  0.00000E+00   0.00000E+00  0.00000E+00   0.00000E+00  0.00000E+00   0.00000E+00  0.00000E+00   0.00000E+00  0.00000E+00   0.00000E+00  0.00000E+00   0.00000E+00  0.00000E+00   0.00000E+00  0.00000E+00   0.00000E+00  0.00000E+00   0.00000E+00  0.00000E+00   0.00000E+00  5.82950E-17   2.36459E+02  2.71006E-03   2.36459E+02  5.40384E-03   2.36588E+02  8.06527E-03   2.36781E+02  1.06789E-02   2.37068E+02  1.32300E-02   2.37423E+02  1.57049E-02   2.37869E+02  1.80911E-02   2.38383E+02  2.03773E-02   2.38988E+02  2.25539E-02   2.39660E+02  2.46126E-02   2.40421E+02  2.65472E-02   2.41251E+02  2.83519E-02   2.42163E+02  3.00244E-02   2.43150E+02  3.15615E-02   2.44210E+02  3.29640E-02   2.45352E+02  3.42307E-02   2.46556E+02  3.53661E-02   2.47849E+02  3.63697E-02   2.49197E+02  3.72486E-02   2.50632E+02  3.80043E-02   2.52127E+02  3.86432E-02   2.53698E+02  3.91711E-02   2.55340E+02  3.95911E-02   2.57042E+02  3.99148E-02   2.58824E+02  4.01404E-02   2.60660E+02  4.02841E-02   2.62564E+02  4.03432E-02   2.64531E+02  4.03302E-02   2.66550E+02  4.02508E-02   2.68636E+02  4.01059E-02   2.70781E+02  3.99108E-02   2.72977E+02  3.96605E-02   2.75244E+02  3.93670E-02   2.77561E+02  3.90321E-02   2.79926E+02  3.86581E-02   2.82357E+02  3.82538E-02   2.84826E+02  3.78192E-02   2.87343E+02  3.73621E-02   2.89919E+02  3.68881E-02   2.92537E+02  3.63969E-02   2.95203E+02  3.58857E-02   2.97921E+02  3.53616E-02   3.00678E+02 
 0.00000E+00   0.00000E+00  0.00000E+00   0.00000E+00  0.00000E+00   0.00000E+00  0.00000E+00   0.00000E+00  0.00000E+00   0.00000E+00  0.00000E+00   0.00000E+00  0.00000E+00   0.00000E+00  0.00000E+00   0.00000E+00  0.00000E+00   0.00000E+00  0.00000E+00   0.00000E+00  0.00000E+00   0.00000E+00  0.00000E+00   0.00000E+00  0.00000E+00   0.00000E+00  0.00000E+00   0.00000E+00  0.00000E+00   0.00000E+00  0.00000E+00   0.00000E+00  0.00000E+00   0.00000E+00  0.00000E+00   0.00000E+00  0.00000E+00   0.00000E+00  0.00000E+00   0.00000E+00  0.00000E+00   0.00000E+00  0.00000E+00   0.00000E+00  0.00000E+00   0.00000E+00  0.00000E+00   0.00000E+00  0.00000E+00   0.00000E+00  0.00000E+00   0.00000E+00  0.00000E+00   0.00000E+00  0.00000E+00   0.00000E+00  0.00000E+00   0.00000E+00  0.00000E+00   0.00000E+00  0.00000E+00   0.00000E+00  0.00000E+00   0.00000E+00  0.00000E+00   0.00000E+00  0.00000E+00   0.00000E+00  0.00000E+00   0.00000E+00  0.00000E+00   0.00000E+00  0.00000E+00   0.00000E+00  0.00000E+00   0.00000E+00  6.44735E-17   2.37150E+02  2.99729E-03   2.37150E+02  5.97697E-03   2.37264E+02  8.92091E-03   2.37470E+02  1.18133E-02   2.37745E+02  1.46362E-02   2.38110E+02  1.73773E-02   2.38546E+02  2.00192E-02   2.39068E+02  2.25545E-02   2.39662E+02  2.49661E-02   2.40342E+02  2.72532E-02   2.41093E+02  2.93984E-02   2.41928E+02  3.14077E-02   2.42835E+02  3.32649E-02   2.43820E+02  3.49796E-02   2.44883E+02  3.65409E-02   2.46015E+02  3.79564E-02   2.47231E+02  3.92251E-02   2.48506E+02  4.03478E-02   2.49869E+02  4.13359E-02   2.51288E+02  4.21817E-02   2.52789E+02  4.29061E-02   2.54354E+02  4.34993E-02   2.55986E+02  4.39815E-02   2.57694E+02  4.43503E-02   2.59455E+02  4.46172E-02   2.61297E+02  4.47896E-02   2.63192E+02  4.48700E-02   2.65153E+02  4.48720E-02   2.67178E+02  4.47931E-02   2.69257E+02  4.46485E-02   2.71398E+02  4.44370E-02   2.73598E+02  4.41691E-02   2.75851E+02  4.38518E-02   2.78163E+02  4.34876E-02   2.80535E+02  4.30855E-02   2.82950E+02  4.26458E-02   2.85418E+02  4.21736E-02   2.87936E+02  4.16730E-02   2.90498E+02  4.11490E-02   2.93117E+02  4.06035E-02   2.95782E+02  4.00451E-02   2.98486E+02  3.94751E-02   3.01236E+02 
 0.00000E+00   0.00000E+00  0.00000E+00   0.00000E+00  0.00000E+00   0.00000E+00  0.00000E+00   0.00000E+00  0.00000E+00   0.00000E+00  0.00000E+00   0.00000E+00  0.00000E+00   0.00000E+00  0.00000E+00   0.00000E+00  0.00000E+00   0.00000E+00  0.00000E+00   0.00000E+00  0.00000E+00   0.00000E+00  0.00000E+00   0.00000E+00  0.00000E+00   0.00000E+00  0.00000E+00   0.00000E+00  0.00000E+00   0.00000E+00  0.00000E+00   0.00000E+00  0.00000E+00   0.00000E+00  0.00000E+00   0.00000E+00  0.00000E+00   0.00000E+00  0.00000E+00   0.00000E+00  0.00000E+00   0.00000E+00  0.00000E+00   0.00000E+00  0.00000E+00   0.00000E+00  0.00000E+00   0.00000E+00  0.00000E+00   0.00000E+00  0.00000E+00   0.00000E+00  0.00000E+00   0.00000E+00  0.00000E+00   0.00000E+00  0.00000E+00   0.00000E+00  0.00000E+00   0.00000E+00  0.00000E+00   0.00000E+00  0.00000E+00   0.00000E+00  0.00000E+00   0.00000E+00  0.00000E+00   0.00000E+00  0.00000E+00   0.00000E+00  0.00000E+00   0.00000E+00  0.00000E+00   0.00000E+00  0.00000E+00   0.00000E+00  7.03072E-17   2.37908E+02  3.26849E-03   2.37908E+02  6.51760E-03   2.38036E+02  9.72906E-03   2.38229E+02  1.28836E-02   2.38515E+02  1.59652E-02   2.38869E+02  1.89560E-02   2.39312E+02  2.18430E-02   2.39826E+02  2.46111E-02   2.40427E+02  2.72504E-02   2.41098E+02  2.97495E-02   2.41853E+02  3.21019E-02   2.42682E+02  3.43005E-02   2.43588E+02  3.63411E-02   2.44573E+02  3.82220E-02   2.45627E+02  3.99406E-02   2.46765E+02  4.14996E-02   2.47964E+02  4.28985E-02   2.49250E+02  4.41426E-02   2.50594E+02  4.52342E-02   2.52021E+02  4.61794E-02   2.53513E+02  4.69837E-02   2.55074E+02  4.76531E-02   2.56712E+02  4.81944E-02   2.58406E+02  4.86164E-02   2.60180E+02  4.89223E-02   2.62009E+02  4.91258E-02   2.63904E+02  4.92278E-02   2.65863E+02  4.92403E-02   2.67874E+02  4.91705E-02   2.69951E+02  4.90219E-02   2.72088E+02  4.88086E-02   2.74276E+02  4.85299E-02   2.76532E+02  4.81966E-02   2.78842E+02  4.78116E-02   2.81199E+02  4.73785E-02   2.83616E+02  4.69059E-02   2.86076E+02  4.63955E-02   2.88584E+02  4.58567E-02   2.91150E+02  4.52952E-02   2.93760E+02  4.47122E-02   2.96416E+02  4.41055E-02   2.99121E+02  4.34799E-02   3.01869E+02 
 0.00000E+00   0.00000E+00  0.00000E+00   0.00000E+00  0.00000E+00   0.00000E+00  0.00000E+00   0.00000E+00  0.00000E+00   0.00000E+00  0.00000E+00   0.00000E+00  0.00000E+00   0.00000E+00  0.00000E+00   0.00000E+00  0.00000E+00   0.00000E+00  0.00000E+00   0.00000E+00  0.00000E+00   0.00000E+00  0.00000E+00   0.00000E+00  0.00000E+00   0.00000E+00  0.00000E+00   0.00000E+00  0.00000E+00   0.00000E+00  0.00000E+00   0.00000E+00  0.00000E+00   0.00000E+00  0.00000E+00   0.00000E+00  0.00000E+00   0.00000E+00  0.00000E+00   0.00000E+00  0.00000E+00   0.00000E+00  0.00000E+00   0.00000E+00  0.00000E+00   0.00000E+00  0.00000E+00   0.00000E+00  0.00000E+00   0.00000E+00  0.00000E+00   0.00000E+00  0.00000E+00   0.00000E+00  0.00000E+00   0.00000E+00  0.00000E+00   0.00000E+00  0.00000E+00   0.00000E+00  0.00000E+00   0.00000E+00  0.00000E+00   0.00000E+00  0.00000E+00   0.00000E+00  0.00000E+00   0.00000E+00  0.00000E+00   0.00000E+00  0.00000E+00   0.00000E+00  0.00000E+00   0.00000E+00  0.00000E+00   0.00000E+00  7.57648E-17   2.38756E+02  3.52221E-03   2.38756E+02  7.02427E-03   2.38871E+02  1.04854E-02   2.39075E+02  1.38874E-02   2.39350E+02  1.72100E-02   2.39712E+02  2.04385E-02   2.40147E+02  2.35535E-02   2.40666E+02  2.65455E-02   2.41259E+02  2.93962E-02   2.41934E+02  3.21024E-02   2.42683E+02  3.46466E-02   2.43511E+02  3.70324E-02   2.44417E+02  3.92441E-02   2.45395E+02  4.12894E-02   2.46454E+02  4.31580E-02   2.47579E+02  4.48566E-02   2.48789E+02  4.63844E-02   2.50060E+02  4.77424E-02   2.51414E+02  4.89420E-02   2.52830E+02  4.99764E-02   2.54322E+02  5.08668E-02   2.55883E+02  5.16041E-02   2.57507E+02  5.22100E-02   2.59207E+02  5.26816E-02   2.60963E+02  5.30331E-02   2.62792E+02  5.32718E-02   2.64680E+02  5.34011E-02   2.66629E+02  5.34378E-02   2.68643E+02  5.33772E-02   2.70715E+02  5.32381E-02   2.72845E+02  5.30195E-02   2.75037E+02  5.27314E-02   2.77283E+02  5.23835E-02   2.79582E+02  5.19773E-02   2.81943E+02  5.15244E-02   2.84348E+02  5.10260E-02   2.86802E+02  5.04883E-02   2.89312E+02  4.99166E-02   2.91865E+02  4.93158E-02   2.94471E+02  4.86859E-02   2.97126E+02  4.80374E-02   2.99820E+02  4.73756E-02   3.02557E+02 
 0.00000E+00   0.00000E+00  0.00000E+00   0.00000E+00  0.00000E+00   0.00000E+00  0.00000E+00   0.00000E+00  0.00000E+00   0.00000E+00  0.00000E+00   0.00000E+00  0.00000E+00   0.00000E+00  0.00000E+00   0.00000E+00  0.00000E+00   0.00000E+00  0.00000E+00   0.00000E+00  0.00000E+00   0.00000E+00  0.00000E+00   0.00000E+00  0.00000E+00   0.00000E+00  0.00000E+00   0.00000E+00  0.00000E+00   0.00000E+00  0.00000E+00   0.00000E+00  0.00000E+00   0.00000E+00  0.00000E+00   0.00000E+00  0.00000E+00   0.00000E+00  0.00000E+00   0.00000E+00  0.00000E+00   0.00000E+00  0.00000E+00   0.00000E+00  0.00000E+00   0.00000E+00  0.00000E+00   0.00000E+00  0.00000E+00   0.00000E+00  0.00000E+00   0.00000E+00  0.00000E+00   0.00000E+00  0.00000E+00   0.00000E+00  0.00000E+00   0.00000E+00  0.00000E+00   0.00000E+00  0.00000E+00   0.00000E+00  0.00000E+00   0.00000E+00  0.00000E+00   0.00000E+00  0.00000E+00   0.00000E+00  0.00000E+00   0.00000E+00  0.00000E+00   0.00000E+00  0.00000E+00   0.00000E+00  0.00000E+00   0.00000E+00  8.08497E-17   2.39673E+02  3.75860E-03   2.39673E+02  7.49524E-03   2.39796E+02  1.11903E-02   2.39991E+02  1.48211E-02   2.40273E+02  1.83710E-02   2.40627E+02  2.18185E-02   2.41067E+02  2.51505E-02   2.41580E+02  2.83483E-02   2.42176E+02  3.14023E-02   2.42846E+02  3.42981E-02   2.43595E+02  3.70291E-02   2.44422E+02  3.95867E-02   2.45321E+02  4.19654E-02   2.46303E+02  4.41646E-02   2.47350E+02  4.61779E-02   2.48483E+02  4.80123E-02   2.49676E+02  4.96618E-02   2.50954E+02  5.11373E-02   2.52294E+02  5.24364E-02   2.53711E+02  5.35693E-02   2.55199E+02  5.45399E-02   2.56750E+02  5.53551E-02   2.58381E+02  5.60245E-02   2.60066E+02  5.65538E-02   2.61829E+02  5.69519E-02   2.63650E+02  5.72277E-02   2.65533E+02  5.73878E-02   2.67483E+02  5.74415E-02   2.69485E+02  5.73979E-02   2.71551E+02  5.72637E-02   2.73678E+02  5.70495E-02   2.75858E+02  5.67612E-02   2.78101E+02  5.64069E-02   2.80400E+02  5.59908E-02   2.82746E+02  5.55185E-02   2.85148E+02  5.49969E-02   2.87598E+02  5.44301E-02   2.90095E+02  5.38291E-02   2.92649E+02  5.31983E-02   2.95249E+02  5.25407E-02   2.97891E+02  5.18572E-02   3.00582E+02  5.11485E-02   3.03318E+02 
 0.00000E+00   0.00000E+00  0.00000E+00   0.00000E+00  0.00000E+00   0.00000E+00  0.00000E+00   0.00000E+00  0.00000E+00   0.00000E+00  0.00000E+00   0.00000E+00  0.00000E+00   0.00000E+00  0.00000E+00   0.00000E+00  0.00000E+00   0.00000E+00  0.00000E+00   0.00000E+00  0.00000E+00   0.00000E+00  0.00000E+00   0.00000E+00  0.00000E+00   0.00000E+00  0.00000E+00   0.00000E+00  0.00000E+00   0.00000E+00  0.00000E+00   0.00000E+00  0.00000E+00   0.00000E+00  0.00000E+00   0.00000E+00  0.00000E+00   0.00000E+00  0.00000E+00   0.00000E+00  0.00000E+00   0.00000E+00  0.00000E+00   0.00000E+00  0.00000E+00   0.00000E+00  0.00000E+00   0.00000E+00  0.00000E+00   0.00000E+00  0.00000E+00   0.00000E+00  0.00000E+00   0.00000E+00  0.00000E+00   0.00000E+00  0.00000E+00   0.00000E+00  0.00000E+00   0.00000E+00  0.00000E+00   0.00000E+00  0.00000E+00   0.00000E+00  0.00000E+00   0.00000E+00  0.00000E+00   0.00000E+00  0.00000E+00   0.00000E+00  0.00000E+00   0.00000E+00  0.00000E+00   0.00000E+00  0.00000E+00   0.00000E+00  8.55303E-17   2.40674E+02  3.97620E-03   2.40674E+02  7.93042E-03   2.40790E+02  1.18397E-02   2.40991E+02  1.56842E-02   2.41266E+02  1.94418E-02   2.41625E+02  2.30958E-02   2.42059E+02  2.66259E-02   2.42573E+02  3.00198E-02   2.43165E+02  3.32596E-02   2.43833E+02  3.63386E-02   2.44582E+02  3.92408E-02   2.45402E+02  4.19658E-02   2.46305E+02  4.45005E-02   2.47274E+02  4.68483E-02   2.48329E+02  4.90017E-02   2.49447E+02  5.09648E-02   2.50649E+02  5.27373E-02   2.51915E+02  5.43210E-02   2.53258E+02  5.57251E-02   2.54671E+02  5.69463E-02   2.56152E+02  5.80027E-02   2.57708E+02  5.88886E-02   2.59323E+02  5.96244E-02   2.61013E+02  6.02081E-02   2.62762E+02  6.06550E-02   2.64576E+02  6.09729E-02   2.66455E+02  6.11655E-02   2.68392E+02  6.12517E-02   2.70393E+02  6.12270E-02   2.72456E+02  6.11112E-02   2.74574E+02  6.09045E-02   2.76755E+02  6.06161E-02   2.78992E+02  6.02572E-02   2.81277E+02  5.98291E-02   2.83624E+02  5.93449E-02   2.86016E+02  5.88074E-02   2.88457E+02  5.82244E-02   2.90955E+02  5.76019E-02   2.93498E+02  5.69439E-02   2.96089E+02  5.62495E-02   2.98731E+02  5.55296E-02   3.01413E+02  5.47935E-02   3.04135E+02 
 0.00000E+00   0.00000E+00  0.00000E+00   0.00000E+00  0.00000E+00   0.00000E+00  0.00000E+00   0.00000E+00  0.00000E+00   0.00000E+00  0.00000E+00   0.00000E+00  0.00000E+00   0.00000E+00  0.00000E+00   0.00000E+00  0.00000E+00   0.00000E+00  0.00000E+00   0.00000E+00  0.00000E+00   0.00000E+00  0.00000E+00   0.00000E+00  0.00000E+00   0.00000E+00  0.00000E+00   0.00000E+00  0.00000E+00   0.00000E+00  0.00000E+00   0.00000E+00  0.00000E+00   0.00000E+00  0.00000E+00   0.00000E+00  0.00000E+00   0.00000E+00  0.00000E+00   0.00000E+00  0.00000E+00   0.00000E+00  0.00000E+00   0.00000E+00  0.00000E+00   0.00000E+00  0.00000E+00   0.00000E+00  0.00000E+00   0.00000E+00  0.00000E+00   0.00000E+00  0.00000E+00   0.00000E+00  0.00000E+00   0.00000E+00  0.00000E+00   0.00000E+00  0.00000E+00   0.00000E+00  0.00000E+00   0.00000E+00  0.00000E+00   0.00000E+00  0.00000E+00   0.00000E+00  0.00000E+00   0.00000E+00  0.00000E+00   0.00000E+00  0.00000E+00   0.00000E+00  0.00000E+00   0.00000E+00  0.00000E+00   0.00000E+00  8.98292E-17   2.41746E+02  4.17605E-03   2.41746E+02  8.32831E-03   2.41866E+02  1.24362E-02   2.42062E+02  1.64744E-02   2.42340E+02  2.04261E-02   2.42695E+02  2.42670E-02   2.43129E+02  2.79838E-02   2.43641E+02  3.15553E-02   2.44231E+02  3.49717E-02   2.44899E+02  3.82167E-02   2.45642E+02  4.12831E-02   2.46465E+02  4.41615E-02   2.47358E+02  4.68445E-02   2.48334E+02  4.93331E-02   2.49375E+02  5.16168E-02   2.50500E+02  5.37067E-02   2.51689E+02  5.55915E-02   2.52957E+02  5.72869E-02   2.54293E+02  5.87860E-02   2.55699E+02  6.01029E-02   2.57180E+02  6.12394E-02   2.58721E+02  6.22036E-02   2.60341E+02  6.30065E-02   2.62017E+02  6.36512E-02   2.63766E+02  6.41525E-02   2.65577E+02  6.45128E-02   2.67447E+02  6.47461E-02   2.69385E+02  6.48571E-02   2.71378E+02  6.48570E-02   2.73432E+02  6.47557E-02   2.75548E+02  6.45592E-02   2.77717E+02  6.42805E-02   2.79945E+02  6.39246E-02   2.82230E+02  6.34972E-02   2.84563E+02  6.30063E-02   2.86949E+02  6.24569E-02   2.89387E+02  6.18554E-02   2.91873E+02  6.12130E-02   2.94411E+02  6.05320E-02   2.96998E+02  5.98187E-02   2.99627E+02  5.90780E-02   3.02301E+02  5.83067E-02   3.05022E+02 
 0.00000E+00   0.00000E+00  0.00000E+00   0.00000E+00  0.00000E+00   0.00000E+00  0.00000E+00   0.00000E+00  0.00000E+00   0.00000E+00  0.00000E+00   0.00000E+00  0.00000E+00   0.00000E+00  0.00000E+00   0.00000E+00  0.00000E+00   0.00000E+00  0.00000E+00   0.00000E+00  0.00000E+00   0.00000E+00  0.00000E+00   0.00000E+00  0.00000E+00   0.00000E+00  0.00000E+00   0.00000E+00  0.00000E+00   0.00000E+00  0.00000E+00   0.00000E+00  0.00000E+00   0.00000E+00  0.00000E+00   0.00000E+00  0.00000E+00   0.00000E+00  0.00000E+00   0.00000E+00  0.00000E+00   0.00000E+00  0.00000E+00   0.00000E+00  0.00000E+00   0.00000E+00  0.00000E+00   0.00000E+00  0.00000E+00   0.00000E+00  0.00000E+00   0.00000E+00  0.00000E+00   0.00000E+00  0.00000E+00   0.00000E+00  0.00000E+00   0.00000E+00  0.00000E+00   0.00000E+00  0.00000E+00   0.00000E+00  0.00000E+00   0.00000E+00  0.00000E+00   0.00000E+00  0.00000E+00   0.00000E+00  0.00000E+00   0.00000E+00  0.00000E+00   0.00000E+00  0.00000E+00   0.00000E+00  0.00000E+00   0.00000E+00  9.37153E-17   2.42898E+02  4.35671E-03   2.42898E+02  8.69007E-03   2.43015E+02  1.29761E-02   2.43213E+02  1.71931E-02   2.43488E+02  2.13186E-02   2.43842E+02  2.53333E-02   2.44275E+02  2.92178E-02   2.44784E+02  3.29558E-02   2.45374E+02  3.65319E-02   2.46036E+02  3.99341E-02   2.46781E+02  4.31506E-02   2.47594E+02  4.61744E-02   2.48492E+02  4.89975E-02   2.49455E+02  5.16170E-02   2.50502E+02  5.40298E-02   2.51614E+02  5.62358E-02   2.52806E+02  5.82361E-02   2.54067E+02  6.00332E-02   2.55398E+02  6.16327E-02   2.56806E+02  6.30369E-02   2.58275E+02  6.42578E-02   2.59822E+02  6.52951E-02   2.61428E+02  6.61657E-02   2.63105E+02  6.68698E-02   2.64846E+02  6.74222E-02   2.66645E+02  6.78308E-02   2.68513E+02  6.81010E-02   2.70438E+02  6.82508E-02   2.72424E+02  6.82793E-02   2.74476E+02  6.82040E-02   2.76581E+02  6.80280E-02   2.78748E+02  6.77603E-02   2.80972E+02  6.74098E-02   2.83243E+02  6.69808E-02   2.85573E+02  6.64861E-02   2.87951E+02  6.59298E-02   2.90378E+02  6.53229E-02   2.92862E+02  6.46701E-02   2.95392E+02  6.39746E-02   2.97967E+02  6.32375E-02   3.00592E+02  6.24669E-02   3.03260E+02  6.16749E-02   3.05968E+02 
 0.00000E+00   0.00000E+00  0.00000E+00   0.00000E+00  0.00000E+00   0.00000E+00  0.00000E+00   0.00000E+00  0.00000E+00   0.00000E+00  0.00000E+00   0.00000E+00  0.00000E+00   0.00000E+00  0.00000E+00   0.00000E+00  0.00000E+00   0.00000E+00  0.00000E+00   0.00000E+00  0.00000E+00   0.00000E+00  0.00000E+00   0.00000E+00  0.00000E+00   0.00000E+00  0.00000E+00   0.00000E+00  0.00000E+00   0.00000E+00  0.00000E+00   0.00000E+00  0.00000E+00   0.00000E+00  0.00000E+00   0.00000E+00  0.00000E+00   0.00000E+00  0.00000E+00   0.00000E+00  0.00000E+00   0.00000E+00  0.00000E+00   0.00000E+00  0.00000E+00   0.00000E+00  0.00000E+00   0.00000E+00  0.00000E+00   0.00000E+00  0.00000E+00   0.00000E+00  0.00000E+00   0.00000E+00  0.00000E+00   0.00000E+00  0.00000E+00   0.00000E+00  0.00000E+00   0.00000E+00  0.00000E+00   0.00000E+00  0.00000E+00   0.00000E+00  0.00000E+00   0.00000E+00  0.00000E+00   0.00000E+00  0.00000E+00   0.00000E+00  0.00000E+00   0.00000E+00  0.00000E+00   0.00000E+00  0.00000E+00   0.00000E+00  9.72231E-17   2.44121E+02  4.51978E-03   2.44121E+02  9.01481E-03   2.44238E+02  1.34633E-02   2.44435E+02  1.78394E-02   2.44709E+02  2.21248E-02   2.45064E+02  2.62945E-02   2.45492E+02  3.03341E-02   2.46004E+02  3.42218E-02   2.46586E+02  3.79464E-02   2.47252E+02  4.14911E-02   2.47987E+02  4.48476E-02   2.48806E+02  4.80058E-02   2.49692E+02  5.09576E-02   2.50661E+02  5.37034E-02   2.51697E+02  5.62316E-02   2.52812E+02  5.85537E-02   2.53996E+02  6.06567E-02   2.55253E+02  6.25579E-02   2.56583E+02  6.42477E-02   2.57978E+02  6.57429E-02   2.59450E+02  6.70428E-02   2.60981E+02  6.81573E-02   2.62587E+02  6.90974E-02   2.64254E+02  6.98642E-02   2.65986E+02  7.04772E-02   2.67785E+02  7.09333E-02   2.69642E+02  7.12528E-02   2.71565E+02  7.14368E-02   2.73548E+02  7.14971E-02   2.75589E+02  7.14467E-02   2.77691E+02  7.12872E-02   2.79849E+02  7.10365E-02   2.82059E+02  7.06978E-02   2.84328E+02  7.02789E-02   2.86647E+02  6.97899E-02   2.89014E+02  6.92347E-02   2.91439E+02  6.86207E-02   2.93912E+02  6.79577E-02   2.96432E+02  6.72472E-02   2.99003E+02  6.64975E-02   3.01617E+02  6.57195E-02   3.04273E+02  6.49065E-02   3.06978E+02 
 0.00000E+00   0.00000E+00  0.00000E+00   0.00000E+00  0.00000E+00   0.00000E+00  0.00000E+00   0.00000E+00  0.00000E+00   0.00000E+00  0.00000E+00   0.00000E+00  0.00000E+00   0.00000E+00  0.00000E+00   0.00000E+00  0.00000E+00   0.00000E+00  0.00000E+00   0.00000E+00  0.00000E+00   0.00000E+00  0.00000E+00   0.00000E+00  0.00000E+00   0.00000E+00  0.00000E+00   0.00000E+00  0.00000E+00   0.00000E+00  0.00000E+00   0.00000E+00  0.00000E+00   0.00000E+00  0.00000E+00   0.00000E+00  0.00000E+00   0.00000E+00  0.00000E+00   0.00000E+00  0.00000E+00   0.00000E+00  0.00000E+00   0.00000E+00  0.00000E+00   0.00000E+00  0.00000E+00   0.00000E+00  0.00000E+00   0.00000E+00  0.00000E+00   0.00000E+00  0.00000E+00   0.00000E+00  0.00000E+00   0.00000E+00  0.00000E+00   0.00000E+00  0.00000E+00   0.00000E+00  0.00000E+00   0.00000E+00  0.00000E+00   0.00000E+00  0.00000E+00   0.00000E+00  0.00000E+00   0.00000E+00  0.00000E+00   0.00000E+00  0.00000E+00   0.00000E+00  0.00000E+00   0.00000E+00  0.00000E+00   0.00000E+00  1.00330E-16   2.45421E+02  4.66423E-03   2.45421E+02  9.30419E-03   2.45537E+02  1.38958E-02   2.45733E+02  1.84156E-02   2.46008E+02  2.28417E-02   2.46357E+02  2.71525E-02   2.46789E+02  3.13299E-02   2.47292E+02  3.53540E-02   2.47879E+02  3.92125E-02   2.48535E+02  4.28876E-02   2.49275E+02  4.63729E-02   2.50083E+02  4.96536E-02   2.50973E+02  5.27285E-02   2.51931E+02  5.55871E-02   2.52968E+02  5.82314E-02   2.54075E+02  6.06566E-02   2.55255E+02  6.28659E-02   2.56510E+02  6.48613E-02   2.57829E+02  6.66457E-02   2.59228E+02  6.82262E-02   2.60686E+02  6.96077E-02   2.62220E+02  7.07977E-02   2.63816E+02  7.18052E-02   2.65477E+02  7.26366E-02   2.67207E+02  7.33027E-02   2.68993E+02  7.38122E-02   2.70847E+02  7.41735E-02   2.72760E+02  7.43994E-02   2.74732E+02  7.44972E-02   2.76769E+02  7.44784E-02   2.78860E+02  7.43500E-02   2.81010E+02  7.41223E-02   2.83218E+02  7.37994E-02   2.85474E+02  7.33905E-02   2.87785E+02  7.29069E-02   2.90148E+02  7.23526E-02   2.92562E+02  7.17426E-02   2.95028E+02  7.10791E-02   2.97542E+02  7.03653E-02   3.00100E+02  6.96077E-02   3.02705E+02  6.88086E-02   3.05358E+02  6.79798E-02   3.08050E+02 
 0.00000E+00   0.00000E+00  0.00000E+00   0.00000E+00  0.00000E+00   0.00000E+00  0.00000E+00   0.00000E+00  0.00000E+00   0.00000E+00  0.00000E+00   0.00000E+00  0.00000E+00   0.00000E+00  0.00000E+00   0.00000E+00  0.00000E+00   0.00000E+00  0.00000E+00   0.00000E+00  0.00000E+00   0.00000E+00  0.00000E+00   0.00000E+00  0.00000E+00   0.00000E+00  0.00000E+00   0.00000E+00  0.00000E+00   0.00000E+00  0.00000E+00   0.00000E+00  0.00000E+00   0.00000E+00  0.00000E+00   0.00000E+00  0.00000E+00   0.00000E+00  0.00000E+00   0.00000E+00  0.00000E+00   0.00000E+00  0.00000E+00   0.00000E+00  0.00000E+00   0.00000E+00  0.00000E+00   0.00000E+00  0.00000E+00   0.00000E+00  0.00000E+00   0.00000E+00  0.00000E+00   0.00000E+00  0.00000E+00   0.00000E+00  0.00000E+00   0.00000E+00  0.00000E+00   0.00000E+00  0.00000E+00   0.00000E+00  0.00000E+00   0.00000E+00  0.00000E+00   0.00000E+00  0.00000E+00   0.00000E+00  0.00000E+00   0.00000E+00  0.00000E+00   0.00000E+00  0.00000E+00   0.00000E+00  0.00000E+00   0.00000E+00  1.03069E-16   2.46792E+02  4.79156E-03   2.46792E+02  9.55827E-03   2.46906E+02  1.42770E-02   2.47105E+02  1.89227E-02   2.47373E+02  2.34748E-02   2.47728E+02  2.79100E-02   2.48150E+02  3.22110E-02   2.48659E+02  3.63576E-02   2.49235E+02  4.03361E-02   2.49897E+02  4.41308E-02   2.50626E+02  4.77312E-02   2.51438E+02  5.11275E-02   2.52319E+02  5.43111E-02   2.53278E+02  5.72800E-02   2.54309E+02  6.00256E-02   2.55412E+02  6.25545E-02   2.56591E+02  6.48572E-02   2.57836E+02  6.69475E-02   2.59158E+02  6.88174E-02   2.60543E+02  7.04829E-02   2.62001E+02  7.19419E-02   2.63524E+02  7.32057E-02   2.65112E+02  7.42839E-02   2.66768E+02  7.51776E-02   2.68484E+02  7.59077E-02   2.70268E+02  7.64696E-02   2.72113E+02  7.68854E-02   2.74019E+02  7.71562E-02   2.75990E+02  7.72927E-02   2.78017E+02  7.73088E-02   2.80102E+02  7.72054E-02   2.82246E+02  7.70000E-02   2.84438E+02  7.66963E-02   2.86688E+02  7.63057E-02   2.88991E+02  7.58373E-02   2.91341E+02  7.52974E-02   2.93750E+02  7.46926E-02   2.96207E+02  7.40287E-02   2.98708E+02  7.33100E-02   3.01260E+02  7.25446E-02   3.03858E+02  7.17471E-02   3.06495E+02  7.09131E-02   3.09180E+02 
 0.00000E+00   0.00000E+00  0.00000E+00   0.00000E+00  0.00000E+00   0.00000E+00  0.00000E+00   0.00000E+00  0.00000E+00   0.00000E+00  0.00000E+00   0.00000E+00  0.00000E+00   0.00000E+00  0.00000E+00   0.00000E+00  0.00000E+00   0.00000E+00  0.00000E+00   0.00000E+00  0.00000E+00   0.00000E+00  0.00000E+00   0.00000E+00  0.00000E+00   0.00000E+00  0.00000E+00   0.00000E+00  0.00000E+00   0.00000E+00  0.00000E+00   0.00000E+00  0.00000E+00   0.00000E+00  0.00000E+00   0.00000E+00  0.00000E+00   0.00000E+00  0.00000E+00   0.00000E+00  0.00000E+00   0.00000E+00  0.00000E+00   0.00000E+00  0.00000E+00   0.00000E+00  0.00000E+00   0.00000E+00  0.00000E+00   0.00000E+00  0.00000E+00   0.00000E+00  0.00000E+00   0.00000E+00  0.00000E+00   0.00000E+00  0.00000E+00   0.00000E+00  0.00000E+00   0.00000E+00  0.00000E+00   0.00000E+00  0.00000E+00   0.00000E+00  0.00000E+00   0.00000E+00  0.00000E+00   0.00000E+00  0.00000E+00   0.00000E+00  0.00000E+00   0.00000E+00  0.00000E+00   0.00000E+00  0.00000E+00   0.00000E+00  1.05439E-16   2.48234E+02  4.90171E-03   2.48234E+02  9.77880E-03   2.48352E+02  1.46074E-02   2.48543E+02  1.93630E-02   2.48818E+02  2.40249E-02   2.49163E+02  2.85691E-02   2.49592E+02  3.29794E-02   2.50091E+02  3.72332E-02   2.50673E+02  4.13203E-02   2.51325E+02  4.52191E-02   2.52057E+02  4.89269E-02   2.52861E+02  5.24234E-02   2.53741E+02  5.57120E-02   2.54695E+02  5.87766E-02   2.55721E+02  6.16231E-02   2.56822E+02  6.42428E-02   2.57990E+02  6.66405E-02   2.59236E+02  6.88172E-02   2.60545E+02  7.07740E-02   2.61930E+02  7.25214E-02   2.63378E+02  7.40576E-02   2.64895E+02  7.53982E-02   2.66479E+02  7.65423E-02   2.68125E+02  7.75049E-02   2.69839E+02  7.82907E-02   2.71613E+02  7.89094E-02   2.73452E+02  7.93733E-02   2.75352E+02  7.96874E-02   2.77310E+02  7.98678E-02   2.79329E+02  7.99199E-02   2.81405E+02  7.98537E-02   2.83536E+02  7.96818E-02   2.85723E+02  7.94046E-02   2.87964E+02  7.90361E-02   2.90256E+02  7.85845E-02   2.92603E+02  7.80535E-02   2.95002E+02  7.74592E-02   2.97447E+02  7.68030E-02   2.99942E+02  7.60900E-02   3.02484E+02  7.53325E-02   3.05067E+02  7.45277E-02   3.07701E+02  7.36817E-02   3.10377E+02 
 0.00000E+00   0.00000E+00  0.00000E+00   0.00000E+00  0.00000E+00   0.00000E+00  0.00000E+00   0.00000E+00  0.00000E+00   0.00000E+00  0.00000E+00   0.00000E+00  0.00000E+00   0.00000E+00  0.00000E+00   0.00000E+00  0.00000E+00   0.00000E+00  0.00000E+00   0.00000E+00  0.00000E+00   0.00000E+00  0.00000E+00   0.00000E+00  0.00000E+00   0.00000E+00  0.00000E+00   0.00000E+00  0.00000E+00   0.00000E+00  0.00000E+00   0.00000E+00  0.00000E+00   0.00000E+00  0.00000E+00   0.00000E+00  0.00000E+00   0.00000E+00  0.00000E+00   0.00000E+00  0.00000E+00   0.00000E+00  0.00000E+00   0.00000E+00  0.00000E+00   0.00000E+00  0.00000E+00   0.00000E+00  0.00000E+00   0.00000E+00  0.00000E+00   0.00000E+00  0.00000E+00   0.00000E+00  0.00000E+00   0.00000E+00  0.00000E+00   0.00000E+00  0.00000E+00   0.00000E+00  0.00000E+00   0.00000E+00  0.00000E+00   0.00000E+00  0.00000E+00   0.00000E+00  0.00000E+00   0.00000E+00  0.00000E+00   0.00000E+00  0.00000E+00   0.00000E+00  0.00000E+00   0.00000E+00  0.00000E+00   0.00000E+00  1.07458E-16   2.49752E+02  4.99561E-03   2.49752E+02  9.96671E-03   2.49863E+02  1.48890E-02   2.50061E+02  1.97396E-02   2.50327E+02  2.44948E-02   2.50678E+02  2.91349E-02   2.51097E+02  3.36384E-02   2.51601E+02  3.79888E-02   2.52174E+02  4.21684E-02   2.52828E+02  4.61642E-02   2.53553E+02  4.99632E-02   2.54355E+02  5.35558E-02   2.55231E+02  5.69342E-02   2.56179E+02  6.00925E-02   2.57204E+02  6.30268E-02   2.58296E+02  6.57361E-02   2.59466E+02  6.82188E-02   2.60700E+02  7.04797E-02   2.62010E+02  7.25175E-02   2.63384E+02  7.43424E-02   2.64827E+02  7.59544E-02   2.66338E+02  7.73641E-02   2.67910E+02  7.85785E-02   2.69553E+02  7.96024E-02   2.71255E+02  8.04517E-02   2.73022E+02  8.11272E-02   2.74854E+02  8.16467E-02   2.76742E+02  8.20141E-02   2.78696E+02  8.22406E-02   2.80708E+02  8.23355E-02   2.82774E+02  8.23053E-02   2.84900E+02  8.21617E-02   2.87075E+02  8.19102E-02   2.89306E+02  8.15669E-02   2.91590E+02  8.11365E-02   2.93925E+02  8.06299E-02   2.96314E+02  8.00530E-02   2.98750E+02  7.94066E-02   3.01233E+02  7.87016E-02   3.03764E+02  7.79425E-02   3.06342E+02  7.71419E-02   3.08962E+02  7.63054E-02   3.11627E+02 
 0.00000E+00   0.00000E+00  0.00000E+00   0.00000E+00  0.00000E+00   0.00000E+00  0.00000E+00   0.00000E+00  0.00000E+00   0.00000E+00  0.00000E+00   0.00000E+00  0.00000E+00   0.00000E+00  0.00000E+00   0.00000E+00  0.00000E+00   0.00000E+00  0.00000E+00   0.00000E+00  0.00000E+00   0.00000E+00  0.00000E+00   0.00000E+00  0.00000E+00   0.00000E+00  0.00000E+00   0.00000E+00  0.00000E+00   0.00000E+00  0.00000E+00   0.00000E+00  0.00000E+00   0.00000E+00  0.00000E+00   0.00000E+00  0.00000E+00   0.00000E+00  0.00000E+00   0.00000E+00  0.00000E+00   0.00000E+00  0.00000E+00   0.00000E+00  0.00000E+00   0.00000E+00  0.00000E+00   0.00000E+00  0.00000E+00   0.00000E+00  0.00000E+00   0.00000E+00  0.00000E+00   0.00000E+00  0.00000E+00   0.00000E+00  0.00000E+00   0.00000E+00  0.00000E+00   0.00000E+00  0.00000E+00   0.00000E+00  0.00000E+00   0.00000E+00  0.00000E+00   0.00000E+00  0.00000E+00   0.00000E+00  0.00000E+00   0.00000E+00  0.00000E+00   0.00000E+00  0.00000E+00   0.00000E+00  0.00000E+00   0.00000E+00  1.09142E-16   2.51332E+02  5.07390E-03   2.51332E+02  1.01235E-02   2.51451E+02  1.51249E-02   2.51640E+02  2.00541E-02   2.51912E+02  2.48900E-02   2.52255E+02  2.96093E-02   2.52678E+02  3.41951E-02   2.53175E+02  3.86255E-02   2.53749E+02  4.28891E-02   2.54398E+02  4.69653E-02   2.55121E+02  5.08496E-02   2.55921E+02  5.45228E-02   2.56790E+02  5.79868E-02   2.57739E+02  6.12251E-02   2.58753E+02  6.42442E-02   2.59847E+02  6.70328E-02   2.61004E+02  6.95978E-02   2.62237E+02  7.19369E-02   2.63536E+02  7.40524E-02   2.64904E+02  7.59540E-02   2.66340E+02  7.76374E-02   2.67840E+02  7.91219E-02   2.69410E+02  8.04009E-02   2.71041E+02  8.14943E-02   2.72739E+02  8.24033E-02   2.74501E+02  8.31376E-02   2.76322E+02  8.37118E-02   2.78207E+02  8.41257E-02   2.80151E+02  8.43990E-02   2.82149E+02  8.45343E-02   2.84208E+02  8.45436E-02   2.86319E+02  8.44391E-02   2.88485E+02  8.42247E-02   2.90708E+02  8.39140E-02   2.92981E+02  8.35125E-02   2.95310E+02  8.30254E-02   2.97690E+02  8.24634E-02   3.00113E+02  8.18325E-02   3.02588E+02  8.11395E-02   3.05110E+02  8.03985E-02   3.07673E+02  7.96082E-02   3.10285E+02  7.87665E-02   3.12943E+02 
 0.00000E+00   0.00000E+00  0.00000E+00   0.00000E+00  0.00000E+00   0.00000E+00  0.00000E+00   0.00000E+00  0.00000E+00   0.00000E+00  0.00000E+00   0.00000E+00  0.00000E+00   0.00000E+00  0.00000E+00   0.00000E+00  0.00000E+00   0.00000E+00  0.00000E+00   0.00000E+00  0.00000E+00   0.00000E+00  0.00000E+00   0.00000E+00  0.00000E+00   0.00000E+00  0.00000E+00   0.00000E+00  0.00000E+00   0.00000E+00  0.00000E+00   0.00000E+00  0.00000E+00   0.00000E+00  0.00000E+00   0.00000E+00  0.00000E+00   0.00000E+00  0.00000E+00   0.00000E+00  0.00000E+00   0.00000E+00  0.00000E+00   0.00000E+00  0.00000E+00   0.00000E+00  0.00000E+00   0.00000E+00  0.00000E+00   0.00000E+00  0.00000E+00   0.00000E+00  0.00000E+00   0.00000E+00  0.00000E+00   0.00000E+00  0.00000E+00   0.00000E+00  0.00000E+00   0.00000E+00  0.00000E+00   0.00000E+00  0.00000E+00   0.00000E+00  0.00000E+00   0.00000E+00  0.00000E+00   0.00000E+00  0.00000E+00   0.00000E+00  0.00000E+00   0.00000E+00  0.00000E+00   0.00000E+00  0.00000E+00   0.00000E+00  1.10506E-16   2.52990E+02  5.13730E-03   2.52990E+02  1.02508E-02   2.53103E+02  1.53157E-02   2.53295E+02  2.03109E-02   2.53563E+02  2.52110E-02   2.53906E+02  2.99991E-02   2.54327E+02  3.46505E-02   2.54821E+02  3.91526E-02   2.55393E+02  4.34839E-02   2.56037E+02  4.76344E-02   2.56760E+02  5.15887E-02   2.57551E+02  5.53378E-02   2.58422E+02  5.88743E-02   2.59359E+02  6.21892E-02   2.60375E+02  6.52828E-02   2.61456E+02  6.81469E-02   2.62613E+02  7.07878E-02   2.63836E+02  7.31996E-02   2.65129E+02  7.53912E-02   2.66492E+02  7.73617E-02   2.67919E+02  7.91185E-02   2.69416E+02  8.06678E-02   2.70975E+02  8.20147E-02   2.72601E+02  8.31699E-02   2.74290E+02  8.41387E-02   2.76041E+02  8.49332E-02   2.77856E+02  8.55612E-02   2.79729E+02  8.60315E-02   2.81662E+02  8.63568E-02   2.83654E+02  8.65402E-02   2.85700E+02  8.65958E-02   2.87804E+02  8.65295E-02   2.89963E+02  8.63478E-02   2.92175E+02  8.60691E-02   2.94440E+02  8.56927E-02   2.96758E+02  8.52338E-02   2.99123E+02  8.46993E-02   3.01537E+02  8.40881E-02   3.04002E+02  8.34167E-02   3.06509E+02  8.26854E-02   3.09066E+02  8.18991E-02   3.11668E+02  8.10755E-02   3.14310E+02 
 0.00000E+00   0.00000E+00  0.00000E+00   0.00000E+00  0.00000E+00   0.00000E+00  0.00000E+00   0.00000E+00  0.00000E+00   0.00000E+00  0.00000E+00   0.00000E+00  0.00000E+00   0.00000E+00  0.00000E+00   0.00000E+00  0.00000E+00   0.00000E+00  0.00000E+00   0.00000E+00  0.00000E+00   0.00000E+00  0.00000E+00   0.00000E+00  0.00000E+00   0.00000E+00  0.00000E+00   0.00000E+00  0.00000E+00   0.00000E+00  0.00000E+00   0.00000E+00  0.00000E+00   0.00000E+00  0.00000E+00   0.00000E+00  0.00000E+00   0.00000E+00  0.00000E+00   0.00000E+00  0.00000E+00   0.00000E+00  0.00000E+00   0.00000E+00  0.00000E+00   0.00000E+00  0.00000E+00   0.00000E+00  0.00000E+00   0.00000E+00  0.00000E+00   0.00000E+00  0.00000E+00   0.00000E+00  0.00000E+00   0.00000E+00  0.00000E+00   0.00000E+00  0.00000E+00   0.00000E+00  0.00000E+00   0.00000E+00  0.00000E+00   0.00000E+00  0.00000E+00   0.00000E+00  0.00000E+00   0.00000E+00  0.00000E+00   0.00000E+00  0.00000E+00   0.00000E+00  0.00000E+00   0.00000E+00  0.00000E+00   0.00000E+00  1.11572E-16   2.54711E+02  5.18683E-03   2.54711E+02  1.03501E-02   2.54825E+02  1.54659E-02   2.55016E+02  2.05117E-02   2.55282E+02  2.54654E-02   2.55625E+02  3.03062E-02   2.56041E+02  3.50146E-02   2.56536E+02  3.95726E-02   2.57102E+02  4.39640E-02   2.57747E+02  4.81743E-02   2.58460E+02  5.21917E-02   2.59254E+02  5.60048E-02   2.60114E+02  5.96068E-02   2.61053E+02  6.29886E-02   2.62058E+02  6.61500E-02   2.63138E+02  6.90830E-02   2.64286E+02  7.17924E-02   2.65503E+02  7.42742E-02   2.66791E+02  7.65333E-02   2.68142E+02  7.85738E-02   2.69565E+02  8.03962E-02   2.71051E+02  8.20142E-02   2.72603E+02  8.34248E-02   2.74222E+02  8.46456E-02   2.75901E+02  8.56774E-02   2.77647E+02  8.65314E-02   2.79452E+02  8.72183E-02   2.81316E+02  8.77413E-02   2.83243E+02  8.81152E-02   2.85221E+02  8.83440E-02   2.87260E+02  8.84416E-02   2.89353E+02  8.84149E-02   2.91498E+02  8.82775E-02   2.93701E+02  8.80373E-02   2.95955E+02  8.76991E-02   2.98261E+02  8.72729E-02   3.00618E+02  8.67596E-02   3.03021E+02  8.61722E-02   3.05473E+02  8.55189E-02   3.07974E+02  8.48075E-02   3.10517E+02  8.40468E-02   3.13106E+02  8.32312E-02   3.15741E+02 
 0.00000E+00   0.00000E+00  0.00000E+00   0.00000E+00  0.00000E+00   0.00000E+00  0.00000E+00   0.00000E+00  0.00000E+00   0.00000E+00  0.00000E+00   0.00000E+00  0.00000E+00   0.00000E+00  0.00000E+00   0.00000E+00  0.00000E+00   0.00000E+00  0.00000E+00   0.00000E+00  0.00000E+00   0.00000E+00  0.00000E+00   0.00000E+00  0.00000E+00   0.00000E+00  0.00000E+00   0.00000E+00  0.00000E+00   0.00000E+00  0.00000E+00   0.00000E+00  0.00000E+00   0.00000E+00  0.00000E+00   0.00000E+00  0.00000E+00   0.00000E+00  0.00000E+00   0.00000E+00  0.00000E+00   0.00000E+00  0.00000E+00   0.00000E+00  0.00000E+00   0.00000E+00  0.00000E+00   0.00000E+00  0.00000E+00   0.00000E+00  0.00000E+00   0.00000E+00  0.00000E+00   0.00000E+00  0.00000E+00   0.00000E+00  0.00000E+00   0.00000E+00  0.00000E+00   0.00000E+00  0.00000E+00   0.00000E+00  0.00000E+00   0.00000E+00  0.00000E+00   0.00000E+00  0.00000E+00   0.00000E+00  0.00000E+00   0.00000E+00  0.00000E+00   0.00000E+00  0.00000E+00   0.00000E+00  0.00000E+00   0.00000E+00  1.12354E-16   2.56499E+02  5.22320E-03   2.56499E+02  1.04233E-02   2.56617E+02  1.55763E-02   2.56802E+02  2.06614E-02   2.57071E+02  2.56543E-02   2.57408E+02  3.05381E-02   2.57827E+02  3.52889E-02   2.58314E+02  3.98943E-02   2.58883E+02  4.43324E-02   2.59518E+02  4.85948E-02   2.60235E+02  5.26638E-02   2.61017E+02  5.65330E-02   2.61878E+02  6.01916E-02   2.62807E+02  6.36332E-02   2.63809E+02  6.68555E-02   2.64881E+02  6.98503E-02   2.66021E+02  7.26249E-02   2.67234E+02  7.51684E-02   2.68510E+02  7.74958E-02   2.69859E+02  7.95976E-02   2.71272E+02  8.14882E-02   2.72752E+02  8.31681E-02   2.74298E+02  8.46429E-02   2.75907E+02  8.59261E-02   2.77581E+02  8.70152E-02   2.79316E+02  8.79296E-02   2.81111E+02  8.86698E-02   2.82967E+02  8.92472E-02   2.84878E+02  8.96749E-02   2.86849E+02  8.99550E-02   2.88876E+02  9.01039E-02   2.90956E+02  9.01272E-02   2.93097E+02  9.00313E-02   2.95288E+02  8.98299E-02   2.97533E+02  8.95234E-02   2.99830E+02  8.91246E-02   3.02172E+02  8.86442E-02   3.04563E+02  8.80860E-02   3.07007E+02  8.74625E-02   3.09491E+02  8.67761E-02   3.12023E+02  8.60246E-02   3.14605E+02  8.52279E-02   3.17225E+02 
 0.00000E+00   0.00000E+00  0.00000E+00   0.00000E+00  0.00000E+00   0.00000E+00  0.00000E+00   0.00000E+00  0.00000E+00   0.00000E+00  0.00000E+00   0.00000E+00  0.00000E+00   0.00000E+00  0.00000E+00   0.00000E+00  0.00000E+00   0.00000E+00  0.00000E+00   0.00000E+00  0.00000E+00   0.00000E+00  0.00000E+00   0.00000E+00  0.00000E+00   0.00000E+00  0.00000E+00   0.00000E+00  0.00000E+00   0.00000E+00  0.00000E+00   0.00000E+00  0.00000E+00   0.00000E+00  0.00000E+00   0.00000E+00  0.00000E+00   0.00000E+00  0.00000E+00   0.00000E+00  0.00000E+00   0.00000E+00  0.00000E+00   0.00000E+00  0.00000E+00   0.00000E+00  0.00000E+00   0.00000E+00  0.00000E+00   0.00000E+00  0.00000E+00   0.00000E+00  0.00000E+00   0.00000E+00  0.00000E+00   0.00000E+00  0.00000E+00   0.00000E+00  0.00000E+00   0.00000E+00  0.00000E+00   0.00000E+00  0.00000E+00   0.00000E+00  0.00000E+00   0.00000E+00  0.00000E+00   0.00000E+00  0.00000E+00   0.00000E+00  0.00000E+00   0.00000E+00  0.00000E+00   0.00000E+00  0.00000E+00   0.00000E+00  1.12874E-16   2.58361E+02  5.24735E-03   2.58361E+02  1.04720E-02   2.58469E+02  1.56508E-02   2.58662E+02  2.07622E-02   2.58921E+02  2.57843E-02   2.59263E+02  3.06979E-02   2.59674E+02  3.54823E-02   2.60163E+02  4.01224E-02   2.60723E+02  4.45990E-02   2.61360E+02  4.89022E-02   2.62067E+02  5.30144E-02   2.62849E+02  5.69312E-02   2.63702E+02  6.06372E-02   2.64626E+02  6.41326E-02   2.65622E+02  6.74064E-02   2.66686E+02  7.04598E-02   2.67824E+02  7.32893E-02   2.69026E+02  7.58945E-02   2.70300E+02  7.82798E-02   2.71639E+02  8.04434E-02   2.73045E+02  8.23953E-02   2.74519E+02  8.41352E-02   2.76054E+02  8.56730E-02   2.77657E+02  8.70150E-02   2.79319E+02  8.81663E-02   2.81044E+02  8.91400E-02   2.82830E+02  8.99377E-02   2.84673E+02  9.05740E-02   2.86578E+02  9.10537E-02   2.88538E+02  9.13844E-02   2.90555E+02  9.15820E-02   2.92629E+02  9.16452E-02   2.94756E+02  9.15949E-02   2.96935E+02  9.14339E-02   2.99169E+02  9.11673E-02   3.01450E+02  9.08129E-02   3.03780E+02  9.03654E-02   3.06165E+02  8.98389E-02   3.08593E+02  8.92423E-02   3.11068E+02  8.85741E-02   3.13593E+02  8.78542E-02   3.16157E+02  8.70819E-02   3.18767E+02 
 0.00000E+00   0.00000E+00  0.00000E+00   0.00000E+00  0.00000E+00   0.00000E+00  0.00000E+00   0.00000E+00  0.00000E+00   0.00000E+00  0.00000E+00   0.00000E+00  0.00000E+00   0.00000E+00  0.00000E+00   0.00000E+00  0.00000E+00   0.00000E+00  0.00000E+00   0.00000E+00  0.00000E+00   0.00000E+00  0.00000E+00   0.00000E+00  0.00000E+00   0.00000E+00  0.00000E+00   0.00000E+00  0.00000E+00   0.00000E+00  0.00000E+00   0.00000E+00  0.00000E+00   0.00000E+00  0.00000E+00   0.00000E+00  0.00000E+00   0.00000E+00  0.00000E+00   0.00000E+00  0.00000E+00   0.00000E+00  0.00000E+00   0.00000E+00  0.00000E+00   0.00000E+00  0.00000E+00   0.00000E+00  0.00000E+00   0.00000E+00  0.00000E+00   0.00000E+00  0.00000E+00   0.00000E+00  0.00000E+00   0.00000E+00  0.00000E+00   0.00000E+00  0.00000E+00   0.00000E+00  0.00000E+00   0.00000E+00  0.00000E+00   0.00000E+00  0.00000E+00   0.00000E+00  0.00000E+00   0.00000E+00  0.00000E+00   0.00000E+00  0.00000E+00   0.00000E+00  0.00000E+00   0.00000E+00  0.00000E+00   0.00000E+00  1.13152E-16   2.60275E+02  5.26032E-03   2.60275E+02  1.04979E-02   2.60392E+02  1.56914E-02   2.60576E+02  2.08184E-02   2.60841E+02  2.58582E-02   2.61175E+02  3.07916E-02   2.61587E+02  3.55987E-02   2.62070E+02  4.02639E-02   2.62630E+02  4.47694E-02   2.63260E+02  4.91038E-02   2.63965E+02  5.32515E-02   2.64741E+02  5.72058E-02   2.65589E+02  6.09540E-02   2.66509E+02  6.44930E-02   2.67497E+02  6.78146E-02   2.68558E+02  7.09170E-02   2.69686E+02  7.37992E-02   2.70884E+02  7.64575E-02   2.72148E+02  7.88995E-02   2.73480E+02  8.11195E-02   2.74880E+02  8.31303E-02   2.76342E+02  8.49293E-02   2.77873E+02  8.65266E-02   2.79464E+02  8.79285E-02   2.81119E+02  8.91381E-02   2.82836E+02  9.01687E-02   2.84609E+02  9.10221E-02   2.86446E+02  9.17112E-02   2.88337E+02  9.22427E-02   2.90286E+02  9.26275E-02   2.92293E+02  9.28744E-02   2.94353E+02  9.29933E-02   2.96470E+02  9.29927E-02   2.98639E+02  9.28752E-02   3.00860E+02  9.26528E-02   3.03132E+02  9.23294E-02   3.05453E+02  9.19156E-02   3.07823E+02  9.14248E-02   3.10241E+02  9.08584E-02   3.12703E+02  9.02277E-02   3.15212E+02  8.95316E-02   3.17767E+02  8.87767E-02   3.20363E+02 
 0.00000E+00   0.00000E+00  0.00000E+00   0.00000E+00  0.00000E+00   0.00000E+00  0.00000E+00   0.00000E+00  0.00000E+00   0.00000E+00  0.00000E+00   0.00000E+00  0.00000E+00   0.00000E+00  0.00000E+00   0.00000E+00  0.00000E+00   0.00000E+00  0.00000E+00   0.00000E+00  0.00000E+00   0.00000E+00  0.00000E+00   0.00000E+00  0.00000E+00   0.00000E+00  0.00000E+00   0.00000E+00  0.00000E+00   0.00000E+00  0.00000E+00   0.00000E+00  0.00000E+00   0.00000E+00  0.00000E+00   0.00000E+00  0.00000E+00   0.00000E+00  0.00000E+00   0.00000E+00  0.00000E+00   0.00000E+00  0.00000E+00   0.00000E+00  0.00000E+00   0.00000E+00  0.00000E+00   0.00000E+00  0.00000E+00   0.00000E+00  0.00000E+00   0.00000E+00  0.00000E+00   0.00000E+00  0.00000E+00   0.00000E+00  0.00000E+00   0.00000E+00  0.00000E+00   0.00000E+00  0.00000E+00   0.00000E+00  0.00000E+00   0.00000E+00  0.00000E+00   0.00000E+00  0.00000E+00   0.00000E+00  0.00000E+00   0.00000E+00  0.00000E+00   0.00000E+00  0.00000E+00   0.00000E+00  0.00000E+00   0.00000E+00  1.13203E-16   2.62264E+02  5.26268E-03   2.62264E+02  1.05036E-02   2.62371E+02  1.57009E-02   2.62561E+02  2.08335E-02   2.62819E+02  2.58813E-02   2.63155E+02  3.08244E-02   2.63562E+02  3.56450E-02   2.64044E+02  4.03260E-02   2.64599E+02  4.48511E-02   2.65225E+02  4.92086E-02   2.65926E+02  5.33825E-02   2.66695E+02  5.73679E-02   2.67540E+02  6.11482E-02   2.68451E+02  6.47264E-02   2.69437E+02  6.80859E-02   2.70488E+02  7.12345E-02   2.71611E+02  7.41604E-02   2.72801E+02  7.68701E-02   2.74059E+02  7.93619E-02   2.75385E+02  8.16357E-02   2.76775E+02  8.37023E-02   2.78233E+02  8.55550E-02   2.79752E+02  8.72113E-02   2.81335E+02  8.86674E-02   2.82980E+02  8.99341E-02   2.84683E+02  9.10217E-02   2.86448E+02  9.19299E-02   2.88271E+02  9.26774E-02   2.90152E+02  9.32658E-02   2.92093E+02  9.37043E-02   2.94088E+02  9.40071E-02   2.96140E+02  9.41719E-02   2.98247E+02  9.42147E-02   3.00402E+02  9.41408E-02   3.02612E+02  9.39558E-02   3.04870E+02  9.36785E-02   3.07176E+02  9.33098E-02   3.09537E+02  9.28567E-02   3.11940E+02  9.23283E-02   3.14389E+02  9.17219E-02   3.16891E+02  9.10537E-02   3.19431E+02  9.03341E-02   3.22014E+02 
 0.00000E+00   0.00000E+00  0.00000E+00   0.00000E+00  0.00000E+00   0.00000E+00  0.00000E+00   0.00000E+00  0.00000E+00   0.00000E+00  0.00000E+00   0.00000E+00  0.00000E+00   0.00000E+00  0.00000E+00   0.00000E+00  0.00000E+00   0.00000E+00  0.00000E+00   0.00000E+00  0.00000E+00   0.00000E+00  0.00000E+00   0.00000E+00  0.00000E+00   0.00000E+00  0.00000E+00   0.00000E+00  0.00000E+00   0.00000E+00  0.00000E+00   0.00000E+00  0.00000E+00   0.00000E+00  0.00000E+00   0.00000E+00  0.00000E+00   0.00000E+00  0.00000E+00   0.00000E+00  0.00000E+00   0.00000E+00  0.00000E+00   0.00000E+00  0.00000E+00   0.00000E+00  0.00000E+00   0.00000E+00  0.00000E+00   0.00000E+00  0.00000E+00   0.00000E+00  0.00000E+00   0.00000E+00  0.00000E+00   0.00000E+00  0.00000E+00   0.00000E+00  0.00000E+00   0.00000E+00  0.00000E+00   0.00000E+00  0.00000E+00   0.00000E+00  0.00000E+00   0.00000E+00  0.00000E+00   0.00000E+00  0.00000E+00   0.00000E+00  0.00000E+00   0.00000E+00  0.00000E+00   0.00000E+00  0.00000E+00   0.00000E+00  1.13054E-16   2.64306E+02  5.25575E-03   2.64306E+02  1.04895E-02   2.64417E+02  1.56821E-02   2.64603E+02  2.08102E-02   2.64859E+02  2.58572E-02   2.65193E+02  3.08004E-02   2.65596E+02  3.56260E-02   2.66077E+02  4.03130E-02   2.66625E+02  4.48508E-02   2.67251E+02  4.92210E-02   2.67943E+02  5.34159E-02   2.68712E+02  5.74214E-02   2.69547E+02  6.12310E-02   2.70456E+02  6.48374E-02   2.71433E+02  6.82329E-02   2.72480E+02  7.14190E-02   2.73598E+02  7.43855E-02   2.74780E+02  7.71413E-02   2.76033E+02  7.96776E-02   2.77349E+02  8.20034E-02   2.78733E+02  8.41185E-02   2.80179E+02  8.60254E-02   2.81689E+02  8.77357E-02   2.83262E+02  8.92446E-02   2.84894E+02  9.05701E-02   2.86590E+02  9.17106E-02   2.88344E+02  9.26762E-02   2.90158E+02  9.34794E-02   2.92030E+02  9.41176E-02   2.93959E+02  9.46127E-02   2.95944E+02  9.49620E-02   2.97984E+02  9.51777E-02   3.00075E+02  9.52740E-02   3.02220E+02  9.52452E-02   3.04416E+02  9.51146E-02   3.06660E+02  9.48818E-02   3.08961E+02  9.45486E-02   3.11307E+02  9.41349E-02   3.13696E+02  9.36357E-02   3.16139E+02  9.30678E-02   3.18622E+02  9.24394E-02   3.21148E+02  9.17414E-02   3.23719E+02 
 0.00000E+00   0.00000E+00  0.00000E+00   0.00000E+00  0.00000E+00   0.00000E+00  0.00000E+00   0.00000E+00  0.00000E+00   0.00000E+00  0.00000E+00   0.00000E+00  0.00000E+00   0.00000E+00  0.00000E+00   0.00000E+00  0.00000E+00   0.00000E+00  0.00000E+00   0.00000E+00  0.00000E+00   0.00000E+00  0.00000E+00   0.00000E+00  0.00000E+00   0.00000E+00  0.00000E+00   0.00000E+00  0.00000E+00   0.00000E+00  0.00000E+00   0.00000E+00  0.00000E+00   0.00000E+00  0.00000E+00   0.00000E+00  0.00000E+00   0.00000E+00  0.00000E+00   0.00000E+00  0.00000E+00   0.00000E+00  0.00000E+00   0.00000E+00  0.00000E+00   0.00000E+00  0.00000E+00   0.00000E+00  0.00000E+00   0.00000E+00  0.00000E+00   0.00000E+00  0.00000E+00   0.00000E+00  0.00000E+00   0.00000E+00  0.00000E+00   0.00000E+00  0.00000E+00   0.00000E+00  0.00000E+00   0.00000E+00  0.00000E+00   0.00000E+00  0.00000E+00   0.00000E+00  0.00000E+00   0.00000E+00  0.00000E+00   0.00000E+00  0.00000E+00   0.00000E+00  0.00000E+00   0.00000E+00  0.00000E+00   0.00000E+00  1.12708E-16   2.66409E+02  5.23968E-03   2.66409E+02  1.04587E-02   2.66519E+02  1.56365E-02   2.66702E+02  2.07530E-02   2.66960E+02  2.57893E-02   2.67289E+02  3.07259E-02   2.67693E+02  3.55469E-02   2.68167E+02  4.02338E-02   2.68715E+02  4.47745E-02   2.69334E+02  4.91522E-02   2.70025E+02  5.33585E-02   2.70787E+02  5.73797E-02   2.71619E+02  6.12094E-02   2.72522E+02  6.48396E-02   2.73493E+02  6.82640E-02   2.74536E+02  7.14811E-02   2.75643E+02  7.44844E-02   2.76821E+02  7.72784E-02   2.78063E+02  7.98570E-02   2.79372E+02  8.22284E-02   2.80746E+02  8.43898E-02   2.82182E+02  8.63481E-02   2.83685E+02  8.81075E-02   2.85245E+02  8.96705E-02   2.86871E+02  9.10484E-02   2.88555E+02  9.22415E-02   2.90298E+02  9.32634E-02   2.92103E+02  9.41173E-02   2.93961E+02  9.48145E-02   2.95880E+02  9.53625E-02   2.97853E+02  9.57661E-02   2.99879E+02  9.60380E-02   3.01961E+02  9.61781E-02   3.04094E+02  9.61996E-02   3.06277E+02  9.61116E-02   3.08514E+02  9.59167E-02   3.10798E+02  9.56316E-02   3.13128E+02  9.52583E-02   3.15508E+02  9.48045E-02   3.17934E+02  9.42769E-02   3.20405E+02  9.36736E-02   3.22919E+02  9.30136E-02   3.25478E+02 
 0.00000E+00   0.00000E+00  0.00000E+00   0.00000E+00  0.00000E+00   0.00000E+00  0.00000E+00   0.00000E+00  0.00000E+00   0.00000E+00  0.00000E+00   0.00000E+00  0.00000E+00   0.00000E+00  0.00000E+00   0.00000E+00  0.00000E+00   0.00000E+00  0.00000E+00   0.00000E+00  0.00000E+00   0.00000E+00  0.00000E+00   0.00000E+00  0.00000E+00   0.00000E+00  0.00000E+00   0.00000E+00  0.00000E+00   0.00000E+00  0.00000E+00   0.00000E+00  0.00000E+00   0.00000E+00  0.00000E+00   0.00000E+00  0.00000E+00   0.00000E+00  0.00000E+00   0.00000E+00  0.00000E+00   0.00000E+00  0.00000E+00   0.00000E+00  0.00000E+00   0.00000E+00  0.00000E+00   0.00000E+00  0.00000E+00   0.00000E+00  0.00000E+00   0.00000E+00  0.00000E+00   0.00000E+00  0.00000E+00   0.00000E+00  0.00000E+00   0.00000E+00  0.00000E+00   0.00000E+00  0.00000E+00   0.00000E+00  0.00000E+00   0.00000E+00  0.00000E+00   0.00000E+00  0.00000E+00   0.00000E+00  0.00000E+00   0.00000E+00  0.00000E+00   0.00000E+00  0.00000E+00   0.00000E+00  0.00000E+00   0.00000E+00  1.12201E-16   2.68574E+02  5.21609E-03   2.68574E+02  1.04117E-02   2.68682E+02  1.55680E-02   2.68866E+02  2.06641E-02   2.69120E+02  2.56829E-02   2.69449E+02  3.06042E-02   2.69847E+02  3.54137E-02   2.70320E+02  4.00921E-02   2.70863E+02  4.46291E-02   2.71479E+02  4.90061E-02   2.72165E+02  5.32175E-02   2.72922E+02  5.72465E-02   2.73749E+02  6.10909E-02   2.74646E+02  6.47376E-02   2.75612E+02  6.81856E-02   2.76645E+02  7.14289E-02   2.77748E+02  7.44632E-02   2.78916E+02  7.72926E-02   2.80152E+02  7.99087E-02   2.81452E+02  8.23226E-02   2.82816E+02  8.45270E-02   2.84245E+02  8.65319E-02   2.85735E+02  8.83392E-02   2.87288E+02  8.99510E-02   2.88902E+02  9.13807E-02   2.90575E+02  9.26265E-02   2.92309E+02  9.37016E-02   2.94101E+02  9.46128E-02   2.95951E+02  9.53620E-02   2.97858E+02  9.59632E-02   2.99818E+02  9.64182E-02   3.01835E+02  9.67346E-02   3.03902E+02  9.69268E-02   3.06021E+02  9.69966E-02   3.08194E+02  9.69584E-02   3.10414E+02  9.68185E-02   3.12685E+02  9.65778E-02   3.15006E+02  9.62485E-02   3.17371E+02  9.58314E-02   3.19788E+02  9.53349E-02   3.22244E+02  9.47765E-02   3.24743E+02  9.41484E-02   3.27290E+02 
 0.00000E+00   0.00000E+00  0.00000E+00   0.00000E+00  0.00000E+00   0.00000E+00  0.00000E+00   0.00000E+00  0.00000E+00   0.00000E+00  0.00000E+00   0.00000E+00  0.00000E+00   0.00000E+00  0.00000E+00   0.00000E+00  0.00000E+00   0.00000E+00  0.00000E+00   0.00000E+00  0.00000E+00   0.00000E+00  0.00000E+00   0.00000E+00  0.00000E+00   0.00000E+00  0.00000E+00   0.00000E+00  0.00000E+00   0.00000E+00  0.00000E+00   0.00000E+00  0.00000E+00   0.00000E+00  0.00000E+00   0.00000E+00  0.00000E+00   0.00000E+00  0.00000E+00   0.00000E+00  0.00000E+00   0.00000E+00  0.00000E+00   0.00000E+00  0.00000E+00   0.00000E+00  0.00000E+00   0.00000E+00  0.00000E+00   0.00000E+00  0.00000E+00   0.00000E+00  0.00000E+00   0.00000E+00  0.00000E+00   0.00000E+00  0.00000E+00   0.00000E+00  0.00000E+00   0.00000E+00  0.00000E+00   0.00000E+00  0.00000E+00   0.00000E+00  0.00000E+00   0.00000E+00  0.00000E+00   0.00000E+00  0.00000E+00   0.00000E+00  0.00000E+00   0.00000E+00  0.00000E+00   0.00000E+00  0.00000E+00   0.00000E+00  1.11528E-16   2.70792E+02  5.18480E-03   2.70792E+02  1.03504E-02   2.70904E+02  1.54768E-02   2.71082E+02  2.05462E-02   2.71337E+02  2.55392E-02   2.71662E+02  3.04393E-02   2.72060E+02  3.52292E-02   2.72528E+02  3.98938E-02   2.73069E+02  4.44192E-02   2.73680E+02  4.87907E-02   2.74362E+02  5.30003E-02   2.75115E+02  5.70323E-02   2.75936E+02  6.08855E-02   2.76829E+02  6.45438E-02   2.77786E+02  6.80113E-02   2.78816E+02  7.12738E-02   2.79909E+02  7.43371E-02   2.81071E+02  7.71936E-02   2.82297E+02  7.98444E-02   2.83588E+02  8.22946E-02   2.84944E+02  8.45364E-02   2.86360E+02  8.65865E-02   2.87842E+02  8.84352E-02   2.89384E+02  9.00976E-02   2.90988E+02  9.15769E-02   2.92652E+02  9.28720E-02   2.94375E+02  9.40041E-02   2.96157E+02  9.49621E-02   2.97996E+02  9.57649E-02   2.99889E+02  9.64182E-02   3.01837E+02  9.69201E-02   3.03840E+02  9.72956E-02   3.05893E+02  9.75381E-02   3.08003E+02  9.76600E-02   3.10161E+02  9.76751E-02   3.12371E+02  9.75737E-02   3.14633E+02  9.73765E-02   3.16935E+02  9.70884E-02   3.19290E+02  9.67124E-02   3.21690E+02  9.62683E-02   3.24129E+02  9.57430E-02   3.26619E+02  9.51532E-02   3.29152E+02 
 0.00000E+00   0.00000E+00  0.00000E+00   0.00000E+00  0.00000E+00   0.00000E+00  0.00000E+00   0.00000E+00  0.00000E+00   0.00000E+00  0.00000E+00   0.00000E+00  0.00000E+00   0.00000E+00  0.00000E+00   0.00000E+00  0.00000E+00   0.00000E+00  0.00000E+00   0.00000E+00  0.00000E+00   0.00000E+00  0.00000E+00   0.00000E+00  0.00000E+00   0.00000E+00  0.00000E+00   0.00000E+00  0.00000E+00   0.00000E+00  0.00000E+00   0.00000E+00  0.00000E+00   0.00000E+00  0.00000E+00   0.00000E+00  0.00000E+00   0.00000E+00  0.00000E+00   0.00000E+00  0.00000E+00   0.00000E+00  0.00000E+00   0.00000E+00  0.00000E+00   0.00000E+00  0.00000E+00   0.00000E+00  0.00000E+00   0.00000E+00  0.00000E+00   0.00000E+00  0.00000E+00   0.00000E+00  0.00000E+00   0.00000E+00  0.00000E+00   0.00000E+00  0.00000E+00   0.00000E+00  0.00000E+00   0.00000E+00  0.00000E+00   0.00000E+00  0.00000E+00   0.00000E+00  0.00000E+00   0.00000E+00  0.00000E+00   0.00000E+00  0.00000E+00   0.00000E+00  0.00000E+00   0.00000E+00  0.00000E+00   0.00000E+00  1.10726E-16   2.73073E+02  5.14753E-03   2.73073E+02  1.02764E-02   2.73181E+02  1.53674E-02   2.73360E+02  2.04035E-02   2.73613E+02  2.53650E-02   2.73935E+02  3.02377E-02   2.74332E+02  3.50021E-02   2.74795E+02  3.96469E-02   2.75335E+02  4.41543E-02   2.75940E+02  4.85154E-02   2.76620E+02  5.27153E-02   2.77365E+02  5.67467E-02   2.78184E+02  6.05998E-02   2.79067E+02  6.42662E-02   2.80021E+02  6.77442E-02   2.81040E+02  7.10223E-02   2.82126E+02  7.41071E-02   2.83279E+02  7.69857E-02   2.84494E+02  7.96687E-02   2.85778E+02  8.21481E-02   2.87122E+02  8.44300E-02   2.88532E+02  8.65192E-02   2.90003E+02  8.84104E-02   2.91536E+02  9.01225E-02   2.93132E+02  9.16434E-02   2.94783E+02  9.29932E-02   2.96497E+02  9.41701E-02   2.98266E+02  9.51782E-02   3.00091E+02  9.60364E-02   3.01973E+02  9.67345E-02   3.03908E+02  9.72955E-02   3.05898E+02  9.77199E-02   3.07944E+02  9.80089E-02   3.10038E+02  9.81856E-02   3.12185E+02  9.82412E-02   3.14383E+02  9.81894E-02   3.16623E+02  9.80450E-02   3.18915E+02  9.78036E-02   3.21257E+02  9.74790E-02   3.23641E+02  9.70666E-02   3.26071E+02  9.65824E-02   3.28548E+02  9.60343E-02   3.31067E+02 
 0.00000E+00   0.00000E+00  0.00000E+00   0.00000E+00  0.00000E+00   0.00000E+00  0.00000E+00   0.00000E+00  0.00000E+00   0.00000E+00  0.00000E+00   0.00000E+00  0.00000E+00   0.00000E+00  0.00000E+00   0.00000E+00  0.00000E+00   0.00000E+00  0.00000E+00   0.00000E+00  0.00000E+00   0.00000E+00  0.00000E+00   0.00000E+00  0.00000E+00   0.00000E+00  0.00000E+00   0.00000E+00  0.00000E+00   0.00000E+00  0.00000E+00   0.00000E+00  0.00000E+00   0.00000E+00  0.00000E+00   0.00000E+00  0.00000E+00   0.00000E+00  0.00000E+00   0.00000E+00  0.00000E+00   0.00000E+00  0.00000E+00   0.00000E+00  0.00000E+00   0.00000E+00  0.00000E+00   0.00000E+00  0.00000E+00   0.00000E+00  0.00000E+00   0.00000E+00  0.00000E+00   0.00000E+00  0.00000E+00   0.00000E+00  0.00000E+00   0.00000E+00  0.00000E+00   0.00000E+00  0.00000E+00   0.00000E+00  0.00000E+00   0.00000E+00  0.00000E+00   0.00000E+00  0.00000E+00   0.00000E+00  0.00000E+00   0.00000E+00  0.00000E+00   0.00000E+00  0.00000E+00   0.00000E+00  0.00000E+00   0.00000E+00  1.09797E-16   2.75410E+02  5.10435E-03   2.75410E+02  1.01908E-02   2.75517E+02  1.52405E-02   2.75697E+02  2.02370E-02   2.75945E+02  2.51618E-02   2.76268E+02  3.00000E-02   2.76658E+02  3.47341E-02   2.77122E+02  3.93520E-02   2.77654E+02  4.38367E-02   2.78257E+02  4.81801E-02   2.78930E+02  5.23661E-02   2.79670E+02  5.63901E-02   2.80481E+02  6.02386E-02   2.81358E+02  6.39087E-02   2.82305E+02  6.73915E-02   2.83315E+02  7.06839E-02   2.84395E+02  7.37839E-02   2.85537E+02  7.66852E-02   2.86748E+02  7.93941E-02   2.88021E+02  8.19024E-02   2.89358E+02  8.42201E-02   2.90759E+02  8.63421E-02   2.92219E+02  8.82766E-02   2.93745E+02  9.00263E-02   2.95326E+02  9.15934E-02   2.96968E+02  9.29889E-02   2.98670E+02  9.42109E-02   3.00425E+02  9.52730E-02   3.02241E+02  9.61757E-02   3.04109E+02  9.69278E-02   3.06033E+02  9.75389E-02   3.08013E+02  9.80092E-02   3.10041E+02  9.83562E-02   3.12124E+02  9.85798E-02   3.14258E+02  9.86868E-02   3.16437E+02  9.86889E-02   3.18669E+02  9.85889E-02   3.20950E+02  9.83923E-02   3.23278E+02  9.81013E-02   3.25647E+02  9.77374E-02   3.28062E+02  9.72985E-02   3.30525E+02  9.67877E-02   3.33026E+02 
 0.00000E+00   0.00000E+00  0.00000E+00   0.00000E+00  0.00000E+00   0.00000E+00  0.00000E+00   0.00000E+00  0.00000E+00   0.00000E+00  0.00000E+00   0.00000E+00  0.00000E+00   0.00000E+00  0.00000E+00   0.00000E+00  0.00000E+00   0.00000E+00  0.00000E+00   0.00000E+00  0.00000E+00   0.00000E+00  0.00000E+00   0.00000E+00  0.00000E+00   0.00000E+00  0.00000E+00   0.00000E+00  0.00000E+00   0.00000E+00  0.00000E+00   0.00000E+00  0.00000E+00   0.00000E+00  0.00000E+00   0.00000E+00  0.00000E+00   0.00000E+00  0.00000E+00   0.00000E+00  0.00000E+00   0.00000E+00  0.00000E+00   0.00000E+00  0.00000E+00   0.00000E+00  0.00000E+00   0.00000E+00  0.00000E+00   0.00000E+00  0.00000E+00   0.00000E+00  0.00000E+00   0.00000E+00  0.00000E+00   0.00000E+00  0.00000E+00   0.00000E+00  0.00000E+00   0.00000E+00  0.00000E+00   0.00000E+00  0.00000E+00   0.00000E+00  0.00000E+00   0.00000E+00  0.00000E+00   0.00000E+00  0.00000E+00   0.00000E+00  0.00000E+00   0.00000E+00  0.00000E+00   0.00000E+00  0.00000E+00   0.00000E+00  1.08760E-16   2.77800E+02  5.05612E-03   2.77800E+02  1.00945E-02   2.77905E+02  1.50983E-02   2.78083E+02  2.00499E-02   2.78330E+02  2.49329E-02   2.78649E+02  2.97320E-02   2.79038E+02  3.44308E-02   2.79497E+02  3.90169E-02   2.80026E+02  4.34749E-02   2.80625E+02  4.77954E-02   2.81291E+02  5.19640E-02   2.82027E+02  5.59754E-02   2.82831E+02  5.98160E-02   2.83703E+02  6.34840E-02   2.84641E+02  6.69685E-02   2.85646E+02  7.02688E-02   2.86718E+02  7.33795E-02   2.87854E+02  7.62979E-02   2.89055E+02  7.90266E-02   2.90319E+02  8.15599E-02   2.91648E+02  8.39061E-02   2.93037E+02  8.60615E-02   2.94489E+02  8.80318E-02   2.96002E+02  8.98224E-02   2.97573E+02  9.14317E-02   2.99205E+02  9.28714E-02   3.00892E+02  9.41411E-02   3.02638E+02  9.52471E-02   3.04441E+02  9.62001E-02   3.06296E+02  9.70002E-02   3.08211E+02  9.76596E-02   3.10174E+02  9.81860E-02   3.12191E+02  9.85798E-02   3.14262E+02  9.88540E-02   3.16378E+02  9.90097E-02   3.18550E+02  9.90567E-02   3.20768E+02  9.90044E-02   3.23033E+02  9.88486E-02   3.25344E+02  9.86153E-02   3.27697E+02  9.82981E-02   3.30102E+02  9.78980E-02   3.32550E+02  9.74354E-02   3.35037E+02 
 0.00000E+00   0.00000E+00  0.00000E+00   0.00000E+00  0.00000E+00   0.00000E+00  0.00000E+00   0.00000E+00  0.00000E+00   0.00000E+00  0.00000E+00   0.00000E+00  0.00000E+00   0.00000E+00  0.00000E+00   0.00000E+00  0.00000E+00   0.00000E+00  0.00000E+00   0.00000E+00  0.00000E+00   0.00000E+00  0.00000E+00   0.00000E+00  0.00000E+00   0.00000E+00  0.00000E+00   0.00000E+00  0.00000E+00   0.00000E+00  0.00000E+00   0.00000E+00  0.00000E+00   0.00000E+00  0.00000E+00   0.00000E+00  0.00000E+00   0.00000E+00  0.00000E+00   0.00000E+00  0.00000E+00   0.00000E+00  0.00000E+00   0.00000E+00  0.00000E+00   0.00000E+00  0.00000E+00   0.00000E+00  0.00000E+00   0.00000E+00  0.00000E+00   0.00000E+00  0.00000E+00   0.00000E+00  0.00000E+00   0.00000E+00  0.00000E+00   0.00000E+00  0.00000E+00   0.00000E+00  0.00000E+00   0.00000E+00  0.00000E+00   0.00000E+00  0.00000E+00   0.00000E+00  0.00000E+00   0.00000E+00  0.00000E+00   0.00000E+00  0.00000E+00   0.00000E+00  0.00000E+00   0.00000E+00  0.00000E+00   0.00000E+00  1.07631E-16   2.80242E+02  5.00362E-03   2.80242E+02  9.99017E-03   2.80345E+02  1.49434E-02   2.80523E+02  1.98459E-02   2.80768E+02  2.46833E-02   2.81085E+02  2.94380E-02   2.81470E+02  3.40979E-02   2.81927E+02  3.86468E-02   2.82451E+02  4.30735E-02   2.83045E+02  4.73657E-02   2.83707E+02  5.15119E-02   2.84437E+02  5.55048E-02   2.85235E+02  5.93320E-02   2.86100E+02  6.29928E-02   2.87032E+02  6.64728E-02   2.88029E+02  6.97775E-02   2.89093E+02  7.28937E-02   2.90220E+02  7.58271E-02   2.91413E+02  7.85730E-02   2.92668E+02  8.11293E-02   2.93987E+02  8.35053E-02   2.95367E+02  8.56884E-02   2.96808E+02  8.76977E-02   2.98310E+02  8.95213E-02   2.99871E+02  9.11698E-02   3.01490E+02  9.26521E-02   3.03167E+02  9.39580E-02   3.04902E+02  9.51145E-02   3.06690E+02  9.61108E-02   3.08537E+02  9.69589E-02   3.10435E+02  9.76738E-02   3.12387E+02  9.82426E-02   3.14393E+02  9.86887E-02   3.16446E+02  9.90108E-02   3.18553E+02  9.92129E-02   3.20709E+02  9.93145E-02   3.22910E+02  9.93056E-02   3.25162E+02  9.92058E-02   3.27458E+02  9.90158E-02   3.29802E+02  9.87352E-02   3.32195E+02  9.83851E-02   3.34625E+02  9.79563E-02   3.37096E+02 
 0.00000E+00   0.00000E+00  0.00000E+00   0.00000E+00  0.00000E+00   0.00000E+00  0.00000E+00   0.00000E+00  0.00000E+00   0.00000E+00  0.00000E+00   0.00000E+00  0.00000E+00   0.00000E+00  0.00000E+00   0.00000E+00  0.00000E+00   0.00000E+00  0.00000E+00   0.00000E+00  0.00000E+00   0.00000E+00  0.00000E+00   0.00000E+00  0.00000E+00   0.00000E+00  0.00000E+00   0.00000E+00  0.00000E+00   0.00000E+00  0.00000E+00   0.00000E+00  0.00000E+00   0.00000E+00  0.00000E+00   0.00000E+00  0.00000E+00   0.00000E+00  0.00000E+00   0.00000E+00  0.00000E+00   0.00000E+00  0.00000E+00   0.00000E+00  0.00000E+00   0.00000E+00  0.00000E+00   0.00000E+00  0.00000E+00   0.00000E+00  0.00000E+00   0.00000E+00  0.00000E+00   0.00000E+00  0.00000E+00   0.00000E+00  0.00000E+00   0.00000E+00  0.00000E+00   0.00000E+00  0.00000E+00   0.00000E+00  0.00000E+00   0.00000E+00  0.00000E+00   0.00000E+00  0.00000E+00   0.00000E+00  0.00000E+00   0.00000E+00  0.00000E+00   0.00000E+00  0.00000E+00   0.00000E+00  0.00000E+00   0.00000E+00  1.06411E-16   2.82734E+02  4.94694E-03   2.82734E+02  9.87718E-03   2.82839E+02  1.47757E-02   2.83014E+02  1.96250E-02   2.83257E+02  2.44116E-02   2.83572E+02  2.91185E-02   2.83953E+02  3.37340E-02   2.84407E+02  3.82416E-02   2.84925E+02  4.26332E-02   2.85517E+02  4.68916E-02   2.86171E+02  5.10132E-02   2.86898E+02  5.49819E-02   2.87687E+02  5.87956E-02   2.88548E+02  6.24429E-02   2.89471E+02  6.59199E-02   2.90462E+02  6.92243E-02   2.91518E+02  7.23450E-02   2.92637E+02  7.52925E-02   2.93823E+02  7.80478E-02   2.95067E+02  8.06296E-02   2.96379E+02  8.30213E-02   2.97748E+02  8.52338E-02   2.99179E+02  8.72706E-02   3.00671E+02  8.91210E-02   3.02218E+02  9.08127E-02   3.03827E+02  9.23239E-02   3.05492E+02  9.36792E-02   3.07212E+02  9.48805E-02   3.08992E+02  9.59177E-02   3.10823E+02  9.68233E-02   3.12710E+02  9.75760E-02   3.14651E+02  9.81943E-02   3.16639E+02  9.86916E-02   3.18682E+02  9.90567E-02   3.20774E+02  9.93145E-02   3.22914E+02  9.94597E-02   3.25105E+02  9.95007E-02   3.27342E+02  9.94436E-02   3.29625E+02  9.92965E-02   3.31955E+02  9.90716E-02   3.34329E+02  9.87605E-02   3.36741E+02  9.83798E-02   3.39200E+02 
 0.00000E+00   0.00000E+00  0.00000E+00   0.00000E+00  0.00000E+00   0.00000E+00  0.00000E+00   0.00000E+00  0.00000E+00   0.00000E+00  0.00000E+00   0.00000E+00  0.00000E+00   0.00000E+00  0.00000E+00   0.00000E+00  0.00000E+00   0.00000E+00  0.00000E+00   0.00000E+00  0.00000E+00   0.00000E+00  0.00000E+00   0.00000E+00  0.00000E+00   0.00000E+00  0.00000E+00   0.00000E+00  0.00000E+00   0.00000E+00  0.00000E+00   0.00000E+00  0.00000E+00   0.00000E+00  0.00000E+00   0.00000E+00  0.00000E+00   0.00000E+00  0.00000E+00   0.00000E+00  0.00000E+00   0.00000E+00  0.00000E+00   0.00000E+00  0.00000E+00   0.00000E+00  0.00000E+00   0.00000E+00  0.00000E+00   0.00000E+00  0.00000E+00   0.00000E+00  0.00000E+00   0.00000E+00  0.00000E+00   0.00000E+00  0.00000E+00   0.00000E+00  0.00000E+00   0.00000E+00  0.00000E+00   0.00000E+00  0.00000E+00   0.00000E+00  0.00000E+00   0.00000E+00  0.00000E+00   0.00000E+00  0.00000E+00   0.00000E+00  0.00000E+00   0.00000E+00  0.00000E+00   0.00000E+00  0.00000E+00   0.00000E+00  1.05112E-16   2.85274E+02  4.88653E-03   2.85274E+02  9.75779E-03   2.85380E+02  1.45971E-02   2.85550E+02  1.93909E-02   2.85796E+02  2.41225E-02   2.86103E+02  2.87792E-02   2.86487E+02  3.33461E-02   2.86932E+02  3.78113E-02   2.87451E+02  4.21621E-02   2.88034E+02  4.63872E-02   2.88687E+02  5.04780E-02   2.89406E+02  5.44220E-02   2.90191E+02  5.82170E-02   2.91046E+02  6.18475E-02   2.91961E+02  6.53187E-02   2.92949E+02  6.86130E-02   2.93993E+02  7.17401E-02   2.95109E+02  7.46855E-02   2.96282E+02  7.74548E-02   2.97519E+02  8.00480E-02   2.98819E+02  8.24553E-02   3.00176E+02  8.46970E-02   3.01599E+02  8.67516E-02   3.03075E+02  8.86441E-02   3.04614E+02  9.03650E-02   3.06211E+02  9.19157E-02   3.07862E+02  9.33185E-02   3.09577E+02  9.45497E-02   3.11340E+02  9.56395E-02   3.13160E+02  9.65824E-02   3.15036E+02  9.73763E-02   3.16957E+02  9.80495E-02   3.18937E+02  9.85880E-02   3.20965E+02  9.90045E-02   3.23042E+02  9.93097E-02   3.25171E+02  9.95025E-02   3.27346E+02  9.95864E-02   3.29567E+02  9.95808E-02   3.31835E+02  9.94905E-02   3.34151E+02  9.93011E-02   3.36509E+02  9.90379E-02   3.38909E+02  9.86984E-02   3.41359E+02 
 0.00000E+00   0.00000E+00  0.00000E+00   0.00000E+00  0.00000E+00   0.00000E+00  0.00000E+00   0.00000E+00  0.00000E+00   0.00000E+00  0.00000E+00   0.00000E+00  0.00000E+00   0.00000E+00  0.00000E+00   0.00000E+00  0.00000E+00   0.00000E+00  0.00000E+00   0.00000E+00  0.00000E+00   0.00000E+00  0.00000E+00   0.00000E+00  0.00000E+00   0.00000E+00  0.00000E+00   0.00000E+00  0.00000E+00   0.00000E+00  0.00000E+00   0.00000E+00  0.00000E+00   0.00000E+00  0.00000E+00   0.00000E+00  0.00000E+00   0.00000E+00  0.00000E+00   0.00000E+00  0.00000E+00   0.00000E+00  0.00000E+00   0.00000E+00  0.00000E+00   0.00000E+00  0.00000E+00   0.00000E+00  0.00000E+00   0.00000E+00  0.00000E+00   0.00000E+00  0.00000E+00   0.00000E+00  0.00000E+00   0.00000E+00  0.00000E+00   0.00000E+00  0.00000E+00   0.00000E+00  0.00000E+00   0.00000E+00  0.00000E+00   0.00000E+00  0.00000E+00   0.00000E+00  0.00000E+00   0.00000E+00  0.00000E+00   0.00000E+00  0.00000E+00   0.00000E+00  0.00000E+00   0.00000E+00  0.00000E+00   0.00000E+00  1.03764E-16   2.87865E+02  4.82387E-03   2.87865E+02  9.63266E-03   2.87970E+02  1.44114E-02   2.88140E+02  1.91457E-02   2.88382E+02  2.38205E-02   2.88689E+02  2.84234E-02   2.89069E+02  3.29389E-02   2.89511E+02  3.73580E-02   2.90028E+02  4.16643E-02   2.90604E+02  4.58529E-02   2.91256E+02  4.99068E-02   2.91966E+02  5.38252E-02   2.92751E+02  5.75919E-02   2.93593E+02  6.12077E-02   2.94507E+02  6.46611E-02   2.95481E+02  6.79499E-02   2.96520E+02  7.10724E-02   2.97625E+02  7.40190E-02   2.98785E+02  7.67999E-02   3.00017E+02  7.93989E-02   3.01301E+02  8.18321E-02   3.02652E+02  8.40882E-02   3.04062E+02  8.61725E-02   3.05528E+02  8.80944E-02   3.07061E+02  8.98396E-02   3.08642E+02  9.14327E-02   3.10288E+02  9.28605E-02   3.11986E+02  9.41334E-02   3.13735E+02  9.52655E-02   3.15546E+02  9.62446E-02   3.17401E+02  9.70920E-02   3.19314E+02  9.78103E-02   3.21280E+02  9.83925E-02   3.23292E+02  9.88578E-02   3.25359E+02  9.92111E-02   3.27471E+02  9.94423E-02   3.29631E+02  9.95813E-02   3.31839E+02  9.96314E-02   3.34095E+02  9.95711E-02   3.36397E+02  9.94315E-02   3.38737E+02  9.92136E-02   3.41124E+02  9.89114E-02   3.43556E+02 
 0.00000E+00   0.00000E+00  0.00000E+00   0.00000E+00  0.00000E+00   0.00000E+00  0.00000E+00   0.00000E+00  0.00000E+00   0.00000E+00  0.00000E+00   0.00000E+00  0.00000E+00   0.00000E+00  0.00000E+00   0.00000E+00  0.00000E+00   0.00000E+00  0.00000E+00   0.00000E+00  0.00000E+00   0.00000E+00  0.00000E+00   0.00000E+00  0.00000E+00   0.00000E+00  0.00000E+00   0.00000E+00  0.00000E+00   0.00000E+00  0.00000E+00   0.00000E+00  0.00000E+00   0.00000E+00  0.00000E+00   0.00000E+00  0.00000E+00   0.00000E+00  0.00000E+00   0.00000E+00  0.00000E+00   0.00000E+00  0.00000E+00   0.00000E+00  0.00000E+00   0.00000E+00  0.00000E+00   0.00000E+00  0.00000E+00   0.00000E+00  0.00000E+00   0.00000E+00  0.00000E+00   0.00000E+00  0.00000E+00   0.00000E+00  0.00000E+00   0.00000E+00  0.00000E+00   0.00000E+00  0.00000E+00   0.00000E+00  0.00000E+00   0.00000E+00  0.00000E+00   0.00000E+00  0.00000E+00   0.00000E+00  0.00000E+00   0.00000E+00  0.00000E+00   0.00000E+00  0.00000E+00   0.00000E+00  0.00000E+00   0.00000E+00  1.02354E-16   2.90510E+02  4.75833E-03   2.90510E+02  9.50194E-03   2.90608E+02  1.42172E-02   2.90783E+02  1.88887E-02   2.91018E+02  2.35047E-02   2.91328E+02  2.80491E-02   2.91699E+02  3.25127E-02   2.92143E+02  3.68795E-02   2.92650E+02  4.11424E-02   2.93227E+02  4.52869E-02   2.93869E+02  4.93069E-02   2.94576E+02  5.31914E-02   2.95351E+02  5.69332E-02   2.96186E+02  6.05278E-02   2.97094E+02  6.39640E-02   2.98055E+02  6.72457E-02   2.99091E+02  7.03583E-02   3.00180E+02  7.33100E-02   3.01338E+02  7.60896E-02   3.02556E+02  7.87014E-02   3.03833E+02  8.11453E-02   3.05179E+02  8.34156E-02   3.06573E+02  8.55251E-02   3.08038E+02  8.74632E-02   3.09552E+02  8.92420E-02   3.11125E+02  9.08638E-02   3.12757E+02  9.23249E-02   3.14435E+02  9.36422E-02   3.16179E+02  9.48107E-02   3.17970E+02  9.58339E-02   3.19816E+02  9.67279E-02   3.21720E+02  9.74830E-02   3.23668E+02  9.81073E-02   3.25670E+02  9.86242E-02   3.27720E+02  9.90121E-02   3.29817E+02  9.92971E-02   3.31964E+02  9.94951E-02   3.34159E+02  9.95729E-02   3.36400E+02  9.95640E-02   3.38681E+02  9.94747E-02   3.41008E+02  9.92945E-02   3.43382E+02  9.90418E-02   3.45801E+02 
 0.00000E+00   0.00000E+00  0.00000E+00   0.00000E+00  0.00000E+00   0.00000E+00  0.00000E+00   0.00000E+00  0.00000E+00   0.00000E+00  0.00000E+00   0.00000E+00  0.00000E+00   0.00000E+00  0.00000E+00   0.00000E+00  0.00000E+00   0.00000E+00  0.00000E+00   0.00000E+00  0.00000E+00   0.00000E+00  0.00000E+00   0.00000E+00  0.00000E+00   0.00000E+00  0.00000E+00   0.00000E+00  0.00000E+00   0.00000E+00  0.00000E+00   0.00000E+00  0.00000E+00   0.00000E+00  0.00000E+00   0.00000E+00  0.00000E+00   0.00000E+00  0.00000E+00   0.00000E+00  0.00000E+00   0.00000E+00  0.00000E+00   0.00000E+00  0.00000E+00   0.00000E+00  0.00000E+00   0.00000E+00  0.00000E+00   0.00000E+00  0.00000E+00   0.00000E+00  0.00000E+00   0.00000E+00  0.00000E+00   0.00000E+00  0.00000E+00   0.00000E+00  0.00000E+00   0.00000E+00  0.00000E+00   0.00000E+00  0.00000E+00   0.00000E+00  0.00000E+00   0.00000E+00  0.00000E+00   0.00000E+00  0.00000E+00   0.00000E+00  0.00000E+00   0.00000E+00  0.00000E+00   0.00000E+00  0.00000E+00   0.00000E+00  1.00901E-16   2.93198E+02  4.69075E-03   2.93198E+02  9.36772E-03   2.93296E+02  1.40168E-02   2.93468E+02  1.86250E-02   2.93702E+02  2.31784E-02   2.94008E+02  2.76650E-02   2.94376E+02  3.20720E-02   2.94816E+02  3.63877E-02   2.95317E+02  4.06023E-02   2.95891E+02  4.47033E-02   2.96523E+02  4.86849E-02   2.97229E+02  5.25339E-02   2.97991E+02  5.62486E-02   2.98826E+02  5.98154E-02   2.99720E+02  6.32360E-02   3.00680E+02  6.64986E-02   3.01705E+02  6.96047E-02   3.02788E+02  7.25493E-02   3.03941E+02  7.53285E-02   3.05146E+02  7.79470E-02   3.06421E+02  8.03968E-02   3.07748E+02  8.26860E-02   3.09137E+02  8.48112E-02   3.10586E+02  8.67746E-02   3.12084E+02  8.85824E-02   3.13650E+02  9.02319E-02   3.15262E+02  9.17290E-02   3.16936E+02  9.30811E-02   3.18665E+02  9.42818E-02   3.20444E+02  9.53458E-02   3.22283E+02  9.62771E-02   3.24167E+02  9.70656E-02   3.26102E+02  9.77459E-02   3.28089E+02  9.83000E-02   3.30123E+02  9.87349E-02   3.32207E+02  9.90831E-02   3.34343E+02  9.93072E-02   3.36521E+02  9.94322E-02   3.38744E+02  9.94764E-02   3.41012E+02  9.94230E-02   3.43327E+02  9.92893E-02   3.45690E+02  9.90822E-02   3.48086E+02 
