/rn,a,b/nx0/ls1
/r,qa,qb
81 -0.4 0.4 0 OUTPUT_AMP_PHASE_3D Wavelength=0.8
81 -0.4 0.4
 2.81575E-06   8.37881E+01  4.20674E-06   4.25852E+01  1.97993E-06   2.62903E+02  1.98535E-06   3.51783E+02  2.37062E-06   1.94406E+02  8.03608E-06   3.10881E+02  6.59339E-06   3.43133E+02  5.50930E-06   2.94948E+02  1.27629E-05   3.27274E+02  1.59508E-05   3.21594E+02  2.08478E-05   3.11668E+02  3.55822E-05   3.21339E+02  4.46597E-05   3.12760E+02  6.48257E-05   3.18892E+02  9.49933E-05   3.16445E+02  1.27659E-04   3.14821E+02  1.92708E-04   3.15771E+02  2.71529E-04   3.13422E+02  3.93223E-04   3.13384E+02  5.66017E-04   3.12106E+02  8.09820E-04   3.11264E+02  1.16754E-03   3.10443E+02  1.66901E-03   3.09500E+02  2.39767E-03   3.08614E+02  3.43849E-03   3.07667E+02  4.92826E-03   3.06736E+02  7.07344E-03   3.05820E+02  1.01366E-02   3.04880E+02  1.45449E-02   3.03948E+02  2.08494E-02   3.03003E+02  2.99080E-02   3.02061E+02  4.28826E-02   3.01116E+02  6.15033E-02   3.00163E+02  8.81891E-02   2.99209E+02  1.26473E-01   2.98246E+02  1.81349E-01   2.97279E+02  2.60052E-01   2.96302E+02  3.72873E-01   2.95318E+02  5.34658E-01   2.94325E+02  5.26067E-01   2.91337E+02  5.19032E-01   2.88274E+02  5.13675E-01   2.85175E+02  5.10114E-01   2.82083E+02  5.08326E-01   2.79038E+02  5.08305E-01   2.76081E+02  5.09924E-01   2.73245E+02  5.13091E-01   2.70564E+02  5.17615E-01   2.68059E+02  5.23348E-01   2.65754E+02  5.30083E-01   2.63656E+02  5.37645E-01   2.61779E+02  5.45842E-01   2.60120E+02  5.54495E-01   2.58684E+02  5.63449E-01   2.57463E+02  5.72535E-01   2.56454E+02  5.81639E-01   2.55648E+02  5.90613E-01   2.55036E+02  5.99376E-01   2.54612E+02  6.07821E-01   2.54363E+02  6.15874E-01   2.54285E+02  6.23480E-01   2.54364E+02  6.30568E-01   2.54595E+02  6.37125E-01   2.54969E+02  6.43089E-01   2.55477E+02  6.48458E-01   2.56115E+02  6.53212E-01   2.56874E+02  6.57332E-01   2.57749E+02  6.60839E-01   2.58734E+02  6.63710E-01   2.59823E+02  6.65971E-01   2.61012E+02  6.67636E-01   2.62297E+02  6.68700E-01   2.63671E+02  6.69201E-01   2.65133E+02  6.69152E-01   2.66678E+02  6.68565E-01   2.68302E+02  6.67479E-01   2.70003E+02  6.65919E-01   2.71776E+02  6.63883E-01   2.73621E+02  6.61422E-01   2.75534E+02  6.58569E-01   2.77510E+02  6.55313E-01   2.79550E+02 
 7.61588E-06   7.12391E+01  5.04510E-06   2.52659E+02  1.83808E-06   2.30570E+02  2.23041E-06   2.01913E+02  6.14754E-06   2.99286E+02  2.87988E-06   3.58700E+02  3.32869E-06   2.92814E+02  6.76829E-06   3.34754E+02  1.29051E-05   3.23854E+02  1.36297E-05   3.17643E+02  2.56332E-05   3.24921E+02  3.17850E-05   3.16337E+02  4.31278E-05   3.16711E+02  6.76082E-05   3.15405E+02  8.80440E-05   3.13174E+02  1.34980E-04   3.13350E+02  1.91588E-04   3.11630E+02  2.76574E-04   3.11236E+02  3.97635E-04   3.10073E+02  5.67293E-04   3.09139E+02  8.13924E-04   3.08198E+02  1.16813E-03   3.07245E+02  1.66871E-03   3.06215E+02  2.39859E-03   3.05399E+02  3.43106E-03   3.04382E+02  4.92758E-03   3.03499E+02  7.06117E-03   3.02524E+02  1.01306E-02   3.01620E+02  1.45316E-02   3.00679E+02  2.08367E-02   2.99740E+02  2.98950E-02   2.98808E+02  4.28703E-02   2.97859E+02  6.14993E-02   2.96916E+02  8.82059E-02   2.95957E+02  1.26528E-01   2.95001E+02  1.81483E-01   2.94032E+02  2.60338E-01   2.93059E+02  3.73438E-01   2.92074E+02  5.35702E-01   2.91082E+02  5.26840E-01   2.88061E+02  5.19726E-01   2.84963E+02  5.14444E-01   2.81826E+02  5.11071E-01   2.78702E+02  5.09564E-01   2.75630E+02  5.09874E-01   2.72653E+02  5.11877E-01   2.69806E+02  5.15428E-01   2.67121E+02  5.20358E-01   2.64621E+02  5.26469E-01   2.62326E+02  5.33576E-01   2.60247E+02  5.41470E-01   2.58391E+02  5.49971E-01   2.56761E+02  5.58889E-01   2.55352E+02  5.68063E-01   2.54165E+02  5.77334E-01   2.53187E+02  5.86567E-01   2.52416E+02  5.95648E-01   2.51839E+02  6.04459E-01   2.51448E+02  6.12924E-01   2.51235E+02  6.20954E-01   2.51189E+02  6.28500E-01   2.51303E+02  6.35506E-01   2.51566E+02  6.41928E-01   2.51973E+02  6.47755E-01   2.52513E+02  6.52941E-01   2.53182E+02  6.57501E-01   2.53972E+02  6.61407E-01   2.54876E+02  6.64669E-01   2.55891E+02  6.67298E-01   2.57008E+02  6.69290E-01   2.58225E+02  6.70671E-01   2.59537E+02  6.71466E-01   2.60939E+02  6.71664E-01   2.62427E+02  6.71325E-01   2.63998E+02  6.70450E-01   2.65648E+02  6.69051E-01   2.67374E+02  6.67187E-01   2.69173E+02  6.64865E-01   2.71041E+02  6.62093E-01   2.72977E+02  6.58936E-01   2.74979E+02  6.55410E-01   2.77042E+02 
 4.90400E-06   3.04740E+02  4.44669E-06   2.63619E+02  4.47463E-06   1.30406E+02  6.94501E-06   3.20006E+02  2.63309E-06   3.68879E+01  1.75613E-06   3.17223E+02  6.20589E-06   3.29218E+02  1.01839E-05   3.26378E+02  1.21306E-05   3.10836E+02  1.73790E-05   3.20127E+02  2.44240E-05   3.06730E+02  2.76666E-05   3.07997E+02  4.72800E-05   3.08841E+02  6.25931E-05   3.09864E+02  9.19989E-05   3.09530E+02  1.35497E-04   3.09525E+02  1.90508E-04   3.08973E+02  2.75239E-04   3.07660E+02  3.95708E-04   3.06991E+02  5.62062E-04   3.05632E+02  8.11885E-04   3.04969E+02  1.15767E-03   3.03842E+02  1.66621E-03   3.03007E+02  2.38750E-03   3.02099E+02  3.42484E-03   3.01146E+02  4.91584E-03   3.00278E+02  7.04635E-03   2.99310E+02  1.01174E-02   2.98448E+02  1.45046E-02   2.97479E+02  2.08179E-02   2.96582E+02  2.98557E-02   2.95624E+02  4.28378E-02   2.94699E+02  6.14501E-02   2.93747E+02  8.81677E-02   2.92805E+02  1.26493E-01   2.91845E+02  1.81500E-01   2.90888E+02  2.60432E-01   2.89917E+02  3.73726E-01   2.88943E+02  5.36333E-01   2.87959E+02  5.27196E-01   2.84886E+02  5.20004E-01   2.81734E+02  5.14828E-01   2.78552E+02  5.11659E-01   2.75385E+02  5.10461E-01   2.72282E+02  5.11122E-01   2.69281E+02  5.13519E-01   2.66421E+02  5.17476E-01   2.63730E+02  5.22809E-01   2.61236E+02  5.29312E-01   2.58951E+02  5.36781E-01   2.56890E+02  5.45012E-01   2.55056E+02  5.53803E-01   2.53453E+02  5.62981E-01   2.52074E+02  5.72360E-01   2.50918E+02  5.81802E-01   2.49975E+02  5.91158E-01   2.49236E+02  6.00317E-01   2.48695E+02  6.09170E-01   2.48338E+02  6.17629E-01   2.48160E+02  6.25628E-01   2.48148E+02  6.33095E-01   2.48294E+02  6.39997E-01   2.48591E+02  6.46285E-01   2.49028E+02  6.51938E-01   2.49602E+02  6.56946E-01   2.50300E+02  6.61283E-01   2.51121E+02  6.64967E-01   2.52055E+02  6.67985E-01   2.53098E+02  6.70344E-01   2.54245E+02  6.72079E-01   2.55489E+02  6.73163E-01   2.56828E+02  6.73662E-01   2.58257E+02  6.73575E-01   2.59771E+02  6.72911E-01   2.61368E+02  6.71745E-01   2.63043E+02  6.70049E-01   2.64793E+02  6.67867E-01   2.66617E+02  6.65249E-01   2.68510E+02  6.62195E-01   2.70469E+02  6.58721E-01   2.72494E+02  6.54899E-01   2.74582E+02 
 1.30922E-06   2.89431E+02  7.23966E-06   1.55981E+02  3.99927E-06   3.49618E+02  2.46802E-06   2.74483E+02  2.21087E-06   2.09181E+02  4.99249E-06   3.30884E+02  8.05732E-06   3.14886E+02  7.43753E-06   3.06850E+02  9.87433E-06   3.15865E+02  1.57183E-05   2.96139E+02  1.77027E-05   3.10955E+02  2.95736E-05   3.08504E+02  4.60693E-05   3.10477E+02  6.22839E-05   3.12634E+02  9.52440E-05   3.08566E+02  1.34609E-04   3.08250E+02  1.88544E-04   3.05536E+02  2.78793E-04   3.04864E+02  3.90516E-04   3.03278E+02  5.66579E-04   3.02644E+02  8.06761E-04   3.01694E+02  1.15896E-03   3.00659E+02  1.66313E-03   2.99938E+02  2.38154E-03   2.98888E+02  3.42223E-03   2.98119E+02  4.90148E-03   2.97111E+02  7.03875E-03   2.96262E+02  1.00907E-02   2.95297E+02  1.44826E-02   2.94396E+02  2.07712E-02   2.93465E+02  2.98043E-02   2.92533E+02  4.27600E-02   2.91604E+02  6.13522E-02   2.90663E+02  8.80385E-02   2.89725E+02  1.26338E-01   2.88779E+02  1.81315E-01   2.87831E+02  2.60234E-01   2.86877E+02  3.73559E-01   2.85917E+02  5.36293E-01   2.84949E+02  5.26938E-01   2.81803E+02  5.19742E-01   2.78584E+02  5.14714E-01   2.75345E+02  5.11811E-01   2.72131E+02  5.10946E-01   2.68991E+02  5.12001E-01   2.65964E+02  5.14806E-01   2.63089E+02  5.19189E-01   2.60394E+02  5.24930E-01   2.57902E+02  5.31831E-01   2.55630E+02  5.39661E-01   2.53586E+02  5.48220E-01   2.51777E+02  5.57302E-01   2.50198E+02  5.66718E-01   2.48851E+02  5.76304E-01   2.47725E+02  5.85892E-01   2.46816E+02  5.95363E-01   2.46112E+02  6.04581E-01   2.45604E+02  6.13460E-01   2.45283E+02  6.21902E-01   2.45138E+02  6.29840E-01   2.45161E+02  6.37226E-01   2.45340E+02  6.43996E-01   2.45669E+02  6.50140E-01   2.46139E+02  6.55612E-01   2.46742E+02  6.60411E-01   2.47473E+02  6.64532E-01   2.48322E+02  6.67956E-01   2.49286E+02  6.70726E-01   2.50358E+02  6.72811E-01   2.51532E+02  6.74255E-01   2.52804E+02  6.75071E-01   2.54170E+02  6.75250E-01   2.55625E+02  6.74871E-01   2.57165E+02  6.73909E-01   2.58787E+02  6.72405E-01   2.60488E+02  6.70423E-01   2.62263E+02  6.67934E-01   2.64111E+02  6.64997E-01   2.66028E+02  6.61657E-01   2.68011E+02  6.57908E-01   2.70058E+02  6.53778E-01   2.72168E+02 
 8.89840E-06   1.29312E+02  4.75814E-06   3.08105E+02  4.57861E-06   3.37023E+02  4.86626E-06   2.52005E+02  5.69391E-06   2.62101E+01  7.63861E-06   3.32565E+02  4.43263E-06   2.77928E+02  6.95201E-06   3.37388E+02  1.29527E-05   2.91456E+02  1.26417E-05   3.12049E+02  2.21096E-05   3.11812E+02  3.46298E-05   3.06908E+02  4.52300E-05   3.11938E+02  6.60474E-05   3.03513E+02  9.66003E-05   3.04540E+02  1.31467E-04   3.01778E+02  1.94281E-04   3.01529E+02  2.70588E-04   3.00800E+02  3.91697E-04   2.99870E+02  5.60394E-04   2.99586E+02  8.01197E-04   2.98299E+02  1.15514E-03   2.97824E+02  1.65157E-03   2.96611E+02  2.37523E-03   2.95989E+02  3.40494E-03   2.94950E+02  4.88780E-03   2.94091E+02  7.01186E-03   2.93174E+02  1.00607E-02   2.92247E+02  1.44344E-02   2.91347E+02  2.07087E-02   2.90412E+02  2.97137E-02   2.89506E+02  4.26345E-02   2.88572E+02  6.11829E-02   2.87653E+02  8.77988E-02   2.86722E+02  1.26016E-01   2.85794E+02  1.80880E-01   2.84859E+02  2.59668E-01   2.83924E+02  3.72816E-01   2.82982E+02  5.35360E-01   2.82038E+02  5.25914E-01   2.78801E+02  5.18825E-01   2.75505E+02  5.14025E-01   2.72199E+02  5.11452E-01   2.68934E+02  5.10976E-01   2.65753E+02  5.12455E-01   2.62701E+02  5.15703E-01   2.59809E+02  5.20519E-01   2.57111E+02  5.26688E-01   2.54623E+02  5.33979E-01   2.52363E+02  5.42177E-01   2.50338E+02  5.51054E-01   2.48551E+02  5.60416E-01   2.47002E+02  5.70065E-01   2.45683E+02  5.79834E-01   2.44591E+02  5.89564E-01   2.43713E+02  5.99120E-01   2.43045E+02  6.08395E-01   2.42570E+02  6.17267E-01   2.42284E+02  6.25684E-01   2.42172E+02  6.33546E-01   2.42228E+02  6.40821E-01   2.42441E+02  6.47460E-01   2.42802E+02  6.53426E-01   2.43305E+02  6.58720E-01   2.43939E+02  6.63293E-01   2.44699E+02  6.67183E-01   2.45579E+02  6.70354E-01   2.46570E+02  6.72844E-01   2.47671E+02  6.74655E-01   2.48873E+02  6.75799E-01   2.50172E+02  6.76313E-01   2.51565E+02  6.76202E-01   2.53046E+02  6.75495E-01   2.54612E+02  6.74240E-01   2.56259E+02  6.72430E-01   2.57984E+02  6.70118E-01   2.59784E+02  6.67346E-01   2.61655E+02  6.64097E-01   2.63596E+02  6.60447E-01   2.65603E+02  6.56413E-01   2.67673E+02  6.52022E-01   2.69805E+02 
 7.44579E-06   2.95798E+02  4.90613E-06   3.06121E+02  2.52395E-06   2.75427E+02  2.13676E-06   1.27623E+02  5.23029E-06   2.25210E+01  6.85952E-06   2.52316E+02  2.01060E-06   3.19812E+02  1.13717E-05   2.96854E+02  1.01871E-05   2.88054E+02  1.40974E-05   3.15131E+02  2.37281E-05   3.01769E+02  2.97263E-05   3.10784E+02  4.54414E-05   3.00365E+02  6.52662E-05   3.02998E+02  9.08243E-05   3.00358E+02  1.32383E-04   2.99929E+02  1.87413E-04   3.00016E+02  2.69547E-04   2.97841E+02  3.88820E-04   2.97871E+02  5.56223E-04   2.96239E+02  8.02022E-04   2.95746E+02  1.14915E-03   2.94616E+02  1.65014E-03   2.93836E+02  2.36778E-03   2.92932E+02  3.39481E-03   2.91992E+02  4.87113E-03   2.91119E+02  6.98429E-03   2.90161E+02  1.00203E-02   2.89278E+02  1.43743E-02   2.88341E+02  2.06226E-02   2.87445E+02  2.95875E-02   2.86522E+02  4.24582E-02   2.85613E+02  6.09268E-02   2.84700E+02  8.74441E-02   2.83786E+02  1.25506E-01   2.82873E+02  1.80165E-01   2.81957E+02  2.58661E-01   2.81043E+02  3.71413E-01   2.80126E+02  5.33405E-01   2.79209E+02  5.24045E-01   2.75868E+02  5.17172E-01   2.72485E+02  5.12716E-01   2.69108E+02  5.10535E-01   2.65787E+02  5.10512E-01   2.62567E+02  5.12446E-01   2.59487E+02  5.16168E-01   2.56582E+02  5.21434E-01   2.53878E+02  5.28035E-01   2.51398E+02  5.35725E-01   2.49150E+02  5.44279E-01   2.47146E+02  5.53476E-01   2.45382E+02  5.63099E-01   2.43862E+02  5.72975E-01   2.42574E+02  5.82905E-01   2.41514E+02  5.92765E-01   2.40671E+02  6.02394E-01   2.40035E+02  6.11695E-01   2.39596E+02  6.20564E-01   2.39342E+02  6.28915E-01   2.39266E+02  6.36698E-01   2.39354E+02  6.43840E-01   2.39599E+02  6.50328E-01   2.39993E+02  6.56109E-01   2.40525E+02  6.61188E-01   2.41191E+02  6.65539E-01   2.41980E+02  6.69171E-01   2.42889E+02  6.72089E-01   2.43911E+02  6.74293E-01   2.45038E+02  6.75817E-01   2.46268E+02  6.76661E-01   2.47594E+02  6.76868E-01   2.49012E+02  6.76449E-01   2.50520E+02  6.75435E-01   2.52111E+02  6.73855E-01   2.53783E+02  6.71744E-01   2.55533E+02  6.69121E-01   2.57357E+02  6.66033E-01   2.59252E+02  6.62507E-01   2.61215E+02  6.58556E-01   2.63245E+02  6.54222E-01   2.65338E+02  6.49547E-01   2.67493E+02 
 2.18941E-06   3.38590E+02  1.35729E-06   1.23222E+02  4.34779E-06   7.17227E+01  1.95859E-06   3.33529E+02  6.02106E-06   2.87549E+02  4.56371E-06   2.92757E+02  6.45778E-06   3.16394E+02  7.90860E-06   3.00031E+02  7.34174E-06   3.29099E+02  1.69134E-05   3.07449E+02  2.20737E-05   3.10712E+02  3.15924E-05   3.00980E+02  4.73247E-05   3.01933E+02  6.43592E-05   2.98097E+02  9.24861E-05   2.97252E+02  1.31303E-04   2.96970E+02  1.88921E-04   2.94743E+02  2.70322E-04   2.95099E+02  3.88226E-04   2.93753E+02  5.56181E-04   2.93243E+02  7.98537E-04   2.92613E+02  1.14347E-03   2.91698E+02  1.64098E-03   2.90852E+02  2.35296E-03   2.89941E+02  3.37486E-03   2.89046E+02  4.84051E-03   2.88130E+02  6.94436E-03   2.87214E+02  9.96103E-03   2.86314E+02  1.42926E-02   2.85403E+02  2.05058E-02   2.84502E+02  2.94231E-02   2.83600E+02  4.22207E-02   2.82703E+02  6.05886E-02   2.81801E+02  8.69548E-02   2.80908E+02  1.24809E-01   2.80008E+02  1.79159E-01   2.79116E+02  2.57202E-01   2.78221E+02  3.69304E-01   2.77330E+02  5.30356E-01   2.76439E+02  5.21264E-01   2.72988E+02  5.14775E-01   2.69514E+02  5.10748E-01   2.66067E+02  5.09056E-01   2.62690E+02  5.09518E-01   2.59430E+02  5.11966E-01   2.56324E+02  5.16163E-01   2.53406E+02  5.21909E-01   2.50701E+02  5.28933E-01   2.48226E+02  5.37027E-01   2.45994E+02  5.45925E-01   2.44009E+02  5.55429E-01   2.42273E+02  5.65306E-01   2.40779E+02  5.75381E-01   2.39524E+02  5.85471E-01   2.38496E+02  5.95427E-01   2.37687E+02  6.05120E-01   2.37085E+02  6.14429E-01   2.36679E+02  6.23268E-01   2.36461E+02  6.31552E-01   2.36416E+02  6.39223E-01   2.36539E+02  6.46231E-01   2.36815E+02  6.52543E-01   2.37241E+02  6.58130E-01   2.37805E+02  6.62983E-01   2.38500E+02  6.67090E-01   2.39320E+02  6.70464E-01   2.40256E+02  6.73100E-01   2.41306E+02  6.75022E-01   2.42461E+02  6.76243E-01   2.43718E+02  6.76784E-01   2.45071E+02  6.76678E-01   2.46516E+02  6.75949E-01   2.48048E+02  6.74622E-01   2.49664E+02  6.72735E-01   2.51360E+02  6.70306E-01   2.53134E+02  6.67380E-01   2.54982E+02  6.63987E-01   2.56901E+02  6.60153E-01   2.58887E+02  6.55931E-01   2.60940E+02  6.51321E-01   2.63056E+02  6.46363E-01   2.65231E+02 
 1.95200E-06   1.80168E+02  2.33792E-06   2.92332E+01  4.32975E-06   2.98291E+02  7.21600E-06   2.58348E+02  3.80253E-06   3.44841E+02  3.09175E-06   2.47421E+02  2.62970E-06   3.12320E+02  5.66629E-06   3.06682E+02  1.00781E-05   3.00695E+02  1.87485E-05   3.11764E+02  2.29270E-05   2.92519E+02  3.26978E-05   3.00588E+02  4.57245E-05   2.92636E+02  6.12454E-05   2.93110E+02  9.07966E-05   2.94092E+02  1.28280E-04   2.92506E+02  1.85715E-04   2.92985E+02  2.67754E-04   2.92425E+02  3.83574E-04   2.91781E+02  5.51746E-04   2.91094E+02  7.91569E-04   2.90032E+02  1.13601E-03   2.88987E+02  1.62975E-03   2.88040E+02  2.33689E-03   2.87034E+02  3.35294E-03   2.86149E+02  4.81097E-03   2.85183E+02  6.89801E-03   2.84314E+02  9.89856E-03   2.83398E+02  1.41983E-02   2.82514E+02  2.03699E-02   2.81617E+02  2.92261E-02   2.80729E+02  4.19328E-02   2.79843E+02  6.01692E-02   2.78958E+02  8.63418E-02   2.78073E+02  1.23911E-01   2.77195E+02  1.77842E-01   2.76316E+02  2.55284E-01   2.75444E+02  3.66488E-01   2.74574E+02  5.26225E-01   2.73711E+02  5.17598E-01   2.70148E+02  5.11620E-01   2.66585E+02  5.08134E-01   2.63066E+02  5.06988E-01   2.59638E+02  5.08002E-01   2.56340E+02  5.10972E-01   2.53212E+02  5.15687E-01   2.50282E+02  5.21895E-01   2.47577E+02  5.29366E-01   2.45112E+02  5.37839E-01   2.42896E+02  5.47086E-01   2.40933E+02  5.56872E-01   2.39222E+02  5.66990E-01   2.37759E+02  5.77249E-01   2.36534E+02  5.87472E-01   2.35540E+02  5.97515E-01   2.34763E+02  6.07239E-01   2.34196E+02  6.16543E-01   2.33824E+02  6.25330E-01   2.33639E+02  6.33524E-01   2.33628E+02  6.41072E-01   2.33782E+02  6.47917E-01   2.34092E+02  6.54047E-01   2.34548E+02  6.59415E-01   2.35142E+02  6.64040E-01   2.35867E+02  6.67890E-01   2.36716E+02  6.70990E-01   2.37683E+02  6.73348E-01   2.38759E+02  6.74967E-01   2.39942E+02  6.75892E-01   2.41225E+02  6.76122E-01   2.42603E+02  6.75699E-01   2.44074E+02  6.74655E-01   2.45632E+02  6.73010E-01   2.47272E+02  6.70807E-01   2.48994E+02  6.68084E-01   2.50790E+02  6.64846E-01   2.52661E+02  6.61163E-01   2.54603E+02  6.57036E-01   2.56613E+02  6.52513E-01   2.58687E+02  6.47642E-01   2.60825E+02  6.42430E-01   2.63023E+02 
 4.05783E-06   3.06582E+02  2.53359E-06   3.07185E+02  3.16329E-06   2.22612E+02  3.34188E-06   3.57288E+01  2.22401E-06   3.17184E+02  2.76755E-06   2.35889E+02  7.86910E-06   3.34874E+02  1.02430E-05   2.90336E+02  1.30962E-05   3.32408E+02  1.88942E-05   2.86888E+02  1.93415E-05   2.98657E+02  3.11308E-05   2.93953E+02  4.22377E-05   2.87599E+02  6.09989E-05   2.94218E+02  9.15530E-05   2.90080E+02  1.28257E-04   2.92058E+02  1.87410E-04   2.90604E+02  2.67320E-04   2.89995E+02  3.84913E-04   2.88943E+02  5.50109E-04   2.87892E+02  7.88297E-04   2.86850E+02  1.12897E-03   2.85852E+02  1.61817E-03   2.84906E+02  2.31944E-03   2.84052E+02  3.32738E-03   2.83151E+02  4.77074E-03   2.82304E+02  6.84483E-03   2.81428E+02  9.81629E-03   2.80537E+02  1.40830E-02   2.79672E+02  2.02026E-02   2.78784E+02  2.89815E-02   2.77909E+02  4.15806E-02   2.77028E+02  5.96529E-02   2.76155E+02  8.55942E-02   2.75283E+02  1.22814E-01   2.74416E+02  1.76239E-01   2.73553E+02  2.52919E-01   2.72696E+02  3.63000E-01   2.71848E+02  5.21054E-01   2.71005E+02  5.13081E-01   2.67336E+02  5.07737E-01   2.63688E+02  5.04878E-01   2.60105E+02  5.04336E-01   2.56627E+02  5.05929E-01   2.53297E+02  5.09457E-01   2.50149E+02  5.14680E-01   2.47212E+02  5.21372E-01   2.44509E+02  5.29262E-01   2.42055E+02  5.38123E-01   2.39856E+02  5.47689E-01   2.37917E+02  5.57756E-01   2.36233E+02  5.68087E-01   2.34800E+02  5.78516E-01   2.33607E+02  5.88851E-01   2.32645E+02  5.98956E-01   2.31904E+02  6.08701E-01   2.31369E+02  6.17970E-01   2.31032E+02  6.26693E-01   2.30880E+02  6.34772E-01   2.30902E+02  6.42183E-01   2.31088E+02  6.48853E-01   2.31429E+02  6.54776E-01   2.31916E+02  6.59925E-01   2.32540E+02  6.64287E-01   2.33295E+02  6.67885E-01   2.34172E+02  6.70694E-01   2.35166E+02  6.72761E-01   2.36271E+02  6.74084E-01   2.37480E+02  6.74689E-01   2.38790E+02  6.74618E-01   2.40194E+02  6.73877E-01   2.41689E+02  6.72517E-01   2.43272E+02  6.70565E-01   2.44937E+02  6.68045E-01   2.46681E+02  6.65013E-01   2.48502E+02  6.61488E-01   2.50396E+02  6.57499E-01   2.52360E+02  6.53107E-01   2.54392E+02  6.48313E-01   2.56489E+02  6.43157E-01   2.58648E+02  6.37691E-01   2.60867E+02 
 2.83785E-06   1.84968E+02  3.50108E-06   1.12161E+02  2.17139E-06   3.56340E+02  7.72334E-06   2.82178E+02  1.58519E-06   2.24258E+02  4.61676E-06   3.29573E+02  8.62719E-06   2.97597E+02  5.12745E-06   3.29476E+02  1.06826E-05   2.88687E+02  1.46203E-05   2.82369E+02  1.91961E-05   2.90518E+02  3.24205E-05   2.84355E+02  4.28471E-05   2.90743E+02  6.29765E-05   2.88580E+02  9.08948E-05   2.90197E+02  1.28107E-04   2.89235E+02  1.84771E-04   2.87591E+02  2.64705E-04   2.87067E+02  3.77896E-04   2.85825E+02  5.42811E-04   2.84946E+02  7.77343E-04   2.83940E+02  1.11569E-03   2.83112E+02  1.60046E-03   2.82171E+02  2.29646E-03   2.81330E+02  3.29501E-03   2.80415E+02  4.72673E-03   2.79542E+02  6.78182E-03   2.78650E+02  9.72613E-03   2.77775E+02  1.39548E-02   2.76883E+02  2.00109E-02   2.76009E+02  2.87107E-02   2.75131E+02  4.11747E-02   2.74261E+02  5.90698E-02   2.73392E+02  8.47253E-02   2.72526E+02  1.21549E-01   2.71670E+02  1.74364E-01   2.70818E+02  2.50160E-01   2.69973E+02  3.58909E-01   2.69137E+02  5.14987E-01   2.68310E+02  5.07796E-01   2.64545E+02  5.03197E-01   2.60821E+02  5.01014E-01   2.57179E+02  5.01126E-01   2.53660E+02  5.03314E-01   2.50302E+02  5.07405E-01   2.47139E+02  5.13143E-01   2.44198E+02  5.20299E-01   2.41500E+02  5.28610E-01   2.39059E+02  5.37827E-01   2.36880E+02  5.47710E-01   2.34964E+02  5.58017E-01   2.33308E+02  5.68557E-01   2.31905E+02  5.79116E-01   2.30744E+02  5.89553E-01   2.29816E+02  5.99687E-01   2.29107E+02  6.09434E-01   2.28608E+02  6.18648E-01   2.28303E+02  6.27281E-01   2.28184E+02  6.35236E-01   2.28238E+02  6.42478E-01   2.28457E+02  6.48966E-01   2.28829E+02  6.54668E-01   2.29346E+02  6.59578E-01   2.30001E+02  6.63688E-01   2.30783E+02  6.66997E-01   2.31690E+02  6.69533E-01   2.32711E+02  6.71287E-01   2.33842E+02  6.72309E-01   2.35078E+02  6.72605E-01   2.36413E+02  6.72208E-01   2.37843E+02  6.71163E-01   2.39363E+02  6.69481E-01   2.40969E+02  6.67223E-01   2.42659E+02  6.64402E-01   2.44426E+02  6.61068E-01   2.46270E+02  6.57249E-01   2.48187E+02  6.52986E-01   2.50173E+02  6.48298E-01   2.52227E+02  6.43256E-01   2.54345E+02  6.37860E-01   2.56526E+02  6.32139E-01   2.58766E+02 
 5.87242E-06   1.39951E+02  4.70311E-06   3.55495E+02  1.06324E-05   2.71486E+02  1.44893E-06   1.04365E+02  4.24610E-06   3.48684E+01  4.55557E-06   2.90376E+02  5.14099E-06   2.51163E+00  9.28397E-06   2.73982E+02  1.33091E-05   2.97507E+02  1.58571E-05   2.84144E+02  2.10436E-05   2.87762E+02  3.05085E-05   2.88588E+02  4.04835E-05   2.86659E+02  6.22666E-05   2.90427E+02  8.87328E-05   2.87163E+02  1.26464E-04   2.86945E+02  1.83986E-04   2.85371E+02  2.60820E-04   2.83986E+02  3.75875E-04   2.83130E+02  5.37967E-04   2.81889E+02  7.70605E-04   2.81231E+02  1.10692E-03   2.80152E+02  1.58684E-03   2.79395E+02  2.27705E-03   2.78461E+02  3.26454E-03   2.77606E+02  4.68224E-03   2.76754E+02  6.71294E-03   2.75867E+02  9.62881E-03   2.75003E+02  1.38057E-02   2.74127E+02  1.98007E-02   2.73256E+02  2.83942E-02   2.72389E+02  4.07229E-02   2.71518E+02  5.83972E-02   2.70658E+02  8.37530E-02   2.69799E+02  1.20108E-01   2.68946E+02  1.72254E-01   2.68101E+02  2.47035E-01   2.67263E+02  3.54296E-01   2.66435E+02  5.08124E-01   2.65618E+02  5.01838E-01   2.61769E+02  4.98026E-01   2.57981E+02  4.96581E-01   2.54290E+02  4.97338E-01   2.50736E+02  5.00148E-01   2.47356E+02  5.04783E-01   2.44182E+02  5.11035E-01   2.41241E+02  5.18637E-01   2.38551E+02  5.27350E-01   2.36124E+02  5.36906E-01   2.33966E+02  5.47076E-01   2.32076E+02  5.57613E-01   2.30449E+02  5.68324E-01   2.29077E+02  5.79006E-01   2.27949E+02  5.89502E-01   2.27053E+02  5.99664E-01   2.26378E+02  6.09370E-01   2.25912E+02  6.18522E-01   2.25641E+02  6.27035E-01   2.25554E+02  6.34848E-01   2.25641E+02  6.41909E-01   2.25890E+02  6.48186E-01   2.26293E+02  6.53660E-01   2.26840E+02  6.58315E-01   2.27523E+02  6.62154E-01   2.28335E+02  6.65186E-01   2.29268E+02  6.67414E-01   2.30318E+02  6.68877E-01   2.31475E+02  6.69579E-01   2.32737E+02  6.69567E-01   2.34097E+02  6.68862E-01   2.35551E+02  6.67497E-01   2.37096E+02  6.65513E-01   2.38726E+02  6.62940E-01   2.40438E+02  6.59824E-01   2.42230E+02  6.56196E-01   2.44096E+02  6.52098E-01   2.46035E+02  6.47564E-01   2.48043E+02  6.42625E-01   2.50118E+02  6.37304E-01   2.52257E+02  6.31671E-01   2.54458E+02  6.25740E-01   2.56720E+02 
 2.93162E-06   3.41434E+02  7.28341E-06   2.84931E+02  2.81003E-06   1.19322E+02  4.69495E-06   3.95451E+01  3.66571E-06   2.58967E+02  5.59516E-06   3.15095E+02  8.26647E-06   2.77343E+02  9.14840E-06   2.88729E+02  9.54142E-06   2.87785E+02  1.34717E-05   2.64629E+02  1.79676E-05   2.91785E+02  2.88354E-05   2.76222E+02  4.18066E-05   2.88748E+02  6.29950E-05   2.85776E+02  8.90088E-05   2.85121E+02  1.27595E-04   2.84300E+02  1.80854E-04   2.81794E+02  2.59134E-04   2.81332E+02  3.70624E-04   2.79635E+02  5.31229E-04   2.79250E+02  7.62542E-04   2.78236E+02  1.09132E-03   2.77524E+02  1.56949E-03   2.76631E+02  2.24731E-03   2.75804E+02  3.22555E-03   2.74979E+02  4.62358E-03   2.74090E+02  6.63295E-03   2.73202E+02  9.50923E-03   2.72328E+02  1.36397E-02   2.71440E+02  1.95548E-02   2.70568E+02  2.80456E-02   2.69689E+02  4.02089E-02   2.68824E+02  5.76582E-02   2.67959E+02  8.26657E-02   2.67103E+02  1.18523E-01   2.66249E+02  1.69924E-01   2.65407E+02  2.43610E-01   2.64570E+02  3.49234E-01   2.63744E+02  5.00632E-01   2.62926E+02  4.95291E-01   2.59012E+02  4.92307E-01   2.55171E+02  4.91583E-01   2.51441E+02  4.93008E-01   2.47859E+02  4.96404E-01   2.44462E+02  5.01588E-01   2.41282E+02  5.08316E-01   2.38343E+02  5.16353E-01   2.35664E+02  5.25434E-01   2.33255E+02  5.35310E-01   2.31119E+02  5.45734E-01   2.29255E+02  5.56475E-01   2.27657E+02  5.67328E-01   2.26316E+02  5.78103E-01   2.25221E+02  5.88641E-01   2.24358E+02  5.98790E-01   2.23717E+02  6.08451E-01   2.23283E+02  6.17501E-01   2.23045E+02  6.25890E-01   2.22991E+02  6.33531E-01   2.23109E+02  6.40400E-01   2.23390E+02  6.46456E-01   2.23822E+02  6.51681E-01   2.24399E+02  6.56078E-01   2.25111E+02  6.59635E-01   2.25950E+02  6.62372E-01   2.26911E+02  6.64308E-01   2.27986E+02  6.65452E-01   2.29170E+02  6.65852E-01   2.30457E+02  6.65521E-01   2.31842E+02  6.64502E-01   2.33321E+02  6.62837E-01   2.34889E+02  6.60542E-01   2.36543E+02  6.57684E-01   2.38278E+02  6.54269E-01   2.40091E+02  6.50360E-01   2.41980E+02  6.45987E-01   2.43941E+02  6.41189E-01   2.45970E+02  6.36007E-01   2.48066E+02  6.30467E-01   2.50227E+02  6.24589E-01   2.52448E+02  6.18436E-01   2.54729E+02 
 3.36514E-06   2.15463E+02  3.36188E-06   8.10389E+01  1.38623E-06   3.03702E+02  3.11804E-06   2.54505E+02  3.48215E-06   3.01014E+02  5.67473E-06   2.99825E+02  3.94469E-06   3.29236E+02  5.82713E-06   2.84425E+02  9.94045E-06   2.67923E+02  1.29630E-05   2.85817E+02  2.16873E-05   2.83252E+02  3.16104E-05   2.86918E+02  4.30064E-05   2.89083E+02  6.14938E-05   2.83647E+02  8.64832E-05   2.82923E+02  1.24339E-04   2.80066E+02  1.77198E-04   2.78826E+02  2.53626E-04   2.77842E+02  3.65314E-04   2.77526E+02  5.24606E-04   2.76429E+02  7.50469E-04   2.75934E+02  1.08079E-03   2.74909E+02  1.54636E-03   2.74127E+02  2.22232E-03   2.73217E+02  3.18315E-03   2.72303E+02  4.56803E-03   2.71443E+02  6.54768E-03   2.70535E+02  9.38932E-03   2.69656E+02  1.34595E-02   2.68770E+02  1.92980E-02   2.67899E+02  2.76649E-02   2.67027E+02  3.96596E-02   2.66160E+02  5.68527E-02   2.65296E+02  8.14947E-02   2.64438E+02  1.16808E-01   2.63584E+02  1.67412E-01   2.62736E+02  2.39928E-01   2.61895E+02  3.43818E-01   2.61062E+02  4.92652E-01   2.60242E+02  4.88249E-01   2.56276E+02  4.86071E-01   2.52396E+02  4.86060E-01   2.48636E+02  4.88110E-01   2.45034E+02  4.92084E-01   2.41626E+02  4.97771E-01   2.38443E+02  5.04964E-01   2.35511E+02  5.13393E-01   2.32844E+02  5.22824E-01   2.30454E+02  5.32978E-01   2.28341E+02  5.43636E-01   2.26505E+02  5.54543E-01   2.24936E+02  5.65518E-01   2.23626E+02  5.76349E-01   2.22563E+02  5.86902E-01   2.21734E+02  5.97019E-01   2.21125E+02  6.06596E-01   2.20724E+02  6.15537E-01   2.20518E+02  6.23761E-01   2.20496E+02  6.31229E-01   2.20645E+02  6.37875E-01   2.20956E+02  6.43698E-01   2.21419E+02  6.48669E-01   2.22023E+02  6.52785E-01   2.22764E+02  6.56064E-01   2.23631E+02  6.58501E-01   2.24618E+02  6.60130E-01   2.25720E+02  6.60976E-01   2.26928E+02  6.61054E-01   2.28241E+02  6.60424E-01   2.29650E+02  6.59093E-01   2.31152E+02  6.57123E-01   2.32744E+02  6.54538E-01   2.34420E+02  6.51380E-01   2.36179E+02  6.47700E-01   2.38014E+02  6.43520E-01   2.39924E+02  6.38889E-01   2.41906E+02  6.33842E-01   2.43957E+02  6.28416E-01   2.46073E+02  6.22656E-01   2.48254E+02  6.16588E-01   2.50495E+02  6.10234E-01   2.52797E+02 
 3.49512E-06   5.63321E+01  8.22172E-06   3.19045E+02  4.27000E-06   2.09427E+02  5.03038E-06   4.25667E+01  4.52532E-06   2.92141E+02  3.67962E-06   3.32177E+02  5.61359E-06   2.66132E+02  1.20615E-05   2.60724E+02  8.77141E-06   2.91629E+02  1.50409E-05   2.74064E+02  1.91810E-05   2.90214E+02  2.77652E-05   2.79592E+02  4.06530E-05   2.83553E+02  5.96936E-05   2.78174E+02  8.46958E-05   2.79088E+02  1.23749E-04   2.76820E+02  1.74331E-04   2.75825E+02  2.52102E-04   2.75945E+02  3.61001E-04   2.74476E+02  5.16455E-04   2.74251E+02  7.45631E-04   2.73281E+02  1.06223E-03   2.72354E+02  1.53043E-03   2.71495E+02  2.18822E-03   2.70568E+02  3.14012E-03   2.69721E+02  4.50051E-03   2.68810E+02  6.45147E-03   2.67927E+02  9.24912E-03   2.67052E+02  1.32585E-02   2.66168E+02  1.90086E-02   2.65297E+02  2.72458E-02   2.64417E+02  3.90565E-02   2.63551E+02  5.59747E-02   2.62678E+02  8.02246E-02   2.61817E+02  1.14960E-01   2.60953E+02  1.64734E-01   2.60099E+02  2.36011E-01   2.59249E+02  3.38101E-01   2.58406E+02  4.84260E-01   2.57569E+02  4.80757E-01   2.53571E+02  4.79333E-01   2.49663E+02  4.79989E-01   2.45883E+02  4.82633E-01   2.42266E+02  4.87135E-01   2.38851E+02  4.93301E-01   2.35669E+02  5.00910E-01   2.32745E+02  5.09709E-01   2.30093E+02  5.19443E-01   2.27722E+02  5.29855E-01   2.25634E+02  5.40701E-01   2.23825E+02  5.51753E-01   2.22287E+02  5.62806E-01   2.21009E+02  5.73679E-01   2.19978E+02  5.84208E-01   2.19181E+02  5.94269E-01   2.18605E+02  6.03742E-01   2.18236E+02  6.12540E-01   2.18063E+02  6.20600E-01   2.18071E+02  6.27853E-01   2.18251E+02  6.34282E-01   2.18591E+02  6.39848E-01   2.19083E+02  6.44551E-01   2.19717E+02  6.48390E-01   2.20484E+02  6.51366E-01   2.21378E+02  6.53511E-01   2.22391E+02  6.54829E-01   2.23518E+02  6.55367E-01   2.24752E+02  6.55146E-01   2.26088E+02  6.54200E-01   2.27522E+02  6.52580E-01   2.29047E+02  6.50311E-01   2.30662E+02  6.47442E-01   2.32360E+02  6.44013E-01   2.34140E+02  6.40057E-01   2.35997E+02  6.35628E-01   2.37929E+02  6.30754E-01   2.39931E+02  6.25479E-01   2.42003E+02  6.19845E-01   2.44140E+02  6.13872E-01   2.46340E+02  6.07605E-01   2.48601E+02  6.01087E-01   2.50921E+02 
 9.29902E-06   3.12904E+02  4.81480E-06   1.83125E+02  7.47486E-06   9.57257E+01  5.61394E-06   2.97606E+02  4.96908E-06   2.75214E+02  3.98243E-06   2.98368E+02  8.09804E-06   2.50785E+02  5.08295E-06   2.94190E+02  6.17381E-06   2.70269E+02  1.21731E-05   2.89782E+02  1.95120E-05   2.86398E+02  2.93949E-05   2.80806E+02  4.38926E-05   2.81581E+02  5.89522E-05   2.77034E+02  8.52619E-05   2.76460E+02  1.20886E-04   2.73740E+02  1.71129E-04   2.74325E+02  2.49536E-04   2.72789E+02  3.52039E-04   2.72643E+02  5.11922E-04   2.71596E+02  7.27812E-04   2.70781E+02  1.04926E-03   2.69939E+02  1.50125E-03   2.68958E+02  2.15338E-03   2.68113E+02  3.08815E-03   2.67155E+02  4.42535E-03   2.66276E+02  6.34915E-03   2.65387E+02  9.09699E-03   2.64494E+02  1.30477E-02   2.63620E+02  1.86956E-02   2.62735E+02  2.68036E-02   2.61864E+02  3.84067E-02   2.60982E+02  5.50468E-02   2.60111E+02  7.88715E-02   2.59237E+02  1.13010E-01   2.58368E+02  1.61891E-01   2.57501E+02  2.31896E-01   2.56637E+02  3.32105E-01   2.55778E+02  4.75536E-01   2.54926E+02  4.72841E-01   2.50908E+02  4.72114E-01   2.46983E+02  4.73367E-01   2.43187E+02  4.76551E-01   2.39562E+02  4.81537E-01   2.36144E+02  4.88134E-01   2.32965E+02  4.96124E-01   2.30050E+02  5.05246E-01   2.27414E+02  5.15252E-01   2.25065E+02  5.25875E-01   2.23002E+02  5.36883E-01   2.21220E+02  5.48032E-01   2.19712E+02  5.59142E-01   2.18465E+02  5.70007E-01   2.17466E+02  5.80500E-01   2.16702E+02  5.90463E-01   2.16158E+02  5.99814E-01   2.15822E+02  6.08450E-01   2.15679E+02  6.16310E-01   2.15718E+02  6.23350E-01   2.15928E+02  6.29529E-01   2.16297E+02  6.34838E-01   2.16817E+02  6.39261E-01   2.17478E+02  6.42810E-01   2.18273E+02  6.45495E-01   2.19193E+02  6.47331E-01   2.20232E+02  6.48353E-01   2.21383E+02  6.48582E-01   2.22642E+02  6.48058E-01   2.24001E+02  6.46824E-01   2.25458E+02  6.44899E-01   2.27007E+02  6.42359E-01   2.28643E+02  6.39212E-01   2.30364E+02  6.35521E-01   2.32165E+02  6.31324E-01   2.34043E+02  6.26648E-01   2.35995E+02  6.21552E-01   2.38018E+02  6.16062E-01   2.40109E+02  6.10225E-01   2.42266E+02  6.04087E-01   2.44486E+02  5.97651E-01   2.46766E+02  5.90962E-01   2.49105E+02 
 4.99180E-06   1.47346E+02  6.42043E-06   6.47219E+01  4.93538E-06   2.75685E+02  6.55359E-06   3.03051E+02  2.76556E-06   3.09581E+02  1.72957E-06   2.86058E+02  4.02512E-06   2.51764E+02  5.76929E-06   2.57394E+02  9.86188E-06   2.90288E+02  1.69246E-05   2.79648E+02  2.01154E-05   2.83021E+02  3.07261E-05   2.75046E+02  3.99750E-05   2.77245E+02  5.72977E-05   2.71447E+02  8.08132E-05   2.71857E+02  1.15978E-04   2.71272E+02  1.69256E-04   2.71276E+02  2.41885E-04   2.71088E+02  3.49310E-04   2.70099E+02  5.00849E-04   2.69323E+02  7.18330E-04   2.68410E+02  1.02972E-03   2.67381E+02  1.47680E-03   2.66465E+02  2.11695E-03   2.65539E+02  3.03468E-03   2.64648E+02  4.35183E-03   2.63764E+02  6.23566E-03   2.62882E+02  8.94166E-03   2.62010E+02  1.28107E-02   2.61124E+02  1.83652E-02   2.60250E+02  2.63154E-02   2.59365E+02  3.77178E-02   2.58485E+02  5.40410E-02   2.57601E+02  7.74364E-02   2.56719E+02  1.10928E-01   2.55838E+02  1.58904E-01   2.54957E+02  2.27567E-01   2.54077E+02  3.25860E-01   2.53200E+02  4.66512E-01   2.52324E+02  4.64502E-01   2.48300E+02  4.64362E-01   2.44364E+02  4.66153E-01   2.40559E+02  4.69810E-01   2.36927E+02  4.75230E-01   2.33508E+02  4.82209E-01   2.30335E+02  4.90533E-01   2.27431E+02  4.99940E-01   2.24812E+02  5.10175E-01   2.22484E+02  5.20975E-01   2.20445E+02  5.32100E-01   2.18693E+02  5.43323E-01   2.17214E+02  5.54441E-01   2.15998E+02  5.65284E-01   2.15031E+02  5.75690E-01   2.14298E+02  5.85545E-01   2.13787E+02  5.94737E-01   2.13481E+02  6.03187E-01   2.13369E+02  6.10838E-01   2.13438E+02  6.17636E-01   2.13677E+02  6.23563E-01   2.14075E+02  6.28596E-01   2.14623E+02  6.32736E-01   2.15311E+02  6.35991E-01   2.16131E+02  6.38372E-01   2.17077E+02  6.39912E-01   2.18140E+02  6.40626E-01   2.19317E+02  6.40563E-01   2.20599E+02  6.39742E-01   2.21981E+02  6.38219E-01   2.23461E+02  6.36028E-01   2.25031E+02  6.33203E-01   2.26690E+02  6.29810E-01   2.28431E+02  6.25869E-01   2.30253E+02  6.21433E-01   2.32152E+02  6.16554E-01   2.34124E+02  6.11251E-01   2.36167E+02  6.05575E-01   2.38278E+02  5.99559E-01   2.40453E+02  5.93245E-01   2.42692E+02  5.86677E-01   2.44991E+02  5.79870E-01   2.47349E+02 
 8.18075E-06   3.40435E+02  5.48588E-06   2.40711E+02  2.82331E-06   5.76793E+01  4.78401E-06   2.93178E+02  3.76200E-06   1.80250E+02  2.02496E-06   2.97550E+02  9.41834E-06   2.39160E+02  6.44684E-06   3.12737E+02  9.95659E-06   2.79396E+02  1.30505E-05   2.83603E+02  1.75499E-05   2.83180E+02  2.65539E-05   2.72133E+02  3.90968E-05   2.73711E+02  5.56753E-05   2.70379E+02  8.06499E-05   2.71897E+02  1.16279E-04   2.69427E+02  1.65629E-04   2.70406E+02  2.41322E-04   2.68708E+02  3.41043E-04   2.68025E+02  4.94103E-04   2.66901E+02  7.02990E-04   2.65792E+02  1.01153E-03   2.64985E+02  1.44746E-03   2.63993E+02  2.07482E-03   2.63111E+02  2.97649E-03   2.62263E+02  4.26193E-03   2.61337E+02  6.11557E-03   2.60500E+02  8.75939E-03   2.59588E+02  1.25632E-02   2.58720E+02  1.79998E-02   2.57825E+02  2.58025E-02   2.56940E+02  3.69707E-02   2.56052E+02  5.29791E-02   2.55159E+02  7.58998E-02   2.54266E+02  1.08737E-01   2.53369E+02  1.55740E-01   2.52474E+02  2.23038E-01   2.51578E+02  3.19345E-01   2.50681E+02  4.57124E-01   2.49783E+02  4.55692E-01   2.45759E+02  4.56058E-01   2.41817E+02  4.58297E-01   2.38005E+02  4.62371E-01   2.34369E+02  4.68163E-01   2.30950E+02  4.75474E-01   2.27782E+02  4.84088E-01   2.24890E+02  4.93730E-01   2.22288E+02  5.04154E-01   2.19981E+02  5.15083E-01   2.17969E+02  5.26294E-01   2.16243E+02  5.37539E-01   2.14795E+02  5.48645E-01   2.13609E+02  5.59414E-01   2.12674E+02  5.69720E-01   2.11972E+02  5.79425E-01   2.11491E+02  5.88441E-01   2.11217E+02  5.96684E-01   2.11135E+02  6.04100E-01   2.11233E+02  6.10649E-01   2.11500E+02  6.16303E-01   2.11926E+02  6.21059E-01   2.12501E+02  6.24905E-01   2.13215E+02  6.27867E-01   2.14061E+02  6.29947E-01   2.15032E+02  6.31188E-01   2.16120E+02  6.31609E-01   2.17318E+02  6.31250E-01   2.18624E+02  6.30152E-01   2.20029E+02  6.28352E-01   2.21530E+02  6.25895E-01   2.23123E+02  6.22827E-01   2.24802E+02  6.19184E-01   2.26565E+02  6.15026E-01   2.28407E+02  6.10378E-01   2.30325E+02  6.05289E-01   2.32317E+02  5.99814E-01   2.34379E+02  5.93969E-01   2.36509E+02  5.87809E-01   2.38703E+02  5.81363E-01   2.40961E+02  5.74661E-01   2.43277E+02  5.67745E-01   2.45652E+02 
 6.22606E-06   1.90623E+02  9.60108E-06   9.78519E+01  3.27889E-06   3.04301E+02  6.47354E-06   2.75242E+02  2.03810E-06   3.39706E+02  5.41990E-06   2.61519E+02  3.05553E-06   2.81946E+02  3.38323E-06   3.01564E+02  1.03197E-05   2.77513E+02  1.41773E-05   2.84935E+02  1.91725E-05   2.73934E+02  3.05944E-05   2.70237E+02  3.68808E-05   2.70117E+02  5.67510E-05   2.67185E+02  7.89717E-05   2.68018E+02  1.10337E-04   2.66631E+02  1.64547E-04   2.67117E+02  2.32547E-04   2.65865E+02  3.35583E-04   2.65552E+02  4.80840E-04   2.64372E+02  6.88240E-04   2.63389E+02  9.89425E-04   2.62654E+02  1.41443E-03   2.61600E+02  2.03254E-03   2.60844E+02  2.90985E-03   2.59868E+02  4.17612E-03   2.59042E+02  5.98189E-03   2.58138E+02  8.57755E-03   2.57258E+02  1.22908E-02   2.56375E+02  1.76179E-02   2.55476E+02  2.52465E-02   2.54588E+02  3.61795E-02   2.53683E+02  5.18385E-02   2.52791E+02  7.42728E-02   2.51883E+02  1.06395E-01   2.50981E+02  1.52399E-01   2.50069E+02  2.18247E-01   2.49156E+02  3.12504E-01   2.48238E+02  4.47363E-01   2.47318E+02  4.46364E-01   2.43296E+02  4.47129E-01   2.39351E+02  4.49744E-01   2.35532E+02  4.54167E-01   2.31892E+02  4.60278E-01   2.28473E+02  4.67873E-01   2.25312E+02  4.76723E-01   2.22431E+02  4.86559E-01   2.19846E+02  4.97122E-01   2.17561E+02  5.08145E-01   2.15573E+02  5.19388E-01   2.13876E+02  5.30632E-01   2.12456E+02  5.41670E-01   2.11301E+02  5.52348E-01   2.10396E+02  5.62508E-01   2.09725E+02  5.72046E-01   2.09275E+02  5.80855E-01   2.09030E+02  5.88870E-01   2.08977E+02  5.96036E-01   2.09104E+02  6.02317E-01   2.09399E+02  6.07692E-01   2.09852E+02  6.12157E-01   2.10453E+02  6.15711E-01   2.11193E+02  6.18373E-01   2.12064E+02  6.20160E-01   2.13058E+02  6.21105E-01   2.14170E+02  6.21239E-01   2.15392E+02  6.20602E-01   2.16719E+02  6.19230E-01   2.18146E+02  6.17175E-01   2.19669E+02  6.14471E-01   2.21282E+02  6.11168E-01   2.22982E+02  6.07310E-01   2.24764E+02  6.02943E-01   2.26627E+02  5.98113E-01   2.28564E+02  5.92858E-01   2.30574E+02  5.87218E-01   2.32656E+02  5.81238E-01   2.34804E+02  5.74944E-01   2.37016E+02  5.68392E-01   2.39291E+02  5.61609E-01   2.41626E+02  5.54610E-01   2.44018E+02 
 5.74691E-06   5.45515E+01  5.53673E-06   2.77842E+02  8.99594E-06   2.96129E+02  2.89845E-06   3.04260E+02  5.24807E-06   1.60314E+02  1.97014E-06   2.64674E+02  5.52465E-06   2.20430E+02  6.92194E-06   2.95308E+02  1.26376E-05   2.73683E+02  1.24360E-05   2.86265E+02  1.97061E-05   2.75076E+02  2.42383E-05   2.63365E+02  3.40280E-05   2.66898E+02  5.39670E-05   2.64463E+02  7.47274E-05   2.67007E+02  1.11570E-04   2.65925E+02  1.58977E-04   2.65990E+02  2.28472E-04   2.64481E+02  3.28203E-04   2.63558E+02  4.70152E-04   2.62118E+02  6.73075E-04   2.61261E+02  9.65859E-04   2.60208E+02  1.38395E-03   2.59405E+02  1.98255E-03   2.58493E+02  2.84497E-03   2.57655E+02  4.07369E-03   2.56773E+02  5.84315E-03   2.55886E+02  8.37185E-03   2.54998E+02  1.20013E-02   2.54114E+02  1.72006E-02   2.53213E+02  2.46515E-02   2.52315E+02  3.53260E-02   2.51407E+02  5.06213E-02   2.50498E+02  7.25305E-02   2.49587E+02  1.03912E-01   2.48670E+02  1.48845E-01   2.47747E+02  2.13195E-01   2.46820E+02  3.05296E-01   2.45885E+02  4.37116E-01   2.44943E+02  4.36426E-01   2.40924E+02  4.37502E-01   2.36972E+02  4.40424E-01   2.33146E+02  4.45133E-01   2.29500E+02  4.51510E-01   2.26082E+02  4.59335E-01   2.22926E+02  4.68376E-01   2.20057E+02  4.78356E-01   2.17489E+02  4.89014E-01   2.15225E+02  5.00082E-01   2.13262E+02  5.11323E-01   2.11591E+02  5.22509E-01   2.10200E+02  5.33461E-01   2.09075E+02  5.43997E-01   2.08200E+02  5.53996E-01   2.07559E+02  5.63325E-01   2.07139E+02  5.71912E-01   2.06922E+02  5.79676E-01   2.06898E+02  5.86577E-01   2.07053E+02  5.92579E-01   2.07375E+02  5.97662E-01   2.07854E+02  6.01836E-01   2.08480E+02  6.05090E-01   2.09245E+02  6.07459E-01   2.10140E+02  6.08953E-01   2.11158E+02  6.09617E-01   2.12292E+02  6.09472E-01   2.13536E+02  6.08567E-01   2.14886E+02  6.06946E-01   2.16334E+02  6.04643E-01   2.17877E+02  6.01718E-01   2.19511E+02  5.98204E-01   2.21229E+02  5.94147E-01   2.23032E+02  5.89605E-01   2.24912E+02  5.84606E-01   2.26869E+02  5.79203E-01   2.28899E+02  5.73442E-01   2.30997E+02  5.67348E-01   2.33163E+02  5.60968E-01   2.35393E+02  5.54321E-01   2.37685E+02  5.47470E-01   2.40037E+02  5.40430E-01   2.42446E+02 
 6.38990E-06   2.31000E+02  2.27507E-07   8.16996E+01  2.61280E-06   2.54194E+01  3.00954E-06   1.79820E+02  4.80529E-07   2.30453E+02  5.79852E-06   2.66416E+02  3.84585E-06   2.98744E+02  7.69051E-06   3.02830E+02  8.79413E-06   2.82944E+02  1.07104E-05   2.80559E+02  1.82085E-05   2.59210E+02  2.65070E-05   2.62318E+02  3.63791E-05   2.63645E+02  5.30179E-05   2.65066E+02  7.58116E-05   2.65694E+02  1.08369E-04   2.63146E+02  1.56083E-04   2.63821E+02  2.23550E-04   2.61177E+02  3.18193E-04   2.60743E+02  4.58574E-04   2.59676E+02  6.53197E-04   2.58722E+02  9.42108E-04   2.58109E+02  1.34419E-03   2.57105E+02  1.93348E-03   2.56433E+02  2.76661E-03   2.55447E+02  3.97076E-03   2.54640E+02  5.68846E-03   2.53735E+02  8.15536E-03   2.52823E+02  1.16917E-02   2.51938E+02  1.67548E-02   2.51025E+02  2.40185E-02   2.50124E+02  3.44173E-02   2.49210E+02  4.93253E-02   2.48299E+02  7.06733E-02   2.47375E+02  1.01265E-01   2.46452E+02  1.45077E-01   2.45517E+02  2.07816E-01   2.44580E+02  2.97655E-01   2.43629E+02  4.26250E-01   2.42670E+02  4.25790E-01   2.38647E+02  4.27111E-01   2.34688E+02  4.30268E-01   2.30851E+02  4.35219E-01   2.27199E+02  4.41803E-01   2.23778E+02  4.49814E-01   2.20629E+02  4.58992E-01   2.17770E+02  4.69070E-01   2.15219E+02  4.79773E-01   2.12975E+02  4.90841E-01   2.11037E+02  5.02030E-01   2.09392E+02  5.13128E-01   2.08030E+02  5.23939E-01   2.06933E+02  5.34313E-01   2.06087E+02  5.44101E-01   2.05476E+02  5.53210E-01   2.05083E+02  5.61538E-01   2.04896E+02  5.69040E-01   2.04899E+02  5.75655E-01   2.05081E+02  5.81370E-01   2.05429E+02  5.86158E-01   2.05934E+02  5.90034E-01   2.06585E+02  5.92993E-01   2.07373E+02  5.95070E-01   2.08292E+02  5.96284E-01   2.09331E+02  5.96666E-01   2.10488E+02  5.96264E-01   2.11754E+02  5.95107E-01   2.13124E+02  5.93247E-01   2.14592E+02  5.90730E-01   2.16155E+02  5.87594E-01   2.17808E+02  5.83898E-01   2.19547E+02  5.79674E-01   2.21368E+02  5.74975E-01   2.23268E+02  5.69853E-01   2.25242E+02  5.64327E-01   2.27289E+02  5.58459E-01   2.29405E+02  5.52288E-01   2.31588E+02  5.45838E-01   2.33835E+02  5.39155E-01   2.36144E+02  5.32266E-01   2.38513E+02  5.25198E-01   2.40938E+02 
 3.87996E-06   8.66263E+01  4.19125E-06   2.60483E+00  9.59653E-06   2.82507E+02  2.33926E-06   2.50058E+02  1.75860E-06   2.69221E+02  3.09439E-06   2.60541E+02  2.20106E-06   1.92099E+02  7.24923E-06   2.85755E+02  1.20966E-05   2.61648E+02  1.05409E-05   2.73839E+02  1.92137E-05   2.57953E+02  2.29088E-05   2.62767E+02  3.16978E-05   2.63318E+02  5.16052E-05   2.64939E+02  7.06261E-05   2.62301E+02  1.04900E-04   2.62469E+02  1.50666E-04   2.61135E+02  2.15435E-04   2.59026E+02  3.11131E-04   2.59263E+02  4.42597E-04   2.57519E+02  6.38219E-04   2.57126E+02  9.11943E-04   2.55885E+02  1.30895E-03   2.55224E+02  1.87653E-03   2.54297E+02  2.69054E-03   2.53413E+02  3.85598E-03   2.52560E+02  5.52728E-03   2.51621E+02  7.92494E-03   2.50758E+02  1.13587E-02   2.49823E+02  1.62801E-02   2.48936E+02  2.33348E-02   2.48017E+02  3.34441E-02   2.47105E+02  4.79305E-02   2.46184E+02  6.86899E-02   2.45260E+02  9.84369E-02   2.44327E+02  1.41045E-01   2.43387E+02  2.02084E-01   2.42436E+02  2.89502E-01   2.41476E+02  4.14688E-01   2.40506E+02  4.14372E-01   2.36475E+02  4.15865E-01   2.32501E+02  4.19216E-01   2.28651E+02  4.24348E-01   2.24990E+02  4.31100E-01   2.21567E+02  4.39241E-01   2.18420E+02  4.48512E-01   2.15573E+02  4.58637E-01   2.13037E+02  4.69338E-01   2.10815E+02  4.80356E-01   2.08899E+02  4.91453E-01   2.07281E+02  5.02412E-01   2.05945E+02  5.13058E-01   2.04877E+02  5.23218E-01   2.04060E+02  5.32782E-01   2.03477E+02  5.41626E-01   2.03112E+02  5.49691E-01   2.02952E+02  5.56900E-01   2.02982E+02  5.63223E-01   2.03190E+02  5.68634E-01   2.03563E+02  5.73124E-01   2.04092E+02  5.76699E-01   2.04767E+02  5.79369E-01   2.05578E+02  5.81161E-01   2.06519E+02  5.82099E-01   2.07581E+02  5.82226E-01   2.08759E+02  5.81572E-01   2.10045E+02  5.80187E-01   2.11435E+02  5.78112E-01   2.12924E+02  5.75395E-01   2.14506E+02  5.72085E-01   2.16178E+02  5.68226E-01   2.17935E+02  5.63861E-01   2.19774E+02  5.59040E-01   2.21691E+02  5.53804E-01   2.23683E+02  5.48206E-01   2.25747E+02  5.42269E-01   2.27880E+02  5.36045E-01   2.30080E+02  5.29565E-01   2.32343E+02  5.22854E-01   2.34667E+02  5.15970E-01   2.37052E+02  5.08928E-01   2.39494E+02 
 6.02674E-06   2.86522E+02  6.50357E-06   2.75469E+02  1.58950E-06   1.23762E+02  3.75064E-06   1.20425E+02  2.01688E-06   1.63105E+02  4.20768E-06   2.64298E+02  4.51724E-06   3.16430E+02  1.02731E-05   2.78996E+02  7.80352E-06   2.84204E+02  9.12193E-06   2.67606E+02  1.73885E-05   2.53474E+02  2.03131E-05   2.58433E+02  3.60094E-05   2.61433E+02  4.93425E-05   2.62325E+02  7.11087E-05   2.62049E+02  1.04491E-04   2.59750E+02  1.45606E-04   2.58582E+02  2.12225E-04   2.57357E+02  2.99530E-04   2.56210E+02  4.32879E-04   2.55437E+02  6.14754E-04   2.54693E+02  8.86541E-04   2.53894E+02  1.26489E-03   2.53125E+02  1.81761E-03   2.52264E+02  2.60213E-03   2.51426E+02  3.73385E-03   2.50524E+02  5.35141E-03   2.49648E+02  7.67274E-03   2.48730E+02  1.10011E-02   2.47831E+02  1.57673E-02   2.46919E+02  2.26063E-02   2.46009E+02  3.23987E-02   2.45090E+02  4.64443E-02   2.44170E+02  6.65626E-02   2.43238E+02  9.54044E-02   2.42304E+02  1.36726E-01   2.41356E+02  1.95948E-01   2.40402E+02  2.80779E-01   2.39436E+02  4.02325E-01   2.38457E+02  4.02092E-01   2.34409E+02  4.03714E-01   2.30416E+02  4.07207E-01   2.26549E+02  4.12483E-01   2.22877E+02  4.19349E-01   2.19449E+02  4.27577E-01   2.16306E+02  4.36888E-01   2.13468E+02  4.47007E-01   2.10948E+02  4.57657E-01   2.08744E+02  4.68576E-01   2.06852E+02  4.79533E-01   2.05258E+02  4.90315E-01   2.03950E+02  5.00744E-01   2.02908E+02  5.10668E-01   2.02119E+02  5.19961E-01   2.01563E+02  5.28533E-01   2.01226E+02  5.36294E-01   2.01092E+02  5.43208E-01   2.01148E+02  5.49218E-01   2.01381E+02  5.54330E-01   2.01779E+02  5.58509E-01   2.02331E+02  5.61794E-01   2.03029E+02  5.64173E-01   2.03862E+02  5.65691E-01   2.04825E+02  5.66370E-01   2.05907E+02  5.66246E-01   2.07106E+02  5.65371E-01   2.08412E+02  5.63772E-01   2.09821E+02  5.61507E-01   2.11329E+02  5.58623E-01   2.12929E+02  5.55156E-01   2.14619E+02  5.51172E-01   2.16394E+02  5.46699E-01   2.18250E+02  5.41786E-01   2.20185E+02  5.36484E-01   2.22193E+02  5.30819E-01   2.24274E+02  5.24854E-01   2.26423E+02  5.18613E-01   2.28638E+02  5.12138E-01   2.30918E+02  5.05449E-01   2.33258E+02  4.98585E-01   2.35657E+02  4.91581E-01   2.38113E+02 
 1.75193E-06   1.30140E+02  4.51922E-06   5.02409E+01  4.24468E-06   2.89340E+02  2.11322E-06   2.01545E+02  5.15227E-06   2.70328E+02  3.71898E-06   2.99774E+02  1.98654E-06   2.64060E+02  6.45244E-06   2.71291E+02  8.19403E-06   2.39384E+02  1.06579E-05   2.56661E+02  1.76982E-05   2.50574E+02  2.17263E-05   2.65136E+02  3.31299E-05   2.60358E+02  4.63655E-05   2.63897E+02  6.69724E-05   2.58977E+02  9.88814E-05   2.57487E+02  1.40760E-04   2.56607E+02  2.00815E-04   2.54603E+02  2.91107E-04   2.55038E+02  4.13661E-04   2.53316E+02  5.94857E-04   2.53324E+02  8.52041E-04   2.52112E+02  1.22113E-03   2.51345E+02  1.75383E-03   2.50488E+02  2.51309E-03   2.49512E+02  3.60626E-03   2.48671E+02  5.16695E-03   2.47692E+02  7.41044E-03   2.46841E+02  1.06211E-02   2.45892E+02  1.52283E-02   2.45010E+02  2.18261E-02   2.44080E+02  3.12913E-02   2.43173E+02  4.48508E-02   2.42244E+02  6.42968E-02   2.41317E+02  9.21628E-02   2.40378E+02  1.32111E-01   2.39434E+02  1.89371E-01   2.38478E+02  2.71444E-01   2.37507E+02  3.89069E-01   2.36520E+02  3.88877E-01   2.32452E+02  3.90594E-01   2.28433E+02  3.94196E-01   2.24546E+02  3.99569E-01   2.20860E+02  4.06511E-01   2.17427E+02  4.14773E-01   2.14285E+02  4.24076E-01   2.11457E+02  4.34140E-01   2.08950E+02  4.44683E-01   2.06767E+02  4.55456E-01   2.04896E+02  4.66224E-01   2.03328E+02  4.76782E-01   2.02044E+02  4.86961E-01   2.01031E+02  4.96606E-01   2.00266E+02  5.05610E-01   1.99738E+02  5.13869E-01   1.99426E+02  5.21320E-01   1.99318E+02  5.27910E-01   1.99398E+02  5.33609E-01   1.99655E+02  5.38401E-01   2.00076E+02  5.42287E-01   2.00651E+02  5.45269E-01   2.01371E+02  5.47377E-01   2.02226E+02  5.48628E-01   2.03209E+02  5.49063E-01   2.04312E+02  5.48715E-01   2.05530E+02  5.47627E-01   2.06855E+02  5.45851E-01   2.08283E+02  5.43418E-01   2.09808E+02  5.40390E-01   2.11427E+02  5.36808E-01   2.13134E+02  5.32713E-01   2.14926E+02  5.28168E-01   2.16799E+02  5.23197E-01   2.18749E+02  5.17854E-01   2.20775E+02  5.12187E-01   2.22870E+02  5.06213E-01   2.25035E+02  4.99989E-01   2.27266E+02  4.93549E-01   2.29559E+02  4.86914E-01   2.31914E+02  4.80125E-01   2.34329E+02  4.73207E-01   2.36800E+02 
 5.96314E-06   3.25584E+02  8.85562E-06   2.85707E+02  3.15401E-06   1.88147E+02  4.97323E-06   1.31619E+02  2.52168E-07   2.68086E+02  1.95544E-06   2.10257E+02  3.91001E-06   3.01069E+02  1.05488E-05   2.74440E+02  6.27567E-06   2.70204E+02  1.01602E-05   2.62655E+02  1.56323E-05   2.57898E+02  1.76766E-05   2.58728E+02  3.36457E-05   2.60664E+02  4.57405E-05   2.58351E+02  6.70412E-05   2.56813E+02  9.73623E-05   2.55904E+02  1.34458E-04   2.53516E+02  1.97468E-04   2.53950E+02  2.76515E-04   2.52467E+02  4.01382E-04   2.51976E+02  5.70662E-04   2.51243E+02  8.21155E-04   2.50110E+02  1.17546E-03   2.49603E+02  1.68662E-03   2.48449E+02  2.41781E-03   2.47743E+02  3.46706E-03   2.46720E+02  4.96894E-03   2.45909E+02  7.12569E-03   2.44970E+02  1.02143E-02   2.44082E+02  1.46438E-02   2.43173E+02  2.09955E-02   2.42261E+02  3.00980E-02   2.41352E+02  4.31542E-02   2.40422E+02  6.18658E-02   2.39500E+02  8.86988E-02   2.38559E+02  1.27166E-01   2.37615E+02  1.82327E-01   2.36656E+02  2.61416E-01   2.35687E+02  3.74822E-01   2.34707E+02  3.74670E-01   2.30604E+02  3.76456E-01   2.26554E+02  3.80140E-01   2.22644E+02  3.85572E-01   2.18941E+02  3.92546E-01   2.15502E+02  4.00791E-01   2.12361E+02  4.10036E-01   2.09540E+02  4.19986E-01   2.07049E+02  4.30378E-01   2.04883E+02  4.40948E-01   2.03035E+02  4.51483E-01   2.01490E+02  4.61773E-01   2.00232E+02  4.71658E-01   1.99242E+02  4.80995E-01   1.98505E+02  4.89671E-01   1.98000E+02  4.97602E-01   1.97715E+02  5.04716E-01   1.97630E+02  5.10980E-01   1.97735E+02  5.16349E-01   1.98014E+02  5.20833E-01   1.98458E+02  5.24407E-01   1.99054E+02  5.27111E-01   1.99795E+02  5.28943E-01   2.00670E+02  5.29950E-01   2.01673E+02  5.30155E-01   2.02795E+02  5.29602E-01   2.04031E+02  5.28337E-01   2.05375E+02  5.26392E-01   2.06821E+02  5.23834E-01   2.08364E+02  5.20690E-01   2.09999E+02  5.17017E-01   2.11723E+02  5.12868E-01   2.13531E+02  5.08272E-01   2.15420E+02  5.03284E-01   2.17386E+02  4.97939E-01   2.19425E+02  4.92280E-01   2.21538E+02  4.86357E-01   2.23717E+02  4.80186E-01   2.25962E+02  4.73819E-01   2.28271E+02  4.67271E-01   2.30639E+02  4.60575E-01   2.33067E+02  4.53775E-01   2.35551E+02 
 2.78009E-06   2.42345E+02  3.73941E-06   9.64585E+01  3.29977E-06   9.47920E+01  7.78366E-07   3.53210E+02  7.50687E-06   2.62481E+02  5.03711E-06   3.11335E+02  4.20787E-06   2.85494E+02  6.59295E-06   2.65407E+02  5.12645E-06   2.12973E+02  1.20873E-05   2.44562E+02  1.49705E-05   2.46611E+02  1.96423E-05   2.60729E+02  3.37368E-05   2.57376E+02  4.19154E-05   2.60241E+02  6.37939E-05   2.55500E+02  9.00213E-05   2.53226E+02  1.28759E-04   2.52954E+02  1.86004E-04   2.50998E+02  2.64908E-04   2.51282E+02  3.81123E-04   2.50090E+02  5.46737E-04   2.49738E+02  7.84479E-04   2.48601E+02  1.12489E-03   2.47793E+02  1.61501E-03   2.46923E+02  2.31417E-03   2.45951E+02  3.32119E-03   2.45089E+02  4.75784E-03   2.44132E+02  6.82661E-03   2.43278E+02  9.78322E-03   2.42333E+02  1.40306E-02   2.41455E+02  2.01120E-02   2.40531E+02  2.88402E-02   2.39627E+02  4.13463E-02   2.38704E+02  5.92891E-02   2.37781E+02  8.50119E-02   2.36847E+02  1.21907E-01   2.35903E+02  1.74814E-01   2.34950E+02  2.50700E-01   2.33985E+02  3.59566E-01   2.33006E+02  3.59439E-01   2.28864E+02  3.61284E-01   2.24781E+02  3.65015E-01   2.20843E+02  3.70477E-01   2.17123E+02  3.77430E-01   2.13675E+02  3.85616E-01   2.10535E+02  3.94741E-01   2.07722E+02  4.04530E-01   2.05244E+02  4.14706E-01   2.03096E+02  4.25031E-01   2.01268E+02  4.35277E-01   1.99747E+02  4.45257E-01   1.98512E+02  4.54809E-01   1.97548E+02  4.63800E-01   1.96834E+02  4.72123E-01   1.96355E+02  4.79700E-01   1.96092E+02  4.86462E-01   1.96031E+02  4.92382E-01   1.96158E+02  4.97423E-01   1.96460E+02  5.01583E-01   1.96924E+02  5.04871E-01   1.97542E+02  5.07285E-01   1.98302E+02  5.08871E-01   1.99197E+02  5.09640E-01   2.00219E+02  5.09641E-01   2.01359E+02  5.08907E-01   2.02613E+02  5.07480E-01   2.03974E+02  5.05417E-01   2.05437E+02  5.02740E-01   2.06996E+02  4.99527E-01   2.08647E+02  4.95797E-01   2.10387E+02  4.91610E-01   2.12210E+02  4.87014E-01   2.14114E+02  4.82038E-01   2.16095E+02  4.76736E-01   2.18150E+02  4.71138E-01   2.20275E+02  4.65279E-01   2.22470E+02  4.59205E-01   2.24728E+02  4.52947E-01   2.27050E+02  4.46533E-01   2.29433E+02  4.39983E-01   2.31873E+02  4.33326E-01   2.34371E+02 
 4.81481E-06   3.48127E+02  5.91692E-06   3.07443E+02  3.74230E-06   2.19750E+02  3.58937E-06   1.89881E+02  7.07693E-07   3.08899E+02  2.24253E-06   6.88457E+01  4.22374E-06   2.61060E+02  6.14762E-06   2.54289E+02  6.07805E-06   2.51933E+02  1.14155E-05   2.61293E+02  1.37594E-05   2.65069E+02  1.76847E-05   2.59692E+02  2.98969E-05   2.57763E+02  4.09733E-05   2.54972E+02  6.21666E-05   2.50816E+02  8.69835E-05   2.52252E+02  1.23823E-04   2.49745E+02  1.78726E-04   2.50649E+02  2.51560E-04   2.49333E+02  3.66036E-04   2.48765E+02  5.20365E-04   2.48213E+02  7.50370E-04   2.46765E+02  1.07402E-03   2.46299E+02  1.54030E-03   2.44996E+02  2.20777E-03   2.44381E+02  3.16642E-03   2.43332E+02  4.53692E-03   2.42530E+02  6.50680E-03   2.41590E+02  9.32729E-03   2.40714E+02  1.33749E-02   2.39813E+02  1.91750E-02   2.38904E+02  2.74961E-02   2.38005E+02  3.94270E-02   2.37081E+02  5.65383E-02   2.36167E+02  8.10824E-02   2.35231E+02  1.16288E-01   2.34296E+02  1.66791E-01   2.33348E+02  2.39266E-01   2.32392E+02  3.43242E-01   2.31417E+02  3.43163E-01   2.27231E+02  3.45047E-01   2.23109E+02  3.48812E-01   2.19144E+02  3.54252E-01   2.15404E+02  3.61151E-01   2.11949E+02  3.69212E-01   2.08808E+02  3.78173E-01   2.06003E+02  3.87738E-01   2.03537E+02  3.97652E-01   2.01407E+02  4.07669E-01   1.99599E+02  4.17584E-01   1.98099E+02  4.27206E-01   1.96888E+02  4.36389E-01   1.95946E+02  4.45000E-01   1.95257E+02  4.52943E-01   1.94800E+02  4.60142E-01   1.94561E+02  4.66540E-01   1.94521E+02  4.72104E-01   1.94671E+02  4.76808E-01   1.94992E+02  4.80658E-01   1.95478E+02  4.83644E-01   1.96114E+02  4.85803E-01   1.96894E+02  4.87138E-01   1.97807E+02  4.87701E-01   1.98846E+02  4.87512E-01   2.00004E+02  4.86625E-01   2.01275E+02  4.85072E-01   2.02652E+02  4.82901E-01   2.04131E+02  4.80167E-01   2.05706E+02  4.76899E-01   2.07372E+02  4.73157E-01   2.09127E+02  4.68979E-01   2.10965E+02  4.64408E-01   2.12883E+02  4.59491E-01   2.14878E+02  4.54257E-01   2.16946E+02  4.48754E-01   2.19086E+02  4.43022E-01   2.21293E+02  4.37073E-01   2.23565E+02  4.30962E-01   2.25901E+02  4.24705E-01   2.28295E+02  4.18330E-01   2.30748E+02  4.11873E-01   2.33257E+02 
 5.46576E-06   2.77716E+02  5.33011E-06   1.51881E+02  5.94665E-06   9.87375E+01  1.15708E-06   4.41234E+01  4.23557E-06   2.83815E+02  5.19439E-06   2.95521E+02  6.35205E-06   2.75651E+02  7.01142E-06   2.53952E+02  3.24113E-06   2.05941E+02  1.07000E-05   2.53163E+02  1.42525E-05   2.40376E+02  1.77001E-05   2.58854E+02  3.17510E-05   2.56303E+02  3.73801E-05   2.51423E+02  5.83550E-05   2.53455E+02  8.08640E-05   2.49219E+02  1.15212E-04   2.49832E+02  1.67757E-04   2.48604E+02  2.39303E-04   2.47895E+02  3.45066E-04   2.47380E+02  4.93909E-04   2.46198E+02  7.10573E-04   2.45609E+02  1.01573E-03   2.44534E+02  1.45998E-03   2.43666E+02  2.09204E-03   2.42762E+02  3.00135E-03   2.41850E+02  4.30237E-03   2.40969E+02  6.16944E-03   2.40072E+02  8.84506E-03   2.39182E+02  1.26838E-02   2.38285E+02  1.81857E-02   2.37383E+02  2.60810E-02   2.36479E+02  3.73978E-02   2.35568E+02  5.36362E-02   2.34650E+02  7.69246E-02   2.33725E+02  1.10344E-01   2.32796E+02  1.58298E-01   2.31853E+02  2.27114E-01   2.30900E+02  3.25892E-01   2.29941E+02  3.25844E-01   2.25704E+02  3.27767E-01   2.21543E+02  3.31521E-01   2.17546E+02  3.36919E-01   2.13789E+02  3.43696E-01   2.10323E+02  3.51595E-01   2.07183E+02  3.60322E-01   2.04384E+02  3.69611E-01   2.01932E+02  3.79199E-01   1.99817E+02  3.88865E-01   1.98029E+02  3.98392E-01   1.96550E+02  4.07617E-01   1.95360E+02  4.16387E-01   1.94441E+02  4.24589E-01   1.93773E+02  4.32122E-01   1.93339E+02  4.38927E-01   1.93120E+02  4.44941E-01   1.93103E+02  4.50144E-01   1.93271E+02  4.54512E-01   1.93614E+02  4.58044E-01   1.94118E+02  4.60755E-01   1.94773E+02  4.62649E-01   1.95571E+02  4.63771E-01   1.96501E+02  4.64133E-01   1.97557E+02  4.63791E-01   1.98732E+02  4.62769E-01   2.00018E+02  4.61120E-01   2.01411E+02  4.58887E-01   2.02904E+02  4.56105E-01   2.04494E+02  4.52837E-01   2.06175E+02  4.49108E-01   2.07944E+02  4.44972E-01   2.09796E+02  4.40477E-01   2.11727E+02  4.35649E-01   2.13736E+02  4.30539E-01   2.15817E+02  4.25168E-01   2.17969E+02  4.19580E-01   2.20189E+02  4.13811E-01   2.22473E+02  4.07885E-01   2.24820E+02  4.01836E-01   2.27228E+02  3.95677E-01   2.29692E+02  3.89434E-01   2.32213E+02 
 3.00548E-06   3.89068E+01  3.29477E-06   3.56396E+02  3.91249E-06   2.32980E+02  4.27044E-06   2.40349E+02  2.23305E-06   2.97270E+02  2.15481E-06   7.57648E+01  4.32097E-06   2.31642E+02  2.95237E-06   2.32800E+02  5.99021E-06   2.53250E+02  1.06072E-05   2.56349E+02  1.05003E-05   2.63534E+02  1.84783E-05   2.61409E+02  2.62039E-05   2.53902E+02  3.58484E-05   2.53062E+02  5.54842E-05   2.47745E+02  7.69378E-05   2.48511E+02  1.10781E-04   2.46439E+02  1.59770E-04   2.47495E+02  2.25146E-04   2.46619E+02  3.26597E-04   2.45734E+02  4.64967E-04   2.45293E+02  6.69975E-04   2.43771E+02  9.60145E-04   2.43303E+02  1.37540E-03   2.42038E+02  1.97464E-03   2.41345E+02  2.82978E-03   2.40331E+02  4.05669E-03   2.39518E+02  5.81639E-03   2.38616E+02  8.33830E-03   2.37736E+02  1.19576E-02   2.36854E+02  1.71435E-02   2.35949E+02  2.45862E-02   2.35056E+02  3.52582E-02   2.34144E+02  5.05692E-02   2.33238E+02  7.25387E-02   2.32318E+02  1.04061E-01   2.31397E+02  1.49301E-01   2.30464E+02  2.14235E-01   2.29525E+02  3.07476E-01   2.28568E+02  3.07493E-01   2.24282E+02  3.09433E-01   2.20077E+02  3.13163E-01   2.16053E+02  3.18459E-01   2.12274E+02  3.25082E-01   2.08801E+02  3.32748E-01   2.05659E+02  3.41193E-01   2.02869E+02  3.50140E-01   2.00427E+02  3.59355E-01   1.98330E+02  3.68604E-01   1.96559E+02  3.77705E-01   1.95100E+02  3.86482E-01   1.93931E+02  3.94808E-01   1.93033E+02  4.02564E-01   1.92387E+02  4.09669E-01   1.91972E+02  4.16055E-01   1.91775E+02  4.21678E-01   1.91776E+02  4.26513E-01   1.91965E+02  4.30540E-01   1.92325E+02  4.33769E-01   1.92848E+02  4.36196E-01   1.93520E+02  4.37860E-01   1.94334E+02  4.38767E-01   1.95280E+02  4.38970E-01   1.96352E+02  4.38483E-01   1.97542E+02  4.37368E-01   1.98843E+02  4.35650E-01   2.00251E+02  4.33383E-01   2.01759E+02  4.30606E-01   2.03362E+02  4.27358E-01   2.05057E+02  4.23693E-01   2.06839E+02  4.19641E-01   2.08703E+02  4.15247E-01   2.10648E+02  4.10558E-01   2.12668E+02  4.05593E-01   2.14762E+02  4.00404E-01   2.16926E+02  3.95017E-01   2.19157E+02  3.89447E-01   2.21454E+02  3.83746E-01   2.23812E+02  3.77931E-01   2.26230E+02  3.72028E-01   2.28705E+02  3.66057E-01   2.31238E+02 
 5.46452E-06   2.97637E+02  6.30053E-06   1.65122E+02  6.71756E-06   1.28756E+02  1.50796E-06   2.63855E+01  2.94951E-06   3.40779E+02  4.23487E-06   2.71680E+02  7.83184E-06   2.73806E+02  4.78480E-06   2.79145E+02  4.77901E-06   2.22262E+02  9.15822E-06   2.62121E+02  1.00869E-05   2.40955E+02  1.75780E-05   2.49104E+02  2.66896E-05   2.51054E+02  3.41810E-05   2.43591E+02  5.26008E-05   2.51031E+02  7.05549E-05   2.45758E+02  1.03571E-04   2.47223E+02  1.46775E-04   2.46573E+02  2.10221E-04   2.44942E+02  3.05077E-04   2.45016E+02  4.34564E-04   2.43229E+02  6.28295E-04   2.42783E+02  8.96231E-04   2.41642E+02  1.28958E-03   2.40829E+02  1.84517E-03   2.39952E+02  2.64845E-03   2.39021E+02  3.79612E-03   2.38200E+02  5.44314E-03   2.37271E+02  7.80594E-03   2.36418E+02  1.11922E-02   2.35507E+02  1.60503E-02   2.34631E+02  2.30178E-02   2.33723E+02  3.30128E-02   2.32832E+02  4.73535E-02   2.31924E+02  6.79248E-02   2.31015E+02  9.74543E-02   2.30099E+02  1.39830E-01   2.29175E+02  2.00682E-01   2.28246E+02  2.88063E-01   2.27308E+02  2.88139E-01   2.22963E+02  2.90091E-01   2.18717E+02  2.93756E-01   2.14660E+02  2.98916E-01   2.10866E+02  3.05319E-01   2.07382E+02  3.12703E-01   2.04242E+02  3.20797E-01   2.01456E+02  3.29353E-01   1.99028E+02  3.38126E-01   1.96944E+02  3.46917E-01   1.95191E+02  3.55532E-01   1.93750E+02  3.63828E-01   1.92601E+02  3.71666E-01   1.91723E+02  3.78953E-01   1.91096E+02  3.85598E-01   1.90702E+02  3.91556E-01   1.90523E+02  3.96771E-01   1.90544E+02  4.01236E-01   1.90749E+02  4.04925E-01   1.91127E+02  4.07849E-01   1.91666E+02  4.10022E-01   1.92355E+02  4.11451E-01   1.93184E+02  4.12182E-01   1.94146E+02  4.12228E-01   1.95233E+02  4.11645E-01   1.96437E+02  4.10450E-01   1.97753E+02  4.08704E-01   1.99173E+02  4.06437E-01   2.00694E+02  4.03688E-01   2.02311E+02  4.00513E-01   2.04017E+02  3.96934E-01   2.05811E+02  3.93008E-01   2.07689E+02  3.88770E-01   2.09644E+02  3.84244E-01   2.11677E+02  3.79485E-01   2.13782E+02  3.74499E-01   2.15957E+02  3.69342E-01   2.18200E+02  3.64032E-01   2.20505E+02  3.58592E-01   2.22876E+02  3.53058E-01   2.25305E+02  3.47438E-01   2.27791E+02  3.41756E-01   2.30332E+02 
 3.93867E-06   1.13666E+02  4.34750E-06   6.25830E+01  3.08964E-06   2.71877E+02  6.34474E-06   2.51922E+02  4.06186E-06   2.88135E+02  7.25518E-07   6.42167E+01  4.42998E-06   2.18974E+02  2.52443E-06   1.64688E+02  4.93108E-06   2.45610E+02  9.42802E-06   2.48849E+02  8.76167E-06   2.71297E+02  1.76403E-05   2.64474E+02  2.15205E-05   2.48816E+02  3.12075E-05   2.52802E+02  4.82957E-05   2.43780E+02  6.62194E-05   2.46169E+02  9.63159E-05   2.45159E+02  1.37977E-04   2.44162E+02  1.96863E-04   2.44593E+02  2.82918E-04   2.42933E+02  4.06870E-04   2.42510E+02  5.81177E-04   2.41115E+02  8.36269E-04   2.40547E+02  1.19545E-03   2.39426E+02  1.71646E-03   2.38707E+02  2.45969E-03   2.37777E+02  3.52662E-03   2.36921E+02  5.05785E-03   2.36055E+02  7.24920E-03   2.35167E+02  1.03991E-02   2.34293E+02  1.49075E-02   2.33395E+02  2.13825E-02   2.32514E+02  3.06653E-02   2.31611E+02  4.39861E-02   2.30718E+02  6.31017E-02   2.29810E+02  9.05327E-02   2.28907E+02  1.29912E-01   2.27989E+02  1.86453E-01   2.27070E+02  2.67663E-01   2.26141E+02  2.67822E-01   2.21747E+02  2.69763E-01   2.17459E+02  2.73333E-01   2.13375E+02  2.78301E-01   2.09561E+02  2.84440E-01   2.06071E+02  2.91474E-01   2.02929E+02  2.99169E-01   2.00152E+02  3.07261E-01   1.97731E+02  3.15549E-01   1.95664E+02  3.23819E-01   1.93926E+02  3.31912E-01   1.92504E+02  3.39678E-01   1.91373E+02  3.47000E-01   1.90513E+02  3.53783E-01   1.89905E+02  3.59952E-01   1.89528E+02  3.65459E-01   1.89368E+02  3.70264E-01   1.89404E+02  3.74348E-01   1.89628E+02  3.77704E-01   1.90021E+02  3.80335E-01   1.90576E+02  3.82253E-01   1.91279E+02  3.83483E-01   1.92124E+02  3.84042E-01   1.93099E+02  3.83977E-01   1.94199E+02  3.83302E-01   1.95417E+02  3.82079E-01   1.96745E+02  3.80324E-01   1.98178E+02  3.78094E-01   1.99711E+02  3.75422E-01   2.01340E+02  3.72341E-01   2.03059E+02  3.68907E-01   2.04864E+02  3.65136E-01   2.06752E+02  3.61077E-01   2.08719E+02  3.56773E-01   2.10762E+02  3.52235E-01   2.12878E+02  3.47514E-01   2.15063E+02  3.42629E-01   2.17316E+02  3.37595E-01   2.19634E+02  3.32456E-01   2.22012E+02  3.27232E-01   2.24450E+02  3.21944E-01   2.26945E+02  3.16602E-01   2.29497E+02 
 5.50412E-06   3.21216E+02  5.50496E-06   1.78693E+02  4.71541E-06   1.52074E+02  2.17362E-06   6.12811E+01  2.76339E-06   1.27289E+01  3.75724E-06   2.53137E+02  5.97247E-06   2.72471E+02  3.99264E-06   2.57151E+02  5.68808E-06   2.38794E+02  7.62429E-06   2.86777E+02  8.47173E-06   2.43256E+02  1.53059E-05   2.47928E+02  2.09159E-05   2.48061E+02  3.13543E-05   2.38561E+02  4.45119E-05   2.46709E+02  5.94379E-05   2.43666E+02  8.88290E-05   2.44793E+02  1.25425E-04   2.44288E+02  1.80608E-04   2.42305E+02  2.61117E-04   2.42576E+02  3.71324E-04   2.40677E+02  5.37327E-04   2.40449E+02  7.65139E-04   2.39106E+02  1.10214E-03   2.38458E+02  1.57807E-03   2.37573E+02  2.26227E-03   2.36608E+02  3.24439E-03   2.35856E+02  4.64977E-03   2.34875E+02  6.67065E-03   2.34068E+02  9.56419E-03   2.33147E+02  1.37184E-02   2.32292E+02  1.96726E-02   2.31385E+02  2.82152E-02   2.30504E+02  4.04776E-02   2.29605E+02  5.80659E-02   2.28712E+02  8.33217E-02   2.27804E+02  1.19567E-01   2.26901E+02  1.71621E-01   2.25996E+02  2.46387E-01   2.25081E+02  2.46598E-01   2.20632E+02  2.48505E-01   2.16306E+02  2.51934E-01   2.12193E+02  2.56670E-01   2.08364E+02  2.62478E-01   2.04865E+02  2.69115E-01   2.01726E+02  2.76335E-01   1.98952E+02  2.83921E-01   1.96545E+02  2.91653E-01   1.94487E+02  2.99365E-01   1.92768E+02  3.06880E-01   1.91360E+02  3.14082E-01   1.90247E+02  3.20850E-01   1.89403E+02  3.27106E-01   1.88813E+02  3.32778E-01   1.88453E+02  3.37824E-01   1.88308E+02  3.42207E-01   1.88361E+02  3.45917E-01   1.88599E+02  3.48937E-01   1.89008E+02  3.51287E-01   1.89576E+02  3.52966E-01   1.90295E+02  3.54004E-01   1.91151E+02  3.54428E-01   1.92141E+02  3.54256E-01   1.93253E+02  3.53542E-01   1.94483E+02  3.52297E-01   1.95823E+02  3.50581E-01   1.97267E+02  3.48419E-01   1.98812E+02  3.45848E-01   2.00451E+02  3.42915E-01   2.02180E+02  3.39639E-01   2.03996E+02  3.36077E-01   2.05895E+02  3.32249E-01   2.07871E+02  3.28183E-01   2.09925E+02  3.23930E-01   2.12050E+02  3.19486E-01   2.14244E+02  3.14912E-01   2.16507E+02  3.10214E-01   2.18832E+02  3.05408E-01   2.21222E+02  3.00532E-01   2.23669E+02  2.95594E-01   2.26173E+02  2.90613E-01   2.28732E+02 
 5.74593E-06   1.32874E+02  5.19509E-06   8.73775E+01  1.95523E-06   2.92110E+02  6.21021E-06   2.70357E+02  3.99670E-06   2.67199E+02  1.43025E-06   2.18478E+02  4.44072E-06   2.15226E+02  3.60010E-06   1.21552E+02  3.71982E-06   2.56805E+02  8.28511E-06   2.58097E+02  6.49976E-06   2.60110E+02  1.53935E-05   2.60947E+02  1.63984E-05   2.41959E+02  2.69361E-05   2.50072E+02  3.92988E-05   2.44599E+02  5.54396E-05   2.42487E+02  8.10990E-05   2.44044E+02  1.14992E-04   2.42153E+02  1.65529E-04   2.42262E+02  2.37269E-04   2.40913E+02  3.40684E-04   2.40261E+02  4.86725E-04   2.39074E+02  6.99950E-04   2.38284E+02  1.00264E-03   2.37247E+02  1.43669E-03   2.36455E+02  2.06086E-03   2.35562E+02  2.95258E-03   2.34750E+02  4.23616E-03   2.33869E+02  6.06981E-03   2.33009E+02  8.70707E-03   2.32136E+02  1.24830E-02   2.31262E+02  1.79052E-02   2.30376E+02  2.56793E-02   2.29489E+02  3.68347E-02   2.28601E+02  5.28450E-02   2.27709E+02  7.58257E-02   2.26819E+02  1.08813E-01   2.25920E+02  1.56194E-01   2.25019E+02  2.24248E-01   2.24116E+02  2.24521E-01   2.19621E+02  2.26366E-01   2.15257E+02  2.29617E-01   2.11119E+02  2.34064E-01   2.07274E+02  2.39494E-01   2.03770E+02  2.45663E-01   2.00629E+02  2.52365E-01   1.97864E+02  2.59372E-01   1.95464E+02  2.66513E-01   1.93422E+02  2.73600E-01   1.91713E+02  2.80509E-01   1.90323E+02  2.87100E-01   1.89223E+02  2.93289E-01   1.88397E+02  2.98990E-01   1.87821E+02  3.04146E-01   1.87477E+02  3.08719E-01   1.87347E+02  3.12672E-01   1.87415E+02  3.16002E-01   1.87667E+02  3.18700E-01   1.88088E+02  3.20770E-01   1.88671E+02  3.22232E-01   1.89399E+02  3.23099E-01   1.90270E+02  3.23398E-01   1.91270E+02  3.23165E-01   1.92395E+02  3.22414E-01   1.93635E+02  3.21203E-01   1.94985E+02  3.19541E-01   1.96441E+02  3.17487E-01   1.97996E+02  3.15061E-01   1.99645E+02  3.12294E-01   2.01384E+02  3.09240E-01   2.03209E+02  3.05900E-01   2.05117E+02  3.02333E-01   2.07103E+02  2.98563E-01   2.09165E+02  2.94606E-01   2.11300E+02  2.90504E-01   2.13503E+02  2.86267E-01   2.15774E+02  2.81919E-01   2.18108E+02  2.77488E-01   2.20503E+02  2.72991E-01   2.22960E+02  2.68455E-01   2.25472E+02  2.63875E-01   2.28040E+02 
 4.48972E-06   3.30917E+02  4.33599E-06   1.83460E+02  5.01776E-06   1.89840E+02  1.93268E-06   9.56356E+01  3.65172E-06   2.65209E+01  3.81053E-06   2.08048E+02  4.74505E-06   2.79517E+02  3.68432E-06   2.73859E+02  6.80201E-06   2.61971E+02  5.68336E-06   3.08675E+02  7.68423E-06   2.44174E+02  1.30655E-05   2.40304E+02  1.79313E-05   2.41098E+02  2.47829E-05   2.36969E+02  3.75287E-05   2.42925E+02  4.78223E-05   2.42892E+02  7.26277E-05   2.42536E+02  1.02230E-04   2.42712E+02  1.46841E-04   2.40541E+02  2.14393E-04   2.40415E+02  3.02096E-04   2.38661E+02  4.40482E-04   2.38299E+02  6.26063E-04   2.37089E+02  9.00284E-04   2.36394E+02  1.29020E-03   2.35531E+02  1.84798E-03   2.34667E+02  2.65189E-03   2.33858E+02  3.79819E-03   2.32942E+02  5.45100E-03   2.32121E+02  7.81205E-03   2.31206E+02  1.12075E-02   2.30351E+02  1.60718E-02   2.29459E+02  2.30537E-02   2.28587E+02  3.30709E-02   2.27698E+02  4.74416E-02   2.26813E+02  6.80743E-02   2.25925E+02  9.76962E-02   2.25039E+02  1.40234E-01   2.24146E+02  2.01348E-01   2.23254E+02  2.01656E-01   2.18712E+02  2.03407E-01   2.14314E+02  2.06437E-01   2.10153E+02  2.10550E-01   2.06295E+02  2.15537E-01   2.02784E+02  2.21194E-01   1.99646E+02  2.27307E-01   1.96883E+02  2.33697E-01   1.94495E+02  2.40178E-01   1.92461E+02  2.46614E-01   1.90769E+02  2.52858E-01   1.89389E+02  2.58817E-01   1.88307E+02  2.64391E-01   1.87492E+02  2.69518E-01   1.86932E+02  2.74143E-01   1.86600E+02  2.78230E-01   1.86485E+02  2.81754E-01   1.86565E+02  2.84707E-01   1.86829E+02  2.87080E-01   1.87264E+02  2.88889E-01   1.87856E+02  2.90138E-01   1.88599E+02  2.90855E-01   1.89478E+02  2.91058E-01   1.90491E+02  2.90768E-01   1.91624E+02  2.90034E-01   1.92875E+02  2.88860E-01   1.94235E+02  2.87303E-01   1.95700E+02  2.85378E-01   1.97264E+02  2.83123E-01   1.98922E+02  2.80576E-01   2.00670E+02  2.77748E-01   2.02503E+02  2.74697E-01   2.04420E+02  2.71425E-01   2.06414E+02  2.67968E-01   2.08485E+02  2.64364E-01   2.10626E+02  2.60611E-01   2.12837E+02  2.56759E-01   2.15115E+02  2.52812E-01   2.17457E+02  2.48777E-01   2.19863E+02  2.44694E-01   2.22325E+02  2.40570E-01   2.24844E+02  2.36417E-01   2.27417E+02 
 5.44024E-06   1.30507E+02  5.58675E-06   1.23255E+02  1.83131E-06   1.09440E+01  5.88117E-06   2.94462E+02  4.33793E-06   2.45100E+02  2.95147E-06   2.62082E+02  3.05594E-06   2.02720E+02  4.42659E-06   1.35467E+02  3.37312E-06   3.13847E+02  6.02573E-06   2.50152E+02  3.31257E-06   2.45943E+02  1.45694E-05   2.56528E+02  1.18179E-05   2.37105E+02  2.11668E-05   2.50896E+02  2.97037E-05   2.42660E+02  4.24300E-05   2.42108E+02  6.59389E-05   2.43634E+02  9.00725E-05   2.39763E+02  1.32927E-04   2.41032E+02  1.88318E-04   2.38667E+02  2.71596E-04   2.38100E+02  3.86449E-04   2.37211E+02  5.54339E-04   2.36350E+02  7.94804E-04   2.35543E+02  1.13873E-03   2.34706E+02  1.63404E-03   2.33836E+02  2.34037E-03   2.32986E+02  3.35790E-03   2.32127E+02  4.81137E-03   2.31272E+02  6.90075E-03   2.30395E+02  9.89300E-03   2.29532E+02  1.41899E-02   2.28649E+02  2.03514E-02   2.27782E+02  2.91923E-02   2.26894E+02  4.18835E-02   2.26016E+02  6.00975E-02   2.25137E+02  8.62456E-02   2.24253E+02  1.23797E-01   2.23371E+02  1.77733E-01   2.22485E+02  1.78076E-01   2.17904E+02  1.79706E-01   2.13478E+02  1.82470E-01   2.09296E+02  1.86195E-01   2.05426E+02  1.90695E-01   2.01911E+02  1.95773E-01   1.98773E+02  2.01259E-01   1.96017E+02  2.06966E-01   1.93635E+02  2.12757E-01   1.91613E+02  2.18481E-01   1.89930E+02  2.24039E-01   1.88565E+02  2.29322E-01   1.87493E+02  2.34260E-01   1.86694E+02  2.38791E-01   1.86144E+02  2.42869E-01   1.85826E+02  2.46461E-01   1.85721E+02  2.49551E-01   1.85814E+02  2.52124E-01   1.86089E+02  2.54187E-01   1.86533E+02  2.55737E-01   1.87138E+02  2.56798E-01   1.87888E+02  2.57378E-01   1.88780E+02  2.57499E-01   1.89799E+02  2.57197E-01   1.90944E+02  2.56478E-01   1.92202E+02  2.55397E-01   1.93572E+02  2.53950E-01   1.95045E+02  2.52200E-01   1.96617E+02  2.50152E-01   1.98283E+02  2.47838E-01   2.00038E+02  2.45299E-01   2.01879E+02  2.42534E-01   2.03803E+02  2.39598E-01   2.05805E+02  2.36501E-01   2.07882E+02  2.33263E-01   2.10032E+02  2.29915E-01   2.12249E+02  2.26461E-01   2.14534E+02  2.22930E-01   2.16883E+02  2.19337E-01   2.19292E+02  2.15693E-01   2.21763E+02  2.12028E-01   2.24288E+02  2.08330E-01   2.26869E+02 
 2.99754E-06   3.52460E+02  2.40655E-06   1.73104E+02  5.98879E-06   2.17601E+02  1.10096E-06   9.59612E+01  3.04530E-06   5.20857E+01  4.24322E-06   1.92686E+02  3.63063E-06   2.77538E+02  3.19215E-06   3.22057E+02  7.68847E-06   2.61864E+02  4.91798E-06   3.10785E+02  7.03602E-06   2.31210E+02  8.84356E-06   2.41397E+02  1.44770E-05   2.33107E+02  1.93502E-05   2.34652E+02  2.86116E-05   2.40990E+02  3.66883E-05   2.41474E+02  5.49969E-05   2.41177E+02  7.85485E-05   2.41431E+02  1.11041E-04   2.38230E+02  1.64449E-04   2.39017E+02  2.29405E-04   2.36908E+02  3.37172E-04   2.36647E+02  4.76746E-04   2.35623E+02  6.87017E-04   2.34834E+02  9.82935E-04   2.34009E+02  1.40790E-03   2.33100E+02  2.02200E-03   2.32337E+02  2.89568E-03   2.31401E+02  4.15564E-03   2.30599E+02  5.95710E-03   2.29675E+02  8.54525E-03   2.28840E+02  1.22553E-02   2.27941E+02  1.75781E-02   2.27081E+02  2.52158E-02   2.26202E+02  3.61755E-02   2.25331E+02  5.19038E-02   2.24451E+02  7.44898E-02   2.23578E+02  1.06925E-01   2.22698E+02  1.53521E-01   2.21825E+02  1.53859E-01   2.17204E+02  1.55329E-01   2.12750E+02  1.57791E-01   2.08550E+02  1.61080E-01   2.04671E+02  1.65040E-01   2.01150E+02  1.69497E-01   1.98014E+02  1.74294E-01   1.95261E+02  1.79284E-01   1.92888E+02  1.84326E-01   1.90873E+02  1.89317E-01   1.89204E+02  1.94140E-01   1.87846E+02  1.98729E-01   1.86788E+02  2.03006E-01   1.85996E+02  2.06924E-01   1.85461E+02  2.10441E-01   1.85151E+02  2.13537E-01   1.85059E+02  2.16184E-01   1.85160E+02  2.18389E-01   1.85446E+02  2.20136E-01   1.85900E+02  2.21448E-01   1.86513E+02  2.22323E-01   1.87274E+02  2.22785E-01   1.88171E+02  2.22854E-01   1.89201E+02  2.22540E-01   1.90351E+02  2.21887E-01   1.91619E+02  2.20894E-01   1.92995E+02  2.19612E-01   1.94475E+02  2.18046E-01   1.96054E+02  2.16233E-01   1.97727E+02  2.14198E-01   1.99490E+02  2.11950E-01   2.01338E+02  2.09538E-01   2.03268E+02  2.06954E-01   2.05276E+02  2.04236E-01   2.07359E+02  2.01410E-01   2.09514E+02  1.98471E-01   2.11738E+02  1.95468E-01   2.14029E+02  1.92391E-01   2.16383E+02  1.89251E-01   2.18801E+02  1.86075E-01   2.21276E+02  1.82876E-01   2.23806E+02  1.79661E-01   2.26391E+02 
 5.36101E-06   1.26023E+02  6.81000E-06   1.40153E+02  3.16044E-06   7.07089E+00  5.95663E-06   2.95991E+02  4.12628E-06   2.37754E+02  2.67929E-06   2.74944E+02  1.16988E-06   2.66212E+02  3.86546E-06   1.27430E+02  3.36704E-06   3.27307E+02  4.32966E-06   2.33681E+02  1.98893E-06   2.35461E+02  1.09079E-05   2.49187E+02  6.94300E-06   2.35418E+02  1.62166E-05   2.48173E+02  2.16127E-05   2.42402E+02  2.99557E-05   2.39987E+02  4.85031E-05   2.44168E+02  6.44216E-05   2.37830E+02  9.75463E-05   2.39899E+02  1.35668E-04   2.37473E+02  1.97384E-04   2.36786E+02  2.79860E-04   2.36005E+02  4.02107E-04   2.34780E+02  5.75777E-04   2.34234E+02  8.25025E-04   2.33271E+02  1.18417E-03   2.32556E+02  1.69587E-03   2.31666E+02  2.43247E-03   2.30792E+02  3.48807E-03   2.29973E+02  4.99957E-03   2.29066E+02  7.16990E-03   2.28236E+02  1.02811E-02   2.27344E+02  1.47459E-02   2.26489E+02  2.11530E-02   2.25604E+02  3.03447E-02   2.24742E+02  4.35402E-02   2.23865E+02  6.24779E-02   2.22997E+02  8.96858E-02   2.22125E+02  1.28749E-01   2.21261E+02  1.29086E-01   2.16607E+02  1.30368E-01   2.12132E+02  1.32485E-01   2.07916E+02  1.35300E-01   2.04029E+02  1.38675E-01   2.00505E+02  1.42462E-01   1.97370E+02  1.46533E-01   1.94621E+02  1.50754E-01   1.92254E+02  1.55025E-01   1.90249E+02  1.59230E-01   1.88585E+02  1.63304E-01   1.87240E+02  1.67163E-01   1.86188E+02  1.70760E-01   1.85410E+02  1.74048E-01   1.84879E+02  1.76995E-01   1.84582E+02  1.79581E-01   1.84496E+02  1.81793E-01   1.84607E+02  1.83619E-01   1.84900E+02  1.85072E-01   1.85363E+02  1.86142E-01   1.85984E+02  1.86856E-01   1.86750E+02  1.87212E-01   1.87657E+02  1.87240E-01   1.88691E+02  1.86953E-01   1.89851E+02  1.86361E-01   1.91123E+02  1.85509E-01   1.92507E+02  1.84388E-01   1.93994E+02  1.83053E-01   1.95578E+02  1.81498E-01   1.97257E+02  1.79754E-01   1.99025E+02  1.77849E-01   2.00878E+02  1.75779E-01   2.02814E+02  1.73591E-01   2.04827E+02  1.71289E-01   2.06916E+02  1.68882E-01   2.09078E+02  1.66405E-01   2.11305E+02  1.63851E-01   2.13602E+02  1.61243E-01   2.15961E+02  1.58595E-01   2.18381E+02  1.55913E-01   2.20862E+02  1.53217E-01   2.23398E+02  1.50502E-01   2.25989E+02 
 3.39085E-06   4.99228E+01  1.46945E-06   2.06285E+02  6.05248E-06   2.33466E+02  2.01054E-06   9.26893E+01  2.51681E-06   7.00246E+01  3.56056E-06   1.99586E+02  1.83803E-06   3.15826E+02  3.40550E-06   3.32033E+02  4.70822E-06   2.59207E+02  4.17892E-06   3.16942E+02  5.78160E-06   2.37480E+02  6.44508E-06   2.42518E+02  1.02399E-05   2.25904E+02  1.37663E-05   2.28243E+02  1.94593E-05   2.36099E+02  2.50624E-05   2.40998E+02  3.70075E-05   2.38655E+02  5.27466E-05   2.41176E+02  7.45757E-05   2.36836E+02  1.10754E-04   2.37310E+02  1.54194E-04   2.35852E+02  2.27666E-04   2.35624E+02  3.21165E-04   2.34271E+02  4.64172E-04   2.33764E+02  6.63622E-04   2.32805E+02  9.50277E-04   2.31960E+02  1.36445E-03   2.31241E+02  1.95354E-03   2.30290E+02  2.80402E-03   2.29488E+02  4.01859E-03   2.28584E+02  5.76562E-03   2.27749E+02  8.26664E-03   2.26854E+02  1.18597E-02   2.26003E+02  1.70096E-02   2.25126E+02  2.44046E-02   2.24262E+02  3.50160E-02   2.23390E+02  5.02487E-02   2.22526E+02  7.21198E-02   2.21661E+02  1.03557E-01   2.20793E+02  1.03842E-01   2.16119E+02  1.04907E-01   2.11625E+02  1.06644E-01   2.07396E+02  1.08945E-01   2.03502E+02  1.11693E-01   1.99975E+02  1.14776E-01   1.96841E+02  1.18076E-01   1.94095E+02  1.21505E-01   1.91734E+02  1.24954E-01   1.89733E+02  1.28364E-01   1.88079E+02  1.31645E-01   1.86738E+02  1.34766E-01   1.85699E+02  1.37660E-01   1.84923E+02  1.40311E-01   1.84406E+02  1.42676E-01   1.84112E+02  1.44756E-01   1.84037E+02  1.46519E-01   1.84152E+02  1.47985E-01   1.84455E+02  1.49133E-01   1.84923E+02  1.49982E-01   1.85550E+02  1.50533E-01   1.86325E+02  1.50803E-01   1.87234E+02  1.50804E-01   1.88278E+02  1.50548E-01   1.89439E+02  1.50062E-01   1.90719E+02  1.49342E-01   1.92106E+02  1.48431E-01   1.93598E+02  1.47326E-01   1.95188E+02  1.46057E-01   1.96871E+02  1.44638E-01   1.98644E+02  1.43077E-01   2.00503E+02  1.41407E-01   2.02442E+02  1.39619E-01   2.04461E+02  1.37744E-01   2.06553E+02  1.35802E-01   2.08717E+02  1.33779E-01   2.10952E+02  1.31724E-01   2.13249E+02  1.29613E-01   2.15614E+02  1.27463E-01   2.18041E+02  1.25291E-01   2.20524E+02  1.23105E-01   2.23063E+02  1.20913E-01   2.25656E+02 
 5.45405E-06   1.26564E+02  6.08462E-06   1.40771E+02  2.55949E-06   6.40695E-01  4.38167E-06   3.17914E+02  5.92061E-06   2.41715E+02  2.19555E-06   2.54115E+02  2.26203E-06   3.16416E+02  3.02749E-06   1.33210E+02  2.06397E-06   1.25119E+01  2.26941E-06   2.18218E+02  2.52660E-06   2.06422E+02  7.40595E-06   2.64421E+02  3.91791E-06   2.15963E+02  1.00018E-05   2.49740E+02  1.20580E-05   2.44277E+02  1.67412E-05   2.33325E+02  2.98807E-05   2.46042E+02  3.67675E-05   2.36221E+02  6.03741E-05   2.39469E+02  8.16659E-05   2.36621E+02  1.20562E-04   2.35649E+02  1.71074E-04   2.35251E+02  2.42896E-04   2.33619E+02  3.50989E-04   2.33441E+02  4.98324E-04   2.32256E+02  7.17837E-04   2.31637E+02  1.02662E-03   2.30721E+02  1.47350E-03   2.29912E+02  2.11198E-03   2.29088E+02  3.02989E-03   2.28184E+02  4.34328E-03   2.27364E+02  6.22839E-03   2.26456E+02  8.93466E-03   2.25632E+02  1.28124E-02   2.24739E+02  1.83824E-02   2.23890E+02  2.63680E-02   2.23015E+02  3.78422E-02   2.22167E+02  5.43145E-02   2.21293E+02  7.79726E-02   2.20438E+02  7.82171E-02   2.15736E+02  7.90426E-02   2.11229E+02  8.03707E-02   2.06990E+02  8.21270E-02   2.03091E+02  8.42180E-02   1.99562E+02  8.65566E-02   1.96429E+02  8.90651E-02   1.93686E+02  9.16565E-02   1.91329E+02  9.42745E-02   1.89335E+02  9.68460E-02   1.87684E+02  9.93345E-02   1.86353E+02  1.01682E-01   1.85314E+02  1.03871E-01   1.84551E+02  1.05862E-01   1.84034E+02  1.07647E-01   1.83749E+02  1.09205E-01   1.83676E+02  1.10533E-01   1.83800E+02  1.11625E-01   1.84105E+02  1.12485E-01   1.84580E+02  1.13112E-01   1.85212E+02  1.13521E-01   1.85989E+02  1.13710E-01   1.86907E+02  1.13701E-01   1.87951E+02  1.13499E-01   1.89120E+02  1.13112E-01   1.90402E+02  1.12569E-01   1.91795E+02  1.11858E-01   1.93291E+02  1.11022E-01   1.94884E+02  1.10051E-01   1.96572E+02  1.08966E-01   1.98349E+02  1.07787E-01   2.00208E+02  1.06504E-01   2.02154E+02  1.05154E-01   2.04174E+02  1.03734E-01   2.06271E+02  1.02253E-01   2.08442E+02  1.00731E-01   2.10673E+02  9.91619E-02   2.12980E+02  9.75614E-02   2.15343E+02  9.59427E-02   2.17771E+02  9.42969E-02   2.20262E+02  9.26501E-02   2.22804E+02  9.09896E-02   2.25400E+02 
 3.55864E-06   8.11269E+01  1.65279E-06   2.55456E+02  5.05521E-06   2.41493E+02  1.10072E-06   1.82848E+02  3.29241E-06   6.35701E+01  2.74869E-06   1.88525E+02  1.56535E-06   6.89352E+00  3.73080E-06   3.40081E+02  5.28309E-06   2.70718E+02  2.21030E-06   3.28532E+02  3.54159E-06   2.71481E+02  4.04159E-06   2.07687E+02  5.36669E-06   2.18189E+02  7.45625E-06   2.18965E+02  1.03157E-05   2.29322E+02  1.27310E-05   2.39165E+02  1.86377E-05   2.37045E+02  2.52738E-05   2.41542E+02  3.61689E-05   2.36373E+02  5.55622E-05   2.37099E+02  7.51046E-05   2.34796E+02  1.15390E-04   2.34332E+02  1.60539E-04   2.33355E+02  2.35018E-04   2.32956E+02  3.32932E-04   2.32158E+02  4.79680E-04   2.31274E+02  6.87363E-04   2.30531E+02  9.83572E-04   2.29612E+02  1.41270E-03   2.28835E+02  2.02217E-03   2.27908E+02  2.90504E-03   2.27101E+02  4.16248E-03   2.26196E+02  5.97195E-03   2.25366E+02  8.56636E-03   2.24465E+02  1.22874E-02   2.23624E+02  1.76323E-02   2.22743E+02  2.53052E-02   2.21882E+02  3.63176E-02   2.21025E+02  5.21396E-02   2.20172E+02  5.23061E-02   2.15463E+02  5.28640E-02   2.10945E+02  5.37664E-02   2.06697E+02  5.49486E-02   2.02796E+02  5.63572E-02   1.99265E+02  5.79322E-02   1.96134E+02  5.96159E-02   1.93391E+02  6.13604E-02   1.91039E+02  6.31118E-02   1.89045E+02  6.48442E-02   1.87403E+02  6.65043E-02   1.86069E+02  6.80852E-02   1.85045E+02  6.95436E-02   1.84275E+02  7.08819E-02   1.83772E+02  7.20702E-02   1.83484E+02  7.31134E-02   1.83423E+02  7.39973E-02   1.83545E+02  7.47262E-02   1.83859E+02  7.52942E-02   1.84335E+02  7.57104E-02   1.84971E+02  7.59756E-02   1.85755E+02  7.60991E-02   1.86671E+02  7.60867E-02   1.87724E+02  7.59429E-02   1.88889E+02  7.56838E-02   1.90178E+02  7.53064E-02   1.91571E+02  7.48350E-02   1.93069E+02  7.42618E-02   1.94666E+02  7.36084E-02   1.96357E+02  7.28824E-02   1.98136E+02  7.20800E-02   2.00001E+02  7.12287E-02   2.01946E+02  7.03101E-02   2.03971E+02  6.93546E-02   2.06068E+02  6.83668E-02   2.08238E+02  6.73356E-02   2.10478E+02  6.62916E-02   2.12780E+02  6.52225E-02   2.15151E+02  6.41243E-02   2.17585E+02  6.30214E-02   2.20073E+02  6.19126E-02   2.22617E+02  6.08023E-02   2.25213E+02 
 4.52009E-06   1.46237E+02  6.99543E-06   1.41087E+02  3.22425E-06   7.88137E+00  3.58576E-06   3.38290E+02  5.19953E-06   2.49186E+02  2.01537E-06   2.44551E+02  8.93019E-07   3.44000E+02  2.34605E-06   1.19571E+02  2.21779E-06   4.24449E+01  9.57663E-07   2.92737E+02  3.54225E-06   1.60082E+02  3.55821E-06   2.80040E+02  1.65201E-06   1.17022E+02  2.98465E-06   2.58392E+02  2.56884E-06   2.66037E+02  5.05018E-06   2.32633E+02  1.02670E-05   2.51283E+02  1.16056E-05   2.34567E+02  2.25546E-05   2.40736E+02  2.65882E-05   2.36228E+02  4.17825E-05   2.31876E+02  5.75953E-05   2.35094E+02  8.17036E-05   2.31850E+02  1.18005E-04   2.33156E+02  1.66851E-04   2.31192E+02  2.42762E-04   2.31262E+02  3.41786E-04   2.30098E+02  4.96344E-04   2.29382E+02  7.05907E-04   2.28639E+02  1.01707E-03   2.27695E+02  1.45497E-03   2.26998E+02  2.08759E-03   2.25983E+02  2.99541E-03   2.25227E+02  4.29089E-03   2.24289E+02  6.16155E-03   2.23473E+02  8.83323E-03   2.22566E+02  1.26809E-02   2.21719E+02  1.81898E-02   2.20854E+02  2.61169E-02   2.20047E+02  2.62014E-02   2.15300E+02  2.64870E-02   2.10775E+02  2.69387E-02   2.06523E+02  2.75354E-02   2.02620E+02  2.82452E-02   1.99087E+02  2.90346E-02   1.95958E+02  2.98835E-02   1.93216E+02  3.07546E-02   1.90865E+02  3.16402E-02   1.88877E+02  3.25017E-02   1.87232E+02  3.33412E-02   1.85910E+02  3.41295E-02   1.84878E+02  3.48642E-02   1.84120E+02  3.55318E-02   1.83608E+02  3.61293E-02   1.83335E+02  3.66485E-02   1.83263E+02  3.70919E-02   1.83399E+02  3.74538E-02   1.83705E+02  3.77374E-02   1.84190E+02  3.79449E-02   1.84824E+02  3.80790E-02   1.85607E+02  3.81371E-02   1.86533E+02  3.81293E-02   1.87577E+02  3.80580E-02   1.88758E+02  3.79204E-02   1.90038E+02  3.77400E-02   1.91441E+02  3.74906E-02   1.92938E+02  3.72115E-02   1.94539E+02  3.68793E-02   1.96229E+02  3.65099E-02   1.98012E+02  3.61149E-02   1.99870E+02  3.56731E-02   2.01828E+02  3.52219E-02   2.03843E+02  3.47386E-02   2.05949E+02  3.42389E-02   2.08128E+02  3.37280E-02   2.10353E+02  3.31961E-02   2.12669E+02  3.26570E-02   2.15032E+02  3.21153E-02   2.17461E+02  3.15558E-02   2.19966E+02  3.10069E-02   2.22510E+02  3.04470E-02   2.25103E+02 
 4.79835E-06   7.79266E+01  2.06258E-06   2.62327E+02  5.72462E-06   2.35282E+02  1.50839E-06   1.86697E+02  3.20158E-06   5.07586E+01  2.60003E-06   1.77838E+02  1.65272E-06   2.53367E+00  2.92704E-06   1.22808E+01  3.85855E-06   2.88658E+02  1.66794E-06   3.57048E+02  1.16883E-07   2.32832E+02  1.36695E-06   1.84789E+02  1.25368E-06   1.55615E+02  2.28138E-06   1.53266E+02  2.07780E-06   2.13397E+02  2.50874E-06   6.65888E+01  1.84170E-06   2.36094E+02  2.70659E-06   3.76525E+01  1.96591E-06   7.89935E+01  4.62952E-07   3.16544E+02  4.39114E-06   7.49603E+01  3.33929E-06   2.27217E+02  4.23477E-06   7.26173E+01  4.01312E-06   2.14607E+02  2.36613E-06   4.75650E+01  1.78362E-06   1.53705E+02  1.01892E-06   2.95885E+02  1.65888E-06   1.04686E+02  2.39549E-06   2.71030E+02  2.16712E-06   7.49409E+01  1.16799E-06   3.00498E+02  6.81646E-07   1.14309E+02  3.94348E-07   3.37803E+02  5.96575E-07   3.47454E+00  2.74782E-06   3.17827E+02  1.88842E-06   3.25902E+02  2.59183E-06   3.03039E+02  1.04730E-06   1.36818E+02  6.74832E-07   1.79818E+02  2.25470E-06   5.98176E+01  1.64960E-06   3.58562E+02  2.41861E-06   7.30063E+01  1.24340E-06   2.29936E+01  3.73518E-06   7.68407E+01  1.03194E-06   1.99269E+01  4.77809E-06   6.68943E+01  1.22212E-06   2.37448E+02  6.28416E-06   6.19397E+01  3.42296E-06   2.21514E+02  6.79480E-06   7.72340E+01  2.98761E-06   2.35718E+02  6.04920E-06   9.62713E+01  4.14101E-06   2.44055E+02  4.98982E-06   9.07777E+01  6.07927E-06   2.36886E+02  2.48065E-06   7.13064E+01  4.04410E-06   2.58436E+02  1.55443E-06   2.88461E+02  1.47596E-06   2.72502E+02  4.10267E-06   2.88326E+02  2.75972E-06   1.73685E+01  3.76449E-06   2.88091E+02  3.34001E-06   6.17505E+01  1.47817E-06   2.77399E+02  4.99329E-06   4.45883E+01  3.61250E-06   1.78310E+02  2.89851E-06   1.81646E+01  8.12421E-07   2.19882E+02  4.21632E-06   2.02102E+02  1.77477E-06   3.26967E+02  4.25321E-06   1.95581E+02  1.69481E-06   2.44847E+01  4.96880E-06   3.52285E+01  3.42371E-06   2.03607E+02  4.88749E-06   4.67853E+01  5.37813E-06   1.78266E+02  7.35555E-06   2.09451E+02  3.28139E-06   3.42506E+02  4.57087E-06   3.56572E+02  2.85079E-06   3.05494E+01  4.78729E-06   1.52382E+02 
 4.65424E-06   1.44605E+02  8.27550E-06   1.49926E+02  2.50721E-06   2.04193E+01  4.48753E-06   3.46714E+02  4.13485E-06   2.48014E+02  3.19431E-06   2.76214E+02  2.93666E-06   3.48452E+02  4.04684E-06   1.28261E+02  3.22030E-06   2.01692E+01  2.62741E-06   8.73053E+01  3.39153E-06   1.23408E+02  3.14259E-06   3.44068E+02  6.12182E-06   1.00601E+02  3.98439E-06   1.21376E+01  7.38003E-06   5.36499E+01  8.47881E-06   6.78694E+01  1.01611E-05   3.91553E+01  1.54904E-05   6.65686E+01  1.70859E-05   5.36310E+01  2.76475E-05   5.62856E+01  3.61692E-05   5.92638E+01  5.67338E-05   5.46897E+01  8.04904E-05   5.62750E+01  1.15546E-04   5.29856E+01  1.69162E-04   5.29295E+01  2.37603E-04   5.14870E+01  3.46417E-04   5.04631E+01  4.91840E-04   4.96750E+01  7.08371E-04   4.85611E+01  1.01189E-03   4.79081E+01  1.45422E-03   4.67665E+01  2.08544E-03   4.61218E+01  2.99035E-03   4.51214E+01  4.29075E-03   4.43690E+01  6.15391E-03   4.34190E+01  8.83262E-03   4.26256E+01  1.26737E-02   4.17145E+01  1.81919E-02   4.08613E+01  2.61213E-02   4.00233E+01  2.62037E-02   3.53083E+01  2.64858E-02   3.07686E+01  2.69408E-02   2.65312E+01  2.75370E-02   2.26158E+01  2.82447E-02   1.90935E+01  2.90381E-02   1.59550E+01  2.98819E-02   1.32226E+01  3.07601E-02   1.08646E+01  3.16349E-02   8.87986E+00  3.25081E-02   7.23323E+00  3.33367E-02   5.90738E+00  3.41320E-02   4.87924E+00  3.48607E-02   4.11650E+00  3.55315E-02   3.61093E+00  3.61265E-02   3.32766E+00  3.66478E-02   3.26754E+00  3.70921E-02   3.38965E+00  3.74556E-02   3.71056E+00  3.77389E-02   4.18470E+00  3.79511E-02   4.82508E+00  3.80768E-02   5.61012E+00  3.81416E-02   6.52805E+00  3.81301E-02   7.58670E+00  3.80566E-02   8.75073E+00  3.79271E-02   1.00456E+01  3.77304E-02   1.14352E+01  3.74980E-02   1.29361E+01  3.72011E-02   1.45339E+01  3.68779E-02   1.62259E+01  3.65082E-02   1.80066E+01  3.61047E-02   1.98772E+01  3.56792E-02   2.18188E+01  3.52200E-02   2.38485E+01  3.47399E-02   2.59487E+01  3.42449E-02   2.81120E+01  3.37211E-02   3.03672E+01  3.32003E-02   3.26653E+01  3.26602E-02   3.50403E+01  3.21105E-02   3.74734E+01  3.15642E-02   3.99483E+01  3.09983E-02   4.25012E+01  3.04417E-02   4.51107E+01 
 3.93730E-06   7.57546E+01  4.10905E-07   3.57165E+02  6.84698E-06   2.33216E+02  1.85996E-06   1.57209E+02  3.56978E-06   5.12646E+01  1.79063E-06   1.89228E+02  2.62285E-06   2.72485E+01  2.62915E-06   3.10114E+01  2.47790E-06   2.98011E+02  3.18199E-06   2.20647E+01  2.39205E-06   8.42172E+01  2.00418E-06   1.03670E+02  5.29672E-06   9.39151E+01  7.12761E-06   7.51187E+01  6.97255E-06   6.91645E+01  1.60921E-05   5.96353E+01  1.74802E-05   5.95954E+01  2.86501E-05   5.67309E+01  3.93359E-05   5.84339E+01  5.45408E-05   5.55775E+01  8.35408E-05   5.65524E+01  1.10031E-04   5.49002E+01  1.67112E-04   5.43784E+01  2.30332E-04   5.34008E+01  3.35159E-04   5.23270E+01  4.78929E-04   5.14830E+01  6.87153E-04   5.05714E+01  9.85755E-04   4.97102E+01  1.41203E-03   4.87889E+01  2.02614E-03   4.79738E+01  2.90333E-03   4.70563E+01  4.16558E-03   4.62053E+01  5.97332E-03   4.53285E+01  8.56888E-03   4.44761E+01  1.22928E-02   4.36158E+01  1.76352E-02   4.27482E+01  2.53106E-02   4.18822E+01  3.63214E-02   4.10292E+01  5.21336E-02   4.01762E+01  5.23087E-02   3.54652E+01  5.28680E-02   3.09448E+01  5.37706E-02   2.67022E+01  5.49515E-02   2.27960E+01  5.63635E-02   1.92715E+01  5.79330E-02   1.61329E+01  5.96218E-02   1.33979E+01  6.13589E-02   1.10384E+01  6.31204E-02   9.05404E+00  6.48387E-02   7.40046E+00  6.65098E-02   6.07952E+00  6.80787E-02   5.03907E+00  6.95453E-02   4.28499E+00  7.08757E-02   3.76625E+00  7.20702E-02   3.49157E+00  7.31092E-02   3.41655E+00  7.39975E-02   3.54871E+00  7.47222E-02   3.85404E+00  7.52957E-02   4.33303E+00  7.57110E-02   4.96818E+00  7.59796E-02   5.74964E+00  7.61009E-02   6.67074E+00  7.60907E-02   7.71819E+00  7.59472E-02   8.89296E+00  7.56828E-02   1.01758E+01  7.53132E-02   1.15739E+01  7.48297E-02   1.30707E+01  7.42674E-02   1.46655E+01  7.36079E-02   1.63575E+01  7.28758E-02   1.81341E+01  7.20823E-02   2.00010E+01  7.12184E-02   2.19456E+01  7.03123E-02   2.39705E+01  6.93646E-02   2.60690E+01  6.83597E-02   2.82409E+01  6.73446E-02   3.04779E+01  6.62823E-02   3.27862E+01  6.52083E-02   3.51538E+01  6.41272E-02   3.75788E+01  6.30285E-02   4.00685E+01  6.19164E-02   4.26149E+01  6.08020E-02   4.52208E+01 
 4.26274E-06   1.21843E+02  8.58165E-06   1.54853E+02  3.58165E-06   4.84840E+01  4.82711E-06   3.30061E+02  3.58291E-06   2.40340E+02  3.59633E-06   2.84048E+02  2.01980E-06   3.47970E+02  4.17085E-06   9.81607E+01  3.42146E-06   2.85683E+01  3.13368E-06   8.60456E+01  5.51712E-06   9.53901E+01  3.99514E-06   2.57312E+01  8.97280E-06   7.37927E+01  1.05826E-05   5.67269E+01  1.54458E-05   5.20941E+01  2.25284E-05   6.29966E+01  2.79426E-05   5.07029E+01  4.14061E-05   6.08389E+01  5.54457E-05   5.72269E+01  8.29609E-05   5.71348E+01  1.15650E-04   5.77883E+01  1.68916E-04   5.48258E+01  2.42915E-04   5.52441E+01  3.47636E-04   5.32709E+01  5.01529E-04   5.29146E+01  7.13684E-04   5.16855E+01  1.02880E-03   5.08229E+01  1.47086E-03   4.99926E+01  2.11270E-03   4.90205E+01  3.02870E-03   4.82521E+01  4.34309E-03   4.72889E+01  6.22867E-03   4.65119E+01  8.93218E-03   4.55897E+01  1.28136E-02   4.47652E+01  1.83805E-02   4.38735E+01  2.63723E-02   4.30268E+01  3.78440E-02   4.21519E+01  5.43148E-02   4.13052E+01  7.79766E-02   4.04310E+01  7.82194E-02   3.57403E+01  7.90431E-02   3.12255E+01  8.03723E-02   2.69926E+01  8.21298E-02   2.30893E+01  8.42170E-02   1.95649E+01  8.65619E-02   1.64283E+01  8.90615E-02   1.36892E+01  9.16619E-02   1.13283E+01  9.42686E-02   9.33538E+00  9.68504E-02   7.68541E+00  9.93280E-02   6.35108E+00  1.01684E-01   5.31525E+00  1.03867E-01   4.54850E+00  1.05863E-01   4.03444E+00  1.07646E-01   3.74731E+00  1.09204E-01   3.67705E+00  1.10533E-01   3.79868E+00  1.11627E-01   4.10559E+00  1.12485E-01   4.57922E+00  1.13118E-01   5.21107E+00  1.13521E-01   5.99026E+00  1.13716E-01   6.90536E+00  1.13701E-01   7.95348E+00  1.13497E-01   9.11869E+00  1.13116E-01   1.04039E+01  1.12559E-01   1.17943E+01  1.11866E-01   1.32889E+01  1.11012E-01   1.48836E+01  1.10048E-01   1.65697E+01  1.08966E-01   1.83474E+01  1.07775E-01   2.02105E+01  1.06511E-01   2.21525E+01  1.05155E-01   2.41746E+01  1.03733E-01   2.62717E+01  1.02260E-01   2.84356E+01  1.00724E-01   3.06782E+01  9.91655E-02   3.29776E+01  9.75652E-02   3.53459E+01  9.59402E-02   3.77751E+01  9.43038E-02   4.02561E+01  9.26423E-02   4.28022E+01  9.09831E-02   4.54022E+01 
 2.97372E-06   6.72937E+01  2.03931E-06   4.39781E+01  6.83280E-06   2.34840E+02  2.23695E-06   1.44951E+02  4.00948E-06   4.94687E+01  2.91521E-06   1.75761E+02  3.80093E-06   1.50503E+01  1.78190E-06   3.38137E+01  2.08028E-06   3.10118E+02  4.57978E-06   3.38157E+01  4.72474E-06   8.08397E+01  6.17788E-06   7.37683E+01  9.24213E-06   8.13020E+01  1.37656E-05   6.47330E+01  1.59864E-05   6.92798E+01  2.94458E-05   5.84944E+01  3.59701E-05   6.11036E+01  5.56807E-05   5.81513E+01  7.81236E-05   5.75441E+01  1.07710E-04   5.82069E+01  1.61261E-04   5.64378E+01  2.21457E-04   5.59498E+01  3.27180E-04   5.48793E+01  4.59905E-04   5.38099E+01  6.65656E-04   5.31313E+01  9.51176E-04   5.20485E+01  1.36359E-03   5.12990E+01  1.95626E-03   5.03424E+01  2.80321E-03   4.94832E+01  4.02282E-03   4.86071E+01  5.76425E-03   4.77242E+01  8.27097E-03   4.68676E+01  1.18594E-02   4.59865E+01  1.70136E-02   4.51321E+01  2.44053E-02   4.42607E+01  3.50210E-02   4.33920E+01  5.02494E-02   4.25254E+01  7.21295E-02   4.16578E+01  1.03566E-01   4.07911E+01  1.03850E-01   3.61189E+01  1.04908E-01   3.16246E+01  1.06650E-01   2.73984E+01  1.08946E-01   2.35011E+01  1.11699E-01   1.99783E+01  1.14775E-01   1.68405E+01  1.18083E-01   1.40989E+01  1.21501E-01   1.17338E+01  1.24960E-01   9.73754E+00  1.28357E-01   8.07787E+00  1.31651E-01   6.74331E+00  1.34761E-01   5.69600E+00  1.37663E-01   4.92748E+00  1.40305E-01   4.40282E+00  1.42677E-01   4.11486E+00  1.44752E-01   4.03385E+00  1.46520E-01   4.15373E+00  1.47981E-01   4.45208E+00  1.49134E-01   4.92158E+00  1.49982E-01   5.54857E+00  1.50538E-01   6.32150E+00  1.50805E-01   7.23503E+00  1.50808E-01   8.27468E+00  1.50553E-01   9.44020E+00  1.50060E-01   1.07180E+01  1.49350E-01   1.21063E+01  1.48427E-01   1.35987E+01  1.47330E-01   1.51873E+01  1.46056E-01   1.68718E+01  1.44630E-01   1.86434E+01  1.43081E-01   2.05031E+01  1.41395E-01   2.24421E+01  1.39621E-01   2.44606E+01  1.37754E-01   2.65533E+01  1.35796E-01   2.87186E+01  1.33790E-01   3.09516E+01  1.31713E-01   3.32519E+01  1.29600E-01   3.56162E+01  1.27465E-01   3.80371E+01  1.25299E-01   4.05216E+01  1.23108E-01   4.30625E+01  1.20913E-01   4.56604E+01 
 5.50496E-06   1.18466E+02  8.15951E-06   1.48381E+02  3.29781E-06   5.60922E+01  4.62823E-06   3.38608E+02  4.34169E-06   2.34043E+02  1.99038E-06   2.82010E+02  1.51888E-06   3.47381E+02  3.98032E-06   9.99443E+01  5.75760E-06   4.55086E+01  3.69244E-06   7.14892E+01  6.65924E-06   8.38050E+01  6.31558E-06   4.16291E+01  1.34264E-05   6.93980E+01  1.59803E-05   5.84097E+01  2.43805E-05   5.51019E+01  3.65300E-05   6.25916E+01  4.49246E-05   5.67487E+01  6.80574E-05   6.16597E+01  9.36254E-05   5.81199E+01  1.34499E-04   5.82118E+01  1.94182E-04   5.78837E+01  2.77822E-04   5.58263E+01  4.01245E-04   5.58126E+01  5.73949E-04   5.42612E+01  8.25443E-04   5.36114E+01  1.18195E-03   5.25950E+01  1.69722E-03   5.17088E+01  2.43008E-03   5.08580E+01  3.48716E-03   4.99392E+01  4.99800E-03   4.91193E+01  7.17003E-03   4.82088E+01  1.02811E-02   4.73694E+01  1.47438E-02   4.64707E+01  2.11531E-02   4.56142E+01  3.03424E-02   4.47302E+01  4.35360E-02   4.38684E+01  6.24793E-02   4.29888E+01  8.96816E-02   4.21301E+01  1.28751E-01   4.12575E+01  1.29086E-01   3.66099E+01  1.30371E-01   3.21308E+01  1.32486E-01   2.79180E+01  1.35303E-01   2.40278E+01  1.38673E-01   2.05068E+01  1.42466E-01   1.73697E+01  1.46529E-01   1.46228E+01  1.50758E-01   1.22539E+01  1.55019E-01   1.02490E+01  1.59232E-01   8.58537E+00  1.63300E-01   7.23893E+00  1.67161E-01   6.18858E+00  1.70758E-01   5.40809E+00  1.74045E-01   4.87963E+00  1.76995E-01   4.58018E+00  1.79580E-01   4.49609E+00  1.81793E-01   4.60569E+00  1.83624E-01   4.90028E+00  1.85072E-01   5.36259E+00  1.86149E-01   5.98266E+00  1.86855E-01   6.75168E+00  1.87218E-01   7.65576E+00  1.87239E-01   8.69377E+00  1.86950E-01   9.84984E+00  1.86366E-01   1.11243E+01  1.85500E-01   1.25066E+01  1.84396E-01   1.39919E+01  1.83043E-01   1.55780E+01  1.81493E-01   1.72559E+01  1.79755E-01   1.90248E+01  1.77836E-01   2.08799E+01  1.75786E-01   2.28132E+01  1.73592E-01   2.48278E+01  1.71288E-01   2.69167E+01  1.68889E-01   2.90749E+01  1.66397E-01   3.13075E+01  1.63851E-01   3.36011E+01  1.61249E-01   3.59608E+01  1.58595E-01   3.83833E+01  1.55919E-01   4.08592E+01  1.53209E-01   4.33978E+01  1.50494E-01   4.59899E+01 
 4.40696E-06   4.29243E+01  1.19206E-06   3.41077E+02  7.65225E-06   2.15475E+02  3.18423E-06   1.17344E+02  5.55189E-06   2.41039E+01  2.15187E-06   1.79085E+02  2.46655E-06   1.82121E+01  3.16025E-06   3.03390E+01  1.06217E-06   3.69123E+01  5.13058E-06   3.75388E+01  6.20240E-06   7.29335E+01  7.86382E-06   7.75146E+01  1.24767E-05   7.32633E+01  2.09160E-05   6.31416E+01  2.57458E-05   6.62617E+01  4.13842E-05   6.00460E+01  5.50265E-05   6.24482E+01  8.16348E-05   5.87751E+01  1.14948E-04   5.93250E+01  1.62073E-04   5.82342E+01  2.36420E-04   5.75769E+01  3.31624E-04   5.66065E+01  4.81421E-04   5.60733E+01  6.84035E-04   5.50153E+01  9.84194E-04   5.41853E+01  1.41056E-03   5.32497E+01  2.02087E-03   5.23470E+01  2.90104E-03   5.14654E+01  4.15500E-03   5.05733E+01  5.96245E-03   4.97062E+01  8.54404E-03   4.88137E+01  1.22598E-02   4.79583E+01  1.75789E-02   4.70698E+01  2.52188E-02   4.62059E+01  3.61754E-02   4.53247E+01  5.19064E-02   4.44540E+01  7.44885E-02   4.35764E+01  1.06925E-01   4.26977E+01  1.53517E-01   4.18257E+01  1.53863E-01   3.72048E+01  1.55331E-01   3.27501E+01  1.57795E-01   2.85513E+01  1.61083E-01   2.46702E+01  1.65045E-01   2.11525E+01  1.69497E-01   1.80138E+01  1.74300E-01   1.52634E+01  1.79280E-01   1.28877E+01  1.84333E-01   1.08767E+01  1.89311E-01   9.20180E+00  1.94145E-01   7.84963E+00  1.98725E-01   6.78587E+00  2.03006E-01   5.99969E+00  2.06921E-01   5.45893E+00  2.10441E-01   5.15304E+00  2.13533E-01   5.05678E+00  2.16185E-01   5.16047E+00  2.18387E-01   5.44484E+00  2.20139E-01   5.89924E+00  2.21448E-01   6.51264E+00  2.22327E-01   7.27191E+00  2.22787E-01   8.17205E+00  2.22853E-01   9.19924E+00  2.22547E-01   1.03518E+01  2.21882E-01   1.16184E+01  2.20904E-01   1.29949E+01  2.19606E-01   1.44758E+01  2.18049E-01   1.60542E+01  2.16235E-01   1.77276E+01  2.14188E-01   1.94898E+01  2.11958E-01   2.13378E+01  2.09527E-01   2.32677E+01  2.06954E-01   2.52762E+01  2.04246E-01   2.73587E+01  2.01404E-01   2.95151E+01  1.98478E-01   3.17391E+01  1.95462E-01   3.40295E+01  1.92376E-01   3.63849E+01  1.89253E-01   3.87979E+01  1.86082E-01   4.12734E+01  1.82878E-01   4.38061E+01  1.79662E-01   4.63947E+01 
 5.65486E-06   1.11938E+02  8.02132E-06   1.30153E+02  2.31905E-06   4.71828E+01  4.04750E-06   3.20181E+02  3.09034E-06   2.32060E+02  1.59552E-06   2.98624E+02  1.53405E-06   1.62973E+01  5.01998E-06   1.11024E+02  7.71908E-06   4.26150E+01  4.59112E-06   6.49917E+01  9.41121E-06   7.25262E+01  9.48123E-06   5.86891E+01  1.59800E-05   7.04105E+01  2.33174E-05   6.60120E+01  3.11159E-05   6.00432E+01  4.91567E-05   6.40607E+01  6.26217E-05   5.88677E+01  9.25123E-05   6.23179E+01  1.30525E-04   5.97916E+01  1.86332E-04   5.90682E+01  2.69331E-04   5.87692E+01  3.84033E-04   5.72312E+01  5.54026E-04   5.67931E+01  7.93022E-04   5.54942E+01  1.13905E-03   5.49035E+01  1.63114E-03   5.38893E+01  2.33968E-03   5.30442E+01  3.35429E-03   5.21678E+01  4.81036E-03   5.12802E+01  6.89886E-03   5.04202E+01  9.89176E-03   4.95286E+01  1.41882E-02   4.86668E+01  2.03511E-02   4.77728E+01  2.91946E-02   4.69025E+01  4.18844E-02   4.60143E+01  6.00962E-02   4.51369E+01  8.62461E-02   4.42514E+01  1.23792E-01   4.33725E+01  1.77731E-01   4.24865E+01  1.78075E-01   3.79059E+01  1.79706E-01   3.34779E+01  1.82471E-01   2.92972E+01  1.86197E-01   2.54267E+01  1.90694E-01   2.19116E+01  1.95777E-01   1.87730E+01  2.01254E-01   1.60166E+01  2.06969E-01   1.36354E+01  2.12750E-01   1.16127E+01  2.18483E-01   9.93077E+00  2.24033E-01   8.56419E+00  2.29320E-01   7.49369E+00  2.34258E-01   6.69244E+00  2.38788E-01   6.14370E+00  2.42869E-01   5.82485E+00  2.46461E-01   5.72039E+00  2.49553E-01   5.81255E+00  2.52128E-01   6.08834E+00  2.54188E-01   6.53375E+00  2.55744E-01   7.13691E+00  2.56797E-01   7.88967E+00  2.57381E-01   8.77854E+00  2.57502E-01   9.80079E+00  2.57192E-01   1.09427E+01  2.56485E-01   1.22028E+01  2.55387E-01   1.35715E+01  2.53957E-01   1.50440E+01  2.52192E-01   1.66165E+01  2.50144E-01   1.82821E+01  2.47838E-01   2.00376E+01  2.45286E-01   2.18802E+01  2.42541E-01   2.38024E+01  2.39602E-01   2.58050E+01  2.36500E-01   2.78821E+01  2.33267E-01   3.00304E+01  2.29909E-01   3.22501E+01  2.26459E-01   3.45342E+01  2.22935E-01   3.68825E+01  2.19339E-01   3.92933E+01  2.15703E-01   4.17614E+01  2.12016E-01   4.42888E+01  2.08324E-01   4.68702E+01 
 5.68618E-06   3.58605E+02  1.05654E-06   1.56242E+02  6.91115E-06   1.96978E+02  2.95755E-06   1.05167E+02  5.24533E-06   3.47188E+01  1.70359E-06   1.72486E+02  1.98191E-06   3.52499E+02  3.62966E-06   2.71401E+01  1.25343E-06   1.16754E+02  7.18351E-06   3.70379E+01  8.80738E-06   7.30117E+01  1.08255E-05   6.74982E+01  1.69870E-05   7.65263E+01  2.56015E-05   6.88953E+01  3.44458E-05   6.49609E+01  5.35277E-05   6.29663E+01  7.33894E-05   6.22113E+01  1.05418E-04   6.10418E+01  1.50331E-04   6.08243E+01  2.11445E-04   5.98086E+01  3.08217E-04   5.93138E+01  4.35048E-04   5.80738E+01  6.30271E-04   5.75688E+01  8.97392E-04   5.65304E+01  1.29100E-03   5.56788E+01  1.84946E-03   5.47549E+01  2.64995E-03   5.38508E+01  3.80398E-03   5.30046E+01  5.44757E-03   5.20777E+01  7.81843E-03   5.12337E+01  1.12061E-02   5.03308E+01  1.60779E-02   4.94647E+01  2.30541E-02   4.85768E+01  3.30723E-02   4.76997E+01  4.74412E-02   4.68100E+01  6.80792E-02   4.59249E+01  9.76958E-02   4.50390E+01  1.40240E-01   4.41474E+01  2.01348E-01   4.32535E+01  2.01660E-01   3.87114E+01  2.03409E-01   3.43140E+01  2.06441E-01   3.01535E+01  2.10549E-01   2.62943E+01  2.15541E-01   2.27854E+01  2.21193E-01   1.96446E+01  2.27312E-01   1.68849E+01  2.33693E-01   1.44934E+01  2.40184E-01   1.24631E+01  2.46608E-01   1.07672E+01  2.52861E-01   9.39104E+00  2.58813E-01   8.30494E+00  2.64391E-01   7.49388E+00  2.69517E-01   6.93061E+00  2.74142E-01   6.60132E+00  2.78228E-01   6.48327E+00  2.81755E-01   6.56505E+00  2.84704E-01   6.82878E+00  2.87084E-01   7.26300E+00  2.88887E-01   7.85707E+00  2.90143E-01   8.59714E+00  2.90856E-01   9.47940E+00  2.91057E-01   1.04893E+01  2.90778E-01   1.16245E+01  2.90026E-01   1.28745E+01  2.88870E-01   1.42348E+01  2.87299E-01   1.57003E+01  2.85378E-01   1.72634E+01  2.83126E-01   1.89219E+01  2.80565E-01   2.06700E+01  2.77759E-01   2.25033E+01  2.74691E-01   2.44198E+01  2.71424E-01   2.64142E+01  2.67978E-01   2.84839E+01  2.64356E-01   3.06268E+01  2.60617E-01   3.28377E+01  2.56755E-01   3.51155E+01  2.52799E-01   3.74586E+01  2.48780E-01   3.98601E+01  2.44696E-01   4.23230E+01  2.40571E-01   4.48440E+01  2.36420E-01   4.74200E+01 
 5.85527E-06   1.24585E+02  6.63558E-06   1.21098E+02  3.14278E-06   4.83979E+01  3.06673E-06   2.66778E+02  2.24990E-06   2.73774E+02  5.75023E-07   3.12618E+02  1.22682E-06   4.58794E+01  4.79211E-06   8.86074E+01  8.01324E-06   5.60908E+01  5.24713E-06   6.88112E+01  1.23939E-05   6.73028E+01  1.27298E-05   5.71570E+01  1.88833E-05   6.96037E+01  3.05147E-05   6.60207E+01  3.79366E-05   6.26539E+01  6.06990E-05   6.54608E+01  7.95256E-05   6.19650E+01  1.16513E-04   6.30210E+01  1.65485E-04   6.14080E+01  2.35680E-04   6.09349E+01  3.40121E-04   6.04569E+01  4.85716E-04   5.90371E+01  6.97760E-04   5.85470E+01  1.00045E-03   5.73150E+01  1.43524E-03   5.66011E+01  2.05898E-03   5.56173E+01  2.95179E-03   5.47943E+01  4.23327E-03   5.39028E+01  6.06952E-03   5.30245E+01  8.70420E-03   5.21575E+01  1.24814E-02   5.12545E+01  1.79019E-02   5.03896E+01  2.56757E-02   4.94858E+01  3.68350E-02   4.86057E+01  5.28461E-02   4.77101E+01  7.58260E-02   4.68215E+01  1.08821E-01   4.59191E+01  1.56196E-01   4.50204E+01  2.24250E-01   4.41157E+01  2.24519E-01   3.96210E+01  2.26368E-01   3.52574E+01  2.29614E-01   3.11196E+01  2.34067E-01   2.72750E+01  2.39489E-01   2.37702E+01  2.45667E-01   2.06304E+01  2.52359E-01   1.78631E+01  2.59376E-01   1.54649E+01  2.66506E-01   1.34203E+01  2.73603E-01   1.17142E+01  2.80503E-01   1.03212E+01  2.87099E-01   9.22405E+00  2.93286E-01   8.39621E+00  2.98987E-01   7.82094E+00  3.04148E-01   7.47629E+00  3.08716E-01   7.34625E+00  3.12676E-01   7.41437E+00  3.16005E-01   7.66560E+00  3.18703E-01   8.08863E+00  3.20776E-01   8.66931E+00  3.22232E-01   9.40075E+00  3.23102E-01   1.02694E+01  3.23401E-01   1.12712E+01  3.23159E-01   1.23945E+01  3.22423E-01   1.36352E+01  3.21194E-01   1.49859E+01  3.19544E-01   1.64405E+01  3.17482E-01   1.79957E+01  3.15050E-01   1.96446E+01  3.12297E-01   2.13836E+01  3.09227E-01   2.32098E+01  3.05904E-01   2.51167E+01  3.02342E-01   2.71032E+01  2.98560E-01   2.91653E+01  2.94610E-01   3.12990E+01  2.90498E-01   3.35035E+01  2.86261E-01   3.57737E+01  2.81925E-01   3.81074E+01  2.77495E-01   4.05036E+01  2.73000E-01   4.29592E+01  2.68445E-01   4.54732E+01  2.63870E-01   4.80407E+01 
 8.32377E-06   3.41001E+02  2.46695E-06   1.52556E+02  8.27629E-06   1.77072E+02  4.49735E-06   8.42184E+01  4.57230E-06   2.87856E+01  2.69196E-06   1.77726E+02  1.81513E-06   3.32135E+02  2.76440E-06   3.24274E+01  3.90525E-06   7.12329E+01  7.33314E-06   4.67843E+01  1.08344E-05   7.07030E+01  1.49057E-05   7.64299E+01  2.03341E-05   6.91492E+01  3.15448E-05   7.13779E+01  4.13935E-05   6.82631E+01  6.43516E-05   6.50357E+01  8.92050E-05   6.53749E+01  1.29397E-04   6.24598E+01  1.84747E-04   6.32318E+01  2.58839E-04   6.15634E+01  3.76990E-04   6.12935E+01  5.32188E-04   6.01016E+01  7.71013E-04   5.94888E+01  1.09840E-03   5.84699E+01  1.57942E-03   5.75883E+01  2.26321E-03   5.67486E+01  3.24354E-03   5.58057E+01  4.65531E-03   5.49682E+01  6.66899E-03   5.40431E+01  9.56888E-03   5.31814E+01  1.37165E-02   5.22790E+01  1.96757E-02   5.13956E+01  2.82153E-02   5.05022E+01  4.04779E-02   4.96071E+01  5.80646E-02   4.87078E+01  8.33194E-02   4.78055E+01  1.19565E-01   4.68989E+01  1.71624E-01   4.59961E+01  2.46385E-01   4.50795E+01  2.46601E-01   4.06327E+01  2.48503E-01   3.63057E+01  2.51937E-01   3.21938E+01  2.56667E-01   2.83639E+01  2.62481E-01   2.48663E+01  2.69111E-01   2.17249E+01  2.76339E-01   1.89532E+01  2.83916E-01   1.65436E+01  2.91658E-01   1.44891E+01  2.99360E-01   1.27663E+01  3.06883E-01   1.13614E+01  3.14080E-01   1.02456E+01  3.20851E-01   9.40496E+00  3.27105E-01   8.81196E+00  3.32779E-01   8.45337E+00  3.37823E-01   8.30774E+00  3.42210E-01   8.36131E+00  3.45913E-01   8.59938E+00  3.48941E-01   9.00751E+00  3.51284E-01   9.57690E+00  3.52969E-01   1.02935E+01  3.54007E-01   1.11519E+01  3.54424E-01   1.21402E+01  3.54266E-01   1.32530E+01  3.53533E-01   1.44826E+01  3.52306E-01   1.58223E+01  3.50577E-01   1.72676E+01  3.48415E-01   1.88115E+01  3.45854E-01   2.04510E+01  3.42905E-01   2.21807E+01  3.39649E-01   2.39962E+01  3.36076E-01   2.58946E+01  3.32244E-01   2.78722E+01  3.28193E-01   2.99243E+01  3.23918E-01   3.20507E+01  3.19493E-01   3.42455E+01  3.14910E-01   3.65064E+01  3.10207E-01   3.88338E+01  3.05409E-01   4.12203E+01  3.00530E-01   4.36678E+01  2.95593E-01   4.61736E+01  2.90621E-01   4.87341E+01 
 5.28093E-06   1.42329E+02  6.02206E-06   9.03464E+01  2.89961E-06   5.65085E+01  4.63889E-06   2.29650E+02  2.12254E-06   3.27524E+02  2.20246E-06   1.04402E+02  8.17310E-07   1.36200E+02  6.11815E-06   8.39213E+01  7.41132E-06   6.18924E+01  6.18248E-06   5.49067E+01  1.27738E-05   7.09489E+01  1.53594E-05   5.78238E+01  2.16874E-05   7.31603E+01  3.61518E-05   6.62584E+01  4.44891E-05   6.60232E+01  7.01229E-05   6.71166E+01  9.69124E-05   6.44050E+01  1.37303E-04   6.51005E+01  1.99938E-04   6.38832E+01  2.82195E-04   6.27478E+01  4.06859E-04   6.25493E+01  5.81044E-04   6.11909E+01  8.33232E-04   6.04925E+01  1.19612E-03   5.96340E+01  1.71319E-03   5.87357E+01  2.45861E-03   5.78701E+01  3.52498E-03   5.69479E+01  5.05497E-03   5.61022E+01  7.24867E-03   5.51781E+01  1.03945E-02   5.43147E+01  1.49075E-02   5.34045E+01  2.13805E-02   5.25238E+01  3.06650E-02   5.16138E+01  4.39853E-02   5.07220E+01  6.31002E-02   4.98122E+01  9.05300E-02   4.89072E+01  1.29911E-01   4.79918E+01  1.86450E-01   4.70708E+01  2.67677E-01   4.61415E+01  2.67820E-01   4.17468E+01  2.69770E-01   3.74605E+01  2.73328E-01   3.33744E+01  2.78307E-01   2.95624E+01  2.84434E-01   2.60707E+01  2.91480E-01   2.29304E+01  2.99162E-01   2.01509E+01  3.07265E-01   1.77329E+01  3.15543E-01   1.56628E+01  3.23820E-01   1.39273E+01  3.31909E-01   1.25029E+01  3.39676E-01   1.13732E+01  3.46999E-01   1.05125E+01  3.53780E-01   9.90456E+00  3.59955E-01   9.52811E+00  3.65458E-01   9.36658E+00  3.70267E-01   9.40469E+00  3.74351E-01   9.62649E+00  3.77706E-01   1.00215E+01  3.80340E-01   1.05748E+01  3.82256E-01   1.12798E+01  3.83483E-01   1.21233E+01  3.84048E-01   1.30997E+01  3.83971E-01   1.41997E+01  3.83308E-01   1.54169E+01  3.82071E-01   1.67454E+01  3.80323E-01   1.81779E+01  3.78092E-01   1.97116E+01  3.75411E-01   2.13395E+01  3.72343E-01   2.30581E+01  3.68900E-01   2.48639E+01  3.65134E-01   2.67520E+01  3.61089E-01   2.87187E+01  3.56767E-01   3.07625E+01  3.52237E-01   3.28780E+01  3.47511E-01   3.50633E+01  3.42619E-01   3.73162E+01  3.37603E-01   3.96325E+01  3.32466E-01   4.20109E+01  3.27238E-01   4.44502E+01  3.21939E-01   4.69474E+01  3.16597E-01   4.94976E+01 
 1.13703E-05   3.28981E+02  4.33819E-06   1.71933E+02  7.32116E-06   1.50445E+02  5.25507E-06   7.63271E+01  3.23076E-06   4.69906E+01  2.73902E-07   3.14063E+02  2.22129E-06   3.42144E+02  2.20896E-07   1.15142E+02  6.42756E-06   7.50133E+01  7.77281E-06   5.88439E+01  1.20227E-05   7.32567E+01  1.84236E-05   7.59007E+01  2.23552E-05   6.99408E+01  3.75401E-05   7.30399E+01  4.98967E-05   6.87142E+01  7.44407E-05   6.77373E+01  1.05444E-04   6.74892E+01  1.50319E-04   6.50174E+01  2.14863E-04   6.56167E+01  3.03771E-04   6.39205E+01  4.41074E-04   6.37271E+01  6.24440E-04   6.24656E+01  9.01485E-04   6.18557E+01  1.28742E-03   6.08902E+01  1.84773E-03   5.99441E+01  2.64923E-03   5.91399E+01  3.79530E-03   5.81687E+01  5.44617E-03   5.73428E+01  7.80320E-03   5.63983E+01  1.11951E-02   5.55327E+01  1.60483E-02   5.46236E+01  2.30198E-02   5.37322E+01  3.30123E-02   5.28293E+01  4.73529E-02   5.19257E+01  6.79260E-02   5.10139E+01  9.74551E-02   5.00990E+01  1.39834E-01   4.91742E+01  2.00684E-01   4.82438E+01  2.88060E-01   4.73053E+01  2.88140E-01   4.29633E+01  2.90088E-01   3.87170E+01  2.93755E-01   3.46612E+01  2.98910E-01   3.08653E+01  3.05319E-01   2.73831E+01  3.12699E-01   2.42416E+01  3.20797E-01   2.14573E+01  3.29348E-01   1.90267E+01  3.38126E-01   1.69445E+01  3.46914E-01   1.51904E+01  3.55531E-01   1.37512E+01  3.63828E-01   1.26003E+01  3.71667E-01   1.17238E+01  3.78954E-01   1.10958E+01  3.85602E-01   1.07023E+01  3.91554E-01   1.05229E+01  3.96778E-01   1.05434E+01  4.01232E-01   1.07494E+01  4.04929E-01   1.11268E+01  4.07848E-01   1.16665E+01  4.10021E-01   1.23545E+01  4.11455E-01   1.31847E+01  4.12176E-01   1.41462E+01  4.12234E-01   1.52326E+01  4.11636E-01   1.64368E+01  4.10456E-01   1.77518E+01  4.08700E-01   1.91731E+01  4.06431E-01   2.06937E+01  4.03695E-01   2.23104E+01  4.00505E-01   2.40176E+01  3.96943E-01   2.58115E+01  3.93012E-01   2.76879E+01  3.88764E-01   2.96451E+01  3.84249E-01   3.16767E+01  3.79474E-01   3.37826E+01  3.74500E-01   3.59575E+01  3.69344E-01   3.81991E+01  3.64031E-01   4.05066E+01  3.58593E-01   4.28751E+01  3.53053E-01   4.53044E+01  3.47433E-01   4.77908E+01  3.41768E-01   5.03329E+01 
 3.97104E-06   1.51716E+02  6.89023E-06   4.70020E+01  1.18881E-06   8.34333E+01  7.86039E-06   2.06810E+02  3.63988E-06   1.24706E+01  5.45221E-06   9.62979E+01  8.28774E-07   9.54705E+01  5.69003E-06   6.91810E+01  6.40904E-06   8.92682E+01  6.23339E-06   5.87916E+01  1.52580E-05   7.05899E+01  1.82687E-05   6.13761E+01  2.49633E-05   7.10839E+01  3.93888E-05   7.00508E+01  5.16020E-05   6.99634E+01  7.94863E-05   6.96417E+01  1.11565E-04   6.78598E+01  1.58305E-04   6.76635E+01  2.29848E-04   6.66129E+01  3.24058E-04   6.54885E+01  4.67668E-04   6.49465E+01  6.69067E-04   6.38980E+01  9.57211E-04   6.31268E+01  1.37623E-03   6.22266E+01  1.96978E-03   6.13382E+01  2.82985E-03   6.04704E+01  4.05252E-03   5.95250E+01  5.81560E-03   5.86594E+01  8.33715E-03   5.77600E+01  1.19554E-02   5.68641E+01  1.71452E-02   5.59604E+01  2.45852E-02   5.50612E+01  3.52606E-02   5.41510E+01  5.05693E-02   5.32408E+01  7.25422E-02   5.23214E+01  1.04059E-01   5.13976E+01  1.49301E-01   5.04660E+01  2.14234E-01   4.95252E+01  3.07477E-01   4.85715E+01  3.07488E-01   4.42824E+01  3.09439E-01   4.00791E+01  3.13161E-01   3.60517E+01  3.18464E-01   3.22763E+01  3.25078E-01   2.88006E+01  3.32751E-01   2.56610E+01  3.41190E-01   2.28683E+01  3.50142E-01   2.04281E+01  3.59354E-01   1.83288E+01  3.68605E-01   1.65595E+01  3.77705E-01   1.50990E+01  3.86482E-01   1.39312E+01  3.94809E-01   1.30327E+01  4.02564E-01   1.23861E+01  4.09670E-01   1.19726E+01  4.16056E-01   1.17739E+01  4.21680E-01   1.17769E+01  4.26516E-01   1.19638E+01  4.30544E-01   1.23255E+01  4.33770E-01   1.28467E+01  4.36203E-01   1.35200E+01  4.37858E-01   1.43338E+01  4.38773E-01   1.52806E+01  4.38965E-01   1.63527E+01  4.38488E-01   1.75420E+01  4.37364E-01   1.88439E+01  4.35645E-01   2.02507E+01  4.33383E-01   2.17586E+01  4.30596E-01   2.33619E+01  4.27360E-01   2.50562E+01  4.23690E-01   2.68381E+01  4.19636E-01   2.87034E+01  4.15257E-01   3.06472E+01  4.10552E-01   3.26688E+01  4.05593E-01   3.47622E+01  4.00405E-01   3.69257E+01  3.95006E-01   3.91576E+01  3.89454E-01   4.14531E+01  3.83753E-01   4.38111E+01  3.77936E-01   4.62303E+01  3.72029E-01   4.87076E+01  3.66054E-01   5.12382E+01 
 1.10545E-05   3.19444E+02  4.77370E-06   1.76971E+02  9.45321E-06   1.22409E+02  4.53905E-06   8.08455E+01  7.74417E-07   3.32127E+02  1.19974E-06   2.30072E+01  1.27373E-06   3.35234E+02  1.98317E-06   1.49804E+01  8.03439E-06   8.82928E+01  8.76802E-06   7.03322E+01  1.23512E-05   7.60369E+01  2.26243E-05   7.74103E+01  2.38207E-05   6.91154E+01  4.26486E-05   7.51817E+01  5.62973E-05   6.95334E+01  8.23032E-05   7.01142E+01  1.19911E-04   7.06464E+01  1.67855E-04   6.80110E+01  2.45368E-04   6.84371E+01  3.45379E-04   6.68527E+01  4.98082E-04   6.63662E+01  7.11280E-04   6.53566E+01  1.02000E-03   6.45631E+01  1.46122E-03   6.36684E+01  2.09267E-03   6.27048E+01  3.00193E-03   6.19021E+01  4.30234E-03   6.09559E+01  6.16916E-03   6.01030E+01  8.84409E-03   5.91755E+01  1.26837E-02   5.82976E+01  1.81844E-02   5.73798E+01  2.60776E-02   5.64797E+01  3.73982E-02   5.55663E+01  5.36342E-02   5.46510E+01  7.69255E-02   5.37274E+01  1.10343E-01   5.27958E+01  1.58295E-01   5.18551E+01  2.27110E-01   5.09009E+01  3.25888E-01   4.99417E+01  3.25842E-01   4.57049E+01  3.27763E-01   4.15423E+01  3.31519E-01   3.75466E+01  3.36913E-01   3.37884E+01  3.43694E-01   3.03236E+01  3.51591E-01   2.71824E+01  3.60318E-01   2.43846E+01  3.69608E-01   2.19310E+01  3.79196E-01   1.98173E+01  3.88862E-01   1.80286E+01  3.98390E-01   1.65498E+01  4.07617E-01   1.53596E+01  4.16387E-01   1.44412E+01  4.24590E-01   1.37733E+01  4.32127E-01   1.33389E+01  4.38926E-01   1.31208E+01  4.44948E-01   1.31026E+01  4.50144E-01   1.32722E+01  4.54516E-01   1.36136E+01  4.58045E-01   1.41185E+01  4.60753E-01   1.47733E+01  4.62653E-01   1.55707E+01  4.63765E-01   1.65011E+01  4.64137E-01   1.75568E+01  4.63784E-01   1.87316E+01  4.62767E-01   2.00177E+01  4.61119E-01   2.14107E+01  4.58880E-01   2.29043E+01  4.56111E-01   2.44938E+01  4.52832E-01   2.61753E+01  4.49112E-01   2.79439E+01  4.44979E-01   2.97952E+01  4.40476E-01   3.17280E+01  4.35647E-01   3.37357E+01  4.30533E-01   3.58175E+01  4.25164E-01   3.79695E+01  4.19586E-01   4.01882E+01  4.13815E-01   4.24731E+01  4.07885E-01   4.48201E+01  4.01829E-01   4.72281E+01  3.95670E-01   4.96925E+01  3.89448E-01   5.22127E+01 
 6.92277E-07   6.72222E+01  8.95517E-06   3.52448E+02  2.03536E-06   1.50293E+02  8.98889E-06   1.85709E+02  3.95729E-06   4.55630E+01  6.22048E-06   9.33056E+01  3.34510E-06   7.76701E+01  4.63811E-06   5.65118E+01  5.69697E-06   7.50483E+01  9.37710E-06   6.99319E+01  1.46504E-05   7.17898E+01  2.07427E-05   6.94666E+01  2.89002E-05   7.43527E+01  4.16359E-05   7.23162E+01  6.03983E-05   7.32208E+01  8.52123E-05   7.19687E+01  1.25673E-04   7.11713E+01  1.75229E-04   7.04741E+01  2.57130E-04   6.99329E+01  3.63041E-04   6.88567E+01  5.22927E-04   6.79872E+01  7.49742E-04   6.70763E+01  1.07121E-03   6.60571E+01  1.54239E-03   6.52760E+01  2.20356E-03   6.42965E+01  3.16779E-03   6.34447E+01  4.53442E-03   6.25061E+01  6.50734E-03   6.16380E+01  9.32679E-03   6.07309E+01  1.33735E-02   5.98242E+01  1.91760E-02   5.89243E+01  2.74952E-02   5.80054E+01  3.94280E-02   5.70927E+01  5.65387E-02   5.61661E+01  8.10846E-02   5.52360E+01  1.16287E-01   5.42970E+01  1.66798E-01   5.33517E+01  2.39260E-01   5.23917E+01  3.43247E-01   5.14186E+01  3.43159E-01   4.72312E+01  3.45052E-01   4.31107E+01  3.48808E-01   3.91430E+01  3.54257E-01   3.54063E+01  3.61147E-01   3.19478E+01  3.69215E-01   2.88090E+01  3.78172E-01   2.60025E+01  3.87739E-01   2.35378E+01  3.97652E-01   2.14066E+01  4.07671E-01   1.95996E+01  4.17585E-01   1.80988E+01  4.27209E-01   1.68876E+01  4.36390E-01   1.59465E+01  4.45002E-01   1.52560E+01  4.52944E-01   1.48006E+01  4.60146E-01   1.45594E+01  4.66541E-01   1.45222E+01  4.72105E-01   1.46693E+01  4.76813E-01   1.49929E+01  4.80655E-01   1.54771E+01  4.83653E-01   1.61145E+01  4.85796E-01   1.68938E+01  4.87146E-01   1.78067E+01  4.87696E-01   1.88462E+01  4.87514E-01   2.00041E+01  4.86625E-01   2.12748E+01  4.85063E-01   2.26523E+01  4.82908E-01   2.41304E+01  4.80158E-01   2.57057E+01  4.76899E-01   2.73721E+01  4.73159E-01   2.91264E+01  4.68969E-01   3.09653E+01  4.64411E-01   3.28831E+01  4.59486E-01   3.48784E+01  4.54255E-01   3.69473E+01  4.48761E-01   3.90853E+01  4.43014E-01   4.12932E+01  4.37077E-01   4.35648E+01  4.30962E-01   4.58993E+01  4.24708E-01   4.82955E+01  4.18339E-01   5.07489E+01  4.11875E-01   5.32577E+01 
 6.39209E-06   3.10726E+02  3.90452E-06   1.67319E+02  7.14549E-06   7.21182E+01  5.64152E-06   1.02054E+02  5.02483E-06   2.03580E+02  2.87927E-06   3.43064E+01  1.40123E-06   1.09052E+02  1.92394E-06   4.68492E+01  7.76084E-06   8.14175E+01  9.95162E-06   8.15097E+01  1.28928E-05   7.75583E+01  2.44791E-05   8.04663E+01  2.76198E-05   7.50134E+01  4.59822E-05   7.64521E+01  6.37027E-05   7.34660E+01  8.88611E-05   7.30673E+01  1.33278E-04   7.29005E+01  1.85289E-04   7.12993E+01  2.69954E-04   7.13233E+01  3.83177E-04   7.00256E+01  5.49492E-04   6.95520E+01  7.89270E-04   6.85327E+01  1.12680E-03   6.77285E+01  1.61803E-03   6.68115E+01  2.31520E-03   6.59411E+01  3.32158E-03   6.50428E+01  4.76001E-03   6.41317E+01  6.82370E-03   6.32606E+01  9.78299E-03   6.23378E+01  1.40264E-02   6.14561E+01  2.01118E-02   6.05322E+01  2.88350E-02   5.96290E+01  4.13446E-02   5.87040E+01  5.92824E-02   5.77811E+01  8.50075E-02   5.68461E+01  1.21899E-01   5.59029E+01  1.74811E-01   5.49479E+01  2.50693E-01   5.39843E+01  3.59558E-01   5.30061E+01  3.59435E-01   4.88645E+01  3.61280E-01   4.47802E+01  3.65012E-01   4.08435E+01  3.70475E-01   3.71226E+01  3.77426E-01   3.36756E+01  3.85614E-01   3.05343E+01  3.94737E-01   2.77222E+01  4.04528E-01   2.52435E+01  4.14704E-01   2.30957E+01  4.25030E-01   2.12684E+01  4.35275E-01   1.97459E+01  4.45257E-01   1.85121E+01  4.54810E-01   1.75468E+01  4.63802E-01   1.68342E+01  4.72128E-01   1.63536E+01  4.79700E-01   1.60922E+01  4.86467E-01   1.60307E+01  4.92382E-01   1.61583E+01  4.97425E-01   1.64594E+01  5.01585E-01   1.69248E+01  5.04866E-01   1.75419E+01  5.07288E-01   1.83023E+01  5.08866E-01   1.91973E+01  5.09641E-01   2.02182E+01  5.09639E-01   2.13591E+01  5.08901E-01   2.26129E+01  5.07483E-01   2.39733E+01  5.05408E-01   2.54365E+01  5.02744E-01   2.69954E+01  4.99529E-01   2.86474E+01  4.95795E-01   3.03872E+01  4.91618E-01   3.22103E+01  4.87015E-01   3.41145E+01  4.82034E-01   3.60957E+01  4.76737E-01   3.81497E+01  4.71134E-01   4.02759E+01  4.65283E-01   4.24690E+01  4.59212E-01   4.47277E+01  4.52948E-01   4.70506E+01  4.46526E-01   4.94337E+01  4.39978E-01   5.18736E+01  4.33335E-01   5.43694E+01 
 2.85098E-06   1.20815E+01  1.22048E-05   3.26061E+02  3.58224E-06   1.73598E+02  6.98535E-06   1.59808E+02  5.91825E-06   7.26243E+01  6.43869E-06   1.10450E+02  4.95449E-06   7.76614E+01  4.25890E-06   4.67148E+01  4.41816E-06   7.91204E+01  1.12430E-05   6.69078E+01  1.28960E-05   7.53779E+01  2.30010E-05   7.80353E+01  3.30130E-05   7.58106E+01  4.35473E-05   7.82914E+01  6.76514E-05   7.61075E+01  9.18732E-05   7.39270E+01  1.37347E-04   7.55202E+01  1.93092E-04   7.30584E+01  2.79839E-04   7.32910E+01  3.99955E-04   7.19466E+01  5.70814E-04   7.12369E+01  8.22667E-04   7.05818E+01  1.17425E-03   6.93676E+01  1.69021E-03   6.87513E+01  2.41663E-03   6.76189E+01  3.46910E-03   6.68590E+01  4.97041E-03   6.58725E+01  7.12762E-03   6.50132E+01  1.02162E-02   6.40844E+01  1.46462E-02   6.31798E+01  2.09965E-02   6.22730E+01  3.01009E-02   6.13484E+01  4.31559E-02   6.04316E+01  6.18703E-02   5.94979E+01  8.87037E-02   5.85640E+01  1.27172E-01   5.76146E+01  1.82331E-01   5.66591E+01  2.61416E-01   5.56886E+01  3.74823E-01   5.47082E+01  3.74670E-01   5.06037E+01  3.76458E-01   4.65555E+01  3.80140E-01   4.26436E+01  3.85574E-01   3.89423E+01  3.92546E-01   3.55014E+01  4.00795E-01   3.23613E+01  4.10036E-01   2.95404E+01  4.19990E-01   2.70485E+01  4.30377E-01   2.48830E+01  4.40954E-01   2.30346E+01  4.51484E-01   2.14898E+01  4.61778E-01   2.02312E+01  4.71662E-01   1.92427E+01  4.80997E-01   1.85042E+01  4.89674E-01   1.80011E+01  4.97603E-01   1.77139E+01  5.04719E-01   1.76308E+01  5.10978E-01   1.77342E+01  5.16353E-01   1.80146E+01  5.20826E-01   1.84577E+01  5.24414E-01   1.90545E+01  5.27103E-01   1.97951E+01  5.28949E-01   2.06701E+01  5.29945E-01   2.16730E+01  5.30153E-01   2.27954E+01  5.29605E-01   2.40312E+01  5.28328E-01   2.53753E+01  5.26399E-01   2.68205E+01  5.23833E-01   2.83638E+01  5.20687E-01   2.99992E+01  5.17023E-01   3.17227E+01  5.12858E-01   3.35313E+01  5.08269E-01   3.54200E+01  5.03279E-01   3.73858E+01  4.97937E-01   3.94268E+01  4.92287E-01   4.15366E+01  4.86356E-01   4.37170E+01  4.80187E-01   4.59622E+01  4.73813E-01   4.82706E+01  4.67273E-01   5.06397E+01  4.60589E-01   5.30668E+01  4.53783E-01   5.55513E+01 
 2.36143E-06   1.95967E+02  2.84129E-06   9.71255E+01  1.06429E-05   1.82432E+01  4.44303E-06   1.36433E+02  7.09336E-06   1.98841E+02  4.25145E-06   5.11359E+01  4.28796E-06   1.28900E+02  4.11212E-06   8.11238E+01  8.70789E-06   7.17171E+01  1.15659E-05   9.45722E+01  1.33564E-05   7.94785E+01  2.55747E-05   8.30146E+01  3.21337E-05   8.06371E+01  4.77596E-05   7.83924E+01  7.04764E-05   7.85172E+01  9.58369E-05   7.69009E+01  1.43333E-04   7.62642E+01  2.01950E-04   7.51742E+01  2.90297E-04   7.46321E+01  4.18650E-04   7.38087E+01  5.94747E-04   7.28437E+01  8.57793E-04   7.20253E+01  1.22248E-03   7.12127E+01  1.75587E-03   7.03495E+01  2.51440E-03   6.94855E+01  3.60491E-03   6.86045E+01  5.16905E-03   6.77150E+01  7.40515E-03   6.67979E+01  1.06224E-02   6.59098E+01  1.52216E-02   6.49998E+01  2.18288E-02   6.40884E+01  3.12842E-02   6.31714E+01  4.48522E-02   6.22477E+01  6.42895E-02   6.13185E+01  9.21630E-02   6.03808E+01  1.32106E-01   5.94334E+01  1.89369E-01   5.84764E+01  2.71447E-01   5.75067E+01  3.89076E-01   5.65207E+01  3.88877E-01   5.24519E+01  3.90593E-01   4.84332E+01  3.94193E-01   4.45469E+01  3.99571E-01   4.08598E+01  4.06508E-01   3.74273E+01  4.14774E-01   3.42851E+01  4.24074E-01   3.14563E+01  4.34139E-01   2.89505E+01  4.44683E-01   2.67659E+01  4.55457E-01   2.48966E+01  4.66224E-01   2.33272E+01  4.76784E-01   2.20449E+01  4.86959E-01   2.10295E+01  4.96608E-01   2.02669E+01  5.05610E-01   1.97369E+01  5.13869E-01   1.94264E+01  5.21320E-01   1.93173E+01  5.27911E-01   1.93986E+01  5.33608E-01   1.96549E+01  5.38404E-01   2.00762E+01  5.42281E-01   2.06516E+01  5.45272E-01   2.13705E+01  5.47373E-01   2.22261E+01  5.48624E-01   2.32085E+01  5.49064E-01   2.43118E+01  5.48708E-01   2.55294E+01  5.47630E-01   2.68545E+01  5.45848E-01   2.82825E+01  5.43413E-01   2.98084E+01  5.40395E-01   3.14266E+01  5.36802E-01   3.31343E+01  5.32718E-01   3.49261E+01  5.28171E-01   3.67988E+01  5.23193E-01   3.87501E+01  5.17861E-01   4.07735E+01  5.12183E-01   4.28706E+01  5.06213E-01   4.50354E+01  4.99996E-01   4.72656E+01  4.93549E-01   4.95602E+01  4.86916E-01   5.19157E+01  4.80123E-01   5.43285E+01  4.73206E-01   5.67980E+01 
 3.92422E-06   3.56759E+02  9.20100E-06   2.92475E+02  2.56687E-06   1.61988E+02  5.83240E-06   7.67649E+01  6.81553E-06   1.01331E+02  6.15454E-06   1.37772E+02  5.63726E-06   8.23165E+01  3.04334E-06   6.44753E+01  3.84910E-06   7.94820E+01  1.32297E-05   7.41432E+01  1.19145E-05   8.07326E+01  2.47077E-05   8.03726E+01  3.59985E-05   8.34142E+01  4.55921E-05   8.02580E+01  7.52475E-05   8.05657E+01  9.76489E-05   7.86757E+01  1.47102E-04   7.91864E+01  2.07907E-04   7.70618E+01  2.98796E-04   7.67873E+01  4.30739E-04   7.58337E+01  6.14925E-04   7.48773E+01  8.88032E-04   7.42446E+01  1.26622E-03   7.30405E+01  1.82096E-03   7.24101E+01  2.60691E-03   7.13533E+01  3.73687E-03   7.05617E+01  5.35689E-03   6.96133E+01  7.67645E-03   6.87362E+01  1.10041E-02   6.78273E+01  1.57713E-02   6.69143E+01  2.26065E-02   6.60123E+01  3.24027E-02   6.50887E+01  4.64423E-02   6.41709E+01  6.65651E-02   6.32360E+01  9.54023E-02   6.23045E+01  1.36726E-01   6.13561E+01  1.95948E-01   6.04020E+01  2.80781E-01   5.94363E+01  4.02333E-01   5.84565E+01  4.02095E-01   5.44090E+01  4.03712E-01   5.04156E+01  4.07211E-01   4.65487E+01  4.12480E-01   4.28767E+01  4.19352E-01   3.94490E+01  4.27577E-01   3.63054E+01  4.36890E-01   3.34675E+01  4.47011E-01   3.09469E+01  4.57659E-01   2.87439E+01  4.68583E-01   2.68516E+01  4.79535E-01   2.52588E+01  4.90320E-01   2.39494E+01  5.00746E-01   2.29092E+01  5.10671E-01   2.21185E+01  5.19965E-01   2.15638E+01  5.28533E-01   2.12258E+01  5.36298E-01   2.10927E+01  5.43202E-01   2.11480E+01  5.49225E-01   2.13808E+01  5.54321E-01   2.17787E+01  5.58516E-01   2.23308E+01  5.61786E-01   2.30286E+01  5.64175E-01   2.38618E+01  5.65691E-01   2.48241E+01  5.66366E-01   2.59074E+01  5.66251E-01   2.71051E+01  5.65366E-01   2.84117E+01  5.63773E-01   2.98214E+01  5.61512E-01   3.13286E+01  5.58620E-01   3.29300E+01  5.55160E-01   3.46194E+01  5.51169E-01   3.63944E+01  5.46690E-01   3.82511E+01  5.41784E-01   4.01842E+01  5.36482E-01   4.21939E+01  5.30822E-01   4.42737E+01  5.24860E-01   4.64233E+01  5.18614E-01   4.86388E+01  5.12130E-01   5.09185E+01  5.05448E-01   5.32578E+01  4.98596E-01   5.56561E+01  4.91590E-01   5.81132E+01 
 9.08915E-06   1.33036E+02  3.00920E-06   4.69142E+01  1.06933E-05   3.46191E+02  3.28194E-06   1.85903E+02  2.34132E-06   1.70555E+02  4.49927E-06   6.59180E+01  8.03428E-06   1.37307E+02  8.36365E-06   8.54370E+01  6.40567E-06   9.23817E+01  1.22624E-05   9.35675E+01  1.66396E-05   7.68339E+01  2.38442E-05   8.77493E+01  3.63552E-05   8.27121E+01  4.96141E-05   8.26648E+01  7.55246E-05   8.15173E+01  1.05281E-04   8.06997E+01  1.50502E-04   8.01582E+01  2.19534E-04   7.93810E+01  3.07311E-04   7.82319E+01  4.47608E-04   7.78771E+01  6.35634E-04   7.66410E+01  9.13943E-04   7.60033E+01  1.31003E-03   7.51171E+01  1.87521E-03   7.42593E+01  2.69095E-03   7.34264E+01  3.85356E-03   7.24974E+01  5.52995E-03   7.16566E+01  7.92009E-03   7.07206E+01  1.13603E-02   6.98463E+01  1.62776E-02   6.89223E+01  2.33372E-02   6.80253E+01  3.34408E-02   6.71007E+01  4.79343E-02   6.61883E+01  6.86878E-02   6.52598E+01  9.84334E-02   6.43272E+01  1.41042E-01   6.33853E+01  2.02088E-01   6.24369E+01  2.89502E-01   6.14758E+01  4.14687E-01   6.05057E+01  4.14372E-01   5.64751E+01  4.15870E-01   5.25005E+01  4.19215E-01   4.86511E+01  4.24354E-01   4.49900E+01  4.31100E-01   4.15671E+01  4.39245E-01   3.84206E+01  4.48515E-01   3.55727E+01  4.58638E-01   3.30378E+01  4.69341E-01   3.08138E+01  4.80357E-01   2.88996E+01  4.91454E-01   2.72804E+01  5.02415E-01   2.59458E+01  5.13054E-01   2.48768E+01  5.23220E-01   2.40599E+01  5.32776E-01   2.34763E+01  5.41629E-01   2.31126E+01  5.49684E-01   2.29521E+01  5.56902E-01   2.29820E+01  5.63217E-01   2.31899E+01  5.68637E-01   2.35629E+01  5.73122E-01   2.40922E+01  5.76697E-01   2.47666E+01  5.79371E-01   2.55783E+01  5.81155E-01   2.65190E+01  5.82105E-01   2.75811E+01  5.82219E-01   2.87587E+01  5.81572E-01   3.00454E+01  5.80189E-01   3.14346E+01  5.78105E-01   3.29243E+01  5.75399E-01   3.45058E+01  5.72082E-01   3.61780E+01  5.68221E-01   3.79355E+01  5.63867E-01   3.97736E+01  5.59039E-01   4.16916E+01  5.53814E-01   4.36825E+01  5.48206E-01   4.57471E+01  5.42267E-01   4.78806E+01  5.36045E-01   5.00800E+01  5.29564E-01   5.23433E+01  5.22868E-01   5.46678E+01  5.15970E-01   5.70521E+01  5.08921E-01   5.94926E+01 
 2.21503E-06   3.04358E+02  5.64386E-06   2.05513E+02  2.95336E-06   6.42472E+01  9.12780E-06   3.07414E+01  5.56256E-06   1.30461E+02  4.00869E-06   1.26138E+02  5.09042E-06   8.20087E+01  7.26637E-06   1.27731E+02  6.67507E-06   6.98903E+01  1.26980E-05   7.56654E+01  1.40300E-05   9.57621E+01  2.47624E-05   8.04979E+01  3.66019E-05   8.98396E+01  4.96205E-05   8.52173E+01  7.89910E-05   8.49011E+01  1.04456E-04   8.39904E+01  1.56128E-04   8.25307E+01  2.21246E-04   8.20514E+01  3.17524E-04   8.10952E+01  4.57925E-04   7.99700E+01  6.54748E-04   7.90080E+01  9.41990E-04   7.82076E+01  1.34793E-03   7.72452E+01  1.93401E-03   7.64006E+01  2.77241E-03   7.54657E+01  3.97105E-03   7.45938E+01  5.69348E-03   7.37059E+01  8.15838E-03   7.28200E+01  1.16947E-02   7.19245E+01  1.67579E-02   7.10213E+01  2.40178E-02   7.01175E+01  3.44214E-02   6.92097E+01  4.93227E-02   6.82943E+01  7.06761E-02   6.73745E+01  1.01267E-01   6.64496E+01  1.45080E-01   6.55170E+01  2.07813E-01   6.45766E+01  2.97652E-01   6.36277E+01  4.26250E-01   6.26685E+01  4.25792E-01   5.86478E+01  4.27107E-01   5.46865E+01  4.30271E-01   5.08509E+01  4.35217E-01   4.71981E+01  4.41804E-01   4.37788E+01  4.49815E-01   4.06272E+01  4.58993E-01   3.77704E+01  4.69074E-01   3.52178E+01  4.79772E-01   3.29753E+01  4.90844E-01   3.10360E+01  5.02032E-01   2.93922E+01  5.13128E-01   2.80291E+01  5.23944E-01   2.69329E+01  5.34311E-01   2.60870E+01  5.44105E-01   2.54758E+01  5.53207E-01   2.50837E+01  5.61544E-01   2.48961E+01  5.69036E-01   2.48996E+01  5.75659E-01   2.50811E+01  5.81366E-01   2.54294E+01  5.86159E-01   2.59337E+01  5.90031E-01   2.65846E+01  5.92992E-01   2.73729E+01  5.95072E-01   2.82910E+01  5.96281E-01   2.93315E+01  5.96666E-01   3.04878E+01  5.96266E-01   3.17532E+01  5.95103E-01   3.31240E+01  5.93253E-01   3.45924E+01  5.90728E-01   3.61560E+01  5.87592E-01   3.78089E+01  5.83901E-01   3.95470E+01  5.79666E-01   4.13686E+01  5.74978E-01   4.32669E+01  5.69850E-01   4.52420E+01  5.64324E-01   4.72893E+01  5.58467E-01   4.94052E+01  5.52288E-01   5.15881E+01  5.45838E-01   5.38358E+01  5.39153E-01   5.61440E+01  5.32267E-01   5.85110E+01  5.25203E-01   6.09378E+01 
 8.59743E-06   1.10622E+02  1.12942E-06   3.46927E+02  4.85399E-06   2.92525E+02  2.97287E-06   2.76772E+02  4.44368E-06   2.46965E+01  4.72137E-06   1.01397E+02  8.47955E-06   1.32273E+02  1.21166E-05   9.14638E+01  8.22626E-06   1.25672E+02  1.37357E-05   9.14667E+01  1.79722E-05   8.61317E+01  2.06231E-05   9.46669E+01  4.06126E-05   8.21437E+01  5.10277E-05   8.66513E+01  7.91422E-05   8.55723E+01  1.14262E-04   8.42525E+01  1.56698E-04   8.45465E+01  2.33947E-04   8.36051E+01  3.24019E-04   8.25088E+01  4.71741E-04   8.21329E+01  6.70399E-04   8.08302E+01  9.63400E-04   8.03902E+01  1.38288E-03   7.93624E+01  1.97897E-03   7.85136E+01  2.84372E-03   7.77002E+01  4.07273E-03   7.67622E+01  5.84360E-03   7.59285E+01  8.37134E-03   7.49886E+01  1.20035E-02   7.41275E+01  1.72011E-02   7.32074E+01  2.46543E-02   7.23172E+01  3.53294E-02   7.14044E+01  5.06249E-02   7.05007E+01  7.25353E-02   6.95849E+01  1.03917E-01   6.86702E+01  1.48856E-01   6.77485E+01  2.13197E-01   6.68207E+01  3.05308E-01   6.58857E+01  4.37109E-01   6.49440E+01  4.36428E-01   6.09236E+01  4.37507E-01   5.69719E+01  4.40426E-01   5.31453E+01  4.45139E-01   4.95002E+01  4.51511E-01   4.60812E+01  4.59340E-01   4.29259E+01  4.68378E-01   4.00568E+01  4.78360E-01   3.74890E+01  4.89016E-01   3.52248E+01  5.00085E-01   3.32621E+01  5.11322E-01   3.15911E+01  5.22514E-01   3.02004E+01  5.33456E-01   2.90750E+01  5.44003E-01   2.82000E+01  5.53988E-01   2.75594E+01  5.63328E-01   2.71385E+01  5.71905E-01   2.69227E+01  5.79677E-01   2.68981E+01  5.86572E-01   2.70530E+01  5.92575E-01   2.73748E+01  5.97665E-01   2.78539E+01  6.01828E-01   2.84801E+01  6.05096E-01   2.92445E+01  6.07454E-01   3.01397E+01  6.08956E-01   3.11577E+01  6.09616E-01   3.22917E+01  6.09469E-01   3.35370E+01  6.08572E-01   3.48850E+01  6.06942E-01   3.63344E+01  6.04641E-01   3.78769E+01  6.01717E-01   3.95100E+01  5.98197E-01   4.12304E+01  5.94152E-01   4.30313E+01  5.89608E-01   4.49129E+01  5.84611E-01   4.68695E+01  5.79210E-01   4.88984E+01  5.73442E-01   5.09975E+01  5.67344E-01   5.31636E+01  5.60963E-01   5.53934E+01  5.54337E-01   5.76841E+01  5.47474E-01   6.00375E+01  5.40426E-01   6.24468E+01 
 1.85858E-06   2.24224E+02  1.00279E-05   1.46266E+02  5.04355E-06   6.30458E+01  6.85827E-06   2.62074E+01  2.76642E-06   2.00178E+02  4.35128E-06   4.30161E+01  3.59254E-06   7.03686E+01  8.36414E-06   1.22887E+02  1.18121E-05   7.75611E+01  1.17004E-05   1.08094E+02  1.98759E-05   9.61763E+01  2.40751E-05   8.91443E+01  3.74011E-05   9.65358E+01  5.29946E-05   8.76920E+01  7.74680E-05   9.07193E+01  1.13945E-04   8.84539E+01  1.62662E-04   8.69166E+01  2.34323E-04   8.70252E+01  3.36832E-04   8.51502E+01  4.81426E-04   8.43604E+01  6.92080E-04   8.34911E+01  9.88655E-04   8.24290E+01  1.41930E-03   8.17122E+01  2.03252E-03   8.07076E+01  2.91423E-03   7.99122E+01  4.17414E-03   7.90100E+01  5.98394E-03   7.81385E+01  8.57702E-03   7.72632E+01  1.22913E-02   7.63635E+01  1.76172E-02   7.54868E+01  2.52438E-02   7.45795E+01  3.61786E-02   7.36897E+01  5.18355E-02   7.27839E+01  7.42728E-02   7.18858E+01  1.06395E-01   7.09772E+01  1.52400E-01   7.00698E+01  2.18251E-01   6.91560E+01  3.12508E-01   6.82389E+01  4.47366E-01   6.73176E+01  4.46364E-01   6.32970E+01  4.47128E-01   5.93499E+01  4.49743E-01   5.55323E+01  4.54167E-01   5.18906E+01  4.60275E-01   4.84735E+01  4.67874E-01   4.53109E+01  4.76721E-01   4.24318E+01  4.86561E-01   3.98458E+01  4.97120E-01   3.75613E+01  5.08145E-01   3.55731E+01  5.19387E-01   3.38755E+01  5.30628E-01   3.24558E+01  5.41673E-01   3.13007E+01  5.52342E-01   3.03959E+01  5.62513E-01   2.97250E+01  5.72041E-01   2.92749E+01  5.80856E-01   2.90295E+01  5.88871E-01   2.89771E+01  5.96032E-01   2.91039E+01  6.02322E-01   2.93991E+01  6.07688E-01   2.98522E+01  6.12161E-01   3.04527E+01  6.15708E-01   3.11928E+01  6.18372E-01   3.20636E+01  6.20163E-01   3.30579E+01  6.21099E-01   3.41700E+01  6.21245E-01   3.53913E+01  6.20595E-01   3.67195E+01  6.19233E-01   3.81464E+01  6.17174E-01   3.96688E+01  6.14466E-01   4.12827E+01  6.11174E-01   4.29814E+01  6.07310E-01   4.47646E+01  6.02945E-01   4.66263E+01  5.98114E-01   4.85639E+01  5.92850E-01   5.05753E+01  5.87220E-01   5.26559E+01  5.81236E-01   5.48035E+01  5.74955E-01   5.70157E+01  5.68393E-01   5.92912E+01  5.61599E-01   6.16256E+01  5.54611E-01   6.40183E+01 
 6.02812E-06   2.19639E+01  3.38841E-06   2.65924E+02  7.33839E-06   1.95685E+02  3.56454E-06   3.70939E+00  5.77487E-06   3.90715E+01  5.02284E-06   1.24088E+02  5.82935E-06   9.63176E+01  1.11936E-05   1.07441E+02  9.84107E-06   1.31471E+02  1.63858E-05   8.58388E+01  1.84707E-05   9.65919E+01  2.39647E-05   9.28412E+01  4.06975E-05   8.93641E+01  5.36452E-05   9.10659E+01  8.12578E-05   8.87480E+01  1.16084E-04   9.00406E+01  1.65042E-04   8.83003E+01  2.41123E-04   8.83807E+01  3.39457E-04   8.75102E+01  4.91516E-04   8.68051E+01  7.01782E-04   8.58443E+01  1.00832E-03   8.49758E+01  1.44590E-03   8.40744E+01  2.07345E-03   8.31192E+01  2.97542E-03   8.22860E+01  4.26562E-03   8.13647E+01  6.11473E-03   8.05023E+01  8.76523E-03   7.95981E+01  1.25627E-02   7.87177E+01  1.80060E-02   7.78285E+01  2.58024E-02   7.69401E+01  3.69760E-02   7.60509E+01  5.29797E-02   7.51587E+01  7.59063E-02   7.42631E+01  1.08734E-01   7.33696E+01  1.55745E-01   7.24736E+01  2.23038E-01   7.15790E+01  3.19342E-01   7.06824E+01  4.57127E-01   6.97826E+01  4.55696E-01   6.57582E+01  4.56059E-01   6.18174E+01  4.58300E-01   5.80046E+01  4.62373E-01   5.43687E+01  4.68165E-01   5.09497E+01  4.75478E-01   4.77824E+01  4.84089E-01   4.48904E+01  4.93734E-01   4.22880E+01  5.04154E-01   3.99816E+01  5.15090E-01   3.79683E+01  5.26289E-01   3.62438E+01  5.37549E-01   3.47941E+01  5.48638E-01   3.36098E+01  5.59422E-01   3.26733E+01  5.69713E-01   3.19728E+01  5.79428E-01   3.14914E+01  5.88439E-01   3.12167E+01  5.96681E-01   3.11348E+01  6.04103E-01   3.12328E+01  6.10641E-01   3.15007E+01  6.16308E-01   3.19259E+01  6.21051E-01   3.25007E+01  6.24906E-01   3.32149E+01  6.27865E-01   3.40608E+01  6.29944E-01   3.50319E+01  6.31191E-01   3.61191E+01  6.31605E-01   3.73195E+01  6.31251E-01   3.86240E+01  6.30153E-01   4.00297E+01  6.28345E-01   4.15310E+01  6.25901E-01   4.31223E+01  6.22822E-01   4.48024E+01  6.19184E-01   4.65644E+01  6.15029E-01   4.84066E+01  6.10375E-01   5.03256E+01  6.05298E-01   5.23172E+01  5.99817E-01   5.43789E+01  5.93971E-01   5.65087E+01  5.87808E-01   5.87035E+01  5.81364E-01   6.09592E+01  5.74666E-01   6.32778E+01  5.67748E-01   6.56532E+01 
 2.44383E-06   1.25642E+02  8.76936E-06   9.70375E+01  2.99235E-06   7.32626E+01  3.65409E-06   1.84036E+02  2.68306E-06   2.91482E+02  8.22736E-06   2.21979E+01  1.88135E-06   5.69094E+01  8.13368E-06   1.01365E+02  1.42365E-05   9.83150E+01  1.36224E-05   1.27070E+02  2.52260E-05   9.32189E+01  2.44268E-05   1.01498E+02  3.87209E-05   9.95192E+01  5.73573E-05   9.36895E+01  7.65197E-05   9.64510E+01  1.20608E-04   9.21400E+01  1.67186E-04   9.21629E+01  2.45535E-04   9.08405E+01  3.52347E-04   8.99228E+01  5.01772E-04   8.88249E+01  7.22678E-04   8.82436E+01  1.03020E-03   8.71140E+01  1.47968E-03   8.64324E+01  2.11536E-03   8.54761E+01  3.03469E-03   8.46485E+01  4.34840E-03   8.37683E+01  6.23391E-03   8.28880E+01  8.93810E-03   8.20179E+01  1.28083E-02   8.11294E+01  1.83635E-02   8.02565E+01  2.63146E-02   7.93650E+01  3.77168E-02   7.84882E+01  5.40421E-02   7.75992E+01  7.74332E-02   7.67224E+01  1.10929E-01   7.58375E+01  1.58897E-01   7.49567E+01  2.27565E-01   7.40762E+01  3.25862E-01   7.31984E+01  4.66514E-01   7.23242E+01  4.64501E-01   6.83000E+01  4.64366E-01   6.43646E+01  4.66152E-01   6.05591E+01  4.69813E-01   5.69274E+01  4.75230E-01   5.35081E+01  4.82208E-01   5.03352E+01  4.90534E-01   4.74310E+01  4.99938E-01   4.48122E+01  5.10176E-01   4.24833E+01  5.20972E-01   4.04459E+01  5.32102E-01   3.86922E+01  5.43318E-01   3.72141E+01  5.54443E-01   3.59979E+01  5.65279E-01   3.50308E+01  5.75690E-01   3.42985E+01  5.85544E-01   3.37860E+01  5.94732E-01   3.34809E+01  6.03193E-01   3.33684E+01  6.10829E-01   3.34380E+01  6.17643E-01   3.36766E+01  6.23558E-01   3.40750E+01  6.28598E-01   3.46226E+01  6.32738E-01   3.53108E+01  6.35987E-01   3.61319E+01  6.38378E-01   3.70769E+01  6.39905E-01   3.81414E+01  6.40631E-01   3.93164E+01  6.40559E-01   4.05986E+01  6.39739E-01   4.19818E+01  6.38221E-01   4.34600E+01  6.36025E-01   4.50318E+01  6.33207E-01   4.66894E+01  6.29815E-01   4.84313E+01  6.25872E-01   5.02537E+01  6.21437E-01   5.21520E+01  6.16549E-01   5.41241E+01  6.11251E-01   5.61671E+01  6.05570E-01   5.82778E+01  5.99567E-01   6.04522E+01  5.93252E-01   6.26922E+01  5.86667E-01   6.49921E+01  5.79865E-01   6.73483E+01 
 1.00458E-05   3.20995E+02  3.50525E-06   2.65828E+02  6.85899E-06   1.38897E+02  4.86805E-06   7.05064E+01  4.31684E-06   1.46219E+02  5.22860E-06   1.22546E+02  6.21338E-06   3.49715E+01  5.67862E-06   1.05784E+02  1.17543E-05   1.01231E+02  1.51884E-05   9.54954E+01  2.22025E-05   1.08858E+02  3.19078E-05   9.17206E+01  3.99199E-05   9.82589E+01  5.80753E-05   9.48779E+01  8.25914E-05   9.35486E+01  1.16379E-04   9.59638E+01  1.71932E-04   9.30696E+01  2.43560E-04   9.40332E+01  3.54704E-04   9.27010E+01  5.07164E-04   9.17656E+01  7.30718E-04   9.09530E+01  1.04818E-03   8.98018E+01  1.50155E-03   8.89948E+01  2.15705E-03   8.80517E+01  3.08771E-03   8.71138E+01  4.43204E-03   8.62771E+01  6.34770E-03   8.53512E+01  9.10319E-03   8.45055E+01  1.30452E-02   8.36024E+01  1.86995E-02   8.27435E+01  2.68000E-02   8.18558E+01  3.84091E-02   8.09873E+01  5.50432E-02   8.01108E+01  7.88719E-02   7.92372E+01  1.13005E-01   7.83668E+01  1.61894E-01   7.75018E+01  2.31895E-01   7.66375E+01  3.32108E-01   7.57778E+01  4.75533E-01   7.49255E+01  4.72841E-01   7.09083E+01  4.72110E-01   6.69829E+01  4.73365E-01   6.31876E+01  4.76551E-01   5.95613E+01  4.81534E-01   5.61440E+01  4.88135E-01   5.29648E+01  4.96120E-01   5.00506E+01  5.05247E-01   4.74140E+01  5.15249E-01   4.50649E+01  5.25879E-01   4.30013E+01  5.36878E-01   4.12206E+01  5.48037E-01   3.97117E+01  5.59137E-01   3.84651E+01  5.70011E-01   3.74661E+01  5.80497E-01   3.67018E+01  5.90464E-01   3.61583E+01  5.99815E-01   3.58212E+01  6.08447E-01   3.56792E+01  6.16314E-01   3.57180E+01  6.23348E-01   3.59281E+01  6.29529E-01   3.62975E+01  6.34838E-01   3.68173E+01  6.39257E-01   3.74789E+01  6.42813E-01   3.82723E+01  6.45487E-01   3.91933E+01  6.47332E-01   4.02313E+01  6.48352E-01   4.13831E+01  6.48576E-01   4.26421E+01  6.48064E-01   4.40009E+01  6.46817E-01   4.54586E+01  6.44908E-01   4.70066E+01  6.42358E-01   4.86429E+01  6.39212E-01   5.03638E+01  6.35522E-01   5.21648E+01  6.31316E-01   5.40427E+01  6.26655E-01   5.59952E+01  6.21555E-01   5.80178E+01  6.16070E-01   6.01083E+01  6.10234E-01   6.22660E+01  6.04071E-01   6.44858E+01  5.97651E-01   6.67661E+01  5.90970E-01   6.91048E+01 
 4.83807E-06   1.09904E+02  6.62751E-06   8.55409E+00  1.94431E-06   2.19272E+02  5.37670E-06   1.56190E+02  3.78763E-06   3.47208E+02  3.45186E-06   8.52307E+01  3.58985E-06   8.78742E+01  6.58012E-06   6.53657E+01  1.24289E-05   1.11957E+02  1.30687E-05   1.12325E+02  2.42638E-05   1.06257E+02  3.00732E-05   1.10747E+02  4.11459E-05   1.01076E+02  6.17230E-05   1.02742E+02  8.15796E-05   9.83506E+01  1.24722E-04   9.70035E+01  1.73854E-04   9.66947E+01  2.51516E-04   9.44342E+01  3.62332E-04   9.51720E+01  5.16938E-04   9.35415E+01  7.44499E-04   9.32873E+01  1.06352E-03   9.22791E+01  1.52735E-03   9.14526E+01  2.18723E-03   9.05849E+01  3.13829E-03   8.96728E+01  4.49798E-03   8.88353E+01  6.45156E-03   8.79199E+01  9.24842E-03   8.70557E+01  1.32591E-02   8.61664E+01  1.90100E-02   8.52922E+01  2.72480E-02   8.44208E+01  3.90568E-02   8.35466E+01  5.59778E-02   8.26807E+01  8.02270E-02   8.18152E+01  1.14968E-01   8.09561E+01  1.64731E-01   8.00979E+01  2.36017E-01   7.92488E+01  3.38094E-01   7.84043E+01  4.84257E-01   7.75694E+01  4.80752E-01   7.35706E+01  4.79339E-01   6.96640E+01  4.79990E-01   6.58818E+01  4.82635E-01   6.22668E+01  4.87138E-01   5.88507E+01  4.93301E-01   5.56704E+01  5.00915E-01   5.27442E+01  5.09708E-01   5.00935E+01  5.19446E-01   4.77219E+01  5.29854E-01   4.56347E+01  5.40703E-01   4.38251E+01  5.51752E-01   4.22869E+01  5.62806E-01   4.10087E+01  5.73678E-01   3.99774E+01  5.84206E-01   3.91813E+01  5.94271E-01   3.86045E+01  6.03736E-01   3.82369E+01  6.12544E-01   3.80621E+01  6.20592E-01   3.80712E+01  6.27855E-01   3.82508E+01  6.34279E-01   3.85911E+01  6.39845E-01   3.90832E+01  6.44555E-01   3.97161E+01  6.48384E-01   4.04845E+01  6.51371E-01   4.13780E+01  6.53510E-01   4.23914E+01  6.54829E-01   4.35187E+01  6.55371E-01   4.47518E+01  6.55142E-01   4.60887E+01  6.54204E-01   4.75212E+01  6.52583E-01   4.90471E+01  6.50307E-01   5.06617E+01  6.47447E-01   5.23606E+01  6.44012E-01   5.41401E+01  6.40063E-01   5.59974E+01  6.35631E-01   5.79285E+01  6.30756E-01   5.99307E+01  6.25477E-01   6.20028E+01  6.19838E-01   6.41389E+01  6.13875E-01   6.63396E+01  6.07609E-01   6.86017E+01  6.01083E-01   7.09210E+01 
 4.95151E-06   2.84215E+02  9.54139E-07   8.34328E+01  5.26615E-06   6.25076E+01  6.69512E-06   1.17236E+02  6.61100E-06   1.71286E+02  3.30702E-06   8.55955E+01  4.92354E-06   7.05290E+01  8.38939E-07   1.08623E+02  1.38572E-05   7.79461E+01  1.39693E-05   9.92651E+01  2.13341E-05   1.07286E+02  3.57978E-05   9.90652E+01  3.95001E-05   1.07024E+02  6.32447E-05   1.01625E+02  8.60041E-05   1.02052E+02  1.19662E-04   1.01264E+02  1.78846E-04   9.95894E+01  2.48183E-04   9.91434E+01  3.67639E-04   9.76562E+01  5.21441E-04   9.68721E+01  7.54026E-04   9.57202E+01  1.08177E-03   9.48942E+01  1.54818E-03   9.40131E+01  2.22578E-03   9.31498E+01  3.18237E-03   9.22581E+01  4.57233E-03   9.14071E+01  6.54373E-03   9.05084E+01  9.39067E-03   8.96588E+01  1.34555E-02   8.87690E+01  1.92969E-02   8.79017E+01  2.76603E-02   8.70234E+01  3.96586E-02   8.61609E+01  5.68482E-02   8.52967E+01  8.14909E-02   8.44375E+01  1.16805E-01   8.35854E+01  1.67412E-01   8.27354E+01  2.39924E-01   8.18954E+01  3.43820E-01   8.10647E+01  4.92650E-01   8.02427E+01  4.88248E-01   7.62761E+01  4.86068E-01   7.23956E+01  4.86057E-01   6.86361E+01  4.88110E-01   6.50337E+01  4.92080E-01   6.16261E+01  4.97772E-01   5.84431E+01  5.04959E-01   5.55102E+01  5.13394E-01   5.28440E+01  5.22820E-01   5.04528E+01  5.32978E-01   4.83414E+01  5.43635E-01   4.65036E+01  5.54541E-01   4.49364E+01  5.65516E-01   4.36255E+01  5.76347E-01   4.25633E+01  5.86902E-01   4.17330E+01  5.97016E-01   4.11254E+01  6.06596E-01   4.07239E+01  6.15536E-01   4.05185E+01  6.23760E-01   4.04961E+01  6.31231E-01   4.06450E+01  6.37873E-01   4.09569E+01  6.43705E-01   4.14182E+01  6.48664E-01   4.20247E+01  6.52788E-01   4.27638E+01  6.56062E-01   4.36310E+01  6.58494E-01   4.46187E+01  6.60134E-01   4.57187E+01  6.60967E-01   4.69290E+01  6.61058E-01   4.82399E+01  6.60423E-01   4.96500E+01  6.59095E-01   5.11528E+01  6.57125E-01   5.27443E+01  6.54541E-01   5.44206E+01  6.51382E-01   5.61784E+01  6.47697E-01   5.80134E+01  6.43524E-01   5.99237E+01  6.38884E-01   6.19061E+01  6.33845E-01   6.39557E+01  6.28428E-01   6.60730E+01  6.22650E-01   6.82549E+01  6.16583E-01   7.04954E+01  6.10233E-01   7.27956E+01 
 4.38118E-06   1.49357E+02  6.70735E-06   3.23722E+02  4.79467E-06   2.78599E+02  5.95417E-06   7.77915E+01  3.10585E-06   6.68341E+01  6.96745E-06   1.58492E+02  9.53344E-06   1.01936E+02  1.66595E-06   1.22345E+02  9.23682E-06   1.26832E+02  1.51772E-05   9.00613E+01  1.82772E-05   1.18539E+02  3.50106E-05   1.11552E+02  4.42989E-05   1.02574E+02  6.32748E-05   1.09083E+02  9.31102E-05   1.00845E+02  1.23895E-04   1.02082E+02  1.83750E-04   1.02097E+02  2.55798E-04   9.98319E+01  3.68932E-04   1.00715E+02  5.30035E-04   9.91725E+01  7.57368E-04   9.85667E+01  1.09488E-03   9.76951E+01  1.56367E-03   9.66529E+01  2.25013E-03   9.58983E+01  3.22426E-03   9.49249E+01  4.62588E-03   9.40811E+01  6.63554E-03   9.31709E+01  9.51110E-03   9.23064E+01  1.36441E-02   9.14257E+01  1.95571E-02   9.05496E+01  2.80482E-02   8.96899E+01  4.02104E-02   8.88145E+01  5.76616E-02   8.79584E+01  8.26639E-02   8.70981E+01  1.18525E-01   8.62496E+01  1.69921E-01   8.54056E+01  2.43615E-01   8.45712E+01  3.49231E-01   8.37426E+01  5.00636E-01   8.29266E+01  4.95288E-01   7.90108E+01  4.92310E-01   7.51707E+01  4.91582E-01   7.14405E+01  4.93009E-01   6.78592E+01  4.96404E-01   6.44622E+01  5.01588E-01   6.12819E+01  5.08316E-01   5.83435E+01  5.16354E-01   5.56637E+01  5.25432E-01   5.32552E+01  5.35312E-01   5.11188E+01  5.45731E-01   4.92557E+01  5.56477E-01   4.76572E+01  5.67329E-01   4.63164E+01  5.78103E-01   4.52207E+01  5.88642E-01   4.43584E+01  5.98790E-01   4.37170E+01  6.08450E-01   4.32831E+01  6.17500E-01   4.30456E+01  6.25890E-01   4.29905E+01  6.33528E-01   4.31097E+01  6.40399E-01   4.33890E+01  6.46454E-01   4.38226E+01  6.51677E-01   4.43987E+01  6.56078E-01   4.51102E+01  6.59628E-01   4.59509E+01  6.62379E-01   4.69102E+01  6.64302E-01   4.79869E+01  6.65460E-01   4.91698E+01  6.65856E-01   5.04571E+01  6.65521E-01   5.18427E+01  6.64509E-01   5.33209E+01  6.62831E-01   5.48891E+01  6.60547E-01   5.65431E+01  6.57677E-01   5.82776E+01  6.54277E-01   6.00916E+01  6.50363E-01   6.19804E+01  6.45990E-01   6.39399E+01  6.41196E-01   6.59704E+01  6.35997E-01   6.80673E+01  6.30457E-01   7.02266E+01  6.24597E-01   7.24474E+01  6.18437E-01   7.47296E+01 
 3.97770E-06   1.54165E+02  8.64612E-06   1.23395E+02  4.59892E-06   3.33060E+02  9.99875E-07   1.38618E+02  5.19511E-06   1.11846E+02  2.37305E-06   2.06919E+01  8.12482E-06   1.25566E+02  7.46035E-06   7.44010E+01  7.69163E-06   8.45465E+01  1.56073E-05   1.06801E+02  1.81713E-05   8.97362E+01  3.13775E-05   1.17795E+02  4.45121E-05   1.09458E+02  6.10742E-05   1.09992E+02  9.17445E-05   1.11500E+02  1.26293E-04   1.03952E+02  1.82422E-04   1.06309E+02  2.62819E-04   1.03553E+02  3.73014E-04   1.02556E+02  5.40300E-04   1.02150E+02  7.70124E-04   1.00735E+02  1.10751E-03   1.00387E+02  1.58620E-03   9.92445E+01  2.27572E-03   9.85565E+01  3.26293E-03   9.76639E+01  4.67961E-03   9.67657E+01  6.71113E-03   9.59211E+01  9.62594E-03   9.50015E+01  1.38041E-02   9.41489E+01  1.97984E-02   9.32571E+01  2.83933E-02   9.23938E+01  4.07206E-02   9.15193E+01  5.83980E-02   9.06596E+01  8.37488E-02   8.97983E+01  1.20109E-01   8.89480E+01  1.72252E-01   8.81017E+01  2.47033E-01   8.72635E+01  3.54294E-01   8.64349E+01  5.08124E-01   8.56175E+01  5.01838E-01   8.17690E+01  4.98027E-01   7.79807E+01  4.96579E-01   7.42900E+01  4.97341E-01   7.07361E+01  5.00147E-01   6.73554E+01  5.04785E-01   6.41820E+01  5.11034E-01   6.12399E+01  5.18638E-01   5.85511E+01  5.27349E-01   5.61236E+01  5.36907E-01   5.39667E+01  5.47074E-01   5.20758E+01  5.57613E-01   5.04494E+01  5.68321E-01   4.90764E+01  5.79006E-01   4.79486E+01  5.89498E-01   4.70532E+01  5.99663E-01   4.63781E+01  6.09365E-01   4.59117E+01  6.18522E-01   4.56402E+01  6.27031E-01   4.55543E+01  6.34847E-01   4.56404E+01  6.41907E-01   4.58904E+01  6.48184E-01   4.62931E+01  6.53661E-01   4.68401E+01  6.58313E-01   4.75239E+01  6.62161E-01   4.83352E+01  6.65183E-01   4.92691E+01  6.67419E-01   5.03174E+01  6.68877E-01   5.14749E+01  6.69576E-01   5.27366E+01  6.69567E-01   5.40968E+01  6.68857E-01   5.55513E+01  6.67497E-01   5.70965E+01  6.65516E-01   5.87259E+01  6.62944E-01   6.04386E+01  6.59828E-01   6.22295E+01  6.56197E-01   6.40952E+01  6.52095E-01   6.60347E+01  6.47557E-01   6.80432E+01  6.42621E-01   7.01177E+01  6.37316E-01   7.22569E+01  6.31674E-01   7.44586E+01  6.25733E-01   7.67198E+01 
 6.14990E-06   2.58781E+02  1.74827E-06   1.88836E+02  1.65094E-06   1.13106E+02  3.97101E-06   5.26082E+00  3.87085E-06   1.12144E+02  5.61787E-06   1.50733E+02  7.55388E-06   1.16511E+02  8.38301E-06   1.48555E+02  9.02697E-06   1.09744E+02  1.45110E-05   1.12452E+02  1.80510E-05   1.06868E+02  3.12989E-05   1.03112E+02  4.64686E-05   1.11748E+02  6.36576E-05   1.06462E+02  9.48764E-05   1.09570E+02  1.27557E-04   1.09633E+02  1.87094E-04   1.07262E+02  2.63226E-04   1.07954E+02  3.76300E-04   1.05591E+02  5.42936E-04   1.05432E+02  7.73809E-04   1.03943E+02  1.11881E-03   1.02979E+02  1.59946E-03   1.02244E+02  2.30012E-03   1.01179E+02  3.29716E-03   1.00452E+02  4.72879E-03   9.94511E+01  6.78462E-03   9.86518E+01  9.72693E-03   9.77427E+01  1.39565E-02   9.68777E+01  2.00115E-02   9.60011E+01  2.87104E-02   9.51250E+01  4.11730E-02   9.42566E+01  5.90691E-02   9.33873E+01  8.47260E-02   9.25264E+01  1.21546E-01   9.16650E+01  1.74362E-01   9.08166E+01  2.50158E-01   8.99714E+01  3.58906E-01   8.91376E+01  5.14988E-01   8.83101E+01  5.07795E-01   8.45446E+01  5.03193E-01   8.08201E+01  5.01015E-01   7.71793E+01  5.01121E-01   7.36593E+01  5.03314E-01   7.03021E+01  5.07404E-01   6.71377E+01  5.13141E-01   6.41982E+01  5.20299E-01   6.14994E+01  5.28607E-01   5.90588E+01  5.37826E-01   5.68793E+01  5.47707E-01   5.49641E+01  5.58015E-01   5.33085E+01  5.68556E-01   5.19047E+01  5.79113E-01   5.07452E+01  5.89551E-01   4.98155E+01  5.99687E-01   4.91084E+01  6.09432E-01   4.86070E+01  6.18650E-01   4.83041E+01  6.27279E-01   4.81841E+01  6.35239E-01   4.82392E+01  6.42477E-01   4.84572E+01  6.48969E-01   4.88292E+01  6.54663E-01   4.93468E+01  6.59583E-01   5.00001E+01  6.63682E-01   5.07842E+01  6.67002E-01   5.16889E+01  6.69530E-01   5.27108E+01  6.71288E-01   5.38422E+01  6.72311E-01   5.50780E+01  6.72605E-01   5.64134E+01  6.72214E-01   5.78434E+01  6.71163E-01   5.93630E+01  6.69489E-01   6.09693E+01  6.67218E-01   6.26583E+01  6.64405E-01   6.44259E+01  6.61063E-01   6.62704E+01  6.57247E-01   6.81869E+01  6.52990E-01   7.01729E+01  6.48307E-01   7.22269E+01  6.43248E-01   7.43452E+01  6.37854E-01   7.65247E+01  6.32137E-01   7.87663E+01 
 2.46506E-06   8.15186E+01  4.51256E-06   1.43254E+02  4.57983E-06   2.21037E+02  1.40221E-06   2.57662E+02  6.03181E-06   4.92473E+01  2.77780E-06   2.46204E+01  7.17999E-06   1.15599E+02  1.05660E-05   1.01969E+02  6.31118E-06   1.28160E+02  1.73340E-05   1.16998E+02  1.85613E-05   1.09557E+02  2.51177E-05   1.21174E+02  4.72230E-05   1.13499E+02  5.70601E-05   1.14213E+02  9.39776E-05   1.12235E+02  1.33336E-04   1.09829E+02  1.84679E-04   1.10539E+02  2.75446E-04   1.08987E+02  3.78701E-04   1.08735E+02  5.52452E-04   1.07573E+02  7.83148E-04   1.07004E+02  1.12635E-03   1.05955E+02  1.61570E-03   1.05088E+02  2.31464E-03   1.04159E+02  3.32796E-03   1.03245E+02  4.76653E-03   1.02359E+02  6.84794E-03   1.01445E+02  9.81370E-03   1.00571E+02  1.40887E-02   9.96655E+01  2.02029E-02   9.88027E+01  2.89884E-02   9.79038E+01  4.15815E-02   9.70330E+01  5.96597E-02   9.61543E+01  8.55940E-02   9.52825E+01  1.22821E-01   9.44177E+01  1.76239E-01   9.35541E+01  2.52922E-01   9.26978E+01  3.62999E-01   9.18468E+01  5.21055E-01   9.10050E+01  5.13082E-01   8.73361E+01  5.07740E-01   8.36882E+01  5.04879E-01   8.01046E+01  5.04339E-01   7.66273E+01  5.05930E-01   7.32974E+01  5.09460E-01   7.01490E+01  5.14680E-01   6.72128E+01  5.21374E-01   6.45094E+01  5.29260E-01   6.20554E+01  5.38125E-01   5.98563E+01  5.47685E-01   5.79178E+01  5.57758E-01   5.62329E+01  5.68084E-01   5.48006E+01  5.78518E-01   5.36065E+01  5.88848E-01   5.26462E+01  5.98957E-01   5.19032E+01  6.08699E-01   5.13698E+01  6.17969E-01   5.10322E+01  6.26694E-01   5.08795E+01  6.34768E-01   5.09024E+01  6.42183E-01   5.10875E+01  6.48848E-01   5.14298E+01  6.54777E-01   5.19154E+01  6.59923E-01   5.25407E+01  6.64293E-01   5.32950E+01  6.67888E-01   5.41723E+01  6.70698E-01   5.51671E+01  6.72767E-01   5.62708E+01  6.74084E-01   5.74807E+01  6.74692E-01   5.87899E+01  6.74614E-01   6.01937E+01  6.73878E-01   6.16893E+01  6.72514E-01   6.32714E+01  6.70564E-01   6.49364E+01  6.68052E-01   6.66816E+01  6.65008E-01   6.85023E+01  6.61492E-01   7.03957E+01  6.57503E-01   7.23604E+01  6.53092E-01   7.43922E+01  6.48313E-01   7.64873E+01  6.43162E-01   7.86479E+01  6.37697E-01   8.08683E+01 
 5.70581E-06   3.00192E+02  3.50046E-06   9.59102E+01  5.38584E-06   1.17839E+02  5.30667E-06   2.25829E+02  6.09754E-06   1.54623E+02  2.38720E-06   5.09767E+01  1.38214E-06   1.96516E+02  1.36392E-05   1.27304E+02  1.01468E-05   1.01199E+02  1.41368E-05   1.23185E+02  2.64115E-05   1.09513E+02  2.54973E-05   1.06468E+02  4.56050E-05   1.19078E+02  6.32531E-05   1.11939E+02  8.72730E-05   1.18033E+02  1.34925E-04   1.15338E+02  1.83376E-04   1.12707E+02  2.72838E-04   1.13400E+02  3.86041E-04   1.10756E+02  5.54648E-04   1.10944E+02  7.95842E-04   1.09447E+02  1.13379E-03   1.08744E+02  1.63285E-03   1.07924E+02  2.33389E-03   1.06933E+02  3.35380E-03   1.06111E+02  4.80449E-03   1.05174E+02  6.89853E-03   1.04301E+02  9.89316E-03   1.03400E+02  1.41960E-02   1.02517E+02  2.03667E-02   1.01617E+02  2.92221E-02   1.00736E+02  4.19307E-02   9.98412E+01  6.01653E-02   9.89597E+01  8.63373E-02   9.80753E+01  1.23905E-01   9.71950E+01  1.77844E-01   9.63164E+01  2.55280E-01   9.54438E+01  3.66490E-01   9.45747E+01  5.26224E-01   9.37109E+01  5.17598E-01   9.01478E+01  5.11617E-01   8.65853E+01  5.08134E-01   8.30660E+01  5.06983E-01   7.96380E+01  5.08002E-01   7.63398E+01  5.10968E-01   7.32122E+01  5.15685E-01   7.02824E+01  5.21892E-01   6.75778E+01  5.29363E-01   6.51113E+01  5.37835E-01   6.28962E+01  5.47085E-01   6.09326E+01  5.56867E-01   5.92226E+01  5.66990E-01   5.77584E+01  5.77246E-01   5.65344E+01  5.87469E-01   5.55394E+01  5.97515E-01   5.47635E+01  6.07234E-01   5.41963E+01  6.16546E-01   5.38241E+01  6.25323E-01   5.36394E+01  6.33528E-01   5.36278E+01  6.41069E-01   5.37825E+01  6.47922E-01   5.40920E+01  6.54049E-01   5.45478E+01  6.59421E-01   5.51430E+01  6.64042E-01   5.58672E+01  6.67893E-01   5.67166E+01  6.70990E-01   5.76822E+01  6.73346E-01   5.87586E+01  6.74966E-01   5.99420E+01  6.75886E-01   6.12242E+01  6.76125E-01   6.26036E+01  6.75702E-01   6.40742E+01  6.74659E-01   6.56311E+01  6.73016E-01   6.72727E+01  6.70806E-01   6.89931E+01  6.68078E-01   7.07901E+01  6.64848E-01   7.26618E+01  6.61153E-01   7.46032E+01  6.57041E-01   7.66111E+01  6.52523E-01   7.86872E+01  6.47641E-01   8.08257E+01  6.42423E-01   8.30231E+01 
 5.72266E-06   2.30919E+02  5.12823E-06   3.02228E+02  4.57668E-06   9.42679E+01  1.39995E-06   6.96423E+01  2.05477E-06   1.54156E+02  7.21107E-06   1.07727E+02  3.72135E-06   1.08677E+01  7.92785E-06   1.53402E+02  1.38430E-05   1.27359E+02  9.94303E-06   1.31968E+02  2.60877E-05   1.32199E+02  2.84618E-05   1.13816E+02  4.16893E-05   1.16080E+02  6.61281E-05   1.16932E+02  8.72691E-05   1.13805E+02  1.35628E-04   1.18288E+02  1.86581E-04   1.15613E+02  2.70985E-04   1.15596E+02  3.89864E-04   1.15085E+02  5.53222E-04   1.13241E+02  8.01616E-04   1.13213E+02  1.14204E-03   1.11585E+02  1.64377E-03   1.10979E+02  2.35198E-03   1.09922E+02  3.37776E-03   1.09020E+02  4.84099E-03   1.08136E+02  6.94634E-03   1.07195E+02  9.96277E-03   1.06317E+02  1.42939E-02   1.05390E+02  2.05078E-02   1.04510E+02  2.94241E-02   1.03595E+02  4.22229E-02   1.02706E+02  6.05891E-02   1.01805E+02  8.69588E-02   1.00907E+02  1.24808E-01   1.00010E+02  1.79157E-01   9.91155E+01  2.57197E-01   9.82211E+01  3.69303E-01   9.73295E+01  5.30353E-01   9.64387E+01  5.21266E-01   9.29884E+01  5.14771E-01   8.95142E+01  5.10749E-01   8.60666E+01  5.09052E-01   8.26898E+01  5.09519E-01   7.94304E+01  5.11963E-01   7.63241E+01  5.16165E-01   7.34065E+01  5.21905E-01   7.07004E+01  5.28936E-01   6.82265E+01  5.37023E-01   6.59938E+01  5.45927E-01   6.40098E+01  5.55425E-01   6.22725E+01  5.65308E-01   6.07798E+01  5.75378E-01   5.95239E+01  5.85473E-01   5.84960E+01  5.95425E-01   5.76868E+01  6.05121E-01   5.70848E+01  6.14427E-01   5.66798E+01  6.23271E-01   5.64604E+01  6.31554E-01   5.64165E+01  6.39224E-01   5.65383E+01  6.46236E-01   5.68157E+01  6.52542E-01   5.72404E+01  6.58133E-01   5.78046E+01  6.62981E-01   5.84993E+01  6.67092E-01   5.93195E+01  6.70462E-01   6.02564E+01  6.73102E-01   6.13061E+01  6.75023E-01   6.24619E+01  6.76249E-01   6.37177E+01  6.76789E-01   6.50716E+01  6.76682E-01   6.65150E+01  6.75946E-01   6.80479E+01  6.74615E-01   6.96642E+01  6.72731E-01   7.13602E+01  6.70304E-01   7.31350E+01  6.67382E-01   7.49819E+01  6.63990E-01   7.68992E+01  6.60157E-01   7.88874E+01  6.55926E-01   8.09401E+01  6.51313E-01   8.30553E+01  6.46366E-01   8.52316E+01 
 4.37806E-06   7.93389E+01  6.48170E-06   2.19837E+02  9.71681E-07   2.12197E+02  2.05828E-06   1.68273E+02  5.02539E-06   1.88757E+02  6.57157E-06   1.33875E+02  5.30303E-06   1.00014E+02  5.76974E-06   7.22850E+01  1.32104E-05   1.21438E+02  1.44973E-05   1.12285E+02  2.16353E-05   1.27557E+02  3.57339E-05   1.31148E+02  3.95092E-05   1.21713E+02  6.50453E-05   1.24159E+02  8.86560E-05   1.19978E+02  1.29220E-04   1.18433E+02  1.91067E-04   1.19428E+02  2.69056E-04   1.16938E+02  3.94084E-04   1.17637E+02  5.57741E-04   1.16309E+02  8.04323E-04   1.15395E+02  1.14878E-03   1.14869E+02  1.65011E-03   1.13593E+02  2.36479E-03   1.13026E+02  3.39222E-03   1.11893E+02  4.86725E-03   1.11121E+02  6.98221E-03   1.10142E+02  1.00181E-02   1.09261E+02  1.43704E-02   1.08352E+02  2.06217E-02   1.07428E+02  2.95848E-02   1.06532E+02  4.24582E-02   1.05607E+02  6.09258E-02   1.04704E+02  8.74438E-02   1.03784E+02  1.25505E-01   1.02874E+02  1.80165E-01   1.01955E+02  2.58659E-01   1.01044E+02  3.71409E-01   1.00125E+02  5.33397E-01   9.92106E+01  5.24041E-01   9.58677E+01  5.17173E-01   9.24858E+01  5.12712E-01   8.91082E+01  5.10536E-01   8.57883E+01  5.10509E-01   8.25670E+01  5.12447E-01   7.94878E+01  5.16163E-01   7.65819E+01  5.21434E-01   7.38791E+01  5.28031E-01   7.13974E+01  5.35724E-01   6.91505E+01  5.44275E-01   6.71456E+01  5.53475E-01   6.53828E+01  5.63097E-01   6.38617E+01  5.72974E-01   6.25740E+01  5.82905E-01   6.15144E+01  5.92764E-01   6.06705E+01  6.02395E-01   6.00351E+01  6.11696E-01   5.95955E+01  6.20564E-01   5.93425E+01  6.28917E-01   5.92649E+01  6.36698E-01   5.93540E+01  6.43843E-01   5.95990E+01  6.50328E-01   5.99925E+01  6.56112E-01   6.05255E+01  6.61188E-01   6.11905E+01  6.65543E-01   6.19811E+01  6.69173E-01   6.28891E+01  6.72090E-01   6.39108E+01  6.74297E-01   6.50379E+01  6.75814E-01   6.62678E+01  6.76662E-01   6.75937E+01  6.76864E-01   6.90121E+01  6.76443E-01   7.05198E+01  6.75439E-01   7.21108E+01  6.73857E-01   7.37834E+01  6.71745E-01   7.55326E+01  6.69128E-01   7.73551E+01  6.66026E-01   7.92519E+01  6.62504E-01   8.12156E+01  6.58555E-01   8.32450E+01  6.54229E-01   8.53387E+01  6.49553E-01   8.74929E+01 
 2.03105E-06   1.15125E+02  5.33634E-06   3.54485E+02  2.92001E-06   1.89223E+02  3.13518E-06   6.64472E+01  1.37011E-06   3.07871E+02  9.81526E-06   1.63375E+02  7.17979E-06   1.56310E+02  3.06343E-06   1.59387E+02  1.10830E-05   1.22200E+02  1.26061E-05   1.29295E+02  2.19456E-05   1.12909E+02  3.50068E-05   1.23936E+02  4.55933E-05   1.26443E+02  6.65569E-05   1.22892E+02  9.12724E-05   1.26335E+02  1.28502E-04   1.22053E+02  1.88721E-04   1.22673E+02  2.68588E-04   1.21718E+02  3.91557E-04   1.20093E+02  5.60789E-04   1.20060E+02  8.08354E-04   1.18387E+02  1.15786E-03   1.17943E+02  1.65847E-03   1.16817E+02  2.37835E-03   1.15925E+02  3.40882E-03   1.15046E+02  4.88977E-03   1.14022E+02  7.01299E-03   1.13225E+02  1.00610E-02   1.12203E+02  1.44320E-02   1.11361E+02  2.07070E-02   1.10393E+02  2.97105E-02   1.09507E+02  4.26329E-02   1.08564E+02  6.11788E-02   1.07653E+02  8.77994E-02   1.06718E+02  1.26013E-01   1.05794E+02  1.80881E-01   1.04858E+02  2.59665E-01   1.03924E+02  3.72819E-01   1.02982E+02  5.35357E-01   1.02038E+02  5.25917E-01   9.88009E+01  5.18819E-01   9.55052E+01  5.14027E-01   9.21984E+01  5.11448E-01   8.89338E+01  5.10977E-01   8.57524E+01  5.12450E-01   8.27008E+01  5.15705E-01   7.98088E+01  5.20514E-01   7.71107E+01  5.26691E-01   7.46222E+01  5.33975E-01   7.23634E+01  5.42179E-01   7.03373E+01  5.51053E-01   6.85517E+01  5.60418E-01   6.70011E+01  5.70065E-01   6.56839E+01  5.79834E-01   6.45908E+01  5.89566E-01   6.37143E+01  5.99121E-01   6.30445E+01  6.08395E-01   6.25708E+01  6.17272E-01   6.22838E+01  6.25684E-01   6.21726E+01  6.33550E-01   6.22285E+01  6.40826E-01   6.24409E+01  6.47461E-01   6.28026E+01  6.53432E-01   6.33042E+01  6.58717E-01   6.39386E+01  6.63297E-01   6.46991E+01  6.67177E-01   6.55779E+01  6.70356E-01   6.65706E+01  6.72839E-01   6.76704E+01  6.74655E-01   6.88724E+01  6.75802E-01   7.01726E+01  6.76311E-01   7.15647E+01  6.76207E-01   7.30462E+01  6.75499E-01   7.46121E+01  6.74232E-01   7.62588E+01  6.72431E-01   7.79829E+01  6.70114E-01   7.97840E+01  6.67339E-01   8.16556E+01  6.64108E-01   8.35956E+01  6.60451E-01   8.56031E+01  6.56411E-01   8.76733E+01  6.52009E-01   8.98048E+01 
 6.25056E-06   1.44400E+02  2.50145E-06   1.75271E+02  5.95138E-06   3.01867E+02  5.34234E-06   1.64153E+02  2.64524E-06   4.28625E+01  1.89813E-06   2.72539E+01  1.55134E-05   1.36379E+02  5.30185E-06   1.33294E+02  9.12150E-06   1.44480E+02  1.65535E-05   1.37224E+02  1.32582E-05   1.44012E+02  3.38420E-05   1.27063E+02  4.40951E-05   1.29659E+02  6.67838E-05   1.26624E+02  9.85048E-05   1.25907E+02  1.30136E-04   1.26296E+02  1.92769E-04   1.23794E+02  2.69078E-04   1.24546E+02  3.88913E-04   1.22912E+02  5.58473E-04   1.22586E+02  8.05364E-04   1.21725E+02  1.15550E-03   1.20680E+02  1.66331E-03   1.20072E+02  2.38504E-03   1.18904E+02  3.42263E-03   1.18194E+02  4.90805E-03   1.17127E+02  7.03982E-03   1.16282E+02  1.00970E-02   1.15313E+02  1.44814E-02   1.14398E+02  2.07761E-02   1.13468E+02  2.98014E-02   1.12529E+02  4.27614E-02   1.11606E+02  6.13515E-02   1.10659E+02  8.80373E-02   1.09727E+02  1.26333E-01   1.08775E+02  1.81311E-01   1.07832E+02  2.60233E-01   1.06875E+02  3.73556E-01   1.05917E+02  5.36291E-01   1.04948E+02  5.26934E-01   1.01803E+02  5.19743E-01   9.85835E+01  5.14710E-01   9.53451E+01  5.11811E-01   9.21302E+01  5.10944E-01   8.89913E+01  5.12001E-01   8.59640E+01  5.14803E-01   8.30897E+01  5.19190E-01   8.03940E+01  5.24927E-01   7.79028E+01  5.31830E-01   7.56303E+01  5.39660E-01   7.35865E+01  5.48220E-01   7.17766E+01  5.57302E-01   7.01988E+01  5.66719E-01   6.88513E+01  5.76305E-01   6.77259E+01  5.85892E-01   6.68163E+01  5.95366E-01   6.61121E+01  6.04583E-01   6.56043E+01  6.13463E-01   6.52831E+01  6.21904E-01   6.51378E+01  6.29846E-01   6.51604E+01  6.37225E-01   6.53396E+01  6.44000E-01   6.56694E+01  6.50135E-01   6.61386E+01  6.55611E-01   6.67428E+01  6.60409E-01   6.74726E+01  6.64530E-01   6.83220E+01  6.67963E-01   6.92866E+01  6.70724E-01   7.03571E+01  6.72820E-01   7.15328E+01  6.74253E-01   7.28046E+01  6.75069E-01   7.41698E+01  6.75252E-01   7.56255E+01  6.74859E-01   7.71646E+01  6.73909E-01   7.87866E+01  6.72411E-01   8.04880E+01  6.70422E-01   8.22633E+01  6.67943E-01   8.41107E+01  6.65005E-01   8.60279E+01  6.61643E-01   8.80114E+01  6.57899E-01   9.00581E+01  6.53787E-01   9.21686E+01 
 3.62126E-06   9.12685E+01  8.24611E-06   1.04462E+02  7.86227E-07   2.69827E+02  3.61102E-06   2.81407E+02  7.77895E-06   1.76610E+02  5.21125E-06   2.93399E+02  4.60694E-06   1.57388E+02  1.71524E-05   1.38000E+02  7.80995E-06   1.04359E+02  2.03665E-05   1.32178E+02  2.12519E-05   1.27636E+02  2.25298E-05   1.33029E+02  4.78163E-05   1.34403E+02  5.88208E-05   1.33516E+02  9.60559E-05   1.31348E+02  1.37551E-04   1.30526E+02  1.93438E-04   1.28465E+02  2.79885E-04   1.27704E+02  3.93528E-04   1.26521E+02  5.64871E-04   1.25405E+02  8.07309E-04   1.24876E+02  1.15698E-03   1.23683E+02  1.66266E-03   1.23075E+02  2.38633E-03   1.22031E+02  3.42459E-03   1.21199E+02  4.91536E-03   1.20285E+02  7.05068E-03   1.19343E+02  1.01182E-02   1.18452E+02  1.45112E-02   1.17494E+02  2.08195E-02   1.16587E+02  2.98615E-02   1.15630E+02  4.28404E-02   1.14702E+02  6.14546E-02   1.13750E+02  8.81709E-02   1.12806E+02  1.26498E-01   1.11848E+02  1.81503E-01   1.10888E+02  2.60434E-01   1.09918E+02  3.73726E-01   1.08943E+02  5.36332E-01   1.07959E+02  5.27198E-01   1.04886E+02  5.20008E-01   1.01734E+02  5.14828E-01   9.85522E+01  5.11663E-01   9.53859E+01  5.10460E-01   9.22827E+01  5.11126E-01   8.92814E+01  5.13518E-01   8.64221E+01  5.17479E-01   8.37309E+01  5.22807E-01   8.12365E+01  5.29315E-01   7.89511E+01  5.36780E-01   7.68908E+01  5.45016E-01   7.50563E+01  5.53805E-01   7.34527E+01  5.62985E-01   7.20743E+01  5.72363E-01   7.09174E+01  5.81808E-01   6.99744E+01  5.91162E-01   6.92358E+01  6.00320E-01   6.86944E+01  6.09173E-01   6.83377E+01  6.17629E-01   6.81593E+01  6.25628E-01   6.81471E+01  6.33095E-01   6.82941E+01  6.39993E-01   6.85907E+01  6.46285E-01   6.90285E+01  6.51939E-01   6.96016E+01  6.56947E-01   7.03003E+01  6.61289E-01   7.11213E+01  6.64967E-01   7.20550E+01  6.67988E-01   7.30979E+01  6.70342E-01   7.42450E+01  6.72070E-01   7.54881E+01  6.73165E-01   7.68282E+01  6.73655E-01   7.82564E+01  6.73579E-01   7.97698E+01  6.72922E-01   8.13687E+01  6.71745E-01   8.30428E+01  6.70051E-01   8.47933E+01  6.67868E-01   8.66173E+01  6.65236E-01   8.85097E+01  6.62185E-01   9.04691E+01  6.58739E-01   9.24941E+01  6.54900E-01   9.45812E+01 
 1.09464E-05   2.72560E+02  5.17666E-06   1.23324E+02  7.30225E-06   1.01783E+02  2.57608E-06   4.60716E+01  4.63678E-06   8.62902E+01  5.60677E-06   1.70577E+02  4.52275E-06   2.75022E+02  9.72908E-06   1.70529E+02  1.61771E-05   1.55579E+02  1.34581E-05   1.30020E+02  2.90743E-05   1.39105E+02  3.08124E-05   1.26521E+02  3.97419E-05   1.30814E+02  6.46243E-05   1.34226E+02  8.46174E-05   1.31643E+02  1.31645E-04   1.33802E+02  1.92502E-04   1.32030E+02  2.71998E-04   1.30846E+02  4.02196E-04   1.30534E+02  5.64299E-04   1.28693E+02  8.17963E-04   1.28314E+02  1.16270E-03   1.27071E+02  1.66969E-03   1.26276E+02  2.39407E-03   1.25303E+02  3.42856E-03   1.24367E+02  4.92583E-03   1.23490E+02  7.05767E-03   1.22524E+02  1.01310E-02   1.21624E+02  1.45263E-02   1.20677E+02  2.08409E-02   1.19752E+02  2.98907E-02   1.18806E+02  4.28744E-02   1.17866E+02  6.14979E-02   1.16914E+02  8.82092E-02   1.15961E+02  1.26528E-01   1.15000E+02  1.81489E-01   1.14034E+02  2.60340E-01   1.13058E+02  3.73445E-01   1.12075E+02  5.35716E-01   1.11082E+02  5.26848E-01   1.08062E+02  5.19726E-01   1.04962E+02  5.14449E-01   1.01827E+02  5.11071E-01   9.87027E+01  5.09567E-01   9.56300E+01  5.09876E-01   9.26537E+01  5.11877E-01   8.98059E+01  5.15432E-01   8.71213E+01  5.20358E-01   8.46209E+01  5.26474E-01   8.23263E+01  5.33577E-01   8.02468E+01  5.41475E-01   7.83908E+01  5.49972E-01   7.67600E+01  5.58893E-01   7.53520E+01  5.68062E-01   7.41642E+01  5.77336E-01   7.31869E+01  5.86567E-01   7.24157E+01  5.95646E-01   7.18384E+01  6.04457E-01   7.14485E+01  6.12921E-01   7.12349E+01  6.20955E-01   7.11893E+01  6.28498E-01   7.13030E+01  6.35509E-01   7.15662E+01  6.41930E-01   7.19729E+01  6.47757E-01   7.25133E+01  6.52944E-01   7.31822E+01  6.57497E-01   7.39721E+01  6.61408E-01   7.48760E+01  6.64663E-01   7.58910E+01  6.67296E-01   7.70080E+01  6.69290E-01   7.82252E+01  6.70674E-01   7.95378E+01  6.71468E-01   8.09379E+01  6.71671E-01   8.24277E+01  6.71325E-01   8.39986E+01  6.70442E-01   8.56466E+01  6.69051E-01   8.73744E+01  6.67181E-01   8.91722E+01  6.64859E-01   9.10404E+01  6.62109E-01   9.29777E+01  6.58939E-01   9.49785E+01  6.55396E-01   9.70423E+01 
 2.43989E-06   1.22309E+02  1.13684E-05   2.71170E+02  6.68542E-06   1.65660E+02  2.19844E-06   1.40198E+02  2.15302E-06   1.08443E+02  8.17143E-06   9.63556E+01  5.56079E-06   1.30873E+02  1.29031E-06   1.29998E+02  1.11122E-05   1.65967E+02  1.78440E-05   1.60618E+02  1.96055E-05   1.44428E+02  4.08621E-05   1.45865E+02  4.65894E-05   1.33399E+02  6.53917E-05   1.38911E+02  9.86029E-05   1.35371E+02  1.24178E-04   1.34519E+02  1.94025E-04   1.35720E+02  2.68496E-04   1.33240E+02  3.92294E-04   1.33622E+02  5.68067E-04   1.32047E+02  8.06719E-04   1.31350E+02  1.17421E-03   1.30447E+02  1.66522E-03   1.29399E+02  2.40463E-03   1.28650E+02  3.43475E-03   1.27592E+02  4.93332E-03   1.26760E+02  7.07032E-03   1.25783E+02  1.01374E-02   1.24883E+02  1.45427E-02   1.23932E+02  2.08495E-02   1.23003E+02  2.99076E-02   1.22057E+02  4.28822E-02   1.21116E+02  6.15025E-02   1.20164E+02  8.81907E-02   1.19208E+02  1.26471E-01   1.18246E+02  1.81351E-01   1.17278E+02  2.60052E-01   1.16303E+02  3.72879E-01   1.15318E+02  5.34661E-01   1.14325E+02  5.26072E-01   1.11337E+02  5.19030E-01   1.08274E+02  5.13680E-01   1.05175E+02  5.10112E-01   1.02083E+02  5.08330E-01   9.90379E+01  5.08301E-01   9.60805E+01  5.09929E-01   9.32451E+01  5.13088E-01   9.05633E+01  5.17618E-01   8.80593E+01  5.23348E-01   8.57529E+01  5.30084E-01   8.36560E+01  5.37646E-01   8.17784E+01  5.45840E-01   8.01201E+01  5.54497E-01   7.86843E+01  5.63446E-01   7.74630E+01  5.72538E-01   7.64543E+01  5.81633E-01   7.56476E+01  5.90616E-01   7.50368E+01  5.99374E-01   7.46121E+01  6.07823E-01   7.43637E+01  6.15875E-01   7.42848E+01  6.23483E-01   7.43637E+01  6.30572E-01   7.45951E+01  6.37122E-01   7.49684E+01  6.43091E-01   7.54775E+01  6.48452E-01   7.61153E+01  6.53213E-01   7.68738E+01  6.57327E-01   7.77495E+01  6.60840E-01   7.87339E+01  6.63713E-01   7.98228E+01  6.65973E-01   8.10129E+01  6.67640E-01   8.22959E+01  6.68697E-01   8.36712E+01  6.69202E-01   8.51339E+01  6.69143E-01   8.66769E+01  6.68568E-01   8.83024E+01  6.67483E-01   9.00034E+01  6.65914E-01   9.17758E+01  6.63893E-01   9.36213E+01  6.61424E-01   9.55334E+01  6.58555E-01   9.75104E+01  6.55306E-01   9.95508E+01 
