/rn,a,b/nx0/ls1
/r,qa,qb
81 -0.4 0.4 0 OUTPUT_AMP_PHASE_3D Wavelength=0.8
81 -0.4 0.4
 4.16827E-03   3.08130E+02  4.23260E-03   3.06110E+02  4.29780E-03   3.04109E+02  4.36167E-03   3.02212E+02  4.42294E-03   3.00436E+02  4.47513E-03   2.98781E+02  4.51244E-03   2.97166E+02  4.54158E-03   2.95576E+02  4.56261E-03   2.94098E+02  4.57327E-03   2.92646E+02  4.57626E-03   2.91283E+02  4.56800E-03   2.89977E+02  4.54827E-03   2.88663E+02  4.51825E-03   2.87425E+02  4.47648E-03   2.86183E+02  4.42324E-03   2.84968E+02  4.35898E-03   2.83798E+02  4.28322E-03   2.82643E+02  4.19595E-03   2.81533E+02  4.09878E-03   2.80449E+02  3.98944E-03   2.79411E+02  3.87074E-03   2.78398E+02  3.74162E-03   2.77428E+02  3.60288E-03   2.76482E+02  3.45450E-03   2.75560E+02  3.29549E-03   2.74670E+02  3.12821E-03   2.73817E+02  2.95020E-03   2.73013E+02  2.76482E-03   2.72266E+02  2.56933E-03   2.71562E+02  2.36589E-03   2.70888E+02  2.15406E-03   2.70294E+02  1.93469E-03   2.69740E+02  1.70943E-03   2.69251E+02  1.47750E-03   2.68831E+02  1.24011E-03   2.68452E+02  9.97823E-04   2.68118E+02  7.51810E-04   2.67914E+02  5.03064E-04   2.67688E+02  2.52762E-04   2.67447E+02  1.98787E-06   2.24263E+02  2.49697E-04   8.80583E+01  5.00745E-04   8.80338E+01  7.49535E-04   8.81658E+01  9.95044E-04   8.83190E+01  1.23646E-03   8.86223E+01  1.47429E-03   8.89725E+01  1.70683E-03   8.93716E+01  1.93247E-03   8.98427E+01  2.15245E-03   9.03815E+01  2.36450E-03   9.09602E+01  2.56892E-03   9.15849E+01  2.76579E-03   9.22656E+01  2.95298E-03   9.30037E+01  3.13209E-03   9.37783E+01  3.30039E-03   9.45947E+01  3.45907E-03   9.54573E+01  3.60753E-03   9.63702E+01  3.74556E-03   9.73242E+01  3.87284E-03   9.83303E+01  3.99006E-03   9.93809E+01  4.09716E-03   1.00460E+02  4.19341E-03   1.01581E+02  4.27971E-03   1.02708E+02  4.35526E-03   1.03844E+02  4.42140E-03   1.04988E+02  4.47541E-03   1.06150E+02  4.51943E-03   1.07349E+02  4.55153E-03   1.08612E+02  4.57143E-03   1.09943E+02  4.58108E-03   1.11322E+02  4.57613E-03   1.12752E+02  4.56239E-03   1.14194E+02  4.53987E-03   1.15585E+02  4.50505E-03   1.17061E+02  4.46880E-03   1.18711E+02  4.42336E-03   1.20407E+02  4.36311E-03   1.22245E+02  4.30356E-03   1.24210E+02  4.23797E-03   1.26121E+02  4.15950E-03   1.28109E+02 
 4.22807E-03   3.06157E+02  4.30007E-03   3.04105E+02  4.37443E-03   3.02129E+02  4.44422E-03   3.00316E+02  4.50002E-03   2.98618E+02  4.54436E-03   2.96938E+02  4.58301E-03   2.95279E+02  4.61428E-03   2.93755E+02  4.63687E-03   2.92273E+02  4.64921E-03   2.90858E+02  4.65153E-03   2.89535E+02  4.64259E-03   2.88161E+02  4.62190E-03   2.86856E+02  4.59066E-03   2.85568E+02  4.54641E-03   2.84268E+02  4.49178E-03   2.83046E+02  4.42589E-03   2.81818E+02  4.34858E-03   2.80639E+02  4.26219E-03   2.79490E+02  4.16441E-03   2.78373E+02  4.05699E-03   2.77290E+02  3.93905E-03   2.76208E+02  3.81044E-03   2.75161E+02  3.67297E-03   2.74145E+02  3.52368E-03   2.73168E+02  3.36489E-03   2.72230E+02  3.19588E-03   2.71339E+02  3.01631E-03   2.70494E+02  2.82735E-03   2.69713E+02  2.62898E-03   2.68975E+02  2.42173E-03   2.68310E+02  2.20504E-03   2.67693E+02  1.98221E-03   2.67144E+02  1.75134E-03   2.66675E+02  1.51360E-03   2.66251E+02  1.27067E-03   2.65885E+02  1.02282E-03   2.65605E+02  7.70867E-04   2.65385E+02  5.15774E-04   2.65218E+02  2.58660E-04   2.65189E+02  6.33367E-07   3.20211E+02  2.57600E-04   8.49218E+01  5.14987E-04   8.50756E+01  7.69971E-04   8.52568E+01  1.02126E-03   8.55294E+01  1.26911E-03   8.58293E+01  1.51162E-03   8.62045E+01  1.74869E-03   8.66641E+01  1.97895E-03   8.71647E+01  2.20123E-03   8.77390E+01  2.41624E-03   8.83751E+01  2.62320E-03   8.90595E+01  2.82164E-03   8.98088E+01  3.01054E-03   9.05973E+01  3.19091E-03   9.14493E+01  3.36147E-03   9.23241E+01  3.52191E-03   9.32345E+01  3.67244E-03   9.41912E+01  3.81328E-03   9.51651E+01  3.94247E-03   9.61854E+01  4.06104E-03   9.72356E+01  4.16934E-03   9.83334E+01  4.26649E-03   9.94752E+01  4.35263E-03   1.00652E+02  4.42634E-03   1.01881E+02  4.49082E-03   1.03110E+02  4.54326E-03   1.04348E+02  4.58526E-03   1.05579E+02  4.61885E-03   1.06798E+02  4.64034E-03   1.08078E+02  4.65275E-03   1.09402E+02  4.65391E-03   1.10798E+02  4.64172E-03   1.12325E+02  4.62115E-03   1.13868E+02  4.58626E-03   1.15345E+02  4.54089E-03   1.16903E+02  4.49497E-03   1.18559E+02  4.43933E-03   1.20256E+02  4.37265E-03   1.22122E+02  4.30662E-03   1.24153E+02  4.23626E-03   1.26187E+02 
 4.28847E-03   3.04212E+02  4.37018E-03   3.02169E+02  4.44802E-03   3.00284E+02  4.50918E-03   2.98552E+02  4.56077E-03   2.96815E+02  4.61217E-03   2.95098E+02  4.65355E-03   2.93541E+02  4.68549E-03   2.92036E+02  4.70815E-03   2.90556E+02  4.71833E-03   2.89166E+02  4.71929E-03   2.87738E+02  4.70801E-03   2.86326E+02  4.68578E-03   2.84982E+02  4.65241E-03   2.83614E+02  4.60829E-03   2.82328E+02  4.55431E-03   2.81065E+02  4.48878E-03   2.79808E+02  4.41465E-03   2.78614E+02  4.32868E-03   2.77412E+02  4.23247E-03   2.76239E+02  4.12644E-03   2.75080E+02  4.00908E-03   2.73940E+02  3.88097E-03   2.72841E+02  3.74174E-03   2.71784E+02  3.59205E-03   2.70777E+02  3.43133E-03   2.69812E+02  3.25998E-03   2.68895E+02  3.07850E-03   2.68040E+02  2.88724E-03   2.67243E+02  2.68609E-03   2.66487E+02  2.47618E-03   2.65796E+02  2.25702E-03   2.65163E+02  2.02908E-03   2.64603E+02  1.79380E-03   2.64081E+02  1.55161E-03   2.63654E+02  1.30271E-03   2.63288E+02  1.04875E-03   2.62985E+02  7.89881E-04   2.62754E+02  5.27742E-04   2.62623E+02  2.63120E-04   2.62552E+02  2.41491E-06   6.54566E+01  2.67630E-04   8.21784E+01  5.31952E-04   8.23918E+01  7.94039E-04   8.25636E+01  1.05265E-03   8.28308E+01  1.30730E-03   8.31466E+01  1.55633E-03   8.35377E+01  1.79856E-03   8.39732E+01  2.03439E-03   8.44860E+01  2.26166E-03   8.50610E+01  2.47968E-03   8.57062E+01  2.68884E-03   8.64117E+01  2.88948E-03   8.71721E+01  3.07894E-03   8.79942E+01  3.25966E-03   8.88635E+01  3.42875E-03   8.98099E+01  3.58846E-03   9.07983E+01  3.73751E-03   9.18225E+01  3.87594E-03   9.28815E+01  4.00554E-03   9.39626E+01  4.12309E-03   9.50744E+01  4.23157E-03   9.61884E+01  4.32870E-03   9.73470E+01  4.41694E-03   9.85329E+01  4.49352E-03   9.97686E+01  4.55845E-03   1.01062E+02  4.61277E-03   1.02375E+02  4.65447E-03   1.03737E+02  4.68567E-03   1.05074E+02  4.70517E-03   1.06402E+02  4.71407E-03   1.07751E+02  4.71470E-03   1.09047E+02  4.70494E-03   1.10435E+02  4.68620E-03   1.12012E+02  4.65857E-03   1.13600E+02  4.61552E-03   1.15170E+02  4.56216E-03   1.16835E+02  4.50585E-03   1.18541E+02  4.44098E-03   1.20271E+02  4.36637E-03   1.22148E+02  4.29273E-03   1.24196E+02 
 4.34795E-03   3.02305E+02  4.43374E-03   3.00347E+02  4.50372E-03   2.98572E+02  4.56219E-03   2.96798E+02  4.62378E-03   2.95002E+02  4.67571E-03   2.93394E+02  4.71397E-03   2.91851E+02  4.74548E-03   2.90305E+02  4.76485E-03   2.88834E+02  4.77508E-03   2.87360E+02  4.77578E-03   2.85888E+02  4.76375E-03   2.84487E+02  4.74223E-03   2.83102E+02  4.71022E-03   2.81753E+02  4.66725E-03   2.80453E+02  4.61464E-03   2.79132E+02  4.55156E-03   2.77837E+02  4.47803E-03   2.76556E+02  4.39361E-03   2.75276E+02  4.29819E-03   2.74036E+02  4.19252E-03   2.72807E+02  4.07578E-03   2.71635E+02  3.94793E-03   2.70509E+02  3.80954E-03   2.69418E+02  3.65960E-03   2.68380E+02  3.49972E-03   2.67378E+02  3.32863E-03   2.66421E+02  3.14817E-03   2.65537E+02  2.95596E-03   2.64690E+02  2.75328E-03   2.63903E+02  2.54103E-03   2.63170E+02  2.31847E-03   2.62496E+02  2.08752E-03   2.61889E+02  1.84707E-03   2.61357E+02  1.59923E-03   2.60904E+02  1.34411E-03   2.60505E+02  1.08348E-03   2.60180E+02  8.17111E-04   2.59893E+02  5.47443E-04   2.59706E+02  2.75073E-04   2.59564E+02  1.72084E-06   2.10678E+02  2.71924E-04   7.99873E+01  5.43909E-04   7.99579E+01  8.13778E-04   8.00993E+01  1.08011E-03   8.03232E+01  1.34119E-03   8.06310E+01  1.59671E-03   8.10096E+01  1.84446E-03   8.14703E+01  2.08582E-03   8.19736E+01  2.31732E-03   8.25460E+01  2.54056E-03   8.31837E+01  2.75354E-03   8.39003E+01  2.95674E-03   8.46676E+01  3.14936E-03   8.55092E+01  3.33096E-03   8.63973E+01  3.50284E-03   8.73473E+01  3.66162E-03   8.83637E+01  3.81151E-03   8.94216E+01  3.94856E-03   9.05486E+01  4.07599E-03   9.17040E+01  4.19128E-03   9.28965E+01  4.29601E-03   9.41020E+01  4.39112E-03   9.53095E+01  4.47399E-03   9.65449E+01  4.54911E-03   9.77702E+01  4.61353E-03   9.90357E+01  4.66817E-03   1.00339E+02  4.71275E-03   1.01688E+02  4.74633E-03   1.03106E+02  4.76913E-03   1.04522E+02  4.77814E-03   1.05989E+02  4.77656E-03   1.07450E+02  4.76400E-03   1.08791E+02  4.74140E-03   1.10225E+02  4.71280E-03   1.11804E+02  4.67619E-03   1.13397E+02  4.62660E-03   1.15030E+02  4.56576E-03   1.16775E+02  4.50126E-03   1.18577E+02  4.42969E-03   1.20392E+02  4.34892E-03   1.22331E+02 
 4.40204E-03   3.00544E+02  4.48333E-03   2.98690E+02  4.54920E-03   2.96876E+02  4.61766E-03   2.95016E+02  4.67948E-03   2.93336E+02  4.72451E-03   2.91762E+02  4.76458E-03   2.90149E+02  4.79666E-03   2.88615E+02  4.81661E-03   2.87106E+02  4.82774E-03   2.85595E+02  4.82717E-03   2.84138E+02  4.81549E-03   2.82689E+02  4.79564E-03   2.81270E+02  4.76456E-03   2.79888E+02  4.72286E-03   2.78478E+02  4.67188E-03   2.77086E+02  4.60944E-03   2.75741E+02  4.53750E-03   2.74378E+02  4.45455E-03   2.73074E+02  4.36139E-03   2.71798E+02  4.25799E-03   2.70545E+02  4.14256E-03   2.69354E+02  4.01785E-03   2.68173E+02  3.88105E-03   2.67048E+02  3.73339E-03   2.65954E+02  3.57459E-03   2.64903E+02  3.40410E-03   2.63918E+02  3.22292E-03   2.62978E+02  3.02881E-03   2.62117E+02  2.82444E-03   2.61316E+02  2.60788E-03   2.60575E+02  2.38181E-03   2.59926E+02  2.14482E-03   2.59344E+02  1.89899E-03   2.58816E+02  1.64454E-03   2.58355E+02  1.38216E-03   2.57991E+02  1.11356E-03   2.57686E+02  8.39644E-04   2.57467E+02  5.61451E-04   2.57347E+02  2.80620E-04   2.57363E+02  2.06924E-06   3.79377E+01  2.83588E-04   7.69205E+01  5.64067E-04   7.71225E+01  8.42059E-04   7.73276E+01  1.11534E-03   7.76129E+01  1.38348E-03   7.79535E+01  1.64549E-03   7.83292E+01  1.89952E-03   7.88065E+01  2.14530E-03   7.93502E+01  2.38155E-03   7.99751E+01  2.60676E-03   8.06195E+01  2.82234E-03   8.13440E+01  3.02634E-03   8.21435E+01  3.22076E-03   8.29936E+01  3.40194E-03   8.39115E+01  3.57285E-03   8.48592E+01  3.73188E-03   8.58932E+01  3.88035E-03   8.69610E+01  4.01836E-03   8.80974E+01  4.14477E-03   8.92936E+01  4.26073E-03   9.05293E+01  4.36351E-03   9.18229E+01  4.45748E-03   9.31321E+01  4.53924E-03   9.44683E+01  4.60909E-03   9.58192E+01  4.67002E-03   9.71656E+01  4.71966E-03   9.85156E+01  4.76093E-03   9.98545E+01  4.79218E-03   1.01228E+02  4.81450E-03   1.02640E+02  4.82790E-03   1.04083E+02  4.82931E-03   1.05639E+02  4.81919E-03   1.07184E+02  4.79660E-03   1.08629E+02  4.76394E-03   1.10140E+02  4.72364E-03   1.11738E+02  4.67687E-03   1.13364E+02  4.61926E-03   1.15036E+02  4.55085E-03   1.16802E+02  4.47801E-03   1.18647E+02  4.40114E-03   1.20543E+02 
 4.44726E-03   2.98890E+02  4.52158E-03   2.97005E+02  4.59372E-03   2.95120E+02  4.66392E-03   2.93367E+02  4.71850E-03   2.91739E+02  4.76564E-03   2.90095E+02  4.80907E-03   2.88504E+02  4.83994E-03   2.86959E+02  4.85888E-03   2.85388E+02  4.86946E-03   2.83854E+02  4.86892E-03   2.82331E+02  4.85994E-03   2.80845E+02  4.84109E-03   2.79391E+02  4.81016E-03   2.77913E+02  4.77156E-03   2.76472E+02  4.72192E-03   2.75063E+02  4.66316E-03   2.73653E+02  4.59535E-03   2.72278E+02  4.51537E-03   2.70934E+02  4.42678E-03   2.69597E+02  4.32540E-03   2.68293E+02  4.21478E-03   2.67020E+02  4.09222E-03   2.65782E+02  3.95742E-03   2.64612E+02  3.81241E-03   2.63488E+02  3.65298E-03   2.62419E+02  3.48308E-03   2.61418E+02  3.30001E-03   2.60494E+02  3.10508E-03   2.59643E+02  2.89805E-03   2.58842E+02  2.67838E-03   2.58123E+02  2.44822E-03   2.57471E+02  2.20622E-03   2.56902E+02  1.95510E-03   2.56376E+02  1.69388E-03   2.55915E+02  1.42497E-03   2.55552E+02  1.14870E-03   2.55267E+02  8.66645E-04   2.55050E+02  5.79999E-04   2.54931E+02  2.90388E-04   2.54983E+02  2.17406E-06   7.38812E+00  2.91833E-04   7.41766E+01  5.82034E-04   7.45415E+01  8.69426E-04   7.47797E+01  1.15158E-03   7.50616E+01  1.42824E-03   7.54080E+01  1.69703E-03   7.58025E+01  1.95853E-03   7.62706E+01  2.21054E-03   7.68242E+01  2.45224E-03   7.74451E+01  2.68190E-03   7.81290E+01  2.90142E-03   7.88696E+01  3.10773E-03   7.97049E+01  3.30185E-03   8.05825E+01  3.48379E-03   8.15329E+01  3.65247E-03   8.25191E+01  3.80983E-03   8.35631E+01  3.95433E-03   8.46628E+01  4.08773E-03   8.57958E+01  4.21023E-03   8.69977E+01  4.32198E-03   8.82263E+01  4.42343E-03   8.95133E+01  4.51471E-03   9.08465E+01  4.59709E-03   9.22166E+01  4.66759E-03   9.36292E+01  4.72716E-03   9.50680E+01  4.77648E-03   9.65214E+01  4.81422E-03   9.79797E+01  4.84155E-03   9.94283E+01  4.85897E-03   1.00880E+02  4.86751E-03   1.02312E+02  4.86809E-03   1.03792E+02  4.85929E-03   1.05368E+02  4.83938E-03   1.06939E+02  4.80958E-03   1.08487E+02  4.76904E-03   1.10075E+02  4.71901E-03   1.11724E+02  4.66304E-03   1.13437E+02  4.59765E-03   1.15192E+02  4.51919E-03   1.16990E+02  4.43663E-03   1.18876E+02 
 4.47715E-03   2.97221E+02  4.55375E-03   2.95324E+02  4.62932E-03   2.93524E+02  4.69581E-03   2.91813E+02  4.75153E-03   2.90134E+02  4.80229E-03   2.88487E+02  4.84441E-03   2.86878E+02  4.87230E-03   2.85260E+02  4.89250E-03   2.83640E+02  4.90427E-03   2.82065E+02  4.90575E-03   2.80540E+02  4.89908E-03   2.79044E+02  4.88017E-03   2.77523E+02  4.85392E-03   2.76008E+02  4.81897E-03   2.74535E+02  4.77291E-03   2.73047E+02  4.71941E-03   2.71568E+02  4.65354E-03   2.70121E+02  4.57830E-03   2.68689E+02  4.49258E-03   2.67295E+02  4.39477E-03   2.65944E+02  4.28710E-03   2.64641E+02  4.16648E-03   2.63405E+02  4.03545E-03   2.62237E+02  3.89114E-03   2.61109E+02  3.73459E-03   2.60071E+02  3.56532E-03   2.59083E+02  3.38186E-03   2.58156E+02  3.18660E-03   2.57293E+02  2.97689E-03   2.56485E+02  2.75537E-03   2.55733E+02  2.52117E-03   2.55053E+02  2.27513E-03   2.54456E+02  2.01773E-03   2.53896E+02  1.74994E-03   2.53426E+02  1.47299E-03   2.53042E+02  1.18866E-03   2.52725E+02  8.97856E-04   2.52466E+02  6.01158E-04   2.52346E+02  3.01847E-04   2.52292E+02  1.28442E-06   2.88916E+02  2.99691E-04   7.19532E+01  5.98728E-04   7.21557E+01  8.95081E-04   7.23301E+01  1.18657E-03   7.25594E+01  1.47142E-03   7.29076E+01  1.74879E-03   7.32966E+01  2.01683E-03   7.37614E+01  2.27450E-03   7.42987E+01  2.52191E-03   7.48850E+01  2.75664E-03   7.55685E+01  2.97936E-03   7.63056E+01  3.19013E-03   7.71394E+01  3.38614E-03   7.80275E+01  3.56949E-03   7.89874E+01  3.73929E-03   8.00318E+01  3.89558E-03   8.11140E+01  4.03942E-03   8.22779E+01  4.16947E-03   8.34803E+01  4.28766E-03   8.47346E+01  4.39470E-03   8.60312E+01  4.48905E-03   8.73561E+01  4.57330E-03   8.87281E+01  4.64797E-03   9.01194E+01  4.71436E-03   9.15423E+01  4.77025E-03   9.29965E+01  4.81687E-03   9.44725E+01  4.85522E-03   9.59793E+01  4.88273E-03   9.75006E+01  4.90104E-03   9.90498E+01  4.90826E-03   1.00589E+02  4.90504E-03   1.02112E+02  4.89318E-03   1.03672E+02  4.87136E-03   1.05255E+02  4.84041E-03   1.06864E+02  4.80152E-03   1.08483E+02  4.75376E-03   1.10086E+02  4.69475E-03   1.11745E+02  4.63126E-03   1.13536E+02  4.56167E-03   1.15369E+02  4.47523E-03   1.17215E+02 
 4.50093E-03   2.95639E+02  4.57852E-03   2.93791E+02  4.65518E-03   2.91983E+02  4.72158E-03   2.90252E+02  4.77707E-03   2.88566E+02  4.82837E-03   2.86869E+02  4.86783E-03   2.85201E+02  4.89710E-03   2.83555E+02  4.91982E-03   2.81923E+02  4.93211E-03   2.80358E+02  4.93560E-03   2.78799E+02  4.93005E-03   2.77212E+02  4.91636E-03   2.75615E+02  4.89461E-03   2.74048E+02  4.86197E-03   2.72485E+02  4.82042E-03   2.70925E+02  4.76964E-03   2.69413E+02  4.70823E-03   2.67913E+02  4.63717E-03   2.66462E+02  4.55487E-03   2.65066E+02  4.46278E-03   2.63715E+02  4.36040E-03   2.62406E+02  4.24507E-03   2.61165E+02  4.11805E-03   2.59971E+02  3.97737E-03   2.58819E+02  3.82305E-03   2.57742E+02  3.65462E-03   2.56704E+02  3.47171E-03   2.55729E+02  3.27479E-03   2.54817E+02  3.06349E-03   2.53990E+02  2.83834E-03   2.53222E+02  2.59902E-03   2.52537E+02  2.34740E-03   2.51927E+02  2.08291E-03   2.51392E+02  1.80752E-03   2.50924E+02  1.52231E-03   2.50498E+02  1.22853E-03   2.50194E+02  9.27887E-04   2.49909E+02  6.21789E-04   2.49614E+02  3.12411E-04   2.49150E+02  3.47180E-06   1.72339E+02  3.10387E-04   7.04791E+01  6.20145E-04   7.02273E+01  9.27020E-04   7.03002E+01  1.22729E-03   7.04995E+01  1.52083E-03   7.07743E+01  1.80560E-03   7.11521E+01  2.08047E-03   7.15833E+01  2.34484E-03   7.20980E+01  2.59658E-03   7.26686E+01  2.83553E-03   7.33253E+01  3.06058E-03   7.40397E+01  3.27168E-03   7.48302E+01  3.46914E-03   7.56997E+01  3.65252E-03   7.66235E+01  3.82124E-03   7.76386E+01  3.97652E-03   7.87170E+01  4.11802E-03   7.98618E+01  4.24719E-03   8.10772E+01  4.36355E-03   8.23552E+01  4.46750E-03   8.36934E+01  4.56027E-03   8.50657E+01  4.64131E-03   8.64923E+01  4.71138E-03   8.79560E+01  4.77083E-03   8.94405E+01  4.82100E-03   9.09697E+01  4.86047E-03   9.25093E+01  4.89115E-03   9.40550E+01  4.91438E-03   9.56001E+01  4.92922E-03   9.71636E+01  4.93590E-03   9.87580E+01  4.93372E-03   1.00325E+02  4.92184E-03   1.01939E+02  4.89997E-03   1.03590E+02  4.86819E-03   1.05205E+02  4.82619E-03   1.06892E+02  4.77748E-03   1.08610E+02  4.72041E-03   1.10240E+02  4.65108E-03   1.11929E+02  4.57993E-03   1.13784E+02  4.50353E-03   1.15656E+02 
 4.51340E-03   2.94098E+02  4.59420E-03   2.92228E+02  4.67249E-03   2.90434E+02  4.73528E-03   2.88734E+02  4.79211E-03   2.86990E+02  4.84357E-03   2.85254E+02  4.88268E-03   2.83588E+02  4.91442E-03   2.81916E+02  4.93886E-03   2.80262E+02  4.95274E-03   2.78631E+02  4.95910E-03   2.76978E+02  4.95824E-03   2.75316E+02  4.94741E-03   2.73683E+02  4.92858E-03   2.72061E+02  4.90079E-03   2.70458E+02  4.86415E-03   2.68890E+02  4.81909E-03   2.67327E+02  4.76407E-03   2.65809E+02  4.69945E-03   2.64329E+02  4.62411E-03   2.62892E+02  4.53883E-03   2.61500E+02  4.44103E-03   2.60155E+02  4.33007E-03   2.58868E+02  4.20619E-03   2.57619E+02  4.06683E-03   2.56453E+02  3.91417E-03   2.55354E+02  3.74585E-03   2.54327E+02  3.56232E-03   2.53381E+02  3.36384E-03   2.52504E+02  3.14973E-03   2.51723E+02  2.92064E-03   2.50995E+02  2.67656E-03   2.50359E+02  2.41892E-03   2.49786E+02  2.14767E-03   2.49310E+02  1.86514E-03   2.48885E+02  1.57127E-03   2.48541E+02  1.26887E-03   2.48264E+02  9.57850E-04   2.48065E+02  6.40841E-04   2.48013E+02  3.21139E-04   2.48235E+02  3.57828E-06   3.54419E+02  3.23849E-04   6.70025E+01  6.44018E-04   6.74026E+01  9.60470E-04   6.76830E+01  1.27102E-03   6.79986E+01  1.57417E-03   6.83469E+01  1.86811E-03   6.87482E+01  2.15090E-03   6.92149E+01  2.42179E-03   6.97451E+01  2.67943E-03   7.03423E+01  2.92355E-03   7.10098E+01  3.15227E-03   7.17651E+01  3.36587E-03   7.25749E+01  3.56373E-03   7.34700E+01  3.74660E-03   7.44138E+01  3.91329E-03   7.54289E+01  4.06514E-03   7.65093E+01  4.20356E-03   7.76625E+01  4.32665E-03   7.88803E+01  4.43688E-03   8.01522E+01  4.53521E-03   8.14850E+01  4.62132E-03   8.28759E+01  4.69700E-03   8.42915E+01  4.76272E-03   8.57734E+01  4.81882E-03   8.72988E+01  4.86530E-03   8.88560E+01  4.90342E-03   9.04609E+01  4.93073E-03   9.20934E+01  4.94833E-03   9.37335E+01  4.95829E-03   9.53576E+01  4.95836E-03   9.70003E+01  4.95132E-03   9.86205E+01  4.93732E-03   1.00217E+02  4.91442E-03   1.01898E+02  4.88491E-03   1.03573E+02  4.84462E-03   1.05210E+02  4.79335E-03   1.06978E+02  4.73758E-03   1.08758E+02  4.67197E-03   1.10436E+02  4.59603E-03   1.12204E+02  4.51736E-03   1.14120E+02 
 4.51927E-03   2.92600E+02  4.60499E-03   2.90769E+02  4.67887E-03   2.89003E+02  4.73965E-03   2.87216E+02  4.79948E-03   2.85410E+02  4.85066E-03   2.83688E+02  4.88981E-03   2.81981E+02  4.92441E-03   2.80244E+02  4.95033E-03   2.78539E+02  4.96583E-03   2.76855E+02  4.97689E-03   2.75157E+02  4.97853E-03   2.73475E+02  4.97209E-03   2.71790E+02  4.95988E-03   2.70116E+02  4.93790E-03   2.68468E+02  4.90818E-03   2.66815E+02  4.86834E-03   2.65220E+02  4.81964E-03   2.63662E+02  4.76161E-03   2.62141E+02  4.69137E-03   2.60681E+02  4.61152E-03   2.59264E+02  4.51762E-03   2.57923E+02  4.41105E-03   2.56642E+02  4.29034E-03   2.55422E+02  4.15481E-03   2.54273E+02  4.00480E-03   2.53199E+02  3.83817E-03   2.52203E+02  3.65608E-03   2.51275E+02  3.45574E-03   2.50419E+02  3.24038E-03   2.49634E+02  3.00791E-03   2.48915E+02  2.75947E-03   2.48270E+02  2.49682E-03   2.47687E+02  2.21911E-03   2.47174E+02  1.92827E-03   2.46714E+02  1.62556E-03   2.46354E+02  1.31329E-03   2.46056E+02  9.92817E-04   2.45810E+02  6.65830E-04   2.45581E+02  3.34483E-04   2.45355E+02  2.48750E-06   2.05719E+02  3.31573E-04   6.59381E+01  6.62881E-04   6.58174E+01  9.89911E-04   6.59026E+01  1.31018E-03   6.61040E+01  1.62292E-03   6.63813E+01  1.92580E-03   6.67044E+01  2.21570E-03   6.71273E+01  2.49394E-03   6.76071E+01  2.75770E-03   6.81834E+01  3.00721E-03   6.88061E+01  3.24028E-03   6.95151E+01  3.45637E-03   7.03099E+01  3.65758E-03   7.11750E+01  3.84126E-03   7.21150E+01  4.00850E-03   7.31287E+01  4.16000E-03   7.42311E+01  4.29582E-03   7.53901E+01  4.41664E-03   7.66180E+01  4.52263E-03   7.79234E+01  4.61475E-03   7.92927E+01  4.69402E-03   8.07195E+01  4.76240E-03   8.21943E+01  4.81906E-03   8.36998E+01  4.86642E-03   8.52501E+01  4.90527E-03   8.68303E+01  4.93527E-03   8.84358E+01  4.95920E-03   9.00753E+01  4.97321E-03   9.17555E+01  4.97976E-03   9.34518E+01  4.97860E-03   9.51660E+01  4.96777E-03   9.68997E+01  4.95051E-03   9.85760E+01  4.92337E-03   1.00253E+02  4.88965E-03   1.02004E+02  4.85006E-03   1.03718E+02  4.79906E-03   1.05411E+02  4.73986E-03   1.07206E+02  4.67488E-03   1.09003E+02  4.60221E-03   1.10744E+02  4.52373E-03   1.12560E+02 
 4.51851E-03   2.91175E+02  4.60150E-03   2.89346E+02  4.67138E-03   2.87502E+02  4.73586E-03   2.85675E+02  4.79837E-03   2.83890E+02  4.84717E-03   2.82132E+02  4.88836E-03   2.80351E+02  4.92611E-03   2.78596E+02  4.95231E-03   2.76890E+02  4.97323E-03   2.75140E+02  4.98854E-03   2.73379E+02  4.99464E-03   2.71619E+02  4.99541E-03   2.69865E+02  4.98728E-03   2.68154E+02  4.97139E-03   2.66430E+02  4.94737E-03   2.64776E+02  4.91406E-03   2.63163E+02  4.87281E-03   2.61582E+02  4.82038E-03   2.60075E+02  4.75918E-03   2.58592E+02  4.68543E-03   2.57183E+02  4.59808E-03   2.55832E+02  4.49827E-03   2.54540E+02  4.38186E-03   2.53314E+02  4.25072E-03   2.52156E+02  4.10284E-03   2.51075E+02  3.93771E-03   2.50057E+02  3.75476E-03   2.49123E+02  3.55401E-03   2.48266E+02  3.33457E-03   2.47493E+02  3.09705E-03   2.46788E+02  2.84396E-03   2.46155E+02  2.57362E-03   2.45600E+02  2.28808E-03   2.45116E+02  1.98915E-03   2.44697E+02  1.67770E-03   2.44349E+02  1.35515E-03   2.44074E+02  1.02402E-03   2.43835E+02  6.86172E-04   2.43646E+02  3.44083E-04   2.43435E+02  1.54525E-06   1.24018E+02  3.45821E-04   6.39391E+01  6.88423E-04   6.39148E+01  1.02613E-03   6.40490E+01  1.35681E-03   6.42554E+01  1.67891E-03   6.45180E+01  1.99034E-03   6.48649E+01  2.28917E-03   6.52750E+01  2.57376E-03   6.57529E+01  2.84293E-03   6.63063E+01  3.09520E-03   6.69221E+01  3.33121E-03   6.75966E+01  3.54935E-03   6.83682E+01  3.74957E-03   6.91925E+01  3.93237E-03   7.00922E+01  4.09788E-03   7.10752E+01  4.24619E-03   7.21395E+01  4.37851E-03   7.32745E+01  4.49544E-03   7.44781E+01  4.59693E-03   7.57564E+01  4.68577E-03   7.71041E+01  4.76083E-03   7.85380E+01  4.82394E-03   8.00293E+01  4.87598E-03   8.15818E+01  4.91653E-03   8.31784E+01  4.94896E-03   8.48245E+01  4.97100E-03   8.65027E+01  4.98545E-03   8.81805E+01  4.99384E-03   8.98789E+01  4.99322E-03   9.16039E+01  4.98717E-03   9.33405E+01  4.97320E-03   9.51047E+01  4.95314E-03   9.68713E+01  4.92634E-03   9.86018E+01  4.89026E-03   1.00339E+02  4.84858E-03   1.02112E+02  4.79810E-03   1.03899E+02  4.73943E-03   1.05691E+02  4.67199E-03   1.07511E+02  4.59622E-03   1.09353E+02  4.51953E-03   1.11189E+02 
 4.50608E-03   2.89794E+02  4.58644E-03   2.87916E+02  4.65694E-03   2.86052E+02  4.72458E-03   2.84214E+02  4.78534E-03   2.82390E+02  4.83375E-03   2.80578E+02  4.87962E-03   2.78772E+02  4.91798E-03   2.76996E+02  4.94890E-03   2.75197E+02  4.97591E-03   2.73367E+02  4.99482E-03   2.71546E+02  5.00588E-03   2.69746E+02  5.01080E-03   2.67983E+02  5.00914E-03   2.66210E+02  5.00014E-03   2.64482E+02  4.98394E-03   2.62811E+02  4.96003E-03   2.61170E+02  4.92697E-03   2.59582E+02  4.88378E-03   2.58022E+02  4.82869E-03   2.56528E+02  4.76064E-03   2.55093E+02  4.67946E-03   2.53725E+02  4.58241E-03   2.52445E+02  4.47041E-03   2.51218E+02  4.34191E-03   2.50085E+02  4.19538E-03   2.49030E+02  4.03003E-03   2.48059E+02  3.84688E-03   2.47178E+02  3.64463E-03   2.46376E+02  3.42305E-03   2.45654E+02  3.18280E-03   2.44995E+02  2.92439E-03   2.44413E+02  2.64909E-03   2.43894E+02  2.35720E-03   2.43442E+02  2.05065E-03   2.43062E+02  1.73002E-03   2.42740E+02  1.39811E-03   2.42498E+02  1.05728E-03   2.42329E+02  7.08612E-04   2.42306E+02  3.54946E-04   2.42471E+02  3.41260E-06   3.54275E+02  3.57371E-04   6.13059E+01  7.11014E-04   6.17004E+01  1.05978E-03   6.19252E+01  1.40143E-03   6.21695E+01  1.73391E-03   6.24852E+01  2.05440E-03   6.28351E+01  2.36132E-03   6.32551E+01  2.65351E-03   6.37345E+01  2.92923E-03   6.42785E+01  3.18768E-03   6.49044E+01  3.42815E-03   6.55929E+01  3.64948E-03   6.63555E+01  3.85178E-03   6.71910E+01  4.03448E-03   6.80955E+01  4.19863E-03   6.90779E+01  4.34497E-03   7.01468E+01  4.47251E-03   7.12883E+01  4.58375E-03   7.24862E+01  4.67921E-03   7.37692E+01  4.75902E-03   7.51166E+01  4.82585E-03   7.65169E+01  4.88069E-03   7.79926E+01  4.92529E-03   7.95248E+01  4.95916E-03   8.11193E+01  4.98539E-03   8.27658E+01  5.00233E-03   8.44753E+01  5.01034E-03   8.62280E+01  5.01212E-03   8.79982E+01  5.00695E-03   8.97827E+01  4.99515E-03   9.15691E+01  4.97469E-03   9.33744E+01  4.94819E-03   9.51879E+01  4.91658E-03   9.69919E+01  4.87820E-03   9.88118E+01  4.83502E-03   1.00585E+02  4.78360E-03   1.02355E+02  4.72437E-03   1.04217E+02  4.66110E-03   1.06061E+02  4.58500E-03   1.07873E+02  4.50306E-03   1.09751E+02 
 4.48276E-03   2.88416E+02  4.56291E-03   2.86515E+02  4.63429E-03   2.84618E+02  4.70200E-03   2.82733E+02  4.76234E-03   2.80879E+02  4.81348E-03   2.79052E+02  4.86186E-03   2.77206E+02  4.90375E-03   2.75352E+02  4.93876E-03   2.73498E+02  4.96999E-03   2.71626E+02  4.99227E-03   2.69773E+02  5.00900E-03   2.67952E+02  5.02241E-03   2.66114E+02  5.02774E-03   2.64322E+02  5.02759E-03   2.62582E+02  5.01985E-03   2.60866E+02  5.00286E-03   2.59205E+02  4.97702E-03   2.57575E+02  4.93963E-03   2.56018E+02  4.89115E-03   2.54539E+02  4.83008E-03   2.53110E+02  4.75455E-03   2.51770E+02  4.66458E-03   2.50504E+02  4.55760E-03   2.49326E+02  4.43317E-03   2.48222E+02  4.28936E-03   2.47209E+02  4.12680E-03   2.46278E+02  3.94430E-03   2.45399E+02  3.74099E-03   2.44604E+02  3.51883E-03   2.43870E+02  3.27488E-03   2.43218E+02  3.01216E-03   2.42621E+02  2.73054E-03   2.42081E+02  2.43158E-03   2.41628E+02  2.11689E-03   2.41208E+02  1.78742E-03   2.40853E+02  1.44538E-03   2.40563E+02  1.09383E-03   2.40270E+02  7.34437E-04   2.40004E+02  3.69467E-04   2.39530E+02  5.82431E-06   1.74471E+02  3.64618E-04   6.11236E+01  7.29205E-04   6.07628E+01  1.08880E-03   6.07673E+01  1.44040E-03   6.09151E+01  1.78244E-03   6.11180E+01  2.11092E-03   6.14009E+01  2.42641E-03   6.17540E+01  2.72576E-03   6.21671E+01  3.00705E-03   6.26612E+01  3.26983E-03   6.32244E+01  3.51334E-03   6.38468E+01  3.73730E-03   6.45583E+01  3.94089E-03   6.53410E+01  4.12431E-03   6.62088E+01  4.28753E-03   6.71476E+01  4.43215E-03   6.81665E+01  4.55834E-03   6.92834E+01  4.66668E-03   7.04727E+01  4.75778E-03   7.17467E+01  4.83375E-03   7.31040E+01  4.89458E-03   7.45351E+01  4.94101E-03   7.60286E+01  4.97759E-03   7.75928E+01  5.00164E-03   7.92107E+01  5.01778E-03   8.08708E+01  5.02711E-03   8.25770E+01  5.02701E-03   8.43236E+01  5.02225E-03   8.61157E+01  5.00979E-03   8.79387E+01  4.99300E-03   8.97570E+01  4.97019E-03   9.16086E+01  4.93974E-03   9.34906E+01  4.90538E-03   9.53280E+01  4.86276E-03   9.71880E+01  4.81508E-03   9.90935E+01  4.76326E-03   1.00899E+02  4.70168E-03   1.02718E+02  4.63548E-03   1.04660E+02  4.56284E-03   1.06554E+02  4.47959E-03   1.08388E+02 
 4.45003E-03   2.87085E+02  4.52829E-03   2.85129E+02  4.60027E-03   2.83181E+02  4.67055E-03   2.81302E+02  4.73107E-03   2.79444E+02  4.78400E-03   2.77541E+02  4.83638E-03   2.75623E+02  4.88031E-03   2.73755E+02  4.92000E-03   2.71838E+02  4.95599E-03   2.69905E+02  4.98383E-03   2.68025E+02  5.00954E-03   2.66122E+02  5.02889E-03   2.64278E+02  5.04097E-03   2.62485E+02  5.04810E-03   2.60699E+02  5.04727E-03   2.58983E+02  5.03936E-03   2.57292E+02  5.02173E-03   2.55671E+02  4.99340E-03   2.54128E+02  4.95451E-03   2.52634E+02  4.90078E-03   2.51231E+02  4.83248E-03   2.49901E+02  4.74708E-03   2.48663E+02  4.64364E-03   2.47496E+02  4.52175E-03   2.46412E+02  4.37940E-03   2.45418E+02  4.21747E-03   2.44483E+02  4.03388E-03   2.43645E+02  3.82896E-03   2.42875E+02  3.60272E-03   2.42171E+02  3.35560E-03   2.41554E+02  3.08773E-03   2.40991E+02  2.79979E-03   2.40509E+02  2.49435E-03   2.40085E+02  2.17158E-03   2.39732E+02  1.83349E-03   2.39439E+02  1.48250E-03   2.39190E+02  1.12127E-03   2.39028E+02  7.51538E-04   2.38906E+02  3.76173E-04   2.38860E+02  2.31596E-06   4.21392E+01  3.80645E-04   5.86085E+01  7.55846E-04   5.87680E+01  1.12625E-03   5.89636E+01  1.48755E-03   5.91871E+01  1.83865E-03   5.94474E+01  2.17653E-03   5.97688E+01  2.49902E-03   6.01405E+01  2.80456E-03   6.05771E+01  3.09143E-03   6.10680E+01  3.35891E-03   6.16343E+01  3.60578E-03   6.22631E+01  3.83198E-03   6.29513E+01  4.03578E-03   6.37187E+01  4.21831E-03   6.45516E+01  4.37956E-03   6.54734E+01  4.52075E-03   6.64637E+01  4.64086E-03   6.75269E+01  4.74329E-03   6.86735E+01  4.82933E-03   6.99019E+01  4.89815E-03   7.12077E+01  4.95373E-03   7.26095E+01  4.99405E-03   7.40813E+01  5.02319E-03   7.56260E+01  5.04155E-03   7.72625E+01  5.04894E-03   7.89510E+01  5.05007E-03   8.07056E+01  5.04258E-03   8.24957E+01  5.02921E-03   8.43070E+01  5.00925E-03   8.61721E+01  4.98365E-03   8.80402E+01  4.95487E-03   8.99059E+01  4.91897E-03   9.18314E+01  4.87965E-03   9.37511E+01  4.83511E-03   9.56204E+01  4.78481E-03   9.75301E+01  4.73072E-03   9.94438E+01  4.66950E-03   1.01286E+02  4.60383E-03   1.03164E+02  4.53083E-03   1.05139E+02  4.44931E-03   1.07098E+02 
 4.40662E-03   2.85750E+02  4.48432E-03   2.83750E+02  4.55904E-03   2.81820E+02  4.62866E-03   2.79919E+02  4.68799E-03   2.77973E+02  4.74624E-03   2.76009E+02  4.80230E-03   2.74098E+02  4.84926E-03   2.72150E+02  4.89441E-03   2.70150E+02  4.93472E-03   2.68216E+02  4.96946E-03   2.66290E+02  5.00149E-03   2.64397E+02  5.02677E-03   2.62536E+02  5.04752E-03   2.60677E+02  5.06415E-03   2.58894E+02  5.07327E-03   2.57143E+02  5.07397E-03   2.55446E+02  5.06374E-03   2.53844E+02  5.04344E-03   2.52288E+02  5.00982E-03   2.50821E+02  4.96168E-03   2.49438E+02  4.89798E-03   2.48145E+02  4.81688E-03   2.46930E+02  4.71862E-03   2.45797E+02  4.60035E-03   2.44757E+02  4.46220E-03   2.43790E+02  4.30229E-03   2.42912E+02  4.11929E-03   2.42111E+02  3.91496E-03   2.41373E+02  3.68798E-03   2.40703E+02  3.43818E-03   2.40119E+02  3.16725E-03   2.39591E+02  2.87528E-03   2.39112E+02  2.56348E-03   2.38708E+02  2.23341E-03   2.38361E+02  1.88764E-03   2.38068E+02  1.52757E-03   2.37832E+02  1.15664E-03   2.37660E+02  7.77143E-04   2.37549E+02  3.91205E-04   2.37498E+02  2.98109E-06   2.36954E+02  3.85525E-04   5.74059E+01  7.71495E-04   5.74735E+01  1.15156E-03   5.75857E+01  1.52269E-03   5.77822E+01  1.88197E-03   5.80183E+01  2.22843E-03   5.82906E+01  2.55879E-03   5.86421E+01  2.87132E-03   5.90457E+01  3.16434E-03   5.95169E+01  3.43641E-03   6.00437E+01  3.68677E-03   6.06322E+01  3.91498E-03   6.13059E+01  4.12105E-03   6.20538E+01  4.30434E-03   6.28694E+01  4.46485E-03   6.37660E+01  4.60397E-03   6.47502E+01  4.72254E-03   6.58136E+01  4.82073E-03   6.69522E+01  4.90067E-03   6.81846E+01  4.96229E-03   6.94830E+01  5.01015E-03   7.08519E+01  5.04252E-03   7.23213E+01  5.06263E-03   7.38454E+01  5.07258E-03   7.54433E+01  5.07120E-03   7.71170E+01  5.06392E-03   7.88387E+01  5.04867E-03   8.06537E+01  5.02820E-03   8.25044E+01  5.00236E-03   8.43874E+01  4.97089E-03   8.63180E+01  4.93654E-03   8.82225E+01  4.89622E-03   9.01528E+01  4.85076E-03   9.21288E+01  4.80067E-03   9.40956E+01  4.74645E-03   9.60574E+01  4.69121E-03   9.79967E+01  4.62706E-03   9.99254E+01  4.55776E-03   1.01848E+02  4.48703E-03   1.03767E+02  4.40379E-03   1.05710E+02 
 4.35181E-03   2.84447E+02  4.43132E-03   2.82446E+02  4.50661E-03   2.80485E+02  4.57562E-03   2.78524E+02  4.63850E-03   2.76539E+02  4.70112E-03   2.74573E+02  4.75837E-03   2.72574E+02  4.80918E-03   2.70543E+02  4.86011E-03   2.68557E+02  4.90523E-03   2.66590E+02  4.94664E-03   2.64633E+02  4.98639E-03   2.62693E+02  5.01921E-03   2.60776E+02  5.04974E-03   2.58933E+02  5.07453E-03   2.57124E+02  5.08953E-03   2.55373E+02  5.09746E-03   2.53708E+02  5.09543E-03   2.52094E+02  5.08237E-03   2.50570E+02  5.05617E-03   2.49128E+02  5.01584E-03   2.47769E+02  4.95956E-03   2.46503E+02  4.88561E-03   2.45318E+02  4.79227E-03   2.44218E+02  4.67820E-03   2.43204E+02  4.54283E-03   2.42270E+02  4.38464E-03   2.41400E+02  4.20198E-03   2.40610E+02  3.99670E-03   2.39890E+02  3.76716E-03   2.39246E+02  3.51330E-03   2.38661E+02  3.23718E-03   2.38145E+02  2.93904E-03   2.37696E+02  2.62074E-03   2.37301E+02  2.28358E-03   2.36960E+02  1.92953E-03   2.36670E+02  1.56123E-03   2.36446E+02  1.18130E-03   2.36251E+02  7.92243E-04   2.36090E+02  3.97401E-04   2.35800E+02  3.03910E-06   1.30362E+02  3.98763E-04   5.66025E+01  7.93862E-04   5.65188E+01  1.18339E-03   5.65479E+01  1.56315E-03   5.66895E+01  1.93052E-03   5.68903E+01  2.28389E-03   5.71640E+01  2.62105E-03   5.74910E+01  2.93901E-03   5.78551E+01  3.23626E-03   5.82856E+01  3.51185E-03   5.87743E+01  3.76448E-03   5.93353E+01  3.99398E-03   5.99642E+01  4.19922E-03   6.06658E+01  4.38172E-03   6.14256E+01  4.53980E-03   6.22661E+01  4.67566E-03   6.31835E+01  4.79090E-03   6.41953E+01  4.88458E-03   6.52895E+01  4.96048E-03   6.64665E+01  5.01659E-03   6.77502E+01  5.05843E-03   6.91154E+01  5.08536E-03   7.05577E+01  5.09786E-03   7.20978E+01  5.10071E-03   7.37060E+01  5.09046E-03   7.53882E+01  5.07397E-03   7.71330E+01  5.04927E-03   7.89149E+01  5.01825E-03   8.07759E+01  4.98451E-03   8.26801E+01  4.94494E-03   8.46322E+01  4.90370E-03   8.66018E+01  4.85851E-03   8.85687E+01  4.81037E-03   9.05528E+01  4.75817E-03   9.25153E+01  4.69800E-03   9.45330E+01  4.63928E-03   9.65606E+01  4.57736E-03   9.84913E+01  4.50573E-03   1.00456E+02  4.43365E-03   1.02496E+02  4.35600E-03   1.04488E+02 
 4.29033E-03   2.83173E+02  4.36890E-03   2.81140E+02  4.44388E-03   2.79161E+02  4.51455E-03   2.77172E+02  4.57928E-03   2.75145E+02  4.64410E-03   2.73090E+02  4.70376E-03   2.71050E+02  4.76064E-03   2.69020E+02  4.81719E-03   2.66975E+02  4.86641E-03   2.64965E+02  4.91610E-03   2.62968E+02  4.96241E-03   2.61020E+02  5.00273E-03   2.59140E+02  5.04158E-03   2.57262E+02  5.07235E-03   2.55448E+02  5.09701E-03   2.53712E+02  5.11478E-03   2.52023E+02  5.12094E-03   2.50433E+02  5.11682E-03   2.48924E+02  5.09769E-03   2.47520E+02  5.06306E-03   2.46204E+02  5.01207E-03   2.44957E+02  4.94239E-03   2.43803E+02  4.85291E-03   2.42730E+02  4.74089E-03   2.41757E+02  4.60795E-03   2.40849E+02  4.45029E-03   2.40022E+02  4.26869E-03   2.39273E+02  4.06296E-03   2.38594E+02  3.83130E-03   2.38007E+02  3.57655E-03   2.37465E+02  3.29724E-03   2.36998E+02  2.99572E-03   2.36592E+02  2.67304E-03   2.36241E+02  2.33034E-03   2.35942E+02  1.97060E-03   2.35706E+02  1.59538E-03   2.35543E+02  1.20798E-03   2.35423E+02  8.10805E-04   2.35401E+02  4.06979E-04   2.35619E+02  4.08647E-06   3.24840E+02  4.07171E-04   5.44420E+01  8.10849E-04   5.48153E+01  1.20767E-03   5.50323E+01  1.59555E-03   5.52489E+01  1.97108E-03   5.55022E+01  2.33087E-03   5.57719E+01  2.67316E-03   5.61125E+01  2.99719E-03   5.64874E+01  3.29869E-03   5.69359E+01  3.57807E-03   5.74401E+01  3.83352E-03   5.79958E+01  4.06510E-03   5.86074E+01  4.27133E-03   5.92914E+01  4.45269E-03   6.00557E+01  4.61037E-03   6.08884E+01  4.74300E-03   6.17955E+01  4.85499E-03   6.27764E+01  4.94306E-03   6.38454E+01  5.01183E-03   6.49862E+01  5.06129E-03   6.62170E+01  5.09448E-03   6.75324E+01  5.11414E-03   6.89460E+01  5.11884E-03   7.04414E+01  5.11463E-03   7.20139E+01  5.09796E-03   7.36826E+01  5.07332E-03   7.54337E+01  5.04356E-03   7.72502E+01  5.00562E-03   7.91087E+01  4.96401E-03   8.10135E+01  4.91779E-03   8.29733E+01  4.86878E-03   8.49696E+01  4.81728E-03   8.69858E+01  4.76125E-03   8.90437E+01  4.70541E-03   9.10792E+01  4.64363E-03   9.30767E+01  4.57748E-03   9.51540E+01  4.51279E-03   9.72127E+01  4.44249E-03   9.91377E+01  4.36783E-03   1.01103E+02  4.28968E-03   1.03171E+02 
 4.21474E-03   2.81925E+02  4.29446E-03   2.79902E+02  4.37070E-03   2.77898E+02  4.44094E-03   2.75828E+02  4.50981E-03   2.73732E+02  4.57855E-03   2.71678E+02  4.64181E-03   2.69613E+02  4.70381E-03   2.67509E+02  4.76363E-03   2.65451E+02  4.81890E-03   2.63417E+02  4.87541E-03   2.61417E+02  4.92803E-03   2.59479E+02  4.97712E-03   2.57518E+02  5.02406E-03   2.55624E+02  5.06337E-03   2.53829E+02  5.09714E-03   2.52078E+02  5.12089E-03   2.50444E+02  5.13297E-03   2.48879E+02  5.13472E-03   2.47406E+02  5.12129E-03   2.46044E+02  5.09404E-03   2.44733E+02  5.04941E-03   2.43526E+02  4.98548E-03   2.42409E+02  4.90141E-03   2.41380E+02  4.79596E-03   2.40424E+02  4.66612E-03   2.39546E+02  4.51113E-03   2.38766E+02  4.33176E-03   2.38043E+02  4.12549E-03   2.37400E+02  3.89454E-03   2.36811E+02  3.63782E-03   2.36282E+02  3.35484E-03   2.35828E+02  3.04918E-03   2.35419E+02  2.72211E-03   2.35067E+02  2.37400E-03   2.34754E+02  2.00821E-03   2.34486E+02  1.62685E-03   2.34263E+02  1.23112E-03   2.34076E+02  8.26545E-04   2.33952E+02  4.15766E-04   2.33713E+02  2.88094E-06   1.55281E+02  4.14235E-04   5.43330E+01  8.26000E-04   5.42284E+01  1.23053E-03   5.43000E+01  1.62478E-03   5.44139E+01  2.00624E-03   5.45925E+01  2.37187E-03   5.48296E+01  2.71918E-03   5.51193E+01  3.04617E-03   5.54621E+01  3.35099E-03   5.58559E+01  3.63275E-03   5.63050E+01  3.88924E-03   5.68154E+01  4.12066E-03   5.73947E+01  4.32696E-03   5.80318E+01  4.50723E-03   5.87386E+01  4.66344E-03   5.95277E+01  4.79432E-03   6.03937E+01  4.90275E-03   6.13475E+01  4.98755E-03   6.23894E+01  5.05212E-03   6.35213E+01  5.09780E-03   6.47333E+01  5.12480E-03   6.60298E+01  5.13715E-03   6.74248E+01  5.13322E-03   6.89130E+01  5.12066E-03   7.04639E+01  5.09630E-03   7.21009E+01  5.06225E-03   7.38273E+01  5.02280E-03   7.56232E+01  4.97649E-03   7.75149E+01  4.92774E-03   7.94361E+01  4.87437E-03   8.14147E+01  4.81908E-03   8.34371E+01  4.76311E-03   8.54453E+01  4.70357E-03   8.74945E+01  4.64297E-03   8.95836E+01  4.57897E-03   9.16611E+01  4.51176E-03   9.37202E+01  4.44312E-03   9.58098E+01  4.37029E-03   9.79179E+01  4.29652E-03   9.99520E+01  4.21830E-03   1.01940E+02 
 4.13263E-03   2.80752E+02  4.21190E-03   2.78693E+02  4.28760E-03   2.76619E+02  4.36061E-03   2.74512E+02  4.43221E-03   2.72412E+02  4.50244E-03   2.70298E+02  4.56831E-03   2.68146E+02  4.63457E-03   2.66042E+02  4.69993E-03   2.63972E+02  4.76232E-03   2.61916E+02  4.82596E-03   2.59907E+02  4.88503E-03   2.57901E+02  4.94157E-03   2.55948E+02  4.99505E-03   2.54103E+02  5.04077E-03   2.52304E+02  5.08057E-03   2.50597E+02  5.11201E-03   2.48973E+02  5.13274E-03   2.47429E+02  5.14207E-03   2.45993E+02  5.13726E-03   2.44623E+02  5.11764E-03   2.43355E+02  5.07842E-03   2.42189E+02  5.01925E-03   2.41105E+02  4.93956E-03   2.40099E+02  4.83516E-03   2.39179E+02  4.70690E-03   2.38344E+02  4.55368E-03   2.37579E+02  4.37364E-03   2.36892E+02  4.16766E-03   2.36271E+02  3.93586E-03   2.35713E+02  3.67707E-03   2.35228E+02  3.39334E-03   2.34797E+02  3.08622E-03   2.34424E+02  2.75561E-03   2.34108E+02  2.40438E-03   2.33825E+02  2.03393E-03   2.33603E+02  1.64779E-03   2.33419E+02  1.24732E-03   2.33295E+02  8.36675E-04   2.33277E+02  4.19399E-04   2.33347E+02  2.29624E-06   7.28489E-01  4.22194E-04   5.27777E+01  8.39712E-04   5.30080E+01  1.25024E-03   5.31559E+01  1.65116E-03   5.33143E+01  2.03796E-03   5.35220E+01  2.40826E-03   5.37756E+01  2.75951E-03   5.40831E+01  3.09041E-03   5.44169E+01  3.39726E-03   5.48076E+01  3.68069E-03   5.52534E+01  3.93836E-03   5.57597E+01  4.16956E-03   5.63184E+01  4.37482E-03   5.69559E+01  4.55312E-03   5.76408E+01  4.70601E-03   5.83984E+01  4.83264E-03   5.92306E+01  4.93676E-03   6.01252E+01  5.01693E-03   6.11198E+01  5.07546E-03   6.21866E+01  5.11520E-03   6.33635E+01  5.13551E-03   6.46247E+01  5.14301E-03   6.59690E+01  5.13364E-03   6.74292E+01  5.11303E-03   6.89745E+01  5.08324E-03   7.05955E+01  5.04246E-03   7.23161E+01  4.99723E-03   7.40879E+01  4.94377E-03   7.59329E+01  4.88656E-03   7.78796E+01  4.82660E-03   7.98685E+01  4.76318E-03   8.19239E+01  4.70032E-03   8.40041E+01  4.63403E-03   8.60849E+01  4.56923E-03   8.81829E+01  4.50137E-03   9.02765E+01  4.42892E-03   9.24041E+01  4.36024E-03   9.45082E+01  4.28680E-03   9.65510E+01  4.20919E-03   9.86557E+01  4.13453E-03   1.00780E+02 
 4.03763E-03   2.79573E+02  4.11698E-03   2.77490E+02  4.19468E-03   2.75390E+02  4.26829E-03   2.73239E+02  4.34185E-03   2.71072E+02  4.41519E-03   2.68925E+02  4.48537E-03   2.66793E+02  4.55809E-03   2.64653E+02  4.62756E-03   2.62546E+02  4.69484E-03   2.60484E+02  4.76429E-03   2.58436E+02  4.82878E-03   2.56445E+02  4.89312E-03   2.54518E+02  4.95313E-03   2.52646E+02  5.00578E-03   2.50863E+02  5.05510E-03   2.49162E+02  5.09217E-03   2.47563E+02  5.11962E-03   2.46062E+02  5.13586E-03   2.44641E+02  5.13558E-03   2.43323E+02  5.11994E-03   2.42090E+02  5.08466E-03   2.40956E+02  5.03109E-03   2.39900E+02  4.95517E-03   2.38927E+02  4.85523E-03   2.38055E+02  4.73116E-03   2.37249E+02  4.58057E-03   2.36532E+02  4.40411E-03   2.35871E+02  4.20005E-03   2.35284E+02  3.97007E-03   2.34760E+02  3.71253E-03   2.34287E+02  3.42899E-03   2.33866E+02  3.12035E-03   2.33506E+02  2.78804E-03   2.33192E+02  2.43357E-03   2.32918E+02  2.05931E-03   2.32698E+02  1.66868E-03   2.32517E+02  1.26428E-03   2.32396E+02  8.49410E-04   2.32295E+02  4.27599E-04   2.32238E+02  1.38936E-06   2.23655E+02  4.24807E-04   5.22320E+01  8.46920E-04   5.22515E+01  1.26193E-03   5.23654E+01  1.66643E-03   5.24936E+01  2.05675E-03   5.26615E+01  2.43037E-03   5.28701E+01  2.78478E-03   5.31449E+01  3.11784E-03   5.34551E+01  3.42663E-03   5.38187E+01  3.71002E-03   5.42358E+01  3.96845E-03   5.47035E+01  4.19870E-03   5.52490E+01  4.40387E-03   5.58367E+01  4.58048E-03   5.65060E+01  4.73158E-03   5.72433E+01  4.85609E-03   5.80647E+01  4.95612E-03   5.89616E+01  5.03307E-03   5.99288E+01  5.08671E-03   6.09795E+01  5.12213E-03   6.21098E+01  5.13593E-03   6.33407E+01  5.13562E-03   6.46536E+01  5.11968E-03   6.60676E+01  5.09041E-03   6.75831E+01  5.05274E-03   6.91775E+01  5.00420E-03   7.08764E+01  4.95136E-03   7.26665E+01  4.89244E-03   7.45103E+01  4.82892E-03   7.64225E+01  4.76380E-03   7.84126E+01  4.69543E-03   8.04441E+01  4.62772E-03   8.25190E+01  4.55770E-03   8.46393E+01  4.48695E-03   8.67892E+01  4.41747E-03   8.89307E+01  4.34271E-03   9.10610E+01  4.26775E-03   9.32588E+01  4.19480E-03   9.54337E+01  4.11737E-03   9.74872E+01  4.03685E-03   9.95551E+01 
 3.93422E-03   2.78482E+02  4.01436E-03   2.76368E+02  4.09139E-03   2.74174E+02  4.16751E-03   2.71968E+02  4.24399E-03   2.69813E+02  4.31899E-03   2.67658E+02  4.39269E-03   2.65439E+02  4.46691E-03   2.63272E+02  4.53920E-03   2.61182E+02  4.61422E-03   2.59091E+02  4.68959E-03   2.57051E+02  4.76070E-03   2.55042E+02  4.83151E-03   2.53083E+02  4.89649E-03   2.51261E+02  4.95678E-03   2.49512E+02  5.00988E-03   2.47858E+02  5.05241E-03   2.46289E+02  5.08707E-03   2.44796E+02  5.10860E-03   2.43417E+02  5.11591E-03   2.42107E+02  5.10630E-03   2.40914E+02  5.07765E-03   2.39816E+02  5.02984E-03   2.38785E+02  4.95816E-03   2.37861E+02  4.86231E-03   2.37010E+02  4.73995E-03   2.36247E+02  4.59260E-03   2.35550E+02  4.41811E-03   2.34909E+02  4.21544E-03   2.34340E+02  3.98581E-03   2.33822E+02  3.72856E-03   2.33371E+02  3.44443E-03   2.32967E+02  3.13427E-03   2.32628E+02  2.80042E-03   2.32339E+02  2.44474E-03   2.32078E+02  2.06952E-03   2.31862E+02  1.67702E-03   2.31710E+02  1.27010E-03   2.31554E+02  8.52270E-04   2.31451E+02  4.26826E-04   2.31373E+02  2.05730E-06   5.29798E+01  4.31137E-04   5.14102E+01  8.56358E-04   5.15132E+01  1.27358E-03   5.16084E+01  1.68044E-03   5.17424E+01  2.07346E-03   5.18925E+01  2.44933E-03   5.21015E+01  2.80504E-03   5.23602E+01  3.13752E-03   5.26660E+01  3.44694E-03   5.30064E+01  3.73036E-03   5.34000E+01  3.98683E-03   5.38442E+01  4.21552E-03   5.43595E+01  4.41686E-03   5.49324E+01  4.59100E-03   5.55536E+01  4.73807E-03   5.62510E+01  4.85954E-03   5.70097E+01  4.95458E-03   5.78620E+01  5.02697E-03   5.87995E+01  5.07568E-03   5.98111E+01  5.10530E-03   6.09250E+01  5.11573E-03   6.21155E+01  5.11000E-03   6.34105E+01  5.08950E-03   6.47958E+01  5.05495E-03   6.62795E+01  5.01203E-03   6.78569E+01  4.95844E-03   6.95092E+01  4.89826E-03   7.12609E+01  4.83243E-03   7.31029E+01  4.76209E-03   7.50318E+01  4.68997E-03   7.70283E+01  4.61411E-03   7.91038E+01  4.54004E-03   8.12009E+01  4.46541E-03   8.32993E+01  4.39079E-03   8.54671E+01  4.31859E-03   8.76558E+01  4.24341E-03   8.97989E+01  4.16712E-03   9.19385E+01  4.09079E-03   9.41396E+01  4.01286E-03   9.63664E+01  3.93698E-03   9.85049E+01 
 3.82013E-03   2.77388E+02  3.89958E-03   2.75212E+02  3.97808E-03   2.73001E+02  4.05442E-03   2.70801E+02  4.13161E-03   2.68605E+02  4.20921E-03   2.66357E+02  4.28539E-03   2.64158E+02  4.36472E-03   2.62031E+02  4.44288E-03   2.59894E+02  4.52259E-03   2.57794E+02  4.60264E-03   2.55723E+02  4.67775E-03   2.53697E+02  4.75299E-03   2.51818E+02  4.82342E-03   2.50004E+02  4.88964E-03   2.48245E+02  4.94919E-03   2.46603E+02  4.99869E-03   2.45048E+02  5.03976E-03   2.43607E+02  5.06656E-03   2.42244E+02  5.07879E-03   2.40985E+02  5.07390E-03   2.39841E+02  5.04900E-03   2.38756E+02  5.00380E-03   2.37774E+02  4.93482E-03   2.36874E+02  4.84254E-03   2.36066E+02  4.72528E-03   2.35322E+02  4.58134E-03   2.34635E+02  4.41042E-03   2.34039E+02  4.21116E-03   2.33499E+02  3.98418E-03   2.33014E+02  3.72923E-03   2.32590E+02  3.44794E-03   2.32212E+02  3.14013E-03   2.31889E+02  2.80796E-03   2.31597E+02  2.45356E-03   2.31346E+02  2.07801E-03   2.31153E+02  1.68500E-03   2.30992E+02  1.27690E-03   2.30896E+02  8.57852E-04   2.30830E+02  4.32288E-04   2.30849E+02  2.21009E-06   2.64216E+02  4.29168E-04   5.05080E+01  8.55617E-04   5.06488E+01  1.27487E-03   5.07447E+01  1.68263E-03   5.08744E+01  2.07546E-03   5.10675E+01  2.45136E-03   5.12870E+01  2.80627E-03   5.15320E+01  3.13887E-03   5.18129E+01  3.44755E-03   5.21588E+01  3.73006E-03   5.25401E+01  3.98571E-03   5.29860E+01  4.21226E-03   5.34753E+01  4.41160E-03   5.40291E+01  4.58248E-03   5.46520E+01  4.72669E-03   5.53269E+01  4.84424E-03   5.60895E+01  4.93609E-03   5.68998E+01  5.00429E-03   5.78028E+01  5.04796E-03   5.87788E+01  5.07266E-03   5.98458E+01  5.07665E-03   6.10111E+01  5.06491E-03   6.22544E+01  5.03854E-03   6.36082E+01  4.99702E-03   6.50565E+01  4.94798E-03   6.66147E+01  4.88861E-03   6.82648E+01  4.82359E-03   7.00055E+01  4.75374E-03   7.18194E+01  4.67827E-03   7.37042E+01  4.60297E-03   7.56789E+01  4.52383E-03   7.77250E+01  4.44494E-03   7.98519E+01  4.36674E-03   8.20030E+01  4.28671E-03   8.41757E+01  4.21104E-03   8.63998E+01  4.13320E-03   8.86207E+01  4.05442E-03   9.08430E+01  3.97884E-03   9.30213E+01  3.89823E-03   9.51677E+01  3.81680E-03   9.73683E+01 
 3.69548E-03   2.76355E+02  3.77558E-03   2.74161E+02  3.85276E-03   2.71906E+02  3.93080E-03   2.69638E+02  4.01134E-03   2.67396E+02  4.09051E-03   2.65182E+02  4.17035E-03   2.62966E+02  4.25127E-03   2.60774E+02  4.33152E-03   2.58626E+02  4.41615E-03   2.56497E+02  4.49889E-03   2.54432E+02  4.57964E-03   2.52480E+02  4.66072E-03   2.50592E+02  4.73552E-03   2.48773E+02  4.80649E-03   2.47063E+02  4.87001E-03   2.45451E+02  4.92400E-03   2.43941E+02  4.96935E-03   2.42515E+02  5.00042E-03   2.41188E+02  5.01696E-03   2.39976E+02  5.01603E-03   2.38836E+02  4.99738E-03   2.37790E+02  4.95780E-03   2.36840E+02  4.89367E-03   2.35979E+02  4.80672E-03   2.35188E+02  4.69299E-03   2.34466E+02  4.55356E-03   2.33824E+02  4.38570E-03   2.33243E+02  4.19006E-03   2.32718E+02  3.96640E-03   2.32235E+02  3.71377E-03   2.31814E+02  3.43501E-03   2.31445E+02  3.12946E-03   2.31121E+02  2.79869E-03   2.30840E+02  2.44456E-03   2.30608E+02  2.07110E-03   2.30405E+02  1.67906E-03   2.30234E+02  1.27227E-03   2.30094E+02  8.54004E-04   2.29984E+02  4.28150E-04   2.29832E+02  1.96096E-06   9.64603E+01  4.30930E-04   5.02790E+01  8.56683E-04   5.02212E+01  1.27462E-03   5.02406E+01  1.68081E-03   5.03461E+01  2.07274E-03   5.04792E+01  2.44617E-03   5.06573E+01  2.80024E-03   5.08914E+01  3.12989E-03   5.11508E+01  3.43547E-03   5.14553E+01  3.71411E-03   5.18260E+01  3.96610E-03   5.22328E+01  4.18978E-03   5.27029E+01  4.38437E-03   5.32213E+01  4.55203E-03   5.38016E+01  4.69105E-03   5.44524E+01  4.80492E-03   5.51720E+01  4.89157E-03   5.59796E+01  4.95593E-03   5.68479E+01  4.99639E-03   5.78008E+01  5.01714E-03   5.88484E+01  5.01792E-03   5.99784E+01  5.00055E-03   6.12089E+01  4.97155E-03   6.25177E+01  4.92572E-03   6.39339E+01  4.87167E-03   6.54563E+01  4.80806E-03   6.70637E+01  4.73607E-03   6.87798E+01  4.66132E-03   7.05954E+01  4.58047E-03   7.24981E+01  4.49856E-03   7.44691E+01  4.41497E-03   7.65136E+01  4.33143E-03   7.86169E+01  4.25057E-03   8.07671E+01  4.16815E-03   8.29603E+01  4.08926E-03   8.51794E+01  4.01143E-03   8.73843E+01  3.93053E-03   8.96013E+01  3.85328E-03   9.19046E+01  3.77687E-03   9.41960E+01  3.69778E-03   9.63682E+01 
 3.56204E-03   2.75370E+02  3.64011E-03   2.73094E+02  3.71875E-03   2.70795E+02  3.79750E-03   2.68548E+02  3.87697E-03   2.66310E+02  3.95721E-03   2.64019E+02  4.03724E-03   2.61786E+02  4.12106E-03   2.59626E+02  4.20773E-03   2.57453E+02  4.29570E-03   2.55341E+02  4.38162E-03   2.53306E+02  4.46634E-03   2.51311E+02  4.54982E-03   2.49435E+02  4.62739E-03   2.47664E+02  4.70257E-03   2.45981E+02  4.76979E-03   2.44398E+02  4.82946E-03   2.42883E+02  4.87987E-03   2.41489E+02  4.91464E-03   2.40199E+02  4.93609E-03   2.39001E+02  4.94005E-03   2.37909E+02  4.92413E-03   2.36903E+02  4.88660E-03   2.35997E+02  4.82662E-03   2.35154E+02  4.74328E-03   2.34388E+02  4.63353E-03   2.33698E+02  4.49785E-03   2.33066E+02  4.33472E-03   2.32501E+02  4.14381E-03   2.31990E+02  3.92428E-03   2.31537E+02  3.67719E-03   2.31141E+02  3.40272E-03   2.30795E+02  3.10185E-03   2.30487E+02  2.77562E-03   2.30226E+02  2.42637E-03   2.30011E+02  2.05632E-03   2.29830E+02  1.66813E-03   2.29682E+02  1.26474E-03   2.29594E+02  8.49953E-04   2.29520E+02  4.27422E-04   2.29490E+02  1.38946E-06   2.77174E+02  4.25900E-04   4.92154E+01  8.48902E-04   4.93586E+01  1.26430E-03   4.94723E+01  1.66750E-03   4.95848E+01  2.05569E-03   4.97580E+01  2.42636E-03   4.99610E+01  2.77606E-03   5.01883E+01  3.10310E-03   5.04473E+01  3.40467E-03   5.07725E+01  3.67980E-03   5.11205E+01  3.92692E-03   5.15260E+01  4.14658E-03   5.19774E+01  4.33789E-03   5.24901E+01  4.50150E-03   5.30621E+01  4.63607E-03   5.36894E+01  4.74498E-03   5.43904E+01  4.82759E-03   5.51438E+01  4.88611E-03   5.59936E+01  4.92269E-03   5.69025E+01  4.93784E-03   5.79232E+01  4.93410E-03   5.90219E+01  4.91253E-03   6.02083E+01  4.87753E-03   6.15122E+01  4.82796E-03   6.28929E+01  4.76893E-03   6.43929E+01  4.70193E-03   6.59828E+01  4.62748E-03   6.76691E+01  4.54999E-03   6.94377E+01  4.46681E-03   7.13000E+01  4.38286E-03   7.32675E+01  4.29634E-03   7.53024E+01  4.20886E-03   7.74287E+01  4.12399E-03   7.95958E+01  4.03937E-03   8.17889E+01  3.95820E-03   8.40635E+01  3.87768E-03   8.63469E+01  3.79705E-03   8.85704E+01  3.71854E-03   9.07698E+01  3.63839E-03   9.30361E+01  3.55882E-03   9.53541E+01 
 3.41716E-03   2.74406E+02  3.49606E-03   2.72098E+02  3.57255E-03   2.69805E+02  3.65112E-03   2.67518E+02  3.73274E-03   2.65211E+02  3.81350E-03   2.62952E+02  3.89737E-03   2.60744E+02  3.98365E-03   2.58523E+02  4.06904E-03   2.56330E+02  4.15833E-03   2.54217E+02  4.24621E-03   2.52146E+02  4.33365E-03   2.50210E+02  4.41980E-03   2.48389E+02  4.50128E-03   2.46610E+02  4.58020E-03   2.44952E+02  4.65121E-03   2.43372E+02  4.71406E-03   2.41910E+02  4.76564E-03   2.40577E+02  4.80375E-03   2.39305E+02  4.82874E-03   2.38151E+02  4.83473E-03   2.37078E+02  4.82313E-03   2.36095E+02  4.79055E-03   2.35204E+02  4.73482E-03   2.34384E+02  4.65740E-03   2.33642E+02  4.55332E-03   2.32964E+02  4.42358E-03   2.32362E+02  4.26593E-03   2.31813E+02  4.08051E-03   2.31328E+02  3.86723E-03   2.30885E+02  3.62529E-03   2.30495E+02  3.35587E-03   2.30157E+02  3.06003E-03   2.29860E+02  2.73950E-03   2.29595E+02  2.39516E-03   2.29360E+02  2.03062E-03   2.29170E+02  1.64720E-03   2.29020E+02  1.24906E-03   2.28898E+02  8.38848E-04   2.28806E+02  4.21297E-04   2.28637E+02  1.47748E-06   1.33507E+02  4.21542E-04   4.89614E+01  8.38620E-04   4.89542E+01  1.24808E-03   4.90184E+01  1.64608E-03   4.91232E+01  2.02952E-03   4.92607E+01  2.39392E-03   4.94115E+01  2.73818E-03   4.96277E+01  3.05847E-03   4.98703E+01  3.35414E-03   5.01579E+01  3.62303E-03   5.05070E+01  3.86467E-03   5.08751E+01  4.07848E-03   5.13140E+01  4.26386E-03   5.17963E+01  4.42217E-03   5.23507E+01  4.55259E-03   5.29570E+01  4.65765E-03   5.36345E+01  4.73549E-03   5.43859E+01  4.79098E-03   5.52097E+01  4.82373E-03   5.61155E+01  4.83601E-03   5.70883E+01  4.83004E-03   5.81638E+01  4.80521E-03   5.93240E+01  4.76809E-03   6.05723E+01  4.71513E-03   6.19238E+01  4.65233E-03   6.33861E+01  4.58118E-03   6.49526E+01  4.50127E-03   6.66289E+01  4.41996E-03   6.84078E+01  4.33343E-03   7.02537E+01  4.24594E-03   7.21990E+01  4.15835E-03   7.42177E+01  4.06899E-03   7.63068E+01  3.98307E-03   7.84916E+01  3.89627E-03   8.06870E+01  3.81333E-03   8.29163E+01  3.73351E-03   8.52008E+01  3.65126E-03   8.75090E+01  3.57363E-03   8.98419E+01  3.49807E-03   9.21324E+01  3.41850E-03   9.43710E+01 
 3.26446E-03   2.73496E+02  3.34014E-03   2.71152E+02  3.41661E-03   2.68809E+02  3.49588E-03   2.66504E+02  3.57562E-03   2.64224E+02  3.65587E-03   2.61925E+02  3.73915E-03   2.59664E+02  3.82565E-03   2.57460E+02  3.91517E-03   2.55287E+02  4.00662E-03   2.53176E+02  4.09603E-03   2.51166E+02  4.18493E-03   2.49244E+02  4.27228E-03   2.47397E+02  4.35585E-03   2.45658E+02  4.43614E-03   2.44015E+02  4.50912E-03   2.42478E+02  4.57458E-03   2.41040E+02  4.62862E-03   2.39705E+02  4.66987E-03   2.38474E+02  4.69754E-03   2.37335E+02  4.70737E-03   2.36298E+02  4.69947E-03   2.35349E+02  4.66967E-03   2.34487E+02  4.61902E-03   2.33698E+02  4.54505E-03   2.32967E+02  4.44550E-03   2.32320E+02  4.32039E-03   2.31726E+02  4.16792E-03   2.31183E+02  3.98885E-03   2.30709E+02  3.78120E-03   2.30278E+02  3.54684E-03   2.29897E+02  3.28426E-03   2.29573E+02  2.99633E-03   2.29287E+02  2.68337E-03   2.29047E+02  2.34719E-03   2.28842E+02  1.99038E-03   2.28673E+02  1.61561E-03   2.28544E+02  1.22502E-03   2.28448E+02  8.23600E-04   2.28419E+02  4.13928E-04   2.28454E+02  9.41646E-07   3.19593E+02  4.14015E-04   4.82497E+01  8.24029E-04   4.83555E+01  1.22568E-03   4.84208E+01  1.61585E-03   4.85363E+01  1.99147E-03   4.86695E+01  2.34875E-03   4.88316E+01  2.68537E-03   4.90447E+01  2.99918E-03   4.93003E+01  3.28672E-03   4.96008E+01  3.54938E-03   4.99284E+01  3.78386E-03   5.02992E+01  3.99189E-03   5.07163E+01  4.17059E-03   5.11933E+01  4.32321E-03   5.17187E+01  4.44746E-03   5.23054E+01  4.54591E-03   5.29530E+01  4.61955E-03   5.36678E+01  4.66917E-03   5.44782E+01  4.69759E-03   5.53384E+01  4.70471E-03   5.62969E+01  4.69545E-03   5.73418E+01  4.66726E-03   5.84859E+01  4.62685E-03   5.97357E+01  4.57270E-03   6.10483E+01  4.50757E-03   6.24851E+01  4.43661E-03   6.40092E+01  4.35645E-03   6.56405E+01  4.27313E-03   6.73792E+01  4.18622E-03   6.92074E+01  4.09698E-03   7.11558E+01  4.00750E-03   7.31740E+01  3.91703E-03   7.52727E+01  3.82814E-03   7.74638E+01  3.74053E-03   7.96910E+01  3.65616E-03   8.19662E+01  3.57593E-03   8.42691E+01  3.49526E-03   8.65132E+01  3.41567E-03   8.87591E+01  3.33833E-03   9.11159E+01  3.26236E-03   9.34900E+01 
 3.09958E-03   2.72601E+02  3.17548E-03   2.70237E+02  3.24965E-03   2.67912E+02  3.32642E-03   2.65594E+02  3.40607E-03   2.63250E+02  3.48600E-03   2.60959E+02  3.57109E-03   2.58746E+02  3.66018E-03   2.56515E+02  3.74840E-03   2.54302E+02  3.83773E-03   2.52214E+02  3.92648E-03   2.50178E+02  4.01599E-03   2.48262E+02  4.10370E-03   2.46484E+02  4.18852E-03   2.44754E+02  4.27129E-03   2.43142E+02  4.34575E-03   2.41620E+02  4.41240E-03   2.40214E+02  4.46793E-03   2.38931E+02  4.51042E-03   2.37715E+02  4.53932E-03   2.36621E+02  4.55130E-03   2.35608E+02  4.54562E-03   2.34686E+02  4.52038E-03   2.33835E+02  4.47469E-03   2.33036E+02  4.40597E-03   2.32339E+02  4.31234E-03   2.31703E+02  4.19416E-03   2.31131E+02  4.04948E-03   2.30612E+02  3.87740E-03   2.30142E+02  3.67828E-03   2.29726E+02  3.45166E-03   2.29376E+02  3.19880E-03   2.29061E+02  2.91946E-03   2.28793E+02  2.61554E-03   2.28543E+02  2.28873E-03   2.28335E+02  1.94115E-03   2.28187E+02  1.57610E-03   2.28041E+02  1.19600E-03   2.27930E+02  8.03859E-04   2.27831E+02  4.04338E-04   2.27769E+02  1.31607E-06   2.04634E+02  4.02418E-04   4.79451E+01  8.01869E-04   4.79072E+01  1.19357E-03   4.79721E+01  1.57348E-03   4.80485E+01  1.93871E-03   4.81790E+01  2.28629E-03   4.83391E+01  2.61289E-03   4.85376E+01  2.91678E-03   4.87727E+01  3.19584E-03   4.90423E+01  3.44924E-03   4.93637E+01  3.67592E-03   4.97235E+01  3.87521E-03   5.01448E+01  4.04804E-03   5.05951E+01  4.19361E-03   5.11277E+01  4.31265E-03   5.16996E+01  4.40705E-03   5.23470E+01  4.47598E-03   5.30519E+01  4.52244E-03   5.38265E+01  4.54725E-03   5.46846E+01  4.55168E-03   5.56044E+01  4.54068E-03   5.66292E+01  4.51139E-03   5.77206E+01  4.46885E-03   5.89282E+01  4.41297E-03   6.02268E+01  4.34492E-03   6.16355E+01  4.27082E-03   6.31664E+01  4.18876E-03   6.47820E+01  4.10376E-03   6.65250E+01  4.01506E-03   6.83271E+01  3.92577E-03   7.02243E+01  3.83706E-03   7.22244E+01  3.74654E-03   7.42723E+01  3.65919E-03   7.64509E+01  3.57137E-03   7.86778E+01  3.48642E-03   8.09193E+01  3.40682E-03   8.32575E+01  3.32710E-03   8.56429E+01  3.25028E-03   8.79698E+01  3.17619E-03   9.02406E+01  3.09942E-03   9.25757E+01 
 2.92775E-03   2.71796E+02  2.99862E-03   2.69409E+02  3.07111E-03   2.67050E+02  3.14849E-03   2.64709E+02  3.22536E-03   2.62391E+02  3.30408E-03   2.60099E+02  3.38774E-03   2.57812E+02  3.47283E-03   2.55546E+02  3.56074E-03   2.53391E+02  3.65098E-03   2.51315E+02  3.74038E-03   2.49329E+02  3.83065E-03   2.47472E+02  3.91784E-03   2.45669E+02  4.00303E-03   2.43960E+02  4.08443E-03   2.42359E+02  4.15751E-03   2.40865E+02  4.22455E-03   2.39497E+02  4.28014E-03   2.38205E+02  4.32475E-03   2.37021E+02  4.35571E-03   2.35941E+02  4.37038E-03   2.34950E+02  4.36955E-03   2.34044E+02  4.34737E-03   2.33210E+02  4.30507E-03   2.32473E+02  4.24085E-03   2.31778E+02  4.15322E-03   2.31157E+02  4.04062E-03   2.30600E+02  3.90194E-03   2.30081E+02  3.73811E-03   2.29635E+02  3.54665E-03   2.29222E+02  3.33001E-03   2.28860E+02  3.08633E-03   2.28552E+02  2.81792E-03   2.28284E+02  2.52523E-03   2.28055E+02  2.21010E-03   2.27865E+02  1.87489E-03   2.27706E+02  1.52230E-03   2.27576E+02  1.15501E-03   2.27485E+02  7.76473E-04   2.27411E+02  3.89930E-04   2.27301E+02  4.38701E-07   6.64118E+01  3.90981E-04   4.73771E+01  7.77905E-04   4.74351E+01  1.15679E-03   4.75000E+01  1.52430E-03   4.76056E+01  1.87700E-03   4.77501E+01  2.21240E-03   4.79050E+01  2.52771E-03   4.80847E+01  2.82026E-03   4.83150E+01  3.08841E-03   4.85760E+01  3.33178E-03   4.88946E+01  3.54779E-03   4.92466E+01  3.73922E-03   4.96419E+01  3.90199E-03   5.00881E+01  4.04065E-03   5.05875E+01  4.15252E-03   5.11539E+01  4.24027E-03   5.17649E+01  4.30475E-03   5.24483E+01  4.34614E-03   5.32024E+01  4.36795E-03   5.40347E+01  4.36822E-03   5.49566E+01  4.35440E-03   5.59532E+01  4.32242E-03   5.70413E+01  4.27912E-03   5.82291E+01  4.22483E-03   5.95019E+01  4.15712E-03   6.08755E+01  4.08508E-03   6.23425E+01  4.00373E-03   6.39306E+01  3.91859E-03   6.56429E+01  3.83178E-03   6.74438E+01  3.74127E-03   6.93552E+01  3.65247E-03   7.13504E+01  3.56251E-03   7.34072E+01  3.47429E-03   7.55714E+01  3.38869E-03   7.78204E+01  3.30430E-03   8.00982E+01  3.22545E-03   8.23809E+01  3.14783E-03   8.46643E+01  3.07044E-03   8.70045E+01  2.99743E-03   8.94182E+01  2.92637E-03   9.18034E+01 
 2.74286E-03   2.71013E+02  2.81319E-03   2.68604E+02  2.88385E-03   2.66262E+02  2.95651E-03   2.63913E+02  3.03186E-03   2.61540E+02  3.10909E-03   2.59236E+02  3.19127E-03   2.56996E+02  3.27782E-03   2.54765E+02  3.36376E-03   2.52580E+02  3.45051E-03   2.50511E+02  3.53699E-03   2.48515E+02  3.62424E-03   2.46635E+02  3.70998E-03   2.44873E+02  3.79344E-03   2.43186E+02  3.87435E-03   2.41625E+02  3.94806E-03   2.40152E+02  4.01442E-03   2.38789E+02  4.06998E-03   2.37558E+02  4.11444E-03   2.36412E+02  4.14610E-03   2.35358E+02  4.16294E-03   2.34379E+02  4.16230E-03   2.33496E+02  4.14321E-03   2.32688E+02  4.10577E-03   2.31926E+02  4.04616E-03   2.31251E+02  3.96513E-03   2.30639E+02  3.85965E-03   2.30087E+02  3.73032E-03   2.29591E+02  3.57559E-03   2.29152E+02  3.39557E-03   2.28753E+02  3.18910E-03   2.28410E+02  2.95745E-03   2.28116E+02  2.70175E-03   2.27867E+02  2.42250E-03   2.27640E+02  2.12146E-03   2.27453E+02  1.80027E-03   2.27304E+02  1.46280E-03   2.27185E+02  1.11058E-03   2.27077E+02  7.47101E-04   2.27032E+02  3.76245E-04   2.27051E+02  1.08654E-06   2.53336E+02  3.74043E-04   4.68970E+01  7.44361E-04   4.69660E+01  1.10761E-03   4.70467E+01  1.45983E-03   4.71534E+01  1.79778E-03   4.72652E+01  2.11902E-03   4.74249E+01  2.41986E-03   4.76265E+01  2.69939E-03   4.78389E+01  2.95532E-03   4.81049E+01  3.18688E-03   4.84168E+01  3.39354E-03   4.87586E+01  3.57446E-03   4.91615E+01  3.72970E-03   4.95939E+01  3.85999E-03   5.01042E+01  3.96645E-03   5.06479E+01  4.04804E-03   5.12666E+01  4.10754E-03   5.19313E+01  4.14518E-03   5.26730E+01  4.16428E-03   5.34987E+01  4.16393E-03   5.43730E+01  4.14735E-03   5.53505E+01  4.11523E-03   5.63941E+01  4.06967E-03   5.75698E+01  4.01413E-03   5.88217E+01  3.94744E-03   6.01672E+01  3.87413E-03   6.16581E+01  3.79342E-03   6.32205E+01  3.70929E-03   6.49231E+01  3.62361E-03   6.66840E+01  3.53621E-03   6.85320E+01  3.44900E-03   7.05374E+01  3.36192E-03   7.25590E+01  3.27695E-03   7.46871E+01  3.19204E-03   7.69389E+01  3.10984E-03   7.92120E+01  3.03290E-03   8.15729E+01  2.95768E-03   8.39945E+01  2.88474E-03   8.63109E+01  2.81452E-03   8.85887E+01  2.74267E-03   9.10060E+01 
 2.55373E-03   2.70304E+02  2.61781E-03   2.67909E+02  2.68341E-03   2.65522E+02  2.75584E-03   2.63130E+02  2.82774E-03   2.60816E+02  2.90232E-03   2.58525E+02  2.98247E-03   2.56212E+02  3.06241E-03   2.53932E+02  3.14452E-03   2.51800E+02  3.22932E-03   2.49755E+02  3.31454E-03   2.47798E+02  3.40064E-03   2.45989E+02  3.48417E-03   2.44209E+02  3.56696E-03   2.42540E+02  3.64485E-03   2.40992E+02  3.71477E-03   2.39532E+02  3.77940E-03   2.38222E+02  3.83324E-03   2.36977E+02  3.87772E-03   2.35839E+02  3.91042E-03   2.34792E+02  3.92756E-03   2.33828E+02  3.93034E-03   2.32965E+02  3.91588E-03   2.32147E+02  3.88244E-03   2.31443E+02  3.82774E-03   2.30784E+02  3.75190E-03   2.30185E+02  3.65410E-03   2.29656E+02  3.53231E-03   2.29171E+02  3.38715E-03   2.28746E+02  3.21671E-03   2.28353E+02  3.02260E-03   2.28011E+02  2.80408E-03   2.27705E+02  2.56172E-03   2.27447E+02  2.29702E-03   2.27214E+02  2.01164E-03   2.27039E+02  1.70777E-03   2.26882E+02  1.38722E-03   2.26747E+02  1.05247E-03   2.26669E+02  7.07321E-04   2.26614E+02  3.54827E-04   2.26599E+02  1.22487E-06   7.92170E+01  3.57121E-04   4.67770E+01  7.09638E-04   4.66713E+01  1.05501E-03   4.67148E+01  1.38952E-03   4.67922E+01  1.70989E-03   4.69162E+01  2.01431E-03   4.70750E+01  2.29981E-03   4.72490E+01  2.56360E-03   4.74765E+01  2.80546E-03   4.77117E+01  3.02395E-03   4.80169E+01  3.21761E-03   4.83469E+01  3.38740E-03   4.87283E+01  3.53174E-03   4.91587E+01  3.65373E-03   4.96374E+01  3.75090E-03   5.01698E+01  3.82633E-03   5.07622E+01  3.88112E-03   5.14396E+01  3.91447E-03   5.21507E+01  3.92980E-03   5.29662E+01  3.92639E-03   5.38468E+01  3.90893E-03   5.48053E+01  3.87638E-03   5.58508E+01  3.83264E-03   5.69776E+01  3.77995E-03   5.82120E+01  3.71497E-03   5.95266E+01  3.64506E-03   6.09639E+01  3.56692E-03   6.25047E+01  3.48505E-03   6.41624E+01  3.40238E-03   6.59522E+01  3.31575E-03   6.78191E+01  3.23075E-03   6.98034E+01  3.14609E-03   7.18520E+01  3.06345E-03   7.39753E+01  2.98298E-03   7.62199E+01  2.90292E-03   7.84942E+01  2.82815E-03   8.07729E+01  2.75515E-03   8.30865E+01  2.68301E-03   8.54949E+01  2.61702E-03   8.79267E+01  2.55250E-03   9.03157E+01 
 2.35016E-03   2.69651E+02  2.41182E-03   2.67205E+02  2.47630E-03   2.64845E+02  2.54271E-03   2.62493E+02  2.61104E-03   2.60111E+02  2.68277E-03   2.57776E+02  2.75836E-03   2.55500E+02  2.83699E-03   2.53280E+02  2.91694E-03   2.51156E+02  2.99774E-03   2.49110E+02  3.07791E-03   2.47139E+02  3.15865E-03   2.45289E+02  3.23819E-03   2.43540E+02  3.31637E-03   2.41894E+02  3.39050E-03   2.40372E+02  3.45925E-03   2.38944E+02  3.52230E-03   2.37626E+02  3.57478E-03   2.36433E+02  3.61837E-03   2.35328E+02  3.64926E-03   2.34316E+02  3.66728E-03   2.33382E+02  3.67066E-03   2.32519E+02  3.65744E-03   2.31740E+02  3.62769E-03   2.31022E+02  3.57879E-03   2.30351E+02  3.51074E-03   2.29757E+02  3.41973E-03   2.29224E+02  3.30846E-03   2.28744E+02  3.17376E-03   2.28320E+02  3.01650E-03   2.27939E+02  2.83582E-03   2.27610E+02  2.63243E-03   2.27316E+02  2.40635E-03   2.27081E+02  2.15885E-03   2.26873E+02  1.89242E-03   2.26693E+02  1.60686E-03   2.26537E+02  1.30573E-03   2.26432E+02  9.91484E-04   2.26351E+02  6.67512E-04   2.26345E+02  3.35802E-04   2.26364E+02  1.42330E-06   2.58321E+02  3.33354E-04   4.60420E+01  6.65097E-04   4.61751E+01  9.88816E-04   4.62794E+01  1.30329E-03   4.64110E+01  1.60454E-03   4.65275E+01  1.88955E-03   4.66735E+01  2.15674E-03   4.68545E+01  2.40460E-03   4.70724E+01  2.63048E-03   4.73253E+01  2.83460E-03   4.76289E+01  3.01523E-03   4.79640E+01  3.17338E-03   4.83494E+01  3.30860E-03   4.87723E+01  3.41999E-03   4.92498E+01  3.51144E-03   4.97770E+01  3.57997E-03   5.03709E+01  3.62977E-03   5.10125E+01  3.65962E-03   5.17296E+01  3.67305E-03   5.25141E+01  3.66926E-03   5.33508E+01  3.65031E-03   5.43029E+01  3.61869E-03   5.53254E+01  3.57407E-03   5.64581E+01  3.52153E-03   5.76665E+01  3.45867E-03   5.89781E+01  3.39035E-03   6.04271E+01  3.31628E-03   6.19317E+01  3.23691E-03   6.35923E+01  3.15771E-03   6.53190E+01  3.07711E-03   6.71277E+01  2.99608E-03   6.91228E+01  2.91563E-03   7.11331E+01  2.83690E-03   7.32144E+01  2.75923E-03   7.54483E+01  2.68399E-03   7.77502E+01  2.61279E-03   8.01371E+01  2.54403E-03   8.25688E+01  2.47758E-03   8.48775E+01  2.41326E-03   8.71635E+01  2.34947E-03   8.96557E+01 
 2.14385E-03   2.69029E+02  2.20022E-03   2.66634E+02  2.25775E-03   2.64250E+02  2.32195E-03   2.61837E+02  2.38555E-03   2.59498E+02  2.45224E-03   2.57194E+02  2.52474E-03   2.54873E+02  2.59645E-03   2.52610E+02  2.66922E-03   2.50498E+02  2.74423E-03   2.48465E+02  2.82066E-03   2.46535E+02  2.89841E-03   2.44770E+02  2.97420E-03   2.43017E+02  3.04918E-03   2.41390E+02  3.11933E-03   2.39878E+02  3.18287E-03   2.38452E+02  3.24182E-03   2.37201E+02  3.29113E-03   2.35985E+02  3.33251E-03   2.34871E+02  3.36381E-03   2.33861E+02  3.38165E-03   2.32922E+02  3.38741E-03   2.32087E+02  3.37753E-03   2.31297E+02  3.35146E-03   2.30610E+02  3.30731E-03   2.29969E+02  3.24424E-03   2.29400E+02  3.16299E-03   2.28881E+02  3.06053E-03   2.28404E+02  2.93721E-03   2.27989E+02  2.79182E-03   2.27626E+02  2.62510E-03   2.27305E+02  2.43695E-03   2.26998E+02  2.22791E-03   2.26751E+02  1.99963E-03   2.26528E+02  1.75210E-03   2.26366E+02  1.48805E-03   2.26214E+02  1.20901E-03   2.26105E+02  9.17694E-04   2.25998E+02  6.16465E-04   2.25885E+02  3.09315E-04   2.25852E+02  1.40202E-06   3.46976E+01  3.12381E-04   4.58806E+01  6.19374E-04   4.59682E+01  9.20346E-04   4.60322E+01  1.21120E-03   4.61146E+01  1.49022E-03   4.62175E+01  1.75440E-03   4.63769E+01  2.00124E-03   4.65357E+01  2.22953E-03   4.67459E+01  2.43820E-03   4.69907E+01  2.62562E-03   4.72865E+01  2.79174E-03   4.75971E+01  2.93676E-03   4.79742E+01  3.06033E-03   4.83864E+01  3.16277E-03   4.88607E+01  3.24391E-03   4.93824E+01  3.30651E-03   4.99423E+01  3.35051E-03   5.06044E+01  3.37653E-03   5.12908E+01  3.38665E-03   5.20929E+01  3.38037E-03   5.29459E+01  3.36233E-03   5.38742E+01  3.33230E-03   5.48900E+01  3.29122E-03   5.59779E+01  3.24245E-03   5.71833E+01  3.18350E-03   5.84364E+01  3.11955E-03   5.98476E+01  3.04945E-03   6.13593E+01  2.97548E-03   6.29693E+01  2.89996E-03   6.47625E+01  2.82210E-03   6.65759E+01  2.74589E-03   6.85275E+01  2.66961E-03   7.05917E+01  2.59619E-03   7.26605E+01  2.52493E-03   7.48700E+01  2.45251E-03   7.71487E+01  2.38578E-03   7.94183E+01  2.32158E-03   8.17895E+01  2.25712E-03   8.42654E+01  2.20004E-03   8.66777E+01  2.14340E-03   8.90426E+01 
 1.92455E-03   2.68527E+02  1.97598E-03   2.66065E+02  2.03261E-03   2.63679E+02  2.08923E-03   2.61343E+02  2.14723E-03   2.58944E+02  2.21018E-03   2.56566E+02  2.27597E-03   2.54290E+02  2.34321E-03   2.52077E+02  2.41252E-03   2.49986E+02  2.48340E-03   2.47978E+02  2.55324E-03   2.46049E+02  2.62329E-03   2.44228E+02  2.69321E-03   2.42493E+02  2.76162E-03   2.40868E+02  2.82589E-03   2.39364E+02  2.88574E-03   2.37978E+02  2.94045E-03   2.36699E+02  2.98709E-03   2.35526E+02  3.02696E-03   2.34461E+02  3.05513E-03   2.33487E+02  3.07361E-03   2.32577E+02  3.07909E-03   2.31732E+02  3.06949E-03   2.30983E+02  3.04667E-03   2.30291E+02  3.00811E-03   2.29637E+02  2.95376E-03   2.29058E+02  2.87978E-03   2.28529E+02  2.78825E-03   2.28056E+02  2.67639E-03   2.27635E+02  2.54561E-03   2.27273E+02  2.39478E-03   2.26959E+02  2.22402E-03   2.26670E+02  2.03444E-03   2.26431E+02  1.82678E-03   2.26234E+02  1.60237E-03   2.26059E+02  1.36152E-03   2.25902E+02  1.10702E-03   2.25826E+02  8.40308E-04   2.25737E+02  5.65855E-04   2.25705E+02  2.84797E-04   2.25800E+02  1.19454E-06   2.77791E+02  2.82682E-04   4.55687E+01  5.63905E-04   4.56508E+01  8.38631E-04   4.56875E+01  1.10494E-03   4.57794E+01  1.35970E-03   4.58928E+01  1.60056E-03   4.60497E+01  1.82509E-03   4.62298E+01  2.03355E-03   4.64512E+01  2.22312E-03   4.66848E+01  2.39376E-03   4.69855E+01  2.54507E-03   4.73184E+01  2.67666E-03   4.76866E+01  2.78836E-03   4.81102E+01  2.88030E-03   4.85665E+01  2.95516E-03   4.90798E+01  3.00963E-03   4.96492E+01  3.04907E-03   5.02757E+01  3.07117E-03   5.09770E+01  3.07994E-03   5.17187E+01  3.07500E-03   5.25361E+01  3.05594E-03   5.34683E+01  3.02681E-03   5.44659E+01  2.98639E-03   5.55694E+01  2.93996E-03   5.67476E+01  2.88480E-03   5.80335E+01  2.82464E-03   5.94394E+01  2.76080E-03   6.08987E+01  2.69216E-03   6.25065E+01  2.62349E-03   6.41941E+01  2.55314E-03   6.59841E+01  2.48178E-03   6.79679E+01  2.41184E-03   6.99851E+01  2.34351E-03   7.20380E+01  2.27609E-03   7.42472E+01  2.21101E-03   7.65763E+01  2.14924E-03   7.89781E+01  2.09046E-03   8.13821E+01  2.03317E-03   8.36960E+01  1.97714E-03   8.60257E+01  1.92342E-03   8.85401E+01 
 1.70274E-03   2.68001E+02  1.74858E-03   2.65615E+02  1.79605E-03   2.63225E+02  1.84905E-03   2.60770E+02  1.90169E-03   2.58425E+02  1.95795E-03   2.56114E+02  2.01885E-03   2.53799E+02  2.07835E-03   2.51566E+02  2.13944E-03   2.49472E+02  2.20173E-03   2.47443E+02  2.26500E-03   2.45528E+02  2.33098E-03   2.43797E+02  2.39463E-03   2.42068E+02  2.45728E-03   2.40490E+02  2.51667E-03   2.39011E+02  2.57077E-03   2.37604E+02  2.62032E-03   2.36396E+02  2.66219E-03   2.35213E+02  2.69753E-03   2.34127E+02  2.72472E-03   2.33135E+02  2.74116E-03   2.32201E+02  2.74778E-03   2.31383E+02  2.74226E-03   2.30617E+02  2.72289E-03   2.29934E+02  2.68921E-03   2.29311E+02  2.64007E-03   2.28770E+02  2.57561E-03   2.28254E+02  2.49365E-03   2.27805E+02  2.39533E-03   2.27402E+02  2.27836E-03   2.27029E+02  2.14350E-03   2.26704E+02  1.99121E-03   2.26416E+02  1.82137E-03   2.26194E+02  1.63610E-03   2.25972E+02  1.43387E-03   2.25814E+02  1.21831E-03   2.25666E+02  9.89985E-04   2.25565E+02  7.52078E-04   2.25471E+02  5.05689E-04   2.25404E+02  2.54164E-04   2.25323E+02  5.31420E-07   2.76628E+01  2.55716E-04   4.52837E+01  5.07709E-04   4.53989E+01  7.54240E-04   4.54546E+01  9.92600E-04   4.55470E+01  1.22025E-03   4.56396E+01  1.43536E-03   4.57888E+01  1.63743E-03   4.59574E+01  1.82302E-03   4.61734E+01  1.99233E-03   4.63994E+01  2.14381E-03   4.66685E+01  2.27834E-03   4.69771E+01  2.39460E-03   4.73603E+01  2.49352E-03   4.77647E+01  2.57522E-03   4.82419E+01  2.63956E-03   4.87641E+01  2.68837E-03   4.93031E+01  2.72125E-03   4.99686E+01  2.74078E-03   5.06330E+01  2.74686E-03   5.14079E+01  2.74008E-03   5.22447E+01  2.72419E-03   5.31493E+01  2.69782E-03   5.41496E+01  2.66172E-03   5.52008E+01  2.62010E-03   5.63711E+01  2.57065E-03   5.75927E+01  2.51702E-03   5.89786E+01  2.45849E-03   6.04534E+01  2.39568E-03   6.20374E+01  2.33253E-03   6.38326E+01  2.26679E-03   6.55853E+01  2.20253E-03   6.75183E+01  2.13898E-03   6.96100E+01  2.07772E-03   7.16259E+01  2.01900E-03   7.37850E+01  1.95871E-03   7.60544E+01  1.90251E-03   7.83212E+01  1.84896E-03   8.07407E+01  1.79546E-03   8.32858E+01  1.74882E-03   8.56486E+01  1.70258E-03   8.79898E+01 
 1.47078E-03   2.67622E+02  1.50969E-03   2.65154E+02  1.55555E-03   2.62784E+02  1.60032E-03   2.60455E+02  1.64584E-03   2.58028E+02  1.69719E-03   2.55626E+02  1.74963E-03   2.53333E+02  1.80239E-03   2.51146E+02  1.85791E-03   2.49101E+02  1.91447E-03   2.47109E+02  1.97096E-03   2.45206E+02  2.02826E-03   2.43407E+02  2.08387E-03   2.41670E+02  2.13749E-03   2.40083E+02  2.18823E-03   2.38619E+02  2.23671E-03   2.37260E+02  2.28149E-03   2.35993E+02  2.31931E-03   2.34843E+02  2.35174E-03   2.33791E+02  2.37509E-03   2.32828E+02  2.39102E-03   2.31962E+02  2.39665E-03   2.31136E+02  2.39070E-03   2.30401E+02  2.37517E-03   2.29725E+02  2.34630E-03   2.29083E+02  2.30487E-03   2.28521E+02  2.24864E-03   2.28002E+02  2.17877E-03   2.27539E+02  2.09277E-03   2.27111E+02  1.99140E-03   2.26756E+02  1.87480E-03   2.26444E+02  1.74275E-03   2.26157E+02  1.59559E-03   2.25937E+02  1.43245E-03   2.25732E+02  1.25680E-03   2.25570E+02  1.06863E-03   2.25429E+02  8.69258E-04   2.25320E+02  6.60122E-04   2.25265E+02  4.44425E-04   2.25214E+02  2.23728E-04   2.25225E+02  7.76099E-07   2.92033E+02  2.22397E-04   4.50365E+01  4.43129E-04   4.51369E+01  6.58656E-04   4.52478E+01  8.67705E-04   4.53357E+01  1.06744E-03   4.54293E+01  1.25610E-03   4.55684E+01  1.43172E-03   4.57209E+01  1.59401E-03   4.59583E+01  1.74177E-03   4.61835E+01  1.87451E-03   4.64754E+01  1.99149E-03   4.68076E+01  2.09294E-03   4.71579E+01  2.17858E-03   4.75846E+01  2.24904E-03   4.80133E+01  2.30595E-03   4.85283E+01  2.34736E-03   4.90874E+01  2.37703E-03   4.96843E+01  2.39239E-03   5.03704E+01  2.39781E-03   5.10996E+01  2.39170E-03   5.19052E+01  2.37489E-03   5.28126E+01  2.35102E-03   5.38005E+01  2.31770E-03   5.48890E+01  2.28029E-03   5.60677E+01  2.23605E-03   5.73294E+01  2.18803E-03   5.86822E+01  2.13704E-03   6.01169E+01  2.08190E-03   6.16860E+01  2.02659E-03   6.33661E+01  1.97026E-03   6.51290E+01  1.91352E-03   6.70606E+01  1.85756E-03   6.90860E+01  1.80280E-03   7.11477E+01  1.74985E-03   7.33404E+01  1.69871E-03   7.56753E+01  1.64903E-03   7.80723E+01  1.60179E-03   8.04605E+01  1.55614E-03   8.27708E+01  1.51133E-03   8.51331E+01  1.46935E-03   8.76807E+01 
 1.23590E-03   2.67202E+02  1.27089E-03   2.64825E+02  1.30581E-03   2.62471E+02  1.34475E-03   2.59997E+02  1.38502E-03   2.57625E+02  1.42790E-03   2.55325E+02  1.47353E-03   2.53022E+02  1.51763E-03   2.50785E+02  1.56341E-03   2.48700E+02  1.61019E-03   2.46666E+02  1.65747E-03   2.44779E+02  1.70722E-03   2.43098E+02  1.75537E-03   2.41377E+02  1.80312E-03   2.39819E+02  1.84845E-03   2.38384E+02  1.88981E-03   2.36993E+02  1.92708E-03   2.35802E+02  1.95896E-03   2.34643E+02  1.98582E-03   2.33607E+02  2.00675E-03   2.32627E+02  2.02061E-03   2.31673E+02  2.02657E-03   2.30866E+02  2.02353E-03   2.30106E+02  2.00995E-03   2.29436E+02  1.98654E-03   2.28817E+02  1.95164E-03   2.28289E+02  1.90502E-03   2.27788E+02  1.84554E-03   2.27342E+02  1.77358E-03   2.26937E+02  1.68795E-03   2.26577E+02  1.58903E-03   2.26262E+02  1.47691E-03   2.25992E+02  1.35151E-03   2.25765E+02  1.21456E-03   2.25541E+02  1.06454E-03   2.25400E+02  9.05385E-04   2.25241E+02  7.36218E-04   2.25117E+02  5.59514E-04   2.25058E+02  3.76313E-04   2.25000E+02  1.88894E-04   2.24846E+02  9.33037E-07   5.14392E+01  1.90572E-04   4.49172E+01  3.77537E-04   4.49325E+01  5.60647E-04   4.49649E+01  7.37611E-04   4.50737E+01  9.06662E-04   4.51846E+01  1.06558E-03   4.53450E+01  1.21504E-03   4.54933E+01  1.35219E-03   4.56877E+01  1.47741E-03   4.59272E+01  1.58909E-03   4.62111E+01  1.68789E-03   4.65176E+01  1.77294E-03   4.68941E+01  1.84515E-03   4.72918E+01  1.90394E-03   4.77560E+01  1.95042E-03   4.82822E+01  1.98534E-03   4.88378E+01  2.00889E-03   4.95109E+01  2.02271E-03   5.01500E+01  2.02510E-03   5.09262E+01  2.01990E-03   5.17372E+01  2.00710E-03   5.26035E+01  1.98666E-03   5.35787E+01  1.95934E-03   5.46036E+01  1.92728E-03   5.57718E+01  1.88942E-03   5.69421E+01  1.84858E-03   5.83215E+01  1.80519E-03   5.97942E+01  1.75746E-03   6.13384E+01  1.70897E-03   6.31547E+01  1.65958E-03   6.48684E+01  1.61111E-03   6.67712E+01  1.56332E-03   6.88830E+01  1.51775E-03   7.08494E+01  1.47280E-03   7.29743E+01  1.42710E-03   7.52190E+01  1.38577E-03   7.74809E+01  1.34523E-03   7.99657E+01  1.30488E-03   8.25520E+01  1.27044E-03   8.48668E+01  1.23578E-03   8.71885E+01 
 9.94152E-04   2.67014E+02  1.01944E-03   2.64520E+02  1.05166E-03   2.62156E+02  1.08332E-03   2.59842E+02  1.11484E-03   2.57382E+02  1.15106E-03   2.54930E+02  1.18747E-03   2.52615E+02  1.22363E-03   2.50460E+02  1.26202E-03   2.48468E+02  1.30177E-03   2.46517E+02  1.34184E-03   2.44651E+02  1.38216E-03   2.42833E+02  1.42080E-03   2.41088E+02  1.45788E-03   2.39530E+02  1.49323E-03   2.38059E+02  1.52711E-03   2.36727E+02  1.55818E-03   2.35485E+02  1.58449E-03   2.34339E+02  1.60788E-03   2.33308E+02  1.62449E-03   2.32351E+02  1.63633E-03   2.31528E+02  1.64163E-03   2.30725E+02  1.63827E-03   2.29995E+02  1.62843E-03   2.29329E+02  1.60873E-03   2.28706E+02  1.58144E-03   2.28142E+02  1.54391E-03   2.27590E+02  1.49592E-03   2.27142E+02  1.43764E-03   2.26726E+02  1.36928E-03   2.26370E+02  1.28979E-03   2.26063E+02  1.19903E-03   2.25777E+02  1.09817E-03   2.25539E+02  9.86247E-04   2.25355E+02  8.65805E-04   2.25199E+02  7.36302E-04   2.25082E+02  5.99011E-04   2.24979E+02  4.54969E-04   2.24869E+02  3.06573E-04   2.24867E+02  1.54338E-04   2.24792E+02  1.48344E-07   2.84514E+02  1.53514E-04   4.47412E+01  3.05377E-04   4.48195E+01  4.54232E-04   4.49122E+01  5.98416E-04   4.50100E+01  7.35563E-04   4.50725E+01  8.65321E-04   4.51952E+01  9.85877E-04   4.53967E+01  1.09764E-03   4.56338E+01  1.19886E-03   4.58545E+01  1.28930E-03   4.61553E+01  1.36894E-03   4.64522E+01  1.43781E-03   4.68018E+01  1.49618E-03   4.72209E+01  1.54389E-03   4.76329E+01  1.58222E-03   4.81512E+01  1.61020E-03   4.86728E+01  1.62943E-03   4.92740E+01  1.63935E-03   4.99472E+01  1.64229E-03   5.06622E+01  1.63689E-03   5.14674E+01  1.62399E-03   5.23411E+01  1.60687E-03   5.33424E+01  1.58340E-03   5.44209E+01  1.55688E-03   5.55970E+01  1.52668E-03   5.68508E+01  1.49337E-03   5.81392E+01  1.45790E-03   5.95614E+01  1.41907E-03   6.11051E+01  1.37988E-03   6.27619E+01  1.34127E-03   6.45043E+01  1.30183E-03   6.64003E+01  1.26202E-03   6.84916E+01  1.22340E-03   7.05390E+01  1.18692E-03   7.26826E+01  1.15178E-03   7.50485E+01  1.11689E-03   7.74498E+01  1.08466E-03   7.98287E+01  1.05297E-03   8.21245E+01  1.02191E-03   8.45042E+01  9.93437E-04   8.70717E+01 
 7.49520E-04   2.66613E+02  7.71772E-04   2.64288E+02  7.92951E-04   2.61995E+02  8.16945E-04   2.59487E+02  8.41693E-04   2.57074E+02  8.68426E-04   2.54824E+02  8.96598E-04   2.52530E+02  9.23875E-04   2.50275E+02  9.52540E-04   2.48219E+02  9.81673E-04   2.46145E+02  1.01051E-03   2.44268E+02  1.04112E-03   2.42656E+02  1.07145E-03   2.40923E+02  1.10136E-03   2.39426E+02  1.12979E-03   2.37998E+02  1.15586E-03   2.36566E+02  1.17950E-03   2.35431E+02  1.19942E-03   2.34303E+02  1.21620E-03   2.33250E+02  1.22945E-03   2.32281E+02  1.23769E-03   2.31333E+02  1.24139E-03   2.30529E+02  1.24067E-03   2.29755E+02  1.23332E-03   2.29080E+02  1.22015E-03   2.28468E+02  1.19856E-03   2.27973E+02  1.16983E-03   2.27503E+02  1.13421E-03   2.27056E+02  1.09072E-03   2.26664E+02  1.03836E-03   2.26317E+02  9.78064E-04   2.25989E+02  9.09255E-04   2.25735E+02  8.31891E-04   2.25492E+02  7.48081E-04   2.25281E+02  6.55976E-04   2.25112E+02  5.57980E-04   2.24918E+02  4.54087E-04   2.24859E+02  3.44751E-04   2.24783E+02  2.31156E-04   2.24774E+02  1.16280E-04   2.24757E+02  5.43497E-07   9.71629E+00  1.17326E-04   4.46029E+01  2.32443E-04   4.45390E+01  3.45635E-04   4.45891E+01  4.54382E-04   4.47614E+01  5.58488E-04   4.48759E+01  6.56561E-04   4.50356E+01  7.48135E-04   4.51421E+01  8.32386E-04   4.53345E+01  9.08968E-04   4.55778E+01  9.77202E-04   4.58814E+01  1.03793E-03   4.61878E+01  1.08935E-03   4.65778E+01  1.13354E-03   4.69774E+01  1.16957E-03   4.74026E+01  1.19798E-03   4.79389E+01  1.21838E-03   4.85108E+01  1.23196E-03   4.91957E+01  1.24035E-03   4.98420E+01  1.24111E-03   5.06203E+01  1.23824E-03   5.13816E+01  1.22969E-03   5.22320E+01  1.21663E-03   5.32036E+01  1.19934E-03   5.42013E+01  1.17928E-03   5.53972E+01  1.15513E-03   5.65412E+01  1.12968E-03   5.78870E+01  1.10368E-03   5.93247E+01  1.07373E-03   6.08400E+01  1.04294E-03   6.27147E+01  1.01146E-03   6.43867E+01  9.81476E-04   6.62991E+01  9.52234E-04   6.84369E+01  9.24186E-04   7.03113E+01  8.96514E-04   7.23791E+01  8.67777E-04   7.46145E+01  8.42853E-04   7.68607E+01  8.17138E-04   7.94752E+01  7.91663E-04   8.21842E+01  7.71733E-04   8.43738E+01  7.50353E-04   8.65684E+01 
 5.01965E-04   2.66615E+02  5.12805E-04   2.64024E+02  5.30577E-04   2.61764E+02  5.46548E-04   2.59607E+02  5.61815E-04   2.57037E+02  5.81123E-04   2.54430E+02  5.99806E-04   2.52103E+02  6.17812E-04   2.50029E+02  6.38064E-04   2.48137E+02  6.58630E-04   2.46197E+02  6.79130E-04   2.44406E+02  7.00971E-04   2.42527E+02  7.21034E-04   2.40676E+02  7.39719E-04   2.39155E+02  7.57635E-04   2.37623E+02  7.74682E-04   2.36310E+02  7.90924E-04   2.35132E+02  8.04068E-04   2.34009E+02  8.16579E-04   2.33024E+02  8.25420E-04   2.32046E+02  8.31586E-04   2.31246E+02  8.34851E-04   2.30430E+02  8.33034E-04   2.29749E+02  8.27989E-04   2.29129E+02  8.17525E-04   2.28491E+02  8.03664E-04   2.27934E+02  7.84688E-04   2.27335E+02  7.61297E-04   2.26890E+02  7.32184E-04   2.26447E+02  6.97202E-04   2.26099E+02  6.57238E-04   2.25791E+02  6.11061E-04   2.25531E+02  5.59951E-04   2.25298E+02  5.03314E-04   2.25100E+02  4.41895E-04   2.24933E+02  3.75637E-04   2.24817E+02  3.05626E-04   2.24707E+02  2.32496E-04   2.24613E+02  1.57015E-04   2.24695E+02  7.90766E-05   2.24413E+02  4.16355E-07   1.96317E+02  7.83305E-05   4.47994E+01  1.56300E-04   4.47647E+01  2.31835E-04   4.46466E+01  3.05123E-04   4.48259E+01  3.75470E-04   4.50043E+01  4.41288E-04   4.51087E+01  5.02969E-04   4.52718E+01  5.59864E-04   4.55184E+01  6.10514E-04   4.57181E+01  6.56957E-04   4.59912E+01  6.97352E-04   4.62808E+01  7.32158E-04   4.66129E+01  7.62098E-04   4.70465E+01  7.85952E-04   4.73854E+01  8.04709E-04   4.79112E+01  8.18724E-04   4.84306E+01  8.28939E-04   4.90314E+01  8.33648E-04   4.97090E+01  8.34981E-04   5.03712E+01  8.31860E-04   5.12175E+01  8.24757E-04   5.20781E+01  8.16067E-04   5.30565E+01  8.03516E-04   5.41686E+01  7.90004E-04   5.53321E+01  7.74512E-04   5.65466E+01  7.56887E-04   5.78449E+01  7.38583E-04   5.92794E+01  7.18980E-04   6.07524E+01  6.99436E-04   6.24257E+01  6.79455E-04   6.40950E+01  6.58902E-04   6.59051E+01  6.38393E-04   6.81428E+01  6.18300E-04   7.02079E+01  6.00029E-04   7.23113E+01  5.82296E-04   7.47468E+01  5.63950E-04   7.71562E+01  5.47780E-04   7.94641E+01  5.30810E-04   8.17556E+01  5.14185E-04   8.41420E+01  5.00784E-04   8.67566E+01 
 2.51467E-04   2.65946E+02  2.58934E-04   2.63943E+02  2.65813E-04   2.62079E+02  2.74017E-04   2.59370E+02  2.82092E-04   2.56768E+02  2.91788E-04   2.54616E+02  3.02158E-04   2.52309E+02  3.10862E-04   2.50013E+02  3.20164E-04   2.48033E+02  3.29417E-04   2.45808E+02  3.38325E-04   2.43856E+02  3.48910E-04   2.42470E+02  3.60015E-04   2.40688E+02  3.70952E-04   2.39328E+02  3.80706E-04   2.37934E+02  3.89496E-04   2.36249E+02  3.97865E-04   2.35274E+02  4.04261E-04   2.34133E+02  4.09103E-04   2.33092E+02  4.13877E-04   2.32152E+02  4.16739E-04   2.31117E+02  4.17893E-04   2.30386E+02  4.18393E-04   2.29469E+02  4.15544E-04   2.28814E+02  4.11254E-04   2.28220E+02  4.03969E-04   2.27722E+02  3.94818E-04   2.27344E+02  3.82765E-04   2.26910E+02  3.68213E-04   2.26523E+02  3.50556E-04   2.26254E+02  3.29716E-04   2.25933E+02  3.07255E-04   2.25686E+02  2.81017E-04   2.25473E+02  2.52850E-04   2.25207E+02  2.21718E-04   2.25066E+02  1.88473E-04   2.24797E+02  1.53082E-04   2.24798E+02  1.16166E-04   2.24834E+02  7.78972E-05   2.24911E+02  3.92683E-05   2.25159E+02  6.19621E-07   3.56400E+02  3.98758E-05   4.39499E+01  7.89730E-05   4.44908E+01  1.17389E-04   4.46064E+01  1.53621E-04   4.43684E+01  1.88578E-04   4.42729E+01  2.21664E-04   4.46351E+01  2.52833E-04   4.48282E+01  2.80948E-04   4.50220E+01  3.06839E-04   4.52145E+01  3.29572E-04   4.55532E+01  3.50599E-04   4.58678E+01  3.67638E-04   4.62359E+01  3.82900E-04   4.66145E+01  3.94293E-04   4.71205E+01  4.03569E-04   4.78163E+01  4.10486E-04   4.84091E+01  4.14152E-04   4.91357E+01  4.17562E-04   4.97021E+01  4.17534E-04   5.05206E+01  4.17098E-04   5.12061E+01  4.13999E-04   5.20296E+01  4.09686E-04   5.30259E+01  4.03876E-04   5.38961E+01  3.96941E-04   5.50951E+01  3.88424E-04   5.61288E+01  3.80446E-04   5.76070E+01  3.72132E-04   5.91621E+01  3.61704E-04   6.05196E+01  3.50677E-04   6.26198E+01  3.39295E-04   6.41975E+01  3.29499E-04   6.61383E+01  3.19308E-04   6.85292E+01  3.10626E-04   7.00372E+01  3.01190E-04   7.19628E+01  2.90392E-04   7.40548E+01  2.83352E-04   7.60444E+01  2.73659E-04   7.92417E+01  2.63765E-04   8.26698E+01  2.58796E-04   8.41783E+01  2.52603E-04   8.58225E+01 
 1.70128E-06   2.38555E+02  2.87565E-06   1.16866E+02  6.05464E-07   3.06972E+01  2.67470E-06   3.53450E+02  1.37902E-06   5.18266E+01  1.50129E-06   1.66803E+02  2.19620E-06   1.66615E+02  1.96039E-06   1.34408E+02  1.05276E-06   4.29662E+01  1.57400E-06   3.57734E+02  2.54854E-06   3.29164E+02  2.53538E-06   2.79629E+02  1.83115E-06   2.11591E+02  1.27225E-06   2.05679E+02  2.52336E-06   1.58402E+02  2.34648E-06   1.56484E+02  1.57469E-06   1.75885E+02  1.57941E-06   1.23089E+02  1.04991E-06   1.75548E+02  1.06023E-06   1.57159E+02  7.58166E-07   2.83696E+02  1.18939E-06   2.65358E+02  7.76000E-07   3.18440E+02  9.47041E-07   2.85667E+02  6.49659E-07   2.24219E+01  4.07306E-07   3.47260E+02  5.63144E-07   1.58665E+02  2.86599E-07   1.78985E+02  9.23817E-07   1.70695E+02  8.84058E-07   1.61729E+02  8.50541E-07   1.74937E+02  7.32775E-07   1.90002E+02  1.05853E-06   2.08787E+02  8.65980E-07   2.03348E+02  8.03277E-07   1.89581E+02  7.54520E-07   1.90880E+02  3.43248E-07   1.85548E+02  5.15909E-07   1.93118E+02  6.73507E-07   2.32510E+02  2.37226E-07   2.18623E+02  5.76495E-08   9.23342E+01  7.16492E-09   3.57458E+02  3.34708E-07   1.80146E+02  5.00780E-07   1.83950E+02  9.75623E-07   1.35089E+02  1.01761E-06   1.10395E+02  8.93558E-07   1.00497E+02  1.33588E-06   1.06646E+02  1.60109E-06   1.12647E+02  1.78678E-06   1.16431E+02  1.94402E-06   1.22197E+02  1.62168E-06   1.28115E+02  1.29548E-06   1.30192E+02  1.41192E-06   1.36033E+02  5.92056E-07   1.27145E+02  9.37760E-07   8.74653E+01  8.74533E-07   2.83980E+01  1.31629E-06   9.85367E+00  1.28810E-06   3.58757E+02  1.76720E-06   5.21080E+00  1.06209E-06   3.88531E+00  7.06323E-07   3.02411E+02  5.73428E-07   4.91630E+01  7.81257E-07   1.86755E+02  1.20326E-06   1.40432E+02  1.27703E-06   1.25389E+02  7.47853E-07   2.00307E+02  2.26022E-07   1.92269E+02  1.00584E-06   3.07946E+02  3.79733E-07   3.09490E-01  1.40096E-06   3.59817E+02  1.52630E-06   3.43311E+02  1.65931E-06   1.67282E+02  1.45105E-06   2.26063E+02  7.69018E-07   2.75669E+02  1.31851E-06   1.47372E+02  1.35104E-06   1.56814E+02  1.89546E-06   1.20076E+02  8.66199E-07   9.12445E+01  3.90919E-07   3.44320E+02  9.66563E-07   1.43212E+02 
 2.49467E-04   8.70264E+01  2.57013E-04   8.41425E+01  2.66061E-04   8.11929E+01  2.73668E-04   7.91502E+01  2.82329E-04   7.69681E+01  2.91143E-04   7.44921E+01  3.00033E-04   7.23763E+01  3.10886E-04   7.01440E+01  3.20443E-04   6.78571E+01  3.30917E-04   6.62275E+01  3.42331E-04   6.44469E+01  3.51870E-04   6.23064E+01  3.61485E-04   6.07644E+01  3.70984E-04   5.90318E+01  3.79797E-04   5.75760E+01  3.88194E-04   5.65289E+01  3.95317E-04   5.50793E+01  4.02558E-04   5.40351E+01  4.09803E-04   5.29234E+01  4.14241E-04   5.19278E+01  4.17756E-04   5.13061E+01  4.19162E-04   5.04925E+01  4.17851E-04   4.99132E+01  4.15815E-04   4.92049E+01  4.10309E-04   4.85034E+01  4.03850E-04   4.78876E+01  3.94160E-04   4.73694E+01  3.82071E-04   4.68141E+01  3.67260E-04   4.63702E+01  3.49695E-04   4.59663E+01  3.29888E-04   4.56409E+01  3.06084E-04   4.54822E+01  2.80888E-04   4.51951E+01  2.52256E-04   4.50078E+01  2.21872E-04   4.48299E+01  1.88782E-04   4.47362E+01  1.53527E-04   4.45334E+01  1.16382E-04   4.44527E+01  7.84946E-05   4.41082E+01  3.94865E-05   4.42512E+01  3.77877E-07   8.54602E+01  3.88913E-05   2.24630E+02  7.80275E-05   2.24598E+02  1.16370E-04   2.24781E+02  1.53409E-04   2.24905E+02  1.88467E-04   2.24957E+02  2.21417E-04   2.25168E+02  2.52228E-04   2.25418E+02  2.81534E-04   2.25583E+02  3.06755E-04   2.25802E+02  3.30030E-04   2.26069E+02  3.49874E-04   2.26388E+02  3.68165E-04   2.26642E+02  3.82530E-04   2.27073E+02  3.95052E-04   2.27471E+02  4.04803E-04   2.27806E+02  4.11143E-04   2.28360E+02  4.16475E-04   2.28797E+02  4.18277E-04   2.29539E+02  4.19292E-04   2.30289E+02  4.17344E-04   2.31165E+02  4.14367E-04   2.32047E+02  4.09167E-04   2.32981E+02  4.02440E-04   2.34245E+02  3.96165E-04   2.35256E+02  3.88228E-04   2.36694E+02  3.78443E-04   2.37844E+02  3.69384E-04   2.39062E+02  3.59775E-04   2.40898E+02  3.50458E-04   2.42183E+02  3.41522E-04   2.44077E+02  3.31040E-04   2.45823E+02  3.21317E-04   2.47383E+02  3.09595E-04   2.50113E+02  2.99842E-04   2.52442E+02  2.91953E-04   2.54752E+02  2.81115E-04   2.57585E+02  2.74080E-04   2.59109E+02  2.68071E-04   2.60452E+02  2.57675E-04   2.63974E+02  2.49030E-04   2.67488E+02 
 4.99205E-04   8.66751E+01  5.17961E-04   8.43314E+01  5.31197E-04   8.16250E+01  5.47513E-04   7.89513E+01  5.65703E-04   7.68531E+01  5.81538E-04   7.46753E+01  5.99227E-04   7.24788E+01  6.19208E-04   7.02610E+01  6.39229E-04   6.79729E+01  6.59037E-04   6.59621E+01  6.78657E-04   6.40201E+01  6.97720E-04   6.23450E+01  7.18325E-04   6.08744E+01  7.37728E-04   5.93052E+01  7.56223E-04   5.79782E+01  7.74238E-04   5.66619E+01  7.89917E-04   5.53942E+01  8.04591E-04   5.42525E+01  8.15296E-04   5.31700E+01  8.24311E-04   5.21829E+01  8.30200E-04   5.12022E+01  8.32613E-04   5.04064E+01  8.32747E-04   4.96684E+01  8.27476E-04   4.89635E+01  8.18808E-04   4.83505E+01  8.04369E-04   4.78382E+01  7.85520E-04   4.73970E+01  7.61926E-04   4.69187E+01  7.32465E-04   4.65653E+01  6.96670E-04   4.62004E+01  6.55909E-04   4.58631E+01  6.10466E-04   4.55864E+01  5.58929E-04   4.53797E+01  5.02475E-04   4.51956E+01  4.40455E-04   4.49933E+01  3.74430E-04   4.47970E+01  3.05125E-04   4.46811E+01  2.31609E-04   4.46914E+01  1.55627E-04   4.47187E+01  7.85687E-05   4.46819E+01  2.69967E-07   2.07355E+02  7.91332E-05   2.24171E+02  1.56138E-04   2.24406E+02  2.31830E-04   2.24476E+02  3.05088E-04   2.24620E+02  3.74749E-04   2.24751E+02  4.40709E-04   2.24857E+02  5.02259E-04   2.24971E+02  5.58957E-04   2.25180E+02  6.10243E-04   2.25448E+02  6.56242E-04   2.25707E+02  6.96854E-04   2.26084E+02  7.31935E-04   2.26442E+02  7.61124E-04   2.26807E+02  7.85313E-04   2.27325E+02  8.03657E-04   2.27848E+02  8.17887E-04   2.28456E+02  8.26935E-04   2.29107E+02  8.31444E-04   2.29782E+02  8.32761E-04   2.30519E+02  8.30195E-04   2.31316E+02  8.24471E-04   2.32182E+02  8.15328E-04   2.33069E+02  8.04603E-04   2.34081E+02  7.90640E-04   2.35179E+02  7.74698E-04   2.36414E+02  7.57961E-04   2.37769E+02  7.39121E-04   2.39199E+02  7.19503E-04   2.40834E+02  6.99310E-04   2.42500E+02  6.78342E-04   2.44318E+02  6.58305E-04   2.46150E+02  6.39009E-04   2.47911E+02  6.19591E-04   2.50150E+02  6.00387E-04   2.52385E+02  5.81475E-04   2.54387E+02  5.63775E-04   2.56728E+02  5.45721E-04   2.59212E+02  5.29681E-04   2.61683E+02  5.15165E-04   2.64148E+02  5.00435E-04   2.66596E+02 
 7.47409E-04   8.69873E+01  7.69232E-04   8.43774E+01  7.93257E-04   8.17571E+01  8.16466E-04   7.94380E+01  8.42204E-04   7.70886E+01  8.68692E-04   7.47074E+01  8.94783E-04   7.25032E+01  9.23990E-04   7.03641E+01  9.53280E-04   6.82037E+01  9.83447E-04   6.63062E+01  1.01508E-03   6.44749E+01  1.04451E-03   6.25766E+01  1.07374E-03   6.09411E+01  1.10176E-03   5.93296E+01  1.12805E-03   5.78859E+01  1.15437E-03   5.66262E+01  1.17774E-03   5.53394E+01  1.19828E-03   5.42374E+01  1.21667E-03   5.31542E+01  1.22963E-03   5.22206E+01  1.23889E-03   5.14259E+01  1.24317E-03   5.05954E+01  1.24108E-03   4.98870E+01  1.23381E-03   4.91877E+01  1.21806E-03   4.86076E+01  1.19771E-03   4.80211E+01  1.16931E-03   4.74888E+01  1.13346E-03   4.69993E+01  1.08958E-03   4.65728E+01  1.03727E-03   4.62325E+01  9.77390E-04   4.58909E+01  9.08110E-04   4.56334E+01  8.32232E-04   4.53955E+01  7.47606E-04   4.52135E+01  6.56225E-04   4.50675E+01  5.57601E-04   4.49401E+01  4.53654E-04   4.48070E+01  3.45210E-04   4.47406E+01  2.32913E-04   4.46189E+01  1.17355E-04   4.46105E+01  2.22456E-07   3.92616E+00  1.16842E-04   2.24825E+02  2.31958E-04   2.24777E+02  3.44789E-04   2.24846E+02  4.53749E-04   2.24914E+02  5.58077E-04   2.24988E+02  6.56383E-04   2.25117E+02  7.47164E-04   2.25326E+02  8.32306E-04   2.25504E+02  9.08538E-04   2.25754E+02  9.77679E-04   2.26014E+02  1.03718E-03   2.26349E+02  1.08986E-03   2.26702E+02  1.13402E-03   2.27078E+02  1.16993E-03   2.27501E+02  1.19825E-03   2.27980E+02  1.21932E-03   2.28553E+02  1.23426E-03   2.29091E+02  1.24100E-03   2.29774E+02  1.24331E-03   2.30502E+02  1.23820E-03   2.31334E+02  1.22934E-03   2.32215E+02  1.21640E-03   2.33183E+02  1.19830E-03   2.34317E+02  1.17775E-03   2.35411E+02  1.15404E-03   2.36716E+02  1.12756E-03   2.37979E+02  1.10098E-03   2.39320E+02  1.07212E-03   2.40998E+02  1.04294E-03   2.42504E+02  1.01391E-03   2.44292E+02  9.83616E-04   2.46158E+02  9.54573E-04   2.48031E+02  9.23765E-04   2.50362E+02  8.95039E-04   2.52561E+02  8.68824E-04   2.54824E+02  8.40977E-04   2.57337E+02  8.17560E-04   2.59446E+02  7.95328E-04   2.61492E+02  7.69595E-04   2.64310E+02  7.46902E-04   2.67155E+02 
 9.91681E-04   8.70641E+01  1.02454E-03   8.46841E+01  1.05247E-03   8.20863E+01  1.08421E-03   7.95127E+01  1.11786E-03   7.72923E+01  1.15089E-03   7.50482E+01  1.18705E-03   7.28056E+01  1.22498E-03   7.06053E+01  1.26312E-03   6.83990E+01  1.30153E-03   6.63716E+01  1.34035E-03   6.44545E+01  1.37865E-03   6.27216E+01  1.41857E-03   6.11454E+01  1.45742E-03   5.95938E+01  1.49323E-03   5.81875E+01  1.52709E-03   5.68296E+01  1.55709E-03   5.55955E+01  1.58409E-03   5.44835E+01  1.60637E-03   5.34123E+01  1.62385E-03   5.24221E+01  1.63497E-03   5.14858E+01  1.63940E-03   5.06839E+01  1.63741E-03   4.99454E+01  1.62716E-03   4.92637E+01  1.60932E-03   4.86539E+01  1.58167E-03   4.80873E+01  1.54416E-03   4.76098E+01  1.49602E-03   4.71843E+01  1.43799E-03   4.67873E+01  1.36874E-03   4.64199E+01  1.28878E-03   4.61180E+01  1.19806E-03   4.58347E+01  1.09655E-03   4.55784E+01  9.85142E-04   4.53486E+01  8.64514E-04   4.51891E+01  7.35250E-04   4.50914E+01  5.98123E-04   4.50025E+01  4.54127E-04   4.49235E+01  3.04900E-04   4.48903E+01  1.53244E-04   4.49997E+01  4.47835E-07   1.79247E+02  1.53955E-04   2.24673E+02  3.05542E-04   2.24774E+02  4.54303E-04   2.24788E+02  5.98182E-04   2.24865E+02  7.34919E-04   2.24997E+02  8.64511E-04   2.25147E+02  9.85711E-04   2.25310E+02  1.09680E-03   2.25509E+02  1.19790E-03   2.25748E+02  1.28860E-03   2.26004E+02  1.36848E-03   2.26325E+02  1.43756E-03   2.26697E+02  1.49507E-03   2.27109E+02  1.54338E-03   2.27583E+02  1.58081E-03   2.28097E+02  1.60882E-03   2.28669E+02  1.62732E-03   2.29311E+02  1.63694E-03   2.30001E+02  1.63967E-03   2.30733E+02  1.63507E-03   2.31538E+02  1.62381E-03   2.32425E+02  1.60634E-03   2.33368E+02  1.58465E-03   2.34390E+02  1.55736E-03   2.35521E+02  1.52706E-03   2.36749E+02  1.49414E-03   2.38082E+02  1.45743E-03   2.39559E+02  1.41905E-03   2.41190E+02  1.38015E-03   2.42853E+02  1.34072E-03   2.44637E+02  1.30148E-03   2.46498E+02  1.26295E-03   2.48386E+02  1.22485E-03   2.50551E+02  1.18766E-03   2.52751E+02  1.15075E-03   2.54933E+02  1.11637E-03   2.57248E+02  1.08348E-03   2.59601E+02  1.05192E-03   2.62121E+02  1.02223E-03   2.64630E+02  9.92590E-04   2.66998E+02 
 1.23288E-03   8.74344E+01  1.26909E-03   8.48867E+01  1.30764E-03   8.23583E+01  1.34452E-03   7.99864E+01  1.38491E-03   7.76150E+01  1.42768E-03   7.52764E+01  1.47060E-03   7.30315E+01  1.51714E-03   7.08397E+01  1.56450E-03   6.87135E+01  1.61230E-03   6.67896E+01  1.66248E-03   6.49124E+01  1.71036E-03   6.30436E+01  1.75779E-03   6.13809E+01  1.80393E-03   5.97797E+01  1.84582E-03   5.83420E+01  1.88720E-03   5.70287E+01  1.92500E-03   5.57407E+01  1.95767E-03   5.46326E+01  1.98632E-03   5.35597E+01  2.00686E-03   5.25978E+01  2.02135E-03   5.17467E+01  2.02753E-03   5.09051E+01  2.02334E-03   5.01785E+01  2.00995E-03   4.94824E+01  1.98494E-03   4.88857E+01  1.95081E-03   4.83133E+01  1.90367E-03   4.77832E+01  1.84518E-03   4.73101E+01  1.77317E-03   4.68858E+01  1.68750E-03   4.65161E+01  1.58908E-03   4.62078E+01  1.47634E-03   4.59685E+01  1.35224E-03   4.57239E+01  1.21430E-03   4.55430E+01  1.06539E-03   4.53553E+01  9.05863E-04   4.52217E+01  7.36791E-04   4.50995E+01  5.59685E-04   4.50317E+01  3.77074E-04   4.49925E+01  1.89601E-04   4.49625E+01  2.79744E-07   5.35799E+01  1.88749E-04   2.24950E+02  3.76586E-04   2.25008E+02  5.59456E-04   2.25085E+02  7.36242E-04   2.25145E+02  9.05606E-04   2.25243E+02  1.06583E-03   2.25391E+02  1.21474E-03   2.25567E+02  1.35258E-03   2.25767E+02  1.47669E-03   2.26040E+02  1.58894E-03   2.26290E+02  1.68766E-03   2.26600E+02  1.77325E-03   2.26965E+02  1.84535E-03   2.27381E+02  1.90461E-03   2.27817E+02  1.95152E-03   2.28299E+02  1.98599E-03   2.28864E+02  2.01004E-03   2.29445E+02  2.02329E-03   2.30129E+02  2.02774E-03   2.30869E+02  2.02108E-03   2.31710E+02  2.00736E-03   2.32598E+02  1.98675E-03   2.33566E+02  1.95826E-03   2.34668E+02  1.92481E-03   2.35799E+02  1.88777E-03   2.37093E+02  1.84602E-03   2.38394E+02  1.80201E-03   2.39776E+02  1.75545E-03   2.41408E+02  1.70808E-03   2.43019E+02  1.66130E-03   2.44796E+02  1.61306E-03   2.46667E+02  1.56608E-03   2.48637E+02  1.51727E-03   2.50866E+02  1.47112E-03   2.53038E+02  1.42807E-03   2.55302E+02  1.38394E-03   2.57761E+02  1.34533E-03   2.59983E+02  1.30833E-03   2.62166E+02  1.26881E-03   2.64820E+02  1.23264E-03   2.67513E+02 
 1.46846E-03   8.77060E+01  1.51361E-03   8.53425E+01  1.55554E-03   8.27704E+01  1.60129E-03   8.02420E+01  1.64842E-03   7.79912E+01  1.69681E-03   7.56989E+01  1.74904E-03   7.34194E+01  1.80307E-03   7.12472E+01  1.85837E-03   6.90718E+01  1.91366E-03   6.70092E+01  1.96938E-03   6.51323E+01  2.02520E-03   6.33659E+01  2.08168E-03   6.17063E+01  2.13702E-03   6.01355E+01  2.18872E-03   5.86853E+01  2.23667E-03   5.73394E+01  2.27979E-03   5.60913E+01  2.31795E-03   5.49387E+01  2.34945E-03   5.38478E+01  2.37430E-03   5.28415E+01  2.38982E-03   5.19356E+01  2.39575E-03   5.11110E+01  2.39041E-03   5.03604E+01  2.37455E-03   4.96786E+01  2.34738E-03   4.90583E+01  2.30509E-03   4.85170E+01  2.24966E-03   4.80161E+01  2.17894E-03   4.75568E+01  2.09339E-03   4.71561E+01  1.99122E-03   4.68088E+01  1.87436E-03   4.64698E+01  1.74153E-03   4.61798E+01  1.59329E-03   4.59417E+01  1.43156E-03   4.57325E+01  1.25542E-03   4.55549E+01  1.06697E-03   4.53990E+01  8.67924E-04   4.53447E+01  6.59206E-04   4.52746E+01  4.43376E-04   4.52122E+01  2.22778E-04   4.51681E+01  7.64419E-07   2.48321E+02  2.23748E-04   2.25150E+02  4.43655E-04   2.25120E+02  6.58885E-04   2.25200E+02  8.67613E-04   2.25284E+02  1.06703E-03   2.25388E+02  1.25531E-03   2.25530E+02  1.43138E-03   2.25695E+02  1.59334E-03   2.25917E+02  1.74086E-03   2.26147E+02  1.87385E-03   2.26416E+02  1.99061E-03   2.26740E+02  2.09208E-03   2.27100E+02  2.17738E-03   2.27508E+02  2.24886E-03   2.27966E+02  2.30461E-03   2.28493E+02  2.34627E-03   2.29063E+02  2.37495E-03   2.29712E+02  2.39073E-03   2.30405E+02  2.39508E-03   2.31160E+02  2.38929E-03   2.31995E+02  2.37463E-03   2.32868E+02  2.35009E-03   2.33831E+02  2.31852E-03   2.34887E+02  2.28028E-03   2.36034E+02  2.23703E-03   2.37271E+02  2.18932E-03   2.38626E+02  2.13774E-03   2.40127E+02  2.08305E-03   2.41742E+02  2.02660E-03   2.43421E+02  1.96999E-03   2.45215E+02  1.91308E-03   2.47083E+02  1.85724E-03   2.49051E+02  1.80306E-03   2.51202E+02  1.74972E-03   2.53382E+02  1.69721E-03   2.55619E+02  1.64780E-03   2.57926E+02  1.60048E-03   2.60236E+02  1.55467E-03   2.62759E+02  1.51108E-03   2.65295E+02  1.46875E-03   2.67654E+02 
 1.69845E-03   8.81157E+01  1.74696E-03   8.56398E+01  1.79830E-03   8.31982E+01  1.84868E-03   8.07757E+01  1.90350E-03   7.83789E+01  1.96010E-03   7.60513E+01  2.01638E-03   7.37920E+01  2.07780E-03   7.16084E+01  2.14070E-03   6.94874E+01  2.20417E-03   6.74960E+01  2.27074E-03   6.55937E+01  2.33418E-03   6.37530E+01  2.39615E-03   6.20558E+01  2.45715E-03   6.04381E+01  2.51398E-03   5.89834E+01  2.56909E-03   5.76273E+01  2.61905E-03   5.63399E+01  2.66193E-03   5.52202E+01  2.69851E-03   5.41407E+01  2.72455E-03   5.31558E+01  2.74256E-03   5.22578E+01  2.74889E-03   5.14130E+01  2.74200E-03   5.06690E+01  2.72286E-03   4.99653E+01  2.68741E-03   4.93452E+01  2.63890E-03   4.87561E+01  2.57372E-03   4.82481E+01  2.49270E-03   4.77879E+01  2.39427E-03   4.73615E+01  2.27792E-03   4.70000E+01  2.14360E-03   4.66893E+01  1.99127E-03   4.64131E+01  1.82288E-03   4.61523E+01  1.63635E-03   4.59584E+01  1.43529E-03   4.57892E+01  1.21931E-03   4.56756E+01  9.91110E-04   4.55631E+01  7.52970E-04   4.54838E+01  5.06947E-04   4.54086E+01  2.54932E-04   4.54561E+01  5.90769E-07   1.34060E+02  2.54340E-04   2.25319E+02  5.06527E-04   2.25394E+02  7.52789E-04   2.25473E+02  9.91312E-04   2.25548E+02  1.21937E-03   2.25673E+02  1.43470E-03   2.25804E+02  1.63578E-03   2.25973E+02  1.82213E-03   2.26178E+02  1.99151E-03   2.26428E+02  2.14410E-03   2.26723E+02  2.27803E-03   2.27041E+02  2.39457E-03   2.27401E+02  2.49381E-03   2.27816E+02  2.57548E-03   2.28271E+02  2.64021E-03   2.28781E+02  2.68868E-03   2.29346E+02  2.72293E-03   2.29951E+02  2.74236E-03   2.30639E+02  2.74940E-03   2.31393E+02  2.74241E-03   2.32231E+02  2.72436E-03   2.33133E+02  2.69754E-03   2.34120E+02  2.66171E-03   2.35208E+02  2.61829E-03   2.36362E+02  2.56885E-03   2.37672E+02  2.51394E-03   2.39019E+02  2.45608E-03   2.40464E+02  2.39414E-03   2.42099E+02  2.33134E-03   2.43744E+02  2.26912E-03   2.45533E+02  2.20457E-03   2.47426E+02  2.14221E-03   2.49448E+02  2.07833E-03   2.51653E+02  2.01642E-03   2.53812E+02  1.95897E-03   2.56076E+02  1.90154E-03   2.58494E+02  1.84915E-03   2.60771E+02  1.79907E-03   2.63051E+02  1.74731E-03   2.65629E+02  1.69976E-03   2.68229E+02 
 1.92368E-03   8.85710E+01  1.97867E-03   8.62077E+01  2.03227E-03   8.36673E+01  2.08978E-03   8.11897E+01  2.14903E-03   7.89133E+01  2.21063E-03   7.66180E+01  2.27616E-03   7.43377E+01  2.34365E-03   7.21366E+01  2.41263E-03   6.99610E+01  2.48137E-03   6.79038E+01  2.55154E-03   6.60043E+01  2.62208E-03   6.42096E+01  2.69267E-03   6.25198E+01  2.76224E-03   6.09168E+01  2.82670E-03   5.94172E+01  2.88585E-03   5.80512E+01  2.93969E-03   5.67763E+01  2.98567E-03   5.55911E+01  3.02355E-03   5.44981E+01  3.05431E-03   5.34820E+01  3.07228E-03   5.25610E+01  3.07821E-03   5.17136E+01  3.07025E-03   5.09565E+01  3.04816E-03   5.02654E+01  3.00970E-03   4.96367E+01  2.95351E-03   4.90731E+01  2.88087E-03   4.85473E+01  2.78784E-03   4.80926E+01  2.67715E-03   4.76767E+01  2.54505E-03   4.73092E+01  2.39439E-03   4.69713E+01  2.22364E-03   4.66908E+01  2.03379E-03   4.64518E+01  1.82588E-03   4.62396E+01  1.60027E-03   4.60641E+01  1.35954E-03   4.59075E+01  1.10499E-03   4.58048E+01  8.39473E-04   4.57193E+01  5.64218E-04   4.56647E+01  2.83411E-04   4.56310E+01  3.23057E-07   2.55902E+02  2.83978E-04   2.25661E+02  5.64333E-04   2.25675E+02  8.39441E-04   2.25725E+02  1.10572E-03   2.25793E+02  1.35999E-03   2.25905E+02  1.60065E-03   2.26043E+02  1.82583E-03   2.26199E+02  2.03325E-03   2.26417E+02  2.22285E-03   2.26667E+02  2.39348E-03   2.26937E+02  2.54394E-03   2.27262E+02  2.67592E-03   2.27629E+02  2.78706E-03   2.28054E+02  2.88008E-03   2.28519E+02  2.95298E-03   2.29041E+02  3.00851E-03   2.29616E+02  3.04730E-03   2.30264E+02  3.07031E-03   2.30970E+02  3.07828E-03   2.31738E+02  3.07207E-03   2.32582E+02  3.05456E-03   2.33491E+02  3.02507E-03   2.34491E+02  2.98677E-03   2.35568E+02  2.93966E-03   2.36742E+02  2.88561E-03   2.38009E+02  2.82645E-03   2.39372E+02  2.76204E-03   2.40900E+02  2.69342E-03   2.42535E+02  2.62344E-03   2.44224E+02  2.55326E-03   2.46048E+02  2.48214E-03   2.47964E+02  2.41154E-03   2.49983E+02  2.34261E-03   2.52112E+02  2.27607E-03   2.54289E+02  2.21082E-03   2.56579E+02  2.14908E-03   2.58865E+02  2.09035E-03   2.61145E+02  2.03219E-03   2.63677E+02  1.97678E-03   2.66227E+02  1.92337E-03   2.68541E+02 
 2.13887E-03   8.90978E+01  2.19832E-03   8.66752E+01  2.25995E-03   8.42757E+01  2.32060E-03   8.18194E+01  2.38657E-03   7.94144E+01  2.45404E-03   7.71198E+01  2.52179E-03   7.48554E+01  2.59497E-03   7.26745E+01  2.67083E-03   7.05512E+01  2.74704E-03   6.85035E+01  2.82584E-03   6.65685E+01  2.90137E-03   6.47110E+01  2.97473E-03   6.29772E+01  3.04844E-03   6.13416E+01  3.11643E-03   5.98431E+01  3.18183E-03   5.84608E+01  3.24110E-03   5.71570E+01  3.29175E-03   5.59878E+01  3.33439E-03   5.48914E+01  3.36387E-03   5.38807E+01  3.38292E-03   5.29624E+01  3.38761E-03   5.21034E+01  3.37655E-03   5.13333E+01  3.35045E-03   5.06101E+01  3.30540E-03   4.99623E+01  3.24354E-03   4.93784E+01  3.16194E-03   4.88555E+01  3.06005E-03   4.83827E+01  2.93607E-03   4.79693E+01  2.79141E-03   4.75958E+01  2.62572E-03   4.72704E+01  2.43807E-03   4.69868E+01  2.22956E-03   4.67257E+01  2.00016E-03   4.65345E+01  1.75306E-03   4.63649E+01  1.48946E-03   4.62226E+01  1.21075E-03   4.61037E+01  9.19413E-04   4.60308E+01  6.18371E-04   4.59449E+01  3.10821E-04   4.60041E+01  7.75094E-07   8.72069E+01  3.09907E-04   2.25842E+02  6.17608E-04   2.25906E+02  9.18990E-04   2.26004E+02  1.21052E-03   2.26077E+02  1.48906E-03   2.26219E+02  1.75332E-03   2.26352E+02  1.99974E-03   2.26533E+02  2.22849E-03   2.26744E+02  2.43771E-03   2.27000E+02  2.62564E-03   2.27298E+02  2.79180E-03   2.27630E+02  2.93684E-03   2.28011E+02  3.06076E-03   2.28422E+02  3.16308E-03   2.28898E+02  3.24517E-03   2.29412E+02  3.30739E-03   2.29987E+02  3.35175E-03   2.30624E+02  3.37814E-03   2.31323E+02  3.38863E-03   2.32093E+02  3.38259E-03   2.32947E+02  3.36361E-03   2.33870E+02  3.33321E-03   2.34878E+02  3.29139E-03   2.35984E+02  3.24068E-03   2.37175E+02  3.18218E-03   2.38500E+02  3.11653E-03   2.39890E+02  3.04720E-03   2.41391E+02  2.97362E-03   2.43029E+02  2.89898E-03   2.44689E+02  2.82418E-03   2.46512E+02  2.74691E-03   2.48453E+02  2.67207E-03   2.50485E+02  2.59697E-03   2.52676E+02  2.52310E-03   2.54868E+02  2.45332E-03   2.57134E+02  2.38517E-03   2.59521E+02  2.32152E-03   2.61833E+02  2.26009E-03   2.64147E+02  2.19831E-03   2.66637E+02  2.14064E-03   2.69169E+02 
 2.34967E-03   8.96612E+01  2.41295E-03   8.73375E+01  2.47668E-03   8.48516E+01  2.54355E-03   8.24073E+01  2.61212E-03   8.01094E+01  2.68449E-03   7.77911E+01  2.75961E-03   7.55103E+01  2.83618E-03   7.32978E+01  2.91595E-03   7.11195E+01  2.99495E-03   6.90579E+01  3.07599E-03   6.71285E+01  3.15849E-03   6.53037E+01  3.23885E-03   6.35946E+01  3.31821E-03   6.19530E+01  3.39220E-03   6.03990E+01  3.45876E-03   5.89945E+01  3.52089E-03   5.76770E+01  3.57330E-03   5.64609E+01  3.61560E-03   5.53547E+01  3.64868E-03   5.43093E+01  3.66669E-03   5.33710E+01  3.67149E-03   5.25059E+01  3.65898E-03   5.17321E+01  3.62967E-03   5.10174E+01  3.58117E-03   5.03615E+01  3.51130E-03   4.97779E+01  3.42177E-03   4.92428E+01  3.30849E-03   4.87707E+01  3.17424E-03   4.83340E+01  3.01566E-03   4.79649E+01  2.83563E-03   4.76182E+01  2.63119E-03   4.73344E+01  2.40516E-03   4.70821E+01  2.15796E-03   4.68845E+01  1.89037E-03   4.66981E+01  1.60520E-03   4.65418E+01  1.30382E-03   4.64301E+01  9.89701E-04   4.63244E+01  6.65221E-04   4.62966E+01  3.34603E-04   4.62505E+01  3.95968E-07   2.68864E+02  3.35541E-04   2.26300E+02  6.66553E-04   2.26311E+02  9.90581E-04   2.26353E+02  1.30456E-03   2.26424E+02  1.60541E-03   2.26543E+02  1.89063E-03   2.26687E+02  2.15759E-03   2.26860E+02  2.40459E-03   2.27087E+02  2.63034E-03   2.27340E+02  2.83418E-03   2.27614E+02  3.01465E-03   2.27941E+02  3.17323E-03   2.28303E+02  3.30735E-03   2.28745E+02  3.41986E-03   2.29224E+02  3.50977E-03   2.29755E+02  3.57931E-03   2.30345E+02  3.62811E-03   2.31002E+02  3.65788E-03   2.31721E+02  3.66979E-03   2.32514E+02  3.66599E-03   2.33384E+02  3.64902E-03   2.34319E+02  3.61681E-03   2.35349E+02  3.57376E-03   2.36446E+02  3.52042E-03   2.37653E+02  3.45852E-03   2.38972E+02  3.39097E-03   2.40375E+02  3.31767E-03   2.41936E+02  3.23966E-03   2.43588E+02  3.15967E-03   2.45303E+02  3.07879E-03   2.47161E+02  2.99725E-03   2.49098E+02  2.91556E-03   2.51159E+02  2.83536E-03   2.53301E+02  2.75845E-03   2.55467E+02  2.68345E-03   2.57774E+02  2.61260E-03   2.60071E+02  2.54421E-03   2.62331E+02  2.47612E-03   2.64836E+02  2.41137E-03   2.67390E+02  2.34927E-03   2.69701E+02 
 2.54782E-03   9.03224E+01  2.61560E-03   8.79522E+01  2.68603E-03   8.55925E+01  2.75483E-03   8.31334E+01  2.82833E-03   8.07385E+01  2.90407E-03   7.84632E+01  2.98061E-03   7.61879E+01  3.06250E-03   7.40013E+01  3.14749E-03   7.18648E+01  3.23218E-03   6.97771E+01  3.31838E-03   6.78199E+01  3.40202E-03   6.59296E+01  3.48343E-03   6.41585E+01  3.56517E-03   6.25095E+01  3.64155E-03   6.09703E+01  3.71420E-03   5.95379E+01  3.77922E-03   5.81985E+01  3.83385E-03   5.69972E+01  3.87897E-03   5.58642E+01  3.90973E-03   5.48125E+01  3.92783E-03   5.38712E+01  3.92993E-03   5.29881E+01  3.91417E-03   5.21795E+01  3.88030E-03   5.14421E+01  3.82561E-03   5.07704E+01  3.75024E-03   5.01687E+01  3.65226E-03   4.96385E+01  3.53163E-03   4.91553E+01  3.38664E-03   4.87288E+01  3.21724E-03   4.83435E+01  3.02261E-03   4.80133E+01  2.80471E-03   4.77122E+01  2.56282E-03   4.74440E+01  2.29861E-03   4.72466E+01  2.01364E-03   4.70558E+01  1.70980E-03   4.68966E+01  1.38886E-03   4.67676E+01  1.05469E-03   4.66983E+01  7.09934E-04   4.66293E+01  3.56421E-04   4.66436E+01  5.01306E-07   8.94694E+01  3.55515E-04   2.26530E+02  7.07828E-04   2.26552E+02  1.05314E-03   2.26636E+02  1.38798E-03   2.26740E+02  1.70896E-03   2.26868E+02  2.01250E-03   2.27030E+02  2.29797E-03   2.27239E+02  2.56274E-03   2.27452E+02  2.80462E-03   2.27707E+02  3.02320E-03   2.28019E+02  3.21794E-03   2.28370E+02  3.38789E-03   2.28749E+02  3.53280E-03   2.29178E+02  3.65447E-03   2.29669E+02  3.75223E-03   2.30204E+02  3.82758E-03   2.30801E+02  3.88239E-03   2.31458E+02  3.91582E-03   2.32174E+02  3.93111E-03   2.32970E+02  3.92840E-03   2.33850E+02  3.90976E-03   2.34808E+02  3.87800E-03   2.35850E+02  3.83388E-03   2.36978E+02  3.77854E-03   2.38208E+02  3.71418E-03   2.39562E+02  3.64210E-03   2.41004E+02  3.56512E-03   2.42561E+02  3.48349E-03   2.44211E+02  3.40035E-03   2.45920E+02  3.31608E-03   2.47777E+02  3.23041E-03   2.49736E+02  3.14711E-03   2.51800E+02  3.06331E-03   2.53990E+02  2.98142E-03   2.56202E+02  2.90355E-03   2.58466E+02  2.82781E-03   2.60802E+02  2.75572E-03   2.63151E+02  2.68542E-03   2.65518E+02  2.61647E-03   2.67925E+02  2.55138E-03   2.70356E+02 
 2.74415E-03   9.09931E+01  2.81194E-03   8.86976E+01  2.88372E-03   8.62824E+01  2.95737E-03   8.38908E+01  3.03177E-03   8.15677E+01  3.11185E-03   7.92338E+01  3.19305E-03   7.69628E+01  3.27455E-03   7.47556E+01  3.36173E-03   7.25708E+01  3.44748E-03   7.04872E+01  3.53521E-03   6.85325E+01  3.62587E-03   6.66708E+01  3.71162E-03   6.49035E+01  3.79662E-03   6.32127E+01  3.87548E-03   6.16269E+01  3.94604E-03   6.01891E+01  4.01295E-03   5.88177E+01  4.06812E-03   5.75480E+01  4.11235E-03   5.64194E+01  4.14529E-03   5.53498E+01  4.16141E-03   5.43826E+01  4.16343E-03   5.34912E+01  4.14527E-03   5.26788E+01  4.10807E-03   5.19382E+01  4.04883E-03   5.12629E+01  3.96642E-03   5.06499E+01  3.86116E-03   5.00919E+01  3.72958E-03   4.96002E+01  3.57500E-03   4.91485E+01  3.39346E-03   4.87665E+01  3.18820E-03   4.84085E+01  2.95624E-03   4.81237E+01  2.70036E-03   4.78651E+01  2.42087E-03   4.76467E+01  2.11964E-03   4.74442E+01  1.79895E-03   4.72962E+01  1.46048E-03   4.71629E+01  1.10821E-03   4.70610E+01  7.44936E-04   4.70270E+01  3.74290E-04   4.69792E+01  4.13767E-07   2.24166E+02  3.75346E-04   2.26979E+02  7.45987E-04   2.27029E+02  1.10921E-03   2.27092E+02  1.46144E-03   2.27185E+02  1.79922E-03   2.27317E+02  2.11996E-03   2.27478E+02  2.42118E-03   2.27648E+02  2.70065E-03   2.27858E+02  2.95647E-03   2.28136E+02  3.18812E-03   2.28423E+02  3.39335E-03   2.28771E+02  3.57427E-03   2.29152E+02  3.72903E-03   2.29597E+02  3.85965E-03   2.30079E+02  3.96474E-03   2.30634E+02  4.04679E-03   2.31246E+02  4.10543E-03   2.31918E+02  4.14354E-03   2.32666E+02  4.16142E-03   2.33496E+02  4.16062E-03   2.34388E+02  4.14498E-03   2.35352E+02  4.11311E-03   2.36424E+02  4.06887E-03   2.37565E+02  4.01307E-03   2.38826E+02  3.94708E-03   2.40182E+02  3.87443E-03   2.41625E+02  3.79575E-03   2.43212E+02  3.71169E-03   2.44880E+02  3.62638E-03   2.46642E+02  3.53860E-03   2.48545E+02  3.45058E-03   2.50505E+02  3.36231E-03   2.52598E+02  3.27416E-03   2.54768E+02  3.19126E-03   2.56933E+02  3.11024E-03   2.59247E+02  3.03255E-03   2.61532E+02  2.95778E-03   2.63774E+02  2.88298E-03   2.66260E+02  2.81134E-03   2.68769E+02  2.74230E-03   2.71043E+02 
 2.92332E-03   9.17375E+01  2.99673E-03   8.94377E+01  3.07258E-03   8.71343E+01  3.14720E-03   8.46911E+01  3.22471E-03   8.23169E+01  3.30512E-03   8.00609E+01  3.38757E-03   7.77948E+01  3.47445E-03   7.56004E+01  3.56407E-03   7.34558E+01  3.65306E-03   7.13307E+01  3.74235E-03   6.93220E+01  3.83084E-03   6.74118E+01  3.91676E-03   6.56207E+01  4.00144E-03   6.39395E+01  4.08351E-03   6.23498E+01  4.15794E-03   6.08751E+01  4.22405E-03   5.95004E+01  4.28165E-03   5.82245E+01  4.32567E-03   5.70529E+01  4.35543E-03   5.59654E+01  4.36987E-03   5.49736E+01  4.36701E-03   5.40584E+01  4.34535E-03   5.32193E+01  4.30301E-03   5.24631E+01  4.23969E-03   5.17650E+01  4.15161E-03   5.11488E+01  4.03961E-03   5.05880E+01  3.90217E-03   5.00872E+01  3.73823E-03   4.96304E+01  3.54848E-03   4.92267E+01  3.33122E-03   4.88764E+01  3.08856E-03   4.85612E+01  2.81966E-03   4.82977E+01  2.52693E-03   4.80686E+01  2.21176E-03   4.78736E+01  1.87693E-03   4.77148E+01  1.52405E-03   4.75900E+01  1.15695E-03   4.75004E+01  7.78207E-04   4.74450E+01  3.91411E-04   4.74494E+01  1.05344E-06   6.48901E+01  3.89587E-04   2.27370E+02  7.76211E-04   2.27398E+02  1.15515E-03   2.27475E+02  1.52212E-03   2.27574E+02  1.87536E-03   2.27710E+02  2.21057E-03   2.27868E+02  2.52573E-03   2.28063E+02  2.81819E-03   2.28294E+02  3.08662E-03   2.28561E+02  3.32981E-03   2.28883E+02  3.54772E-03   2.29239E+02  3.73852E-03   2.29646E+02  3.90255E-03   2.30096E+02  4.04099E-03   2.30601E+02  4.15349E-03   2.31165E+02  4.24174E-03   2.31783E+02  4.30542E-03   2.32480E+02  4.34722E-03   2.33231E+02  4.36884E-03   2.34058E+02  4.37135E-03   2.34966E+02  4.35599E-03   2.35963E+02  4.32484E-03   2.37040E+02  4.28015E-03   2.38210E+02  4.22301E-03   2.39504E+02  4.15722E-03   2.40892E+02  4.08309E-03   2.42380E+02  4.00280E-03   2.43977E+02  3.91766E-03   2.45660E+02  3.83016E-03   2.47435E+02  3.74146E-03   2.49322E+02  3.65074E-03   2.51306E+02  3.56174E-03   2.53401E+02  3.47468E-03   2.55562E+02  3.38904E-03   2.57785E+02  3.30635E-03   2.60056E+02  3.22549E-03   2.62338E+02  3.14696E-03   2.64713E+02  3.07104E-03   2.67120E+02  2.99706E-03   2.69442E+02  2.92686E-03   2.71772E+02 
 3.10152E-03   9.25645E+01  3.17262E-03   9.02831E+01  3.24879E-03   8.79501E+01  3.32702E-03   8.56151E+01  3.40523E-03   8.32693E+01  3.48851E-03   8.09502E+01  3.57276E-03   7.86878E+01  3.65600E-03   7.64760E+01  3.74568E-03   7.43111E+01  3.83541E-03   7.22066E+01  3.92590E-03   7.02158E+01  4.01880E-03   6.83190E+01  4.10594E-03   6.64972E+01  4.19123E-03   6.47704E+01  4.27167E-03   6.31426E+01  4.34321E-03   6.16460E+01  4.40975E-03   6.02337E+01  4.46443E-03   5.89281E+01  4.50814E-03   5.77387E+01  4.53915E-03   5.66147E+01  4.55110E-03   5.56125E+01  4.54755E-03   5.46851E+01  4.52249E-03   5.38374E+01  4.47682E-03   5.30654E+01  4.40801E-03   5.23510E+01  4.31425E-03   5.17087E+01  4.19486E-03   5.11199E+01  4.04836E-03   5.06093E+01  3.87665E-03   5.01423E+01  3.67636E-03   4.97355E+01  3.45014E-03   4.93693E+01  3.19654E-03   4.90595E+01  2.91729E-03   4.87715E+01  2.61342E-03   4.85327E+01  2.28697E-03   4.83377E+01  1.93978E-03   4.81850E+01  1.57456E-03   4.80473E+01  1.19368E-03   4.79628E+01  8.02500E-04   4.79090E+01  4.03040E-04   4.79355E+01  7.31263E-07   1.99244E+02  4.03720E-04   2.27882E+02  8.03485E-04   2.27855E+02  1.19535E-03   2.27947E+02  1.57571E-03   2.28053E+02  1.94105E-03   2.28194E+02  2.28840E-03   2.28362E+02  2.61508E-03   2.28549E+02  2.91877E-03   2.28786E+02  3.19790E-03   2.29064E+02  3.45154E-03   2.29370E+02  3.67739E-03   2.29740E+02  3.87665E-03   2.30144E+02  4.04857E-03   2.30608E+02  4.19381E-03   2.31124E+02  4.31182E-03   2.31702E+02  4.40544E-03   2.32334E+02  4.47404E-03   2.33039E+02  4.52063E-03   2.33815E+02  4.54551E-03   2.34675E+02  4.54968E-03   2.35605E+02  4.53756E-03   2.36617E+02  4.50889E-03   2.37733E+02  4.46610E-03   2.38933E+02  4.41079E-03   2.40249E+02  4.34522E-03   2.41649E+02  4.27129E-03   2.43144E+02  4.19051E-03   2.44766E+02  4.10512E-03   2.46461E+02  4.01855E-03   2.48263E+02  3.92857E-03   2.50199E+02  3.83783E-03   2.52208E+02  3.74721E-03   2.54344E+02  3.65729E-03   2.56519E+02  3.57177E-03   2.58676E+02  3.48717E-03   2.60966E+02  3.40571E-03   2.63255E+02  3.32697E-03   2.65513E+02  3.24883E-03   2.67930E+02  3.17389E-03   2.70347E+02  3.09993E-03   2.72598E+02 
 3.26241E-03   9.33862E+01  3.33875E-03   9.11566E+01  3.41690E-03   8.88989E+01  3.49554E-03   8.65097E+01  3.57404E-03   8.41736E+01  3.65547E-03   8.19104E+01  3.74151E-03   7.96564E+01  3.82861E-03   7.74785E+01  3.91735E-03   7.53234E+01  4.00716E-03   7.31782E+01  4.09534E-03   7.11371E+01  4.18414E-03   6.91992E+01  4.27139E-03   6.73700E+01  4.35536E-03   6.56462E+01  4.43753E-03   6.40060E+01  4.51044E-03   6.24804E+01  4.57432E-03   6.10544E+01  4.62948E-03   5.97060E+01  4.66877E-03   5.84926E+01  4.69572E-03   5.73596E+01  4.70577E-03   5.63110E+01  4.69674E-03   5.53638E+01  4.66850E-03   5.44844E+01  4.61708E-03   5.36959E+01  4.54429E-03   5.29709E+01  4.44522E-03   5.23225E+01  4.32113E-03   5.17231E+01  4.16971E-03   5.11916E+01  3.99053E-03   5.07096E+01  3.78400E-03   5.02802E+01  3.54841E-03   4.99125E+01  3.28688E-03   4.95760E+01  2.99832E-03   4.92916E+01  2.68534E-03   4.90343E+01  2.34861E-03   4.88387E+01  1.99196E-03   4.86582E+01  1.61663E-03   4.85189E+01  1.22648E-03   4.84029E+01  8.24323E-04   4.83195E+01  4.13933E-04   4.82807E+01  3.50772E-07   2.95498E+02  4.13071E-04   2.28339E+02  8.22467E-04   2.28360E+02  1.22469E-03   2.28426E+02  1.61420E-03   2.28546E+02  1.98952E-03   2.28675E+02  2.34666E-03   2.28844E+02  2.68364E-03   2.29047E+02  2.99597E-03   2.29302E+02  3.28436E-03   2.29585E+02  3.54676E-03   2.29912E+02  3.78252E-03   2.30283E+02  3.98996E-03   2.30716E+02  4.16956E-03   2.31194E+02  4.32180E-03   2.31721E+02  4.44700E-03   2.32313E+02  4.54644E-03   2.32964E+02  4.61980E-03   2.33695E+02  4.67090E-03   2.34483E+02  4.69883E-03   2.35359E+02  4.70742E-03   2.36309E+02  4.69755E-03   2.37352E+02  4.66988E-03   2.38486E+02  4.62816E-03   2.39719E+02  4.57314E-03   2.41061E+02  4.50904E-03   2.42484E+02  4.43611E-03   2.44028E+02  4.35638E-03   2.45661E+02  4.27256E-03   2.47392E+02  4.18527E-03   2.49241E+02  4.09599E-03   2.51153E+02  4.00459E-03   2.53166E+02  3.91399E-03   2.55295E+02  3.82724E-03   2.57424E+02  3.74168E-03   2.59640E+02  3.65724E-03   2.61926E+02  3.57550E-03   2.64162E+02  3.49476E-03   2.66524E+02  3.41580E-03   2.68941E+02  3.33901E-03   2.71172E+02  3.26403E-03   2.73382E+02 
 3.42024E-03   9.43534E+01  3.49320E-03   9.20611E+01  3.57226E-03   8.98322E+01  3.65269E-03   8.75737E+01  3.73177E-03   8.52202E+01  3.81401E-03   8.29196E+01  3.89693E-03   8.06714E+01  3.97954E-03   7.84662E+01  4.06825E-03   7.63347E+01  4.15837E-03   7.42317E+01  4.24732E-03   7.22055E+01  4.33641E-03   7.02505E+01  4.42126E-03   6.83736E+01  4.50259E-03   6.66215E+01  4.57966E-03   6.49441E+01  4.65044E-03   6.33749E+01  4.71256E-03   6.19225E+01  4.76373E-03   6.05634E+01  4.80372E-03   5.93056E+01  4.82866E-03   5.81410E+01  4.83577E-03   5.70835E+01  4.82442E-03   5.61066E+01  4.79213E-03   5.52112E+01  4.73800E-03   5.43903E+01  4.65854E-03   5.36377E+01  4.55358E-03   5.29683E+01  4.42189E-03   5.23602E+01  4.26422E-03   5.18081E+01  4.07861E-03   5.13152E+01  3.86427E-03   5.08845E+01  3.62272E-03   5.04934E+01  3.35343E-03   5.01613E+01  3.05811E-03   4.98718E+01  2.73753E-03   4.96217E+01  2.39408E-03   4.94090E+01  2.02888E-03   4.92380E+01  1.64614E-03   4.90883E+01  1.24803E-03   4.89851E+01  8.38774E-04   4.88977E+01  4.21165E-04   4.89394E+01  1.03473E-06   1.59212E+02  4.21807E-04   2.28746E+02  8.39180E-04   2.28857E+02  1.24934E-03   2.28971E+02  1.64808E-03   2.29076E+02  2.03073E-03   2.29221E+02  2.39608E-03   2.29395E+02  2.73974E-03   2.29620E+02  3.06033E-03   2.29872E+02  3.35628E-03   2.30161E+02  3.62579E-03   2.30496E+02  3.86748E-03   2.30884E+02  4.08130E-03   2.31316E+02  4.26646E-03   2.31812E+02  4.42349E-03   2.32372E+02  4.55344E-03   2.32971E+02  4.65643E-03   2.33642E+02  4.73456E-03   2.34392E+02  4.78909E-03   2.35200E+02  4.82134E-03   2.36103E+02  4.83305E-03   2.37082E+02  4.82542E-03   2.38154E+02  4.80192E-03   2.39318E+02  4.76341E-03   2.40590E+02  4.71274E-03   2.41953E+02  4.65118E-03   2.43393E+02  4.58040E-03   2.44947E+02  4.50353E-03   2.46602E+02  4.42001E-03   2.48357E+02  4.33542E-03   2.50209E+02  4.24750E-03   2.52164E+02  4.15851E-03   2.54211E+02  4.07111E-03   2.56349E+02  3.98333E-03   2.58509E+02  3.89752E-03   2.60687E+02  3.81299E-03   2.62952E+02  3.73123E-03   2.65224E+02  3.65135E-03   2.67505E+02  3.57230E-03   2.69821E+02  3.49542E-03   2.72108E+02  3.41892E-03   2.74362E+02 
 3.56245E-03   9.52801E+01  3.64042E-03   9.30829E+01  3.71754E-03   9.08538E+01  3.79743E-03   8.85544E+01  3.87563E-03   8.62904E+01  3.95530E-03   8.40368E+01  4.04157E-03   8.17880E+01  4.12518E-03   7.96042E+01  4.20842E-03   7.74587E+01  4.29511E-03   7.53248E+01  4.37902E-03   7.32660E+01  4.46467E-03   7.13062E+01  4.55025E-03   6.94294E+01  4.62896E-03   6.76572E+01  4.70481E-03   6.59733E+01  4.77213E-03   6.43802E+01  4.82989E-03   6.28903E+01  4.87871E-03   6.14929E+01  4.91209E-03   6.02220E+01  4.93363E-03   5.90229E+01  4.93647E-03   5.79236E+01  4.92039E-03   5.69255E+01  4.88456E-03   5.59935E+01  4.82518E-03   5.51709E+01  4.74387E-03   5.43855E+01  4.63522E-03   5.36929E+01  4.50042E-03   5.30641E+01  4.33729E-03   5.24908E+01  4.14669E-03   5.19848E+01  3.92719E-03   5.15297E+01  3.67917E-03   5.11248E+01  3.40439E-03   5.07681E+01  3.10266E-03   5.04604E+01  2.77660E-03   5.01800E+01  2.42656E-03   4.99567E+01  2.05671E-03   4.97520E+01  1.66788E-03   4.95991E+01  1.26470E-03   4.94649E+01  8.49528E-04   4.93840E+01  4.26807E-04   4.92506E+01  8.28027E-07   3.14808E+02  4.26742E-04   2.29573E+02  8.49666E-04   2.29531E+02  1.26465E-03   2.29539E+02  1.66702E-03   2.29664E+02  2.05625E-03   2.29803E+02  2.42568E-03   2.29997E+02  2.77535E-03   2.30216E+02  3.10125E-03   2.30469E+02  3.40300E-03   2.30774E+02  3.67785E-03   2.31136E+02  3.92429E-03   2.31539E+02  4.14403E-03   2.31989E+02  4.33524E-03   2.32489E+02  4.49893E-03   2.33058E+02  4.63469E-03   2.33691E+02  4.74375E-03   2.34380E+02  4.82728E-03   2.35147E+02  4.88745E-03   2.35991E+02  4.92338E-03   2.36916E+02  4.93938E-03   2.37917E+02  4.93622E-03   2.39027E+02  4.91527E-03   2.40218E+02  4.88021E-03   2.41514E+02  4.83064E-03   2.42901E+02  4.77175E-03   2.44374E+02  4.70415E-03   2.45980E+02  4.62888E-03   2.47666E+02  4.54994E-03   2.49445E+02  4.46726E-03   2.51336E+02  4.38116E-03   2.53282E+02  4.29445E-03   2.55321E+02  4.20779E-03   2.57448E+02  4.12305E-03   2.59554E+02  4.03979E-03   2.61755E+02  3.95733E-03   2.64031E+02  3.87715E-03   2.66244E+02  3.79719E-03   2.68572E+02  3.71860E-03   2.70933E+02  3.63971E-03   2.73094E+02  3.56148E-03   2.75247E+02 
 3.69739E-03   9.63155E+01  3.77326E-03   9.40495E+01  3.85230E-03   9.19131E+01  3.93247E-03   8.97229E+01  4.01133E-03   8.74128E+01  4.08882E-03   8.51626E+01  4.16721E-03   8.29390E+01  4.24854E-03   8.07372E+01  4.33206E-03   7.86339E+01  4.41665E-03   7.65424E+01  4.50030E-03   7.44766E+01  4.58153E-03   7.24919E+01  4.66070E-03   7.05672E+01  4.73556E-03   6.87553E+01  4.80516E-03   6.70573E+01  4.86964E-03   6.54416E+01  4.92433E-03   6.39365E+01  4.96979E-03   6.25114E+01  5.00177E-03   6.11865E+01  5.01748E-03   5.99723E+01  5.01842E-03   5.88316E+01  4.99847E-03   5.78046E+01  4.95820E-03   5.68437E+01  4.89366E-03   5.59783E+01  4.80474E-03   5.52017E+01  4.69178E-03   5.44769E+01  4.55011E-03   5.38380E+01  4.38314E-03   5.32411E+01  4.18735E-03   5.27242E+01  3.96414E-03   5.22542E+01  3.71273E-03   5.18304E+01  3.43402E-03   5.14672E+01  3.12851E-03   5.11480E+01  2.79799E-03   5.08741E+01  2.44553E-03   5.06445E+01  2.07103E-03   5.04513E+01  1.67977E-03   5.03103E+01  1.27330E-03   5.02214E+01  8.55108E-04   5.01390E+01  4.29308E-04   5.01538E+01  5.78758E-07   1.58595E+02  4.29685E-04   2.29934E+02  8.55119E-04   2.30031E+02  1.27338E-03   2.30154E+02  1.68063E-03   2.30263E+02  2.07212E-03   2.30430E+02  2.44638E-03   2.30624E+02  2.79984E-03   2.30853E+02  3.13030E-03   2.31137E+02  3.43647E-03   2.31467E+02  3.71511E-03   2.31827E+02  3.96697E-03   2.32238E+02  4.19097E-03   2.32709E+02  4.38704E-03   2.33229E+02  4.55382E-03   2.33825E+02  4.69342E-03   2.34471E+02  4.80591E-03   2.35194E+02  4.89234E-03   2.35985E+02  4.95498E-03   2.36850E+02  4.99479E-03   2.37810E+02  5.01515E-03   2.38845E+02  5.01472E-03   2.39980E+02  4.99905E-03   2.41205E+02  4.96737E-03   2.42535E+02  4.92322E-03   2.43939E+02  4.86972E-03   2.45451E+02  4.80624E-03   2.47068E+02  4.73715E-03   2.48750E+02  4.66030E-03   2.50572E+02  4.58078E-03   2.52465E+02  4.49913E-03   2.54431E+02  4.41573E-03   2.56506E+02  4.33391E-03   2.58612E+02  4.25210E-03   2.60746E+02  4.17036E-03   2.62967E+02  4.08926E-03   2.65179E+02  4.00960E-03   2.67408E+02  3.93069E-03   2.69714E+02  3.85209E-03   2.71903E+02  3.77484E-03   2.74046E+02  3.69722E-03   2.76314E+02 
 3.82309E-03   9.73889E+01  3.90102E-03   9.51888E+01  3.97559E-03   9.29678E+01  4.05417E-03   9.08057E+01  4.13205E-03   8.86404E+01  4.20902E-03   8.63998E+01  4.28934E-03   8.41743E+01  4.36633E-03   8.19941E+01  4.44226E-03   7.98462E+01  4.52161E-03   7.77484E+01  4.59949E-03   7.57013E+01  4.67835E-03   7.37203E+01  4.75524E-03   7.18096E+01  4.82557E-03   6.99820E+01  4.89214E-03   6.82430E+01  4.95046E-03   6.65958E+01  4.99939E-03   6.50530E+01  5.03860E-03   6.36027E+01  5.06432E-03   6.22534E+01  5.07567E-03   6.10025E+01  5.06937E-03   5.98421E+01  5.04645E-03   5.87739E+01  5.00211E-03   5.77836E+01  4.93550E-03   5.68831E+01  4.84481E-03   5.60600E+01  4.72750E-03   5.53197E+01  4.58458E-03   5.46395E+01  4.41280E-03   5.40269E+01  4.21370E-03   5.34820E+01  3.98514E-03   5.29966E+01  3.73034E-03   5.25575E+01  3.44817E-03   5.21741E+01  3.13994E-03   5.18328E+01  2.80711E-03   5.15474E+01  2.45152E-03   5.13059E+01  2.07647E-03   5.10763E+01  1.68270E-03   5.09185E+01  1.27495E-03   5.07881E+01  8.55557E-04   5.06799E+01  4.28503E-04   5.05206E+01  2.03307E-06   2.61371E+02  4.31835E-04   2.30865E+02  8.58132E-04   2.30829E+02  1.27668E-03   2.30880E+02  1.68447E-03   2.30995E+02  2.07758E-03   2.31136E+02  2.45276E-03   2.31351E+02  2.80825E-03   2.31578E+02  3.14014E-03   2.31854E+02  3.44816E-03   2.32191E+02  3.72984E-03   2.32570E+02  3.98426E-03   2.33004E+02  4.21159E-03   2.33485E+02  4.40982E-03   2.34039E+02  4.58115E-03   2.34650E+02  4.72433E-03   2.35325E+02  4.84174E-03   2.36069E+02  4.93416E-03   2.36879E+02  5.00270E-03   2.37788E+02  5.04847E-03   2.38777E+02  5.07274E-03   2.39836E+02  5.07841E-03   2.41005E+02  5.06692E-03   2.42260E+02  5.04098E-03   2.43614E+02  5.00160E-03   2.45062E+02  4.95082E-03   2.46602E+02  4.89176E-03   2.48241E+02  4.82454E-03   2.49989E+02  4.75365E-03   2.51810E+02  4.67981E-03   2.53713E+02  4.60146E-03   2.55716E+02  4.52303E-03   2.57773E+02  4.44331E-03   2.59870E+02  4.36374E-03   2.61978E+02  4.28587E-03   2.64155E+02  4.20809E-03   2.66376E+02  4.13145E-03   2.68580E+02  4.05482E-03   2.70822E+02  3.97825E-03   2.73042E+02  3.89975E-03   2.75197E+02  3.82023E-03   2.77353E+02 
 3.93409E-03   9.84673E+01  4.01402E-03   9.62752E+01  4.09074E-03   9.41836E+01  4.16736E-03   9.20217E+01  4.24369E-03   8.97982E+01  4.31510E-03   8.76445E+01  4.38949E-03   8.54624E+01  4.46743E-03   8.32716E+01  4.54219E-03   8.11786E+01  4.61690E-03   7.91121E+01  4.69052E-03   7.70453E+01  4.76024E-03   7.50415E+01  4.82991E-03   7.31029E+01  4.89560E-03   7.12549E+01  4.95534E-03   6.95142E+01  5.01058E-03   6.78344E+01  5.05468E-03   6.62702E+01  5.08997E-03   6.47930E+01  5.11180E-03   6.33969E+01  5.11767E-03   6.21195E+01  5.10757E-03   6.09079E+01  5.07676E-03   5.98211E+01  5.02732E-03   5.88111E+01  4.95436E-03   5.78774E+01  4.85868E-03   5.70348E+01  4.73754E-03   5.62557E+01  4.58985E-03   5.55658E+01  4.41660E-03   5.49299E+01  4.21424E-03   5.43663E+01  3.98588E-03   5.38469E+01  3.72888E-03   5.34071E+01  3.44571E-03   5.30082E+01  3.13607E-03   5.26606E+01  2.80325E-03   5.23539E+01  2.44778E-03   5.21147E+01  2.07251E-03   5.18983E+01  1.68009E-03   5.17211E+01  1.27322E-03   5.15985E+01  8.55376E-04   5.15079E+01  4.29913E-04   5.15358E+01  1.28569E-06   8.93497E+01  4.27874E-04   2.31349E+02  8.53305E-04   2.31440E+02  1.27159E-03   2.31530E+02  1.67823E-03   2.31666E+02  2.07091E-03   2.31851E+02  2.44698E-03   2.32069E+02  2.80232E-03   2.32318E+02  3.13527E-03   2.32631E+02  3.44561E-03   2.32978E+02  3.72906E-03   2.33381E+02  3.98690E-03   2.33828E+02  4.21593E-03   2.34339E+02  4.41821E-03   2.34904E+02  4.59237E-03   2.35546E+02  4.74003E-03   2.36252E+02  4.86112E-03   2.37026E+02  4.95643E-03   2.37875E+02  5.02793E-03   2.38819E+02  5.07617E-03   2.39827E+02  5.10548E-03   2.40931E+02  5.11471E-03   2.42136E+02  5.10823E-03   2.43410E+02  5.08660E-03   2.44808E+02  5.05224E-03   2.46273E+02  5.00894E-03   2.47838E+02  4.95556E-03   2.49517E+02  4.89654E-03   2.51247E+02  4.83153E-03   2.53097E+02  4.76169E-03   2.55029E+02  4.68887E-03   2.57013E+02  4.61519E-03   2.59071E+02  4.54200E-03   2.61139E+02  4.46820E-03   2.63256E+02  4.39340E-03   2.65475E+02  4.31818E-03   2.67645E+02  4.24354E-03   2.69819E+02  4.16768E-03   2.72073E+02  4.08995E-03   2.74172E+02  4.01260E-03   2.76227E+02  3.93513E-03   2.78460E+02 
 4.04116E-03   9.96354E+01  4.11888E-03   9.74476E+01  4.19296E-03   9.52775E+01  4.26870E-03   9.32502E+01  4.34392E-03   9.11345E+01  4.41623E-03   8.89377E+01  4.48614E-03   8.68085E+01  4.55589E-03   8.46449E+01  4.62461E-03   8.24990E+01  4.69402E-03   8.04571E+01  4.76303E-03   7.84360E+01  4.83031E-03   7.64418E+01  4.89459E-03   7.45167E+01  4.95450E-03   7.26399E+01  5.00806E-03   7.08558E+01  5.05370E-03   6.91660E+01  5.09104E-03   6.75611E+01  5.11714E-03   6.60687E+01  5.13302E-03   6.46483E+01  5.13358E-03   6.33275E+01  5.11807E-03   6.20994E+01  5.08591E-03   6.09504E+01  5.03220E-03   5.99016E+01  4.95719E-03   5.89357E+01  4.85709E-03   5.80558E+01  4.73307E-03   5.72471E+01  4.58245E-03   5.65206E+01  4.40494E-03   5.58602E+01  4.20093E-03   5.52629E+01  3.96918E-03   5.47354E+01  3.71102E-03   5.42577E+01  3.42653E-03   5.38395E+01  3.11845E-03   5.34776E+01  2.78507E-03   5.31659E+01  2.43108E-03   5.28989E+01  2.05672E-03   5.26848E+01  1.66561E-03   5.24984E+01  1.26122E-03   5.23591E+01  8.46727E-04   5.22254E+01  4.24318E-04   5.21660E+01  1.36731E-06   2.28086E+02  4.27094E-04   2.32230E+02  8.49994E-04   2.32292E+02  1.26472E-03   2.32403E+02  1.66930E-03   2.32550E+02  2.05943E-03   2.32710E+02  2.43342E-03   2.32921E+02  2.78766E-03   2.33200E+02  3.12026E-03   2.33508E+02  3.42876E-03   2.33863E+02  3.71222E-03   2.34272E+02  3.96932E-03   2.34745E+02  4.19986E-03   2.35279E+02  4.40311E-03   2.35885E+02  4.57891E-03   2.36544E+02  4.72877E-03   2.37273E+02  4.85329E-03   2.38071E+02  4.95317E-03   2.38949E+02  5.02997E-03   2.39916E+02  5.08541E-03   2.40964E+02  5.11957E-03   2.42112E+02  5.13576E-03   2.43322E+02  5.13561E-03   2.44646E+02  5.12050E-03   2.46062E+02  5.09465E-03   2.47545E+02  5.05589E-03   2.49165E+02  5.00827E-03   2.50847E+02  4.95400E-03   2.52635E+02  4.89400E-03   2.54512E+02  4.83013E-03   2.56431E+02  4.76310E-03   2.58447E+02  4.69666E-03   2.60471E+02  4.62750E-03   2.62525E+02  4.55557E-03   2.64658E+02  4.48437E-03   2.66801E+02  4.41312E-03   2.68931E+02  4.34140E-03   2.71120E+02  4.26857E-03   2.73248E+02  4.19464E-03   2.75297E+02  4.11893E-03   2.77469E+02  4.03906E-03   2.79645E+02 
 4.12979E-03   1.00780E+02  4.21391E-03   9.86957E+01  4.28794E-03   9.65820E+01  4.35884E-03   9.44593E+01  4.43152E-03   9.23980E+01  4.49973E-03   9.03151E+01  4.56803E-03   8.81819E+01  4.63689E-03   8.60656E+01  4.70123E-03   8.39722E+01  4.76458E-03   8.19005E+01  4.82578E-03   7.98768E+01  4.88280E-03   7.79060E+01  4.93971E-03   7.59696E+01  4.99335E-03   7.41005E+01  5.04157E-03   7.23083E+01  5.08385E-03   7.05758E+01  5.11564E-03   6.89524E+01  5.13685E-03   6.74143E+01  5.14398E-03   6.59672E+01  5.13878E-03   6.46282E+01  5.11613E-03   6.33564E+01  5.07474E-03   6.22021E+01  5.01567E-03   6.11204E+01  4.93407E-03   6.01119E+01  4.83183E-03   5.92026E+01  4.70428E-03   5.83689E+01  4.55199E-03   5.76158E+01  4.37415E-03   5.69206E+01  4.16978E-03   5.63093E+01  3.93816E-03   5.57491E+01  3.68069E-03   5.52506E+01  3.39807E-03   5.48113E+01  3.08975E-03   5.44375E+01  2.75960E-03   5.40911E+01  2.40798E-03   5.38059E+01  2.03799E-03   5.35549E+01  1.65065E-03   5.33730E+01  1.25040E-03   5.32263E+01  8.40033E-04   5.30936E+01  4.22437E-04   5.30077E+01  1.10912E-06   3.31182E+01  4.19555E-04   2.33085E+02  8.36589E-04   2.33119E+02  1.24753E-03   2.33254E+02  1.64779E-03   2.33395E+02  2.03416E-03   2.33570E+02  2.40497E-03   2.33809E+02  2.75660E-03   2.34073E+02  3.08639E-03   2.34416E+02  3.39411E-03   2.34794E+02  3.67732E-03   2.35229E+02  3.93549E-03   2.35723E+02  4.16692E-03   2.36290E+02  4.37339E-03   2.36902E+02  4.55248E-03   2.37593E+02  4.70601E-03   2.38352E+02  4.83422E-03   2.39193E+02  4.93778E-03   2.40109E+02  5.01946E-03   2.41110E+02  5.07799E-03   2.42200E+02  5.11746E-03   2.43368E+02  5.13816E-03   2.44641E+02  5.14277E-03   2.45993E+02  5.13434E-03   2.47432E+02  5.11265E-03   2.48971E+02  5.08053E-03   2.50598E+02  5.03971E-03   2.52315E+02  4.99311E-03   2.54106E+02  4.94152E-03   2.55962E+02  4.88540E-03   2.57903E+02  4.82567E-03   2.59873E+02  4.76374E-03   2.61867E+02  4.69905E-03   2.63943E+02  4.63460E-03   2.66051E+02  4.56995E-03   2.68176E+02  4.50204E-03   2.70309E+02  4.43316E-03   2.72416E+02  4.36187E-03   2.74514E+02  4.28704E-03   2.76580E+02  4.21047E-03   2.78652E+02  4.13179E-03   2.80773E+02 
 4.21564E-03   1.01990E+02  4.29404E-03   9.98949E+01  4.37033E-03   9.78262E+01  4.44198E-03   9.58269E+01  4.51248E-03   9.37374E+01  4.57936E-03   9.16610E+01  4.63965E-03   8.96348E+01  4.70100E-03   8.75255E+01  4.76127E-03   8.54295E+01  4.81921E-03   8.34233E+01  4.87786E-03   8.14093E+01  4.93130E-03   7.94273E+01  4.97923E-03   7.75195E+01  5.02400E-03   7.56310E+01  5.06191E-03   7.38357E+01  5.09384E-03   7.21108E+01  5.11828E-03   7.04314E+01  5.13237E-03   6.88851E+01  5.13537E-03   6.74054E+01  5.12336E-03   6.60241E+01  5.09772E-03   6.47184E+01  5.05319E-03   6.34929E+01  4.98886E-03   6.23980E+01  4.90383E-03   6.13532E+01  4.79526E-03   6.04189E+01  4.66456E-03   5.95446E+01  4.50822E-03   5.87526E+01  4.32742E-03   5.80442E+01  4.12062E-03   5.73987E+01  3.88949E-03   5.68235E+01  3.63246E-03   5.63064E+01  3.35094E-03   5.58581E+01  3.04623E-03   5.54593E+01  2.71917E-03   5.51225E+01  2.37179E-03   5.48302E+01  2.00511E-03   5.46129E+01  1.62406E-03   5.44131E+01  1.23017E-03   5.42908E+01  8.25600E-04   5.42433E+01  4.13785E-04   5.42993E+01  1.69585E-06   1.64503E+02  4.15174E-04   2.33812E+02  8.26688E-04   2.33997E+02  1.23093E-03   2.34139E+02  1.62599E-03   2.34311E+02  2.00786E-03   2.34537E+02  2.37416E-03   2.34782E+02  2.72159E-03   2.35093E+02  3.04935E-03   2.35433E+02  3.35382E-03   2.35842E+02  3.63540E-03   2.36299E+02  3.89220E-03   2.36825E+02  4.12355E-03   2.37405E+02  4.32954E-03   2.38052E+02  4.50893E-03   2.38776E+02  4.66491E-03   2.39568E+02  4.79403E-03   2.40445E+02  4.90153E-03   2.41389E+02  4.98558E-03   2.42433E+02  5.04920E-03   2.43536E+02  5.09460E-03   2.44751E+02  5.12249E-03   2.46035E+02  5.13594E-03   2.47398E+02  5.13359E-03   2.48875E+02  5.12110E-03   2.50420E+02  5.09770E-03   2.52088E+02  5.06514E-03   2.53816E+02  5.02594E-03   2.55622E+02  4.97998E-03   2.57508E+02  4.92967E-03   2.59416E+02  4.87655E-03   2.61390E+02  4.82107E-03   2.63409E+02  4.76307E-03   2.65452E+02  4.70285E-03   2.67539E+02  4.64033E-03   2.69627E+02  4.57592E-03   2.71671E+02  4.51038E-03   2.73772E+02  4.44079E-03   2.75810E+02  4.36900E-03   2.77775E+02  4.29624E-03   2.79903E+02  4.21713E-03   2.82022E+02 
 4.28762E-03   1.03217E+02  4.37079E-03   1.01227E+02  4.44354E-03   9.91330E+01  4.51204E-03   9.70952E+01  4.57949E-03   9.51437E+01  4.64400E-03   9.30914E+01  4.70530E-03   9.10575E+01  4.76224E-03   8.90677E+01  4.81621E-03   8.69891E+01  4.86654E-03   8.49461E+01  4.91329E-03   8.29870E+01  4.95957E-03   8.10283E+01  5.00276E-03   7.91223E+01  5.04181E-03   7.72580E+01  5.07585E-03   7.54335E+01  5.10038E-03   7.37096E+01  5.11598E-03   7.20269E+01  5.12213E-03   7.04267E+01  5.11553E-03   6.89335E+01  5.09571E-03   6.75188E+01  5.06038E-03   6.62134E+01  5.00985E-03   6.49595E+01  4.94008E-03   6.38022E+01  4.85107E-03   6.27456E+01  4.74181E-03   6.17556E+01  4.60892E-03   6.08577E+01  4.45299E-03   6.00265E+01  4.27160E-03   5.92786E+01  4.06588E-03   5.85940E+01  3.83446E-03   5.79767E+01  3.57995E-03   5.74250E+01  3.30047E-03   5.69361E+01  2.99890E-03   5.65109E+01  2.67580E-03   5.61443E+01  2.33297E-03   5.58406E+01  1.97245E-03   5.55688E+01  1.59691E-03   5.53572E+01  1.20852E-03   5.51881E+01  8.11208E-04   5.50668E+01  4.07468E-04   5.49080E+01  1.41871E-06   3.43604E+02  4.06251E-04   2.35294E+02  8.10679E-04   2.35244E+02  1.20805E-03   2.35296E+02  1.59528E-03   2.35435E+02  1.97012E-03   2.35636E+02  2.33034E-03   2.35903E+02  2.67318E-03   2.36191E+02  2.99574E-03   2.36561E+02  3.29654E-03   2.36973E+02  3.57590E-03   2.37451E+02  3.83045E-03   2.37998E+02  4.06214E-03   2.38601E+02  4.26806E-03   2.39283E+02  4.44982E-03   2.40018E+02  4.60710E-03   2.40858E+02  4.74131E-03   2.41761E+02  4.85296E-03   2.42748E+02  4.94321E-03   2.43810E+02  5.01306E-03   2.44956E+02  5.06396E-03   2.46198E+02  5.09849E-03   2.47505E+02  5.11625E-03   2.48937E+02  5.12156E-03   2.50436E+02  5.11496E-03   2.52029E+02  5.09749E-03   2.53718E+02  5.07215E-03   2.55447E+02  5.04012E-03   2.57262E+02  5.00327E-03   2.59102E+02  4.96116E-03   2.61014E+02  4.91555E-03   2.62982E+02  4.86721E-03   2.64952E+02  4.81367E-03   2.66989E+02  4.75964E-03   2.69033E+02  4.70391E-03   2.71052E+02  4.64449E-03   2.73117E+02  4.58180E-03   2.75141E+02  4.51471E-03   2.77085E+02  4.44496E-03   2.79143E+02  4.36953E-03   2.81235E+02  4.28805E-03   2.83205E+02 
 4.35003E-03   1.04429E+02  4.43029E-03   1.02474E+02  4.50865E-03   1.00514E+02  4.57590E-03   9.84998E+01  4.63960E-03   9.64951E+01  4.70007E-03   9.45515E+01  4.75405E-03   9.25659E+01  4.80803E-03   9.05624E+01  4.85906E-03   8.85883E+01  4.90594E-03   8.65863E+01  4.95047E-03   8.45984E+01  4.98701E-03   8.26705E+01  5.01837E-03   8.07799E+01  5.04611E-03   7.89308E+01  5.06860E-03   7.71369E+01  5.08709E-03   7.53907E+01  5.09652E-03   7.36985E+01  5.09690E-03   7.20878E+01  5.08581E-03   7.05510E+01  5.06009E-03   6.91076E+01  5.02044E-03   6.77524E+01  4.96185E-03   6.64876E+01  4.88673E-03   6.53005E+01  4.79118E-03   6.42004E+01  4.67530E-03   6.32021E+01  4.53866E-03   6.22564E+01  4.37898E-03   6.14219E+01  4.19727E-03   6.06429E+01  3.99157E-03   5.99374E+01  3.76272E-03   5.93047E+01  3.50951E-03   5.87486E+01  3.23469E-03   5.82534E+01  2.93759E-03   5.78079E+01  2.62023E-03   5.74263E+01  2.28358E-03   5.71099E+01  1.93024E-03   5.68432E+01  1.56304E-03   5.66270E+01  1.18401E-03   5.64710E+01  7.95604E-04   5.63643E+01  4.00473E-04   5.64136E+01  2.39049E-06   9.99599E+01  3.96477E-04   2.36001E+02  7.91543E-04   2.36173E+02  1.18064E-03   2.36327E+02  1.56074E-03   2.36509E+02  1.92871E-03   2.36740E+02  2.28215E-03   2.37015E+02  2.61939E-03   2.37356E+02  2.93768E-03   2.37760E+02  3.23588E-03   2.38202E+02  3.51189E-03   2.38723E+02  3.76548E-03   2.39283E+02  3.99527E-03   2.39927E+02  4.20154E-03   2.40637E+02  4.38379E-03   2.41425E+02  4.54285E-03   2.42279E+02  4.67831E-03   2.43213E+02  4.79280E-03   2.44228E+02  4.88640E-03   2.45323E+02  4.96014E-03   2.46509E+02  5.01687E-03   2.47774E+02  5.05652E-03   2.49132E+02  5.08336E-03   2.50576E+02  5.09663E-03   2.52096E+02  5.09808E-03   2.53692E+02  5.09037E-03   2.55360E+02  5.07376E-03   2.57096E+02  5.05084E-03   2.58886E+02  5.02130E-03   2.60754E+02  4.98678E-03   2.62673E+02  4.94925E-03   2.64597E+02  4.90533E-03   2.66585E+02  4.85847E-03   2.68594E+02  4.81161E-03   2.70575E+02  4.75794E-03   2.72601E+02  4.69936E-03   2.74568E+02  4.63919E-03   2.76501E+02  4.57345E-03   2.78486E+02  4.50410E-03   2.80476E+02  4.43189E-03   2.82482E+02  4.35304E-03   2.84456E+02 
 4.40659E-03   1.05745E+02  4.48366E-03   1.03812E+02  4.55713E-03   1.01830E+02  4.62648E-03   9.99014E+01  4.68976E-03   9.79818E+01  4.75005E-03   9.59934E+01  4.80343E-03   9.40752E+01  4.84928E-03   9.21691E+01  4.89197E-03   9.01883E+01  4.92992E-03   8.82489E+01  4.96667E-03   8.63174E+01  5.00224E-03   8.43737E+01  5.03035E-03   8.25079E+01  5.05279E-03   8.06616E+01  5.06708E-03   7.88562E+01  5.07276E-03   7.71527E+01  5.07169E-03   7.54622E+01  5.06078E-03   7.38461E+01  5.04044E-03   7.23105E+01  5.00719E-03   7.08322E+01  4.96086E-03   6.94583E+01  4.90009E-03   6.81348E+01  4.82040E-03   6.69271E+01  4.72372E-03   6.57851E+01  4.60550E-03   6.47360E+01  4.46692E-03   6.37699E+01  4.30583E-03   6.28638E+01  4.12226E-03   6.20595E+01  3.91662E-03   6.13114E+01  3.68755E-03   6.06534E+01  3.43764E-03   6.00365E+01  3.16439E-03   5.95126E+01  2.87183E-03   5.90385E+01  2.55885E-03   5.86386E+01  2.22883E-03   5.82931E+01  1.88244E-03   5.80057E+01  1.52277E-03   5.77714E+01  1.15117E-03   5.76033E+01  7.71277E-04   5.74852E+01  3.86179E-04   5.73897E+01  2.01572E-06   2.40376E+02  3.90930E-04   2.37430E+02  7.76510E-04   2.37515E+02  1.15632E-03   2.37686E+02  1.52702E-03   2.37828E+02  1.88631E-03   2.38072E+02  2.23274E-03   2.38376E+02  2.56166E-03   2.38718E+02  2.87392E-03   2.39114E+02  3.16602E-03   2.39584E+02  3.43834E-03   2.40108E+02  3.68719E-03   2.40713E+02  3.91499E-03   2.41365E+02  4.11961E-03   2.42096E+02  4.30259E-03   2.42902E+02  4.46294E-03   2.43787E+02  4.60174E-03   2.44758E+02  4.72034E-03   2.45800E+02  4.81826E-03   2.46920E+02  4.89965E-03   2.48131E+02  4.96237E-03   2.49443E+02  5.01095E-03   2.50812E+02  5.04441E-03   2.52283E+02  5.06451E-03   2.53818E+02  5.07469E-03   2.55437E+02  5.07333E-03   2.57136E+02  5.06479E-03   2.58866E+02  5.04920E-03   2.60685E+02  5.02668E-03   2.62528E+02  5.00033E-03   2.64390E+02  4.96799E-03   2.66315E+02  4.93133E-03   2.68253E+02  4.89260E-03   2.70182E+02  4.84883E-03   2.72138E+02  4.79879E-03   2.74075E+02  4.74750E-03   2.75997E+02  4.69083E-03   2.77949E+02  4.62717E-03   2.79871E+02  4.56210E-03   2.81860E+02  4.48807E-03   2.83851E+02  4.40507E-03   2.85732E+02 
 4.44800E-03   1.07014E+02  4.52866E-03   1.05157E+02  4.60372E-03   1.03255E+02  4.66863E-03   1.01279E+02  4.72803E-03   9.94101E+01  4.78374E-03   9.75477E+01  4.83522E-03   9.55914E+01  4.88240E-03   9.37201E+01  4.92234E-03   9.18558E+01  4.95611E-03   8.99049E+01  4.98366E-03   8.80274E+01  5.00567E-03   8.61554E+01  5.02476E-03   8.42883E+01  5.03948E-03   8.25026E+01  5.04803E-03   8.06931E+01  5.04936E-03   7.89530E+01  5.04173E-03   7.72918E+01  5.02409E-03   7.56446E+01  4.99549E-03   7.41049E+01  4.95475E-03   7.26166E+01  4.89925E-03   7.12230E+01  4.82908E-03   6.99104E+01  4.74346E-03   6.86584E+01  4.64011E-03   6.75174E+01  4.51876E-03   6.64287E+01  4.37686E-03   6.54476E+01  4.21699E-03   6.45295E+01  4.03400E-03   6.36822E+01  3.83088E-03   6.29072E+01  3.60560E-03   6.22150E+01  3.35902E-03   6.15954E+01  3.09227E-03   6.10208E+01  2.80450E-03   6.05383E+01  2.49959E-03   6.00901E+01  2.17651E-03   5.97344E+01  1.83885E-03   5.93871E+01  1.48764E-03   5.91389E+01  1.12646E-03   5.89244E+01  7.56682E-04   5.87629E+01  3.81381E-04   5.86007E+01  2.83844E-06   4.58840E+01  3.75471E-04   2.38919E+02  7.50598E-04   2.38960E+02  1.12091E-03   2.39052E+02  1.48192E-03   2.39246E+02  1.83298E-03   2.39460E+02  2.17038E-03   2.39769E+02  2.49438E-03   2.40125E+02  2.79949E-03   2.40560E+02  3.08745E-03   2.41021E+02  3.35534E-03   2.41583E+02  3.60300E-03   2.42203E+02  3.83043E-03   2.42897E+02  4.03437E-03   2.43670E+02  4.21897E-03   2.44514E+02  4.38065E-03   2.45437E+02  4.52308E-03   2.46436E+02  4.64443E-03   2.47522E+02  4.74732E-03   2.48667E+02  4.83181E-03   2.49922E+02  4.90055E-03   2.51233E+02  4.95414E-03   2.52634E+02  4.99351E-03   2.54124E+02  5.02233E-03   2.55659E+02  5.03972E-03   2.57299E+02  5.04784E-03   2.58953E+02  5.04853E-03   2.60678E+02  5.04180E-03   2.62462E+02  5.02874E-03   2.64250E+02  5.00895E-03   2.66133E+02  4.98372E-03   2.68032E+02  4.95509E-03   2.69923E+02  4.92145E-03   2.71841E+02  4.88129E-03   2.73733E+02  4.83696E-03   2.75636E+02  4.78702E-03   2.77527E+02  4.72955E-03   2.79398E+02  4.66931E-03   2.81332E+02  4.60261E-03   2.83287E+02  4.52643E-03   2.85132E+02  4.44709E-03   2.86986E+02 
 4.48375E-03   1.08365E+02  4.55860E-03   1.06481E+02  4.63422E-03   1.04659E+02  4.70391E-03   1.02785E+02  4.76270E-03   1.00863E+02  4.81645E-03   9.90287E+01  4.86161E-03   9.72077E+01  4.90044E-03   9.53149E+01  4.93724E-03   9.34961E+01  4.96751E-03   9.16651E+01  4.99356E-03   8.97671E+01  5.01290E-03   8.79305E+01  5.02320E-03   8.61083E+01  5.02884E-03   8.43180E+01  5.02581E-03   8.25905E+01  5.01680E-03   8.08727E+01  5.00026E-03   7.92105E+01  4.97332E-03   7.75969E+01  4.93940E-03   7.60256E+01  4.89268E-03   7.45287E+01  4.83346E-03   7.30990E+01  4.75911E-03   7.17570E+01  4.66836E-03   7.04889E+01  4.56099E-03   6.92896E+01  4.43475E-03   6.81819E+01  4.28987E-03   6.71474E+01  4.12470E-03   6.62157E+01  3.94124E-03   6.53529E+01  3.73680E-03   6.45646E+01  3.51324E-03   6.38383E+01  3.26849E-03   6.31935E+01  3.00580E-03   6.26095E+01  2.72376E-03   6.21206E+01  2.42556E-03   6.16723E+01  2.11103E-03   6.12817E+01  1.78135E-03   6.09734E+01  1.44004E-03   6.07174E+01  1.08860E-03   6.05505E+01  7.29283E-04   6.03883E+01  3.64703E-04   6.02774E+01  2.79410E-06   2.39675E+02  3.70159E-04   2.40283E+02  7.34628E-04   2.40390E+02  1.09411E-03   2.40537E+02  1.44578E-03   2.40707E+02  1.78768E-03   2.40978E+02  2.11747E-03   2.41294E+02  2.43269E-03   2.41679E+02  2.73128E-03   2.42123E+02  3.01350E-03   2.42649E+02  3.27585E-03   2.43243E+02  3.51937E-03   2.43881E+02  3.74166E-03   2.44605E+02  3.94488E-03   2.45394E+02  4.12711E-03   2.46267E+02  4.28986E-03   2.47193E+02  4.43272E-03   2.48225E+02  4.55736E-03   2.49310E+02  4.66511E-03   2.50493E+02  4.75595E-03   2.51749E+02  4.83071E-03   2.53088E+02  4.89177E-03   2.54521E+02  4.94104E-03   2.55992E+02  4.97726E-03   2.57555E+02  5.00330E-03   2.59165E+02  5.02009E-03   2.60819E+02  5.02834E-03   2.62554E+02  5.02898E-03   2.64309E+02  5.02164E-03   2.66130E+02  5.00915E-03   2.67983E+02  4.99165E-03   2.69805E+02  4.96762E-03   2.71667E+02  4.93797E-03   2.73504E+02  4.90262E-03   2.75339E+02  4.86006E-03   2.77182E+02  4.81331E-03   2.78993E+02  4.76129E-03   2.80894E+02  4.70244E-03   2.82794E+02  4.63694E-03   2.84628E+02  4.56288E-03   2.86471E+02  4.48357E-03   2.88367E+02 
 4.50877E-03   1.09758E+02  4.58751E-03   1.07881E+02  4.65650E-03   1.06042E+02  4.72265E-03   1.04224E+02  4.78225E-03   1.02421E+02  4.83532E-03   1.00569E+02  4.88306E-03   9.87449E+01  4.92013E-03   9.69610E+01  4.95046E-03   9.51500E+01  4.97421E-03   9.33804E+01  4.98971E-03   9.16084E+01  5.00265E-03   8.97789E+01  5.00901E-03   8.79787E+01  5.00953E-03   8.62120E+01  5.00363E-03   8.44584E+01  4.98630E-03   8.27844E+01  4.96244E-03   8.11486E+01  4.92682E-03   7.95490E+01  4.88001E-03   7.80349E+01  4.82422E-03   7.65415E+01  4.75542E-03   7.51183E+01  4.67590E-03   7.37593E+01  4.58121E-03   7.24668E+01  4.47075E-03   7.12715E+01  4.34387E-03   7.01173E+01  4.19873E-03   6.90587E+01  4.03583E-03   6.80817E+01  3.85240E-03   6.71895E+01  3.65068E-03   6.63717E+01  3.42863E-03   6.56131E+01  3.18824E-03   6.49341E+01  2.92923E-03   6.43202E+01  2.65298E-03   6.37795E+01  2.36048E-03   6.32952E+01  2.05345E-03   6.28662E+01  1.73289E-03   6.25182E+01  1.40043E-03   6.22124E+01  1.05876E-03   6.19840E+01  7.11017E-04   6.17646E+01  3.57521E-04   6.15154E+01  2.46831E-06   3.44803E+02  3.55774E-04   2.42284E+02  7.09232E-04   2.42195E+02  1.05723E-03   2.42269E+02  1.39858E-03   2.42454E+02  1.73044E-03   2.42703E+02  2.05038E-03   2.43016E+02  2.35699E-03   2.43421E+02  2.64883E-03   2.43870E+02  2.92454E-03   2.44405E+02  3.18282E-03   2.44985E+02  3.42216E-03   2.45651E+02  3.64357E-03   2.46389E+02  3.84567E-03   2.47203E+02  4.02999E-03   2.48086E+02  4.19479E-03   2.49059E+02  4.34211E-03   2.50105E+02  4.47086E-03   2.51233E+02  4.58323E-03   2.52437E+02  4.67986E-03   2.53724E+02  4.76107E-03   2.55094E+02  4.82937E-03   2.56510E+02  4.88388E-03   2.58003E+02  4.92694E-03   2.59549E+02  4.96046E-03   2.61148E+02  4.98418E-03   2.62800E+02  5.00071E-03   2.64502E+02  5.00850E-03   2.66249E+02  5.00943E-03   2.68004E+02  5.00556E-03   2.69764E+02  4.99337E-03   2.71554E+02  4.97560E-03   2.73346E+02  4.95118E-03   2.75148E+02  4.91847E-03   2.76960E+02  4.88172E-03   2.78738E+02  4.83851E-03   2.80586E+02  4.78566E-03   2.82445E+02  4.72644E-03   2.84230E+02  4.65914E-03   2.86061E+02  4.58330E-03   2.87886E+02  4.50344E-03   2.89749E+02 
 4.52029E-03   1.11169E+02  4.60000E-03   1.09301E+02  4.67373E-03   1.07503E+02  4.73921E-03   1.05685E+02  4.79494E-03   1.03890E+02  4.84450E-03   1.02167E+02  4.88757E-03   1.00389E+02  4.92433E-03   9.85889E+01  4.95428E-03   9.68453E+01  4.97727E-03   9.50671E+01  4.99128E-03   9.33369E+01  4.99589E-03   9.16520E+01  4.99305E-03   8.98961E+01  4.98308E-03   8.81763E+01  4.96837E-03   8.64871E+01  4.94576E-03   8.47761E+01  4.91475E-03   8.31730E+01  4.87594E-03   8.15693E+01  4.82460E-03   8.00242E+01  4.76253E-03   7.85803E+01  4.68741E-03   7.71300E+01  4.59745E-03   7.57937E+01  4.49649E-03   7.44934E+01  4.37803E-03   7.32773E+01  4.24650E-03   7.21406E+01  4.09789E-03   7.10487E+01  3.93202E-03   7.00850E+01  3.75051E-03   6.91484E+01  3.54884E-03   6.83286E+01  3.33175E-03   6.75619E+01  3.09533E-03   6.68826E+01  2.84290E-03   6.62571E+01  2.57301E-03   6.57050E+01  2.28904E-03   6.52254E+01  1.98963E-03   6.48051E+01  1.67826E-03   6.44555E+01  1.35619E-03   6.41803E+01  1.02534E-03   6.39902E+01  6.87472E-04   6.37971E+01  3.45184E-04   6.37751E+01  4.15279E-07   1.28668E+02  3.44560E-04   2.43673E+02  6.87299E-04   2.43789E+02  1.02573E-03   2.43921E+02  1.35626E-03   2.44120E+02  1.67891E-03   2.44415E+02  1.99003E-03   2.44770E+02  2.28914E-03   2.45161E+02  2.57474E-03   2.45656E+02  2.84545E-03   2.46212E+02  3.09865E-03   2.46841E+02  3.33630E-03   2.47530E+02  3.55417E-03   2.48296E+02  3.75621E-03   2.49140E+02  3.93869E-03   2.50064E+02  4.10475E-03   2.51058E+02  4.25292E-03   2.52143E+02  4.38324E-03   2.53280E+02  4.49980E-03   2.54502E+02  4.59938E-03   2.55797E+02  4.68592E-03   2.57135E+02  4.75941E-03   2.58564E+02  4.82101E-03   2.60035E+02  4.87308E-03   2.61561E+02  4.91474E-03   2.63152E+02  4.94697E-03   2.64776E+02  4.97096E-03   2.66466E+02  4.98581E-03   2.68160E+02  4.99464E-03   2.69873E+02  4.99509E-03   2.71632E+02  4.98793E-03   2.73369E+02  4.97536E-03   2.75127E+02  4.95284E-03   2.76874E+02  4.92444E-03   2.78585E+02  4.89011E-03   2.80372E+02  4.84547E-03   2.82158E+02  4.79474E-03   2.83906E+02  4.73756E-03   2.85692E+02  4.67027E-03   2.87478E+02  4.59751E-03   2.89258E+02  4.52236E-03   2.91152E+02 
 4.52453E-03   1.12645E+02  4.60416E-03   1.10738E+02  4.67384E-03   1.08963E+02  4.74238E-03   1.07232E+02  4.80099E-03   1.05423E+02  4.84900E-03   1.03649E+02  4.89223E-03   1.01992E+02  4.92379E-03   1.00280E+02  4.94657E-03   9.85558E+01  4.96423E-03   9.68757E+01  4.97497E-03   9.51266E+01  4.98021E-03   9.34421E+01  4.97569E-03   9.17970E+01  4.96070E-03   9.00881E+01  4.93762E-03   8.84698E+01  4.90579E-03   8.68438E+01  4.86567E-03   8.52200E+01  4.81711E-03   8.37000E+01  4.75901E-03   8.21572E+01  4.69015E-03   8.07086E+01  4.61201E-03   7.93013E+01  4.51982E-03   7.79298E+01  4.41394E-03   7.66602E+01  4.29491E-03   7.54014E+01  4.15874E-03   7.42693E+01  4.00916E-03   7.31536E+01  3.84111E-03   7.21443E+01  3.65800E-03   7.12002E+01  3.45778E-03   7.03207E+01  3.24067E-03   6.95454E+01  3.00789E-03   6.88017E+01  2.75862E-03   6.81897E+01  2.49500E-03   6.76075E+01  2.21682E-03   6.71302E+01  1.92618E-03   6.66821E+01  1.62337E-03   6.63453E+01  1.31167E-03   6.59989E+01  9.90012E-04   6.58084E+01  6.62992E-04   6.56868E+01  3.31692E-04   6.55131E+01  1.95703E-06   2.63991E+02  3.35419E-04   2.45637E+02  6.66745E-04   2.45689E+02  9.93712E-04   2.45853E+02  1.31488E-03   2.46086E+02  1.62637E-03   2.46397E+02  1.92928E-03   2.46731E+02  2.21947E-03   2.47180E+02  2.49703E-03   2.47660E+02  2.75999E-03   2.48247E+02  3.00805E-03   2.48883E+02  3.24027E-03   2.49609E+02  3.45607E-03   2.50377E+02  3.65550E-03   2.51244E+02  3.83780E-03   2.52179E+02  4.00488E-03   2.53190E+02  4.15376E-03   2.54273E+02  4.29040E-03   2.55406E+02  4.41078E-03   2.56636E+02  4.51689E-03   2.57907E+02  4.61145E-03   2.59271E+02  4.69183E-03   2.60678E+02  4.76198E-03   2.62136E+02  4.82035E-03   2.63670E+02  4.86808E-03   2.65234E+02  4.90738E-03   2.66858E+02  4.93689E-03   2.68494E+02  4.95825E-03   2.70130E+02  4.97194E-03   2.71824E+02  4.97755E-03   2.73486E+02  4.97715E-03   2.75153E+02  4.96665E-03   2.76848E+02  4.94788E-03   2.78502E+02  4.92430E-03   2.80232E+02  4.89091E-03   2.81976E+02  4.85006E-03   2.83702E+02  4.80266E-03   2.85461E+02  4.74357E-03   2.87183E+02  4.67571E-03   2.88928E+02  4.60444E-03   2.90753E+02  4.52482E-03   2.92670E+02 
 4.51518E-03   1.14139E+02  4.60030E-03   1.12252E+02  4.67177E-03   1.10417E+02  4.73387E-03   1.08705E+02  4.79327E-03   1.07035E+02  4.84088E-03   1.05284E+02  4.88195E-03   1.03549E+02  4.91817E-03   1.01907E+02  4.94107E-03   1.00232E+02  4.95573E-03   9.85971E+01  4.95957E-03   9.69983E+01  4.95448E-03   9.53148E+01  4.94549E-03   9.37061E+01  4.92705E-03   9.20964E+01  4.90167E-03   9.04510E+01  4.86583E-03   8.88862E+01  4.82004E-03   8.72982E+01  4.76569E-03   8.57768E+01  4.69968E-03   8.43166E+01  4.62324E-03   8.28610E+01  4.53502E-03   8.14938E+01  4.43632E-03   8.01448E+01  4.32463E-03   7.88838E+01  4.20063E-03   7.76563E+01  4.06370E-03   7.64980E+01  3.91128E-03   7.54311E+01  3.74523E-03   7.43773E+01  3.56273E-03   7.34596E+01  3.36565E-03   7.25540E+01  3.15161E-03   7.17611E+01  2.92298E-03   7.10085E+01  2.67913E-03   7.03477E+01  2.42150E-03   6.97606E+01  2.15076E-03   6.92290E+01  1.86770E-03   6.87669E+01  1.57418E-03   6.83724E+01  1.27130E-03   6.80377E+01  9.60747E-04   6.77623E+01  6.44422E-04   6.75593E+01  3.23974E-04   6.73614E+01  2.51410E-06   2.40797E+01  3.20182E-04   2.47964E+02  6.40536E-04   2.47856E+02  9.56944E-04   2.47999E+02  1.26717E-03   2.48214E+02  1.56997E-03   2.48491E+02  1.86411E-03   2.48851E+02  2.14640E-03   2.49291E+02  2.41771E-03   2.49797E+02  2.67519E-03   2.50373E+02  2.91955E-03   2.51029E+02  3.14898E-03   2.51743E+02  3.36350E-03   2.52525E+02  3.56224E-03   2.53416E+02  3.74594E-03   2.54346E+02  3.91448E-03   2.55372E+02  4.06770E-03   2.56432E+02  4.20681E-03   2.57610E+02  4.33115E-03   2.58823E+02  4.44264E-03   2.60108E+02  4.54026E-03   2.61464E+02  4.62556E-03   2.62848E+02  4.69955E-03   2.64315E+02  4.76277E-03   2.65806E+02  4.81803E-03   2.67347E+02  4.86323E-03   2.68914E+02  4.89978E-03   2.70462E+02  4.92764E-03   2.72079E+02  4.94657E-03   2.73691E+02  4.95787E-03   2.75297E+02  4.96007E-03   2.76946E+02  4.95330E-03   2.78571E+02  4.93937E-03   2.80249E+02  4.91614E-03   2.81943E+02  4.88406E-03   2.83624E+02  4.84434E-03   2.85319E+02  4.79323E-03   2.86974E+02  4.73276E-03   2.88664E+02  4.66779E-03   2.90434E+02  4.59706E-03   2.92256E+02  4.51748E-03   2.94133E+02 
 4.49802E-03   1.15671E+02  4.58052E-03   1.13806E+02  4.65671E-03   1.11977E+02  4.72245E-03   1.10205E+02  4.77993E-03   1.08529E+02  4.82796E-03   1.06912E+02  4.86382E-03   1.05251E+02  4.89395E-03   1.03566E+02  4.91717E-03   1.01948E+02  4.93232E-03   1.00324E+02  4.93945E-03   9.87358E+01  4.93239E-03   9.71800E+01  4.91719E-03   9.55877E+01  4.89249E-03   9.40571E+01  4.85819E-03   9.25269E+01  4.81800E-03   9.09738E+01  4.76616E-03   8.94577E+01  4.70768E-03   8.79423E+01  4.63997E-03   8.64811E+01  4.55884E-03   8.50617E+01  4.46850E-03   8.36967E+01  4.36398E-03   8.23900E+01  4.24825E-03   8.11207E+01  4.11829E-03   7.99137E+01  3.97559E-03   7.87525E+01  3.82099E-03   7.76715E+01  3.65108E-03   7.66506E+01  3.46907E-03   7.57036E+01  3.27126E-03   7.48288E+01  3.06073E-03   7.40204E+01  2.83537E-03   7.32928E+01  2.59681E-03   7.26288E+01  2.34471E-03   7.20376E+01  2.08086E-03   7.15161E+01  1.80561E-03   7.10770E+01  1.52073E-03   7.07076E+01  1.22780E-03   7.04126E+01  9.27238E-04   7.01758E+01  6.21578E-04   7.00423E+01  3.11841E-04   6.99315E+01  1.30517E-06   1.58825E+02  3.12093E-04   2.49435E+02  6.20946E-04   2.49775E+02  9.26844E-04   2.49978E+02  1.22799E-03   2.50236E+02  1.52211E-03   2.50564E+02  1.80774E-03   2.50970E+02  2.08303E-03   2.51446E+02  2.34731E-03   2.51973E+02  2.59952E-03   2.52585E+02  2.83889E-03   2.53268E+02  3.06419E-03   2.53994E+02  3.27591E-03   2.54815E+02  3.47322E-03   2.55695E+02  3.65597E-03   2.56652E+02  3.82464E-03   2.57665E+02  3.97778E-03   2.58756E+02  4.11881E-03   2.59913E+02  4.24570E-03   2.61110E+02  4.36049E-03   2.62394E+02  4.46334E-03   2.63703E+02  4.55426E-03   2.65088E+02  4.63555E-03   2.66520E+02  4.70677E-03   2.67965E+02  4.76819E-03   2.69460E+02  4.81954E-03   2.70950E+02  4.86102E-03   2.72491E+02  4.89403E-03   2.74052E+02  4.91807E-03   2.75601E+02  4.93136E-03   2.77176E+02  4.93642E-03   2.78752E+02  4.93264E-03   2.80361E+02  4.91962E-03   2.81972E+02  4.89799E-03   2.83588E+02  4.86684E-03   2.85228E+02  4.82656E-03   2.86835E+02  4.77729E-03   2.88491E+02  4.72084E-03   2.90223E+02  4.65761E-03   2.91988E+02  4.58544E-03   2.93805E+02  4.50311E-03   2.95682E+02 
 4.47530E-03   1.17241E+02  4.55612E-03   1.15381E+02  4.62879E-03   1.13564E+02  4.69332E-03   1.11823E+02  4.75482E-03   1.10097E+02  4.80588E-03   1.08425E+02  4.84488E-03   1.06865E+02  4.87419E-03   1.05291E+02  4.89156E-03   1.03671E+02  4.90029E-03   1.02121E+02  4.90400E-03   1.00559E+02  4.89891E-03   9.89993E+01  4.88309E-03   9.74906E+01  4.85811E-03   9.59555E+01  4.82024E-03   9.44798E+01  4.77300E-03   9.30372E+01  4.71707E-03   9.15582E+01  4.64804E-03   9.01377E+01  4.57389E-03   8.87190E+01  4.48764E-03   8.73173E+01  4.39147E-03   8.59983E+01  4.28650E-03   8.46844E+01  4.16721E-03   8.34639E+01  4.03869E-03   8.22914E+01  3.89394E-03   8.11474E+01  3.73788E-03   8.00848E+01  3.56740E-03   7.90439E+01  3.38389E-03   7.81064E+01  3.18804E-03   7.72019E+01  2.97764E-03   7.63934E+01  2.75606E-03   7.56266E+01  2.52015E-03   7.49470E+01  2.27417E-03   7.43304E+01  2.01614E-03   7.37777E+01  1.74893E-03   7.33101E+01  1.47151E-03   7.28922E+01  1.18732E-03   7.25667E+01  8.96281E-04   7.22802E+01  5.99886E-04   7.20499E+01  2.99992E-04   7.16800E+01  2.75587E-06   3.18071E+02  3.01947E-04   2.52598E+02  6.01652E-04   2.52442E+02  8.97466E-04   2.52529E+02  1.18853E-03   2.52751E+02  1.47353E-03   2.53060E+02  1.75063E-03   2.53443E+02  2.01835E-03   2.53887E+02  2.27592E-03   2.54401E+02  2.52208E-03   2.55004E+02  2.75706E-03   2.55660E+02  2.97770E-03   2.56405E+02  3.18747E-03   2.57198E+02  3.38276E-03   2.58081E+02  3.56605E-03   2.59014E+02  3.73536E-03   2.60028E+02  3.89158E-03   2.61103E+02  4.03582E-03   2.62232E+02  4.16692E-03   2.63434E+02  4.28742E-03   2.64680E+02  4.39396E-03   2.65983E+02  4.49111E-03   2.67333E+02  4.57748E-03   2.68704E+02  4.65253E-03   2.70122E+02  4.71812E-03   2.71551E+02  4.77241E-03   2.73016E+02  4.81854E-03   2.74497E+02  4.85508E-03   2.75973E+02  4.88080E-03   2.77480E+02  4.89815E-03   2.78986E+02  4.90615E-03   2.80548E+02  4.90375E-03   2.82110E+02  4.89379E-03   2.83662E+02  4.87354E-03   2.85272E+02  4.84220E-03   2.86847E+02  4.80320E-03   2.88448E+02  4.75413E-03   2.90127E+02  4.69641E-03   2.91819E+02  4.63103E-03   2.93553E+02  4.55610E-03   2.95380E+02  4.47240E-03   2.97254E+02 
 4.44068E-03   1.18827E+02  4.52229E-03   1.16995E+02  4.60005E-03   1.15157E+02  4.66189E-03   1.13399E+02  4.71595E-03   1.11766E+02  4.76825E-03   1.10100E+02  4.80728E-03   1.08447E+02  4.83967E-03   1.06925E+02  4.86333E-03   1.05400E+02  4.87012E-03   1.03837E+02  4.86858E-03   1.02372E+02  4.85775E-03   1.00884E+02  4.83691E-03   9.93873E+01  4.81054E-03   9.79580E+01  4.77379E-03   9.64540E+01  4.72420E-03   9.50438E+01  4.66813E-03   9.36589E+01  4.59792E-03   9.22323E+01  4.51649E-03   9.09208E+01  4.42702E-03   8.95481E+01  4.32272E-03   8.82453E+01  4.21183E-03   8.70041E+01  4.08847E-03   8.57459E+01  3.95458E-03   8.46259E+01  3.80997E-03   8.34907E+01  3.65181E-03   8.24790E+01  3.48341E-03   8.14871E+01  3.29967E-03   8.05614E+01  3.10622E-03   7.97056E+01  2.89884E-03   7.88900E+01  2.68025E-03   7.81861E+01  2.44928E-03   7.75064E+01  2.20749E-03   7.69414E+01  1.95636E-03   7.63764E+01  1.69466E-03   7.59723E+01  1.42557E-03   7.55831E+01  1.14919E-03   7.53077E+01  8.67447E-04   7.51119E+01  5.80829E-04   7.50628E+01  2.91351E-04   7.52516E+01  3.15300E-06   1.70780E+02  2.91674E-04   2.53960E+02  5.81406E-04   2.54319E+02  8.67906E-04   2.54609E+02  1.14992E-03   2.54961E+02  1.42657E-03   2.55307E+02  1.69568E-03   2.55742E+02  1.95704E-03   2.56185E+02  2.20832E-03   2.56751E+02  2.45032E-03   2.57342E+02  2.68064E-03   2.58037E+02  2.89953E-03   2.58760E+02  3.10677E-03   2.59581E+02  3.30072E-03   2.60469E+02  3.48452E-03   2.61407E+02  3.65356E-03   2.62433E+02  3.81216E-03   2.63487E+02  3.95728E-03   2.64628E+02  4.09117E-03   2.65796E+02  4.21370E-03   2.67029E+02  4.32418E-03   2.68297E+02  4.42527E-03   2.69582E+02  4.51389E-03   2.70936E+02  4.59417E-03   2.72285E+02  4.66362E-03   2.73668E+02  4.72216E-03   2.75065E+02  4.77287E-03   2.76466E+02  4.81173E-03   2.77927E+02  4.84032E-03   2.79367E+02  4.86044E-03   2.80876E+02  4.86963E-03   2.82383E+02  4.87019E-03   2.83864E+02  4.86114E-03   2.85417E+02  4.83821E-03   2.86947E+02  4.80782E-03   2.88468E+02  4.76871E-03   2.90069E+02  4.71761E-03   2.91714E+02  4.66179E-03   2.93392E+02  4.59830E-03   2.95177E+02  4.52242E-03   2.97014E+02  4.44079E-03   2.98843E+02 
 4.39971E-03   1.20525E+02  4.47435E-03   1.18647E+02  4.55126E-03   1.16863E+02  4.62359E-03   1.15037E+02  4.67842E-03   1.13330E+02  4.72732E-03   1.11776E+02  4.76760E-03   1.10174E+02  4.79197E-03   1.08582E+02  4.81500E-03   1.07118E+02  4.82900E-03   1.05606E+02  4.82737E-03   1.04089E+02  4.81816E-03   1.02701E+02  4.79492E-03   1.01245E+02  4.76134E-03   9.98569E+01  4.72130E-03   9.85087E+01  4.66764E-03   9.70673E+01  4.60715E-03   9.57704E+01  4.53779E-03   9.44127E+01  4.45454E-03   9.30934E+01  4.36370E-03   9.18649E+01  4.25986E-03   9.05494E+01  4.14441E-03   8.93767E+01  4.01907E-03   8.81503E+01  3.88072E-03   8.70043E+01  3.73303E-03   8.59236E+01  3.57289E-03   8.48475E+01  3.40245E-03   8.39088E+01  3.22003E-03   8.29451E+01  3.02638E-03   8.21264E+01  2.82250E-03   8.13042E+01  2.60592E-03   8.05890E+01  2.37994E-03   7.99163E+01  2.14340E-03   7.93204E+01  1.89797E-03   7.87915E+01  1.64348E-03   7.83407E+01  1.38203E-03   7.79619E+01  1.11395E-03   7.76004E+01  8.40519E-04   7.73502E+01  5.62373E-04   7.71071E+01  2.81659E-04   7.69503E+01  8.72568E-07   3.03680E+02  2.82516E-04   2.57289E+02  5.63123E-04   2.57337E+02  8.40942E-04   2.57499E+02  1.11475E-03   2.57723E+02  1.38349E-03   2.58038E+02  1.64550E-03   2.58396E+02  1.90010E-03   2.58840E+02  2.14554E-03   2.59385E+02  2.38247E-03   2.59982E+02  2.60840E-03   2.60659E+02  2.82474E-03   2.61365E+02  3.02887E-03   2.62189E+02  3.22253E-03   2.63025E+02  3.40375E-03   2.63973E+02  3.57401E-03   2.64929E+02  3.73332E-03   2.65972E+02  3.87937E-03   2.67064E+02  4.01689E-03   2.68181E+02  4.14207E-03   2.69381E+02  4.25729E-03   2.70558E+02  4.36171E-03   2.71826E+02  4.45456E-03   2.73092E+02  4.53854E-03   2.74386E+02  4.61051E-03   2.75723E+02  4.67275E-03   2.77040E+02  4.72395E-03   2.78451E+02  4.76290E-03   2.79835E+02  4.79485E-03   2.81260E+02  4.81612E-03   2.82718E+02  4.82661E-03   2.84127E+02  4.82904E-03   2.85612E+02  4.81655E-03   2.87093E+02  4.79395E-03   2.88570E+02  4.76614E-03   2.90126E+02  4.72521E-03   2.91739E+02  4.67708E-03   2.93381E+02  4.62376E-03   2.95099E+02  4.55501E-03   2.96876E+02  4.47666E-03   2.98644E+02  4.39686E-03   3.00532E+02 
 4.35464E-03   1.22302E+02  4.42918E-03   1.20341E+02  4.49494E-03   1.18561E+02  4.56311E-03   1.16827E+02  4.62476E-03   1.15037E+02  4.67438E-03   1.13372E+02  4.71928E-03   1.11867E+02  4.74825E-03   1.10310E+02  4.76172E-03   1.08800E+02  4.77431E-03   1.07415E+02  4.77430E-03   1.05939E+02  4.76369E-03   1.04511E+02  4.74677E-03   1.03147E+02  4.71185E-03   1.01709E+02  4.67052E-03   1.00414E+02  4.61686E-03   9.90854E+01  4.54951E-03   9.77475E+01  4.47686E-03   9.65355E+01  4.39015E-03   9.52200E+01  4.29559E-03   9.40310E+01  4.19109E-03   9.28324E+01  4.07449E-03   9.16488E+01  3.94894E-03   9.05661E+01  3.81077E-03   8.94271E+01  3.66263E-03   8.84260E+01  3.50289E-03   8.73911E+01  3.33143E-03   8.64483E+01  3.14980E-03   8.55484E+01  2.95680E-03   8.47061E+01  2.75378E-03   8.39524E+01  2.54061E-03   8.32140E+01  2.31761E-03   8.25960E+01  2.08539E-03   8.19750E+01  1.84461E-03   8.14780E+01  1.59628E-03   8.10209E+01  1.34012E-03   8.06710E+01  1.07902E-03   8.03460E+01  8.12595E-04   8.01320E+01  5.42594E-04   7.99910E+01  2.70254E-04   8.01282E+01  3.61421E-06   2.32332E+02  2.76600E-04   2.59363E+02  5.48727E-04   2.59622E+02  8.17820E-04   2.59879E+02  1.08397E-03   2.60122E+02  1.34425E-03   2.60475E+02  1.59937E-03   2.60824E+02  1.84704E-03   2.61327E+02  2.08729E-03   2.61844E+02  2.31857E-03   2.62453E+02  2.54052E-03   2.63102E+02  2.75265E-03   2.63843E+02  2.95446E-03   2.64620E+02  3.14705E-03   2.65480E+02  3.32790E-03   2.66402E+02  3.49948E-03   2.67343E+02  3.65945E-03   2.68391E+02  3.80867E-03   2.69415E+02  3.94827E-03   2.70547E+02  4.07560E-03   2.71655E+02  4.19339E-03   2.72821E+02  4.29792E-03   2.74029E+02  4.39250E-03   2.75228E+02  4.47794E-03   2.76513E+02  4.54973E-03   2.77761E+02  4.61404E-03   2.79105E+02  4.66667E-03   2.80444E+02  4.70977E-03   2.81771E+02  4.74435E-03   2.83172E+02  4.76549E-03   2.84531E+02  4.77804E-03   2.85929E+02  4.77634E-03   2.87366E+02  4.76272E-03   2.88791E+02  4.74489E-03   2.90282E+02  4.71576E-03   2.91850E+02  4.67474E-03   2.93442E+02  4.62846E-03   2.95078E+02  4.56901E-03   2.96775E+02  4.49677E-03   2.98507E+02  4.42363E-03   3.00340E+02  4.34805E-03   3.02340E+02 
 4.29186E-03   1.24203E+02  4.37545E-03   1.22144E+02  4.44420E-03   1.20239E+02  4.50471E-03   1.18524E+02  4.56245E-03   1.16864E+02  4.61102E-03   1.15139E+02  4.65267E-03   1.13526E+02  4.69090E-03   1.12041E+02  4.71071E-03   1.10499E+02  4.71753E-03   1.09085E+02  4.71887E-03   1.07749E+02  4.70332E-03   1.06332E+02  4.68329E-03   1.05022E+02  4.65252E-03   1.03692E+02  4.60734E-03   1.02347E+02  4.55817E-03   1.01127E+02  4.49192E-03   9.98138E+01  4.41666E-03   9.85942E+01  4.33091E-03   9.74030E+01  4.23138E-03   9.61717E+01  4.12416E-03   9.50692E+01  4.00424E-03   9.39026E+01  3.87637E-03   9.28364E+01  3.73734E-03   9.17727E+01  3.58797E-03   9.07339E+01  3.42878E-03   8.97897E+01  3.25888E-03   8.88264E+01  3.07946E-03   8.79980E+01  2.88956E-03   8.71535E+01  2.68958E-03   8.64240E+01  2.48004E-03   8.57334E+01  2.26153E-03   8.51040E+01  2.03493E-03   8.45415E+01  1.80013E-03   8.40486E+01  1.55761E-03   8.36398E+01  1.30886E-03   8.32745E+01  1.05416E-03   8.30186E+01  7.95720E-04   8.28263E+01  5.33249E-04   8.28057E+01  2.68765E-04   8.30951E+01  4.57272E-06   1.30701E+02  2.62774E-04   2.61556E+02  5.26677E-04   2.62149E+02  7.88965E-04   2.62458E+02  1.04775E-03   2.62800E+02  1.30214E-03   2.63128E+02  1.55016E-03   2.63554E+02  1.79245E-03   2.64035E+02  2.02816E-03   2.64562E+02  2.25545E-03   2.65181E+02  2.47537E-03   2.65811E+02  2.68550E-03   2.66544E+02  2.88704E-03   2.67295E+02  3.07875E-03   2.68145E+02  3.25954E-03   2.68987E+02  3.43122E-03   2.69923E+02  3.59129E-03   2.70863E+02  3.74167E-03   2.71868E+02  3.88051E-03   2.72899E+02  4.00824E-03   2.73932E+02  4.12596E-03   2.75067E+02  4.23114E-03   2.76171E+02  4.32863E-03   2.77375E+02  4.41337E-03   2.78577E+02  4.48979E-03   2.79816E+02  4.55694E-03   2.81108E+02  4.61044E-03   2.82360E+02  4.65663E-03   2.83678E+02  4.68805E-03   2.84987E+02  4.70775E-03   2.86313E+02  4.71771E-03   2.87703E+02  4.71374E-03   2.89088E+02  4.70530E-03   2.90509E+02  4.68823E-03   2.92029E+02  4.65570E-03   2.93571E+02  4.61570E-03   2.95154E+02  4.56622E-03   2.96806E+02  4.50272E-03   2.98509E+02  4.43614E-03   3.00301E+02  4.37001E-03   3.02227E+02  4.29500E-03   3.04210E+02 
 4.22537E-03   1.26199E+02  4.30259E-03   1.24135E+02  4.37765E-03   1.22128E+02  4.44118E-03   1.20255E+02  4.49772E-03   1.18575E+02  4.54523E-03   1.16971E+02  4.58120E-03   1.15329E+02  4.61403E-03   1.13803E+02  4.64209E-03   1.12340E+02  4.65292E-03   1.10839E+02  4.65556E-03   1.09483E+02  4.64550E-03   1.08151E+02  4.61988E-03   1.06801E+02  4.58927E-03   1.05566E+02  4.54297E-03   1.04267E+02  4.48825E-03   1.03024E+02  4.42623E-03   1.01854E+02  4.34958E-03   1.00624E+02  4.26636E-03   9.95137E+01  4.16898E-03   9.83688E+01  4.06123E-03   9.72642E+01  3.94231E-03   9.62380E+01  3.81191E-03   9.51680E+01  3.67289E-03   9.42108E+01  3.52131E-03   9.32086E+01  3.36127E-03   9.22930E+01  3.19046E-03   9.13944E+01  3.01094E-03   9.05296E+01  2.82121E-03   8.97464E+01  2.62306E-03   8.89706E+01  2.41584E-03   8.82876E+01  2.20125E-03   8.76213E+01  1.97831E-03   8.70767E+01  1.74853E-03   8.65138E+01  1.51195E-03   8.60700E+01  1.26905E-03   8.56522E+01  1.02146E-03   8.52907E+01  7.69763E-04   8.49812E+01  5.15054E-04   8.46650E+01  2.58049E-04   8.40171E+01  4.91640E-06   3.55831E+02  2.57891E-04   2.66195E+02  5.15138E-04   2.65781E+02  7.70430E-04   2.65742E+02  1.02247E-03   2.65910E+02  1.27055E-03   2.66156E+02  1.51417E-03   2.66479E+02  1.75186E-03   2.66837E+02  1.98271E-03   2.67339E+02  2.20695E-03   2.67855E+02  2.42232E-03   2.68466E+02  2.62968E-03   2.69084E+02  2.82797E-03   2.69796E+02  3.01683E-03   2.70542E+02  3.19546E-03   2.71338E+02  3.36423E-03   2.72194E+02  3.52230E-03   2.73084E+02  3.67112E-03   2.74065E+02  3.80860E-03   2.75032E+02  3.93825E-03   2.76110E+02  4.05596E-03   2.77182E+02  4.16410E-03   2.78311E+02  4.26366E-03   2.79481E+02  4.35059E-03   2.80642E+02  4.42912E-03   2.81866E+02  4.49330E-03   2.83068E+02  4.54738E-03   2.84307E+02  4.58999E-03   2.85560E+02  4.61816E-03   2.86815E+02  4.63938E-03   2.88138E+02  4.64876E-03   2.89489E+02  4.64980E-03   2.90866E+02  4.64313E-03   2.92325E+02  4.62037E-03   2.93820E+02  4.58708E-03   2.95339E+02  4.54564E-03   2.96935E+02  4.49330E-03   2.98588E+02  4.43467E-03   3.00332E+02  4.37512E-03   3.02179E+02  4.30736E-03   3.04071E+02  4.23000E-03   3.06078E+02 
 4.16645E-03   1.28124E+02  4.23125E-03   1.26124E+02  4.29978E-03   1.24148E+02  4.36472E-03   1.22218E+02  4.42148E-03   1.20382E+02  4.47346E-03   1.18724E+02  4.51162E-03   1.17135E+02  4.53762E-03   1.15570E+02  4.56094E-03   1.14121E+02  4.57452E-03   1.12706E+02  4.57662E-03   1.11288E+02  4.57143E-03   1.09980E+02  4.55175E-03   1.08681E+02  4.52040E-03   1.07419E+02  4.47797E-03   1.06224E+02  4.42074E-03   1.04982E+02  4.35601E-03   1.03821E+02  4.27905E-03   1.02670E+02  4.19210E-03   1.01503E+02  4.09613E-03   1.00444E+02  3.98819E-03   9.93518E+01  3.87265E-03   9.83495E+01  3.74397E-03   9.73605E+01  3.60720E-03   9.63980E+01  3.45841E-03   9.55234E+01  3.29947E-03   9.46334E+01  3.13179E-03   9.38568E+01  2.95328E-03   9.30443E+01  2.76608E-03   9.23321E+01  2.56930E-03   9.16232E+01  2.36545E-03   9.09885E+01  2.15183E-03   9.04022E+01  1.93300E-03   8.98549E+01  1.70659E-03   8.94031E+01  1.47401E-03   8.89658E+01  1.23656E-03   8.86108E+01  9.94334E-04   8.83149E+01  7.48300E-04   8.81183E+01  4.99656E-04   8.79669E+01  2.49369E-04   8.80380E+01  2.73463E-06   2.40035E+02  2.53890E-04   2.67560E+02  5.04051E-04   2.67727E+02  7.52721E-04   2.67943E+02  9.98344E-04   2.68173E+02  1.24020E-03   2.68459E+02  1.47744E-03   2.68807E+02  1.70949E-03   2.69233E+02  1.93510E-03   2.69687E+02  2.15305E-03   2.70212E+02  2.36510E-03   2.70801E+02  2.56767E-03   2.71430E+02  2.76300E-03   2.72151E+02  2.94898E-03   2.72894E+02  3.12635E-03   2.73729E+02  3.29381E-03   2.74571E+02  3.45286E-03   2.75499E+02  3.60218E-03   2.76425E+02  3.74245E-03   2.77431E+02  3.87340E-03   2.78452E+02  3.99162E-03   2.79475E+02  4.10203E-03   2.80551E+02  4.19875E-03   2.81612E+02  4.28515E-03   2.82726E+02  4.35994E-03   2.83839E+02  4.42220E-03   2.84993E+02  4.47556E-03   2.86183E+02  4.51590E-03   2.87389E+02  4.54741E-03   2.88655E+02  4.56960E-03   2.89954E+02  4.57986E-03   2.91292E+02  4.58076E-03   2.92681E+02  4.56730E-03   2.94111E+02  4.54113E-03   2.95585E+02  4.50881E-03   2.97126E+02  4.46740E-03   2.98735E+02  4.41691E-03   3.00429E+02  4.36328E-03   3.02237E+02  4.30339E-03   3.04071E+02  4.23413E-03   3.06043E+02  4.16151E-03   3.08176E+02 
