/rn,a,b/nx0/ls1
/r,qa,qb
81 -0.4 0.4 0 OUTPUT_AMP_PHASE_3D Wavelength=0.8
81 -0.4 0.4
 4.50921E+00   2.68769E+02  4.51617E+00   2.65896E+02  4.52257E+00   2.63059E+02  4.52843E+00   2.60257E+02  4.53377E+00   2.57494E+02  4.53859E+00   2.54769E+02  4.54289E+00   2.52084E+02  4.54669E+00   2.49441E+02  4.55000E+00   2.46841E+02  4.55283E+00   2.44285E+02  4.55522E+00   2.41777E+02  4.55718E+00   2.39316E+02  4.55872E+00   2.36905E+02  4.55988E+00   2.34547E+02  4.56068E+00   2.32242E+02  4.56115E+00   2.29993E+02  4.56131E+00   2.27803E+02  4.56120E+00   2.25673E+02  4.56086E+00   2.23607E+02  4.56030E+00   2.21606E+02  4.55957E+00   2.19673E+02  4.55868E+00   2.17810E+02  4.55768E+00   2.16021E+02  4.55660E+00   2.14309E+02  4.55544E+00   2.12674E+02  4.55426E+00   2.11122E+02  4.55306E+00   2.09653E+02  4.55188E+00   2.08272E+02  4.55072E+00   2.06980E+02  4.54961E+00   2.05781E+02  4.54855E+00   2.04676E+02  4.54758E+00   2.03669E+02  4.54668E+00   2.02761E+02  4.54588E+00   2.01954E+02  4.54517E+00   2.01251E+02  4.54457E+00   2.00653E+02  4.54407E+00   2.00162E+02  4.54369E+00   1.99779E+02  4.54340E+00   1.99504E+02  4.54324E+00   1.99339E+02  4.54318E+00   1.99284E+02  4.54324E+00   1.99339E+02  4.54340E+00   1.99504E+02  4.54369E+00   1.99779E+02  4.54407E+00   2.00162E+02  4.54457E+00   2.00653E+02  4.54517E+00   2.01251E+02  4.54588E+00   2.01954E+02  4.54668E+00   2.02761E+02  4.54758E+00   2.03669E+02  4.54855E+00   2.04676E+02  4.54961E+00   2.05781E+02  4.55072E+00   2.06980E+02  4.55188E+00   2.08272E+02  4.55307E+00   2.09653E+02  4.55426E+00   2.11122E+02  4.55545E+00   2.12674E+02  4.55659E+00   2.14308E+02  4.55769E+00   2.16021E+02  4.55868E+00   2.17810E+02  4.55957E+00   2.19673E+02  4.56030E+00   2.21606E+02  4.56086E+00   2.23607E+02  4.56121E+00   2.25673E+02  4.56130E+00   2.27803E+02  4.56115E+00   2.29993E+02  4.56068E+00   2.32242E+02  4.55988E+00   2.34546E+02  4.55872E+00   2.36905E+02  4.55717E+00   2.39316E+02  4.55523E+00   2.41777E+02  4.55284E+00   2.44285E+02  4.55000E+00   2.46841E+02  4.54669E+00   2.49441E+02  4.54288E+00   2.52084E+02  4.53859E+00   2.54769E+02  4.53378E+00   2.57494E+02  4.52843E+00   2.60257E+02  4.52257E+00   2.63059E+02  4.51617E+00   2.65896E+02  4.50921E+00   2.68769E+02 
 4.61418E+00   2.66829E+02  4.62280E+00   2.63950E+02  4.63084E+00   2.61106E+02  4.63834E+00   2.58299E+02  4.64532E+00   2.55530E+02  4.65173E+00   2.52800E+02  4.65761E+00   2.50110E+02  4.66297E+00   2.47462E+02  4.66780E+00   2.44858E+02  4.67214E+00   2.42298E+02  4.67600E+00   2.39786E+02  4.67938E+00   2.37321E+02  4.68231E+00   2.34907E+02  4.68482E+00   2.32546E+02  4.68692E+00   2.30238E+02  4.68865E+00   2.27987E+02  4.69003E+00   2.25795E+02  4.69109E+00   2.23663E+02  4.69186E+00   2.21595E+02  4.69236E+00   2.19592E+02  4.69264E+00   2.17657E+02  4.69271E+00   2.15794E+02  4.69261E+00   2.14004E+02  4.69237E+00   2.12290E+02  4.69201E+00   2.10655E+02  4.69157E+00   2.09101E+02  4.69105E+00   2.07632E+02  4.69050E+00   2.06250E+02  4.68991E+00   2.04958E+02  4.68933E+00   2.03758E+02  4.68876E+00   2.02653E+02  4.68821E+00   2.01645E+02  4.68769E+00   2.00736E+02  4.68722E+00   1.99930E+02  4.68680E+00   1.99226E+02  4.68644E+00   1.98628E+02  4.68614E+00   1.98137E+02  4.68590E+00   1.97753E+02  4.68573E+00   1.97479E+02  4.68563E+00   1.97313E+02  4.68559E+00   1.97258E+02  4.68563E+00   1.97313E+02  4.68573E+00   1.97479E+02  4.68590E+00   1.97753E+02  4.68614E+00   1.98137E+02  4.68644E+00   1.98628E+02  4.68680E+00   1.99226E+02  4.68722E+00   1.99930E+02  4.68769E+00   2.00736E+02  4.68821E+00   2.01645E+02  4.68876E+00   2.02653E+02  4.68933E+00   2.03758E+02  4.68992E+00   2.04958E+02  4.69049E+00   2.06250E+02  4.69105E+00   2.07632E+02  4.69156E+00   2.09101E+02  4.69201E+00   2.10655E+02  4.69237E+00   2.12290E+02  4.69261E+00   2.14004E+02  4.69271E+00   2.15794E+02  4.69263E+00   2.17657E+02  4.69237E+00   2.19592E+02  4.69185E+00   2.21595E+02  4.69109E+00   2.23663E+02  4.69003E+00   2.25795E+02  4.68865E+00   2.27987E+02  4.68693E+00   2.30238E+02  4.68481E+00   2.32546E+02  4.68231E+00   2.34907E+02  4.67938E+00   2.37321E+02  4.67599E+00   2.39786E+02  4.67215E+00   2.42298E+02  4.66780E+00   2.44858E+02  4.66297E+00   2.47462E+02  4.65761E+00   2.50110E+02  4.65172E+00   2.52800E+02  4.64531E+00   2.55530E+02  4.63835E+00   2.58299E+02  4.63084E+00   2.61106E+02  4.62279E+00   2.63950E+02  4.61418E+00   2.66829E+02 
 4.72054E+00   2.64931E+02  4.73089E+00   2.62046E+02  4.74068E+00   2.59196E+02  4.74994E+00   2.56383E+02  4.75861E+00   2.53609E+02  4.76673E+00   2.50873E+02  4.77430E+00   2.48179E+02  4.78131E+00   2.45527E+02  4.78778E+00   2.42918E+02  4.79373E+00   2.40355E+02  4.79916E+00   2.37838E+02  4.80407E+00   2.35371E+02  4.80850E+00   2.32954E+02  4.81247E+00   2.30589E+02  4.81599E+00   2.28280E+02  4.81909E+00   2.26026E+02  4.82179E+00   2.23832E+02  4.82412E+00   2.21698E+02  4.82611E+00   2.19628E+02  4.82778E+00   2.17624E+02  4.82917E+00   2.15689E+02  4.83029E+00   2.13824E+02  4.83119E+00   2.12033E+02  4.83188E+00   2.10318E+02  4.83241E+00   2.08683E+02  4.83278E+00   2.07129E+02  4.83304E+00   2.05659E+02  4.83319E+00   2.04277E+02  4.83326E+00   2.02985E+02  4.83328E+00   2.01784E+02  4.83324E+00   2.00679E+02  4.83318E+00   1.99671E+02  4.83309E+00   1.98763E+02  4.83300E+00   1.97956E+02  4.83290E+00   1.97252E+02  4.83281E+00   1.96654E+02  4.83273E+00   1.96163E+02  4.83266E+00   1.95779E+02  4.83261E+00   1.95505E+02  4.83258E+00   1.95340E+02  4.83257E+00   1.95284E+02  4.83258E+00   1.95340E+02  4.83261E+00   1.95505E+02  4.83266E+00   1.95779E+02  4.83273E+00   1.96163E+02  4.83281E+00   1.96654E+02  4.83290E+00   1.97253E+02  4.83300E+00   1.97956E+02  4.83309E+00   1.98763E+02  4.83318E+00   1.99671E+02  4.83324E+00   2.00679E+02  4.83328E+00   2.01784E+02  4.83327E+00   2.02985E+02  4.83319E+00   2.04277E+02  4.83304E+00   2.05659E+02  4.83279E+00   2.07129E+02  4.83241E+00   2.08683E+02  4.83189E+00   2.10318E+02  4.83119E+00   2.12033E+02  4.83029E+00   2.13824E+02  4.82916E+00   2.15689E+02  4.82778E+00   2.17624E+02  4.82611E+00   2.19628E+02  4.82412E+00   2.21698E+02  4.82179E+00   2.23832E+02  4.81909E+00   2.26026E+02  4.81599E+00   2.28280E+02  4.81247E+00   2.30589E+02  4.80850E+00   2.32954E+02  4.80407E+00   2.35371E+02  4.79915E+00   2.37838E+02  4.79373E+00   2.40355E+02  4.78779E+00   2.42918E+02  4.78131E+00   2.45527E+02  4.77430E+00   2.48179E+02  4.76672E+00   2.50873E+02  4.75861E+00   2.53609E+02  4.74993E+00   2.56383E+02  4.74069E+00   2.59196E+02  4.73090E+00   2.62046E+02  4.72054E+00   2.64931E+02 
 4.82817E+00   2.63075E+02  4.84037E+00   2.60184E+02  4.85201E+00   2.57328E+02  4.86308E+00   2.54510E+02  4.87356E+00   2.51730E+02  4.88349E+00   2.48990E+02  4.89284E+00   2.46291E+02  4.90162E+00   2.43635E+02  4.90984E+00   2.41022E+02  4.91750E+00   2.38455E+02  4.92460E+00   2.35935E+02  4.93117E+00   2.33465E+02  4.93721E+00   2.31045E+02  4.94275E+00   2.28678E+02  4.94781E+00   2.26366E+02  4.95239E+00   2.24111E+02  4.95652E+00   2.21915E+02  4.96024E+00   2.19780E+02  4.96355E+00   2.17709E+02  4.96650E+00   2.15704E+02  4.96910E+00   2.13767E+02  4.97138E+00   2.11902E+02  4.97338E+00   2.10110E+02  4.97512E+00   2.08395E+02  4.97662E+00   2.06760E+02  4.97791E+00   2.05205E+02  4.97902E+00   2.03736E+02  4.97995E+00   2.02354E+02  4.98076E+00   2.01061E+02  4.98143E+00   1.99861E+02  4.98201E+00   1.98756E+02  4.98248E+00   1.97748E+02  4.98288E+00   1.96840E+02  4.98320E+00   1.96033E+02  4.98347E+00   1.95330E+02  4.98369E+00   1.94732E+02  4.98386E+00   1.94241E+02  4.98399E+00   1.93858E+02  4.98408E+00   1.93583E+02  4.98413E+00   1.93418E+02  4.98415E+00   1.93363E+02  4.98413E+00   1.93418E+02  4.98408E+00   1.93583E+02  4.98399E+00   1.93858E+02  4.98386E+00   1.94241E+02  4.98369E+00   1.94732E+02  4.98348E+00   1.95330E+02  4.98320E+00   1.96033E+02  4.98288E+00   1.96840E+02  4.98248E+00   1.97748E+02  4.98201E+00   1.98756E+02  4.98143E+00   1.99861E+02  4.98076E+00   2.01061E+02  4.97995E+00   2.02354E+02  4.97902E+00   2.03736E+02  4.97791E+00   2.05205E+02  4.97662E+00   2.06759E+02  4.97512E+00   2.08395E+02  4.97338E+00   2.10110E+02  4.97138E+00   2.11902E+02  4.96910E+00   2.13767E+02  4.96650E+00   2.15704E+02  4.96355E+00   2.17709E+02  4.96024E+00   2.19780E+02  4.95652E+00   2.21915E+02  4.95239E+00   2.24111E+02  4.94780E+00   2.26366E+02  4.94276E+00   2.28678E+02  4.93721E+00   2.31045E+02  4.93117E+00   2.33465E+02  4.92460E+00   2.35935E+02  4.91750E+00   2.38455E+02  4.90984E+00   2.41022E+02  4.90162E+00   2.43635E+02  4.89285E+00   2.46291E+02  4.88349E+00   2.48990E+02  4.87356E+00   2.51730E+02  4.86308E+00   2.54510E+02  4.85200E+00   2.57328E+02  4.84037E+00   2.60184E+02  4.82818E+00   2.63075E+02 
 4.93697E+00   2.61262E+02  4.95110E+00   2.58365E+02  4.96467E+00   2.55504E+02  4.97766E+00   2.52681E+02  4.99006E+00   2.49896E+02  5.00190E+00   2.47151E+02  5.01314E+00   2.44447E+02  5.02379E+00   2.41787E+02  5.03386E+00   2.39171E+02  5.04333E+00   2.36600E+02  5.05223E+00   2.34077E+02  5.06056E+00   2.31604E+02  5.06833E+00   2.29182E+02  5.07557E+00   2.26812E+02  5.08226E+00   2.24498E+02  5.08844E+00   2.22241E+02  5.09413E+00   2.20044E+02  5.09934E+00   2.17908E+02  5.10410E+00   2.15836E+02  5.10843E+00   2.13830E+02  5.11236E+00   2.11893E+02  5.11592E+00   2.10028E+02  5.11912E+00   2.08236E+02  5.12200E+00   2.06521E+02  5.12458E+00   2.04885E+02  5.12688E+00   2.03331E+02  5.12893E+00   2.01862E+02  5.13074E+00   2.00480E+02  5.13235E+00   1.99188E+02  5.13377E+00   1.97989E+02  5.13501E+00   1.96884E+02  5.13609E+00   1.95877E+02  5.13704E+00   1.94969E+02  5.13783E+00   1.94163E+02  5.13852E+00   1.93460E+02  5.13908E+00   1.92862E+02  5.13954E+00   1.92371E+02  5.13988E+00   1.91988E+02  5.14013E+00   1.91714E+02  5.14027E+00   1.91549E+02  5.14032E+00   1.91494E+02  5.14027E+00   1.91549E+02  5.14013E+00   1.91714E+02  5.13988E+00   1.91988E+02  5.13954E+00   1.92371E+02  5.13908E+00   1.92862E+02  5.13852E+00   1.93460E+02  5.13784E+00   1.94163E+02  5.13704E+00   1.94969E+02  5.13609E+00   1.95877E+02  5.13501E+00   1.96884E+02  5.13377E+00   1.97989E+02  5.13235E+00   1.99188E+02  5.13075E+00   2.00480E+02  5.12893E+00   2.01862E+02  5.12688E+00   2.03331E+02  5.12458E+00   2.04885E+02  5.12200E+00   2.06521E+02  5.11912E+00   2.08236E+02  5.11592E+00   2.10028E+02  5.11237E+00   2.11893E+02  5.10843E+00   2.13830E+02  5.10410E+00   2.15836E+02  5.09934E+00   2.17908E+02  5.09413E+00   2.20044E+02  5.08844E+00   2.22241E+02  5.08226E+00   2.24498E+02  5.07557E+00   2.26812E+02  5.06833E+00   2.29182E+02  5.06057E+00   2.31604E+02  5.05223E+00   2.34077E+02  5.04332E+00   2.36600E+02  5.03385E+00   2.39171E+02  5.02378E+00   2.41787E+02  5.01314E+00   2.44447E+02  5.00190E+00   2.47151E+02  4.99006E+00   2.49896E+02  4.97765E+00   2.52681E+02  4.96466E+00   2.55504E+02  4.95109E+00   2.58365E+02  4.93697E+00   2.61262E+02 
 5.04680E+00   2.59492E+02  5.06295E+00   2.56590E+02  5.07853E+00   2.53723E+02  5.09354E+00   2.50895E+02  5.10797E+00   2.48105E+02  5.12181E+00   2.45356E+02  5.13503E+00   2.42648E+02  5.14767E+00   2.39984E+02  5.15969E+00   2.37364E+02  5.17110E+00   2.34790E+02  5.18192E+00   2.32264E+02  5.19212E+00   2.29788E+02  5.20175E+00   2.27364E+02  5.21078E+00   2.24993E+02  5.21923E+00   2.22677E+02  5.22714E+00   2.20419E+02  5.23449E+00   2.18220E+02  5.24133E+00   2.16083E+02  5.24765E+00   2.14010E+02  5.25349E+00   2.12004E+02  5.25887E+00   2.10067E+02  5.26380E+00   2.08202E+02  5.26833E+00   2.06410E+02  5.27245E+00   2.04695E+02  5.27621E+00   2.03060E+02  5.27962E+00   2.01507E+02  5.28271E+00   2.00038E+02  5.28550E+00   1.98657E+02  5.28799E+00   1.97366E+02  5.29023E+00   1.96167E+02  5.29222E+00   1.95063E+02  5.29399E+00   1.94057E+02  5.29552E+00   1.93150E+02  5.29686E+00   1.92344E+02  5.29800E+00   1.91642E+02  5.29895E+00   1.91045E+02  5.29972E+00   1.90554E+02  5.30031E+00   1.90171E+02  5.30073E+00   1.89897E+02  5.30098E+00   1.89732E+02  5.30107E+00   1.89677E+02  5.30098E+00   1.89732E+02  5.30073E+00   1.89897E+02  5.30031E+00   1.90171E+02  5.29972E+00   1.90554E+02  5.29895E+00   1.91045E+02  5.29800E+00   1.91642E+02  5.29686E+00   1.92344E+02  5.29553E+00   1.93150E+02  5.29398E+00   1.94057E+02  5.29222E+00   1.95063E+02  5.29023E+00   1.96167E+02  5.28800E+00   1.97366E+02  5.28550E+00   1.98657E+02  5.28271E+00   2.00038E+02  5.27962E+00   2.01507E+02  5.27621E+00   2.03060E+02  5.27245E+00   2.04695E+02  5.26833E+00   2.06410E+02  5.26380E+00   2.08201E+02  5.25887E+00   2.10067E+02  5.25349E+00   2.12004E+02  5.24765E+00   2.14010E+02  5.24133E+00   2.16083E+02  5.23449E+00   2.18220E+02  5.22714E+00   2.20419E+02  5.21923E+00   2.22677E+02  5.21078E+00   2.24993E+02  5.20175E+00   2.27364E+02  5.19213E+00   2.29788E+02  5.18192E+00   2.32264E+02  5.17110E+00   2.34790E+02  5.15969E+00   2.37364E+02  5.14766E+00   2.39984E+02  5.13503E+00   2.42648E+02  5.12181E+00   2.45356E+02  5.10797E+00   2.48105E+02  5.09354E+00   2.50895E+02  5.07854E+00   2.53723E+02  5.06295E+00   2.56589E+02  5.04679E+00   2.59492E+02 
 5.15752E+00   2.57766E+02  5.17578E+00   2.54858E+02  5.19347E+00   2.51987E+02  5.21059E+00   2.49153E+02  5.22713E+00   2.46359E+02  5.24307E+00   2.43605E+02  5.25840E+00   2.40894E+02  5.27312E+00   2.38226E+02  5.28720E+00   2.35602E+02  5.30067E+00   2.33026E+02  5.31350E+00   2.30497E+02  5.32571E+00   2.28019E+02  5.33729E+00   2.25592E+02  5.34825E+00   2.23219E+02  5.35859E+00   2.20902E+02  5.36834E+00   2.18643E+02  5.37749E+00   2.16443E+02  5.38607E+00   2.14305E+02  5.39407E+00   2.12233E+02  5.40155E+00   2.10226E+02  5.40849E+00   2.08289E+02  5.41493E+00   2.06424E+02  5.42088E+00   2.04633E+02  5.42637E+00   2.02919E+02  5.43141E+00   2.01285E+02  5.43604E+00   1.99732E+02  5.44027E+00   1.98265E+02  5.44411E+00   1.96885E+02  5.44760E+00   1.95594E+02  5.45074E+00   1.94397E+02  5.45357E+00   1.93294E+02  5.45607E+00   1.92288E+02  5.45828E+00   1.91382E+02  5.46021E+00   1.90577E+02  5.46186E+00   1.89876E+02  5.46323E+00   1.89280E+02  5.46436E+00   1.88790E+02  5.46522E+00   1.88407E+02  5.46584E+00   1.88133E+02  5.46620E+00   1.87969E+02  5.46633E+00   1.87914E+02  5.46620E+00   1.87969E+02  5.46584E+00   1.88133E+02  5.46522E+00   1.88407E+02  5.46436E+00   1.88790E+02  5.46323E+00   1.89280E+02  5.46185E+00   1.89876E+02  5.46020E+00   1.90577E+02  5.45828E+00   1.91382E+02  5.45607E+00   1.92288E+02  5.45357E+00   1.93294E+02  5.45075E+00   1.94397E+02  5.44760E+00   1.95594E+02  5.44412E+00   1.96885E+02  5.44027E+00   1.98265E+02  5.43604E+00   1.99732E+02  5.43142E+00   2.01285E+02  5.42637E+00   2.02919E+02  5.42088E+00   2.04633E+02  5.41493E+00   2.06424E+02  5.40848E+00   2.08289E+02  5.40155E+00   2.10226E+02  5.39407E+00   2.12232E+02  5.38607E+00   2.14306E+02  5.37749E+00   2.16443E+02  5.36834E+00   2.18643E+02  5.35859E+00   2.20902E+02  5.34825E+00   2.23219E+02  5.33729E+00   2.25592E+02  5.32571E+00   2.28019E+02  5.31351E+00   2.30497E+02  5.30067E+00   2.33026E+02  5.28720E+00   2.35602E+02  5.27312E+00   2.38226E+02  5.25839E+00   2.40894E+02  5.24307E+00   2.43605E+02  5.22714E+00   2.46359E+02  5.21060E+00   2.49153E+02  5.19347E+00   2.51987E+02  5.17577E+00   2.54858E+02  5.15751E+00   2.57766E+02 
 5.26897E+00   2.56085E+02  5.28941E+00   2.53172E+02  5.30931E+00   2.50295E+02  5.32865E+00   2.47457E+02  5.34738E+00   2.44658E+02  5.36553E+00   2.41900E+02  5.38306E+00   2.39185E+02  5.39996E+00   2.36513E+02  5.41622E+00   2.33887E+02  5.43185E+00   2.31307E+02  5.44683E+00   2.28776E+02  5.46114E+00   2.26296E+02  5.47481E+00   2.23867E+02  5.48781E+00   2.21493E+02  5.50017E+00   2.19174E+02  5.51188E+00   2.16914E+02  5.52295E+00   2.14714E+02  5.53339E+00   2.12576E+02  5.54322E+00   2.10503E+02  5.55244E+00   2.08497E+02  5.56107E+00   2.06560E+02  5.56913E+00   2.04695E+02  5.57663E+00   2.02905E+02  5.58360E+00   2.01192E+02  5.59005E+00   1.99559E+02  5.59601E+00   1.98008E+02  5.60148E+00   1.96541E+02  5.60649E+00   1.95163E+02  5.61105E+00   1.93874E+02  5.61519E+00   1.92677E+02  5.61892E+00   1.91576E+02  5.62225E+00   1.90572E+02  5.62520E+00   1.89667E+02  5.62778E+00   1.88863E+02  5.62999E+00   1.88163E+02  5.63185E+00   1.87567E+02  5.63336E+00   1.87078E+02  5.63452E+00   1.86696E+02  5.63536E+00   1.86423E+02  5.63586E+00   1.86259E+02  5.63602E+00   1.86204E+02  5.63586E+00   1.86259E+02  5.63536E+00   1.86423E+02  5.63453E+00   1.86696E+02  5.63336E+00   1.87078E+02  5.63185E+00   1.87567E+02  5.62999E+00   1.88163E+02  5.62778E+00   1.88863E+02  5.62520E+00   1.89667E+02  5.62225E+00   1.90572E+02  5.61892E+00   1.91576E+02  5.61519E+00   1.92678E+02  5.61105E+00   1.93874E+02  5.60649E+00   1.95163E+02  5.60148E+00   1.96541E+02  5.59601E+00   1.98008E+02  5.59005E+00   1.99559E+02  5.58361E+00   2.01192E+02  5.57663E+00   2.02905E+02  5.56913E+00   2.04695E+02  5.56107E+00   2.06560E+02  5.55244E+00   2.08497E+02  5.54322E+00   2.10503E+02  5.53339E+00   2.12576E+02  5.52295E+00   2.14714E+02  5.51188E+00   2.16914E+02  5.50017E+00   2.19174E+02  5.48781E+00   2.21493E+02  5.47481E+00   2.23867E+02  5.46114E+00   2.26296E+02  5.44683E+00   2.28776E+02  5.43185E+00   2.31307E+02  5.41623E+00   2.33887E+02  5.39996E+00   2.36513E+02  5.38305E+00   2.39185E+02  5.36553E+00   2.41900E+02  5.34739E+00   2.44658E+02  5.32865E+00   2.47457E+02  5.30931E+00   2.50295E+02  5.28941E+00   2.53171E+02  5.26896E+00   2.56085E+02 
 5.38097E+00   2.54448E+02  5.40370E+00   2.51530E+02  5.42589E+00   2.48648E+02  5.44751E+00   2.45806E+02  5.46855E+00   2.43003E+02  5.48900E+00   2.40241E+02  5.50883E+00   2.37522E+02  5.52802E+00   2.34847E+02  5.54658E+00   2.32217E+02  5.56448E+00   2.29635E+02  5.58170E+00   2.27102E+02  5.59824E+00   2.24619E+02  5.61411E+00   2.22189E+02  5.62928E+00   2.19813E+02  5.64377E+00   2.17494E+02  5.65758E+00   2.15233E+02  5.67069E+00   2.13032E+02  5.68313E+00   2.10894E+02  5.69489E+00   2.08821E+02  5.70600E+00   2.06816E+02  5.71644E+00   2.04880E+02  5.72625E+00   2.03016E+02  5.73542E+00   2.01227E+02  5.74400E+00   1.99515E+02  5.75196E+00   1.97883E+02  5.75935E+00   1.96334E+02  5.76618E+00   1.94869E+02  5.77246E+00   1.93492E+02  5.77821E+00   1.92205E+02  5.78343E+00   1.91010E+02  5.78816E+00   1.89910E+02  5.79239E+00   1.88907E+02  5.79615E+00   1.88004E+02  5.79944E+00   1.87202E+02  5.80228E+00   1.86502E+02  5.80466E+00   1.85908E+02  5.80660E+00   1.85419E+02  5.80810E+00   1.85038E+02  5.80917E+00   1.84765E+02  5.80981E+00   1.84602E+02  5.81003E+00   1.84547E+02  5.80981E+00   1.84602E+02  5.80918E+00   1.84765E+02  5.80810E+00   1.85038E+02  5.80660E+00   1.85419E+02  5.80466E+00   1.85908E+02  5.80228E+00   1.86502E+02  5.79944E+00   1.87202E+02  5.79615E+00   1.88004E+02  5.79239E+00   1.88907E+02  5.78816E+00   1.89910E+02  5.78343E+00   1.91010E+02  5.77821E+00   1.92205E+02  5.77246E+00   1.93492E+02  5.76618E+00   1.94869E+02  5.75936E+00   1.96334E+02  5.75196E+00   1.97883E+02  5.74400E+00   1.99515E+02  5.73542E+00   2.01227E+02  5.72625E+00   2.03016E+02  5.71644E+00   2.04880E+02  5.70600E+00   2.06816E+02  5.69490E+00   2.08821E+02  5.68313E+00   2.10894E+02  5.67069E+00   2.13032E+02  5.65758E+00   2.15233E+02  5.64377E+00   2.17494E+02  5.62928E+00   2.19813E+02  5.61411E+00   2.22189E+02  5.59824E+00   2.24619E+02  5.58170E+00   2.27102E+02  5.56448E+00   2.29635E+02  5.54657E+00   2.32217E+02  5.52803E+00   2.34847E+02  5.50882E+00   2.37522E+02  5.48900E+00   2.40241E+02  5.46855E+00   2.43003E+02  5.44751E+00   2.45806E+02  5.42589E+00   2.48648E+02  5.40371E+00   2.51530E+02  5.38098E+00   2.54448E+02 
 5.49337E+00   2.52857E+02  5.51846E+00   2.49933E+02  5.54301E+00   2.47047E+02  5.56701E+00   2.44200E+02  5.59044E+00   2.41393E+02  5.61328E+00   2.38628E+02  5.63551E+00   2.35905E+02  5.65710E+00   2.33227E+02  5.67804E+00   2.30595E+02  5.69832E+00   2.28010E+02  5.71790E+00   2.25475E+02  5.73680E+00   2.22990E+02  5.75498E+00   2.20559E+02  5.77245E+00   2.18182E+02  5.78920E+00   2.15862E+02  5.80522E+00   2.13600E+02  5.82051E+00   2.11399E+02  5.83506E+00   2.09261E+02  5.84890E+00   2.07189E+02  5.86200E+00   2.05184E+02  5.87439E+00   2.03249E+02  5.88607E+00   2.01386E+02  5.89705E+00   1.99599E+02  5.90734E+00   1.97888E+02  5.91695E+00   1.96258E+02  5.92590E+00   1.94710E+02  5.93419E+00   1.93247E+02  5.94184E+00   1.91872E+02  5.94887E+00   1.90587E+02  5.95528E+00   1.89394E+02  5.96109E+00   1.88296E+02  5.96631E+00   1.87295E+02  5.97096E+00   1.86393E+02  5.97503E+00   1.85592E+02  5.97854E+00   1.84895E+02  5.98150E+00   1.84301E+02  5.98392E+00   1.83814E+02  5.98578E+00   1.83434E+02  5.98712E+00   1.83161E+02  5.98792E+00   1.82998E+02  5.98819E+00   1.82943E+02  5.98792E+00   1.82998E+02  5.98712E+00   1.83161E+02  5.98578E+00   1.83434E+02  5.98392E+00   1.83814E+02  5.98150E+00   1.84301E+02  5.97854E+00   1.84895E+02  5.97503E+00   1.85592E+02  5.97096E+00   1.86393E+02  5.96632E+00   1.87295E+02  5.96109E+00   1.88296E+02  5.95528E+00   1.89394E+02  5.94887E+00   1.90587E+02  5.94184E+00   1.91872E+02  5.93418E+00   1.93247E+02  5.92590E+00   1.94710E+02  5.91695E+00   1.96258E+02  5.90734E+00   1.97888E+02  5.89705E+00   1.99599E+02  5.88607E+00   2.01386E+02  5.87439E+00   2.03249E+02  5.86200E+00   2.05184E+02  5.84890E+00   2.07189E+02  5.83507E+00   2.09261E+02  5.82051E+00   2.11399E+02  5.80522E+00   2.13600E+02  5.78920E+00   2.15862E+02  5.77245E+00   2.18182E+02  5.75499E+00   2.20559E+02  5.73680E+00   2.22990E+02  5.71790E+00   2.25475E+02  5.69833E+00   2.28010E+02  5.67804E+00   2.30595E+02  5.65711E+00   2.33227E+02  5.63551E+00   2.35905E+02  5.61328E+00   2.38628E+02  5.59044E+00   2.41393E+02  5.56701E+00   2.44200E+02  5.54300E+00   2.47047E+02  5.51846E+00   2.49933E+02  5.49338E+00   2.52857E+02 
 5.60597E+00   2.51311E+02  5.63347E+00   2.48383E+02  5.66046E+00   2.45493E+02  5.68693E+00   2.42641E+02  5.71284E+00   2.39830E+02  5.73817E+00   2.37061E+02  5.76289E+00   2.34335E+02  5.78697E+00   2.31654E+02  5.81041E+00   2.29019E+02  5.83317E+00   2.26432E+02  5.85523E+00   2.23895E+02  5.87658E+00   2.21409E+02  5.89720E+00   2.18976E+02  5.91708E+00   2.16598E+02  5.93620E+00   2.14277E+02  5.95456E+00   2.12015E+02  5.97215E+00   2.09815E+02  5.98896E+00   2.07677E+02  6.00498E+00   2.05605E+02  6.02022E+00   2.03601E+02  6.03468E+00   2.01667E+02  6.04836E+00   1.99806E+02  6.06127E+00   1.98020E+02  6.07341E+00   1.96312E+02  6.08478E+00   1.94683E+02  6.09540E+00   1.93137E+02  6.10527E+00   1.91676E+02  6.11441E+00   1.90303E+02  6.12282E+00   1.89020E+02  6.13052E+00   1.87829E+02  6.13750E+00   1.86733E+02  6.14380E+00   1.85735E+02  6.14940E+00   1.84835E+02  6.15433E+00   1.84036E+02  6.15858E+00   1.83339E+02  6.16217E+00   1.82747E+02  6.16510E+00   1.82261E+02  6.16737E+00   1.81882E+02  6.16899E+00   1.81610E+02  6.16996E+00   1.81447E+02  6.17029E+00   1.81392E+02  6.16996E+00   1.81447E+02  6.16899E+00   1.81610E+02  6.16737E+00   1.81882E+02  6.16510E+00   1.82261E+02  6.16217E+00   1.82747E+02  6.15858E+00   1.83339E+02  6.15433E+00   1.84036E+02  6.14940E+00   1.84835E+02  6.14380E+00   1.85734E+02  6.13750E+00   1.86733E+02  6.13052E+00   1.87829E+02  6.12282E+00   1.89020E+02  6.11441E+00   1.90303E+02  6.10527E+00   1.91676E+02  6.09540E+00   1.93137E+02  6.08477E+00   1.94683E+02  6.07341E+00   1.96312E+02  6.06127E+00   1.98020E+02  6.04836E+00   1.99806E+02  6.03469E+00   2.01667E+02  6.02023E+00   2.03601E+02  6.00498E+00   2.05605E+02  5.98896E+00   2.07677E+02  5.97215E+00   2.09815E+02  5.95456E+00   2.12015E+02  5.93621E+00   2.14277E+02  5.91708E+00   2.16598E+02  5.89720E+00   2.18976E+02  5.87658E+00   2.21409E+02  5.85522E+00   2.23895E+02  5.83317E+00   2.26432E+02  5.81041E+00   2.29019E+02  5.78698E+00   2.31654E+02  5.76289E+00   2.34335E+02  5.73817E+00   2.37061E+02  5.71284E+00   2.39830E+02  5.68693E+00   2.42641E+02  5.66047E+00   2.45492E+02  5.63347E+00   2.48383E+02  5.60596E+00   2.51312E+02 
 5.71854E+00   2.49812E+02  5.74854E+00   2.46879E+02  5.77805E+00   2.43984E+02  5.80706E+00   2.41129E+02  5.83553E+00   2.38314E+02  5.86342E+00   2.35541E+02  5.89072E+00   2.32812E+02  5.91740E+00   2.30128E+02  5.94342E+00   2.27491E+02  5.96877E+00   2.24902E+02  5.99341E+00   2.22363E+02  6.01733E+00   2.19875E+02  6.04050E+00   2.17441E+02  6.06290E+00   2.15063E+02  6.08453E+00   2.12741E+02  6.10535E+00   2.10479E+02  6.12535E+00   2.08279E+02  6.14453E+00   2.06142E+02  6.16288E+00   2.04071E+02  6.18039E+00   2.02068E+02  6.19704E+00   2.00136E+02  6.21286E+00   1.98276E+02  6.22781E+00   1.96492E+02  6.24192E+00   1.94785E+02  6.25517E+00   1.93159E+02  6.26759E+00   1.91615E+02  6.27915E+00   1.90157E+02  6.28989E+00   1.88786E+02  6.29979E+00   1.87505E+02  6.30887E+00   1.86317E+02  6.31713E+00   1.85223E+02  6.32459E+00   1.84226E+02  6.33123E+00   1.83328E+02  6.33709E+00   1.82531E+02  6.34214E+00   1.81837E+02  6.34642E+00   1.81246E+02  6.34990E+00   1.80761E+02  6.35261E+00   1.80383E+02  6.35454E+00   1.80112E+02  6.35570E+00   1.79949E+02  6.35609E+00   1.79895E+02  6.35570E+00   1.79949E+02  6.35454E+00   1.80112E+02  6.35261E+00   1.80383E+02  6.34990E+00   1.80761E+02  6.34642E+00   1.81246E+02  6.34214E+00   1.81837E+02  6.33709E+00   1.82531E+02  6.33123E+00   1.83328E+02  6.32459E+00   1.84226E+02  6.31713E+00   1.85223E+02  6.30888E+00   1.86317E+02  6.29979E+00   1.87505E+02  6.28989E+00   1.88786E+02  6.27915E+00   1.90157E+02  6.26759E+00   1.91615E+02  6.25517E+00   1.93159E+02  6.24192E+00   1.94785E+02  6.22781E+00   1.96492E+02  6.21285E+00   1.98276E+02  6.19705E+00   2.00136E+02  6.18039E+00   2.02068E+02  6.16288E+00   2.04071E+02  6.14454E+00   2.06142E+02  6.12535E+00   2.08279E+02  6.10534E+00   2.10479E+02  6.08453E+00   2.12741E+02  6.06290E+00   2.15063E+02  6.04050E+00   2.17441E+02  6.01733E+00   2.19875E+02  5.99340E+00   2.22363E+02  5.96877E+00   2.24902E+02  5.94342E+00   2.27491E+02  5.91740E+00   2.30128E+02  5.89073E+00   2.32812E+02  5.86342E+00   2.35541E+02  5.83553E+00   2.38314E+02  5.80706E+00   2.41129E+02  5.77805E+00   2.43984E+02  5.74854E+00   2.46879E+02  5.71854E+00   2.49812E+02 
 5.83089E+00   2.48359E+02  5.86344E+00   2.45422E+02  5.89553E+00   2.42523E+02  5.92716E+00   2.39663E+02  5.95826E+00   2.36845E+02  5.98880E+00   2.34069E+02  6.01877E+00   2.31337E+02  6.04812E+00   2.28651E+02  6.07682E+00   2.26011E+02  6.10486E+00   2.23420E+02  6.13217E+00   2.20879E+02  6.15877E+00   2.18390E+02  6.18460E+00   2.15955E+02  6.20964E+00   2.13576E+02  6.23387E+00   2.11254E+02  6.25727E+00   2.08993E+02  6.27982E+00   2.06793E+02  6.30150E+00   2.04656E+02  6.32229E+00   2.02586E+02  6.34219E+00   2.00585E+02  6.36117E+00   1.98654E+02  6.37923E+00   1.96796E+02  6.39637E+00   1.95014E+02  6.41257E+00   1.93309E+02  6.42783E+00   1.91685E+02  6.44215E+00   1.90144E+02  6.45553E+00   1.88688E+02  6.46798E+00   1.87320E+02  6.47948E+00   1.86041E+02  6.49004E+00   1.84856E+02  6.49967E+00   1.83764E+02  6.50838E+00   1.82770E+02  6.51614E+00   1.81874E+02  6.52300E+00   1.81079E+02  6.52891E+00   1.80387E+02  6.53393E+00   1.79798E+02  6.53802E+00   1.79314E+02  6.54121E+00   1.78937E+02  6.54347E+00   1.78667E+02  6.54484E+00   1.78504E+02  6.54529E+00   1.78450E+02  6.54484E+00   1.78504E+02  6.54347E+00   1.78667E+02  6.54121E+00   1.78937E+02  6.53802E+00   1.79314E+02  6.53393E+00   1.79798E+02  6.52891E+00   1.80387E+02  6.52300E+00   1.81079E+02  6.51614E+00   1.81874E+02  6.50838E+00   1.82770E+02  6.49967E+00   1.83764E+02  6.49005E+00   1.84856E+02  6.47948E+00   1.86041E+02  6.46798E+00   1.87320E+02  6.45554E+00   1.88688E+02  6.44215E+00   1.90144E+02  6.42783E+00   1.91685E+02  6.41257E+00   1.93309E+02  6.39637E+00   1.95013E+02  6.37923E+00   1.96796E+02  6.36117E+00   1.98654E+02  6.34219E+00   2.00585E+02  6.32229E+00   2.02586E+02  6.30150E+00   2.04656E+02  6.27982E+00   2.06793E+02  6.25727E+00   2.08993E+02  6.23387E+00   2.11254E+02  6.20964E+00   2.13576E+02  6.18459E+00   2.15955E+02  6.15877E+00   2.18390E+02  6.13217E+00   2.20879E+02  6.10485E+00   2.23420E+02  6.07683E+00   2.26011E+02  6.04812E+00   2.28651E+02  6.01878E+00   2.31337E+02  5.98880E+00   2.34069E+02  5.95825E+00   2.36845E+02  5.92716E+00   2.39663E+02  5.89553E+00   2.42523E+02  5.86343E+00   2.45422E+02  5.83088E+00   2.48359E+02 
 5.94276E+00   2.46954E+02  5.97792E+00   2.44012E+02  6.01268E+00   2.41109E+02  6.04698E+00   2.38246E+02  6.08078E+00   2.35424E+02  6.11405E+00   2.32645E+02  6.14676E+00   2.29910E+02  6.17886E+00   2.27221E+02  6.21033E+00   2.24579E+02  6.24114E+00   2.21986E+02  6.27123E+00   2.19444E+02  6.30060E+00   2.16954E+02  6.32919E+00   2.14518E+02  6.35697E+00   2.12138E+02  6.38393E+00   2.09817E+02  6.41002E+00   2.07555E+02  6.43523E+00   2.05355E+02  6.45952E+00   2.03220E+02  6.48288E+00   2.01151E+02  6.50529E+00   1.99151E+02  6.52671E+00   1.97222E+02  6.54716E+00   1.95366E+02  6.56659E+00   1.93586E+02  6.58501E+00   1.91884E+02  6.60240E+00   1.90262E+02  6.61875E+00   1.88723E+02  6.63406E+00   1.87270E+02  6.64832E+00   1.85905E+02  6.66153E+00   1.84629E+02  6.67368E+00   1.83446E+02  6.68477E+00   1.82357E+02  6.69481E+00   1.81365E+02  6.70378E+00   1.80472E+02  6.71170E+00   1.79679E+02  6.71856E+00   1.78989E+02  6.72437E+00   1.78401E+02  6.72911E+00   1.77919E+02  6.73281E+00   1.77543E+02  6.73543E+00   1.77274E+02  6.73702E+00   1.77112E+02  6.73754E+00   1.77058E+02  6.73702E+00   1.77112E+02  6.73544E+00   1.77274E+02  6.73281E+00   1.77543E+02  6.72911E+00   1.77919E+02  6.72437E+00   1.78401E+02  6.71856E+00   1.78989E+02  6.71171E+00   1.79679E+02  6.70378E+00   1.80472E+02  6.69481E+00   1.81365E+02  6.68477E+00   1.82357E+02  6.67368E+00   1.83446E+02  6.66152E+00   1.84629E+02  6.64832E+00   1.85905E+02  6.63406E+00   1.87270E+02  6.61875E+00   1.88723E+02  6.60240E+00   1.90262E+02  6.58501E+00   1.91884E+02  6.56659E+00   1.93586E+02  6.54716E+00   1.95366E+02  6.52672E+00   1.97222E+02  6.50529E+00   1.99151E+02  6.48288E+00   2.01151E+02  6.45952E+00   2.03220E+02  6.43523E+00   2.05355E+02  6.41002E+00   2.07555E+02  6.38393E+00   2.09817E+02  6.35698E+00   2.12138E+02  6.32918E+00   2.14518E+02  6.30060E+00   2.16954E+02  6.27123E+00   2.19444E+02  6.24113E+00   2.21986E+02  6.21034E+00   2.24579E+02  6.17886E+00   2.27221E+02  6.14676E+00   2.29910E+02  6.11405E+00   2.32645E+02  6.08077E+00   2.35424E+02  6.04697E+00   2.38246E+02  6.01268E+00   2.41109E+02  5.97793E+00   2.44012E+02  5.94276E+00   2.46954E+02 
 6.05394E+00   2.45596E+02  6.09177E+00   2.42650E+02  6.12923E+00   2.39743E+02  6.16625E+00   2.36876E+02  6.20281E+00   2.34051E+02  6.23887E+00   2.31269E+02  6.27440E+00   2.28531E+02  6.30933E+00   2.25840E+02  6.34365E+00   2.23196E+02  6.37732E+00   2.20601E+02  6.41027E+00   2.18057E+02  6.44250E+00   2.15566E+02  6.47394E+00   2.13130E+02  6.50457E+00   2.10750E+02  6.53435E+00   2.08428E+02  6.56324E+00   2.06167E+02  6.59122E+00   2.03968E+02  6.61824E+00   2.01834E+02  6.64428E+00   1.99766E+02  6.66932E+00   1.97767E+02  6.69331E+00   1.95840E+02  6.71625E+00   1.93986E+02  6.73809E+00   1.92208E+02  6.75885E+00   1.90509E+02  6.77848E+00   1.88890E+02  6.79698E+00   1.87354E+02  6.81433E+00   1.85903E+02  6.83051E+00   1.84541E+02  6.84553E+00   1.83268E+02  6.85937E+00   1.82088E+02  6.87202E+00   1.81002E+02  6.88348E+00   1.80013E+02  6.89375E+00   1.79122E+02  6.90281E+00   1.78331E+02  6.91067E+00   1.77642E+02  6.91732E+00   1.77057E+02  6.92276E+00   1.76576E+02  6.92700E+00   1.76201E+02  6.93002E+00   1.75933E+02  6.93185E+00   1.75772E+02  6.93245E+00   1.75718E+02  6.93185E+00   1.75772E+02  6.93002E+00   1.75933E+02  6.92700E+00   1.76201E+02  6.92276E+00   1.76576E+02  6.91732E+00   1.77057E+02  6.91066E+00   1.77642E+02  6.90281E+00   1.78331E+02  6.89374E+00   1.79122E+02  6.88348E+00   1.80013E+02  6.87202E+00   1.81002E+02  6.85937E+00   1.82088E+02  6.84553E+00   1.83268E+02  6.83051E+00   1.84541E+02  6.81433E+00   1.85903E+02  6.79698E+00   1.87354E+02  6.77848E+00   1.88890E+02  6.75885E+00   1.90509E+02  6.73810E+00   1.92208E+02  6.71624E+00   1.93986E+02  6.69331E+00   1.95840E+02  6.66931E+00   1.97767E+02  6.64428E+00   1.99766E+02  6.61824E+00   2.01834E+02  6.59122E+00   2.03968E+02  6.56325E+00   2.06167E+02  6.53435E+00   2.08428E+02  6.50458E+00   2.10750E+02  6.47394E+00   2.13130E+02  6.44250E+00   2.15566E+02  6.41028E+00   2.18057E+02  6.37731E+00   2.20601E+02  6.34365E+00   2.23196E+02  6.30933E+00   2.25840E+02  6.27440E+00   2.28531E+02  6.23888E+00   2.31269E+02  6.20281E+00   2.34051E+02  6.16625E+00   2.36876E+02  6.12922E+00   2.39743E+02  6.09177E+00   2.42650E+02  6.05394E+00   2.45596E+02 
 6.16417E+00   2.44285E+02  6.20470E+00   2.41335E+02  6.24491E+00   2.38425E+02  6.28471E+00   2.35554E+02  6.32409E+00   2.32726E+02  6.36300E+00   2.29941E+02  6.40139E+00   2.27201E+02  6.43922E+00   2.24507E+02  6.47647E+00   2.21861E+02  6.51306E+00   2.19265E+02  6.54895E+00   2.16720E+02  6.58413E+00   2.14228E+02  6.61851E+00   2.11791E+02  6.65208E+00   2.09411E+02  6.68477E+00   2.07090E+02  6.71656E+00   2.04829E+02  6.74741E+00   2.02631E+02  6.77726E+00   2.00497E+02  6.80609E+00   1.98431E+02  6.83386E+00   1.96434E+02  6.86053E+00   1.94509E+02  6.88608E+00   1.92657E+02  6.91046E+00   1.90881E+02  6.93366E+00   1.89184E+02  6.95565E+00   1.87568E+02  6.97640E+00   1.86035E+02  6.99590E+00   1.84588E+02  7.01412E+00   1.83228E+02  7.03105E+00   1.81958E+02  7.04667E+00   1.80781E+02  7.06098E+00   1.79698E+02  7.07395E+00   1.78711E+02  7.08558E+00   1.77823E+02  7.09585E+00   1.77035E+02  7.10477E+00   1.76348E+02  7.11233E+00   1.75765E+02  7.11852E+00   1.75285E+02  7.12334E+00   1.74912E+02  7.12678E+00   1.74644E+02  7.12885E+00   1.74483E+02  7.12953E+00   1.74430E+02  7.12885E+00   1.74483E+02  7.12678E+00   1.74644E+02  7.12334E+00   1.74912E+02  7.11852E+00   1.75285E+02  7.11233E+00   1.75765E+02  7.10477E+00   1.76348E+02  7.09585E+00   1.77035E+02  7.08557E+00   1.77823E+02  7.07395E+00   1.78711E+02  7.06098E+00   1.79698E+02  7.04667E+00   1.80781E+02  7.03105E+00   1.81958E+02  7.01412E+00   1.83228E+02  6.99590E+00   1.84588E+02  6.97640E+00   1.86035E+02  6.95565E+00   1.87568E+02  6.93366E+00   1.89184E+02  6.91046E+00   1.90881E+02  6.88608E+00   1.92657E+02  6.86053E+00   1.94509E+02  6.83386E+00   1.96434E+02  6.80609E+00   1.98431E+02  6.77726E+00   2.00497E+02  6.74741E+00   2.02630E+02  6.71657E+00   2.04829E+02  6.68477E+00   2.07089E+02  6.65208E+00   2.09411E+02  6.61851E+00   2.11791E+02  6.58413E+00   2.14228E+02  6.54896E+00   2.16720E+02  6.51305E+00   2.19265E+02  6.47646E+00   2.21861E+02  6.43922E+00   2.24507E+02  6.40139E+00   2.27201E+02  6.36300E+00   2.29941E+02  6.32409E+00   2.32726E+02  6.28471E+00   2.35554E+02  6.24491E+00   2.38425E+02  6.20471E+00   2.41335E+02  6.16417E+00   2.44285E+02 
 6.27319E+00   2.43023E+02  6.31647E+00   2.40069E+02  6.35945E+00   2.37155E+02  6.40207E+00   2.34281E+02  6.44430E+00   2.31450E+02  6.48611E+00   2.28663E+02  6.52742E+00   2.25920E+02  6.56821E+00   2.23224E+02  6.60843E+00   2.20577E+02  6.64801E+00   2.17979E+02  6.68692E+00   2.15433E+02  6.72511E+00   2.12940E+02  6.76251E+00   2.10503E+02  6.79910E+00   2.08122E+02  6.83480E+00   2.05801E+02  6.86958E+00   2.03540E+02  6.90339E+00   2.01343E+02  6.93617E+00   1.99211E+02  6.96789E+00   1.97146E+02  6.99849E+00   1.95151E+02  7.02794E+00   1.93228E+02  7.05620E+00   1.91378E+02  7.08322E+00   1.89605E+02  7.10898E+00   1.87911E+02  7.13342E+00   1.86297E+02  7.15654E+00   1.84767E+02  7.17829E+00   1.83323E+02  7.19865E+00   1.81966E+02  7.21759E+00   1.80699E+02  7.23509E+00   1.79525E+02  7.25113E+00   1.78445E+02  7.26569E+00   1.77461E+02  7.27877E+00   1.76575E+02  7.29033E+00   1.75789E+02  7.30037E+00   1.75105E+02  7.30888E+00   1.74523E+02  7.31586E+00   1.74046E+02  7.32129E+00   1.73673E+02  7.32518E+00   1.73407E+02  7.32751E+00   1.73246E+02  7.32829E+00   1.73193E+02  7.32751E+00   1.73246E+02  7.32518E+00   1.73407E+02  7.32129E+00   1.73673E+02  7.31586E+00   1.74046E+02  7.30888E+00   1.74523E+02  7.30037E+00   1.75105E+02  7.29032E+00   1.75789E+02  7.27876E+00   1.76575E+02  7.26569E+00   1.77461E+02  7.25113E+00   1.78445E+02  7.23509E+00   1.79525E+02  7.21759E+00   1.80699E+02  7.19865E+00   1.81966E+02  7.17829E+00   1.83323E+02  7.15654E+00   1.84767E+02  7.13343E+00   1.86297E+02  7.10898E+00   1.87911E+02  7.08322E+00   1.89605E+02  7.05620E+00   1.91378E+02  7.02794E+00   1.93228E+02  6.99849E+00   1.95151E+02  6.96789E+00   1.97146E+02  6.93617E+00   1.99211E+02  6.90339E+00   2.01343E+02  6.86958E+00   2.03540E+02  6.83480E+00   2.05801E+02  6.79910E+00   2.08122E+02  6.76252E+00   2.10503E+02  6.72511E+00   2.12940E+02  6.68693E+00   2.15433E+02  6.64801E+00   2.17979E+02  6.60843E+00   2.20576E+02  6.56821E+00   2.23224E+02  6.52742E+00   2.25920E+02  6.48611E+00   2.28663E+02  6.44431E+00   2.31450E+02  6.40207E+00   2.34281E+02  6.35944E+00   2.37155E+02  6.31647E+00   2.40069E+02  6.27319E+00   2.43023E+02 
 6.38074E+00   2.41810E+02  6.42678E+00   2.38852E+02  6.47256E+00   2.35934E+02  6.51803E+00   2.33058E+02  6.56315E+00   2.30224E+02  6.60789E+00   2.27433E+02  6.65217E+00   2.24688E+02  6.69596E+00   2.21991E+02  6.73920E+00   2.19341E+02  6.78183E+00   2.16742E+02  6.82381E+00   2.14195E+02  6.86508E+00   2.11702E+02  6.90557E+00   2.09264E+02  6.94524E+00   2.06883E+02  6.98402E+00   2.04562E+02  7.02187E+00   2.02302E+02  7.05871E+00   2.00106E+02  7.09451E+00   1.97975E+02  7.12921E+00   1.95912E+02  7.16274E+00   1.93918E+02  7.19507E+00   1.91997E+02  7.22613E+00   1.90150E+02  7.25589E+00   1.88379E+02  7.28429E+00   1.86688E+02  7.31130E+00   1.85077E+02  7.33688E+00   1.83550E+02  7.36097E+00   1.82108E+02  7.38356E+00   1.80755E+02  7.40460E+00   1.79491E+02  7.42407E+00   1.78320E+02  7.44193E+00   1.77243E+02  7.45816E+00   1.76262E+02  7.47275E+00   1.75379E+02  7.48566E+00   1.74595E+02  7.49688E+00   1.73913E+02  7.50640E+00   1.73333E+02  7.51421E+00   1.72857E+02  7.52029E+00   1.72486E+02  7.52465E+00   1.72220E+02  7.52726E+00   1.72061E+02  7.52813E+00   1.72007E+02  7.52726E+00   1.72061E+02  7.52464E+00   1.72220E+02  7.52029E+00   1.72486E+02  7.51421E+00   1.72857E+02  7.50640E+00   1.73333E+02  7.49688E+00   1.73913E+02  7.48566E+00   1.74595E+02  7.47275E+00   1.75379E+02  7.45816E+00   1.76262E+02  7.44193E+00   1.77243E+02  7.42407E+00   1.78320E+02  7.40460E+00   1.79491E+02  7.38356E+00   1.80755E+02  7.36097E+00   1.82108E+02  7.33688E+00   1.83550E+02  7.31130E+00   1.85077E+02  7.28429E+00   1.86688E+02  7.25589E+00   1.88380E+02  7.22612E+00   1.90150E+02  7.19506E+00   1.91997E+02  7.16274E+00   1.93919E+02  7.12920E+00   1.95912E+02  7.09451E+00   1.97975E+02  7.05871E+00   2.00106E+02  7.02187E+00   2.02302E+02  6.98402E+00   2.04562E+02  6.94524E+00   2.06883E+02  6.90557E+00   2.09264E+02  6.86508E+00   2.11702E+02  6.82382E+00   2.14195E+02  6.78184E+00   2.16742E+02  6.73920E+00   2.19341E+02  6.69596E+00   2.21991E+02  6.65217E+00   2.24688E+02  6.60788E+00   2.27433E+02  6.56316E+00   2.30224E+02  6.51803E+00   2.33058E+02  6.47255E+00   2.35934E+02  6.42678E+00   2.38852E+02  6.38074E+00   2.41810E+02 
 6.48654E+00   2.40645E+02  6.53535E+00   2.37684E+02  6.58395E+00   2.34763E+02  6.63228E+00   2.31883E+02  6.68032E+00   2.29046E+02  6.72801E+00   2.26254E+02  6.77529E+00   2.23507E+02  6.82211E+00   2.20807E+02  6.86841E+00   2.18156E+02  6.91413E+00   2.15555E+02  6.95923E+00   2.13007E+02  7.00362E+00   2.10513E+02  7.04725E+00   2.08075E+02  7.09007E+00   2.05695E+02  7.13199E+00   2.03374E+02  7.17297E+00   2.01115E+02  7.21292E+00   1.98919E+02  7.25181E+00   1.96790E+02  7.28955E+00   1.94728E+02  7.32610E+00   1.92737E+02  7.36138E+00   1.90817E+02  7.39533E+00   1.88972E+02  7.42792E+00   1.87204E+02  7.45906E+00   1.85515E+02  7.48872E+00   1.83908E+02  7.51684E+00   1.82383E+02  7.54337E+00   1.80945E+02  7.56828E+00   1.79594E+02  7.59150E+00   1.78334E+02  7.61301E+00   1.77166E+02  7.63277E+00   1.76091E+02  7.65075E+00   1.75113E+02  7.66691E+00   1.74233E+02  7.68123E+00   1.73452E+02  7.69369E+00   1.72772E+02  7.70427E+00   1.72194E+02  7.71295E+00   1.71720E+02  7.71971E+00   1.71350E+02  7.72455E+00   1.71085E+02  7.72745E+00   1.70926E+02  7.72842E+00   1.70873E+02  7.72745E+00   1.70926E+02  7.72455E+00   1.71085E+02  7.71971E+00   1.71350E+02  7.71295E+00   1.71720E+02  7.70427E+00   1.72194E+02  7.69370E+00   1.72772E+02  7.68123E+00   1.73452E+02  7.66691E+00   1.74233E+02  7.65075E+00   1.75113E+02  7.63277E+00   1.76091E+02  7.61301E+00   1.77166E+02  7.59150E+00   1.78334E+02  7.56827E+00   1.79594E+02  7.54337E+00   1.80945E+02  7.51684E+00   1.82383E+02  7.48872E+00   1.83908E+02  7.45906E+00   1.85515E+02  7.42792E+00   1.87204E+02  7.39533E+00   1.88972E+02  7.36138E+00   1.90817E+02  7.32610E+00   1.92737E+02  7.28955E+00   1.94728E+02  7.25181E+00   1.96790E+02  7.21292E+00   1.98919E+02  7.17297E+00   2.01115E+02  7.13199E+00   2.03374E+02  7.09006E+00   2.05695E+02  7.04725E+00   2.08075E+02  7.00362E+00   2.10513E+02  6.95923E+00   2.13007E+02  6.91414E+00   2.15555E+02  6.86841E+00   2.18156E+02  6.82211E+00   2.20807E+02  6.77529E+00   2.23507E+02  6.72801E+00   2.26254E+02  6.68032E+00   2.29046E+02  6.63228E+00   2.31883E+02  6.58395E+00   2.34763E+02  6.53535E+00   2.37684E+02  6.48654E+00   2.40645E+02 
 6.59031E+00   2.39530E+02  6.64190E+00   2.36565E+02  6.69331E+00   2.33641E+02  6.74451E+00   2.30759E+02  6.79549E+00   2.27919E+02  6.84614E+00   2.25124E+02  6.89643E+00   2.22375E+02  6.94631E+00   2.19673E+02  6.99569E+00   2.17021E+02  7.04453E+00   2.14419E+02  7.09277E+00   2.11870E+02  7.14032E+00   2.09376E+02  7.18714E+00   2.06937E+02  7.23314E+00   2.04557E+02  7.27824E+00   2.02236E+02  7.32241E+00   1.99978E+02  7.36553E+00   1.97783E+02  7.40757E+00   1.95655E+02  7.44842E+00   1.93595E+02  7.48804E+00   1.91605E+02  7.52635E+00   1.89688E+02  7.56327E+00   1.87846E+02  7.59875E+00   1.86080E+02  7.63270E+00   1.84394E+02  7.66509E+00   1.82789E+02  7.69583E+00   1.81268E+02  7.72487E+00   1.79832E+02  7.75217E+00   1.78485E+02  7.77765E+00   1.77227E+02  7.80128E+00   1.76062E+02  7.82300E+00   1.74990E+02  7.84279E+00   1.74015E+02  7.86059E+00   1.73137E+02  7.87638E+00   1.72359E+02  7.89013E+00   1.71681E+02  7.90180E+00   1.71105E+02  7.91138E+00   1.70632E+02  7.91885E+00   1.70263E+02  7.92420E+00   1.70000E+02  7.92741E+00   1.69841E+02  7.92849E+00   1.69788E+02  7.92741E+00   1.69841E+02  7.92420E+00   1.70000E+02  7.91885E+00   1.70263E+02  7.91138E+00   1.70632E+02  7.90180E+00   1.71105E+02  7.89013E+00   1.71681E+02  7.87638E+00   1.72359E+02  7.86059E+00   1.73137E+02  7.84279E+00   1.74015E+02  7.82300E+00   1.74990E+02  7.80128E+00   1.76062E+02  7.77765E+00   1.77227E+02  7.75216E+00   1.78485E+02  7.72487E+00   1.79832E+02  7.69583E+00   1.81268E+02  7.66509E+00   1.82789E+02  7.63271E+00   1.84394E+02  7.59874E+00   1.86080E+02  7.56327E+00   1.87846E+02  7.52634E+00   1.89688E+02  7.48804E+00   1.91605E+02  7.44842E+00   1.93595E+02  7.40757E+00   1.95655E+02  7.36553E+00   1.97783E+02  7.32241E+00   1.99978E+02  7.27825E+00   2.02236E+02  7.23313E+00   2.04557E+02  7.18713E+00   2.06937E+02  7.14032E+00   2.09376E+02  7.09277E+00   2.11870E+02  7.04454E+00   2.14419E+02  6.99569E+00   2.17021E+02  6.94630E+00   2.19673E+02  6.89643E+00   2.22375E+02  6.84614E+00   2.25124E+02  6.79549E+00   2.27919E+02  6.74452E+00   2.30759E+02  6.69331E+00   2.33641E+02  6.64189E+00   2.36565E+02  6.59032E+00   2.39530E+02 
 6.69178E+00   2.38464E+02  6.74611E+00   2.35496E+02  6.80034E+00   2.32569E+02  6.85442E+00   2.29684E+02  6.90831E+00   2.26842E+02  6.96192E+00   2.24045E+02  7.01523E+00   2.21293E+02  7.06816E+00   2.18590E+02  7.12064E+00   2.15936E+02  7.17262E+00   2.13334E+02  7.22402E+00   2.10784E+02  7.27475E+00   2.08289E+02  7.32478E+00   2.05850E+02  7.37399E+00   2.03470E+02  7.42232E+00   2.01150E+02  7.46970E+00   1.98892E+02  7.51603E+00   1.96698E+02  7.56126E+00   1.94571E+02  7.60528E+00   1.92513E+02  7.64802E+00   1.90525E+02  7.68940E+00   1.88610E+02  7.72935E+00   1.86770E+02  7.76778E+00   1.85006E+02  7.80461E+00   1.83323E+02  7.83978E+00   1.81721E+02  7.87321E+00   1.80202E+02  7.90483E+00   1.78770E+02  7.93457E+00   1.77425E+02  7.96237E+00   1.76171E+02  7.98819E+00   1.75008E+02  8.01193E+00   1.73940E+02  8.03359E+00   1.72967E+02  8.05308E+00   1.72092E+02  8.07038E+00   1.71316E+02  8.08546E+00   1.70640E+02  8.09827E+00   1.70066E+02  8.10878E+00   1.69595E+02  8.11699E+00   1.69227E+02  8.12286E+00   1.68964E+02  8.12639E+00   1.68806E+02  8.12757E+00   1.68754E+02  8.12639E+00   1.68806E+02  8.12286E+00   1.68964E+02  8.11699E+00   1.69227E+02  8.10879E+00   1.69595E+02  8.09827E+00   1.70066E+02  8.08546E+00   1.70640E+02  8.07039E+00   1.71316E+02  8.05308E+00   1.72092E+02  8.03359E+00   1.72967E+02  8.01194E+00   1.73940E+02  7.98818E+00   1.75008E+02  7.96238E+00   1.76171E+02  7.93457E+00   1.77425E+02  7.90483E+00   1.78770E+02  7.87321E+00   1.80202E+02  7.83978E+00   1.81721E+02  7.80461E+00   1.83323E+02  7.76778E+00   1.85006E+02  7.72935E+00   1.86770E+02  7.68940E+00   1.88610E+02  7.64802E+00   1.90525E+02  7.60527E+00   1.92513E+02  7.56126E+00   1.94571E+02  7.51603E+00   1.96698E+02  7.46970E+00   1.98892E+02  7.42232E+00   2.01150E+02  7.37399E+00   2.03470E+02  7.32477E+00   2.05850E+02  7.27476E+00   2.08289E+02  7.22402E+00   2.10784E+02  7.17262E+00   2.13334E+02  7.12065E+00   2.15936E+02  7.06816E+00   2.18590E+02  7.01523E+00   2.21293E+02  6.96192E+00   2.24045E+02  6.90830E+00   2.26842E+02  6.85442E+00   2.29684E+02  6.80034E+00   2.32569E+02  6.74610E+00   2.35496E+02  6.69178E+00   2.38464E+02 
 6.79063E+00   2.37448E+02  6.84771E+00   2.34478E+02  6.90472E+00   2.31548E+02  6.96165E+00   2.28660E+02  7.01845E+00   2.25815E+02  7.07501E+00   2.23016E+02  7.13133E+00   2.20263E+02  7.18731E+00   2.17558E+02  7.24288E+00   2.14903E+02  7.29799E+00   2.12299E+02  7.35255E+00   2.09748E+02  7.40647E+00   2.07253E+02  7.45971E+00   2.04814E+02  7.51215E+00   2.02434E+02  7.56372E+00   2.00114E+02  7.61434E+00   1.97857E+02  7.66390E+00   1.95664E+02  7.71234E+00   1.93539E+02  7.75956E+00   1.91482E+02  7.80546E+00   1.89496E+02  7.84996E+00   1.87582E+02  7.89296E+00   1.85744E+02  7.93439E+00   1.83984E+02  7.97414E+00   1.82302E+02  8.01215E+00   1.80703E+02  8.04830E+00   1.79187E+02  8.08255E+00   1.77758E+02  8.11480E+00   1.76416E+02  8.14497E+00   1.75164E+02  8.17301E+00   1.74005E+02  8.19883E+00   1.72939E+02  8.22239E+00   1.71969E+02  8.24362E+00   1.71096E+02  8.26248E+00   1.70322E+02  8.27892E+00   1.69649E+02  8.29289E+00   1.69077E+02  8.30437E+00   1.68607E+02  8.31334E+00   1.68241E+02  8.31975E+00   1.67979E+02  8.32361E+00   1.67821E+02  8.32489E+00   1.67769E+02  8.32360E+00   1.67821E+02  8.31975E+00   1.67979E+02  8.31333E+00   1.68241E+02  8.30437E+00   1.68607E+02  8.29289E+00   1.69077E+02  8.27892E+00   1.69649E+02  8.26248E+00   1.70322E+02  8.24362E+00   1.71096E+02  8.22239E+00   1.71969E+02  8.19883E+00   1.72939E+02  8.17301E+00   1.74005E+02  8.14497E+00   1.75164E+02  8.11480E+00   1.76416E+02  8.08255E+00   1.77758E+02  8.04831E+00   1.79187E+02  8.01215E+00   1.80703E+02  7.97414E+00   1.82302E+02  7.93439E+00   1.83984E+02  7.89297E+00   1.85744E+02  7.84996E+00   1.87582E+02  7.80546E+00   1.89496E+02  7.75955E+00   1.91482E+02  7.71234E+00   1.93539E+02  7.66390E+00   1.95665E+02  7.61434E+00   1.97857E+02  7.56372E+00   2.00114E+02  7.51215E+00   2.02434E+02  7.45971E+00   2.04814E+02  7.40648E+00   2.07253E+02  7.35255E+00   2.09748E+02  7.29799E+00   2.12299E+02  7.24289E+00   2.14903E+02  7.18731E+00   2.17558E+02  7.13133E+00   2.20263E+02  7.07502E+00   2.23016E+02  7.01844E+00   2.25815E+02  6.96165E+00   2.28660E+02  6.90473E+00   2.31548E+02  6.84770E+00   2.34478E+02  6.79064E+00   2.37448E+02 
 6.88661E+00   2.36483E+02  6.94638E+00   2.33509E+02  7.00615E+00   2.30576E+02  7.06590E+00   2.27686E+02  7.12557E+00   2.24839E+02  7.18506E+00   2.22038E+02  7.24435E+00   2.19283E+02  7.30336E+00   2.16577E+02  7.36200E+00   2.13920E+02  7.42022E+00   2.11315E+02  7.47792E+00   2.08764E+02  7.53503E+00   2.06268E+02  7.59147E+00   2.03829E+02  7.64713E+00   2.01449E+02  7.70194E+00   1.99130E+02  7.75580E+00   1.96873E+02  7.80860E+00   1.94682E+02  7.86027E+00   1.92557E+02  7.91068E+00   1.90502E+02  7.95977E+00   1.88517E+02  8.00739E+00   1.86606E+02  8.05349E+00   1.84770E+02  8.09793E+00   1.83012E+02  8.14064E+00   1.81333E+02  8.18150E+00   1.79736E+02  8.22043E+00   1.78223E+02  8.25733E+00   1.76796E+02  8.29211E+00   1.75457E+02  8.32470E+00   1.74208E+02  8.35499E+00   1.73052E+02  8.38292E+00   1.71989E+02  8.40843E+00   1.71021E+02  8.43143E+00   1.70151E+02  8.45187E+00   1.69379E+02  8.46970E+00   1.68707E+02  8.48486E+00   1.68137E+02  8.49733E+00   1.67669E+02  8.50706E+00   1.67304E+02  8.51403E+00   1.67042E+02  8.51822E+00   1.66885E+02  8.51961E+00   1.66833E+02  8.51822E+00   1.66885E+02  8.51403E+00   1.67042E+02  8.50706E+00   1.67304E+02  8.49733E+00   1.67669E+02  8.48487E+00   1.68137E+02  8.46969E+00   1.68707E+02  8.45187E+00   1.69379E+02  8.43143E+00   1.70151E+02  8.40843E+00   1.71021E+02  8.38292E+00   1.71989E+02  8.35499E+00   1.73052E+02  8.32469E+00   1.74208E+02  8.29212E+00   1.75457E+02  8.25733E+00   1.76796E+02  8.22043E+00   1.78223E+02  8.18150E+00   1.79736E+02  8.14064E+00   1.81333E+02  8.09793E+00   1.83012E+02  8.05349E+00   1.84770E+02  8.00739E+00   1.86606E+02  7.95976E+00   1.88517E+02  7.91068E+00   1.90502E+02  7.86027E+00   1.92557E+02  7.80860E+00   1.94682E+02  7.75579E+00   1.96873E+02  7.70194E+00   1.99130E+02  7.64713E+00   2.01449E+02  7.59147E+00   2.03829E+02  7.53503E+00   2.06268E+02  7.47792E+00   2.08764E+02  7.42022E+00   2.11315E+02  7.36201E+00   2.13920E+02  7.30336E+00   2.16577E+02  7.24435E+00   2.19283E+02  7.18506E+00   2.22038E+02  7.12556E+00   2.24839E+02  7.06590E+00   2.27686E+02  7.00615E+00   2.30576E+02  6.94637E+00   2.33509E+02  6.88661E+00   2.36483E+02 
 6.97940E+00   2.35568E+02  7.04182E+00   2.32591E+02  7.10430E+00   2.29656E+02  7.16683E+00   2.26763E+02  7.22932E+00   2.23914E+02  7.29170E+00   2.21111E+02  7.35393E+00   2.18355E+02  7.41592E+00   2.15647E+02  7.47760E+00   2.12989E+02  7.53890E+00   2.10383E+02  7.59971E+00   2.07831E+02  7.65997E+00   2.05335E+02  7.71958E+00   2.02896E+02  7.77844E+00   2.00516E+02  7.83647E+00   1.98197E+02  7.89355E+00   1.95941E+02  7.94958E+00   1.93751E+02  8.00446E+00   1.91627E+02  8.05808E+00   1.89573E+02  8.11033E+00   1.87590E+02  8.16109E+00   1.85681E+02  8.21027E+00   1.83847E+02  8.25774E+00   1.82091E+02  8.30340E+00   1.80414E+02  8.34714E+00   1.78820E+02  8.38885E+00   1.77309E+02  8.42843E+00   1.75885E+02  8.46576E+00   1.74549E+02  8.50078E+00   1.73303E+02  8.53335E+00   1.72148E+02  8.56342E+00   1.71088E+02  8.59088E+00   1.70123E+02  8.61567E+00   1.69255E+02  8.63771E+00   1.68485E+02  8.65695E+00   1.67815E+02  8.67333E+00   1.67246E+02  8.68679E+00   1.66780E+02  8.69730E+00   1.66416E+02  8.70483E+00   1.66155E+02  8.70936E+00   1.65999E+02  8.71087E+00   1.65946E+02  8.70936E+00   1.65999E+02  8.70483E+00   1.66155E+02  8.69730E+00   1.66416E+02  8.68679E+00   1.66780E+02  8.67333E+00   1.67246E+02  8.65695E+00   1.67815E+02  8.63772E+00   1.68485E+02  8.61567E+00   1.69255E+02  8.59088E+00   1.70123E+02  8.56342E+00   1.71088E+02  8.53335E+00   1.72148E+02  8.50077E+00   1.73303E+02  8.46576E+00   1.74549E+02  8.42843E+00   1.75885E+02  8.38885E+00   1.77309E+02  8.34714E+00   1.78820E+02  8.30340E+00   1.80414E+02  8.25774E+00   1.82091E+02  8.21027E+00   1.83847E+02  8.16109E+00   1.85681E+02  8.11033E+00   1.87590E+02  8.05807E+00   1.89573E+02  8.00446E+00   1.91627E+02  7.94958E+00   1.93751E+02  7.89355E+00   1.95941E+02  7.83647E+00   1.98197E+02  7.77844E+00   2.00516E+02  7.71958E+00   2.02896E+02  7.65997E+00   2.05335E+02  7.59971E+00   2.07831E+02  7.53889E+00   2.10383E+02  7.47760E+00   2.12989E+02  7.41592E+00   2.15647E+02  7.35393E+00   2.18355E+02  7.29170E+00   2.21111E+02  7.22931E+00   2.23914E+02  7.16683E+00   2.26763E+02  7.10431E+00   2.29656E+02  7.04181E+00   2.32591E+02  6.97940E+00   2.35568E+02 
 7.06873E+00   2.34704E+02  7.13373E+00   2.31725E+02  7.19887E+00   2.28787E+02  7.26411E+00   2.25892E+02  7.32937E+00   2.23041E+02  7.39457E+00   2.20236E+02  7.45969E+00   2.17478E+02  7.52461E+00   2.14768E+02  7.58926E+00   2.12109E+02  7.65359E+00   2.09503E+02  7.71747E+00   2.06950E+02  7.78083E+00   2.04453E+02  7.84358E+00   2.02014E+02  7.90559E+00   1.99634E+02  7.96680E+00   1.97316E+02  8.02706E+00   1.95061E+02  8.08628E+00   1.92871E+02  8.14435E+00   1.90749E+02  8.20114E+00   1.88696E+02  8.25653E+00   1.86714E+02  8.31041E+00   1.84807E+02  8.36266E+00   1.82975E+02  8.41314E+00   1.81221E+02  8.46175E+00   1.79546E+02  8.50835E+00   1.77954E+02  8.55284E+00   1.76446E+02  8.59509E+00   1.75024E+02  8.63499E+00   1.73691E+02  8.67242E+00   1.72447E+02  8.70729E+00   1.71295E+02  8.73949E+00   1.70237E+02  8.76892E+00   1.69274E+02  8.79551E+00   1.68408E+02  8.81916E+00   1.67640E+02  8.83982E+00   1.66972E+02  8.85740E+00   1.66405E+02  8.87187E+00   1.65940E+02  8.88317E+00   1.65577E+02  8.89126E+00   1.65317E+02  8.89613E+00   1.65161E+02  8.89776E+00   1.65109E+02  8.89613E+00   1.65161E+02  8.89126E+00   1.65317E+02  8.88317E+00   1.65577E+02  8.87187E+00   1.65940E+02  8.85741E+00   1.66405E+02  8.83982E+00   1.66972E+02  8.81916E+00   1.67640E+02  8.79551E+00   1.68408E+02  8.76892E+00   1.69274E+02  8.73948E+00   1.70237E+02  8.70729E+00   1.71295E+02  8.67242E+00   1.72447E+02  8.63498E+00   1.73691E+02  8.59509E+00   1.75024E+02  8.55284E+00   1.76446E+02  8.50836E+00   1.77954E+02  8.46175E+00   1.79546E+02  8.41314E+00   1.81221E+02  8.36266E+00   1.82975E+02  8.31041E+00   1.84807E+02  8.25653E+00   1.86714E+02  8.20113E+00   1.88696E+02  8.14435E+00   1.90749E+02  8.08628E+00   1.92871E+02  8.02706E+00   1.95061E+02  7.96680E+00   1.97316E+02  7.90559E+00   1.99634E+02  7.84358E+00   2.02014E+02  7.78083E+00   2.04453E+02  7.71747E+00   2.06950E+02  7.65358E+00   2.09503E+02  7.58927E+00   2.12109E+02  7.52461E+00   2.14768E+02  7.45969E+00   2.17478E+02  7.39458E+00   2.20236E+02  7.32937E+00   2.23041E+02  7.26411E+00   2.25892E+02  7.19888E+00   2.28787E+02  7.13373E+00   2.31725E+02  7.06873E+00   2.34704E+02 
 7.15431E+00   2.33890E+02  7.22183E+00   2.30909E+02  7.28955E+00   2.27969E+02  7.35742E+00   2.25072E+02  7.42537E+00   2.22219E+02  7.49333E+00   2.19412E+02  7.56126E+00   2.16652E+02  7.62903E+00   2.13942E+02  7.69660E+00   2.11282E+02  7.76388E+00   2.08675E+02  7.83076E+00   2.06121E+02  7.89716E+00   2.03624E+02  7.96297E+00   2.01185E+02  8.02808E+00   1.98805E+02  8.09240E+00   1.96487E+02  8.15579E+00   1.94232E+02  8.21816E+00   1.92043E+02  8.27935E+00   1.89922E+02  8.33926E+00   1.87870E+02  8.39776E+00   1.85890E+02  8.45471E+00   1.83984E+02  8.50999E+00   1.82154E+02  8.56345E+00   1.80402E+02  8.61497E+00   1.78730E+02  8.66441E+00   1.77140E+02  8.71165E+00   1.75634E+02  8.75655E+00   1.74214E+02  8.79899E+00   1.72883E+02  8.83883E+00   1.71641E+02  8.87597E+00   1.70492E+02  8.91030E+00   1.69436E+02  8.94169E+00   1.68475E+02  8.97007E+00   1.67611E+02  8.99533E+00   1.66845E+02  9.01740E+00   1.66179E+02  9.03620E+00   1.65613E+02  9.05166E+00   1.65149E+02  9.06375E+00   1.64787E+02  9.07241E+00   1.64528E+02  9.07762E+00   1.64372E+02  9.07936E+00   1.64320E+02  9.07762E+00   1.64372E+02  9.07241E+00   1.64528E+02  9.06375E+00   1.64787E+02  9.05166E+00   1.65149E+02  9.03620E+00   1.65613E+02  9.01740E+00   1.66179E+02  8.99533E+00   1.66845E+02  8.97007E+00   1.67611E+02  8.94169E+00   1.68475E+02  8.91030E+00   1.69436E+02  8.87597E+00   1.70492E+02  8.83883E+00   1.71641E+02  8.79898E+00   1.72883E+02  8.75655E+00   1.74214E+02  8.71165E+00   1.75634E+02  8.66442E+00   1.77140E+02  8.61497E+00   1.78730E+02  8.56345E+00   1.80402E+02  8.50999E+00   1.82154E+02  8.45471E+00   1.83984E+02  8.39776E+00   1.85890E+02  8.33926E+00   1.87870E+02  8.27935E+00   1.89922E+02  8.21815E+00   1.92043E+02  8.15579E+00   1.94232E+02  8.09240E+00   1.96487E+02  8.02808E+00   1.98805E+02  7.96297E+00   2.01185E+02  7.89716E+00   2.03624E+02  7.83076E+00   2.06121E+02  7.76388E+00   2.08675E+02  7.69660E+00   2.11282E+02  7.62903E+00   2.13942E+02  7.56125E+00   2.16652E+02  7.49334E+00   2.19412E+02  7.42537E+00   2.22219E+02  7.35742E+00   2.25072E+02  7.28955E+00   2.27969E+02  7.22183E+00   2.30909E+02  7.15431E+00   2.33890E+02 
 7.23587E+00   2.33128E+02  7.30581E+00   2.30145E+02  7.37602E+00   2.27202E+02  7.44645E+00   2.24303E+02  7.51700E+00   2.21449E+02  7.58763E+00   2.18640E+02  7.65827E+00   2.15879E+02  7.72881E+00   2.13167E+02  7.79921E+00   2.10506E+02  7.86935E+00   2.07898E+02  7.93914E+00   2.05344E+02  8.00849E+00   2.02847E+02  8.07729E+00   2.00407E+02  8.14542E+00   1.98028E+02  8.21277E+00   1.95710E+02  8.27922E+00   1.93456E+02  8.34464E+00   1.91267E+02  8.40890E+00   1.89147E+02  8.47186E+00   1.87096E+02  8.53339E+00   1.85118E+02  8.59335E+00   1.83213E+02  8.65160E+00   1.81385E+02  8.70798E+00   1.79634E+02  8.76236E+00   1.77964E+02  8.81459E+00   1.76376E+02  8.86454E+00   1.74872E+02  8.91204E+00   1.73455E+02  8.95698E+00   1.72125E+02  8.99920E+00   1.70886E+02  9.03859E+00   1.69738E+02  9.07501E+00   1.68684E+02  9.10834E+00   1.67726E+02  9.13849E+00   1.66863E+02  9.16534E+00   1.66099E+02  9.18881E+00   1.65434E+02  9.20880E+00   1.64870E+02  9.22526E+00   1.64407E+02  9.23812E+00   1.64046E+02  9.24734E+00   1.63787E+02  9.25289E+00   1.63632E+02  9.25474E+00   1.63580E+02  9.25289E+00   1.63632E+02  9.24734E+00   1.63787E+02  9.23812E+00   1.64046E+02  9.22526E+00   1.64407E+02  9.20880E+00   1.64870E+02  9.18880E+00   1.65434E+02  9.16534E+00   1.66099E+02  9.13849E+00   1.66864E+02  9.10834E+00   1.67726E+02  9.07501E+00   1.68684E+02  9.03859E+00   1.69738E+02  8.99920E+00   1.70886E+02  8.95698E+00   1.72125E+02  8.91205E+00   1.73455E+02  8.86454E+00   1.74872E+02  8.81459E+00   1.76376E+02  8.76236E+00   1.77964E+02  8.70798E+00   1.79634E+02  8.65160E+00   1.81385E+02  8.59335E+00   1.83213E+02  8.53339E+00   1.85118E+02  8.47186E+00   1.87096E+02  8.40890E+00   1.89147E+02  8.34464E+00   1.91268E+02  8.27921E+00   1.93456E+02  8.21277E+00   1.95710E+02  8.14542E+00   1.98028E+02  8.07729E+00   2.00407E+02  8.00849E+00   2.02847E+02  7.93915E+00   2.05344E+02  7.86935E+00   2.07898E+02  7.79921E+00   2.10506E+02  7.72882E+00   2.13167E+02  7.65826E+00   2.15879E+02  7.58763E+00   2.18640E+02  7.51700E+00   2.21449E+02  7.44644E+00   2.24303E+02  7.37603E+00   2.27202E+02  7.30582E+00   2.30145E+02  7.23587E+00   2.33128E+02 
 7.31313E+00   2.32418E+02  7.38540E+00   2.29432E+02  7.45800E+00   2.26488E+02  7.53087E+00   2.23587E+02  7.60393E+00   2.20730E+02  7.67711E+00   2.17920E+02  7.75037E+00   2.15158E+02  7.82358E+00   2.12445E+02  7.89669E+00   2.09783E+02  7.96960E+00   2.07174E+02  8.04220E+00   2.04620E+02  8.11440E+00   2.02122E+02  8.18608E+00   1.99682E+02  8.25712E+00   1.97303E+02  8.32741E+00   1.94985E+02  8.39681E+00   1.92732E+02  8.46519E+00   1.90544E+02  8.53241E+00   1.88424E+02  8.59834E+00   1.86375E+02  8.66281E+00   1.84397E+02  8.72569E+00   1.82494E+02  8.78683E+00   1.80667E+02  8.84605E+00   1.78918E+02  8.90322E+00   1.77249E+02  8.95817E+00   1.75663E+02  9.01076E+00   1.74161E+02  9.06080E+00   1.72746E+02  9.10818E+00   1.71418E+02  9.15273E+00   1.70181E+02  9.19431E+00   1.69035E+02  9.23278E+00   1.67983E+02  9.26801E+00   1.67026E+02  9.29989E+00   1.66166E+02  9.32829E+00   1.65403E+02  9.35313E+00   1.64739E+02  9.37430E+00   1.64176E+02  9.39173E+00   1.63714E+02  9.40536E+00   1.63354E+02  9.41513E+00   1.63096E+02  9.42101E+00   1.62941E+02  9.42297E+00   1.62889E+02  9.42101E+00   1.62941E+02  9.41513E+00   1.63096E+02  9.40536E+00   1.63354E+02  9.39173E+00   1.63714E+02  9.37430E+00   1.64176E+02  9.35313E+00   1.64739E+02  9.32830E+00   1.65403E+02  9.29989E+00   1.66166E+02  9.26801E+00   1.67026E+02  9.23278E+00   1.67983E+02  9.19430E+00   1.69035E+02  9.15273E+00   1.70181E+02  9.10818E+00   1.71418E+02  9.06081E+00   1.72746E+02  9.01075E+00   1.74161E+02  8.95817E+00   1.75663E+02  8.90322E+00   1.77249E+02  8.84605E+00   1.78918E+02  8.78683E+00   1.80667E+02  8.72569E+00   1.82494E+02  8.66282E+00   1.84397E+02  8.59834E+00   1.86375E+02  8.53241E+00   1.88424E+02  8.46519E+00   1.90544E+02  8.39680E+00   1.92732E+02  8.32741E+00   1.94985E+02  8.25712E+00   1.97303E+02  8.18608E+00   1.99682E+02  8.11440E+00   2.02122E+02  8.04220E+00   2.04620E+02  7.96960E+00   2.07174E+02  7.89669E+00   2.09783E+02  7.82358E+00   2.12445E+02  7.75036E+00   2.15158E+02  7.67712E+00   2.17920E+02  7.60393E+00   2.20730E+02  7.53087E+00   2.23587E+02  7.45800E+00   2.26488E+02  7.38541E+00   2.29432E+02  7.31313E+00   2.32418E+02 
 7.38583E+00   2.31759E+02  7.46032E+00   2.28771E+02  7.53520E+00   2.25825E+02  7.61039E+00   2.22923E+02  7.68583E+00   2.20065E+02  7.76146E+00   2.17253E+02  7.83721E+00   2.14490E+02  7.91297E+00   2.11776E+02  7.98868E+00   2.09113E+02  8.06423E+00   2.06503E+02  8.13951E+00   2.03948E+02  8.21444E+00   2.01450E+02  8.28887E+00   1.99010E+02  8.36271E+00   1.96630E+02  8.43581E+00   1.94313E+02  8.50805E+00   1.92060E+02  8.57928E+00   1.89873E+02  8.64935E+00   1.87754E+02  8.71812E+00   1.85705E+02  8.78543E+00   1.83729E+02  8.85112E+00   1.81827E+02  8.91504E+00   1.80001E+02  8.97700E+00   1.78254E+02  9.03686E+00   1.76587E+02  9.09443E+00   1.75002E+02  9.14957E+00   1.73502E+02  9.20208E+00   1.72088E+02  9.25182E+00   1.70762E+02  9.29861E+00   1.69526E+02  9.34232E+00   1.68383E+02  9.38277E+00   1.67332E+02  9.41985E+00   1.66377E+02  9.45341E+00   1.65517E+02  9.48332E+00   1.64756E+02  9.50949E+00   1.64094E+02  9.53180E+00   1.63532E+02  9.55018E+00   1.63070E+02  9.56455E+00   1.62711E+02  9.57485E+00   1.62453E+02  9.58105E+00   1.62299E+02  9.58312E+00   1.62247E+02  9.58105E+00   1.62299E+02  9.57485E+00   1.62453E+02  9.56455E+00   1.62711E+02  9.55018E+00   1.63070E+02  9.53180E+00   1.63532E+02  9.50949E+00   1.64094E+02  9.48332E+00   1.64756E+02  9.45341E+00   1.65517E+02  9.41985E+00   1.66377E+02  9.38278E+00   1.67332E+02  9.34231E+00   1.68383E+02  9.29861E+00   1.69526E+02  9.25181E+00   1.70762E+02  9.20208E+00   1.72088E+02  9.14956E+00   1.73502E+02  9.09443E+00   1.75002E+02  9.03686E+00   1.76587E+02  8.97700E+00   1.78254E+02  8.91504E+00   1.80001E+02  8.85112E+00   1.81827E+02  8.78543E+00   1.83729E+02  8.71812E+00   1.85705E+02  8.64935E+00   1.87754E+02  8.57928E+00   1.89873E+02  8.50804E+00   1.92060E+02  8.43581E+00   1.94313E+02  8.36271E+00   1.96631E+02  8.28887E+00   1.99010E+02  8.21444E+00   2.01450E+02  8.13952E+00   2.03948E+02  8.06423E+00   2.06503E+02  7.98868E+00   2.09113E+02  7.91297E+00   2.11776E+02  7.83720E+00   2.14490E+02  7.76146E+00   2.17253E+02  7.68584E+00   2.20065E+02  7.61039E+00   2.22923E+02  7.53520E+00   2.25825E+02  7.46033E+00   2.28771E+02  7.38583E+00   2.31759E+02 
 7.45373E+00   2.31153E+02  7.53031E+00   2.28163E+02  7.60733E+00   2.25215E+02  7.68473E+00   2.22311E+02  7.76242E+00   2.19451E+02  7.84035E+00   2.16638E+02  7.91846E+00   2.13874E+02  7.99663E+00   2.11159E+02  8.07480E+00   2.08495E+02  8.15285E+00   2.05885E+02  8.23068E+00   2.03329E+02  8.30819E+00   2.00831E+02  8.38525E+00   1.98391E+02  8.46173E+00   1.96011E+02  8.53751E+00   1.93694E+02  8.61244E+00   1.91441E+02  8.68637E+00   1.89255E+02  8.75916E+00   1.87136E+02  8.83064E+00   1.85089E+02  8.90065E+00   1.83113E+02  8.96903E+00   1.81212E+02  9.03560E+00   1.79387E+02  9.10018E+00   1.77641E+02  9.16261E+00   1.75975E+02  9.22269E+00   1.74392E+02  9.28026E+00   1.72893E+02  9.33513E+00   1.71481E+02  9.38713E+00   1.70157E+02  9.43608E+00   1.68923E+02  9.48182E+00   1.67780E+02  9.52419E+00   1.66731E+02  9.56303E+00   1.65777E+02  9.59820E+00   1.64919E+02  9.62957E+00   1.64159E+02  9.65701E+00   1.63498E+02  9.68043E+00   1.62937E+02  9.69971E+00   1.62476E+02  9.71480E+00   1.62117E+02  9.72561E+00   1.61860E+02  9.73212E+00   1.61706E+02  9.73430E+00   1.61655E+02  9.73212E+00   1.61706E+02  9.72561E+00   1.61860E+02  9.71480E+00   1.62117E+02  9.69971E+00   1.62476E+02  9.68043E+00   1.62937E+02  9.65702E+00   1.63498E+02  9.62957E+00   1.64159E+02  9.59820E+00   1.64919E+02  9.56303E+00   1.65777E+02  9.52419E+00   1.66731E+02  9.48182E+00   1.67780E+02  9.43608E+00   1.68923E+02  9.38713E+00   1.70157E+02  9.33513E+00   1.71481E+02  9.28026E+00   1.72893E+02  9.22269E+00   1.74392E+02  9.16261E+00   1.75975E+02  9.10018E+00   1.77641E+02  9.03560E+00   1.79387E+02  8.96903E+00   1.81212E+02  8.90065E+00   1.83113E+02  8.83064E+00   1.85089E+02  8.75916E+00   1.87136E+02  8.68638E+00   1.89255E+02  8.61243E+00   1.91441E+02  8.53751E+00   1.93694E+02  8.46173E+00   1.96011E+02  8.38525E+00   1.98391E+02  8.30819E+00   2.00831E+02  8.23068E+00   2.03329E+02  8.15285E+00   2.05885E+02  8.07480E+00   2.08495E+02  7.99663E+00   2.11159E+02  7.91846E+00   2.13874E+02  7.84036E+00   2.16638E+02  7.76242E+00   2.19451E+02  7.68472E+00   2.22311E+02  7.60733E+00   2.25215E+02  7.53031E+00   2.28163E+02  7.45373E+00   2.31153E+02 
 7.51659E+00   2.30598E+02  7.59512E+00   2.27606E+02  7.67415E+00   2.24657E+02  7.75359E+00   2.21751E+02  7.83339E+00   2.18890E+02  7.91349E+00   2.16076E+02  7.99380E+00   2.13311E+02  8.07423E+00   2.10595E+02  8.15471E+00   2.07930E+02  8.23510E+00   2.05319E+02  8.31532E+00   2.02764E+02  8.39526E+00   2.00265E+02  8.47478E+00   1.97824E+02  8.55375E+00   1.95445E+02  8.63205E+00   1.93128E+02  8.70951E+00   1.90875E+02  8.78599E+00   1.88689E+02  8.86133E+00   1.86571E+02  8.93537E+00   1.84524E+02  9.00793E+00   1.82550E+02  9.07884E+00   1.80649E+02  9.14791E+00   1.78826E+02  9.21497E+00   1.77081E+02  9.27982E+00   1.75416E+02  9.34228E+00   1.73834E+02  9.40215E+00   1.72337E+02  9.45925E+00   1.70926E+02  9.51339E+00   1.69603E+02  9.56439E+00   1.68370E+02  9.61206E+00   1.67229E+02  9.65624E+00   1.66181E+02  9.69676E+00   1.65228E+02  9.73346E+00   1.64372E+02  9.76621E+00   1.63612E+02  9.79487E+00   1.62952E+02  9.81932E+00   1.62392E+02  9.83947E+00   1.61932E+02  9.85523E+00   1.61573E+02  9.86654E+00   1.61317E+02  9.87334E+00   1.61163E+02  9.87562E+00   1.61112E+02  9.87334E+00   1.61163E+02  9.86654E+00   1.61317E+02  9.85523E+00   1.61573E+02  9.83947E+00   1.61932E+02  9.81932E+00   1.62392E+02  9.79487E+00   1.62952E+02  9.76621E+00   1.63613E+02  9.73346E+00   1.64372E+02  9.69676E+00   1.65228E+02  9.65624E+00   1.66181E+02  9.61206E+00   1.67229E+02  9.56439E+00   1.68370E+02  9.51340E+00   1.69603E+02  9.45925E+00   1.70926E+02  9.40216E+00   1.72337E+02  9.34228E+00   1.73834E+02  9.27982E+00   1.75416E+02  9.21497E+00   1.77081E+02  9.14791E+00   1.78826E+02  9.07884E+00   1.80649E+02  9.00793E+00   1.82550E+02  8.93537E+00   1.84524E+02  8.86133E+00   1.86571E+02  8.78599E+00   1.88689E+02  8.70951E+00   1.90875E+02  8.63204E+00   1.93128E+02  8.55375E+00   1.95445E+02  8.47477E+00   1.97824E+02  8.39526E+00   2.00265E+02  8.31533E+00   2.02764E+02  8.23510E+00   2.05319E+02  8.15471E+00   2.07930E+02  8.07423E+00   2.10595E+02  7.99380E+00   2.13311E+02  7.91349E+00   2.16076E+02  7.83340E+00   2.18890E+02  7.75359E+00   2.21751E+02  7.67414E+00   2.24657E+02  7.59512E+00   2.27606E+02  7.51659E+00   2.30598E+02 
 7.57418E+00   2.30096E+02  7.65451E+00   2.27102E+02  7.73539E+00   2.24152E+02  7.81674E+00   2.21244E+02  7.89849E+00   2.18383E+02  7.98059E+00   2.15567E+02  8.06294E+00   2.12801E+02  8.14546E+00   2.10084E+02  8.22807E+00   2.07419E+02  8.31064E+00   2.04807E+02  8.39308E+00   2.02251E+02  8.47527E+00   1.99752E+02  8.55707E+00   1.97311E+02  8.63836E+00   1.94932E+02  8.71899E+00   1.92615E+02  8.79881E+00   1.90362E+02  8.87766E+00   1.88177E+02  8.95537E+00   1.86060E+02  9.03179E+00   1.84013E+02  9.10672E+00   1.82039E+02  9.17999E+00   1.80140E+02  9.25140E+00   1.78317E+02  9.32077E+00   1.76573E+02  9.38789E+00   1.74909E+02  9.45256E+00   1.73328E+02  9.51459E+00   1.71832E+02  9.57377E+00   1.70422E+02  9.62992E+00   1.69100E+02  9.68282E+00   1.67869E+02  9.73231E+00   1.66729E+02  9.77818E+00   1.65682E+02  9.82027E+00   1.64730E+02  9.85841E+00   1.63874E+02  9.89244E+00   1.63116E+02  9.92224E+00   1.62457E+02  9.94768E+00   1.61897E+02  9.96864E+00   1.61438E+02  9.98503E+00   1.61080E+02  9.99680E+00   1.60824E+02  1.00039E+01   1.60670E+02  1.00062E+01   1.60618E+02  1.00039E+01   1.60670E+02  9.99680E+00   1.60824E+02  9.98503E+00   1.61080E+02  9.96864E+00   1.61438E+02  9.94767E+00   1.61897E+02  9.92224E+00   1.62457E+02  9.89244E+00   1.63116E+02  9.85841E+00   1.63874E+02  9.82027E+00   1.64730E+02  9.77818E+00   1.65682E+02  9.73231E+00   1.66729E+02  9.68283E+00   1.67869E+02  9.62992E+00   1.69100E+02  9.57377E+00   1.70422E+02  9.51459E+00   1.71832E+02  9.45256E+00   1.73328E+02  9.38789E+00   1.74909E+02  9.32077E+00   1.76573E+02  9.25141E+00   1.78317E+02  9.17999E+00   1.80140E+02  9.10673E+00   1.82039E+02  9.03180E+00   1.84013E+02  8.95537E+00   1.86060E+02  8.87766E+00   1.88177E+02  8.79880E+00   1.90362E+02  8.71898E+00   1.92615E+02  8.63835E+00   1.94932E+02  8.55707E+00   1.97311E+02  8.47526E+00   1.99752E+02  8.39308E+00   2.02251E+02  8.31064E+00   2.04807E+02  8.22807E+00   2.07419E+02  8.14547E+00   2.10084E+02  8.06294E+00   2.12801E+02  7.98059E+00   2.15567E+02  7.89849E+00   2.18383E+02  7.81674E+00   2.21244E+02  7.73539E+00   2.24152E+02  7.65452E+00   2.27102E+02  7.57418E+00   2.30096E+02 
 7.62629E+00   2.29646E+02  7.70827E+00   2.26651E+02  7.79084E+00   2.23699E+02  7.87392E+00   2.20791E+02  7.95745E+00   2.17928E+02  8.04137E+00   2.15111E+02  8.12559E+00   2.12344E+02  8.21002E+00   2.09626E+02  8.29459E+00   2.06961E+02  8.37914E+00   2.04349E+02  8.46361E+00   2.01792E+02  8.54786E+00   1.99292E+02  8.63175E+00   1.96852E+02  8.71516E+00   1.94472E+02  8.79793E+00   1.92155E+02  8.87991E+00   1.89903E+02  8.96093E+00   1.87718E+02  9.04083E+00   1.85601E+02  9.11944E+00   1.83555E+02  9.19655E+00   1.81581E+02  9.27198E+00   1.79683E+02  9.34554E+00   1.77861E+02  9.41703E+00   1.76117E+02  9.48623E+00   1.74455E+02  9.55294E+00   1.72875E+02  9.61696E+00   1.71379E+02  9.67806E+00   1.69970E+02  9.73606E+00   1.68650E+02  9.79072E+00   1.67419E+02  9.84187E+00   1.66280E+02  9.88931E+00   1.65234E+02  9.93285E+00   1.64283E+02  9.97231E+00   1.63428E+02  1.00075E+01   1.62671E+02  1.00384E+01   1.62012E+02  1.00647E+01   1.61453E+02  1.00864E+01   1.60994E+02  1.01034E+01   1.60636E+02  1.01156E+01   1.60381E+02  1.01229E+01   1.60227E+02  1.01254E+01   1.60176E+02  1.01229E+01   1.60227E+02  1.01156E+01   1.60381E+02  1.01034E+01   1.60636E+02  1.00864E+01   1.60994E+02  1.00647E+01   1.61453E+02  1.00384E+01   1.62012E+02  1.00075E+01   1.62671E+02  9.97231E+00   1.63428E+02  9.93285E+00   1.64283E+02  9.88931E+00   1.65234E+02  9.84187E+00   1.66280E+02  9.79072E+00   1.67419E+02  9.73606E+00   1.68650E+02  9.67806E+00   1.69970E+02  9.61696E+00   1.71379E+02  9.55294E+00   1.72875E+02  9.48623E+00   1.74455E+02  9.41703E+00   1.76117E+02  9.34554E+00   1.77861E+02  9.27199E+00   1.79683E+02  9.19655E+00   1.81581E+02  9.11944E+00   1.83555E+02  9.04084E+00   1.85601E+02  8.96094E+00   1.87718E+02  8.87991E+00   1.89903E+02  8.79793E+00   1.92155E+02  8.71516E+00   1.94472E+02  8.63175E+00   1.96852E+02  8.54785E+00   1.99292E+02  8.46361E+00   2.01792E+02  8.37915E+00   2.04349E+02  8.29458E+00   2.06961E+02  8.21003E+00   2.09626E+02  8.12559E+00   2.12344E+02  8.04137E+00   2.15112E+02  7.95745E+00   2.17928E+02  7.87392E+00   2.20791E+02  7.79084E+00   2.23699E+02  7.70827E+00   2.26651E+02  7.62629E+00   2.29646E+02 
 7.67274E+00   2.29248E+02  7.75620E+00   2.26253E+02  7.84028E+00   2.23299E+02  7.92492E+00   2.20390E+02  8.01005E+00   2.17526E+02  8.09561E+00   2.14709E+02  8.18151E+00   2.11940E+02  8.26765E+00   2.09222E+02  8.35397E+00   2.06556E+02  8.44032E+00   2.03943E+02  8.52661E+00   2.01386E+02  8.61271E+00   1.98887E+02  8.69849E+00   1.96446E+02  8.78381E+00   1.94066E+02  8.86851E+00   1.91749E+02  8.95243E+00   1.89497E+02  9.03542E+00   1.87312E+02  9.11729E+00   1.85195E+02  9.19786E+00   1.83150E+02  9.27694E+00   1.81177E+02  9.35433E+00   1.79279E+02  9.42984E+00   1.77457E+02  9.50324E+00   1.75715E+02  9.57433E+00   1.74053E+02  9.64288E+00   1.72474E+02  9.70869E+00   1.70979E+02  9.77154E+00   1.69571E+02  9.83120E+00   1.68251E+02  9.88747E+00   1.67021E+02  9.94013E+00   1.65883E+02  9.98898E+00   1.64838E+02  1.00338E+01   1.63887E+02  1.00745E+01   1.63033E+02  1.01108E+01   1.62276E+02  1.01426E+01   1.61618E+02  1.01698E+01   1.61059E+02  1.01922E+01   1.60601E+02  1.02097E+01   1.60244E+02  1.02223E+01   1.59988E+02  1.02298E+01   1.59835E+02  1.02323E+01   1.59784E+02  1.02298E+01   1.59835E+02  1.02223E+01   1.59988E+02  1.02097E+01   1.60244E+02  1.01922E+01   1.60601E+02  1.01698E+01   1.61059E+02  1.01426E+01   1.61618E+02  1.01108E+01   1.62276E+02  1.00745E+01   1.63033E+02  1.00338E+01   1.63887E+02  9.98898E+00   1.64838E+02  9.94013E+00   1.65883E+02  9.88746E+00   1.67021E+02  9.83120E+00   1.68251E+02  9.77154E+00   1.69571E+02  9.70870E+00   1.70979E+02  9.64288E+00   1.72474E+02  9.57433E+00   1.74053E+02  9.50324E+00   1.75715E+02  9.42984E+00   1.77457E+02  9.35434E+00   1.79279E+02  9.27694E+00   1.81177E+02  9.19787E+00   1.83150E+02  9.11729E+00   1.85196E+02  9.03542E+00   1.87312E+02  8.95243E+00   1.89497E+02  8.86851E+00   1.91749E+02  8.78380E+00   1.94066E+02  8.69849E+00   1.96446E+02  8.61271E+00   1.98887E+02  8.52661E+00   2.01386E+02  8.44032E+00   2.03943E+02  8.35397E+00   2.06556E+02  8.26766E+00   2.09222E+02  8.18151E+00   2.11940E+02  8.09561E+00   2.14709E+02  8.01005E+00   2.17526E+02  7.92492E+00   2.20390E+02  7.84028E+00   2.23299E+02  7.75620E+00   2.26253E+02  7.67275E+00   2.29248E+02 
 7.71336E+00   2.28904E+02  7.79811E+00   2.25907E+02  7.88353E+00   2.22953E+02  7.96953E+00   2.20042E+02  8.05607E+00   2.17177E+02  8.14307E+00   2.14360E+02  8.23045E+00   2.11591E+02  8.31811E+00   2.08872E+02  8.40597E+00   2.06205E+02  8.49390E+00   2.03592E+02  8.58180E+00   2.01035E+02  8.66954E+00   1.98535E+02  8.75698E+00   1.96094E+02  8.84398E+00   1.93714E+02  8.93038E+00   1.91397E+02  9.01603E+00   1.89145E+02  9.10074E+00   1.86960E+02  9.18435E+00   1.84844E+02  9.26667E+00   1.82798E+02  9.34749E+00   1.80826E+02  9.42661E+00   1.78928E+02  9.50383E+00   1.77107E+02  9.57893E+00   1.75365E+02  9.65169E+00   1.73704E+02  9.72188E+00   1.72125E+02  9.78928E+00   1.70631E+02  9.85367E+00   1.69224E+02  9.91482E+00   1.67905E+02  9.97250E+00   1.66675E+02  1.00265E+01   1.65538E+02  1.00766E+01   1.64493E+02  1.01226E+01   1.63544E+02  1.01644E+01   1.62690E+02  1.02016E+01   1.61934E+02  1.02343E+01   1.61276E+02  1.02622E+01   1.60718E+02  1.02852E+01   1.60260E+02  1.03032E+01   1.59903E+02  1.03161E+01   1.59647E+02  1.03238E+01   1.59494E+02  1.03264E+01   1.59443E+02  1.03238E+01   1.59494E+02  1.03161E+01   1.59647E+02  1.03032E+01   1.59903E+02  1.02852E+01   1.60260E+02  1.02622E+01   1.60718E+02  1.02343E+01   1.61276E+02  1.02016E+01   1.61934E+02  1.01644E+01   1.62690E+02  1.01226E+01   1.63544E+02  1.00766E+01   1.64493E+02  1.00265E+01   1.65538E+02  9.97249E+00   1.66675E+02  9.91482E+00   1.67905E+02  9.85367E+00   1.69224E+02  9.78929E+00   1.70631E+02  9.72188E+00   1.72125E+02  9.65169E+00   1.73704E+02  9.57893E+00   1.75365E+02  9.50383E+00   1.77107E+02  9.42662E+00   1.78928E+02  9.34749E+00   1.80826E+02  9.26667E+00   1.82798E+02  9.18435E+00   1.84844E+02  9.10075E+00   1.86960E+02  9.01603E+00   1.89145E+02  8.93038E+00   1.91397E+02  8.84397E+00   1.93714E+02  8.75698E+00   1.96094E+02  8.66953E+00   1.98535E+02  8.58180E+00   2.01035E+02  8.49390E+00   2.03592E+02  8.40597E+00   2.06205E+02  8.31812E+00   2.08872E+02  8.23045E+00   2.11591E+02  8.14307E+00   2.14360E+02  8.05607E+00   2.17177E+02  7.96953E+00   2.20042E+02  7.88352E+00   2.22953E+02  7.79811E+00   2.25907E+02  7.71336E+00   2.28904E+02 
 7.74799E+00   2.28612E+02  7.83385E+00   2.25614E+02  7.92041E+00   2.22659E+02  8.00759E+00   2.19748E+02  8.09533E+00   2.16882E+02  8.18357E+00   2.14064E+02  8.27221E+00   2.11294E+02  8.36118E+00   2.08575E+02  8.45036E+00   2.05908E+02  8.53965E+00   2.03294E+02  8.62893E+00   2.00737E+02  8.71807E+00   1.98236E+02  8.80694E+00   1.95795E+02  8.89538E+00   1.93416E+02  8.98325E+00   1.91099E+02  9.07038E+00   1.88847E+02  9.15659E+00   1.86662E+02  9.24169E+00   1.84546E+02  9.32551E+00   1.82501E+02  9.40782E+00   1.80529E+02  9.48844E+00   1.78631E+02  9.56714E+00   1.76811E+02  9.64370E+00   1.75069E+02  9.71789E+00   1.73408E+02  9.78950E+00   1.71830E+02  9.85827E+00   1.70337E+02  9.92399E+00   1.68930E+02  9.98641E+00   1.67611E+02  1.00453E+01   1.66382E+02  1.01005E+01   1.65245E+02  1.01517E+01   1.64201E+02  1.01987E+01   1.63252E+02  1.02413E+01   1.62399E+02  1.02794E+01   1.61643E+02  1.03128E+01   1.60986E+02  1.03413E+01   1.60428E+02  1.03649E+01   1.59970E+02  1.03833E+01   1.59613E+02  1.03965E+01   1.59358E+02  1.04044E+01   1.59204E+02  1.04071E+01   1.59153E+02  1.04044E+01   1.59204E+02  1.03965E+01   1.59358E+02  1.03833E+01   1.59613E+02  1.03649E+01   1.59970E+02  1.03413E+01   1.60428E+02  1.03128E+01   1.60986E+02  1.02794E+01   1.61643E+02  1.02413E+01   1.62399E+02  1.01987E+01   1.63252E+02  1.01517E+01   1.64201E+02  1.01005E+01   1.65245E+02  1.00453E+01   1.66382E+02  9.98641E+00   1.67611E+02  9.92399E+00   1.68930E+02  9.85827E+00   1.70337E+02  9.78950E+00   1.71830E+02  9.71789E+00   1.73408E+02  9.64370E+00   1.75069E+02  9.56714E+00   1.76811E+02  9.48844E+00   1.78631E+02  9.40783E+00   1.80529E+02  9.32551E+00   1.82501E+02  9.24169E+00   1.84546E+02  9.15659E+00   1.86662E+02  9.07038E+00   1.88847E+02  8.98325E+00   1.91099E+02  8.89538E+00   1.93416E+02  8.80694E+00   1.95795E+02  8.71807E+00   1.98236E+02  8.62893E+00   2.00737E+02  8.53965E+00   2.03294E+02  8.45036E+00   2.05908E+02  8.36118E+00   2.08575E+02  8.27222E+00   2.11294E+02  8.18357E+00   2.14064E+02  8.09533E+00   2.16882E+02  8.00759E+00   2.19748E+02  7.92040E+00   2.22659E+02  7.83386E+00   2.25614E+02  7.74799E+00   2.28612E+02 
 7.77650E+00   2.28373E+02  7.86329E+00   2.25375E+02  7.95078E+00   2.22419E+02  8.03894E+00   2.19507E+02  8.12767E+00   2.16641E+02  8.21694E+00   2.13822E+02  8.30663E+00   2.11052E+02  8.39667E+00   2.08332E+02  8.48695E+00   2.05664E+02  8.57736E+00   2.03051E+02  8.66779E+00   2.00493E+02  8.75809E+00   1.97992E+02  8.84814E+00   1.95551E+02  8.93779E+00   1.93171E+02  9.02687E+00   1.90854E+02  9.11522E+00   1.88603E+02  9.20267E+00   1.86418E+02  9.28901E+00   1.84302E+02  9.37407E+00   1.82257E+02  9.45763E+00   1.80285E+02  9.53949E+00   1.78388E+02  9.61941E+00   1.76568E+02  9.69719E+00   1.74827E+02  9.77258E+00   1.73166E+02  9.84535E+00   1.71588E+02  9.91527E+00   1.70095E+02  9.98208E+00   1.68689E+02  1.00456E+01   1.67370E+02  1.01055E+01   1.66142E+02  1.01616E+01   1.65005E+02  1.02137E+01   1.63962E+02  1.02616E+01   1.63013E+02  1.03050E+01   1.62160E+02  1.03438E+01   1.61405E+02  1.03778E+01   1.60747E+02  1.04068E+01   1.60190E+02  1.04308E+01   1.59732E+02  1.04495E+01   1.59376E+02  1.04630E+01   1.59120E+02  1.04711E+01   1.58967E+02  1.04738E+01   1.58916E+02  1.04711E+01   1.58967E+02  1.04630E+01   1.59120E+02  1.04495E+01   1.59376E+02  1.04308E+01   1.59732E+02  1.04068E+01   1.60190E+02  1.03778E+01   1.60747E+02  1.03438E+01   1.61405E+02  1.03050E+01   1.62160E+02  1.02616E+01   1.63013E+02  1.02137E+01   1.63962E+02  1.01616E+01   1.65005E+02  1.01055E+01   1.66142E+02  1.00456E+01   1.67370E+02  9.98209E+00   1.68689E+02  9.91527E+00   1.70095E+02  9.84535E+00   1.71588E+02  9.77258E+00   1.73166E+02  9.69719E+00   1.74827E+02  9.61941E+00   1.76568E+02  9.53949E+00   1.78388E+02  9.45763E+00   1.80285E+02  9.37407E+00   1.82257E+02  9.28901E+00   1.84302E+02  9.20267E+00   1.86418E+02  9.11522E+00   1.88603E+02  9.02687E+00   1.90854E+02  8.93778E+00   1.93171E+02  8.84814E+00   1.95551E+02  8.75809E+00   1.97992E+02  8.66778E+00   2.00493E+02  8.57736E+00   2.03051E+02  8.48695E+00   2.05664E+02  8.39668E+00   2.08332E+02  8.30663E+00   2.11052E+02  8.21694E+00   2.13822E+02  8.12768E+00   2.16641E+02  8.03893E+00   2.19507E+02  7.95078E+00   2.22419E+02  7.86329E+00   2.25375E+02  7.77650E+00   2.28373E+02 
 7.79879E+00   2.28187E+02  7.88630E+00   2.25188E+02  7.97454E+00   2.22232E+02  8.06345E+00   2.19319E+02  8.15297E+00   2.16453E+02  8.24304E+00   2.13633E+02  8.33356E+00   2.10863E+02  8.42443E+00   2.08143E+02  8.51558E+00   2.05475E+02  8.60687E+00   2.02861E+02  8.69819E+00   2.00303E+02  8.78941E+00   1.97802E+02  8.88039E+00   1.95361E+02  8.97098E+00   1.92981E+02  9.06102E+00   1.90664E+02  9.15033E+00   1.88413E+02  9.23875E+00   1.86228E+02  9.32607E+00   1.84112E+02  9.41211E+00   1.82067E+02  9.49665E+00   1.80095E+02  9.57948E+00   1.78199E+02  9.66037E+00   1.76379E+02  9.73910E+00   1.74638E+02  9.81543E+00   1.72977E+02  9.88913E+00   1.71400E+02  9.95994E+00   1.69907E+02  1.00276E+01   1.68501E+02  1.00920E+01   1.67183E+02  1.01527E+01   1.65955E+02  1.02095E+01   1.64819E+02  1.02624E+01   1.63775E+02  1.03109E+01   1.62827E+02  1.03549E+01   1.61974E+02  1.03942E+01   1.61219E+02  1.04287E+01   1.60562E+02  1.04582E+01   1.60004E+02  1.04824E+01   1.59547E+02  1.05015E+01   1.59190E+02  1.05151E+01   1.58935E+02  1.05233E+01   1.58782E+02  1.05261E+01   1.58731E+02  1.05233E+01   1.58782E+02  1.05151E+01   1.58935E+02  1.05015E+01   1.59190E+02  1.04825E+01   1.59547E+02  1.04582E+01   1.60004E+02  1.04287E+01   1.60562E+02  1.03942E+01   1.61219E+02  1.03549E+01   1.61974E+02  1.03109E+01   1.62827E+02  1.02624E+01   1.63775E+02  1.02095E+01   1.64819E+02  1.01527E+01   1.65955E+02  1.00920E+01   1.67183E+02  1.00276E+01   1.68501E+02  9.95994E+00   1.69907E+02  9.88913E+00   1.71400E+02  9.81543E+00   1.72977E+02  9.73910E+00   1.74638E+02  9.66037E+00   1.76379E+02  9.57948E+00   1.78199E+02  9.49665E+00   1.80095E+02  9.41211E+00   1.82067E+02  9.32607E+00   1.84112E+02  9.23875E+00   1.86228E+02  9.15033E+00   1.88413E+02  9.06102E+00   1.90664E+02  8.97097E+00   1.92981E+02  8.88039E+00   1.95361E+02  8.78941E+00   1.97802E+02  8.69819E+00   2.00303E+02  8.60687E+00   2.02861E+02  8.51558E+00   2.05475E+02  8.42444E+00   2.08143E+02  8.33356E+00   2.10863E+02  8.24304E+00   2.13634E+02  8.15297E+00   2.16453E+02  8.06345E+00   2.19319E+02  7.97453E+00   2.22232E+02  7.88630E+00   2.25188E+02  7.79880E+00   2.28187E+02 
 7.81477E+00   2.28054E+02  7.90280E+00   2.25055E+02  7.99157E+00   2.22098E+02  8.08103E+00   2.19186E+02  8.17111E+00   2.16319E+02  8.26176E+00   2.13499E+02  8.35287E+00   2.10728E+02  8.44435E+00   2.08008E+02  8.53612E+00   2.05340E+02  8.62805E+00   2.02726E+02  8.72001E+00   2.00167E+02  8.81189E+00   1.97667E+02  8.90354E+00   1.95225E+02  8.99481E+00   1.92845E+02  9.08553E+00   1.90528E+02  9.17554E+00   1.88277E+02  9.26466E+00   1.86092E+02  9.35268E+00   1.83976E+02  9.43943E+00   1.81932E+02  9.52467E+00   1.79960E+02  9.60820E+00   1.78063E+02  9.68979E+00   1.76243E+02  9.76921E+00   1.74503E+02  9.84621E+00   1.72843E+02  9.92057E+00   1.71265E+02  9.99203E+00   1.69773E+02  1.00603E+01   1.68367E+02  1.01253E+01   1.67049E+02  1.01866E+01   1.65821E+02  1.02440E+01   1.64685E+02  1.02973E+01   1.63642E+02  1.03463E+01   1.62694E+02  1.03908E+01   1.61841E+02  1.04305E+01   1.61086E+02  1.04653E+01   1.60429E+02  1.04951E+01   1.59872E+02  1.05196E+01   1.59414E+02  1.05388E+01   1.59058E+02  1.05526E+01   1.58803E+02  1.05609E+01   1.58650E+02  1.05637E+01   1.58599E+02  1.05609E+01   1.58650E+02  1.05526E+01   1.58803E+02  1.05388E+01   1.59058E+02  1.05196E+01   1.59414E+02  1.04951E+01   1.59872E+02  1.04653E+01   1.60429E+02  1.04305E+01   1.61086E+02  1.03908E+01   1.61841E+02  1.03463E+01   1.62694E+02  1.02973E+01   1.63642E+02  1.02440E+01   1.64685E+02  1.01866E+01   1.65821E+02  1.01253E+01   1.67049E+02  1.00604E+01   1.68367E+02  9.99203E+00   1.69773E+02  9.92057E+00   1.71265E+02  9.84621E+00   1.72843E+02  9.76921E+00   1.74503E+02  9.68979E+00   1.76243E+02  9.60820E+00   1.78063E+02  9.52467E+00   1.79960E+02  9.43943E+00   1.81932E+02  9.35268E+00   1.83976E+02  9.26466E+00   1.86092E+02  9.17554E+00   1.88277E+02  9.08553E+00   1.90528E+02  8.99480E+00   1.92845E+02  8.90354E+00   1.95225E+02  8.81189E+00   1.97667E+02  8.72001E+00   2.00167E+02  8.62804E+00   2.02726E+02  8.53612E+00   2.05340E+02  8.44436E+00   2.08008E+02  8.35287E+00   2.10728E+02  8.26176E+00   2.13499E+02  8.17111E+00   2.16319E+02  8.08103E+00   2.19186E+02  7.99156E+00   2.22098E+02  7.90280E+00   2.25055E+02  7.81478E+00   2.28054E+02 
 7.82439E+00   2.27975E+02  7.91272E+00   2.24975E+02  8.00181E+00   2.22018E+02  8.09161E+00   2.19105E+02  8.18203E+00   2.16238E+02  8.27302E+00   2.13418E+02  8.36449E+00   2.10647E+02  8.45634E+00   2.07927E+02  8.54848E+00   2.05259E+02  8.64079E+00   2.02644E+02  8.73315E+00   2.00086E+02  8.82542E+00   1.97585E+02  8.91747E+00   1.95144E+02  9.00915E+00   1.92764E+02  9.10029E+00   1.90447E+02  9.19071E+00   1.88195E+02  9.28025E+00   1.86010E+02  9.36870E+00   1.83895E+02  9.45587E+00   1.81850E+02  9.54154E+00   1.79879E+02  9.62549E+00   1.77982E+02  9.70750E+00   1.76162E+02  9.78734E+00   1.74422E+02  9.86475E+00   1.72762E+02  9.93952E+00   1.71185E+02  1.00114E+01   1.69692E+02  1.00801E+01   1.68286E+02  1.01454E+01   1.66968E+02  1.02070E+01   1.65741E+02  1.02648E+01   1.64605E+02  1.03184E+01   1.63562E+02  1.03677E+01   1.62614E+02  1.04124E+01   1.61761E+02  1.04524E+01   1.61006E+02  1.04874E+01   1.60349E+02  1.05173E+01   1.59792E+02  1.05420E+01   1.59335E+02  1.05613E+01   1.58978E+02  1.05752E+01   1.58723E+02  1.05836E+01   1.58570E+02  1.05863E+01   1.58519E+02  1.05836E+01   1.58570E+02  1.05752E+01   1.58723E+02  1.05613E+01   1.58978E+02  1.05420E+01   1.59335E+02  1.05173E+01   1.59792E+02  1.04874E+01   1.60349E+02  1.04524E+01   1.61006E+02  1.04124E+01   1.61761E+02  1.03677E+01   1.62614E+02  1.03184E+01   1.63562E+02  1.02648E+01   1.64605E+02  1.02070E+01   1.65741E+02  1.01454E+01   1.66968E+02  1.00801E+01   1.68286E+02  1.00114E+01   1.69692E+02  9.93951E+00   1.71185E+02  9.86475E+00   1.72762E+02  9.78734E+00   1.74422E+02  9.70750E+00   1.76162E+02  9.62549E+00   1.77982E+02  9.54154E+00   1.79879E+02  9.45587E+00   1.81850E+02  9.36870E+00   1.83895E+02  9.28026E+00   1.86010E+02  9.19071E+00   1.88195E+02  9.10029E+00   1.90447E+02  9.00914E+00   1.92764E+02  8.91747E+00   1.95144E+02  8.82542E+00   1.97585E+02  8.73314E+00   2.00086E+02  8.64079E+00   2.02644E+02  8.54848E+00   2.05259E+02  8.45634E+00   2.07927E+02  8.36449E+00   2.10647E+02  8.27302E+00   2.13418E+02  8.18203E+00   2.16238E+02  8.09160E+00   2.19105E+02  8.00181E+00   2.22018E+02  7.91273E+00   2.24975E+02  7.82439E+00   2.27975E+02 
 7.82760E+00   2.27948E+02  7.91604E+00   2.24948E+02  8.00523E+00   2.21991E+02  8.09514E+00   2.19078E+02  8.18567E+00   2.16211E+02  8.27678E+00   2.13391E+02  8.36837E+00   2.10620E+02  8.46034E+00   2.07900E+02  8.55261E+00   2.05231E+02  8.64504E+00   2.02617E+02  8.73753E+00   2.00059E+02  8.82994E+00   1.97558E+02  8.92212E+00   1.95117E+02  9.01393E+00   1.92737E+02  9.10521E+00   1.90420E+02  9.19578E+00   1.88168E+02  9.28546E+00   1.85983E+02  9.37405E+00   1.83868E+02  9.46136E+00   1.81823E+02  9.54717E+00   1.79852E+02  9.63127E+00   1.77955E+02  9.71342E+00   1.76135E+02  9.79339E+00   1.74395E+02  9.87095E+00   1.72735E+02  9.94584E+00   1.71158E+02  1.00178E+01   1.69665E+02  1.00866E+01   1.68259E+02  1.01521E+01   1.66942E+02  1.02138E+01   1.65714E+02  1.02717E+01   1.64578E+02  1.03254E+01   1.63535E+02  1.03748E+01   1.62587E+02  1.04196E+01   1.61735E+02  1.04597E+01   1.60980E+02  1.04948E+01   1.60323E+02  1.05247E+01   1.59765E+02  1.05495E+01   1.59308E+02  1.05689E+01   1.58952E+02  1.05827E+01   1.58697E+02  1.05911E+01   1.58544E+02  1.05939E+01   1.58493E+02  1.05911E+01   1.58544E+02  1.05827E+01   1.58697E+02  1.05689E+01   1.58952E+02  1.05495E+01   1.59308E+02  1.05247E+01   1.59765E+02  1.04948E+01   1.60323E+02  1.04597E+01   1.60980E+02  1.04196E+01   1.61735E+02  1.03748E+01   1.62587E+02  1.03254E+01   1.63535E+02  1.02717E+01   1.64578E+02  1.02138E+01   1.65714E+02  1.01521E+01   1.66942E+02  1.00866E+01   1.68259E+02  1.00178E+01   1.69665E+02  9.94584E+00   1.71158E+02  9.87095E+00   1.72735E+02  9.79339E+00   1.74395E+02  9.71342E+00   1.76135E+02  9.63127E+00   1.77955E+02  9.54717E+00   1.79852E+02  9.46136E+00   1.81823E+02  9.37405E+00   1.83868E+02  9.28546E+00   1.85983E+02  9.19578E+00   1.88168E+02  9.10521E+00   1.90420E+02  9.01393E+00   1.92737E+02  8.92212E+00   1.95117E+02  8.82993E+00   1.97558E+02  8.73753E+00   2.00059E+02  8.64504E+00   2.02617E+02  8.55261E+00   2.05231E+02  8.46035E+00   2.07900E+02  8.36837E+00   2.10620E+02  8.27678E+00   2.13391E+02  8.18567E+00   2.16211E+02  8.09513E+00   2.19078E+02  8.00523E+00   2.21991E+02  7.91604E+00   2.24948E+02  7.82760E+00   2.27948E+02 
 7.82439E+00   2.27975E+02  7.91272E+00   2.24975E+02  8.00181E+00   2.22018E+02  8.09161E+00   2.19105E+02  8.18203E+00   2.16238E+02  8.27302E+00   2.13418E+02  8.36449E+00   2.10647E+02  8.45634E+00   2.07927E+02  8.54848E+00   2.05259E+02  8.64079E+00   2.02644E+02  8.73315E+00   2.00086E+02  8.82542E+00   1.97585E+02  8.91747E+00   1.95144E+02  9.00915E+00   1.92764E+02  9.10029E+00   1.90447E+02  9.19071E+00   1.88195E+02  9.28025E+00   1.86010E+02  9.36870E+00   1.83895E+02  9.45587E+00   1.81850E+02  9.54154E+00   1.79879E+02  9.62549E+00   1.77982E+02  9.70750E+00   1.76162E+02  9.78734E+00   1.74422E+02  9.86476E+00   1.72762E+02  9.93952E+00   1.71185E+02  1.00114E+01   1.69692E+02  1.00801E+01   1.68286E+02  1.01454E+01   1.66968E+02  1.02070E+01   1.65741E+02  1.02648E+01   1.64605E+02  1.03184E+01   1.63562E+02  1.03677E+01   1.62614E+02  1.04124E+01   1.61761E+02  1.04524E+01   1.61006E+02  1.04874E+01   1.60349E+02  1.05173E+01   1.59792E+02  1.05420E+01   1.59335E+02  1.05613E+01   1.58978E+02  1.05752E+01   1.58723E+02  1.05836E+01   1.58570E+02  1.05863E+01   1.58519E+02  1.05836E+01   1.58570E+02  1.05752E+01   1.58723E+02  1.05613E+01   1.58978E+02  1.05420E+01   1.59335E+02  1.05173E+01   1.59792E+02  1.04874E+01   1.60349E+02  1.04524E+01   1.61006E+02  1.04124E+01   1.61761E+02  1.03677E+01   1.62614E+02  1.03184E+01   1.63562E+02  1.02648E+01   1.64605E+02  1.02070E+01   1.65741E+02  1.01454E+01   1.66968E+02  1.00801E+01   1.68286E+02  1.00114E+01   1.69692E+02  9.93951E+00   1.71185E+02  9.86475E+00   1.72762E+02  9.78734E+00   1.74422E+02  9.70751E+00   1.76162E+02  9.62549E+00   1.77982E+02  9.54154E+00   1.79879E+02  9.45587E+00   1.81850E+02  9.36870E+00   1.83895E+02  9.28026E+00   1.86010E+02  9.19071E+00   1.88195E+02  9.10029E+00   1.90447E+02  9.00914E+00   1.92764E+02  8.91747E+00   1.95144E+02  8.82542E+00   1.97585E+02  8.73314E+00   2.00086E+02  8.64079E+00   2.02644E+02  8.54848E+00   2.05259E+02  8.45634E+00   2.07927E+02  8.36449E+00   2.10647E+02  8.27302E+00   2.13418E+02  8.18203E+00   2.16238E+02  8.09160E+00   2.19105E+02  8.00181E+00   2.22018E+02  7.91272E+00   2.24975E+02  7.82439E+00   2.27975E+02 
 7.81477E+00   2.28054E+02  7.90280E+00   2.25055E+02  7.99156E+00   2.22098E+02  8.08103E+00   2.19186E+02  8.17111E+00   2.16319E+02  8.26176E+00   2.13499E+02  8.35287E+00   2.10728E+02  8.44435E+00   2.08008E+02  8.53612E+00   2.05340E+02  8.62805E+00   2.02726E+02  8.72001E+00   2.00167E+02  8.81189E+00   1.97667E+02  8.90354E+00   1.95225E+02  8.99480E+00   1.92845E+02  9.08553E+00   1.90528E+02  9.17554E+00   1.88277E+02  9.26465E+00   1.86092E+02  9.35268E+00   1.83976E+02  9.43942E+00   1.81932E+02  9.52467E+00   1.79960E+02  9.60820E+00   1.78063E+02  9.68979E+00   1.76243E+02  9.76921E+00   1.74503E+02  9.84622E+00   1.72843E+02  9.92058E+00   1.71265E+02  9.99203E+00   1.69773E+02  1.00604E+01   1.68367E+02  1.01253E+01   1.67049E+02  1.01866E+01   1.65821E+02  1.02440E+01   1.64685E+02  1.02973E+01   1.63642E+02  1.03463E+01   1.62694E+02  1.03908E+01   1.61841E+02  1.04305E+01   1.61086E+02  1.04653E+01   1.60429E+02  1.04951E+01   1.59872E+02  1.05196E+01   1.59414E+02  1.05388E+01   1.59058E+02  1.05526E+01   1.58803E+02  1.05609E+01   1.58650E+02  1.05637E+01   1.58599E+02  1.05609E+01   1.58650E+02  1.05526E+01   1.58803E+02  1.05388E+01   1.59058E+02  1.05196E+01   1.59414E+02  1.04951E+01   1.59872E+02  1.04653E+01   1.60429E+02  1.04305E+01   1.61086E+02  1.03908E+01   1.61841E+02  1.03463E+01   1.62694E+02  1.02973E+01   1.63642E+02  1.02440E+01   1.64685E+02  1.01866E+01   1.65821E+02  1.01253E+01   1.67049E+02  1.00604E+01   1.68367E+02  9.99203E+00   1.69773E+02  9.92057E+00   1.71265E+02  9.84622E+00   1.72843E+02  9.76921E+00   1.74503E+02  9.68979E+00   1.76243E+02  9.60820E+00   1.78063E+02  9.52467E+00   1.79960E+02  9.43942E+00   1.81932E+02  9.35268E+00   1.83976E+02  9.26466E+00   1.86092E+02  9.17553E+00   1.88277E+02  9.08553E+00   1.90528E+02  8.99480E+00   1.92845E+02  8.90354E+00   1.95225E+02  8.81189E+00   1.97667E+02  8.72001E+00   2.00167E+02  8.62804E+00   2.02726E+02  8.53612E+00   2.05340E+02  8.44436E+00   2.08008E+02  8.35287E+00   2.10728E+02  8.26176E+00   2.13499E+02  8.17111E+00   2.16319E+02  8.08103E+00   2.19186E+02  7.99156E+00   2.22098E+02  7.90280E+00   2.25055E+02  7.81478E+00   2.28054E+02 
 7.79879E+00   2.28187E+02  7.88630E+00   2.25188E+02  7.97453E+00   2.22232E+02  8.06345E+00   2.19319E+02  8.15297E+00   2.16453E+02  8.24304E+00   2.13633E+02  8.33356E+00   2.10863E+02  8.42443E+00   2.08143E+02  8.51558E+00   2.05475E+02  8.60687E+00   2.02861E+02  8.69819E+00   2.00303E+02  8.78941E+00   1.97802E+02  8.88039E+00   1.95361E+02  8.97098E+00   1.92981E+02  9.06102E+00   1.90664E+02  9.15033E+00   1.88413E+02  9.23875E+00   1.86228E+02  9.32607E+00   1.84112E+02  9.41211E+00   1.82067E+02  9.49665E+00   1.80095E+02  9.57948E+00   1.78199E+02  9.66037E+00   1.76379E+02  9.73911E+00   1.74638E+02  9.81543E+00   1.72977E+02  9.88913E+00   1.71400E+02  9.95994E+00   1.69907E+02  1.00276E+01   1.68501E+02  1.00920E+01   1.67183E+02  1.01527E+01   1.65955E+02  1.02095E+01   1.64819E+02  1.02623E+01   1.63775E+02  1.03109E+01   1.62827E+02  1.03549E+01   1.61974E+02  1.03942E+01   1.61219E+02  1.04287E+01   1.60562E+02  1.04582E+01   1.60004E+02  1.04824E+01   1.59547E+02  1.05015E+01   1.59190E+02  1.05151E+01   1.58935E+02  1.05233E+01   1.58782E+02  1.05261E+01   1.58731E+02  1.05233E+01   1.58782E+02  1.05151E+01   1.58935E+02  1.05015E+01   1.59190E+02  1.04825E+01   1.59547E+02  1.04582E+01   1.60004E+02  1.04287E+01   1.60562E+02  1.03942E+01   1.61219E+02  1.03549E+01   1.61974E+02  1.03109E+01   1.62827E+02  1.02624E+01   1.63775E+02  1.02095E+01   1.64819E+02  1.01527E+01   1.65955E+02  1.00920E+01   1.67183E+02  1.00276E+01   1.68501E+02  9.95994E+00   1.69907E+02  9.88912E+00   1.71400E+02  9.81543E+00   1.72977E+02  9.73910E+00   1.74638E+02  9.66037E+00   1.76379E+02  9.57947E+00   1.78199E+02  9.49665E+00   1.80095E+02  9.41211E+00   1.82067E+02  9.32607E+00   1.84112E+02  9.23875E+00   1.86228E+02  9.15033E+00   1.88413E+02  9.06102E+00   1.90664E+02  8.97098E+00   1.92981E+02  8.88039E+00   1.95361E+02  8.78941E+00   1.97802E+02  8.69819E+00   2.00303E+02  8.60687E+00   2.02861E+02  8.51558E+00   2.05475E+02  8.42444E+00   2.08143E+02  8.33356E+00   2.10863E+02  8.24304E+00   2.13634E+02  8.15297E+00   2.16453E+02  8.06345E+00   2.19319E+02  7.97453E+00   2.22232E+02  7.88630E+00   2.25188E+02  7.79879E+00   2.28187E+02 
 7.77650E+00   2.28373E+02  7.86329E+00   2.25375E+02  7.95078E+00   2.22419E+02  8.03893E+00   2.19507E+02  8.12767E+00   2.16641E+02  8.21694E+00   2.13822E+02  8.30664E+00   2.11052E+02  8.39667E+00   2.08332E+02  8.48695E+00   2.05664E+02  8.57736E+00   2.03051E+02  8.66778E+00   2.00493E+02  8.75809E+00   1.97992E+02  8.84814E+00   1.95551E+02  8.93779E+00   1.93171E+02  9.02687E+00   1.90854E+02  9.11522E+00   1.88603E+02  9.20266E+00   1.86418E+02  9.28901E+00   1.84302E+02  9.37407E+00   1.82257E+02  9.45763E+00   1.80285E+02  9.53949E+00   1.78388E+02  9.61942E+00   1.76568E+02  9.69719E+00   1.74827E+02  9.77258E+00   1.73166E+02  9.84535E+00   1.71588E+02  9.91527E+00   1.70095E+02  9.98208E+00   1.68689E+02  1.00456E+01   1.67370E+02  1.01055E+01   1.66142E+02  1.01616E+01   1.65005E+02  1.02137E+01   1.63962E+02  1.02616E+01   1.63013E+02  1.03050E+01   1.62160E+02  1.03438E+01   1.61405E+02  1.03778E+01   1.60747E+02  1.04068E+01   1.60190E+02  1.04308E+01   1.59732E+02  1.04495E+01   1.59375E+02  1.04630E+01   1.59120E+02  1.04711E+01   1.58967E+02  1.04738E+01   1.58916E+02  1.04711E+01   1.58967E+02  1.04630E+01   1.59120E+02  1.04495E+01   1.59376E+02  1.04308E+01   1.59732E+02  1.04068E+01   1.60190E+02  1.03778E+01   1.60747E+02  1.03438E+01   1.61405E+02  1.03050E+01   1.62160E+02  1.02616E+01   1.63013E+02  1.02137E+01   1.63962E+02  1.01616E+01   1.65005E+02  1.01055E+01   1.66142E+02  1.00456E+01   1.67370E+02  9.98208E+00   1.68689E+02  9.91527E+00   1.70095E+02  9.84535E+00   1.71588E+02  9.77258E+00   1.73166E+02  9.69719E+00   1.74827E+02  9.61942E+00   1.76568E+02  9.53948E+00   1.78388E+02  9.45763E+00   1.80285E+02  9.37407E+00   1.82257E+02  9.28901E+00   1.84302E+02  9.20267E+00   1.86418E+02  9.11521E+00   1.88603E+02  9.02687E+00   1.90854E+02  8.93778E+00   1.93171E+02  8.84814E+00   1.95551E+02  8.75809E+00   1.97992E+02  8.66778E+00   2.00493E+02  8.57736E+00   2.03051E+02  8.48695E+00   2.05664E+02  8.39667E+00   2.08332E+02  8.30664E+00   2.11052E+02  8.21694E+00   2.13822E+02  8.12767E+00   2.16641E+02  8.03893E+00   2.19507E+02  7.95078E+00   2.22419E+02  7.86329E+00   2.25375E+02  7.77650E+00   2.28373E+02 
 7.74799E+00   2.28612E+02  7.83385E+00   2.25614E+02  7.92040E+00   2.22659E+02  8.00759E+00   2.19748E+02  8.09533E+00   2.16882E+02  8.18357E+00   2.14064E+02  8.27222E+00   2.11294E+02  8.36117E+00   2.08575E+02  8.45036E+00   2.05908E+02  8.53965E+00   2.03294E+02  8.62893E+00   2.00737E+02  8.71807E+00   1.98236E+02  8.80694E+00   1.95795E+02  8.89538E+00   1.93416E+02  8.98325E+00   1.91099E+02  9.07038E+00   1.88847E+02  9.15658E+00   1.86662E+02  9.24169E+00   1.84546E+02  9.32551E+00   1.82501E+02  9.40782E+00   1.80529E+02  9.48844E+00   1.78631E+02  9.56714E+00   1.76811E+02  9.64370E+00   1.75069E+02  9.71790E+00   1.73408E+02  9.78950E+00   1.71830E+02  9.85827E+00   1.70337E+02  9.92399E+00   1.68930E+02  9.98641E+00   1.67611E+02  1.00453E+01   1.66382E+02  1.01005E+01   1.65245E+02  1.01517E+01   1.64201E+02  1.01987E+01   1.63252E+02  1.02413E+01   1.62399E+02  1.02794E+01   1.61643E+02  1.03128E+01   1.60986E+02  1.03413E+01   1.60428E+02  1.03649E+01   1.59970E+02  1.03833E+01   1.59613E+02  1.03965E+01   1.59358E+02  1.04044E+01   1.59204E+02  1.04071E+01   1.59153E+02  1.04044E+01   1.59204E+02  1.03965E+01   1.59358E+02  1.03833E+01   1.59613E+02  1.03649E+01   1.59970E+02  1.03413E+01   1.60428E+02  1.03128E+01   1.60986E+02  1.02794E+01   1.61643E+02  1.02413E+01   1.62399E+02  1.01987E+01   1.63252E+02  1.01517E+01   1.64201E+02  1.01005E+01   1.65245E+02  1.00453E+01   1.66382E+02  9.98641E+00   1.67611E+02  9.92399E+00   1.68930E+02  9.85827E+00   1.70337E+02  9.78950E+00   1.71830E+02  9.71790E+00   1.73408E+02  9.64370E+00   1.75069E+02  9.56714E+00   1.76811E+02  9.48844E+00   1.78631E+02  9.40783E+00   1.80529E+02  9.32551E+00   1.82501E+02  9.24169E+00   1.84546E+02  9.15659E+00   1.86662E+02  9.07037E+00   1.88847E+02  8.98325E+00   1.91099E+02  8.89538E+00   1.93416E+02  8.80694E+00   1.95795E+02  8.71807E+00   1.98236E+02  8.62893E+00   2.00737E+02  8.53965E+00   2.03294E+02  8.45036E+00   2.05908E+02  8.36118E+00   2.08575E+02  8.27222E+00   2.11294E+02  8.18357E+00   2.14064E+02  8.09533E+00   2.16882E+02  8.00759E+00   2.19748E+02  7.92041E+00   2.22659E+02  7.83386E+00   2.25614E+02  7.74799E+00   2.28612E+02 
 7.71336E+00   2.28904E+02  7.79811E+00   2.25907E+02  7.88352E+00   2.22953E+02  7.96953E+00   2.20042E+02  8.05607E+00   2.17177E+02  8.14307E+00   2.14360E+02  8.23045E+00   2.11591E+02  8.31811E+00   2.08872E+02  8.40597E+00   2.06205E+02  8.49390E+00   2.03592E+02  8.58180E+00   2.01035E+02  8.66954E+00   1.98535E+02  8.75698E+00   1.96094E+02  8.84397E+00   1.93714E+02  8.93038E+00   1.91397E+02  9.01602E+00   1.89145E+02  9.10074E+00   1.86960E+02  9.18435E+00   1.84844E+02  9.26667E+00   1.82798E+02  9.34749E+00   1.80826E+02  9.42661E+00   1.78928E+02  9.50383E+00   1.77107E+02  9.57893E+00   1.75365E+02  9.65169E+00   1.73704E+02  9.72189E+00   1.72125E+02  9.78929E+00   1.70631E+02  9.85367E+00   1.69224E+02  9.91482E+00   1.67905E+02  9.97249E+00   1.66675E+02  1.00265E+01   1.65538E+02  1.00766E+01   1.64493E+02  1.01226E+01   1.63544E+02  1.01643E+01   1.62690E+02  1.02016E+01   1.61934E+02  1.02343E+01   1.61276E+02  1.02622E+01   1.60718E+02  1.02852E+01   1.60260E+02  1.03032E+01   1.59903E+02  1.03161E+01   1.59647E+02  1.03238E+01   1.59494E+02  1.03264E+01   1.59443E+02  1.03238E+01   1.59494E+02  1.03161E+01   1.59647E+02  1.03032E+01   1.59903E+02  1.02852E+01   1.60260E+02  1.02622E+01   1.60718E+02  1.02343E+01   1.61276E+02  1.02016E+01   1.61934E+02  1.01644E+01   1.62690E+02  1.01226E+01   1.63544E+02  1.00766E+01   1.64493E+02  1.00265E+01   1.65538E+02  9.97250E+00   1.66675E+02  9.91482E+00   1.67905E+02  9.85367E+00   1.69224E+02  9.78929E+00   1.70631E+02  9.72188E+00   1.72125E+02  9.65169E+00   1.73704E+02  9.57893E+00   1.75365E+02  9.50384E+00   1.77107E+02  9.42661E+00   1.78928E+02  9.34749E+00   1.80826E+02  9.26667E+00   1.82798E+02  9.18435E+00   1.84844E+02  9.10075E+00   1.86960E+02  9.01602E+00   1.89145E+02  8.93038E+00   1.91397E+02  8.84397E+00   1.93714E+02  8.75697E+00   1.96094E+02  8.66954E+00   1.98535E+02  8.58180E+00   2.01035E+02  8.49390E+00   2.03592E+02  8.40597E+00   2.06205E+02  8.31811E+00   2.08872E+02  8.23045E+00   2.11591E+02  8.14307E+00   2.14360E+02  8.05607E+00   2.17177E+02  7.96953E+00   2.20042E+02  7.88352E+00   2.22953E+02  7.79811E+00   2.25907E+02  7.71336E+00   2.28904E+02 
 7.67275E+00   2.29248E+02  7.75620E+00   2.26253E+02  7.84027E+00   2.23299E+02  7.92492E+00   2.20390E+02  8.01005E+00   2.17526E+02  8.09560E+00   2.14709E+02  8.18151E+00   2.11940E+02  8.26766E+00   2.09222E+02  8.35397E+00   2.06556E+02  8.44032E+00   2.03943E+02  8.52661E+00   2.01386E+02  8.61271E+00   1.98887E+02  8.69849E+00   1.96446E+02  8.78381E+00   1.94066E+02  8.86851E+00   1.91749E+02  8.95243E+00   1.89497E+02  9.03542E+00   1.87312E+02  9.11729E+00   1.85196E+02  9.19786E+00   1.83150E+02  9.27694E+00   1.81177E+02  9.35433E+00   1.79279E+02  9.42984E+00   1.77457E+02  9.50324E+00   1.75715E+02  9.57433E+00   1.74053E+02  9.64289E+00   1.72474E+02  9.70870E+00   1.70979E+02  9.77154E+00   1.69571E+02  9.83121E+00   1.68251E+02  9.88746E+00   1.67021E+02  9.94013E+00   1.65883E+02  9.98897E+00   1.64838E+02  1.00338E+01   1.63887E+02  1.00745E+01   1.63033E+02  1.01108E+01   1.62276E+02  1.01426E+01   1.61618E+02  1.01698E+01   1.61059E+02  1.01922E+01   1.60601E+02  1.02097E+01   1.60244E+02  1.02223E+01   1.59988E+02  1.02298E+01   1.59835E+02  1.02323E+01   1.59784E+02  1.02298E+01   1.59835E+02  1.02223E+01   1.59988E+02  1.02097E+01   1.60244E+02  1.01922E+01   1.60601E+02  1.01698E+01   1.61059E+02  1.01426E+01   1.61618E+02  1.01108E+01   1.62276E+02  1.00745E+01   1.63033E+02  1.00338E+01   1.63887E+02  9.98898E+00   1.64838E+02  9.94013E+00   1.65883E+02  9.88747E+00   1.67021E+02  9.83121E+00   1.68251E+02  9.77154E+00   1.69571E+02  9.70870E+00   1.70979E+02  9.64288E+00   1.72474E+02  9.57433E+00   1.74053E+02  9.50323E+00   1.75715E+02  9.42984E+00   1.77457E+02  9.35433E+00   1.79279E+02  9.27694E+00   1.81177E+02  9.19786E+00   1.83150E+02  9.11729E+00   1.85196E+02  9.03542E+00   1.87312E+02  8.95243E+00   1.89497E+02  8.86851E+00   1.91749E+02  8.78380E+00   1.94066E+02  8.69849E+00   1.96446E+02  8.61271E+00   1.98887E+02  8.52661E+00   2.01386E+02  8.44032E+00   2.03943E+02  8.35397E+00   2.06556E+02  8.26766E+00   2.09222E+02  8.18151E+00   2.11940E+02  8.09561E+00   2.14709E+02  8.01005E+00   2.17526E+02  7.92492E+00   2.20390E+02  7.84028E+00   2.23299E+02  7.75620E+00   2.26253E+02  7.67274E+00   2.29248E+02 
 7.62630E+00   2.29646E+02  7.70828E+00   2.26651E+02  7.79083E+00   2.23699E+02  7.87392E+00   2.20791E+02  7.95745E+00   2.17928E+02  8.04137E+00   2.15112E+02  8.12560E+00   2.12344E+02  8.21003E+00   2.09626E+02  8.29458E+00   2.06961E+02  8.37915E+00   2.04349E+02  8.46361E+00   2.01792E+02  8.54786E+00   1.99292E+02  8.63175E+00   1.96852E+02  8.71516E+00   1.94472E+02  8.79793E+00   1.92155E+02  8.87991E+00   1.89903E+02  8.96093E+00   1.87718E+02  9.04083E+00   1.85601E+02  9.11943E+00   1.83555E+02  9.19655E+00   1.81581E+02  9.27198E+00   1.79683E+02  9.34554E+00   1.77861E+02  9.41703E+00   1.76117E+02  9.48623E+00   1.74455E+02  9.55295E+00   1.72875E+02  9.61696E+00   1.71379E+02  9.67807E+00   1.69970E+02  9.73606E+00   1.68650E+02  9.79072E+00   1.67419E+02  9.84188E+00   1.66280E+02  9.88930E+00   1.65234E+02  9.93285E+00   1.64283E+02  9.97231E+00   1.63428E+02  1.00075E+01   1.62671E+02  1.00384E+01   1.62012E+02  1.00647E+01   1.61453E+02  1.00864E+01   1.60994E+02  1.01034E+01   1.60636E+02  1.01156E+01   1.60381E+02  1.01229E+01   1.60227E+02  1.01254E+01   1.60176E+02  1.01229E+01   1.60227E+02  1.01156E+01   1.60381E+02  1.01034E+01   1.60636E+02  1.00864E+01   1.60994E+02  1.00647E+01   1.61453E+02  1.00384E+01   1.62012E+02  1.00075E+01   1.62671E+02  9.97231E+00   1.63428E+02  9.93284E+00   1.64283E+02  9.88931E+00   1.65234E+02  9.84188E+00   1.66280E+02  9.79072E+00   1.67419E+02  9.73606E+00   1.68650E+02  9.67806E+00   1.69970E+02  9.61696E+00   1.71379E+02  9.55294E+00   1.72875E+02  9.48623E+00   1.74455E+02  9.41703E+00   1.76117E+02  9.34555E+00   1.77861E+02  9.27198E+00   1.79683E+02  9.19655E+00   1.81581E+02  9.11943E+00   1.83555E+02  9.04083E+00   1.85601E+02  8.96094E+00   1.87718E+02  8.87990E+00   1.89903E+02  8.79793E+00   1.92155E+02  8.71516E+00   1.94472E+02  8.63175E+00   1.96852E+02  8.54786E+00   1.99292E+02  8.46361E+00   2.01792E+02  8.37915E+00   2.04349E+02  8.29458E+00   2.06961E+02  8.21002E+00   2.09626E+02  8.12559E+00   2.12344E+02  8.04137E+00   2.15112E+02  7.95745E+00   2.17928E+02  7.87392E+00   2.20791E+02  7.79084E+00   2.23699E+02  7.70827E+00   2.26651E+02  7.62629E+00   2.29646E+02 
 7.57418E+00   2.30096E+02  7.65452E+00   2.27102E+02  7.73538E+00   2.24152E+02  7.81674E+00   2.21244E+02  7.89849E+00   2.18383E+02  7.98058E+00   2.15567E+02  8.06294E+00   2.12801E+02  8.14546E+00   2.10084E+02  8.22807E+00   2.07419E+02  8.31064E+00   2.04807E+02  8.39308E+00   2.02251E+02  8.47527E+00   1.99752E+02  8.55707E+00   1.97311E+02  8.63836E+00   1.94932E+02  8.71899E+00   1.92615E+02  8.79880E+00   1.90362E+02  8.87766E+00   1.88177E+02  8.95537E+00   1.86060E+02  9.03179E+00   1.84013E+02  9.10672E+00   1.82039E+02  9.17999E+00   1.80140E+02  9.25141E+00   1.78317E+02  9.32077E+00   1.76573E+02  9.38789E+00   1.74909E+02  9.45256E+00   1.73328E+02  9.51460E+00   1.71832E+02  9.57378E+00   1.70422E+02  9.62992E+00   1.69100E+02  9.68283E+00   1.67869E+02  9.73231E+00   1.66729E+02  9.77818E+00   1.65682E+02  9.82027E+00   1.64730E+02  9.85840E+00   1.63874E+02  9.89244E+00   1.63116E+02  9.92224E+00   1.62457E+02  9.94767E+00   1.61897E+02  9.96863E+00   1.61438E+02  9.98503E+00   1.61080E+02  9.99680E+00   1.60824E+02  1.00039E+01   1.60670E+02  1.00062E+01   1.60618E+02  1.00039E+01   1.60670E+02  9.99680E+00   1.60824E+02  9.98503E+00   1.61080E+02  9.96864E+00   1.61438E+02  9.94767E+00   1.61897E+02  9.92224E+00   1.62457E+02  9.89244E+00   1.63116E+02  9.85841E+00   1.63874E+02  9.82027E+00   1.64730E+02  9.77818E+00   1.65682E+02  9.73231E+00   1.66729E+02  9.68282E+00   1.67869E+02  9.62992E+00   1.69100E+02  9.57377E+00   1.70422E+02  9.51460E+00   1.71832E+02  9.45256E+00   1.73328E+02  9.38789E+00   1.74909E+02  9.32077E+00   1.76573E+02  9.25141E+00   1.78317E+02  9.17999E+00   1.80140E+02  9.10672E+00   1.82039E+02  9.03179E+00   1.84013E+02  8.95537E+00   1.86060E+02  8.87766E+00   1.88177E+02  8.79880E+00   1.90362E+02  8.71899E+00   1.92615E+02  8.63835E+00   1.94932E+02  8.55707E+00   1.97311E+02  8.47527E+00   1.99752E+02  8.39308E+00   2.02251E+02  8.31064E+00   2.04807E+02  8.22807E+00   2.07419E+02  8.14546E+00   2.10084E+02  8.06294E+00   2.12801E+02  7.98059E+00   2.15567E+02  7.89849E+00   2.18383E+02  7.81674E+00   2.21244E+02  7.73539E+00   2.24152E+02  7.65451E+00   2.27102E+02  7.57418E+00   2.30096E+02 
 7.51659E+00   2.30598E+02  7.59513E+00   2.27606E+02  7.67414E+00   2.24657E+02  7.75359E+00   2.21751E+02  7.83340E+00   2.18890E+02  7.91349E+00   2.16076E+02  7.99380E+00   2.13311E+02  8.07423E+00   2.10595E+02  8.15470E+00   2.07930E+02  8.23510E+00   2.05319E+02  8.31532E+00   2.02764E+02  8.39526E+00   2.00265E+02  8.47478E+00   1.97824E+02  8.55375E+00   1.95445E+02  8.63205E+00   1.93128E+02  8.70951E+00   1.90875E+02  8.78599E+00   1.88689E+02  8.86133E+00   1.86571E+02  8.93537E+00   1.84524E+02  9.00793E+00   1.82550E+02  9.07884E+00   1.80649E+02  9.14791E+00   1.78826E+02  9.21497E+00   1.77081E+02  9.27982E+00   1.75416E+02  9.34228E+00   1.73834E+02  9.40216E+00   1.72337E+02  9.45925E+00   1.70926E+02  9.51340E+00   1.69603E+02  9.56439E+00   1.68370E+02  9.61206E+00   1.67229E+02  9.65624E+00   1.66181E+02  9.69676E+00   1.65228E+02  9.73346E+00   1.64372E+02  9.76620E+00   1.63613E+02  9.79486E+00   1.62952E+02  9.81932E+00   1.62392E+02  9.83947E+00   1.61932E+02  9.85523E+00   1.61573E+02  9.86654E+00   1.61317E+02  9.87334E+00   1.61163E+02  9.87561E+00   1.61112E+02  9.87334E+00   1.61163E+02  9.86654E+00   1.61317E+02  9.85523E+00   1.61573E+02  9.83947E+00   1.61932E+02  9.81932E+00   1.62392E+02  9.79487E+00   1.62952E+02  9.76621E+00   1.63613E+02  9.73346E+00   1.64372E+02  9.69676E+00   1.65228E+02  9.65624E+00   1.66181E+02  9.61206E+00   1.67229E+02  9.56439E+00   1.68370E+02  9.51340E+00   1.69603E+02  9.45925E+00   1.70926E+02  9.40216E+00   1.72337E+02  9.34228E+00   1.73834E+02  9.27982E+00   1.75416E+02  9.21497E+00   1.77081E+02  9.14791E+00   1.78826E+02  9.07883E+00   1.80649E+02  9.00793E+00   1.82550E+02  8.93537E+00   1.84524E+02  8.86133E+00   1.86571E+02  8.78599E+00   1.88689E+02  8.70951E+00   1.90875E+02  8.63205E+00   1.93128E+02  8.55375E+00   1.95445E+02  8.47478E+00   1.97824E+02  8.39526E+00   2.00265E+02  8.31532E+00   2.02764E+02  8.23510E+00   2.05319E+02  8.15470E+00   2.07930E+02  8.07423E+00   2.10595E+02  7.99380E+00   2.13311E+02  7.91349E+00   2.16076E+02  7.83340E+00   2.18890E+02  7.75359E+00   2.21751E+02  7.67414E+00   2.24657E+02  7.59512E+00   2.27606E+02  7.51659E+00   2.30598E+02 
 7.45373E+00   2.31153E+02  7.53032E+00   2.28163E+02  7.60733E+00   2.25215E+02  7.68472E+00   2.22311E+02  7.76242E+00   2.19451E+02  7.84035E+00   2.16638E+02  7.91846E+00   2.13874E+02  7.99663E+00   2.11159E+02  8.07480E+00   2.08495E+02  8.15285E+00   2.05885E+02  8.23068E+00   2.03329E+02  8.30819E+00   2.00831E+02  8.38525E+00   1.98391E+02  8.46173E+00   1.96011E+02  8.53751E+00   1.93694E+02  8.61244E+00   1.91441E+02  8.68637E+00   1.89255E+02  8.75916E+00   1.87136E+02  8.83064E+00   1.85089E+02  8.90065E+00   1.83113E+02  8.96903E+00   1.81212E+02  9.03560E+00   1.79387E+02  9.10018E+00   1.77641E+02  9.16261E+00   1.75975E+02  9.22269E+00   1.74392E+02  9.28027E+00   1.72893E+02  9.33513E+00   1.71481E+02  9.38713E+00   1.70157E+02  9.43608E+00   1.68923E+02  9.48182E+00   1.67780E+02  9.52419E+00   1.66731E+02  9.56303E+00   1.65777E+02  9.59820E+00   1.64919E+02  9.62957E+00   1.64159E+02  9.65702E+00   1.63498E+02  9.68042E+00   1.62937E+02  9.69971E+00   1.62476E+02  9.71479E+00   1.62117E+02  9.72562E+00   1.61860E+02  9.73212E+00   1.61706E+02  9.73430E+00   1.61655E+02  9.73212E+00   1.61706E+02  9.72562E+00   1.61860E+02  9.71479E+00   1.62117E+02  9.69972E+00   1.62476E+02  9.68042E+00   1.62937E+02  9.65702E+00   1.63498E+02  9.62957E+00   1.64159E+02  9.59820E+00   1.64919E+02  9.56303E+00   1.65777E+02  9.52419E+00   1.66731E+02  9.48182E+00   1.67780E+02  9.43608E+00   1.68923E+02  9.38713E+00   1.70157E+02  9.33513E+00   1.71481E+02  9.28026E+00   1.72893E+02  9.22269E+00   1.74392E+02  9.16261E+00   1.75975E+02  9.10018E+00   1.77641E+02  9.03560E+00   1.79387E+02  8.96903E+00   1.81212E+02  8.90065E+00   1.83113E+02  8.83064E+00   1.85089E+02  8.75916E+00   1.87136E+02  8.68637E+00   1.89255E+02  8.61243E+00   1.91441E+02  8.53751E+00   1.93694E+02  8.46173E+00   1.96011E+02  8.38525E+00   1.98391E+02  8.30819E+00   2.00831E+02  8.23068E+00   2.03329E+02  8.15285E+00   2.05885E+02  8.07480E+00   2.08495E+02  7.99663E+00   2.11159E+02  7.91846E+00   2.13874E+02  7.84036E+00   2.16638E+02  7.76242E+00   2.19451E+02  7.68473E+00   2.22311E+02  7.60733E+00   2.25215E+02  7.53031E+00   2.28163E+02  7.45373E+00   2.31153E+02 
 7.38583E+00   2.31759E+02  7.46033E+00   2.28771E+02  7.53519E+00   2.25825E+02  7.61039E+00   2.22923E+02  7.68583E+00   2.20065E+02  7.76146E+00   2.17253E+02  7.83721E+00   2.14490E+02  7.91297E+00   2.11775E+02  7.98868E+00   2.09113E+02  8.06422E+00   2.06503E+02  8.13951E+00   2.03948E+02  8.21443E+00   2.01450E+02  8.28887E+00   1.99010E+02  8.36271E+00   1.96630E+02  8.43581E+00   1.94313E+02  8.50805E+00   1.92060E+02  8.57928E+00   1.89873E+02  8.64934E+00   1.87754E+02  8.71812E+00   1.85705E+02  8.78543E+00   1.83729E+02  8.85112E+00   1.81827E+02  8.91504E+00   1.80001E+02  8.97700E+00   1.78254E+02  9.03686E+00   1.76587E+02  9.09444E+00   1.75002E+02  9.14957E+00   1.73502E+02  9.20208E+00   1.72088E+02  9.25182E+00   1.70762E+02  9.29861E+00   1.69526E+02  9.34232E+00   1.68383E+02  9.38278E+00   1.67332E+02  9.41985E+00   1.66377E+02  9.45341E+00   1.65517E+02  9.48332E+00   1.64756E+02  9.50949E+00   1.64094E+02  9.53180E+00   1.63532E+02  9.55018E+00   1.63070E+02  9.56455E+00   1.62711E+02  9.57486E+00   1.62453E+02  9.58105E+00   1.62299E+02  9.58312E+00   1.62247E+02  9.58105E+00   1.62299E+02  9.57486E+00   1.62453E+02  9.56454E+00   1.62711E+02  9.55018E+00   1.63070E+02  9.53180E+00   1.63532E+02  9.50949E+00   1.64094E+02  9.48332E+00   1.64756E+02  9.45341E+00   1.65517E+02  9.41985E+00   1.66377E+02  9.38278E+00   1.67332E+02  9.34231E+00   1.68383E+02  9.29861E+00   1.69526E+02  9.25182E+00   1.70762E+02  9.20208E+00   1.72088E+02  9.14957E+00   1.73502E+02  9.09443E+00   1.75002E+02  9.03686E+00   1.76587E+02  8.97700E+00   1.78254E+02  8.91504E+00   1.80001E+02  8.85112E+00   1.81827E+02  8.78543E+00   1.83729E+02  8.71812E+00   1.85705E+02  8.64935E+00   1.87754E+02  8.57927E+00   1.89873E+02  8.50804E+00   1.92060E+02  8.43581E+00   1.94313E+02  8.36271E+00   1.96630E+02  8.28888E+00   1.99010E+02  8.21444E+00   2.01450E+02  8.13951E+00   2.03948E+02  8.06423E+00   2.06503E+02  7.98868E+00   2.09113E+02  7.91297E+00   2.11775E+02  7.83721E+00   2.14490E+02  7.76146E+00   2.17253E+02  7.68583E+00   2.20065E+02  7.61039E+00   2.22923E+02  7.53520E+00   2.25825E+02  7.46032E+00   2.28771E+02  7.38584E+00   2.31759E+02 
 7.31313E+00   2.32418E+02  7.38541E+00   2.29432E+02  7.45800E+00   2.26488E+02  7.53086E+00   2.23587E+02  7.60393E+00   2.20730E+02  7.67711E+00   2.17920E+02  7.75036E+00   2.15158E+02  7.82358E+00   2.12445E+02  7.89670E+00   2.09783E+02  7.96960E+00   2.07174E+02  8.04220E+00   2.04620E+02  8.11440E+00   2.02122E+02  8.18608E+00   1.99682E+02  8.25712E+00   1.97303E+02  8.32741E+00   1.94985E+02  8.39681E+00   1.92732E+02  8.46519E+00   1.90544E+02  8.53241E+00   1.88424E+02  8.59834E+00   1.86375E+02  8.66281E+00   1.84397E+02  8.72569E+00   1.82494E+02  8.78683E+00   1.80667E+02  8.84605E+00   1.78918E+02  8.90322E+00   1.77249E+02  8.95817E+00   1.75663E+02  9.01076E+00   1.74161E+02  9.06081E+00   1.72746E+02  9.10818E+00   1.71418E+02  9.15273E+00   1.70181E+02  9.19431E+00   1.69035E+02  9.23278E+00   1.67983E+02  9.26801E+00   1.67026E+02  9.29989E+00   1.66166E+02  9.32829E+00   1.65403E+02  9.35313E+00   1.64739E+02  9.37430E+00   1.64176E+02  9.39173E+00   1.63714E+02  9.40536E+00   1.63354E+02  9.41513E+00   1.63096E+02  9.42100E+00   1.62941E+02  9.42297E+00   1.62889E+02  9.42100E+00   1.62941E+02  9.41513E+00   1.63096E+02  9.40535E+00   1.63354E+02  9.39174E+00   1.63714E+02  9.37430E+00   1.64176E+02  9.35313E+00   1.64739E+02  9.32829E+00   1.65403E+02  9.29989E+00   1.66166E+02  9.26801E+00   1.67026E+02  9.23278E+00   1.67983E+02  9.19431E+00   1.69035E+02  9.15273E+00   1.70181E+02  9.10818E+00   1.71418E+02  9.06080E+00   1.72746E+02  9.01076E+00   1.74161E+02  8.95817E+00   1.75663E+02  8.90322E+00   1.77249E+02  8.84605E+00   1.78918E+02  8.78683E+00   1.80667E+02  8.72569E+00   1.82494E+02  8.66281E+00   1.84397E+02  8.59834E+00   1.86375E+02  8.53241E+00   1.88424E+02  8.46519E+00   1.90544E+02  8.39680E+00   1.92732E+02  8.32741E+00   1.94985E+02  8.25712E+00   1.97303E+02  8.18608E+00   1.99682E+02  8.11440E+00   2.02122E+02  8.04220E+00   2.04620E+02  7.96960E+00   2.07174E+02  7.89669E+00   2.09783E+02  7.82358E+00   2.12445E+02  7.75036E+00   2.15158E+02  7.67712E+00   2.17920E+02  7.60393E+00   2.20730E+02  7.53087E+00   2.23587E+02  7.45800E+00   2.26488E+02  7.38540E+00   2.29432E+02  7.31313E+00   2.32418E+02 
 7.23586E+00   2.33128E+02  7.30582E+00   2.30145E+02  7.37603E+00   2.27202E+02  7.44644E+00   2.24303E+02  7.51700E+00   2.21449E+02  7.58763E+00   2.18640E+02  7.65826E+00   2.15879E+02  7.72881E+00   2.13167E+02  7.79921E+00   2.10506E+02  7.86935E+00   2.07898E+02  7.93914E+00   2.05344E+02  8.00849E+00   2.02847E+02  8.07729E+00   2.00407E+02  8.14542E+00   1.98028E+02  8.21277E+00   1.95710E+02  8.27922E+00   1.93456E+02  8.34464E+00   1.91268E+02  8.40889E+00   1.89147E+02  8.47186E+00   1.87097E+02  8.53339E+00   1.85118E+02  8.59335E+00   1.83213E+02  8.65160E+00   1.81385E+02  8.70798E+00   1.79634E+02  8.76236E+00   1.77964E+02  8.81460E+00   1.76376E+02  8.86454E+00   1.74872E+02  8.91205E+00   1.73455E+02  8.95698E+00   1.72125E+02  8.99921E+00   1.70886E+02  9.03859E+00   1.69738E+02  9.07501E+00   1.68684E+02  9.10834E+00   1.67726E+02  9.13849E+00   1.66863E+02  9.16534E+00   1.66099E+02  9.18881E+00   1.65434E+02  9.20880E+00   1.64870E+02  9.22526E+00   1.64407E+02  9.23812E+00   1.64046E+02  9.24734E+00   1.63787E+02  9.25288E+00   1.63632E+02  9.25474E+00   1.63580E+02  9.25288E+00   1.63632E+02  9.24734E+00   1.63787E+02  9.23812E+00   1.64046E+02  9.22526E+00   1.64407E+02  9.20880E+00   1.64870E+02  9.18881E+00   1.65434E+02  9.16534E+00   1.66099E+02  9.13850E+00   1.66863E+02  9.10834E+00   1.67726E+02  9.07501E+00   1.68684E+02  9.03859E+00   1.69738E+02  8.99921E+00   1.70886E+02  8.95698E+00   1.72125E+02  8.91204E+00   1.73455E+02  8.86454E+00   1.74872E+02  8.81459E+00   1.76376E+02  8.76236E+00   1.77964E+02  8.70797E+00   1.79634E+02  8.65160E+00   1.81385E+02  8.59335E+00   1.83213E+02  8.53339E+00   1.85118E+02  8.47186E+00   1.87096E+02  8.40890E+00   1.89147E+02  8.34464E+00   1.91267E+02  8.27922E+00   1.93456E+02  8.21277E+00   1.95710E+02  8.14542E+00   1.98028E+02  8.07729E+00   2.00407E+02  8.00849E+00   2.02847E+02  7.93915E+00   2.05344E+02  7.86935E+00   2.07898E+02  7.79921E+00   2.10506E+02  7.72881E+00   2.13167E+02  7.65826E+00   2.15879E+02  7.58763E+00   2.18640E+02  7.51700E+00   2.21449E+02  7.44644E+00   2.24303E+02  7.37602E+00   2.27202E+02  7.30581E+00   2.30145E+02  7.23587E+00   2.33128E+02 
 7.15431E+00   2.33890E+02  7.22184E+00   2.30909E+02  7.28956E+00   2.27969E+02  7.35742E+00   2.25072E+02  7.42537E+00   2.22219E+02  7.49333E+00   2.19412E+02  7.56125E+00   2.16652E+02  7.62903E+00   2.13942E+02  7.69661E+00   2.11282E+02  7.76387E+00   2.08675E+02  7.83076E+00   2.06121E+02  7.89716E+00   2.03624E+02  7.96296E+00   2.01185E+02  8.02809E+00   1.98805E+02  8.09240E+00   1.96487E+02  8.15579E+00   1.94232E+02  8.21816E+00   1.92043E+02  8.27935E+00   1.89922E+02  8.33926E+00   1.87870E+02  8.39776E+00   1.85890E+02  8.45471E+00   1.83984E+02  8.50999E+00   1.82154E+02  8.56345E+00   1.80402E+02  8.61497E+00   1.78730E+02  8.66442E+00   1.77140E+02  8.71165E+00   1.75634E+02  8.75655E+00   1.74214E+02  8.79899E+00   1.72883E+02  8.83884E+00   1.71641E+02  8.87597E+00   1.70492E+02  8.91030E+00   1.69436E+02  8.94170E+00   1.68475E+02  8.97008E+00   1.67611E+02  8.99533E+00   1.66845E+02  9.01741E+00   1.66179E+02  9.03620E+00   1.65613E+02  9.05167E+00   1.65149E+02  9.06375E+00   1.64787E+02  9.07241E+00   1.64528E+02  9.07762E+00   1.64372E+02  9.07936E+00   1.64320E+02  9.07762E+00   1.64372E+02  9.07241E+00   1.64528E+02  9.06375E+00   1.64787E+02  9.05167E+00   1.65149E+02  9.03620E+00   1.65613E+02  9.01741E+00   1.66179E+02  8.99533E+00   1.66845E+02  8.97008E+00   1.67611E+02  8.94170E+00   1.68475E+02  8.91030E+00   1.69436E+02  8.87597E+00   1.70492E+02  8.83883E+00   1.71641E+02  8.79899E+00   1.72883E+02  8.75655E+00   1.74214E+02  8.71165E+00   1.75634E+02  8.66441E+00   1.77140E+02  8.61497E+00   1.78730E+02  8.56344E+00   1.80402E+02  8.50999E+00   1.82154E+02  8.45471E+00   1.83984E+02  8.39776E+00   1.85890E+02  8.33926E+00   1.87870E+02  8.27935E+00   1.89922E+02  8.21815E+00   1.92043E+02  8.15579E+00   1.94232E+02  8.09240E+00   1.96487E+02  8.02808E+00   1.98805E+02  7.96297E+00   2.01185E+02  7.89716E+00   2.03624E+02  7.83076E+00   2.06121E+02  7.76388E+00   2.08675E+02  7.69660E+00   2.11282E+02  7.62903E+00   2.13942E+02  7.56125E+00   2.16652E+02  7.49334E+00   2.19412E+02  7.42537E+00   2.22219E+02  7.35742E+00   2.25072E+02  7.28955E+00   2.27969E+02  7.22183E+00   2.30909E+02  7.15431E+00   2.33890E+02 
 7.06872E+00   2.34704E+02  7.13374E+00   2.31725E+02  7.19888E+00   2.28787E+02  7.26411E+00   2.25892E+02  7.32936E+00   2.23041E+02  7.39457E+00   2.20236E+02  7.45969E+00   2.17478E+02  7.52460E+00   2.14768E+02  7.58927E+00   2.12109E+02  7.65358E+00   2.09503E+02  7.71747E+00   2.06950E+02  7.78083E+00   2.04453E+02  7.84357E+00   2.02014E+02  7.90559E+00   1.99634E+02  7.96680E+00   1.97316E+02  8.02706E+00   1.95061E+02  8.08629E+00   1.92871E+02  8.14435E+00   1.90749E+02  8.20113E+00   1.88696E+02  8.25653E+00   1.86714E+02  8.31041E+00   1.84807E+02  8.36266E+00   1.82975E+02  8.41314E+00   1.81221E+02  8.46175E+00   1.79546E+02  8.50836E+00   1.77954E+02  8.55284E+00   1.76446E+02  8.59509E+00   1.75024E+02  8.63498E+00   1.73691E+02  8.67242E+00   1.72447E+02  8.70728E+00   1.71295E+02  8.73949E+00   1.70237E+02  8.76892E+00   1.69274E+02  8.79551E+00   1.68408E+02  8.81917E+00   1.67640E+02  8.83982E+00   1.66972E+02  8.85741E+00   1.66405E+02  8.87187E+00   1.65940E+02  8.88317E+00   1.65577E+02  8.89127E+00   1.65317E+02  8.89613E+00   1.65161E+02  8.89776E+00   1.65109E+02  8.89613E+00   1.65161E+02  8.89127E+00   1.65317E+02  8.88317E+00   1.65577E+02  8.87187E+00   1.65940E+02  8.85741E+00   1.66405E+02  8.83982E+00   1.66972E+02  8.81916E+00   1.67640E+02  8.79551E+00   1.68408E+02  8.76892E+00   1.69274E+02  8.73949E+00   1.70237E+02  8.70728E+00   1.71295E+02  8.67242E+00   1.72447E+02  8.63498E+00   1.73691E+02  8.59509E+00   1.75024E+02  8.55284E+00   1.76446E+02  8.50835E+00   1.77954E+02  8.46175E+00   1.79546E+02  8.41314E+00   1.81221E+02  8.36266E+00   1.82975E+02  8.31041E+00   1.84807E+02  8.25653E+00   1.86714E+02  8.20113E+00   1.88696E+02  8.14435E+00   1.90749E+02  8.08628E+00   1.92871E+02  8.02706E+00   1.95061E+02  7.96679E+00   1.97316E+02  7.90559E+00   1.99634E+02  7.84358E+00   2.02014E+02  7.78083E+00   2.04453E+02  7.71747E+00   2.06950E+02  7.65359E+00   2.09503E+02  7.58927E+00   2.12109E+02  7.52461E+00   2.14768E+02  7.45969E+00   2.17478E+02  7.39458E+00   2.20236E+02  7.32937E+00   2.23041E+02  7.26411E+00   2.25892E+02  7.19888E+00   2.28787E+02  7.13373E+00   2.31725E+02  7.06873E+00   2.34704E+02 
 6.97940E+00   2.35568E+02  7.04182E+00   2.32591E+02  7.10431E+00   2.29656E+02  7.16683E+00   2.26763E+02  7.22931E+00   2.23914E+02  7.29170E+00   2.21111E+02  7.35393E+00   2.18355E+02  7.41592E+00   2.15647E+02  7.47760E+00   2.12989E+02  7.53889E+00   2.10383E+02  7.59971E+00   2.07831E+02  7.65997E+00   2.05335E+02  7.71958E+00   2.02896E+02  7.77844E+00   2.00516E+02  7.83647E+00   1.98197E+02  7.89355E+00   1.95941E+02  7.94958E+00   1.93751E+02  8.00446E+00   1.91627E+02  8.05807E+00   1.89573E+02  8.11033E+00   1.87590E+02  8.16109E+00   1.85681E+02  8.21027E+00   1.83847E+02  8.25774E+00   1.82091E+02  8.30340E+00   1.80414E+02  8.34714E+00   1.78820E+02  8.38885E+00   1.77309E+02  8.42843E+00   1.75885E+02  8.46577E+00   1.74549E+02  8.50077E+00   1.73303E+02  8.53335E+00   1.72148E+02  8.56342E+00   1.71088E+02  8.59088E+00   1.70123E+02  8.61567E+00   1.69255E+02  8.63772E+00   1.68485E+02  8.65696E+00   1.67815E+02  8.67333E+00   1.67246E+02  8.68679E+00   1.66780E+02  8.69730E+00   1.66416E+02  8.70483E+00   1.66155E+02  8.70936E+00   1.65999E+02  8.71087E+00   1.65946E+02  8.70936E+00   1.65999E+02  8.70483E+00   1.66155E+02  8.69730E+00   1.66416E+02  8.68679E+00   1.66780E+02  8.67333E+00   1.67246E+02  8.65696E+00   1.67815E+02  8.63772E+00   1.68485E+02  8.61567E+00   1.69255E+02  8.59088E+00   1.70123E+02  8.56342E+00   1.71088E+02  8.53335E+00   1.72148E+02  8.50078E+00   1.73303E+02  8.46576E+00   1.74549E+02  8.42843E+00   1.75885E+02  8.38885E+00   1.77309E+02  8.34714E+00   1.78820E+02  8.30340E+00   1.80414E+02  8.25774E+00   1.82091E+02  8.21027E+00   1.83847E+02  8.16109E+00   1.85681E+02  8.11033E+00   1.87590E+02  8.05808E+00   1.89573E+02  8.00446E+00   1.91627E+02  7.94958E+00   1.93751E+02  7.89355E+00   1.95941E+02  7.83647E+00   1.98197E+02  7.77844E+00   2.00516E+02  7.71958E+00   2.02896E+02  7.65997E+00   2.05335E+02  7.59971E+00   2.07831E+02  7.53889E+00   2.10383E+02  7.47760E+00   2.12989E+02  7.41592E+00   2.15647E+02  7.35393E+00   2.18355E+02  7.29170E+00   2.21111E+02  7.22932E+00   2.23914E+02  7.16683E+00   2.26763E+02  7.10431E+00   2.29656E+02  7.04182E+00   2.32591E+02  6.97940E+00   2.35568E+02 
 6.88660E+00   2.36483E+02  6.94637E+00   2.33509E+02  7.00616E+00   2.30576E+02  7.06590E+00   2.27686E+02  7.12556E+00   2.24839E+02  7.18506E+00   2.22038E+02  7.24435E+00   2.19283E+02  7.30336E+00   2.16577E+02  7.36200E+00   2.13920E+02  7.42022E+00   2.11315E+02  7.47792E+00   2.08764E+02  7.53503E+00   2.06268E+02  7.59146E+00   2.03829E+02  7.64713E+00   2.01449E+02  7.70194E+00   1.99130E+02  7.75579E+00   1.96873E+02  7.80860E+00   1.94682E+02  7.86027E+00   1.92557E+02  7.91068E+00   1.90502E+02  7.95977E+00   1.88517E+02  8.00740E+00   1.86606E+02  8.05349E+00   1.84770E+02  8.09793E+00   1.83012E+02  8.14063E+00   1.81333E+02  8.18150E+00   1.79736E+02  8.22042E+00   1.78223E+02  8.25733E+00   1.76796E+02  8.29211E+00   1.75457E+02  8.32470E+00   1.74208E+02  8.35499E+00   1.73052E+02  8.38293E+00   1.71989E+02  8.40842E+00   1.71021E+02  8.43143E+00   1.70151E+02  8.45187E+00   1.69379E+02  8.46970E+00   1.68707E+02  8.48487E+00   1.68137E+02  8.49733E+00   1.67669E+02  8.50706E+00   1.67304E+02  8.51403E+00   1.67042E+02  8.51822E+00   1.66885E+02  8.51962E+00   1.66833E+02  8.51822E+00   1.66885E+02  8.51403E+00   1.67042E+02  8.50706E+00   1.67304E+02  8.49733E+00   1.67669E+02  8.48487E+00   1.68137E+02  8.46970E+00   1.68707E+02  8.45187E+00   1.69379E+02  8.43143E+00   1.70151E+02  8.40842E+00   1.71021E+02  8.38293E+00   1.71989E+02  8.35499E+00   1.73052E+02  8.32470E+00   1.74208E+02  8.29211E+00   1.75457E+02  8.25733E+00   1.76796E+02  8.22042E+00   1.78223E+02  8.18150E+00   1.79736E+02  8.14063E+00   1.81333E+02  8.09793E+00   1.83012E+02  8.05349E+00   1.84770E+02  8.00739E+00   1.86606E+02  7.95977E+00   1.88517E+02  7.91068E+00   1.90502E+02  7.86027E+00   1.92557E+02  7.80860E+00   1.94682E+02  7.75579E+00   1.96873E+02  7.70194E+00   1.99130E+02  7.64713E+00   2.01449E+02  7.59147E+00   2.03829E+02  7.53503E+00   2.06268E+02  7.47792E+00   2.08764E+02  7.42022E+00   2.11315E+02  7.36200E+00   2.13920E+02  7.30336E+00   2.16577E+02  7.24435E+00   2.19283E+02  7.18506E+00   2.22038E+02  7.12556E+00   2.24839E+02  7.06590E+00   2.27686E+02  7.00616E+00   2.30576E+02  6.94637E+00   2.33509E+02  6.88660E+00   2.36483E+02 
 6.79063E+00   2.37448E+02  6.84770E+00   2.34478E+02  6.90473E+00   2.31548E+02  6.96166E+00   2.28660E+02  7.01844E+00   2.25815E+02  7.07501E+00   2.23016E+02  7.13133E+00   2.20263E+02  7.18731E+00   2.17558E+02  7.24288E+00   2.14903E+02  7.29799E+00   2.12299E+02  7.35255E+00   2.09748E+02  7.40647E+00   2.07253E+02  7.45970E+00   2.04814E+02  7.51214E+00   2.02434E+02  7.56372E+00   2.00114E+02  7.61433E+00   1.97857E+02  7.66390E+00   1.95664E+02  7.71235E+00   1.93539E+02  7.75956E+00   1.91482E+02  7.80546E+00   1.89496E+02  7.84996E+00   1.87582E+02  7.89296E+00   1.85744E+02  7.93439E+00   1.83984E+02  7.97414E+00   1.82302E+02  8.01215E+00   1.80703E+02  8.04830E+00   1.79187E+02  8.08255E+00   1.77758E+02  8.11479E+00   1.76416E+02  8.14497E+00   1.75164E+02  8.17301E+00   1.74005E+02  8.19883E+00   1.72939E+02  8.22239E+00   1.71969E+02  8.24362E+00   1.71096E+02  8.26248E+00   1.70322E+02  8.27892E+00   1.69649E+02  8.29290E+00   1.69077E+02  8.30437E+00   1.68607E+02  8.31334E+00   1.68241E+02  8.31975E+00   1.67979E+02  8.32361E+00   1.67821E+02  8.32489E+00   1.67769E+02  8.32361E+00   1.67821E+02  8.31975E+00   1.67979E+02  8.31334E+00   1.68241E+02  8.30437E+00   1.68607E+02  8.29290E+00   1.69077E+02  8.27892E+00   1.69649E+02  8.26248E+00   1.70322E+02  8.24362E+00   1.71096E+02  8.22239E+00   1.71969E+02  8.19883E+00   1.72939E+02  8.17300E+00   1.74005E+02  8.14497E+00   1.75164E+02  8.11479E+00   1.76416E+02  8.08255E+00   1.77758E+02  8.04831E+00   1.79187E+02  8.01215E+00   1.80703E+02  7.97414E+00   1.82302E+02  7.93439E+00   1.83984E+02  7.89297E+00   1.85744E+02  7.84996E+00   1.87582E+02  7.80546E+00   1.89495E+02  7.75956E+00   1.91482E+02  7.71234E+00   1.93539E+02  7.66390E+00   1.95665E+02  7.61434E+00   1.97857E+02  7.56371E+00   2.00114E+02  7.51215E+00   2.02434E+02  7.45971E+00   2.04814E+02  7.40647E+00   2.07253E+02  7.35255E+00   2.09748E+02  7.29799E+00   2.12299E+02  7.24288E+00   2.14903E+02  7.18731E+00   2.17558E+02  7.13133E+00   2.20263E+02  7.07502E+00   2.23016E+02  7.01844E+00   2.25815E+02  6.96165E+00   2.28660E+02  6.90473E+00   2.31548E+02  6.84770E+00   2.34478E+02  6.79063E+00   2.37448E+02 
 6.69177E+00   2.38464E+02  6.74610E+00   2.35497E+02  6.80034E+00   2.32569E+02  6.85442E+00   2.29684E+02  6.90831E+00   2.26842E+02  6.96192E+00   2.24045E+02  7.01523E+00   2.21293E+02  7.06816E+00   2.18590E+02  7.12064E+00   2.15936E+02  7.17262E+00   2.13334E+02  7.22402E+00   2.10784E+02  7.27476E+00   2.08289E+02  7.32477E+00   2.05850E+02  7.37398E+00   2.03470E+02  7.42232E+00   2.01150E+02  7.46970E+00   1.98892E+02  7.51603E+00   1.96698E+02  7.56126E+00   1.94571E+02  7.60528E+00   1.92513E+02  7.64802E+00   1.90525E+02  7.68941E+00   1.88610E+02  7.72935E+00   1.86770E+02  7.76778E+00   1.85006E+02  7.80461E+00   1.83323E+02  7.83978E+00   1.81721E+02  7.87321E+00   1.80202E+02  7.90483E+00   1.78770E+02  7.93457E+00   1.77425E+02  7.96238E+00   1.76171E+02  7.98818E+00   1.75008E+02  8.01193E+00   1.73940E+02  8.03358E+00   1.72967E+02  8.05308E+00   1.72092E+02  8.07039E+00   1.71316E+02  8.08546E+00   1.70640E+02  8.09827E+00   1.70066E+02  8.10878E+00   1.69595E+02  8.11699E+00   1.69227E+02  8.12286E+00   1.68964E+02  8.12640E+00   1.68806E+02  8.12757E+00   1.68754E+02  8.12640E+00   1.68806E+02  8.12286E+00   1.68964E+02  8.11699E+00   1.69227E+02  8.10878E+00   1.69595E+02  8.09827E+00   1.70066E+02  8.08546E+00   1.70640E+02  8.07038E+00   1.71316E+02  8.05308E+00   1.72092E+02  8.03358E+00   1.72967E+02  8.01193E+00   1.73940E+02  7.98818E+00   1.75008E+02  7.96238E+00   1.76171E+02  7.93457E+00   1.77425E+02  7.90483E+00   1.78770E+02  7.87321E+00   1.80202E+02  7.83978E+00   1.81721E+02  7.80461E+00   1.83323E+02  7.76778E+00   1.85006E+02  7.72935E+00   1.86770E+02  7.68940E+00   1.88610E+02  7.64802E+00   1.90525E+02  7.60528E+00   1.92513E+02  7.56125E+00   1.94571E+02  7.51604E+00   1.96698E+02  7.46970E+00   1.98892E+02  7.42232E+00   2.01150E+02  7.37399E+00   2.03470E+02  7.32477E+00   2.05850E+02  7.27476E+00   2.08289E+02  7.22401E+00   2.10784E+02  7.17262E+00   2.13334E+02  7.12065E+00   2.15936E+02  7.06816E+00   2.18590E+02  7.01523E+00   2.21293E+02  6.96192E+00   2.24045E+02  6.90830E+00   2.26842E+02  6.85442E+00   2.29684E+02  6.80034E+00   2.32569E+02  6.74611E+00   2.35496E+02  6.69177E+00   2.38464E+02 
 6.59031E+00   2.39530E+02  6.64188E+00   2.36565E+02  6.69331E+00   2.33641E+02  6.74452E+00   2.30759E+02  6.79549E+00   2.27919E+02  6.84614E+00   2.25124E+02  6.89643E+00   2.22375E+02  6.94630E+00   2.19673E+02  6.99569E+00   2.17021E+02  7.04454E+00   2.14419E+02  7.09277E+00   2.11870E+02  7.14032E+00   2.09376E+02  7.18714E+00   2.06937E+02  7.23313E+00   2.04557E+02  7.27824E+00   2.02236E+02  7.32240E+00   1.99978E+02  7.36553E+00   1.97783E+02  7.40756E+00   1.95655E+02  7.44842E+00   1.93595E+02  7.48804E+00   1.91605E+02  7.52635E+00   1.89688E+02  7.56327E+00   1.87846E+02  7.59875E+00   1.86080E+02  7.63270E+00   1.84394E+02  7.66509E+00   1.82789E+02  7.69583E+00   1.81268E+02  7.72487E+00   1.79832E+02  7.75216E+00   1.78484E+02  7.77765E+00   1.77227E+02  7.80128E+00   1.76062E+02  7.82300E+00   1.74990E+02  7.84279E+00   1.74015E+02  7.86059E+00   1.73137E+02  7.87638E+00   1.72359E+02  7.89012E+00   1.71681E+02  7.90180E+00   1.71105E+02  7.91138E+00   1.70632E+02  7.91886E+00   1.70263E+02  7.92420E+00   1.70000E+02  7.92741E+00   1.69841E+02  7.92848E+00   1.69788E+02  7.92741E+00   1.69841E+02  7.92420E+00   1.70000E+02  7.91886E+00   1.70263E+02  7.91138E+00   1.70632E+02  7.90180E+00   1.71105E+02  7.89012E+00   1.71681E+02  7.87638E+00   1.72359E+02  7.86059E+00   1.73137E+02  7.84279E+00   1.74015E+02  7.82300E+00   1.74990E+02  7.80127E+00   1.76062E+02  7.77765E+00   1.77227E+02  7.75216E+00   1.78485E+02  7.72488E+00   1.79832E+02  7.69583E+00   1.81268E+02  7.66509E+00   1.82789E+02  7.63270E+00   1.84394E+02  7.59875E+00   1.86080E+02  7.56327E+00   1.87846E+02  7.52635E+00   1.89688E+02  7.48804E+00   1.91605E+02  7.44842E+00   1.93595E+02  7.40756E+00   1.95655E+02  7.36553E+00   1.97783E+02  7.32240E+00   1.99978E+02  7.27824E+00   2.02236E+02  7.23313E+00   2.04557E+02  7.18713E+00   2.06937E+02  7.14032E+00   2.09376E+02  7.09277E+00   2.11870E+02  7.04454E+00   2.14419E+02  6.99569E+00   2.17021E+02  6.94630E+00   2.19673E+02  6.89643E+00   2.22375E+02  6.84614E+00   2.25124E+02  6.79548E+00   2.27919E+02  6.74452E+00   2.30759E+02  6.69331E+00   2.33641E+02  6.64189E+00   2.36565E+02  6.59031E+00   2.39530E+02 
 6.48654E+00   2.40645E+02  6.53534E+00   2.37684E+02  6.58394E+00   2.34763E+02  6.63228E+00   2.31883E+02  6.68033E+00   2.29046E+02  6.72801E+00   2.26254E+02  6.77529E+00   2.23507E+02  6.82211E+00   2.20807E+02  6.86841E+00   2.18156E+02  6.91414E+00   2.15555E+02  6.95923E+00   2.13007E+02  7.00362E+00   2.10513E+02  7.04725E+00   2.08075E+02  7.09006E+00   2.05695E+02  7.13199E+00   2.03374E+02  7.17296E+00   2.01115E+02  7.21292E+00   1.98919E+02  7.25181E+00   1.96790E+02  7.28955E+00   1.94728E+02  7.32609E+00   1.92737E+02  7.36138E+00   1.90817E+02  7.39533E+00   1.88972E+02  7.42792E+00   1.87204E+02  7.45906E+00   1.85515E+02  7.48872E+00   1.83908E+02  7.51684E+00   1.82383E+02  7.54337E+00   1.80945E+02  7.56827E+00   1.79594E+02  7.59150E+00   1.78334E+02  7.61301E+00   1.77166E+02  7.63277E+00   1.76091E+02  7.65075E+00   1.75113E+02  7.66691E+00   1.74233E+02  7.68123E+00   1.73452E+02  7.69369E+00   1.72772E+02  7.70427E+00   1.72194E+02  7.71294E+00   1.71720E+02  7.71971E+00   1.71350E+02  7.72454E+00   1.71085E+02  7.72745E+00   1.70926E+02  7.72842E+00   1.70873E+02  7.72745E+00   1.70926E+02  7.72454E+00   1.71085E+02  7.71971E+00   1.71350E+02  7.71294E+00   1.71720E+02  7.70427E+00   1.72194E+02  7.69369E+00   1.72772E+02  7.68123E+00   1.73452E+02  7.66691E+00   1.74233E+02  7.65075E+00   1.75113E+02  7.63277E+00   1.76091E+02  7.61301E+00   1.77166E+02  7.59150E+00   1.78334E+02  7.56827E+00   1.79594E+02  7.54337E+00   1.80945E+02  7.51684E+00   1.82383E+02  7.48872E+00   1.83908E+02  7.45906E+00   1.85515E+02  7.42792E+00   1.87204E+02  7.39534E+00   1.88972E+02  7.36138E+00   1.90817E+02  7.32609E+00   1.92737E+02  7.28955E+00   1.94728E+02  7.25181E+00   1.96790E+02  7.21292E+00   1.98919E+02  7.17296E+00   2.01115E+02  7.13199E+00   2.03374E+02  7.09007E+00   2.05695E+02  7.04725E+00   2.08075E+02  7.00362E+00   2.10513E+02  6.95923E+00   2.13007E+02  6.91414E+00   2.15555E+02  6.86841E+00   2.18156E+02  6.82211E+00   2.20807E+02  6.77529E+00   2.23507E+02  6.72801E+00   2.26254E+02  6.68032E+00   2.29046E+02  6.63229E+00   2.31883E+02  6.58395E+00   2.34763E+02  6.53535E+00   2.37684E+02  6.48654E+00   2.40645E+02 
 6.38074E+00   2.41810E+02  6.42677E+00   2.38852E+02  6.47256E+00   2.35934E+02  6.51803E+00   2.33058E+02  6.56316E+00   2.30224E+02  6.60789E+00   2.27433E+02  6.65217E+00   2.24688E+02  6.69596E+00   2.21991E+02  6.73920E+00   2.19341E+02  6.78183E+00   2.16742E+02  6.82381E+00   2.14195E+02  6.86508E+00   2.11702E+02  6.90557E+00   2.09264E+02  6.94524E+00   2.06883E+02  6.98402E+00   2.04562E+02  7.02186E+00   2.02302E+02  7.05871E+00   2.00106E+02  7.09451E+00   1.97975E+02  7.12920E+00   1.95912E+02  7.16273E+00   1.93918E+02  7.19506E+00   1.91997E+02  7.22613E+00   1.90150E+02  7.25589E+00   1.88379E+02  7.28429E+00   1.86688E+02  7.31130E+00   1.85077E+02  7.33688E+00   1.83550E+02  7.36098E+00   1.82108E+02  7.38356E+00   1.80755E+02  7.40460E+00   1.79491E+02  7.42407E+00   1.78320E+02  7.44193E+00   1.77243E+02  7.45816E+00   1.76262E+02  7.47274E+00   1.75379E+02  7.48566E+00   1.74595E+02  7.49688E+00   1.73913E+02  7.50640E+00   1.73333E+02  7.51421E+00   1.72857E+02  7.52029E+00   1.72486E+02  7.52464E+00   1.72220E+02  7.52726E+00   1.72061E+02  7.52812E+00   1.72007E+02  7.52725E+00   1.72061E+02  7.52464E+00   1.72220E+02  7.52030E+00   1.72486E+02  7.51421E+00   1.72857E+02  7.50641E+00   1.73333E+02  7.49688E+00   1.73913E+02  7.48566E+00   1.74595E+02  7.47274E+00   1.75379E+02  7.45817E+00   1.76262E+02  7.44193E+00   1.77243E+02  7.42407E+00   1.78320E+02  7.40460E+00   1.79491E+02  7.38356E+00   1.80755E+02  7.36097E+00   1.82108E+02  7.33687E+00   1.83550E+02  7.31131E+00   1.85077E+02  7.28429E+00   1.86688E+02  7.25589E+00   1.88379E+02  7.22613E+00   1.90150E+02  7.19506E+00   1.91997E+02  7.16274E+00   1.93919E+02  7.12920E+00   1.95912E+02  7.09451E+00   1.97975E+02  7.05871E+00   2.00106E+02  7.02186E+00   2.02302E+02  6.98402E+00   2.04562E+02  6.94524E+00   2.06883E+02  6.90557E+00   2.09264E+02  6.86508E+00   2.11702E+02  6.82381E+00   2.14195E+02  6.78184E+00   2.16742E+02  6.73920E+00   2.19341E+02  6.69596E+00   2.21991E+02  6.65217E+00   2.24688E+02  6.60788E+00   2.27433E+02  6.56316E+00   2.30223E+02  6.51803E+00   2.33058E+02  6.47256E+00   2.35934E+02  6.42677E+00   2.38852E+02  6.38074E+00   2.41810E+02 
 6.27320E+00   2.43023E+02  6.31647E+00   2.40069E+02  6.35944E+00   2.37155E+02  6.40207E+00   2.34281E+02  6.44431E+00   2.31450E+02  6.48611E+00   2.28663E+02  6.52742E+00   2.25920E+02  6.56822E+00   2.23224E+02  6.60843E+00   2.20577E+02  6.64802E+00   2.17979E+02  6.68693E+00   2.15433E+02  6.72511E+00   2.12940E+02  6.76252E+00   2.10502E+02  6.79910E+00   2.08122E+02  6.83480E+00   2.05801E+02  6.86958E+00   2.03540E+02  6.90338E+00   2.01343E+02  6.93617E+00   1.99211E+02  6.96789E+00   1.97146E+02  6.99849E+00   1.95151E+02  7.02794E+00   1.93228E+02  7.05620E+00   1.91378E+02  7.08322E+00   1.89605E+02  7.10898E+00   1.87911E+02  7.13343E+00   1.86297E+02  7.15655E+00   1.84767E+02  7.17829E+00   1.83323E+02  7.19865E+00   1.81966E+02  7.21759E+00   1.80699E+02  7.23509E+00   1.79525E+02  7.25113E+00   1.78445E+02  7.26570E+00   1.77461E+02  7.27876E+00   1.76575E+02  7.29033E+00   1.75789E+02  7.30036E+00   1.75105E+02  7.30888E+00   1.74523E+02  7.31586E+00   1.74046E+02  7.32129E+00   1.73673E+02  7.32518E+00   1.73407E+02  7.32751E+00   1.73246E+02  7.32828E+00   1.73193E+02  7.32751E+00   1.73246E+02  7.32517E+00   1.73407E+02  7.32129E+00   1.73673E+02  7.31586E+00   1.74046E+02  7.30888E+00   1.74523E+02  7.30037E+00   1.75105E+02  7.29032E+00   1.75789E+02  7.27876E+00   1.76575E+02  7.26570E+00   1.77461E+02  7.25113E+00   1.78445E+02  7.23509E+00   1.79525E+02  7.21759E+00   1.80699E+02  7.19865E+00   1.81966E+02  7.17829E+00   1.83323E+02  7.15654E+00   1.84767E+02  7.13343E+00   1.86297E+02  7.10898E+00   1.87911E+02  7.08323E+00   1.89605E+02  7.05620E+00   1.91378E+02  7.02795E+00   1.93228E+02  6.99849E+00   1.95151E+02  6.96789E+00   1.97146E+02  6.93617E+00   1.99211E+02  6.90338E+00   2.01343E+02  6.86958E+00   2.03540E+02  6.83480E+00   2.05801E+02  6.79910E+00   2.08122E+02  6.76252E+00   2.10502E+02  6.72511E+00   2.12940E+02  6.68693E+00   2.15433E+02  6.64802E+00   2.17979E+02  6.60843E+00   2.20577E+02  6.56822E+00   2.23224E+02  6.52742E+00   2.25920E+02  6.48610E+00   2.28663E+02  6.44431E+00   2.31450E+02  6.40207E+00   2.34282E+02  6.35944E+00   2.37155E+02  6.31647E+00   2.40069E+02  6.27319E+00   2.43023E+02 
 6.16417E+00   2.44285E+02  6.20471E+00   2.41335E+02  6.24491E+00   2.38425E+02  6.28471E+00   2.35554E+02  6.32409E+00   2.32726E+02  6.36300E+00   2.29941E+02  6.40139E+00   2.27201E+02  6.43923E+00   2.24507E+02  6.47646E+00   2.21862E+02  6.51305E+00   2.19265E+02  6.54896E+00   2.16720E+02  6.58412E+00   2.14228E+02  6.61851E+00   2.11791E+02  6.65208E+00   2.09411E+02  6.68477E+00   2.07090E+02  6.71657E+00   2.04829E+02  6.74741E+00   2.02631E+02  6.77726E+00   2.00497E+02  6.80609E+00   1.98431E+02  6.83386E+00   1.96434E+02  6.86053E+00   1.94509E+02  6.88607E+00   1.92657E+02  6.91046E+00   1.90881E+02  6.93366E+00   1.89184E+02  6.95565E+00   1.87568E+02  6.97641E+00   1.86035E+02  6.99590E+00   1.84588E+02  7.01413E+00   1.83228E+02  7.03105E+00   1.81958E+02  7.04668E+00   1.80781E+02  7.06098E+00   1.79698E+02  7.07395E+00   1.78711E+02  7.08558E+00   1.77823E+02  7.09585E+00   1.77035E+02  7.10477E+00   1.76348E+02  7.11233E+00   1.75765E+02  7.11852E+00   1.75285E+02  7.12333E+00   1.74912E+02  7.12678E+00   1.74644E+02  7.12884E+00   1.74483E+02  7.12953E+00   1.74430E+02  7.12884E+00   1.74483E+02  7.12678E+00   1.74644E+02  7.12333E+00   1.74912E+02  7.11852E+00   1.75285E+02  7.11233E+00   1.75765E+02  7.10477E+00   1.76348E+02  7.09585E+00   1.77035E+02  7.08558E+00   1.77823E+02  7.07395E+00   1.78711E+02  7.06098E+00   1.79698E+02  7.04668E+00   1.80781E+02  7.03105E+00   1.81958E+02  7.01412E+00   1.83228E+02  6.99590E+00   1.84588E+02  6.97641E+00   1.86035E+02  6.95565E+00   1.87568E+02  6.93366E+00   1.89184E+02  6.91046E+00   1.90881E+02  6.88608E+00   1.92657E+02  6.86053E+00   1.94509E+02  6.83386E+00   1.96434E+02  6.80609E+00   1.98431E+02  6.77726E+00   2.00497E+02  6.74741E+00   2.02630E+02  6.71657E+00   2.04829E+02  6.68477E+00   2.07090E+02  6.65207E+00   2.09411E+02  6.61851E+00   2.11791E+02  6.58412E+00   2.14228E+02  6.54896E+00   2.16720E+02  6.51305E+00   2.19265E+02  6.47646E+00   2.21861E+02  6.43923E+00   2.24507E+02  6.40139E+00   2.27201E+02  6.36300E+00   2.29941E+02  6.32409E+00   2.32726E+02  6.28471E+00   2.35554E+02  6.24490E+00   2.38424E+02  6.20470E+00   2.41335E+02  6.16417E+00   2.44285E+02 
 6.05395E+00   2.45596E+02  6.09177E+00   2.42650E+02  6.12923E+00   2.39743E+02  6.16625E+00   2.36876E+02  6.20281E+00   2.34051E+02  6.23888E+00   2.31269E+02  6.27439E+00   2.28531E+02  6.30933E+00   2.25840E+02  6.34366E+00   2.23196E+02  6.37731E+00   2.20601E+02  6.41027E+00   2.18057E+02  6.44250E+00   2.15566E+02  6.47394E+00   2.13130E+02  6.50458E+00   2.10750E+02  6.53435E+00   2.08428E+02  6.56324E+00   2.06167E+02  6.59122E+00   2.03968E+02  6.61824E+00   2.01834E+02  6.64428E+00   1.99766E+02  6.66931E+00   1.97767E+02  6.69331E+00   1.95840E+02  6.71624E+00   1.93986E+02  6.73809E+00   1.92208E+02  6.75885E+00   1.90509E+02  6.77848E+00   1.88890E+02  6.79698E+00   1.87354E+02  6.81433E+00   1.85903E+02  6.83052E+00   1.84541E+02  6.84553E+00   1.83268E+02  6.85937E+00   1.82088E+02  6.87202E+00   1.81002E+02  6.88349E+00   1.80013E+02  6.89375E+00   1.79122E+02  6.90281E+00   1.78331E+02  6.91067E+00   1.77642E+02  6.91732E+00   1.77057E+02  6.92276E+00   1.76576E+02  6.92700E+00   1.76201E+02  6.93003E+00   1.75933E+02  6.93184E+00   1.75772E+02  6.93245E+00   1.75718E+02  6.93184E+00   1.75772E+02  6.93003E+00   1.75933E+02  6.92700E+00   1.76201E+02  6.92276E+00   1.76576E+02  6.91732E+00   1.77057E+02  6.91067E+00   1.77642E+02  6.90281E+00   1.78331E+02  6.89375E+00   1.79122E+02  6.88348E+00   1.80013E+02  6.87202E+00   1.81002E+02  6.85937E+00   1.82088E+02  6.84553E+00   1.83268E+02  6.83052E+00   1.84541E+02  6.81433E+00   1.85903E+02  6.79698E+00   1.87354E+02  6.77848E+00   1.88890E+02  6.75885E+00   1.90509E+02  6.73810E+00   1.92208E+02  6.71624E+00   1.93986E+02  6.69331E+00   1.95840E+02  6.66931E+00   1.97767E+02  6.64428E+00   1.99766E+02  6.61824E+00   2.01834E+02  6.59121E+00   2.03968E+02  6.56325E+00   2.06167E+02  6.53435E+00   2.08428E+02  6.50457E+00   2.10750E+02  6.47394E+00   2.13130E+02  6.44250E+00   2.15566E+02  6.41028E+00   2.18057E+02  6.37731E+00   2.20601E+02  6.34365E+00   2.23196E+02  6.30934E+00   2.25840E+02  6.27439E+00   2.28531E+02  6.23888E+00   2.31269E+02  6.20281E+00   2.34051E+02  6.16625E+00   2.36876E+02  6.12922E+00   2.39743E+02  6.09177E+00   2.42650E+02  6.05395E+00   2.45596E+02 
 5.94277E+00   2.46954E+02  5.97793E+00   2.44012E+02  6.01268E+00   2.41109E+02  6.04697E+00   2.38246E+02  6.08077E+00   2.35424E+02  6.11405E+00   2.32645E+02  6.14676E+00   2.29910E+02  6.17886E+00   2.27221E+02  6.21034E+00   2.24579E+02  6.24114E+00   2.21986E+02  6.27124E+00   2.19444E+02  6.30060E+00   2.16954E+02  6.32918E+00   2.14518E+02  6.35698E+00   2.12138E+02  6.38393E+00   2.09817E+02  6.41002E+00   2.07555E+02  6.43523E+00   2.05355E+02  6.45952E+00   2.03220E+02  6.48288E+00   2.01151E+02  6.50528E+00   1.99151E+02  6.52672E+00   1.97222E+02  6.54716E+00   1.95366E+02  6.56659E+00   1.93586E+02  6.58501E+00   1.91884E+02  6.60239E+00   1.90262E+02  6.61875E+00   1.88723E+02  6.63406E+00   1.87270E+02  6.64832E+00   1.85905E+02  6.66152E+00   1.84629E+02  6.67368E+00   1.83446E+02  6.68477E+00   1.82357E+02  6.69481E+00   1.81365E+02  6.70379E+00   1.80472E+02  6.71170E+00   1.79679E+02  6.71856E+00   1.78989E+02  6.72437E+00   1.78401E+02  6.72911E+00   1.77919E+02  6.73281E+00   1.77543E+02  6.73544E+00   1.77274E+02  6.73702E+00   1.77112E+02  6.73755E+00   1.77058E+02  6.73702E+00   1.77112E+02  6.73544E+00   1.77274E+02  6.73280E+00   1.77543E+02  6.72912E+00   1.77919E+02  6.72437E+00   1.78401E+02  6.71857E+00   1.78989E+02  6.71170E+00   1.79679E+02  6.70379E+00   1.80472E+02  6.69481E+00   1.81365E+02  6.68477E+00   1.82357E+02  6.67368E+00   1.83446E+02  6.66153E+00   1.84629E+02  6.64832E+00   1.85905E+02  6.63406E+00   1.87270E+02  6.61875E+00   1.88723E+02  6.60239E+00   1.90262E+02  6.58501E+00   1.91884E+02  6.56659E+00   1.93586E+02  6.54716E+00   1.95366E+02  6.52672E+00   1.97222E+02  6.50528E+00   1.99151E+02  6.48288E+00   2.01151E+02  6.45952E+00   2.03220E+02  6.43523E+00   2.05355E+02  6.41002E+00   2.07555E+02  6.38392E+00   2.09817E+02  6.35698E+00   2.12138E+02  6.32918E+00   2.14518E+02  6.30060E+00   2.16954E+02  6.27124E+00   2.19444E+02  6.24114E+00   2.21986E+02  6.21034E+00   2.24579E+02  6.17886E+00   2.27221E+02  6.14675E+00   2.29910E+02  6.11405E+00   2.32645E+02  6.08078E+00   2.35424E+02  6.04697E+00   2.38246E+02  6.01268E+00   2.41109E+02  5.97793E+00   2.44012E+02  5.94276E+00   2.46954E+02 
 5.83089E+00   2.48359E+02  5.86344E+00   2.45422E+02  5.89554E+00   2.42523E+02  5.92716E+00   2.39663E+02  5.95825E+00   2.36845E+02  5.98880E+00   2.34069E+02  6.01877E+00   2.31337E+02  6.04812E+00   2.28651E+02  6.07683E+00   2.26011E+02  6.10485E+00   2.23420E+02  6.13217E+00   2.20879E+02  6.15877E+00   2.18390E+02  6.18459E+00   2.15955E+02  6.20964E+00   2.13576E+02  6.23387E+00   2.11254E+02  6.25727E+00   2.08993E+02  6.27982E+00   2.06792E+02  6.30150E+00   2.04656E+02  6.32229E+00   2.02586E+02  6.34219E+00   2.00585E+02  6.36117E+00   1.98654E+02  6.37923E+00   1.96796E+02  6.39636E+00   1.95014E+02  6.41257E+00   1.93309E+02  6.42783E+00   1.91685E+02  6.44215E+00   1.90144E+02  6.45553E+00   1.88688E+02  6.46798E+00   1.87320E+02  6.47948E+00   1.86041E+02  6.49004E+00   1.84856E+02  6.49967E+00   1.83764E+02  6.50837E+00   1.82770E+02  6.51615E+00   1.81874E+02  6.52299E+00   1.81079E+02  6.52892E+00   1.80387E+02  6.53393E+00   1.79798E+02  6.53802E+00   1.79314E+02  6.54121E+00   1.78937E+02  6.54348E+00   1.78667E+02  6.54484E+00   1.78504E+02  6.54529E+00   1.78450E+02  6.54484E+00   1.78504E+02  6.54348E+00   1.78667E+02  6.54121E+00   1.78937E+02  6.53803E+00   1.79314E+02  6.53393E+00   1.79798E+02  6.52892E+00   1.80387E+02  6.52300E+00   1.81079E+02  6.51615E+00   1.81874E+02  6.50837E+00   1.82770E+02  6.49968E+00   1.83764E+02  6.49004E+00   1.84856E+02  6.47948E+00   1.86041E+02  6.46797E+00   1.87320E+02  6.45554E+00   1.88688E+02  6.44215E+00   1.90144E+02  6.42783E+00   1.91685E+02  6.41257E+00   1.93309E+02  6.39636E+00   1.95014E+02  6.37923E+00   1.96796E+02  6.36117E+00   1.98654E+02  6.34219E+00   2.00585E+02  6.32229E+00   2.02586E+02  6.30150E+00   2.04656E+02  6.27982E+00   2.06792E+02  6.25727E+00   2.08993E+02  6.23387E+00   2.11254E+02  6.20964E+00   2.13576E+02  6.18459E+00   2.15955E+02  6.15877E+00   2.18390E+02  6.13217E+00   2.20879E+02  6.10485E+00   2.23420E+02  6.07683E+00   2.26011E+02  6.04812E+00   2.28651E+02  6.01877E+00   2.31337E+02  5.98881E+00   2.34069E+02  5.95825E+00   2.36845E+02  5.92716E+00   2.39663E+02  5.89554E+00   2.42523E+02  5.86343E+00   2.45422E+02  5.83089E+00   2.48359E+02 
 5.71854E+00   2.49812E+02  5.74854E+00   2.46879E+02  5.77805E+00   2.43984E+02  5.80706E+00   2.41129E+02  5.83553E+00   2.38314E+02  5.86342E+00   2.35541E+02  5.89073E+00   2.32812E+02  5.91740E+00   2.30128E+02  5.94342E+00   2.27491E+02  5.96877E+00   2.24902E+02  5.99341E+00   2.22363E+02  6.01733E+00   2.19875E+02  6.04049E+00   2.17441E+02  6.06290E+00   2.15063E+02  6.08453E+00   2.12741E+02  6.10534E+00   2.10480E+02  6.12536E+00   2.08279E+02  6.14453E+00   2.06142E+02  6.16288E+00   2.04071E+02  6.18039E+00   2.02068E+02  6.19704E+00   2.00136E+02  6.21286E+00   1.98276E+02  6.22781E+00   1.96492E+02  6.24192E+00   1.94785E+02  6.25517E+00   1.93159E+02  6.26759E+00   1.91615E+02  6.27915E+00   1.90157E+02  6.28989E+00   1.88786E+02  6.29979E+00   1.87505E+02  6.30887E+00   1.86317E+02  6.31713E+00   1.85223E+02  6.32459E+00   1.84226E+02  6.33123E+00   1.83328E+02  6.33708E+00   1.82531E+02  6.34214E+00   1.81837E+02  6.34641E+00   1.81246E+02  6.34990E+00   1.80761E+02  6.35261E+00   1.80383E+02  6.35454E+00   1.80112E+02  6.35570E+00   1.79949E+02  6.35609E+00   1.79895E+02  6.35570E+00   1.79949E+02  6.35454E+00   1.80112E+02  6.35261E+00   1.80383E+02  6.34990E+00   1.80761E+02  6.34642E+00   1.81246E+02  6.34214E+00   1.81837E+02  6.33709E+00   1.82531E+02  6.33123E+00   1.83328E+02  6.32459E+00   1.84226E+02  6.31713E+00   1.85223E+02  6.30887E+00   1.86317E+02  6.29979E+00   1.87505E+02  6.28989E+00   1.88786E+02  6.27915E+00   1.90157E+02  6.26758E+00   1.91615E+02  6.25517E+00   1.93159E+02  6.24192E+00   1.94785E+02  6.22781E+00   1.96492E+02  6.21285E+00   1.98276E+02  6.19705E+00   2.00136E+02  6.18039E+00   2.02068E+02  6.16288E+00   2.04071E+02  6.14453E+00   2.06142E+02  6.12535E+00   2.08279E+02  6.10535E+00   2.10479E+02  6.08453E+00   2.12741E+02  6.06290E+00   2.15063E+02  6.04049E+00   2.17441E+02  6.01733E+00   2.19875E+02  5.99340E+00   2.22363E+02  5.96877E+00   2.24902E+02  5.94342E+00   2.27491E+02  5.91740E+00   2.30128E+02  5.89072E+00   2.32812E+02  5.86342E+00   2.35541E+02  5.83553E+00   2.38314E+02  5.80706E+00   2.41129E+02  5.77805E+00   2.43984E+02  5.74854E+00   2.46879E+02  5.71854E+00   2.49812E+02 
 5.60596E+00   2.51312E+02  5.63347E+00   2.48383E+02  5.66046E+00   2.45492E+02  5.68693E+00   2.42641E+02  5.71284E+00   2.39830E+02  5.73817E+00   2.37061E+02  5.76289E+00   2.34335E+02  5.78697E+00   2.31654E+02  5.81041E+00   2.29019E+02  5.83317E+00   2.26432E+02  5.85523E+00   2.23895E+02  5.87658E+00   2.21409E+02  5.89720E+00   2.18976E+02  5.91708E+00   2.16598E+02  5.93621E+00   2.14277E+02  5.95456E+00   2.12015E+02  5.97215E+00   2.09815E+02  5.98896E+00   2.07677E+02  6.00498E+00   2.05605E+02  6.02022E+00   2.03601E+02  6.03468E+00   2.01667E+02  6.04837E+00   1.99806E+02  6.06127E+00   1.98020E+02  6.07341E+00   1.96312E+02  6.08477E+00   1.94683E+02  6.09540E+00   1.93137E+02  6.10526E+00   1.91676E+02  6.11441E+00   1.90303E+02  6.12282E+00   1.89020E+02  6.13051E+00   1.87829E+02  6.13750E+00   1.86733E+02  6.14380E+00   1.85734E+02  6.14941E+00   1.84835E+02  6.15433E+00   1.84036E+02  6.15858E+00   1.83339E+02  6.16217E+00   1.82747E+02  6.16510E+00   1.82261E+02  6.16737E+00   1.81882E+02  6.16899E+00   1.81610E+02  6.16996E+00   1.81447E+02  6.17029E+00   1.81392E+02  6.16996E+00   1.81447E+02  6.16899E+00   1.81610E+02  6.16737E+00   1.81882E+02  6.16510E+00   1.82261E+02  6.16217E+00   1.82747E+02  6.15858E+00   1.83339E+02  6.15433E+00   1.84036E+02  6.14940E+00   1.84835E+02  6.14380E+00   1.85734E+02  6.13750E+00   1.86733E+02  6.13051E+00   1.87829E+02  6.12282E+00   1.89020E+02  6.11441E+00   1.90303E+02  6.10527E+00   1.91676E+02  6.09540E+00   1.93137E+02  6.08477E+00   1.94683E+02  6.07341E+00   1.96312E+02  6.06127E+00   1.98020E+02  6.04837E+00   1.99806E+02  6.03468E+00   2.01668E+02  6.02022E+00   2.03601E+02  6.00498E+00   2.05605E+02  5.98895E+00   2.07677E+02  5.97215E+00   2.09815E+02  5.95456E+00   2.12015E+02  5.93620E+00   2.14277E+02  5.91708E+00   2.16598E+02  5.89720E+00   2.18976E+02  5.87658E+00   2.21409E+02  5.85523E+00   2.23895E+02  5.83317E+00   2.26432E+02  5.81041E+00   2.29019E+02  5.78697E+00   2.31654E+02  5.76288E+00   2.34335E+02  5.73817E+00   2.37061E+02  5.71284E+00   2.39830E+02  5.68693E+00   2.42641E+02  5.66046E+00   2.45492E+02  5.63347E+00   2.48383E+02  5.60596E+00   2.51312E+02 
 5.49338E+00   2.52857E+02  5.51846E+00   2.49933E+02  5.54301E+00   2.47047E+02  5.56701E+00   2.44200E+02  5.59044E+00   2.41393E+02  5.61328E+00   2.38628E+02  5.63551E+00   2.35905E+02  5.65710E+00   2.33227E+02  5.67805E+00   2.30595E+02  5.69832E+00   2.28010E+02  5.71791E+00   2.25475E+02  5.73680E+00   2.22990E+02  5.75498E+00   2.20559E+02  5.77245E+00   2.18182E+02  5.78920E+00   2.15862E+02  5.80521E+00   2.13600E+02  5.82051E+00   2.11399E+02  5.83506E+00   2.09261E+02  5.84890E+00   2.07189E+02  5.86201E+00   2.05184E+02  5.87439E+00   2.03249E+02  5.88608E+00   2.01386E+02  5.89705E+00   1.99599E+02  5.90734E+00   1.97888E+02  5.91695E+00   1.96258E+02  5.92590E+00   1.94710E+02  5.93419E+00   1.93247E+02  5.94184E+00   1.91872E+02  5.94887E+00   1.90587E+02  5.95528E+00   1.89394E+02  5.96109E+00   1.88296E+02  5.96631E+00   1.87295E+02  5.97096E+00   1.86393E+02  5.97503E+00   1.85592E+02  5.97854E+00   1.84895E+02  5.98150E+00   1.84301E+02  5.98391E+00   1.83814E+02  5.98579E+00   1.83434E+02  5.98712E+00   1.83161E+02  5.98792E+00   1.82998E+02  5.98818E+00   1.82943E+02  5.98792E+00   1.82998E+02  5.98711E+00   1.83161E+02  5.98579E+00   1.83434E+02  5.98391E+00   1.83814E+02  5.98150E+00   1.84301E+02  5.97854E+00   1.84895E+02  5.97503E+00   1.85592E+02  5.97095E+00   1.86393E+02  5.96632E+00   1.87295E+02  5.96109E+00   1.88296E+02  5.95528E+00   1.89394E+02  5.94887E+00   1.90587E+02  5.94184E+00   1.91872E+02  5.93419E+00   1.93247E+02  5.92589E+00   1.94710E+02  5.91695E+00   1.96258E+02  5.90734E+00   1.97888E+02  5.89705E+00   1.99599E+02  5.88607E+00   2.01386E+02  5.87439E+00   2.03249E+02  5.86200E+00   2.05184E+02  5.84889E+00   2.07189E+02  5.83506E+00   2.09261E+02  5.82051E+00   2.11399E+02  5.80522E+00   2.13600E+02  5.78920E+00   2.15862E+02  5.77245E+00   2.18182E+02  5.75499E+00   2.20559E+02  5.73680E+00   2.22990E+02  5.71790E+00   2.25475E+02  5.69833E+00   2.28010E+02  5.67804E+00   2.30595E+02  5.65710E+00   2.33227E+02  5.63551E+00   2.35905E+02  5.61328E+00   2.38628E+02  5.59044E+00   2.41393E+02  5.56701E+00   2.44200E+02  5.54301E+00   2.47047E+02  5.51846E+00   2.49933E+02  5.49338E+00   2.52857E+02 
 5.38098E+00   2.54448E+02  5.40371E+00   2.51530E+02  5.42589E+00   2.48648E+02  5.44752E+00   2.45806E+02  5.46855E+00   2.43003E+02  5.48900E+00   2.40241E+02  5.50883E+00   2.37522E+02  5.52802E+00   2.34847E+02  5.54657E+00   2.32217E+02  5.56447E+00   2.29635E+02  5.58169E+00   2.27102E+02  5.59824E+00   2.24619E+02  5.61411E+00   2.22189E+02  5.62928E+00   2.19813E+02  5.64378E+00   2.17494E+02  5.65757E+00   2.15233E+02  5.67069E+00   2.13032E+02  5.68313E+00   2.10894E+02  5.69489E+00   2.08821E+02  5.70600E+00   2.06816E+02  5.71644E+00   2.04880E+02  5.72625E+00   2.03016E+02  5.73542E+00   2.01227E+02  5.74400E+00   1.99515E+02  5.75196E+00   1.97883E+02  5.75935E+00   1.96334E+02  5.76618E+00   1.94869E+02  5.77246E+00   1.93492E+02  5.77821E+00   1.92205E+02  5.78343E+00   1.91010E+02  5.78816E+00   1.89910E+02  5.79239E+00   1.88907E+02  5.79615E+00   1.88004E+02  5.79944E+00   1.87202E+02  5.80227E+00   1.86502E+02  5.80466E+00   1.85908E+02  5.80660E+00   1.85420E+02  5.80810E+00   1.85038E+02  5.80917E+00   1.84766E+02  5.80981E+00   1.84601E+02  5.81003E+00   1.84547E+02  5.80981E+00   1.84601E+02  5.80917E+00   1.84766E+02  5.80810E+00   1.85038E+02  5.80660E+00   1.85420E+02  5.80466E+00   1.85908E+02  5.80227E+00   1.86502E+02  5.79944E+00   1.87202E+02  5.79615E+00   1.88004E+02  5.79239E+00   1.88907E+02  5.78816E+00   1.89910E+02  5.78344E+00   1.91010E+02  5.77820E+00   1.92205E+02  5.77246E+00   1.93492E+02  5.76618E+00   1.94869E+02  5.75936E+00   1.96334E+02  5.75196E+00   1.97883E+02  5.74399E+00   1.99515E+02  5.73543E+00   2.01227E+02  5.72625E+00   2.03016E+02  5.71644E+00   2.04880E+02  5.70599E+00   2.06816E+02  5.69489E+00   2.08821E+02  5.68313E+00   2.10894E+02  5.67069E+00   2.13032E+02  5.65758E+00   2.15233E+02  5.64377E+00   2.17494E+02  5.62929E+00   2.19813E+02  5.61411E+00   2.22189E+02  5.59824E+00   2.24619E+02  5.58170E+00   2.27102E+02  5.56447E+00   2.29635E+02  5.54657E+00   2.32217E+02  5.52803E+00   2.34847E+02  5.50883E+00   2.37522E+02  5.48900E+00   2.40241E+02  5.46855E+00   2.43003E+02  5.44751E+00   2.45806E+02  5.42589E+00   2.48648E+02  5.40371E+00   2.51530E+02  5.38097E+00   2.54448E+02 
 5.26896E+00   2.56085E+02  5.28942E+00   2.53172E+02  5.30931E+00   2.50295E+02  5.32864E+00   2.47457E+02  5.34739E+00   2.44658E+02  5.36553E+00   2.41900E+02  5.38306E+00   2.39185E+02  5.39996E+00   2.36513E+02  5.41622E+00   2.33887E+02  5.43185E+00   2.31307E+02  5.44682E+00   2.28776E+02  5.46114E+00   2.26296E+02  5.47481E+00   2.23867E+02  5.48781E+00   2.21493E+02  5.50017E+00   2.19174E+02  5.51188E+00   2.16914E+02  5.52295E+00   2.14714E+02  5.53339E+00   2.12576E+02  5.54321E+00   2.10503E+02  5.55244E+00   2.08497E+02  5.56107E+00   2.06560E+02  5.56913E+00   2.04696E+02  5.57663E+00   2.02905E+02  5.58360E+00   2.01192E+02  5.59006E+00   1.99559E+02  5.59600E+00   1.98008E+02  5.60148E+00   1.96541E+02  5.60649E+00   1.95163E+02  5.61106E+00   1.93874E+02  5.61519E+00   1.92677E+02  5.61893E+00   1.91576E+02  5.62225E+00   1.90572E+02  5.62520E+00   1.89667E+02  5.62778E+00   1.88863E+02  5.62999E+00   1.88163E+02  5.63184E+00   1.87567E+02  5.63336E+00   1.87078E+02  5.63452E+00   1.86696E+02  5.63536E+00   1.86423E+02  5.63585E+00   1.86259E+02  5.63602E+00   1.86204E+02  5.63585E+00   1.86259E+02  5.63536E+00   1.86423E+02  5.63452E+00   1.86696E+02  5.63336E+00   1.87078E+02  5.63184E+00   1.87567E+02  5.62999E+00   1.88163E+02  5.62777E+00   1.88863E+02  5.62521E+00   1.89667E+02  5.62225E+00   1.90572E+02  5.61893E+00   1.91576E+02  5.61519E+00   1.92677E+02  5.61106E+00   1.93874E+02  5.60649E+00   1.95163E+02  5.60148E+00   1.96541E+02  5.59601E+00   1.98008E+02  5.59005E+00   1.99559E+02  5.58360E+00   2.01192E+02  5.57663E+00   2.02905E+02  5.56913E+00   2.04695E+02  5.56107E+00   2.06560E+02  5.55244E+00   2.08497E+02  5.54322E+00   2.10503E+02  5.53339E+00   2.12576E+02  5.52295E+00   2.14714E+02  5.51188E+00   2.16914E+02  5.50017E+00   2.19174E+02  5.48782E+00   2.21493E+02  5.47481E+00   2.23867E+02  5.46114E+00   2.26296E+02  5.44683E+00   2.28776E+02  5.43185E+00   2.31307E+02  5.41623E+00   2.33887E+02  5.39996E+00   2.36513E+02  5.38305E+00   2.39185E+02  5.36553E+00   2.41900E+02  5.34738E+00   2.44658E+02  5.32864E+00   2.47457E+02  5.30931E+00   2.50295E+02  5.28941E+00   2.53171E+02  5.26896E+00   2.56085E+02 
 5.15751E+00   2.57766E+02  5.17578E+00   2.54858E+02  5.19347E+00   2.51987E+02  5.21060E+00   2.49153E+02  5.22714E+00   2.46359E+02  5.24307E+00   2.43605E+02  5.25840E+00   2.40894E+02  5.27312E+00   2.38226E+02  5.28720E+00   2.35602E+02  5.30067E+00   2.33026E+02  5.31350E+00   2.30497E+02  5.32570E+00   2.28019E+02  5.33729E+00   2.25592E+02  5.34825E+00   2.23219E+02  5.35859E+00   2.20902E+02  5.36834E+00   2.18643E+02  5.37749E+00   2.16443E+02  5.38607E+00   2.14306E+02  5.39407E+00   2.12232E+02  5.40155E+00   2.10226E+02  5.40848E+00   2.08289E+02  5.41492E+00   2.06424E+02  5.42088E+00   2.04633E+02  5.42636E+00   2.02919E+02  5.43142E+00   2.01285E+02  5.43604E+00   1.99732E+02  5.44027E+00   1.98265E+02  5.44411E+00   1.96884E+02  5.44760E+00   1.95594E+02  5.45075E+00   1.94397E+02  5.45357E+00   1.93294E+02  5.45607E+00   1.92288E+02  5.45828E+00   1.91382E+02  5.46021E+00   1.90577E+02  5.46185E+00   1.89876E+02  5.46324E+00   1.89280E+02  5.46436E+00   1.88790E+02  5.46522E+00   1.88407E+02  5.46584E+00   1.88133E+02  5.46621E+00   1.87969E+02  5.46633E+00   1.87914E+02  5.46621E+00   1.87969E+02  5.46584E+00   1.88133E+02  5.46523E+00   1.88407E+02  5.46435E+00   1.88790E+02  5.46324E+00   1.89280E+02  5.46185E+00   1.89876E+02  5.46021E+00   1.90577E+02  5.45828E+00   1.91382E+02  5.45607E+00   1.92288E+02  5.45357E+00   1.93294E+02  5.45075E+00   1.94397E+02  5.44760E+00   1.95594E+02  5.44411E+00   1.96885E+02  5.44027E+00   1.98265E+02  5.43604E+00   1.99732E+02  5.43141E+00   2.01285E+02  5.42636E+00   2.02919E+02  5.42088E+00   2.04633E+02  5.41492E+00   2.06424E+02  5.40848E+00   2.08289E+02  5.40155E+00   2.10226E+02  5.39407E+00   2.12232E+02  5.38607E+00   2.14306E+02  5.37749E+00   2.16443E+02  5.36834E+00   2.18643E+02  5.35860E+00   2.20902E+02  5.34824E+00   2.23219E+02  5.33729E+00   2.25592E+02  5.32571E+00   2.28019E+02  5.31350E+00   2.30497E+02  5.30067E+00   2.33026E+02  5.28720E+00   2.35602E+02  5.27311E+00   2.38226E+02  5.25840E+00   2.40894E+02  5.24307E+00   2.43605E+02  5.22713E+00   2.46359E+02  5.21060E+00   2.49153E+02  5.19347E+00   2.51987E+02  5.17577E+00   2.54858E+02  5.15751E+00   2.57766E+02 
 5.04679E+00   2.59492E+02  5.06295E+00   2.56590E+02  5.07854E+00   2.53723E+02  5.09354E+00   2.50895E+02  5.10798E+00   2.48105E+02  5.12181E+00   2.45356E+02  5.13503E+00   2.42648E+02  5.14767E+00   2.39984E+02  5.15969E+00   2.37364E+02  5.17110E+00   2.34790E+02  5.18192E+00   2.32265E+02  5.19212E+00   2.29788E+02  5.20175E+00   2.27364E+02  5.21078E+00   2.24993E+02  5.21923E+00   2.22677E+02  5.22714E+00   2.20419E+02  5.23449E+00   2.18220E+02  5.24133E+00   2.16083E+02  5.24765E+00   2.14010E+02  5.25349E+00   2.12004E+02  5.25887E+00   2.10067E+02  5.26380E+00   2.08201E+02  5.26833E+00   2.06410E+02  5.27245E+00   2.04695E+02  5.27621E+00   2.03060E+02  5.27962E+00   2.01507E+02  5.28271E+00   2.00038E+02  5.28549E+00   1.98657E+02  5.28800E+00   1.97366E+02  5.29023E+00   1.96167E+02  5.29222E+00   1.95063E+02  5.29399E+00   1.94057E+02  5.29552E+00   1.93150E+02  5.29686E+00   1.92344E+02  5.29800E+00   1.91642E+02  5.29895E+00   1.91045E+02  5.29972E+00   1.90554E+02  5.30031E+00   1.90171E+02  5.30073E+00   1.89897E+02  5.30098E+00   1.89732E+02  5.30107E+00   1.89677E+02  5.30098E+00   1.89732E+02  5.30073E+00   1.89897E+02  5.30031E+00   1.90171E+02  5.29972E+00   1.90554E+02  5.29895E+00   1.91045E+02  5.29800E+00   1.91642E+02  5.29686E+00   1.92344E+02  5.29552E+00   1.93150E+02  5.29399E+00   1.94057E+02  5.29222E+00   1.95063E+02  5.29023E+00   1.96167E+02  5.28799E+00   1.97366E+02  5.28549E+00   1.98657E+02  5.28271E+00   2.00038E+02  5.27962E+00   2.01507E+02  5.27621E+00   2.03060E+02  5.27245E+00   2.04695E+02  5.26833E+00   2.06410E+02  5.26380E+00   2.08201E+02  5.25887E+00   2.10067E+02  5.25349E+00   2.12004E+02  5.24765E+00   2.14010E+02  5.24133E+00   2.16083E+02  5.23449E+00   2.18220E+02  5.22714E+00   2.20419E+02  5.21923E+00   2.22677E+02  5.21078E+00   2.24993E+02  5.20175E+00   2.27364E+02  5.19212E+00   2.29788E+02  5.18192E+00   2.32264E+02  5.17110E+00   2.34790E+02  5.15969E+00   2.37364E+02  5.14767E+00   2.39984E+02  5.13503E+00   2.42648E+02  5.12181E+00   2.45356E+02  5.10797E+00   2.48105E+02  5.09354E+00   2.50895E+02  5.07853E+00   2.53723E+02  5.06295E+00   2.56590E+02  5.04680E+00   2.59492E+02 
 4.93697E+00   2.61262E+02  4.95110E+00   2.58365E+02  4.96467E+00   2.55504E+02  4.97765E+00   2.52680E+02  4.99007E+00   2.49896E+02  5.00191E+00   2.47151E+02  5.01314E+00   2.44447E+02  5.02379E+00   2.41787E+02  5.03385E+00   2.39171E+02  5.04332E+00   2.36600E+02  5.05223E+00   2.34077E+02  5.06056E+00   2.31604E+02  5.06834E+00   2.29182E+02  5.07557E+00   2.26812E+02  5.08226E+00   2.24498E+02  5.08845E+00   2.22241E+02  5.09413E+00   2.20044E+02  5.09934E+00   2.17908E+02  5.10410E+00   2.15836E+02  5.10843E+00   2.13830E+02  5.11237E+00   2.11893E+02  5.11592E+00   2.10028E+02  5.11912E+00   2.08236E+02  5.12200E+00   2.06521E+02  5.12458E+00   2.04885E+02  5.12688E+00   2.03331E+02  5.12892E+00   2.01862E+02  5.13074E+00   2.00480E+02  5.13235E+00   1.99188E+02  5.13377E+00   1.97989E+02  5.13501E+00   1.96884E+02  5.13610E+00   1.95877E+02  5.13703E+00   1.94969E+02  5.13784E+00   1.94163E+02  5.13852E+00   1.93460E+02  5.13908E+00   1.92862E+02  5.13953E+00   1.92371E+02  5.13988E+00   1.91988E+02  5.14013E+00   1.91714E+02  5.14027E+00   1.91549E+02  5.14032E+00   1.91494E+02  5.14027E+00   1.91549E+02  5.14013E+00   1.91714E+02  5.13988E+00   1.91988E+02  5.13953E+00   1.92371E+02  5.13908E+00   1.92862E+02  5.13852E+00   1.93460E+02  5.13784E+00   1.94163E+02  5.13703E+00   1.94969E+02  5.13609E+00   1.95877E+02  5.13501E+00   1.96884E+02  5.13376E+00   1.97989E+02  5.13235E+00   1.99188E+02  5.13074E+00   2.00480E+02  5.12893E+00   2.01862E+02  5.12688E+00   2.03331E+02  5.12458E+00   2.04885E+02  5.12200E+00   2.06521E+02  5.11912E+00   2.08236E+02  5.11592E+00   2.10028E+02  5.11237E+00   2.11893E+02  5.10843E+00   2.13830E+02  5.10410E+00   2.15836E+02  5.09934E+00   2.17908E+02  5.09413E+00   2.20044E+02  5.08844E+00   2.22241E+02  5.08226E+00   2.24498E+02  5.07557E+00   2.26812E+02  5.06833E+00   2.29182E+02  5.06056E+00   2.31604E+02  5.05223E+00   2.34077E+02  5.04332E+00   2.36600E+02  5.03385E+00   2.39170E+02  5.02379E+00   2.41787E+02  5.01314E+00   2.44447E+02  5.00190E+00   2.47151E+02  4.99006E+00   2.49896E+02  4.97765E+00   2.52681E+02  4.96466E+00   2.55504E+02  4.95110E+00   2.58365E+02  4.93697E+00   2.61262E+02 
 4.82817E+00   2.63075E+02  4.84036E+00   2.60184E+02  4.85201E+00   2.57328E+02  4.86308E+00   2.54510E+02  4.87356E+00   2.51730E+02  4.88350E+00   2.48990E+02  4.89285E+00   2.46291E+02  4.90162E+00   2.43635E+02  4.90985E+00   2.41022E+02  4.91749E+00   2.38455E+02  4.92460E+00   2.35935E+02  4.93117E+00   2.33465E+02  4.93721E+00   2.31045E+02  4.94276E+00   2.28678E+02  4.94780E+00   2.26366E+02  4.95239E+00   2.24111E+02  4.95653E+00   2.21915E+02  4.96023E+00   2.19780E+02  4.96355E+00   2.17709E+02  4.96650E+00   2.15704E+02  4.96910E+00   2.13767E+02  4.97139E+00   2.11902E+02  4.97338E+00   2.10110E+02  4.97512E+00   2.08395E+02  4.97662E+00   2.06759E+02  4.97791E+00   2.05206E+02  4.97901E+00   2.03736E+02  4.97996E+00   2.02354E+02  4.98076E+00   2.01061E+02  4.98143E+00   1.99861E+02  4.98200E+00   1.98756E+02  4.98248E+00   1.97748E+02  4.98287E+00   1.96840E+02  4.98320E+00   1.96033E+02  4.98347E+00   1.95330E+02  4.98369E+00   1.94732E+02  4.98386E+00   1.94241E+02  4.98399E+00   1.93857E+02  4.98408E+00   1.93583E+02  4.98413E+00   1.93418E+02  4.98415E+00   1.93363E+02  4.98413E+00   1.93418E+02  4.98408E+00   1.93583E+02  4.98399E+00   1.93857E+02  4.98386E+00   1.94241E+02  4.98369E+00   1.94732E+02  4.98347E+00   1.95330E+02  4.98320E+00   1.96033E+02  4.98287E+00   1.96840E+02  4.98248E+00   1.97748E+02  4.98200E+00   1.98756E+02  4.98143E+00   1.99861E+02  4.98076E+00   2.01061E+02  4.97996E+00   2.02354E+02  4.97902E+00   2.03736E+02  4.97791E+00   2.05206E+02  4.97662E+00   2.06759E+02  4.97512E+00   2.08395E+02  4.97339E+00   2.10110E+02  4.97138E+00   2.11902E+02  4.96910E+00   2.13767E+02  4.96650E+00   2.15704E+02  4.96355E+00   2.17709E+02  4.96024E+00   2.19780E+02  4.95652E+00   2.21915E+02  4.95239E+00   2.24111E+02  4.94780E+00   2.26366E+02  4.94275E+00   2.28678E+02  4.93721E+00   2.31045E+02  4.93117E+00   2.33465E+02  4.92460E+00   2.35936E+02  4.91750E+00   2.38455E+02  4.90984E+00   2.41022E+02  4.90163E+00   2.43635E+02  4.89285E+00   2.46291E+02  4.88349E+00   2.48990E+02  4.87356E+00   2.51730E+02  4.86308E+00   2.54510E+02  4.85200E+00   2.57328E+02  4.84037E+00   2.60184E+02  4.82817E+00   2.63075E+02 
 4.72054E+00   2.64931E+02  4.73088E+00   2.62046E+02  4.74069E+00   2.59196E+02  4.74994E+00   2.56383E+02  4.75861E+00   2.53609E+02  4.76673E+00   2.50873E+02  4.77430E+00   2.48179E+02  4.78130E+00   2.45527E+02  4.78779E+00   2.42918E+02  4.79373E+00   2.40355E+02  4.79915E+00   2.37838E+02  4.80408E+00   2.35371E+02  4.80850E+00   2.32954E+02  4.81247E+00   2.30589E+02  4.81599E+00   2.28280E+02  4.81909E+00   2.26026E+02  4.82179E+00   2.23832E+02  4.82412E+00   2.21698E+02  4.82611E+00   2.19628E+02  4.82778E+00   2.17624E+02  4.82916E+00   2.15689E+02  4.83029E+00   2.13824E+02  4.83119E+00   2.12033E+02  4.83189E+00   2.10318E+02  4.83241E+00   2.08683E+02  4.83279E+00   2.07129E+02  4.83304E+00   2.05659E+02  4.83319E+00   2.04277E+02  4.83327E+00   2.02985E+02  4.83328E+00   2.01784E+02  4.83324E+00   2.00679E+02  4.83318E+00   1.99671E+02  4.83309E+00   1.98763E+02  4.83300E+00   1.97956E+02  4.83290E+00   1.97253E+02  4.83281E+00   1.96654E+02  4.83273E+00   1.96163E+02  4.83266E+00   1.95779E+02  4.83261E+00   1.95505E+02  4.83258E+00   1.95340E+02  4.83257E+00   1.95285E+02  4.83258E+00   1.95340E+02  4.83261E+00   1.95505E+02  4.83266E+00   1.95779E+02  4.83273E+00   1.96163E+02  4.83281E+00   1.96654E+02  4.83290E+00   1.97253E+02  4.83300E+00   1.97956E+02  4.83309E+00   1.98763E+02  4.83318E+00   1.99671E+02  4.83324E+00   2.00679E+02  4.83328E+00   2.01784E+02  4.83326E+00   2.02985E+02  4.83320E+00   2.04277E+02  4.83304E+00   2.05659E+02  4.83279E+00   2.07129E+02  4.83241E+00   2.08683E+02  4.83189E+00   2.10318E+02  4.83119E+00   2.12033E+02  4.83029E+00   2.13824E+02  4.82917E+00   2.15689E+02  4.82778E+00   2.17624E+02  4.82611E+00   2.19628E+02  4.82412E+00   2.21698E+02  4.82179E+00   2.23832E+02  4.81909E+00   2.26026E+02  4.81599E+00   2.28280E+02  4.81247E+00   2.30589E+02  4.80850E+00   2.32954E+02  4.80407E+00   2.35371E+02  4.79915E+00   2.37838E+02  4.79373E+00   2.40355E+02  4.78779E+00   2.42918E+02  4.78131E+00   2.45527E+02  4.77429E+00   2.48179E+02  4.76673E+00   2.50873E+02  4.75861E+00   2.53609E+02  4.74994E+00   2.56383E+02  4.74069E+00   2.59196E+02  4.73089E+00   2.62046E+02  4.72053E+00   2.64931E+02 
 4.61419E+00   2.66829E+02  4.62280E+00   2.63950E+02  4.63083E+00   2.61106E+02  4.63835E+00   2.58299E+02  4.64532E+00   2.55530E+02  4.65172E+00   2.52800E+02  4.65762E+00   2.50110E+02  4.66297E+00   2.47462E+02  4.66780E+00   2.44858E+02  4.67215E+00   2.42298E+02  4.67599E+00   2.39786E+02  4.67938E+00   2.37321E+02  4.68231E+00   2.34908E+02  4.68481E+00   2.32546E+02  4.68692E+00   2.30238E+02  4.68865E+00   2.27987E+02  4.69003E+00   2.25795E+02  4.69109E+00   2.23663E+02  4.69185E+00   2.21594E+02  4.69237E+00   2.19592E+02  4.69263E+00   2.17657E+02  4.69271E+00   2.15794E+02  4.69261E+00   2.14004E+02  4.69237E+00   2.12289E+02  4.69201E+00   2.10655E+02  4.69156E+00   2.09101E+02  4.69105E+00   2.07632E+02  4.69049E+00   2.06250E+02  4.68992E+00   2.04958E+02  4.68933E+00   2.03758E+02  4.68876E+00   2.02653E+02  4.68821E+00   2.01645E+02  4.68770E+00   2.00736E+02  4.68722E+00   1.99930E+02  4.68681E+00   1.99226E+02  4.68643E+00   1.98628E+02  4.68614E+00   1.98137E+02  4.68590E+00   1.97753E+02  4.68573E+00   1.97479E+02  4.68562E+00   1.97313E+02  4.68559E+00   1.97258E+02  4.68562E+00   1.97313E+02  4.68573E+00   1.97479E+02  4.68589E+00   1.97753E+02  4.68614E+00   1.98137E+02  4.68643E+00   1.98628E+02  4.68681E+00   1.99226E+02  4.68722E+00   1.99930E+02  4.68770E+00   2.00736E+02  4.68821E+00   2.01645E+02  4.68876E+00   2.02653E+02  4.68933E+00   2.03758E+02  4.68992E+00   2.04958E+02  4.69050E+00   2.06250E+02  4.69105E+00   2.07632E+02  4.69157E+00   2.09101E+02  4.69201E+00   2.10655E+02  4.69237E+00   2.12290E+02  4.69261E+00   2.14004E+02  4.69271E+00   2.15794E+02  4.69264E+00   2.17657E+02  4.69236E+00   2.19592E+02  4.69186E+00   2.21594E+02  4.69108E+00   2.23663E+02  4.69003E+00   2.25795E+02  4.68865E+00   2.27987E+02  4.68692E+00   2.30238E+02  4.68482E+00   2.32546E+02  4.68231E+00   2.34908E+02  4.67938E+00   2.37321E+02  4.67599E+00   2.39786E+02  4.67215E+00   2.42298E+02  4.66781E+00   2.44858E+02  4.66296E+00   2.47462E+02  4.65761E+00   2.50110E+02  4.65173E+00   2.52800E+02  4.64531E+00   2.55530E+02  4.63835E+00   2.58299E+02  4.63084E+00   2.61106E+02  4.62279E+00   2.63950E+02  4.61418E+00   2.66829E+02 
 4.50921E+00   2.68769E+02  4.51618E+00   2.65896E+02  4.52257E+00   2.63059E+02  4.52843E+00   2.60257E+02  4.53378E+00   2.57494E+02  4.53858E+00   2.54769E+02  4.54288E+00   2.52084E+02  4.54670E+00   2.49441E+02  4.55000E+00   2.46841E+02  4.55284E+00   2.44286E+02  4.55523E+00   2.41777E+02  4.55718E+00   2.39316E+02  4.55872E+00   2.36905E+02  4.55988E+00   2.34547E+02  4.56068E+00   2.32242E+02  4.56115E+00   2.29993E+02  4.56131E+00   2.27803E+02  4.56121E+00   2.25673E+02  4.56085E+00   2.23607E+02  4.56030E+00   2.21606E+02  4.55957E+00   2.19673E+02  4.55868E+00   2.17810E+02  4.55769E+00   2.16021E+02  4.55659E+00   2.14308E+02  4.55545E+00   2.12674E+02  4.55426E+00   2.11122E+02  4.55307E+00   2.09653E+02  4.55187E+00   2.08272E+02  4.55072E+00   2.06980E+02  4.54960E+00   2.05781E+02  4.54856E+00   2.04676E+02  4.54757E+00   2.03669E+02  4.54668E+00   2.02761E+02  4.54588E+00   2.01954E+02  4.54517E+00   2.01251E+02  4.54457E+00   2.00653E+02  4.54407E+00   2.00162E+02  4.54368E+00   1.99779E+02  4.54340E+00   1.99504E+02  4.54324E+00   1.99339E+02  4.54318E+00   1.99284E+02  4.54324E+00   1.99339E+02  4.54341E+00   1.99504E+02  4.54368E+00   1.99779E+02  4.54407E+00   2.00162E+02  4.54457E+00   2.00653E+02  4.54518E+00   2.01251E+02  4.54588E+00   2.01954E+02  4.54668E+00   2.02761E+02  4.54757E+00   2.03669E+02  4.54856E+00   2.04676E+02  4.54960E+00   2.05781E+02  4.55072E+00   2.06980E+02  4.55187E+00   2.08272E+02  4.55307E+00   2.09653E+02  4.55426E+00   2.11122E+02  4.55545E+00   2.12674E+02  4.55660E+00   2.14308E+02  4.55768E+00   2.16021E+02  4.55869E+00   2.17810E+02  4.55956E+00   2.19673E+02  4.56031E+00   2.21606E+02  4.56085E+00   2.23607E+02  4.56120E+00   2.25673E+02  4.56131E+00   2.27803E+02  4.56114E+00   2.29993E+02  4.56068E+00   2.32242E+02  4.55988E+00   2.34547E+02  4.55873E+00   2.36905E+02  4.55718E+00   2.39316E+02  4.55522E+00   2.41777E+02  4.55284E+00   2.44285E+02  4.54999E+00   2.46841E+02  4.54669E+00   2.49441E+02  4.54289E+00   2.52084E+02  4.53859E+00   2.54769E+02  4.53378E+00   2.57494E+02  4.52843E+00   2.60257E+02  4.52256E+00   2.63059E+02  4.51616E+00   2.65896E+02  4.50922E+00   2.68769E+02 
