/rn,a,b/nx0/ls1
/r,qa,qb
81 -0.4 0.4 0 OUTPUT_AMP_PHASE_3D Wavelength=0.8
81 -0.4 0.4
 4.16069E-03   1.28158E+02  4.23324E-03   1.26094E+02  4.30291E-03   1.24078E+02  4.36323E-03   1.22199E+02  4.42164E-03   1.20404E+02  4.47160E-03   1.18738E+02  4.51181E-03   1.17155E+02  4.54216E-03   1.15600E+02  4.56379E-03   1.14140E+02  4.57516E-03   1.12706E+02  4.57582E-03   1.11284E+02  4.56896E-03   1.09958E+02  4.54810E-03   1.08653E+02  4.51839E-03   1.07394E+02  4.47624E-03   1.06180E+02  4.42208E-03   1.04979E+02  4.35906E-03   1.03825E+02  4.28212E-03   1.02686E+02  4.19703E-03   1.01582E+02  4.09942E-03   1.00500E+02  3.99073E-03   9.94336E+01  3.87204E-03   9.84090E+01  3.74156E-03   9.73942E+01  3.60350E-03   9.64310E+01  3.45342E-03   9.55054E+01  3.29445E-03   9.46058E+01  3.12647E-03   9.37743E+01  2.94889E-03   9.29608E+01  2.76259E-03   9.22145E+01  2.56715E-03   9.14974E+01  2.36394E-03   9.08486E+01  2.15158E-03   9.02483E+01  1.93408E-03   8.97054E+01  1.70801E-03   8.91985E+01  1.47667E-03   8.87567E+01  1.23962E-03   8.84085E+01  9.98031E-04   8.80964E+01  7.52279E-04   8.78307E+01  5.03695E-04   8.75484E+01  2.53330E-04   8.73126E+01  2.73903E-06   4.50789E+01  2.49674E-04   2.68217E+02  4.99820E-04   2.68049E+02  7.48405E-04   2.68159E+02  9.94025E-04   2.68375E+02  1.23615E-03   2.68653E+02  1.47384E-03   2.69000E+02  1.70611E-03   2.69391E+02  1.93273E-03   2.69844E+02  2.15094E-03   2.70381E+02  2.36436E-03   2.70967E+02  2.56806E-03   2.71586E+02  2.76457E-03   2.72265E+02  2.95120E-03   2.72989E+02  3.13032E-03   2.73782E+02  3.29942E-03   2.74595E+02  3.45942E-03   2.75467E+02  3.60853E-03   2.76387E+02  3.74689E-03   2.77365E+02  3.87584E-03   2.78385E+02  3.99195E-03   2.79428E+02  4.10033E-03   2.80514E+02  4.19506E-03   2.81598E+02  4.28042E-03   2.82708E+02  4.35486E-03   2.83829E+02  4.41855E-03   2.84958E+02  4.47493E-03   2.86137E+02  4.51721E-03   2.87334E+02  4.55120E-03   2.88611E+02  4.57237E-03   2.89961E+02  4.57897E-03   2.91320E+02  4.57572E-03   2.92744E+02  4.56007E-03   2.94160E+02  4.53833E-03   2.95568E+02  4.50929E-03   2.97083E+02  4.47105E-03   2.98694E+02  4.42529E-03   3.00427E+02  4.36738E-03   3.02295E+02  4.30083E-03   3.04141E+02  4.23179E-03   3.06051E+02  4.16270E-03   3.08154E+02 
 4.22937E-03   1.26172E+02  4.30835E-03   1.24068E+02  4.37740E-03   1.22120E+02  4.44022E-03   1.20301E+02  4.49726E-03   1.18608E+02  4.54423E-03   1.16962E+02  4.58187E-03   1.15331E+02  4.61586E-03   1.13801E+02  4.63930E-03   1.12301E+02  4.64966E-03   1.10835E+02  4.65348E-03   1.09456E+02  4.64202E-03   1.08122E+02  4.62045E-03   1.06804E+02  4.58843E-03   1.05546E+02  4.54404E-03   1.04295E+02  4.49191E-03   1.03064E+02  4.42622E-03   1.01867E+02  4.35132E-03   1.00665E+02  4.26495E-03   9.95105E+01  4.16650E-03   9.83688E+01  4.05917E-03   9.72575E+01  3.93973E-03   9.61802E+01  3.81104E-03   9.51361E+01  3.67220E-03   9.41506E+01  3.52227E-03   9.31657E+01  3.36308E-03   9.22548E+01  3.19320E-03   9.13612E+01  3.01450E-03   9.05309E+01  2.82583E-03   8.97573E+01  2.62770E-03   8.90157E+01  2.42075E-03   8.83534E+01  2.20564E-03   8.77310E+01  1.98185E-03   8.71975E+01  1.75107E-03   8.67106E+01  1.51432E-03   8.63283E+01  1.27119E-03   8.59726E+01  1.02310E-03   8.56996E+01  7.70479E-04   8.55143E+01  5.15271E-04   8.54179E+01  2.58282E-04   8.54807E+01  2.21908E-06   1.64771E+02  2.58144E-04   2.64482E+02  5.15522E-04   2.64874E+02  7.70400E-04   2.65167E+02  1.02240E-03   2.65453E+02  1.27000E-03   2.65787E+02  1.51297E-03   2.66199E+02  1.74984E-03   2.66631E+02  1.98014E-03   2.67164E+02  2.20285E-03   2.67723E+02  2.41803E-03   2.68354E+02  2.62457E-03   2.69042E+02  2.82279E-03   2.69780E+02  3.01095E-03   2.70553E+02  3.19058E-03   2.71382E+02  3.36046E-03   2.72261E+02  3.52026E-03   2.73173E+02  3.67133E-03   2.74132E+02  3.81008E-03   2.75101E+02  3.94056E-03   2.76141E+02  4.05919E-03   2.77216E+02  4.16848E-03   2.78336E+02  4.26672E-03   2.79505E+02  4.35219E-03   2.80681E+02  4.42769E-03   2.81889E+02  4.49084E-03   2.83098E+02  4.54372E-03   2.84317E+02  4.58666E-03   2.85545E+02  4.61792E-03   2.86781E+02  4.64133E-03   2.88095E+02  4.65373E-03   2.89463E+02  4.65278E-03   2.90878E+02  4.64177E-03   2.92385E+02  4.61719E-03   2.93879E+02  4.58330E-03   2.95350E+02  4.54283E-03   2.96905E+02  4.49490E-03   2.98506E+02  4.44126E-03   3.00288E+02  4.37699E-03   3.02215E+02  4.30380E-03   3.04099E+02  4.22701E-03   3.06091E+02 
 4.29609E-03   1.24126E+02  4.37275E-03   1.22128E+02  4.44123E-03   1.20291E+02  4.50443E-03   1.18553E+02  4.56242E-03   1.16824E+02  4.61024E-03   1.15123E+02  4.65513E-03   1.13553E+02  4.68950E-03   1.12020E+02  4.70724E-03   1.10514E+02  4.71883E-03   1.09094E+02  4.71705E-03   1.07715E+02  4.70466E-03   1.06347E+02  4.68444E-03   1.05004E+02  4.65189E-03   1.03699E+02  4.61111E-03   1.02374E+02  4.55731E-03   1.01100E+02  4.49230E-03   9.98406E+01  4.41671E-03   9.85983E+01  4.32912E-03   9.74020E+01  4.23218E-03   9.62113E+01  4.12427E-03   9.50677E+01  4.00635E-03   9.39335E+01  3.87767E-03   9.28552E+01  3.73846E-03   9.18032E+01  3.58913E-03   9.07902E+01  3.42899E-03   8.98196E+01  3.25924E-03   8.88855E+01  3.07847E-03   8.80292E+01  2.88719E-03   8.71944E+01  2.68677E-03   8.64538E+01  2.47675E-03   8.57512E+01  2.25748E-03   8.51170E+01  2.03020E-03   8.45303E+01  1.79514E-03   8.40286E+01  1.55260E-03   8.35802E+01  1.30394E-03   8.31836E+01  1.04928E-03   8.28770E+01  7.90649E-04   8.26382E+01  5.29033E-04   8.24337E+01  2.64473E-04   8.21818E+01  1.28788E-06   2.83174E+02  2.66623E-04   2.62571E+02  5.30804E-04   2.62640E+02  7.92780E-04   2.62745E+02  1.05170E-03   2.62950E+02  1.30576E-03   2.63223E+02  1.55430E-03   2.63600E+02  1.79725E-03   2.64045E+02  2.03337E-03   2.64555E+02  2.26001E-03   2.65133E+02  2.47954E-03   2.65766E+02  2.68929E-03   2.66466E+02  2.88951E-03   2.67231E+02  3.08057E-03   2.68058E+02  3.26030E-03   2.68915E+02  3.43056E-03   2.69859E+02  3.58981E-03   2.70823E+02  3.73962E-03   2.71838E+02  3.87803E-03   2.72876E+02  4.00647E-03   2.73941E+02  4.12351E-03   2.75047E+02  4.23044E-03   2.76168E+02  4.32849E-03   2.77351E+02  4.41532E-03   2.78553E+02  4.49213E-03   2.79801E+02  4.55819E-03   2.81088E+02  4.61179E-03   2.82384E+02  4.65392E-03   2.83710E+02  4.68542E-03   2.85023E+02  4.70394E-03   2.86326E+02  4.71532E-03   2.87671E+02  4.71642E-03   2.89047E+02  4.70631E-03   2.90496E+02  4.68826E-03   2.92062E+02  4.65549E-03   2.93615E+02  4.61358E-03   2.95208E+02  4.56340E-03   2.96821E+02  4.50574E-03   2.98440E+02  4.44429E-03   3.00285E+02  4.37401E-03   3.02252E+02  4.29357E-03   3.04220E+02 
 4.35042E-03   1.22313E+02  4.42770E-03   1.20403E+02  4.49851E-03   1.18591E+02  4.56655E-03   1.16777E+02  4.62458E-03   1.15025E+02  4.67604E-03   1.13428E+02  4.71779E-03   1.11858E+02  4.74252E-03   1.10284E+02  4.76269E-03   1.08796E+02  4.77336E-03   1.07358E+02  4.77320E-03   1.05925E+02  4.76501E-03   1.04511E+02  4.74475E-03   1.03139E+02  4.71410E-03   1.01765E+02  4.67098E-03   1.00413E+02  4.61630E-03   9.91050E+01  4.55105E-03   9.77845E+01  4.47592E-03   9.65241E+01  4.39153E-03   9.52609E+01  4.29644E-03   9.40284E+01  4.19137E-03   9.28319E+01  4.07537E-03   9.16544E+01  3.94817E-03   9.05272E+01  3.80971E-03   8.94201E+01  3.65998E-03   8.83720E+01  3.50072E-03   8.73598E+01  3.32974E-03   8.64150E+01  3.14823E-03   8.55095E+01  2.95618E-03   8.46673E+01  2.75389E-03   8.38897E+01  2.54121E-03   8.31740E+01  2.31846E-03   8.25390E+01  2.08652E-03   8.19496E+01  1.84581E-03   8.14406E+01  1.59778E-03   8.09807E+01  1.34272E-03   8.05936E+01  1.08209E-03   8.02694E+01  8.16561E-04   8.00414E+01  5.46577E-04   7.98443E+01  2.74030E-04   7.97034E+01  5.86290E-07   2.80394E+01  2.72797E-04   2.59817E+02  5.44975E-04   2.59866E+02  8.14428E-04   2.60041E+02  1.08014E-03   2.60296E+02  1.34113E-03   2.60604E+02  1.59645E-03   2.60967E+02  1.84469E-03   2.61414E+02  2.08503E-03   2.61938E+02  2.31651E-03   2.62527E+02  2.53918E-03   2.63167E+02  2.75249E-03   2.63892E+02  2.95476E-03   2.64655E+02  3.14752E-03   2.65507E+02  3.32889E-03   2.66406E+02  3.50076E-03   2.67360E+02  3.66041E-03   2.68374E+02  3.81042E-03   2.69430E+02  3.94921E-03   2.70548E+02  4.07659E-03   2.71694E+02  4.19308E-03   2.72872E+02  4.29756E-03   2.74063E+02  4.39265E-03   2.75283E+02  4.47566E-03   2.76523E+02  4.54925E-03   2.77778E+02  4.61329E-03   2.79071E+02  4.66758E-03   2.80384E+02  4.71193E-03   2.81751E+02  4.74560E-03   2.83156E+02  4.76728E-03   2.84561E+02  4.77629E-03   2.85963E+02  4.77584E-03   2.87370E+02  4.76346E-03   2.88773E+02  4.74221E-03   2.90247E+02  4.71415E-03   2.91818E+02  4.67369E-03   2.93449E+02  4.62463E-03   2.95133E+02  4.56615E-03   2.96780E+02  4.49854E-03   2.98455E+02  4.42917E-03   3.00334E+02  4.35420E-03   3.02333E+02 
 4.40056E-03   1.20553E+02  4.47964E-03   1.18658E+02  4.55316E-03   1.16817E+02  4.61871E-03   1.15031E+02  4.67645E-03   1.13388E+02  4.72639E-03   1.11761E+02  4.76238E-03   1.10126E+02  4.79366E-03   1.08574E+02  4.81683E-03   1.07092E+02  4.82800E-03   1.05622E+02  4.82934E-03   1.04140E+02  4.81784E-03   1.02707E+02  4.79661E-03   1.01284E+02  4.76367E-03   9.98636E+01  4.72053E-03   9.84903E+01  4.66942E-03   9.71025E+01  4.60780E-03   9.57488E+01  4.53695E-03   9.44236E+01  4.45483E-03   9.31021E+01  4.36199E-03   9.18306E+01  4.25897E-03   9.05693E+01  4.14349E-03   8.93427E+01  4.01789E-03   8.81520E+01  3.88083E-03   8.70121E+01  3.73320E-03   8.59265E+01  3.57370E-03   8.48917E+01  3.40287E-03   8.39120E+01  3.22124E-03   8.29909E+01  3.02735E-03   8.21430E+01  2.82293E-03   8.13432E+01  2.60668E-03   8.06170E+01  2.38093E-03   7.99560E+01  2.14400E-03   7.93480E+01  1.89866E-03   7.88431E+01  1.64402E-03   7.83637E+01  1.38221E-03   7.79862E+01  1.11362E-03   7.76755E+01  8.39734E-04   7.74190E+01  5.62101E-04   7.72414E+01  2.81740E-04   7.71427E+01  4.85277E-07   2.78793E+02  2.82537E-04   2.57102E+02  5.63753E-04   2.57190E+02  8.41745E-04   2.57406E+02  1.11550E-03   2.57676E+02  1.38446E-03   2.57998E+02  1.64546E-03   2.58387E+02  1.90011E-03   2.58861E+02  2.14482E-03   2.59379E+02  2.38171E-03   2.59990E+02  2.60804E-03   2.60632E+02  2.82432E-03   2.61375E+02  3.02781E-03   2.62164E+02  3.22081E-03   2.63011E+02  3.40208E-03   2.63918E+02  3.57253E-03   2.64873E+02  3.73164E-03   2.65900E+02  3.87847E-03   2.66981E+02  4.01648E-03   2.68116E+02  4.14206E-03   2.69310E+02  4.25819E-03   2.70539E+02  4.36311E-03   2.71810E+02  4.45733E-03   2.73113E+02  4.54020E-03   2.74429E+02  4.61099E-03   2.75772E+02  4.67188E-03   2.77124E+02  4.72129E-03   2.78465E+02  4.76127E-03   2.79822E+02  4.79223E-03   2.81225E+02  4.81433E-03   2.82662E+02  4.82736E-03   2.84131E+02  4.82843E-03   2.85638E+02  4.81953E-03   2.87131E+02  4.79672E-03   2.88619E+02  4.76385E-03   2.90123E+02  4.72557E-03   2.91705E+02  4.67580E-03   2.93397E+02  4.61999E-03   2.95137E+02  4.55379E-03   2.96869E+02  4.47633E-03   2.98626E+02  4.39982E-03   3.00545E+02 
 4.44504E-03   1.18860E+02  4.52155E-03   1.16988E+02  4.59300E-03   1.15180E+02  4.66042E-03   1.13453E+02  4.71980E-03   1.11743E+02  4.76741E-03   1.10056E+02  4.80898E-03   1.08458E+02  4.83996E-03   1.06929E+02  4.85941E-03   1.05418E+02  4.86956E-03   1.03867E+02  4.86830E-03   1.02361E+02  4.85869E-03   1.00871E+02  4.83984E-03   9.93737E+01  4.81068E-03   9.79307E+01  4.77332E-03   9.64862E+01  4.72432E-03   9.50624E+01  4.66545E-03   9.36605E+01  4.59635E-03   9.22726E+01  4.51498E-03   9.09068E+01  4.42512E-03   8.95677E+01  4.32338E-03   8.82551E+01  4.21113E-03   8.69870E+01  4.08965E-03   8.57609E+01  3.95569E-03   8.45879E+01  3.81047E-03   8.34928E+01  3.65250E-03   8.24407E+01  3.48357E-03   8.14595E+01  3.30049E-03   8.05276E+01  3.10639E-03   7.96611E+01  2.89903E-03   7.88541E+01  2.67981E-03   7.81287E+01  2.44946E-03   7.74531E+01  2.20798E-03   7.68571E+01  1.95634E-03   7.63226E+01  1.69527E-03   7.58623E+01  1.42628E-03   7.54849E+01  1.14998E-03   7.51728E+01  8.68102E-04   7.49493E+01  5.81673E-04   7.47987E+01  2.91806E-04   7.48875E+01  1.65897E-06   1.51056E+02  2.91307E-04   2.54264E+02  5.81114E-04   2.54528E+02  8.67565E-04   2.54743E+02  1.15013E-03   2.55018E+02  1.42648E-03   2.55396E+02  1.69575E-03   2.55787E+02  1.95708E-03   2.56255E+02  2.20854E-03   2.56804E+02  2.45041E-03   2.57423E+02  2.68107E-03   2.58115E+02  2.90029E-03   2.58859E+02  3.10796E-03   2.59694E+02  3.30223E-03   2.60572E+02  3.48540E-03   2.61525E+02  3.65442E-03   2.62513E+02  3.81237E-03   2.63565E+02  3.95667E-03   2.64668E+02  4.08990E-03   2.65809E+02  4.21189E-03   2.67007E+02  4.32240E-03   2.68254E+02  4.42345E-03   2.69536E+02  4.51324E-03   2.70874E+02  4.59433E-03   2.72238E+02  4.66583E-03   2.73642E+02  4.72589E-03   2.75094E+02  4.77619E-03   2.76543E+02  4.81396E-03   2.77987E+02  4.84167E-03   2.79418E+02  4.85903E-03   2.80861E+02  4.86662E-03   2.82307E+02  4.86696E-03   2.83811E+02  4.85822E-03   2.85365E+02  4.84108E-03   2.86939E+02  4.81022E-03   2.88523E+02  4.76806E-03   2.90071E+02  4.71821E-03   2.91695E+02  4.65920E-03   2.93411E+02  4.59721E-03   2.95177E+02  4.52467E-03   2.96990E+02  4.44139E-03   2.98854E+02 
 4.47266E-03   1.17256E+02  4.55050E-03   1.15383E+02  4.62973E-03   1.13585E+02  4.69899E-03   1.11779E+02  4.75337E-03   1.10062E+02  4.80280E-03   1.08445E+02  4.84087E-03   1.06852E+02  4.86937E-03   1.05270E+02  4.89226E-03   1.03658E+02  4.90422E-03   1.02089E+02  4.90745E-03   1.00561E+02  4.90066E-03   9.90178E+01  4.88365E-03   9.75139E+01  4.85742E-03   9.60097E+01  4.81971E-03   9.45158E+01  4.77247E-03   9.30388E+01  4.71630E-03   9.15686E+01  4.64948E-03   9.01184E+01  4.57441E-03   8.86877E+01  4.48955E-03   8.72929E+01  4.39334E-03   8.59485E+01  4.28709E-03   8.46725E+01  4.16787E-03   8.34223E+01  4.03683E-03   8.22651E+01  3.89287E-03   8.11529E+01  3.73640E-03   8.00804E+01  3.56704E-03   7.90746E+01  3.38356E-03   7.81239E+01  3.18724E-03   7.72480E+01  2.97798E-03   7.64286E+01  2.75639E-03   7.56797E+01  2.52200E-03   7.49933E+01  2.27525E-03   7.43952E+01  2.01740E-03   7.38383E+01  1.74976E-03   7.33987E+01  1.47266E-03   7.29953E+01  1.18780E-03   7.26974E+01  8.96788E-04   7.24398E+01  6.00897E-04   7.22320E+01  3.01439E-04   7.20431E+01  7.09772E-09   1.41482E+02  3.01016E-04   2.52111E+02  6.00631E-04   2.52224E+02  8.96598E-04   2.52365E+02  1.18719E-03   2.52632E+02  1.47236E-03   2.52931E+02  1.74903E-03   2.53335E+02  2.01691E-03   2.53776E+02  2.27445E-03   2.54316E+02  2.52092E-03   2.54897E+02  2.75649E-03   2.55578E+02  2.97803E-03   2.56322E+02  3.18754E-03   2.57135E+02  3.38347E-03   2.58033E+02  3.56641E-03   2.59005E+02  3.73647E-03   2.60039E+02  3.89299E-03   2.61132E+02  4.03814E-03   2.62290E+02  4.16897E-03   2.63493E+02  4.28844E-03   2.64745E+02  4.39501E-03   2.66033E+02  4.49007E-03   2.67350E+02  4.57547E-03   2.68707E+02  4.64898E-03   2.70102E+02  4.71429E-03   2.71503E+02  4.77010E-03   2.72955E+02  4.81770E-03   2.74456E+02  4.85604E-03   2.75991E+02  4.88345E-03   2.77537E+02  4.90222E-03   2.79075E+02  4.90794E-03   2.80592E+02  4.90357E-03   2.82104E+02  4.89143E-03   2.83642E+02  4.87050E-03   2.85212E+02  4.84336E-03   2.86857E+02  4.80544E-03   2.88509E+02  4.75393E-03   2.90140E+02  4.69341E-03   2.91833E+02  4.62651E-03   2.93568E+02  4.55452E-03   2.95341E+02  4.47706E-03   2.97206E+02 
 4.49833E-03   1.15662E+02  4.58299E-03   1.13792E+02  4.65973E-03   1.11961E+02  4.71893E-03   1.10203E+02  4.77557E-03   1.08556E+02  4.82530E-03   1.06895E+02  4.86483E-03   1.05231E+02  4.89966E-03   1.03576E+02  4.92237E-03   1.01961E+02  4.93484E-03   1.00373E+02  4.93734E-03   9.87852E+01  4.93058E-03   9.72039E+01  4.91548E-03   9.56149E+01  4.89025E-03   9.40465E+01  4.85837E-03   9.24914E+01  4.81740E-03   9.09386E+01  4.76732E-03   8.94074E+01  4.70818E-03   8.79107E+01  4.63837E-03   8.64642E+01  4.55762E-03   8.50521E+01  4.46537E-03   8.37076E+01  4.36183E-03   8.24043E+01  4.24632E-03   8.11432E+01  4.11780E-03   7.99496E+01  3.97672E-03   7.87899E+01  3.82216E-03   7.76955E+01  3.65344E-03   7.66650E+01  3.47073E-03   7.57048E+01  3.27428E-03   7.48109E+01  3.06282E-03   7.39873E+01  2.83761E-03   7.32291E+01  2.59817E-03   7.25696E+01  2.34623E-03   7.19608E+01  2.08205E-03   7.14294E+01  1.80645E-03   7.09446E+01  1.52106E-03   7.05670E+01  1.22736E-03   7.02217E+01  9.27039E-04   6.99165E+01  6.21406E-04   6.96895E+01  3.11492E-04   6.93351E+01  2.59704E-06   3.35163E+02  3.11940E-04   2.50289E+02  6.21432E-04   2.50144E+02  9.27084E-04   2.50260E+02  1.22799E-03   2.50451E+02  1.52128E-03   2.50721E+02  1.80631E-03   2.51076E+02  2.08135E-03   2.51540E+02  2.34555E-03   2.52060E+02  2.59759E-03   2.52645E+02  2.83680E-03   2.53284E+02  3.06255E-03   2.54022E+02  3.27382E-03   2.54804E+02  3.47083E-03   2.55673E+02  3.65323E-03   2.56618E+02  3.82223E-03   2.57630E+02  3.97616E-03   2.58719E+02  4.11743E-03   2.59873E+02  4.24659E-03   2.61104E+02  4.36131E-03   2.62388E+02  4.46646E-03   2.63731E+02  4.55800E-03   2.65117E+02  4.63869E-03   2.66536E+02  4.70962E-03   2.68008E+02  4.76962E-03   2.69484E+02  4.81951E-03   2.70961E+02  4.85971E-03   2.72459E+02  4.89224E-03   2.73992E+02  4.91555E-03   2.75563E+02  4.93049E-03   2.77165E+02  4.93832E-03   2.78772E+02  4.93356E-03   2.80385E+02  4.91994E-03   2.81999E+02  4.89791E-03   2.83560E+02  4.86383E-03   2.85158E+02  4.82712E-03   2.86833E+02  4.78187E-03   2.88527E+02  4.72179E-03   2.90246E+02  4.65552E-03   2.92028E+02  4.57992E-03   2.93815E+02  4.49735E-03   2.95648E+02 
 4.51509E-03   1.14118E+02  4.59633E-03   1.12241E+02  4.66703E-03   1.10451E+02  4.73268E-03   1.08705E+02  4.79317E-03   1.06977E+02  4.84347E-03   1.05253E+02  4.88542E-03   1.03566E+02  4.91676E-03   1.01928E+02  4.93921E-03   1.00269E+02  4.95199E-03   9.86066E+01  4.95803E-03   9.69677E+01  4.95751E-03   9.53149E+01  4.94636E-03   9.36935E+01  4.92902E-03   9.20791E+01  4.90193E-03   9.04610E+01  4.86464E-03   8.88717E+01  4.81976E-03   8.73178E+01  4.76341E-03   8.58084E+01  4.69858E-03   8.43238E+01  4.62328E-03   8.28885E+01  4.53667E-03   8.15018E+01  4.43943E-03   8.01584E+01  4.32803E-03   7.88598E+01  4.20459E-03   7.76253E+01  4.06679E-03   7.64548E+01  3.91449E-03   7.53617E+01  3.74648E-03   7.43433E+01  3.56371E-03   7.33916E+01  3.36476E-03   7.25247E+01  3.15022E-03   7.17085E+01  2.92150E-03   7.09841E+01  2.67685E-03   7.03213E+01  2.41927E-03   6.97498E+01  2.14788E-03   6.92331E+01  1.86529E-03   6.87839E+01  1.57111E-03   6.84008E+01  1.26817E-03   6.80992E+01  9.57637E-04   6.78844E+01  6.41921E-04   6.77009E+01  3.21580E-04   6.76484E+01  8.26540E-07   2.31441E+02  3.22275E-04   2.47574E+02  6.42913E-04   2.47689E+02  9.59578E-04   2.47872E+02  1.27015E-03   2.48118E+02  1.57316E-03   2.48429E+02  1.86670E-03   2.48794E+02  2.14959E-03   2.49242E+02  2.42071E-03   2.49753E+02  2.67790E-03   2.50349E+02  2.92170E-03   2.51026E+02  3.15049E-03   2.51760E+02  3.36452E-03   2.52572E+02  3.56315E-03   2.53432E+02  3.74602E-03   2.54392E+02  3.91397E-03   2.55391E+02  4.06755E-03   2.56468E+02  4.20497E-03   2.57618E+02  4.32874E-03   2.58827E+02  4.43959E-03   2.60111E+02  4.53686E-03   2.61438E+02  4.62327E-03   2.62841E+02  4.69815E-03   2.64289E+02  4.76257E-03   2.65788E+02  4.81822E-03   2.67347E+02  4.86412E-03   2.68917E+02  4.90089E-03   2.70499E+02  4.92880E-03   2.72103E+02  4.94754E-03   2.73694E+02  4.95689E-03   2.75317E+02  4.95878E-03   2.76958E+02  4.95405E-03   2.78588E+02  4.93827E-03   2.80280E+02  4.91626E-03   2.81971E+02  4.88440E-03   2.83613E+02  4.83972E-03   2.85270E+02  4.79306E-03   2.86956E+02  4.73635E-03   2.88669E+02  4.66904E-03   2.90456E+02  4.59880E-03   2.92291E+02  4.51731E-03   2.94114E+02 
 4.51941E-03   1.12629E+02  4.60313E-03   1.10777E+02  4.67858E-03   1.08958E+02  4.74244E-03   1.07146E+02  4.80060E-03   1.05423E+02  4.84981E-03   1.03701E+02  4.88867E-03   1.02014E+02  4.92388E-03   1.00294E+02  4.94910E-03   9.85454E+01  4.96719E-03   9.68662E+01  4.97919E-03   9.51681E+01  4.97949E-03   9.34787E+01  4.97306E-03   9.18122E+01  4.95900E-03   9.01131E+01  4.93436E-03   8.84490E+01  4.90455E-03   8.68217E+01  4.86569E-03   8.52285E+01  4.81709E-03   8.36656E+01  4.76129E-03   8.21464E+01  4.69261E-03   8.06764E+01  4.61375E-03   7.92618E+01  4.52012E-03   7.79084E+01  4.41368E-03   7.66272E+01  4.29320E-03   7.54097E+01  4.15706E-03   7.42537E+01  4.00668E-03   7.31969E+01  3.83889E-03   7.21688E+01  3.65612E-03   7.12337E+01  3.45583E-03   7.03588E+01  3.23937E-03   6.95711E+01  3.00615E-03   6.88539E+01  2.75807E-03   6.82190E+01  2.49418E-03   6.76555E+01  2.21734E-03   6.71381E+01  1.92643E-03   6.67175E+01  1.62364E-03   6.63420E+01  1.31159E-03   6.60702E+01  9.90251E-04   6.58622E+01  6.63730E-04   6.57496E+01  3.32641E-04   6.55650E+01  7.27122E-07   2.55857E+02  3.34670E-04   2.45536E+02  6.65703E-04   2.45711E+02  9.92421E-04   2.45868E+02  1.31346E-03   2.46089E+02  1.62574E-03   2.46355E+02  1.92780E-03   2.46728E+02  2.21883E-03   2.47155E+02  2.49643E-03   2.47651E+02  2.75996E-03   2.48210E+02  3.00793E-03   2.48847E+02  3.24057E-03   2.49547E+02  3.45662E-03   2.50325E+02  3.65614E-03   2.51202E+02  3.83908E-03   2.52140E+02  4.00592E-03   2.53169E+02  4.15655E-03   2.54246E+02  4.29269E-03   2.55419E+02  4.41295E-03   2.56644E+02  4.51934E-03   2.57934E+02  4.61339E-03   2.59299E+02  4.69283E-03   2.60704E+02  4.76278E-03   2.62165E+02  4.81993E-03   2.63674E+02  4.86718E-03   2.65222E+02  4.90585E-03   2.66826E+02  4.93496E-03   2.68445E+02  4.95812E-03   2.70106E+02  4.97312E-03   2.71788E+02  4.97956E-03   2.73458E+02  4.97799E-03   2.75177E+02  4.96863E-03   2.76855E+02  4.95034E-03   2.78514E+02  4.92321E-03   2.80238E+02  4.89158E-03   2.81974E+02  4.85113E-03   2.83705E+02  4.79993E-03   2.85452E+02  4.74377E-03   2.87187E+02  4.67608E-03   2.88952E+02  4.59953E-03   2.90789E+02  4.52248E-03   2.92669E+02 
 4.52145E-03   1.11162E+02  4.60352E-03   1.09290E+02  4.66978E-03   1.07437E+02  4.73392E-03   1.05688E+02  4.79497E-03   1.03941E+02  4.84510E-03   1.02154E+02  4.89219E-03   1.00376E+02  4.92863E-03   9.85847E+01  4.95480E-03   9.68489E+01  4.97571E-03   9.51203E+01  4.98688E-03   9.33674E+01  4.99259E-03   9.16256E+01  4.99339E-03   8.98754E+01  4.98464E-03   8.81305E+01  4.96979E-03   8.64450E+01  4.94850E-03   8.47842E+01  4.91653E-03   8.31503E+01  4.87644E-03   8.15761E+01  4.82518E-03   8.00520E+01  4.76162E-03   7.85841E+01  4.68617E-03   7.71653E+01  4.59742E-03   7.58146E+01  4.49583E-03   7.45468E+01  4.37950E-03   7.33005E+01  4.24828E-03   7.21488E+01  4.09987E-03   7.10543E+01  3.93508E-03   7.00422E+01  3.75234E-03   6.91247E+01  3.55160E-03   6.82680E+01  3.33282E-03   6.75149E+01  3.09657E-03   6.68165E+01  2.84300E-03   6.62080E+01  2.57365E-03   6.56377E+01  2.28864E-03   6.51637E+01  1.98930E-03   6.47603E+01  1.67837E-03   6.44155E+01  1.35593E-03   6.41175E+01  1.02473E-03   6.39233E+01  6.86747E-04   6.37487E+01  3.44720E-04   6.35609E+01  8.14285E-07   3.04377E+02  3.45200E-04   2.43823E+02  6.88034E-04   2.43812E+02  1.02628E-03   2.43963E+02  1.35749E-03   2.44188E+02  1.67968E-03   2.44476E+02  1.99079E-03   2.44803E+02  2.28998E-03   2.45235E+02  2.57443E-03   2.45717E+02  2.84417E-03   2.46281E+02  3.09796E-03   2.46886E+02  3.33402E-03   2.47584E+02  3.55274E-03   2.48339E+02  3.75361E-03   2.49170E+02  3.93613E-03   2.50073E+02  4.10111E-03   2.51044E+02  4.24968E-03   2.52115E+02  4.38049E-03   2.53239E+02  4.49713E-03   2.54468E+02  4.59773E-03   2.55749E+02  4.68527E-03   2.57108E+02  4.76011E-03   2.58552E+02  4.82279E-03   2.60039E+02  4.87575E-03   2.61588E+02  4.91565E-03   2.63183E+02  4.94803E-03   2.64830E+02  4.97071E-03   2.66498E+02  4.98486E-03   2.68168E+02  4.99338E-03   2.69883E+02  4.99333E-03   2.71595E+02  4.98730E-03   2.73345E+02  4.97533E-03   2.75144E+02  4.95430E-03   2.76896E+02  4.92535E-03   2.78624E+02  4.88778E-03   2.80367E+02  4.84393E-03   2.82107E+02  4.79506E-03   2.83888E+02  4.73838E-03   2.85684E+02  4.67563E-03   2.87472E+02  4.60152E-03   2.89310E+02  4.51658E-03   2.91199E+02 
 4.50552E-03   1.09745E+02  4.58177E-03   1.07872E+02  4.65512E-03   1.06063E+02  4.72645E-03   1.04257E+02  4.78560E-03   1.02405E+02  4.83873E-03   1.00564E+02  4.88270E-03   9.87807E+01  4.91631E-03   9.69921E+01  4.94686E-03   9.51967E+01  4.97273E-03   9.33890E+01  4.99260E-03   9.15682E+01  5.00647E-03   8.97611E+01  5.01216E-03   8.79728E+01  5.01004E-03   8.62075E+01  5.00167E-03   8.44877E+01  4.98451E-03   8.27920E+01  4.95907E-03   8.11523E+01  4.92518E-03   7.95572E+01  4.88055E-03   7.80132E+01  4.82512E-03   7.65309E+01  4.75826E-03   7.50890E+01  4.67743E-03   7.37403E+01  4.58305E-03   7.24251E+01  4.47209E-03   7.12002E+01  4.34345E-03   7.00643E+01  4.19781E-03   6.90106E+01  4.03252E-03   6.80639E+01  3.84934E-03   6.71693E+01  3.64638E-03   6.63767E+01  3.42519E-03   6.56317E+01  3.18469E-03   6.49720E+01  2.92646E-03   6.43840E+01  2.65061E-03   6.38510E+01  2.35821E-03   6.34076E+01  2.05161E-03   6.30222E+01  1.73139E-03   6.26947E+01  1.39915E-03   6.24307E+01  1.05758E-03   6.22373E+01  7.09115E-04   6.21941E+01  3.55294E-04   6.22453E+01  1.86056E-06   1.75755E+02  3.57021E-04   2.41625E+02  7.10624E-04   2.41845E+02  1.05925E-03   2.42041E+02  1.40094E-03   2.42274E+02  1.73339E-03   2.42548E+02  2.05395E-03   2.42897E+02  2.36130E-03   2.43301E+02  2.65291E-03   2.43786E+02  2.92801E-03   2.44330E+02  3.18614E-03   2.44951E+02  3.42606E-03   2.45634E+02  3.64719E-03   2.46400E+02  3.84980E-03   2.47213E+02  4.03250E-03   2.48128E+02  4.19698E-03   2.49099E+02  4.34266E-03   2.50146E+02  4.47110E-03   2.51274E+02  4.58313E-03   2.52470E+02  4.67852E-03   2.53760E+02  4.75993E-03   2.55082E+02  4.82759E-03   2.56501E+02  4.88275E-03   2.57970E+02  4.92719E-03   2.59504E+02  4.96073E-03   2.61112E+02  4.98481E-03   2.62784E+02  5.00174E-03   2.64513E+02  5.00908E-03   2.66252E+02  5.01016E-03   2.68019E+02  5.00559E-03   2.69781E+02  4.99184E-03   2.71526E+02  4.97360E-03   2.73316E+02  4.95070E-03   2.75155E+02  4.92023E-03   2.76988E+02  4.88362E-03   2.78807E+02  4.83653E-03   2.80593E+02  4.78081E-03   2.82386E+02  4.72258E-03   2.84215E+02  4.65769E-03   2.86046E+02  4.58710E-03   2.87893E+02  4.50860E-03   2.89778E+02 
 4.48225E-03   1.08364E+02  4.56372E-03   1.06507E+02  4.63721E-03   1.04617E+02  4.70210E-03   1.02748E+02  4.76088E-03   1.00875E+02  4.81301E-03   9.90509E+01  4.85968E-03   9.72339E+01  4.90243E-03   9.53312E+01  4.93992E-03   9.34823E+01  4.97076E-03   9.16308E+01  4.99294E-03   8.97595E+01  5.00918E-03   8.79409E+01  5.02081E-03   8.61087E+01  5.02627E-03   8.43102E+01  5.02561E-03   8.25650E+01  5.01873E-03   8.08500E+01  5.00291E-03   7.92035E+01  4.97839E-03   7.75854E+01  4.94262E-03   7.60315E+01  4.89447E-03   7.45317E+01  4.83342E-03   7.31008E+01  4.75770E-03   7.17410E+01  4.66635E-03   7.04831E+01  4.55699E-03   6.93141E+01  4.43157E-03   6.82112E+01  4.28665E-03   6.72024E+01  4.12415E-03   6.62607E+01  3.94107E-03   6.54096E+01  3.73814E-03   6.46089E+01  3.51535E-03   6.38915E+01  3.27154E-03   6.32409E+01  3.00897E-03   6.26592E+01  2.72723E-03   6.21509E+01  2.42911E-03   6.16838E+01  2.11386E-03   6.13137E+01  1.78476E-03   6.09924E+01  1.44313E-03   6.07063E+01  1.09160E-03   6.05055E+01  7.32624E-04   6.03340E+01  3.67996E-04   6.03249E+01  8.35631E-07   7.69335E+01  3.66665E-04   2.40301E+02  7.31474E-04   2.40380E+02  1.09133E-03   2.40516E+02  1.44297E-03   2.40729E+02  1.78471E-03   2.40987E+02  2.11391E-03   2.41302E+02  2.42986E-03   2.41672E+02  2.72936E-03   2.42118E+02  3.01126E-03   2.42617E+02  3.27364E-03   2.43175E+02  3.51768E-03   2.43822E+02  3.74165E-03   2.44534E+02  3.94455E-03   2.45339E+02  4.12765E-03   2.46203E+02  4.28981E-03   2.47169E+02  4.43431E-03   2.48190E+02  4.55777E-03   2.49306E+02  4.66547E-03   2.50504E+02  4.75575E-03   2.51779E+02  4.83070E-03   2.53134E+02  4.89213E-03   2.54545E+02  4.94033E-03   2.56043E+02  4.97749E-03   2.57584E+02  5.00296E-03   2.59176E+02  5.01991E-03   2.60830E+02  5.02791E-03   2.62552E+02  5.02818E-03   2.64320E+02  5.02098E-03   2.66139E+02  5.00944E-03   2.67990E+02  4.99188E-03   2.69839E+02  4.96640E-03   2.71659E+02  4.93728E-03   2.73465E+02  4.90230E-03   2.75313E+02  4.86145E-03   2.77202E+02  4.81791E-03   2.79062E+02  4.76322E-03   2.80899E+02  4.70055E-03   2.82750E+02  4.63582E-03   2.84608E+02  4.56130E-03   2.86481E+02  4.48192E-03   2.88415E+02 
 4.45194E-03   1.07031E+02  4.52700E-03   1.05129E+02  4.59748E-03   1.03223E+02  4.66837E-03   1.01336E+02  4.73076E-03   9.94389E+01  4.78816E-03   9.75741E+01  4.83940E-03   9.56305E+01  4.88198E-03   9.37043E+01  4.92052E-03   9.18518E+01  4.95264E-03   8.99203E+01  4.98031E-03   8.80219E+01  5.00744E-03   8.61452E+01  5.02846E-03   8.42680E+01  5.04199E-03   8.24771E+01  5.05161E-03   8.07061E+01  5.05084E-03   7.89697E+01  5.04146E-03   7.72986E+01  5.02307E-03   7.56609E+01  4.99186E-03   7.41040E+01  4.95153E-03   7.26245E+01  4.89630E-03   7.12072E+01  4.82748E-03   6.98955E+01  4.74296E-03   6.86621E+01  4.64040E-03   6.75007E+01  4.51974E-03   6.64234E+01  4.37965E-03   6.54099E+01  4.21862E-03   6.45069E+01  4.03586E-03   6.36546E+01  3.83239E-03   6.28875E+01  3.60611E-03   6.22008E+01  3.35949E-03   6.15746E+01  3.09101E-03   6.10261E+01  2.80375E-03   6.05223E+01  2.49788E-03   6.00933E+01  2.17505E-03   5.97321E+01  1.83720E-03   5.94348E+01  1.48616E-03   5.91713E+01  1.12472E-03   5.89582E+01  7.54412E-04   5.88502E+01  3.79235E-04   5.87426E+01  1.20263E-06   2.95286E+01  3.77332E-04   2.38870E+02  7.52757E-04   2.38900E+02  1.12257E-03   2.39057E+02  1.48413E-03   2.39239E+02  1.83523E-03   2.39484E+02  2.17309E-03   2.39794E+02  2.49585E-03   2.40155E+02  2.80210E-03   2.40577E+02  3.08948E-03   2.41074E+02  3.35781E-03   2.41627E+02  3.60474E-03   2.42246E+02  3.83140E-03   2.42940E+02  4.03565E-03   2.43698E+02  4.21886E-03   2.44542E+02  4.38051E-03   2.45443E+02  4.52206E-03   2.46448E+02  4.64429E-03   2.47500E+02  4.74628E-03   2.48645E+02  4.83158E-03   2.49882E+02  4.89937E-03   2.51195E+02  4.95355E-03   2.52614E+02  4.99360E-03   2.54089E+02  5.02239E-03   2.55655E+02  5.04067E-03   2.57283E+02  5.04865E-03   2.58960E+02  5.04982E-03   2.60697E+02  5.04289E-03   2.62461E+02  5.02872E-03   2.64273E+02  5.00860E-03   2.66134E+02  4.98417E-03   2.68011E+02  4.95522E-03   2.69939E+02  4.92086E-03   2.71866E+02  4.88156E-03   2.73724E+02  4.83611E-03   2.75625E+02  4.78507E-03   2.77548E+02  4.73032E-03   2.79437E+02  4.66752E-03   2.81329E+02  4.59979E-03   2.83220E+02  4.53101E-03   2.85101E+02  4.45085E-03   2.87007E+02 
 4.40319E-03   1.05740E+02  4.48141E-03   1.03807E+02  4.56157E-03   1.01852E+02  4.63075E-03   9.99013E+01  4.69161E-03   9.79688E+01  4.74799E-03   9.60262E+01  4.79753E-03   9.40759E+01  4.84582E-03   9.21482E+01  4.89183E-03   9.01917E+01  4.93306E-03   8.82096E+01  4.97153E-03   8.62814E+01  5.00408E-03   8.43631E+01  5.02795E-03   8.24916E+01  5.04963E-03   8.06793E+01  5.06466E-03   7.88638E+01  5.07024E-03   7.71317E+01  5.07109E-03   7.54613E+01  5.06129E-03   7.38211E+01  5.04111E-03   7.22965E+01  5.01026E-03   7.08144E+01  4.96340E-03   6.94348E+01  4.90136E-03   6.81422E+01  4.82161E-03   6.69118E+01  4.72310E-03   6.57999E+01  4.60521E-03   6.47424E+01  4.46506E-03   6.37991E+01  4.30393E-03   6.29146E+01  4.12088E-03   6.21102E+01  3.91476E-03   6.13846E+01  3.68662E-03   6.07143E+01  3.43631E-03   6.01215E+01  3.16410E-03   5.95800E+01  2.87174E-03   5.91140E+01  2.56032E-03   5.86975E+01  2.23066E-03   5.83634E+01  1.88453E-03   5.80855E+01  1.52515E-03   5.78405E+01  1.15429E-03   5.76683E+01  7.73928E-04   5.75381E+01  3.88559E-04   5.74151E+01  4.10477E-07   6.09458E+01  3.88217E-04   2.37353E+02  7.73836E-04   2.37462E+02  1.15437E-03   2.37582E+02  1.52534E-03   2.37760E+02  1.88491E-03   2.37981E+02  2.23078E-03   2.38282E+02  2.56096E-03   2.38623E+02  2.87305E-03   2.39046E+02  3.16602E-03   2.39512E+02  3.43792E-03   2.40058E+02  3.68810E-03   2.40653E+02  3.91620E-03   2.41321E+02  4.12151E-03   2.42069E+02  4.30445E-03   2.42884E+02  4.46469E-03   2.43791E+02  4.60383E-03   2.44752E+02  4.72120E-03   2.45837E+02  4.81954E-03   2.46953E+02  4.89976E-03   2.48174E+02  4.96203E-03   2.49471E+02  5.00896E-03   2.50845E+02  5.04235E-03   2.52303E+02  5.06177E-03   2.53813E+02  5.07246E-03   2.55437E+02  5.07302E-03   2.57101E+02  5.06424E-03   2.58859E+02  5.05000E-03   2.60682E+02  5.02778E-03   2.62524E+02  5.00076E-03   2.64428E+02  4.96840E-03   2.66323E+02  4.93133E-03   2.68206E+02  4.89198E-03   2.70175E+02  4.84915E-03   2.72146E+02  4.80177E-03   2.74069E+02  4.75033E-03   2.76032E+02  4.69258E-03   2.77984E+02  4.62787E-03   2.79905E+02  4.55689E-03   2.81849E+02  4.48193E-03   2.83790E+02  4.40782E-03   2.85729E+02 
 4.35415E-03   1.04437E+02  4.43422E-03   1.02454E+02  4.50662E-03   1.00468E+02  4.57359E-03   9.85220E+01  4.63777E-03   9.65422E+01  4.69898E-03   9.45776E+01  4.75784E-03   9.25691E+01  4.81236E-03   9.05600E+01  4.86094E-03   8.85694E+01  4.90576E-03   8.65616E+01  4.94634E-03   8.46071E+01  4.98298E-03   8.26715E+01  5.01832E-03   8.07886E+01  5.04923E-03   7.89343E+01  5.07302E-03   7.71277E+01  5.09030E-03   7.54113E+01  5.09999E-03   7.37008E+01  5.09763E-03   7.20918E+01  5.08428E-03   7.05538E+01  5.05844E-03   6.90936E+01  5.01536E-03   6.77610E+01  4.95897E-03   6.64774E+01  4.88328E-03   6.53224E+01  4.78952E-03   6.42191E+01  4.67496E-03   6.32167E+01  4.53871E-03   6.22910E+01  4.38138E-03   6.14194E+01  4.19952E-03   6.06429E+01  3.99512E-03   5.99159E+01  3.76540E-03   5.92732E+01  3.51345E-03   5.86777E+01  3.23765E-03   5.81656E+01  2.94088E-03   5.77062E+01  2.62212E-03   5.73083E+01  2.28536E-03   5.69779E+01  1.93230E-03   5.66945E+01  1.56440E-03   5.64471E+01  1.18439E-03   5.62290E+01  7.95291E-04   5.60406E+01  3.99892E-04   5.58084E+01  3.76362E-06   3.54196E+02  3.96289E-04   2.36669E+02  7.91636E-04   2.36482E+02  1.18081E-03   2.36546E+02  1.56037E-03   2.36670E+02  1.92826E-03   2.36867E+02  2.28199E-03   2.37122E+02  2.61845E-03   2.37426E+02  2.93753E-03   2.37796E+02  3.23456E-03   2.38241E+02  3.51122E-03   2.38733E+02  3.76375E-03   2.39307E+02  3.99444E-03   2.39928E+02  4.20037E-03   2.40636E+02  4.38377E-03   2.41391E+02  4.54312E-03   2.42246E+02  4.67948E-03   2.43173E+02  4.79477E-03   2.44177E+02  4.88806E-03   2.45296E+02  4.96262E-03   2.46466E+02  5.01801E-03   2.47763E+02  5.05800E-03   2.49122E+02  5.08340E-03   2.50581E+02  5.09619E-03   2.52111E+02  5.09672E-03   2.53705E+02  5.08949E-03   2.55382E+02  5.07348E-03   2.57082E+02  5.05032E-03   2.58880E+02  5.02223E-03   2.60746E+02  4.98732E-03   2.62659E+02  4.94888E-03   2.64651E+02  4.90517E-03   2.66632E+02  4.85748E-03   2.68582E+02  4.80881E-03   2.70559E+02  4.75533E-03   2.72550E+02  4.69847E-03   2.74538E+02  4.64100E-03   2.76555E+02  4.57724E-03   2.78539E+02  4.50682E-03   2.80480E+02  4.43135E-03   2.82447E+02  4.34970E-03   2.84420E+02 
 4.28699E-03   1.03222E+02  4.36429E-03   1.01184E+02  4.44287E-03   9.91879E+01  4.51548E-03   9.71745E+01  4.58225E-03   9.51503E+01  4.64597E-03   9.30991E+01  4.70414E-03   9.10231E+01  4.75827E-03   8.90219E+01  4.81239E-03   8.69722E+01  4.86469E-03   8.49351E+01  4.91530E-03   8.29766E+01  4.96435E-03   8.10178E+01  5.00624E-03   7.91184E+01  5.04378E-03   7.72556E+01  5.07439E-03   7.54448E+01  5.09712E-03   7.36866E+01  5.11303E-03   7.20079E+01  5.11778E-03   7.04190E+01  5.11354E-03   6.89135E+01  5.09496E-03   6.75221E+01  5.06166E-03   6.61960E+01  5.01284E-03   6.49664E+01  4.94400E-03   6.38216E+01  4.85585E-03   6.27506E+01  4.74435E-03   6.17748E+01  4.61181E-03   6.08492E+01  4.45403E-03   6.00212E+01  4.27274E-03   5.92725E+01  4.06575E-03   5.85922E+01  3.83378E-03   5.79828E+01  3.57873E-03   5.74448E+01  3.29883E-03   5.69705E+01  2.99693E-03   5.65467E+01  2.67325E-03   5.61909E+01  2.33087E-03   5.58999E+01  1.97026E-03   5.56469E+01  1.59524E-03   5.54336E+01  1.20761E-03   5.52989E+01  8.10162E-04   5.52206E+01  4.06666E-04   5.51651E+01  1.14514E-06   1.47783E+02  4.06922E-04   2.34841E+02  8.10444E-04   2.35030E+02  1.20760E-03   2.35168E+02  1.59569E-03   2.35343E+02  1.96947E-03   2.35577E+02  2.32967E-03   2.35862E+02  2.67248E-03   2.36172E+02  2.99590E-03   2.36537E+02  3.29714E-03   2.36969E+02  3.57633E-03   2.37452E+02  3.83192E-03   2.37994E+02  4.06190E-03   2.38618E+02  4.26812E-03   2.39298E+02  4.44948E-03   2.40058E+02  4.60764E-03   2.40881E+02  4.74073E-03   2.41791E+02  4.85344E-03   2.42768E+02  4.94340E-03   2.43819E+02  5.01333E-03   2.44968E+02  5.06415E-03   2.46183E+02  5.09768E-03   2.47515E+02  5.11650E-03   2.48921E+02  5.12047E-03   2.50427E+02  5.11462E-03   2.52037E+02  5.09692E-03   2.53711E+02  5.07213E-03   2.55469E+02  5.04089E-03   2.57258E+02  5.00356E-03   2.59104E+02  4.96284E-03   2.60994E+02  4.91587E-03   2.62939E+02  4.86772E-03   2.64967E+02  4.81572E-03   2.67027E+02  4.76055E-03   2.69057E+02  4.70559E-03   2.71060E+02  4.64466E-03   2.73085E+02  4.57941E-03   2.75113E+02  4.51418E-03   2.77156E+02  4.44312E-03   2.79191E+02  4.36781E-03   2.81185E+02  4.29084E-03   2.83155E+02 
 4.21426E-03   1.01954E+02  4.29809E-03   9.98905E+01  4.37510E-03   9.78493E+01  4.44237E-03   9.58167E+01  4.50893E-03   9.37485E+01  4.57431E-03   9.16619E+01  4.63877E-03   8.96040E+01  4.70299E-03   8.75405E+01  4.76479E-03   8.54328E+01  4.82343E-03   8.34008E+01  4.87888E-03   8.14173E+01  4.92939E-03   7.94252E+01  4.97686E-03   7.75191E+01  5.02188E-03   7.56409E+01  5.06067E-03   7.38158E+01  5.09426E-03   7.21012E+01  5.11982E-03   7.04433E+01  5.13476E-03   6.88799E+01  5.13854E-03   6.74108E+01  5.12648E-03   6.60212E+01  5.09816E-03   6.47353E+01  5.05282E-03   6.35261E+01  4.98719E-03   6.24185E+01  4.90144E-03   6.13870E+01  4.79384E-03   6.04278E+01  4.66249E-03   5.95515E+01  4.50665E-03   5.87597E+01  4.32656E-03   5.80440E+01  4.12071E-03   5.73883E+01  3.88954E-03   5.68100E+01  3.63302E-03   5.62857E+01  3.35161E-03   5.58240E+01  3.04707E-03   5.54163E+01  2.72012E-03   5.50733E+01  2.37310E-03   5.47718E+01  2.00736E-03   5.45156E+01  1.62578E-03   5.42891E+01  1.23126E-03   5.41077E+01  8.26888E-04   5.39392E+01  4.15417E-04   5.37201E+01  2.33576E-06   3.42571E+02  4.13692E-04   2.34314E+02  8.25226E-04   2.34214E+02  1.23019E-03   2.34282E+02  1.62430E-03   2.34401E+02  2.00623E-03   2.34567E+02  2.37228E-03   2.34813E+02  2.71968E-03   2.35107E+02  3.04714E-03   2.35439E+02  3.35200E-03   2.35845E+02  3.63385E-03   2.36297E+02  3.89099E-03   2.36813E+02  4.12292E-03   2.37379E+02  4.32905E-03   2.38033E+02  4.50958E-03   2.38735E+02  4.66492E-03   2.39530E+02  4.79589E-03   2.40393E+02  4.90279E-03   2.41356E+02  4.98795E-03   2.42405E+02  5.05209E-03   2.43525E+02  5.09758E-03   2.44757E+02  5.12518E-03   2.46033E+02  5.13636E-03   2.47432E+02  5.13430E-03   2.48882E+02  5.11971E-03   2.50430E+02  5.09669E-03   2.52089E+02  5.06344E-03   2.53793E+02  5.02373E-03   2.55618E+02  4.97894E-03   2.57504E+02  4.93011E-03   2.59437E+02  4.87802E-03   2.61416E+02  4.82040E-03   2.63390E+02  4.76165E-03   2.65426E+02  4.70059E-03   2.67534E+02  4.63861E-03   2.69625E+02  4.57724E-03   2.71678E+02  4.51256E-03   2.73745E+02  4.44417E-03   2.75801E+02  4.37228E-03   2.77861E+02  4.29295E-03   2.79938E+02  4.21199E-03   2.81961E+02 
 4.13243E-03   1.00782E+02  4.21076E-03   9.86879E+01  4.28531E-03   9.66455E+01  4.35891E-03   9.45298E+01  4.43180E-03   9.24025E+01  4.50293E-03   9.02950E+01  4.57110E-03   8.81538E+01  4.63552E-03   8.60382E+01  4.69942E-03   8.39315E+01  4.76169E-03   8.18945E+01  4.82246E-03   7.98786E+01  4.88435E-03   7.78908E+01  4.94291E-03   7.59808E+01  4.99655E-03   7.40935E+01  5.04309E-03   7.23188E+01  5.08346E-03   7.05884E+01  5.11463E-03   6.89373E+01  5.13400E-03   6.74100E+01  5.14257E-03   6.59503E+01  5.13554E-03   6.46295E+01  5.11422E-03   6.33702E+01  5.07477E-03   6.22032E+01  5.01592E-03   6.11318E+01  4.93809E-03   6.01099E+01  4.83452E-03   5.91983E+01  4.70795E-03   5.83466E+01  4.55453E-03   5.75887E+01  4.37604E-03   5.68917E+01  4.17137E-03   5.62695E+01  3.94009E-03   5.57083E+01  3.68263E-03   5.52056E+01  3.39881E-03   5.47739E+01  3.09085E-03   5.43946E+01  2.75965E-03   5.40664E+01  2.40766E-03   5.37915E+01  2.03724E-03   5.35537E+01  1.65064E-03   5.33631E+01  1.24987E-03   5.32408E+01  8.39219E-04   5.31555E+01  4.21525E-04   5.30804E+01  1.93610E-07   4.26737E+01  4.20744E-04   2.33057E+02  8.37988E-04   2.33104E+02  1.24825E-03   2.33222E+02  1.64864E-03   2.33385E+02  2.03522E-03   2.33585E+02  2.40557E-03   2.33823E+02  2.75607E-03   2.34104E+02  3.08677E-03   2.34442E+02  3.39437E-03   2.34840E+02  3.67758E-03   2.35266E+02  3.93519E-03   2.35762E+02  4.16654E-03   2.36327E+02  4.37174E-03   2.36943E+02  4.55048E-03   2.37638E+02  4.70484E-03   2.38381E+02  4.83249E-03   2.39214E+02  4.93775E-03   2.40103E+02  5.01808E-03   2.41108E+02  5.07860E-03   2.42175E+02  5.11840E-03   2.43339E+02  5.13952E-03   2.44622E+02  5.14475E-03   2.45969E+02  5.13418E-03   2.47439E+02  5.11270E-03   2.48975E+02  5.08043E-03   2.50621E+02  5.04046E-03   2.52332E+02  4.99365E-03   2.54078E+02  4.94103E-03   2.55948E+02  4.88502E-03   2.57864E+02  4.82576E-03   2.59862E+02  4.76549E-03   2.61928E+02  4.70180E-03   2.63980E+02  4.63557E-03   2.66057E+02  4.56843E-03   2.68179E+02  4.49886E-03   2.70291E+02  4.42970E-03   2.72393E+02  4.36151E-03   2.74517E+02  4.28933E-03   2.76605E+02  4.21351E-03   2.78690E+02  4.13237E-03   2.80751E+02 
 4.03597E-03   9.95913E+01  4.11921E-03   9.74891E+01  4.19778E-03   9.53621E+01  4.27100E-03   9.32097E+01  4.34334E-03   9.10806E+01  4.41314E-03   8.89101E+01  4.48220E-03   8.67717E+01  4.55410E-03   8.46612E+01  4.62688E-03   8.25244E+01  4.69714E-03   8.04618E+01  4.76712E-03   7.84442E+01  4.83340E-03   7.64554E+01  4.89411E-03   7.45184E+01  4.95160E-03   7.26499E+01  5.00368E-03   7.08549E+01  5.05121E-03   6.91399E+01  5.08984E-03   6.75562E+01  5.11883E-03   6.60590E+01  5.13556E-03   6.46733E+01  5.13645E-03   6.33602E+01  5.12274E-03   6.21162E+01  5.08855E-03   6.09774E+01  5.03492E-03   5.99011E+01  4.95773E-03   5.89389E+01  4.85669E-03   5.80518E+01  4.73208E-03   5.72434E+01  4.58045E-03   5.65120E+01  4.40402E-03   5.58408E+01  4.19899E-03   5.52580E+01  3.96816E-03   5.47247E+01  3.70964E-03   5.42644E+01  3.42552E-03   5.38552E+01  3.11616E-03   5.35007E+01  2.78374E-03   5.31853E+01  2.43011E-03   5.29198E+01  2.05632E-03   5.27073E+01  1.66581E-03   5.25310E+01  1.26167E-03   5.23935E+01  8.47071E-04   5.23170E+01  4.24946E-04   5.23515E+01  1.21335E-06   1.92293E+02  4.27064E-04   2.32084E+02  8.49693E-04   2.32191E+02  1.26420E-03   2.32331E+02  1.66837E-03   2.32494E+02  2.05938E-03   2.32665E+02  2.43313E-03   2.32873E+02  2.78676E-03   2.33150E+02  3.11916E-03   2.33466E+02  3.42853E-03   2.33834E+02  3.71135E-03   2.34253E+02  3.96990E-03   2.34708E+02  4.19970E-03   2.35262E+02  4.40425E-03   2.35857E+02  4.58050E-03   2.36520E+02  4.73012E-03   2.37262E+02  4.85442E-03   2.38068E+02  4.95328E-03   2.38966E+02  5.03054E-03   2.39926E+02  5.08474E-03   2.40985E+02  5.12105E-03   2.42100E+02  5.13705E-03   2.43318E+02  5.13648E-03   2.44634E+02  5.12148E-03   2.46025E+02  5.09312E-03   2.47556E+02  5.05492E-03   2.49152E+02  5.00652E-03   2.50869E+02  4.95307E-03   2.52666E+02  4.89287E-03   2.54510E+02  4.82961E-03   2.56448E+02  4.76355E-03   2.58399E+02  4.69436E-03   2.60417E+02  4.62629E-03   2.62528E+02  4.55553E-03   2.64666E+02  4.48547E-03   2.66814E+02  4.41614E-03   2.68953E+02  4.34226E-03   2.71075E+02  4.26818E-03   2.73208E+02  4.19502E-03   2.75375E+02  4.11659E-03   2.77532E+02  4.03709E-03   2.79631E+02 
 3.93687E-03   9.84818E+01  4.01650E-03   9.63425E+01  4.08922E-03   9.42061E+01  4.16400E-03   9.20149E+01  4.24000E-03   8.98171E+01  4.31632E-03   8.76334E+01  4.39461E-03   8.54594E+01  4.47029E-03   8.32820E+01  4.54346E-03   8.11384E+01  4.61537E-03   7.90952E+01  4.68754E-03   7.70447E+01  4.75852E-03   7.50231E+01  4.82804E-03   7.31041E+01  4.89509E-03   7.12450E+01  4.95681E-03   6.94938E+01  5.01304E-03   6.78399E+01  5.05792E-03   6.62750E+01  5.09103E-03   6.48109E+01  5.11154E-03   6.34100E+01  5.11671E-03   6.21129E+01  5.10582E-03   6.09158E+01  5.07571E-03   5.98015E+01  5.02533E-03   5.87972E+01  4.95346E-03   5.78610E+01  4.85873E-03   5.70092E+01  4.73880E-03   5.62324E+01  4.59193E-03   5.55280E+01  4.41819E-03   5.48950E+01  4.21653E-03   5.43285E+01  3.98756E-03   5.38356E+01  3.73068E-03   5.33819E+01  3.44718E-03   5.29809E+01  3.13816E-03   5.26319E+01  2.80544E-03   5.23210E+01  2.44994E-03   5.20660E+01  2.07382E-03   5.18528E+01  1.68128E-03   5.16757E+01  1.27409E-03   5.15448E+01  8.55813E-04   5.14223E+01  4.30423E-04   5.12542E+01  1.55136E-06   3.56825E+02  4.28408E-04   2.31582E+02  8.53272E-04   2.31542E+02  1.27115E-03   2.31630E+02  1.67879E-03   2.31724E+02  2.07116E-03   2.31896E+02  2.44658E-03   2.32135E+02  2.80231E-03   2.32367E+02  3.13488E-03   2.32662E+02  3.44444E-03   2.33010E+02  3.72758E-03   2.33407E+02  3.98379E-03   2.33863E+02  4.21393E-03   2.34362E+02  4.41587E-03   2.34930E+02  4.59076E-03   2.35550E+02  4.73833E-03   2.36243E+02  4.85964E-03   2.37008E+02  4.95517E-03   2.37849E+02  5.02691E-03   2.38794E+02  5.07728E-03   2.39802E+02  5.10536E-03   2.40928E+02  5.11678E-03   2.42129E+02  5.11029E-03   2.43426E+02  5.08884E-03   2.44814E+02  5.05471E-03   2.46267E+02  5.00982E-03   2.47850E+02  4.95712E-03   2.49495E+02  4.89626E-03   2.51251E+02  4.83053E-03   2.53103E+02  4.76072E-03   2.55025E+02  4.69001E-03   2.57066E+02  4.61748E-03   2.59099E+02  4.54288E-03   2.61141E+02  4.46779E-03   2.63273E+02  4.39066E-03   2.65466E+02  4.31474E-03   2.67665E+02  4.24185E-03   2.69847E+02  4.16832E-03   2.71998E+02  4.09313E-03   2.74140E+02  4.01633E-03   2.76322E+02  3.93359E-03   2.78477E+02 
 3.81904E-03   9.73680E+01  3.89864E-03   9.52154E+01  3.97839E-03   9.30146E+01  4.05792E-03   9.07664E+01  4.13553E-03   8.85703E+01  4.21025E-03   8.63630E+01  4.28488E-03   8.41521E+01  4.36222E-03   8.19809E+01  4.44187E-03   7.98694E+01  4.52153E-03   7.77913E+01  4.60288E-03   7.57113E+01  4.68143E-03   7.37416E+01  4.75546E-03   7.18276E+01  4.82589E-03   6.99761E+01  4.89055E-03   6.82402E+01  4.94930E-03   6.65882E+01  4.99741E-03   6.50666E+01  5.03715E-03   6.36087E+01  5.06425E-03   6.22627E+01  5.07547E-03   6.10205E+01  5.07226E-03   5.98490E+01  5.04846E-03   5.87934E+01  5.00543E-03   5.77824E+01  4.93823E-03   5.68714E+01  4.84640E-03   5.60457E+01  4.72942E-03   5.52966E+01  4.58373E-03   5.46347E+01  4.41266E-03   5.40227E+01  4.21198E-03   5.34863E+01  3.98503E-03   5.29935E+01  3.72942E-03   5.25628E+01  3.44760E-03   5.21850E+01  3.13910E-03   5.18667E+01  2.80555E-03   5.15862E+01  2.45012E-03   5.13520E+01  2.07471E-03   5.11574E+01  1.68112E-03   5.10169E+01  1.27345E-03   5.09245E+01  8.54747E-04   5.08753E+01  4.28328E-04   5.08917E+01  2.27986E-06   1.83862E+02  4.31864E-04   2.30447E+02  8.58607E-04   2.30633E+02  1.27728E-03   2.30769E+02  1.68519E-03   2.30907E+02  2.07886E-03   2.31059E+02  2.45394E-03   2.31280E+02  2.80957E-03   2.31525E+02  3.14165E-03   2.31825E+02  3.44967E-03   2.32168E+02  3.73117E-03   2.32556E+02  3.98586E-03   2.32998E+02  4.21188E-03   2.33498E+02  4.41095E-03   2.34043E+02  4.58103E-03   2.34663E+02  4.72530E-03   2.35334E+02  4.84191E-03   2.36084E+02  4.93398E-03   2.36896E+02  5.00217E-03   2.37787E+02  5.04705E-03   2.38780E+02  5.07288E-03   2.39821E+02  5.07760E-03   2.40994E+02  5.06745E-03   2.42248E+02  5.04152E-03   2.43599E+02  5.00184E-03   2.45064E+02  4.95128E-03   2.46604E+02  4.89078E-03   2.48271E+02  4.82564E-03   2.49993E+02  4.75387E-03   2.51807E+02  4.67832E-03   2.53700E+02  4.59985E-03   2.55659E+02  4.52110E-03   2.57756E+02  4.44430E-03   2.59873E+02  4.36577E-03   2.61995E+02  4.28853E-03   2.64181E+02  4.21047E-03   2.66390E+02  4.12982E-03   2.68595E+02  4.05218E-03   2.70814E+02  3.97688E-03   2.73027E+02  3.89977E-03   2.75225E+02  3.82158E-03   2.77410E+02 
 3.69819E-03   9.63406E+01  3.77848E-03   9.41483E+01  3.85257E-03   9.19035E+01  3.92926E-03   8.96674E+01  4.00647E-03   8.74226E+01  4.08567E-03   8.51571E+01  4.16966E-03   8.29529E+01  4.25400E-03   8.07660E+01  4.33633E-03   7.86115E+01  4.41772E-03   7.65176E+01  4.49929E-03   7.44621E+01  4.57792E-03   7.24726E+01  4.65692E-03   7.05547E+01  4.73384E-03   6.87424E+01  4.80492E-03   6.70494E+01  4.87069E-03   6.54610E+01  4.92687E-03   6.39498E+01  4.97244E-03   6.25388E+01  5.00292E-03   6.12199E+01  5.01943E-03   5.99691E+01  5.01850E-03   5.88354E+01  4.99721E-03   5.77750E+01  4.95687E-03   5.68125E+01  4.89219E-03   5.59477E+01  4.80448E-03   5.51663E+01  4.69025E-03   5.44668E+01  4.55060E-03   5.38101E+01  4.38337E-03   5.32336E+01  4.18774E-03   5.27143E+01  3.96462E-03   5.22526E+01  3.71341E-03   5.18356E+01  3.43474E-03   5.14741E+01  3.12947E-03   5.11537E+01  2.80001E-03   5.08664E+01  2.44698E-03   5.06358E+01  2.07318E-03   5.04308E+01  1.68131E-03   5.02613E+01  1.27499E-03   5.01384E+01  8.56707E-04   5.00459E+01  4.30685E-04   4.99171E+01  1.35389E-06   8.08406E+00  4.28592E-04   2.30086E+02  8.53949E-04   2.30148E+02  1.27295E-03   2.30227E+02  1.67967E-03   2.30323E+02  2.07092E-03   2.30473E+02  2.44509E-03   2.30654E+02  2.79883E-03   2.30880E+02  3.12844E-03   2.31154E+02  3.43465E-03   2.31460E+02  3.71423E-03   2.31820E+02  3.96633E-03   2.32237E+02  4.19028E-03   2.32697E+02  4.38513E-03   2.33230E+02  4.55346E-03   2.33815E+02  4.69187E-03   2.34470E+02  4.80535E-03   2.35180E+02  4.89143E-03   2.35986E+02  4.95485E-03   2.36856E+02  4.99548E-03   2.37807E+02  5.01451E-03   2.38864E+02  5.01679E-03   2.39970E+02  4.99971E-03   2.41211E+02  4.96958E-03   2.42513E+02  4.92558E-03   2.43912E+02  4.87094E-03   2.45440E+02  4.80710E-03   2.47041E+02  4.73549E-03   2.48784E+02  4.66082E-03   2.50598E+02  4.58120E-03   2.52495E+02  4.50058E-03   2.54493E+02  4.41711E-03   2.56502E+02  4.33301E-03   2.58590E+02  4.25117E-03   2.60742E+02  4.16858E-03   2.62937E+02  4.08896E-03   2.65195E+02  4.01080E-03   2.67446E+02  3.93152E-03   2.69650E+02  3.85422E-03   2.71863E+02  3.77754E-03   2.74123E+02  3.69552E-03   2.76354E+02 
 3.56210E-03   9.53329E+01  3.63780E-03   9.30923E+01  3.71641E-03   9.08084E+01  3.79839E-03   8.85195E+01  3.87940E-03   8.62524E+01  3.96042E-03   8.39973E+01  4.04148E-03   8.17820E+01  4.12253E-03   7.95854E+01  4.20608E-03   7.74567E+01  4.29182E-03   7.53617E+01  4.37979E-03   7.32701E+01  4.46660E-03   7.13152E+01  4.55163E-03   6.94432E+01  4.63132E-03   6.76643E+01  4.70523E-03   6.60017E+01  4.77301E-03   6.43922E+01  4.82962E-03   6.29001E+01  4.87711E-03   6.15019E+01  4.91199E-03   6.01980E+01  4.93279E-03   5.90088E+01  4.93714E-03   5.79056E+01  4.92173E-03   5.69113E+01  4.88679E-03   5.59853E+01  4.82828E-03   5.51475E+01  4.74568E-03   5.43937E+01  4.63714E-03   5.36932E+01  4.50158E-03   5.30645E+01  4.33920E-03   5.24863E+01  4.14717E-03   5.19867E+01  3.92768E-03   5.15402E+01  3.67958E-03   5.11413E+01  3.40439E-03   5.07876E+01  3.10257E-03   5.04797E+01  2.77584E-03   5.02210E+01  2.42595E-03   4.99948E+01  2.05567E-03   4.98129E+01  1.66668E-03   4.96844E+01  1.26323E-03   4.95828E+01  8.48595E-04   4.95288E+01  4.25733E-04   4.96452E+01  1.87955E-06   1.64777E+02  4.27906E-04   2.29242E+02  8.51092E-04   2.29392E+02  1.26559E-03   2.29489E+02  1.66876E-03   2.29610E+02  2.05778E-03   2.29773E+02  2.42766E-03   2.29969E+02  2.77751E-03   2.30190E+02  3.10421E-03   2.30454E+02  3.40455E-03   2.30770E+02  3.67938E-03   2.31124E+02  3.92646E-03   2.31536E+02  4.14555E-03   2.31989E+02  4.33664E-03   2.32496E+02  4.49898E-03   2.33069E+02  4.63550E-03   2.33692E+02  4.74373E-03   2.34391E+02  4.82760E-03   2.35145E+02  4.88553E-03   2.35993E+02  4.92179E-03   2.36909E+02  4.93799E-03   2.37911E+02  4.93465E-03   2.39022E+02  4.91544E-03   2.40205E+02  4.87946E-03   2.41515E+02  4.83174E-03   2.42900E+02  4.77258E-03   2.44396E+02  4.70398E-03   2.45993E+02  4.62904E-03   2.47637E+02  4.54881E-03   2.49432E+02  4.46542E-03   2.51282E+02  4.37868E-03   2.53248E+02  4.29335E-03   2.55366E+02  4.20936E-03   2.57465E+02  4.12512E-03   2.59595E+02  4.04221E-03   2.61782E+02  3.95763E-03   2.64017E+02  3.87401E-03   2.66305E+02  3.79453E-03   2.68605E+02  3.71724E-03   2.70849E+02  3.64147E-03   2.73088E+02  3.56512E-03   2.75363E+02 
 3.41833E-03   9.43771E+01  3.49801E-03   9.21101E+01  3.57425E-03   8.97872E+01  3.65176E-03   8.75212E+01  3.72909E-03   8.52376E+01  3.80932E-03   8.29282E+01  3.89527E-03   8.06921E+01  3.98353E-03   7.84988E+01  4.07277E-03   7.63518E+01  4.16124E-03   7.42178E+01  4.24863E-03   7.21713E+01  4.33396E-03   7.02350E+01  4.41885E-03   6.83428E+01  4.50080E-03   6.65896E+01  4.57884E-03   6.49250E+01  4.65003E-03   6.33851E+01  4.71287E-03   6.19364E+01  4.76694E-03   6.05708E+01  4.80487E-03   5.93319E+01  4.83052E-03   5.81445E+01  4.83747E-03   5.70821E+01  4.82563E-03   5.60864E+01  4.79370E-03   5.51723E+01  4.73630E-03   5.43672E+01  4.65753E-03   5.36189E+01  4.55142E-03   5.29694E+01  4.42061E-03   5.23602E+01  4.26238E-03   5.18227E+01  4.07633E-03   5.13369E+01  3.86282E-03   5.09014E+01  3.62111E-03   5.05213E+01  3.35343E-03   5.01777E+01  3.05766E-03   4.98950E+01  2.73725E-03   4.96431E+01  2.39355E-03   4.94323E+01  2.02917E-03   4.92357E+01  1.64633E-03   4.90932E+01  1.24935E-03   4.89694E+01  8.39866E-04   4.88985E+01  4.21708E-04   4.89060E+01  3.37476E-07   2.17130E+01  4.21117E-04   2.28913E+02  8.38201E-04   2.28941E+02  1.24832E-03   2.28986E+02  1.64658E-03   2.29099E+02  2.02948E-03   2.29241E+02  2.39450E-03   2.29408E+02  2.73880E-03   2.29622E+02  3.05938E-03   2.29868E+02  3.35549E-03   2.30161E+02  3.62456E-03   2.30499E+02  3.86680E-03   2.30880E+02  4.08078E-03   2.31312E+02  4.26615E-03   2.31805E+02  4.42347E-03   2.32357E+02  4.55289E-03   2.32974E+02  4.65756E-03   2.33642E+02  4.73486E-03   2.34398E+02  4.79051E-03   2.35209E+02  4.82213E-03   2.36107E+02  4.83366E-03   2.37089E+02  4.82689E-03   2.38144E+02  4.80146E-03   2.39321E+02  4.76507E-03   2.40552E+02  4.71351E-03   2.41914E+02  4.65198E-03   2.43377E+02  4.58104E-03   2.44947E+02  4.50310E-03   2.46643E+02  4.42177E-03   2.48386E+02  4.33568E-03   2.50255E+02  4.24836E-03   2.52178E+02  4.15769E-03   2.54177E+02  4.06857E-03   2.56316E+02  3.98231E-03   2.58482E+02  3.89624E-03   2.60688E+02  3.81480E-03   2.62951E+02  3.73395E-03   2.65215E+02  3.65107E-03   2.67499E+02  3.57218E-03   2.69803E+02  3.49579E-03   2.72098E+02  3.41689E-03   2.74377E+02 
 3.26633E-03   9.34777E+01  3.33796E-03   9.11489E+01  3.41350E-03   8.88200E+01  3.49434E-03   8.65160E+01  3.57566E-03   8.41662E+01  3.65994E-03   8.18755E+01  3.74470E-03   7.96641E+01  3.82873E-03   7.74420E+01  3.91441E-03   7.52887E+01  4.00246E-03   7.31978E+01  4.09223E-03   7.11448E+01  4.18343E-03   6.92127E+01  4.27422E-03   6.73883E+01  4.35876E-03   6.56636E+01  4.43872E-03   6.40539E+01  4.51152E-03   6.25059E+01  4.57544E-03   6.10581E+01  4.62800E-03   5.97251E+01  4.66763E-03   5.84629E+01  4.69514E-03   5.73218E+01  4.70448E-03   5.62748E+01  4.69727E-03   5.53232E+01  4.66906E-03   5.44805E+01  4.61852E-03   5.36893E+01  4.54504E-03   5.29856E+01  4.44552E-03   5.23305E+01  4.32179E-03   5.17405E+01  4.17076E-03   5.12109E+01  3.99182E-03   5.07261E+01  3.78477E-03   5.03084E+01  3.54983E-03   4.99318E+01  3.28727E-03   4.96070E+01  2.99859E-03   4.93039E+01  2.68521E-03   4.90573E+01  2.34891E-03   4.88505E+01  1.99148E-03   4.86856E+01  1.61597E-03   4.85376E+01  1.22577E-03   4.84367E+01  8.24029E-04   4.83580E+01  4.13592E-04   4.83106E+01  3.07350E-07   2.42001E+02  4.14162E-04   2.28285E+02  8.24350E-04   2.28334E+02  1.22639E-03   2.28417E+02  1.61644E-03   2.28521E+02  1.99154E-03   2.28662E+02  2.34853E-03   2.28825E+02  2.68390E-03   2.29057E+02  2.99769E-03   2.29302E+02  3.28558E-03   2.29593E+02  3.54843E-03   2.29920E+02  3.78292E-03   2.30299E+02  3.98996E-03   2.30715E+02  4.16949E-03   2.31195E+02  4.32165E-03   2.31725E+02  4.44693E-03   2.32310E+02  4.54551E-03   2.32968E+02  4.61985E-03   2.33683E+02  4.66919E-03   2.34493E+02  4.69863E-03   2.35346E+02  4.70579E-03   2.36304E+02  4.69614E-03   2.37350E+02  4.66961E-03   2.38480E+02  4.62781E-03   2.39737E+02  4.57531E-03   2.41037E+02  4.50934E-03   2.42479E+02  4.43680E-03   2.44017E+02  4.35695E-03   2.45621E+02  4.27187E-03   2.47385E+02  4.18414E-03   2.49213E+02  4.09471E-03   2.51165E+02  4.00625E-03   2.53210E+02  3.91690E-03   2.55286E+02  3.82919E-03   2.57457E+02  3.74257E-03   2.59645E+02  3.65570E-03   2.61893E+02  3.57287E-03   2.64229E+02  3.49317E-03   2.66557E+02  3.41456E-03   2.68841E+02  3.34087E-03   2.71148E+02  3.26714E-03   2.73492E+02 
 3.09842E-03   9.25923E+01  3.17477E-03   9.02569E+01  3.25171E-03   8.78942E+01  3.32840E-03   8.55780E+01  3.40507E-03   8.32614E+01  3.48452E-03   8.09747E+01  3.56891E-03   7.87224E+01  3.65689E-03   7.64996E+01  3.74759E-03   7.43450E+01  3.83936E-03   7.22095E+01  3.93039E-03   7.01839E+01  4.01899E-03   6.82985E+01  4.10556E-03   6.64705E+01  4.18936E-03   6.47662E+01  4.26980E-03   6.31275E+01  4.34319E-03   6.16177E+01  4.40962E-03   6.02272E+01  4.46700E-03   5.89056E+01  4.51038E-03   5.77187E+01  4.54172E-03   5.66083E+01  4.55416E-03   5.56027E+01  4.54914E-03   5.46743E+01  4.52490E-03   5.38173E+01  4.47684E-03   5.30554E+01  4.40729E-03   5.23439E+01  4.31289E-03   5.17099E+01  4.19371E-03   5.11306E+01  4.04745E-03   5.06134E+01  3.87501E-03   5.01537E+01  3.67549E-03   4.97410E+01  3.44855E-03   4.93875E+01  3.19544E-03   4.90638E+01  2.91599E-03   4.87972E+01  2.61281E-03   4.85585E+01  2.28557E-03   4.83671E+01  1.93858E-03   4.81927E+01  1.57356E-03   4.80670E+01  1.19397E-03   4.79855E+01  8.02070E-04   4.79316E+01  4.02983E-04   4.79444E+01  4.80235E-07   1.48036E+02  4.03540E-04   2.27796E+02  8.03163E-04   2.27849E+02  1.19496E-03   2.27941E+02  1.57535E-03   2.28051E+02  1.94070E-03   2.28168E+02  2.28799E-03   2.28330E+02  2.61514E-03   2.28538E+02  2.91856E-03   2.28781E+02  3.19840E-03   2.29050E+02  3.45150E-03   2.29360E+02  3.67843E-03   2.29724E+02  3.87764E-03   2.30149E+02  4.05012E-03   2.30601E+02  4.19498E-03   2.31127E+02  4.31296E-03   2.31711E+02  4.40655E-03   2.32339E+02  4.47496E-03   2.33045E+02  4.52099E-03   2.33828E+02  4.54529E-03   2.34687E+02  4.55036E-03   2.35614E+02  4.53723E-03   2.36630E+02  4.50816E-03   2.37731E+02  4.46609E-03   2.38923E+02  4.41065E-03   2.40238E+02  4.34652E-03   2.41623E+02  4.27195E-03   2.43169E+02  4.19162E-03   2.44802E+02  4.10658E-03   2.46479E+02  4.01742E-03   2.48307E+02  3.92811E-03   2.50168E+02  3.83532E-03   2.52173E+02  3.74470E-03   2.54323E+02  3.65726E-03   2.56485E+02  3.57237E-03   2.58709E+02  3.49082E-03   2.60954E+02  3.40832E-03   2.63223E+02  3.32519E-03   2.65580E+02  3.24715E-03   2.67949E+02  3.17314E-03   2.70258E+02  3.09921E-03   2.72578E+02 
 2.92948E-03   9.17975E+01  2.99747E-03   8.94025E+01  3.06887E-03   8.70524E+01  3.14535E-03   8.47237E+01  3.22442E-03   8.23266E+01  3.30832E-03   8.00185E+01  3.39285E-03   7.77976E+01  3.47734E-03   7.55711E+01  3.56284E-03   7.34007E+01  3.64936E-03   7.13258E+01  3.73773E-03   6.93270E+01  3.82826E-03   6.74289E+01  3.91758E-03   6.56506E+01  4.00381E-03   6.39561E+01  4.08629E-03   6.23866E+01  4.15981E-03   6.09116E+01  4.22658E-03   5.95067E+01  4.28138E-03   5.82310E+01  4.32434E-03   5.70261E+01  4.35550E-03   5.59318E+01  4.36824E-03   5.49467E+01  4.36666E-03   5.40281E+01  4.34410E-03   5.32196E+01  4.30192E-03   5.24697E+01  4.23852E-03   5.17928E+01  4.15032E-03   5.11735E+01  4.03976E-03   5.06133E+01  3.90250E-03   5.01097E+01  3.73916E-03   4.96565E+01  3.54850E-03   4.92661E+01  3.33190E-03   4.89012E+01  3.08857E-03   4.85898E+01  2.82046E-03   4.83071E+01  2.52750E-03   4.80871E+01  2.21282E-03   4.78743E+01  1.87769E-03   4.77082E+01  1.52458E-03   4.75758E+01  1.15679E-03   4.74573E+01  7.77752E-04   4.73727E+01  3.91233E-04   4.73375E+01  7.39435E-07   7.91517E+00  3.90186E-04   2.27494E+02  7.76758E-04   2.27459E+02  1.15513E-03   2.27514E+02  1.52274E-03   2.27612E+02  1.87568E-03   2.27734E+02  2.21085E-03   2.27887E+02  2.52532E-03   2.28087E+02  2.81808E-03   2.28309E+02  3.08584E-03   2.28597E+02  3.32967E-03   2.28895E+02  3.54702E-03   2.29248E+02  3.73843E-03   2.29642E+02  3.90257E-03   2.30103E+02  4.04176E-03   2.30597E+02  4.15348E-03   2.31159E+02  4.24144E-03   2.31779E+02  4.30639E-03   2.32458E+02  4.34665E-03   2.33239E+02  4.36912E-03   2.34046E+02  4.37021E-03   2.34966E+02  4.35581E-03   2.35958E+02  4.32411E-03   2.37038E+02  4.27969E-03   2.38236E+02  4.22476E-03   2.39480E+02  4.15759E-03   2.40863E+02  4.08522E-03   2.42331E+02  4.00295E-03   2.43913E+02  3.91800E-03   2.45642E+02  3.83053E-03   2.47440E+02  3.74059E-03   2.49366E+02  3.65236E-03   2.51343E+02  3.56220E-03   2.53394E+02  3.47428E-03   2.55572E+02  3.38779E-03   2.57787E+02  3.30343E-03   2.60062E+02  3.22503E-03   2.62395E+02  3.14750E-03   2.64731E+02  3.06986E-03   2.67059E+02  2.99902E-03   2.69424E+02  2.92884E-03   2.71807E+02 
 2.74086E-03   9.10147E+01  2.81116E-03   8.86388E+01  2.88516E-03   8.62466E+01  2.95907E-03   8.38641E+01  3.03328E-03   8.15199E+01  3.10909E-03   7.92667E+01  3.18871E-03   7.70000E+01  3.27331E-03   7.47444E+01  3.36048E-03   7.26247E+01  3.44938E-03   7.05071E+01  3.53982E-03   6.84995E+01  3.62855E-03   6.66670E+01  3.71368E-03   6.48833E+01  3.79492E-03   6.32287E+01  3.87359E-03   6.16293E+01  3.94579E-03   6.01409E+01  4.01103E-03   5.88044E+01  4.06795E-03   5.75306E+01  4.11367E-03   5.63876E+01  4.14694E-03   5.53411E+01  4.16405E-03   5.43664E+01  4.16509E-03   5.35001E+01  4.14696E-03   5.26937E+01  4.10860E-03   5.19489E+01  4.04829E-03   5.12735E+01  3.96587E-03   5.06658E+01  3.86051E-03   5.01142E+01  3.72991E-03   4.96119E+01  3.57462E-03   4.91655E+01  3.39365E-03   4.87600E+01  3.18735E-03   4.84199E+01  2.95589E-03   4.81142E+01  2.69889E-03   4.78655E+01  2.41994E-03   4.76353E+01  2.11939E-03   4.74561E+01  1.79834E-03   4.73084E+01  1.46032E-03   4.71983E+01  1.10810E-03   4.71313E+01  7.44545E-04   4.70479E+01  3.73952E-04   4.70704E+01  1.00588E-06   1.68418E+02  3.75366E-04   2.26889E+02  7.46564E-04   2.26955E+02  1.10981E-03   2.27034E+02  1.46211E-03   2.27126E+02  1.79977E-03   2.27267E+02  2.12137E-03   2.27432E+02  2.42241E-03   2.27623E+02  2.70166E-03   2.27846E+02  2.95842E-03   2.28104E+02  3.18900E-03   2.28405E+02  3.39538E-03   2.28756E+02  3.57577E-03   2.29163E+02  3.73089E-03   2.29599E+02  3.86027E-03   2.30100E+02  3.96614E-03   2.30640E+02  4.04717E-03   2.31263E+02  4.10645E-03   2.31928E+02  4.14385E-03   2.32677E+02  4.16085E-03   2.33499E+02  4.16136E-03   2.34368E+02  4.14405E-03   2.35351E+02  4.11303E-03   2.36396E+02  4.06821E-03   2.37562E+02  4.01286E-03   2.38840E+02  3.94917E-03   2.40171E+02  3.87503E-03   2.41681E+02  3.79638E-03   2.43239E+02  3.71209E-03   2.44877E+02  3.62469E-03   2.46665E+02  3.53696E-03   2.48477E+02  3.44712E-03   2.50483E+02  3.36066E-03   2.52594E+02  3.27632E-03   2.54734E+02  3.19391E-03   2.56979E+02  3.11365E-03   2.59217E+02  3.03420E-03   2.61490E+02  2.95572E-03   2.63882E+02  2.88094E-03   2.66282E+02  2.81054E-03   2.68607E+02  2.74333E-03   2.70989E+02 
 2.55418E-03   9.03229E+01  2.61815E-03   8.78822E+01  2.68326E-03   8.55008E+01  2.75261E-03   8.31388E+01  2.82576E-03   8.07511E+01  2.90482E-03   7.84666E+01  2.98611E-03   7.62090E+01  3.06693E-03   7.39721E+01  3.14824E-03   7.18156E+01  3.23037E-03   6.97458E+01  3.31379E-03   6.78022E+01  3.39922E-03   6.59457E+01  3.48341E-03   6.41901E+01  3.56570E-03   6.25306E+01  3.64465E-03   6.09921E+01  3.71613E-03   5.95729E+01  3.78208E-03   5.82105E+01  3.83603E-03   5.69799E+01  3.87914E-03   5.58420E+01  3.91085E-03   5.47896E+01  3.92658E-03   5.38408E+01  3.92879E-03   5.29621E+01  3.91141E-03   5.21815E+01  3.87777E-03   5.14471E+01  3.82437E-03   5.07935E+01  3.74869E-03   5.01998E+01  3.65189E-03   4.96595E+01  3.53121E-03   4.91804E+01  3.38719E-03   4.87423E+01  3.21711E-03   4.83704E+01  3.02341E-03   4.80253E+01  2.80485E-03   4.77358E+01  2.56376E-03   4.74658E+01  2.29944E-03   4.72472E+01  2.01420E-03   4.70430E+01  1.70986E-03   4.68990E+01  1.38940E-03   4.67871E+01  1.05463E-03   4.66585E+01  7.09464E-04   4.65787E+01  3.57622E-04   4.65271E+01  1.44034E-06   1.67612E+01  3.54179E-04   2.26709E+02  7.06602E-04   2.26685E+02  1.05241E-03   2.26755E+02  1.38719E-03   2.26817E+02  1.70781E-03   2.26929E+02  2.01185E-03   2.27068E+02  2.29703E-03   2.27262E+02  2.56128E-03   2.27473E+02  2.80267E-03   2.27729E+02  3.02144E-03   2.28027E+02  3.21569E-03   2.28364E+02  3.38706E-03   2.28742E+02  3.53251E-03   2.29175E+02  3.65431E-03   2.29650E+02  3.75179E-03   2.30192E+02  3.82824E-03   2.30792E+02  3.88268E-03   2.31446E+02  3.91567E-03   2.32173E+02  3.93157E-03   2.32971E+02  3.92789E-03   2.33855E+02  3.90998E-03   2.34801E+02  3.87684E-03   2.35854E+02  3.83332E-03   2.36983E+02  3.77839E-03   2.38196E+02  3.71425E-03   2.39521E+02  3.64505E-03   2.40927E+02  3.56594E-03   2.42508E+02  3.48554E-03   2.44193E+02  3.40132E-03   2.45965E+02  3.31618E-03   2.47868E+02  3.23229E-03   2.49773E+02  3.14544E-03   2.51802E+02  3.06242E-03   2.53963E+02  2.98029E-03   2.56178E+02  2.90150E-03   2.58492E+02  2.82915E-03   2.60806E+02  2.75642E-03   2.63125E+02  2.68352E-03   2.65511E+02  2.61735E-03   2.67940E+02  2.55218E-03   2.70336E+02 
 2.34785E-03   8.96431E+01  2.40936E-03   8.72230E+01  2.47704E-03   8.48276E+01  2.54592E-03   8.24100E+01  2.61511E-03   8.00577E+01  2.68474E-03   7.78363E+01  2.75660E-03   7.55487E+01  2.83330E-03   7.32716E+01  2.91268E-03   7.11734E+01  2.99497E-03   6.90983E+01  3.07962E-03   6.71139E+01  3.16211E-03   6.53172E+01  3.24147E-03   6.35720E+01  3.31802E-03   6.19463E+01  3.39122E-03   6.03974E+01  3.45830E-03   5.89371E+01  3.51908E-03   5.76336E+01  3.57221E-03   5.64106E+01  3.61647E-03   5.53027E+01  3.64884E-03   5.43055E+01  3.66785E-03   5.33668E+01  3.67220E-03   5.25337E+01  3.65979E-03   5.17487E+01  3.63074E-03   5.10284E+01  3.58091E-03   5.03892E+01  3.51231E-03   4.97893E+01  3.42196E-03   4.92635E+01  3.30912E-03   4.87741E+01  3.17470E-03   4.83532E+01  3.01635E-03   4.79619E+01  2.83472E-03   4.76217E+01  2.63068E-03   4.73213E+01  2.40466E-03   4.70628E+01  2.15760E-03   4.68491E+01  1.89049E-03   4.66867E+01  1.60541E-03   4.65444E+01  1.30429E-03   4.64416E+01  9.89937E-04   4.63654E+01  6.65926E-04   4.63187E+01  3.34436E-04   4.63329E+01  1.35524E-06   1.85931E+02  3.35835E-04   2.26076E+02  6.67195E-04   2.26192E+02  9.91404E-04   2.26288E+02  1.30564E-03   2.26376E+02  1.60616E-03   2.26514E+02  1.89152E-03   2.26670E+02  2.15835E-03   2.26844E+02  2.40591E-03   2.27063E+02  2.63245E-03   2.27331E+02  2.83574E-03   2.27623E+02  3.01636E-03   2.27951E+02  3.17379E-03   2.28341E+02  3.30863E-03   2.28761E+02  3.41994E-03   2.29253E+02  3.51106E-03   2.29768E+02  3.57901E-03   2.30373E+02  3.62890E-03   2.31005E+02  3.65827E-03   2.31730E+02  3.67019E-03   2.32523E+02  3.66741E-03   2.33357E+02  3.64805E-03   2.34326E+02  3.61707E-03   2.35335E+02  3.57250E-03   2.36464E+02  3.52064E-03   2.37698E+02  3.46003E-03   2.38987E+02  3.39091E-03   2.40444E+02  3.31827E-03   2.41939E+02  3.24007E-03   2.43547E+02  3.15967E-03   2.45294E+02  3.07787E-03   2.47083E+02  2.99527E-03   2.49072E+02  2.91529E-03   2.51140E+02  2.83708E-03   2.53272E+02  2.76136E-03   2.55519E+02  2.68626E-03   2.57751E+02  2.61335E-03   2.60058E+02  2.54353E-03   2.62470E+02  2.47452E-03   2.64870E+02  2.41012E-03   2.67220E+02  2.35152E-03   2.69639E+02 
 2.14349E-03   8.91008E+01  2.20089E-03   8.66303E+01  2.25834E-03   8.42059E+01  2.31900E-03   8.18309E+01  2.38290E-03   7.94657E+01  2.45264E-03   7.71535E+01  2.52628E-03   7.48412E+01  2.59989E-03   7.26309E+01  2.67337E-03   7.05103E+01  2.74767E-03   6.84475E+01  2.82222E-03   6.65535E+01  2.89784E-03   6.47280E+01  2.97343E-03   6.30045E+01  3.04752E-03   6.13819E+01  3.11899E-03   5.98500E+01  3.18367E-03   5.84732E+01  3.24349E-03   5.71772E+01  3.29409E-03   5.59985E+01  3.33509E-03   5.48959E+01  3.36565E-03   5.38732E+01  3.38196E-03   5.29589E+01  3.38667E-03   5.20983E+01  3.37492E-03   5.13323E+01  3.34815E-03   5.06271E+01  3.30395E-03   4.99842E+01  3.24184E-03   4.93932E+01  3.16071E-03   4.88655E+01  3.05866E-03   4.84108E+01  2.93633E-03   4.79801E+01  2.79126E-03   4.76242E+01  2.62589E-03   4.72857E+01  2.43820E-03   4.70062E+01  2.22996E-03   4.67615E+01  2.00107E-03   4.65378E+01  1.75356E-03   4.63598E+01  1.48990E-03   4.61948E+01  1.21131E-03   4.60674E+01  9.20006E-04   4.59869E+01  6.19441E-04   4.58934E+01  3.12171E-04   4.57645E+01  1.54940E-06   9.11205E+00  3.08841E-04   2.26090E+02  6.16237E-04   2.25994E+02  9.17851E-04   2.26035E+02  1.20902E-03   2.26114E+02  1.48850E-03   2.26231E+02  1.75247E-03   2.26382E+02  1.99921E-03   2.26560E+02  2.22816E-03   2.26755E+02  2.43663E-03   2.27004E+02  2.62479E-03   2.27293E+02  2.79205E-03   2.27617E+02  2.93696E-03   2.27994E+02  3.05978E-03   2.28416E+02  3.16300E-03   2.28887E+02  3.24517E-03   2.29412E+02  3.30870E-03   2.29980E+02  3.35184E-03   2.30618E+02  3.37849E-03   2.31320E+02  3.38834E-03   2.32116E+02  3.38202E-03   2.32958E+02  3.36427E-03   2.33859E+02  3.33251E-03   2.34877E+02  3.29216E-03   2.35960E+02  3.24046E-03   2.37157E+02  3.18176E-03   2.38434E+02  3.11934E-03   2.39800E+02  3.04813E-03   2.41368E+02  2.97630E-03   2.43009E+02  2.90046E-03   2.44766E+02  2.82333E-03   2.46629E+02  2.74752E-03   2.48472E+02  2.66945E-03   2.50492E+02  2.59472E-03   2.52631E+02  2.52101E-03   2.54850E+02  2.45073E-03   2.57193E+02  2.38721E-03   2.59479E+02  2.32328E-03   2.61779E+02  2.25830E-03   2.64214E+02  2.19835E-03   2.66674E+02  2.14080E-03   2.69076E+02 
 1.92283E-03   8.84899E+01  1.97378E-03   8.60455E+01  2.03087E-03   8.36557E+01  2.09143E-03   8.12308E+01  2.15189E-03   7.88840E+01  2.21268E-03   7.66541E+01  2.27520E-03   7.43555E+01  2.34016E-03   7.20831E+01  2.40814E-03   7.00065E+01  2.47956E-03   6.79704E+01  2.55391E-03   6.60121E+01  2.62699E-03   6.42316E+01  2.69660E-03   6.25035E+01  2.76378E-03   6.08990E+01  2.82666E-03   5.93969E+01  2.88503E-03   5.79716E+01  2.93892E-03   5.67118E+01  2.98447E-03   5.55436E+01  3.02429E-03   5.44496E+01  3.05391E-03   5.34869E+01  3.07207E-03   5.25757E+01  3.07809E-03   5.17535E+01  3.07019E-03   5.09985E+01  3.04957E-03   5.02878E+01  3.01061E-03   4.96641E+01  2.95591E-03   4.90849E+01  2.88183E-03   4.85776E+01  2.78898E-03   4.80938E+01  2.67764E-03   4.76848E+01  2.54622E-03   4.72975E+01  2.39489E-03   4.69743E+01  2.22347E-03   4.66801E+01  2.03397E-03   4.64201E+01  1.82597E-03   4.62240E+01  1.60111E-03   4.60635E+01  1.36012E-03   4.59295E+01  1.10533E-03   4.57995E+01  8.39738E-04   4.57280E+01  5.64635E-04   4.57245E+01  2.83565E-04   4.57882E+01  8.80141E-07   1.87218E+02  2.84871E-04   2.25541E+02  5.65673E-04   2.25596E+02  8.40283E-04   2.25689E+02  1.10648E-03   2.25763E+02  1.36085E-03   2.25896E+02  1.60159E-03   2.26045E+02  1.82599E-03   2.26217E+02  2.03386E-03   2.26431E+02  2.22379E-03   2.26679E+02  2.39414E-03   2.26963E+02  2.54503E-03   2.27292E+02  2.67601E-03   2.27672E+02  2.78711E-03   2.28085E+02  2.87870E-03   2.28564E+02  2.95347E-03   2.29057E+02  3.00808E-03   2.29653E+02  3.04771E-03   2.30276E+02  3.07011E-03   2.30974E+02  3.07866E-03   2.31733E+02  3.07335E-03   2.32561E+02  3.05451E-03   2.33503E+02  3.02605E-03   2.34484E+02  2.98546E-03   2.35593E+02  2.93990E-03   2.36784E+02  2.88569E-03   2.38057E+02  2.82583E-03   2.39462E+02  2.76289E-03   2.40887E+02  2.69379E-03   2.42480E+02  2.62365E-03   2.44198E+02  2.55212E-03   2.45979E+02  2.48151E-03   2.47959E+02  2.41258E-03   2.49978E+02  2.34468E-03   2.52089E+02  2.27900E-03   2.54309E+02  2.21225E-03   2.56546E+02  2.14863E-03   2.58907E+02  2.08975E-03   2.61302E+02  2.03028E-03   2.63660E+02  1.97517E-03   2.66049E+02  1.92609E-03   2.68521E+02 
 1.70188E-03   8.80695E+01  1.74992E-03   8.55929E+01  1.79811E-03   8.31311E+01  1.84819E-03   8.07419E+01  1.90030E-03   7.84346E+01  1.95743E-03   7.61211E+01  2.01968E-03   7.37393E+01  2.08194E-03   7.15761E+01  2.14333E-03   6.94926E+01  2.20657E-03   6.74241E+01  2.26878E-03   6.55892E+01  2.33053E-03   6.37896E+01  2.39371E-03   6.20619E+01  2.45561E-03   6.04738E+01  2.51526E-03   5.89756E+01  2.56990E-03   5.76359E+01  2.62036E-03   5.63652E+01  2.66359E-03   5.52142E+01  2.69942E-03   5.41507E+01  2.72677E-03   5.31566E+01  2.74227E-03   5.22644E+01  2.74716E-03   5.14169E+01  2.73997E-03   5.06636E+01  2.72039E-03   4.99739E+01  2.68562E-03   4.93354E+01  2.63729E-03   4.87674E+01  2.57338E-03   4.82521E+01  2.49207E-03   4.78022E+01  2.39390E-03   4.73808E+01  2.27732E-03   4.70279E+01  2.14386E-03   4.67063E+01  1.99184E-03   4.64273E+01  1.82268E-03   4.61789E+01  1.63679E-03   4.59591E+01  1.43521E-03   4.58027E+01  1.21979E-03   4.56382E+01  9.92432E-04   4.55156E+01  7.54102E-04   4.54211E+01  5.07384E-04   4.53188E+01  2.55423E-04   4.52959E+01  1.33208E-06   2.73387E+01  2.53442E-04   2.25539E+02  5.05660E-04   2.25474E+02  7.52223E-04   2.25517E+02  9.90667E-04   2.25561E+02  1.21846E-03   2.25663E+02  1.43408E-03   2.25803E+02  1.63561E-03   2.25969E+02  1.82161E-03   2.26181E+02  1.99143E-03   2.26410E+02  2.14387E-03   2.26704E+02  2.27811E-03   2.27027E+02  2.39459E-03   2.27396E+02  2.49369E-03   2.27803E+02  2.57573E-03   2.28264E+02  2.64064E-03   2.28777E+02  2.69005E-03   2.29333E+02  2.72260E-03   2.29968E+02  2.74282E-03   2.30649E+02  2.74825E-03   2.31430E+02  2.74149E-03   2.32244E+02  2.72523E-03   2.33129E+02  2.69659E-03   2.34115E+02  2.66197E-03   2.35161E+02  2.61766E-03   2.36335E+02  2.56915E-03   2.37573E+02  2.51670E-03   2.38932E+02  2.45673E-03   2.40486E+02  2.39737E-03   2.42081E+02  2.33275E-03   2.43845E+02  2.26849E-03   2.45664E+02  2.20479E-03   2.47450E+02  2.13830E-03   2.49465E+02  2.07628E-03   2.51578E+02  2.01556E-03   2.53783E+02  1.95729E-03   2.56149E+02  1.90463E-03   2.58416E+02  1.85152E-03   2.60721E+02  1.79709E-03   2.63190E+02  1.74662E-03   2.65654E+02  1.69942E-03   2.68068E+02 
 1.46968E-03   8.75910E+01  1.50861E-03   8.51120E+01  1.55314E-03   8.27306E+01  1.60203E-03   8.03141E+01  1.65133E-03   7.79770E+01  1.69988E-03   7.57283E+01  1.74944E-03   7.34239E+01  1.80016E-03   7.11640E+01  1.85430E-03   6.90896E+01  1.91128E-03   6.70915E+01  1.96985E-03   6.51751E+01  2.02889E-03   6.34062E+01  2.08538E-03   6.17094E+01  2.13960E-03   6.01213E+01  2.18937E-03   5.86515E+01  2.23643E-03   5.72503E+01  2.27998E-03   5.60108E+01  2.31674E-03   5.48638E+01  2.34950E-03   5.37811E+01  2.37281E-03   5.28525E+01  2.38834E-03   5.19572E+01  2.39499E-03   5.11453E+01  2.39072E-03   5.04065E+01  2.37646E-03   4.97161E+01  2.34757E-03   4.91112E+01  2.30708E-03   4.85283E+01  2.25111E-03   4.80288E+01  2.18085E-03   4.75510E+01  2.09464E-03   4.71464E+01  1.99261E-03   4.67799E+01  1.87533E-03   4.64691E+01  1.74236E-03   4.61761E+01  1.59469E-03   4.59346E+01  1.43182E-03   4.57373E+01  1.25610E-03   4.55452E+01  1.06750E-03   4.54341E+01  8.68311E-04   4.52978E+01  6.59355E-04   4.52294E+01  4.43360E-04   4.52134E+01  2.22954E-04   4.51018E+01  4.71179E-07   2.39571E+02  2.23778E-04   2.25167E+02  4.44480E-04   2.25143E+02  6.60085E-04   2.25185E+02  8.68598E-04   2.25231E+02  1.06725E-03   2.25393E+02  1.25622E-03   2.25556E+02  1.43178E-03   2.25726E+02  1.59420E-03   2.25936E+02  1.74176E-03   2.26182E+02  1.87377E-03   2.26450E+02  1.99078E-03   2.26773E+02  2.09219E-03   2.27146E+02  2.17794E-03   2.27544E+02  2.24777E-03   2.28023E+02  2.30404E-03   2.28514E+02  2.34526E-03   2.29099E+02  2.37560E-03   2.29708E+02  2.39151E-03   2.30399E+02  2.39688E-03   2.31141E+02  2.39053E-03   2.31953E+02  2.37458E-03   2.32877E+02  2.35116E-03   2.33845E+02  2.31796E-03   2.34932E+02  2.28121E-03   2.36076E+02  2.23609E-03   2.37333E+02  2.18821E-03   2.38707E+02  2.13807E-03   2.40071E+02  2.08253E-03   2.41643E+02  2.02714E-03   2.43332E+02  1.96946E-03   2.45134E+02  1.91331E-03   2.47129E+02  1.85839E-03   2.49095E+02  1.80422E-03   2.51171E+02  1.75215E-03   2.53368E+02  1.69791E-03   2.55605E+02  1.64705E-03   2.58023E+02  1.60104E-03   2.60392E+02  1.55352E-03   2.62688E+02  1.50993E-03   2.65120E+02  1.47168E-03   2.67656E+02 
 1.23481E-03   8.72858E+01  1.27126E-03   8.47973E+01  1.30794E-03   8.23268E+01  1.34515E-03   7.99240E+01  1.38243E-03   7.76513E+01  1.42498E-03   7.53547E+01  1.47275E-03   7.29104E+01  1.52007E-03   7.07742E+01  1.56714E-03   6.87436E+01  1.61545E-03   6.66761E+01  1.66149E-03   6.48724E+01  1.70733E-03   6.30805E+01  1.75505E-03   6.13465E+01  1.80137E-03   5.97901E+01  1.84650E-03   5.82994E+01  1.88795E-03   5.70015E+01  1.92669E-03   5.57802E+01  1.96031E-03   5.46401E+01  1.98767E-03   5.36173E+01  2.00818E-03   5.26458E+01  2.02107E-03   5.17606E+01  2.02610E-03   5.09274E+01  2.02151E-03   5.01793E+01  2.00810E-03   4.94958E+01  1.98390E-03   4.88595E+01  1.94891E-03   4.83099E+01  1.90186E-03   4.77879E+01  1.84304E-03   4.73372E+01  1.77171E-03   4.69287E+01  1.68720E-03   4.65507E+01  1.58886E-03   4.62412E+01  1.47659E-03   4.59660E+01  1.35202E-03   4.57114E+01  1.21476E-03   4.55154E+01  1.06607E-03   4.53852E+01  9.06521E-04   4.52170E+01  7.37119E-04   4.51345E+01  5.60183E-04   4.50281E+01  3.77265E-04   4.49004E+01  1.89828E-04   4.48470E+01  8.19787E-07   2.35628E+01  1.88603E-04   2.25019E+02  3.76349E-04   2.25004E+02  5.59279E-04   2.25088E+02  7.36200E-04   2.25139E+02  9.05542E-04   2.25216E+02  1.06478E-03   2.25365E+02  1.21453E-03   2.25512E+02  1.35213E-03   2.25724E+02  1.47723E-03   2.25949E+02  1.58934E-03   2.26258E+02  1.68795E-03   2.26582E+02  1.77306E-03   2.26947E+02  1.84585E-03   2.27342E+02  1.90535E-03   2.27792E+02  1.95197E-03   2.28296E+02  1.98821E-03   2.28863E+02  2.01021E-03   2.29513E+02  2.02352E-03   2.30160E+02  2.02615E-03   2.30927E+02  2.01988E-03   2.31718E+02  2.00735E-03   2.32583E+02  1.98510E-03   2.33561E+02  1.95857E-03   2.34568E+02  1.92476E-03   2.35721E+02  1.88819E-03   2.36943E+02  1.84859E-03   2.38309E+02  1.80297E-03   2.39843E+02  1.75858E-03   2.41404E+02  1.70983E-03   2.43162E+02  1.66062E-03   2.44919E+02  1.61222E-03   2.46669E+02  1.56143E-03   2.48713E+02  1.51510E-03   2.50790E+02  1.47081E-03   2.52969E+02  1.42713E-03   2.55369E+02  1.38736E-03   2.57622E+02  1.34762E-03   2.59966E+02  1.30640E-03   2.62443E+02  1.26746E-03   2.64858E+02  1.23236E-03   2.67281E+02 
 9.92539E-04   8.69289E+01  1.01850E-03   8.44232E+01  1.04943E-03   8.20672E+01  1.08436E-03   7.96797E+01  1.11963E-03   7.73783E+01  1.15390E-03   7.51035E+01  1.18845E-03   7.27686E+01  1.22230E-03   7.05370E+01  1.25876E-03   6.84572E+01  1.29851E-03   6.64873E+01  1.33992E-03   6.45964E+01  1.38228E-03   6.28379E+01  1.42233E-03   6.11466E+01  1.46031E-03   5.95702E+01  1.49453E-03   5.81315E+01  1.52721E-03   5.67488E+01  1.55767E-03   5.55266E+01  1.58266E-03   5.43929E+01  1.60610E-03   5.33113E+01  1.62263E-03   5.24098E+01  1.63462E-03   5.15174E+01  1.64018E-03   5.07154E+01  1.63758E-03   5.00058E+01  1.62888E-03   4.93221E+01  1.60995E-03   4.87285E+01  1.58353E-03   4.81180E+01  1.54527E-03   4.76306E+01  1.49786E-03   4.71808E+01  1.43941E-03   4.67776E+01  1.36946E-03   4.64098E+01  1.28945E-03   4.60901E+01  1.19931E-03   4.58064E+01  1.09794E-03   4.55521E+01  9.86073E-04   4.53580E+01  8.65447E-04   4.51790E+01  7.35230E-04   4.50621E+01  5.98168E-04   4.49608E+01  4.53845E-04   4.49279E+01  3.05611E-04   4.48361E+01  1.53616E-04   4.47883E+01  4.78365E-07   2.61764E+02  1.54258E-04   2.24900E+02  3.06231E-04   2.24797E+02  4.54433E-04   2.24863E+02  5.98612E-04   2.24946E+02  7.35418E-04   2.25128E+02  8.65457E-04   2.25226E+02  9.85375E-04   2.25380E+02  1.09684E-03   2.25572E+02  1.19797E-03   2.25821E+02  1.28831E-03   2.26078E+02  1.36809E-03   2.26393E+02  1.43684E-03   2.26759E+02  1.49521E-03   2.27157E+02  1.54289E-03   2.27641E+02  1.58055E-03   2.28139E+02  1.60800E-03   2.28701E+02  1.62832E-03   2.29268E+02  1.63746E-03   2.29974E+02  1.64101E-03   2.30713E+02  1.63555E-03   2.31530E+02  1.62421E-03   2.32427E+02  1.60743E-03   2.33367E+02  1.58361E-03   2.34487E+02  1.55885E-03   2.35629E+02  1.52638E-03   2.36843E+02  1.49308E-03   2.38156E+02  1.45811E-03   2.39481E+02  1.41931E-03   2.41027E+02  1.38150E-03   2.42718E+02  1.34077E-03   2.44543E+02  1.30180E-03   2.46540E+02  1.26379E-03   2.48470E+02  1.22516E-03   2.50537E+02  1.18907E-03   2.52684E+02  1.15045E-03   2.54927E+02  1.11473E-03   2.57405E+02  1.08392E-03   2.59744E+02  1.05113E-03   2.61996E+02  1.02096E-03   2.64412E+02  9.95088E-04   2.66978E+02 
 7.47967E-04   8.67396E+01  7.72049E-04   8.42448E+01  7.95483E-04   8.18031E+01  8.18727E-04   7.93859E+01  8.39844E-04   7.71658E+01  8.65215E-04   7.48496E+01  8.96367E-04   7.22938E+01  9.26611E-04   7.02070E+01  9.56031E-04   6.82664E+01  9.86113E-04   6.61612E+01  1.01415E-03   6.44185E+01  1.04225E-03   6.26304E+01  1.07118E-03   6.08612E+01  1.09959E-03   5.93489E+01  1.12816E-03   5.78910E+01  1.15388E-03   5.66310E+01  1.17844E-03   5.54013E+01  1.19989E-03   5.42669E+01  1.21732E-03   5.32834E+01  1.23020E-03   5.22977E+01  1.23834E-03   5.14331E+01  1.24167E-03   5.06285E+01  1.23964E-03   4.98571E+01  1.23212E-03   4.91908E+01  1.21750E-03   4.85400E+01  1.19634E-03   4.80072E+01  1.16805E-03   4.74795E+01  1.13251E-03   4.69972E+01  1.08831E-03   4.66147E+01  1.03697E-03   4.62455E+01  9.76795E-04   4.59247E+01  9.08030E-04   4.56503E+01  8.31843E-04   4.54048E+01  7.47596E-04   4.51988E+01  6.56535E-04   4.50764E+01  5.58786E-04   4.48991E+01  4.54374E-04   4.48012E+01  3.45596E-04   4.46632E+01  2.32622E-04   4.46927E+01  1.16956E-04   4.47618E+01  2.06859E-07   1.26092E+02  1.16649E-04   2.24695E+02  2.31807E-04   2.24665E+02  3.44261E-04   2.24702E+02  4.53055E-04   2.24864E+02  5.58065E-04   2.24914E+02  6.56174E-04   2.25052E+02  7.48450E-04   2.25233E+02  8.32939E-04   2.25445E+02  9.09458E-04   2.25656E+02  9.78178E-04   2.25962E+02  1.03852E-03   2.26259E+02  1.09013E-03   2.26651E+02  1.13448E-03   2.27031E+02  1.17075E-03   2.27474E+02  1.19898E-03   2.28001E+02  1.22021E-03   2.28566E+02  1.23303E-03   2.29211E+02  1.24126E-03   2.29835E+02  1.24206E-03   2.30609E+02  1.23760E-03   2.31354E+02  1.22994E-03   2.32196E+02  1.21603E-03   2.33179E+02  1.19946E-03   2.34131E+02  1.17803E-03   2.35298E+02  1.15544E-03   2.36485E+02  1.13064E-03   2.37855E+02  1.10198E-03   2.39467E+02  1.07475E-03   2.40978E+02  1.04401E-03   2.42748E+02  1.01328E-03   2.44457E+02  9.83202E-04   2.46120E+02  9.50932E-04   2.48217E+02  9.22122E-04   2.50223E+02  8.94920E-04   2.52402E+02  8.68068E-04   2.54869E+02  8.43905E-04   2.57069E+02  8.19152E-04   2.59446E+02  7.92691E-04   2.61988E+02  7.67962E-04   2.64303E+02  7.46233E-04   2.66632E+02 
 5.00698E-04   8.63898E+01  5.12139E-04   8.38120E+01  5.28387E-04   8.15771E+01  5.47565E-04   7.93002E+01  5.66975E-04   7.70639E+01  5.85023E-04   7.47496E+01  6.01474E-04   7.23658E+01  6.17108E-04   7.02179E+01  6.35473E-04   6.80953E+01  6.55821E-04   6.61413E+01  6.78281E-04   6.42371E+01  7.01158E-04   6.24163E+01  7.21634E-04   6.07637E+01  7.41627E-04   5.92038E+01  7.58304E-04   5.77843E+01  7.74332E-04   5.64095E+01  7.90053E-04   5.52228E+01  8.02290E-04   5.41306E+01  8.14769E-04   5.30128E+01  8.23311E-04   5.21688E+01  8.29946E-04   5.12715E+01  8.32781E-04   5.04810E+01  8.31465E-04   4.98266E+01  8.28220E-04   4.90787E+01  8.18838E-04   4.85297E+01  8.06231E-04   4.79238E+01  7.87215E-04   4.74082E+01  7.63506E-04   4.69686E+01  7.33695E-04   4.65766E+01  6.98176E-04   4.62172E+01  6.57257E-04   4.58872E+01  6.11609E-04   4.56266E+01  5.60071E-04   4.53748E+01  5.03170E-04   4.51436E+01  4.42061E-04   4.49017E+01  3.75117E-04   4.48009E+01  3.04928E-04   4.47522E+01  2.31196E-04   4.47400E+01  1.55867E-04   4.45551E+01  7.83283E-05   4.47216E+01  4.15727E-07   1.85630E+02  7.86621E-05   2.24654E+02  1.56182E-04   2.24560E+02  2.31927E-04   2.24744E+02  3.05416E-04   2.24775E+02  3.74600E-04   2.24919E+02  4.41782E-04   2.24993E+02  5.02630E-04   2.25150E+02  5.58581E-04   2.25384E+02  6.10058E-04   2.25623E+02  6.55921E-04   2.25847E+02  6.96451E-04   2.26148E+02  7.31076E-04   2.26492E+02  7.60405E-04   2.26898E+02  7.84495E-04   2.27398E+02  8.03910E-04   2.27876E+02  8.17267E-04   2.28448E+02  8.28188E-04   2.29013E+02  8.32544E-04   2.29740E+02  8.34453E-04   2.30464E+02  8.30636E-04   2.31355E+02  8.24866E-04   2.32274E+02  8.16692E-04   2.33159E+02  8.03083E-04   2.34327E+02  7.90362E-04   2.35450E+02  7.72803E-04   2.36598E+02  7.56917E-04   2.37816E+02  7.39408E-04   2.38997E+02  7.19060E-04   2.40546E+02  7.00687E-04   2.42291E+02  6.78985E-04   2.44185E+02  6.59448E-04   2.46270E+02  6.40070E-04   2.48094E+02  6.19996E-04   2.50163E+02  6.02599E-04   2.52239E+02  5.80902E-04   2.54459E+02  5.61630E-04   2.57180E+02  5.47406E-04   2.59462E+02  5.30099E-04   2.61490E+02  5.14853E-04   2.63901E+02  5.02620E-04   2.66589E+02 
 2.50487E-04   8.61608E+01  2.60120E-04   8.38143E+01  2.68130E-04   8.15284E+01  2.75061E-04   7.91675E+01  2.79635E-04   7.70826E+01  2.88399E-04   7.48372E+01  3.01606E-04   7.17841E+01  3.12525E-04   6.97706E+01  3.23388E-04   6.81204E+01  3.33966E-04   6.58359E+01  3.41834E-04   6.43091E+01  3.50420E-04   6.25069E+01  3.59775E-04   6.05386E+01  3.69024E-04   5.91229E+01  3.78899E-04   5.76528E+01  3.87918E-04   5.65126E+01  3.97140E-04   5.53452E+01  4.04803E-04   5.41516E+01  4.10510E-04   5.32674E+01  4.14877E-04   5.22523E+01  4.17725E-04   5.13610E+01  4.18476E-04   5.05673E+01  4.17691E-04   4.97429E+01  4.14860E-04   4.90643E+01  4.09458E-04   4.83822E+01  4.02100E-04   4.78315E+01  3.92649E-04   4.72510E+01  3.80996E-04   4.67392E+01  3.66186E-04   4.64110E+01  3.49562E-04   4.60470E+01  3.29352E-04   4.56645E+01  3.05904E-04   4.53875E+01  2.80536E-04   4.51129E+01  2.52327E-04   4.49908E+01  2.21312E-04   4.49546E+01  1.88572E-04   4.45614E+01  1.53377E-04   4.45466E+01  1.17101E-04   4.44103E+01  7.84437E-05   4.44474E+01  3.93158E-05   4.39861E+01  9.01344E-08   1.78306E+02  3.89578E-05   2.24309E+02  7.73654E-05   2.24737E+02  1.16160E-04   2.24609E+02  1.52991E-04   2.24657E+02  1.89135E-04   2.24599E+02  2.22159E-04   2.24857E+02  2.53506E-04   2.25111E+02  2.82464E-04   2.25329E+02  3.08154E-04   2.25504E+02  3.30875E-04   2.25888E+02  3.51418E-04   2.26111E+02  3.68593E-04   2.26527E+02  3.83453E-04   2.26903E+02  3.95376E-04   2.27455E+02  4.04560E-04   2.27945E+02  4.11605E-04   2.28412E+02  4.15145E-04   2.29210E+02  4.18185E-04   2.29782E+02  4.18519E-04   2.30579E+02  4.17446E-04   2.31141E+02  4.14709E-04   2.31886E+02  4.08805E-04   2.32956E+02  4.03575E-04   2.33724E+02  3.96651E-04   2.34895E+02  3.89250E-04   2.36024E+02  3.81084E-04   2.37600E+02  3.71212E-04   2.39544E+02  3.62310E-04   2.40906E+02  3.51235E-04   2.42894E+02  3.40660E-04   2.44437E+02  3.29905E-04   2.45786E+02  3.16798E-04   2.48139E+02  3.07342E-04   2.49883E+02  2.99543E-04   2.51919E+02  2.91324E-04   2.54800E+02  2.84562E-04   2.56916E+02  2.75849E-04   2.59313E+02  2.65883E-04   2.61920E+02  2.56508E-04   2.63821E+02  2.48972E-04   2.66155E+02 
 1.89858E-06   1.43295E+00  4.34047E-06   3.00052E+02  2.81183E-06   2.84618E+02  5.41378E-07   5.79192E+01  3.29146E-06   9.75646E+01  4.09516E-06   9.61695E+01  1.38717E-06   9.21173E+01  2.65389E-06   2.38595E+02  3.61254E-06   2.34269E+02  3.66765E-06   2.26317E+02  1.53843E-06   2.32800E+02  2.06102E-06   7.70722E+01  2.46824E-06   7.55136E+01  2.63851E-06   5.68143E+01  1.30416E-06   7.04058E+01  6.70939E-07   3.35097E+02  6.38196E-07   3.33665E+02  1.97595E-06   2.34980E+02  1.89055E-06   2.72337E+02  2.08251E-06   2.23181E+02  1.45019E-06   2.34604E+02  4.52025E-07   2.42803E+02  1.63791E-06   1.81842E+02  3.10702E-07   9.54168E+01  1.35906E-06   1.06799E+02  2.13192E-06   6.48660E+01  1.71375E-06   6.45441E+01  2.02247E-06   6.47344E+01  1.86872E-06   6.98459E+01  1.77442E-06   6.76465E+01  1.42802E-06   6.26998E+01  1.27125E-06   8.37998E+01  9.74498E-07   8.85159E+01  1.59008E-07   1.69667E+02  5.25019E-07   3.09026E+02  6.19063E-07   2.21554E+02  8.95441E-08   2.62653E+02  5.21203E-07   2.00221E+02  1.54083E-07   9.16410E+01  2.39492E-07   1.16521E+02  5.52751E-07   1.63054E+02  3.84562E-07   1.75862E+02  4.99532E-07   1.81644E+02  2.47253E-07   2.82856E+02  3.91072E-07   2.46232E+02  9.18628E-07   4.58798E+00  4.30736E-07   3.44939E+02  6.86140E-07   3.78179E+01  7.11424E-07   5.47538E+01  7.60503E-07   5.42761E+01  1.10557E-06   8.12804E+01  6.16967E-07   6.98734E+01  2.25265E-07   2.92661E+02  4.82619E-07   4.76005E+01  1.08395E-06   4.31523E+01  9.45199E-07   7.05683E+01  1.24483E-06   4.94858E+01  7.57039E-07   1.72111E+02  4.56570E-07   5.04351E+01  4.03540E-07   2.15237E+02  1.89063E-06   3.50456E+02  1.88842E-06   3.21794E+02  1.56317E-06   2.97494E+02  3.38985E-06   3.40858E+02  2.10799E-06   3.01297E+02  2.07881E-06   5.20808E+00  6.00173E-07   1.47703E+01  3.27181E-06   1.55870E+02  3.23986E-06   1.45681E+02  3.06217E-06   1.86277E+02  3.09142E-07   1.17323E+02  2.70548E-06   3.34638E+02  1.53494E-06   2.82694E+02  1.74995E-06   2.62732E+02  3.22772E-06   2.34577E+02  1.89428E-06   1.29861E+02  3.07658E-06   4.10791E+01  1.63312E-06   3.46983E+02  1.69311E-06   1.49450E+02  2.74713E-06   1.73766E+02  2.08614E-06   2.32646E+02 
 2.51045E-04   2.66872E+02  2.56390E-04   2.64399E+02  2.63590E-04   2.61798E+02  2.72689E-04   2.59233E+02  2.84964E-04   2.56562E+02  2.94353E-04   2.54209E+02  2.99923E-04   2.52793E+02  3.08435E-04   2.50422E+02  3.17100E-04   2.47811E+02  3.26216E-04   2.46107E+02  3.39683E-04   2.43928E+02  3.51687E-04   2.42343E+02  3.62007E-04   2.40962E+02  3.72245E-04   2.39099E+02  3.80823E-04   2.37754E+02  3.89214E-04   2.36323E+02  3.96283E-04   2.35019E+02  4.02606E-04   2.33938E+02  4.08442E-04   2.32802E+02  4.13351E-04   2.31917E+02  4.17383E-04   2.30966E+02  4.19155E-04   2.30186E+02  4.18688E-04   2.29566E+02  4.16907E-04   2.28935E+02  4.12236E-04   2.28445E+02  4.05416E-04   2.27834E+02  3.96396E-04   2.27373E+02  3.83562E-04   2.26978E+02  3.68803E-04   2.26614E+02  3.51155E-04   2.26175E+02  3.30708E-04   2.25916E+02  3.07596E-04   2.25688E+02  2.81681E-04   2.25400E+02  2.52850E-04   2.25244E+02  2.21909E-04   2.24992E+02  1.88555E-04   2.25014E+02  1.53073E-04   2.24970E+02  1.15997E-04   2.25086E+02  7.87790E-05   2.24566E+02  3.94085E-05   2.25250E+02  5.35268E-07   3.47525E+02  3.97389E-05   4.43228E+01  7.85595E-05   4.46143E+01  1.16371E-04   4.48348E+01  1.53204E-04   4.48454E+01  1.87824E-04   4.49558E+01  2.21403E-04   4.50051E+01  2.51909E-04   4.51920E+01  2.80514E-04   4.52873E+01  3.05644E-04   4.56150E+01  3.28417E-04   4.57603E+01  3.49139E-04   4.61111E+01  3.67307E-04   4.63014E+01  3.81714E-04   4.66761E+01  3.93983E-04   4.71805E+01  4.03318E-04   4.77053E+01  4.09849E-04   4.82344E+01  4.16053E-04   4.86710E+01  4.18136E-04   4.95400E+01  4.18528E-04   5.02314E+01  4.17136E-04   5.12747E+01  4.14333E-04   5.22691E+01  4.10635E-04   5.30922E+01  4.02911E-04   5.44916E+01  3.96198E-04   5.55046E+01  3.88113E-04   5.67728E+01  3.78715E-04   5.78437E+01  3.70101E-04   5.86634E+01  3.58989E-04   6.04599E+01  3.50059E-04   6.19151E+01  3.40894E-04   6.37666E+01  3.30860E-04   6.61339E+01  3.23628E-04   6.79698E+01  3.12967E-04   7.03434E+01  3.01301E-04   7.25832E+01  2.91169E-04   7.41899E+01  2.80451E-04   7.67166E+01  2.72489E-04   7.91130E+01  2.66235E-04   8.13469E+01  2.59733E-04   8.43412E+01  2.52736E-04   8.71694E+01 
 5.00730E-04   2.66968E+02  5.19054E-04   2.64515E+02  5.33773E-04   2.61813E+02  5.46108E-04   2.59294E+02  5.60800E-04   2.56802E+02  5.78105E-04   2.54440E+02  5.97934E-04   2.52228E+02  6.21010E-04   2.50067E+02  6.41991E-04   2.47977E+02  6.61971E-04   2.45976E+02  6.80006E-04   2.44187E+02  6.96789E-04   2.42398E+02  7.17075E-04   2.40759E+02  7.36556E-04   2.39269E+02  7.56042E-04   2.37770E+02  7.75068E-04   2.36532E+02  7.90601E-04   2.35333E+02  8.06284E-04   2.34145E+02  8.17137E-04   2.33170E+02  8.26400E-04   2.32115E+02  8.32436E-04   2.31238E+02  8.33982E-04   2.30438E+02  8.33067E-04   2.29630E+02  8.26584E-04   2.29025E+02  8.17101E-04   2.28384E+02  8.02593E-04   2.27856E+02  7.84250E-04   2.27357E+02  7.59888E-04   2.26886E+02  7.30743E-04   2.26486E+02  6.95736E-04   2.26164E+02  6.55390E-04   2.25851E+02  6.10016E-04   2.25540E+02  5.58984E-04   2.25305E+02  5.03107E-04   2.25075E+02  4.41226E-04   2.24945E+02  3.75774E-04   2.24710E+02  3.05575E-04   2.24663E+02  2.32381E-04   2.24710E+02  1.56283E-04   2.24574E+02  7.87093E-05   2.24681E+02  1.50820E-07   2.74174E+02  7.81749E-05   4.45582E+01  1.55677E-04   4.46857E+01  2.31907E-04   4.46838E+01  3.04978E-04   4.47077E+01  3.75584E-04   4.47984E+01  4.41302E-04   4.49196E+01  5.03465E-04   4.50867E+01  5.60042E-04   4.53463E+01  6.11315E-04   4.55293E+01  6.56994E-04   4.58752E+01  6.97589E-04   4.62020E+01  7.32500E-04   4.65540E+01  7.62424E-04   4.69760E+01  7.86166E-04   4.73821E+01  8.04772E-04   4.79318E+01  8.19333E-04   4.84303E+01  8.26963E-04   4.90493E+01  8.32995E-04   4.97048E+01  8.33637E-04   5.04315E+01  8.32595E-04   5.11316E+01  8.25412E-04   5.19489E+01  8.15176E-04   5.29616E+01  8.04845E-04   5.39279E+01  7.89365E-04   5.51234E+01  7.75840E-04   5.63588E+01  7.57642E-04   5.77533E+01  7.38591E-04   5.94578E+01  7.19818E-04   6.10210E+01  6.97793E-04   6.26705E+01  6.79032E-04   6.42935E+01  6.58428E-04   6.58787E+01  6.37020E-04   6.80201E+01  6.17562E-04   7.01484E+01  5.96787E-04   7.23953E+01  5.81776E-04   7.47258E+01  5.65872E-04   7.67346E+01  5.46548E-04   7.91539E+01  5.30982E-04   8.19407E+01  5.14742E-04   8.45341E+01  4.98126E-04   8.68080E+01 
 7.47689E-04   2.66937E+02  7.68157E-04   2.64494E+02  7.91165E-04   2.61943E+02  8.16264E-04   2.59482E+02  8.44785E-04   2.57024E+02  8.71315E-04   2.54677E+02  8.94911E-04   2.52684E+02  9.21805E-04   2.50452E+02  9.50141E-04   2.48156E+02  9.79505E-04   2.46200E+02  1.01282E-03   2.44289E+02  1.04371E-03   2.42621E+02  1.07392E-03   2.41007E+02  1.10360E-03   2.39335E+02  1.12976E-03   2.37934E+02  1.15557E-03   2.36551E+02  1.17806E-03   2.35317E+02  1.19814E-03   2.34200E+02  1.21589E-03   2.33112E+02  1.22988E-03   2.32184E+02  1.23940E-03   2.31277E+02  1.24257E-03   2.30498E+02  1.24073E-03   2.29801E+02  1.23382E-03   2.29126E+02  1.21988E-03   2.28533E+02  1.19917E-03   2.27979E+02  1.17103E-03   2.27507E+02  1.13472E-03   2.27047E+02  1.09097E-03   2.26670E+02  1.03867E-03   2.26293E+02  9.78275E-04   2.25971E+02  9.09325E-04   2.25697E+02  8.32077E-04   2.25463E+02  7.47724E-04   2.25302E+02  6.56243E-04   2.25093E+02  5.57710E-04   2.25021E+02  4.53997E-04   2.24823E+02  3.44458E-04   2.24791E+02  2.31952E-04   2.24836E+02  1.16450E-04   2.24774E+02  4.53615E-07   3.39736E+02  1.16575E-04   4.45969E+01  2.32038E-04   4.47695E+01  3.44475E-04   4.47365E+01  4.53886E-04   4.48870E+01  5.57549E-04   4.50730E+01  6.55930E-04   4.51378E+01  7.47076E-04   4.52902E+01  8.31244E-04   4.54588E+01  9.07867E-04   4.57062E+01  9.76808E-04   4.59348E+01  1.03668E-03   4.62553E+01  1.08902E-03   4.65725E+01  1.13328E-03   4.69919E+01  1.16897E-03   4.74485E+01  1.19768E-03   4.78964E+01  1.21836E-03   4.84685E+01  1.23373E-03   4.90555E+01  1.24083E-03   4.97635E+01  1.24222E-03   5.05023E+01  1.23822E-03   5.13993E+01  1.22919E-03   5.23196E+01  1.21674E-03   5.32650E+01  1.19795E-03   5.44187E+01  1.17819E-03   5.54793E+01  1.15465E-03   5.67416E+01  1.12793E-03   5.79923E+01  1.10106E-03   5.92175E+01  1.07065E-03   6.08504E+01  1.04229E-03   6.24333E+01  1.01361E-03   6.42394E+01  9.83661E-04   6.62825E+01  9.56332E-04   6.82178E+01  9.26311E-04   7.04061E+01  8.96403E-04   7.26003E+01  8.68201E-04   7.46198E+01  8.39858E-04   7.69937E+01  8.15502E-04   7.94299E+01  7.93706E-04   8.17958E+01  7.71584E-04   8.44298E+01  7.49896E-04   8.69931E+01 
 9.93612E-04   2.67172E+02  1.02575E-03   2.64737E+02  1.05481E-03   2.62131E+02  1.08157E-03   2.59687E+02  1.11259E-03   2.57299E+02  1.14811E-03   2.54936E+02  1.18559E-03   2.52701E+02  1.22641E-03   2.50532E+02  1.26587E-03   2.48412E+02  1.30422E-03   2.46418E+02  1.34128E-03   2.44558E+02  1.37794E-03   2.42741E+02  1.41740E-03   2.41103E+02  1.45554E-03   2.39586E+02  1.49312E-03   2.38127E+02  1.52806E-03   2.36826E+02  1.55804E-03   2.35587E+02  1.58691E-03   2.34418E+02  1.60820E-03   2.33413E+02  1.62517E-03   2.32402E+02  1.63673E-03   2.31502E+02  1.64085E-03   2.30692E+02  1.63889E-03   2.29926E+02  1.62695E-03   2.29276E+02  1.60831E-03   2.28631E+02  1.57954E-03   2.28078E+02  1.54242E-03   2.27570E+02  1.49471E-03   2.27124E+02  1.43647E-03   2.26739E+02  1.36757E-03   2.26375E+02  1.28797E-03   2.26078E+02  1.19798E-03   2.25794E+02  1.09692E-03   2.25545E+02  9.86393E-04   2.25346E+02  8.65652E-04   2.25171E+02  7.36369E-04   2.25004E+02  5.98736E-04   2.24894E+02  4.55406E-04   2.24838E+02  3.06545E-04   2.24808E+02  1.54066E-04   2.24700E+02  2.91646E-07   1.54057E+02  1.53630E-04   4.47337E+01  3.05773E-04   4.47881E+01  4.54299E-04   4.48682E+01  5.97676E-04   4.49677E+01  7.35785E-04   4.50236E+01  8.65388E-04   4.51533E+01  9.86638E-04   4.53293E+01  1.09735E-03   4.55447E+01  1.19883E-03   4.57775E+01  1.28955E-03   4.60930E+01  1.36971E-03   4.63971E+01  1.43847E-03   4.67563E+01  1.49682E-03   4.71878E+01  1.54484E-03   4.76357E+01  1.58136E-03   4.81581E+01  1.60975E-03   4.86944E+01  1.62726E-03   4.93156E+01  1.63883E-03   4.99452E+01  1.64090E-03   5.06953E+01  1.63707E-03   5.14596E+01  1.62476E-03   5.23033E+01  1.60643E-03   5.32959E+01  1.58569E-03   5.42917E+01  1.55711E-03   5.54761E+01  1.52840E-03   5.67089E+01  1.49388E-03   5.80633E+01  1.45694E-03   5.96850E+01  1.41975E-03   6.12607E+01  1.37915E-03   6.29012E+01  1.34125E-03   6.46423E+01  1.30119E-03   6.63735E+01  1.26071E-03   6.83966E+01  1.22242E-03   7.05160E+01  1.18394E-03   7.27318E+01  1.15128E-03   7.50649E+01  1.11848E-03   7.72519E+01  1.08366E-03   7.96191E+01  1.05221E-03   8.22086E+01  1.02086E-03   8.47374E+01  9.90679E-04   8.71229E+01 
 1.23320E-03   2.67379E+02  1.26725E-03   2.64973E+02  1.30498E-03   2.62492E+02  1.34493E-03   2.60007E+02  1.38803E-03   2.57568E+02  1.42983E-03   2.55238E+02  1.46963E-03   2.53123E+02  1.51467E-03   2.50894E+02  1.56184E-03   2.48670E+02  1.60943E-03   2.46701E+02  1.66131E-03   2.44819E+02  1.70966E-03   2.43090E+02  1.75720E-03   2.41418E+02  1.80500E-03   2.39789E+02  1.84714E-03   2.38366E+02  1.88838E-03   2.36977E+02  1.92516E-03   2.35727E+02  1.95802E-03   2.34589E+02  1.98633E-03   2.33496E+02  2.00748E-03   2.32556E+02  2.02164E-03   2.31650E+02  2.02663E-03   2.30866E+02  2.02357E-03   2.30136E+02  2.01095E-03   2.29455E+02  1.98730E-03   2.28865E+02  1.95260E-03   2.28294E+02  1.90555E-03   2.27819E+02  1.84623E-03   2.27341E+02  1.77424E-03   2.26951E+02  1.68838E-03   2.26594E+02  1.58894E-03   2.26262E+02  1.47681E-03   2.25991E+02  1.35168E-03   2.25752E+02  1.21423E-03   2.25556E+02  1.06489E-03   2.25379E+02  9.04979E-04   2.25297E+02  7.36525E-04   2.25154E+02  5.59379E-04   2.25057E+02  3.76072E-04   2.25014E+02  1.89349E-04   2.25019E+02  1.67723E-07   1.33229E+02  1.89872E-04   4.49728E+01  3.76754E-04   4.50053E+01  5.59375E-04   4.50441E+01  7.36762E-04   4.51259E+01  9.05117E-04   4.52714E+01  1.06474E-03   4.54114E+01  1.21368E-03   4.55903E+01  1.35072E-03   4.57658E+01  1.47564E-03   4.60015E+01  1.58807E-03   4.62397E+01  1.68636E-03   4.65787E+01  1.77193E-03   4.69295E+01  1.84448E-03   4.73049E+01  1.90306E-03   4.77567E+01  1.95138E-03   4.82414E+01  1.98600E-03   4.88140E+01  2.01072E-03   4.94027E+01  2.02365E-03   5.01148E+01  2.02668E-03   5.08638E+01  2.02119E-03   5.17091E+01  2.00682E-03   5.26352E+01  1.98693E-03   5.35870E+01  1.95733E-03   5.47262E+01  1.92528E-03   5.58527E+01  1.88784E-03   5.70943E+01  1.84507E-03   5.84011E+01  1.80248E-03   5.97132E+01  1.75432E-03   6.13157E+01  1.70811E-03   6.29539E+01  1.66138E-03   6.47453E+01  1.61253E-03   6.67612E+01  1.56741E-03   6.87384E+01  1.51981E-03   7.08991E+01  1.47289E-03   7.31025E+01  1.42825E-03   7.52000E+01  1.38330E-03   7.75696E+01  1.34371E-03   8.00040E+01  1.30730E-03   8.23976E+01  1.27079E-03   8.49371E+01  1.23569E-03   8.74084E+01 
 1.47135E-03   2.67772E+02  1.51586E-03   2.65330E+02  1.55768E-03   2.62795E+02  1.59860E-03   2.60354E+02  1.64418E-03   2.57972E+02  1.69542E-03   2.55591E+02  1.74858E-03   2.53354E+02  1.80483E-03   2.51214E+02  1.86089E-03   2.49077E+02  1.91592E-03   2.47056E+02  1.97085E-03   2.45168E+02  2.02429E-03   2.43351E+02  2.07999E-03   2.41705E+02  2.13473E-03   2.40136E+02  2.18765E-03   2.38651E+02  2.23792E-03   2.37326E+02  2.28113E-03   2.36070E+02  2.32093E-03   2.34886E+02  2.35181E-03   2.33828E+02  2.37528E-03   2.32846E+02  2.39069E-03   2.31949E+02  2.39568E-03   2.31123E+02  2.39104E-03   2.30361E+02  2.37324E-03   2.29687E+02  2.34572E-03   2.29048E+02  2.30345E-03   2.28499E+02  2.24803E-03   2.27999E+02  2.17715E-03   2.27535E+02  2.09130E-03   2.27128E+02  1.99071E-03   2.26758E+02  1.87452E-03   2.26448E+02  1.74231E-03   2.26163E+02  1.59450E-03   2.25900E+02  1.43272E-03   2.25695E+02  1.25669E-03   2.25512E+02  1.06890E-03   2.25395E+02  8.69087E-04   2.25264E+02  6.60399E-04   2.25178E+02  4.44384E-04   2.25129E+02  2.23468E-04   2.25006E+02  7.55726E-07   1.46123E+02  2.22978E-04   4.52557E+01  4.43384E-04   4.52015E+01  6.59207E-04   4.52394E+01  8.68010E-04   4.52848E+01  1.06763E-03   4.53594E+01  1.25565E-03   4.55212E+01  1.43218E-03   4.57111E+01  1.59446E-03   4.59108E+01  1.74268E-03   4.61488E+01  1.87495E-03   4.64470E+01  1.99223E-03   4.67563E+01  2.09333E-03   4.71239E+01  2.17917E-03   4.75532E+01  2.25046E-03   4.80021E+01  2.30532E-03   4.85361E+01  2.34744E-03   4.90913E+01  2.37470E-03   4.97283E+01  2.39193E-03   5.03777E+01  2.39582E-03   5.11251E+01  2.39049E-03   5.19404E+01  2.37465E-03   5.28075E+01  2.35030E-03   5.37993E+01  2.31997E-03   5.48181E+01  2.27965E-03   5.59690E+01  2.23725E-03   5.72386E+01  2.18907E-03   5.85901E+01  2.13698E-03   6.01686E+01  2.08326E-03   6.17798E+01  2.02620E-03   6.34524E+01  1.97101E-03   6.52568E+01  1.91371E-03   6.70253E+01  1.85622E-03   6.90141E+01  1.80108E-03   7.11688E+01  1.74654E-03   7.33774E+01  1.69785E-03   7.56735E+01  1.65011E-03   7.79467E+01  1.60117E-03   8.03090E+01  1.55562E-03   8.28421E+01  1.51080E-03   8.53629E+01  1.46774E-03   8.77110E+01 
 1.69887E-03   2.68076E+02  1.74549E-03   2.65724E+02  1.79676E-03   2.63260E+02  1.84980E-03   2.60767E+02  1.90551E-03   2.58378E+02  1.96029E-03   2.56067E+02  2.01468E-03   2.53860E+02  2.07498E-03   2.51646E+02  2.13746E-03   2.49453E+02  2.20159E-03   2.47445E+02  2.26937E-03   2.45552E+02  2.33323E-03   2.43787E+02  2.39616E-03   2.42087E+02  2.45826E-03   2.40454E+02  2.51459E-03   2.38993E+02  2.56946E-03   2.37589E+02  2.61802E-03   2.36342E+02  2.66095E-03   2.35196E+02  2.69765E-03   2.34080E+02  2.72503E-03   2.33109E+02  2.74324E-03   2.32201E+02  2.74840E-03   2.31400E+02  2.74273E-03   2.30642E+02  2.72327E-03   2.29949E+02  2.68935E-03   2.29345E+02  2.64124E-03   2.28759E+02  2.57590E-03   2.28263E+02  2.49427E-03   2.27793E+02  2.39475E-03   2.27399E+02  2.27802E-03   2.27038E+02  2.14332E-03   2.26714E+02  1.99153E-03   2.26435E+02  1.82184E-03   2.26200E+02  1.63578E-03   2.26001E+02  1.43403E-03   2.25815E+02  1.21817E-03   2.25695E+02  9.90338E-04   2.25561E+02  7.52294E-04   2.25493E+02  5.06287E-04   2.25406E+02  2.54432E-04   2.25465E+02  2.10908E-07   2.97727E+02  2.54754E-04   4.53780E+01  5.06836E-04   4.53596E+01  7.53122E-04   4.54326E+01  9.91865E-04   4.55520E+01  1.21893E-03   4.56895E+01  1.43418E-03   4.58257E+01  1.63530E-03   4.60016E+01  1.82109E-03   4.62057E+01  1.99043E-03   4.64573E+01  2.14227E-03   4.66971E+01  2.27698E-03   4.70263E+01  2.39321E-03   4.73951E+01  2.49232E-03   4.77978E+01  2.57384E-03   4.82435E+01  2.64028E-03   4.87132E+01  2.68823E-03   4.92877E+01  2.72319E-03   4.98987E+01  2.74282E-03   5.05978E+01  2.74854E-03   5.13566E+01  2.74272E-03   5.22227E+01  2.72438E-03   5.31677E+01  2.69864E-03   5.41357E+01  2.66076E-03   5.52741E+01  2.61821E-03   5.64367E+01  2.56892E-03   5.77000E+01  2.51278E-03   5.90698E+01  2.45640E-03   6.04356E+01  2.39350E-03   6.20191E+01  2.33179E-03   6.36921E+01  2.26913E-03   6.54817E+01  2.20401E-03   6.74722E+01  2.14333E-03   6.95102E+01  2.08047E-03   7.16722E+01  2.01900E-03   7.38627E+01  1.96092E-03   7.60017E+01  1.90107E-03   7.83497E+01  1.84736E-03   8.07955E+01  1.79791E-03   8.32016E+01  1.74859E-03   8.57052E+01  1.70193E-03   8.81377E+01 
 1.92573E-03   2.68584E+02  1.98036E-03   2.66178E+02  2.03356E-03   2.63703E+02  2.08656E-03   2.61282E+02  2.14517E-03   2.58903E+02  2.21074E-03   2.56532E+02  2.27667E-03   2.54270E+02  2.34511E-03   2.52123E+02  2.41507E-03   2.49988E+02  2.48301E-03   2.47936E+02  2.55224E-03   2.46019E+02  2.62129E-03   2.44191E+02  2.69119E-03   2.42518E+02  2.76033E-03   2.40909E+02  2.82582E-03   2.39398E+02  2.88708E-03   2.38035E+02  2.94045E-03   2.36750E+02  2.98824E-03   2.35577E+02  3.02654E-03   2.34491E+02  3.05516E-03   2.33478E+02  3.07366E-03   2.32555E+02  3.07825E-03   2.31710E+02  3.06998E-03   2.30955E+02  3.04629E-03   2.30258E+02  3.00835E-03   2.29616E+02  2.95222E-03   2.29048E+02  2.87920E-03   2.28539E+02  2.78741E-03   2.28082E+02  2.67599E-03   2.27654E+02  2.54532E-03   2.27280E+02  2.39467E-03   2.26960E+02  2.22455E-03   2.26677E+02  2.03477E-03   2.26409E+02  1.82675E-03   2.26211E+02  1.60163E-03   2.26022E+02  1.36118E-03   2.25893E+02  1.10662E-03   2.25775E+02  8.40761E-04   2.25660E+02  5.66153E-04   2.25596E+02  2.84882E-04   2.25503E+02  5.00937E-07   1.67114E+02  2.83286E-04   4.56629E+01  5.64088E-04   4.57157E+01  8.38888E-04   4.57277E+01  1.10434E-03   4.58013E+01  1.35957E-03   4.59014E+01  1.60043E-03   4.60273E+01  1.82634E-03   4.62146E+01  2.03465E-03   4.64177E+01  2.22458E-03   4.66617E+01  2.39512E-03   4.69542E+01  2.54578E-03   4.72767E+01  2.67708E-03   4.76419E+01  2.78858E-03   4.80668E+01  2.88143E-03   4.85309E+01  2.95422E-03   4.90751E+01  3.01032E-03   4.96416E+01  3.04798E-03   5.02847E+01  3.07082E-03   5.09692E+01  3.07837E-03   5.17356E+01  3.07317E-03   5.25712E+01  3.05504E-03   5.34505E+01  3.02477E-03   5.44715E+01  2.98675E-03   5.55231E+01  2.93930E-03   5.66750E+01  2.88560E-03   5.79818E+01  2.82581E-03   5.93394E+01  2.76120E-03   6.09162E+01  2.69390E-03   6.25582E+01  2.62396E-03   6.42515E+01  2.55383E-03   6.61231E+01  2.48260E-03   6.79381E+01  2.41099E-03   6.99359E+01  2.34066E-03   7.21070E+01  2.27284E-03   7.42824E+01  2.21082E-03   7.65768E+01  2.15034E-03   7.89125E+01  2.09075E-03   8.12667E+01  2.03288E-03   8.37377E+01  1.97635E-03   8.62349E+01  1.92252E-03   8.85623E+01 
 2.13781E-03   2.69075E+02  2.19621E-03   2.66751E+02  2.26016E-03   2.64295E+02  2.32278E-03   2.61826E+02  2.38740E-03   2.59458E+02  2.45311E-03   2.57148E+02  2.51955E-03   2.54897E+02  2.59217E-03   2.52664E+02  2.66768E-03   2.50510E+02  2.74486E-03   2.48475E+02  2.82501E-03   2.46551E+02  2.90084E-03   2.44742E+02  2.97581E-03   2.42986E+02  3.04896E-03   2.41355E+02  3.11611E-03   2.39869E+02  3.18246E-03   2.38433E+02  3.23993E-03   2.37158E+02  3.29064E-03   2.35978E+02  3.33328E-03   2.34848E+02  3.36368E-03   2.33865E+02  3.38394E-03   2.32933E+02  3.38746E-03   2.32086E+02  3.37772E-03   2.31310E+02  3.35157E-03   2.30604E+02  3.30780E-03   2.29981E+02  3.24590E-03   2.29391E+02  3.16295E-03   2.28874E+02  3.06091E-03   2.28399E+02  2.93647E-03   2.27993E+02  2.79132E-03   2.27621E+02  2.62477E-03   2.27297E+02  2.43729E-03   2.27017E+02  2.22806E-03   2.26768E+02  1.99962E-03   2.26562E+02  1.75222E-03   2.26388E+02  1.48823E-03   2.26248E+02  1.20938E-03   2.26098E+02  9.18117E-04   2.26036E+02  6.17732E-04   2.25928E+02  3.10381E-04   2.25849E+02  2.35026E-07   2.68599E+01  3.11254E-04   4.58377E+01  6.18615E-04   4.59298E+01  9.19261E-04   4.59995E+01  1.21045E-03   4.60923E+01  1.48877E-03   4.62361E+01  1.75304E-03   4.63688E+01  1.99973E-03   4.65508E+01  2.22812E-03   4.67604E+01  2.43660E-03   4.70206E+01  2.62441E-03   4.72958E+01  2.79124E-03   4.76243E+01  2.93489E-03   4.79935E+01  3.05960E-03   4.83896E+01  3.16136E-03   4.88584E+01  3.24457E-03   4.93578E+01  3.30641E-03   4.99368E+01  3.35134E-03   5.05634E+01  3.37815E-03   5.12718E+01  3.38739E-03   5.20612E+01  3.38380E-03   5.29191E+01  3.36338E-03   5.38832E+01  3.33375E-03   5.48832E+01  3.29106E-03   5.60258E+01  3.24066E-03   5.72309E+01  3.18231E-03   5.85241E+01  3.11577E-03   5.99465E+01  3.04805E-03   6.13833E+01  2.97340E-03   6.29793E+01  2.89962E-03   6.46732E+01  2.82425E-03   6.64666E+01  2.74580E-03   6.84578E+01  2.67226E-03   7.05511E+01  2.59722E-03   7.27097E+01  2.52476E-03   7.48977E+01  2.45581E-03   7.70756E+01  2.38450E-03   7.94223E+01  2.31921E-03   8.18464E+01  2.25885E-03   8.42426E+01  2.19914E-03   8.66946E+01  2.14326E-03   8.90957E+01 
 2.35245E-03   2.69671E+02  2.41514E-03   2.67307E+02  2.47719E-03   2.64882E+02  2.53992E-03   2.62458E+02  2.60891E-03   2.60092E+02  2.68497E-03   2.57730E+02  2.76056E-03   2.55467E+02  2.83807E-03   2.53311E+02  2.91781E-03   2.51141E+02  2.99544E-03   2.49075E+02  3.07617E-03   2.47133E+02  3.15750E-03   2.45275E+02  3.23737E-03   2.43575E+02  3.31715E-03   2.41923E+02  3.39119E-03   2.40391E+02  3.46033E-03   2.38998E+02  3.52187E-03   2.37657E+02  3.57474E-03   2.36458E+02  3.61729E-03   2.35348E+02  3.64865E-03   2.34303E+02  3.66790E-03   2.33351E+02  3.67124E-03   2.32486E+02  3.65819E-03   2.31715E+02  3.62775E-03   2.30992E+02  3.57898E-03   2.30346E+02  3.51010E-03   2.29761E+02  3.42060E-03   2.29236E+02  3.30876E-03   2.28767E+02  3.17401E-03   2.28331E+02  3.01626E-03   2.27963E+02  2.83582E-03   2.27622E+02  2.63152E-03   2.27335E+02  2.40584E-03   2.27056E+02  2.15867E-03   2.26850E+02  1.89151E-03   2.26660E+02  1.60616E-03   2.26518E+02  1.30540E-03   2.26420E+02  9.91292E-04   2.26322E+02  6.66744E-04   2.26228E+02  3.35538E-04   2.26197E+02  8.76718E-07   2.37748E+02  3.33447E-04   4.62388E+01  6.64500E-04   4.63103E+01  9.88927E-04   4.63586E+01  1.30327E-03   4.64285E+01  1.60515E-03   4.65414E+01  1.89017E-03   4.66905E+01  2.15753E-03   4.68598E+01  2.40575E-03   4.70669E+01  2.63158E-03   4.73178E+01  2.83532E-03   4.75995E+01  3.01670E-03   4.79371E+01  3.17602E-03   4.82968E+01  3.31052E-03   4.87336E+01  3.42231E-03   4.92078E+01  3.51224E-03   4.97641E+01  3.58150E-03   5.03536E+01  3.62965E-03   5.10158E+01  3.65950E-03   5.17431E+01  3.67120E-03   5.25309E+01  3.66687E-03   5.33950E+01  3.64856E-03   5.43012E+01  3.61585E-03   5.53455E+01  3.57331E-03   5.64274E+01  3.52047E-03   5.76017E+01  3.45864E-03   5.89444E+01  3.39144E-03   6.03145E+01  3.31796E-03   6.18983E+01  3.23990E-03   6.35873E+01  3.16040E-03   6.53073E+01  3.07874E-03   6.72207E+01  2.99721E-03   6.91133E+01  2.91570E-03   7.11231E+01  2.83413E-03   7.32895E+01  2.75636E-03   7.54441E+01  2.68309E-03   7.77425E+01  2.61276E-03   8.01214E+01  2.54499E-03   8.24522E+01  2.47704E-03   8.48926E+01  2.41115E-03   8.73762E+01  2.34836E-03   8.96642E+01 
 2.54714E-03   2.70297E+02  2.61522E-03   2.68011E+02  2.68841E-03   2.65609E+02  2.75860E-03   2.63146E+02  2.82851E-03   2.60784E+02  2.90226E-03   2.58481E+02  2.97810E-03   2.56206E+02  3.05925E-03   2.53984E+02  3.14455E-03   2.51842E+02  3.23092E-03   2.49766E+02  3.31876E-03   2.47796E+02  3.40238E-03   2.45955E+02  3.48504E-03   2.44174E+02  3.56592E-03   2.42511E+02  3.64049E-03   2.40979E+02  3.71406E-03   2.39519E+02  3.77783E-03   2.38191E+02  3.83338E-03   2.36956E+02  3.87949E-03   2.35821E+02  3.91033E-03   2.34804E+02  3.92974E-03   2.33839E+02  3.93079E-03   2.32964E+02  3.91614E-03   2.32168E+02  3.88127E-03   2.31442E+02  3.82689E-03   2.30785E+02  3.75203E-03   2.30187E+02  3.65267E-03   2.29656E+02  3.53171E-03   2.29167E+02  3.38574E-03   2.28737E+02  3.21641E-03   2.28350E+02  3.02199E-03   2.28020E+02  2.80397E-03   2.27721E+02  2.56192E-03   2.27465E+02  2.29778E-03   2.27258E+02  2.01252E-03   2.27064E+02  1.70823E-03   2.26914E+02  1.38801E-03   2.26771E+02  1.05345E-03   2.26674E+02  7.07803E-04   2.26630E+02  3.55615E-04   2.26574E+02  8.81293E-07   5.40242E+01  3.57217E-04   4.64971E+01  7.09176E-04   4.65906E+01  1.05427E-03   4.66779E+01  1.38879E-03   4.67714E+01  1.70897E-03   4.69094E+01  2.01350E-03   4.70622E+01  2.29878E-03   4.72510E+01  2.56242E-03   4.74645E+01  2.80380E-03   4.77245E+01  3.02195E-03   4.80175E+01  3.21670E-03   4.83459E+01  3.38525E-03   4.87371E+01  3.53159E-03   4.91599E+01  3.65202E-03   4.96510E+01  3.75125E-03   5.01772E+01  3.82640E-03   5.07665E+01  3.88104E-03   5.14274E+01  3.91578E-03   5.21449E+01  3.92986E-03   5.29510E+01  3.92882E-03   5.38200E+01  3.90901E-03   5.48018E+01  3.87836E-03   5.58437E+01  3.83307E-03   5.70045E+01  3.77788E-03   5.82654E+01  3.71385E-03   5.95859E+01  3.64146E-03   6.10534E+01  3.56644E-03   6.25719E+01  3.48392E-03   6.41847E+01  3.40123E-03   6.59180E+01  3.31647E-03   6.77257E+01  3.22949E-03   6.97079E+01  3.14663E-03   7.18399E+01  3.06350E-03   7.39991E+01  2.98394E-03   7.61990E+01  2.90681E-03   7.84432E+01  2.82758E-03   8.07609E+01  2.75369E-03   8.31523E+01  2.68442E-03   8.55701E+01  2.61661E-03   8.79566E+01  2.55306E-03   9.02771E+01 
 2.74524E-03   2.70982E+02  2.81229E-03   2.68669E+02  2.88223E-03   2.66321E+02  2.95443E-03   2.63915E+02  3.03046E-03   2.61538E+02  3.11286E-03   2.59200E+02  3.19434E-03   2.56937E+02  3.27698E-03   2.54761E+02  3.36251E-03   2.52593E+02  3.44659E-03   2.50510E+02  3.53552E-03   2.48520E+02  3.62494E-03   2.46633E+02  3.71037E-03   2.44900E+02  3.79669E-03   2.43201E+02  3.87540E-03   2.41643E+02  3.94845E-03   2.40206E+02  4.01426E-03   2.38818E+02  4.06867E-03   2.37584E+02  4.11410E-03   2.36415E+02  4.14533E-03   2.35338E+02  4.16247E-03   2.34370E+02  4.16296E-03   2.33468E+02  4.14417E-03   2.32662E+02  4.10629E-03   2.31914E+02  4.04651E-03   2.31253E+02  3.96548E-03   2.30636E+02  3.86050E-03   2.30090E+02  3.73093E-03   2.29606E+02  3.57587E-03   2.29154E+02  3.39466E-03   2.28782E+02  3.18868E-03   2.28419E+02  2.95681E-03   2.28133E+02  2.70131E-03   2.27851E+02  2.42150E-03   2.27630E+02  2.12068E-03   2.27455E+02  1.79971E-03   2.27293E+02  1.46158E-03   2.27176E+02  1.10940E-03   2.27090E+02  7.45753E-04   2.27017E+02  3.75127E-04   2.26977E+02  8.94702E-07   2.44626E+02  3.73736E-04   4.69276E+01  7.44447E-04   4.70030E+01  1.10790E-03   4.70831E+01  1.46033E-03   4.71826E+01  1.79870E-03   4.72981E+01  2.11933E-03   4.74454E+01  2.42064E-03   4.76264E+01  2.70036E-03   4.78461E+01  2.95594E-03   4.81132E+01  3.18871E-03   4.84124E+01  3.39480E-03   4.87622E+01  3.57689E-03   4.91296E+01  3.73165E-03   4.95838E+01  3.86201E-03   5.00694E+01  3.96818E-03   5.06268E+01  4.04914E-03   5.12429E+01  4.10839E-03   5.19276E+01  4.14518E-03   5.26893E+01  4.16268E-03   5.35065E+01  4.16107E-03   5.44142E+01  4.14452E-03   5.53584E+01  4.11250E-03   5.64325E+01  4.06729E-03   5.75819E+01  4.01217E-03   5.87784E+01  3.94643E-03   6.01488E+01  3.87513E-03   6.15664E+01  3.79645E-03   6.31527E+01  3.71238E-03   6.48711E+01  3.62701E-03   6.66338E+01  3.53789E-03   6.85933E+01  3.44971E-03   7.05673E+01  3.36218E-03   7.25971E+01  3.27354E-03   7.47446E+01  3.19005E-03   7.69074E+01  3.10912E-03   7.92003E+01  3.03120E-03   8.15865E+01  2.95825E-03   8.39100E+01  2.88356E-03   8.63098E+01  2.81153E-03   8.87227E+01  2.74220E-03   9.09887E+01 
 2.92237E-03   2.71739E+02  2.99745E-03   2.69480E+02  3.07559E-03   2.67148E+02  3.15077E-03   2.64726E+02  3.22438E-03   2.62373E+02  3.30297E-03   2.60078E+02  3.38542E-03   2.57786E+02  3.47113E-03   2.55575E+02  3.56213E-03   2.53433E+02  3.65251E-03   2.51325E+02  3.74235E-03   2.49334E+02  3.83132E-03   2.47444E+02  3.91785E-03   2.45630E+02  4.00262E-03   2.43925E+02  4.08186E-03   2.42327E+02  4.15729E-03   2.40856E+02  4.22397E-03   2.39485E+02  4.28042E-03   2.38200E+02  4.32582E-03   2.37038E+02  4.35597E-03   2.35953E+02  4.37228E-03   2.34955E+02  4.36890E-03   2.34049E+02  4.34777E-03   2.33215E+02  4.30518E-03   2.32463E+02  4.24053E-03   2.31768E+02  4.15327E-03   2.31149E+02  4.03986E-03   2.30584E+02  3.90229E-03   2.30085E+02  3.73769E-03   2.29636E+02  3.54683E-03   2.29237E+02  3.32962E-03   2.28883E+02  3.08707E-03   2.28569E+02  2.81842E-03   2.28310E+02  2.52605E-03   2.28076E+02  2.21122E-03   2.27876E+02  1.87613E-03   2.27697E+02  1.52362E-03   2.27552E+02  1.15583E-03   2.27455E+02  7.76819E-04   2.27388E+02  3.90362E-04   2.27377E+02  4.91203E-07   4.81708E+01  3.91142E-04   4.74191E+01  7.77383E-04   4.74191E+01  1.15629E-03   4.74563E+01  1.52406E-03   4.75546E+01  1.87691E-03   4.76902E+01  2.21296E-03   4.78513E+01  2.52774E-03   4.80564E+01  2.81968E-03   4.82915E+01  3.08840E-03   4.85481E+01  3.33062E-03   4.88661E+01  3.54844E-03   4.92162E+01  3.73824E-03   4.96292E+01  3.90233E-03   5.00754E+01  4.03974E-03   5.05807E+01  4.15234E-03   5.11563E+01  4.23923E-03   5.17780E+01  4.30363E-03   5.24700E+01  4.34621E-03   5.32090E+01  4.36606E-03   5.40498E+01  4.37014E-03   5.49293E+01  4.35424E-03   5.59333E+01  4.32460E-03   5.70269E+01  4.28023E-03   5.82011E+01  4.22420E-03   5.95249E+01  4.15862E-03   6.08947E+01  4.08322E-03   6.24024E+01  4.00338E-03   6.40138E+01  3.91742E-03   6.56645E+01  3.83005E-03   6.74576E+01  3.74048E-03   6.93092E+01  3.64981E-03   7.12611E+01  3.56164E-03   7.34101E+01  3.47418E-03   7.55807E+01  3.39124E-03   7.77953E+01  3.30921E-03   8.00966E+01  3.22544E-03   8.23692E+01  3.14642E-03   8.47127E+01  3.07085E-03   8.71397E+01  2.99756E-03   8.94594E+01  2.92829E-03   9.17168E+01 
 3.10154E-03   2.72530E+02  3.17140E-03   2.70261E+02  3.24653E-03   2.67985E+02  3.32618E-03   2.65620E+02  3.40610E-03   2.63250E+02  3.48994E-03   2.60934E+02  3.57377E-03   2.58686E+02  3.65806E-03   2.56489E+02  3.74630E-03   2.54330E+02  3.83431E-03   2.52229E+02  3.92584E-03   2.50190E+02  4.01756E-03   2.48282E+02  4.10475E-03   2.46512E+02  4.19238E-03   2.44771E+02  4.27166E-03   2.43158E+02  4.34475E-03   2.41656E+02  4.41104E-03   2.40235E+02  4.46452E-03   2.38943E+02  4.50949E-03   2.37713E+02  4.53815E-03   2.36602E+02  4.55149E-03   2.35589E+02  4.54632E-03   2.34656E+02  4.52071E-03   2.33820E+02  4.47603E-03   2.33031E+02  4.40615E-03   2.32336E+02  4.31350E-03   2.31693E+02  4.19467E-03   2.31124E+02  4.04926E-03   2.30620E+02  3.87725E-03   2.30144E+02  3.67721E-03   2.29746E+02  3.45101E-03   2.29380E+02  3.19750E-03   2.29068E+02  2.91839E-03   2.28789E+02  2.61410E-03   2.28565E+02  2.28768E-03   2.28356E+02  1.94054E-03   2.28193E+02  1.57535E-03   2.28069E+02  1.19489E-03   2.27982E+02  8.03136E-04   2.27955E+02  4.03767E-04   2.27961E+02  1.09881E-06   2.84683E+02  4.02897E-04   4.77826E+01  8.02458E-04   4.78658E+01  1.19459E-03   4.79323E+01  1.57471E-03   4.80537E+01  1.93982E-03   4.81857E+01  2.28688E-03   4.83469E+01  2.61332E-03   4.85446E+01  2.91753E-03   4.87790E+01  3.19586E-03   4.90573E+01  3.45138E-03   4.93671E+01  3.67776E-03   4.97326E+01  3.87805E-03   5.01307E+01  4.05040E-03   5.06006E+01  4.19551E-03   5.11090E+01  4.31459E-03   5.16929E+01  4.40759E-03   5.23427E+01  4.47781E-03   5.30387E+01  4.52182E-03   5.38340E+01  4.54678E-03   5.46800E+01  4.55047E-03   5.56346E+01  4.53750E-03   5.66459E+01  4.50878E-03   5.77414E+01  4.46348E-03   5.89635E+01  4.40963E-03   6.02153E+01  4.34381E-03   6.16283E+01  4.27115E-03   6.31112E+01  4.19090E-03   6.46997E+01  4.10530E-03   6.64493E+01  4.01912E-03   6.82527E+01  3.92714E-03   7.02200E+01  3.83713E-03   7.22724E+01  3.74764E-03   7.43471E+01  3.65709E-03   7.64791E+01  3.57069E-03   7.86554E+01  3.48506E-03   8.09304E+01  3.40399E-03   8.32859E+01  3.32780E-03   8.56202E+01  3.24949E-03   8.79725E+01  3.17427E-03   9.02851E+01  3.10049E-03   9.25323E+01 
 3.26160E-03   2.73411E+02  3.34015E-03   2.71153E+02  3.41959E-03   2.68900E+02  3.49703E-03   2.66556E+02  3.57270E-03   2.64232E+02  3.65438E-03   2.61934E+02  3.73972E-03   2.59643E+02  3.82520E-03   2.57440E+02  3.91681E-03   2.55295E+02  4.00714E-03   2.53191E+02  4.09539E-03   2.51174E+02  4.18543E-03   2.49208E+02  4.27147E-03   2.47366E+02  4.35601E-03   2.45647E+02  4.43582E-03   2.43988E+02  4.50889E-03   2.42468E+02  4.57432E-03   2.41040E+02  4.62798E-03   2.39712E+02  4.66971E-03   2.38496E+02  4.69656E-03   2.37345E+02  4.70769E-03   2.36314E+02  4.69944E-03   2.35352E+02  4.67060E-03   2.34471E+02  4.61992E-03   2.33687E+02  4.54573E-03   2.32948E+02  4.44655E-03   2.32301E+02  4.32146E-03   2.31700E+02  4.16880E-03   2.31180E+02  3.98974E-03   2.30701E+02  3.78279E-03   2.30283E+02  3.54713E-03   2.29918E+02  3.28521E-03   2.29586E+02  2.99711E-03   2.29304E+02  2.68456E-03   2.29041E+02  2.34828E-03   2.28846E+02  1.99106E-03   2.28668E+02  1.61564E-03   2.28528E+02  1.22562E-03   2.28414E+02  8.23639E-04   2.28322E+02  4.13749E-04   2.28184E+02  4.89479E-07   1.52909E+02  4.13806E-04   4.83664E+01  8.23840E-04   4.83600E+01  1.22580E-03   4.84139E+01  1.61638E-03   4.85235E+01  1.99213E-03   4.86499E+01  2.34942E-03   4.88253E+01  2.68604E-03   4.90270E+01  2.99901E-03   4.92833E+01  3.28804E-03   4.95502E+01  3.54945E-03   4.98908E+01  3.78411E-03   5.02642E+01  3.99066E-03   5.06982E+01  4.16929E-03   5.11803E+01  4.32098E-03   5.17168E+01  4.44514E-03   5.23227E+01  4.54409E-03   5.29583E+01  4.61776E-03   5.37005E+01  4.66854E-03   5.44757E+01  4.69628E-03   5.53507E+01  4.70528E-03   5.62905E+01  4.69527E-03   5.73270E+01  4.66888E-03   5.84819E+01  4.62806E-03   5.96825E+01  4.57498E-03   6.10440E+01  4.51149E-03   6.24862E+01  4.43780E-03   6.40240E+01  4.35760E-03   6.57003E+01  4.27236E-03   6.74121E+01  4.18459E-03   6.92604E+01  4.09465E-03   7.11735E+01  4.00459E-03   7.31303E+01  3.91488E-03   7.52592E+01  3.82705E-03   7.74183E+01  3.74315E-03   7.96468E+01  3.65960E-03   8.19703E+01  3.57600E-03   8.42231E+01  3.49398E-03   8.65237E+01  3.41534E-03   8.89052E+01  3.33945E-03   9.11424E+01  3.26479E-03   9.33675E+01 
 3.41851E-03   2.74303E+02  3.49092E-03   2.72050E+02  3.56994E-03   2.69852E+02  3.65363E-03   2.67568E+02  3.73378E-03   2.65219E+02  3.81507E-03   2.62930E+02  3.89851E-03   2.60696E+02  3.98099E-03   2.58487E+02  4.06760E-03   2.56334E+02  4.15666E-03   2.54225E+02  4.24616E-03   2.52167E+02  4.33593E-03   2.50234E+02  4.42082E-03   2.48390E+02  4.50405E-03   2.46608E+02  4.58117E-03   2.44955E+02  4.65047E-03   2.43392E+02  4.71330E-03   2.41917E+02  4.76364E-03   2.40557E+02  4.80329E-03   2.39300E+02  4.82694E-03   2.38142E+02  4.83458E-03   2.37067E+02  4.82368E-03   2.36091E+02  4.79115E-03   2.35190E+02  4.73671E-03   2.34377E+02  4.65731E-03   2.33639E+02  4.55433E-03   2.32956E+02  4.42335E-03   2.32362E+02  4.26580E-03   2.31811E+02  4.08002E-03   2.31319E+02  3.86585E-03   2.30887E+02  3.62426E-03   2.30508E+02  3.35438E-03   2.30176E+02  3.05884E-03   2.29882E+02  2.73786E-03   2.29634E+02  2.39405E-03   2.29417E+02  2.02925E-03   2.29239E+02  1.64652E-03   2.29098E+02  1.24783E-03   2.29002E+02  8.38431E-04   2.28996E+02  4.20770E-04   2.29000E+02  1.29400E-06   3.55622E+02  4.22337E-04   4.87055E+01  8.39601E-04   4.88185E+01  1.24884E-03   4.89145E+01  1.64691E-03   4.90500E+01  2.02941E-03   4.92021E+01  2.39477E-03   4.93817E+01  2.73847E-03   4.96023E+01  3.05936E-03   4.98594E+01  3.35408E-03   5.01642E+01  3.62407E-03   5.04996E+01  3.86551E-03   5.08818E+01  4.07979E-03   5.13281E+01  4.26633E-03   5.18110E+01  4.42393E-03   5.23632E+01  4.55458E-03   5.29624E+01  4.65773E-03   5.36424E+01  4.73720E-03   5.43794E+01  4.79075E-03   5.52061E+01  4.82384E-03   5.60996E+01  4.83434E-03   5.70869E+01  4.82664E-03   5.81726E+01  4.80333E-03   5.93162E+01  4.76284E-03   6.05964E+01  4.71292E-03   6.19364E+01  4.64985E-03   6.33918E+01  4.57992E-03   6.49420E+01  4.50273E-03   6.65618E+01  4.41921E-03   6.83419E+01  4.33556E-03   7.01994E+01  4.24724E-03   7.21522E+01  4.15952E-03   7.42435E+01  4.07106E-03   7.63622E+01  3.98292E-03   7.84906E+01  3.89793E-03   8.06917E+01  3.81069E-03   8.29328E+01  3.72870E-03   8.52314E+01  3.65229E-03   8.75749E+01  3.57318E-03   8.98516E+01  3.49623E-03   9.20581E+01  3.41960E-03   9.43200E+01 
 3.56323E-03   2.75316E+02  3.64274E-03   2.73047E+02  3.71882E-03   2.70851E+02  3.79648E-03   2.68620E+02  3.87437E-03   2.66340E+02  3.95577E-03   2.64038E+02  4.04032E-03   2.61768E+02  4.12279E-03   2.59581E+02  4.20916E-03   2.57452E+02  4.29504E-03   2.55344E+02  4.37832E-03   2.53294E+02  4.46501E-03   2.51296E+02  4.54747E-03   2.49420E+02  4.62753E-03   2.47651E+02  4.70385E-03   2.45952E+02  4.77057E-03   2.44392E+02  4.83100E-03   2.42893E+02  4.87881E-03   2.41505E+02  4.91427E-03   2.40233E+02  4.93513E-03   2.39016E+02  4.93799E-03   2.37923E+02  4.92298E-03   2.36907E+02  4.88583E-03   2.35981E+02  4.82734E-03   2.35145E+02  4.74393E-03   2.34360E+02  4.63479E-03   2.33673E+02  4.49992E-03   2.33034E+02  4.33631E-03   2.32483E+02  4.14602E-03   2.31977E+02  3.92591E-03   2.31521E+02  3.67845E-03   2.31122E+02  3.40398E-03   2.30764E+02  3.10214E-03   2.30474E+02  2.77602E-03   2.30203E+02  2.42673E-03   2.29992E+02  2.05656E-03   2.29793E+02  1.66836E-03   2.29647E+02  1.26519E-03   2.29525E+02  8.50066E-04   2.29438E+02  4.27647E-04   2.29331E+02  8.21807E-07   1.93288E+02  4.26426E-04   4.95414E+01  8.48666E-04   4.94936E+01  1.26431E-03   4.95353E+01  1.66814E-03   4.96514E+01  2.05674E-03   4.97876E+01  2.42728E-03   4.99803E+01  2.77757E-03   5.01861E+01  3.10331E-03   5.04610E+01  3.40521E-03   5.07549E+01  3.68016E-03   5.11192E+01  3.92716E-03   5.15227E+01  4.14641E-03   5.19770E+01  4.33638E-03   5.24905E+01  4.49972E-03   5.30543E+01  4.63358E-03   5.36942E+01  4.74294E-03   5.43774E+01  4.82506E-03   5.51614E+01  4.88375E-03   5.59899E+01  4.91978E-03   5.69170E+01  4.93552E-03   5.79281E+01  4.93372E-03   5.90029E+01  4.91285E-03   6.02215E+01  4.87902E-03   6.14810E+01  4.83220E-03   6.28700E+01  4.77324E-03   6.43750E+01  4.70567E-03   6.59594E+01  4.62955E-03   6.77019E+01  4.54989E-03   6.94774E+01  4.46682E-03   7.13496E+01  4.38037E-03   7.33237E+01  4.29435E-03   7.53170E+01  4.20682E-03   7.74129E+01  4.12226E-03   7.95507E+01  4.04005E-03   8.17737E+01  3.95852E-03   8.40796E+01  3.87928E-03   8.63257E+01  3.79795E-03   8.85705E+01  3.71733E-03   9.08534E+01  3.64051E-03   9.30352E+01  3.56197E-03   9.52575E+01 
 3.69555E-03   2.76310E+02  3.77092E-03   2.74057E+02  3.85109E-03   2.71887E+02  3.93466E-03   2.69696E+02  4.01285E-03   2.67432E+02  4.08885E-03   2.65188E+02  4.16975E-03   2.62954E+02  4.24926E-03   2.60747E+02  4.33112E-03   2.58616E+02  4.41611E-03   2.56517E+02  4.49842E-03   2.54470E+02  4.58185E-03   2.52503E+02  4.66099E-03   2.50592E+02  4.73609E-03   2.48775E+02  4.80675E-03   2.47059E+02  4.86921E-03   2.45434E+02  4.92528E-03   2.43927E+02  4.96919E-03   2.42502E+02  5.00035E-03   2.41188E+02  5.01628E-03   2.39974E+02  5.01600E-03   2.38833E+02  4.99681E-03   2.37803E+02  4.95656E-03   2.36834E+02  4.89341E-03   2.35980E+02  4.80530E-03   2.35191E+02  4.69245E-03   2.34457E+02  4.55240E-03   2.33819E+02  4.38549E-03   2.33224E+02  4.18914E-03   2.32708E+02  3.96583E-03   2.32233E+02  3.71396E-03   2.31832E+02  3.43443E-03   2.31469E+02  3.12923E-03   2.31164E+02  2.79831E-03   2.30887E+02  2.44451E-03   2.30668E+02  2.06992E-03   2.30480E+02  1.67861E-03   2.30328E+02  1.27220E-03   2.30240E+02  8.54213E-04   2.30187E+02  4.27881E-04   2.30244E+02  2.17963E-06   9.25852E+00  4.30735E-04   4.98324E+01  8.56794E-04   4.99689E+01  1.27491E-03   5.00888E+01  1.68152E-03   5.02321E+01  2.07280E-03   5.03947E+01  2.44642E-03   5.05931E+01  2.79925E-03   5.08499E+01  3.12972E-03   5.11382E+01  3.43456E-03   5.14554E+01  3.71314E-03   5.18309E+01  3.96483E-03   5.22454E+01  4.18844E-03   5.27253E+01  4.38482E-03   5.32376E+01  4.55229E-03   5.38326E+01  4.69281E-03   5.44549E+01  4.80531E-03   5.51874E+01  4.89327E-03   5.59803E+01  4.95619E-03   5.68418E+01  4.99747E-03   5.78019E+01  5.01824E-03   5.88179E+01  5.01766E-03   5.99806E+01  5.00139E-03   6.11940E+01  4.96944E-03   6.25211E+01  4.92617E-03   6.39542E+01  4.87006E-03   6.54525E+01  4.80536E-03   6.70828E+01  4.73508E-03   6.87574E+01  4.65900E-03   7.05455E+01  4.58011E-03   7.24528E+01  4.49805E-03   7.44041E+01  4.41680E-03   7.64973E+01  4.33481E-03   7.86330E+01  4.25281E-03   8.07739E+01  4.17134E-03   8.29988E+01  4.08699E-03   8.51876E+01  4.00679E-03   8.74067E+01  3.93072E-03   8.97186E+01  3.85334E-03   9.19162E+01  3.77644E-03   9.40505E+01  3.69898E-03   9.63285E+01 
 3.82457E-03   2.77414E+02  3.90219E-03   2.75156E+02  3.97422E-03   2.72981E+02  4.05271E-03   2.70842E+02  4.13159E-03   2.68644E+02  4.20803E-03   2.66397E+02  4.28820E-03   2.64172E+02  4.36612E-03   2.61986E+02  4.44358E-03   2.59855E+02  4.52190E-03   2.57771E+02  4.59804E-03   2.55710E+02  4.67707E-03   2.53694E+02  4.75236E-03   2.51802E+02  4.82322E-03   2.49987E+02  4.89131E-03   2.48232E+02  4.94961E-03   2.46602E+02  5.00066E-03   2.45058E+02  5.03927E-03   2.43616E+02  5.06630E-03   2.42260E+02  5.07849E-03   2.41000E+02  5.07267E-03   2.39841E+02  5.04951E-03   2.38756E+02  5.00357E-03   2.37771E+02  4.93643E-03   2.36870E+02  4.84390E-03   2.36056E+02  4.72623E-03   2.35309E+02  4.58271E-03   2.34629E+02  4.41158E-03   2.34028E+02  4.21341E-03   2.33466E+02  3.98516E-03   2.32982E+02  3.73111E-03   2.32547E+02  3.44878E-03   2.32158E+02  3.14058E-03   2.31832E+02  2.80805E-03   2.31544E+02  2.45299E-03   2.31307E+02  2.07744E-03   2.31105E+02  1.68413E-03   2.30950E+02  1.27655E-03   2.30826E+02  8.57689E-04   2.30770E+02  4.31460E-04   2.30677E+02  5.79007E-07   2.32728E+02  4.30275E-04   5.07072E+01  8.56032E-04   5.07776E+01  1.27548E-03   5.08307E+01  1.68293E-03   5.09713E+01  2.07602E-03   5.11403E+01  2.45213E-03   5.13462E+01  2.80794E-03   5.15830E+01  3.14067E-03   5.18668E+01  3.44850E-03   5.21919E+01  3.73123E-03   5.25648E+01  3.98591E-03   5.29961E+01  4.21340E-03   5.34799E+01  4.41150E-03   5.40400E+01  4.58341E-03   5.46401E+01  4.72568E-03   5.53137E+01  4.84326E-03   5.60617E+01  4.93379E-03   5.68834E+01  5.00059E-03   5.77861E+01  5.04662E-03   5.87601E+01  5.06910E-03   5.98565E+01  5.07601E-03   6.10060E+01  5.06453E-03   6.22553E+01  5.03902E-03   6.36012E+01  5.00084E-03   6.50411E+01  4.94949E-03   6.66019E+01  4.89197E-03   6.82162E+01  4.82513E-03   6.99775E+01  4.75417E-03   7.18368E+01  4.68000E-03   7.37365E+01  4.60182E-03   7.57437E+01  4.52324E-03   7.77925E+01  4.44271E-03   7.98493E+01  4.36415E-03   8.19682E+01  4.28602E-03   8.41538E+01  4.20845E-03   8.63879E+01  4.13492E-03   8.86342E+01  4.05754E-03   9.08240E+01  3.97762E-03   9.29776E+01  3.90011E-03   9.51474E+01  3.81867E-03   9.73770E+01 
 3.93254E-03   2.78496E+02  4.01298E-03   2.76290E+02  4.09144E-03   2.74125E+02  4.16926E-03   2.71996E+02  4.24494E-03   2.69842E+02  4.31631E-03   2.67684E+02  4.39123E-03   2.65489E+02  4.46640E-03   2.63286E+02  4.54076E-03   2.61149E+02  4.61766E-03   2.59079E+02  4.68986E-03   2.57065E+02  4.76179E-03   2.55062E+02  4.83188E-03   2.53112E+02  4.89540E-03   2.51281E+02  4.95583E-03   2.49509E+02  5.00888E-03   2.47832E+02  5.05402E-03   2.46268E+02  5.08818E-03   2.44774E+02  5.10870E-03   2.43418E+02  5.11524E-03   2.42137E+02  5.10520E-03   2.40924E+02  5.07676E-03   2.39831E+02  5.02717E-03   2.38800E+02  4.95609E-03   2.37871E+02  4.86135E-03   2.37007E+02  4.73958E-03   2.36234E+02  4.59252E-03   2.35538E+02  4.41773E-03   2.34900E+02  4.21497E-03   2.34350E+02  3.98540E-03   2.33834E+02  3.72807E-03   2.33402E+02  3.44511E-03   2.32988E+02  3.13563E-03   2.32652E+02  2.80239E-03   2.32343E+02  2.44604E-03   2.32107E+02  2.07038E-03   2.31889E+02  1.67791E-03   2.31720E+02  1.27104E-03   2.31588E+02  8.53042E-04   2.31507E+02  4.27356E-04   2.31478E+02  1.40139E-06   5.02056E+01  4.30014E-04   5.13195E+01  8.56026E-04   5.14146E+01  1.27356E-03   5.15557E+01  1.68021E-03   5.16967E+01  2.07328E-03   5.18523E+01  2.44875E-03   5.20647E+01  2.80475E-03   5.23190E+01  3.13717E-03   5.26387E+01  3.44599E-03   5.29768E+01  3.72875E-03   5.33942E+01  3.98572E-03   5.38289E+01  4.21404E-03   5.43560E+01  4.41595E-03   5.49187E+01  4.59016E-03   5.55562E+01  4.73744E-03   5.62522E+01  4.85892E-03   5.70305E+01  4.95443E-03   5.78829E+01  5.02697E-03   5.88026E+01  5.07694E-03   5.98341E+01  5.10763E-03   6.09120E+01  5.11823E-03   6.21153E+01  5.11162E-03   6.33978E+01  5.09065E-03   6.47829E+01  5.05597E-03   6.62972E+01  5.01029E-03   6.78524E+01  4.95638E-03   6.95314E+01  4.89551E-03   7.12887E+01  4.83038E-03   7.31002E+01  4.76110E-03   7.50213E+01  4.68850E-03   7.69871E+01  4.61525E-03   7.90426E+01  4.54171E-03   8.11552E+01  4.46877E-03   8.33004E+01  4.39445E-03   8.55221E+01  4.31758E-03   8.76792E+01  4.24099E-03   8.98099E+01  4.16489E-03   9.20057E+01  4.08989E-03   9.41453E+01  4.01409E-03   9.62710E+01  3.93587E-03   9.85078E+01 
 4.04244E-03   2.79662E+02  4.11952E-03   2.77479E+02  4.18954E-03   2.75320E+02  4.26573E-03   2.73224E+02  4.34395E-03   2.71106E+02  4.41505E-03   2.68952E+02  4.48684E-03   2.66814E+02  4.55723E-03   2.64668E+02  4.62463E-03   2.62524E+02  4.69397E-03   2.60440E+02  4.76114E-03   2.58411E+02  4.82825E-03   2.56429E+02  4.89295E-03   2.54516E+02  4.95230E-03   2.52659E+02  5.00799E-03   2.50874E+02  5.05381E-03   2.49170E+02  5.09246E-03   2.47560E+02  5.12076E-03   2.46044E+02  5.13615E-03   2.44619E+02  5.13713E-03   2.43323E+02  5.11998E-03   2.42096E+02  5.08590E-03   2.40963E+02  5.03123E-03   2.39914E+02  4.95463E-03   2.38941E+02  4.85537E-03   2.38063E+02  4.73138E-03   2.37238E+02  4.58147E-03   2.36517E+02  4.40498E-03   2.35846E+02  4.20088E-03   2.35251E+02  3.96957E-03   2.34711E+02  3.71228E-03   2.34244E+02  3.42838E-03   2.33829E+02  3.11968E-03   2.33456E+02  2.78709E-03   2.33160E+02  2.43284E-03   2.32888E+02  2.05893E-03   2.32689E+02  1.66823E-03   2.32500E+02  1.26335E-03   2.32394E+02  8.48447E-04   2.32318E+02  4.25858E-04   2.32322E+02  1.25894E-06   3.25508E+02  4.25979E-04   5.20893E+01  8.47745E-04   5.22632E+01  1.26255E-03   5.23742E+01  1.66684E-03   5.25121E+01  2.05696E-03   5.27181E+01  2.43137E-03   5.29217E+01  2.78469E-03   5.32025E+01  3.11751E-03   5.35088E+01  3.42618E-03   5.38828E+01  3.71048E-03   5.42817E+01  3.96941E-03   5.47386E+01  4.20040E-03   5.52715E+01  4.40421E-03   5.58574E+01  4.58091E-03   5.65213E+01  4.73136E-03   5.72481E+01  4.85600E-03   5.80666E+01  4.95506E-03   5.89379E+01  5.03122E-03   5.99116E+01  5.08564E-03   6.09466E+01  5.11890E-03   6.20968E+01  5.13510E-03   6.33349E+01  5.13436E-03   6.46389E+01  5.11919E-03   6.60742E+01  5.09161E-03   6.75636E+01  5.05285E-03   6.91634E+01  5.00730E-03   7.08480E+01  4.95301E-03   7.26182E+01  4.89416E-03   7.45100E+01  4.83139E-03   7.64414E+01  4.76477E-03   7.84534E+01  4.69736E-03   8.05056E+01  4.62692E-03   8.25438E+01  4.55571E-03   8.46641E+01  4.48329E-03   8.67922E+01  4.41154E-03   8.89144E+01  4.34396E-03   9.11184E+01  4.27200E-03   9.32493E+01  4.19603E-03   9.53014E+01  4.11954E-03   9.74549E+01  4.03663E-03   9.96474E+01 
 4.13032E-03   2.80808E+02  4.21584E-03   2.78706E+02  4.29087E-03   2.76557E+02  4.35917E-03   2.74463E+02  4.43165E-03   2.72409E+02  4.50043E-03   2.70331E+02  4.56772E-03   2.68197E+02  4.63641E-03   2.66071E+02  4.70088E-03   2.63975E+02  4.76594E-03   2.61900E+02  4.82669E-03   2.59893E+02  4.88443E-03   2.57897E+02  4.94227E-03   2.55944E+02  4.99259E-03   2.54109E+02  5.04021E-03   2.52313E+02  5.08069E-03   2.50591E+02  5.11123E-03   2.48973E+02  5.13317E-03   2.47430E+02  5.14203E-03   2.45983E+02  5.13728E-03   2.44625E+02  5.11617E-03   2.43361E+02  5.07677E-03   2.42195E+02  5.01780E-03   2.41113E+02  4.93734E-03   2.40117E+02  4.83364E-03   2.39203E+02  4.70567E-03   2.38358E+02  4.55299E-03   2.37597E+02  4.37370E-03   2.36906E+02  4.16830E-03   2.36287E+02  3.93617E-03   2.35740E+02  3.67843E-03   2.35239E+02  3.39555E-03   2.34786E+02  3.08810E-03   2.34402E+02  2.75806E-03   2.34058E+02  2.40579E-03   2.33762E+02  2.03574E-03   2.33513E+02  1.64887E-03   2.33304E+02  1.24876E-03   2.33129E+02  8.38319E-04   2.32976E+02  4.21014E-04   2.32744E+02  2.29910E-06   1.38511E+02  4.21837E-04   5.33280E+01  8.39392E-04   5.32428E+01  1.25003E-03   5.32954E+01  1.64991E-03   5.34349E+01  2.03729E-03   5.35906E+01  2.40764E-03   5.38074E+01  2.75908E-03   5.40805E+01  3.09021E-03   5.44024E+01  3.39775E-03   5.47750E+01  3.68004E-03   5.52104E+01  3.93756E-03   5.57137E+01  4.16781E-03   5.62867E+01  4.37215E-03   5.69084E+01  4.55073E-03   5.76027E+01  4.70362E-03   5.83642E+01  4.83151E-03   5.92005E+01  4.93536E-03   6.01220E+01  5.01705E-03   6.11137E+01  5.07583E-03   6.22083E+01  5.11664E-03   6.33806E+01  5.13930E-03   6.46281E+01  5.14490E-03   6.59814E+01  5.13650E-03   6.74197E+01  5.11370E-03   6.89626E+01  5.08181E-03   7.05891E+01  5.04160E-03   7.23125E+01  4.99344E-03   7.41245E+01  4.94254E-03   7.59623E+01  4.88479E-03   7.78864E+01  4.82458E-03   7.98630E+01  4.76279E-03   8.18604E+01  4.69864E-03   8.39426E+01  4.63585E-03   8.60670E+01  4.57028E-03   8.82075E+01  4.50359E-03   9.03423E+01  4.43340E-03   9.24171E+01  4.35859E-03   9.44617E+01  4.28576E-03   9.65561E+01  4.21048E-03   9.86948E+01  4.13113E-03   1.00815E+02 
 4.21525E-03   2.82001E+02  4.29409E-03   2.79960E+02  4.36971E-03   2.77860E+02  4.44096E-03   2.75779E+02  4.51157E-03   2.73713E+02  4.57798E-03   2.71672E+02  4.64029E-03   2.69639E+02  4.70216E-03   2.67552E+02  4.76077E-03   2.65454E+02  4.81925E-03   2.63389E+02  4.87578E-03   2.61391E+02  4.92862E-03   2.59447E+02  4.97953E-03   2.57509E+02  5.02413E-03   2.55624E+02  5.06410E-03   2.53844E+02  5.09651E-03   2.52097E+02  5.12019E-03   2.50435E+02  5.13430E-03   2.48881E+02  5.13585E-03   2.47386E+02  5.12372E-03   2.46017E+02  5.09593E-03   2.44717E+02  5.05118E-03   2.43511E+02  4.98664E-03   2.42408E+02  4.90175E-03   2.41372E+02  4.79514E-03   2.40431E+02  4.66432E-03   2.39541E+02  4.50971E-03   2.38747E+02  4.32976E-03   2.38023E+02  4.12369E-03   2.37384E+02  3.89257E-03   2.36796E+02  3.63525E-03   2.36278E+02  3.35317E-03   2.35838E+02  3.04825E-03   2.35441E+02  2.72089E-03   2.35112E+02  2.37328E-03   2.34800E+02  2.00705E-03   2.34559E+02  1.62523E-03   2.34344E+02  1.23064E-03   2.34210E+02  8.26306E-04   2.34073E+02  4.15297E-04   2.33972E+02  8.24927E-07   3.10478E+02  4.14514E-04   5.38966E+01  8.25634E-04   5.40162E+01  1.23030E-03   5.41387E+01  1.62490E-03   5.43057E+01  2.00626E-03   5.45418E+01  2.37243E-03   5.47697E+01  2.71924E-03   5.50809E+01  3.04609E-03   5.54285E+01  3.35073E-03   5.58540E+01  3.63211E-03   5.63165E+01  3.88917E-03   5.68334E+01  4.12090E-03   5.74196E+01  4.32760E-03   5.80578E+01  4.50812E-03   5.87831E+01  4.66392E-03   5.95520E+01  4.79471E-03   6.04343E+01  4.90238E-03   6.13725E+01  4.98794E-03   6.24102E+01  5.05326E-03   6.35138E+01  5.09810E-03   6.47091E+01  5.12480E-03   6.60198E+01  5.13586E-03   6.73962E+01  5.13289E-03   6.88918E+01  5.11845E-03   7.04387E+01  5.09469E-03   7.20857E+01  5.06279E-03   7.38309E+01  5.02368E-03   7.56072E+01  4.97960E-03   7.74853E+01  4.92940E-03   7.94278E+01  4.87692E-03   8.14097E+01  4.82221E-03   8.34460E+01  4.76381E-03   8.54853E+01  4.70360E-03   8.75648E+01  4.63943E-03   8.96333E+01  4.57433E-03   9.16499E+01  4.51022E-03   9.37167E+01  4.44285E-03   9.57949E+01  4.37204E-03   9.78341E+01  4.29736E-03   9.99207E+01  4.21573E-03   1.02001E+02 
 4.28887E-03   2.83203E+02  4.37356E-03   2.81223E+02  4.44704E-03   2.79172E+02  4.51147E-03   2.77132E+02  4.57888E-03   2.75121E+02  4.64391E-03   2.73092E+02  4.70389E-03   2.71063E+02  4.76288E-03   2.69052E+02  4.81672E-03   2.67022E+02  4.86797E-03   2.64969E+02  4.91660E-03   2.62963E+02  4.95996E-03   2.61014E+02  5.00284E-03   2.59108E+02  5.03965E-03   2.57252E+02  5.07170E-03   2.55440E+02  5.09657E-03   2.53719E+02  5.11247E-03   2.52044E+02  5.12045E-03   2.50451E+02  5.11469E-03   2.48942E+02  5.09690E-03   2.47516E+02  5.06303E-03   2.46198E+02  5.01213E-03   2.44942E+02  4.94353E-03   2.43805E+02  4.85322E-03   2.42740E+02  4.74207E-03   2.41774E+02  4.60796E-03   2.40870E+02  4.45037E-03   2.40041E+02  4.26912E-03   2.39294E+02  4.06324E-03   2.38594E+02  3.83228E-03   2.37990E+02  3.57735E-03   2.37420E+02  3.29819E-03   2.36944E+02  2.99665E-03   2.36499E+02  2.67333E-03   2.36135E+02  2.33086E-03   2.35791E+02  1.97088E-03   2.35519E+02  1.59559E-03   2.35295E+02  1.20786E-03   2.35119E+02  8.10384E-04   2.34977E+02  4.06439E-04   2.34810E+02  1.93328E-06   1.22150E+02  4.07482E-04   5.53419E+01  8.10620E-04   5.52810E+01  1.20756E-03   5.53495E+01  1.59470E-03   5.54788E+01  1.97031E-03   5.56841E+01  2.33069E-03   5.59194E+01  2.67258E-03   5.62381E+01  2.99564E-03   5.65757E+01  3.29749E-03   5.70006E+01  3.57724E-03   5.74654E+01  3.83283E-03   5.80127E+01  4.06408E-03   5.85967E+01  4.27007E-03   5.92816E+01  4.45151E-03   6.00235E+01  4.60809E-03   6.08521E+01  4.74211E-03   6.17576E+01  4.85300E-03   6.27384E+01  4.94291E-03   6.38102E+01  5.01252E-03   6.49418E+01  5.06294E-03   6.62049E+01  5.09712E-03   6.75198E+01  5.11545E-03   6.89456E+01  5.12195E-03   7.04464E+01  5.11580E-03   7.20164E+01  5.09959E-03   7.36951E+01  5.07407E-03   7.54213E+01  5.04155E-03   7.72572E+01  5.00530E-03   7.91280E+01  4.96172E-03   8.10317E+01  4.91669E-03   8.29947E+01  4.86677E-03   8.49497E+01  4.81283E-03   8.69721E+01  4.75925E-03   8.90283E+01  4.70254E-03   9.10494E+01  4.64612E-03   9.31090E+01  4.58446E-03   9.51515E+01  4.51379E-03   9.71153E+01  4.44293E-03   9.91432E+01  4.36709E-03   1.01226E+02  4.28545E-03   1.03217E+02 
 4.34735E-03   2.84424E+02  4.42855E-03   2.82510E+02  4.50984E-03   2.80527E+02  4.57712E-03   2.78503E+02  4.63831E-03   2.76499E+02  4.69987E-03   2.74539E+02  4.75524E-03   2.72572E+02  4.80854E-03   2.70573E+02  4.85839E-03   2.68599E+02  4.90440E-03   2.66610E+02  4.94866E-03   2.64625E+02  4.98648E-03   2.62689E+02  5.02143E-03   2.60765E+02  5.05054E-03   2.58915E+02  5.07326E-03   2.57123E+02  5.09037E-03   2.55363E+02  5.09653E-03   2.53700E+02  5.09556E-03   2.52100E+02  5.08318E-03   2.50558E+02  5.05630E-03   2.49121E+02  5.01651E-03   2.47762E+02  4.95996E-03   2.46484E+02  4.88652E-03   2.45299E+02  4.79282E-03   2.44197E+02  4.67871E-03   2.43189E+02  4.54288E-03   2.42259E+02  4.38375E-03   2.41405E+02  4.20171E-03   2.40643E+02  3.99571E-03   2.39943E+02  3.76640E-03   2.39324E+02  3.51269E-03   2.38754E+02  3.23655E-03   2.38251E+02  2.93852E-03   2.37813E+02  2.62062E-03   2.37414E+02  2.28378E-03   2.37081E+02  1.93032E-03   2.36810E+02  1.56235E-03   2.36593E+02  1.18233E-03   2.36464E+02  7.93385E-04   2.36380E+02  3.98253E-04   2.36381E+02  1.15160E-06   3.20241E+02  3.97923E-04   5.60634E+01  7.93040E-04   5.61797E+01  1.18252E-03   5.63178E+01  1.56206E-03   5.65069E+01  1.92987E-03   5.67338E+01  2.28341E-03   5.69963E+01  2.62021E-03   5.73299E+01  2.93768E-03   5.77285E+01  3.23509E-03   5.81818E+01  3.51076E-03   5.86892E+01  3.76330E-03   5.92692E+01  3.99264E-03   5.99083E+01  4.19850E-03   6.06269E+01  4.38084E-03   6.14168E+01  4.54053E-03   6.22700E+01  4.67793E-03   6.32040E+01  4.79327E-03   6.42169E+01  4.88743E-03   6.53080E+01  4.96190E-03   6.64967E+01  5.01875E-03   6.77644E+01  5.05836E-03   6.91237E+01  5.08384E-03   7.05672E+01  5.09596E-03   7.20836E+01  5.09568E-03   7.36907E+01  5.08722E-03   7.53673E+01  5.07066E-03   7.71218E+01  5.04923E-03   7.89169E+01  5.02124E-03   8.07506E+01  4.98609E-03   8.26719E+01  4.94809E-03   8.46082E+01  4.90421E-03   8.65939E+01  4.85934E-03   8.86216E+01  4.81217E-03   9.06075E+01  4.75877E-03   9.25874E+01  4.70106E-03   9.45421E+01  4.63727E-03   9.64724E+01  4.57341E-03   9.84709E+01  4.50704E-03   1.00513E+02  4.43186E-03   1.02504E+02  4.35355E-03   1.04435E+02 
 4.40699E-03   2.85694E+02  4.48400E-03   2.83788E+02  4.55921E-03   2.81882E+02  4.62910E-03   2.79937E+02  4.68973E-03   2.77961E+02  4.74750E-03   2.75983E+02  4.80161E-03   2.74065E+02  4.85059E-03   2.72146E+02  4.89448E-03   2.70200E+02  4.93226E-03   2.68256E+02  4.96858E-03   2.66301E+02  4.99955E-03   2.64390E+02  5.02636E-03   2.62520E+02  5.04860E-03   2.60660E+02  5.06421E-03   2.58876E+02  5.07295E-03   2.57154E+02  5.07257E-03   2.55457E+02  5.06293E-03   2.53858E+02  5.04293E-03   2.52305E+02  5.00995E-03   2.50829E+02  4.96192E-03   2.49458E+02  4.89879E-03   2.48137E+02  4.81858E-03   2.46933E+02  4.71996E-03   2.45793E+02  4.60149E-03   2.44747E+02  4.46327E-03   2.43780E+02  4.30305E-03   2.42874E+02  4.12052E-03   2.42065E+02  3.91597E-03   2.41310E+02  3.68852E-03   2.40659E+02  3.43893E-03   2.40046E+02  3.16663E-03   2.39525E+02  2.87424E-03   2.39046E+02  2.56184E-03   2.38654E+02  2.23232E-03   2.38296E+02  1.88625E-03   2.38014E+02  1.52631E-03   2.37775E+02  1.15538E-03   2.37585E+02  7.75572E-04   2.37449E+02  3.90114E-04   2.37314E+02  1.71565E-06   2.09971E+02  3.87264E-04   5.75085E+01  7.72806E-04   5.75382E+01  1.15247E-03   5.76644E+01  1.52361E-03   5.78294E+01  1.88344E-03   5.80593E+01  2.22943E-03   5.83482E+01  2.55987E-03   5.87104E+01  2.87183E-03   5.91127E+01  3.16446E-03   5.95922E+01  3.43694E-03   6.01061E+01  3.68697E-03   6.07130E+01  3.91595E-03   6.13516E+01  4.12155E-03   6.21034E+01  4.30508E-03   6.28902E+01  4.46608E-03   6.37812E+01  4.60507E-03   6.47476E+01  4.72227E-03   6.57805E+01  4.82003E-03   6.69338E+01  4.89980E-03   6.81390E+01  4.96187E-03   6.94519E+01  5.00843E-03   7.08259E+01  5.04111E-03   7.22875E+01  5.06227E-03   7.38315E+01  5.07259E-03   7.54389E+01  5.07451E-03   7.71312E+01  5.06677E-03   7.88617E+01  5.05153E-03   8.06530E+01  5.02906E-03   8.25281E+01  5.00044E-03   8.44271E+01  4.96925E-03   8.63313E+01  4.93237E-03   8.82672E+01  4.89296E-03   9.01959E+01  4.84829E-03   9.21167E+01  4.79792E-03   9.40323E+01  4.74695E-03   9.59790E+01  4.69220E-03   9.79686E+01  4.62939E-03   9.99228E+01  4.55992E-03   1.01870E+02  4.48433E-03   1.03809E+02  4.40291E-03   1.05713E+02 
 4.44618E-03   2.87007E+02  4.52590E-03   2.85122E+02  4.60364E-03   2.83242E+02  4.67165E-03   2.81338E+02  4.73039E-03   2.79437E+02  4.78451E-03   2.77528E+02  4.83309E-03   2.75608E+02  4.87896E-03   2.73714E+02  4.92130E-03   2.71841E+02  4.95626E-03   2.69951E+02  4.98656E-03   2.68040E+02  5.01026E-03   2.66140E+02  5.02879E-03   2.64286E+02  5.04196E-03   2.62472E+02  5.04800E-03   2.60666E+02  5.04860E-03   2.58947E+02  5.03922E-03   2.57282E+02  5.02115E-03   2.55660E+02  4.99279E-03   2.54139E+02  4.95252E-03   2.52632E+02  4.90006E-03   2.51229E+02  4.83074E-03   2.49904E+02  4.74642E-03   2.48650E+02  4.64348E-03   2.47506E+02  4.52150E-03   2.46410E+02  4.37972E-03   2.45443E+02  4.21784E-03   2.44514E+02  4.03487E-03   2.43700E+02  3.83026E-03   2.42936E+02  3.60445E-03   2.42245E+02  3.35698E-03   2.41621E+02  3.08952E-03   2.41060E+02  2.80156E-03   2.40579E+02  2.49627E-03   2.40136E+02  2.17322E-03   2.39777E+02  1.83532E-03   2.39449E+02  1.48476E-03   2.39201E+02  1.12328E-03   2.38996E+02  7.53312E-04   2.38808E+02  3.77868E-04   2.38637E+02  7.03079E-07   1.21813E+02  3.78357E-04   5.89415E+01  7.53642E-04   5.89396E+01  1.12364E-03   5.90354E+01  1.48507E-03   5.92126E+01  1.83603E-03   5.94437E+01  2.17387E-03   5.97610E+01  2.49652E-03   6.01147E+01  2.80200E-03   6.05457E+01  3.09031E-03   6.10219E+01  3.35757E-03   6.15713E+01  3.60502E-03   6.21811E+01  3.83085E-03   6.28690E+01  4.03519E-03   6.36473E+01  4.21773E-03   6.44758E+01  4.37946E-03   6.54208E+01  4.52101E-03   6.64045E+01  4.64170E-03   6.75115E+01  4.74561E-03   6.86624E+01  4.83014E-03   6.99123E+01  4.89934E-03   7.12432E+01  4.95376E-03   7.26274E+01  4.99482E-03   7.41155E+01  5.02318E-03   7.56384E+01  5.04091E-03   7.72749E+01  5.04958E-03   7.89579E+01  5.04759E-03   8.06923E+01  5.04023E-03   8.24983E+01  5.02666E-03   8.43105E+01  5.00757E-03   8.61602E+01  4.98320E-03   8.80142E+01  4.95342E-03   8.99169E+01  4.92126E-03   9.18351E+01  4.88122E-03   9.37136E+01  4.83768E-03   9.56367E+01  4.79015E-03   9.75656E+01  4.72916E-03   9.94150E+01  4.66567E-03   1.01299E+02  4.60080E-03   1.03242E+02  4.52613E-03   1.05132E+02  4.45074E-03   1.07014E+02 
 4.48446E-03   2.88352E+02  4.55738E-03   2.86468E+02  4.63162E-03   2.84645E+02  4.70496E-03   2.82788E+02  4.76426E-03   2.80899E+02  4.81730E-03   2.79033E+02  4.86339E-03   2.77193E+02  4.90121E-03   2.75319E+02  4.93689E-03   2.73467E+02  4.96629E-03   2.71657E+02  4.99126E-03   2.69811E+02  5.00970E-03   2.67971E+02  5.02180E-03   2.66143E+02  5.02921E-03   2.64338E+02  5.02764E-03   2.62574E+02  5.01961E-03   2.60840E+02  5.00342E-03   2.59185E+02  4.97713E-03   2.57572E+02  4.94060E-03   2.56027E+02  4.89083E-03   2.54558E+02  4.83003E-03   2.53119E+02  4.75441E-03   2.51779E+02  4.66336E-03   2.50498E+02  4.55720E-03   2.49303E+02  4.43203E-03   2.48175E+02  4.28963E-03   2.47144E+02  4.12635E-03   2.46197E+02  3.94388E-03   2.45319E+02  3.74093E-03   2.44532E+02  3.51815E-03   2.43818E+02  3.27434E-03   2.43193E+02  3.01105E-03   2.42622E+02  2.72972E-03   2.42117E+02  2.43042E-03   2.41680E+02  2.11594E-03   2.41306E+02  1.78663E-03   2.40995E+02  1.44524E-03   2.40780E+02  1.09338E-03   2.40602E+02  7.33941E-04   2.40507E+02  3.68617E-04   2.40572E+02  2.49455E-06   2.97612E+02  3.66065E-04   5.99589E+01  7.30551E-04   6.02088E+01  1.08974E-03   6.04020E+01  1.44159E-03   6.06414E+01  1.78322E-03   6.09209E+01  2.11261E-03   6.12673E+01  2.42785E-03   6.16486E+01  2.72690E-03   6.21043E+01  3.00855E-03   6.26233E+01  3.27229E-03   6.32066E+01  3.51592E-03   6.38631E+01  3.73947E-03   6.45892E+01  3.94316E-03   6.53869E+01  4.12721E-03   6.62603E+01  4.29165E-03   6.71983E+01  4.43474E-03   6.82182E+01  4.56002E-03   6.93222E+01  4.66713E-03   7.04949E+01  4.75697E-03   7.17666E+01  4.83236E-03   7.30952E+01  4.89221E-03   7.45071E+01  4.93963E-03   7.59897E+01  4.97513E-03   7.75556E+01  5.00167E-03   7.91867E+01  5.01919E-03   8.08570E+01  5.02742E-03   8.25919E+01  5.03049E-03   8.43372E+01  5.02408E-03   8.61305E+01  5.01063E-03   8.79533E+01  4.99218E-03   8.97896E+01  4.96858E-03   9.16756E+01  4.93960E-03   9.34931E+01  4.90302E-03   9.53282E+01  4.86288E-03   9.71854E+01  4.81291E-03   9.89870E+01  4.75853E-03   1.00860E+02  4.70357E-03   1.02793E+02  4.63641E-03   1.04669E+02  4.56310E-03   1.06480E+02  4.48491E-03   1.08362E+02 
 4.50905E-03   2.89765E+02  4.58657E-03   2.87839E+02  4.65516E-03   2.86016E+02  4.72276E-03   2.84255E+02  4.78399E-03   2.82456E+02  4.83526E-03   2.80588E+02  4.88213E-03   2.78761E+02  4.91944E-03   2.76971E+02  4.95072E-03   2.75138E+02  4.97567E-03   2.73344E+02  4.99370E-03   2.71568E+02  5.00615E-03   2.69770E+02  5.00971E-03   2.68004E+02  5.00894E-03   2.66239E+02  5.00100E-03   2.64492E+02  4.98416E-03   2.62798E+02  4.96032E-03   2.61135E+02  4.92627E-03   2.59530E+02  4.88306E-03   2.57991E+02  4.82819E-03   2.56504E+02  4.76006E-03   2.55108E+02  4.67950E-03   2.53760E+02  4.58225E-03   2.52478E+02  4.47035E-03   2.51293E+02  4.34140E-03   2.50160E+02  4.19434E-03   2.49109E+02  4.03048E-03   2.48116E+02  3.84692E-03   2.47216E+02  3.64469E-03   2.46375E+02  3.42306E-03   2.45621E+02  3.18378E-03   2.44945E+02  2.92526E-03   2.44341E+02  2.65004E-03   2.43793E+02  2.35790E-03   2.43299E+02  2.05087E-03   2.42908E+02  1.73095E-03   2.42549E+02  1.39925E-03   2.42272E+02  1.05833E-03   2.42042E+02  7.09605E-04   2.41806E+02  3.55913E-04   2.41492E+02  2.36881E-06   1.34581E+02  3.56701E-04   6.22673E+01  7.09979E-04   6.21930E+01  1.05872E-03   6.22751E+01  1.40032E-03   6.24483E+01  1.73252E-03   6.26820E+01  2.05315E-03   6.30164E+01  2.36020E-03   6.34010E+01  2.65278E-03   6.38678E+01  2.92872E-03   6.43808E+01  3.18712E-03   6.49833E+01  3.42746E-03   6.56567E+01  3.64849E-03   6.63921E+01  3.85095E-03   6.72006E+01  4.03373E-03   6.80754E+01  4.19748E-03   6.90511E+01  4.34263E-03   7.00868E+01  4.46973E-03   7.12337E+01  4.58110E-03   7.24342E+01  4.67645E-03   7.37213E+01  4.75798E-03   7.50742E+01  4.82637E-03   7.65018E+01  4.88291E-03   7.80132E+01  4.92730E-03   7.95607E+01  4.96246E-03   8.11717E+01  4.98688E-03   8.28245E+01  5.00237E-03   8.45080E+01  5.00974E-03   8.62404E+01  5.00783E-03   8.80117E+01  5.00268E-03   8.97802E+01  4.99147E-03   9.15725E+01  4.97373E-03   9.33599E+01  4.94964E-03   9.51363E+01  4.91791E-03   9.69513E+01  4.88112E-03   9.87509E+01  4.83740E-03   1.00588E+02  4.78578E-03   1.02458E+02  4.72517E-03   1.04271E+02  4.65703E-03   1.06040E+02  4.58296E-03   1.07848E+02  4.50557E-03   1.09761E+02 
 4.52011E-03   2.91200E+02  4.59931E-03   2.89304E+02  4.67090E-03   2.87444E+02  4.73818E-03   2.85646E+02  4.79817E-03   2.83931E+02  4.84916E-03   2.82182E+02  4.88960E-03   2.80371E+02  4.92291E-03   2.78611E+02  4.95171E-03   2.76862E+02  4.97275E-03   2.75099E+02  4.98738E-03   2.73373E+02  4.99561E-03   2.71636E+02  4.99488E-03   2.69894E+02  4.98606E-03   2.68191E+02  4.97110E-03   2.66478E+02  4.94802E-03   2.64793E+02  4.91508E-03   2.63178E+02  4.87347E-03   2.61576E+02  4.82124E-03   2.60039E+02  4.75868E-03   2.58563E+02  4.68471E-03   2.57131E+02  4.59741E-03   2.55792E+02  4.49735E-03   2.54474E+02  4.38196E-03   2.53271E+02  4.25010E-03   2.52116E+02  4.10168E-03   2.51050E+02  3.93682E-03   2.50058E+02  3.75385E-03   2.49142E+02  3.55309E-03   2.48323E+02  3.33418E-03   2.47538E+02  3.09746E-03   2.46867E+02  2.84491E-03   2.46247E+02  2.57478E-03   2.45722E+02  2.28999E-03   2.45227E+02  1.99046E-03   2.44835E+02  1.67871E-03   2.44487E+02  1.35641E-03   2.44212E+02  1.02553E-03   2.44005E+02  6.87849E-04   2.43895E+02  3.44987E-04   2.43829E+02  8.32142E-07   3.07736E+02  3.44417E-04   6.35472E+01  6.87055E-04   6.37362E+01  1.02497E-03   6.38927E+01  1.35662E-03   6.41191E+01  1.67862E-03   6.43929E+01  1.99051E-03   6.47398E+01  2.28919E-03   6.51477E+01  2.57401E-03   6.56387E+01  2.84413E-03   6.61727E+01  3.09716E-03   6.68091E+01  3.33348E-03   6.74951E+01  3.55149E-03   6.82883E+01  3.75206E-03   6.91221E+01  3.93445E-03   7.00644E+01  4.09957E-03   7.10687E+01  4.24741E-03   7.21458E+01  4.38084E-03   7.33036E+01  4.49706E-03   7.45011E+01  4.59928E-03   7.58052E+01  4.68771E-03   7.71369E+01  4.76206E-03   7.85739E+01  4.82470E-03   8.00549E+01  4.87493E-03   8.15802E+01  4.91567E-03   8.31767E+01  4.94554E-03   8.47927E+01  4.96890E-03   8.64713E+01  4.98491E-03   8.81766E+01  4.99335E-03   8.98812E+01  4.99681E-03   9.16045E+01  4.98957E-03   9.33441E+01  4.97611E-03   9.51036E+01  4.95571E-03   9.68460E+01  4.92592E-03   9.86025E+01  4.89177E-03   1.00374E+02  4.84569E-03   1.02150E+02  4.79218E-03   1.03913E+02  4.73658E-03   1.05668E+02  4.67092E-03   1.07457E+02  4.60109E-03   1.09302E+02  4.52472E-03   1.11220E+02 
 4.52585E-03   2.92642E+02  4.60541E-03   2.90765E+02  4.67325E-03   2.88960E+02  4.73731E-03   2.87178E+02  4.79812E-03   2.85424E+02  4.85121E-03   2.83720E+02  4.89633E-03   2.81994E+02  4.92636E-03   2.80258E+02  4.94978E-03   2.78528E+02  4.96670E-03   2.76818E+02  4.97472E-03   2.75127E+02  4.97812E-03   2.73466E+02  4.97247E-03   2.71790E+02  4.95940E-03   2.70116E+02  4.93736E-03   2.68480E+02  4.90715E-03   2.66817E+02  4.86976E-03   2.65223E+02  4.82127E-03   2.63681E+02  4.76299E-03   2.62146E+02  4.69351E-03   2.60715E+02  4.61132E-03   2.59292E+02  4.51848E-03   2.57957E+02  4.41112E-03   2.56674E+02  4.29052E-03   2.55446E+02  4.15533E-03   2.54297E+02  4.00400E-03   2.53185E+02  3.83747E-03   2.52182E+02  3.65438E-03   2.51204E+02  3.45488E-03   2.50342E+02  3.23876E-03   2.49536E+02  3.00603E-03   2.48819E+02  2.75760E-03   2.48166E+02  2.49496E-03   2.47591E+02  2.21723E-03   2.47109E+02  1.92732E-03   2.46684E+02  1.62501E-03   2.46328E+02  1.31302E-03   2.46022E+02  9.91888E-04   2.45828E+02  6.64935E-04   2.45680E+02  3.33692E-04   2.45688E+02  7.37324E-07   3.19515E+02  3.33599E-04   6.54418E+01  6.64808E-04   6.55784E+01  9.91808E-04   6.57713E+01  1.31272E-03   6.60446E+01  1.62548E-03   6.63542E+01  1.92805E-03   6.67054E+01  2.21843E-03   6.71327E+01  2.49710E-03   6.76451E+01  2.76005E-03   6.82243E+01  3.00907E-03   6.88718E+01  3.24087E-03   6.95948E+01  3.45701E-03   7.03934E+01  3.65674E-03   7.12494E+01  3.84007E-03   7.21910E+01  4.00696E-03   7.31729E+01  4.15828E-03   7.42557E+01  4.29354E-03   7.53867E+01  4.41305E-03   7.66076E+01  4.51961E-03   7.79035E+01  4.61104E-03   7.92529E+01  4.69171E-03   8.07065E+01  4.75995E-03   8.21664E+01  4.81792E-03   8.37058E+01  4.86746E-03   8.52591E+01  4.90607E-03   8.68463E+01  4.93789E-03   8.84906E+01  4.95993E-03   9.01168E+01  4.97395E-03   9.17823E+01  4.97942E-03   9.34609E+01  4.97521E-03   9.51676E+01  4.96689E-03   9.68545E+01  4.94866E-03   9.85269E+01  4.92416E-03   1.00260E+02  4.89084E-03   1.01973E+02  4.84682E-03   1.03706E+02  4.80211E-03   1.05465E+02  4.74457E-03   1.07206E+02  4.67708E-03   1.08961E+02  4.60642E-03   1.10782E+02  4.52140E-03   1.12670E+02 
 4.51594E-03   2.94148E+02  4.60157E-03   2.92260E+02  4.67438E-03   2.90411E+02  4.73437E-03   2.88658E+02  4.78946E-03   2.86978E+02  4.83880E-03   2.85306E+02  4.88250E-03   2.83615E+02  4.91726E-03   2.81957E+02  4.93976E-03   2.80293E+02  4.95417E-03   2.78602E+02  4.95943E-03   2.76943E+02  4.95661E-03   2.75310E+02  4.94687E-03   2.73699E+02  4.92723E-03   2.72086E+02  4.90056E-03   2.70504E+02  4.86318E-03   2.68926E+02  4.81707E-03   2.67327E+02  4.76403E-03   2.65792E+02  4.69853E-03   2.64271E+02  4.62449E-03   2.62830E+02  4.53838E-03   2.61431E+02  4.43944E-03   2.60090E+02  4.32988E-03   2.58829E+02  4.20536E-03   2.57615E+02  4.06723E-03   2.56499E+02  3.91430E-03   2.55426E+02  3.74690E-03   2.54426E+02  3.56296E-03   2.53479E+02  3.36400E-03   2.52598E+02  3.14950E-03   2.51793E+02  2.92002E-03   2.51063E+02  2.67605E-03   2.50394E+02  2.41798E-03   2.49790E+02  2.14676E-03   2.49255E+02  1.86347E-03   2.48787E+02  1.56960E-03   2.48397E+02  1.26668E-03   2.48054E+02  9.56499E-04   2.47774E+02  6.40204E-04   2.47603E+02  3.19994E-04   2.47326E+02  3.47895E-06   1.07818E+02  3.24932E-04   6.79851E+01  6.44883E-04   6.78906E+01  9.61358E-04   6.80086E+01  1.27191E-03   6.82101E+01  1.57457E-03   6.84729E+01  1.86800E-03   6.88440E+01  2.15097E-03   6.92817E+01  2.42132E-03   6.97817E+01  2.67915E-03   7.03534E+01  2.92208E-03   7.10155E+01  3.15046E-03   7.17248E+01  3.36429E-03   7.25157E+01  3.56181E-03   7.33777E+01  3.74543E-03   7.43176E+01  3.91247E-03   7.53381E+01  4.06522E-03   7.64449E+01  4.20287E-03   7.76115E+01  4.32745E-03   7.88554E+01  4.43897E-03   8.01473E+01  4.53764E-03   8.15045E+01  4.62482E-03   8.29177E+01  4.70032E-03   8.43393E+01  4.76643E-03   8.58178E+01  4.82068E-03   8.73190E+01  4.86440E-03   8.88891E+01  4.90000E-03   9.04685E+01  4.92591E-03   9.20594E+01  4.94558E-03   9.36863E+01  4.95664E-03   9.53199E+01  4.95986E-03   9.69516E+01  4.95564E-03   9.85724E+01  4.94103E-03   1.00246E+02  4.91680E-03   1.01929E+02  4.88293E-03   1.03603E+02  4.84393E-03   1.05326E+02  4.79467E-03   1.06994E+02  4.73329E-03   1.08649E+02  4.66955E-03   1.10417E+02  4.59638E-03   1.12272E+02  4.51426E-03   1.14141E+02 
 4.49754E-03   2.95662E+02  4.58050E-03   2.93857E+02  4.65698E-03   2.92026E+02  4.72346E-03   2.90187E+02  4.77906E-03   2.88461E+02  4.82578E-03   2.86862E+02  4.86606E-03   2.85220E+02  4.89799E-03   2.83570E+02  4.92099E-03   2.81979E+02  4.93306E-03   2.80376E+02  4.93566E-03   2.78753E+02  4.92986E-03   2.77153E+02  4.91529E-03   2.75575E+02  4.89294E-03   2.74013E+02  4.86106E-03   2.72486E+02  4.82129E-03   2.70993E+02  4.76972E-03   2.69484E+02  4.70924E-03   2.68011E+02  4.63834E-03   2.66536E+02  4.55669E-03   2.65103E+02  4.46530E-03   2.63718E+02  4.36066E-03   2.62365E+02  4.24529E-03   2.61094E+02  4.11677E-03   2.59857E+02  3.97587E-03   2.58719E+02  3.82139E-03   2.57638E+02  3.65267E-03   2.56628E+02  3.47069E-03   2.55692E+02  3.27412E-03   2.54829E+02  3.06307E-03   2.54032E+02  2.83803E-03   2.53316E+02  2.59906E-03   2.52655E+02  2.34719E-03   2.52066E+02  2.08363E-03   2.51569E+02  1.80807E-03   2.51133E+02  1.52272E-03   2.50766E+02  1.22879E-03   2.50492E+02  9.28372E-04   2.50330E+02  6.22110E-04   2.50199E+02  3.12600E-04   2.50316E+02  3.04522E-06   3.26171E+02  3.10929E-04   6.92551E+01  6.20442E-04   6.96029E+01  9.26612E-04   6.99011E+01  1.22709E-03   7.01965E+01  1.52084E-03   7.05097E+01  1.80548E-03   7.09100E+01  2.08036E-03   7.14000E+01  2.34446E-03   7.19308E+01  2.59662E-03   7.25436E+01  2.83522E-03   7.32251E+01  3.06093E-03   7.39811E+01  3.27236E-03   7.48095E+01  3.46996E-03   7.56895E+01  3.65327E-03   7.66646E+01  3.82258E-03   7.76909E+01  3.97848E-03   7.87987E+01  4.11955E-03   7.99464E+01  4.24834E-03   8.11659E+01  4.36392E-03   8.24236E+01  4.46689E-03   8.37319E+01  4.55818E-03   8.50844E+01  4.63782E-03   8.64836E+01  4.70777E-03   8.79450E+01  4.76566E-03   8.94217E+01  4.81625E-03   9.09615E+01  4.85884E-03   9.24959E+01  4.89129E-03   9.40326E+01  4.91777E-03   9.56050E+01  4.93297E-03   9.71630E+01  4.93792E-03   9.87412E+01  4.93503E-03   1.00360E+02  4.91844E-03   1.01980E+02  4.89521E-03   1.03601E+02  4.86599E-03   1.05241E+02  4.82546E-03   1.06865E+02  4.77725E-03   1.08477E+02  4.72217E-03   1.10225E+02  4.65754E-03   1.12042E+02  4.58340E-03   1.13840E+02  4.50124E-03   1.15668E+02 
 4.47479E-03   2.97167E+02  4.55546E-03   2.95341E+02  4.63139E-03   2.93610E+02  4.69575E-03   2.91867E+02  4.75296E-03   2.90085E+02  4.80042E-03   2.88437E+02  4.83997E-03   2.86877E+02  4.87205E-03   2.85260E+02  4.89374E-03   2.83664E+02  4.90712E-03   2.82120E+02  4.90856E-03   2.80578E+02  4.89899E-03   2.79027E+02  4.88076E-03   2.77503E+02  4.85303E-03   2.75976E+02  4.81580E-03   2.74454E+02  4.77094E-03   2.72994E+02  4.71616E-03   2.71522E+02  4.65142E-03   2.70112E+02  4.57709E-03   2.68721E+02  4.49143E-03   2.67336E+02  4.39655E-03   2.66013E+02  4.28921E-03   2.64700E+02  4.16969E-03   2.63465E+02  4.03777E-03   2.62255E+02  3.89305E-03   2.61117E+02  3.73614E-03   2.60036E+02  3.56585E-03   2.59009E+02  3.38159E-03   2.58059E+02  3.18526E-03   2.57163E+02  2.97562E-03   2.56363E+02  2.75343E-03   2.55611E+02  2.51912E-03   2.54934E+02  2.27225E-03   2.54347E+02  2.01486E-03   2.53841E+02  1.74769E-03   2.53378E+02  1.47110E-03   2.52986E+02  1.18651E-03   2.52665E+02  8.95615E-04   2.52453E+02  5.99217E-04   2.52290E+02  3.00287E-04   2.52265E+02  5.59803E-07   9.37313E+00  3.01225E-04   7.21259E+01  6.00531E-04   7.22233E+01  8.96361E-04   7.24336E+01  1.18745E-03   7.26765E+01  1.47204E-03   7.29958E+01  1.74886E-03   7.33985E+01  2.01678E-03   7.38628E+01  2.27487E-03   7.44163E+01  2.52176E-03   7.50268E+01  2.75581E-03   7.56846E+01  2.97889E-03   7.64378E+01  3.18866E-03   7.72317E+01  3.38511E-03   7.81263E+01  3.56840E-03   7.90659E+01  3.73789E-03   8.00653E+01  3.89398E-03   8.11366E+01  4.03697E-03   8.22516E+01  4.16753E-03   8.34521E+01  4.28532E-03   8.46861E+01  4.39341E-03   8.59930E+01  4.48821E-03   8.73278E+01  4.57442E-03   8.87188E+01  4.65048E-03   9.01377E+01  4.71549E-03   9.15653E+01  4.77473E-03   9.30322E+01  4.82074E-03   9.44703E+01  4.85703E-03   9.59669E+01  4.88423E-03   9.74776E+01  4.89811E-03   9.89978E+01  4.90637E-03   1.00572E+02  4.90287E-03   1.02125E+02  4.88982E-03   1.03686E+02  4.87331E-03   1.05268E+02  4.84258E-03   1.06843E+02  4.80454E-03   1.08435E+02  4.75809E-03   1.10104E+02  4.69614E-03   1.11856E+02  4.62942E-03   1.13577E+02  4.55416E-03   1.15346E+02  4.47113E-03   1.17194E+02 
 4.43965E-03   2.98874E+02  4.51964E-03   2.96946E+02  4.59708E-03   2.95132E+02  4.66572E-03   2.93438E+02  4.72168E-03   2.91739E+02  4.76864E-03   2.90032E+02  4.80574E-03   2.88455E+02  4.83588E-03   2.86950E+02  4.85767E-03   2.85391E+02  4.86860E-03   2.83849E+02  4.87133E-03   2.82365E+02  4.86236E-03   2.80866E+02  4.84187E-03   2.79394E+02  4.81308E-03   2.77964E+02  4.77253E-03   2.76493E+02  4.72284E-03   2.75087E+02  4.66315E-03   2.73666E+02  4.59304E-03   2.72260E+02  4.51322E-03   2.70926E+02  4.42311E-03   2.69559E+02  4.32362E-03   2.68278E+02  4.21276E-03   2.67011E+02  4.09153E-03   2.65784E+02  3.95808E-03   2.64628E+02  3.81340E-03   2.63498E+02  3.65601E-03   2.62451E+02  3.48624E-03   2.61445E+02  3.30378E-03   2.60518E+02  3.10823E-03   2.59649E+02  2.90143E-03   2.58830E+02  2.68182E-03   2.58097E+02  2.45113E-03   2.57414E+02  2.20831E-03   2.56820E+02  1.95664E-03   2.56281E+02  1.69485E-03   2.55811E+02  1.42535E-03   2.55417E+02  1.14851E-03   2.55106E+02  8.66135E-04   2.54853E+02  5.79327E-04   2.54580E+02  2.89604E-04   2.54391E+02  2.20646E-06   1.07085E+02  2.92654E-04   7.49257E+01  5.82102E-04   7.48162E+01  8.68557E-04   7.49669E+01  1.15066E-03   7.52002E+01  1.42762E-03   7.54924E+01  1.69650E-03   7.58796E+01  1.95745E-03   7.63295E+01  2.20872E-03   7.68515E+01  2.45036E-03   7.74399E+01  2.68011E-03   7.81092E+01  2.89883E-03   7.88364E+01  3.10587E-03   7.96356E+01  3.30123E-03   8.05129E+01  3.48289E-03   8.14430E+01  3.65298E-03   8.24537E+01  3.81005E-03   8.35168E+01  3.95579E-03   8.46441E+01  4.08988E-03   8.58147E+01  4.21291E-03   8.70306E+01  4.32470E-03   8.82991E+01  4.42500E-03   8.95750E+01  4.51593E-03   9.09150E+01  4.59434E-03   9.22457E+01  4.66519E-03   9.36234E+01  4.72480E-03   9.50281E+01  4.77186E-03   9.64484E+01  4.81231E-03   9.79327E+01  4.83954E-03   9.93957E+01  4.85922E-03   1.00898E+02  4.87051E-03   1.02385E+02  4.86772E-03   1.03864E+02  4.86090E-03   1.05399E+02  4.84054E-03   1.06916E+02  4.80814E-03   1.08459E+02  4.77061E-03   1.10080E+02  4.71703E-03   1.11743E+02  4.65888E-03   1.13431E+02  4.59579E-03   1.15163E+02  4.52028E-03   1.16980E+02  4.44409E-03   1.18844E+02 
 4.40005E-03   3.00551E+02  4.47573E-03   2.98668E+02  4.54898E-03   2.96830E+02  4.61877E-03   2.95085E+02  4.67982E-03   2.93416E+02  4.72840E-03   2.91748E+02  4.76615E-03   2.90093E+02  4.79413E-03   2.88572E+02  4.81490E-03   2.87126E+02  4.82601E-03   2.85614E+02  4.82550E-03   2.84143E+02  4.81717E-03   2.82707E+02  4.79540E-03   2.81228E+02  4.76395E-03   2.79841E+02  4.72233E-03   2.78438E+02  4.67018E-03   2.77053E+02  4.60991E-03   2.75744E+02  4.53791E-03   2.74390E+02  4.45669E-03   2.73114E+02  4.36257E-03   2.71847E+02  4.25814E-03   2.70581E+02  4.14235E-03   2.69382E+02  4.01630E-03   2.68182E+02  3.87954E-03   2.67047E+02  3.73137E-03   2.65948E+02  3.57315E-03   2.64898E+02  3.40221E-03   2.63920E+02  3.22096E-03   2.62976E+02  3.02765E-03   2.62115E+02  2.82449E-03   2.61310E+02  2.60876E-03   2.60593E+02  2.38329E-03   2.59934E+02  2.14707E-03   2.59326E+02  1.90177E-03   2.58814E+02  1.64799E-03   2.58356E+02  1.38606E-03   2.57980E+02  1.11806E-03   2.57666E+02  8.43944E-04   2.57454E+02  5.65608E-04   2.57325E+02  2.85435E-04   2.57339E+02  3.40393E-06   2.68955E+02  2.79424E-04   7.70137E+01  5.60125E-04   7.71490E+01  8.38365E-04   7.73305E+01  1.11222E-03   7.75672E+01  1.38041E-03   7.79038E+01  1.64293E-03   7.82840E+01  1.89729E-03   7.87720E+01  2.14350E-03   7.93178E+01  2.38059E-03   7.99191E+01  2.60655E-03   8.06056E+01  2.82287E-03   8.13557E+01  3.02842E-03   8.21695E+01  3.22216E-03   8.30334E+01  3.40360E-03   8.39617E+01  3.57439E-03   8.49495E+01  3.73354E-03   8.59846E+01  3.88239E-03   8.70606E+01  4.01770E-03   8.81805E+01  4.14257E-03   8.93492E+01  4.25629E-03   9.05490E+01  4.36006E-03   9.17868E+01  4.45304E-03   9.30678E+01  4.53537E-03   9.43758E+01  4.61017E-03   9.57329E+01  4.67087E-03   9.70999E+01  4.72371E-03   9.85038E+01  4.76549E-03   9.98976E+01  4.79465E-03   1.01286E+02  4.81753E-03   1.02715E+02  4.82556E-03   1.04129E+02  4.82599E-03   1.05606E+02  4.81660E-03   1.07095E+02  4.79406E-03   1.08573E+02  4.76654E-03   1.10148E+02  4.72554E-03   1.11760E+02  4.67523E-03   1.13381E+02  4.62102E-03   1.15088E+02  4.55333E-03   1.16840E+02  4.47959E-03   1.18628E+02  4.40124E-03   1.20516E+02 
 4.35422E-03   3.02304E+02  4.42883E-03   3.00337E+02  4.49890E-03   2.98491E+02  4.56401E-03   2.96743E+02  4.62476E-03   2.95075E+02  4.67717E-03   2.93464E+02  4.71731E-03   2.91856E+02  4.74509E-03   2.90242E+02  4.76225E-03   2.88772E+02  4.77452E-03   2.87373E+02  4.77494E-03   2.85925E+02  4.76585E-03   2.84562E+02  4.74658E-03   2.83177E+02  4.71333E-03   2.81785E+02  4.66964E-03   2.80449E+02  4.61363E-03   2.79081E+02  4.54892E-03   2.77783E+02  4.47422E-03   2.76500E+02  4.39023E-03   2.75221E+02  4.29662E-03   2.74029E+02  4.19180E-03   2.72829E+02  4.07638E-03   2.71664E+02  3.94992E-03   2.70548E+02  3.81213E-03   2.69443E+02  3.66223E-03   2.68419E+02  3.50241E-03   2.67402E+02  3.32969E-03   2.66450E+02  3.14818E-03   2.65536E+02  2.95465E-03   2.64672E+02  2.75156E-03   2.63892E+02  2.53829E-03   2.63137E+02  2.31522E-03   2.62490E+02  2.08375E-03   2.61877E+02  1.84304E-03   2.61355E+02  1.59484E-03   2.60883E+02  1.33964E-03   2.60477E+02  1.07940E-03   2.60146E+02  8.13381E-04   2.59843E+02  5.44045E-04   2.59613E+02  2.72122E-04   2.59442E+02  2.07238E-06   1.08653E+02  2.75106E-04   8.00365E+01  5.47074E-04   7.99741E+01  8.17184E-04   8.01198E+01  1.08293E-03   8.03515E+01  1.34432E-03   8.06539E+01  1.59978E-03   8.10299E+01  1.84816E-03   8.14829E+01  2.08873E-03   8.19992E+01  2.32023E-03   8.26016E+01  2.54322E-03   8.32374E+01  2.75579E-03   8.39563E+01  2.95795E-03   8.47298E+01  3.14943E-03   8.55573E+01  3.32999E-03   8.64399E+01  3.50058E-03   8.73663E+01  3.65967E-03   8.83634E+01  3.80780E-03   8.93990E+01  3.94517E-03   9.04874E+01  4.07289E-03   9.16219E+01  4.18942E-03   9.27944E+01  4.29708E-03   9.40076E+01  4.39319E-03   9.52560E+01  4.47990E-03   9.65243E+01  4.55469E-03   9.78139E+01  4.61745E-03   9.91137E+01  4.67037E-03   1.00433E+02  4.71025E-03   1.01756E+02  4.74194E-03   1.03118E+02  4.76200E-03   1.04508E+02  4.77309E-03   1.05922E+02  4.77599E-03   1.07373E+02  4.76607E-03   1.08792E+02  4.74780E-03   1.10292E+02  4.71669E-03   1.11870E+02  4.67455E-03   1.13441E+02  4.62496E-03   1.15091E+02  4.56583E-03   1.16790E+02  4.49894E-03   1.18497E+02  4.42726E-03   1.20339E+02  4.35098E-03   1.22328E+02 
 4.29462E-03   3.04259E+02  4.37293E-03   3.02234E+02  4.44084E-03   3.00292E+02  4.50461E-03   2.98476E+02  4.56186E-03   2.96784E+02  4.61384E-03   2.95161E+02  4.65781E-03   2.93614E+02  4.68932E-03   2.92054E+02  4.70695E-03   2.90492E+02  4.71433E-03   2.89074E+02  4.71341E-03   2.87673E+02  4.70278E-03   2.86299E+02  4.68419E-03   2.84999E+02  4.65525E-03   2.83676E+02  4.61428E-03   2.82378E+02  4.56049E-03   2.81100E+02  4.49388E-03   2.79824E+02  4.41631E-03   2.78604E+02  4.32809E-03   2.77384E+02  4.22896E-03   2.76193E+02  4.12166E-03   2.75065E+02  4.00356E-03   2.73921E+02  3.87526E-03   2.72857E+02  3.73896E-03   2.71803E+02  3.58985E-03   2.70795E+02  3.43217E-03   2.69848E+02  3.26263E-03   2.68921E+02  3.08242E-03   2.68084E+02  2.89194E-03   2.67267E+02  2.69123E-03   2.66519E+02  2.48143E-03   2.65800E+02  2.26177E-03   2.65153E+02  2.03320E-03   2.64568E+02  1.79731E-03   2.64050E+02  1.55453E-03   2.63600E+02  1.30471E-03   2.63207E+02  1.05012E-03   2.62878E+02  7.91360E-04   2.62614E+02  5.28978E-04   2.62423E+02  2.64160E-04   2.62248E+02  1.70407E-06   1.15989E+02  2.67320E-04   8.26107E+01  5.31504E-04   8.26363E+01  7.92944E-04   8.27679E+01  1.05136E-03   8.29684E+01  1.30532E-03   8.32664E+01  1.55378E-03   8.36266E+01  1.79597E-03   8.40735E+01  2.03060E-03   8.45844E+01  2.25772E-03   8.51587E+01  2.47581E-03   8.57747E+01  2.68531E-03   8.64597E+01  2.88497E-03   8.72045E+01  3.07514E-03   8.80218E+01  3.25639E-03   8.88774E+01  3.42636E-03   8.98115E+01  3.58697E-03   9.07747E+01  3.73772E-03   9.17887E+01  3.87814E-03   9.28489E+01  4.00846E-03   9.39443E+01  4.12748E-03   9.50707E+01  4.23583E-03   9.62182E+01  4.33240E-03   9.74128E+01  4.41750E-03   9.86068E+01  4.49128E-03   9.98428E+01  4.55441E-03   1.01089E+02  4.60689E-03   1.02371E+02  4.65020E-03   1.03680E+02  4.68367E-03   1.05006E+02  4.70785E-03   1.06358E+02  4.72023E-03   1.07714E+02  4.72048E-03   1.09086E+02  4.71030E-03   1.10513E+02  4.68597E-03   1.12041E+02  4.65282E-03   1.13578E+02  4.61184E-03   1.15160E+02  4.56181E-03   1.16811E+02  4.50611E-03   1.18461E+02  4.44196E-03   1.20259E+02  4.37305E-03   1.22213E+02  4.29550E-03   1.24227E+02 
 4.22888E-03   3.06092E+02  4.30705E-03   3.04126E+02  4.37776E-03   3.02187E+02  4.43833E-03   3.00305E+02  4.49415E-03   2.98551E+02  4.54141E-03   2.96888E+02  4.58382E-03   2.95315E+02  4.62158E-03   2.93840E+02  4.64436E-03   2.92338E+02  4.65518E-03   2.90876E+02  4.65241E-03   2.89499E+02  4.63882E-03   2.88130E+02  4.61539E-03   2.86818E+02  4.58311E-03   2.85558E+02  4.54337E-03   2.84291E+02  4.49097E-03   2.83059E+02  4.42966E-03   2.81841E+02  4.35466E-03   2.80634E+02  4.26874E-03   2.79486E+02  4.17040E-03   2.78328E+02  4.05919E-03   2.77236E+02  3.94029E-03   2.76166E+02  3.80786E-03   2.75127E+02  3.66894E-03   2.74149E+02  3.51833E-03   2.73161E+02  3.35850E-03   2.72259E+02  3.18927E-03   2.71367E+02  3.01027E-03   2.70546E+02  2.82272E-03   2.69766E+02  2.62527E-03   2.69028E+02  2.42031E-03   2.68358E+02  2.20525E-03   2.67739E+02  1.98326E-03   2.67194E+02  1.75311E-03   2.66681E+02  1.51631E-03   2.66276E+02  1.27358E-03   2.65885E+02  1.02578E-03   2.65590E+02  7.73654E-04   2.65292E+02  5.18157E-04   2.65072E+02  2.61263E-04   2.64997E+02  3.25156E-06   2.46408E+02  2.55037E-04   8.53033E+01  5.12175E-04   8.52281E+01  7.67168E-04   8.53674E+01  1.01913E-03   8.56091E+01  1.26729E-03   8.58907E+01  1.51001E-03   8.62665E+01  1.74683E-03   8.66780E+01  1.97771E-03   8.71661E+01  2.20051E-03   8.77209E+01  2.41667E-03   8.83381E+01  2.62437E-03   8.89973E+01  2.82364E-03   8.97386E+01  3.01402E-03   9.05218E+01  3.19384E-03   9.13492E+01  3.36468E-03   9.22438E+01  3.52541E-03   9.31667E+01  3.67603E-03   9.41362E+01  3.81500E-03   9.51338E+01  3.94362E-03   9.61847E+01  4.06030E-03   9.72421E+01  4.16729E-03   9.83702E+01  4.26309E-03   9.94965E+01  4.34805E-03   1.00647E+02  4.42373E-03   1.01853E+02  4.48920E-03   1.03050E+02  4.54564E-03   1.04300E+02  4.58928E-03   1.05551E+02  4.62357E-03   1.06826E+02  4.64494E-03   1.08120E+02  4.65295E-03   1.09447E+02  4.65171E-03   1.10855E+02  4.63639E-03   1.12335E+02  4.61430E-03   1.13835E+02  4.58399E-03   1.15351E+02  4.54437E-03   1.16937E+02  4.49871E-03   1.18546E+02  4.44111E-03   1.20288E+02  4.37599E-03   1.22188E+02  4.30612E-03   1.24135E+02  4.22823E-03   1.26128E+02 
 4.16125E-03   3.08129E+02  4.23265E-03   3.06066E+02  4.30465E-03   3.04140E+02  4.36770E-03   3.02251E+02  4.42128E-03   3.00446E+02  4.46915E-03   2.98733E+02  4.50467E-03   2.97096E+02  4.53661E-03   2.95567E+02  4.56311E-03   2.94107E+02  4.57798E-03   2.92673E+02  4.58248E-03   2.91272E+02  4.57271E-03   2.89947E+02  4.55155E-03   2.88647E+02  4.51616E-03   2.87400E+02  4.47193E-03   2.86203E+02  4.41771E-03   2.85005E+02  4.35328E-03   2.83865E+02  4.28119E-03   2.82700E+02  4.19506E-03   2.81573E+02  4.10184E-03   2.80476E+02  3.99387E-03   2.79396E+02  3.87622E-03   2.78371E+02  3.74735E-03   2.77354E+02  3.60751E-03   2.76409E+02  3.45845E-03   2.75491E+02  3.29688E-03   2.74625E+02  3.12819E-03   2.73801E+02  2.94898E-03   2.73009E+02  2.76257E-03   2.72281E+02  2.56603E-03   2.71568E+02  2.36197E-03   2.70951E+02  2.15012E-03   2.70357E+02  1.93100E-03   2.69850E+02  1.70597E-03   2.69373E+02  1.47398E-03   2.68983E+02  1.23677E-03   2.68645E+02  9.95278E-04   2.68379E+02  7.50081E-04   2.68230E+02  5.01672E-04   2.68127E+02  2.51722E-04   2.68347E+02  2.91338E-06   3.47828E+02  2.51450E-04   8.71519E+01  5.01742E-04   8.76128E+01  7.49956E-04   8.78463E+01  9.96180E-04   8.80899E+01  1.23803E-03   8.84196E+01  1.47621E-03   8.87967E+01  1.70872E-03   8.92134E+01  1.93490E-03   8.97106E+01  2.15439E-03   9.02343E+01  2.36634E-03   9.08370E+01  2.57080E-03   9.14991E+01  2.76712E-03   9.22161E+01  2.95400E-03   9.29646E+01  3.13181E-03   9.37679E+01  3.29910E-03   9.46168E+01  3.45710E-03   9.55112E+01  3.60447E-03   9.64352E+01  3.74272E-03   9.74050E+01  3.87074E-03   9.83994E+01  3.98788E-03   9.94334E+01  4.09614E-03   1.00505E+02  4.19307E-03   1.01577E+02  4.28171E-03   1.02702E+02  4.35737E-03   1.03834E+02  4.42367E-03   1.04990E+02  4.47689E-03   1.06188E+02  4.51911E-03   1.07386E+02  4.55071E-03   1.08648E+02  4.56745E-03   1.09942E+02  4.57773E-03   1.11308E+02  4.57448E-03   1.12739E+02  4.56264E-03   1.14151E+02  4.54385E-03   1.15599E+02  4.51125E-03   1.17112E+02  4.47209E-03   1.18694E+02  4.42183E-03   1.20401E+02  4.36214E-03   1.22239E+02  4.30077E-03   1.24138E+02  4.23255E-03   1.26063E+02  4.16082E-03   1.28118E+02 
