/rn,a,b/nx0/ls1
/r,qa,qb
81 -0.4 0.4 0 OUTPUT_AMP_PHASE_3D Wavelength=0.8
81 -0.4 0.4
 3.86741E+00   9.87359E+01  3.93381E+00   9.61728E+01  4.00083E+00   9.36534E+01  4.06840E+00   9.11785E+01  4.13649E+00   8.87493E+01  4.20501E+00   8.63671E+01  4.27388E+00   8.40329E+01  4.34303E+00   8.17481E+01  4.41237E+00   7.95136E+01  4.48179E+00   7.73307E+01  4.55121E+00   7.52006E+01  4.62051E+00   7.31246E+01  4.68957E+00   7.11038E+01  4.75828E+00   6.91395E+01  4.82649E+00   6.72330E+01  4.89408E+00   6.53854E+01  4.96091E+00   6.35981E+01  5.02682E+00   6.18722E+01  5.09166E+00   6.02089E+01  5.15527E+00   5.86095E+01  5.21749E+00   5.70751E+01  5.27815E+00   5.56070E+01  5.33708E+00   5.42062E+01  5.39410E+00   5.28740E+01  5.44905E+00   5.16113E+01  5.50175E+00   5.04193E+01  5.55202E+00   4.92990E+01  5.59970E+00   4.82513E+01  5.64462E+00   4.72773E+01  5.68662E+00   4.63776E+01  5.72555E+00   4.55534E+01  5.76125E+00   4.48051E+01  5.79360E+00   4.41337E+01  5.82246E+00   4.35397E+01  5.84772E+00   4.30238E+01  5.86927E+00   4.25862E+01  5.88703E+00   4.22277E+01  5.90092E+00   4.19484E+01  5.91088E+00   4.17488E+01  5.91688E+00   4.16289E+01  5.91888E+00   4.15890E+01  5.91688E+00   4.16289E+01  5.91088E+00   4.17488E+01  5.90092E+00   4.19484E+01  5.88703E+00   4.22277E+01  5.86927E+00   4.25862E+01  5.84772E+00   4.30238E+01  5.82246E+00   4.35397E+01  5.79360E+00   4.41337E+01  5.76126E+00   4.48051E+01  5.72555E+00   4.55534E+01  5.68662E+00   4.63776E+01  5.64462E+00   4.72773E+01  5.59970E+00   4.82513E+01  5.55202E+00   4.92990E+01  5.50175E+00   5.04193E+01  5.44905E+00   5.16113E+01  5.39410E+00   5.28740E+01  5.33708E+00   5.42062E+01  5.27815E+00   5.56070E+01  5.21749E+00   5.70752E+01  5.15527E+00   5.86095E+01  5.09166E+00   6.02089E+01  5.02682E+00   6.18722E+01  4.96090E+00   6.35981E+01  4.89408E+00   6.53854E+01  4.82649E+00   6.72330E+01  4.75827E+00   6.91395E+01  4.68957E+00   7.11038E+01  4.62050E+00   7.31246E+01  4.55121E+00   7.52007E+01  4.48179E+00   7.73307E+01  4.41236E+00   7.95136E+01  4.34303E+00   8.17481E+01  4.27387E+00   8.40329E+01  4.20501E+00   8.63671E+01  4.13650E+00   8.87493E+01  4.06841E+00   9.11785E+01  4.00083E+00   9.36534E+01  3.93381E+00   9.61728E+01  3.86741E+00   9.87359E+01 
 3.93472E+00   9.63790E+01  4.00343E+00   9.37979E+01  4.07280E+00   9.12603E+01  4.14280E+00   8.87673E+01  4.21337E+00   8.63202E+01  4.28442E+00   8.39201E+01  4.35588E+00   8.15681E+01  4.42768E+00   7.92655E+01  4.49970E+00   7.70133E+01  4.57187E+00   7.48129E+01  4.64407E+00   7.26655E+01  4.71619E+00   7.05724E+01  4.78811E+00   6.85347E+01  4.85969E+00   6.65538E+01  4.93081E+00   6.46308E+01  5.00131E+00   6.27671E+01  5.07106E+00   6.09639E+01  5.13990E+00   5.92225E+01  5.20765E+00   5.75441E+01  5.27417E+00   5.59300E+01  5.33925E+00   5.43813E+01  5.40274E+00   5.28993E+01  5.46445E+00   5.14852E+01  5.52420E+00   5.01402E+01  5.58180E+00   4.88652E+01  5.63707E+00   4.76615E+01  5.68982E+00   4.65301E+01  5.73987E+00   4.54719E+01  5.78704E+00   4.44880E+01  5.83116E+00   4.35793E+01  5.87207E+00   4.27466E+01  5.90961E+00   4.19906E+01  5.94362E+00   4.13122E+01  5.97398E+00   4.07120E+01  6.00056E+00   4.01907E+01  6.02324E+00   3.97485E+01  6.04193E+00   3.93863E+01  6.05656E+00   3.91040E+01  6.06705E+00   3.89023E+01  6.07336E+00   3.87811E+01  6.07547E+00   3.87408E+01  6.07336E+00   3.87811E+01  6.06705E+00   3.89023E+01  6.05656E+00   3.91040E+01  6.04193E+00   3.93862E+01  6.02324E+00   3.97485E+01  6.00056E+00   4.01907E+01  5.97399E+00   4.07120E+01  5.94363E+00   4.13122E+01  5.90961E+00   4.19906E+01  5.87207E+00   4.27466E+01  5.83116E+00   4.35793E+01  5.78704E+00   4.44880E+01  5.73986E+00   4.54719E+01  5.68982E+00   4.65301E+01  5.63706E+00   4.76615E+01  5.58180E+00   4.88652E+01  5.52420E+00   5.01401E+01  5.46446E+00   5.14852E+01  5.40275E+00   5.28993E+01  5.33925E+00   5.43813E+01  5.27417E+00   5.59300E+01  5.20765E+00   5.75441E+01  5.13990E+00   5.92225E+01  5.07106E+00   6.09639E+01  5.00131E+00   6.27671E+01  4.93081E+00   6.46308E+01  4.85968E+00   6.65537E+01  4.78810E+00   6.85347E+01  4.71619E+00   7.05723E+01  4.64407E+00   7.26656E+01  4.57188E+00   7.48130E+01  4.49970E+00   7.70133E+01  4.42768E+00   7.92655E+01  4.35588E+00   8.15681E+01  4.28442E+00   8.39201E+01  4.21337E+00   8.63202E+01  4.14280E+00   8.87673E+01  4.07280E+00   9.12603E+01  4.00343E+00   9.37979E+01  3.93472E+00   9.63790E+01 
 4.00248E+00   9.40681E+01  4.07352E+00   9.14689E+01  4.14531E+00   8.89134E+01  4.21781E+00   8.64026E+01  4.29091E+00   8.39376E+01  4.36456E+00   8.15197E+01  4.43868E+00   7.91500E+01  4.51319E+00   7.68297E+01  4.58799E+00   7.45600E+01  4.66298E+00   7.23423E+01  4.73805E+00   7.01777E+01  4.81306E+00   6.80674E+01  4.88792E+00   6.60130E+01  4.96247E+00   6.40154E+01  5.03659E+00   6.20761E+01  5.11012E+00   6.01962E+01  5.18289E+00   5.83773E+01  5.25476E+00   5.66204E+01  5.32554E+00   5.49270E+01  5.39505E+00   5.32982E+01  5.46312E+00   5.17353E+01  5.52955E+00   5.02395E+01  5.59415E+00   4.88121E+01  5.65673E+00   4.74542E+01  5.71709E+00   4.61670E+01  5.77503E+00   4.49516E+01  5.83036E+00   4.38090E+01  5.88289E+00   4.27404E+01  5.93241E+00   4.17466E+01  5.97876E+00   4.08288E+01  6.02174E+00   3.99876E+01  6.06120E+00   3.92240E+01  6.09695E+00   3.85386E+01  6.12888E+00   3.79323E+01  6.15683E+00   3.74055E+01  6.18070E+00   3.69588E+01  6.20037E+00   3.65927E+01  6.21576E+00   3.63076E+01  6.22680E+00   3.61037E+01  6.23345E+00   3.59813E+01  6.23566E+00   3.59404E+01  6.23345E+00   3.59813E+01  6.22680E+00   3.61037E+01  6.21576E+00   3.63076E+01  6.20037E+00   3.65927E+01  6.18070E+00   3.69588E+01  6.15683E+00   3.74055E+01  6.12888E+00   3.79323E+01  6.09696E+00   3.85386E+01  6.06119E+00   3.92240E+01  6.02174E+00   3.99876E+01  5.97876E+00   4.08288E+01  5.93242E+00   4.17467E+01  5.88289E+00   4.27404E+01  5.83037E+00   4.38090E+01  5.77503E+00   4.49515E+01  5.71709E+00   4.61669E+01  5.65673E+00   4.74542E+01  5.59415E+00   4.88121E+01  5.52955E+00   5.02395E+01  5.46311E+00   5.17353E+01  5.39505E+00   5.32982E+01  5.32554E+00   5.49270E+01  5.25476E+00   5.66205E+01  5.18290E+00   5.83773E+01  5.11012E+00   6.01962E+01  5.03659E+00   6.20761E+01  4.96247E+00   6.40153E+01  4.88792E+00   6.60130E+01  4.81306E+00   6.80674E+01  4.73804E+00   7.01776E+01  4.66298E+00   7.23423E+01  4.58799E+00   7.45600E+01  4.51320E+00   7.68298E+01  4.43868E+00   7.91500E+01  4.36455E+00   8.15197E+01  4.29091E+00   8.39376E+01  4.21781E+00   8.64025E+01  4.14532E+00   8.89134E+01  4.07353E+00   9.14689E+01  4.00248E+00   9.40681E+01 
 4.07059E+00   9.18038E+01  4.14404E+00   8.91869E+01  4.21831E+00   8.66137E+01  4.29334E+00   8.40852E+01  4.36903E+00   8.16025E+01  4.44535E+00   7.91669E+01  4.52220E+00   7.67796E+01  4.59950E+00   7.44417E+01  4.67714E+00   7.21547E+01  4.75502E+00   6.99198E+01  4.83302E+00   6.77380E+01  4.91103E+00   6.56109E+01  4.98892E+00   6.35396E+01  5.06654E+00   6.15255E+01  5.14376E+00   5.95699E+01  5.22040E+00   5.76741E+01  5.29630E+00   5.58395E+01  5.37130E+00   5.40673E+01  5.44520E+00   5.23588E+01  5.51782E+00   5.07154E+01  5.58897E+00   4.91382E+01  5.65846E+00   4.76287E+01  5.72606E+00   4.61880E+01  5.79159E+00   4.48173E+01  5.85483E+00   4.35178E+01  5.91556E+00   4.22908E+01  5.97358E+00   4.11372E+01  6.02868E+00   4.00581E+01  6.08066E+00   3.90546E+01  6.12931E+00   3.81276E+01  6.17446E+00   3.72780E+01  6.21591E+00   3.65067E+01  6.25350E+00   3.58144E+01  6.28706E+00   3.52019E+01  6.31645E+00   3.46697E+01  6.34155E+00   3.42184E+01  6.36224E+00   3.38485E+01  6.37844E+00   3.35604E+01  6.39005E+00   3.33544E+01  6.39705E+00   3.32308E+01  6.39938E+00   3.31895E+01  6.39705E+00   3.32308E+01  6.39005E+00   3.33544E+01  6.37844E+00   3.35604E+01  6.36224E+00   3.38485E+01  6.34155E+00   3.42184E+01  6.31645E+00   3.46697E+01  6.28706E+00   3.52019E+01  6.25350E+00   3.58144E+01  6.21591E+00   3.65067E+01  6.17446E+00   3.72780E+01  6.12932E+00   3.81276E+01  6.08066E+00   3.90546E+01  6.02868E+00   4.00581E+01  5.97358E+00   4.11372E+01  5.91556E+00   4.22908E+01  5.85483E+00   4.35179E+01  5.79159E+00   4.48173E+01  5.72606E+00   4.61880E+01  5.65846E+00   4.76287E+01  5.58897E+00   4.91382E+01  5.51782E+00   5.07154E+01  5.44520E+00   5.23588E+01  5.37129E+00   5.40672E+01  5.29631E+00   5.58395E+01  5.22040E+00   5.76741E+01  5.14376E+00   5.95699E+01  5.06655E+00   6.15255E+01  4.98892E+00   6.35396E+01  4.91103E+00   6.56109E+01  4.83302E+00   6.77379E+01  4.75501E+00   6.99198E+01  4.67714E+00   7.21547E+01  4.59950E+00   7.44418E+01  4.52221E+00   7.67797E+01  4.44535E+00   7.91669E+01  4.36903E+00   8.16025E+01  4.29333E+00   8.40852E+01  4.21831E+00   8.66137E+01  4.14405E+00   8.91870E+01  4.07060E+00   9.18039E+01 
 4.13901E+00   8.95873E+01  4.21491E+00   8.69529E+01  4.29170E+00   8.43621E+01  4.36930E+00   8.18160E+01  4.44766E+00   7.93157E+01  4.52671E+00   7.68627E+01  4.60634E+00   7.44579E+01  4.68649E+00   7.21028E+01  4.76704E+00   6.97986E+01  4.84789E+00   6.75464E+01  4.92892E+00   6.53476E+01  5.01001E+00   6.32037E+01  5.09101E+00   6.11158E+01  5.17180E+00   5.90853E+01  5.25219E+00   5.71135E+01  5.33204E+00   5.52018E+01  5.41117E+00   5.33516E+01  5.48939E+00   5.15641E+01  5.56653E+00   4.98407E+01  5.64238E+00   4.81827E+01  5.71673E+00   4.65914E+01  5.78938E+00   4.50682E+01  5.86010E+00   4.36143E+01  5.92869E+00   4.22309E+01  5.99490E+00   4.09193E+01  6.05853E+00   3.96806E+01  6.11935E+00   3.85159E+01  6.17713E+00   3.74265E+01  6.23166E+00   3.64132E+01  6.28272E+00   3.54771E+01  6.33012E+00   3.46191E+01  6.37365E+00   3.38401E+01  6.41314E+00   3.31409E+01  6.44841E+00   3.25222E+01  6.47931E+00   3.19846E+01  6.50569E+00   3.15287E+01  6.52746E+00   3.11551E+01  6.54448E+00   3.08640E+01  6.55671E+00   3.06559E+01  6.56406E+00   3.05310E+01  6.56652E+00   3.04893E+01  6.56406E+00   3.05310E+01  6.55671E+00   3.06559E+01  6.54448E+00   3.08640E+01  6.52746E+00   3.11551E+01  6.50569E+00   3.15287E+01  6.47931E+00   3.19846E+01  6.44841E+00   3.25221E+01  6.41314E+00   3.31409E+01  6.37365E+00   3.38401E+01  6.33012E+00   3.46191E+01  6.28272E+00   3.54771E+01  6.23166E+00   3.64132E+01  6.17713E+00   3.74265E+01  6.11934E+00   3.85159E+01  6.05853E+00   3.96806E+01  5.99490E+00   4.09193E+01  5.92869E+00   4.22309E+01  5.86010E+00   4.36143E+01  5.78938E+00   4.50682E+01  5.71673E+00   4.65915E+01  5.64238E+00   4.81827E+01  5.56653E+00   4.98407E+01  5.48939E+00   5.15640E+01  5.41117E+00   5.33516E+01  5.33204E+00   5.52018E+01  5.25219E+00   5.71135E+01  5.17180E+00   5.90853E+01  5.09102E+00   6.11158E+01  5.01001E+00   6.32037E+01  4.92892E+00   6.53476E+01  4.84788E+00   6.75464E+01  4.76704E+00   6.97985E+01  4.68648E+00   7.21027E+01  4.60635E+00   7.44580E+01  4.52671E+00   7.68627E+01  4.44766E+00   7.93157E+01  4.36930E+00   8.18160E+01  4.29169E+00   8.43620E+01  4.21491E+00   8.69529E+01  4.13901E+00   8.95874E+01 
 4.20763E+00   8.74194E+01  4.28603E+00   8.47677E+01  4.36538E+00   8.21595E+01  4.44562E+00   7.95959E+01  4.52670E+00   7.70784E+01  4.60852E+00   7.46080E+01  4.69100E+00   7.21860E+01  4.77407E+00   6.98137E+01  4.85760E+00   6.74924E+01  4.94149E+00   6.52232E+01  5.02563E+00   6.30077E+01  5.10987E+00   6.08470E+01  5.19408E+00   5.87426E+01  5.27810E+00   5.66959E+01  5.36177E+00   5.47081E+01  5.44493E+00   5.27806E+01  5.52738E+00   5.09149E+01  5.60894E+00   4.91122E+01  5.68942E+00   4.73740E+01  5.76859E+00   4.57015E+01  5.84625E+00   4.40962E+01  5.92217E+00   4.25594E+01  5.99612E+00   4.10923E+01  6.06787E+00   3.96963E+01  6.13718E+00   3.83725E+01  6.20381E+00   3.71223E+01  6.26753E+00   3.59466E+01  6.32809E+00   3.48468E+01  6.38527E+00   3.38238E+01  6.43884E+00   3.28786E+01  6.48858E+00   3.20122E+01  6.53429E+00   3.12256E+01  6.57575E+00   3.05195E+01  6.61280E+00   2.98946E+01  6.64527E+00   2.93516E+01  6.67301E+00   2.88912E+01  6.69588E+00   2.85138E+01  6.71378E+00   2.82199E+01  6.72664E+00   2.80096E+01  6.73437E+00   2.78834E+01  6.73695E+00   2.78413E+01  6.73437E+00   2.78834E+01  6.72664E+00   2.80097E+01  6.71378E+00   2.82199E+01  6.69588E+00   2.85138E+01  6.67301E+00   2.88912E+01  6.64527E+00   2.93517E+01  6.61281E+00   2.98946E+01  6.57576E+00   3.05195E+01  6.53429E+00   3.12256E+01  6.48858E+00   3.20122E+01  6.43884E+00   3.28786E+01  6.38527E+00   3.38237E+01  6.32809E+00   3.48468E+01  6.26752E+00   3.59466E+01  6.20381E+00   3.71222E+01  6.13718E+00   3.83725E+01  6.06787E+00   3.96963E+01  5.99612E+00   4.10923E+01  5.92217E+00   4.25594E+01  5.84626E+00   4.40963E+01  5.76859E+00   4.57015E+01  5.68942E+00   4.73740E+01  5.60895E+00   4.91122E+01  5.52738E+00   5.09149E+01  5.44493E+00   5.27806E+01  5.36177E+00   5.47080E+01  5.27810E+00   5.66959E+01  5.19408E+00   5.87426E+01  5.10987E+00   6.08471E+01  5.02563E+00   6.30077E+01  4.94149E+00   6.52232E+01  4.85760E+00   6.74924E+01  4.77407E+00   6.98137E+01  4.69100E+00   7.21860E+01  4.60852E+00   7.46080E+01  4.52670E+00   7.70784E+01  4.44562E+00   7.95960E+01  4.36538E+00   8.21594E+01  4.28603E+00   8.47676E+01  4.20763E+00   8.74195E+01 
 4.27639E+00   8.53010E+01  4.35732E+00   8.26321E+01  4.43927E+00   8.00067E+01  4.52220E+00   7.74260E+01  4.60604E+00   7.48913E+01  4.69069E+00   7.24038E+01  4.77609E+00   6.99648E+01  4.86213E+00   6.75755E+01  4.94871E+00   6.52373E+01  5.03572E+00   6.29513E+01  5.12303E+00   6.07192E+01  5.21050E+00   5.85420E+01  5.29799E+00   5.64213E+01  5.38533E+00   5.43584E+01  5.47237E+00   5.23547E+01  5.55892E+00   5.04116E+01  5.64480E+00   4.85305E+01  5.72980E+00   4.67127E+01  5.81371E+00   4.49598E+01  5.89632E+00   4.32730E+01  5.97739E+00   4.16538E+01  6.05669E+00   4.01034E+01  6.13397E+00   3.86233E+01  6.20899E+00   3.72147E+01  6.28150E+00   3.58789E+01  6.35124E+00   3.46172E+01  6.41797E+00   3.34306E+01  6.48142E+00   3.23205E+01  6.54136E+00   3.12877E+01  6.59753E+00   3.03336E+01  6.64971E+00   2.94589E+01  6.69766E+00   2.86647E+01  6.74119E+00   2.79517E+01  6.78010E+00   2.73207E+01  6.81420E+00   2.67724E+01  6.84333E+00   2.63074E+01  6.86736E+00   2.59263E+01  6.88618E+00   2.56294E+01  6.89968E+00   2.54171E+01  6.90781E+00   2.52896E+01  6.91053E+00   2.52471E+01  6.90781E+00   2.52896E+01  6.89968E+00   2.54171E+01  6.88618E+00   2.56294E+01  6.86736E+00   2.59263E+01  6.84333E+00   2.63074E+01  6.81419E+00   2.67724E+01  6.78010E+00   2.73207E+01  6.74119E+00   2.79517E+01  6.69767E+00   2.86647E+01  6.64971E+00   2.94589E+01  6.59753E+00   3.03336E+01  6.54136E+00   3.12878E+01  6.48142E+00   3.23204E+01  6.41797E+00   3.34306E+01  6.35124E+00   3.46171E+01  6.28150E+00   3.58789E+01  6.20899E+00   3.72147E+01  6.13397E+00   3.86233E+01  6.05668E+00   4.01034E+01  5.97739E+00   4.16538E+01  5.89632E+00   4.32730E+01  5.81371E+00   4.49598E+01  5.72980E+00   4.67127E+01  5.64480E+00   4.85305E+01  5.55893E+00   5.04116E+01  5.47237E+00   5.23546E+01  5.38533E+00   5.43584E+01  5.29798E+00   5.64212E+01  5.21049E+00   5.85420E+01  5.12303E+00   6.07192E+01  5.03572E+00   6.29513E+01  4.94871E+00   6.52373E+01  4.86213E+00   6.75755E+01  4.77608E+00   6.99648E+01  4.69069E+00   7.24038E+01  4.60604E+00   7.48913E+01  4.52220E+00   7.74261E+01  4.43927E+00   8.00068E+01  4.35731E+00   8.26321E+01  4.27639E+00   8.53010E+01 
 4.34518E+00   8.32330E+01  4.42866E+00   8.05472E+01  4.51327E+00   7.79048E+01  4.59893E+00   7.53072E+01  4.68557E+00   7.27556E+01  4.77311E+00   7.02512E+01  4.86147E+00   6.77954E+01  4.95055E+00   6.53893E+01  5.04024E+00   6.30343E+01  5.13043E+00   6.07318E+01  5.22097E+00   5.84831E+01  5.31175E+00   5.62896E+01  5.40260E+00   5.41528E+01  5.49335E+00   5.20740E+01  5.58385E+00   5.00545E+01  5.67389E+00   4.80959E+01  5.76328E+00   4.61996E+01  5.85181E+00   4.43669E+01  5.93926E+00   4.25994E+01  6.02539E+00   4.08984E+01  6.10998E+00   3.92654E+01  6.19276E+00   3.77017E+01  6.27348E+00   3.62087E+01  6.35189E+00   3.47876E+01  6.42770E+00   3.34398E+01  6.50066E+00   3.21666E+01  6.57050E+00   3.09693E+01  6.63694E+00   2.98489E+01  6.69973E+00   2.88066E+01  6.75860E+00   2.78435E+01  6.81330E+00   2.69605E+01  6.86360E+00   2.61587E+01  6.90927E+00   2.54389E+01  6.95009E+00   2.48018E+01  6.98588E+00   2.42482E+01  7.01648E+00   2.37788E+01  7.04171E+00   2.33939E+01  7.06148E+00   2.30941E+01  7.07566E+00   2.28797E+01  7.08420E+00   2.27510E+01  7.08705E+00   2.27081E+01  7.08420E+00   2.27510E+01  7.07566E+00   2.28797E+01  7.06148E+00   2.30941E+01  7.04171E+00   2.33939E+01  7.01648E+00   2.37788E+01  6.98588E+00   2.42482E+01  6.95009E+00   2.48018E+01  6.90926E+00   2.54389E+01  6.86360E+00   2.61587E+01  6.81330E+00   2.69605E+01  6.75860E+00   2.78435E+01  6.69973E+00   2.88066E+01  6.63694E+00   2.98489E+01  6.57050E+00   3.09693E+01  6.50066E+00   3.21666E+01  6.42770E+00   3.34398E+01  6.35189E+00   3.47875E+01  6.27349E+00   3.62086E+01  6.19276E+00   3.77017E+01  6.10998E+00   3.92654E+01  6.02540E+00   4.08985E+01  5.93926E+00   4.25995E+01  5.85181E+00   4.43670E+01  5.76328E+00   4.61996E+01  5.67389E+00   4.80959E+01  5.58385E+00   5.00545E+01  5.49335E+00   5.20739E+01  5.40260E+00   5.41528E+01  5.31175E+00   5.62896E+01  5.22098E+00   5.84831E+01  5.13043E+00   6.07318E+01  5.04024E+00   6.30343E+01  4.95055E+00   6.53892E+01  4.86147E+00   6.77953E+01  4.77311E+00   7.02512E+01  4.68557E+00   7.27556E+01  4.59893E+00   7.53072E+01  4.51327E+00   7.79048E+01  4.42866E+00   8.05471E+01  4.34517E+00   8.32329E+01 
 4.41388E+00   8.12162E+01  4.49998E+00   7.85136E+01  4.58728E+00   7.58546E+01  4.67570E+00   7.32403E+01  4.76519E+00   7.06721E+01  4.85566E+00   6.81511E+01  4.94703E+00   6.56786E+01  5.03920E+00   6.32559E+01  5.13206E+00   6.08844E+01  5.22548E+00   5.85656E+01  5.31934E+00   5.63007E+01  5.41349E+00   5.40911E+01  5.50777E+00   5.19383E+01  5.60201E+00   4.98436E+01  5.69604E+00   4.78087E+01  5.78965E+00   4.58348E+01  5.88264E+00   4.39234E+01  5.97480E+00   4.20761E+01  6.06588E+00   4.02942E+01  6.15564E+00   3.85791E+01  6.24384E+00   3.69324E+01  6.33021E+00   3.53554E+01  6.41447E+00   3.38496E+01  6.49636E+00   3.24161E+01  6.57558E+00   3.10566E+01  6.65187E+00   2.97720E+01  6.72492E+00   2.85639E+01  6.79445E+00   2.74334E+01  6.86018E+00   2.63816E+01  6.92184E+00   2.54096E+01  6.97916E+00   2.45185E+01  7.03188E+00   2.37092E+01  7.07976E+00   2.29826E+01  7.12259E+00   2.23396E+01  7.16013E+00   2.17807E+01  7.19224E+00   2.13067E+01  7.21872E+00   2.09182E+01  7.23947E+00   2.06155E+01  7.25436E+00   2.03991E+01  7.26333E+00   2.02691E+01  7.26632E+00   2.02258E+01  7.26333E+00   2.02691E+01  7.25436E+00   2.03991E+01  7.23947E+00   2.06155E+01  7.21872E+00   2.09182E+01  7.19224E+00   2.13067E+01  7.16014E+00   2.17807E+01  7.12258E+00   2.23396E+01  7.07977E+00   2.29826E+01  7.03188E+00   2.37092E+01  6.97916E+00   2.45185E+01  6.92184E+00   2.54097E+01  6.86018E+00   2.63816E+01  6.79445E+00   2.74334E+01  6.72492E+00   2.85640E+01  6.65186E+00   2.97721E+01  6.57558E+00   3.10566E+01  6.49636E+00   3.24161E+01  6.41447E+00   3.38496E+01  6.33021E+00   3.53554E+01  6.24384E+00   3.69324E+01  6.15565E+00   3.85791E+01  6.06588E+00   4.02942E+01  5.97480E+00   4.20761E+01  5.88265E+00   4.39234E+01  5.78965E+00   4.58348E+01  5.69604E+00   4.78087E+01  5.60201E+00   4.98436E+01  5.50777E+00   5.19383E+01  5.41348E+00   5.40911E+01  5.31934E+00   5.63007E+01  5.22548E+00   5.85656E+01  5.13206E+00   6.08845E+01  5.03920E+00   6.32559E+01  4.94703E+00   6.56785E+01  4.85566E+00   6.81511E+01  4.76518E+00   7.06721E+01  4.67570E+00   7.32403E+01  4.58728E+00   7.58546E+01  4.49998E+00   7.85137E+01  4.41388E+00   8.12161E+01 
 4.48243E+00   7.92514E+01  4.57116E+00   7.65324E+01  4.66116E+00   7.38570E+01  4.75239E+00   7.12264E+01  4.84476E+00   6.86417E+01  4.93821E+00   6.61043E+01  5.03264E+00   6.36154E+01  5.12795E+00   6.11765E+01  5.22402E+00   5.87888E+01  5.32074E+00   5.64538E+01  5.41796E+00   5.41729E+01  5.51555E+00   5.19474E+01  5.61333E+00   4.97788E+01  5.71113E+00   4.76687E+01  5.80877E+00   4.56184E+01  5.90604E+00   4.36294E+01  6.00272E+00   4.17032E+01  6.09858E+00   3.98413E+01  6.19338E+00   3.80451E+01  6.28686E+00   3.63162E+01  6.37877E+00   3.46560E+01  6.46882E+00   3.30659E+01  6.55672E+00   3.15474E+01  6.64219E+00   3.01017E+01  6.72493E+00   2.87305E+01  6.80464E+00   2.74348E+01  6.88099E+00   2.62161E+01  6.95372E+00   2.50755E+01  7.02249E+00   2.40143E+01  7.08703E+00   2.30336E+01  7.14705E+00   2.21344E+01  7.20228E+00   2.13176E+01  7.25245E+00   2.05844E+01  7.29733E+00   1.99353E+01  7.33670E+00   1.93713E+01  7.37036E+00   1.88928E+01  7.39814E+00   1.85006E+01  7.41990E+00   1.81951E+01  7.43553E+00   1.79766E+01  7.44493E+00   1.78454E+01  7.44808E+00   1.78017E+01  7.44493E+00   1.78454E+01  7.43552E+00   1.79766E+01  7.41990E+00   1.81951E+01  7.39814E+00   1.85006E+01  7.37036E+00   1.88928E+01  7.33670E+00   1.93712E+01  7.29733E+00   1.99353E+01  7.25245E+00   2.05843E+01  7.20228E+00   2.13176E+01  7.14705E+00   2.21344E+01  7.08703E+00   2.30336E+01  7.02249E+00   2.40143E+01  6.95372E+00   2.50755E+01  6.88100E+00   2.62161E+01  6.80464E+00   2.74348E+01  6.72493E+00   2.87305E+01  6.64220E+00   3.01018E+01  6.55672E+00   3.15474E+01  6.46882E+00   3.30659E+01  6.37877E+00   3.46560E+01  6.28686E+00   3.63162E+01  6.19338E+00   3.80451E+01  6.09858E+00   3.98413E+01  6.00272E+00   4.17032E+01  5.90604E+00   4.36294E+01  5.80877E+00   4.56184E+01  5.71114E+00   4.76687E+01  5.61333E+00   4.97789E+01  5.51555E+00   5.19474E+01  5.41796E+00   5.41728E+01  5.32074E+00   5.64538E+01  5.22402E+00   5.87888E+01  5.12795E+00   6.11765E+01  5.03264E+00   6.36154E+01  4.93821E+00   6.61043E+01  4.84476E+00   6.86417E+01  4.75239E+00   7.12263E+01  4.66116E+00   7.38570E+01  4.57116E+00   7.65325E+01  4.48243E+00   7.92514E+01 
 4.55069E+00   7.73395E+01  4.64207E+00   7.46045E+01  4.73482E+00   7.19130E+01  4.82888E+00   6.92662E+01  4.92417E+00   6.66654E+01  5.02063E+00   6.41119E+01  5.11815E+00   6.16069E+01  5.21664E+00   5.91520E+01  5.31598E+00   5.67483E+01  5.41604E+00   5.43975E+01  5.51669E+00   5.21007E+01  5.61777E+00   4.98596E+01  5.71912E+00   4.76756E+01  5.82055E+00   4.55501E+01  5.92186E+00   4.34847E+01  6.02286E+00   4.14808E+01  6.12330E+00   3.95400E+01  6.22294E+00   3.76638E+01  6.32155E+00   3.58536E+01  6.41884E+00   3.41111E+01  6.51454E+00   3.24375E+01  6.60837E+00   3.08345E+01  6.70001E+00   2.93034E+01  6.78916E+00   2.78458E+01  6.87550E+00   2.64630E+01  6.95872E+00   2.51563E+01  7.03849E+00   2.39271E+01  7.11449E+00   2.27766E+01  7.18639E+00   2.17061E+01  7.25390E+00   2.07167E+01  7.31670E+00   1.98094E+01  7.37451E+00   1.89854E+01  7.42704E+00   1.82455E+01  7.47405E+00   1.75905E+01  7.51529E+00   1.70213E+01  7.55057E+00   1.65385E+01  7.57968E+00   1.61427E+01  7.60249E+00   1.58343E+01  7.61888E+00   1.56138E+01  7.62874E+00   1.54814E+01  7.63203E+00   1.54372E+01  7.62874E+00   1.54814E+01  7.61888E+00   1.56138E+01  7.60249E+00   1.58344E+01  7.57969E+00   1.61427E+01  7.55056E+00   1.65385E+01  7.51529E+00   1.70213E+01  7.47405E+00   1.75905E+01  7.42704E+00   1.82455E+01  7.37451E+00   1.89854E+01  7.31670E+00   1.98094E+01  7.25390E+00   2.07167E+01  7.18639E+00   2.17061E+01  7.11449E+00   2.27766E+01  7.03849E+00   2.39271E+01  6.95872E+00   2.51563E+01  6.87550E+00   2.64630E+01  6.78916E+00   2.78458E+01  6.70001E+00   2.93034E+01  6.60837E+00   3.08345E+01  6.51455E+00   3.24375E+01  6.41884E+00   3.41110E+01  6.32155E+00   3.58536E+01  6.22294E+00   3.76638E+01  6.12329E+00   3.95400E+01  6.02286E+00   4.14808E+01  5.92187E+00   4.34847E+01  5.82055E+00   4.55501E+01  5.71912E+00   4.76756E+01  5.61777E+00   4.98596E+01  5.51669E+00   5.21007E+01  5.41605E+00   5.43974E+01  5.31598E+00   5.67483E+01  5.21664E+00   5.91519E+01  5.11815E+00   6.16069E+01  5.02063E+00   6.41119E+01  4.92417E+00   6.66655E+01  4.82888E+00   6.92662E+01  4.73482E+00   7.19130E+01  4.64207E+00   7.46045E+01  4.55069E+00   7.73395E+01 
 4.61856E+00   7.54814E+01  4.71261E+00   7.27307E+01  4.80813E+00   7.00234E+01  4.90504E+00   6.73608E+01  5.00328E+00   6.47441E+01  5.10277E+00   6.21747E+01  5.20343E+00   5.96540E+01  5.30513E+00   5.71833E+01  5.40778E+00   5.47640E+01  5.51123E+00   5.23976E+01  5.61535E+00   5.00853E+01  5.71998E+00   4.78288E+01  5.82494E+00   4.56295E+01  5.93006E+00   4.34890E+01  6.03512E+00   4.14088E+01  6.13990E+00   3.93903E+01  6.24417E+00   3.74352E+01  6.34768E+00   3.55448E+01  6.45017E+00   3.37208E+01  6.55135E+00   3.19648E+01  6.65093E+00   3.02781E+01  6.74861E+00   2.86624E+01  6.84408E+00   2.71190E+01  6.93699E+00   2.56495E+01  7.02703E+00   2.42553E+01  7.11385E+00   2.29377E+01  7.19711E+00   2.16982E+01  7.27648E+00   2.05380E+01  7.35160E+00   1.94583E+01  7.42215E+00   1.84603E+01  7.48781E+00   1.75452E+01  7.54828E+00   1.67139E+01  7.60324E+00   1.59675E+01  7.65244E+00   1.53067E+01  7.69561E+00   1.47324E+01  7.73255E+00   1.42453E+01  7.76304E+00   1.38459E+01  7.78694E+00   1.35348E+01  7.80410E+00   1.33122E+01  7.81443E+00   1.31786E+01  7.81788E+00   1.31341E+01  7.81443E+00   1.31786E+01  7.80410E+00   1.33122E+01  7.78694E+00   1.35348E+01  7.76304E+00   1.38459E+01  7.73255E+00   1.42453E+01  7.69562E+00   1.47324E+01  7.65244E+00   1.53067E+01  7.60324E+00   1.59675E+01  7.54828E+00   1.67139E+01  7.48781E+00   1.75452E+01  7.42215E+00   1.84603E+01  7.35159E+00   1.94583E+01  7.27647E+00   2.05380E+01  7.19711E+00   2.16982E+01  7.11385E+00   2.29377E+01  7.02703E+00   2.42553E+01  6.93699E+00   2.56495E+01  6.84408E+00   2.71190E+01  6.74861E+00   2.86624E+01  6.65093E+00   3.02781E+01  6.55135E+00   3.19648E+01  6.45017E+00   3.37208E+01  6.34768E+00   3.55448E+01  6.24417E+00   3.74352E+01  6.13990E+00   3.93903E+01  6.03512E+00   4.14088E+01  5.93006E+00   4.34891E+01  5.82494E+00   4.56296E+01  5.71998E+00   4.78288E+01  5.61535E+00   5.00853E+01  5.51123E+00   5.23975E+01  5.40778E+00   5.47640E+01  5.30514E+00   5.71833E+01  5.20343E+00   5.96540E+01  5.10278E+00   6.21747E+01  5.00328E+00   6.47441E+01  4.90504E+00   6.73608E+01  4.80812E+00   7.00234E+01  4.71261E+00   7.27306E+01  4.61856E+00   7.54814E+01 
 4.68592E+00   7.36778E+01  4.78265E+00   7.09117E+01  4.88094E+00   6.81890E+01  4.98073E+00   6.55108E+01  5.08194E+00   6.28787E+01  5.18450E+00   6.02938E+01  5.28831E+00   5.77577E+01  5.39326E+00   5.52716E+01  5.49924E+00   5.28369E+01  5.60612E+00   5.04551E+01  5.71375E+00   4.81276E+01  5.82197E+00   4.58561E+01  5.93061E+00   4.36419E+01  6.03946E+00   4.14867E+01  6.14831E+00   3.93918E+01  6.25694E+00   3.73590E+01  6.36510E+00   3.53897E+01  6.47255E+00   3.34855E+01  6.57898E+00   3.16480E+01  6.68412E+00   2.98786E+01  6.78767E+00   2.81791E+01  6.88928E+00   2.65508E+01  6.98865E+00   2.49954E+01  7.08541E+00   2.35143E+01  7.17922E+00   2.21088E+01  7.26973E+00   2.07806E+01  7.35656E+00   1.95309E+01  7.43937E+00   1.83611E+01  7.51779E+00   1.72724E+01  7.59147E+00   1.62660E+01  7.66006E+00   1.53430E+01  7.72325E+00   1.45046E+01  7.78071E+00   1.37518E+01  7.83216E+00   1.30852E+01  7.87732E+00   1.25059E+01  7.91596E+00   1.20145E+01  7.94787E+00   1.16116E+01  7.97288E+00   1.12978E+01  7.99084E+00   1.10733E+01  8.00166E+00   1.09385E+01  8.00527E+00   1.08935E+01  8.00166E+00   1.09385E+01  7.99084E+00   1.10733E+01  7.97288E+00   1.12978E+01  7.94787E+00   1.16117E+01  7.91596E+00   1.20145E+01  7.87732E+00   1.25060E+01  7.83216E+00   1.30852E+01  7.78071E+00   1.37518E+01  7.72325E+00   1.45046E+01  7.66006E+00   1.53431E+01  7.59147E+00   1.62660E+01  7.51779E+00   1.72724E+01  7.43937E+00   1.83611E+01  7.35656E+00   1.95309E+01  7.26972E+00   2.07806E+01  7.17922E+00   2.21088E+01  7.08541E+00   2.35143E+01  6.98865E+00   2.49954E+01  6.88928E+00   2.65509E+01  6.78767E+00   2.81791E+01  6.68413E+00   2.98786E+01  6.57898E+00   3.16480E+01  6.47255E+00   3.34855E+01  6.36511E+00   3.53897E+01  6.25694E+00   3.73590E+01  6.14831E+00   3.93918E+01  6.03946E+00   4.14867E+01  5.93061E+00   4.36419E+01  5.82198E+00   4.58561E+01  5.71375E+00   4.81276E+01  5.60612E+00   5.04551E+01  5.49924E+00   5.28369E+01  5.39326E+00   5.52715E+01  5.28831E+00   5.77576E+01  5.18450E+00   6.02938E+01  5.08194E+00   6.28787E+01  4.98073E+00   6.55108E+01  4.88094E+00   6.81890E+01  4.78265E+00   7.09117E+01  4.68592E+00   7.36779E+01 
 4.75263E+00   7.19297E+01  4.85206E+00   6.91486E+01  4.95314E+00   6.64106E+01  5.05582E+00   6.37173E+01  5.16001E+00   6.10700E+01  5.26565E+00   5.84701E+01  5.37263E+00   5.59188E+01  5.48085E+00   5.34175E+01  5.59020E+00   5.09678E+01  5.70053E+00   4.85710E+01  5.81171E+00   4.62287E+01  5.92356E+00   4.39424E+01  6.03590E+00   4.17137E+01  6.14852E+00   3.95439E+01  6.26122E+00   3.74348E+01  6.37375E+00   3.53879E+01  6.48586E+00   3.34048E+01  6.59729E+00   3.14870E+01  6.70774E+00   2.96362E+01  6.81691E+00   2.78539E+01  6.92447E+00   2.61417E+01  7.03009E+00   2.45012E+01  7.13342E+00   2.29339E+01  7.23410E+00   2.14413E+01  7.33177E+00   2.00249E+01  7.42602E+00   1.86862E+01  7.51651E+00   1.74265E+01  7.60283E+00   1.62472E+01  7.68463E+00   1.51496E+01  7.76150E+00   1.41350E+01  7.83310E+00   1.32044E+01  7.89907E+00   1.23590E+01  7.95908E+00   1.15998E+01  8.01283E+00   1.09276E+01  8.06003E+00   1.03434E+01  8.10042E+00   9.84778E+00  8.13378E+00   9.44143E+00  8.15993E+00   9.12485E+00  8.17871E+00   8.89842E+00  8.19003E+00   8.76246E+00  8.19380E+00   8.71712E+00  8.19003E+00   8.76246E+00  8.17871E+00   8.89843E+00  8.15993E+00   9.12486E+00  8.13378E+00   9.44144E+00  8.10042E+00   9.84779E+00  8.06003E+00   1.03434E+01  8.01284E+00   1.09276E+01  7.95908E+00   1.15998E+01  7.89907E+00   1.23590E+01  7.83310E+00   1.32044E+01  7.76150E+00   1.41350E+01  7.68462E+00   1.51496E+01  7.60283E+00   1.62472E+01  7.51651E+00   1.74265E+01  7.42602E+00   1.86862E+01  7.33176E+00   2.00249E+01  7.23410E+00   2.14413E+01  7.13342E+00   2.29338E+01  7.03009E+00   2.45012E+01  6.92447E+00   2.61417E+01  6.81691E+00   2.78539E+01  6.70774E+00   2.96362E+01  6.59729E+00   3.14870E+01  6.48587E+00   3.34048E+01  6.37375E+00   3.53879E+01  6.26122E+00   3.74348E+01  6.14852E+00   3.95439E+01  6.03590E+00   4.17136E+01  5.92356E+00   4.39424E+01  5.81171E+00   4.62287E+01  5.70053E+00   4.85710E+01  5.59020E+00   5.09678E+01  5.48085E+00   5.34175E+01  5.37263E+00   5.59188E+01  5.26565E+00   5.84700E+01  5.16001E+00   6.10700E+01  5.05582E+00   6.37174E+01  4.95314E+00   6.64106E+01  4.85206E+00   6.91485E+01  4.75263E+00   7.19297E+01 
 4.81859E+00   7.02378E+01  4.92071E+00   6.74419E+01  5.02458E+00   6.46892E+01  5.13015E+00   6.19811E+01  5.23733E+00   5.93190E+01  5.34605E+00   5.67043E+01  5.45622E+00   5.41382E+01  5.56773E+00   5.16222E+01  5.68046E+00   4.91578E+01  5.79427E+00   4.67464E+01  5.90901E+00   4.43896E+01  6.02452E+00   4.20889E+01  6.14059E+00   3.98458E+01  6.25702E+00   3.76620E+01  6.37360E+00   3.55389E+01  6.49007E+00   3.34782E+01  6.60618E+00   3.14816E+01  6.72164E+00   2.95505E+01  6.83615E+00   2.76867E+01  6.94940E+00   2.58916E+01  7.06104E+00   2.41671E+01  7.17072E+00   2.25146E+01  7.27808E+00   2.09357E+01  7.38274E+00   1.94319E+01  7.48431E+00   1.80047E+01  7.58240E+00   1.66557E+01  7.67660E+00   1.53863E+01  7.76651E+00   1.41977E+01  7.85173E+00   1.30915E+01  7.93185E+00   1.20687E+01  8.00652E+00   1.11306E+01  8.07533E+00   1.02784E+01  8.13796E+00   9.51291E+00  8.19406E+00   8.83524E+00  8.24333E+00   8.24617E+00  8.28551E+00   7.74646E+00  8.32035E+00   7.33671E+00  8.34767E+00   7.01748E+00  8.36729E+00   6.78914E+00  8.37911E+00   6.65205E+00  8.38306E+00   6.60631E+00  8.37911E+00   6.65205E+00  8.36729E+00   6.78915E+00  8.34767E+00   7.01748E+00  8.32035E+00   7.33672E+00  8.28551E+00   7.74646E+00  8.24333E+00   8.24618E+00  8.19406E+00   8.83525E+00  8.13796E+00   9.51293E+00  8.07534E+00   1.02784E+01  8.00652E+00   1.11306E+01  7.93186E+00   1.20687E+01  7.85173E+00   1.30915E+01  7.76651E+00   1.41978E+01  7.67660E+00   1.53863E+01  7.58240E+00   1.66558E+01  7.48431E+00   1.80047E+01  7.38274E+00   1.94319E+01  7.27808E+00   2.09356E+01  7.17072E+00   2.25146E+01  7.06103E+00   2.41671E+01  6.94939E+00   2.58916E+01  6.83615E+00   2.76867E+01  6.72164E+00   2.95505E+01  6.60618E+00   3.14816E+01  6.49008E+00   3.34782E+01  6.37360E+00   3.55389E+01  6.25703E+00   3.76620E+01  6.14059E+00   3.98458E+01  6.02452E+00   4.20889E+01  5.90901E+00   4.43896E+01  5.79427E+00   4.67464E+01  5.68046E+00   4.91578E+01  5.56773E+00   5.16222E+01  5.45622E+00   5.41382E+01  5.34605E+00   5.67043E+01  5.23733E+00   5.93190E+01  5.13014E+00   6.19811E+01  5.02458E+00   6.46892E+01  4.92071E+00   6.74418E+01  4.81858E+00   7.02378E+01 
 4.88365E+00   6.86028E+01  4.98845E+00   6.57925E+01  5.09512E+00   6.30254E+01  5.20357E+00   6.03030E+01  5.31374E+00   5.76266E+01  5.42555E+00   5.49974E+01  5.53891E+00   5.24169E+01  5.65371E+00   4.98865E+01  5.76983E+00   4.74078E+01  5.88713E+00   4.49821E+01  6.00545E+00   4.26112E+01  6.12463E+00   4.02964E+01  6.24446E+00   3.80394E+01  6.36473E+00   3.58418E+01  6.48521E+00   3.37051E+01  6.60565E+00   3.16310E+01  6.72579E+00   2.96211E+01  6.84532E+00   2.76771E+01  6.96393E+00   2.58006E+01  7.08129E+00   2.39932E+01  7.19705E+00   2.22565E+01  7.31084E+00   2.05923E+01  7.42228E+00   1.90020E+01  7.53097E+00   1.74873E+01  7.63651E+00   1.60497E+01  7.73847E+00   1.46906E+01  7.83644E+00   1.34116E+01  7.92999E+00   1.22140E+01  8.01869E+00   1.10992E+01  8.10213E+00   1.00685E+01  8.17991E+00   9.12307E+00  8.25162E+00   8.26408E+00  8.31690E+00   7.49256E+00  8.37539E+00   6.80947E+00  8.42678E+00   6.21567E+00  8.47078E+00   5.71192E+00  8.50713E+00   5.29885E+00  8.53563E+00   4.97702E+00  8.55611E+00   4.74683E+00  8.56845E+00   4.60860E+00  8.57257E+00   4.56251E+00  8.56845E+00   4.60861E+00  8.55611E+00   4.74684E+00  8.53563E+00   4.97703E+00  8.50713E+00   5.29886E+00  8.47078E+00   5.71192E+00  8.42678E+00   6.21568E+00  8.37539E+00   6.80948E+00  8.31690E+00   7.49257E+00  8.25162E+00   8.26409E+00  8.17991E+00   9.12308E+00  8.10213E+00   1.00685E+01  8.01870E+00   1.10992E+01  7.92999E+00   1.22140E+01  7.83645E+00   1.34115E+01  7.73847E+00   1.46906E+01  7.63651E+00   1.60496E+01  7.53097E+00   1.74873E+01  7.42228E+00   1.90020E+01  7.31084E+00   2.05923E+01  7.19704E+00   2.22566E+01  7.08128E+00   2.39932E+01  6.96392E+00   2.58006E+01  6.84532E+00   2.76771E+01  6.72579E+00   2.96211E+01  6.60566E+00   3.16310E+01  6.48521E+00   3.37051E+01  6.36473E+00   3.58418E+01  6.24446E+00   3.80394E+01  6.12463E+00   4.02964E+01  6.00546E+00   4.26112E+01  5.88713E+00   4.49822E+01  5.76983E+00   4.74078E+01  5.65371E+00   4.98865E+01  5.53891E+00   5.24169E+01  5.42555E+00   5.49974E+01  5.31374E+00   5.76266E+01  5.20357E+00   6.03030E+01  5.09512E+00   6.30254E+01  4.98845E+00   6.57925E+01  4.88364E+00   6.86028E+01 
 4.94767E+00   6.70255E+01  5.05516E+00   6.42012E+01  5.16460E+00   6.14202E+01  5.27593E+00   5.86838E+01  5.38907E+00   5.59934E+01  5.50397E+00   5.33502E+01  5.62051E+00   5.07557E+01  5.73860E+00   4.82113E+01  5.85812E+00   4.57187E+01  5.97890E+00   4.32792E+01  6.10082E+00   4.08945E+01  6.22367E+00   3.85660E+01  6.34725E+00   3.62955E+01  6.47138E+00   3.40844E+01  6.59578E+00   3.19345E+01  6.72021E+00   2.98473E+01  6.84440E+00   2.78245E+01  6.96801E+00   2.58679E+01  7.09075E+00   2.39790E+01  7.21226E+00   2.21595E+01  7.33217E+00   2.04111E+01  7.45011E+00   1.87355E+01  7.56566E+00   1.71342E+01  7.67843E+00   1.56087E+01  7.78797E+00   1.41608E+01  7.89386E+00   1.27920E+01  7.99564E+00   1.15036E+01  8.09286E+00   1.02972E+01  8.18510E+00   9.17410E+00  8.27189E+00   8.13565E+00  8.35282E+00   7.18308E+00  8.42746E+00   6.31753E+00  8.49543E+00   5.54008E+00  8.55635E+00   4.85170E+00  8.60989E+00   4.25329E+00  8.65573E+00   3.74559E+00  8.69362E+00   3.32929E+00  8.72333E+00   3.00491E+00  8.74467E+00   2.77292E+00  8.75753E+00   2.63358E+00  8.76183E+00   2.58713E+00  8.75753E+00   2.63358E+00  8.74467E+00   2.77291E+00  8.72332E+00   3.00492E+00  8.69362E+00   3.32929E+00  8.65573E+00   3.74559E+00  8.60989E+00   4.25329E+00  8.55635E+00   4.85171E+00  8.49543E+00   5.54009E+00  8.42746E+00   6.31754E+00  8.35282E+00   7.18309E+00  8.27189E+00   8.13567E+00  8.18510E+00   9.17412E+00  8.09286E+00   1.02972E+01  7.99564E+00   1.15036E+01  7.89386E+00   1.27920E+01  7.78797E+00   1.41608E+01  7.67843E+00   1.56087E+01  7.56566E+00   1.71342E+01  7.45011E+00   1.87355E+01  7.33217E+00   2.04112E+01  7.21226E+00   2.21595E+01  7.09075E+00   2.39790E+01  6.96801E+00   2.58679E+01  6.84439E+00   2.78245E+01  6.72021E+00   2.98473E+01  6.59578E+00   3.19345E+01  6.47138E+00   3.40844E+01  6.34726E+00   3.62955E+01  6.22367E+00   3.85660E+01  6.10082E+00   4.08945E+01  5.97891E+00   4.32792E+01  5.85812E+00   4.57187E+01  5.73860E+00   4.82114E+01  5.62051E+00   5.07557E+01  5.50397E+00   5.33502E+01  5.38907E+00   5.59934E+01  5.27592E+00   5.86838E+01  5.16460E+00   6.14203E+01  5.05516E+00   6.42013E+01  4.94768E+00   6.70255E+01 
 5.01054E+00   6.55066E+01  5.12069E+00   6.26689E+01  5.23288E+00   5.98744E+01  5.34706E+00   5.71244E+01  5.46317E+00   5.44203E+01  5.58113E+00   5.17635E+01  5.70084E+00   4.91554E+01  5.82222E+00   4.65976E+01  5.94511E+00   4.40914E+01  6.06937E+00   4.16385E+01  6.19486E+00   3.92404E+01  6.32138E+00   3.68987E+01  6.44874E+00   3.46149E+01  6.57671E+00   3.23909E+01  6.70504E+00   3.02280E+01  6.83347E+00   2.81282E+01  6.96170E+00   2.60929E+01  7.08942E+00   2.41240E+01  7.21630E+00   2.22231E+01  7.34196E+00   2.03919E+01  7.46605E+00   1.86321E+01  7.58815E+00   1.69453E+01  7.70785E+00   1.53332E+01  7.82471E+00   1.37974E+01  7.93829E+00   1.23395E+01  8.04813E+00   1.09611E+01  8.15374E+00   9.66368E+00  8.25469E+00   8.44867E+00  8.35048E+00   7.31750E+00  8.44066E+00   6.27151E+00  8.52477E+00   5.31196E+00  8.60238E+00   4.44003E+00  8.67307E+00   3.65680E+00  8.73644E+00   2.96329E+00  8.79215E+00   2.36035E+00  8.83986E+00   1.84883E+00  8.87930E+00   1.42936E+00  8.91022E+00   1.10252E+00  8.93246E+00   8.68749E-01  8.94584E+00   7.28349E-01  8.95032E+00   6.81533E-01  8.94584E+00   7.28337E-01  8.93245E+00   8.68736E-01  8.91022E+00   1.10251E+00  8.87930E+00   1.42935E+00  8.83986E+00   1.84881E+00  8.79214E+00   2.36036E+00  8.73644E+00   2.96327E+00  8.67306E+00   3.65680E+00  8.60237E+00   4.44003E+00  8.52477E+00   5.31197E+00  8.44066E+00   6.27152E+00  8.35048E+00   7.31750E+00  8.25469E+00   8.44869E+00  8.15374E+00   9.66369E+00  8.04813E+00   1.09611E+01  7.93829E+00   1.23395E+01  7.82472E+00   1.37974E+01  7.70785E+00   1.53332E+01  7.58815E+00   1.69453E+01  7.46605E+00   1.86321E+01  7.34196E+00   2.03919E+01  7.21629E+00   2.22231E+01  7.08942E+00   2.41240E+01  6.96170E+00   2.60929E+01  6.83347E+00   2.81281E+01  6.70504E+00   3.02280E+01  6.57671E+00   3.23908E+01  6.44874E+00   3.46149E+01  6.32139E+00   3.68987E+01  6.19487E+00   3.92404E+01  6.06938E+00   4.16385E+01  5.94510E+00   4.40914E+01  5.82221E+00   4.65976E+01  5.70084E+00   4.91554E+01  5.58113E+00   5.17635E+01  5.46317E+00   5.44203E+01  5.34706E+00   5.71244E+01  5.23288E+00   5.98743E+01  5.12069E+00   6.26689E+01  5.01055E+00   6.55066E+01 
 5.07211E+00   6.40469E+01  5.18488E+00   6.11961E+01  5.29980E+00   5.83885E+01  5.41680E+00   5.56254E+01  5.53585E+00   5.29082E+01  5.65685E+00   5.02382E+01  5.77971E+00   4.76170E+01  5.90434E+00   4.50460E+01  6.03059E+00   4.25268E+01  6.15831E+00   4.00608E+01  6.28737E+00   3.76498E+01  6.41754E+00   3.52952E+01  6.54865E+00   3.29987E+01  6.68045E+00   3.07620E+01  6.81269E+00   2.85867E+01  6.94511E+00   2.64746E+01  7.07739E+00   2.44272E+01  7.20921E+00   2.24464E+01  7.34022E+00   2.05339E+01  7.47006E+00   1.86913E+01  7.59832E+00   1.69204E+01  7.72460E+00   1.52229E+01  7.84845E+00   1.36003E+01  7.96942E+00   1.20545E+01  8.08704E+00   1.05869E+01  8.20084E+00   9.19920E+00  8.31032E+00   7.89297E+00  8.41499E+00   6.66962E+00  8.51436E+00   5.53062E+00  8.60794E+00   4.47731E+00  8.69526E+00   3.51098E+00  8.77584E+00   2.63286E+00  8.84927E+00   1.84401E+00  8.91512E+00   1.14549E+00  8.97301E+00   5.38182E-01  9.02261E+00   2.29203E-02  9.06361E+00   3.59600E+02  9.09577E+00   3.59271E+02  9.11888E+00   3.59036E+02  9.13281E+00   3.58894E+02  9.13746E+00   3.58847E+02  9.13281E+00   3.58894E+02  9.11888E+00   3.59036E+02  9.09577E+00   3.59271E+02  9.06361E+00   3.59600E+02  9.02261E+00   2.29118E-02  8.97301E+00   5.38182E-01  8.91512E+00   1.14548E+00  8.84927E+00   1.84399E+00  8.77584E+00   2.63285E+00  8.69526E+00   3.51098E+00  8.60794E+00   4.47731E+00  8.51436E+00   5.53060E+00  8.41499E+00   6.66963E+00  8.31032E+00   7.89296E+00  8.20084E+00   9.19921E+00  8.08704E+00   1.05869E+01  7.96942E+00   1.20545E+01  7.84845E+00   1.36003E+01  7.72460E+00   1.52229E+01  7.59832E+00   1.69204E+01  7.47006E+00   1.86914E+01  7.34022E+00   2.05339E+01  7.20921E+00   2.24465E+01  7.07739E+00   2.44272E+01  6.94511E+00   2.64746E+01  6.81269E+00   2.85867E+01  6.68045E+00   3.07620E+01  6.54865E+00   3.29987E+01  6.41755E+00   3.52952E+01  6.28737E+00   3.76498E+01  6.15832E+00   4.00608E+01  6.03059E+00   4.25268E+01  5.90434E+00   4.50460E+01  5.77972E+00   4.76170E+01  5.65685E+00   5.02382E+01  5.53585E+00   5.29082E+01  5.41680E+00   5.56254E+01  5.29980E+00   5.83885E+01  5.18488E+00   6.11961E+01  5.07211E+00   6.40468E+01 
 5.13223E+00   6.26470E+01  5.24759E+00   5.97836E+01  5.36519E+00   5.69634E+01  5.48499E+00   5.41876E+01  5.60694E+00   5.14577E+01  5.73095E+00   4.87751E+01  5.85693E+00   4.61411E+01  5.98478E+00   4.35575E+01  6.11435E+00   4.10256E+01  6.24550E+00   3.85471E+01  6.37808E+00   3.61236E+01  6.51189E+00   3.37566E+01  6.64671E+00   3.14478E+01  6.78233E+00   2.91989E+01  6.91846E+00   2.70115E+01  7.05484E+00   2.48875E+01  7.19114E+00   2.28285E+01  7.32705E+00   2.08362E+01  7.46219E+00   1.89125E+01  7.59617E+00   1.70589E+01  7.72860E+00   1.52772E+01  7.85904E+00   1.35692E+01  7.98703E+00   1.19366E+01  8.11211E+00   1.03810E+01  8.23378E+00   8.90408E+00  8.35154E+00   7.50743E+00  8.46487E+00   6.19267E+00  8.57328E+00   4.96124E+00  8.67623E+00   3.81465E+00  8.77322E+00   2.75425E+00  8.86375E+00   1.78136E+00  8.94733E+00   8.97207E-01  9.02350E+00   1.02921E-01  9.09183E+00   3.59400E+02  9.15192E+00   3.58788E+02  9.20340E+00   3.58269E+02  9.24598E+00   3.57844E+02  9.27937E+00   3.57512E+02  9.30337E+00   3.57275E+02  9.31783E+00   3.57132E+02  9.32267E+00   3.57085E+02  9.31783E+00   3.57132E+02  9.30338E+00   3.57275E+02  9.27936E+00   3.57512E+02  9.24598E+00   3.57844E+02  9.20340E+00   3.58269E+02  9.15192E+00   3.58788E+02  9.09183E+00   3.59400E+02  9.02350E+00   1.02913E-01  8.94733E+00   8.97207E-01  8.86375E+00   1.78135E+00  8.77322E+00   2.75425E+00  8.67623E+00   3.81464E+00  8.57328E+00   4.96124E+00  8.46488E+00   6.19267E+00  8.35154E+00   7.50743E+00  8.23378E+00   8.90409E+00  8.11211E+00   1.03810E+01  7.98703E+00   1.19366E+01  7.85904E+00   1.35692E+01  7.72860E+00   1.52772E+01  7.59617E+00   1.70589E+01  7.46218E+00   1.89124E+01  7.32704E+00   2.08363E+01  7.19114E+00   2.28285E+01  7.05484E+00   2.48875E+01  6.91846E+00   2.70115E+01  6.78232E+00   2.91989E+01  6.64671E+00   3.14478E+01  6.51189E+00   3.37565E+01  6.37808E+00   3.61236E+01  6.24551E+00   3.85471E+01  6.11435E+00   4.10256E+01  5.98477E+00   4.35575E+01  5.85693E+00   4.61411E+01  5.73095E+00   4.87750E+01  5.60694E+00   5.14577E+01  5.48499E+00   5.41876E+01  5.36519E+00   5.69634E+01  5.24759E+00   5.97836E+01  5.13223E+00   6.26470E+01 
 5.19077E+00   6.13075E+01  5.30867E+00   5.84321E+01  5.42891E+00   5.55997E+01  5.55146E+00   5.28118E+01  5.67627E+00   5.00697E+01  5.80324E+00   4.73748E+01  5.93229E+00   4.47286E+01  6.06331E+00   4.21328E+01  6.19616E+00   3.95888E+01  6.33070E+00   3.70982E+01  6.46677E+00   3.46626E+01  6.60416E+00   3.22836E+01  6.74267E+00   2.99630E+01  6.88205E+00   2.77023E+01  7.02203E+00   2.55034E+01  7.16234E+00   2.33680E+01  7.30263E+00   2.12977E+01  7.44259E+00   1.92944E+01  7.58182E+00   1.73597E+01  7.71993E+00   1.54955E+01  7.85650E+00   1.37035E+01  7.99107E+00   1.19855E+01  8.12319E+00   1.03431E+01  8.25234E+00   8.77812E+00  8.37804E+00   7.29217E+00  8.49974E+00   5.88687E+00  8.61693E+00   4.56388E+00  8.72906E+00   3.32465E+00  8.83558E+00   2.17073E+00  8.93598E+00   1.10348E+00  9.02970E+00   1.24259E-01  9.11627E+00   3.59234E+02  9.19518E+00   3.58435E+02  9.26599E+00   3.57727E+02  9.32826E+00   3.57111E+02  9.38164E+00   3.56589E+02  9.42578E+00   3.56160E+02  9.46041E+00   3.55826E+02  9.48531E+00   3.55588E+02  9.50031E+00   3.55444E+02  9.50532E+00   3.55396E+02  9.50031E+00   3.55444E+02  9.48531E+00   3.55588E+02  9.46041E+00   3.55826E+02  9.42578E+00   3.56160E+02  9.38164E+00   3.56589E+02  9.32827E+00   3.57111E+02  9.26599E+00   3.57727E+02  9.19518E+00   3.58435E+02  9.11627E+00   3.59234E+02  9.02971E+00   1.24251E-01  8.93598E+00   1.10347E+00  8.83558E+00   2.17072E+00  8.72906E+00   3.32464E+00  8.61693E+00   4.56387E+00  8.49975E+00   5.88687E+00  8.37804E+00   7.29216E+00  8.25235E+00   8.77811E+00  8.12319E+00   1.03431E+01  7.99107E+00   1.19855E+01  7.85649E+00   1.37035E+01  7.71993E+00   1.54955E+01  7.58181E+00   1.73597E+01  7.44258E+00   1.92944E+01  7.30263E+00   2.12977E+01  7.16234E+00   2.33680E+01  7.02203E+00   2.55034E+01  6.88205E+00   2.77023E+01  6.74267E+00   2.99630E+01  6.60416E+00   3.22836E+01  6.46677E+00   3.46626E+01  6.33071E+00   3.70982E+01  6.19616E+00   3.95888E+01  6.06331E+00   4.21328E+01  5.93229E+00   4.47286E+01  5.80324E+00   4.73747E+01  5.67627E+00   5.00697E+01  5.55147E+00   5.28118E+01  5.42891E+00   5.55997E+01  5.30866E+00   5.84321E+01  5.19077E+00   6.13075E+01 
 5.24757E+00   6.00293E+01  5.36796E+00   5.71422E+01  5.49080E+00   5.42982E+01  5.61605E+00   5.14985E+01  5.74366E+00   4.87447E+01  5.87353E+00   4.60381E+01  6.00559E+00   4.33803E+01  6.13973E+00   4.07727E+01  6.27581E+00   3.82170E+01  6.41368E+00   3.57148E+01  6.55318E+00   3.32677E+01  6.69410E+00   3.08772E+01  6.83623E+00   2.85452E+01  6.97933E+00   2.62733E+01  7.12311E+00   2.40632E+01  7.26729E+00   2.19168E+01  7.41153E+00   1.98356E+01  7.55548E+00   1.78217E+01  7.69876E+00   1.58766E+01  7.84094E+00   1.40022E+01  7.98161E+00   1.22003E+01  8.12028E+00   1.04726E+01  8.25647E+00   8.82090E+00  8.38967E+00   7.24686E+00  8.51936E+00   5.75223E+00  8.64497E+00   4.33861E+00  8.76598E+00   3.00769E+00  8.88180E+00   1.76097E+00  8.99187E+00   6.00002E-01  9.09564E+00   3.59526E+02  9.19255E+00   3.58541E+02  9.28208E+00   3.57645E+02  9.36372E+00   3.56841E+02  9.43699E+00   3.56128E+02  9.50145E+00   3.55509E+02  9.55670E+00   3.54983E+02  9.60240E+00   3.54552E+02  9.63826E+00   3.54216E+02  9.66404E+00   3.53975E+02  9.67958E+00   3.53831E+02  9.68477E+00   3.53783E+02  9.67958E+00   3.53831E+02  9.66404E+00   3.53975E+02  9.63826E+00   3.54216E+02  9.60240E+00   3.54552E+02  9.55670E+00   3.54983E+02  9.50145E+00   3.55509E+02  9.43699E+00   3.56128E+02  9.36372E+00   3.56841E+02  9.28208E+00   3.57645E+02  9.19255E+00   3.58541E+02  9.09564E+00   3.59526E+02  8.99187E+00   6.00002E-01  8.88180E+00   1.76096E+00  8.76598E+00   3.00769E+00  8.64498E+00   4.33859E+00  8.51936E+00   5.75220E+00  8.38967E+00   7.24684E+00  8.25647E+00   8.82088E+00  8.12028E+00   1.04726E+01  7.98160E+00   1.22003E+01  7.84094E+00   1.40023E+01  7.69875E+00   1.58766E+01  7.55548E+00   1.78217E+01  7.41153E+00   1.98357E+01  7.26729E+00   2.19168E+01  7.12311E+00   2.40632E+01  6.97933E+00   2.62732E+01  6.83623E+00   2.85452E+01  6.69410E+00   3.08772E+01  6.55318E+00   3.32676E+01  6.41368E+00   3.57148E+01  6.27581E+00   3.82170E+01  6.13973E+00   4.07727E+01  6.00559E+00   4.33803E+01  5.87353E+00   4.60380E+01  5.74365E+00   4.87447E+01  5.61605E+00   5.14985E+01  5.49080E+00   5.42982E+01  5.36796E+00   5.71423E+01  5.24757E+00   6.00293E+01 
 5.30251E+00   5.88128E+01  5.42532E+00   5.59146E+01  5.55069E+00   5.30594E+01  5.67857E+00   5.02486E+01  5.80892E+00   4.74835E+01  5.94163E+00   4.47657E+01  6.07665E+00   4.20967E+01  6.21383E+00   3.94779E+01  6.35306E+00   3.69111E+01  6.49420E+00   3.43978E+01  6.63706E+00   3.19395E+01  6.78144E+00   2.95381E+01  6.92713E+00   2.71952E+01  7.07387E+00   2.49125E+01  7.22139E+00   2.26918E+01  7.36937E+00   2.05348E+01  7.51748E+00   1.84433E+01  7.66537E+00   1.64192E+01  7.81262E+00   1.44641E+01  7.95882E+00   1.25800E+01  8.10352E+00   1.07686E+01  8.24622E+00   9.03161E+00  8.38644E+00   7.37091E+00  8.52363E+00   5.78821E+00  8.65725E+00   4.28524E+00  8.78673E+00   2.86366E+00  8.91150E+00   1.52514E+00  9.03096E+00   2.71233E-01  9.14454E+00   3.59103E+02  9.25165E+00   3.58023E+02  9.35171E+00   3.57032E+02  9.44418E+00   3.56131E+02  9.52851E+00   3.55322E+02  9.60422E+00   3.54605E+02  9.67083E+00   3.53982E+02  9.72795E+00   3.53453E+02  9.77520E+00   3.53019E+02  9.81227E+00   3.52681E+02  9.83893E+00   3.52439E+02  9.85500E+00   3.52294E+02  9.86037E+00   3.52245E+02  9.85500E+00   3.52294E+02  9.83893E+00   3.52439E+02  9.81227E+00   3.52681E+02  9.77519E+00   3.53019E+02  9.72795E+00   3.53453E+02  9.67083E+00   3.53982E+02  9.60422E+00   3.54605E+02  9.52851E+00   3.55322E+02  9.44418E+00   3.56131E+02  9.35171E+00   3.57032E+02  9.25165E+00   3.58023E+02  9.14454E+00   3.59104E+02  9.03097E+00   2.71236E-01  8.91150E+00   1.52515E+00  8.78673E+00   2.86365E+00  8.65725E+00   4.28524E+00  8.52363E+00   5.78819E+00  8.38644E+00   7.37089E+00  8.24622E+00   9.03160E+00  8.10351E+00   1.07685E+01  7.95882E+00   1.25800E+01  7.81262E+00   1.44641E+01  7.66536E+00   1.64192E+01  7.51748E+00   1.84433E+01  7.36937E+00   2.05348E+01  7.22139E+00   2.26918E+01  7.07387E+00   2.49125E+01  6.92713E+00   2.71952E+01  6.78144E+00   2.95381E+01  6.63706E+00   3.19395E+01  6.49420E+00   3.43978E+01  6.35307E+00   3.69111E+01  6.21383E+00   3.94779E+01  6.07664E+00   4.20967E+01  5.94163E+00   4.47657E+01  5.80892E+00   4.74835E+01  5.67857E+00   5.02486E+01  5.55069E+00   5.30594E+01  5.42532E+00   5.59147E+01  5.30251E+00   5.88128E+01 
 5.35543E+00   5.76587E+01  5.48061E+00   5.47499E+01  5.60843E+00   5.18840E+01  5.73887E+00   4.90625E+01  5.87188E+00   4.62868E+01  6.00736E+00   4.35582E+01  6.14524E+00   4.08786E+01  6.28540E+00   3.82491E+01  6.42771E+00   3.56717E+01  6.57203E+00   3.31477E+01  6.71816E+00   3.06789E+01  6.86592E+00   2.82670E+01  7.01508E+00   2.59137E+01  7.16539E+00   2.36207E+01  7.31655E+00   2.13899E+01  7.46825E+00   1.92229E+01  7.62016E+00   1.71215E+01  7.77189E+00   1.50877E+01  7.92304E+00   1.31231E+01  8.07317E+00   1.12297E+01  8.22182E+00   9.40913E+00  8.36848E+00   7.66334E+00  8.51264E+00   5.99407E+00  8.65374E+00   4.40310E+00  8.79123E+00   2.89219E+00  8.92450E+00   1.46299E+00  9.05297E+00   1.17224E-01  9.17602E+00   3.58856E+02  9.29305E+00   3.57682E+02  9.40343E+00   3.56596E+02  9.50659E+00   3.55599E+02  9.60194E+00   3.54693E+02  9.68894E+00   3.53879E+02  9.76704E+00   3.53158E+02  9.83578E+00   3.52531E+02  9.89473E+00   3.51999E+02  9.94350E+00   3.51563E+02  9.98177E+00   3.51223E+02  1.00093E+01   3.50979E+02  1.00259E+01   3.50833E+02  1.00314E+01   3.50785E+02  1.00259E+01   3.50833E+02  1.00093E+01   3.50979E+02  9.98177E+00   3.51223E+02  9.94350E+00   3.51563E+02  9.89473E+00   3.51999E+02  9.83578E+00   3.52531E+02  9.76704E+00   3.53158E+02  9.68893E+00   3.53879E+02  9.60195E+00   3.54693E+02  9.50659E+00   3.55599E+02  9.40344E+00   3.56596E+02  9.29305E+00   3.57682E+02  9.17602E+00   3.58856E+02  9.05297E+00   1.17241E-01  8.92451E+00   1.46300E+00  8.79123E+00   2.89219E+00  8.65374E+00   4.40310E+00  8.51264E+00   5.99406E+00  8.36848E+00   7.66333E+00  8.22182E+00   9.40910E+00  8.07317E+00   1.12296E+01  7.92304E+00   1.31231E+01  7.77189E+00   1.50877E+01  7.62015E+00   1.71215E+01  7.46825E+00   1.92229E+01  7.31655E+00   2.13899E+01  7.16539E+00   2.36207E+01  7.01508E+00   2.59137E+01  6.86593E+00   2.82670E+01  6.71816E+00   3.06789E+01  6.57203E+00   3.31477E+01  6.42771E+00   3.56716E+01  6.28540E+00   3.82492E+01  6.14524E+00   4.08786E+01  6.00736E+00   4.35582E+01  5.87188E+00   4.62868E+01  5.73887E+00   4.90625E+01  5.60843E+00   5.18840E+01  5.48060E+00   5.47499E+01  5.35543E+00   5.76587E+01 
 5.40621E+00   5.65675E+01  5.53366E+00   5.36486E+01  5.66386E+00   5.07726E+01  5.79678E+00   4.79410E+01  5.93237E+00   4.51551E+01  6.07052E+00   4.24164E+01  6.21119E+00   3.97266E+01  6.35422E+00   3.70870E+01  6.49952E+00   3.44994E+01  6.64692E+00   3.19654E+01  6.79624E+00   2.94866E+01  6.94728E+00   2.70648E+01  7.09982E+00   2.47016E+01  7.25358E+00   2.23988E+01  7.40829E+00   2.01583E+01  7.56361E+00   1.79818E+01  7.71921E+00   1.58710E+01  7.87469E+00   1.38280E+01  8.02963E+00   1.18543E+01  8.18359E+00   9.95206E+00  8.33609E+00   8.12287E+00  8.48661E+00   6.36869E+00  8.63462E+00   4.69128E+00  8.77954E+00   3.09245E+00  8.92080E+00   1.57398E+00  9.05778E+00   1.37539E-01  9.18987E+00   3.58785E+02  9.31642E+00   3.57518E+02  9.43682E+00   3.56337E+02  9.55042E+00   3.55245E+02  9.65661E+00   3.54243E+02  9.75478E+00   3.53332E+02  9.84437E+00   3.52514E+02  9.92482E+00   3.51789E+02  9.99565E+00   3.51158E+02  1.00564E+01   3.50623E+02  1.01067E+01   3.50185E+02  1.01461E+01   3.49843E+02  1.01745E+01   3.49598E+02  1.01916E+01   3.49451E+02  1.01973E+01   3.49402E+02  1.01916E+01   3.49451E+02  1.01745E+01   3.49598E+02  1.01461E+01   3.49843E+02  1.01066E+01   3.50185E+02  1.00564E+01   3.50623E+02  9.99565E+00   3.51158E+02  9.92482E+00   3.51789E+02  9.84437E+00   3.52514E+02  9.75478E+00   3.53332E+02  9.65660E+00   3.54243E+02  9.55042E+00   3.55245E+02  9.43682E+00   3.56337E+02  9.31642E+00   3.57518E+02  9.18987E+00   3.58785E+02  9.05778E+00   1.37557E-01  8.92080E+00   1.57398E+00  8.77955E+00   3.09245E+00  8.63462E+00   4.69128E+00  8.48662E+00   6.36869E+00  8.33609E+00   8.12285E+00  8.18359E+00   9.95204E+00  8.02963E+00   1.18543E+01  7.87469E+00   1.38280E+01  7.71921E+00   1.58711E+01  7.56361E+00   1.79818E+01  7.40828E+00   2.01583E+01  7.25358E+00   2.23989E+01  7.09982E+00   2.47016E+01  6.94728E+00   2.70648E+01  6.79624E+00   2.94866E+01  6.64692E+00   3.19654E+01  6.49952E+00   3.44994E+01  6.35423E+00   3.70870E+01  6.21118E+00   3.97266E+01  6.07052E+00   4.24164E+01  5.93236E+00   4.51551E+01  5.79678E+00   4.79410E+01  5.66386E+00   5.07726E+01  5.53366E+00   5.36487E+01  5.40620E+00   5.65675E+01 
 5.45469E+00   5.55397E+01  5.58433E+00   5.26113E+01  5.71683E+00   4.97258E+01  5.85214E+00   4.68846E+01  5.99020E+00   4.40890E+01  6.13094E+00   4.13408E+01  6.27428E+00   3.86413E+01  6.42009E+00   3.59922E+01  6.56827E+00   3.33951E+01  6.71865E+00   3.08515E+01  6.87104E+00   2.83632E+01  7.02526E+00   2.59320E+01  7.18105E+00   2.35595E+01  7.33816E+00   2.12475E+01  7.49630E+00   1.89978E+01  7.65513E+00   1.68123E+01  7.81430E+00   1.46926E+01  7.97340E+00   1.26408E+01  8.13202E+00   1.06586E+01  8.28970E+00   8.74799E+00  8.44593E+00   6.91062E+00  8.60019E+00   5.14849E+00  8.75193E+00   3.46336E+00  8.90057E+00   1.85709E+00  9.04549E+00   3.31449E-01  9.18607E+00   3.58888E+02  9.32167E+00   3.57529E+02  9.45162E+00   3.56255E+02  9.57529E+00   3.55069E+02  9.69201E+00   3.53972E+02  9.80115E+00   3.52965E+02  9.90208E+00   3.52049E+02  9.99419E+00   3.51227E+02  1.00769E+01   3.50498E+02  1.01498E+01   3.49864E+02  1.02123E+01   3.49326E+02  1.02640E+01   3.48885E+02  1.03046E+01   3.48541E+02  1.03338E+01   3.48296E+02  1.03514E+01   3.48148E+02  1.03572E+01   3.48099E+02  1.03514E+01   3.48148E+02  1.03338E+01   3.48296E+02  1.03046E+01   3.48541E+02  1.02640E+01   3.48885E+02  1.02123E+01   3.49326E+02  1.01498E+01   3.49864E+02  1.00769E+01   3.50498E+02  9.99419E+00   3.51227E+02  9.90207E+00   3.52049E+02  9.80115E+00   3.52965E+02  9.69201E+00   3.53972E+02  9.57529E+00   3.55069E+02  9.45162E+00   3.56255E+02  9.32166E+00   3.57529E+02  9.18607E+00   3.58888E+02  9.04549E+00   3.31458E-01  8.90057E+00   1.85711E+00  8.75193E+00   3.46337E+00  8.60020E+00   5.14850E+00  8.44593E+00   6.91060E+00  8.28970E+00   8.74797E+00  8.13202E+00   1.06586E+01  7.97340E+00   1.26408E+01  7.81429E+00   1.46926E+01  7.65512E+00   1.68123E+01  7.49630E+00   1.89978E+01  7.33816E+00   2.12475E+01  7.18105E+00   2.35595E+01  7.02526E+00   2.59320E+01  6.87105E+00   2.83632E+01  6.71865E+00   3.08515E+01  6.56827E+00   3.33950E+01  6.42010E+00   3.59922E+01  6.27428E+00   3.86414E+01  6.13094E+00   4.13408E+01  5.99020E+00   4.40890E+01  5.85214E+00   4.68845E+01  5.71683E+00   4.97257E+01  5.58434E+00   5.26113E+01  5.45469E+00   5.55397E+01 
 5.50076E+00   5.45759E+01  5.63250E+00   5.16385E+01  5.76718E+00   4.87439E+01  5.90478E+00   4.58937E+01  6.04522E+00   4.30892E+01  6.18842E+00   4.03319E+01  6.33434E+00   3.76234E+01  6.48281E+00   3.49652E+01  6.63375E+00   3.23591E+01  6.78699E+00   2.98066E+01  6.94233E+00   2.73094E+01  7.09959E+00   2.48693E+01  7.25851E+00   2.24880E+01  7.41885E+00   2.01673E+01  7.58028E+00   1.79091E+01  7.74248E+00   1.57150E+01  7.90508E+00   1.35870E+01  8.06768E+00   1.15270E+01  8.22984E+00   9.53671E+00  8.39109E+00   7.61818E+00  8.55092E+00   5.77309E+00  8.70879E+00   4.00349E+00  8.86413E+00   2.31110E+00  9.01635E+00   6.97815E-01  9.16480E+00   3.59165E+02  9.30885E+00   3.57716E+02  9.44784E+00   3.56350E+02  9.58109E+00   3.55071E+02  9.70792E+00   3.53879E+02  9.82766E+00   3.52777E+02  9.93964E+00   3.51765E+02  1.00432E+01   3.50845E+02  1.01378E+01   3.50018E+02  1.02227E+01   3.49286E+02  1.02975E+01   3.48649E+02  1.03617E+01   3.48109E+02  1.04148E+01   3.47666E+02  1.04565E+01   3.47320E+02  1.04865E+01   3.47073E+02  1.05046E+01   3.46925E+02  1.05106E+01   3.46875E+02  1.05046E+01   3.46925E+02  1.04865E+01   3.47073E+02  1.04565E+01   3.47320E+02  1.04148E+01   3.47666E+02  1.03617E+01   3.48109E+02  1.02975E+01   3.48649E+02  1.02227E+01   3.49286E+02  1.01378E+01   3.50018E+02  1.00432E+01   3.50845E+02  9.93964E+00   3.51765E+02  9.82766E+00   3.52777E+02  9.70792E+00   3.53879E+02  9.58109E+00   3.55071E+02  9.44784E+00   3.56350E+02  9.30885E+00   3.57716E+02  9.16480E+00   3.59165E+02  9.01635E+00   6.97843E-01  8.86413E+00   2.31111E+00  8.70880E+00   4.00351E+00  8.55092E+00   5.77310E+00  8.39109E+00   7.61816E+00  8.22984E+00   9.53672E+00  8.06768E+00   1.15270E+01  7.90508E+00   1.35870E+01  7.74248E+00   1.57150E+01  7.58028E+00   1.79091E+01  7.41884E+00   2.01673E+01  7.25851E+00   2.24880E+01  7.09959E+00   2.48693E+01  6.94234E+00   2.73094E+01  6.78699E+00   2.98066E+01  6.63376E+00   3.23591E+01  6.48282E+00   3.49652E+01  6.33433E+00   3.76234E+01  6.18843E+00   4.03319E+01  6.04521E+00   4.30891E+01  5.90477E+00   4.58937E+01  5.76719E+00   4.87439E+01  5.63250E+00   5.16385E+01  5.50075E+00   5.45759E+01 
 5.54427E+00   5.36764E+01  5.67801E+00   5.07306E+01  5.81478E+00   4.78277E+01  5.95455E+00   4.49690E+01  6.09724E+00   4.21560E+01  6.24281E+00   3.93903E+01  6.39116E+00   3.66733E+01  6.54218E+00   3.40067E+01  6.69575E+00   3.13922E+01  6.85171E+00   2.88313E+01  7.00987E+00   2.63257E+01  7.17004E+00   2.38773E+01  7.33195E+00   2.14878E+01  7.49536E+00   1.91590E+01  7.65993E+00   1.68927E+01  7.82536E+00   1.46906E+01  7.99124E+00   1.25548E+01  8.15718E+00   1.04871E+01  8.32273E+00   8.48927E+00  8.48740E+00   6.56333E+00  8.65067E+00   4.71103E+00  8.81199E+00   2.93443E+00  8.97078E+00   1.23522E+00  9.12642E+00   3.59615E+02  9.27826E+00   3.58077E+02  9.42564E+00   3.56621E+02  9.56788E+00   3.55250E+02  9.70428E+00   3.53965E+02  9.83414E+00   3.52768E+02  9.95678E+00   3.51661E+02  1.00715E+01   3.50644E+02  1.01776E+01   3.49720E+02  1.02745E+01   3.48890E+02  1.03616E+01   3.48154E+02  1.04383E+01   3.47515E+02  1.05041E+01   3.46972E+02  1.05585E+01   3.46527E+02  1.06013E+01   3.46179E+02  1.06321E+01   3.45931E+02  1.06506E+01   3.45782E+02  1.06568E+01   3.45732E+02  1.06506E+01   3.45782E+02  1.06321E+01   3.45931E+02  1.06013E+01   3.46179E+02  1.05585E+01   3.46527E+02  1.05041E+01   3.46972E+02  1.04383E+01   3.47515E+02  1.03616E+01   3.48154E+02  1.02745E+01   3.48890E+02  1.01776E+01   3.49720E+02  1.00715E+01   3.50644E+02  9.95678E+00   3.51661E+02  9.83415E+00   3.52768E+02  9.70428E+00   3.53965E+02  9.56788E+00   3.55250E+02  9.42564E+00   3.56621E+02  9.27826E+00   3.58077E+02  9.12642E+00   3.59615E+02  8.97078E+00   1.23523E+00  8.81200E+00   2.93445E+00  8.65067E+00   4.71104E+00  8.48740E+00   6.56332E+00  8.32273E+00   8.48928E+00  8.15718E+00   1.04871E+01  7.99124E+00   1.25548E+01  7.82535E+00   1.46906E+01  7.65993E+00   1.68927E+01  7.49535E+00   1.91590E+01  7.33195E+00   2.14878E+01  7.17004E+00   2.38773E+01  7.00987E+00   2.63257E+01  6.85171E+00   2.88312E+01  6.69576E+00   3.13922E+01  6.54218E+00   3.40067E+01  6.39116E+00   3.66733E+01  6.24281E+00   3.93903E+01  6.09724E+00   4.21560E+01  5.95454E+00   4.49690E+01  5.81478E+00   4.78276E+01  5.67801E+00   5.07306E+01  5.54427E+00   5.36765E+01 
 5.58511E+00   5.28418E+01  5.72074E+00   4.98882E+01  5.85948E+00   4.69774E+01  6.00129E+00   4.41109E+01  6.14613E+00   4.12900E+01  6.29392E+00   3.85164E+01  6.44458E+00   3.57916E+01  6.59801E+00   3.31171E+01  6.75407E+00   3.04947E+01  6.91261E+00   2.79260E+01  7.07343E+00   2.54127E+01  7.23635E+00   2.29566E+01  7.40110E+00   2.05595E+01  7.56741E+00   1.82230E+01  7.73498E+00   1.59492E+01  7.90346E+00   1.37398E+01  8.07246E+00   1.15967E+01  8.24156E+00   9.52178E+00  8.41033E+00   7.51693E+00  8.57825E+00   5.58409E+00  8.74479E+00   3.72509E+00  8.90939E+00   1.94194E+00  9.07146E+00   2.36399E-01  9.23035E+00   3.58610E+02  9.38541E+00   3.57066E+02  9.53596E+00   3.55604E+02  9.68129E+00   3.54228E+02  9.82069E+00   3.52938E+02  9.95344E+00   3.51736E+02  1.00788E+01   3.50624E+02  1.01961E+01   3.49604E+02  1.03047E+01   3.48676E+02  1.04038E+01   3.47842E+02  1.04929E+01   3.47104E+02  1.05714E+01   3.46461E+02  1.06387E+01   3.45916E+02  1.06945E+01   3.45469E+02  1.07383E+01   3.45120E+02  1.07697E+01   3.44871E+02  1.07887E+01   3.44721E+02  1.07951E+01   3.44671E+02  1.07887E+01   3.44721E+02  1.07697E+01   3.44871E+02  1.07383E+01   3.45120E+02  1.06945E+01   3.45469E+02  1.06387E+01   3.45916E+02  1.05714E+01   3.46461E+02  1.04929E+01   3.47104E+02  1.04038E+01   3.47842E+02  1.03047E+01   3.48676E+02  1.01961E+01   3.49604E+02  1.00788E+01   3.50624E+02  9.95344E+00   3.51736E+02  9.82069E+00   3.52938E+02  9.68129E+00   3.54228E+02  9.53596E+00   3.55604E+02  9.38541E+00   3.57066E+02  9.23035E+00   3.58610E+02  9.07146E+00   2.36407E-01  8.90940E+00   1.94196E+00  8.74479E+00   3.72511E+00  8.57825E+00   5.58409E+00  8.41033E+00   7.51694E+00  8.24157E+00   9.52176E+00  8.07246E+00   1.15967E+01  7.90345E+00   1.37398E+01  7.73498E+00   1.59492E+01  7.56741E+00   1.82230E+01  7.40109E+00   2.05594E+01  7.23635E+00   2.29566E+01  7.07344E+00   2.54127E+01  6.91261E+00   2.79260E+01  6.75407E+00   3.04947E+01  6.59801E+00   3.31171E+01  6.44458E+00   3.57916E+01  6.29392E+00   3.85164E+01  6.14613E+00   4.12900E+01  6.00129E+00   4.41109E+01  5.85948E+00   4.69774E+01  5.72074E+00   4.98882E+01  5.58511E+00   5.28419E+01 
 5.62316E+00   5.20724E+01  5.76055E+00   4.91116E+01  5.90114E+00   4.61936E+01  6.04488E+00   4.33198E+01  6.19171E+00   4.04917E+01  6.34159E+00   3.77108E+01  6.49443E+00   3.49787E+01  6.65010E+00   3.22969E+01  6.80851E+00   2.96673E+01  6.96947E+00   2.70914E+01  7.13280E+00   2.45709E+01  7.29830E+00   2.21077E+01  7.46571E+00   1.97034E+01  7.63476E+00   1.73600E+01  7.80514E+00   1.50793E+01  7.97649E+00   1.28630E+01  8.14842E+00   1.07132E+01  8.32051E+00   8.63160E+00  8.49230E+00   6.62026E+00  8.66327E+00   4.68106E+00  8.83290E+00   2.81584E+00  9.00060E+00   1.02667E+00  9.16575E+00   3.59315E+02  9.32771E+00   3.57684E+02  9.48581E+00   3.56134E+02  9.63934E+00   3.54667E+02  9.78758E+00   3.53285E+02  9.92981E+00   3.51991E+02  1.00653E+01   3.50785E+02  1.01933E+01   3.49669E+02  1.03130E+01   3.48644E+02  1.04239E+01   3.47713E+02  1.05251E+01   3.46876E+02  1.06161E+01   3.46134E+02  1.06963E+01   3.45490E+02  1.07651E+01   3.44942E+02  1.08221E+01   3.44493E+02  1.08668E+01   3.44143E+02  1.08990E+01   3.43893E+02  1.09184E+01   3.43743E+02  1.09248E+01   3.43692E+02  1.09184E+01   3.43743E+02  1.08990E+01   3.43893E+02  1.08668E+01   3.44143E+02  1.08221E+01   3.44493E+02  1.07651E+01   3.44942E+02  1.06963E+01   3.45490E+02  1.06161E+01   3.46134E+02  1.05251E+01   3.46876E+02  1.04239E+01   3.47713E+02  1.03130E+01   3.48644E+02  1.01933E+01   3.49669E+02  1.00653E+01   3.50785E+02  9.92981E+00   3.51991E+02  9.78758E+00   3.53285E+02  9.63934E+00   3.54667E+02  9.48581E+00   3.56134E+02  9.32771E+00   3.57684E+02  9.16575E+00   3.59315E+02  9.00060E+00   1.02668E+00  8.83290E+00   2.81587E+00  8.66328E+00   4.68106E+00  8.49230E+00   6.62028E+00  8.32051E+00   8.63160E+00  8.14842E+00   1.07132E+01  7.97648E+00   1.28630E+01  7.80514E+00   1.50793E+01  7.63476E+00   1.73600E+01  7.46571E+00   1.97034E+01  7.29830E+00   2.21077E+01  7.13280E+00   2.45709E+01  6.96947E+00   2.70914E+01  6.80851E+00   2.96673E+01  6.65011E+00   3.22969E+01  6.49443E+00   3.49787E+01  6.34159E+00   3.77108E+01  6.19171E+00   4.04917E+01  6.04487E+00   4.33198E+01  5.90113E+00   4.61936E+01  5.76055E+00   4.91116E+01  5.62316E+00   5.20725E+01 
 5.65830E+00   5.13687E+01  5.79734E+00   4.84013E+01  5.93964E+00   4.54767E+01  6.08516E+00   4.25962E+01  6.23385E+00   3.97614E+01  6.38567E+00   3.69738E+01  6.54053E+00   3.42350E+01  6.69830E+00   3.15466E+01  6.85888E+00   2.89104E+01  7.02209E+00   2.63278E+01  7.18776E+00   2.38008E+01  7.35566E+00   2.13310E+01  7.52556E+00   1.89203E+01  7.69716E+00   1.65704E+01  7.87015E+00   1.42833E+01  8.04417E+00   1.20608E+01  8.21884E+00   9.90476E+00  8.39371E+00   7.81711E+00  8.56832E+00   5.79981E+00  8.74215E+00   3.85476E+00  8.91465E+00   1.98387E+00  9.08523E+00   1.89135E-01  9.25326E+00   3.58472E+02  9.41809E+00   3.56836E+02  9.57902E+00   3.55280E+02  9.73534E+00   3.53809E+02  9.88631E+00   3.52423E+02  1.00312E+01   3.51124E+02  1.01692E+01   3.49914E+02  1.02996E+01   3.48794E+02  1.04217E+01   3.47766E+02  1.05347E+01   3.46831E+02  1.06379E+01   3.45991E+02  1.07306E+01   3.45247E+02  1.08124E+01   3.44600E+02  1.08826E+01   3.44051E+02  1.09407E+01   3.43600E+02  1.09863E+01   3.43249E+02  1.10191E+01   3.42998E+02  1.10389E+01   3.42847E+02  1.10455E+01   3.42797E+02  1.10389E+01   3.42847E+02  1.10191E+01   3.42998E+02  1.09863E+01   3.43249E+02  1.09407E+01   3.43600E+02  1.08826E+01   3.44051E+02  1.08124E+01   3.44600E+02  1.07307E+01   3.45247E+02  1.06379E+01   3.45991E+02  1.05347E+01   3.46831E+02  1.04217E+01   3.47766E+02  1.02996E+01   3.48794E+02  1.01692E+01   3.49914E+02  1.00312E+01   3.51124E+02  9.88631E+00   3.52423E+02  9.73534E+00   3.53809E+02  9.57902E+00   3.55280E+02  9.41809E+00   3.56836E+02  9.25326E+00   3.58472E+02  9.08523E+00   1.89150E-01  8.91465E+00   1.98389E+00  8.74215E+00   3.85477E+00  8.56832E+00   5.79983E+00  8.39371E+00   7.81711E+00  8.21884E+00   9.90477E+00  8.04418E+00   1.20608E+01  7.87015E+00   1.42833E+01  7.69716E+00   1.65704E+01  7.52555E+00   1.89203E+01  7.35566E+00   2.13310E+01  7.18776E+00   2.38007E+01  7.02209E+00   2.63278E+01  6.85888E+00   2.89104E+01  6.69830E+00   3.15466E+01  6.54053E+00   3.42351E+01  6.38567E+00   3.69738E+01  6.23386E+00   3.97614E+01  6.08515E+00   4.25962E+01  5.93963E+00   4.54766E+01  5.79734E+00   4.84013E+01  5.65831E+00   5.13688E+01 
 5.69044E+00   5.07310E+01  5.83098E+00   4.77575E+01  5.97485E+00   4.48269E+01  6.12201E+00   4.19404E+01  6.27242E+00   3.90995E+01  6.42602E+00   3.63059E+01  6.58273E+00   3.35610E+01  6.74244E+00   3.08666E+01  6.90502E+00   2.82243E+01  7.07030E+00   2.56357E+01  7.23811E+00   2.31027E+01  7.40824E+00   2.06270E+01  7.58041E+00   1.82104E+01  7.75437E+00   1.58547E+01  7.92976E+00   1.35618E+01  8.10626E+00   1.13336E+01  8.28344E+00   9.17195E+00  8.46088E+00   7.07877E+00  8.63809E+00   5.05606E+00  8.81455E+00   3.10570E+00  8.98970E+00   1.22965E+00  9.16294E+00   3.59430E+02  9.33364E+00   3.57708E+02  9.50111E+00   3.56067E+02  9.66465E+00   3.54507E+02  9.82354E+00   3.53031E+02  9.97703E+00   3.51641E+02  1.01243E+01   3.50338E+02  1.02647E+01   3.49124E+02  1.03974E+01   3.48001E+02  1.05215E+01   3.46970E+02  1.06365E+01   3.46032E+02  1.07415E+01   3.45190E+02  1.08360E+01   3.44443E+02  1.09192E+01   3.43794E+02  1.09906E+01   3.43243E+02  1.10497E+01   3.42791E+02  1.10962E+01   3.42438E+02  1.11296E+01   3.42186E+02  1.11497E+01   3.42035E+02  1.11565E+01   3.41984E+02  1.11497E+01   3.42035E+02  1.11296E+01   3.42186E+02  1.10962E+01   3.42438E+02  1.10497E+01   3.42791E+02  1.09906E+01   3.43243E+02  1.09192E+01   3.43794E+02  1.08360E+01   3.44443E+02  1.07415E+01   3.45190E+02  1.06365E+01   3.46032E+02  1.05215E+01   3.46970E+02  1.03974E+01   3.48001E+02  1.02647E+01   3.49124E+02  1.01243E+01   3.50338E+02  9.97703E+00   3.51641E+02  9.82355E+00   3.53031E+02  9.66465E+00   3.54507E+02  9.50111E+00   3.56067E+02  9.33364E+00   3.57708E+02  9.16294E+00   3.59430E+02  8.98970E+00   1.22968E+00  8.81455E+00   3.10572E+00  8.63809E+00   5.05608E+00  8.46088E+00   7.07877E+00  8.28344E+00   9.17196E+00  8.10626E+00   1.13336E+01  7.92976E+00   1.35618E+01  7.75436E+00   1.58547E+01  7.58041E+00   1.82104E+01  7.40823E+00   2.06270E+01  7.23811E+00   2.31027E+01  7.07030E+00   2.56357E+01  6.90502E+00   2.82243E+01  6.74244E+00   3.08666E+01  6.58273E+00   3.35611E+01  6.42602E+00   3.63059E+01  6.27242E+00   3.90995E+01  6.12201E+00   4.19404E+01  5.97485E+00   4.48268E+01  5.83098E+00   4.77575E+01  5.69044E+00   5.07310E+01 
 5.71947E+00   5.01595E+01  5.86137E+00   4.71807E+01  6.00667E+00   4.42446E+01  6.15532E+00   4.13527E+01  6.30728E+00   3.85064E+01  6.46250E+00   3.57073E+01  6.62090E+00   3.29570E+01  6.78235E+00   3.02571E+01  6.94676E+00   2.76094E+01  7.11393E+00   2.50155E+01  7.28369E+00   2.24771E+01  7.45582E+00   1.99961E+01  7.63008E+00   1.75742E+01  7.80617E+00   1.52133E+01  7.98376E+00   1.29152E+01  8.16249E+00   1.06818E+01  8.34197E+00   8.51515E+00  8.52174E+00   6.41701E+00  8.70132E+00   4.38945E+00  8.88018E+00   2.43433E+00  9.05774E+00   5.53642E-01  9.23341E+00   3.58749E+02  9.40652E+00   3.57023E+02  9.57640E+00   3.55378E+02  9.74233E+00   3.53814E+02  9.90357E+00   3.52334E+02  1.00593E+01   3.50940E+02  1.02089E+01   3.49634E+02  1.03514E+01   3.48416E+02  1.04861E+01   3.47290E+02  1.06122E+01   3.46256E+02  1.07290E+01   3.45316E+02  1.08357E+01   3.44471E+02  1.09316E+01   3.43722E+02  1.10161E+01   3.43071E+02  1.10887E+01   3.42518E+02  1.11488E+01   3.42065E+02  1.11960E+01   3.41712E+02  1.12300E+01   3.41459E+02  1.12504E+01   3.41307E+02  1.12573E+01   3.41256E+02  1.12504E+01   3.41307E+02  1.12300E+01   3.41459E+02  1.11960E+01   3.41712E+02  1.11488E+01   3.42065E+02  1.10887E+01   3.42518E+02  1.10161E+01   3.43071E+02  1.09316E+01   3.43722E+02  1.08357E+01   3.44471E+02  1.07290E+01   3.45316E+02  1.06122E+01   3.46256E+02  1.04861E+01   3.47290E+02  1.03514E+01   3.48416E+02  1.02089E+01   3.49634E+02  1.00593E+01   3.50940E+02  9.90357E+00   3.52334E+02  9.74233E+00   3.53814E+02  9.57640E+00   3.55378E+02  9.40652E+00   3.57023E+02  9.23341E+00   3.58749E+02  9.05774E+00   5.53666E-01  8.88018E+00   2.43435E+00  8.70132E+00   4.38947E+00  8.52174E+00   6.41702E+00  8.34197E+00   8.51515E+00  8.16250E+00   1.06818E+01  7.98376E+00   1.29152E+01  7.80616E+00   1.52133E+01  7.63007E+00   1.75742E+01  7.45582E+00   1.99961E+01  7.28369E+00   2.24771E+01  7.11392E+00   2.50154E+01  6.94676E+00   2.76094E+01  6.78236E+00   3.02571E+01  6.62090E+00   3.29570E+01  6.46251E+00   3.57074E+01  6.30729E+00   3.85064E+01  6.15532E+00   4.13527E+01  6.00667E+00   4.42446E+01  5.86137E+00   4.71807E+01  5.71947E+00   5.01596E+01 
 5.74530E+00   4.96546E+01  5.88843E+00   4.66711E+01  6.03500E+00   4.37302E+01  6.18498E+00   4.08334E+01  6.33833E+00   3.79823E+01  6.49500E+00   3.51785E+01  6.65490E+00   3.24233E+01  6.81792E+00   2.97186E+01  6.98395E+00   2.70662E+01  7.15280E+00   2.44674E+01  7.32431E+00   2.19243E+01  7.49825E+00   1.94386E+01  7.67436E+00   1.70120E+01  7.85236E+00   1.46464E+01  8.03191E+00   1.23438E+01  8.21266E+00   1.01059E+01  8.39419E+00   7.93475E+00  8.57605E+00   5.83224E+00  8.75775E+00   3.80036E+00  8.93876E+00   1.84104E+00  9.11849E+00   3.59956E+02  9.29632E+00   3.58148E+02  9.47161E+00   3.56418E+02  9.64365E+00   3.54768E+02  9.81172E+00   3.53201E+02  9.97506E+00   3.51718E+02  1.01329E+01   3.50321E+02  1.02844E+01   3.49011E+02  1.04289E+01   3.47791E+02  1.05654E+01   3.46662E+02  1.06932E+01   3.45625E+02  1.08116E+01   3.44683E+02  1.09198E+01   3.43835E+02  1.10171E+01   3.43085E+02  1.11028E+01   3.42432E+02  1.11764E+01   3.41878E+02  1.12374E+01   3.41423E+02  1.12852E+01   3.41069E+02  1.13197E+01   3.40816E+02  1.13404E+01   3.40663E+02  1.13474E+01   3.40613E+02  1.13404E+01   3.40663E+02  1.13197E+01   3.40816E+02  1.12852E+01   3.41069E+02  1.12374E+01   3.41423E+02  1.11764E+01   3.41878E+02  1.11028E+01   3.42432E+02  1.10171E+01   3.43085E+02  1.09198E+01   3.43835E+02  1.08116E+01   3.44683E+02  1.06932E+01   3.45625E+02  1.05654E+01   3.46662E+02  1.04289E+01   3.47791E+02  1.02844E+01   3.49011E+02  1.01329E+01   3.50321E+02  9.97506E+00   3.51718E+02  9.81172E+00   3.53201E+02  9.64365E+00   3.54768E+02  9.47161E+00   3.56418E+02  9.29632E+00   3.58148E+02  9.11849E+00   3.59956E+02  8.93876E+00   1.84105E+00  8.75776E+00   3.80039E+00  8.57605E+00   5.83225E+00  8.39419E+00   7.93476E+00  8.21266E+00   1.01059E+01  8.03191E+00   1.23437E+01  7.85236E+00   1.46464E+01  7.67436E+00   1.70120E+01  7.49824E+00   1.94386E+01  7.32431E+00   2.19243E+01  7.15280E+00   2.44674E+01  6.98395E+00   2.70661E+01  6.81792E+00   2.97186E+01  6.65490E+00   3.24233E+01  6.49500E+00   3.51785E+01  6.33833E+00   3.79823E+01  6.18497E+00   4.08335E+01  6.03499E+00   4.37301E+01  5.88843E+00   4.66710E+01  5.74530E+00   4.96547E+01 
 5.76785E+00   4.92166E+01  5.91205E+00   4.62289E+01  6.05974E+00   4.32838E+01  6.21088E+00   4.03829E+01  6.36545E+00   3.75276E+01  6.52339E+00   3.47195E+01  6.68461E+00   3.19602E+01  6.84900E+00   2.92514E+01  7.01646E+00   2.65947E+01  7.18679E+00   2.39918E+01  7.35983E+00   2.14446E+01  7.53535E+00   1.89548E+01  7.71309E+00   1.65241E+01  7.89277E+00   1.41545E+01  8.07405E+00   1.18479E+01  8.25656E+00   9.60608E+00  8.43989E+00   7.43108E+00  8.62359E+00   5.32475E+00  8.80715E+00   3.28915E+00  8.99004E+00   1.32616E+00  9.17167E+00   3.59438E+02  9.35142E+00   3.57626E+02  9.52861E+00   3.55893E+02  9.70255E+00   3.54240E+02  9.87250E+00   3.52669E+02  1.00377E+01   3.51183E+02  1.01973E+01   3.49783E+02  1.03506E+01   3.48471E+02  1.04967E+01   3.47248E+02  1.06349E+01   3.46116E+02  1.07642E+01   3.45078E+02  1.08841E+01   3.44133E+02  1.09935E+01   3.43284E+02  1.10920E+01   3.42532E+02  1.11788E+01   3.41878E+02  1.12533E+01   3.41322E+02  1.13150E+01   3.40867E+02  1.13635E+01   3.40512E+02  1.13983E+01   3.40258E+02  1.14194E+01   3.40105E+02  1.14264E+01   3.40054E+02  1.14194E+01   3.40105E+02  1.13983E+01   3.40258E+02  1.13635E+01   3.40512E+02  1.13150E+01   3.40867E+02  1.12533E+01   3.41322E+02  1.11788E+01   3.41878E+02  1.10920E+01   3.42532E+02  1.09935E+01   3.43284E+02  1.08840E+01   3.44133E+02  1.07642E+01   3.45078E+02  1.06349E+01   3.46116E+02  1.04967E+01   3.47248E+02  1.03506E+01   3.48471E+02  1.01973E+01   3.49783E+02  1.00377E+01   3.51183E+02  9.87250E+00   3.52669E+02  9.70255E+00   3.54240E+02  9.52862E+00   3.55893E+02  9.35142E+00   3.57626E+02  9.17168E+00   3.59438E+02  8.99004E+00   1.32617E+00  8.80716E+00   3.28918E+00  8.62359E+00   5.32477E+00  8.43989E+00   7.43109E+00  8.25656E+00   9.60609E+00  8.07405E+00   1.18479E+01  7.89277E+00   1.41545E+01  7.71309E+00   1.65241E+01  7.53534E+00   1.89548E+01  7.35983E+00   2.14446E+01  7.18679E+00   2.39918E+01  7.01645E+00   2.65947E+01  6.84901E+00   2.92514E+01  6.68461E+00   3.19602E+01  6.52339E+00   3.47196E+01  6.36545E+00   3.75276E+01  6.21088E+00   4.03829E+01  6.05973E+00   4.32838E+01  5.91205E+00   4.62288E+01  5.76786E+00   4.92166E+01 
 5.78706E+00   4.88455E+01  5.93217E+00   4.58543E+01  6.08081E+00   4.29057E+01  6.23295E+00   4.00013E+01  6.38856E+00   3.71424E+01  6.54758E+00   3.43308E+01  6.70993E+00   3.15680E+01  6.87550E+00   2.88556E+01  7.04417E+00   2.61954E+01  7.21577E+00   2.35890E+01  7.39012E+00   2.10383E+01  7.56699E+00   1.85450E+01  7.74613E+00   1.61108E+01  7.92724E+00   1.37379E+01  8.10999E+00   1.14278E+01  8.29401E+00   9.18271E+00  8.47889E+00   7.00442E+00  8.66416E+00   4.89487E+00  8.84931E+00   2.85609E+00  9.03382E+00   8.90000E-01  9.21708E+00   3.58999E+02  9.39846E+00   3.57184E+02  9.57729E+00   3.55448E+02  9.75285E+00   3.53792E+02  9.92440E+00   3.52219E+02  1.00912E+01   3.50730E+02  1.02524E+01   3.49328E+02  1.04072E+01   3.48013E+02  1.05547E+01   3.46788E+02  1.06942E+01   3.45655E+02  1.08249E+01   3.44614E+02  1.09459E+01   3.43668E+02  1.10565E+01   3.42817E+02  1.11560E+01   3.42063E+02  1.12437E+01   3.41408E+02  1.13190E+01   3.40851E+02  1.13813E+01   3.40395E+02  1.14303E+01   3.40039E+02  1.14656E+01   3.39785E+02  1.14868E+01   3.39632E+02  1.14939E+01   3.39581E+02  1.14868E+01   3.39632E+02  1.14656E+01   3.39785E+02  1.14303E+01   3.40039E+02  1.13813E+01   3.40395E+02  1.13190E+01   3.40851E+02  1.12437E+01   3.41408E+02  1.11560E+01   3.42063E+02  1.10565E+01   3.42817E+02  1.09459E+01   3.43667E+02  1.08249E+01   3.44614E+02  1.06942E+01   3.45655E+02  1.05547E+01   3.46788E+02  1.04072E+01   3.48013E+02  1.02524E+01   3.49328E+02  1.00912E+01   3.50730E+02  9.92441E+00   3.52219E+02  9.75285E+00   3.53792E+02  9.57729E+00   3.55448E+02  9.39846E+00   3.57184E+02  9.21708E+00   3.58999E+02  9.03382E+00   8.90014E-01  8.84932E+00   2.85612E+00  8.66416E+00   4.89487E+00  8.47889E+00   7.00443E+00  8.29401E+00   9.18271E+00  8.10999E+00   1.14278E+01  7.92724E+00   1.37379E+01  7.74613E+00   1.61108E+01  7.56699E+00   1.85450E+01  7.39012E+00   2.10383E+01  7.21577E+00   2.35890E+01  7.04417E+00   2.61954E+01  6.87550E+00   2.88556E+01  6.70993E+00   3.15680E+01  6.54758E+00   3.43309E+01  6.38856E+00   3.71424E+01  6.23295E+00   4.00013E+01  6.08080E+00   4.29057E+01  5.93217E+00   4.58543E+01  5.78707E+00   4.88456E+01 
 5.80286E+00   4.85417E+01  5.94872E+00   4.55476E+01  6.09815E+00   4.25961E+01  6.25111E+00   3.96888E+01  6.40757E+00   3.68270E+01  6.56749E+00   3.40125E+01  6.73077E+00   3.12467E+01  6.89731E+00   2.85315E+01  7.06699E+00   2.58684E+01  7.23963E+00   2.32591E+01  7.41506E+00   2.07055E+01  7.59305E+00   1.82094E+01  7.77333E+00   1.57724E+01  7.95563E+00   1.33967E+01  8.13960E+00   1.10838E+01  8.32487E+00   8.83599E+00  8.51101E+00   6.65501E+00  8.69758E+00   4.54281E+00  8.88406E+00   2.50145E+00  9.06990E+00   5.32810E-01  9.25450E+00   3.58639E+02  9.43723E+00   3.56822E+02  9.61741E+00   3.55083E+02  9.79431E+00   3.53425E+02  9.96720E+00   3.51850E+02  1.01353E+01   3.50359E+02  1.02977E+01   3.48955E+02  1.04538E+01   3.47638E+02  1.06025E+01   3.46411E+02  1.07432E+01   3.45276E+02  1.08750E+01   3.44234E+02  1.09970E+01   3.43286E+02  1.11085E+01   3.42434E+02  1.12088E+01   3.41680E+02  1.12973E+01   3.41023E+02  1.13732E+01   3.40466E+02  1.14361E+01   3.40009E+02  1.14855E+01   3.39652E+02  1.15210E+01   3.39397E+02  1.15424E+01   3.39244E+02  1.15496E+01   3.39193E+02  1.15424E+01   3.39244E+02  1.15210E+01   3.39397E+02  1.14855E+01   3.39652E+02  1.14361E+01   3.40009E+02  1.13732E+01   3.40466E+02  1.12973E+01   3.41023E+02  1.12088E+01   3.41680E+02  1.11085E+01   3.42434E+02  1.09970E+01   3.43286E+02  1.08749E+01   3.44234E+02  1.07432E+01   3.45276E+02  1.06025E+01   3.46411E+02  1.04538E+01   3.47638E+02  1.02977E+01   3.48955E+02  1.01353E+01   3.50359E+02  9.96720E+00   3.51850E+02  9.79431E+00   3.53425E+02  9.61741E+00   3.55083E+02  9.43723E+00   3.56822E+02  9.25450E+00   3.58639E+02  9.06990E+00   5.32820E-01  8.88406E+00   2.50146E+00  8.69758E+00   4.54282E+00  8.51102E+00   6.65503E+00  8.32487E+00   8.83600E+00  8.13960E+00   1.10839E+01  7.95563E+00   1.33967E+01  7.77333E+00   1.57724E+01  7.59304E+00   1.82094E+01  7.41506E+00   2.07055E+01  7.23963E+00   2.32591E+01  7.06698E+00   2.58684E+01  6.89731E+00   2.85315E+01  6.73077E+00   3.12468E+01  6.56749E+00   3.40126E+01  6.40758E+00   3.68270E+01  6.25110E+00   3.96888E+01  6.09814E+00   4.25961E+01  5.94872E+00   4.55476E+01  5.80286E+00   4.85418E+01 
 5.81520E+00   4.83053E+01  5.96165E+00   4.53089E+01  6.11169E+00   4.23552E+01  6.26529E+00   3.94455E+01  6.42243E+00   3.65816E+01  6.58305E+00   3.37648E+01  6.74706E+00   3.09967E+01  6.91435E+00   2.82792E+01  7.08482E+00   2.56139E+01  7.25828E+00   2.30024E+01  7.43456E+00   2.04466E+01  7.61342E+00   1.79482E+01  7.79461E+00   1.55090E+01  7.97783E+00   1.31311E+01  8.16275E+00   1.08161E+01  8.34900E+00   8.56612E+00  8.53614E+00   6.38304E+00  8.72373E+00   4.26879E+00  8.91124E+00   2.22541E+00  9.09812E+00   2.54779E-01  9.28378E+00   3.58359E+02  9.46757E+00   3.56540E+02  9.64880E+00   3.54800E+02  9.82676E+00   3.53140E+02  1.00007E+01   3.51563E+02  1.01698E+01   3.50070E+02  1.03333E+01   3.48664E+02  1.04903E+01   3.47346E+02  1.06400E+01   3.46118E+02  1.07815E+01   3.44982E+02  1.09141E+01   3.43938E+02  1.10369E+01   3.42989E+02  1.11492E+01   3.42137E+02  1.12502E+01   3.41381E+02  1.13392E+01   3.40724E+02  1.14156E+01   3.40166E+02  1.14789E+01   3.39708E+02  1.15286E+01   3.39351E+02  1.15644E+01   3.39096E+02  1.15860E+01   3.38943E+02  1.15932E+01   3.38892E+02  1.15860E+01   3.38943E+02  1.15644E+01   3.39096E+02  1.15286E+01   3.39351E+02  1.14789E+01   3.39708E+02  1.14156E+01   3.40166E+02  1.13392E+01   3.40724E+02  1.12502E+01   3.41381E+02  1.11492E+01   3.42137E+02  1.10369E+01   3.42989E+02  1.09141E+01   3.43938E+02  1.07815E+01   3.44982E+02  1.06400E+01   3.46118E+02  1.04903E+01   3.47346E+02  1.03333E+01   3.48664E+02  1.01698E+01   3.50070E+02  1.00007E+01   3.51563E+02  9.82676E+00   3.53140E+02  9.64880E+00   3.54800E+02  9.46757E+00   3.56540E+02  9.28378E+00   3.58359E+02  9.09812E+00   2.54794E-01  8.91124E+00   2.22541E+00  8.72373E+00   4.26880E+00  8.53615E+00   6.38306E+00  8.34900E+00   8.56614E+00  8.16275E+00   1.08161E+01  7.97783E+00   1.31311E+01  7.79461E+00   1.55090E+01  7.61341E+00   1.79481E+01  7.43455E+00   2.04465E+01  7.25828E+00   2.30023E+01  7.08482E+00   2.56139E+01  6.91436E+00   2.82792E+01  6.74706E+00   3.09967E+01  6.58305E+00   3.37648E+01  6.42243E+00   3.65816E+01  6.26529E+00   3.94456E+01  6.11169E+00   4.23552E+01  5.96165E+00   4.53089E+01  5.81521E+00   4.83053E+01 
 5.82405E+00   4.81363E+01  5.97092E+00   4.51383E+01  6.12140E+00   4.21830E+01  6.27546E+00   3.92717E+01  6.43308E+00   3.64061E+01  6.59420E+00   3.35877E+01  6.75873E+00   3.08180E+01  6.92657E+00   2.80989E+01  7.09761E+00   2.54320E+01  7.27166E+00   2.28189E+01  7.44854E+00   2.02615E+01  7.62803E+00   1.77615E+01  7.80986E+00   1.53208E+01  7.99375E+00   1.29413E+01  8.17936E+00   1.06248E+01  8.36631E+00   8.37325E+00  8.55417E+00   6.18868E+00  8.74248E+00   4.07295E+00  8.93074E+00   2.02812E+00  9.11837E+00   5.60747E-02  9.30478E+00   3.58159E+02  9.48933E+00   3.56339E+02  9.67133E+00   3.54597E+02  9.85004E+00   3.52936E+02  1.00247E+01   3.51358E+02  1.01946E+01   3.49864E+02  1.03587E+01   3.48457E+02  1.05164E+01   3.47138E+02  1.06668E+01   3.45909E+02  1.08090E+01   3.44771E+02  1.09422E+01   3.43727E+02  1.10656E+01   3.42777E+02  1.11784E+01   3.41924E+02  1.12798E+01   3.41167E+02  1.13693E+01   3.40509E+02  1.14461E+01   3.39951E+02  1.15097E+01   3.39493E+02  1.15596E+01   3.39136E+02  1.15956E+01   3.38880E+02  1.16173E+01   3.38727E+02  1.16245E+01   3.38676E+02  1.16173E+01   3.38727E+02  1.15956E+01   3.38880E+02  1.15596E+01   3.39136E+02  1.15097E+01   3.39493E+02  1.14461E+01   3.39951E+02  1.13693E+01   3.40509E+02  1.12798E+01   3.41167E+02  1.11784E+01   3.41924E+02  1.10656E+01   3.42777E+02  1.09422E+01   3.43727E+02  1.08090E+01   3.44771E+02  1.06668E+01   3.45909E+02  1.05164E+01   3.47138E+02  1.03587E+01   3.48457E+02  1.01946E+01   3.49864E+02  1.00247E+01   3.51358E+02  9.85004E+00   3.52936E+02  9.67133E+00   3.54597E+02  9.48933E+00   3.56339E+02  9.30478E+00   3.58159E+02  9.11837E+00   5.60895E-02  8.93074E+00   2.02813E+00  8.74249E+00   4.07296E+00  8.55417E+00   6.18869E+00  8.36631E+00   8.37327E+00  8.17936E+00   1.06248E+01  7.99375E+00   1.29413E+01  7.80986E+00   1.53208E+01  7.62802E+00   1.77615E+01  7.44853E+00   2.02614E+01  7.27165E+00   2.28188E+01  7.09760E+00   2.54320E+01  6.92658E+00   2.80989E+01  6.75873E+00   3.08181E+01  6.59420E+00   3.35878E+01  6.43308E+00   3.64061E+01  6.27546E+00   3.92717E+01  6.12139E+00   4.21830E+01  5.97092E+00   4.51383E+01  5.82405E+00   4.81363E+01 
 5.82936E+00   4.80349E+01  5.97649E+00   4.50359E+01  6.12724E+00   4.20796E+01  6.28158E+00   3.91674E+01  6.43949E+00   3.63008E+01  6.60091E+00   3.34815E+01  6.76575E+00   3.07108E+01  6.93392E+00   2.79907E+01  7.10530E+00   2.53228E+01  7.27970E+00   2.27087E+01  7.45695E+00   2.01504E+01  7.63681E+00   1.76494E+01  7.81904E+00   1.52078E+01  8.00333E+00   1.28273E+01  8.18935E+00   1.05099E+01  8.37672E+00   8.25749E+00  8.56501E+00   6.07202E+00  8.75377E+00   3.95540E+00  8.94247E+00   1.90970E+00  9.13056E+00   3.59937E+02  9.31742E+00   3.58039E+02  9.50243E+00   3.56218E+02  9.68488E+00   3.54475E+02  9.86405E+00   3.52814E+02  1.00392E+01   3.51235E+02  1.02095E+01   3.49740E+02  1.03741E+01   3.48332E+02  1.05322E+01   3.47013E+02  1.06830E+01   3.45783E+02  1.08256E+01   3.44645E+02  1.09591E+01   3.43600E+02  1.10829E+01   3.42650E+02  1.11960E+01   3.41796E+02  1.12977E+01   3.41039E+02  1.13874E+01   3.40381E+02  1.14644E+01   3.39822E+02  1.15282E+01   3.39364E+02  1.15783E+01   3.39007E+02  1.16143E+01   3.38751E+02  1.16361E+01   3.38598E+02  1.16433E+01   3.38546E+02  1.16361E+01   3.38598E+02  1.16143E+01   3.38751E+02  1.15783E+01   3.39007E+02  1.15282E+01   3.39364E+02  1.14644E+01   3.39822E+02  1.13874E+01   3.40381E+02  1.12977E+01   3.41039E+02  1.11960E+01   3.41796E+02  1.10829E+01   3.42650E+02  1.09591E+01   3.43600E+02  1.08256E+01   3.44645E+02  1.06830E+01   3.45783E+02  1.05322E+01   3.47013E+02  1.03741E+01   3.48332E+02  1.02095E+01   3.49740E+02  1.00392E+01   3.51235E+02  9.86405E+00   3.52814E+02  9.68488E+00   3.54475E+02  9.50243E+00   3.56218E+02  9.31742E+00   3.58039E+02  9.13056E+00   3.59937E+02  8.94247E+00   1.90971E+00  8.75377E+00   3.95541E+00  8.56502E+00   6.07203E+00  8.37672E+00   8.25750E+00  8.18935E+00   1.05099E+01  8.00333E+00   1.28273E+01  7.81904E+00   1.52078E+01  7.63681E+00   1.76494E+01  7.45694E+00   2.01504E+01  7.27969E+00   2.27087E+01  7.10529E+00   2.53228E+01  6.93393E+00   2.79907E+01  6.76576E+00   3.07108E+01  6.60091E+00   3.34815E+01  6.43949E+00   3.63008E+01  6.28158E+00   3.91674E+01  6.12723E+00   4.20796E+01  5.97649E+00   4.50359E+01  5.82937E+00   4.80349E+01 
 5.83114E+00   4.80010E+01  5.97835E+00   4.50018E+01  6.12918E+00   4.20452E+01  6.28362E+00   3.91326E+01  6.44162E+00   3.62657E+01  6.60314E+00   3.34460E+01  6.76810E+00   3.06751E+01  6.93638E+00   2.79546E+01  7.10786E+00   2.52864E+01  7.28238E+00   2.26720E+01  7.45975E+00   2.01133E+01  7.63975E+00   1.76121E+01  7.82210E+00   1.51701E+01  8.00653E+00   1.27894E+01  8.19269E+00   1.04716E+01  8.38020E+00   8.21889E+00  8.56863E+00   6.03312E+00  8.75754E+00   3.91621E+00  8.94638E+00   1.87022E+00  9.13462E+00   3.59897E+02  9.32164E+00   3.57999E+02  9.50680E+00   3.56177E+02  9.68941E+00   3.54435E+02  9.86873E+00   3.52773E+02  1.00440E+01   3.51194E+02  1.02144E+01   3.49699E+02  1.03792E+01   3.48291E+02  1.05375E+01   3.46971E+02  1.06884E+01   3.45741E+02  1.08311E+01   3.44603E+02  1.09648E+01   3.43558E+02  1.10886E+01   3.42607E+02  1.12018E+01   3.41753E+02  1.13037E+01   3.40996E+02  1.13934E+01   3.40338E+02  1.14705E+01   3.39779E+02  1.15343E+01   3.39321E+02  1.15845E+01   3.38964E+02  1.16206E+01   3.38708E+02  1.16424E+01   3.38555E+02  1.16496E+01   3.38503E+02  1.16424E+01   3.38555E+02  1.16206E+01   3.38708E+02  1.15845E+01   3.38964E+02  1.15343E+01   3.39321E+02  1.14705E+01   3.39779E+02  1.13934E+01   3.40338E+02  1.13037E+01   3.40996E+02  1.12018E+01   3.41753E+02  1.10886E+01   3.42607E+02  1.09648E+01   3.43558E+02  1.08311E+01   3.44603E+02  1.06884E+01   3.45741E+02  1.05375E+01   3.46971E+02  1.03792E+01   3.48291E+02  1.02144E+01   3.49699E+02  1.00440E+01   3.51193E+02  9.86873E+00   3.52773E+02  9.68941E+00   3.54435E+02  9.50680E+00   3.56177E+02  9.32164E+00   3.57999E+02  9.13462E+00   3.59897E+02  8.94638E+00   1.87023E+00  8.75754E+00   3.91622E+00  8.56864E+00   6.03313E+00  8.38020E+00   8.21891E+00  8.19269E+00   1.04716E+01  8.00653E+00   1.27893E+01  7.82210E+00   1.51701E+01  7.63974E+00   1.76121E+01  7.45975E+00   2.01133E+01  7.28238E+00   2.26720E+01  7.10786E+00   2.52864E+01  6.93638E+00   2.79546E+01  6.76810E+00   3.06751E+01  6.60314E+00   3.34461E+01  6.44162E+00   3.62658E+01  6.28362E+00   3.91326E+01  6.12918E+00   4.20452E+01  5.97835E+00   4.50018E+01  5.83114E+00   4.80011E+01 
 5.82936E+00   4.80349E+01  5.97649E+00   4.50359E+01  6.12723E+00   4.20797E+01  6.28158E+00   3.91674E+01  6.43949E+00   3.63008E+01  6.60090E+00   3.34815E+01  6.76576E+00   3.07108E+01  6.93392E+00   2.79907E+01  7.10530E+00   2.53228E+01  7.27970E+00   2.27087E+01  7.45694E+00   2.01504E+01  7.63681E+00   1.76494E+01  7.81904E+00   1.52078E+01  8.00333E+00   1.28273E+01  8.18935E+00   1.05099E+01  8.37672E+00   8.25750E+00  8.56501E+00   6.07202E+00  8.75377E+00   3.95539E+00  8.94247E+00   1.90971E+00  9.13055E+00   3.59937E+02  9.31742E+00   3.58039E+02  9.50243E+00   3.56218E+02  9.68488E+00   3.54475E+02  9.86405E+00   3.52814E+02  1.00392E+01   3.51235E+02  1.02095E+01   3.49740E+02  1.03741E+01   3.48332E+02  1.05322E+01   3.47013E+02  1.06830E+01   3.45783E+02  1.08256E+01   3.44645E+02  1.09591E+01   3.43600E+02  1.10829E+01   3.42650E+02  1.11960E+01   3.41796E+02  1.12977E+01   3.41039E+02  1.13874E+01   3.40381E+02  1.14644E+01   3.39822E+02  1.15282E+01   3.39364E+02  1.15783E+01   3.39007E+02  1.16143E+01   3.38751E+02  1.16361E+01   3.38598E+02  1.16433E+01   3.38546E+02  1.16361E+01   3.38598E+02  1.16143E+01   3.38751E+02  1.15783E+01   3.39007E+02  1.15282E+01   3.39364E+02  1.14644E+01   3.39822E+02  1.13874E+01   3.40381E+02  1.12977E+01   3.41039E+02  1.11960E+01   3.41796E+02  1.10829E+01   3.42650E+02  1.09591E+01   3.43600E+02  1.08256E+01   3.44645E+02  1.06830E+01   3.45783E+02  1.05322E+01   3.47013E+02  1.03741E+01   3.48332E+02  1.02095E+01   3.49740E+02  1.00392E+01   3.51235E+02  9.86405E+00   3.52814E+02  9.68488E+00   3.54475E+02  9.50243E+00   3.56218E+02  9.31742E+00   3.58039E+02  9.13055E+00   3.59937E+02  8.94247E+00   1.90971E+00  8.75377E+00   3.95540E+00  8.56502E+00   6.07202E+00  8.37672E+00   8.25750E+00  8.18935E+00   1.05099E+01  8.00333E+00   1.28273E+01  7.81904E+00   1.52078E+01  7.63681E+00   1.76494E+01  7.45694E+00   2.01504E+01  7.27969E+00   2.27087E+01  7.10529E+00   2.53228E+01  6.93393E+00   2.79907E+01  6.76576E+00   3.07109E+01  6.60091E+00   3.34815E+01  6.43949E+00   3.63009E+01  6.28157E+00   3.91674E+01  6.12723E+00   4.20796E+01  5.97649E+00   4.50359E+01  5.82937E+00   4.80349E+01 
 5.82405E+00   4.81363E+01  5.97092E+00   4.51383E+01  6.12140E+00   4.21830E+01  6.27546E+00   3.92717E+01  6.43308E+00   3.64061E+01  6.59420E+00   3.35877E+01  6.75873E+00   3.08181E+01  6.92657E+00   2.80989E+01  7.09760E+00   2.54320E+01  7.27165E+00   2.28189E+01  7.44853E+00   2.02615E+01  7.62803E+00   1.77615E+01  7.80986E+00   1.53208E+01  7.99375E+00   1.29413E+01  8.17936E+00   1.06247E+01  8.36631E+00   8.37327E+00  8.55417E+00   6.18869E+00  8.74248E+00   4.07294E+00  8.93073E+00   2.02812E+00  9.11837E+00   5.60746E-02  9.30478E+00   3.58159E+02  9.48933E+00   3.56339E+02  9.67133E+00   3.54597E+02  9.85004E+00   3.52936E+02  1.00247E+01   3.51358E+02  1.01946E+01   3.49864E+02  1.03587E+01   3.48457E+02  1.05164E+01   3.47138E+02  1.06668E+01   3.45909E+02  1.08090E+01   3.44771E+02  1.09422E+01   3.43727E+02  1.10656E+01   3.42777E+02  1.11784E+01   3.41924E+02  1.12798E+01   3.41167E+02  1.13693E+01   3.40509E+02  1.14461E+01   3.39951E+02  1.15097E+01   3.39493E+02  1.15596E+01   3.39136E+02  1.15956E+01   3.38880E+02  1.16173E+01   3.38727E+02  1.16245E+01   3.38676E+02  1.16173E+01   3.38727E+02  1.15956E+01   3.38881E+02  1.15596E+01   3.39136E+02  1.15097E+01   3.39493E+02  1.14461E+01   3.39951E+02  1.13693E+01   3.40509E+02  1.12798E+01   3.41167E+02  1.11784E+01   3.41924E+02  1.10656E+01   3.42777E+02  1.09422E+01   3.43727E+02  1.08090E+01   3.44771E+02  1.06668E+01   3.45909E+02  1.05164E+01   3.47138E+02  1.03587E+01   3.48457E+02  1.01946E+01   3.49864E+02  1.00247E+01   3.51358E+02  9.85004E+00   3.52936E+02  9.67133E+00   3.54597E+02  9.48933E+00   3.56339E+02  9.30478E+00   3.58159E+02  9.11837E+00   5.60829E-02  8.93074E+00   2.02813E+00  8.74248E+00   4.07295E+00  8.55417E+00   6.18868E+00  8.36631E+00   8.37326E+00  8.17936E+00   1.06248E+01  7.99375E+00   1.29413E+01  7.80986E+00   1.53208E+01  7.62802E+00   1.77615E+01  7.44853E+00   2.02615E+01  7.27165E+00   2.28189E+01  7.09760E+00   2.54320E+01  6.92657E+00   2.80989E+01  6.75874E+00   3.08181E+01  6.59420E+00   3.35878E+01  6.43308E+00   3.64062E+01  6.27546E+00   3.92717E+01  6.12140E+00   4.21830E+01  5.97092E+00   4.51383E+01  5.82405E+00   4.81363E+01 
 5.81520E+00   4.83053E+01  5.96165E+00   4.53089E+01  6.11169E+00   4.23552E+01  6.26529E+00   3.94455E+01  6.42243E+00   3.65815E+01  6.58304E+00   3.37648E+01  6.74706E+00   3.09967E+01  6.91435E+00   2.82792E+01  7.08482E+00   2.56139E+01  7.25828E+00   2.30023E+01  7.43456E+00   2.04466E+01  7.61342E+00   1.79482E+01  7.79461E+00   1.55090E+01  7.97783E+00   1.31311E+01  8.16275E+00   1.08161E+01  8.34900E+00   8.56613E+00  8.53614E+00   6.38305E+00  8.72373E+00   4.26879E+00  8.91124E+00   2.22542E+00  9.09812E+00   2.54778E-01  9.28378E+00   3.58359E+02  9.46757E+00   3.56540E+02  9.64880E+00   3.54800E+02  9.82676E+00   3.53140E+02  1.00007E+01   3.51563E+02  1.01698E+01   3.50070E+02  1.03333E+01   3.48664E+02  1.04903E+01   3.47346E+02  1.06400E+01   3.46118E+02  1.07815E+01   3.44982E+02  1.09141E+01   3.43938E+02  1.10369E+01   3.42989E+02  1.11492E+01   3.42137E+02  1.12502E+01   3.41381E+02  1.13392E+01   3.40724E+02  1.14156E+01   3.40166E+02  1.14789E+01   3.39708E+02  1.15286E+01   3.39351E+02  1.15644E+01   3.39096E+02  1.15860E+01   3.38943E+02  1.15932E+01   3.38892E+02  1.15860E+01   3.38943E+02  1.15644E+01   3.39096E+02  1.15286E+01   3.39351E+02  1.14789E+01   3.39708E+02  1.14156E+01   3.40166E+02  1.13392E+01   3.40724E+02  1.12502E+01   3.41381E+02  1.11492E+01   3.42137E+02  1.10369E+01   3.42989E+02  1.09141E+01   3.43938E+02  1.07815E+01   3.44982E+02  1.06400E+01   3.46118E+02  1.04903E+01   3.47346E+02  1.03333E+01   3.48664E+02  1.01698E+01   3.50070E+02  1.00007E+01   3.51563E+02  9.82676E+00   3.53140E+02  9.64880E+00   3.54800E+02  9.46757E+00   3.56540E+02  9.28378E+00   3.58359E+02  9.09812E+00   2.54791E-01  8.91124E+00   2.22541E+00  8.72373E+00   4.26880E+00  8.53615E+00   6.38305E+00  8.34900E+00   8.56613E+00  8.16276E+00   1.08161E+01  7.97783E+00   1.31311E+01  7.79460E+00   1.55090E+01  7.61341E+00   1.79481E+01  7.43455E+00   2.04466E+01  7.25828E+00   2.30023E+01  7.08482E+00   2.56139E+01  6.91436E+00   2.82792E+01  6.74706E+00   3.09968E+01  6.58305E+00   3.37648E+01  6.42243E+00   3.65816E+01  6.26529E+00   3.94455E+01  6.11169E+00   4.23552E+01  5.96165E+00   4.53089E+01  5.81521E+00   4.83053E+01 
 5.80286E+00   4.85417E+01  5.94872E+00   4.55476E+01  6.09814E+00   4.25962E+01  6.25111E+00   3.96888E+01  6.40757E+00   3.68270E+01  6.56749E+00   3.40125E+01  6.73077E+00   3.12467E+01  6.89731E+00   2.85315E+01  7.06698E+00   2.58684E+01  7.23963E+00   2.32591E+01  7.41506E+00   2.07055E+01  7.59305E+00   1.82094E+01  7.77334E+00   1.57724E+01  7.95563E+00   1.33967E+01  8.13960E+00   1.10838E+01  8.32487E+00   8.83599E+00  8.51101E+00   6.65502E+00  8.69758E+00   4.54281E+00  8.88406E+00   2.50147E+00  9.06990E+00   5.32813E-01  9.25450E+00   3.58639E+02  9.43723E+00   3.56822E+02  9.61741E+00   3.55083E+02  9.79432E+00   3.53425E+02  9.96720E+00   3.51850E+02  1.01353E+01   3.50359E+02  1.02977E+01   3.48955E+02  1.04538E+01   3.47638E+02  1.06025E+01   3.46411E+02  1.07432E+01   3.45276E+02  1.08749E+01   3.44234E+02  1.09970E+01   3.43286E+02  1.11085E+01   3.42434E+02  1.12088E+01   3.41680E+02  1.12972E+01   3.41023E+02  1.13732E+01   3.40466E+02  1.14361E+01   3.40009E+02  1.14855E+01   3.39652E+02  1.15210E+01   3.39397E+02  1.15424E+01   3.39244E+02  1.15496E+01   3.39193E+02  1.15424E+01   3.39244E+02  1.15210E+01   3.39397E+02  1.14855E+01   3.39652E+02  1.14361E+01   3.40009E+02  1.13732E+01   3.40466E+02  1.12973E+01   3.41023E+02  1.12088E+01   3.41680E+02  1.11085E+01   3.42434E+02  1.09970E+01   3.43286E+02  1.08749E+01   3.44234E+02  1.07432E+01   3.45276E+02  1.06025E+01   3.46411E+02  1.04538E+01   3.47638E+02  1.02977E+01   3.48955E+02  1.01353E+01   3.50359E+02  9.96720E+00   3.51850E+02  9.79431E+00   3.53425E+02  9.61741E+00   3.55083E+02  9.43723E+00   3.56822E+02  9.25450E+00   3.58639E+02  9.06990E+00   5.32823E-01  8.88406E+00   2.50146E+00  8.69758E+00   4.54282E+00  8.51102E+00   6.65501E+00  8.32487E+00   8.83599E+00  8.13960E+00   1.10838E+01  7.95563E+00   1.33966E+01  7.77333E+00   1.57724E+01  7.59304E+00   1.82094E+01  7.41505E+00   2.07056E+01  7.23963E+00   2.32591E+01  7.06698E+00   2.58684E+01  6.89731E+00   2.85315E+01  6.73077E+00   3.12468E+01  6.56749E+00   3.40126E+01  6.40757E+00   3.68271E+01  6.25110E+00   3.96888E+01  6.09815E+00   4.25961E+01  5.94872E+00   4.55476E+01  5.80286E+00   4.85417E+01 
 5.78706E+00   4.88455E+01  5.93217E+00   4.58543E+01  6.08080E+00   4.29058E+01  6.23295E+00   4.00013E+01  6.38856E+00   3.71424E+01  6.54758E+00   3.43308E+01  6.70993E+00   3.15680E+01  6.87550E+00   2.88556E+01  7.04417E+00   2.61954E+01  7.21577E+00   2.35890E+01  7.39012E+00   2.10383E+01  7.56699E+00   1.85450E+01  7.74613E+00   1.61108E+01  7.92724E+00   1.37379E+01  8.10999E+00   1.14278E+01  8.29401E+00   9.18271E+00  8.47888E+00   7.00443E+00  8.66415E+00   4.89487E+00  8.84931E+00   2.85612E+00  9.03382E+00   8.90016E-01  9.21708E+00   3.58999E+02  9.39846E+00   3.57184E+02  9.57729E+00   3.55448E+02  9.75285E+00   3.53792E+02  9.92441E+00   3.52219E+02  1.00912E+01   3.50730E+02  1.02524E+01   3.49328E+02  1.04072E+01   3.48013E+02  1.05547E+01   3.46788E+02  1.06942E+01   3.45655E+02  1.08249E+01   3.44614E+02  1.09459E+01   3.43668E+02  1.10565E+01   3.42817E+02  1.11560E+01   3.42063E+02  1.12437E+01   3.41408E+02  1.13190E+01   3.40851E+02  1.13813E+01   3.40395E+02  1.14303E+01   3.40039E+02  1.14656E+01   3.39785E+02  1.14868E+01   3.39632E+02  1.14939E+01   3.39581E+02  1.14868E+01   3.39632E+02  1.14656E+01   3.39785E+02  1.14303E+01   3.40039E+02  1.13813E+01   3.40395E+02  1.13190E+01   3.40851E+02  1.12437E+01   3.41408E+02  1.11560E+01   3.42063E+02  1.10565E+01   3.42817E+02  1.09459E+01   3.43668E+02  1.08249E+01   3.44614E+02  1.06942E+01   3.45655E+02  1.05547E+01   3.46788E+02  1.04072E+01   3.48013E+02  1.02524E+01   3.49328E+02  1.00912E+01   3.50730E+02  9.92441E+00   3.52219E+02  9.75285E+00   3.53792E+02  9.57728E+00   3.55448E+02  9.39846E+00   3.57184E+02  9.21708E+00   3.58999E+02  9.03382E+00   8.90019E-01  8.84931E+00   2.85610E+00  8.66415E+00   4.89487E+00  8.47889E+00   7.00442E+00  8.29401E+00   9.18271E+00  8.10999E+00   1.14278E+01  7.92724E+00   1.37379E+01  7.74613E+00   1.61108E+01  7.56699E+00   1.85450E+01  7.39011E+00   2.10383E+01  7.21577E+00   2.35890E+01  7.04417E+00   2.61954E+01  6.87550E+00   2.88556E+01  6.70993E+00   3.15680E+01  6.54758E+00   3.43309E+01  6.38856E+00   3.71424E+01  6.23295E+00   4.00013E+01  6.08081E+00   4.29057E+01  5.93217E+00   4.58543E+01  5.78706E+00   4.88456E+01 
 5.76786E+00   4.92166E+01  5.91205E+00   4.62288E+01  6.05973E+00   4.32839E+01  6.21088E+00   4.03829E+01  6.36545E+00   3.75276E+01  6.52338E+00   3.47195E+01  6.68461E+00   3.19602E+01  6.84901E+00   2.92514E+01  7.01646E+00   2.65947E+01  7.18679E+00   2.39918E+01  7.35983E+00   2.14446E+01  7.53535E+00   1.89548E+01  7.71310E+00   1.65241E+01  7.89277E+00   1.41545E+01  8.07405E+00   1.18479E+01  8.25656E+00   9.60608E+00  8.43989E+00   7.43108E+00  8.62359E+00   5.32476E+00  8.80715E+00   3.28918E+00  8.99004E+00   1.32618E+00  9.17167E+00   3.59438E+02  9.35142E+00   3.57626E+02  9.52862E+00   3.55893E+02  9.70256E+00   3.54240E+02  9.87250E+00   3.52669E+02  1.00377E+01   3.51183E+02  1.01973E+01   3.49783E+02  1.03506E+01   3.48471E+02  1.04967E+01   3.47248E+02  1.06349E+01   3.46116E+02  1.07642E+01   3.45078E+02  1.08840E+01   3.44133E+02  1.09935E+01   3.43284E+02  1.10920E+01   3.42532E+02  1.11788E+01   3.41878E+02  1.12533E+01   3.41322E+02  1.13150E+01   3.40867E+02  1.13635E+01   3.40512E+02  1.13983E+01   3.40258E+02  1.14194E+01   3.40105E+02  1.14264E+01   3.40054E+02  1.14194E+01   3.40105E+02  1.13983E+01   3.40258E+02  1.13635E+01   3.40512E+02  1.13150E+01   3.40867E+02  1.12533E+01   3.41322E+02  1.11788E+01   3.41878E+02  1.10920E+01   3.42532E+02  1.09935E+01   3.43284E+02  1.08841E+01   3.44133E+02  1.07642E+01   3.45078E+02  1.06349E+01   3.46116E+02  1.04967E+01   3.47248E+02  1.03506E+01   3.48471E+02  1.01973E+01   3.49783E+02  1.00377E+01   3.51183E+02  9.87250E+00   3.52669E+02  9.70255E+00   3.54240E+02  9.52861E+00   3.55893E+02  9.35142E+00   3.57626E+02  9.17167E+00   3.59438E+02  8.99004E+00   1.32618E+00  8.80715E+00   3.28915E+00  8.62359E+00   5.32475E+00  8.43989E+00   7.43107E+00  8.25656E+00   9.60607E+00  8.07405E+00   1.18479E+01  7.89277E+00   1.41545E+01  7.71309E+00   1.65241E+01  7.53535E+00   1.89548E+01  7.35983E+00   2.14446E+01  7.18679E+00   2.39918E+01  7.01645E+00   2.65947E+01  6.84900E+00   2.92514E+01  6.68461E+00   3.19602E+01  6.52339E+00   3.47196E+01  6.36545E+00   3.75276E+01  6.21088E+00   4.03829E+01  6.05974E+00   4.32838E+01  5.91205E+00   4.62289E+01  5.76786E+00   4.92166E+01 
 5.74530E+00   4.96546E+01  5.88843E+00   4.66711E+01  6.03499E+00   4.37302E+01  6.18497E+00   4.08335E+01  6.33833E+00   3.79823E+01  6.49499E+00   3.51785E+01  6.65490E+00   3.24233E+01  6.81792E+00   2.97186E+01  6.98395E+00   2.70662E+01  7.15280E+00   2.44674E+01  7.32431E+00   2.19243E+01  7.49825E+00   1.94386E+01  7.67436E+00   1.70119E+01  7.85236E+00   1.46464E+01  8.03191E+00   1.23437E+01  8.21266E+00   1.01059E+01  8.39419E+00   7.93475E+00  8.57605E+00   5.83224E+00  8.75775E+00   3.80039E+00  8.93875E+00   1.84105E+00  9.11848E+00   3.59956E+02  9.29632E+00   3.58148E+02  9.47161E+00   3.56418E+02  9.64365E+00   3.54768E+02  9.81172E+00   3.53201E+02  9.97506E+00   3.51718E+02  1.01329E+01   3.50321E+02  1.02844E+01   3.49011E+02  1.04289E+01   3.47791E+02  1.05654E+01   3.46662E+02  1.06932E+01   3.45625E+02  1.08116E+01   3.44683E+02  1.09198E+01   3.43835E+02  1.10171E+01   3.43085E+02  1.11028E+01   3.42432E+02  1.11764E+01   3.41878E+02  1.12374E+01   3.41423E+02  1.12852E+01   3.41069E+02  1.13197E+01   3.40816E+02  1.13404E+01   3.40663E+02  1.13474E+01   3.40613E+02  1.13404E+01   3.40663E+02  1.13197E+01   3.40816E+02  1.12852E+01   3.41069E+02  1.12374E+01   3.41423E+02  1.11764E+01   3.41878E+02  1.11028E+01   3.42432E+02  1.10171E+01   3.43085E+02  1.09198E+01   3.43835E+02  1.08116E+01   3.44683E+02  1.06932E+01   3.45625E+02  1.05654E+01   3.46662E+02  1.04289E+01   3.47791E+02  1.02844E+01   3.49011E+02  1.01329E+01   3.50321E+02  9.97506E+00   3.51718E+02  9.81172E+00   3.53201E+02  9.64365E+00   3.54768E+02  9.47161E+00   3.56418E+02  9.29632E+00   3.58148E+02  9.11848E+00   3.59956E+02  8.93875E+00   1.84106E+00  8.75775E+00   3.80037E+00  8.57605E+00   5.83224E+00  8.39419E+00   7.93474E+00  8.21266E+00   1.01059E+01  8.03191E+00   1.23437E+01  7.85236E+00   1.46464E+01  7.67436E+00   1.70120E+01  7.49825E+00   1.94386E+01  7.32431E+00   2.19243E+01  7.15280E+00   2.44674E+01  6.98394E+00   2.70662E+01  6.81792E+00   2.97187E+01  6.65490E+00   3.24234E+01  6.49499E+00   3.51785E+01  6.33833E+00   3.79823E+01  6.18498E+00   4.08334E+01  6.03500E+00   4.37302E+01  5.88843E+00   4.66711E+01  5.74530E+00   4.96547E+01 
 5.71947E+00   5.01595E+01  5.86138E+00   4.71807E+01  6.00667E+00   4.42447E+01  6.15532E+00   4.13527E+01  6.30728E+00   3.85064E+01  6.46250E+00   3.57073E+01  6.62090E+00   3.29570E+01  6.78236E+00   3.02571E+01  6.94675E+00   2.76094E+01  7.11392E+00   2.50155E+01  7.28369E+00   2.24771E+01  7.45582E+00   1.99961E+01  7.63008E+00   1.75741E+01  7.80616E+00   1.52132E+01  7.98376E+00   1.29152E+01  8.16249E+00   1.06818E+01  8.34197E+00   8.51515E+00  8.52174E+00   6.41702E+00  8.70131E+00   4.38946E+00  8.88017E+00   2.43435E+00  9.05774E+00   5.53658E-01  9.23341E+00   3.58749E+02  9.40652E+00   3.57023E+02  9.57641E+00   3.55378E+02  9.74234E+00   3.53814E+02  9.90357E+00   3.52334E+02  1.00594E+01   3.50940E+02  1.02089E+01   3.49634E+02  1.03514E+01   3.48416E+02  1.04861E+01   3.47290E+02  1.06122E+01   3.46256E+02  1.07290E+01   3.45316E+02  1.08357E+01   3.44471E+02  1.09316E+01   3.43722E+02  1.10161E+01   3.43071E+02  1.10887E+01   3.42518E+02  1.11488E+01   3.42065E+02  1.11960E+01   3.41712E+02  1.12300E+01   3.41459E+02  1.12504E+01   3.41307E+02  1.12573E+01   3.41256E+02  1.12504E+01   3.41307E+02  1.12300E+01   3.41459E+02  1.11960E+01   3.41712E+02  1.11488E+01   3.42065E+02  1.10887E+01   3.42518E+02  1.10161E+01   3.43071E+02  1.09316E+01   3.43722E+02  1.08357E+01   3.44471E+02  1.07290E+01   3.45316E+02  1.06122E+01   3.46256E+02  1.04861E+01   3.47290E+02  1.03514E+01   3.48416E+02  1.02089E+01   3.49634E+02  1.00593E+01   3.50940E+02  9.90357E+00   3.52334E+02  9.74234E+00   3.53814E+02  9.57640E+00   3.55378E+02  9.40652E+00   3.57023E+02  9.23341E+00   3.58749E+02  9.05774E+00   5.53636E-01  8.88017E+00   2.43435E+00  8.70132E+00   4.38944E+00  8.52174E+00   6.41702E+00  8.34197E+00   8.51513E+00  8.16249E+00   1.06818E+01  7.98376E+00   1.29152E+01  7.80616E+00   1.52132E+01  7.63007E+00   1.75741E+01  7.45582E+00   1.99961E+01  7.28369E+00   2.24771E+01  7.11392E+00   2.50155E+01  6.94675E+00   2.76095E+01  6.78236E+00   3.02572E+01  6.62090E+00   3.29570E+01  6.46250E+00   3.57074E+01  6.30729E+00   3.85064E+01  6.15532E+00   4.13527E+01  6.00667E+00   4.42446E+01  5.86137E+00   4.71807E+01  5.71947E+00   5.01596E+01 
 5.69044E+00   5.07310E+01  5.83098E+00   4.77576E+01  5.97485E+00   4.48269E+01  6.12201E+00   4.19404E+01  6.27242E+00   3.90995E+01  6.42602E+00   3.63059E+01  6.58273E+00   3.35610E+01  6.74244E+00   3.08666E+01  6.90502E+00   2.82243E+01  7.07030E+00   2.56357E+01  7.23811E+00   2.31027E+01  7.40824E+00   2.06270E+01  7.58041E+00   1.82104E+01  7.75436E+00   1.58547E+01  7.92976E+00   1.35618E+01  8.10626E+00   1.13336E+01  8.28344E+00   9.17194E+00  8.46087E+00   7.07877E+00  8.63808E+00   5.05607E+00  8.81455E+00   3.10572E+00  8.98970E+00   1.22967E+00  9.16294E+00   3.59430E+02  9.33364E+00   3.57708E+02  9.50111E+00   3.56067E+02  9.66466E+00   3.54507E+02  9.82355E+00   3.53031E+02  9.97703E+00   3.51641E+02  1.01243E+01   3.50338E+02  1.02647E+01   3.49124E+02  1.03974E+01   3.48001E+02  1.05215E+01   3.46970E+02  1.06365E+01   3.46032E+02  1.07415E+01   3.45190E+02  1.08360E+01   3.44443E+02  1.09192E+01   3.43794E+02  1.09906E+01   3.43243E+02  1.10497E+01   3.42791E+02  1.10962E+01   3.42438E+02  1.11296E+01   3.42186E+02  1.11497E+01   3.42035E+02  1.11565E+01   3.41984E+02  1.11497E+01   3.42035E+02  1.11296E+01   3.42186E+02  1.10962E+01   3.42438E+02  1.10497E+01   3.42791E+02  1.09906E+01   3.43243E+02  1.09192E+01   3.43794E+02  1.08360E+01   3.44443E+02  1.07415E+01   3.45190E+02  1.06365E+01   3.46032E+02  1.05215E+01   3.46970E+02  1.03974E+01   3.48001E+02  1.02647E+01   3.49124E+02  1.01243E+01   3.50338E+02  9.97703E+00   3.51641E+02  9.82355E+00   3.53031E+02  9.66465E+00   3.54507E+02  9.50111E+00   3.56067E+02  9.33363E+00   3.57708E+02  9.16294E+00   3.59430E+02  8.98970E+00   1.22964E+00  8.81455E+00   3.10572E+00  8.63809E+00   5.05604E+00  8.46088E+00   7.07876E+00  8.28344E+00   9.17193E+00  8.10626E+00   1.13336E+01  7.92976E+00   1.35618E+01  7.75436E+00   1.58547E+01  7.58041E+00   1.82104E+01  7.40824E+00   2.06270E+01  7.23811E+00   2.31027E+01  7.07030E+00   2.56357E+01  6.90502E+00   2.82243E+01  6.74244E+00   3.08666E+01  6.58273E+00   3.35611E+01  6.42602E+00   3.63059E+01  6.27243E+00   3.90995E+01  6.12201E+00   4.19404E+01  5.97485E+00   4.48269E+01  5.83098E+00   4.77576E+01  5.69044E+00   5.07310E+01 
 5.65831E+00   5.13687E+01  5.79734E+00   4.84013E+01  5.93963E+00   4.54767E+01  6.08515E+00   4.25962E+01  6.23385E+00   3.97614E+01  6.38567E+00   3.69738E+01  6.54053E+00   3.42350E+01  6.69830E+00   3.15466E+01  6.85888E+00   2.89104E+01  7.02209E+00   2.63278E+01  7.18776E+00   2.38007E+01  7.35566E+00   2.13310E+01  7.52556E+00   1.89203E+01  7.69716E+00   1.65704E+01  7.87015E+00   1.42833E+01  8.04418E+00   1.20608E+01  8.21884E+00   9.90476E+00  8.39371E+00   7.81710E+00  8.56832E+00   5.79982E+00  8.74215E+00   3.85477E+00  8.91465E+00   1.98388E+00  9.08523E+00   1.89139E-01  9.25326E+00   3.58472E+02  9.41809E+00   3.56836E+02  9.57902E+00   3.55280E+02  9.73534E+00   3.53809E+02  9.88631E+00   3.52423E+02  1.00312E+01   3.51124E+02  1.01692E+01   3.49914E+02  1.02996E+01   3.48794E+02  1.04217E+01   3.47766E+02  1.05347E+01   3.46831E+02  1.06379E+01   3.45991E+02  1.07306E+01   3.45247E+02  1.08124E+01   3.44600E+02  1.08826E+01   3.44051E+02  1.09407E+01   3.43600E+02  1.09863E+01   3.43249E+02  1.10191E+01   3.42998E+02  1.10389E+01   3.42847E+02  1.10455E+01   3.42797E+02  1.10389E+01   3.42847E+02  1.10191E+01   3.42998E+02  1.09863E+01   3.43249E+02  1.09407E+01   3.43600E+02  1.08826E+01   3.44051E+02  1.08124E+01   3.44600E+02  1.07306E+01   3.45247E+02  1.06379E+01   3.45991E+02  1.05347E+01   3.46831E+02  1.04217E+01   3.47766E+02  1.02996E+01   3.48794E+02  1.01692E+01   3.49914E+02  1.00312E+01   3.51124E+02  9.88631E+00   3.52423E+02  9.73534E+00   3.53809E+02  9.57902E+00   3.55280E+02  9.41809E+00   3.56836E+02  9.25326E+00   3.58472E+02  9.08523E+00   1.89133E-01  8.91465E+00   1.98386E+00  8.74215E+00   3.85476E+00  8.56832E+00   5.79979E+00  8.39371E+00   7.81710E+00  8.21884E+00   9.90473E+00  8.04417E+00   1.20608E+01  7.87015E+00   1.42833E+01  7.69716E+00   1.65704E+01  7.52555E+00   1.89203E+01  7.35566E+00   2.13310E+01  7.18775E+00   2.38008E+01  7.02209E+00   2.63278E+01  6.85888E+00   2.89104E+01  6.69830E+00   3.15466E+01  6.54052E+00   3.42351E+01  6.38567E+00   3.69739E+01  6.23386E+00   3.97614E+01  6.08516E+00   4.25962E+01  5.93963E+00   4.54767E+01  5.79734E+00   4.84013E+01  5.65831E+00   5.13688E+01 
 5.62316E+00   5.20724E+01  5.76056E+00   4.91116E+01  5.90114E+00   4.61937E+01  6.04487E+00   4.33199E+01  6.19171E+00   4.04917E+01  6.34159E+00   3.77108E+01  6.49443E+00   3.49787E+01  6.65011E+00   3.22969E+01  6.80851E+00   2.96673E+01  6.96946E+00   2.70914E+01  7.13280E+00   2.45709E+01  7.29830E+00   2.21077E+01  7.46571E+00   1.97034E+01  7.63477E+00   1.73600E+01  7.80514E+00   1.50793E+01  7.97649E+00   1.28630E+01  8.14842E+00   1.07132E+01  8.32051E+00   8.63159E+00  8.49230E+00   6.62026E+00  8.66327E+00   4.68105E+00  8.83290E+00   2.81586E+00  9.00059E+00   1.02667E+00  9.16575E+00   3.59315E+02  9.32771E+00   3.57684E+02  9.48581E+00   3.56134E+02  9.63934E+00   3.54667E+02  9.78759E+00   3.53285E+02  9.92982E+00   3.51991E+02  1.00653E+01   3.50785E+02  1.01933E+01   3.49669E+02  1.03130E+01   3.48644E+02  1.04239E+01   3.47713E+02  1.05251E+01   3.46876E+02  1.06161E+01   3.46134E+02  1.06963E+01   3.45490E+02  1.07651E+01   3.44942E+02  1.08221E+01   3.44493E+02  1.08668E+01   3.44143E+02  1.08990E+01   3.43893E+02  1.09184E+01   3.43743E+02  1.09248E+01   3.43692E+02  1.09184E+01   3.43743E+02  1.08990E+01   3.43893E+02  1.08668E+01   3.44143E+02  1.08221E+01   3.44493E+02  1.07651E+01   3.44942E+02  1.06963E+01   3.45490E+02  1.06161E+01   3.46134E+02  1.05251E+01   3.46876E+02  1.04239E+01   3.47713E+02  1.03130E+01   3.48644E+02  1.01933E+01   3.49669E+02  1.00653E+01   3.50785E+02  9.92981E+00   3.51991E+02  9.78758E+00   3.53285E+02  9.63934E+00   3.54667E+02  9.48580E+00   3.56134E+02  9.32771E+00   3.57684E+02  9.16574E+00   3.59315E+02  9.00059E+00   1.02665E+00  8.83290E+00   2.81584E+00  8.66327E+00   4.68105E+00  8.49230E+00   6.62024E+00  8.32051E+00   8.63159E+00  8.14842E+00   1.07132E+01  7.97649E+00   1.28630E+01  7.80514E+00   1.50793E+01  7.63476E+00   1.73600E+01  7.46571E+00   1.97034E+01  7.29830E+00   2.21077E+01  7.13280E+00   2.45709E+01  6.96947E+00   2.70914E+01  6.80851E+00   2.96673E+01  6.65010E+00   3.22969E+01  6.49442E+00   3.49787E+01  6.34159E+00   3.77108E+01  6.19172E+00   4.04916E+01  6.04487E+00   4.33198E+01  5.90113E+00   4.61936E+01  5.76055E+00   4.91117E+01  5.62316E+00   5.20725E+01 
 5.58511E+00   5.28418E+01  5.72074E+00   4.98882E+01  5.85948E+00   4.69775E+01  6.00129E+00   4.41110E+01  6.14612E+00   4.12900E+01  6.29391E+00   3.85164E+01  6.44458E+00   3.57916E+01  6.59801E+00   3.31171E+01  6.75407E+00   3.04947E+01  6.91261E+00   2.79260E+01  7.07344E+00   2.54127E+01  7.23635E+00   2.29566E+01  7.40110E+00   2.05594E+01  7.56742E+00   1.82230E+01  7.73498E+00   1.59492E+01  7.90346E+00   1.37398E+01  8.07246E+00   1.15967E+01  8.24156E+00   9.52176E+00  8.41033E+00   7.51693E+00  8.57824E+00   5.58408E+00  8.74479E+00   3.72510E+00  8.90939E+00   1.94196E+00  9.07146E+00   2.36391E-01  9.23035E+00   3.58610E+02  9.38541E+00   3.57066E+02  9.53596E+00   3.55604E+02  9.68129E+00   3.54228E+02  9.82069E+00   3.52938E+02  9.95345E+00   3.51736E+02  1.00788E+01   3.50624E+02  1.01961E+01   3.49604E+02  1.03047E+01   3.48676E+02  1.04038E+01   3.47842E+02  1.04929E+01   3.47104E+02  1.05714E+01   3.46461E+02  1.06387E+01   3.45916E+02  1.06945E+01   3.45469E+02  1.07383E+01   3.45120E+02  1.07697E+01   3.44871E+02  1.07887E+01   3.44721E+02  1.07951E+01   3.44671E+02  1.07887E+01   3.44721E+02  1.07697E+01   3.44871E+02  1.07383E+01   3.45120E+02  1.06945E+01   3.45469E+02  1.06387E+01   3.45916E+02  1.05714E+01   3.46461E+02  1.04929E+01   3.47104E+02  1.04038E+01   3.47842E+02  1.03047E+01   3.48676E+02  1.01961E+01   3.49604E+02  1.00788E+01   3.50624E+02  9.95344E+00   3.51736E+02  9.82069E+00   3.52938E+02  9.68129E+00   3.54228E+02  9.53596E+00   3.55604E+02  9.38541E+00   3.57066E+02  9.23035E+00   3.58610E+02  9.07145E+00   2.36399E-01  8.90939E+00   1.94193E+00  8.74479E+00   3.72508E+00  8.57824E+00   5.58408E+00  8.41033E+00   7.51690E+00  8.24156E+00   9.52176E+00  8.07246E+00   1.15967E+01  7.90345E+00   1.37398E+01  7.73498E+00   1.59492E+01  7.56741E+00   1.82230E+01  7.40110E+00   2.05595E+01  7.23635E+00   2.29566E+01  7.07343E+00   2.54127E+01  6.91261E+00   2.79260E+01  6.75407E+00   3.04948E+01  6.59801E+00   3.31171E+01  6.44458E+00   3.57916E+01  6.29392E+00   3.85164E+01  6.14613E+00   4.12900E+01  6.00129E+00   4.41109E+01  5.85948E+00   4.69774E+01  5.72074E+00   4.98883E+01  5.58511E+00   5.28418E+01 
 5.54427E+00   5.36764E+01  5.67802E+00   5.07306E+01  5.81478E+00   4.78277E+01  5.95454E+00   4.49691E+01  6.09724E+00   4.21560E+01  6.24280E+00   3.93903E+01  6.39116E+00   3.66733E+01  6.54218E+00   3.40067E+01  6.69575E+00   3.13922E+01  6.85171E+00   2.88313E+01  7.00987E+00   2.63257E+01  7.17004E+00   2.38773E+01  7.33195E+00   2.14878E+01  7.49536E+00   1.91590E+01  7.65994E+00   1.68927E+01  7.82536E+00   1.46906E+01  7.99124E+00   1.25549E+01  8.15718E+00   1.04871E+01  8.32273E+00   8.48928E+00  8.48740E+00   6.56332E+00  8.65067E+00   4.71103E+00  8.81199E+00   2.93444E+00  8.97078E+00   1.23522E+00  9.12642E+00   3.59615E+02  9.27826E+00   3.58077E+02  9.42564E+00   3.56621E+02  9.56788E+00   3.55250E+02  9.70428E+00   3.53965E+02  9.83415E+00   3.52768E+02  9.95678E+00   3.51661E+02  1.00715E+01   3.50644E+02  1.01776E+01   3.49720E+02  1.02745E+01   3.48890E+02  1.03616E+01   3.48154E+02  1.04383E+01   3.47515E+02  1.05041E+01   3.46972E+02  1.05585E+01   3.46527E+02  1.06013E+01   3.46180E+02  1.06321E+01   3.45931E+02  1.06506E+01   3.45782E+02  1.06568E+01   3.45732E+02  1.06506E+01   3.45782E+02  1.06321E+01   3.45931E+02  1.06013E+01   3.46180E+02  1.05585E+01   3.46527E+02  1.05041E+01   3.46972E+02  1.04383E+01   3.47515E+02  1.03616E+01   3.48154E+02  1.02745E+01   3.48890E+02  1.01776E+01   3.49720E+02  1.00715E+01   3.50644E+02  9.95678E+00   3.51661E+02  9.83415E+00   3.52768E+02  9.70428E+00   3.53965E+02  9.56788E+00   3.55250E+02  9.42564E+00   3.56621E+02  9.27826E+00   3.58077E+02  9.12642E+00   3.59615E+02  8.97078E+00   1.23522E+00  8.81199E+00   2.93441E+00  8.65067E+00   4.71103E+00  8.48740E+00   6.56331E+00  8.32273E+00   8.48926E+00  8.15718E+00   1.04871E+01  7.99124E+00   1.25548E+01  7.82536E+00   1.46907E+01  7.65993E+00   1.68927E+01  7.49535E+00   1.91590E+01  7.33195E+00   2.14878E+01  7.17003E+00   2.38773E+01  7.00987E+00   2.63257E+01  6.85171E+00   2.88313E+01  6.69575E+00   3.13922E+01  6.54218E+00   3.40067E+01  6.39116E+00   3.66734E+01  6.24281E+00   3.93903E+01  6.09725E+00   4.21560E+01  5.95454E+00   4.49690E+01  5.81478E+00   4.78277E+01  5.67801E+00   5.07307E+01  5.54427E+00   5.36764E+01 
 5.50075E+00   5.45758E+01  5.63251E+00   5.16385E+01  5.76719E+00   4.87440E+01  5.90477E+00   4.58938E+01  6.04521E+00   4.30892E+01  6.18842E+00   4.03319E+01  6.33433E+00   3.76234E+01  6.48282E+00   3.49652E+01  6.63376E+00   3.23591E+01  6.78699E+00   2.98066E+01  6.94233E+00   2.73094E+01  7.09959E+00   2.48693E+01  7.25852E+00   2.24880E+01  7.41885E+00   2.01673E+01  7.58028E+00   1.79091E+01  7.74248E+00   1.57150E+01  7.90508E+00   1.35870E+01  8.06768E+00   1.15270E+01  8.22984E+00   9.53673E+00  8.39109E+00   7.61817E+00  8.55092E+00   5.77310E+00  8.70879E+00   4.00350E+00  8.86413E+00   2.31110E+00  9.01635E+00   6.97822E-01  9.16480E+00   3.59165E+02  9.30885E+00   3.57716E+02  9.44784E+00   3.56350E+02  9.58109E+00   3.55071E+02  9.70792E+00   3.53879E+02  9.82766E+00   3.52777E+02  9.93964E+00   3.51765E+02  1.00432E+01   3.50845E+02  1.01378E+01   3.50018E+02  1.02227E+01   3.49286E+02  1.02975E+01   3.48649E+02  1.03617E+01   3.48109E+02  1.04148E+01   3.47666E+02  1.04565E+01   3.47320E+02  1.04865E+01   3.47073E+02  1.05046E+01   3.46925E+02  1.05106E+01   3.46875E+02  1.05046E+01   3.46925E+02  1.04865E+01   3.47073E+02  1.04565E+01   3.47320E+02  1.04148E+01   3.47666E+02  1.03617E+01   3.48109E+02  1.02975E+01   3.48649E+02  1.02227E+01   3.49286E+02  1.01378E+01   3.50018E+02  1.00432E+01   3.50845E+02  9.93964E+00   3.51765E+02  9.82766E+00   3.52777E+02  9.70792E+00   3.53879E+02  9.58109E+00   3.55071E+02  9.44784E+00   3.56350E+02  9.30885E+00   3.57716E+02  9.16480E+00   3.59165E+02  9.01634E+00   6.97819E-01  8.86413E+00   2.31110E+00  8.70879E+00   4.00348E+00  8.55092E+00   5.77309E+00  8.39109E+00   7.61815E+00  8.22984E+00   9.53671E+00  8.06768E+00   1.15270E+01  7.90508E+00   1.35870E+01  7.74248E+00   1.57150E+01  7.58028E+00   1.79091E+01  7.41885E+00   2.01673E+01  7.25852E+00   2.24880E+01  7.09959E+00   2.48693E+01  6.94233E+00   2.73094E+01  6.78699E+00   2.98066E+01  6.63375E+00   3.23591E+01  6.48282E+00   3.49652E+01  6.33433E+00   3.76234E+01  6.18843E+00   4.03319E+01  6.04522E+00   4.30892E+01  5.90477E+00   4.58937E+01  5.76718E+00   4.87440E+01  5.63250E+00   5.16385E+01  5.50076E+00   5.45758E+01 
 5.45469E+00   5.55397E+01  5.58434E+00   5.26113E+01  5.71684E+00   4.97257E+01  5.85214E+00   4.68846E+01  5.99020E+00   4.40890E+01  6.13094E+00   4.13408E+01  6.27428E+00   3.86414E+01  6.42010E+00   3.59922E+01  6.56827E+00   3.33950E+01  6.71865E+00   3.08515E+01  6.87104E+00   2.83632E+01  7.02526E+00   2.59320E+01  7.18105E+00   2.35595E+01  7.33816E+00   2.12475E+01  7.49630E+00   1.89978E+01  7.65513E+00   1.68123E+01  7.81430E+00   1.46927E+01  7.97340E+00   1.26408E+01  8.13202E+00   1.06586E+01  8.28970E+00   8.74799E+00  8.44592E+00   6.91060E+00  8.60019E+00   5.14850E+00  8.75193E+00   3.46336E+00  8.90057E+00   1.85709E+00  9.04549E+00   3.31456E-01  9.18607E+00   3.58888E+02  9.32167E+00   3.57529E+02  9.45162E+00   3.56255E+02  9.57530E+00   3.55069E+02  9.69202E+00   3.53972E+02  9.80116E+00   3.52965E+02  9.90208E+00   3.52049E+02  9.99419E+00   3.51227E+02  1.00769E+01   3.50498E+02  1.01498E+01   3.49864E+02  1.02123E+01   3.49326E+02  1.02640E+01   3.48885E+02  1.03046E+01   3.48541E+02  1.03338E+01   3.48296E+02  1.03514E+01   3.48148E+02  1.03572E+01   3.48099E+02  1.03514E+01   3.48148E+02  1.03338E+01   3.48296E+02  1.03046E+01   3.48541E+02  1.02640E+01   3.48885E+02  1.02123E+01   3.49326E+02  1.01498E+01   3.49864E+02  1.00769E+01   3.50498E+02  9.99419E+00   3.51227E+02  9.90208E+00   3.52049E+02  9.80116E+00   3.52965E+02  9.69202E+00   3.53972E+02  9.57529E+00   3.55069E+02  9.45162E+00   3.56255E+02  9.32166E+00   3.57529E+02  9.18607E+00   3.58888E+02  9.04549E+00   3.31455E-01  8.90056E+00   1.85708E+00  8.75193E+00   3.46336E+00  8.60019E+00   5.14847E+00  8.44592E+00   6.91060E+00  8.28970E+00   8.74796E+00  8.13202E+00   1.06586E+01  7.97340E+00   1.26408E+01  7.81430E+00   1.46926E+01  7.65513E+00   1.68123E+01  7.49630E+00   1.89978E+01  7.33816E+00   2.12475E+01  7.18105E+00   2.35595E+01  7.02526E+00   2.59320E+01  6.87104E+00   2.83632E+01  6.71865E+00   3.08515E+01  6.56827E+00   3.33950E+01  6.42010E+00   3.59922E+01  6.27428E+00   3.86413E+01  6.13094E+00   4.13408E+01  5.99020E+00   4.40890E+01  5.85214E+00   4.68845E+01  5.71683E+00   4.97258E+01  5.58434E+00   5.26114E+01  5.45469E+00   5.55397E+01 
 5.40620E+00   5.65675E+01  5.53366E+00   5.36487E+01  5.66387E+00   5.07726E+01  5.79679E+00   4.79410E+01  5.93236E+00   4.51551E+01  6.07052E+00   4.24164E+01  6.21118E+00   3.97266E+01  6.35422E+00   3.70870E+01  6.49952E+00   3.44994E+01  6.64692E+00   3.19655E+01  6.79624E+00   2.94866E+01  6.94728E+00   2.70648E+01  7.09981E+00   2.47016E+01  7.25358E+00   2.23988E+01  7.40829E+00   2.01583E+01  7.56361E+00   1.79818E+01  7.71921E+00   1.58710E+01  7.87469E+00   1.38280E+01  8.02963E+00   1.18543E+01  8.18359E+00   9.95207E+00  8.33609E+00   8.12287E+00  8.48661E+00   6.36869E+00  8.63462E+00   4.69128E+00  8.77954E+00   3.09244E+00  8.92080E+00   1.57398E+00  9.05778E+00   1.37521E-01  9.18987E+00   3.58785E+02  9.31642E+00   3.57518E+02  9.43682E+00   3.56337E+02  9.55042E+00   3.55245E+02  9.65661E+00   3.54243E+02  9.75478E+00   3.53332E+02  9.84437E+00   3.52514E+02  9.92483E+00   3.51789E+02  9.99565E+00   3.51158E+02  1.00564E+01   3.50623E+02  1.01067E+01   3.50185E+02  1.01461E+01   3.49843E+02  1.01745E+01   3.49598E+02  1.01916E+01   3.49451E+02  1.01973E+01   3.49402E+02  1.01916E+01   3.49451E+02  1.01745E+01   3.49598E+02  1.01461E+01   3.49843E+02  1.01067E+01   3.50185E+02  1.00564E+01   3.50623E+02  9.99565E+00   3.51158E+02  9.92483E+00   3.51789E+02  9.84437E+00   3.52514E+02  9.75478E+00   3.53332E+02  9.65661E+00   3.54243E+02  9.55042E+00   3.55245E+02  9.43682E+00   3.56337E+02  9.31642E+00   3.57518E+02  9.18987E+00   3.58785E+02  9.05778E+00   1.37527E-01  8.92080E+00   1.57398E+00  8.77954E+00   3.09243E+00  8.63462E+00   4.69128E+00  8.48661E+00   6.36867E+00  8.33609E+00   8.12287E+00  8.18359E+00   9.95205E+00  8.02963E+00   1.18543E+01  7.87469E+00   1.38280E+01  7.71921E+00   1.58710E+01  7.56361E+00   1.79818E+01  7.40828E+00   2.01583E+01  7.25358E+00   2.23989E+01  7.09982E+00   2.47016E+01  6.94728E+00   2.70648E+01  6.79624E+00   2.94866E+01  6.64692E+00   3.19654E+01  6.49952E+00   3.44994E+01  6.35423E+00   3.70870E+01  6.21118E+00   3.97266E+01  6.07053E+00   4.24164E+01  5.93236E+00   4.51551E+01  5.79678E+00   4.79410E+01  5.66386E+00   5.07726E+01  5.53366E+00   5.36486E+01  5.40621E+00   5.65675E+01 
 5.35543E+00   5.76587E+01  5.48061E+00   5.47500E+01  5.60844E+00   5.18840E+01  5.73888E+00   4.90626E+01  5.87188E+00   4.62868E+01  6.00736E+00   4.35582E+01  6.14524E+00   4.08786E+01  6.28540E+00   3.82491E+01  6.42771E+00   3.56716E+01  6.57203E+00   3.31477E+01  6.71816E+00   3.06790E+01  6.86592E+00   2.82670E+01  7.01508E+00   2.59138E+01  7.16538E+00   2.36207E+01  7.31655E+00   2.13899E+01  7.46825E+00   1.92229E+01  7.62016E+00   1.71215E+01  7.77189E+00   1.50877E+01  7.92304E+00   1.31231E+01  8.07317E+00   1.12297E+01  8.22181E+00   9.40914E+00  8.36848E+00   7.66334E+00  8.51264E+00   5.99409E+00  8.65374E+00   4.40309E+00  8.79123E+00   2.89218E+00  8.92450E+00   1.46298E+00  9.05297E+00   1.17208E-01  9.17602E+00   3.58856E+02  9.29305E+00   3.57682E+02  9.40344E+00   3.56596E+02  9.50660E+00   3.55599E+02  9.60195E+00   3.54693E+02  9.68894E+00   3.53879E+02  9.76704E+00   3.53158E+02  9.83579E+00   3.52531E+02  9.89473E+00   3.51999E+02  9.94350E+00   3.51563E+02  9.98178E+00   3.51223E+02  1.00093E+01   3.50979E+02  1.00259E+01   3.50833E+02  1.00314E+01   3.50785E+02  1.00259E+01   3.50833E+02  1.00093E+01   3.50979E+02  9.98178E+00   3.51223E+02  9.94350E+00   3.51563E+02  9.89473E+00   3.51999E+02  9.83579E+00   3.52531E+02  9.76704E+00   3.53158E+02  9.68894E+00   3.53879E+02  9.60194E+00   3.54693E+02  9.50660E+00   3.55599E+02  9.40343E+00   3.56596E+02  9.29305E+00   3.57682E+02  9.17602E+00   3.58856E+02  9.05297E+00   1.17217E-01  8.92450E+00   1.46298E+00  8.79123E+00   2.89219E+00  8.65374E+00   4.40308E+00  8.51263E+00   5.99407E+00  8.36848E+00   7.66331E+00  8.22181E+00   9.40913E+00  8.07317E+00   1.12297E+01  7.92304E+00   1.31231E+01  7.77189E+00   1.50877E+01  7.62016E+00   1.71215E+01  7.46825E+00   1.92229E+01  7.31655E+00   2.13899E+01  7.16538E+00   2.36208E+01  7.01508E+00   2.59137E+01  6.86592E+00   2.82670E+01  6.71816E+00   3.06789E+01  6.57203E+00   3.31477E+01  6.42771E+00   3.56717E+01  6.28540E+00   3.82491E+01  6.14524E+00   4.08786E+01  6.00736E+00   4.35582E+01  5.87188E+00   4.62868E+01  5.73887E+00   4.90625E+01  5.60843E+00   5.18840E+01  5.48061E+00   5.47499E+01  5.35543E+00   5.76587E+01 
 5.30250E+00   5.88128E+01  5.42532E+00   5.59147E+01  5.55070E+00   5.30594E+01  5.67858E+00   5.02486E+01  5.80892E+00   4.74836E+01  5.94163E+00   4.47657E+01  6.07665E+00   4.20967E+01  6.21383E+00   3.94779E+01  6.35307E+00   3.69111E+01  6.49420E+00   3.43978E+01  6.63706E+00   3.19395E+01  6.78144E+00   2.95381E+01  6.92713E+00   2.71952E+01  7.07387E+00   2.49125E+01  7.22139E+00   2.26917E+01  7.36937E+00   2.05348E+01  7.51748E+00   1.84433E+01  7.66537E+00   1.64192E+01  7.81262E+00   1.44641E+01  7.95882E+00   1.25800E+01  8.10352E+00   1.07686E+01  8.24622E+00   9.03161E+00  8.38644E+00   7.37092E+00  8.52363E+00   5.78820E+00  8.65725E+00   4.28524E+00  8.78673E+00   2.86365E+00  8.91150E+00   1.52513E+00  9.03096E+00   2.71235E-01  9.14454E+00   3.59103E+02  9.25165E+00   3.58023E+02  9.35171E+00   3.57032E+02  9.44418E+00   3.56131E+02  9.52851E+00   3.55322E+02  9.60422E+00   3.54605E+02  9.67083E+00   3.53982E+02  9.72795E+00   3.53453E+02  9.77520E+00   3.53019E+02  9.81228E+00   3.52681E+02  9.83893E+00   3.52439E+02  9.85500E+00   3.52294E+02  9.86037E+00   3.52245E+02  9.85500E+00   3.52294E+02  9.83893E+00   3.52439E+02  9.81227E+00   3.52681E+02  9.77520E+00   3.53019E+02  9.72795E+00   3.53453E+02  9.67084E+00   3.53982E+02  9.60422E+00   3.54605E+02  9.52851E+00   3.55322E+02  9.44417E+00   3.56131E+02  9.35171E+00   3.57032E+02  9.25165E+00   3.58023E+02  9.14454E+00   3.59103E+02  9.03096E+00   2.71247E-01  8.91150E+00   1.52513E+00  8.78673E+00   2.86366E+00  8.65725E+00   4.28523E+00  8.52362E+00   5.78818E+00  8.38643E+00   7.37090E+00  8.24622E+00   9.03158E+00  8.10351E+00   1.07686E+01  7.95882E+00   1.25800E+01  7.81262E+00   1.44641E+01  7.66537E+00   1.64192E+01  7.51748E+00   1.84433E+01  7.36937E+00   2.05348E+01  7.22138E+00   2.26918E+01  7.07387E+00   2.49125E+01  6.92713E+00   2.71952E+01  6.78144E+00   2.95381E+01  6.63706E+00   3.19395E+01  6.49420E+00   3.43977E+01  6.35307E+00   3.69111E+01  6.21383E+00   3.94779E+01  6.07665E+00   4.20967E+01  5.94163E+00   4.47657E+01  5.80892E+00   4.74835E+01  5.67857E+00   5.02486E+01  5.55069E+00   5.30594E+01  5.42532E+00   5.59147E+01  5.30251E+00   5.88128E+01 
 5.24757E+00   6.00293E+01  5.36795E+00   5.71423E+01  5.49080E+00   5.42982E+01  5.61605E+00   5.14985E+01  5.74366E+00   4.87447E+01  5.87353E+00   4.60381E+01  6.00559E+00   4.33803E+01  6.13973E+00   4.07727E+01  6.27581E+00   3.82170E+01  6.41368E+00   3.57148E+01  6.55318E+00   3.32677E+01  6.69410E+00   3.08772E+01  6.83623E+00   2.85452E+01  6.97932E+00   2.62733E+01  7.12311E+00   2.40632E+01  7.26729E+00   2.19168E+01  7.41153E+00   1.98356E+01  7.55548E+00   1.78217E+01  7.69875E+00   1.58766E+01  7.84094E+00   1.40023E+01  7.98161E+00   1.22004E+01  8.12028E+00   1.04726E+01  8.25647E+00   8.82091E+00  8.38967E+00   7.24686E+00  8.51936E+00   5.75221E+00  8.64497E+00   4.33861E+00  8.76598E+00   3.00766E+00  8.88179E+00   1.76097E+00  8.99187E+00   5.99977E-01  9.09564E+00   3.59526E+02  9.19255E+00   3.58541E+02  9.28208E+00   3.57645E+02  9.36372E+00   3.56841E+02  9.43699E+00   3.56128E+02  9.50145E+00   3.55509E+02  9.55671E+00   3.54983E+02  9.60240E+00   3.54552E+02  9.63827E+00   3.54216E+02  9.66404E+00   3.53975E+02  9.67959E+00   3.53831E+02  9.68477E+00   3.53783E+02  9.67959E+00   3.53831E+02  9.66404E+00   3.53975E+02  9.63827E+00   3.54216E+02  9.60241E+00   3.54552E+02  9.55671E+00   3.54983E+02  9.50145E+00   3.55509E+02  9.43699E+00   3.56128E+02  9.36372E+00   3.56841E+02  9.28208E+00   3.57645E+02  9.19255E+00   3.58541E+02  9.09563E+00   3.59526E+02  8.99187E+00   5.99966E-01  8.88179E+00   1.76097E+00  8.76597E+00   3.00766E+00  8.64497E+00   4.33861E+00  8.51936E+00   5.75219E+00  8.38967E+00   7.24685E+00  8.25647E+00   8.82090E+00  8.12028E+00   1.04726E+01  7.98161E+00   1.22003E+01  7.84094E+00   1.40022E+01  7.69875E+00   1.58766E+01  7.55548E+00   1.78217E+01  7.41153E+00   1.98356E+01  7.26729E+00   2.19168E+01  7.12311E+00   2.40632E+01  6.97933E+00   2.62733E+01  6.83623E+00   2.85452E+01  6.69410E+00   3.08772E+01  6.55318E+00   3.32676E+01  6.41368E+00   3.57148E+01  6.27581E+00   3.82170E+01  6.13973E+00   4.07727E+01  6.00559E+00   4.33803E+01  5.87353E+00   4.60381E+01  5.74365E+00   4.87447E+01  5.61605E+00   5.14985E+01  5.49080E+00   5.42982E+01  5.36796E+00   5.71422E+01  5.24757E+00   6.00293E+01 
 5.19076E+00   6.13075E+01  5.30866E+00   5.84322E+01  5.42891E+00   5.55997E+01  5.55147E+00   5.28117E+01  5.67627E+00   5.00697E+01  5.80324E+00   4.73748E+01  5.93229E+00   4.47286E+01  6.06331E+00   4.21329E+01  6.19616E+00   3.95888E+01  6.33071E+00   3.70982E+01  6.46677E+00   3.46626E+01  6.60416E+00   3.22836E+01  6.74267E+00   2.99630E+01  6.88205E+00   2.77024E+01  7.02203E+00   2.55034E+01  7.16233E+00   2.33680E+01  7.30263E+00   2.12977E+01  7.44258E+00   1.92943E+01  7.58182E+00   1.73597E+01  7.71993E+00   1.54955E+01  7.85650E+00   1.37035E+01  7.99107E+00   1.19855E+01  8.12319E+00   1.03431E+01  8.25234E+00   8.77814E+00  8.37804E+00   7.29217E+00  8.49974E+00   5.88689E+00  8.61693E+00   4.56386E+00  8.72905E+00   3.32465E+00  8.83558E+00   2.17072E+00  8.93597E+00   1.10347E+00  9.02970E+00   1.24250E-01  9.11627E+00   3.59234E+02  9.19518E+00   3.58435E+02  9.26599E+00   3.57727E+02  9.32826E+00   3.57111E+02  9.38164E+00   3.56589E+02  9.42578E+00   3.56160E+02  9.46041E+00   3.55826E+02  9.48530E+00   3.55588E+02  9.50031E+00   3.55444E+02  9.50532E+00   3.55396E+02  9.50031E+00   3.55444E+02  9.48530E+00   3.55588E+02  9.46041E+00   3.55826E+02  9.42578E+00   3.56160E+02  9.38164E+00   3.56589E+02  9.32826E+00   3.57111E+02  9.26599E+00   3.57727E+02  9.19518E+00   3.58435E+02  9.11627E+00   3.59234E+02  9.02970E+00   1.24247E-01  8.93597E+00   1.10347E+00  8.83558E+00   2.17070E+00  8.72905E+00   3.32465E+00  8.61693E+00   4.56384E+00  8.49974E+00   5.88689E+00  8.37804E+00   7.29215E+00  8.25234E+00   8.77813E+00  8.12319E+00   1.03431E+01  7.99107E+00   1.19855E+01  7.85650E+00   1.37035E+01  7.71993E+00   1.54955E+01  7.58182E+00   1.73597E+01  7.44258E+00   1.92943E+01  7.30263E+00   2.12977E+01  7.16233E+00   2.33680E+01  7.02203E+00   2.55034E+01  6.88205E+00   2.77024E+01  6.74267E+00   2.99630E+01  6.60416E+00   3.22836E+01  6.46677E+00   3.46626E+01  6.33070E+00   3.70982E+01  6.19616E+00   3.95888E+01  6.06331E+00   4.21328E+01  5.93229E+00   4.47287E+01  5.80324E+00   4.73748E+01  5.67627E+00   5.00697E+01  5.55147E+00   5.28117E+01  5.42892E+00   5.55997E+01  5.30866E+00   5.84321E+01  5.19076E+00   6.13075E+01 
 5.13223E+00   6.26469E+01  5.24758E+00   5.97836E+01  5.36519E+00   5.69634E+01  5.48500E+00   5.41876E+01  5.60695E+00   5.14577E+01  5.73095E+00   4.87750E+01  5.85693E+00   4.61411E+01  5.98477E+00   4.35575E+01  6.11434E+00   4.10256E+01  6.24550E+00   3.85471E+01  6.37808E+00   3.61236E+01  6.51189E+00   3.37566E+01  6.64671E+00   3.14478E+01  6.78232E+00   2.91989E+01  6.91846E+00   2.70115E+01  7.05483E+00   2.48875E+01  7.19114E+00   2.28285E+01  7.32704E+00   2.08362E+01  7.46218E+00   1.89124E+01  7.59617E+00   1.70589E+01  7.72860E+00   1.52772E+01  7.85904E+00   1.35692E+01  7.98704E+00   1.19366E+01  8.11211E+00   1.03810E+01  8.23378E+00   8.90408E+00  8.35154E+00   7.50744E+00  8.46488E+00   6.19266E+00  8.57328E+00   4.96123E+00  8.67623E+00   3.81464E+00  8.77322E+00   2.75423E+00  8.86375E+00   1.78136E+00  8.94733E+00   8.97194E-01  9.02350E+00   1.02927E-01  9.09183E+00   3.59400E+02  9.15191E+00   3.58788E+02  9.20340E+00   3.58269E+02  9.24597E+00   3.57844E+02  9.27937E+00   3.57512E+02  9.30337E+00   3.57275E+02  9.31783E+00   3.57132E+02  9.32267E+00   3.57085E+02  9.31783E+00   3.57132E+02  9.30337E+00   3.57275E+02  9.27936E+00   3.57512E+02  9.24597E+00   3.57844E+02  9.20340E+00   3.58269E+02  9.15191E+00   3.58788E+02  9.09183E+00   3.59400E+02  9.02349E+00   1.02932E-01  8.94733E+00   8.97200E-01  8.86375E+00   1.78136E+00  8.77322E+00   2.75423E+00  8.67623E+00   3.81463E+00  8.57328E+00   4.96124E+00  8.46488E+00   6.19265E+00  8.35153E+00   7.50744E+00  8.23378E+00   8.90406E+00  8.11211E+00   1.03810E+01  7.98703E+00   1.19366E+01  7.85904E+00   1.35692E+01  7.72860E+00   1.52772E+01  7.59617E+00   1.70589E+01  7.46218E+00   1.89125E+01  7.32704E+00   2.08362E+01  7.19114E+00   2.28285E+01  7.05483E+00   2.48875E+01  6.91846E+00   2.70115E+01  6.78232E+00   2.91989E+01  6.64671E+00   3.14478E+01  6.51189E+00   3.37566E+01  6.37808E+00   3.61236E+01  6.24550E+00   3.85471E+01  6.11435E+00   4.10256E+01  5.98477E+00   4.35575E+01  5.85693E+00   4.61412E+01  5.73095E+00   4.87751E+01  5.60694E+00   5.14577E+01  5.48500E+00   5.41876E+01  5.36519E+00   5.69634E+01  5.24759E+00   5.97836E+01  5.13223E+00   6.26469E+01 
 5.07211E+00   6.40468E+01  5.18487E+00   6.11961E+01  5.29979E+00   5.83885E+01  5.41680E+00   5.56254E+01  5.53585E+00   5.29082E+01  5.65685E+00   5.02382E+01  5.77972E+00   4.76170E+01  5.90434E+00   4.50461E+01  6.03058E+00   4.25268E+01  6.15832E+00   4.00608E+01  6.28736E+00   3.76498E+01  6.41754E+00   3.52952E+01  6.54865E+00   3.29987E+01  6.68045E+00   3.07620E+01  6.81269E+00   2.85867E+01  6.94510E+00   2.64746E+01  7.07738E+00   2.44272E+01  7.20920E+00   2.24464E+01  7.34022E+00   2.05339E+01  7.47006E+00   1.86913E+01  7.59832E+00   1.69204E+01  7.72460E+00   1.52229E+01  7.84845E+00   1.36003E+01  7.96942E+00   1.20545E+01  8.08704E+00   1.05869E+01  8.20084E+00   9.19922E+00  8.31032E+00   7.89297E+00  8.41499E+00   6.66962E+00  8.51436E+00   5.53062E+00  8.60794E+00   4.47729E+00  8.69525E+00   3.51098E+00  8.77584E+00   2.63283E+00  8.84926E+00   1.84400E+00  8.91512E+00   1.14546E+00  8.97300E+00   5.38178E-01  9.02260E+00   2.29000E-02  9.06360E+00   3.59600E+02  9.09577E+00   3.59271E+02  9.11888E+00   3.59036E+02  9.13281E+00   3.58894E+02  9.13746E+00   3.58847E+02  9.13281E+00   3.58894E+02  9.11888E+00   3.59036E+02  9.09576E+00   3.59271E+02  9.06360E+00   3.59600E+02  9.02260E+00   2.28946E-02  8.97300E+00   5.38190E-01  8.91512E+00   1.14546E+00  8.84927E+00   1.84401E+00  8.77584E+00   2.63283E+00  8.69525E+00   3.51099E+00  8.60794E+00   4.47730E+00  8.51436E+00   5.53062E+00  8.41499E+00   6.66962E+00  8.31032E+00   7.89296E+00  8.20084E+00   9.19922E+00  8.08704E+00   1.05869E+01  7.96942E+00   1.20545E+01  7.84845E+00   1.36003E+01  7.72460E+00   1.52229E+01  7.59832E+00   1.69204E+01  7.47006E+00   1.86913E+01  7.34022E+00   2.05339E+01  7.20921E+00   2.24465E+01  7.07739E+00   2.44273E+01  6.94511E+00   2.64746E+01  6.81269E+00   2.85867E+01  6.68045E+00   3.07620E+01  6.54865E+00   3.29987E+01  6.41754E+00   3.52952E+01  6.28736E+00   3.76498E+01  6.15832E+00   4.00608E+01  6.03059E+00   4.25268E+01  5.90434E+00   4.50460E+01  5.77972E+00   4.76170E+01  5.65685E+00   5.02382E+01  5.53585E+00   5.29082E+01  5.41680E+00   5.56254E+01  5.29980E+00   5.83885E+01  5.18488E+00   6.11961E+01  5.07211E+00   6.40469E+01 
 5.01055E+00   6.55065E+01  5.12068E+00   6.26689E+01  5.23287E+00   5.98744E+01  5.34705E+00   5.71244E+01  5.46317E+00   5.44203E+01  5.58113E+00   5.17635E+01  5.70085E+00   4.91554E+01  5.82221E+00   4.65976E+01  5.94510E+00   4.40914E+01  6.06937E+00   4.16385E+01  6.19486E+00   3.92404E+01  6.32138E+00   3.68987E+01  6.44874E+00   3.46149E+01  6.57671E+00   3.23909E+01  6.70504E+00   3.02280E+01  6.83347E+00   2.81282E+01  6.96170E+00   2.60929E+01  7.08942E+00   2.41240E+01  7.21629E+00   2.22231E+01  7.34196E+00   2.03919E+01  7.46605E+00   1.86321E+01  7.58815E+00   1.69453E+01  7.70785E+00   1.53332E+01  7.82472E+00   1.37974E+01  7.93829E+00   1.23395E+01  8.04813E+00   1.09611E+01  8.15375E+00   9.66369E+00  8.25469E+00   8.44866E+00  8.35048E+00   7.31754E+00  8.44066E+00   6.27152E+00  8.52476E+00   5.31199E+00  8.60237E+00   4.44003E+00  8.67306E+00   3.65681E+00  8.73644E+00   2.96328E+00  8.79214E+00   2.36036E+00  8.83986E+00   1.84881E+00  8.87929E+00   1.42935E+00  8.91022E+00   1.10250E+00  8.93245E+00   8.68739E-01  8.94584E+00   7.28335E-01  8.95031E+00   6.81531E-01  8.94584E+00   7.28332E-01  8.93245E+00   8.68746E-01  8.91022E+00   1.10249E+00  8.87929E+00   1.42936E+00  8.83986E+00   1.84880E+00  8.79214E+00   2.36037E+00  8.73644E+00   2.96327E+00  8.67306E+00   3.65682E+00  8.60237E+00   4.44002E+00  8.52476E+00   5.31199E+00  8.44066E+00   6.27151E+00  8.35048E+00   7.31753E+00  8.25469E+00   8.44867E+00  8.15375E+00   9.66368E+00  8.04812E+00   1.09611E+01  7.93829E+00   1.23395E+01  7.82471E+00   1.37974E+01  7.70785E+00   1.53332E+01  7.58815E+00   1.69453E+01  7.46605E+00   1.86321E+01  7.34197E+00   2.03919E+01  7.21629E+00   2.22231E+01  7.08942E+00   2.41240E+01  6.96170E+00   2.60929E+01  6.83346E+00   2.81281E+01  6.70504E+00   3.02280E+01  6.57671E+00   3.23908E+01  6.44874E+00   3.46149E+01  6.32139E+00   3.68987E+01  6.19486E+00   3.92404E+01  6.06938E+00   4.16385E+01  5.94510E+00   4.40914E+01  5.82221E+00   4.65976E+01  5.70085E+00   4.91555E+01  5.58113E+00   5.17635E+01  5.46317E+00   5.44203E+01  5.34706E+00   5.71244E+01  5.23288E+00   5.98744E+01  5.12068E+00   6.26689E+01  5.01055E+00   6.55066E+01 
 4.94768E+00   6.70255E+01  5.05516E+00   6.42012E+01  5.16460E+00   6.14203E+01  5.27592E+00   5.86838E+01  5.38907E+00   5.59934E+01  5.50397E+00   5.33502E+01  5.62051E+00   5.07556E+01  5.73861E+00   4.82114E+01  5.85811E+00   4.57187E+01  5.97891E+00   4.32792E+01  6.10081E+00   4.08945E+01  6.22366E+00   3.85660E+01  6.34725E+00   3.62955E+01  6.47137E+00   3.40844E+01  6.59578E+00   3.19345E+01  6.72022E+00   2.98473E+01  6.84439E+00   2.78246E+01  6.96801E+00   2.58679E+01  7.09075E+00   2.39790E+01  7.21225E+00   2.21596E+01  7.33217E+00   2.04112E+01  7.45010E+00   1.87355E+01  7.56566E+00   1.71341E+01  7.67843E+00   1.56087E+01  7.78798E+00   1.41608E+01  7.89386E+00   1.27919E+01  7.99564E+00   1.15036E+01  8.09287E+00   1.02972E+01  8.18510E+00   9.17413E+00  8.27189E+00   8.13567E+00  8.35282E+00   7.18310E+00  8.42746E+00   6.31755E+00  8.49543E+00   5.54011E+00  8.55635E+00   4.85172E+00  8.60988E+00   4.25330E+00  8.65573E+00   3.74560E+00  8.69361E+00   3.32930E+00  8.72332E+00   3.00493E+00  8.74467E+00   2.77292E+00  8.75753E+00   2.63360E+00  8.76183E+00   2.58714E+00  8.75753E+00   2.63359E+00  8.74467E+00   2.77293E+00  8.72332E+00   3.00491E+00  8.69362E+00   3.32931E+00  8.65573E+00   3.74559E+00  8.60988E+00   4.25331E+00  8.55635E+00   4.85171E+00  8.49543E+00   5.54011E+00  8.42746E+00   6.31753E+00  8.35282E+00   7.18311E+00  8.27189E+00   8.13565E+00  8.18510E+00   9.17413E+00  8.09287E+00   1.02972E+01  7.99564E+00   1.15036E+01  7.89386E+00   1.27919E+01  7.78797E+00   1.41608E+01  7.67843E+00   1.56087E+01  7.56567E+00   1.71341E+01  7.45011E+00   1.87355E+01  7.33217E+00   2.04111E+01  7.21226E+00   2.21596E+01  7.09075E+00   2.39790E+01  6.96801E+00   2.58679E+01  6.84439E+00   2.78246E+01  6.72021E+00   2.98473E+01  6.59578E+00   3.19345E+01  6.47137E+00   3.40844E+01  6.34726E+00   3.62955E+01  6.22367E+00   3.85660E+01  6.10081E+00   4.08945E+01  5.97891E+00   4.32792E+01  5.85811E+00   4.57187E+01  5.73860E+00   4.82114E+01  5.62051E+00   5.07557E+01  5.50397E+00   5.33502E+01  5.38907E+00   5.59933E+01  5.27593E+00   5.86838E+01  5.16460E+00   6.14203E+01  5.05516E+00   6.42012E+01  4.94768E+00   6.70255E+01 
 4.88365E+00   6.86028E+01  4.98845E+00   6.57925E+01  5.09512E+00   6.30255E+01  5.20356E+00   6.03030E+01  5.31374E+00   5.76265E+01  5.42555E+00   5.49974E+01  5.53891E+00   5.24169E+01  5.65371E+00   4.98865E+01  5.76983E+00   4.74078E+01  5.88713E+00   4.49822E+01  6.00546E+00   4.26112E+01  6.12463E+00   4.02964E+01  6.24446E+00   3.80394E+01  6.36473E+00   3.58418E+01  6.48521E+00   3.37051E+01  6.60566E+00   3.16310E+01  6.72579E+00   2.96211E+01  6.84531E+00   2.76771E+01  6.96393E+00   2.58006E+01  7.08128E+00   2.39932E+01  7.19705E+00   2.22566E+01  7.31083E+00   2.05923E+01  7.42228E+00   1.90020E+01  7.53097E+00   1.74873E+01  7.63651E+00   1.60496E+01  7.73848E+00   1.46906E+01  7.83644E+00   1.34116E+01  7.93000E+00   1.22140E+01  8.01870E+00   1.10992E+01  8.10214E+00   1.00685E+01  8.17991E+00   9.12307E+00  8.25162E+00   8.26410E+00  8.31690E+00   7.49258E+00  8.37539E+00   6.80948E+00  8.42678E+00   6.21568E+00  8.47077E+00   5.71194E+00  8.50713E+00   5.29886E+00  8.53563E+00   4.97704E+00  8.55611E+00   4.74684E+00  8.56844E+00   4.60862E+00  8.57256E+00   4.56251E+00  8.56844E+00   4.60862E+00  8.55611E+00   4.74684E+00  8.53563E+00   4.97704E+00  8.50713E+00   5.29886E+00  8.47077E+00   5.71193E+00  8.42678E+00   6.21568E+00  8.37539E+00   6.80948E+00  8.31690E+00   7.49257E+00  8.25162E+00   8.26407E+00  8.17991E+00   9.12308E+00  8.10214E+00   1.00685E+01  8.01869E+00   1.10992E+01  7.92999E+00   1.22139E+01  7.83645E+00   1.34116E+01  7.73848E+00   1.46905E+01  7.63651E+00   1.60497E+01  7.53098E+00   1.74873E+01  7.42228E+00   1.90020E+01  7.31084E+00   2.05923E+01  7.19705E+00   2.22566E+01  7.08129E+00   2.39932E+01  6.96392E+00   2.58006E+01  6.84532E+00   2.76771E+01  6.72579E+00   2.96211E+01  6.60566E+00   3.16310E+01  6.48521E+00   3.37051E+01  6.36473E+00   3.58418E+01  6.24446E+00   3.80394E+01  6.12463E+00   4.02964E+01  6.00545E+00   4.26112E+01  5.88713E+00   4.49822E+01  5.76983E+00   4.74078E+01  5.65371E+00   4.98866E+01  5.53891E+00   5.24169E+01  5.42555E+00   5.49973E+01  5.31374E+00   5.76265E+01  5.20357E+00   6.03030E+01  5.09512E+00   6.30254E+01  4.98845E+00   6.57925E+01  4.88365E+00   6.86028E+01 
 4.81859E+00   7.02378E+01  4.92071E+00   6.74418E+01  5.02458E+00   6.46892E+01  5.13014E+00   6.19811E+01  5.23732E+00   5.93190E+01  5.34605E+00   5.67043E+01  5.45622E+00   5.41382E+01  5.56773E+00   5.16222E+01  5.68046E+00   4.91578E+01  5.79427E+00   4.67464E+01  5.90901E+00   4.43896E+01  6.02452E+00   4.20889E+01  6.14058E+00   3.98458E+01  6.25703E+00   3.76619E+01  6.37360E+00   3.55389E+01  6.49008E+00   3.34782E+01  6.60618E+00   3.14816E+01  6.72164E+00   2.95505E+01  6.83615E+00   2.76867E+01  6.94939E+00   2.58917E+01  7.06103E+00   2.41671E+01  7.17072E+00   2.25146E+01  7.27808E+00   2.09357E+01  7.38274E+00   1.94318E+01  7.48431E+00   1.80047E+01  7.58240E+00   1.66557E+01  7.67660E+00   1.53862E+01  7.76651E+00   1.41977E+01  7.85173E+00   1.30914E+01  7.93186E+00   1.20687E+01  8.00652E+00   1.11306E+01  8.07534E+00   1.02784E+01  8.13796E+00   9.51291E+00  8.19406E+00   8.83526E+00  8.24333E+00   8.24618E+00  8.28551E+00   7.74647E+00  8.32035E+00   7.33671E+00  8.34767E+00   7.01750E+00  8.36729E+00   6.78914E+00  8.37911E+00   6.65206E+00  8.38306E+00   6.60631E+00  8.37911E+00   6.65205E+00  8.36729E+00   6.78914E+00  8.34767E+00   7.01749E+00  8.32036E+00   7.33671E+00  8.28551E+00   7.74646E+00  8.24333E+00   8.24616E+00  8.19406E+00   8.83525E+00  8.13796E+00   9.51290E+00  8.07534E+00   1.02784E+01  8.00652E+00   1.11306E+01  7.93186E+00   1.20687E+01  7.85173E+00   1.30915E+01  7.76651E+00   1.41977E+01  7.67660E+00   1.53863E+01  7.58240E+00   1.66557E+01  7.48431E+00   1.80048E+01  7.38274E+00   1.94319E+01  7.27808E+00   2.09357E+01  7.17072E+00   2.25146E+01  7.06103E+00   2.41671E+01  6.94939E+00   2.58917E+01  6.83615E+00   2.76866E+01  6.72164E+00   2.95505E+01  6.60618E+00   3.14815E+01  6.49008E+00   3.34782E+01  6.37360E+00   3.55389E+01  6.25702E+00   3.76619E+01  6.14059E+00   3.98458E+01  6.02452E+00   4.20889E+01  5.90901E+00   4.43896E+01  5.79427E+00   4.67465E+01  5.68046E+00   4.91578E+01  5.56773E+00   5.16222E+01  5.45622E+00   5.41382E+01  5.34605E+00   5.67042E+01  5.23733E+00   5.93190E+01  5.13014E+00   6.19811E+01  5.02458E+00   6.46892E+01  4.92071E+00   6.74418E+01  4.81859E+00   7.02378E+01 
 4.75264E+00   7.19298E+01  4.85206E+00   6.91485E+01  4.95314E+00   6.64106E+01  5.05582E+00   6.37174E+01  5.16001E+00   6.10700E+01  5.26564E+00   5.84700E+01  5.37263E+00   5.59187E+01  5.48085E+00   5.34175E+01  5.59020E+00   5.09678E+01  5.70053E+00   4.85710E+01  5.81171E+00   4.62288E+01  5.92356E+00   4.39425E+01  6.03589E+00   4.17137E+01  6.14852E+00   3.95439E+01  6.26122E+00   3.74348E+01  6.37375E+00   3.53879E+01  6.48586E+00   3.34048E+01  6.59729E+00   3.14870E+01  6.70774E+00   2.96362E+01  6.81690E+00   2.78539E+01  6.92447E+00   2.61417E+01  7.03009E+00   2.45012E+01  7.13342E+00   2.29339E+01  7.23410E+00   2.14413E+01  7.33176E+00   2.00249E+01  7.42603E+00   1.86861E+01  7.51651E+00   1.74265E+01  7.60284E+00   1.62472E+01  7.68462E+00   1.51496E+01  7.76150E+00   1.41349E+01  7.83310E+00   1.32044E+01  7.89907E+00   1.23590E+01  7.95909E+00   1.15997E+01  8.01284E+00   1.09276E+01  8.06003E+00   1.03434E+01  8.10042E+00   9.84780E+00  8.13379E+00   9.44143E+00  8.15993E+00   9.12486E+00  8.17871E+00   8.89841E+00  8.19003E+00   8.76248E+00  8.19381E+00   8.71711E+00  8.19003E+00   8.76247E+00  8.17872E+00   8.89842E+00  8.15993E+00   9.12487E+00  8.13379E+00   9.44143E+00  8.10042E+00   9.84780E+00  8.06004E+00   1.03434E+01  8.01284E+00   1.09276E+01  7.95909E+00   1.15998E+01  7.89907E+00   1.23590E+01  7.83310E+00   1.32044E+01  7.76150E+00   1.41350E+01  7.68463E+00   1.51496E+01  7.60284E+00   1.62472E+01  7.51651E+00   1.74265E+01  7.42603E+00   1.86862E+01  7.33176E+00   2.00249E+01  7.23410E+00   2.14413E+01  7.13342E+00   2.29339E+01  7.03009E+00   2.45011E+01  6.92447E+00   2.61417E+01  6.81690E+00   2.78539E+01  6.70774E+00   2.96362E+01  6.59729E+00   3.14870E+01  6.48586E+00   3.34047E+01  6.37375E+00   3.53879E+01  6.26122E+00   3.74348E+01  6.14852E+00   3.95439E+01  6.03590E+00   4.17137E+01  5.92356E+00   4.39425E+01  5.81171E+00   4.62288E+01  5.70053E+00   4.85711E+01  5.59020E+00   5.09678E+01  5.48085E+00   5.34175E+01  5.37262E+00   5.59187E+01  5.26565E+00   5.84700E+01  5.16001E+00   6.10700E+01  5.05582E+00   6.37174E+01  4.95314E+00   6.64106E+01  4.85206E+00   6.91485E+01  4.75263E+00   7.19297E+01 
 4.68592E+00   7.36779E+01  4.78265E+00   7.09117E+01  4.88094E+00   6.81890E+01  4.98073E+00   6.55109E+01  5.08194E+00   6.28787E+01  5.18450E+00   6.02938E+01  5.28831E+00   5.77577E+01  5.39326E+00   5.52715E+01  5.49924E+00   5.28369E+01  5.60612E+00   5.04551E+01  5.71375E+00   4.81276E+01  5.82197E+00   4.58561E+01  5.93060E+00   4.36419E+01  6.03945E+00   4.14867E+01  6.14831E+00   3.93918E+01  6.25694E+00   3.73590E+01  6.36511E+00   3.53897E+01  6.47255E+00   3.34855E+01  6.57898E+00   3.16480E+01  6.68412E+00   2.98786E+01  6.78767E+00   2.81791E+01  6.88928E+00   2.65508E+01  6.98865E+00   2.49954E+01  7.08541E+00   2.35143E+01  7.17922E+00   2.21089E+01  7.26973E+00   2.07806E+01  7.35656E+00   1.95309E+01  7.43937E+00   1.83611E+01  7.51779E+00   1.72724E+01  7.59147E+00   1.62660E+01  7.66007E+00   1.53430E+01  7.72325E+00   1.45046E+01  7.78071E+00   1.37517E+01  7.83216E+00   1.30852E+01  7.87732E+00   1.25059E+01  7.91596E+00   1.20145E+01  7.94787E+00   1.16116E+01  7.97288E+00   1.12978E+01  7.99084E+00   1.10733E+01  8.00166E+00   1.09385E+01  8.00527E+00   1.08935E+01  8.00166E+00   1.09385E+01  7.99084E+00   1.10733E+01  7.97288E+00   1.12978E+01  7.94788E+00   1.16116E+01  7.91597E+00   1.20145E+01  7.87732E+00   1.25059E+01  7.83216E+00   1.30852E+01  7.78071E+00   1.37517E+01  7.72325E+00   1.45047E+01  7.66007E+00   1.53430E+01  7.59147E+00   1.62660E+01  7.51779E+00   1.72723E+01  7.43937E+00   1.83611E+01  7.35656E+00   1.95309E+01  7.26972E+00   2.07806E+01  7.17922E+00   2.21089E+01  7.08541E+00   2.35142E+01  6.98865E+00   2.49954E+01  6.88929E+00   2.65508E+01  6.78766E+00   2.81791E+01  6.68413E+00   2.98786E+01  6.57898E+00   3.16480E+01  6.47254E+00   3.34855E+01  6.36511E+00   3.53897E+01  6.25694E+00   3.73590E+01  6.14831E+00   3.93918E+01  6.03946E+00   4.14867E+01  5.93060E+00   4.36419E+01  5.82197E+00   4.58561E+01  5.71375E+00   4.81277E+01  5.60612E+00   5.04551E+01  5.49924E+00   5.28369E+01  5.39326E+00   5.52715E+01  5.28831E+00   5.77576E+01  5.18450E+00   6.02938E+01  5.08194E+00   6.28787E+01  4.98073E+00   6.55108E+01  4.88094E+00   6.81889E+01  4.78265E+00   7.09117E+01  4.68592E+00   7.36779E+01 
 4.61856E+00   7.54814E+01  4.71262E+00   7.27306E+01  4.80812E+00   7.00234E+01  4.90504E+00   6.73608E+01  5.00328E+00   6.47441E+01  5.10277E+00   6.21747E+01  5.20343E+00   5.96540E+01  5.30513E+00   5.71833E+01  5.40778E+00   5.47640E+01  5.51123E+00   5.23976E+01  5.61535E+00   5.00854E+01  5.71998E+00   4.78288E+01  5.82494E+00   4.56296E+01  5.93005E+00   4.34891E+01  6.03511E+00   4.14088E+01  6.13989E+00   3.93903E+01  6.24417E+00   3.74352E+01  6.34768E+00   3.55448E+01  6.45017E+00   3.37208E+01  6.55135E+00   3.19648E+01  6.65093E+00   3.02781E+01  6.74861E+00   2.86624E+01  6.84408E+00   2.71190E+01  6.93699E+00   2.56495E+01  7.02703E+00   2.42553E+01  7.11385E+00   2.29378E+01  7.19711E+00   2.16982E+01  7.27647E+00   2.05380E+01  7.35160E+00   1.94583E+01  7.42215E+00   1.84603E+01  7.48781E+00   1.75452E+01  7.54828E+00   1.67139E+01  7.60324E+00   1.59674E+01  7.65244E+00   1.53067E+01  7.69562E+00   1.47324E+01  7.73255E+00   1.42453E+01  7.76305E+00   1.38459E+01  7.78694E+00   1.35347E+01  7.80410E+00   1.33122E+01  7.81443E+00   1.31786E+01  7.81789E+00   1.31341E+01  7.81443E+00   1.31786E+01  7.80410E+00   1.33122E+01  7.78694E+00   1.35347E+01  7.76305E+00   1.38459E+01  7.73255E+00   1.42453E+01  7.69562E+00   1.47324E+01  7.65244E+00   1.53067E+01  7.60324E+00   1.59675E+01  7.54828E+00   1.67139E+01  7.48781E+00   1.75452E+01  7.42215E+00   1.84603E+01  7.35160E+00   1.94583E+01  7.27647E+00   2.05380E+01  7.19711E+00   2.16982E+01  7.11385E+00   2.29378E+01  7.02703E+00   2.42553E+01  6.93699E+00   2.56495E+01  6.84408E+00   2.71190E+01  6.74861E+00   2.86623E+01  6.65093E+00   3.02781E+01  6.55135E+00   3.19647E+01  6.45017E+00   3.37209E+01  6.34768E+00   3.55448E+01  6.24417E+00   3.74352E+01  6.13990E+00   3.93903E+01  6.03511E+00   4.14088E+01  5.93005E+00   4.34891E+01  5.82494E+00   4.56296E+01  5.71998E+00   4.78289E+01  5.61535E+00   5.00854E+01  5.51123E+00   5.23975E+01  5.40778E+00   5.47640E+01  5.30513E+00   5.71833E+01  5.20343E+00   5.96540E+01  5.10278E+00   6.21747E+01  5.00328E+00   6.47441E+01  4.90504E+00   6.73608E+01  4.80812E+00   7.00234E+01  4.71261E+00   7.27306E+01  4.61856E+00   7.54814E+01 
 4.55069E+00   7.73395E+01  4.64208E+00   7.46045E+01  4.73482E+00   7.19130E+01  4.82888E+00   6.92663E+01  4.92418E+00   6.66655E+01  5.02063E+00   6.41119E+01  5.11815E+00   6.16069E+01  5.21664E+00   5.91519E+01  5.31598E+00   5.67483E+01  5.41604E+00   5.43974E+01  5.51670E+00   5.21008E+01  5.61778E+00   4.98597E+01  5.71912E+00   4.76756E+01  5.82055E+00   4.55502E+01  5.92187E+00   4.34847E+01  6.02285E+00   4.14808E+01  6.12330E+00   3.95400E+01  6.22294E+00   3.76638E+01  6.32155E+00   3.58536E+01  6.41884E+00   3.41110E+01  6.51455E+00   3.24375E+01  6.60837E+00   3.08345E+01  6.70001E+00   2.93034E+01  6.78916E+00   2.78458E+01  6.87550E+00   2.64630E+01  6.95872E+00   2.51563E+01  7.03849E+00   2.39271E+01  7.11448E+00   2.27766E+01  7.18639E+00   2.17061E+01  7.25390E+00   2.07167E+01  7.31670E+00   1.98094E+01  7.37451E+00   1.89854E+01  7.42704E+00   1.82454E+01  7.47405E+00   1.75905E+01  7.51529E+00   1.70213E+01  7.55057E+00   1.65385E+01  7.57969E+00   1.61427E+01  7.60249E+00   1.58343E+01  7.61888E+00   1.56138E+01  7.62874E+00   1.54814E+01  7.63203E+00   1.54373E+01  7.62874E+00   1.54814E+01  7.61888E+00   1.56138E+01  7.60249E+00   1.58343E+01  7.57968E+00   1.61427E+01  7.55057E+00   1.65385E+01  7.51529E+00   1.70213E+01  7.47405E+00   1.75905E+01  7.42704E+00   1.82455E+01  7.37451E+00   1.89854E+01  7.31670E+00   1.98094E+01  7.25390E+00   2.07167E+01  7.18639E+00   2.17061E+01  7.11449E+00   2.27766E+01  7.03849E+00   2.39271E+01  6.95872E+00   2.51563E+01  6.87550E+00   2.64629E+01  6.78916E+00   2.78458E+01  6.70001E+00   2.93034E+01  6.60837E+00   3.08345E+01  6.51455E+00   3.24375E+01  6.41884E+00   3.41110E+01  6.32155E+00   3.58536E+01  6.22294E+00   3.76637E+01  6.12329E+00   3.95401E+01  6.02285E+00   4.14808E+01  5.92186E+00   4.34847E+01  5.82055E+00   4.55502E+01  5.71912E+00   4.76756E+01  5.61778E+00   4.98597E+01  5.51670E+00   5.21007E+01  5.41604E+00   5.43974E+01  5.31598E+00   5.67483E+01  5.21664E+00   5.91519E+01  5.11815E+00   6.16069E+01  5.02063E+00   6.41119E+01  4.92418E+00   6.66655E+01  4.82888E+00   6.92663E+01  4.73482E+00   7.19130E+01  4.64208E+00   7.46045E+01  4.55069E+00   7.73395E+01 
 4.48243E+00   7.92514E+01  4.57116E+00   7.65324E+01  4.66116E+00   7.38570E+01  4.75239E+00   7.12264E+01  4.84476E+00   6.86418E+01  4.93821E+00   6.61043E+01  5.03264E+00   6.36154E+01  5.12794E+00   6.11765E+01  5.22402E+00   5.87888E+01  5.32074E+00   5.64538E+01  5.41797E+00   5.41728E+01  5.51555E+00   5.19474E+01  5.61333E+00   4.97788E+01  5.71113E+00   4.76687E+01  5.80877E+00   4.56184E+01  5.90604E+00   4.36294E+01  6.00271E+00   4.17032E+01  6.09857E+00   3.98413E+01  6.19338E+00   3.80451E+01  6.28686E+00   3.63162E+01  6.37877E+00   3.46560E+01  6.46882E+00   3.30659E+01  6.55672E+00   3.15474E+01  6.64220E+00   3.01018E+01  6.72493E+00   2.87305E+01  6.80464E+00   2.74349E+01  6.88100E+00   2.62161E+01  6.95372E+00   2.50756E+01  7.02249E+00   2.40144E+01  7.08703E+00   2.30336E+01  7.14705E+00   2.21344E+01  7.20227E+00   2.13176E+01  7.25245E+00   2.05844E+01  7.29733E+00   1.99353E+01  7.33670E+00   1.93712E+01  7.37036E+00   1.88928E+01  7.39814E+00   1.85006E+01  7.41990E+00   1.81951E+01  7.43552E+00   1.79766E+01  7.44493E+00   1.78454E+01  7.44807E+00   1.78017E+01  7.44493E+00   1.78454E+01  7.43552E+00   1.79766E+01  7.41990E+00   1.81951E+01  7.39814E+00   1.85006E+01  7.37036E+00   1.88928E+01  7.33669E+00   1.93712E+01  7.29733E+00   1.99353E+01  7.25244E+00   2.05844E+01  7.20227E+00   2.13176E+01  7.14705E+00   2.21344E+01  7.08703E+00   2.30336E+01  7.02249E+00   2.40143E+01  6.95372E+00   2.50756E+01  6.88100E+00   2.62161E+01  6.80464E+00   2.74349E+01  6.72493E+00   2.87305E+01  6.64220E+00   3.01018E+01  6.55672E+00   3.15473E+01  6.46882E+00   3.30659E+01  6.37877E+00   3.46560E+01  6.28686E+00   3.63162E+01  6.19337E+00   3.80451E+01  6.09857E+00   3.98413E+01  6.00271E+00   4.17032E+01  5.90604E+00   4.36294E+01  5.80877E+00   4.56184E+01  5.71114E+00   4.76687E+01  5.61334E+00   4.97788E+01  5.51555E+00   5.19474E+01  5.41796E+00   5.41728E+01  5.32074E+00   5.64538E+01  5.22402E+00   5.87888E+01  5.12794E+00   6.11764E+01  5.03264E+00   6.36154E+01  4.93821E+00   6.61043E+01  4.84476E+00   6.86417E+01  4.75239E+00   7.12264E+01  4.66116E+00   7.38570E+01  4.57116E+00   7.65325E+01  4.48243E+00   7.92514E+01 
 4.41389E+00   8.12162E+01  4.49998E+00   7.85137E+01  4.58727E+00   7.58546E+01  4.67570E+00   7.32403E+01  4.76519E+00   7.06721E+01  4.85566E+00   6.81511E+01  4.94703E+00   6.56785E+01  5.03919E+00   6.32559E+01  5.13205E+00   6.08845E+01  5.22548E+00   5.85656E+01  5.31934E+00   5.63007E+01  5.41349E+00   5.40911E+01  5.50777E+00   5.19383E+01  5.60201E+00   4.98437E+01  5.69604E+00   4.78087E+01  5.78965E+00   4.58348E+01  5.88264E+00   4.39235E+01  5.97479E+00   4.20761E+01  6.06587E+00   4.02942E+01  6.15564E+00   3.85791E+01  6.24383E+00   3.69324E+01  6.33021E+00   3.53554E+01  6.41447E+00   3.38495E+01  6.49636E+00   3.24161E+01  6.57558E+00   3.10565E+01  6.65187E+00   2.97721E+01  6.72492E+00   2.85640E+01  6.79445E+00   2.74334E+01  6.86019E+00   2.63816E+01  6.92184E+00   2.54097E+01  6.97916E+00   2.45186E+01  7.03188E+00   2.37092E+01  7.07976E+00   2.29827E+01  7.12258E+00   2.23396E+01  7.16013E+00   2.17807E+01  7.19223E+00   2.13068E+01  7.21872E+00   2.09182E+01  7.23946E+00   2.06155E+01  7.25436E+00   2.03991E+01  7.26332E+00   2.02691E+01  7.26632E+00   2.02258E+01  7.26332E+00   2.02691E+01  7.25436E+00   2.03991E+01  7.23946E+00   2.06155E+01  7.21872E+00   2.09182E+01  7.19223E+00   2.13067E+01  7.16013E+00   2.17807E+01  7.12258E+00   2.23395E+01  7.07976E+00   2.29827E+01  7.03188E+00   2.37092E+01  6.97916E+00   2.45185E+01  6.92184E+00   2.54096E+01  6.86018E+00   2.63816E+01  6.79445E+00   2.74334E+01  6.72492E+00   2.85640E+01  6.65187E+00   2.97721E+01  6.57559E+00   3.10565E+01  6.49636E+00   3.24161E+01  6.41447E+00   3.38495E+01  6.33020E+00   3.53554E+01  6.24383E+00   3.69324E+01  6.15564E+00   3.85791E+01  6.06587E+00   4.02942E+01  5.97479E+00   4.20761E+01  5.88264E+00   4.39235E+01  5.78965E+00   4.58348E+01  5.69604E+00   4.78087E+01  5.60201E+00   4.98436E+01  5.50777E+00   5.19383E+01  5.41348E+00   5.40911E+01  5.31934E+00   5.63006E+01  5.22548E+00   5.85656E+01  5.13205E+00   6.08845E+01  5.03920E+00   6.32558E+01  4.94703E+00   6.56786E+01  4.85566E+00   6.81511E+01  4.76519E+00   7.06721E+01  4.67570E+00   7.32404E+01  4.58728E+00   7.58546E+01  4.49998E+00   7.85136E+01  4.41388E+00   8.12162E+01 
 4.34517E+00   8.32330E+01  4.42867E+00   8.05472E+01  4.51327E+00   7.79048E+01  4.59893E+00   7.53072E+01  4.68557E+00   7.27556E+01  4.77311E+00   7.02513E+01  4.86147E+00   6.77954E+01  4.95055E+00   6.53892E+01  5.04023E+00   6.30342E+01  5.13042E+00   6.07318E+01  5.22097E+00   5.84831E+01  5.31175E+00   5.62897E+01  5.40260E+00   5.41528E+01  5.49335E+00   5.20739E+01  5.58385E+00   5.00545E+01  5.67389E+00   4.80959E+01  5.76328E+00   4.61996E+01  5.85181E+00   4.43670E+01  5.93925E+00   4.25995E+01  6.02539E+00   4.08985E+01  6.10997E+00   3.92654E+01  6.19276E+00   3.77017E+01  6.27348E+00   3.62086E+01  6.35188E+00   3.47875E+01  6.42770E+00   3.34398E+01  6.50066E+00   3.21666E+01  6.57050E+00   3.09692E+01  6.63694E+00   2.98489E+01  6.69973E+00   2.88066E+01  6.75860E+00   2.78435E+01  6.81330E+00   2.69605E+01  6.86360E+00   2.61587E+01  6.90927E+00   2.54389E+01  6.95009E+00   2.48019E+01  6.98588E+00   2.42483E+01  7.01648E+00   2.37788E+01  7.04171E+00   2.33939E+01  7.06148E+00   2.30941E+01  7.07566E+00   2.28797E+01  7.08420E+00   2.27510E+01  7.08705E+00   2.27081E+01  7.08420E+00   2.27510E+01  7.07566E+00   2.28797E+01  7.06148E+00   2.30941E+01  7.04171E+00   2.33939E+01  7.01648E+00   2.37788E+01  6.98589E+00   2.42482E+01  6.95009E+00   2.48018E+01  6.90927E+00   2.54389E+01  6.86360E+00   2.61587E+01  6.81330E+00   2.69605E+01  6.75860E+00   2.78435E+01  6.69973E+00   2.88066E+01  6.63694E+00   2.98489E+01  6.57050E+00   3.09692E+01  6.50066E+00   3.21666E+01  6.42770E+00   3.34398E+01  6.35188E+00   3.47875E+01  6.27348E+00   3.62086E+01  6.19276E+00   3.77017E+01  6.10997E+00   3.92654E+01  6.02539E+00   4.08985E+01  5.93926E+00   4.25995E+01  5.85181E+00   4.43670E+01  5.76328E+00   4.61996E+01  5.67389E+00   4.80959E+01  5.58385E+00   5.00545E+01  5.49336E+00   5.20739E+01  5.40260E+00   5.41528E+01  5.31175E+00   5.62896E+01  5.22097E+00   5.84831E+01  5.13042E+00   6.07318E+01  5.04024E+00   6.30342E+01  4.95055E+00   6.53893E+01  4.86147E+00   6.77954E+01  4.77311E+00   7.02512E+01  4.68557E+00   7.27556E+01  4.59893E+00   7.53072E+01  4.51327E+00   7.79048E+01  4.42866E+00   8.05471E+01  4.34517E+00   8.32330E+01 
 4.27639E+00   8.53011E+01  4.35732E+00   8.26321E+01  4.43927E+00   8.00067E+01  4.52220E+00   7.74261E+01  4.60604E+00   7.48913E+01  4.69069E+00   7.24038E+01  4.77608E+00   6.99649E+01  4.86213E+00   6.75756E+01  4.94871E+00   6.52372E+01  5.03572E+00   6.29514E+01  5.12302E+00   6.07191E+01  5.21049E+00   5.85419E+01  5.29798E+00   5.64213E+01  5.38533E+00   5.43584E+01  5.47237E+00   5.23547E+01  5.55893E+00   5.04116E+01  5.64480E+00   4.85305E+01  5.72980E+00   4.67128E+01  5.81371E+00   4.49598E+01  5.89632E+00   4.32730E+01  5.97739E+00   4.16538E+01  6.05668E+00   4.01034E+01  6.13397E+00   3.86233E+01  6.20899E+00   3.72147E+01  6.28150E+00   3.58789E+01  6.35124E+00   3.46171E+01  6.41797E+00   3.34306E+01  6.48142E+00   3.23204E+01  6.54136E+00   3.12877E+01  6.59753E+00   3.03336E+01  6.64971E+00   2.94589E+01  6.69767E+00   2.86647E+01  6.74119E+00   2.79517E+01  6.78010E+00   2.73207E+01  6.81420E+00   2.67724E+01  6.84333E+00   2.63074E+01  6.86736E+00   2.59263E+01  6.88618E+00   2.56294E+01  6.89968E+00   2.54171E+01  6.90781E+00   2.52896E+01  6.91053E+00   2.52471E+01  6.90781E+00   2.52896E+01  6.89968E+00   2.54171E+01  6.88618E+00   2.56294E+01  6.86736E+00   2.59263E+01  6.84333E+00   2.63074E+01  6.81420E+00   2.67724E+01  6.78010E+00   2.73207E+01  6.74119E+00   2.79517E+01  6.69767E+00   2.86647E+01  6.64971E+00   2.94589E+01  6.59753E+00   3.03336E+01  6.54136E+00   3.12878E+01  6.48142E+00   3.23204E+01  6.41797E+00   3.34306E+01  6.35124E+00   3.46171E+01  6.28150E+00   3.58789E+01  6.20899E+00   3.72147E+01  6.13396E+00   3.86233E+01  6.05668E+00   4.01034E+01  5.97738E+00   4.16538E+01  5.89632E+00   4.32730E+01  5.81371E+00   4.49598E+01  5.72981E+00   4.67128E+01  5.64481E+00   4.85305E+01  5.55893E+00   5.04116E+01  5.47238E+00   5.23547E+01  5.38533E+00   5.43584E+01  5.29798E+00   5.64213E+01  5.21049E+00   5.85419E+01  5.12302E+00   6.07192E+01  5.03572E+00   6.29513E+01  4.94871E+00   6.52372E+01  4.86213E+00   6.75756E+01  4.77609E+00   6.99648E+01  4.69069E+00   7.24038E+01  4.60603E+00   7.48914E+01  4.52220E+00   7.74260E+01  4.43927E+00   8.00067E+01  4.35731E+00   8.26321E+01  4.27639E+00   8.53011E+01 
 4.20763E+00   8.74195E+01  4.28603E+00   8.47677E+01  4.36538E+00   8.21594E+01  4.44562E+00   7.95960E+01  4.52670E+00   7.70784E+01  4.60852E+00   7.46079E+01  4.69100E+00   7.21860E+01  4.77407E+00   6.98138E+01  4.85760E+00   6.74924E+01  4.94150E+00   6.52232E+01  5.02563E+00   6.30077E+01  5.10987E+00   6.08470E+01  5.19408E+00   5.87426E+01  5.27810E+00   5.66959E+01  5.36177E+00   5.47080E+01  5.44493E+00   5.27806E+01  5.52738E+00   5.09149E+01  5.60895E+00   4.91122E+01  5.68942E+00   4.73740E+01  5.76859E+00   4.57015E+01  5.84625E+00   4.40963E+01  5.92217E+00   4.25594E+01  5.99612E+00   4.10923E+01  6.06786E+00   3.96963E+01  6.13717E+00   3.83725E+01  6.20380E+00   3.71222E+01  6.26752E+00   3.59466E+01  6.32809E+00   3.48468E+01  6.38527E+00   3.38237E+01  6.43884E+00   3.28786E+01  6.48858E+00   3.20122E+01  6.53429E+00   3.12256E+01  6.57576E+00   3.05194E+01  6.61281E+00   2.98946E+01  6.64527E+00   2.93516E+01  6.67301E+00   2.88912E+01  6.69588E+00   2.85138E+01  6.71379E+00   2.82199E+01  6.72664E+00   2.80096E+01  6.73437E+00   2.78834E+01  6.73696E+00   2.78413E+01  6.73437E+00   2.78834E+01  6.72664E+00   2.80096E+01  6.71379E+00   2.82199E+01  6.69588E+00   2.85138E+01  6.67301E+00   2.88912E+01  6.64528E+00   2.93516E+01  6.61281E+00   2.98946E+01  6.57576E+00   3.05194E+01  6.53429E+00   3.12256E+01  6.48858E+00   3.20122E+01  6.43884E+00   3.28786E+01  6.38527E+00   3.38237E+01  6.32809E+00   3.48467E+01  6.26752E+00   3.59466E+01  6.20380E+00   3.71222E+01  6.13717E+00   3.83725E+01  6.06786E+00   3.96963E+01  5.99612E+00   4.10923E+01  5.92217E+00   4.25594E+01  5.84625E+00   4.40963E+01  5.76860E+00   4.57015E+01  5.68942E+00   4.73740E+01  5.60895E+00   4.91122E+01  5.52738E+00   5.09149E+01  5.44493E+00   5.27806E+01  5.36177E+00   5.47080E+01  5.27810E+00   5.66959E+01  5.19408E+00   5.87426E+01  5.10987E+00   6.08470E+01  5.02563E+00   6.30077E+01  4.94150E+00   6.52232E+01  4.85760E+00   6.74924E+01  4.77407E+00   6.98137E+01  4.69100E+00   7.21860E+01  4.60852E+00   7.46080E+01  4.52670E+00   7.70784E+01  4.44562E+00   7.95960E+01  4.36538E+00   8.21594E+01  4.28603E+00   8.47676E+01  4.20764E+00   8.74194E+01 
 4.13901E+00   8.95873E+01  4.21491E+00   8.69529E+01  4.29170E+00   8.43621E+01  4.36930E+00   8.18159E+01  4.44766E+00   7.93158E+01  4.52671E+00   7.68627E+01  4.60635E+00   7.44579E+01  4.68649E+00   7.21028E+01  4.76704E+00   6.97986E+01  4.84789E+00   6.75463E+01  4.92892E+00   6.53477E+01  5.01001E+00   6.32037E+01  5.09102E+00   6.11158E+01  5.17180E+00   5.90853E+01  5.25219E+00   5.71135E+01  5.33204E+00   5.52018E+01  5.41117E+00   5.33516E+01  5.48940E+00   5.15641E+01  5.56653E+00   4.98407E+01  5.64238E+00   4.81827E+01  5.71673E+00   4.65915E+01  5.78938E+00   4.50683E+01  5.86010E+00   4.36143E+01  5.92869E+00   4.22309E+01  5.99490E+00   4.09193E+01  6.05853E+00   3.96806E+01  6.11934E+00   3.85159E+01  6.17712E+00   3.74265E+01  6.23165E+00   3.64132E+01  6.28272E+00   3.54771E+01  6.33011E+00   3.46191E+01  6.37365E+00   3.38401E+01  6.41313E+00   3.31409E+01  6.44841E+00   3.25221E+01  6.47930E+00   3.19846E+01  6.50569E+00   3.15287E+01  6.52745E+00   3.11550E+01  6.54448E+00   3.08640E+01  6.55671E+00   3.06559E+01  6.56406E+00   3.05309E+01  6.56652E+00   3.04893E+01  6.56406E+00   3.05309E+01  6.55671E+00   3.06559E+01  6.54449E+00   3.08640E+01  6.52745E+00   3.11550E+01  6.50569E+00   3.15287E+01  6.47930E+00   3.19845E+01  6.44840E+00   3.25221E+01  6.41313E+00   3.31408E+01  6.37365E+00   3.38401E+01  6.33011E+00   3.46191E+01  6.28272E+00   3.54771E+01  6.23165E+00   3.64131E+01  6.17712E+00   3.74265E+01  6.11934E+00   3.85159E+01  6.05853E+00   3.96806E+01  5.99490E+00   4.09193E+01  5.92868E+00   4.22310E+01  5.86010E+00   4.36143E+01  5.78938E+00   4.50683E+01  5.71674E+00   4.65915E+01  5.64238E+00   4.81827E+01  5.56654E+00   4.98407E+01  5.48940E+00   5.15641E+01  5.41117E+00   5.33516E+01  5.33204E+00   5.52018E+01  5.25219E+00   5.71135E+01  5.17180E+00   5.90853E+01  5.09101E+00   6.11158E+01  5.01001E+00   6.32037E+01  4.92892E+00   6.53477E+01  4.84789E+00   6.75464E+01  4.76704E+00   6.97985E+01  4.68649E+00   7.21027E+01  4.60634E+00   7.44579E+01  4.52671E+00   7.68627E+01  4.44766E+00   7.93158E+01  4.36930E+00   8.18160E+01  4.29169E+00   8.43621E+01  4.21491E+00   8.69529E+01  4.13901E+00   8.95873E+01 
 4.07059E+00   9.18039E+01  4.14404E+00   8.91869E+01  4.21832E+00   8.66137E+01  4.29333E+00   8.40852E+01  4.36903E+00   8.16024E+01  4.44536E+00   7.91669E+01  4.52221E+00   7.67796E+01  4.59950E+00   7.44417E+01  4.67714E+00   7.21548E+01  4.75501E+00   6.99197E+01  4.83302E+00   6.77380E+01  4.91103E+00   6.56109E+01  4.98892E+00   6.35396E+01  5.06655E+00   6.15255E+01  5.14376E+00   5.95699E+01  5.22040E+00   5.76741E+01  5.29630E+00   5.58395E+01  5.37129E+00   5.40672E+01  5.44520E+00   5.23588E+01  5.51782E+00   5.07154E+01  5.58898E+00   4.91382E+01  5.65846E+00   4.76288E+01  5.72607E+00   4.61880E+01  5.79160E+00   4.48174E+01  5.85483E+00   4.35179E+01  5.91556E+00   4.22908E+01  5.97358E+00   4.11372E+01  6.02868E+00   4.00581E+01  6.08066E+00   3.90546E+01  6.12931E+00   3.81276E+01  6.17446E+00   3.72780E+01  6.21591E+00   3.65067E+01  6.25349E+00   3.58144E+01  6.28705E+00   3.52018E+01  6.31645E+00   3.46697E+01  6.34155E+00   3.42184E+01  6.36224E+00   3.38485E+01  6.37843E+00   3.35604E+01  6.39005E+00   3.33544E+01  6.39704E+00   3.32307E+01  6.39938E+00   3.31895E+01  6.39704E+00   3.32307E+01  6.39005E+00   3.33544E+01  6.37843E+00   3.35604E+01  6.36224E+00   3.38485E+01  6.34155E+00   3.42184E+01  6.31645E+00   3.46696E+01  6.28705E+00   3.52018E+01  6.25349E+00   3.58144E+01  6.21591E+00   3.65067E+01  6.17446E+00   3.72780E+01  6.12931E+00   3.81276E+01  6.08066E+00   3.90546E+01  6.02868E+00   4.00581E+01  5.97358E+00   4.11372E+01  5.91556E+00   4.22908E+01  5.85483E+00   4.35179E+01  5.79160E+00   4.48174E+01  5.72607E+00   4.61880E+01  5.65846E+00   4.76288E+01  5.58898E+00   4.91383E+01  5.51782E+00   5.07154E+01  5.44520E+00   5.23588E+01  5.37129E+00   5.40672E+01  5.29630E+00   5.58395E+01  5.22040E+00   5.76741E+01  5.14376E+00   5.95699E+01  5.06655E+00   6.15256E+01  4.98892E+00   6.35396E+01  4.91103E+00   6.56109E+01  4.83302E+00   6.77380E+01  4.75501E+00   6.99197E+01  4.67714E+00   7.21547E+01  4.59950E+00   7.44418E+01  4.52220E+00   7.67796E+01  4.44535E+00   7.91669E+01  4.36903E+00   8.16025E+01  4.29333E+00   8.40851E+01  4.21832E+00   8.66137E+01  4.14405E+00   8.91870E+01  4.07059E+00   9.18038E+01 
 4.00248E+00   9.40681E+01  4.07352E+00   9.14689E+01  4.14532E+00   8.89133E+01  4.21781E+00   8.64026E+01  4.29091E+00   8.39376E+01  4.36456E+00   8.15197E+01  4.43869E+00   7.91500E+01  4.51319E+00   7.68297E+01  4.58799E+00   7.45600E+01  4.66298E+00   7.23423E+01  4.73804E+00   7.01777E+01  4.81306E+00   6.80675E+01  4.88792E+00   6.60130E+01  4.96247E+00   6.40154E+01  5.03660E+00   6.20761E+01  5.11012E+00   6.01962E+01  5.18290E+00   5.83773E+01  5.25476E+00   5.66204E+01  5.32553E+00   5.49270E+01  5.39505E+00   5.32982E+01  5.46311E+00   5.17353E+01  5.52955E+00   5.02395E+01  5.59415E+00   4.88121E+01  5.65673E+00   4.74542E+01  5.71709E+00   4.61670E+01  5.77503E+00   4.49516E+01  5.83037E+00   4.38091E+01  5.88289E+00   4.27404E+01  5.93242E+00   4.17467E+01  5.97876E+00   4.08288E+01  6.02174E+00   3.99877E+01  6.06119E+00   3.92240E+01  6.09696E+00   3.85387E+01  6.12888E+00   3.79323E+01  6.15683E+00   3.74055E+01  6.18070E+00   3.69588E+01  6.20037E+00   3.65927E+01  6.21576E+00   3.63076E+01  6.22680E+00   3.61037E+01  6.23344E+00   3.59813E+01  6.23566E+00   3.59405E+01  6.23344E+00   3.59813E+01  6.22680E+00   3.61037E+01  6.21576E+00   3.63076E+01  6.20037E+00   3.65927E+01  6.18070E+00   3.69588E+01  6.15683E+00   3.74055E+01  6.12888E+00   3.79323E+01  6.09695E+00   3.85387E+01  6.06119E+00   3.92240E+01  6.02174E+00   3.99877E+01  5.97876E+00   4.08288E+01  5.93242E+00   4.17467E+01  5.88289E+00   4.27404E+01  5.83037E+00   4.38091E+01  5.77504E+00   4.49516E+01  5.71709E+00   4.61670E+01  5.65673E+00   4.74542E+01  5.59415E+00   4.88121E+01  5.52954E+00   5.02395E+01  5.46311E+00   5.17352E+01  5.39505E+00   5.32982E+01  5.32553E+00   5.49269E+01  5.25476E+00   5.66204E+01  5.18290E+00   5.83773E+01  5.11012E+00   6.01962E+01  5.03659E+00   6.20761E+01  4.96248E+00   6.40154E+01  4.88792E+00   6.60129E+01  4.81306E+00   6.80675E+01  4.73804E+00   7.01776E+01  4.66298E+00   7.23423E+01  4.58800E+00   7.45601E+01  4.51319E+00   7.68297E+01  4.43868E+00   7.91500E+01  4.36456E+00   8.15197E+01  4.29091E+00   8.39376E+01  4.21781E+00   8.64025E+01  4.14532E+00   8.89134E+01  4.07352E+00   9.14689E+01  4.00247E+00   9.40681E+01 
 3.93473E+00   9.63790E+01  4.00343E+00   9.37979E+01  4.07279E+00   9.12602E+01  4.14280E+00   8.87673E+01  4.21337E+00   8.63202E+01  4.28441E+00   8.39201E+01  4.35589E+00   8.15681E+01  4.42768E+00   7.92655E+01  4.49970E+00   7.70133E+01  4.57188E+00   7.48129E+01  4.64407E+00   7.26656E+01  4.71619E+00   7.05724E+01  4.78810E+00   6.85347E+01  4.85968E+00   6.65537E+01  4.93081E+00   6.46308E+01  5.00132E+00   6.27671E+01  5.07107E+00   6.09639E+01  5.13990E+00   5.92225E+01  5.20765E+00   5.75441E+01  5.27417E+00   5.59300E+01  5.33925E+00   5.43813E+01  5.40274E+00   5.28993E+01  5.46445E+00   5.14852E+01  5.52420E+00   5.01401E+01  5.58180E+00   4.88652E+01  5.63706E+00   4.76615E+01  5.68982E+00   4.65301E+01  5.73986E+00   4.54719E+01  5.78704E+00   4.44880E+01  5.83116E+00   4.35793E+01  5.87208E+00   4.27466E+01  5.90961E+00   4.19907E+01  5.94363E+00   4.13122E+01  5.97399E+00   4.07121E+01  6.00056E+00   4.01907E+01  6.02324E+00   3.97486E+01  6.04194E+00   3.93863E+01  6.05656E+00   3.91041E+01  6.06705E+00   3.89023E+01  6.07336E+00   3.87812E+01  6.07547E+00   3.87408E+01  6.07336E+00   3.87812E+01  6.06705E+00   3.89023E+01  6.05656E+00   3.91041E+01  6.04194E+00   3.93863E+01  6.02324E+00   3.97486E+01  6.00056E+00   4.01907E+01  5.97399E+00   4.07121E+01  5.94363E+00   4.13123E+01  5.90961E+00   4.19907E+01  5.87208E+00   4.27466E+01  5.83117E+00   4.35793E+01  5.78704E+00   4.44881E+01  5.73987E+00   4.54719E+01  5.68982E+00   4.65301E+01  5.63707E+00   4.76615E+01  5.58180E+00   4.88653E+01  5.52420E+00   5.01401E+01  5.46445E+00   5.14853E+01  5.40274E+00   5.28993E+01  5.33925E+00   5.43813E+01  5.27417E+00   5.59300E+01  5.20766E+00   5.75440E+01  5.13990E+00   5.92225E+01  5.07107E+00   6.09639E+01  5.00131E+00   6.27671E+01  4.93081E+00   6.46308E+01  4.85969E+00   6.65537E+01  4.78810E+00   6.85347E+01  4.71619E+00   7.05723E+01  4.64407E+00   7.26655E+01  4.57188E+00   7.48130E+01  4.49971E+00   7.70133E+01  4.42767E+00   7.92655E+01  4.35588E+00   8.15681E+01  4.28442E+00   8.39201E+01  4.21337E+00   8.63202E+01  4.14280E+00   8.87673E+01  4.07280E+00   9.12603E+01  4.00342E+00   9.37979E+01  3.93472E+00   9.63791E+01 
 3.86741E+00   9.87359E+01  3.93382E+00   9.61729E+01  4.00083E+00   9.36533E+01  4.06840E+00   9.11784E+01  4.13650E+00   8.87493E+01  4.20500E+00   8.63671E+01  4.27387E+00   8.40330E+01  4.34303E+00   8.17480E+01  4.41236E+00   7.95136E+01  4.48179E+00   7.73307E+01  4.55122E+00   7.52006E+01  4.62051E+00   7.31246E+01  4.68957E+00   7.11038E+01  4.75827E+00   6.91395E+01  4.82649E+00   6.72330E+01  4.89408E+00   6.53854E+01  4.96090E+00   6.35981E+01  5.02682E+00   6.18722E+01  5.09166E+00   6.02089E+01  5.15527E+00   5.86095E+01  5.21749E+00   5.70751E+01  5.27815E+00   5.56070E+01  5.33708E+00   5.42062E+01  5.39410E+00   5.28740E+01  5.44905E+00   5.16113E+01  5.50174E+00   5.04193E+01  5.55202E+00   4.92990E+01  5.59970E+00   4.82514E+01  5.64462E+00   4.72773E+01  5.68662E+00   4.63777E+01  5.72555E+00   4.55534E+01  5.76125E+00   4.48052E+01  5.79360E+00   4.41337E+01  5.82246E+00   4.35398E+01  5.84772E+00   4.30237E+01  5.86927E+00   4.25863E+01  5.88703E+00   4.22277E+01  5.90092E+00   4.19485E+01  5.91088E+00   4.17488E+01  5.91688E+00   4.16290E+01  5.91888E+00   4.15890E+01  5.91688E+00   4.16290E+01  5.91088E+00   4.17488E+01  5.90092E+00   4.19485E+01  5.88703E+00   4.22277E+01  5.86927E+00   4.25863E+01  5.84772E+00   4.30237E+01  5.82246E+00   4.35398E+01  5.79360E+00   4.41337E+01  5.76125E+00   4.48052E+01  5.72555E+00   4.55534E+01  5.68662E+00   4.63777E+01  5.64462E+00   4.72772E+01  5.59970E+00   4.82513E+01  5.55202E+00   4.92990E+01  5.50174E+00   5.04193E+01  5.44905E+00   5.16113E+01  5.39410E+00   5.28740E+01  5.33708E+00   5.42063E+01  5.27815E+00   5.56070E+01  5.21749E+00   5.70752E+01  5.15527E+00   5.86095E+01  5.09166E+00   6.02089E+01  5.02682E+00   6.18722E+01  4.96090E+00   6.35981E+01  4.89408E+00   6.53855E+01  4.82649E+00   6.72330E+01  4.75827E+00   6.91395E+01  4.68957E+00   7.11038E+01  4.62051E+00   7.31245E+01  4.55121E+00   7.52006E+01  4.48179E+00   7.73307E+01  4.41236E+00   7.95136E+01  4.34303E+00   8.17481E+01  4.27388E+00   8.40330E+01  4.20501E+00   8.63671E+01  4.13649E+00   8.87493E+01  4.06840E+00   9.11784E+01  4.00083E+00   9.36534E+01  3.93381E+00   9.61729E+01  3.86741E+00   9.87359E+01 
