/rn,a,b/nx0/ls1
/r,qa,qb
81 -0.4 0.4 0 OUTPUT_AMP_PHASE_3D Wavelength=0.8
81 -0.4 0.4
 0.00000E+00   0.00000E+00  0.00000E+00   0.00000E+00  0.00000E+00   0.00000E+00  0.00000E+00   0.00000E+00  0.00000E+00   0.00000E+00  0.00000E+00   0.00000E+00  0.00000E+00   0.00000E+00  0.00000E+00   0.00000E+00  0.00000E+00   0.00000E+00  0.00000E+00   0.00000E+00  0.00000E+00   0.00000E+00  0.00000E+00   0.00000E+00  0.00000E+00   0.00000E+00  0.00000E+00   0.00000E+00  0.00000E+00   0.00000E+00  0.00000E+00   0.00000E+00  0.00000E+00   0.00000E+00  0.00000E+00   0.00000E+00  0.00000E+00   0.00000E+00  0.00000E+00   0.00000E+00  0.00000E+00   0.00000E+00  0.00000E+00   0.00000E+00  0.00000E+00   0.00000E+00  0.00000E+00   0.00000E+00  0.00000E+00   0.00000E+00  0.00000E+00   0.00000E+00  0.00000E+00   0.00000E+00  0.00000E+00   0.00000E+00  0.00000E+00   0.00000E+00  0.00000E+00   0.00000E+00  0.00000E+00   0.00000E+00  0.00000E+00   0.00000E+00  0.00000E+00   0.00000E+00  0.00000E+00   0.00000E+00  0.00000E+00   0.00000E+00  0.00000E+00   0.00000E+00  0.00000E+00   0.00000E+00  0.00000E+00   0.00000E+00  2.98716E-02   2.31925E+01  5.96548E-02   2.32942E+01  5.93904E-02   2.35994E+01  5.89534E-02   2.41103E+01  5.83510E-02   2.48309E+01  5.75903E-02   2.57653E+01  5.66835E-02   2.69204E+01  5.56428E-02   2.83039E+01  5.44843E-02   2.99241E+01  5.32249E-02   3.17921E+01  5.18849E-02   3.39179E+01  5.04848E-02   3.63146E+01  4.90481E-02   3.89929E+01  4.76002E-02   4.19654E+01  4.61647E-02   4.52418E+01  4.47716E-02   4.88289E+01  4.34444E-02   5.27323E+01  4.22132E-02   5.69455E+01  4.11026E-02   6.14631E+01  4.01362E-02   6.62602E+01  3.93385E-02   7.13078E+01  3.87217E-02   7.65656E+01  3.83024E-02   8.19752E+01  3.80823E-02   8.74876E+01  3.80595E-02   9.30326E+01  3.82308E-02   9.85582E+01  3.85753E-02   1.04016E+02  3.90832E-02   1.09354E+02  3.97334E-02   1.14557E+02  4.05000E-02   1.19592E+02  4.13722E-02   1.24446E+02  4.23176E-02   1.29129E+02  4.33199E-02   1.33624E+02  4.43637E-02   1.37953E+02  4.54262E-02   1.42133E+02  4.65017E-02   1.46160E+02  4.75707E-02   1.50064E+02  4.86233E-02   1.53849E+02  4.96472E-02   1.57523E+02  5.06301E-02   1.61117E+02  5.15847E-02   1.64628E+02  5.24992E-02   1.68058E+02  5.33595E-02   1.71436E+02 
 0.00000E+00   0.00000E+00  0.00000E+00   0.00000E+00  0.00000E+00   0.00000E+00  0.00000E+00   0.00000E+00  0.00000E+00   0.00000E+00  0.00000E+00   0.00000E+00  0.00000E+00   0.00000E+00  0.00000E+00   0.00000E+00  0.00000E+00   0.00000E+00  0.00000E+00   0.00000E+00  0.00000E+00   0.00000E+00  0.00000E+00   0.00000E+00  0.00000E+00   0.00000E+00  0.00000E+00   0.00000E+00  0.00000E+00   0.00000E+00  0.00000E+00   0.00000E+00  0.00000E+00   0.00000E+00  0.00000E+00   0.00000E+00  0.00000E+00   0.00000E+00  0.00000E+00   0.00000E+00  0.00000E+00   0.00000E+00  0.00000E+00   0.00000E+00  0.00000E+00   0.00000E+00  0.00000E+00   0.00000E+00  0.00000E+00   0.00000E+00  0.00000E+00   0.00000E+00  0.00000E+00   0.00000E+00  0.00000E+00   0.00000E+00  0.00000E+00   0.00000E+00  0.00000E+00   0.00000E+00  0.00000E+00   0.00000E+00  0.00000E+00   0.00000E+00  0.00000E+00   0.00000E+00  0.00000E+00   0.00000E+00  0.00000E+00   0.00000E+00  0.00000E+00   0.00000E+00  0.00000E+00   0.00000E+00  0.00000E+00   0.00000E+00  3.10824E-02   2.05040E+01  6.20699E-02   2.06062E+01  6.17876E-02   2.09138E+01  6.13209E-02   2.14289E+01  6.06772E-02   2.21549E+01  5.98650E-02   2.30975E+01  5.88966E-02   2.42627E+01  5.77856E-02   2.56591E+01  5.65487E-02   2.72956E+01  5.52056E-02   2.91835E+01  5.37754E-02   3.13343E+01  5.22840E-02   3.37604E+01  5.07534E-02   3.64751E+01  4.92132E-02   3.94892E+01  4.76890E-02   4.28151E+01  4.62111E-02   4.64577E+01  4.48087E-02   5.04228E+01  4.35084E-02   5.47041E+01  4.23422E-02   5.92910E+01  4.13290E-02   6.41635E+01  4.04967E-02   6.92833E+01  3.98592E-02   7.46157E+01  3.94271E-02   8.00979E+01  3.92113E-02   8.56754E+01  3.92017E-02   9.12869E+01  3.93970E-02   9.68626E+01  3.97797E-02   1.02363E+02  4.03261E-02   1.07735E+02  4.10236E-02   1.12949E+02  4.18383E-02   1.17998E+02  4.27533E-02   1.22856E+02  4.37481E-02   1.27532E+02  4.47935E-02   1.32031E+02  4.58786E-02   1.36347E+02  4.69800E-02   1.40510E+02  4.80873E-02   1.44528E+02  4.91883E-02   1.48411E+02  5.02676E-02   1.52187E+02  5.13224E-02   1.55853E+02  5.23297E-02   1.59426E+02  5.32901E-02   1.62932E+02  5.42131E-02   1.66361E+02  5.50840E-02   1.69722E+02 
 0.00000E+00   0.00000E+00  0.00000E+00   0.00000E+00  0.00000E+00   0.00000E+00  0.00000E+00   0.00000E+00  0.00000E+00   0.00000E+00  0.00000E+00   0.00000E+00  0.00000E+00   0.00000E+00  0.00000E+00   0.00000E+00  0.00000E+00   0.00000E+00  0.00000E+00   0.00000E+00  0.00000E+00   0.00000E+00  0.00000E+00   0.00000E+00  0.00000E+00   0.00000E+00  0.00000E+00   0.00000E+00  0.00000E+00   0.00000E+00  0.00000E+00   0.00000E+00  0.00000E+00   0.00000E+00  0.00000E+00   0.00000E+00  0.00000E+00   0.00000E+00  0.00000E+00   0.00000E+00  0.00000E+00   0.00000E+00  0.00000E+00   0.00000E+00  0.00000E+00   0.00000E+00  0.00000E+00   0.00000E+00  0.00000E+00   0.00000E+00  0.00000E+00   0.00000E+00  0.00000E+00   0.00000E+00  0.00000E+00   0.00000E+00  0.00000E+00   0.00000E+00  0.00000E+00   0.00000E+00  0.00000E+00   0.00000E+00  0.00000E+00   0.00000E+00  0.00000E+00   0.00000E+00  0.00000E+00   0.00000E+00  0.00000E+00   0.00000E+00  0.00000E+00   0.00000E+00  0.00000E+00   0.00000E+00  0.00000E+00   0.00000E+00  3.23390E-02   1.78729E+01  6.45773E-02   1.79762E+01  6.42756E-02   1.82859E+01  6.37779E-02   1.88049E+01  6.30909E-02   1.95369E+01  6.22249E-02   2.04869E+01  6.11916E-02   2.16619E+01  6.00077E-02   2.30704E+01  5.86890E-02   2.47221E+01  5.72578E-02   2.66280E+01  5.57350E-02   2.88012E+01  5.41461E-02   3.12539E+01  5.25185E-02   3.40011E+01  5.08790E-02   3.70543E+01  4.92609E-02   4.04257E+01  4.76913E-02   4.41237E+01  4.62065E-02   4.81498E+01  4.48330E-02   5.25030E+01  4.36043E-02   5.71654E+01  4.25449E-02   6.21190E+01  4.16768E-02   6.73220E+01  4.10217E-02   7.27310E+01  4.05829E-02   7.82914E+01  4.03719E-02   8.39329E+01  4.03815E-02   8.96035E+01  4.05996E-02   9.52315E+01  4.10179E-02   1.00767E+02  4.16061E-02   1.06171E+02  4.23470E-02   1.11403E+02  4.32144E-02   1.16455E+02  4.41782E-02   1.21318E+02  4.52211E-02   1.25985E+02  4.63154E-02   1.30474E+02  4.74433E-02   1.34790E+02  4.85843E-02   1.38936E+02  4.97245E-02   1.42941E+02  5.08561E-02   1.46812E+02  5.19607E-02   1.50564E+02  5.30368E-02   1.54222E+02  5.40716E-02   1.57783E+02  5.50485E-02   1.61269E+02  5.59749E-02   1.64698E+02  5.68506E-02   1.68057E+02 
 0.00000E+00   0.00000E+00  0.00000E+00   0.00000E+00  0.00000E+00   0.00000E+00  0.00000E+00   0.00000E+00  0.00000E+00   0.00000E+00  0.00000E+00   0.00000E+00  0.00000E+00   0.00000E+00  0.00000E+00   0.00000E+00  0.00000E+00   0.00000E+00  0.00000E+00   0.00000E+00  0.00000E+00   0.00000E+00  0.00000E+00   0.00000E+00  0.00000E+00   0.00000E+00  0.00000E+00   0.00000E+00  0.00000E+00   0.00000E+00  0.00000E+00   0.00000E+00  0.00000E+00   0.00000E+00  0.00000E+00   0.00000E+00  0.00000E+00   0.00000E+00  0.00000E+00   0.00000E+00  0.00000E+00   0.00000E+00  0.00000E+00   0.00000E+00  0.00000E+00   0.00000E+00  0.00000E+00   0.00000E+00  0.00000E+00   0.00000E+00  0.00000E+00   0.00000E+00  0.00000E+00   0.00000E+00  0.00000E+00   0.00000E+00  0.00000E+00   0.00000E+00  0.00000E+00   0.00000E+00  0.00000E+00   0.00000E+00  0.00000E+00   0.00000E+00  0.00000E+00   0.00000E+00  0.00000E+00   0.00000E+00  0.00000E+00   0.00000E+00  0.00000E+00   0.00000E+00  0.00000E+00   0.00000E+00  0.00000E+00   0.00000E+00  3.36444E-02   1.52885E+01  6.71811E-02   1.53925E+01  6.68588E-02   1.57050E+01  6.63276E-02   1.62285E+01  6.55940E-02   1.69669E+01  6.46697E-02   1.79256E+01  6.35678E-02   1.91117E+01  6.23045E-02   2.05340E+01  6.08999E-02   2.22025E+01  5.93743E-02   2.41287E+01  5.77541E-02   2.63262E+01  5.60631E-02   2.88077E+01  5.43334E-02   3.15883E+01  5.25921E-02   3.46812E+01  5.08747E-02   3.80980E+01  4.92121E-02   4.18487E+01  4.76391E-02   4.59350E+01  4.61902E-02   5.03549E+01  4.48935E-02   5.50931E+01  4.37840E-02   6.01239E+01  4.28780E-02   6.54118E+01  4.22011E-02   7.09012E+01  4.17595E-02   7.65387E+01  4.15553E-02   8.22534E+01  4.15889E-02   8.79796E+01  4.18389E-02   9.36599E+01  4.22949E-02   9.92319E+01  4.29292E-02   1.04661E+02  4.37159E-02   1.09915E+02  4.46321E-02   1.14971E+02  4.56463E-02   1.19832E+02  4.67382E-02   1.24496E+02  4.78796E-02   1.28966E+02  4.90538E-02   1.33269E+02  5.02388E-02   1.37408E+02  5.14126E-02   1.41394E+02  5.25733E-02   1.45253E+02  5.37043E-02   1.48993E+02  5.47989E-02   1.52632E+02  5.58528E-02   1.56184E+02  5.68493E-02   1.59653E+02  5.77853E-02   1.63065E+02  5.86603E-02   1.66425E+02 
 0.00000E+00   0.00000E+00  0.00000E+00   0.00000E+00  0.00000E+00   0.00000E+00  0.00000E+00   0.00000E+00  0.00000E+00   0.00000E+00  0.00000E+00   0.00000E+00  0.00000E+00   0.00000E+00  0.00000E+00   0.00000E+00  0.00000E+00   0.00000E+00  0.00000E+00   0.00000E+00  0.00000E+00   0.00000E+00  0.00000E+00   0.00000E+00  0.00000E+00   0.00000E+00  0.00000E+00   0.00000E+00  0.00000E+00   0.00000E+00  0.00000E+00   0.00000E+00  0.00000E+00   0.00000E+00  0.00000E+00   0.00000E+00  0.00000E+00   0.00000E+00  0.00000E+00   0.00000E+00  0.00000E+00   0.00000E+00  0.00000E+00   0.00000E+00  0.00000E+00   0.00000E+00  0.00000E+00   0.00000E+00  0.00000E+00   0.00000E+00  0.00000E+00   0.00000E+00  0.00000E+00   0.00000E+00  0.00000E+00   0.00000E+00  0.00000E+00   0.00000E+00  0.00000E+00   0.00000E+00  0.00000E+00   0.00000E+00  0.00000E+00   0.00000E+00  0.00000E+00   0.00000E+00  0.00000E+00   0.00000E+00  0.00000E+00   0.00000E+00  0.00000E+00   0.00000E+00  0.00000E+00   0.00000E+00  0.00000E+00   0.00000E+00  3.50029E-02   1.27472E+01  6.98904E-02   1.28519E+01  6.95468E-02   1.31670E+01  6.89790E-02   1.36946E+01  6.81963E-02   1.44394E+01  6.72093E-02   1.54061E+01  6.60337E-02   1.66032E+01  6.46862E-02   1.80387E+01  6.31885E-02   1.97241E+01  6.15632E-02   2.16709E+01  5.98373E-02   2.38932E+01  5.80389E-02   2.64048E+01  5.61989E-02   2.92208E+01  5.43512E-02   3.23560E+01  5.25280E-02   3.58216E+01  5.07690E-02   3.96289E+01  4.91048E-02   4.37789E+01  4.75772E-02   4.82693E+01  4.62142E-02   5.30845E+01  4.50496E-02   5.81969E+01  4.41090E-02   6.35660E+01  4.34069E-02   6.91392E+01  4.29611E-02   7.48508E+01  4.27650E-02   8.06351E+01  4.28199E-02   8.64209E+01  4.31056E-02   9.21443E+01  4.36028E-02   9.77559E+01  4.42882E-02   1.03206E+02  4.51271E-02   1.08473E+02  4.60974E-02   1.13540E+02  4.71629E-02   1.18395E+02  4.83036E-02   1.23054E+02  4.94930E-02   1.27516E+02  5.07073E-02   1.31798E+02  5.19374E-02   1.35922E+02  5.31517E-02   1.39896E+02  5.43406E-02   1.43736E+02  5.54970E-02   1.47460E+02  5.66097E-02   1.51086E+02  5.76792E-02   1.54625E+02  5.86911E-02   1.58086E+02  5.96388E-02   1.61482E+02  6.05179E-02   1.64826E+02 
 0.00000E+00   0.00000E+00  0.00000E+00   0.00000E+00  0.00000E+00   0.00000E+00  0.00000E+00   0.00000E+00  0.00000E+00   0.00000E+00  0.00000E+00   0.00000E+00  0.00000E+00   0.00000E+00  0.00000E+00   0.00000E+00  0.00000E+00   0.00000E+00  0.00000E+00   0.00000E+00  0.00000E+00   0.00000E+00  0.00000E+00   0.00000E+00  0.00000E+00   0.00000E+00  0.00000E+00   0.00000E+00  0.00000E+00   0.00000E+00  0.00000E+00   0.00000E+00  0.00000E+00   0.00000E+00  0.00000E+00   0.00000E+00  0.00000E+00   0.00000E+00  0.00000E+00   0.00000E+00  0.00000E+00   0.00000E+00  0.00000E+00   0.00000E+00  0.00000E+00   0.00000E+00  0.00000E+00   0.00000E+00  0.00000E+00   0.00000E+00  0.00000E+00   0.00000E+00  0.00000E+00   0.00000E+00  0.00000E+00   0.00000E+00  0.00000E+00   0.00000E+00  0.00000E+00   0.00000E+00  0.00000E+00   0.00000E+00  0.00000E+00   0.00000E+00  0.00000E+00   0.00000E+00  0.00000E+00   0.00000E+00  0.00000E+00   0.00000E+00  0.00000E+00   0.00000E+00  0.00000E+00   0.00000E+00  0.00000E+00   0.00000E+00  3.64118E-02   1.02612E+01  7.27007E-02   1.03666E+01  7.23335E-02   1.06844E+01  7.17275E-02   1.12161E+01  7.08916E-02   1.19671E+01  6.98386E-02   1.29422E+01  6.85841E-02   1.41496E+01  6.71475E-02   1.55989E+01  6.55509E-02   1.73004E+01  6.38202E-02   1.92676E+01  6.19826E-02   2.15138E+01  6.00701E-02   2.40549E+01  5.81147E-02   2.69051E+01  5.61529E-02   3.00818E+01  5.42207E-02   3.35949E+01  5.23571E-02   3.74581E+01  5.06005E-02   4.16716E+01  4.89880E-02   4.62335E+01  4.75581E-02   5.11272E+01  4.63385E-02   5.63229E+01  4.53615E-02   6.17798E+01  4.46403E-02   6.74360E+01  4.41897E-02   7.32309E+01  4.40076E-02   7.90828E+01  4.40847E-02   8.49293E+01  4.44075E-02   9.06981E+01  4.49465E-02   9.63389E+01  4.56814E-02   1.01815E+02  4.65749E-02   1.07088E+02  4.76004E-02   1.12159E+02  4.87248E-02   1.17012E+02  4.99163E-02   1.21657E+02  5.11565E-02   1.26110E+02  5.24139E-02   1.30377E+02  5.36784E-02   1.34481E+02  5.49340E-02   1.38441E+02  5.61570E-02   1.42268E+02  5.73381E-02   1.45975E+02  5.84685E-02   1.49581E+02  5.95488E-02   1.53108E+02  6.05723E-02   1.56555E+02  6.15297E-02   1.59942E+02  6.24143E-02   1.63276E+02 
 0.00000E+00   0.00000E+00  0.00000E+00   0.00000E+00  0.00000E+00   0.00000E+00  0.00000E+00   0.00000E+00  0.00000E+00   0.00000E+00  0.00000E+00   0.00000E+00  0.00000E+00   0.00000E+00  0.00000E+00   0.00000E+00  0.00000E+00   0.00000E+00  0.00000E+00   0.00000E+00  0.00000E+00   0.00000E+00  0.00000E+00   0.00000E+00  0.00000E+00   0.00000E+00  0.00000E+00   0.00000E+00  0.00000E+00   0.00000E+00  0.00000E+00   0.00000E+00  0.00000E+00   0.00000E+00  0.00000E+00   0.00000E+00  0.00000E+00   0.00000E+00  0.00000E+00   0.00000E+00  0.00000E+00   0.00000E+00  0.00000E+00   0.00000E+00  0.00000E+00   0.00000E+00  0.00000E+00   0.00000E+00  0.00000E+00   0.00000E+00  0.00000E+00   0.00000E+00  0.00000E+00   0.00000E+00  0.00000E+00   0.00000E+00  0.00000E+00   0.00000E+00  0.00000E+00   0.00000E+00  0.00000E+00   0.00000E+00  0.00000E+00   0.00000E+00  0.00000E+00   0.00000E+00  0.00000E+00   0.00000E+00  0.00000E+00   0.00000E+00  0.00000E+00   0.00000E+00  0.00000E+00   0.00000E+00  0.00000E+00   0.00000E+00  3.78769E-02   7.82116E+00  7.56223E-02   7.92759E+00  7.52300E-02   8.24770E+00  7.45828E-02   8.78412E+00  7.36900E-02   9.54123E+00  7.25657E-02   1.05252E+01  7.12270E-02   1.17438E+01  6.96940E-02   1.32074E+01  6.79921E-02   1.49264E+01  6.61473E-02   1.69155E+01  6.41913E-02   1.91877E+01  6.21562E-02   2.17603E+01  6.00788E-02   2.46480E+01  5.79961E-02   2.78678E+01  5.59485E-02   3.14322E+01  5.39766E-02   3.53518E+01  5.21215E-02   3.96316E+01  5.04237E-02   4.42627E+01  4.89212E-02   4.92358E+01  4.76476E-02   5.45108E+01  4.66311E-02   6.00525E+01  4.58917E-02   6.57924E+01  4.54379E-02   7.16642E+01  4.52719E-02   7.75919E+01  4.53785E-02   8.34939E+01  4.57419E-02   8.93135E+01  4.63309E-02   9.49837E+01  4.71168E-02   1.00478E+02  4.80670E-02   1.05763E+02  4.91461E-02   1.10830E+02  5.03270E-02   1.15682E+02  5.15739E-02   1.20316E+02  5.28633E-02   1.24751E+02  5.41701E-02   1.29002E+02  5.54726E-02   1.33087E+02  5.67587E-02   1.37025E+02  5.80159E-02   1.40838E+02  5.92264E-02   1.44535E+02  6.03756E-02   1.48124E+02  6.14658E-02   1.51634E+02  6.24952E-02   1.55070E+02  6.34585E-02   1.58440E+02  6.43474E-02   1.61765E+02 
 0.00000E+00   0.00000E+00  0.00000E+00   0.00000E+00  0.00000E+00   0.00000E+00  0.00000E+00   0.00000E+00  0.00000E+00   0.00000E+00  0.00000E+00   0.00000E+00  0.00000E+00   0.00000E+00  0.00000E+00   0.00000E+00  0.00000E+00   0.00000E+00  0.00000E+00   0.00000E+00  0.00000E+00   0.00000E+00  0.00000E+00   0.00000E+00  0.00000E+00   0.00000E+00  0.00000E+00   0.00000E+00  0.00000E+00   0.00000E+00  0.00000E+00   0.00000E+00  0.00000E+00   0.00000E+00  0.00000E+00   0.00000E+00  0.00000E+00   0.00000E+00  0.00000E+00   0.00000E+00  0.00000E+00   0.00000E+00  0.00000E+00   0.00000E+00  0.00000E+00   0.00000E+00  0.00000E+00   0.00000E+00  0.00000E+00   0.00000E+00  0.00000E+00   0.00000E+00  0.00000E+00   0.00000E+00  0.00000E+00   0.00000E+00  0.00000E+00   0.00000E+00  0.00000E+00   0.00000E+00  0.00000E+00   0.00000E+00  0.00000E+00   0.00000E+00  0.00000E+00   0.00000E+00  0.00000E+00   0.00000E+00  0.00000E+00   0.00000E+00  0.00000E+00   0.00000E+00  0.00000E+00   0.00000E+00  0.00000E+00   0.00000E+00  3.93969E-02   5.43223E+00  7.86532E-02   5.53951E+00  7.82347E-02   5.86184E+00  7.75434E-02   6.40223E+00  7.65909E-02   7.16501E+00  7.53910E-02   8.15688E+00  7.39629E-02   9.38565E+00  7.23285E-02   1.08623E+01  7.05142E-02   1.25980E+01  6.85495E-02   1.46075E+01  6.64666E-02   1.69054E+01  6.43027E-02   1.95088E+01  6.20942E-02   2.24349E+01  5.98847E-02   2.56989E+01  5.77139E-02   2.93175E+01  5.56284E-02   3.32979E+01  5.36702E-02   3.76477E+01  5.18832E-02   4.23566E+01  5.03082E-02   4.74103E+01  4.89782E-02   5.27739E+01  4.79256E-02   5.83974E+01  4.71665E-02   6.42230E+01  4.67120E-02   7.01686E+01  4.65610E-02   7.61642E+01  4.66980E-02   8.21249E+01  4.71035E-02   8.79854E+01  4.77455E-02   9.36910E+01  4.85892E-02   9.91981E+01  4.95997E-02   1.04491E+02  5.07390E-02   1.09556E+02  5.19756E-02   1.14396E+02  5.32775E-02   1.19022E+02  5.46173E-02   1.23443E+02  5.59690E-02   1.27676E+02  5.73138E-02   1.31744E+02  5.86336E-02   1.35661E+02  5.99152E-02   1.39450E+02  6.11535E-02   1.43132E+02  6.23263E-02   1.46709E+02  6.34268E-02   1.50202E+02  6.44600E-02   1.53627E+02  6.54237E-02   1.56988E+02  6.63146E-02   1.60296E+02 
 0.00000E+00   0.00000E+00  0.00000E+00   0.00000E+00  0.00000E+00   0.00000E+00  0.00000E+00   0.00000E+00  0.00000E+00   0.00000E+00  0.00000E+00   0.00000E+00  0.00000E+00   0.00000E+00  0.00000E+00   0.00000E+00  0.00000E+00   0.00000E+00  0.00000E+00   0.00000E+00  0.00000E+00   0.00000E+00  0.00000E+00   0.00000E+00  0.00000E+00   0.00000E+00  0.00000E+00   0.00000E+00  0.00000E+00   0.00000E+00  0.00000E+00   0.00000E+00  0.00000E+00   0.00000E+00  0.00000E+00   0.00000E+00  0.00000E+00   0.00000E+00  0.00000E+00   0.00000E+00  0.00000E+00   0.00000E+00  0.00000E+00   0.00000E+00  0.00000E+00   0.00000E+00  0.00000E+00   0.00000E+00  0.00000E+00   0.00000E+00  0.00000E+00   0.00000E+00  0.00000E+00   0.00000E+00  0.00000E+00   0.00000E+00  0.00000E+00   0.00000E+00  0.00000E+00   0.00000E+00  0.00000E+00   0.00000E+00  0.00000E+00   0.00000E+00  0.00000E+00   0.00000E+00  0.00000E+00   0.00000E+00  0.00000E+00   0.00000E+00  0.00000E+00   0.00000E+00  0.00000E+00   0.00000E+00  0.00000E+00   0.00000E+00  4.09693E-02   3.10361E+00  8.17887E-02   3.21169E+00  8.13416E-02   3.53627E+00  8.06042E-02   4.08073E+00  7.95874E-02   4.84924E+00  7.83078E-02   5.84905E+00  7.67845E-02   7.08795E+00  7.50426E-02   8.57764E+00  7.31095E-02   1.03296E+01  7.10176E-02   1.23589E+01  6.88014E-02   1.46820E+01  6.65007E-02   1.73149E+01  6.41557E-02   2.02776E+01  6.18107E-02   2.35853E+01  5.95126E-02   2.72552E+01  5.73058E-02   3.12965E+01  5.52413E-02   3.57147E+01  5.33605E-02   4.05020E+01  5.17101E-02   4.56395E+01  5.03250E-02   5.10922E+01  4.92348E-02   5.68062E+01  4.84620E-02   6.27160E+01  4.80095E-02   6.87427E+01  4.78791E-02   7.48033E+01  4.80502E-02   8.08200E+01  4.84997E-02   8.67226E+01  4.91951E-02   9.24546E+01  5.00970E-02   9.79816E+01  5.11687E-02   1.03276E+02  5.23699E-02   1.08337E+02  5.36668E-02   1.13166E+02  5.50243E-02   1.17772E+02  5.64168E-02   1.22179E+02  5.78160E-02   1.26395E+02  5.91993E-02   1.30443E+02  6.05540E-02   1.34344E+02  6.18623E-02   1.38112E+02  6.31193E-02   1.41774E+02  6.43144E-02   1.45337E+02  6.54303E-02   1.48814E+02  6.64659E-02   1.52223E+02  6.74260E-02   1.55575E+02  6.83112E-02   1.58877E+02 
 0.00000E+00   0.00000E+00  0.00000E+00   0.00000E+00  0.00000E+00   0.00000E+00  0.00000E+00   0.00000E+00  0.00000E+00   0.00000E+00  0.00000E+00   0.00000E+00  0.00000E+00   0.00000E+00  0.00000E+00   0.00000E+00  0.00000E+00   0.00000E+00  0.00000E+00   0.00000E+00  0.00000E+00   0.00000E+00  0.00000E+00   0.00000E+00  0.00000E+00   0.00000E+00  0.00000E+00   0.00000E+00  0.00000E+00   0.00000E+00  0.00000E+00   0.00000E+00  0.00000E+00   0.00000E+00  0.00000E+00   0.00000E+00  0.00000E+00   0.00000E+00  0.00000E+00   0.00000E+00  0.00000E+00   0.00000E+00  0.00000E+00   0.00000E+00  0.00000E+00   0.00000E+00  0.00000E+00   0.00000E+00  0.00000E+00   0.00000E+00  0.00000E+00   0.00000E+00  0.00000E+00   0.00000E+00  0.00000E+00   0.00000E+00  0.00000E+00   0.00000E+00  0.00000E+00   0.00000E+00  0.00000E+00   0.00000E+00  0.00000E+00   0.00000E+00  0.00000E+00   0.00000E+00  0.00000E+00   0.00000E+00  0.00000E+00   0.00000E+00  0.00000E+00   0.00000E+00  0.00000E+00   0.00000E+00  0.00000E+00   0.00000E+00  4.25993E-02   8.26183E-01  8.50385E-02   9.35149E-01  8.45615E-02   1.26201E+00  8.37747E-02   1.81049E+00  8.26900E-02   2.58497E+00  8.13252E-02   3.59256E+00  7.97013E-02   4.84231E+00  7.78446E-02   6.34494E+00  7.57856E-02   8.11410E+00  7.35580E-02   1.01642E+01  7.12007E-02   1.25131E+01  6.87542E-02   1.51777E+01  6.62642E-02   1.81785E+01  6.37769E-02   2.15317E+01  6.13424E-02   2.52554E+01  5.90111E-02   2.93591E+01  5.68322E-02   3.38479E+01  5.48570E-02   3.87143E+01  5.31269E-02   4.39366E+01  5.16854E-02   4.94778E+01  5.05588E-02   5.52806E+01  4.97702E-02   6.12768E+01  4.93246E-02   6.73796E+01  4.92158E-02   7.35096E+01  4.94274E-02   7.95771E+01  4.99266E-02   8.55197E+01  5.06809E-02   9.12780E+01  5.16453E-02   9.68153E+01  5.27811E-02   1.02118E+02  5.40445E-02   1.07169E+02  5.54001E-02   1.11988E+02  5.68143E-02   1.16578E+02  5.82559E-02   1.20962E+02  5.97040E-02   1.25161E+02  6.11298E-02   1.29188E+02  6.25167E-02   1.33069E+02  6.38521E-02   1.36817E+02  6.51271E-02   1.40458E+02  6.63364E-02   1.44009E+02  6.74675E-02   1.47472E+02  6.85102E-02   1.50866E+02  6.94661E-02   1.54201E+02  7.03423E-02   1.57493E+02 
 0.00000E+00   0.00000E+00  0.00000E+00   0.00000E+00  0.00000E+00   0.00000E+00  0.00000E+00   0.00000E+00  0.00000E+00   0.00000E+00  0.00000E+00   0.00000E+00  0.00000E+00   0.00000E+00  0.00000E+00   0.00000E+00  0.00000E+00   0.00000E+00  0.00000E+00   0.00000E+00  0.00000E+00   0.00000E+00  0.00000E+00   0.00000E+00  0.00000E+00   0.00000E+00  0.00000E+00   0.00000E+00  0.00000E+00   0.00000E+00  0.00000E+00   0.00000E+00  0.00000E+00   0.00000E+00  0.00000E+00   0.00000E+00  0.00000E+00   0.00000E+00  0.00000E+00   0.00000E+00  0.00000E+00   0.00000E+00  0.00000E+00   0.00000E+00  0.00000E+00   0.00000E+00  0.00000E+00   0.00000E+00  0.00000E+00   0.00000E+00  0.00000E+00   0.00000E+00  0.00000E+00   0.00000E+00  0.00000E+00   0.00000E+00  0.00000E+00   0.00000E+00  0.00000E+00   0.00000E+00  0.00000E+00   0.00000E+00  0.00000E+00   0.00000E+00  0.00000E+00   0.00000E+00  0.00000E+00   0.00000E+00  0.00000E+00   0.00000E+00  0.00000E+00   0.00000E+00  0.00000E+00   0.00000E+00  0.00000E+00   0.00000E+00  4.42803E-02   3.58608E+02  8.83900E-02   3.58717E+02  8.78814E-02   3.59046E+02  8.70425E-02   3.59598E+02  8.58866E-02   3.78405E-01  8.44324E-02   1.39348E+00  8.27027E-02   2.65299E+00  8.07259E-02   4.16834E+00  7.85347E-02   5.95338E+00  7.61656E-02   8.02340E+00  7.36593E-02   1.03972E+01  7.10616E-02   1.30923E+01  6.84182E-02   1.61303E+01  6.57822E-02   1.95292E+01  6.32047E-02   2.33065E+01  6.07411E-02   2.74748E+01  5.84449E-02   3.20361E+01  5.63684E-02   3.69855E+01  5.45599E-02   4.22959E+01  5.30593E-02   4.79308E+01  5.18999E-02   5.38249E+01  5.10974E-02   5.99084E+01  5.06609E-02   6.60899E+01  5.05777E-02   7.22827E+01  5.08292E-02   7.84048E+01  5.13813E-02   8.43793E+01  5.21946E-02   9.01624E+01  5.32258E-02   9.57086E+01  5.44282E-02   1.01009E+02  5.57596E-02   1.06056E+02  5.71775E-02   1.10857E+02  5.86485E-02   1.15431E+02  6.01412E-02   1.19795E+02  6.16310E-02   1.23970E+02  6.30980E-02   1.27979E+02  6.45211E-02   1.31842E+02  6.58819E-02   1.35571E+02  6.71742E-02   1.39188E+02  6.83951E-02   1.42719E+02  6.95348E-02   1.46170E+02  7.05841E-02   1.49552E+02  7.15376E-02   1.52876E+02  7.24013E-02   1.56154E+02 
 0.00000E+00   0.00000E+00  0.00000E+00   0.00000E+00  0.00000E+00   0.00000E+00  0.00000E+00   0.00000E+00  0.00000E+00   0.00000E+00  0.00000E+00   0.00000E+00  0.00000E+00   0.00000E+00  0.00000E+00   0.00000E+00  0.00000E+00   0.00000E+00  0.00000E+00   0.00000E+00  0.00000E+00   0.00000E+00  0.00000E+00   0.00000E+00  0.00000E+00   0.00000E+00  0.00000E+00   0.00000E+00  0.00000E+00   0.00000E+00  0.00000E+00   0.00000E+00  0.00000E+00   0.00000E+00  0.00000E+00   0.00000E+00  0.00000E+00   0.00000E+00  0.00000E+00   0.00000E+00  0.00000E+00   0.00000E+00  0.00000E+00   0.00000E+00  0.00000E+00   0.00000E+00  0.00000E+00   0.00000E+00  0.00000E+00   0.00000E+00  0.00000E+00   0.00000E+00  0.00000E+00   0.00000E+00  0.00000E+00   0.00000E+00  0.00000E+00   0.00000E+00  0.00000E+00   0.00000E+00  0.00000E+00   0.00000E+00  0.00000E+00   0.00000E+00  0.00000E+00   0.00000E+00  0.00000E+00   0.00000E+00  0.00000E+00   0.00000E+00  0.00000E+00   0.00000E+00  0.00000E+00   0.00000E+00  0.00000E+00   0.00000E+00  4.60133E-02   3.56449E+02  9.18449E-02   3.56559E+02  9.13025E-02   3.56891E+02  9.04087E-02   3.57447E+02  8.91766E-02   3.58232E+02  8.76278E-02   3.59255E+02  8.57857E-02   5.25141E-01  8.36818E-02   2.05342E+00  8.13507E-02   3.85499E+00  7.88323E-02   5.94557E+00  7.61703E-02   8.34439E+00  7.34126E-02   1.10708E+01  7.06108E-02   1.41458E+01  6.78181E-02   1.75903E+01  6.50930E-02   2.14206E+01  6.24913E-02   2.56521E+01  6.00730E-02   3.02856E+01  5.78921E-02   3.53161E+01  5.60006E-02   4.07159E+01  5.44418E-02   4.64425E+01  5.32471E-02   5.24322E+01  5.24365E-02   5.86021E+01  5.20117E-02   6.48648E+01  5.19613E-02   7.11226E+01  5.22590E-02   7.72936E+01  5.28681E-02   8.33051E+01  5.37448E-02   8.91040E+01  5.48416E-02   9.46604E+01  5.61118E-02   9.99563E+01  5.75084E-02   1.04992E+02  5.89909E-02   1.09781E+02  6.05206E-02   1.14333E+02  6.20659E-02   1.18675E+02  6.36015E-02   1.22828E+02  6.51039E-02   1.26811E+02  6.65592E-02   1.30654E+02  6.79491E-02   1.34368E+02  6.92578E-02   1.37967E+02  7.04870E-02   1.41478E+02  7.16335E-02   1.44911E+02  7.26862E-02   1.48278E+02  7.36387E-02   1.51591E+02  7.44898E-02   1.54860E+02 
 0.00000E+00   0.00000E+00  0.00000E+00   0.00000E+00  0.00000E+00   0.00000E+00  0.00000E+00   0.00000E+00  0.00000E+00   0.00000E+00  0.00000E+00   0.00000E+00  0.00000E+00   0.00000E+00  0.00000E+00   0.00000E+00  0.00000E+00   0.00000E+00  0.00000E+00   0.00000E+00  0.00000E+00   0.00000E+00  0.00000E+00   0.00000E+00  0.00000E+00   0.00000E+00  0.00000E+00   0.00000E+00  0.00000E+00   0.00000E+00  0.00000E+00   0.00000E+00  0.00000E+00   0.00000E+00  0.00000E+00   0.00000E+00  0.00000E+00   0.00000E+00  0.00000E+00   0.00000E+00  0.00000E+00   0.00000E+00  0.00000E+00   0.00000E+00  0.00000E+00   0.00000E+00  0.00000E+00   0.00000E+00  0.00000E+00   0.00000E+00  0.00000E+00   0.00000E+00  0.00000E+00   0.00000E+00  0.00000E+00   0.00000E+00  0.00000E+00   0.00000E+00  0.00000E+00   0.00000E+00  0.00000E+00   0.00000E+00  0.00000E+00   0.00000E+00  0.00000E+00   0.00000E+00  0.00000E+00   0.00000E+00  0.00000E+00   0.00000E+00  0.00000E+00   0.00000E+00  0.00000E+00   0.00000E+00  0.00000E+00   0.00000E+00  4.78001E-02   3.54346E+02  9.54065E-02   3.54457E+02  9.48288E-02   3.54791E+02  9.38765E-02   3.55350E+02  9.25646E-02   3.56142E+02  9.09152E-02   3.57172E+02  8.89550E-02   3.58452E+02  8.67165E-02   3.59993E+02  8.42384E-02   1.81070E+00  8.15620E-02   3.92212E+00  7.87358E-02   6.34641E+00  7.58104E-02   9.10475E+00  7.28407E-02   1.22185E+01  6.98857E-02   1.57098E+01  6.70049E-02   1.95963E+01  6.42616E-02   2.38927E+01  6.17157E-02   2.86015E+01  5.94286E-02   3.37151E+01  5.74524E-02   3.92055E+01  5.58333E-02   4.50259E+01  5.46058E-02   5.11081E+01  5.37846E-02   5.73669E+01  5.33755E-02   6.37052E+01  5.33588E-02   7.00285E+01  5.37072E-02   7.62468E+01  5.43783E-02   8.22891E+01  5.53234E-02   8.81075E+01  5.64923E-02   9.36646E+01  5.78329E-02   9.89577E+01  5.92982E-02   1.03980E+02  6.08427E-02   1.08749E+02  6.24309E-02   1.13285E+02  6.40268E-02   1.17601E+02  6.56066E-02   1.21734E+02  6.71481E-02   1.25695E+02  6.86313E-02   1.29511E+02  7.00462E-02   1.33206E+02  7.13748E-02   1.36787E+02  7.26102E-02   1.40279E+02  7.37568E-02   1.43698E+02  7.48096E-02   1.47051E+02  7.57598E-02   1.50349E+02  7.66021E-02   1.53604E+02 
 0.00000E+00   0.00000E+00  0.00000E+00   0.00000E+00  0.00000E+00   0.00000E+00  0.00000E+00   0.00000E+00  0.00000E+00   0.00000E+00  0.00000E+00   0.00000E+00  0.00000E+00   0.00000E+00  0.00000E+00   0.00000E+00  0.00000E+00   0.00000E+00  0.00000E+00   0.00000E+00  0.00000E+00   0.00000E+00  0.00000E+00   0.00000E+00  0.00000E+00   0.00000E+00  0.00000E+00   0.00000E+00  0.00000E+00   0.00000E+00  0.00000E+00   0.00000E+00  0.00000E+00   0.00000E+00  0.00000E+00   0.00000E+00  0.00000E+00   0.00000E+00  0.00000E+00   0.00000E+00  0.00000E+00   0.00000E+00  0.00000E+00   0.00000E+00  0.00000E+00   0.00000E+00  0.00000E+00   0.00000E+00  0.00000E+00   0.00000E+00  0.00000E+00   0.00000E+00  0.00000E+00   0.00000E+00  0.00000E+00   0.00000E+00  0.00000E+00   0.00000E+00  0.00000E+00   0.00000E+00  0.00000E+00   0.00000E+00  0.00000E+00   0.00000E+00  0.00000E+00   0.00000E+00  0.00000E+00   0.00000E+00  0.00000E+00   0.00000E+00  0.00000E+00   0.00000E+00  0.00000E+00   0.00000E+00  0.00000E+00   0.00000E+00  4.96338E-02   3.52308E+02  9.90614E-02   3.52419E+02  9.84464E-02   3.52755E+02  9.74328E-02   3.53318E+02  9.60366E-02   3.54115E+02  9.42820E-02   3.55153E+02  9.21973E-02   3.56442E+02  8.98183E-02   3.57996E+02  8.71854E-02   3.59829E+02  8.43445E-02   1.96051E+00  8.13461E-02   4.40974E+00  7.82459E-02   7.19903E+00  7.51018E-02   1.03507E+01  7.19769E-02   1.38883E+01  6.89359E-02   1.78299E+01  6.60438E-02   2.21918E+01  6.33687E-02   2.69761E+01  6.09704E-02   3.21744E+01  5.89100E-02   3.77573E+01  5.72311E-02   4.36735E+01  5.59715E-02   4.98515E+01  5.51457E-02   5.61984E+01  5.47536E-02   6.26161E+01  5.47771E-02   6.90000E+01  5.51778E-02   7.52658E+01  5.59141E-02   8.13362E+01  5.69289E-02   8.71676E+01  5.81702E-02   9.27286E+01  5.95833E-02   9.80099E+01  6.11181E-02   1.03021E+02  6.27288E-02   1.07768E+02  6.43751E-02   1.12280E+02  6.60243E-02   1.16575E+02  6.76459E-02   1.20680E+02  6.92220E-02   1.24620E+02  7.07349E-02   1.28415E+02  7.21705E-02   1.32090E+02  7.35166E-02   1.35653E+02  7.47620E-02   1.39125E+02  7.59071E-02   1.42525E+02  7.69536E-02   1.45866E+02  7.78977E-02   1.49154E+02  7.87287E-02   1.52397E+02 
 0.00000E+00   0.00000E+00  0.00000E+00   0.00000E+00  0.00000E+00   0.00000E+00  0.00000E+00   0.00000E+00  0.00000E+00   0.00000E+00  0.00000E+00   0.00000E+00  0.00000E+00   0.00000E+00  0.00000E+00   0.00000E+00  0.00000E+00   0.00000E+00  0.00000E+00   0.00000E+00  0.00000E+00   0.00000E+00  0.00000E+00   0.00000E+00  0.00000E+00   0.00000E+00  0.00000E+00   0.00000E+00  0.00000E+00   0.00000E+00  0.00000E+00   0.00000E+00  0.00000E+00   0.00000E+00  0.00000E+00   0.00000E+00  0.00000E+00   0.00000E+00  0.00000E+00   0.00000E+00  0.00000E+00   0.00000E+00  0.00000E+00   0.00000E+00  0.00000E+00   0.00000E+00  0.00000E+00   0.00000E+00  0.00000E+00   0.00000E+00  0.00000E+00   0.00000E+00  0.00000E+00   0.00000E+00  0.00000E+00   0.00000E+00  0.00000E+00   0.00000E+00  0.00000E+00   0.00000E+00  0.00000E+00   0.00000E+00  0.00000E+00   0.00000E+00  0.00000E+00   0.00000E+00  0.00000E+00   0.00000E+00  0.00000E+00   0.00000E+00  0.00000E+00   0.00000E+00  0.00000E+00   0.00000E+00  0.00000E+00   0.00000E+00  5.15172E-02   3.50330E+02  1.02815E-01   3.50442E+02  1.02160E-01   3.50780E+02  1.01082E-01   3.51347E+02  9.95970E-02   3.52149E+02  9.77312E-02   3.53194E+02  9.55155E-02   3.54493E+02  9.29878E-02   3.56059E+02  9.01926E-02   3.57909E+02  8.71778E-02   6.08448E-02  8.39994E-02   2.53548E+00  8.07152E-02   5.35672E+00  7.73894E-02   8.54745E+00  7.40874E-02   1.21320E+01  7.08798E-02   1.61307E+01  6.78355E-02   2.05580E+01  6.50259E-02   2.54191E+01  6.25166E-02   3.07016E+01  6.03682E-02   3.63766E+01  5.86312E-02   4.23877E+01  5.73389E-02   4.86602E+01  5.65103E-02   5.50952E+01  5.61393E-02   6.15890E+01  5.62052E-02   6.80359E+01  5.66662E-02   7.43440E+01  5.74714E-02   8.04434E+01  5.85628E-02   8.62850E+01  5.98798E-02   9.18449E+01  6.13666E-02   9.71168E+01  6.29702E-02   1.02108E+02  6.46445E-02   1.06837E+02  6.63490E-02   1.11325E+02  6.80489E-02   1.15595E+02  6.97163E-02   1.19678E+02  7.13265E-02   1.23591E+02  7.28641E-02   1.27360E+02  7.43200E-02   1.31014E+02  7.56799E-02   1.34561E+02  7.69322E-02   1.38018E+02  7.80768E-02   1.41399E+02  7.91150E-02   1.44722E+02  8.00491E-02   1.47998E+02  8.08700E-02   1.51231E+02 
 0.00000E+00   0.00000E+00  0.00000E+00   0.00000E+00  0.00000E+00   0.00000E+00  0.00000E+00   0.00000E+00  0.00000E+00   0.00000E+00  0.00000E+00   0.00000E+00  0.00000E+00   0.00000E+00  0.00000E+00   0.00000E+00  0.00000E+00   0.00000E+00  0.00000E+00   0.00000E+00  0.00000E+00   0.00000E+00  0.00000E+00   0.00000E+00  0.00000E+00   0.00000E+00  0.00000E+00   0.00000E+00  0.00000E+00   0.00000E+00  0.00000E+00   0.00000E+00  0.00000E+00   0.00000E+00  0.00000E+00   0.00000E+00  0.00000E+00   0.00000E+00  0.00000E+00   0.00000E+00  0.00000E+00   0.00000E+00  0.00000E+00   0.00000E+00  0.00000E+00   0.00000E+00  0.00000E+00   0.00000E+00  0.00000E+00   0.00000E+00  0.00000E+00   0.00000E+00  0.00000E+00   0.00000E+00  0.00000E+00   0.00000E+00  0.00000E+00   0.00000E+00  0.00000E+00   0.00000E+00  0.00000E+00   0.00000E+00  0.00000E+00   0.00000E+00  0.00000E+00   0.00000E+00  0.00000E+00   0.00000E+00  0.00000E+00   0.00000E+00  0.00000E+00   0.00000E+00  0.00000E+00   0.00000E+00  0.00000E+00   0.00000E+00  5.34443E-02   3.48415E+02  1.06655E-01   3.48527E+02  1.05960E-01   3.48867E+02  1.04814E-01   3.49438E+02  1.03236E-01   3.50245E+02  1.01254E-01   3.51297E+02  9.89017E-02   3.52605E+02  9.62191E-02   3.54184E+02  9.32541E-02   3.56049E+02  9.00584E-02   3.58220E+02  8.66916E-02   7.20523E-01  8.32164E-02   3.57281E+00  7.97000E-02   6.80272E+00  7.62148E-02   1.04348E+01  7.28334E-02   1.44909E+01  6.96320E-02   1.89861E+01  6.66847E-02   2.39252E+01  6.40617E-02   2.92955E+01  6.18274E-02   3.50642E+01  6.00319E-02   4.11728E+01  5.87122E-02   4.75393E+01  5.78819E-02   5.40623E+01  5.75357E-02   6.06301E+01  5.76464E-02   6.71353E+01  5.81679E-02   7.34858E+01  5.90457E-02   7.96072E+01  6.02142E-02   8.54595E+01  6.16114E-02   9.10150E+01  6.31751E-02   9.62735E+01  6.48511E-02   1.01248E+02  6.65902E-02   1.05949E+02  6.83515E-02   1.10415E+02  7.01011E-02   1.14659E+02  7.18086E-02   1.18715E+02  7.34546E-02   1.22609E+02  7.50175E-02   1.26354E+02  7.64881E-02   1.29983E+02  7.78610E-02   1.33511E+02  7.91201E-02   1.36951E+02  8.02615E-02   1.40318E+02  8.12883E-02   1.43626E+02  8.22066E-02   1.46889E+02  8.30132E-02   1.50109E+02 
 0.00000E+00   0.00000E+00  0.00000E+00   0.00000E+00  0.00000E+00   0.00000E+00  0.00000E+00   0.00000E+00  0.00000E+00   0.00000E+00  0.00000E+00   0.00000E+00  0.00000E+00   0.00000E+00  0.00000E+00   0.00000E+00  0.00000E+00   0.00000E+00  0.00000E+00   0.00000E+00  0.00000E+00   0.00000E+00  0.00000E+00   0.00000E+00  0.00000E+00   0.00000E+00  0.00000E+00   0.00000E+00  0.00000E+00   0.00000E+00  0.00000E+00   0.00000E+00  0.00000E+00   0.00000E+00  0.00000E+00   0.00000E+00  0.00000E+00   0.00000E+00  0.00000E+00   0.00000E+00  0.00000E+00   0.00000E+00  0.00000E+00   0.00000E+00  0.00000E+00   0.00000E+00  0.00000E+00   0.00000E+00  0.00000E+00   0.00000E+00  0.00000E+00   0.00000E+00  0.00000E+00   0.00000E+00  0.00000E+00   0.00000E+00  0.00000E+00   0.00000E+00  0.00000E+00   0.00000E+00  0.00000E+00   0.00000E+00  0.00000E+00   0.00000E+00  0.00000E+00   0.00000E+00  0.00000E+00   0.00000E+00  0.00000E+00   0.00000E+00  0.00000E+00   0.00000E+00  0.00000E+00   0.00000E+00  0.00000E+00   0.00000E+00  5.54109E-02   3.46566E+02  1.10574E-01   3.46679E+02  1.09835E-01   3.47021E+02  1.08619E-01   3.47595E+02  1.06944E-01   3.48407E+02  1.04841E-01   3.49466E+02  1.02345E-01   3.50783E+02  9.95010E-02   3.52374E+02  9.63590E-02   3.54255E+02  9.29753E-02   3.56447E+02  8.94128E-02   3.58972E+02  8.57390E-02   1.85528E+00  8.20264E-02   5.12397E+00  7.83502E-02   8.80336E+00  7.47913E-02   1.29167E+01  7.14269E-02   1.74793E+01  6.83391E-02   2.24964E+01  6.56002E-02   2.79538E+01  6.32783E-02   3.38168E+01  6.14272E-02   4.00223E+01  6.00800E-02   4.64842E+01  5.92548E-02   5.30932E+01  5.89366E-02   5.97361E+01  5.90983E-02   6.62979E+01  5.96858E-02   7.26868E+01  6.06386E-02   7.88312E+01  6.18880E-02   8.46865E+01  6.33643E-02   9.02384E+01  6.50057E-02   9.54804E+01  6.67522E-02   1.00434E+02  6.85572E-02   1.05114E+02  7.03754E-02   1.09550E+02  7.21741E-02   1.13771E+02  7.39233E-02   1.17799E+02  7.55992E-02   1.21666E+02  7.71870E-02   1.25391E+02  7.86722E-02   1.28997E+02  8.00510E-02   1.32506E+02  8.13148E-02   1.35929E+02  8.24550E-02   1.39278E+02  8.34709E-02   1.42571E+02  8.43707E-02   1.45822E+02  8.51582E-02   1.49033E+02 
 0.00000E+00   0.00000E+00  0.00000E+00   0.00000E+00  0.00000E+00   0.00000E+00  0.00000E+00   0.00000E+00  0.00000E+00   0.00000E+00  0.00000E+00   0.00000E+00  0.00000E+00   0.00000E+00  0.00000E+00   0.00000E+00  0.00000E+00   0.00000E+00  0.00000E+00   0.00000E+00  0.00000E+00   0.00000E+00  0.00000E+00   0.00000E+00  0.00000E+00   0.00000E+00  0.00000E+00   0.00000E+00  0.00000E+00   0.00000E+00  0.00000E+00   0.00000E+00  0.00000E+00   0.00000E+00  0.00000E+00   0.00000E+00  0.00000E+00   0.00000E+00  0.00000E+00   0.00000E+00  0.00000E+00   0.00000E+00  0.00000E+00   0.00000E+00  0.00000E+00   0.00000E+00  0.00000E+00   0.00000E+00  0.00000E+00   0.00000E+00  0.00000E+00   0.00000E+00  0.00000E+00   0.00000E+00  0.00000E+00   0.00000E+00  0.00000E+00   0.00000E+00  0.00000E+00   0.00000E+00  0.00000E+00   0.00000E+00  0.00000E+00   0.00000E+00  0.00000E+00   0.00000E+00  0.00000E+00   0.00000E+00  0.00000E+00   0.00000E+00  0.00000E+00   0.00000E+00  0.00000E+00   0.00000E+00  0.00000E+00   0.00000E+00  5.74146E-02   3.44780E+02  1.14566E-01   3.44894E+02  1.13783E-01   3.45238E+02  1.12492E-01   3.45815E+02  1.10716E-01   3.46631E+02  1.08487E-01   3.47697E+02  1.05843E-01   3.49024E+02  1.02830E-01   3.50626E+02  9.95045E-02   3.52523E+02  9.59248E-02   3.54734E+02  9.21594E-02   3.57284E+02  8.82795E-02   1.99465E-01  8.43629E-02   3.50767E+00  8.04909E-02   7.23525E+00  7.67470E-02   1.14072E+01  7.32175E-02   1.60389E+01  6.99851E-02   2.11356E+01  6.71304E-02   2.66821E+01  6.47212E-02   3.26398E+01  6.28152E-02   3.89427E+01  6.14451E-02   4.54976E+01  6.06249E-02   5.21918E+01  6.03400E-02   5.89045E+01  6.05533E-02   6.55213E+01  6.12103E-02   7.19457E+01  6.22414E-02   7.81088E+01  6.35741E-02   8.39691E+01  6.51347E-02   8.95107E+01  6.68551E-02   9.47372E+01  6.86749E-02   9.96664E+01  7.05433E-02   1.04321E+02  7.24174E-02   1.08731E+02  7.42621E-02   1.12924E+02  7.60502E-02   1.16928E+02  7.77582E-02   1.20771E+02  7.93671E-02   1.24471E+02  8.08662E-02   1.28054E+02  8.22506E-02   1.31542E+02  8.35131E-02   1.34949E+02  8.46484E-02   1.38286E+02  8.56524E-02   1.41563E+02  8.65319E-02   1.44798E+02  8.72981E-02   1.47998E+02 
 0.00000E+00   0.00000E+00  0.00000E+00   0.00000E+00  0.00000E+00   0.00000E+00  0.00000E+00   0.00000E+00  0.00000E+00   0.00000E+00  0.00000E+00   0.00000E+00  0.00000E+00   0.00000E+00  0.00000E+00   0.00000E+00  0.00000E+00   0.00000E+00  0.00000E+00   0.00000E+00  0.00000E+00   0.00000E+00  0.00000E+00   0.00000E+00  0.00000E+00   0.00000E+00  0.00000E+00   0.00000E+00  0.00000E+00   0.00000E+00  0.00000E+00   0.00000E+00  0.00000E+00   0.00000E+00  0.00000E+00   0.00000E+00  0.00000E+00   0.00000E+00  0.00000E+00   0.00000E+00  0.00000E+00   0.00000E+00  0.00000E+00   0.00000E+00  0.00000E+00   0.00000E+00  0.00000E+00   0.00000E+00  0.00000E+00   0.00000E+00  0.00000E+00   0.00000E+00  0.00000E+00   0.00000E+00  0.00000E+00   0.00000E+00  0.00000E+00   0.00000E+00  0.00000E+00   0.00000E+00  0.00000E+00   0.00000E+00  0.00000E+00   0.00000E+00  0.00000E+00   0.00000E+00  0.00000E+00   0.00000E+00  0.00000E+00   0.00000E+00  0.00000E+00   0.00000E+00  0.00000E+00   0.00000E+00  0.00000E+00   0.00000E+00  5.94467E-02   3.43063E+02  1.18615E-01   3.43177E+02  1.17785E-01   3.43523E+02  1.16418E-01   3.44103E+02  1.14537E-01   3.44924E+02  1.12177E-01   3.45997E+02  1.09379E-01   3.47332E+02  1.06193E-01   3.48946E+02  1.02677E-01   3.50858E+02  9.88953E-02   3.53088E+02  9.49203E-02   3.55663E+02  9.08286E-02   3.58609E+02  8.67023E-02   1.95544E+00  8.26283E-02   5.73092E+00  7.86961E-02   9.96037E+00  7.49958E-02   1.46614E+01  7.16177E-02   1.98377E+01  6.86442E-02   2.54740E+01  6.61491E-02   3.15279E+01  6.41902E-02   3.79288E+01  6.28007E-02   4.45782E+01  6.19920E-02   5.13560E+01  6.17439E-02   5.81384E+01  6.20158E-02   6.48054E+01  6.27439E-02   7.12628E+01  6.38555E-02   7.74412E+01  6.52719E-02   8.33014E+01  6.69150E-02   8.88342E+01  6.87154E-02   9.40405E+01  7.06080E-02   9.89473E+01  7.25419E-02   1.03575E+02  7.44714E-02   1.07955E+02  7.63624E-02   1.12122E+02  7.81861E-02   1.16097E+02  7.99212E-02   1.19915E+02  8.15520E-02   1.23596E+02  8.30612E-02   1.27157E+02  8.44485E-02   1.30624E+02  8.57097E-02   1.34011E+02  8.68381E-02   1.37333E+02  8.78301E-02   1.40598E+02  8.86870E-02   1.43820E+02  8.94259E-02   1.47009E+02 
 0.00000E+00   0.00000E+00  0.00000E+00   0.00000E+00  0.00000E+00   0.00000E+00  0.00000E+00   0.00000E+00  0.00000E+00   0.00000E+00  0.00000E+00   0.00000E+00  0.00000E+00   0.00000E+00  0.00000E+00   0.00000E+00  0.00000E+00   0.00000E+00  0.00000E+00   0.00000E+00  0.00000E+00   0.00000E+00  0.00000E+00   0.00000E+00  0.00000E+00   0.00000E+00  0.00000E+00   0.00000E+00  0.00000E+00   0.00000E+00  0.00000E+00   0.00000E+00  0.00000E+00   0.00000E+00  0.00000E+00   0.00000E+00  0.00000E+00   0.00000E+00  0.00000E+00   0.00000E+00  0.00000E+00   0.00000E+00  0.00000E+00   0.00000E+00  0.00000E+00   0.00000E+00  0.00000E+00   0.00000E+00  0.00000E+00   0.00000E+00  0.00000E+00   0.00000E+00  0.00000E+00   0.00000E+00  0.00000E+00   0.00000E+00  0.00000E+00   0.00000E+00  0.00000E+00   0.00000E+00  0.00000E+00   0.00000E+00  0.00000E+00   0.00000E+00  0.00000E+00   0.00000E+00  0.00000E+00   0.00000E+00  0.00000E+00   0.00000E+00  0.00000E+00   0.00000E+00  0.00000E+00   0.00000E+00  0.00000E+00   0.00000E+00  6.15039E-02   3.41412E+02  1.22713E-01   3.41527E+02  1.21835E-01   3.41875E+02  1.20388E-01   3.42458E+02  1.18399E-01   3.43284E+02  1.15904E-01   3.44362E+02  1.12946E-01   3.45706E+02  1.09580E-01   3.47332E+02  1.05868E-01   3.49258E+02  1.01878E-01   3.51508E+02  9.76870E-02   3.54107E+02  9.33771E-02   3.57085E+02  8.90360E-02   4.70254E-01  8.47554E-02   4.29379E+00  8.06308E-02   8.58190E+00  7.67583E-02   1.33522E+01  7.32315E-02   1.86088E+01  7.01405E-02   2.43345E+01  6.75589E-02   3.04841E+01  6.55495E-02   3.69819E+01  6.41423E-02   4.37237E+01  6.33477E-02   5.05834E+01  6.31410E-02   5.74318E+01  6.34733E-02   6.41481E+01  6.42785E-02   7.06339E+01  6.54733E-02   7.68263E+01  6.69768E-02   8.26841E+01  6.87046E-02   8.82035E+01  7.05844E-02   9.33906E+01  7.25491E-02   9.82698E+01  7.45455E-02   1.02872E+02  7.65293E-02   1.07225E+02  7.84637E-02   1.11363E+02  8.03238E-02   1.15313E+02  8.20846E-02   1.19103E+02  8.37325E-02   1.22760E+02  8.52538E-02   1.26302E+02  8.66405E-02   1.29748E+02  8.78946E-02   1.33119E+02  8.90135E-02   1.36426E+02  8.99920E-02   1.39675E+02  9.08285E-02   1.42884E+02  9.15396E-02   1.46063E+02 
 0.00000E+00   0.00000E+00  0.00000E+00   0.00000E+00  0.00000E+00   0.00000E+00  0.00000E+00   0.00000E+00  0.00000E+00   0.00000E+00  0.00000E+00   0.00000E+00  0.00000E+00   0.00000E+00  0.00000E+00   0.00000E+00  0.00000E+00   0.00000E+00  0.00000E+00   0.00000E+00  0.00000E+00   0.00000E+00  0.00000E+00   0.00000E+00  0.00000E+00   0.00000E+00  0.00000E+00   0.00000E+00  0.00000E+00   0.00000E+00  0.00000E+00   0.00000E+00  0.00000E+00   0.00000E+00  0.00000E+00   0.00000E+00  0.00000E+00   0.00000E+00  0.00000E+00   0.00000E+00  0.00000E+00   0.00000E+00  0.00000E+00   0.00000E+00  0.00000E+00   0.00000E+00  0.00000E+00   0.00000E+00  0.00000E+00   0.00000E+00  0.00000E+00   0.00000E+00  0.00000E+00   0.00000E+00  0.00000E+00   0.00000E+00  0.00000E+00   0.00000E+00  0.00000E+00   0.00000E+00  0.00000E+00   0.00000E+00  0.00000E+00   0.00000E+00  0.00000E+00   0.00000E+00  0.00000E+00   0.00000E+00  0.00000E+00   0.00000E+00  0.00000E+00   0.00000E+00  0.00000E+00   0.00000E+00  0.00000E+00   0.00000E+00  6.35777E-02   3.39831E+02  1.26844E-01   3.39947E+02  1.25916E-01   3.40296E+02  1.24388E-01   3.40882E+02  1.22287E-01   3.41712E+02  1.19652E-01   3.42797E+02  1.16531E-01   3.44149E+02  1.12980E-01   3.45785E+02  1.09066E-01   3.47726E+02  1.04862E-01   3.49994E+02  1.00450E-01   3.52617E+02  9.59176E-02   3.55625E+02  9.13562E-02   3.59049E+02  8.68654E-02   2.92019E+00  8.25443E-02   7.26626E+00  7.84968E-02   1.21065E+01  7.48208E-02   1.74437E+01  7.16112E-02   2.32601E+01  6.89465E-02   2.95062E+01  6.68882E-02   3.61017E+01  6.54693E-02   4.29354E+01  6.46926E-02   4.98753E+01  6.45317E-02   5.67870E+01  6.49286E-02   6.35475E+01  6.58110E-02   7.00597E+01  6.70910E-02   7.62605E+01  6.86803E-02   8.21154E+01  7.04932E-02   8.76199E+01  7.24526E-02   9.27855E+01  7.44900E-02   9.76392E+01  7.65495E-02   1.02211E+02  7.85860E-02   1.06535E+02  8.05631E-02   1.10646E+02  8.24543E-02   1.14569E+02  8.42393E-02   1.18336E+02  8.59029E-02   1.21970E+02  8.74311E-02   1.25490E+02  8.88196E-02   1.28916E+02  9.00660E-02   1.32268E+02  9.11711E-02   1.35560E+02  9.21336E-02   1.38799E+02  9.29468E-02   1.41994E+02  9.36279E-02   1.45161E+02 
 0.00000E+00   0.00000E+00  0.00000E+00   0.00000E+00  0.00000E+00   0.00000E+00  0.00000E+00   0.00000E+00  0.00000E+00   0.00000E+00  0.00000E+00   0.00000E+00  0.00000E+00   0.00000E+00  0.00000E+00   0.00000E+00  0.00000E+00   0.00000E+00  0.00000E+00   0.00000E+00  0.00000E+00   0.00000E+00  0.00000E+00   0.00000E+00  0.00000E+00   0.00000E+00  0.00000E+00   0.00000E+00  0.00000E+00   0.00000E+00  0.00000E+00   0.00000E+00  0.00000E+00   0.00000E+00  0.00000E+00   0.00000E+00  0.00000E+00   0.00000E+00  0.00000E+00   0.00000E+00  0.00000E+00   0.00000E+00  0.00000E+00   0.00000E+00  0.00000E+00   0.00000E+00  0.00000E+00   0.00000E+00  0.00000E+00   0.00000E+00  0.00000E+00   0.00000E+00  0.00000E+00   0.00000E+00  0.00000E+00   0.00000E+00  0.00000E+00   0.00000E+00  0.00000E+00   0.00000E+00  0.00000E+00   0.00000E+00  0.00000E+00   0.00000E+00  0.00000E+00   0.00000E+00  0.00000E+00   0.00000E+00  0.00000E+00   0.00000E+00  0.00000E+00   0.00000E+00  0.00000E+00   0.00000E+00  0.00000E+00   0.00000E+00  6.56606E-02   3.38320E+02  1.30993E-01   3.38437E+02  1.30013E-01   3.38787E+02  1.28402E-01   3.39376E+02  1.26186E-01   3.40211E+02  1.23408E-01   3.41301E+02  1.20118E-01   3.42661E+02  1.16378E-01   3.44309E+02  1.12258E-01   3.46263E+02  1.07836E-01   3.48550E+02  1.03198E-01   3.51197E+02  9.84381E-02   3.54235E+02  9.36537E-02   3.57696E+02  8.89488E-02   1.61513E+00  8.44303E-02   6.01881E+00  8.02058E-02   1.09280E+01  7.63807E-02   1.63454E+01  7.30533E-02   2.22509E+01  7.03055E-02   2.85929E+01  6.82019E-02   3.52841E+01  6.67722E-02   4.22085E+01  6.60187E-02   4.92266E+01  6.59066E-02   5.61995E+01  6.63730E-02   6.30023E+01  6.73374E-02   6.95364E+01  6.87044E-02   7.57443E+01  7.03824E-02   8.15911E+01  7.22788E-02   8.70797E+01  7.43162E-02   9.22227E+01  7.64236E-02   9.70486E+01  7.85436E-02   1.01594E+02  8.06317E-02   1.05888E+02  8.26498E-02   1.09971E+02  8.45729E-02   1.13868E+02  8.63783E-02   1.17607E+02  8.80550E-02   1.21219E+02  8.95897E-02   1.24720E+02  9.09740E-02   1.28128E+02  9.22109E-02   1.31462E+02  9.33009E-02   1.34737E+02  9.42459E-02   1.37963E+02  9.50376E-02   1.41148E+02  9.56876E-02   1.44305E+02 
 0.00000E+00   0.00000E+00  0.00000E+00   0.00000E+00  0.00000E+00   0.00000E+00  0.00000E+00   0.00000E+00  0.00000E+00   0.00000E+00  0.00000E+00   0.00000E+00  0.00000E+00   0.00000E+00  0.00000E+00   0.00000E+00  0.00000E+00   0.00000E+00  0.00000E+00   0.00000E+00  0.00000E+00   0.00000E+00  0.00000E+00   0.00000E+00  0.00000E+00   0.00000E+00  0.00000E+00   0.00000E+00  0.00000E+00   0.00000E+00  0.00000E+00   0.00000E+00  0.00000E+00   0.00000E+00  0.00000E+00   0.00000E+00  0.00000E+00   0.00000E+00  0.00000E+00   0.00000E+00  0.00000E+00   0.00000E+00  0.00000E+00   0.00000E+00  0.00000E+00   0.00000E+00  0.00000E+00   0.00000E+00  0.00000E+00   0.00000E+00  0.00000E+00   0.00000E+00  0.00000E+00   0.00000E+00  0.00000E+00   0.00000E+00  0.00000E+00   0.00000E+00  0.00000E+00   0.00000E+00  0.00000E+00   0.00000E+00  0.00000E+00   0.00000E+00  0.00000E+00   0.00000E+00  0.00000E+00   0.00000E+00  0.00000E+00   0.00000E+00  0.00000E+00   0.00000E+00  0.00000E+00   0.00000E+00  0.00000E+00   0.00000E+00  6.77446E-02   3.36881E+02  1.35143E-01   3.36997E+02  1.34112E-01   3.37349E+02  1.32414E-01   3.37941E+02  1.30081E-01   3.38779E+02  1.27157E-01   3.39875E+02  1.23696E-01   3.41243E+02  1.19763E-01   3.42900E+02  1.15433E-01   3.44869E+02  1.10788E-01   3.47173E+02  1.05921E-01   3.49843E+02  1.00930E-01   3.52910E+02  9.59188E-02   3.56410E+02  9.09983E-02   3.75277E-01  8.62794E-02   4.83679E+00  8.18787E-02   9.81492E+00  7.79040E-02   1.53126E+01  7.44611E-02   2.13079E+01  7.16340E-02   2.77448E+01  6.94875E-02   3.45316E+01  6.80529E-02   4.15441E+01  6.73242E-02   4.86381E+01  6.72653E-02   5.56681E+01  6.78018E-02   6.25093E+01  6.88492E-02   6.90630E+01  7.03044E-02   7.52735E+01  7.20697E-02   8.11129E+01  7.40516E-02   8.65820E+01  7.61661E-02   9.17020E+01  7.83433E-02   9.65000E+01  8.05225E-02   1.01015E+02  8.26594E-02   1.05282E+02  8.47158E-02   1.09335E+02  8.66669E-02   1.13207E+02  8.84924E-02   1.16924E+02  9.01790E-02   1.20511E+02  9.17178E-02   1.23992E+02  9.31002E-02   1.27381E+02  9.43252E-02   1.30698E+02  9.53966E-02   1.33959E+02  9.63202E-02   1.37173E+02  9.70884E-02   1.40345E+02  9.77083E-02   1.43491E+02 
 0.00000E+00   0.00000E+00  0.00000E+00   0.00000E+00  0.00000E+00   0.00000E+00  0.00000E+00   0.00000E+00  0.00000E+00   0.00000E+00  0.00000E+00   0.00000E+00  0.00000E+00   0.00000E+00  0.00000E+00   0.00000E+00  0.00000E+00   0.00000E+00  0.00000E+00   0.00000E+00  0.00000E+00   0.00000E+00  0.00000E+00   0.00000E+00  0.00000E+00   0.00000E+00  0.00000E+00   0.00000E+00  0.00000E+00   0.00000E+00  0.00000E+00   0.00000E+00  0.00000E+00   0.00000E+00  0.00000E+00   0.00000E+00  0.00000E+00   0.00000E+00  0.00000E+00   0.00000E+00  0.00000E+00   0.00000E+00  0.00000E+00   0.00000E+00  0.00000E+00   0.00000E+00  0.00000E+00   0.00000E+00  0.00000E+00   0.00000E+00  0.00000E+00   0.00000E+00  0.00000E+00   0.00000E+00  0.00000E+00   0.00000E+00  0.00000E+00   0.00000E+00  0.00000E+00   0.00000E+00  0.00000E+00   0.00000E+00  0.00000E+00   0.00000E+00  0.00000E+00   0.00000E+00  0.00000E+00   0.00000E+00  0.00000E+00   0.00000E+00  0.00000E+00   0.00000E+00  0.00000E+00   0.00000E+00  0.00000E+00   0.00000E+00  6.98189E-02   3.35514E+02  1.39274E-01   3.35631E+02  1.38190E-01   3.35984E+02  1.36405E-01   3.36578E+02  1.33953E-01   3.37420E+02  1.30881E-01   3.38522E+02  1.27246E-01   3.39897E+02  1.23117E-01   3.41565E+02  1.18574E-01   3.43546E+02  1.13704E-01   3.45868E+02  1.08606E-01   3.48560E+02  1.03382E-01   3.51656E+02  9.81427E-02   3.55192E+02  9.30050E-02   3.59204E+02  8.80865E-02   3.72156E+00  8.35082E-02   8.76746E+00  7.93862E-02   1.43440E+01  7.58280E-02   2.04272E+01  7.29240E-02   2.69581E+01  7.07382E-02   3.38383E+01  6.93010E-02   4.09379E+01  6.86031E-02   4.81049E+01  6.85997E-02   5.51904E+01  6.92118E-02   6.20665E+01  7.03439E-02   6.86365E+01  7.18884E-02   7.48475E+01  7.37414E-02   8.06749E+01  7.58051E-02   8.61252E+01  7.79950E-02   9.12203E+01  8.02386E-02   9.59913E+01  8.24751E-02   1.00478E+02  8.46594E-02   1.04715E+02  8.67531E-02   1.08741E+02  8.87309E-02   1.12587E+02  9.05729E-02   1.16278E+02  9.22683E-02   1.19845E+02  9.38074E-02   1.23306E+02  9.51835E-02   1.26678E+02  9.63974E-02   1.29978E+02  9.74499E-02   1.33222E+02  9.83512E-02   1.36424E+02  9.90948E-02   1.39587E+02  9.96834E-02   1.42722E+02 
 0.00000E+00   0.00000E+00  0.00000E+00   0.00000E+00  0.00000E+00   0.00000E+00  0.00000E+00   0.00000E+00  0.00000E+00   0.00000E+00  0.00000E+00   0.00000E+00  0.00000E+00   0.00000E+00  0.00000E+00   0.00000E+00  0.00000E+00   0.00000E+00  0.00000E+00   0.00000E+00  0.00000E+00   0.00000E+00  0.00000E+00   0.00000E+00  0.00000E+00   0.00000E+00  0.00000E+00   0.00000E+00  0.00000E+00   0.00000E+00  0.00000E+00   0.00000E+00  0.00000E+00   0.00000E+00  0.00000E+00   0.00000E+00  0.00000E+00   0.00000E+00  0.00000E+00   0.00000E+00  0.00000E+00   0.00000E+00  0.00000E+00   0.00000E+00  0.00000E+00   0.00000E+00  0.00000E+00   0.00000E+00  0.00000E+00   0.00000E+00  0.00000E+00   0.00000E+00  0.00000E+00   0.00000E+00  0.00000E+00   0.00000E+00  0.00000E+00   0.00000E+00  0.00000E+00   0.00000E+00  0.00000E+00   0.00000E+00  0.00000E+00   0.00000E+00  0.00000E+00   0.00000E+00  0.00000E+00   0.00000E+00  0.00000E+00   0.00000E+00  0.00000E+00   0.00000E+00  0.00000E+00   0.00000E+00  0.00000E+00   0.00000E+00  7.18744E-02   3.34219E+02  1.43367E-01   3.34337E+02  1.42229E-01   3.34691E+02  1.40356E-01   3.35288E+02  1.37784E-01   3.36133E+02  1.34562E-01   3.37240E+02  1.30752E-01   3.38622E+02  1.26425E-01   3.40299E+02  1.21668E-01   3.42293E+02  1.16572E-01   3.44632E+02  1.11240E-01   3.47346E+02  1.05782E-01   3.50471E+02  1.00314E-01   3.54043E+02  9.49596E-02   3.58100E+02  8.98416E-02   2.67355E+00  8.50885E-02   7.78649E+00  8.08205E-02   1.34414E+01  7.71516E-02   1.96116E+01  7.41735E-02   2.62345E+01  7.19524E-02   3.32063E+01  7.05163E-02   4.03889E+01  6.98505E-02   4.76263E+01  6.99060E-02   5.47627E+01  7.05928E-02   6.16711E+01  7.18113E-02   6.82546E+01  7.34449E-02   7.44635E+01  7.53854E-02   8.02784E+01  7.75320E-02   8.57066E+01  7.97951E-02   9.07771E+01  8.21039E-02   9.55193E+01  8.43945E-02   9.99776E+01  8.66226E-02   1.04187E+02  8.87502E-02   1.08185E+02  9.07526E-02   1.12007E+02  9.26102E-02   1.15675E+02  9.43113E-02   1.19218E+02  9.58508E-02   1.22660E+02  9.72200E-02   1.26016E+02  9.84193E-02   1.29301E+02  9.94511E-02   1.32531E+02  1.00327E-01   1.35720E+02  1.01045E-01   1.38871E+02  1.01604E-01   1.41998E+02 
 0.00000E+00   0.00000E+00  0.00000E+00   0.00000E+00  0.00000E+00   0.00000E+00  0.00000E+00   0.00000E+00  0.00000E+00   0.00000E+00  0.00000E+00   0.00000E+00  0.00000E+00   0.00000E+00  0.00000E+00   0.00000E+00  0.00000E+00   0.00000E+00  0.00000E+00   0.00000E+00  0.00000E+00   0.00000E+00  0.00000E+00   0.00000E+00  0.00000E+00   0.00000E+00  0.00000E+00   0.00000E+00  0.00000E+00   0.00000E+00  0.00000E+00   0.00000E+00  0.00000E+00   0.00000E+00  0.00000E+00   0.00000E+00  0.00000E+00   0.00000E+00  0.00000E+00   0.00000E+00  0.00000E+00   0.00000E+00  0.00000E+00   0.00000E+00  0.00000E+00   0.00000E+00  0.00000E+00   0.00000E+00  0.00000E+00   0.00000E+00  0.00000E+00   0.00000E+00  0.00000E+00   0.00000E+00  0.00000E+00   0.00000E+00  0.00000E+00   0.00000E+00  0.00000E+00   0.00000E+00  0.00000E+00   0.00000E+00  0.00000E+00   0.00000E+00  0.00000E+00   0.00000E+00  0.00000E+00   0.00000E+00  0.00000E+00   0.00000E+00  0.00000E+00   0.00000E+00  0.00000E+00   0.00000E+00  0.00000E+00   0.00000E+00  7.38985E-02   3.32999E+02  1.47397E-01   3.33117E+02  1.46205E-01   3.33473E+02  1.44245E-01   3.34072E+02  1.41552E-01   3.34921E+02  1.38180E-01   3.36033E+02  1.34194E-01   3.37421E+02  1.29670E-01   3.39107E+02  1.24698E-01   3.41113E+02  1.19375E-01   3.43468E+02  1.13811E-01   3.46203E+02  1.08120E-01   3.49355E+02  1.02424E-01   3.52962E+02  9.68539E-02   3.57063E+02  9.15385E-02   1.69129E+00  8.66118E-02   6.86976E+00  8.22011E-02   1.26008E+01  7.84232E-02   1.88564E+01  7.53756E-02   2.55694E+01  7.31220E-02   3.26303E+01  7.16915E-02   3.98941E+01  7.10624E-02   4.71982E+01  7.11784E-02   5.43834E+01  7.19439E-02   6.13199E+01  7.32476E-02   6.79146E+01  7.49702E-02   7.41187E+01  7.69957E-02   7.99189E+01  7.92214E-02   8.53258E+01  8.15558E-02   9.03700E+01  8.39260E-02   9.50860E+01  8.62694E-02   9.95153E+01  8.85396E-02   1.03697E+02  9.06996E-02   1.07668E+02  9.27237E-02   1.11464E+02  9.45939E-02   1.15111E+02  9.62998E-02   1.18634E+02  9.78353E-02   1.22057E+02  9.91960E-02   1.25396E+02  1.00382E-01   1.28665E+02  1.01393E-01   1.31881E+02  1.02243E-01   1.35059E+02  1.02934E-01   1.38201E+02  1.03461E-01   1.41317E+02 
 0.00000E+00   0.00000E+00  0.00000E+00   0.00000E+00  0.00000E+00   0.00000E+00  0.00000E+00   0.00000E+00  0.00000E+00   0.00000E+00  0.00000E+00   0.00000E+00  0.00000E+00   0.00000E+00  0.00000E+00   0.00000E+00  0.00000E+00   0.00000E+00  0.00000E+00   0.00000E+00  0.00000E+00   0.00000E+00  0.00000E+00   0.00000E+00  0.00000E+00   0.00000E+00  0.00000E+00   0.00000E+00  0.00000E+00   0.00000E+00  0.00000E+00   0.00000E+00  0.00000E+00   0.00000E+00  0.00000E+00   0.00000E+00  0.00000E+00   0.00000E+00  0.00000E+00   0.00000E+00  0.00000E+00   0.00000E+00  0.00000E+00   0.00000E+00  0.00000E+00   0.00000E+00  0.00000E+00   0.00000E+00  0.00000E+00   0.00000E+00  0.00000E+00   0.00000E+00  0.00000E+00   0.00000E+00  0.00000E+00   0.00000E+00  0.00000E+00   0.00000E+00  0.00000E+00   0.00000E+00  0.00000E+00   0.00000E+00  0.00000E+00   0.00000E+00  0.00000E+00   0.00000E+00  0.00000E+00   0.00000E+00  0.00000E+00   0.00000E+00  0.00000E+00   0.00000E+00  0.00000E+00   0.00000E+00  0.00000E+00   0.00000E+00  7.58803E-02   3.31854E+02  1.51343E-01   3.31972E+02  1.50097E-01   3.32329E+02  1.48049E-01   3.32930E+02  1.45236E-01   3.33782E+02  1.41715E-01   3.34898E+02  1.37553E-01   3.36293E+02  1.32833E-01   3.37988E+02  1.27647E-01   3.40006E+02  1.22100E-01   3.42376E+02  1.16304E-01   3.45131E+02  1.10382E-01   3.48310E+02  1.04462E-01   3.51951E+02  9.86788E-02   3.56095E+02  9.31693E-02   7.76732E-01  8.80731E-02   6.01921E+00  8.35233E-02   1.18250E+01  7.96414E-02   1.81633E+01  7.65269E-02   2.49636E+01  7.42458E-02   3.21100E+01  7.28223E-02   3.94511E+01  7.22316E-02   4.68182E+01  7.24099E-02   5.40479E+01  7.32526E-02   6.10106E+01  7.46430E-02   6.76132E+01  7.64532E-02   7.38117E+01  7.85634E-02   7.95957E+01  8.08669E-02   8.49795E+01  8.32698E-02   8.99982E+01  8.56990E-02   9.46859E+01  8.80906E-02   9.90885E+01  9.03996E-02   1.03244E+02  9.25886E-02   1.07189E+02  9.46331E-02   1.10962E+02  9.65150E-02   1.14586E+02  9.82232E-02   1.18089E+02  9.97554E-02   1.21494E+02  1.01105E-01   1.24817E+02  1.02275E-01   1.28073E+02  1.03265E-01   1.31276E+02  1.04087E-01   1.34440E+02  1.04751E-01   1.37572E+02  1.05248E-01   1.40681E+02 
 0.00000E+00   0.00000E+00  0.00000E+00   0.00000E+00  0.00000E+00   0.00000E+00  0.00000E+00   0.00000E+00  0.00000E+00   0.00000E+00  0.00000E+00   0.00000E+00  0.00000E+00   0.00000E+00  0.00000E+00   0.00000E+00  0.00000E+00   0.00000E+00  0.00000E+00   0.00000E+00  0.00000E+00   0.00000E+00  0.00000E+00   0.00000E+00  0.00000E+00   0.00000E+00  0.00000E+00   0.00000E+00  0.00000E+00   0.00000E+00  0.00000E+00   0.00000E+00  0.00000E+00   0.00000E+00  0.00000E+00   0.00000E+00  0.00000E+00   0.00000E+00  0.00000E+00   0.00000E+00  0.00000E+00   0.00000E+00  0.00000E+00   0.00000E+00  0.00000E+00   0.00000E+00  0.00000E+00   0.00000E+00  0.00000E+00   0.00000E+00  0.00000E+00   0.00000E+00  0.00000E+00   0.00000E+00  0.00000E+00   0.00000E+00  0.00000E+00   0.00000E+00  0.00000E+00   0.00000E+00  0.00000E+00   0.00000E+00  0.00000E+00   0.00000E+00  0.00000E+00   0.00000E+00  0.00000E+00   0.00000E+00  0.00000E+00   0.00000E+00  0.00000E+00   0.00000E+00  0.00000E+00   0.00000E+00  0.00000E+00   0.00000E+00  7.78063E-02   3.30784E+02  1.55177E-01   3.30903E+02  1.53878E-01   3.31261E+02  1.51743E-01   3.31864E+02  1.48812E-01   3.32719E+02  1.45143E-01   3.33839E+02  1.40809E-01   3.35241E+02  1.35895E-01   3.36943E+02  1.30498E-01   3.38972E+02  1.24730E-01   3.41357E+02  1.18707E-01   3.44132E+02  1.12558E-01   3.47335E+02  1.06417E-01   3.51009E+02  1.00425E-01   3.55194E+02  9.47256E-02   3.59927E+02  8.94642E-02   5.23172E+00  8.47800E-02   1.11098E+01  8.07979E-02   1.75287E+01  7.76223E-02   2.44132E+01  7.53164E-02   3.16425E+01  7.39050E-02   3.90571E+01  7.33551E-02   4.64836E+01  7.35967E-02   5.37547E+01  7.45175E-02   6.07391E+01  7.59917E-02   6.73485E+01  7.78875E-02   7.35385E+01  8.00782E-02   7.93063E+01  8.24564E-02   8.46675E+01  8.49246E-02   8.96598E+01  8.74098E-02   9.43218E+01  8.98482E-02   9.86963E+01  9.21931E-02   1.02826E+02  9.44092E-02   1.06747E+02  9.64707E-02   1.10496E+02  9.83615E-02   1.14101E+02  1.00071E-01   1.17585E+02  1.01597E-01   1.20971E+02  1.02936E-01   1.24280E+02  1.04090E-01   1.27522E+02  1.05058E-01   1.30712E+02  1.05854E-01   1.33866E+02  1.06488E-01   1.36989E+02  1.06955E-01   1.40088E+02 
 0.00000E+00   0.00000E+00  0.00000E+00   0.00000E+00  0.00000E+00   0.00000E+00  0.00000E+00   0.00000E+00  0.00000E+00   0.00000E+00  0.00000E+00   0.00000E+00  0.00000E+00   0.00000E+00  0.00000E+00   0.00000E+00  0.00000E+00   0.00000E+00  0.00000E+00   0.00000E+00  0.00000E+00   0.00000E+00  0.00000E+00   0.00000E+00  0.00000E+00   0.00000E+00  0.00000E+00   0.00000E+00  0.00000E+00   0.00000E+00  0.00000E+00   0.00000E+00  0.00000E+00   0.00000E+00  0.00000E+00   0.00000E+00  0.00000E+00   0.00000E+00  0.00000E+00   0.00000E+00  0.00000E+00   0.00000E+00  0.00000E+00   0.00000E+00  0.00000E+00   0.00000E+00  0.00000E+00   0.00000E+00  0.00000E+00   0.00000E+00  0.00000E+00   0.00000E+00  0.00000E+00   0.00000E+00  0.00000E+00   0.00000E+00  0.00000E+00   0.00000E+00  0.00000E+00   0.00000E+00  0.00000E+00   0.00000E+00  0.00000E+00   0.00000E+00  0.00000E+00   0.00000E+00  0.00000E+00   0.00000E+00  0.00000E+00   0.00000E+00  0.00000E+00   0.00000E+00  0.00000E+00   0.00000E+00  0.00000E+00   0.00000E+00  7.96636E-02   3.29791E+02  1.58874E-01   3.29910E+02  1.57524E-01   3.30269E+02  1.55303E-01   3.30873E+02  1.52256E-01   3.31731E+02  1.48443E-01   3.32856E+02  1.43939E-01   3.34262E+02  1.38835E-01   3.35973E+02  1.33234E-01   3.38012E+02  1.27249E-01   3.40411E+02  1.21005E-01   3.43204E+02  1.14635E-01   3.46432E+02  1.08279E-01   3.50138E+02  1.02084E-01   3.54363E+02  9.62014E-02   3.59145E+02  9.07809E-02   4.50896E+00  8.59675E-02   1.04564E+01  8.18909E-02   1.69522E+01  7.86572E-02   2.39174E+01  7.63307E-02   3.12246E+01  7.49321E-02   3.87089E+01  7.44246E-02   4.61902E+01  7.47289E-02   5.34991E+01  7.57269E-02   6.05034E+01  7.72842E-02   6.71161E+01  7.92632E-02   7.32982E+01  8.15330E-02   7.90477E+01  8.39822E-02   8.43862E+01  8.65126E-02   8.93533E+01  8.90496E-02   9.39888E+01  9.15303E-02   9.83386E+01  9.39083E-02   1.02444E+02  9.61485E-02   1.06341E+02  9.82260E-02   1.10069E+02  1.00125E-01   1.13653E+02  1.01834E-01   1.17119E+02  1.03353E-01   1.20489E+02  1.04679E-01   1.23783E+02  1.05816E-01   1.27013E+02  1.06763E-01   1.30191E+02  1.07532E-01   1.33334E+02  1.08138E-01   1.36448E+02  1.08575E-01   1.39540E+02 
 0.00000E+00   0.00000E+00  0.00000E+00   0.00000E+00  0.00000E+00   0.00000E+00  0.00000E+00   0.00000E+00  0.00000E+00   0.00000E+00  0.00000E+00   0.00000E+00  0.00000E+00   0.00000E+00  0.00000E+00   0.00000E+00  0.00000E+00   0.00000E+00  0.00000E+00   0.00000E+00  0.00000E+00   0.00000E+00  0.00000E+00   0.00000E+00  0.00000E+00   0.00000E+00  0.00000E+00   0.00000E+00  0.00000E+00   0.00000E+00  0.00000E+00   0.00000E+00  0.00000E+00   0.00000E+00  0.00000E+00   0.00000E+00  0.00000E+00   0.00000E+00  0.00000E+00   0.00000E+00  0.00000E+00   0.00000E+00  0.00000E+00   0.00000E+00  0.00000E+00   0.00000E+00  0.00000E+00   0.00000E+00  0.00000E+00   0.00000E+00  0.00000E+00   0.00000E+00  0.00000E+00   0.00000E+00  0.00000E+00   0.00000E+00  0.00000E+00   0.00000E+00  0.00000E+00   0.00000E+00  0.00000E+00   0.00000E+00  0.00000E+00   0.00000E+00  0.00000E+00   0.00000E+00  0.00000E+00   0.00000E+00  0.00000E+00   0.00000E+00  0.00000E+00   0.00000E+00  0.00000E+00   0.00000E+00  0.00000E+00   0.00000E+00  8.14388E-02   3.28875E+02  1.62407E-01   3.28994E+02  1.61007E-01   3.29354E+02  1.58703E-01   3.29960E+02  1.55544E-01   3.30821E+02  1.51590E-01   3.31948E+02  1.46923E-01   3.33360E+02  1.41636E-01   3.35078E+02  1.35836E-01   3.37127E+02  1.29642E-01   3.39539E+02  1.23183E-01   3.42349E+02  1.16600E-01   3.45600E+02  1.10036E-01   3.49335E+02  1.03648E-01   3.53598E+02  9.75882E-02   3.58427E+02  9.20153E-02   3.84785E+00  8.70796E-02   9.86174E+00  8.29137E-02   1.64313E+01  7.96276E-02   2.34731E+01  7.72841E-02   3.08548E+01  7.59017E-02   3.84039E+01  7.54369E-02   4.59364E+01  7.58042E-02   5.32791E+01  7.68767E-02   6.02999E+01  7.85135E-02   6.69152E+01  8.05718E-02   7.30869E+01  8.29157E-02   7.88197E+01  8.54326E-02   8.41356E+01  8.80215E-02   8.90778E+01  9.06078E-02   9.36888E+01  9.31282E-02   9.80128E+01  9.55364E-02   1.02095E+02  9.77981E-02   1.05971E+02  9.98884E-02   1.09677E+02  1.01793E-01   1.13244E+02  1.03501E-01   1.16693E+02  1.05012E-01   1.20047E+02  1.06326E-01   1.23327E+02  1.07446E-01   1.26545E+02  1.08371E-01   1.29713E+02  1.09114E-01   1.32846E+02  1.09690E-01   1.35951E+02  1.10098E-01   1.39036E+02 
 0.00000E+00   0.00000E+00  0.00000E+00   0.00000E+00  0.00000E+00   0.00000E+00  0.00000E+00   0.00000E+00  0.00000E+00   0.00000E+00  0.00000E+00   0.00000E+00  0.00000E+00   0.00000E+00  0.00000E+00   0.00000E+00  0.00000E+00   0.00000E+00  0.00000E+00   0.00000E+00  0.00000E+00   0.00000E+00  0.00000E+00   0.00000E+00  0.00000E+00   0.00000E+00  0.00000E+00   0.00000E+00  0.00000E+00   0.00000E+00  0.00000E+00   0.00000E+00  0.00000E+00   0.00000E+00  0.00000E+00   0.00000E+00  0.00000E+00   0.00000E+00  0.00000E+00   0.00000E+00  0.00000E+00   0.00000E+00  0.00000E+00   0.00000E+00  0.00000E+00   0.00000E+00  0.00000E+00   0.00000E+00  0.00000E+00   0.00000E+00  0.00000E+00   0.00000E+00  0.00000E+00   0.00000E+00  0.00000E+00   0.00000E+00  0.00000E+00   0.00000E+00  0.00000E+00   0.00000E+00  0.00000E+00   0.00000E+00  0.00000E+00   0.00000E+00  0.00000E+00   0.00000E+00  0.00000E+00   0.00000E+00  0.00000E+00   0.00000E+00  0.00000E+00   0.00000E+00  0.00000E+00   0.00000E+00  0.00000E+00   0.00000E+00  8.31178E-02   3.28036E+02  1.65749E-01   3.28156E+02  1.64300E-01   3.28516E+02  1.61918E-01   3.29124E+02  1.58650E-01   3.29987E+02  1.54563E-01   3.31118E+02  1.49738E-01   3.32535E+02  1.44275E-01   3.34259E+02  1.38285E-01   3.36317E+02  1.31891E-01   3.38741E+02  1.25228E-01   3.41568E+02  1.18441E-01   3.44840E+02  1.11681E-01   3.48603E+02  1.05107E-01   3.52901E+02  9.88801E-02   3.57775E+02  9.31631E-02   3.24957E+00  8.81121E-02   9.32588E+00  8.38633E-02   1.59647E+01  8.05287E-02   2.30784E+01  7.81714E-02   3.05291E+01  7.68057E-02   3.81387E+01  7.63841E-02   4.57174E+01  7.68122E-02   5.30909E+01  7.79576E-02   6.01259E+01  7.96709E-02   6.67415E+01  8.18050E-02   7.29034E+01  8.42196E-02   7.86180E+01  8.67993E-02   8.39128E+01  8.94425E-02   8.88310E+01  9.20732E-02   9.34183E+01  9.46295E-02   9.77199E+01  9.70648E-02   1.01780E+02  9.93459E-02   1.05635E+02  1.01448E-01   1.09322E+02  1.03357E-01   1.12870E+02  1.05063E-01   1.16304E+02  1.06566E-01   1.19645E+02  1.07865E-01   1.22912E+02  1.08968E-01   1.26119E+02  1.09874E-01   1.29276E+02  1.10591E-01   1.32400E+02  1.11140E-01   1.35498E+02  1.11520E-01   1.38576E+02 
 0.00000E+00   0.00000E+00  0.00000E+00   0.00000E+00  0.00000E+00   0.00000E+00  0.00000E+00   0.00000E+00  0.00000E+00   0.00000E+00  0.00000E+00   0.00000E+00  0.00000E+00   0.00000E+00  0.00000E+00   0.00000E+00  0.00000E+00   0.00000E+00  0.00000E+00   0.00000E+00  0.00000E+00   0.00000E+00  0.00000E+00   0.00000E+00  0.00000E+00   0.00000E+00  0.00000E+00   0.00000E+00  0.00000E+00   0.00000E+00  0.00000E+00   0.00000E+00  0.00000E+00   0.00000E+00  0.00000E+00   0.00000E+00  0.00000E+00   0.00000E+00  0.00000E+00   0.00000E+00  0.00000E+00   0.00000E+00  0.00000E+00   0.00000E+00  0.00000E+00   0.00000E+00  0.00000E+00   0.00000E+00  0.00000E+00   0.00000E+00  0.00000E+00   0.00000E+00  0.00000E+00   0.00000E+00  0.00000E+00   0.00000E+00  0.00000E+00   0.00000E+00  0.00000E+00   0.00000E+00  0.00000E+00   0.00000E+00  0.00000E+00   0.00000E+00  0.00000E+00   0.00000E+00  0.00000E+00   0.00000E+00  0.00000E+00   0.00000E+00  0.00000E+00   0.00000E+00  0.00000E+00   0.00000E+00  0.00000E+00   0.00000E+00  8.46876E-02   3.27275E+02  1.68873E-01   3.27395E+02  1.67379E-01   3.27757E+02  1.64921E-01   3.28366E+02  1.61551E-01   3.29231E+02  1.57337E-01   3.30365E+02  1.52364E-01   3.31786E+02  1.46735E-01   3.33516E+02  1.40565E-01   3.35582E+02  1.33983E-01   3.38018E+02  1.27127E-01   3.40860E+02  1.20148E-01   3.44152E+02  1.13202E-01   3.47940E+02  1.06453E-01   3.52271E+02  1.00070E-01   3.57187E+02  9.42187E-02   2.71141E+00  8.90605E-02   8.84629E+00  8.47356E-02   1.55499E+01  8.13580E-02   2.27307E+01  7.89896E-02   3.02454E+01  7.76426E-02   3.79103E+01  7.72629E-02   4.55312E+01  7.77495E-02   5.29314E+01  7.89632E-02   5.99782E+01  8.07480E-02   6.65931E+01  8.29525E-02   7.27444E+01  8.54324E-02   7.84427E+01  8.80707E-02   8.37164E+01  9.07643E-02   8.86126E+01  9.34363E-02   9.31774E+01  9.60254E-02   9.74567E+01  9.84850E-02   1.01497E+02  1.00782E-01   1.05333E+02  1.02894E-01   1.09002E+02  1.04806E-01   1.12536E+02  1.06509E-01   1.15954E+02  1.08004E-01   1.19282E+02  1.09290E-01   1.22537E+02  1.10376E-01   1.25734E+02  1.11262E-01   1.28883E+02  1.11955E-01   1.31998E+02  1.12477E-01   1.35088E+02  1.12830E-01   1.38160E+02 
 0.00000E+00   0.00000E+00  0.00000E+00   0.00000E+00  0.00000E+00   0.00000E+00  0.00000E+00   0.00000E+00  0.00000E+00   0.00000E+00  0.00000E+00   0.00000E+00  0.00000E+00   0.00000E+00  0.00000E+00   0.00000E+00  0.00000E+00   0.00000E+00  0.00000E+00   0.00000E+00  0.00000E+00   0.00000E+00  0.00000E+00   0.00000E+00  0.00000E+00   0.00000E+00  0.00000E+00   0.00000E+00  0.00000E+00   0.00000E+00  0.00000E+00   0.00000E+00  0.00000E+00   0.00000E+00  0.00000E+00   0.00000E+00  0.00000E+00   0.00000E+00  0.00000E+00   0.00000E+00  0.00000E+00   0.00000E+00  0.00000E+00   0.00000E+00  0.00000E+00   0.00000E+00  0.00000E+00   0.00000E+00  0.00000E+00   0.00000E+00  0.00000E+00   0.00000E+00  0.00000E+00   0.00000E+00  0.00000E+00   0.00000E+00  0.00000E+00   0.00000E+00  0.00000E+00   0.00000E+00  0.00000E+00   0.00000E+00  0.00000E+00   0.00000E+00  0.00000E+00   0.00000E+00  0.00000E+00   0.00000E+00  0.00000E+00   0.00000E+00  0.00000E+00   0.00000E+00  0.00000E+00   0.00000E+00  0.00000E+00   0.00000E+00  8.61342E-02   3.26594E+02  1.71753E-01   3.26714E+02  1.70215E-01   3.27076E+02  1.67688E-01   3.27686E+02  1.64222E-01   3.28553E+02  1.59890E-01   3.29690E+02  1.54779E-01   3.31115E+02  1.48995E-01   3.32851E+02  1.42658E-01   3.34924E+02  1.35900E-01   3.37370E+02  1.28865E-01   3.40226E+02  1.21708E-01   3.43536E+02  1.14590E-01   3.47348E+02  1.07680E-01   3.51710E+02  1.01152E-01   3.56663E+02  9.51765E-02   2.23369E+00  8.99204E-02   8.42225E+00  8.55259E-02   1.51853E+01  8.21096E-02   2.24274E+01  7.97332E-02   3.00006E+01  7.84042E-02   3.77157E+01  7.80655E-02   4.53741E+01  7.86077E-02   5.27981E+01  7.98857E-02   5.98543E+01  8.17378E-02   6.64677E+01  8.40075E-02   7.26087E+01  8.65477E-02   7.82904E+01  8.92391E-02   8.35455E+01  9.19778E-02   8.84203E+01  9.46868E-02   9.29649E+01  9.73048E-02   9.72247E+01  9.97859E-02   1.01246E+02  1.02098E-01   1.05065E+02  1.04218E-01   1.08718E+02  1.06131E-01   1.12236E+02  1.07831E-01   1.15642E+02  1.09317E-01   1.18958E+02  1.10590E-01   1.22202E+02  1.11660E-01   1.25390E+02  1.12528E-01   1.28530E+02  1.13199E-01   1.31637E+02  1.13696E-01   1.34722E+02  1.14023E-01   1.37787E+02 
 0.00000E+00   0.00000E+00  0.00000E+00   0.00000E+00  0.00000E+00   0.00000E+00  0.00000E+00   0.00000E+00  0.00000E+00   0.00000E+00  0.00000E+00   0.00000E+00  0.00000E+00   0.00000E+00  0.00000E+00   0.00000E+00  0.00000E+00   0.00000E+00  0.00000E+00   0.00000E+00  0.00000E+00   0.00000E+00  0.00000E+00   0.00000E+00  0.00000E+00   0.00000E+00  0.00000E+00   0.00000E+00  0.00000E+00   0.00000E+00  0.00000E+00   0.00000E+00  0.00000E+00   0.00000E+00  0.00000E+00   0.00000E+00  0.00000E+00   0.00000E+00  0.00000E+00   0.00000E+00  0.00000E+00   0.00000E+00  0.00000E+00   0.00000E+00  0.00000E+00   0.00000E+00  0.00000E+00   0.00000E+00  0.00000E+00   0.00000E+00  0.00000E+00   0.00000E+00  0.00000E+00   0.00000E+00  0.00000E+00   0.00000E+00  0.00000E+00   0.00000E+00  0.00000E+00   0.00000E+00  0.00000E+00   0.00000E+00  0.00000E+00   0.00000E+00  0.00000E+00   0.00000E+00  0.00000E+00   0.00000E+00  0.00000E+00   0.00000E+00  0.00000E+00   0.00000E+00  0.00000E+00   0.00000E+00  0.00000E+00   0.00000E+00  8.74455E-02   3.25991E+02  1.74362E-01   3.26111E+02  1.72785E-01   3.26474E+02  1.70194E-01   3.27085E+02  1.66641E-01   3.27954E+02  1.62201E-01   3.29093E+02  1.56963E-01   3.30522E+02  1.51038E-01   3.32262E+02  1.44548E-01   3.34343E+02  1.37630E-01   3.36797E+02  1.30431E-01   3.39665E+02  1.23111E-01   3.42992E+02  1.15836E-01   3.46825E+02  1.08780E-01   3.51214E+02  1.02120E-01   3.56202E+02  9.60330E-02   1.81474E+00  9.06882E-02   8.05214E+00  8.62321E-02   1.48691E+01  8.27824E-02   2.21669E+01  8.03997E-02   2.97924E+01  7.90896E-02   3.75521E+01  7.87885E-02   4.52437E+01  7.93819E-02   5.26877E+01  8.07187E-02   5.97519E+01  8.26311E-02   6.63627E+01  8.49598E-02   7.24938E+01  8.75543E-02   7.81608E+01  9.02936E-02   8.33978E+01  9.30733E-02   8.82540E+01  9.58152E-02   9.27796E+01  9.84591E-02   9.70212E+01  1.00959E-01   1.01026E+02  1.03283E-01   1.04830E+02  1.05409E-01   1.08468E+02  1.07324E-01   1.11973E+02  1.09019E-01   1.15368E+02  1.10498E-01   1.18672E+02  1.11759E-01   1.21907E+02  1.12813E-01   1.25087E+02  1.13664E-01   1.28220E+02  1.14314E-01   1.31320E+02  1.14788E-01   1.34398E+02  1.15092E-01   1.37459E+02 
 0.00000E+00   0.00000E+00  0.00000E+00   0.00000E+00  0.00000E+00   0.00000E+00  0.00000E+00   0.00000E+00  0.00000E+00   0.00000E+00  0.00000E+00   0.00000E+00  0.00000E+00   0.00000E+00  0.00000E+00   0.00000E+00  0.00000E+00   0.00000E+00  0.00000E+00   0.00000E+00  0.00000E+00   0.00000E+00  0.00000E+00   0.00000E+00  0.00000E+00   0.00000E+00  0.00000E+00   0.00000E+00  0.00000E+00   0.00000E+00  0.00000E+00   0.00000E+00  0.00000E+00   0.00000E+00  0.00000E+00   0.00000E+00  0.00000E+00   0.00000E+00  0.00000E+00   0.00000E+00  0.00000E+00   0.00000E+00  0.00000E+00   0.00000E+00  0.00000E+00   0.00000E+00  0.00000E+00   0.00000E+00  0.00000E+00   0.00000E+00  0.00000E+00   0.00000E+00  0.00000E+00   0.00000E+00  0.00000E+00   0.00000E+00  0.00000E+00   0.00000E+00  0.00000E+00   0.00000E+00  0.00000E+00   0.00000E+00  0.00000E+00   0.00000E+00  0.00000E+00   0.00000E+00  0.00000E+00   0.00000E+00  0.00000E+00   0.00000E+00  0.00000E+00   0.00000E+00  0.00000E+00   0.00000E+00  0.00000E+00   0.00000E+00  8.86090E-02   3.25468E+02  1.76677E-01   3.25588E+02  1.75066E-01   3.25952E+02  1.72417E-01   3.26564E+02  1.68786E-01   3.27434E+02  1.64249E-01   3.28575E+02  1.58898E-01   3.30007E+02  1.52846E-01   3.31752E+02  1.46220E-01   3.33838E+02  1.39158E-01   3.36301E+02  1.31814E-01   3.39180E+02  1.24349E-01   3.42520E+02  1.16934E-01   3.46373E+02  1.09747E-01   3.50786E+02  1.02971E-01   3.55804E+02  9.67835E-02   1.45388E+00  9.13607E-02   7.73436E+00  8.68502E-02   1.45990E+01  8.33715E-02   2.19456E+01  8.09848E-02   2.96174E+01  7.96918E-02   3.74162E+01  7.94260E-02   4.51363E+01  8.00657E-02   5.25977E+01  8.14555E-02   5.96678E+01  8.34224E-02   6.62759E+01  8.58033E-02   7.23978E+01  8.84459E-02   7.80509E+01  9.12270E-02   8.32726E+01  9.40422E-02   8.81117E+01  9.68125E-02   9.26210E+01  9.94785E-02   9.68469E+01  1.01994E-01   1.00836E+02  1.04329E-01   1.04627E+02  1.06460E-01   1.08252E+02  1.08375E-01   1.11746E+02  1.10067E-01   1.15130E+02  1.11538E-01   1.18426E+02  1.12788E-01   1.21652E+02  1.13828E-01   1.24824E+02  1.14663E-01   1.27951E+02  1.15296E-01   1.31045E+02  1.15750E-01   1.34118E+02  1.16032E-01   1.37174E+02 
 0.00000E+00   0.00000E+00  0.00000E+00   0.00000E+00  0.00000E+00   0.00000E+00  0.00000E+00   0.00000E+00  0.00000E+00   0.00000E+00  0.00000E+00   0.00000E+00  0.00000E+00   0.00000E+00  0.00000E+00   0.00000E+00  0.00000E+00   0.00000E+00  0.00000E+00   0.00000E+00  0.00000E+00   0.00000E+00  0.00000E+00   0.00000E+00  0.00000E+00   0.00000E+00  0.00000E+00   0.00000E+00  0.00000E+00   0.00000E+00  0.00000E+00   0.00000E+00  0.00000E+00   0.00000E+00  0.00000E+00   0.00000E+00  0.00000E+00   0.00000E+00  0.00000E+00   0.00000E+00  0.00000E+00   0.00000E+00  0.00000E+00   0.00000E+00  0.00000E+00   0.00000E+00  0.00000E+00   0.00000E+00  0.00000E+00   0.00000E+00  0.00000E+00   0.00000E+00  0.00000E+00   0.00000E+00  0.00000E+00   0.00000E+00  0.00000E+00   0.00000E+00  0.00000E+00   0.00000E+00  0.00000E+00   0.00000E+00  0.00000E+00   0.00000E+00  0.00000E+00   0.00000E+00  0.00000E+00   0.00000E+00  0.00000E+00   0.00000E+00  0.00000E+00   0.00000E+00  0.00000E+00   0.00000E+00  0.00000E+00   0.00000E+00  8.96138E-02   3.25025E+02  1.78676E-01   3.25145E+02  1.77034E-01   3.25509E+02  1.74336E-01   3.26122E+02  1.70637E-01   3.26993E+02  1.66015E-01   3.28136E+02  1.60566E-01   3.29570E+02  1.54405E-01   3.31319E+02  1.47659E-01   3.33410E+02  1.40473E-01   3.35880E+02  1.33002E-01   3.38768E+02  1.25411E-01   3.42121E+02  1.17875E-01   3.45990E+02  1.10575E-01   3.50424E+02  1.03697E-01   3.55468E+02  9.74246E-02   1.15021E+00  9.19346E-02   7.46813E+00  8.73780E-02   1.43739E+01  8.38752E-02   2.17629E+01  8.14859E-02   2.94742E+01  8.02089E-02   3.73063E+01  7.99738E-02   4.50507E+01  8.06543E-02   5.25260E+01  8.20897E-02   5.96010E+01  8.41035E-02   6.62061E+01  8.65298E-02   7.23196E+01  8.92134E-02   7.79610E+01  9.20310E-02   8.31686E+01  9.48766E-02   8.79932E+01  9.76716E-02   9.24880E+01  1.00356E-01   9.67000E+01  1.02885E-01   1.00677E+02  1.05228E-01   1.04456E+02  1.07363E-01   1.08071E+02  1.09278E-01   1.11554E+02  1.10967E-01   1.14930E+02  1.12430E-01   1.18217E+02  1.13671E-01   1.21436E+02  1.14698E-01   1.24602E+02  1.15519E-01   1.27724E+02  1.16136E-01   1.30813E+02  1.16572E-01   1.33881E+02  1.16836E-01   1.36934E+02 
 0.00000E+00   0.00000E+00  0.00000E+00   0.00000E+00  0.00000E+00   0.00000E+00  0.00000E+00   0.00000E+00  0.00000E+00   0.00000E+00  0.00000E+00   0.00000E+00  0.00000E+00   0.00000E+00  0.00000E+00   0.00000E+00  0.00000E+00   0.00000E+00  0.00000E+00   0.00000E+00  0.00000E+00   0.00000E+00  0.00000E+00   0.00000E+00  0.00000E+00   0.00000E+00  0.00000E+00   0.00000E+00  0.00000E+00   0.00000E+00  0.00000E+00   0.00000E+00  0.00000E+00   0.00000E+00  0.00000E+00   0.00000E+00  0.00000E+00   0.00000E+00  0.00000E+00   0.00000E+00  0.00000E+00   0.00000E+00  0.00000E+00   0.00000E+00  0.00000E+00   0.00000E+00  0.00000E+00   0.00000E+00  0.00000E+00   0.00000E+00  0.00000E+00   0.00000E+00  0.00000E+00   0.00000E+00  0.00000E+00   0.00000E+00  0.00000E+00   0.00000E+00  0.00000E+00   0.00000E+00  0.00000E+00   0.00000E+00  0.00000E+00   0.00000E+00  0.00000E+00   0.00000E+00  0.00000E+00   0.00000E+00  0.00000E+00   0.00000E+00  0.00000E+00   0.00000E+00  0.00000E+00   0.00000E+00  0.00000E+00   0.00000E+00  9.04501E-02   3.24662E+02  1.80341E-01   3.24782E+02  1.78673E-01   3.25147E+02  1.75933E-01   3.25760E+02  1.72177E-01   3.26632E+02  1.67485E-01   3.27777E+02  1.61953E-01   3.29213E+02  1.55699E-01   3.30965E+02  1.48854E-01   3.33060E+02  1.41564E-01   3.35535E+02  1.33987E-01   3.38431E+02  1.26291E-01   3.41795E+02  1.18654E-01   3.45677E+02  1.11260E-01   3.50128E+02  1.04298E-01   3.55194E+02  9.79535E-02   9.02971E-01  9.24077E-02   7.25180E+00  8.78129E-02   1.41918E+01  8.42905E-02   2.16157E+01  8.18994E-02   2.93598E+01  8.06365E-02   3.72193E+01  8.04279E-02   4.49833E+01  8.11424E-02   5.24702E+01  8.26168E-02   5.95486E+01  8.46697E-02   6.61511E+01  8.71335E-02   7.22574E+01  8.98516E-02   7.78885E+01  9.26984E-02   8.30849E+01  9.55692E-02   8.78973E+01  9.83839E-02   9.23802E+01  1.01084E-01   9.65810E+01  1.03624E-01   1.00547E+02  1.05973E-01   1.04316E+02  1.08111E-01   1.07922E+02  1.10026E-01   1.11398E+02  1.11711E-01   1.14766E+02  1.13169E-01   1.18047E+02  1.14401E-01   1.21260E+02  1.15418E-01   1.24421E+02  1.16228E-01   1.27538E+02  1.16831E-01   1.30623E+02  1.17252E-01   1.33688E+02  1.17501E-01   1.36737E+02 
 0.00000E+00   0.00000E+00  0.00000E+00   0.00000E+00  0.00000E+00   0.00000E+00  0.00000E+00   0.00000E+00  0.00000E+00   0.00000E+00  0.00000E+00   0.00000E+00  0.00000E+00   0.00000E+00  0.00000E+00   0.00000E+00  0.00000E+00   0.00000E+00  0.00000E+00   0.00000E+00  0.00000E+00   0.00000E+00  0.00000E+00   0.00000E+00  0.00000E+00   0.00000E+00  0.00000E+00   0.00000E+00  0.00000E+00   0.00000E+00  0.00000E+00   0.00000E+00  0.00000E+00   0.00000E+00  0.00000E+00   0.00000E+00  0.00000E+00   0.00000E+00  0.00000E+00   0.00000E+00  0.00000E+00   0.00000E+00  0.00000E+00   0.00000E+00  0.00000E+00   0.00000E+00  0.00000E+00   0.00000E+00  0.00000E+00   0.00000E+00  0.00000E+00   0.00000E+00  0.00000E+00   0.00000E+00  0.00000E+00   0.00000E+00  0.00000E+00   0.00000E+00  0.00000E+00   0.00000E+00  0.00000E+00   0.00000E+00  0.00000E+00   0.00000E+00  0.00000E+00   0.00000E+00  0.00000E+00   0.00000E+00  0.00000E+00   0.00000E+00  0.00000E+00   0.00000E+00  0.00000E+00   0.00000E+00  0.00000E+00   0.00000E+00  9.11097E-02   3.24379E+02  1.81653E-01   3.24500E+02  1.79965E-01   3.24864E+02  1.77192E-01   3.25478E+02  1.73391E-01   3.26351E+02  1.68642E-01   3.27497E+02  1.63046E-01   3.28935E+02  1.56719E-01   3.30689E+02  1.49795E-01   3.32787E+02  1.42423E-01   3.35267E+02  1.34761E-01   3.38169E+02  1.26982E-01   3.41541E+02  1.19265E-01   3.45433E+02  1.11796E-01   3.49898E+02  1.04768E-01   3.54982E+02  9.83675E-02   7.11338E-01  9.27779E-02   7.08473E+00  8.81536E-02   1.40517E+01  8.46158E-02   2.15031E+01  8.22241E-02   2.92729E+01  8.09724E-02   3.71539E+01  8.07847E-02   4.49332E+01  8.15266E-02   5.24287E+01  8.30312E-02   5.95097E+01  8.51154E-02   6.61097E+01  8.76087E-02   7.22103E+01  9.03535E-02   7.78334E+01  9.32242E-02   8.30206E+01  9.61144E-02   8.78234E+01  9.89449E-02   9.22968E+01  1.01657E-01   9.64887E+01  1.04204E-01   1.00447E+02  1.06559E-01   1.04208E+02  1.08699E-01   1.07807E+02  1.10614E-01   1.11276E+02  1.12296E-01   1.14639E+02  1.13749E-01   1.17915E+02  1.14975E-01   1.21123E+02  1.15983E-01   1.24280E+02  1.16784E-01   1.27394E+02  1.17376E-01   1.30475E+02  1.17785E-01   1.33537E+02  1.18022E-01   1.36584E+02 
 0.00000E+00   0.00000E+00  0.00000E+00   0.00000E+00  0.00000E+00   0.00000E+00  0.00000E+00   0.00000E+00  0.00000E+00   0.00000E+00  0.00000E+00   0.00000E+00  0.00000E+00   0.00000E+00  0.00000E+00   0.00000E+00  0.00000E+00   0.00000E+00  0.00000E+00   0.00000E+00  0.00000E+00   0.00000E+00  0.00000E+00   0.00000E+00  0.00000E+00   0.00000E+00  0.00000E+00   0.00000E+00  0.00000E+00   0.00000E+00  0.00000E+00   0.00000E+00  0.00000E+00   0.00000E+00  0.00000E+00   0.00000E+00  0.00000E+00   0.00000E+00  0.00000E+00   0.00000E+00  0.00000E+00   0.00000E+00  0.00000E+00   0.00000E+00  0.00000E+00   0.00000E+00  0.00000E+00   0.00000E+00  0.00000E+00   0.00000E+00  0.00000E+00   0.00000E+00  0.00000E+00   0.00000E+00  0.00000E+00   0.00000E+00  0.00000E+00   0.00000E+00  0.00000E+00   0.00000E+00  0.00000E+00   0.00000E+00  0.00000E+00   0.00000E+00  0.00000E+00   0.00000E+00  0.00000E+00   0.00000E+00  0.00000E+00   0.00000E+00  0.00000E+00   0.00000E+00  0.00000E+00   0.00000E+00  0.00000E+00   0.00000E+00  9.15857E-02   3.24177E+02  1.82600E-01   3.24298E+02  1.80897E-01   3.24663E+02  1.78100E-01   3.25277E+02  1.74266E-01   3.26150E+02  1.69477E-01   3.27297E+02  1.63833E-01   3.28736E+02  1.57454E-01   3.30492E+02  1.50473E-01   3.32593E+02  1.43041E-01   3.35075E+02  1.35319E-01   3.37982E+02  1.27479E-01   3.41359E+02  1.19704E-01   3.45259E+02  1.12182E-01   3.49734E+02  1.05105E-01   3.54830E+02  9.86643E-02   5.74960E-01  9.30433E-02   6.96598E+00  8.83974E-02   1.39523E+01  8.48492E-02   2.14237E+01  8.24569E-02   2.92119E+01  8.12137E-02   3.71082E+01  8.10416E-02   4.48985E+01  8.18033E-02   5.24001E+01  8.33303E-02   5.94829E+01  8.54367E-02   6.60810E+01  8.79516E-02   7.21772E+01  9.07158E-02   7.77945E+01  9.36029E-02   8.29752E+01  9.65074E-02   8.77710E+01  9.93488E-02   9.22377E+01  1.02069E-01   9.64231E+01  1.04623E-01   1.00375E+02  1.06981E-01   1.04131E+02  1.09123E-01   1.07725E+02  1.11037E-01   1.11189E+02  1.12717E-01   1.14548E+02  1.14167E-01   1.17821E+02  1.15387E-01   1.21025E+02  1.16390E-01   1.24179E+02  1.17183E-01   1.27290E+02  1.17768E-01   1.30370E+02  1.18169E-01   1.33430E+02  1.18396E-01   1.36475E+02 
 0.00000E+00   0.00000E+00  0.00000E+00   0.00000E+00  0.00000E+00   0.00000E+00  0.00000E+00   0.00000E+00  0.00000E+00   0.00000E+00  0.00000E+00   0.00000E+00  0.00000E+00   0.00000E+00  0.00000E+00   0.00000E+00  0.00000E+00   0.00000E+00  0.00000E+00   0.00000E+00  0.00000E+00   0.00000E+00  0.00000E+00   0.00000E+00  0.00000E+00   0.00000E+00  0.00000E+00   0.00000E+00  0.00000E+00   0.00000E+00  0.00000E+00   0.00000E+00  0.00000E+00   0.00000E+00  0.00000E+00   0.00000E+00  0.00000E+00   0.00000E+00  0.00000E+00   0.00000E+00  0.00000E+00   0.00000E+00  0.00000E+00   0.00000E+00  0.00000E+00   0.00000E+00  0.00000E+00   0.00000E+00  0.00000E+00   0.00000E+00  0.00000E+00   0.00000E+00  0.00000E+00   0.00000E+00  0.00000E+00   0.00000E+00  0.00000E+00   0.00000E+00  0.00000E+00   0.00000E+00  0.00000E+00   0.00000E+00  0.00000E+00   0.00000E+00  0.00000E+00   0.00000E+00  0.00000E+00   0.00000E+00  0.00000E+00   0.00000E+00  0.00000E+00   0.00000E+00  0.00000E+00   0.00000E+00  0.00000E+00   0.00000E+00  9.18733E-02   3.24056E+02  1.83172E-01   3.24177E+02  1.81461E-01   3.24541E+02  1.78649E-01   3.25156E+02  1.74795E-01   3.26030E+02  1.69982E-01   3.27177E+02  1.64309E-01   3.28617E+02  1.57897E-01   3.30373E+02  1.50882E-01   3.32476E+02  1.43414E-01   3.34960E+02  1.35655E-01   3.37869E+02  1.27780E-01   3.41250E+02  1.19970E-01   3.45155E+02  1.12414E-01   3.49636E+02  1.05309E-01   3.54739E+02  9.88434E-02   4.93241E-01  9.32033E-02   6.89495E+00  8.85448E-02   1.38930E+01  8.49899E-02   2.13763E+01  8.25975E-02   2.91758E+01  8.13595E-02   3.70813E+01  8.11966E-02   4.48780E+01  8.19704E-02   5.23834E+01  8.35107E-02   5.94670E+01  8.56307E-02   6.60640E+01  8.81583E-02   7.21577E+01  9.09342E-02   7.77713E+01  9.38316E-02   8.29480E+01  9.67444E-02   8.77397E+01  9.95926E-02   9.22022E+01  1.02318E-01   9.63838E+01  1.04875E-01   1.00332E+02  1.07236E-01   1.04085E+02  1.09378E-01   1.07676E+02  1.11292E-01   1.11138E+02  1.12971E-01   1.14494E+02  1.14418E-01   1.17764E+02  1.15635E-01   1.20967E+02  1.16634E-01   1.24119E+02  1.17424E-01   1.27229E+02  1.18004E-01   1.30307E+02  1.18400E-01   1.33365E+02  1.18622E-01   1.36409E+02 
 0.00000E+00   0.00000E+00  0.00000E+00   0.00000E+00  0.00000E+00   0.00000E+00  0.00000E+00   0.00000E+00  0.00000E+00   0.00000E+00  0.00000E+00   0.00000E+00  0.00000E+00   0.00000E+00  0.00000E+00   0.00000E+00  0.00000E+00   0.00000E+00  0.00000E+00   0.00000E+00  0.00000E+00   0.00000E+00  0.00000E+00   0.00000E+00  0.00000E+00   0.00000E+00  0.00000E+00   0.00000E+00  0.00000E+00   0.00000E+00  0.00000E+00   0.00000E+00  0.00000E+00   0.00000E+00  0.00000E+00   0.00000E+00  0.00000E+00   0.00000E+00  0.00000E+00   0.00000E+00  0.00000E+00   0.00000E+00  0.00000E+00   0.00000E+00  0.00000E+00   0.00000E+00  0.00000E+00   0.00000E+00  0.00000E+00   0.00000E+00  0.00000E+00   0.00000E+00  0.00000E+00   0.00000E+00  0.00000E+00   0.00000E+00  0.00000E+00   0.00000E+00  0.00000E+00   0.00000E+00  0.00000E+00   0.00000E+00  0.00000E+00   0.00000E+00  0.00000E+00   0.00000E+00  0.00000E+00   0.00000E+00  0.00000E+00   0.00000E+00  0.00000E+00   0.00000E+00  0.00000E+00   0.00000E+00  0.00000E+00   0.00000E+00  9.19695E-02   3.24015E+02  1.83364E-01   3.24136E+02  1.81649E-01   3.24501E+02  1.78832E-01   3.25116E+02  1.74972E-01   3.25989E+02  1.70150E-01   3.27137E+02  1.64468E-01   3.28577E+02  1.58046E-01   3.30334E+02  1.51019E-01   3.32437E+02  1.43539E-01   3.34922E+02  1.35768E-01   3.37832E+02  1.27880E-01   3.41214E+02  1.20058E-01   3.45120E+02  1.12492E-01   3.49603E+02  1.05377E-01   3.54709E+02  9.89030E-02   4.66107E-01  9.32566E-02   6.87137E+00  8.85937E-02   1.38734E+01  8.50368E-02   2.13608E+01  8.26443E-02   2.91638E+01  8.14081E-02   3.70725E+01  8.12484E-02   4.48714E+01  8.20262E-02   5.23779E+01  8.35710E-02   5.94618E+01  8.56956E-02   6.60585E+01  8.82275E-02   7.21513E+01  9.10074E-02   7.77637E+01  9.39081E-02   8.29391E+01  9.68238E-02   8.77293E+01  9.96742E-02   9.21905E+01  1.02401E-01   9.63708E+01  1.04960E-01   1.00318E+02  1.07321E-01   1.04070E+02  1.09464E-01   1.07660E+02  1.11377E-01   1.11120E+02  1.13056E-01   1.14476E+02  1.14502E-01   1.17745E+02  1.15719E-01   1.20947E+02  1.16716E-01   1.24099E+02  1.17504E-01   1.27208E+02  1.18083E-01   1.30286E+02  1.18477E-01   1.33344E+02  1.18697E-01   1.36387E+02 
 0.00000E+00   0.00000E+00  0.00000E+00   0.00000E+00  0.00000E+00   0.00000E+00  0.00000E+00   0.00000E+00  0.00000E+00   0.00000E+00  0.00000E+00   0.00000E+00  0.00000E+00   0.00000E+00  0.00000E+00   0.00000E+00  0.00000E+00   0.00000E+00  0.00000E+00   0.00000E+00  0.00000E+00   0.00000E+00  0.00000E+00   0.00000E+00  0.00000E+00   0.00000E+00  0.00000E+00   0.00000E+00  0.00000E+00   0.00000E+00  0.00000E+00   0.00000E+00  0.00000E+00   0.00000E+00  0.00000E+00   0.00000E+00  0.00000E+00   0.00000E+00  0.00000E+00   0.00000E+00  0.00000E+00   0.00000E+00  0.00000E+00   0.00000E+00  0.00000E+00   0.00000E+00  0.00000E+00   0.00000E+00  0.00000E+00   0.00000E+00  0.00000E+00   0.00000E+00  0.00000E+00   0.00000E+00  0.00000E+00   0.00000E+00  0.00000E+00   0.00000E+00  0.00000E+00   0.00000E+00  0.00000E+00   0.00000E+00  0.00000E+00   0.00000E+00  0.00000E+00   0.00000E+00  0.00000E+00   0.00000E+00  0.00000E+00   0.00000E+00  0.00000E+00   0.00000E+00  0.00000E+00   0.00000E+00  0.00000E+00   0.00000E+00  9.18732E-02   3.24056E+02  1.83172E-01   3.24177E+02  1.81461E-01   3.24541E+02  1.78649E-01   3.25156E+02  1.74795E-01   3.26030E+02  1.69982E-01   3.27177E+02  1.64309E-01   3.28617E+02  1.57897E-01   3.30373E+02  1.50882E-01   3.32476E+02  1.43414E-01   3.34960E+02  1.35655E-01   3.37869E+02  1.27779E-01   3.41250E+02  1.19970E-01   3.45155E+02  1.12415E-01   3.49636E+02  1.05309E-01   3.54739E+02  9.88434E-02   4.93208E-01  9.32034E-02   6.89491E+00  8.85445E-02   1.38930E+01  8.49899E-02   2.13763E+01  8.25973E-02   2.91757E+01  8.13592E-02   3.70813E+01  8.11965E-02   4.48780E+01  8.19703E-02   5.23834E+01  8.35107E-02   5.94670E+01  8.56306E-02   6.60641E+01  8.81584E-02   7.21576E+01  9.09343E-02   7.77713E+01  9.38316E-02   8.29480E+01  9.67445E-02   8.77396E+01  9.95926E-02   9.22023E+01  1.02318E-01   9.63838E+01  1.04875E-01   1.00332E+02  1.07236E-01   1.04085E+02  1.09378E-01   1.07676E+02  1.11292E-01   1.11138E+02  1.12971E-01   1.14494E+02  1.14418E-01   1.17764E+02  1.15636E-01   1.20967E+02  1.16635E-01   1.24119E+02  1.17424E-01   1.27228E+02  1.18005E-01   1.30307E+02  1.18400E-01   1.33365E+02  1.18622E-01   1.36409E+02 
 0.00000E+00   0.00000E+00  0.00000E+00   0.00000E+00  0.00000E+00   0.00000E+00  0.00000E+00   0.00000E+00  0.00000E+00   0.00000E+00  0.00000E+00   0.00000E+00  0.00000E+00   0.00000E+00  0.00000E+00   0.00000E+00  0.00000E+00   0.00000E+00  0.00000E+00   0.00000E+00  0.00000E+00   0.00000E+00  0.00000E+00   0.00000E+00  0.00000E+00   0.00000E+00  0.00000E+00   0.00000E+00  0.00000E+00   0.00000E+00  0.00000E+00   0.00000E+00  0.00000E+00   0.00000E+00  0.00000E+00   0.00000E+00  0.00000E+00   0.00000E+00  0.00000E+00   0.00000E+00  0.00000E+00   0.00000E+00  0.00000E+00   0.00000E+00  0.00000E+00   0.00000E+00  0.00000E+00   0.00000E+00  0.00000E+00   0.00000E+00  0.00000E+00   0.00000E+00  0.00000E+00   0.00000E+00  0.00000E+00   0.00000E+00  0.00000E+00   0.00000E+00  0.00000E+00   0.00000E+00  0.00000E+00   0.00000E+00  0.00000E+00   0.00000E+00  0.00000E+00   0.00000E+00  0.00000E+00   0.00000E+00  0.00000E+00   0.00000E+00  0.00000E+00   0.00000E+00  0.00000E+00   0.00000E+00  0.00000E+00   0.00000E+00  9.15856E-02   3.24177E+02  1.82600E-01   3.24298E+02  1.80897E-01   3.24662E+02  1.78100E-01   3.25277E+02  1.74266E-01   3.26150E+02  1.69477E-01   3.27297E+02  1.63833E-01   3.28736E+02  1.57454E-01   3.30491E+02  1.50473E-01   3.32593E+02  1.43041E-01   3.35075E+02  1.35319E-01   3.37982E+02  1.27480E-01   3.41359E+02  1.19705E-01   3.45259E+02  1.12182E-01   3.49734E+02  1.05106E-01   3.54830E+02  9.86648E-02   5.74958E-01  9.30436E-02   6.96602E+00  8.83979E-02   1.39524E+01  8.48494E-02   2.14237E+01  8.24571E-02   2.92120E+01  8.12139E-02   3.71083E+01  8.10416E-02   4.48984E+01  8.18034E-02   5.24001E+01  8.33302E-02   5.94827E+01  8.54366E-02   6.60809E+01  8.79514E-02   7.21772E+01  9.07156E-02   7.77943E+01  9.36029E-02   8.29751E+01  9.65072E-02   8.77709E+01  9.93487E-02   9.22376E+01  1.02069E-01   9.64231E+01  1.04623E-01   1.00375E+02  1.06981E-01   1.04131E+02  1.09123E-01   1.07725E+02  1.11037E-01   1.11190E+02  1.12717E-01   1.14548E+02  1.14167E-01   1.17820E+02  1.15387E-01   1.21025E+02  1.16390E-01   1.24179E+02  1.17183E-01   1.27290E+02  1.17768E-01   1.30370E+02  1.18169E-01   1.33430E+02  1.18396E-01   1.36475E+02 
 0.00000E+00   0.00000E+00  0.00000E+00   0.00000E+00  0.00000E+00   0.00000E+00  0.00000E+00   0.00000E+00  0.00000E+00   0.00000E+00  0.00000E+00   0.00000E+00  0.00000E+00   0.00000E+00  0.00000E+00   0.00000E+00  0.00000E+00   0.00000E+00  0.00000E+00   0.00000E+00  0.00000E+00   0.00000E+00  0.00000E+00   0.00000E+00  0.00000E+00   0.00000E+00  0.00000E+00   0.00000E+00  0.00000E+00   0.00000E+00  0.00000E+00   0.00000E+00  0.00000E+00   0.00000E+00  0.00000E+00   0.00000E+00  0.00000E+00   0.00000E+00  0.00000E+00   0.00000E+00  0.00000E+00   0.00000E+00  0.00000E+00   0.00000E+00  0.00000E+00   0.00000E+00  0.00000E+00   0.00000E+00  0.00000E+00   0.00000E+00  0.00000E+00   0.00000E+00  0.00000E+00   0.00000E+00  0.00000E+00   0.00000E+00  0.00000E+00   0.00000E+00  0.00000E+00   0.00000E+00  0.00000E+00   0.00000E+00  0.00000E+00   0.00000E+00  0.00000E+00   0.00000E+00  0.00000E+00   0.00000E+00  0.00000E+00   0.00000E+00  0.00000E+00   0.00000E+00  0.00000E+00   0.00000E+00  0.00000E+00   0.00000E+00  9.11095E-02   3.24379E+02  1.81652E-01   3.24500E+02  1.79965E-01   3.24864E+02  1.77191E-01   3.25478E+02  1.73390E-01   3.26351E+02  1.68642E-01   3.27497E+02  1.63045E-01   3.28935E+02  1.56719E-01   3.30689E+02  1.49795E-01   3.32788E+02  1.42422E-01   3.35267E+02  1.34761E-01   3.38169E+02  1.26982E-01   3.41541E+02  1.19265E-01   3.45433E+02  1.11797E-01   3.49899E+02  1.04768E-01   3.54982E+02  9.83676E-02   7.11461E-01  9.27782E-02   7.08476E+00  8.81533E-02   1.40516E+01  8.46159E-02   2.15032E+01  8.22238E-02   2.92729E+01  8.09721E-02   3.71540E+01  8.07846E-02   4.49333E+01  8.15264E-02   5.24289E+01  8.30315E-02   5.95098E+01  8.51154E-02   6.61099E+01  8.76090E-02   7.22103E+01  9.03538E-02   7.78333E+01  9.32241E-02   8.30207E+01  9.61145E-02   8.78234E+01  9.89446E-02   9.22970E+01  1.01657E-01   9.64889E+01  1.04205E-01   1.00447E+02  1.06559E-01   1.04208E+02  1.08700E-01   1.07807E+02  1.10614E-01   1.11276E+02  1.12296E-01   1.14639E+02  1.13749E-01   1.17915E+02  1.14974E-01   1.21123E+02  1.15983E-01   1.24280E+02  1.16783E-01   1.27393E+02  1.17376E-01   1.30475E+02  1.17785E-01   1.33537E+02  1.18022E-01   1.36584E+02 
 0.00000E+00   0.00000E+00  0.00000E+00   0.00000E+00  0.00000E+00   0.00000E+00  0.00000E+00   0.00000E+00  0.00000E+00   0.00000E+00  0.00000E+00   0.00000E+00  0.00000E+00   0.00000E+00  0.00000E+00   0.00000E+00  0.00000E+00   0.00000E+00  0.00000E+00   0.00000E+00  0.00000E+00   0.00000E+00  0.00000E+00   0.00000E+00  0.00000E+00   0.00000E+00  0.00000E+00   0.00000E+00  0.00000E+00   0.00000E+00  0.00000E+00   0.00000E+00  0.00000E+00   0.00000E+00  0.00000E+00   0.00000E+00  0.00000E+00   0.00000E+00  0.00000E+00   0.00000E+00  0.00000E+00   0.00000E+00  0.00000E+00   0.00000E+00  0.00000E+00   0.00000E+00  0.00000E+00   0.00000E+00  0.00000E+00   0.00000E+00  0.00000E+00   0.00000E+00  0.00000E+00   0.00000E+00  0.00000E+00   0.00000E+00  0.00000E+00   0.00000E+00  0.00000E+00   0.00000E+00  0.00000E+00   0.00000E+00  0.00000E+00   0.00000E+00  0.00000E+00   0.00000E+00  0.00000E+00   0.00000E+00  0.00000E+00   0.00000E+00  0.00000E+00   0.00000E+00  0.00000E+00   0.00000E+00  0.00000E+00   0.00000E+00  9.04500E-02   3.24661E+02  1.80340E-01   3.24782E+02  1.78673E-01   3.25146E+02  1.75933E-01   3.25760E+02  1.72177E-01   3.26632E+02  1.67484E-01   3.27777E+02  1.61953E-01   3.29213E+02  1.55699E-01   3.30964E+02  1.48854E-01   3.33060E+02  1.41565E-01   3.35535E+02  1.33987E-01   3.38431E+02  1.26292E-01   3.41795E+02  1.18655E-01   3.45677E+02  1.11260E-01   3.50128E+02  1.04298E-01   3.55194E+02  9.79540E-02   9.02883E-01  9.24082E-02   7.25186E+00  8.78134E-02   1.41918E+01  8.42908E-02   2.16158E+01  8.18997E-02   2.93599E+01  8.06366E-02   3.72194E+01  8.04277E-02   4.49834E+01  8.11425E-02   5.24702E+01  8.26165E-02   5.95485E+01  8.46695E-02   6.61510E+01  8.71335E-02   7.22573E+01  8.98511E-02   7.78884E+01  9.26985E-02   8.30849E+01  9.55692E-02   8.78972E+01  9.83839E-02   9.23802E+01  1.01084E-01   9.65808E+01  1.03623E-01   1.00547E+02  1.05973E-01   1.04316E+02  1.08111E-01   1.07922E+02  1.10026E-01   1.11398E+02  1.11711E-01   1.14766E+02  1.13169E-01   1.18047E+02  1.14401E-01   1.21260E+02  1.15419E-01   1.24421E+02  1.16228E-01   1.27538E+02  1.16831E-01   1.30623E+02  1.17252E-01   1.33688E+02  1.17501E-01   1.36737E+02 
 0.00000E+00   0.00000E+00  0.00000E+00   0.00000E+00  0.00000E+00   0.00000E+00  0.00000E+00   0.00000E+00  0.00000E+00   0.00000E+00  0.00000E+00   0.00000E+00  0.00000E+00   0.00000E+00  0.00000E+00   0.00000E+00  0.00000E+00   0.00000E+00  0.00000E+00   0.00000E+00  0.00000E+00   0.00000E+00  0.00000E+00   0.00000E+00  0.00000E+00   0.00000E+00  0.00000E+00   0.00000E+00  0.00000E+00   0.00000E+00  0.00000E+00   0.00000E+00  0.00000E+00   0.00000E+00  0.00000E+00   0.00000E+00  0.00000E+00   0.00000E+00  0.00000E+00   0.00000E+00  0.00000E+00   0.00000E+00  0.00000E+00   0.00000E+00  0.00000E+00   0.00000E+00  0.00000E+00   0.00000E+00  0.00000E+00   0.00000E+00  0.00000E+00   0.00000E+00  0.00000E+00   0.00000E+00  0.00000E+00   0.00000E+00  0.00000E+00   0.00000E+00  0.00000E+00   0.00000E+00  0.00000E+00   0.00000E+00  0.00000E+00   0.00000E+00  0.00000E+00   0.00000E+00  0.00000E+00   0.00000E+00  0.00000E+00   0.00000E+00  0.00000E+00   0.00000E+00  0.00000E+00   0.00000E+00  0.00000E+00   0.00000E+00  8.96136E-02   3.25024E+02  1.78676E-01   3.25145E+02  1.77034E-01   3.25509E+02  1.74336E-01   3.26122E+02  1.70637E-01   3.26993E+02  1.66015E-01   3.28136E+02  1.60566E-01   3.29571E+02  1.54405E-01   3.31319E+02  1.47659E-01   3.33410E+02  1.40473E-01   3.35880E+02  1.33002E-01   3.38768E+02  1.25412E-01   3.42121E+02  1.17876E-01   3.45990E+02  1.10576E-01   3.50424E+02  1.03698E-01   3.55469E+02  9.74252E-02   1.15033E+00  9.19351E-02   7.46808E+00  8.73781E-02   1.43738E+01  8.38752E-02   2.17627E+01  8.14855E-02   2.94740E+01  8.02086E-02   3.73062E+01  7.99736E-02   4.50505E+01  8.06539E-02   5.25261E+01  8.20900E-02   5.96008E+01  8.41036E-02   6.62061E+01  8.65301E-02   7.23195E+01  8.92137E-02   7.79606E+01  9.20308E-02   8.31687E+01  9.48766E-02   8.79931E+01  9.76710E-02   9.24881E+01  1.00356E-01   9.67003E+01  1.02885E-01   1.00677E+02  1.05228E-01   1.04456E+02  1.07363E-01   1.08071E+02  1.09278E-01   1.11554E+02  1.10967E-01   1.14930E+02  1.12430E-01   1.18217E+02  1.13671E-01   1.21436E+02  1.14699E-01   1.24602E+02  1.15519E-01   1.27724E+02  1.16136E-01   1.30813E+02  1.16572E-01   1.33881E+02  1.16836E-01   1.36934E+02 
 0.00000E+00   0.00000E+00  0.00000E+00   0.00000E+00  0.00000E+00   0.00000E+00  0.00000E+00   0.00000E+00  0.00000E+00   0.00000E+00  0.00000E+00   0.00000E+00  0.00000E+00   0.00000E+00  0.00000E+00   0.00000E+00  0.00000E+00   0.00000E+00  0.00000E+00   0.00000E+00  0.00000E+00   0.00000E+00  0.00000E+00   0.00000E+00  0.00000E+00   0.00000E+00  0.00000E+00   0.00000E+00  0.00000E+00   0.00000E+00  0.00000E+00   0.00000E+00  0.00000E+00   0.00000E+00  0.00000E+00   0.00000E+00  0.00000E+00   0.00000E+00  0.00000E+00   0.00000E+00  0.00000E+00   0.00000E+00  0.00000E+00   0.00000E+00  0.00000E+00   0.00000E+00  0.00000E+00   0.00000E+00  0.00000E+00   0.00000E+00  0.00000E+00   0.00000E+00  0.00000E+00   0.00000E+00  0.00000E+00   0.00000E+00  0.00000E+00   0.00000E+00  0.00000E+00   0.00000E+00  0.00000E+00   0.00000E+00  0.00000E+00   0.00000E+00  0.00000E+00   0.00000E+00  0.00000E+00   0.00000E+00  0.00000E+00   0.00000E+00  0.00000E+00   0.00000E+00  0.00000E+00   0.00000E+00  0.00000E+00   0.00000E+00  8.86088E-02   3.25468E+02  1.76677E-01   3.25588E+02  1.75065E-01   3.25952E+02  1.72417E-01   3.26564E+02  1.68786E-01   3.27433E+02  1.64248E-01   3.28575E+02  1.58898E-01   3.30007E+02  1.52846E-01   3.31751E+02  1.46220E-01   3.33838E+02  1.39158E-01   3.36300E+02  1.31814E-01   3.39179E+02  1.24349E-01   3.42520E+02  1.16935E-01   3.46373E+02  1.09748E-01   3.50786E+02  1.02971E-01   3.55804E+02  9.67842E-02   1.45395E+00  9.13613E-02   7.73455E+00  8.68504E-02   1.45992E+01  8.33719E-02   2.19460E+01  8.09847E-02   2.96178E+01  7.96920E-02   3.74167E+01  7.94260E-02   4.51368E+01  8.00657E-02   5.25980E+01  8.14555E-02   5.96680E+01  8.34220E-02   6.62761E+01  8.58033E-02   7.23978E+01  8.84454E-02   7.80511E+01  9.12270E-02   8.32728E+01  9.40422E-02   8.81119E+01  9.68127E-02   9.26211E+01  9.94791E-02   9.68468E+01  1.01994E-01   1.00836E+02  1.04329E-01   1.04627E+02  1.06460E-01   1.08253E+02  1.08375E-01   1.11746E+02  1.10067E-01   1.15130E+02  1.11538E-01   1.18426E+02  1.12788E-01   1.21652E+02  1.13828E-01   1.24824E+02  1.14663E-01   1.27951E+02  1.15295E-01   1.31045E+02  1.15749E-01   1.34118E+02  1.16032E-01   1.37174E+02 
 0.00000E+00   0.00000E+00  0.00000E+00   0.00000E+00  0.00000E+00   0.00000E+00  0.00000E+00   0.00000E+00  0.00000E+00   0.00000E+00  0.00000E+00   0.00000E+00  0.00000E+00   0.00000E+00  0.00000E+00   0.00000E+00  0.00000E+00   0.00000E+00  0.00000E+00   0.00000E+00  0.00000E+00   0.00000E+00  0.00000E+00   0.00000E+00  0.00000E+00   0.00000E+00  0.00000E+00   0.00000E+00  0.00000E+00   0.00000E+00  0.00000E+00   0.00000E+00  0.00000E+00   0.00000E+00  0.00000E+00   0.00000E+00  0.00000E+00   0.00000E+00  0.00000E+00   0.00000E+00  0.00000E+00   0.00000E+00  0.00000E+00   0.00000E+00  0.00000E+00   0.00000E+00  0.00000E+00   0.00000E+00  0.00000E+00   0.00000E+00  0.00000E+00   0.00000E+00  0.00000E+00   0.00000E+00  0.00000E+00   0.00000E+00  0.00000E+00   0.00000E+00  0.00000E+00   0.00000E+00  0.00000E+00   0.00000E+00  0.00000E+00   0.00000E+00  0.00000E+00   0.00000E+00  0.00000E+00   0.00000E+00  0.00000E+00   0.00000E+00  0.00000E+00   0.00000E+00  0.00000E+00   0.00000E+00  0.00000E+00   0.00000E+00  8.74453E-02   3.25991E+02  1.74362E-01   3.26111E+02  1.72785E-01   3.26474E+02  1.70194E-01   3.27085E+02  1.66641E-01   3.27954E+02  1.62201E-01   3.29093E+02  1.56963E-01   3.30522E+02  1.51038E-01   3.32262E+02  1.44548E-01   3.34343E+02  1.37630E-01   3.36797E+02  1.30432E-01   3.39666E+02  1.23112E-01   3.42992E+02  1.15838E-01   3.46826E+02  1.08781E-01   3.51215E+02  1.02122E-01   3.56202E+02  9.60337E-02   1.81487E+00  9.06888E-02   8.05212E+00  8.62321E-02   1.48690E+01  8.27821E-02   2.21665E+01  8.03993E-02   2.97922E+01  7.90889E-02   3.75519E+01  7.87880E-02   4.52434E+01  7.93817E-02   5.26877E+01  8.07187E-02   5.97515E+01  8.26314E-02   6.63625E+01  8.49604E-02   7.24935E+01  8.75545E-02   7.81603E+01  9.02938E-02   8.33979E+01  9.30732E-02   8.82536E+01  9.58149E-02   9.27798E+01  9.84591E-02   9.70215E+01  1.00958E-01   1.01026E+02  1.03283E-01   1.04830E+02  1.05409E-01   1.08468E+02  1.07323E-01   1.11973E+02  1.09020E-01   1.15368E+02  1.10498E-01   1.18673E+02  1.11759E-01   1.21907E+02  1.12814E-01   1.25087E+02  1.13664E-01   1.28220E+02  1.14314E-01   1.31320E+02  1.14789E-01   1.34398E+02  1.15093E-01   1.37459E+02 
 0.00000E+00   0.00000E+00  0.00000E+00   0.00000E+00  0.00000E+00   0.00000E+00  0.00000E+00   0.00000E+00  0.00000E+00   0.00000E+00  0.00000E+00   0.00000E+00  0.00000E+00   0.00000E+00  0.00000E+00   0.00000E+00  0.00000E+00   0.00000E+00  0.00000E+00   0.00000E+00  0.00000E+00   0.00000E+00  0.00000E+00   0.00000E+00  0.00000E+00   0.00000E+00  0.00000E+00   0.00000E+00  0.00000E+00   0.00000E+00  0.00000E+00   0.00000E+00  0.00000E+00   0.00000E+00  0.00000E+00   0.00000E+00  0.00000E+00   0.00000E+00  0.00000E+00   0.00000E+00  0.00000E+00   0.00000E+00  0.00000E+00   0.00000E+00  0.00000E+00   0.00000E+00  0.00000E+00   0.00000E+00  0.00000E+00   0.00000E+00  0.00000E+00   0.00000E+00  0.00000E+00   0.00000E+00  0.00000E+00   0.00000E+00  0.00000E+00   0.00000E+00  0.00000E+00   0.00000E+00  0.00000E+00   0.00000E+00  0.00000E+00   0.00000E+00  0.00000E+00   0.00000E+00  0.00000E+00   0.00000E+00  0.00000E+00   0.00000E+00  0.00000E+00   0.00000E+00  0.00000E+00   0.00000E+00  0.00000E+00   0.00000E+00  8.61342E-02   3.26593E+02  1.71752E-01   3.26714E+02  1.70215E-01   3.27076E+02  1.67688E-01   3.27686E+02  1.64222E-01   3.28553E+02  1.59890E-01   3.29690E+02  1.54779E-01   3.31115E+02  1.48996E-01   3.32850E+02  1.42659E-01   3.34924E+02  1.35901E-01   3.37370E+02  1.28866E-01   3.40226E+02  1.21709E-01   3.43536E+02  1.14591E-01   3.47348E+02  1.07681E-01   3.51710E+02  1.01153E-01   3.56663E+02  9.51774E-02   2.23367E+00  8.99209E-02   8.42229E+00  8.55260E-02   1.51854E+01  8.21101E-02   2.24279E+01  7.97329E-02   3.00010E+01  7.84048E-02   3.77162E+01  7.80656E-02   4.53745E+01  7.86078E-02   5.27983E+01  7.98861E-02   5.98543E+01  8.17374E-02   6.64676E+01  8.40074E-02   7.26084E+01  8.65470E-02   7.82905E+01  8.92387E-02   8.35456E+01  9.19777E-02   8.84205E+01  9.46866E-02   9.29651E+01  9.73054E-02   9.72244E+01  9.97858E-02   1.01246E+02  1.02098E-01   1.05065E+02  1.04217E-01   1.08718E+02  1.06131E-01   1.12236E+02  1.07831E-01   1.15642E+02  1.09317E-01   1.18958E+02  1.10591E-01   1.22202E+02  1.11660E-01   1.25390E+02  1.12528E-01   1.28530E+02  1.13198E-01   1.31638E+02  1.13695E-01   1.34721E+02  1.14023E-01   1.37787E+02 
 0.00000E+00   0.00000E+00  0.00000E+00   0.00000E+00  0.00000E+00   0.00000E+00  0.00000E+00   0.00000E+00  0.00000E+00   0.00000E+00  0.00000E+00   0.00000E+00  0.00000E+00   0.00000E+00  0.00000E+00   0.00000E+00  0.00000E+00   0.00000E+00  0.00000E+00   0.00000E+00  0.00000E+00   0.00000E+00  0.00000E+00   0.00000E+00  0.00000E+00   0.00000E+00  0.00000E+00   0.00000E+00  0.00000E+00   0.00000E+00  0.00000E+00   0.00000E+00  0.00000E+00   0.00000E+00  0.00000E+00   0.00000E+00  0.00000E+00   0.00000E+00  0.00000E+00   0.00000E+00  0.00000E+00   0.00000E+00  0.00000E+00   0.00000E+00  0.00000E+00   0.00000E+00  0.00000E+00   0.00000E+00  0.00000E+00   0.00000E+00  0.00000E+00   0.00000E+00  0.00000E+00   0.00000E+00  0.00000E+00   0.00000E+00  0.00000E+00   0.00000E+00  0.00000E+00   0.00000E+00  0.00000E+00   0.00000E+00  0.00000E+00   0.00000E+00  0.00000E+00   0.00000E+00  0.00000E+00   0.00000E+00  0.00000E+00   0.00000E+00  0.00000E+00   0.00000E+00  0.00000E+00   0.00000E+00  0.00000E+00   0.00000E+00  8.46876E-02   3.27275E+02  1.68874E-01   3.27395E+02  1.67379E-01   3.27757E+02  1.64922E-01   3.28366E+02  1.61551E-01   3.29231E+02  1.57337E-01   3.30365E+02  1.52365E-01   3.31786E+02  1.46736E-01   3.33516E+02  1.40566E-01   3.35583E+02  1.33984E-01   3.38018E+02  1.27128E-01   3.40860E+02  1.20149E-01   3.44152E+02  1.13203E-01   3.47941E+02  1.06455E-01   3.52272E+02  1.00071E-01   3.57187E+02  9.42192E-02   2.71186E+00  8.90608E-02   8.84652E+00  8.47351E-02   1.55501E+01  8.13573E-02   2.27307E+01  7.89887E-02   3.02455E+01  7.76414E-02   3.79103E+01  7.72620E-02   4.55311E+01  7.77490E-02   5.29316E+01  7.89631E-02   5.99779E+01  8.07483E-02   6.65932E+01  8.29531E-02   7.27443E+01  8.54328E-02   7.84424E+01  8.80712E-02   8.37169E+01  9.07642E-02   8.86122E+01  9.34363E-02   9.31777E+01  9.60256E-02   9.74572E+01  9.84845E-02   1.01497E+02  1.00783E-01   1.05334E+02  1.02894E-01   1.09002E+02  1.04806E-01   1.12535E+02  1.06509E-01   1.15954E+02  1.08004E-01   1.19282E+02  1.09290E-01   1.22537E+02  1.10376E-01   1.25734E+02  1.11262E-01   1.28882E+02  1.11955E-01   1.31997E+02  1.12478E-01   1.35088E+02  1.12830E-01   1.38160E+02 
 0.00000E+00   0.00000E+00  0.00000E+00   0.00000E+00  0.00000E+00   0.00000E+00  0.00000E+00   0.00000E+00  0.00000E+00   0.00000E+00  0.00000E+00   0.00000E+00  0.00000E+00   0.00000E+00  0.00000E+00   0.00000E+00  0.00000E+00   0.00000E+00  0.00000E+00   0.00000E+00  0.00000E+00   0.00000E+00  0.00000E+00   0.00000E+00  0.00000E+00   0.00000E+00  0.00000E+00   0.00000E+00  0.00000E+00   0.00000E+00  0.00000E+00   0.00000E+00  0.00000E+00   0.00000E+00  0.00000E+00   0.00000E+00  0.00000E+00   0.00000E+00  0.00000E+00   0.00000E+00  0.00000E+00   0.00000E+00  0.00000E+00   0.00000E+00  0.00000E+00   0.00000E+00  0.00000E+00   0.00000E+00  0.00000E+00   0.00000E+00  0.00000E+00   0.00000E+00  0.00000E+00   0.00000E+00  0.00000E+00   0.00000E+00  0.00000E+00   0.00000E+00  0.00000E+00   0.00000E+00  0.00000E+00   0.00000E+00  0.00000E+00   0.00000E+00  0.00000E+00   0.00000E+00  0.00000E+00   0.00000E+00  0.00000E+00   0.00000E+00  0.00000E+00   0.00000E+00  0.00000E+00   0.00000E+00  0.00000E+00   0.00000E+00  8.31180E-02   3.28036E+02  1.65750E-01   3.28156E+02  1.64301E-01   3.28516E+02  1.61918E-01   3.29124E+02  1.58651E-01   3.29987E+02  1.54563E-01   3.31118E+02  1.49739E-01   3.32535E+02  1.44277E-01   3.34259E+02  1.38286E-01   3.36317E+02  1.31893E-01   3.38741E+02  1.25230E-01   3.41568E+02  1.18443E-01   3.44840E+02  1.11682E-01   3.48603E+02  1.05108E-01   3.52901E+02  9.88809E-02   3.57775E+02  9.31638E-02   3.24922E+00  8.81123E-02   9.32562E+00  8.38631E-02   1.59646E+01  8.05290E-02   2.30785E+01  7.81710E-02   3.05294E+01  7.68063E-02   3.81389E+01  7.63844E-02   4.57178E+01  7.68130E-02   5.30909E+01  7.79581E-02   6.01255E+01  7.96708E-02   6.67414E+01  8.18050E-02   7.29026E+01  8.42186E-02   7.86182E+01  8.67989E-02   8.39128E+01  8.94420E-02   8.88311E+01  9.20733E-02   9.34188E+01  9.46301E-02   9.77193E+01  9.70647E-02   1.01780E+02  9.93459E-02   1.05635E+02  1.01448E-01   1.09322E+02  1.03356E-01   1.12871E+02  1.05063E-01   1.16304E+02  1.06566E-01   1.19645E+02  1.07866E-01   1.22912E+02  1.08968E-01   1.26119E+02  1.09874E-01   1.29277E+02  1.10591E-01   1.32400E+02  1.11140E-01   1.35498E+02  1.11519E-01   1.38576E+02 
 0.00000E+00   0.00000E+00  0.00000E+00   0.00000E+00  0.00000E+00   0.00000E+00  0.00000E+00   0.00000E+00  0.00000E+00   0.00000E+00  0.00000E+00   0.00000E+00  0.00000E+00   0.00000E+00  0.00000E+00   0.00000E+00  0.00000E+00   0.00000E+00  0.00000E+00   0.00000E+00  0.00000E+00   0.00000E+00  0.00000E+00   0.00000E+00  0.00000E+00   0.00000E+00  0.00000E+00   0.00000E+00  0.00000E+00   0.00000E+00  0.00000E+00   0.00000E+00  0.00000E+00   0.00000E+00  0.00000E+00   0.00000E+00  0.00000E+00   0.00000E+00  0.00000E+00   0.00000E+00  0.00000E+00   0.00000E+00  0.00000E+00   0.00000E+00  0.00000E+00   0.00000E+00  0.00000E+00   0.00000E+00  0.00000E+00   0.00000E+00  0.00000E+00   0.00000E+00  0.00000E+00   0.00000E+00  0.00000E+00   0.00000E+00  0.00000E+00   0.00000E+00  0.00000E+00   0.00000E+00  0.00000E+00   0.00000E+00  0.00000E+00   0.00000E+00  0.00000E+00   0.00000E+00  0.00000E+00   0.00000E+00  0.00000E+00   0.00000E+00  0.00000E+00   0.00000E+00  0.00000E+00   0.00000E+00  0.00000E+00   0.00000E+00  8.14391E-02   3.28875E+02  1.62408E-01   3.28994E+02  1.61008E-01   3.29354E+02  1.58704E-01   3.29960E+02  1.55545E-01   3.30821E+02  1.51592E-01   3.31949E+02  1.46924E-01   3.33361E+02  1.41637E-01   3.35078E+02  1.35837E-01   3.37127E+02  1.29643E-01   3.39539E+02  1.23185E-01   3.42350E+02  1.16601E-01   3.45601E+02  1.10038E-01   3.49336E+02  1.03649E-01   3.53598E+02  9.75889E-02   3.58428E+02  9.20157E-02   3.84866E+00  8.70794E-02   9.86229E+00  8.29132E-02   1.64318E+01  7.96269E-02   2.34734E+01  7.72830E-02   3.08549E+01  7.59007E-02   3.84039E+01  7.54359E-02   4.59360E+01  7.58034E-02   5.32789E+01  7.68764E-02   6.02995E+01  7.85134E-02   6.69150E+01  8.05722E-02   7.30868E+01  8.29160E-02   7.88194E+01  8.54332E-02   8.41358E+01  8.80216E-02   8.90775E+01  9.06078E-02   9.36888E+01  9.31281E-02   9.80131E+01  9.55356E-02   1.02095E+02  9.77981E-02   1.05971E+02  9.98882E-02   1.09677E+02  1.01793E-01   1.13243E+02  1.03502E-01   1.16692E+02  1.05013E-01   1.20047E+02  1.06326E-01   1.23327E+02  1.07445E-01   1.26545E+02  1.08371E-01   1.29713E+02  1.09113E-01   1.32845E+02  1.09691E-01   1.35951E+02  1.10099E-01   1.39036E+02 
 0.00000E+00   0.00000E+00  0.00000E+00   0.00000E+00  0.00000E+00   0.00000E+00  0.00000E+00   0.00000E+00  0.00000E+00   0.00000E+00  0.00000E+00   0.00000E+00  0.00000E+00   0.00000E+00  0.00000E+00   0.00000E+00  0.00000E+00   0.00000E+00  0.00000E+00   0.00000E+00  0.00000E+00   0.00000E+00  0.00000E+00   0.00000E+00  0.00000E+00   0.00000E+00  0.00000E+00   0.00000E+00  0.00000E+00   0.00000E+00  0.00000E+00   0.00000E+00  0.00000E+00   0.00000E+00  0.00000E+00   0.00000E+00  0.00000E+00   0.00000E+00  0.00000E+00   0.00000E+00  0.00000E+00   0.00000E+00  0.00000E+00   0.00000E+00  0.00000E+00   0.00000E+00  0.00000E+00   0.00000E+00  0.00000E+00   0.00000E+00  0.00000E+00   0.00000E+00  0.00000E+00   0.00000E+00  0.00000E+00   0.00000E+00  0.00000E+00   0.00000E+00  0.00000E+00   0.00000E+00  0.00000E+00   0.00000E+00  0.00000E+00   0.00000E+00  0.00000E+00   0.00000E+00  0.00000E+00   0.00000E+00  0.00000E+00   0.00000E+00  0.00000E+00   0.00000E+00  0.00000E+00   0.00000E+00  0.00000E+00   0.00000E+00  7.96643E-02   3.29791E+02  1.58875E-01   3.29910E+02  1.57525E-01   3.30270E+02  1.55304E-01   3.30874E+02  1.52257E-01   3.31732E+02  1.48444E-01   3.32856E+02  1.43941E-01   3.34263E+02  1.38837E-01   3.35973E+02  1.33236E-01   3.38013E+02  1.27251E-01   3.40411E+02  1.21007E-01   3.43205E+02  1.14636E-01   3.46433E+02  1.08280E-01   3.50137E+02  1.02085E-01   3.54362E+02  9.62015E-02   3.59144E+02  9.07806E-02   4.50834E+00  8.59668E-02   1.04559E+01  8.18898E-02   1.69519E+01  7.86566E-02   2.39171E+01  7.63299E-02   3.12250E+01  7.49326E-02   3.87089E+01  7.44248E-02   4.61906E+01  7.47302E-02   5.34991E+01  7.57277E-02   6.05030E+01  7.72845E-02   6.71165E+01  7.92633E-02   7.32973E+01  8.15319E-02   7.90484E+01  8.39819E-02   8.43865E+01  8.65119E-02   8.93535E+01  8.90499E-02   9.39900E+01  9.15308E-02   9.83382E+01  9.39082E-02   1.02444E+02  9.61490E-02   1.06341E+02  9.82254E-02   1.10068E+02  1.00124E-01   1.13654E+02  1.01835E-01   1.17119E+02  1.03353E-01   1.20489E+02  1.04679E-01   1.23783E+02  1.05816E-01   1.27012E+02  1.06763E-01   1.30191E+02  1.07532E-01   1.33334E+02  1.08137E-01   1.36448E+02  1.08574E-01   1.39540E+02 
 0.00000E+00   0.00000E+00  0.00000E+00   0.00000E+00  0.00000E+00   0.00000E+00  0.00000E+00   0.00000E+00  0.00000E+00   0.00000E+00  0.00000E+00   0.00000E+00  0.00000E+00   0.00000E+00  0.00000E+00   0.00000E+00  0.00000E+00   0.00000E+00  0.00000E+00   0.00000E+00  0.00000E+00   0.00000E+00  0.00000E+00   0.00000E+00  0.00000E+00   0.00000E+00  0.00000E+00   0.00000E+00  0.00000E+00   0.00000E+00  0.00000E+00   0.00000E+00  0.00000E+00   0.00000E+00  0.00000E+00   0.00000E+00  0.00000E+00   0.00000E+00  0.00000E+00   0.00000E+00  0.00000E+00   0.00000E+00  0.00000E+00   0.00000E+00  0.00000E+00   0.00000E+00  0.00000E+00   0.00000E+00  0.00000E+00   0.00000E+00  0.00000E+00   0.00000E+00  0.00000E+00   0.00000E+00  0.00000E+00   0.00000E+00  0.00000E+00   0.00000E+00  0.00000E+00   0.00000E+00  0.00000E+00   0.00000E+00  0.00000E+00   0.00000E+00  0.00000E+00   0.00000E+00  0.00000E+00   0.00000E+00  0.00000E+00   0.00000E+00  0.00000E+00   0.00000E+00  0.00000E+00   0.00000E+00  0.00000E+00   0.00000E+00  7.78073E-02   3.30784E+02  1.55179E-01   3.30903E+02  1.53880E-01   3.31261E+02  1.51745E-01   3.31864E+02  1.48814E-01   3.32719E+02  1.45145E-01   3.33839E+02  1.40811E-01   3.35241E+02  1.35897E-01   3.36943E+02  1.30501E-01   3.38972E+02  1.24732E-01   3.41357E+02  1.18709E-01   3.44132E+02  1.12560E-01   3.47336E+02  1.06418E-01   3.51010E+02  1.00426E-01   3.55195E+02  9.47259E-02   3.59928E+02  8.94645E-02   5.23258E+00  8.47795E-02   1.11106E+01  8.07977E-02   1.75294E+01  7.76216E-02   2.44138E+01  7.53160E-02   3.16426E+01  7.39045E-02   3.90570E+01  7.33544E-02   4.64832E+01  7.35964E-02   5.37539E+01  7.45167E-02   6.07387E+01  7.59915E-02   6.73478E+01  7.78873E-02   7.35383E+01  8.00784E-02   7.93064E+01  8.24571E-02   8.46673E+01  8.49250E-02   8.96599E+01  8.74104E-02   9.43215E+01  8.98478E-02   9.86963E+01  9.21922E-02   1.02827E+02  9.44090E-02   1.06747E+02  9.64702E-02   1.10497E+02  9.83618E-02   1.14101E+02  1.00072E-01   1.17584E+02  1.01598E-01   1.20972E+02  1.02936E-01   1.24280E+02  1.04089E-01   1.27522E+02  1.05057E-01   1.30712E+02  1.05853E-01   1.33865E+02  1.06488E-01   1.36988E+02  1.06956E-01   1.40089E+02 
 0.00000E+00   0.00000E+00  0.00000E+00   0.00000E+00  0.00000E+00   0.00000E+00  0.00000E+00   0.00000E+00  0.00000E+00   0.00000E+00  0.00000E+00   0.00000E+00  0.00000E+00   0.00000E+00  0.00000E+00   0.00000E+00  0.00000E+00   0.00000E+00  0.00000E+00   0.00000E+00  0.00000E+00   0.00000E+00  0.00000E+00   0.00000E+00  0.00000E+00   0.00000E+00  0.00000E+00   0.00000E+00  0.00000E+00   0.00000E+00  0.00000E+00   0.00000E+00  0.00000E+00   0.00000E+00  0.00000E+00   0.00000E+00  0.00000E+00   0.00000E+00  0.00000E+00   0.00000E+00  0.00000E+00   0.00000E+00  0.00000E+00   0.00000E+00  0.00000E+00   0.00000E+00  0.00000E+00   0.00000E+00  0.00000E+00   0.00000E+00  0.00000E+00   0.00000E+00  0.00000E+00   0.00000E+00  0.00000E+00   0.00000E+00  0.00000E+00   0.00000E+00  0.00000E+00   0.00000E+00  0.00000E+00   0.00000E+00  0.00000E+00   0.00000E+00  0.00000E+00   0.00000E+00  0.00000E+00   0.00000E+00  0.00000E+00   0.00000E+00  0.00000E+00   0.00000E+00  0.00000E+00   0.00000E+00  0.00000E+00   0.00000E+00  7.58814E-02   3.31855E+02  1.51345E-01   3.31973E+02  1.50099E-01   3.32330E+02  1.48051E-01   3.32931E+02  1.45238E-01   3.33783E+02  1.41717E-01   3.34899E+02  1.37555E-01   3.36294E+02  1.32835E-01   3.37989E+02  1.27649E-01   3.40007E+02  1.22102E-01   3.42377E+02  1.16306E-01   3.45132E+02  1.10383E-01   3.48310E+02  1.04462E-01   3.51951E+02  9.86787E-02   3.56095E+02  9.31682E-02   7.76221E-01  8.80718E-02   6.01857E+00  8.35214E-02   1.18243E+01  7.96395E-02   1.81628E+01  7.65258E-02   2.49630E+01  7.42445E-02   3.21099E+01  7.28228E-02   3.94507E+01  7.22321E-02   4.68182E+01  7.24111E-02   5.40478E+01  7.32538E-02   6.10101E+01  7.46437E-02   6.76135E+01  7.64535E-02   7.38110E+01  7.85627E-02   7.95963E+01  8.08666E-02   8.49797E+01  8.32690E-02   8.99983E+01  8.56989E-02   9.46872E+01  8.80905E-02   9.90882E+01  9.03994E-02   1.03244E+02  9.25891E-02   1.07189E+02  9.46323E-02   1.10961E+02  9.65151E-02   1.14587E+02  9.82243E-02   1.18090E+02  9.97550E-02   1.21494E+02  1.01105E-01   1.24817E+02  1.02275E-01   1.28072E+02  1.03264E-01   1.31275E+02  1.04088E-01   1.34440E+02  1.04751E-01   1.37573E+02  1.05248E-01   1.40681E+02 
 0.00000E+00   0.00000E+00  0.00000E+00   0.00000E+00  0.00000E+00   0.00000E+00  0.00000E+00   0.00000E+00  0.00000E+00   0.00000E+00  0.00000E+00   0.00000E+00  0.00000E+00   0.00000E+00  0.00000E+00   0.00000E+00  0.00000E+00   0.00000E+00  0.00000E+00   0.00000E+00  0.00000E+00   0.00000E+00  0.00000E+00   0.00000E+00  0.00000E+00   0.00000E+00  0.00000E+00   0.00000E+00  0.00000E+00   0.00000E+00  0.00000E+00   0.00000E+00  0.00000E+00   0.00000E+00  0.00000E+00   0.00000E+00  0.00000E+00   0.00000E+00  0.00000E+00   0.00000E+00  0.00000E+00   0.00000E+00  0.00000E+00   0.00000E+00  0.00000E+00   0.00000E+00  0.00000E+00   0.00000E+00  0.00000E+00   0.00000E+00  0.00000E+00   0.00000E+00  0.00000E+00   0.00000E+00  0.00000E+00   0.00000E+00  0.00000E+00   0.00000E+00  0.00000E+00   0.00000E+00  0.00000E+00   0.00000E+00  0.00000E+00   0.00000E+00  0.00000E+00   0.00000E+00  0.00000E+00   0.00000E+00  0.00000E+00   0.00000E+00  0.00000E+00   0.00000E+00  0.00000E+00   0.00000E+00  0.00000E+00   0.00000E+00  7.38999E-02   3.33000E+02  1.47400E-01   3.33118E+02  1.46208E-01   3.33474E+02  1.44247E-01   3.34072E+02  1.41555E-01   3.34921E+02  1.38183E-01   3.36033E+02  1.34196E-01   3.37422E+02  1.29672E-01   3.39107E+02  1.24700E-01   3.41113E+02  1.19377E-01   3.43468E+02  1.13812E-01   3.46203E+02  1.08120E-01   3.49355E+02  1.02424E-01   3.52962E+02  9.68536E-02   3.57063E+02  9.15376E-02   1.69169E+00  8.66113E-02   6.87030E+00  8.22000E-02   1.26017E+01  7.84232E-02   1.88572E+01  7.53751E-02   2.55702E+01  7.31226E-02   3.26307E+01  7.16920E-02   3.98940E+01  7.10622E-02   4.71980E+01  7.11789E-02   5.43822E+01  7.19424E-02   6.13197E+01  7.32471E-02   6.79140E+01  7.49692E-02   7.41187E+01  7.69954E-02   7.99197E+01  7.92221E-02   8.53255E+01  8.15560E-02   9.03708E+01  8.39271E-02   9.50855E+01  8.62687E-02   9.95149E+01  8.85389E-02   1.03698E+02  9.06992E-02   1.07668E+02  9.27232E-02   1.11465E+02  9.45952E-02   1.15112E+02  9.63007E-02   1.18634E+02  9.78362E-02   1.22057E+02  9.91961E-02   1.25396E+02  1.00381E-01   1.28665E+02  1.01393E-01   1.31882E+02  1.02242E-01   1.35058E+02  1.02934E-01   1.38200E+02  1.03462E-01   1.41317E+02 
 0.00000E+00   0.00000E+00  0.00000E+00   0.00000E+00  0.00000E+00   0.00000E+00  0.00000E+00   0.00000E+00  0.00000E+00   0.00000E+00  0.00000E+00   0.00000E+00  0.00000E+00   0.00000E+00  0.00000E+00   0.00000E+00  0.00000E+00   0.00000E+00  0.00000E+00   0.00000E+00  0.00000E+00   0.00000E+00  0.00000E+00   0.00000E+00  0.00000E+00   0.00000E+00  0.00000E+00   0.00000E+00  0.00000E+00   0.00000E+00  0.00000E+00   0.00000E+00  0.00000E+00   0.00000E+00  0.00000E+00   0.00000E+00  0.00000E+00   0.00000E+00  0.00000E+00   0.00000E+00  0.00000E+00   0.00000E+00  0.00000E+00   0.00000E+00  0.00000E+00   0.00000E+00  0.00000E+00   0.00000E+00  0.00000E+00   0.00000E+00  0.00000E+00   0.00000E+00  0.00000E+00   0.00000E+00  0.00000E+00   0.00000E+00  0.00000E+00   0.00000E+00  0.00000E+00   0.00000E+00  0.00000E+00   0.00000E+00  0.00000E+00   0.00000E+00  0.00000E+00   0.00000E+00  0.00000E+00   0.00000E+00  0.00000E+00   0.00000E+00  0.00000E+00   0.00000E+00  0.00000E+00   0.00000E+00  0.00000E+00   0.00000E+00  7.18755E-02   3.34221E+02  1.43369E-01   3.34338E+02  1.42231E-01   3.34693E+02  1.40358E-01   3.35289E+02  1.37786E-01   3.36135E+02  1.34564E-01   3.37241E+02  1.30753E-01   3.38624E+02  1.26427E-01   3.40300E+02  1.21669E-01   3.42294E+02  1.16572E-01   3.44633E+02  1.11240E-01   3.47347E+02  1.05782E-01   3.50471E+02  1.00314E-01   3.54043E+02  9.49583E-02   3.58100E+02  8.98401E-02   2.67328E+00  8.50867E-02   7.78610E+00  8.08187E-02   1.34406E+01  7.71500E-02   1.96108E+01  7.41724E-02   2.62336E+01  7.19518E-02   3.32052E+01  7.05164E-02   4.03881E+01  6.98512E-02   4.76256E+01  6.99070E-02   5.47622E+01  7.05940E-02   6.16711E+01  7.18124E-02   6.82547E+01  7.34456E-02   7.44636E+01  7.53858E-02   8.02789E+01  7.75317E-02   8.57066E+01  7.97946E-02   9.07773E+01  8.21033E-02   9.55201E+01  8.43934E-02   9.99777E+01  8.66226E-02   1.04188E+02  8.87508E-02   1.08185E+02  9.07522E-02   1.12006E+02  9.26110E-02   1.15675E+02  9.43123E-02   1.19219E+02  9.58499E-02   1.22661E+02  9.72193E-02   1.26016E+02  9.84190E-02   1.29300E+02  9.94504E-02   1.32530E+02  1.00328E-01   1.35719E+02  1.01047E-01   1.38872E+02  1.01604E-01   1.41998E+02 
 0.00000E+00   0.00000E+00  0.00000E+00   0.00000E+00  0.00000E+00   0.00000E+00  0.00000E+00   0.00000E+00  0.00000E+00   0.00000E+00  0.00000E+00   0.00000E+00  0.00000E+00   0.00000E+00  0.00000E+00   0.00000E+00  0.00000E+00   0.00000E+00  0.00000E+00   0.00000E+00  0.00000E+00   0.00000E+00  0.00000E+00   0.00000E+00  0.00000E+00   0.00000E+00  0.00000E+00   0.00000E+00  0.00000E+00   0.00000E+00  0.00000E+00   0.00000E+00  0.00000E+00   0.00000E+00  0.00000E+00   0.00000E+00  0.00000E+00   0.00000E+00  0.00000E+00   0.00000E+00  0.00000E+00   0.00000E+00  0.00000E+00   0.00000E+00  0.00000E+00   0.00000E+00  0.00000E+00   0.00000E+00  0.00000E+00   0.00000E+00  0.00000E+00   0.00000E+00  0.00000E+00   0.00000E+00  0.00000E+00   0.00000E+00  0.00000E+00   0.00000E+00  0.00000E+00   0.00000E+00  0.00000E+00   0.00000E+00  0.00000E+00   0.00000E+00  0.00000E+00   0.00000E+00  0.00000E+00   0.00000E+00  0.00000E+00   0.00000E+00  0.00000E+00   0.00000E+00  0.00000E+00   0.00000E+00  0.00000E+00   0.00000E+00  6.98200E-02   3.35514E+02  1.39276E-01   3.35631E+02  1.38192E-01   3.35985E+02  1.36407E-01   3.36578E+02  1.33955E-01   3.37421E+02  1.30882E-01   3.38522E+02  1.27247E-01   3.39897E+02  1.23118E-01   3.41564E+02  1.18574E-01   3.43545E+02  1.13704E-01   3.45867E+02  1.08605E-01   3.48559E+02  1.03380E-01   3.51655E+02  9.81409E-02   3.55191E+02  9.30029E-02   3.59203E+02  8.80842E-02   3.72115E+00  8.35070E-02   8.76732E+00  7.93848E-02   1.43443E+01  7.58285E-02   2.04277E+01  7.29244E-02   2.69588E+01  7.07397E-02   3.38389E+01  6.93028E-02   4.09378E+01  6.86037E-02   4.81051E+01  6.86007E-02   5.51896E+01  6.92105E-02   6.20667E+01  7.03430E-02   6.86363E+01  7.18867E-02   7.48479E+01  7.37404E-02   8.06761E+01  7.58053E-02   8.61248E+01  7.79951E-02   9.12216E+01  8.02394E-02   9.59907E+01  8.24745E-02   1.00477E+02  8.46594E-02   1.04716E+02  8.67524E-02   1.08740E+02  8.87307E-02   1.12587E+02  9.05749E-02   1.16280E+02  9.22686E-02   1.19844E+02  9.38075E-02   1.23305E+02  9.51837E-02   1.26677E+02  9.63964E-02   1.29978E+02  9.74500E-02   1.33224E+02  9.83512E-02   1.36424E+02  9.90946E-02   1.39586E+02  9.96833E-02   1.42722E+02 
 0.00000E+00   0.00000E+00  0.00000E+00   0.00000E+00  0.00000E+00   0.00000E+00  0.00000E+00   0.00000E+00  0.00000E+00   0.00000E+00  0.00000E+00   0.00000E+00  0.00000E+00   0.00000E+00  0.00000E+00   0.00000E+00  0.00000E+00   0.00000E+00  0.00000E+00   0.00000E+00  0.00000E+00   0.00000E+00  0.00000E+00   0.00000E+00  0.00000E+00   0.00000E+00  0.00000E+00   0.00000E+00  0.00000E+00   0.00000E+00  0.00000E+00   0.00000E+00  0.00000E+00   0.00000E+00  0.00000E+00   0.00000E+00  0.00000E+00   0.00000E+00  0.00000E+00   0.00000E+00  0.00000E+00   0.00000E+00  0.00000E+00   0.00000E+00  0.00000E+00   0.00000E+00  0.00000E+00   0.00000E+00  0.00000E+00   0.00000E+00  0.00000E+00   0.00000E+00  0.00000E+00   0.00000E+00  0.00000E+00   0.00000E+00  0.00000E+00   0.00000E+00  0.00000E+00   0.00000E+00  0.00000E+00   0.00000E+00  0.00000E+00   0.00000E+00  0.00000E+00   0.00000E+00  0.00000E+00   0.00000E+00  0.00000E+00   0.00000E+00  0.00000E+00   0.00000E+00  0.00000E+00   0.00000E+00  0.00000E+00   0.00000E+00  6.77449E-02   3.36882E+02  1.35144E-01   3.36998E+02  1.34112E-01   3.37350E+02  1.32415E-01   3.37942E+02  1.30082E-01   3.38780E+02  1.27157E-01   3.39876E+02  1.23696E-01   3.41244E+02  1.19763E-01   3.42901E+02  1.15432E-01   3.44870E+02  1.10787E-01   3.47174E+02  1.05920E-01   3.49844E+02  1.00928E-01   3.52911E+02  9.59173E-02   3.56410E+02  9.09964E-02   3.75859E-01  8.62784E-02   4.83695E+00  8.18774E-02   9.81500E+00  7.79037E-02   1.53123E+01  7.44610E-02   2.13070E+01  7.16336E-02   2.77438E+01  6.94882E-02   3.45299E+01  6.80523E-02   4.15429E+01  6.73245E-02   4.86367E+01  6.72650E-02   5.56675E+01  6.78019E-02   6.25096E+01  6.88500E-02   6.90630E+01  7.03048E-02   7.52748E+01  7.20712E-02   8.11129E+01  7.40516E-02   8.65822E+01  7.61658E-02   9.17023E+01  7.83424E-02   9.64994E+01  8.05210E-02   1.01016E+02  8.26595E-02   1.05282E+02  8.47163E-02   1.09336E+02  8.66681E-02   1.13208E+02  8.84937E-02   1.16922E+02  9.01792E-02   1.20511E+02  9.17170E-02   1.23992E+02  9.30989E-02   1.27381E+02  9.43250E-02   1.30699E+02  9.53965E-02   1.33959E+02  9.63208E-02   1.37171E+02  9.70901E-02   1.40346E+02  9.77091E-02   1.43491E+02 
 0.00000E+00   0.00000E+00  0.00000E+00   0.00000E+00  0.00000E+00   0.00000E+00  0.00000E+00   0.00000E+00  0.00000E+00   0.00000E+00  0.00000E+00   0.00000E+00  0.00000E+00   0.00000E+00  0.00000E+00   0.00000E+00  0.00000E+00   0.00000E+00  0.00000E+00   0.00000E+00  0.00000E+00   0.00000E+00  0.00000E+00   0.00000E+00  0.00000E+00   0.00000E+00  0.00000E+00   0.00000E+00  0.00000E+00   0.00000E+00  0.00000E+00   0.00000E+00  0.00000E+00   0.00000E+00  0.00000E+00   0.00000E+00  0.00000E+00   0.00000E+00  0.00000E+00   0.00000E+00  0.00000E+00   0.00000E+00  0.00000E+00   0.00000E+00  0.00000E+00   0.00000E+00  0.00000E+00   0.00000E+00  0.00000E+00   0.00000E+00  0.00000E+00   0.00000E+00  0.00000E+00   0.00000E+00  0.00000E+00   0.00000E+00  0.00000E+00   0.00000E+00  0.00000E+00   0.00000E+00  0.00000E+00   0.00000E+00  0.00000E+00   0.00000E+00  0.00000E+00   0.00000E+00  0.00000E+00   0.00000E+00  0.00000E+00   0.00000E+00  0.00000E+00   0.00000E+00  0.00000E+00   0.00000E+00  0.00000E+00   0.00000E+00  6.56607E-02   3.38321E+02  1.30993E-01   3.38437E+02  1.30014E-01   3.38787E+02  1.28401E-01   3.39376E+02  1.26186E-01   3.40211E+02  1.23407E-01   3.41301E+02  1.20117E-01   3.42661E+02  1.16377E-01   3.44308E+02  1.12256E-01   3.46262E+02  1.07834E-01   3.48549E+02  1.03196E-01   3.51195E+02  9.84356E-02   3.54233E+02  9.36512E-02   3.57695E+02  8.89467E-02   1.61369E+00  8.44284E-02   6.01770E+00  8.02051E-02   1.09271E+01  7.63805E-02   1.63448E+01  7.30543E-02   2.22508E+01  7.03073E-02   2.85929E+01  6.82041E-02   3.52845E+01  6.67746E-02   4.22091E+01  6.60202E-02   4.92272E+01  6.59079E-02   5.62000E+01  6.63727E-02   6.30032E+01  6.73368E-02   6.95368E+01  6.87031E-02   7.57451E+01  7.03809E-02   8.15921E+01  7.22779E-02   8.70795E+01  7.43157E-02   9.22237E+01  7.64234E-02   9.70483E+01  7.85435E-02   1.01594E+02  8.06326E-02   1.05889E+02  8.26495E-02   1.09970E+02  8.45729E-02   1.13868E+02  8.63800E-02   1.17609E+02  8.80544E-02   1.21219E+02  8.95887E-02   1.24720E+02  9.09744E-02   1.28127E+02  9.22104E-02   1.31461E+02  9.33012E-02   1.34738E+02  9.42468E-02   1.37964E+02  9.50372E-02   1.41148E+02  9.56862E-02   1.44304E+02 
 0.00000E+00   0.00000E+00  0.00000E+00   0.00000E+00  0.00000E+00   0.00000E+00  0.00000E+00   0.00000E+00  0.00000E+00   0.00000E+00  0.00000E+00   0.00000E+00  0.00000E+00   0.00000E+00  0.00000E+00   0.00000E+00  0.00000E+00   0.00000E+00  0.00000E+00   0.00000E+00  0.00000E+00   0.00000E+00  0.00000E+00   0.00000E+00  0.00000E+00   0.00000E+00  0.00000E+00   0.00000E+00  0.00000E+00   0.00000E+00  0.00000E+00   0.00000E+00  0.00000E+00   0.00000E+00  0.00000E+00   0.00000E+00  0.00000E+00   0.00000E+00  0.00000E+00   0.00000E+00  0.00000E+00   0.00000E+00  0.00000E+00   0.00000E+00  0.00000E+00   0.00000E+00  0.00000E+00   0.00000E+00  0.00000E+00   0.00000E+00  0.00000E+00   0.00000E+00  0.00000E+00   0.00000E+00  0.00000E+00   0.00000E+00  0.00000E+00   0.00000E+00  0.00000E+00   0.00000E+00  0.00000E+00   0.00000E+00  0.00000E+00   0.00000E+00  0.00000E+00   0.00000E+00  0.00000E+00   0.00000E+00  0.00000E+00   0.00000E+00  0.00000E+00   0.00000E+00  0.00000E+00   0.00000E+00  0.00000E+00   0.00000E+00  6.35768E-02   3.39831E+02  1.26842E-01   3.39946E+02  1.25914E-01   3.40295E+02  1.24386E-01   3.40881E+02  1.22285E-01   3.41712E+02  1.19650E-01   3.42796E+02  1.16528E-01   3.44149E+02  1.12977E-01   3.45785E+02  1.09063E-01   3.47726E+02  1.04860E-01   3.49994E+02  1.00448E-01   3.52617E+02  9.59152E-02   3.55625E+02  9.13550E-02   3.59049E+02  8.68642E-02   2.92095E+00  8.25447E-02   7.26708E+00  7.84975E-02   1.21073E+01  7.48224E-02   1.74442E+01  7.16133E-02   2.32600E+01  6.89475E-02   2.95057E+01  6.68896E-02   3.61004E+01  6.54683E-02   4.29344E+01  6.46919E-02   4.98741E+01  6.45295E-02   5.67869E+01  6.49269E-02   6.35481E+01  6.58107E-02   7.00598E+01  6.70906E-02   7.62624E+01  6.86818E-02   8.21148E+01  7.04936E-02   8.76202E+01  7.24529E-02   9.27854E+01  7.44891E-02   9.76371E+01  7.65484E-02   1.02213E+02  7.85865E-02   1.06535E+02  8.05632E-02   1.10646E+02  8.24571E-02   1.14571E+02  8.42404E-02   1.18334E+02  8.59014E-02   1.21969E+02  8.74310E-02   1.25489E+02  8.88181E-02   1.28916E+02  9.00660E-02   1.32269E+02  9.11720E-02   1.35560E+02  9.21334E-02   1.38797E+02  9.29476E-02   1.41994E+02  9.36283E-02   1.45162E+02 
 0.00000E+00   0.00000E+00  0.00000E+00   0.00000E+00  0.00000E+00   0.00000E+00  0.00000E+00   0.00000E+00  0.00000E+00   0.00000E+00  0.00000E+00   0.00000E+00  0.00000E+00   0.00000E+00  0.00000E+00   0.00000E+00  0.00000E+00   0.00000E+00  0.00000E+00   0.00000E+00  0.00000E+00   0.00000E+00  0.00000E+00   0.00000E+00  0.00000E+00   0.00000E+00  0.00000E+00   0.00000E+00  0.00000E+00   0.00000E+00  0.00000E+00   0.00000E+00  0.00000E+00   0.00000E+00  0.00000E+00   0.00000E+00  0.00000E+00   0.00000E+00  0.00000E+00   0.00000E+00  0.00000E+00   0.00000E+00  0.00000E+00   0.00000E+00  0.00000E+00   0.00000E+00  0.00000E+00   0.00000E+00  0.00000E+00   0.00000E+00  0.00000E+00   0.00000E+00  0.00000E+00   0.00000E+00  0.00000E+00   0.00000E+00  0.00000E+00   0.00000E+00  0.00000E+00   0.00000E+00  0.00000E+00   0.00000E+00  0.00000E+00   0.00000E+00  0.00000E+00   0.00000E+00  0.00000E+00   0.00000E+00  0.00000E+00   0.00000E+00  0.00000E+00   0.00000E+00  0.00000E+00   0.00000E+00  0.00000E+00   0.00000E+00  6.15026E-02   3.41412E+02  1.22711E-01   3.41527E+02  1.21832E-01   3.41875E+02  1.20386E-01   3.42458E+02  1.18397E-01   3.43284E+02  1.15901E-01   3.44362E+02  1.12943E-01   3.45706E+02  1.09577E-01   3.47331E+02  1.05865E-01   3.49258E+02  1.01876E-01   3.51507E+02  9.76852E-02   3.54107E+02  9.33759E-02   3.57083E+02  8.90351E-02   4.69045E-01  8.47554E-02   4.29253E+00  8.06313E-02   8.58034E+00  7.67589E-02   1.33508E+01  7.32332E-02   1.86072E+01  7.01414E-02   2.43334E+01  6.75605E-02   3.04830E+01  6.55504E-02   3.69817E+01  6.41430E-02   4.37244E+01  6.33487E-02   5.05843E+01  6.31414E-02   5.74339E+01  6.34743E-02   6.41493E+01  6.42787E-02   7.06353E+01  6.54731E-02   7.68269E+01  6.69758E-02   8.26836E+01  6.87029E-02   8.82037E+01  7.05830E-02   9.33900E+01  7.25480E-02   9.82702E+01  7.45464E-02   1.02873E+02  7.65308E-02   1.07225E+02  7.84649E-02   1.11364E+02  8.03243E-02   1.15312E+02  8.20840E-02   1.19103E+02  8.37315E-02   1.22761E+02  8.52527E-02   1.26301E+02  8.66414E-02   1.29749E+02  8.78956E-02   1.33119E+02  8.90137E-02   1.36424E+02  8.99931E-02   1.39676E+02  9.08285E-02   1.42885E+02  9.15373E-02   1.46063E+02 
 0.00000E+00   0.00000E+00  0.00000E+00   0.00000E+00  0.00000E+00   0.00000E+00  0.00000E+00   0.00000E+00  0.00000E+00   0.00000E+00  0.00000E+00   0.00000E+00  0.00000E+00   0.00000E+00  0.00000E+00   0.00000E+00  0.00000E+00   0.00000E+00  0.00000E+00   0.00000E+00  0.00000E+00   0.00000E+00  0.00000E+00   0.00000E+00  0.00000E+00   0.00000E+00  0.00000E+00   0.00000E+00  0.00000E+00   0.00000E+00  0.00000E+00   0.00000E+00  0.00000E+00   0.00000E+00  0.00000E+00   0.00000E+00  0.00000E+00   0.00000E+00  0.00000E+00   0.00000E+00  0.00000E+00   0.00000E+00  0.00000E+00   0.00000E+00  0.00000E+00   0.00000E+00  0.00000E+00   0.00000E+00  0.00000E+00   0.00000E+00  0.00000E+00   0.00000E+00  0.00000E+00   0.00000E+00  0.00000E+00   0.00000E+00  0.00000E+00   0.00000E+00  0.00000E+00   0.00000E+00  0.00000E+00   0.00000E+00  0.00000E+00   0.00000E+00  0.00000E+00   0.00000E+00  0.00000E+00   0.00000E+00  0.00000E+00   0.00000E+00  0.00000E+00   0.00000E+00  0.00000E+00   0.00000E+00  0.00000E+00   0.00000E+00  5.94453E-02   3.43061E+02  1.18612E-01   3.43176E+02  1.17782E-01   3.43521E+02  1.16415E-01   3.44101E+02  1.14534E-01   3.44923E+02  1.12174E-01   3.45995E+02  1.09376E-01   3.47330E+02  1.06190E-01   3.48944E+02  1.02674E-01   3.50856E+02  9.88934E-02   3.53087E+02  9.49190E-02   3.55662E+02  9.08281E-02   3.58608E+02  8.67028E-02   1.95572E+00  8.26298E-02   5.73148E+00  7.86983E-02   9.96157E+00  7.49989E-02   1.46626E+01  7.16205E-02   1.98390E+01  6.86471E-02   2.54753E+01  6.61509E-02   3.15287E+01  6.41911E-02   3.79297E+01  6.27998E-02   4.45788E+01  6.19905E-02   5.13564E+01  6.17416E-02   5.81391E+01  6.20132E-02   6.48057E+01  6.27424E-02   7.12628E+01  6.38542E-02   7.74417E+01  6.52719E-02   8.33005E+01  6.69154E-02   8.88340E+01  6.87161E-02   9.40402E+01  7.06083E-02   9.89458E+01  7.25425E-02   1.03576E+02  7.44719E-02   1.07956E+02  7.63620E-02   1.12123E+02  7.81881E-02   1.16099E+02  7.99212E-02   1.19915E+02  8.15500E-02   1.23595E+02  8.30617E-02   1.27157E+02  8.44478E-02   1.30623E+02  8.57094E-02   1.34012E+02  8.68391E-02   1.37334E+02  8.78293E-02   1.40597E+02  8.86857E-02   1.43819E+02  8.94253E-02   1.47009E+02 
 0.00000E+00   0.00000E+00  0.00000E+00   0.00000E+00  0.00000E+00   0.00000E+00  0.00000E+00   0.00000E+00  0.00000E+00   0.00000E+00  0.00000E+00   0.00000E+00  0.00000E+00   0.00000E+00  0.00000E+00   0.00000E+00  0.00000E+00   0.00000E+00  0.00000E+00   0.00000E+00  0.00000E+00   0.00000E+00  0.00000E+00   0.00000E+00  0.00000E+00   0.00000E+00  0.00000E+00   0.00000E+00  0.00000E+00   0.00000E+00  0.00000E+00   0.00000E+00  0.00000E+00   0.00000E+00  0.00000E+00   0.00000E+00  0.00000E+00   0.00000E+00  0.00000E+00   0.00000E+00  0.00000E+00   0.00000E+00  0.00000E+00   0.00000E+00  0.00000E+00   0.00000E+00  0.00000E+00   0.00000E+00  0.00000E+00   0.00000E+00  0.00000E+00   0.00000E+00  0.00000E+00   0.00000E+00  0.00000E+00   0.00000E+00  0.00000E+00   0.00000E+00  0.00000E+00   0.00000E+00  0.00000E+00   0.00000E+00  0.00000E+00   0.00000E+00  0.00000E+00   0.00000E+00  0.00000E+00   0.00000E+00  0.00000E+00   0.00000E+00  0.00000E+00   0.00000E+00  0.00000E+00   0.00000E+00  0.00000E+00   0.00000E+00  5.74129E-02   3.44780E+02  1.14563E-01   3.44894E+02  1.13780E-01   3.45238E+02  1.12489E-01   3.45815E+02  1.10714E-01   3.46632E+02  1.08485E-01   3.47698E+02  1.05841E-01   3.49024E+02  1.02829E-01   3.50627E+02  9.95042E-02   3.52523E+02  9.59255E-02   3.54735E+02  9.21606E-02   3.57285E+02  8.82818E-02   1.99978E-01  8.43656E-02   3.50804E+00  8.04937E-02   7.23519E+00  7.67503E-02   1.14066E+01  7.32194E-02   1.60378E+01  6.99869E-02   2.11340E+01  6.71300E-02   2.66806E+01  6.47204E-02   3.26383E+01  6.28133E-02   3.89422E+01  6.14429E-02   4.54978E+01  6.06241E-02   5.21926E+01  6.03389E-02   5.89068E+01  6.05547E-02   6.55218E+01  6.12113E-02   7.19472E+01  6.22425E-02   7.81086E+01  6.35745E-02   8.39674E+01  6.51334E-02   8.95115E+01  6.68540E-02   9.47352E+01  6.86738E-02   9.96680E+01  7.05446E-02   1.04323E+02  7.24186E-02   1.08731E+02  7.42642E-02   1.12927E+02  7.60509E-02   1.16926E+02  7.77548E-02   1.20768E+02  7.93663E-02   1.24472E+02  8.08662E-02   1.28054E+02  8.22513E-02   1.31543E+02  8.35152E-02   1.34949E+02  8.46482E-02   1.38283E+02  8.56522E-02   1.41562E+02  8.65323E-02   1.44799E+02  8.72967E-02   1.47998E+02 
 0.00000E+00   0.00000E+00  0.00000E+00   0.00000E+00  0.00000E+00   0.00000E+00  0.00000E+00   0.00000E+00  0.00000E+00   0.00000E+00  0.00000E+00   0.00000E+00  0.00000E+00   0.00000E+00  0.00000E+00   0.00000E+00  0.00000E+00   0.00000E+00  0.00000E+00   0.00000E+00  0.00000E+00   0.00000E+00  0.00000E+00   0.00000E+00  0.00000E+00   0.00000E+00  0.00000E+00   0.00000E+00  0.00000E+00   0.00000E+00  0.00000E+00   0.00000E+00  0.00000E+00   0.00000E+00  0.00000E+00   0.00000E+00  0.00000E+00   0.00000E+00  0.00000E+00   0.00000E+00  0.00000E+00   0.00000E+00  0.00000E+00   0.00000E+00  0.00000E+00   0.00000E+00  0.00000E+00   0.00000E+00  0.00000E+00   0.00000E+00  0.00000E+00   0.00000E+00  0.00000E+00   0.00000E+00  0.00000E+00   0.00000E+00  0.00000E+00   0.00000E+00  0.00000E+00   0.00000E+00  0.00000E+00   0.00000E+00  0.00000E+00   0.00000E+00  0.00000E+00   0.00000E+00  0.00000E+00   0.00000E+00  0.00000E+00   0.00000E+00  0.00000E+00   0.00000E+00  0.00000E+00   0.00000E+00  0.00000E+00   0.00000E+00  5.54108E-02   3.46564E+02  1.10574E-01   3.46677E+02  1.09835E-01   3.47019E+02  1.08619E-01   3.47593E+02  1.06944E-01   3.48405E+02  1.04841E-01   3.49464E+02  1.02346E-01   3.50782E+02  9.95025E-02   3.52372E+02  9.63609E-02   3.54254E+02  9.29773E-02   3.56445E+02  8.94153E-02   3.58970E+02  8.57417E-02   1.85424E+00  8.20287E-02   5.12322E+00  7.83532E-02   8.80276E+00  7.47930E-02   1.29166E+01  7.14288E-02   1.74795E+01  6.83398E-02   2.24974E+01  6.56005E-02   2.79555E+01  6.32783E-02   3.38189E+01  6.14263E-02   4.00253E+01  6.00800E-02   4.64863E+01  5.92538E-02   5.30957E+01  5.89361E-02   5.97365E+01  5.90972E-02   6.62973E+01  5.96841E-02   7.26861E+01  6.06368E-02   7.88284E+01  6.18861E-02   8.46862E+01  6.33639E-02   9.02375E+01  6.50062E-02   9.54807E+01  6.67547E-02   1.00436E+02  6.85593E-02   1.05114E+02  7.03760E-02   1.09551E+02  7.21738E-02   1.13770E+02  7.39216E-02   1.17797E+02  7.55985E-02   1.21667E+02  7.71877E-02   1.25391E+02  7.86737E-02   1.28997E+02  8.00520E-02   1.32506E+02  8.13140E-02   1.35927E+02  8.24543E-02   1.39279E+02  8.34708E-02   1.42573E+02  8.43688E-02   1.45821E+02  8.51561E-02   1.49032E+02 
 0.00000E+00   0.00000E+00  0.00000E+00   0.00000E+00  0.00000E+00   0.00000E+00  0.00000E+00   0.00000E+00  0.00000E+00   0.00000E+00  0.00000E+00   0.00000E+00  0.00000E+00   0.00000E+00  0.00000E+00   0.00000E+00  0.00000E+00   0.00000E+00  0.00000E+00   0.00000E+00  0.00000E+00   0.00000E+00  0.00000E+00   0.00000E+00  0.00000E+00   0.00000E+00  0.00000E+00   0.00000E+00  0.00000E+00   0.00000E+00  0.00000E+00   0.00000E+00  0.00000E+00   0.00000E+00  0.00000E+00   0.00000E+00  0.00000E+00   0.00000E+00  0.00000E+00   0.00000E+00  0.00000E+00   0.00000E+00  0.00000E+00   0.00000E+00  0.00000E+00   0.00000E+00  0.00000E+00   0.00000E+00  0.00000E+00   0.00000E+00  0.00000E+00   0.00000E+00  0.00000E+00   0.00000E+00  0.00000E+00   0.00000E+00  0.00000E+00   0.00000E+00  0.00000E+00   0.00000E+00  0.00000E+00   0.00000E+00  0.00000E+00   0.00000E+00  0.00000E+00   0.00000E+00  0.00000E+00   0.00000E+00  0.00000E+00   0.00000E+00  0.00000E+00   0.00000E+00  0.00000E+00   0.00000E+00  0.00000E+00   0.00000E+00  5.34445E-02   3.48415E+02  1.06656E-01   3.48528E+02  1.05960E-01   3.48868E+02  1.04814E-01   3.49438E+02  1.03237E-01   3.50245E+02  1.01256E-01   3.51298E+02  9.89035E-02   3.52606E+02  9.62212E-02   3.54185E+02  9.32568E-02   3.56050E+02  9.00616E-02   3.58223E+02  8.66950E-02   7.22570E-01  8.32197E-02   3.57506E+00  7.97035E-02   6.80478E+00  7.62171E-02   1.04365E+01  7.28353E-02   1.44925E+01  6.96323E-02   1.89870E+01  6.66838E-02   2.39261E+01  6.40596E-02   2.92956E+01  6.18242E-02   3.50643E+01  6.00288E-02   4.11727E+01  5.87087E-02   4.75388E+01  5.78800E-02   5.40615E+01  5.75341E-02   6.06292E+01  5.76466E-02   6.71340E+01  5.81686E-02   7.34848E+01  5.90469E-02   7.96066E+01  6.02161E-02   8.54591E+01  6.16122E-02   9.10164E+01  6.31762E-02   9.62739E+01  6.48512E-02   1.01249E+02  6.65902E-02   1.05951E+02  6.83509E-02   1.10414E+02  7.01015E-02   1.14661E+02  7.18090E-02   1.18715E+02  7.34523E-02   1.22607E+02  7.50177E-02   1.26354E+02  7.64885E-02   1.29983E+02  7.78601E-02   1.33511E+02  7.91209E-02   1.36951E+02  8.02615E-02   1.40317E+02  8.12871E-02   1.43625E+02  8.22058E-02   1.46888E+02  8.30141E-02   1.50110E+02 
 0.00000E+00   0.00000E+00  0.00000E+00   0.00000E+00  0.00000E+00   0.00000E+00  0.00000E+00   0.00000E+00  0.00000E+00   0.00000E+00  0.00000E+00   0.00000E+00  0.00000E+00   0.00000E+00  0.00000E+00   0.00000E+00  0.00000E+00   0.00000E+00  0.00000E+00   0.00000E+00  0.00000E+00   0.00000E+00  0.00000E+00   0.00000E+00  0.00000E+00   0.00000E+00  0.00000E+00   0.00000E+00  0.00000E+00   0.00000E+00  0.00000E+00   0.00000E+00  0.00000E+00   0.00000E+00  0.00000E+00   0.00000E+00  0.00000E+00   0.00000E+00  0.00000E+00   0.00000E+00  0.00000E+00   0.00000E+00  0.00000E+00   0.00000E+00  0.00000E+00   0.00000E+00  0.00000E+00   0.00000E+00  0.00000E+00   0.00000E+00  0.00000E+00   0.00000E+00  0.00000E+00   0.00000E+00  0.00000E+00   0.00000E+00  0.00000E+00   0.00000E+00  0.00000E+00   0.00000E+00  0.00000E+00   0.00000E+00  0.00000E+00   0.00000E+00  0.00000E+00   0.00000E+00  0.00000E+00   0.00000E+00  0.00000E+00   0.00000E+00  0.00000E+00   0.00000E+00  0.00000E+00   0.00000E+00  0.00000E+00   0.00000E+00  5.15191E-02   3.50331E+02  1.02819E-01   3.50443E+02  1.02165E-01   3.50781E+02  1.01086E-01   3.51348E+02  9.96015E-02   3.52149E+02  9.77359E-02   3.53194E+02  9.55203E-02   3.54493E+02  9.29926E-02   3.56060E+02  9.01972E-02   3.57909E+02  8.71821E-02   6.05088E-02  8.40029E-02   2.53489E+00  8.07179E-02   5.35556E+00  7.73905E-02   8.54598E+00  7.40874E-02   1.21305E+01  7.08782E-02   1.61291E+01  6.78329E-02   2.05569E+01  6.50226E-02   2.54187E+01  6.25133E-02   3.07019E+01  6.03663E-02   3.63780E+01  5.86297E-02   4.23895E+01  5.73401E-02   4.86615E+01  5.65115E-02   5.50968E+01  5.61413E-02   6.15886E+01  5.62069E-02   6.80350E+01  5.66656E-02   7.43436E+01  5.74709E-02   8.04410E+01  5.85605E-02   8.62864E+01  5.98785E-02   9.18452E+01  6.13667E-02   9.71178E+01  6.29717E-02   1.02112E+02  6.46461E-02   1.06834E+02  6.63498E-02   1.11325E+02  6.80490E-02   1.15595E+02  6.97124E-02   1.19674E+02  7.13260E-02   1.23593E+02  7.28670E-02   1.27362E+02  7.43210E-02   1.31014E+02  7.56815E-02   1.34561E+02  7.69315E-02   1.38015E+02  7.80744E-02   1.41399E+02  7.91149E-02   1.44725E+02  8.00485E-02   1.47999E+02  8.08682E-02   1.51231E+02 
 0.00000E+00   0.00000E+00  0.00000E+00   0.00000E+00  0.00000E+00   0.00000E+00  0.00000E+00   0.00000E+00  0.00000E+00   0.00000E+00  0.00000E+00   0.00000E+00  0.00000E+00   0.00000E+00  0.00000E+00   0.00000E+00  0.00000E+00   0.00000E+00  0.00000E+00   0.00000E+00  0.00000E+00   0.00000E+00  0.00000E+00   0.00000E+00  0.00000E+00   0.00000E+00  0.00000E+00   0.00000E+00  0.00000E+00   0.00000E+00  0.00000E+00   0.00000E+00  0.00000E+00   0.00000E+00  0.00000E+00   0.00000E+00  0.00000E+00   0.00000E+00  0.00000E+00   0.00000E+00  0.00000E+00   0.00000E+00  0.00000E+00   0.00000E+00  0.00000E+00   0.00000E+00  0.00000E+00   0.00000E+00  0.00000E+00   0.00000E+00  0.00000E+00   0.00000E+00  0.00000E+00   0.00000E+00  0.00000E+00   0.00000E+00  0.00000E+00   0.00000E+00  0.00000E+00   0.00000E+00  0.00000E+00   0.00000E+00  0.00000E+00   0.00000E+00  0.00000E+00   0.00000E+00  0.00000E+00   0.00000E+00  0.00000E+00   0.00000E+00  0.00000E+00   0.00000E+00  0.00000E+00   0.00000E+00  0.00000E+00   0.00000E+00  4.96361E-02   3.52308E+02  9.90662E-02   3.52419E+02  9.84509E-02   3.52755E+02  9.74372E-02   3.53318E+02  9.60407E-02   3.54115E+02  9.42858E-02   3.55152E+02  9.22006E-02   3.56442E+02  8.98209E-02   3.57996E+02  8.71874E-02   3.59829E+02  8.43453E-02   1.96121E+00  8.13465E-02   4.41038E+00  7.82448E-02   7.20035E+00  7.51003E-02   1.03521E+01  7.19745E-02   1.38904E+01  6.89331E-02   1.78326E+01  6.60414E-02   2.21944E+01  6.33660E-02   2.69793E+01  6.09693E-02   3.21766E+01  5.89087E-02   3.77592E+01  5.72310E-02   4.36733E+01  5.59711E-02   4.98502E+01  5.51448E-02   5.61960E+01  5.47527E-02   6.26117E+01  5.47750E-02   6.89981E+01  5.51766E-02   7.52629E+01  5.59136E-02   8.13366E+01  5.69303E-02   8.71701E+01  5.81730E-02   9.27296E+01  5.95867E-02   9.80139E+01  6.11199E-02   1.03020E+02  6.27278E-02   1.07767E+02  6.43736E-02   1.12281E+02  6.60215E-02   1.16573E+02  6.76460E-02   1.20682E+02  6.92252E-02   1.24622E+02  7.07362E-02   1.28414E+02  7.21700E-02   1.32089E+02  7.35143E-02   1.35651E+02  7.47598E-02   1.39125E+02  7.59082E-02   1.42527E+02  7.69539E-02   1.45865E+02  7.78956E-02   1.49152E+02  7.87307E-02   1.52397E+02 
 0.00000E+00   0.00000E+00  0.00000E+00   0.00000E+00  0.00000E+00   0.00000E+00  0.00000E+00   0.00000E+00  0.00000E+00   0.00000E+00  0.00000E+00   0.00000E+00  0.00000E+00   0.00000E+00  0.00000E+00   0.00000E+00  0.00000E+00   0.00000E+00  0.00000E+00   0.00000E+00  0.00000E+00   0.00000E+00  0.00000E+00   0.00000E+00  0.00000E+00   0.00000E+00  0.00000E+00   0.00000E+00  0.00000E+00   0.00000E+00  0.00000E+00   0.00000E+00  0.00000E+00   0.00000E+00  0.00000E+00   0.00000E+00  0.00000E+00   0.00000E+00  0.00000E+00   0.00000E+00  0.00000E+00   0.00000E+00  0.00000E+00   0.00000E+00  0.00000E+00   0.00000E+00  0.00000E+00   0.00000E+00  0.00000E+00   0.00000E+00  0.00000E+00   0.00000E+00  0.00000E+00   0.00000E+00  0.00000E+00   0.00000E+00  0.00000E+00   0.00000E+00  0.00000E+00   0.00000E+00  0.00000E+00   0.00000E+00  0.00000E+00   0.00000E+00  0.00000E+00   0.00000E+00  0.00000E+00   0.00000E+00  0.00000E+00   0.00000E+00  0.00000E+00   0.00000E+00  0.00000E+00   0.00000E+00  0.00000E+00   0.00000E+00  4.78008E-02   3.54349E+02  9.54078E-02   3.54460E+02  9.48299E-02   3.54793E+02  9.38777E-02   3.55353E+02  9.25653E-02   3.56144E+02  9.09160E-02   3.57174E+02  8.89551E-02   3.58454E+02  8.67164E-02   3.59995E+02  8.42375E-02   1.81260E+00  8.15608E-02   3.92357E+00  7.87336E-02   6.34752E+00  7.58076E-02   9.10538E+00  7.28376E-02   1.22185E+01  6.98817E-02   1.57098E+01  6.70014E-02   1.95951E+01  6.42574E-02   2.38917E+01  6.17131E-02   2.85995E+01  5.94259E-02   3.37129E+01  5.74514E-02   3.92031E+01  5.58331E-02   4.50226E+01  5.46062E-02   5.11061E+01  5.37860E-02   5.73639E+01  5.33768E-02   6.37049E+01  5.33609E-02   7.00288E+01  5.37083E-02   7.62489E+01  5.43804E-02   8.22930E+01  5.53240E-02   8.81100E+01  5.64922E-02   9.36674E+01  5.78321E-02   9.89575E+01  5.92956E-02   1.03979E+02  6.08414E-02   1.08748E+02  6.24303E-02   1.13283E+02  6.40278E-02   1.17602E+02  6.56073E-02   1.21733E+02  6.71484E-02   1.25694E+02  6.86312E-02   1.29511E+02  7.00445E-02   1.33205E+02  7.13750E-02   1.36787E+02  7.26117E-02   1.40280E+02  7.37562E-02   1.43697E+02  7.48074E-02   1.47050E+02  7.57602E-02   1.50351E+02  7.66038E-02   1.53606E+02 
 0.00000E+00   0.00000E+00  0.00000E+00   0.00000E+00  0.00000E+00   0.00000E+00  0.00000E+00   0.00000E+00  0.00000E+00   0.00000E+00  0.00000E+00   0.00000E+00  0.00000E+00   0.00000E+00  0.00000E+00   0.00000E+00  0.00000E+00   0.00000E+00  0.00000E+00   0.00000E+00  0.00000E+00   0.00000E+00  0.00000E+00   0.00000E+00  0.00000E+00   0.00000E+00  0.00000E+00   0.00000E+00  0.00000E+00   0.00000E+00  0.00000E+00   0.00000E+00  0.00000E+00   0.00000E+00  0.00000E+00   0.00000E+00  0.00000E+00   0.00000E+00  0.00000E+00   0.00000E+00  0.00000E+00   0.00000E+00  0.00000E+00   0.00000E+00  0.00000E+00   0.00000E+00  0.00000E+00   0.00000E+00  0.00000E+00   0.00000E+00  0.00000E+00   0.00000E+00  0.00000E+00   0.00000E+00  0.00000E+00   0.00000E+00  0.00000E+00   0.00000E+00  0.00000E+00   0.00000E+00  0.00000E+00   0.00000E+00  0.00000E+00   0.00000E+00  0.00000E+00   0.00000E+00  0.00000E+00   0.00000E+00  0.00000E+00   0.00000E+00  0.00000E+00   0.00000E+00  0.00000E+00   0.00000E+00  0.00000E+00   0.00000E+00  4.60139E-02   3.56448E+02  9.18461E-02   3.56558E+02  9.13036E-02   3.56889E+02  9.04093E-02   3.57445E+02  8.91769E-02   3.58231E+02  8.76273E-02   3.59253E+02  8.57847E-02   5.22965E-01  8.36799E-02   2.05108E+00  8.13481E-02   3.85257E+00  7.88289E-02   5.94319E+00  7.61661E-02   8.34220E+00  7.34085E-02   1.10689E+01  7.06061E-02   1.41445E+01  6.78146E-02   1.75897E+01  6.50902E-02   2.14205E+01  6.24904E-02   2.56528E+01  6.00734E-02   3.02863E+01  5.78944E-02   3.53171E+01  5.60037E-02   4.07162E+01  5.44447E-02   4.64425E+01  5.32503E-02   5.24316E+01  5.24369E-02   5.86020E+01  5.20122E-02   6.48646E+01  5.19591E-02   7.11241E+01  5.22572E-02   7.72953E+01  5.28668E-02   8.33068E+01  5.37433E-02   8.91065E+01  5.48430E-02   9.46587E+01  5.61128E-02   9.99570E+01  5.75099E-02   1.04990E+02  5.89917E-02   1.09778E+02  6.05210E-02   1.14335E+02  6.20644E-02   1.18673E+02  6.36013E-02   1.22830E+02  6.51069E-02   1.26813E+02  6.65591E-02   1.30652E+02  6.79485E-02   1.34368E+02  6.92573E-02   1.37966E+02  7.04840E-02   1.41478E+02  7.16322E-02   1.44913E+02  7.26871E-02   1.48279E+02  7.36388E-02   1.51591E+02  7.44909E-02   1.54858E+02 
 0.00000E+00   0.00000E+00  0.00000E+00   0.00000E+00  0.00000E+00   0.00000E+00  0.00000E+00   0.00000E+00  0.00000E+00   0.00000E+00  0.00000E+00   0.00000E+00  0.00000E+00   0.00000E+00  0.00000E+00   0.00000E+00  0.00000E+00   0.00000E+00  0.00000E+00   0.00000E+00  0.00000E+00   0.00000E+00  0.00000E+00   0.00000E+00  0.00000E+00   0.00000E+00  0.00000E+00   0.00000E+00  0.00000E+00   0.00000E+00  0.00000E+00   0.00000E+00  0.00000E+00   0.00000E+00  0.00000E+00   0.00000E+00  0.00000E+00   0.00000E+00  0.00000E+00   0.00000E+00  0.00000E+00   0.00000E+00  0.00000E+00   0.00000E+00  0.00000E+00   0.00000E+00  0.00000E+00   0.00000E+00  0.00000E+00   0.00000E+00  0.00000E+00   0.00000E+00  0.00000E+00   0.00000E+00  0.00000E+00   0.00000E+00  0.00000E+00   0.00000E+00  0.00000E+00   0.00000E+00  0.00000E+00   0.00000E+00  0.00000E+00   0.00000E+00  0.00000E+00   0.00000E+00  0.00000E+00   0.00000E+00  0.00000E+00   0.00000E+00  0.00000E+00   0.00000E+00  0.00000E+00   0.00000E+00  0.00000E+00   0.00000E+00  4.42778E-02   3.58608E+02  8.83848E-02   3.58718E+02  8.78761E-02   3.59047E+02  8.70371E-02   3.59599E+02  8.58809E-02   3.79194E-01  8.44265E-02   1.39435E+00  8.26964E-02   2.65434E+00  8.07199E-02   4.16968E+00  7.85284E-02   5.95536E+00  7.61599E-02   8.02550E+00  7.36546E-02   1.03997E+01  7.10575E-02   1.30949E+01  6.84161E-02   1.61329E+01  6.57813E-02   1.95314E+01  6.32054E-02   2.33077E+01  6.07428E-02   2.74750E+01  5.84470E-02   3.20344E+01  5.63703E-02   3.69831E+01  5.45605E-02   4.22917E+01  5.30592E-02   4.79265E+01  5.18974E-02   5.38222E+01  5.10954E-02   5.99059E+01  5.06586E-02   6.60913E+01  5.05767E-02   7.22850E+01  5.08309E-02   7.84071E+01  5.13836E-02   8.43843E+01  5.21979E-02   9.01616E+01  5.32281E-02   9.57096E+01  5.44281E-02   1.01008E+02  5.57570E-02   1.06052E+02  5.71755E-02   1.10860E+02  5.86465E-02   1.15430E+02  6.01416E-02   1.19794E+02  6.16359E-02   1.23974E+02  6.30984E-02   1.27975E+02  6.45177E-02   1.31840E+02  6.58799E-02   1.35570E+02  6.71724E-02   1.39188E+02  6.83967E-02   1.42722E+02  6.95379E-02   1.46171E+02  7.05825E-02   1.49550E+02  7.15379E-02   1.52876E+02  7.24046E-02   1.56156E+02 
 0.00000E+00   0.00000E+00  0.00000E+00   0.00000E+00  0.00000E+00   0.00000E+00  0.00000E+00   0.00000E+00  0.00000E+00   0.00000E+00  0.00000E+00   0.00000E+00  0.00000E+00   0.00000E+00  0.00000E+00   0.00000E+00  0.00000E+00   0.00000E+00  0.00000E+00   0.00000E+00  0.00000E+00   0.00000E+00  0.00000E+00   0.00000E+00  0.00000E+00   0.00000E+00  0.00000E+00   0.00000E+00  0.00000E+00   0.00000E+00  0.00000E+00   0.00000E+00  0.00000E+00   0.00000E+00  0.00000E+00   0.00000E+00  0.00000E+00   0.00000E+00  0.00000E+00   0.00000E+00  0.00000E+00   0.00000E+00  0.00000E+00   0.00000E+00  0.00000E+00   0.00000E+00  0.00000E+00   0.00000E+00  0.00000E+00   0.00000E+00  0.00000E+00   0.00000E+00  0.00000E+00   0.00000E+00  0.00000E+00   0.00000E+00  0.00000E+00   0.00000E+00  0.00000E+00   0.00000E+00  0.00000E+00   0.00000E+00  0.00000E+00   0.00000E+00  0.00000E+00   0.00000E+00  0.00000E+00   0.00000E+00  0.00000E+00   0.00000E+00  0.00000E+00   0.00000E+00  0.00000E+00   0.00000E+00  0.00000E+00   0.00000E+00  4.25962E-02   8.26507E-01  8.50322E-02   9.35358E-01  8.45554E-02   1.26222E+00  8.37687E-02   1.81061E+00  8.26844E-02   2.58488E+00  8.13201E-02   3.59243E+00  7.96969E-02   4.84172E+00  7.78408E-02   6.34429E+00  7.57828E-02   8.11295E+00  7.35565E-02   1.01624E+01  7.11997E-02   1.25112E+01  6.87551E-02   1.51746E+01  6.62652E-02   1.81752E+01  6.37794E-02   2.15273E+01  6.13448E-02   2.52507E+01  5.90132E-02   2.93543E+01  5.68345E-02   3.38431E+01  5.48578E-02   3.87112E+01  5.31280E-02   4.39338E+01  5.16854E-02   4.94791E+01  5.05594E-02   5.52828E+01  4.97710E-02   6.12818E+01  4.93261E-02   6.73863E+01  4.92175E-02   7.35134E+01  4.94288E-02   7.95829E+01  4.99267E-02   8.55192E+01  5.06791E-02   9.12762E+01  5.16430E-02   9.68133E+01  5.27770E-02   1.02112E+02  5.40440E-02   1.07170E+02  5.54018E-02   1.11989E+02  5.68168E-02   1.16579E+02  5.82604E-02   1.20965E+02  5.97033E-02   1.25159E+02  6.11255E-02   1.29185E+02  6.25146E-02   1.33069E+02  6.38527E-02   1.36817E+02  6.51297E-02   1.40460E+02  6.63376E-02   1.44010E+02  6.74633E-02   1.47470E+02  6.85084E-02   1.50865E+02  6.94701E-02   1.54204E+02  7.03419E-02   1.57493E+02 
 0.00000E+00   0.00000E+00  0.00000E+00   0.00000E+00  0.00000E+00   0.00000E+00  0.00000E+00   0.00000E+00  0.00000E+00   0.00000E+00  0.00000E+00   0.00000E+00  0.00000E+00   0.00000E+00  0.00000E+00   0.00000E+00  0.00000E+00   0.00000E+00  0.00000E+00   0.00000E+00  0.00000E+00   0.00000E+00  0.00000E+00   0.00000E+00  0.00000E+00   0.00000E+00  0.00000E+00   0.00000E+00  0.00000E+00   0.00000E+00  0.00000E+00   0.00000E+00  0.00000E+00   0.00000E+00  0.00000E+00   0.00000E+00  0.00000E+00   0.00000E+00  0.00000E+00   0.00000E+00  0.00000E+00   0.00000E+00  0.00000E+00   0.00000E+00  0.00000E+00   0.00000E+00  0.00000E+00   0.00000E+00  0.00000E+00   0.00000E+00  0.00000E+00   0.00000E+00  0.00000E+00   0.00000E+00  0.00000E+00   0.00000E+00  0.00000E+00   0.00000E+00  0.00000E+00   0.00000E+00  0.00000E+00   0.00000E+00  0.00000E+00   0.00000E+00  0.00000E+00   0.00000E+00  0.00000E+00   0.00000E+00  0.00000E+00   0.00000E+00  0.00000E+00   0.00000E+00  0.00000E+00   0.00000E+00  0.00000E+00   0.00000E+00  4.09691E-02   3.10067E+00  8.17882E-02   3.20893E+00  8.13414E-02   3.53343E+00  8.06039E-02   4.07805E+00  7.95876E-02   4.84655E+00  7.83081E-02   5.84652E+00  7.67856E-02   7.08568E+00  7.50439E-02   8.57546E+00  7.31116E-02   1.03278E+01  7.10201E-02   1.23574E+01  6.88047E-02   1.46809E+01  6.65042E-02   1.73142E+01  6.41595E-02   2.02777E+01  6.18149E-02   2.35852E+01  5.95158E-02   2.72565E+01  5.73096E-02   3.12974E+01  5.52427E-02   3.57172E+01  5.33624E-02   4.05046E+01  5.17095E-02   4.56432E+01  5.03242E-02   5.10969E+01  4.92330E-02   5.68096E+01  4.84596E-02   6.27215E+01  4.80078E-02   6.87435E+01  4.78766E-02   7.48050E+01  4.80497E-02   8.08174E+01  4.84983E-02   8.67180E+01  4.91959E-02   9.24517E+01  5.00978E-02   9.79772E+01  5.11708E-02   1.03278E+02  5.23736E-02   1.08339E+02  5.36681E-02   1.13169E+02  5.50249E-02   1.17774E+02  5.64145E-02   1.22176E+02  5.78129E-02   1.26393E+02  5.91981E-02   1.30441E+02  6.05549E-02   1.34345E+02  6.18642E-02   1.38114E+02  6.31181E-02   1.41775E+02  6.43105E-02   1.45337E+02  6.54305E-02   1.48813E+02  6.64705E-02   1.52224E+02  6.74274E-02   1.55574E+02  6.83090E-02   1.58875E+02 
 0.00000E+00   0.00000E+00  0.00000E+00   0.00000E+00  0.00000E+00   0.00000E+00  0.00000E+00   0.00000E+00  0.00000E+00   0.00000E+00  0.00000E+00   0.00000E+00  0.00000E+00   0.00000E+00  0.00000E+00   0.00000E+00  0.00000E+00   0.00000E+00  0.00000E+00   0.00000E+00  0.00000E+00   0.00000E+00  0.00000E+00   0.00000E+00  0.00000E+00   0.00000E+00  0.00000E+00   0.00000E+00  0.00000E+00   0.00000E+00  0.00000E+00   0.00000E+00  0.00000E+00   0.00000E+00  0.00000E+00   0.00000E+00  0.00000E+00   0.00000E+00  0.00000E+00   0.00000E+00  0.00000E+00   0.00000E+00  0.00000E+00   0.00000E+00  0.00000E+00   0.00000E+00  0.00000E+00   0.00000E+00  0.00000E+00   0.00000E+00  0.00000E+00   0.00000E+00  0.00000E+00   0.00000E+00  0.00000E+00   0.00000E+00  0.00000E+00   0.00000E+00  0.00000E+00   0.00000E+00  0.00000E+00   0.00000E+00  0.00000E+00   0.00000E+00  0.00000E+00   0.00000E+00  0.00000E+00   0.00000E+00  0.00000E+00   0.00000E+00  0.00000E+00   0.00000E+00  0.00000E+00   0.00000E+00  0.00000E+00   0.00000E+00  3.93967E-02   5.43441E+00  7.86527E-02   5.54174E+00  7.82343E-02   5.86399E+00  7.75435E-02   6.40461E+00  7.65911E-02   7.16724E+00  7.53919E-02   8.15936E+00  7.39642E-02   9.38791E+00  7.23303E-02   1.08647E+01  7.05167E-02   1.25999E+01  6.85521E-02   1.46093E+01  6.64698E-02   1.69066E+01  6.43054E-02   1.95094E+01  6.20969E-02   2.24347E+01  5.98857E-02   2.56979E+01  5.77145E-02   2.93162E+01  5.56265E-02   3.32957E+01  5.36677E-02   3.76464E+01  5.18788E-02   4.23549E+01  5.03034E-02   4.74109E+01  4.89747E-02   5.27741E+01  4.79218E-02   5.83996E+01  4.71669E-02   6.42236E+01  4.67122E-02   7.01687E+01  4.65645E-02   7.61627E+01  4.67010E-02   8.21216E+01  4.71056E-02   8.79843E+01  4.77478E-02   9.36890E+01  4.85882E-02   9.92022E+01  4.95993E-02   1.04493E+02  5.07377E-02   1.09557E+02  5.19735E-02   1.14396E+02  5.32764E-02   1.19016E+02  5.46178E-02   1.23441E+02  5.59696E-02   1.27674E+02  5.73132E-02   1.31743E+02  5.86341E-02   1.35666E+02  5.99145E-02   1.39451E+02  6.11515E-02   1.43131E+02  6.23288E-02   1.46709E+02  6.34292E-02   1.50201E+02  6.44591E-02   1.53627E+02  6.54226E-02   1.56988E+02  6.63122E-02   1.60299E+02 
 0.00000E+00   0.00000E+00  0.00000E+00   0.00000E+00  0.00000E+00   0.00000E+00  0.00000E+00   0.00000E+00  0.00000E+00   0.00000E+00  0.00000E+00   0.00000E+00  0.00000E+00   0.00000E+00  0.00000E+00   0.00000E+00  0.00000E+00   0.00000E+00  0.00000E+00   0.00000E+00  0.00000E+00   0.00000E+00  0.00000E+00   0.00000E+00  0.00000E+00   0.00000E+00  0.00000E+00   0.00000E+00  0.00000E+00   0.00000E+00  0.00000E+00   0.00000E+00  0.00000E+00   0.00000E+00  0.00000E+00   0.00000E+00  0.00000E+00   0.00000E+00  0.00000E+00   0.00000E+00  0.00000E+00   0.00000E+00  0.00000E+00   0.00000E+00  0.00000E+00   0.00000E+00  0.00000E+00   0.00000E+00  0.00000E+00   0.00000E+00  0.00000E+00   0.00000E+00  0.00000E+00   0.00000E+00  0.00000E+00   0.00000E+00  0.00000E+00   0.00000E+00  0.00000E+00   0.00000E+00  0.00000E+00   0.00000E+00  0.00000E+00   0.00000E+00  0.00000E+00   0.00000E+00  0.00000E+00   0.00000E+00  0.00000E+00   0.00000E+00  0.00000E+00   0.00000E+00  0.00000E+00   0.00000E+00  0.00000E+00   0.00000E+00  3.78796E-02   7.81964E+00  7.56277E-02   7.92596E+00  7.52356E-02   8.24602E+00  7.45882E-02   8.78207E+00  7.36959E-02   9.53895E+00  7.25715E-02   1.05226E+01  7.12329E-02   1.17405E+01  6.96997E-02   1.32039E+01  6.79973E-02   1.49221E+01  6.61520E-02   1.69110E+01  6.41946E-02   1.91827E+01  6.21586E-02   2.17557E+01  6.00792E-02   2.46435E+01  5.79956E-02   2.78645E+01  5.59462E-02   3.14307E+01  5.39739E-02   3.53519E+01  5.21189E-02   3.96346E+01  5.04214E-02   4.42673E+01  4.89216E-02   4.92419E+01  4.76483E-02   5.45172E+01  4.66351E-02   6.00567E+01  4.58950E-02   6.57951E+01  4.54410E-02   7.16634E+01  4.52739E-02   7.75898E+01  4.53766E-02   8.34928E+01  4.57401E-02   8.93113E+01  4.63278E-02   9.49867E+01  4.71145E-02   1.00478E+02  4.80678E-02   1.05763E+02  4.91476E-02   1.10831E+02  5.03287E-02   1.15676E+02  5.15766E-02   1.20315E+02  5.28630E-02   1.24752E+02  5.41657E-02   1.29000E+02  5.54714E-02   1.33092E+02  5.67598E-02   1.37028E+02  5.80151E-02   1.40835E+02  5.92282E-02   1.44536E+02  6.03749E-02   1.48124E+02  6.14625E-02   1.51632E+02  6.24974E-02   1.55072E+02  6.34590E-02   1.58442E+02  6.43444E-02   1.61763E+02 
 0.00000E+00   0.00000E+00  0.00000E+00   0.00000E+00  0.00000E+00   0.00000E+00  0.00000E+00   0.00000E+00  0.00000E+00   0.00000E+00  0.00000E+00   0.00000E+00  0.00000E+00   0.00000E+00  0.00000E+00   0.00000E+00  0.00000E+00   0.00000E+00  0.00000E+00   0.00000E+00  0.00000E+00   0.00000E+00  0.00000E+00   0.00000E+00  0.00000E+00   0.00000E+00  0.00000E+00   0.00000E+00  0.00000E+00   0.00000E+00  0.00000E+00   0.00000E+00  0.00000E+00   0.00000E+00  0.00000E+00   0.00000E+00  0.00000E+00   0.00000E+00  0.00000E+00   0.00000E+00  0.00000E+00   0.00000E+00  0.00000E+00   0.00000E+00  0.00000E+00   0.00000E+00  0.00000E+00   0.00000E+00  0.00000E+00   0.00000E+00  0.00000E+00   0.00000E+00  0.00000E+00   0.00000E+00  0.00000E+00   0.00000E+00  0.00000E+00   0.00000E+00  0.00000E+00   0.00000E+00  0.00000E+00   0.00000E+00  0.00000E+00   0.00000E+00  0.00000E+00   0.00000E+00  0.00000E+00   0.00000E+00  0.00000E+00   0.00000E+00  0.00000E+00   0.00000E+00  0.00000E+00   0.00000E+00  0.00000E+00   0.00000E+00  3.64150E-02   1.02583E+01  7.27068E-02   1.03637E+01  7.23394E-02   1.06815E+01  7.17330E-02   1.12133E+01  7.08965E-02   1.19645E+01  6.98427E-02   1.29398E+01  6.85873E-02   1.41479E+01  6.71493E-02   1.55975E+01  6.55518E-02   1.72998E+01  6.38191E-02   1.92683E+01  6.19807E-02   2.15153E+01  6.00665E-02   2.40584E+01  5.81107E-02   2.69096E+01  5.61484E-02   3.00884E+01  5.42164E-02   3.36021E+01  5.23539E-02   3.74662E+01  5.05977E-02   4.16795E+01  4.89876E-02   4.62385E+01  4.75576E-02   5.11319E+01  4.63391E-02   5.63211E+01  4.53616E-02   6.17775E+01  4.46391E-02   6.74300E+01  4.41880E-02   7.32239E+01  4.40051E-02   7.90806E+01  4.40826E-02   8.49250E+01  4.44081E-02   9.07012E+01  4.49482E-02   9.63404E+01  4.56851E-02   1.01814E+02  4.65795E-02   1.07091E+02  4.76005E-02   1.12155E+02  4.87241E-02   1.17010E+02  4.99134E-02   1.21657E+02  5.11498E-02   1.26106E+02  5.24138E-02   1.30378E+02  5.36831E-02   1.34485E+02  5.49350E-02   1.38439E+02  5.61572E-02   1.42268E+02  5.73359E-02   1.45976E+02  5.84659E-02   1.49578E+02  5.95541E-02   1.53108E+02  6.05755E-02   1.56558E+02  6.15242E-02   1.59939E+02  6.24128E-02   1.63277E+02 
 0.00000E+00   0.00000E+00  0.00000E+00   0.00000E+00  0.00000E+00   0.00000E+00  0.00000E+00   0.00000E+00  0.00000E+00   0.00000E+00  0.00000E+00   0.00000E+00  0.00000E+00   0.00000E+00  0.00000E+00   0.00000E+00  0.00000E+00   0.00000E+00  0.00000E+00   0.00000E+00  0.00000E+00   0.00000E+00  0.00000E+00   0.00000E+00  0.00000E+00   0.00000E+00  0.00000E+00   0.00000E+00  0.00000E+00   0.00000E+00  0.00000E+00   0.00000E+00  0.00000E+00   0.00000E+00  0.00000E+00   0.00000E+00  0.00000E+00   0.00000E+00  0.00000E+00   0.00000E+00  0.00000E+00   0.00000E+00  0.00000E+00   0.00000E+00  0.00000E+00   0.00000E+00  0.00000E+00   0.00000E+00  0.00000E+00   0.00000E+00  0.00000E+00   0.00000E+00  0.00000E+00   0.00000E+00  0.00000E+00   0.00000E+00  0.00000E+00   0.00000E+00  0.00000E+00   0.00000E+00  0.00000E+00   0.00000E+00  0.00000E+00   0.00000E+00  0.00000E+00   0.00000E+00  0.00000E+00   0.00000E+00  0.00000E+00   0.00000E+00  0.00000E+00   0.00000E+00  0.00000E+00   0.00000E+00  0.00000E+00   0.00000E+00  3.50010E-02   1.27500E+01  6.98867E-02   1.28544E+01  6.95425E-02   1.31699E+01  6.89748E-02   1.36974E+01  6.81913E-02   1.44424E+01  6.72041E-02   1.54093E+01  6.60277E-02   1.66067E+01  6.46799E-02   1.80424E+01  6.31817E-02   1.97281E+01  6.15565E-02   2.16749E+01  5.98305E-02   2.38970E+01  5.80325E-02   2.64088E+01  5.61935E-02   2.92236E+01  5.43464E-02   3.23587E+01  5.25254E-02   3.58217E+01  5.07666E-02   3.96287E+01  4.91051E-02   4.37748E+01  4.75773E-02   4.82651E+01  4.62159E-02   5.30775E+01  4.50513E-02   5.81893E+01  4.41106E-02   6.35618E+01  4.34087E-02   6.91329E+01  4.29631E-02   7.48541E+01  4.27675E-02   8.06361E+01  4.28225E-02   8.64274E+01  4.31093E-02   9.21510E+01  4.36035E-02   9.77559E+01  4.42892E-02   1.03209E+02  4.51239E-02   1.08468E+02  4.60922E-02   1.13535E+02  4.71609E-02   1.18393E+02  4.83000E-02   1.23050E+02  4.94958E-02   1.27519E+02  5.07146E-02   1.31803E+02  5.19378E-02   1.35924E+02  5.31485E-02   1.39895E+02  5.43363E-02   1.43735E+02  5.54955E-02   1.47457E+02  5.66156E-02   1.51085E+02  5.76817E-02   1.54629E+02  5.86839E-02   1.58085E+02  5.96345E-02   1.61482E+02  6.05227E-02   1.64828E+02 
 0.00000E+00   0.00000E+00  0.00000E+00   0.00000E+00  0.00000E+00   0.00000E+00  0.00000E+00   0.00000E+00  0.00000E+00   0.00000E+00  0.00000E+00   0.00000E+00  0.00000E+00   0.00000E+00  0.00000E+00   0.00000E+00  0.00000E+00   0.00000E+00  0.00000E+00   0.00000E+00  0.00000E+00   0.00000E+00  0.00000E+00   0.00000E+00  0.00000E+00   0.00000E+00  0.00000E+00   0.00000E+00  0.00000E+00   0.00000E+00  0.00000E+00   0.00000E+00  0.00000E+00   0.00000E+00  0.00000E+00   0.00000E+00  0.00000E+00   0.00000E+00  0.00000E+00   0.00000E+00  0.00000E+00   0.00000E+00  0.00000E+00   0.00000E+00  0.00000E+00   0.00000E+00  0.00000E+00   0.00000E+00  0.00000E+00   0.00000E+00  0.00000E+00   0.00000E+00  0.00000E+00   0.00000E+00  0.00000E+00   0.00000E+00  0.00000E+00   0.00000E+00  0.00000E+00   0.00000E+00  0.00000E+00   0.00000E+00  0.00000E+00   0.00000E+00  0.00000E+00   0.00000E+00  0.00000E+00   0.00000E+00  0.00000E+00   0.00000E+00  0.00000E+00   0.00000E+00  0.00000E+00   0.00000E+00  0.00000E+00   0.00000E+00  3.36415E-02   1.52875E+01  6.71754E-02   1.53916E+01  6.68534E-02   1.57040E+01  6.63218E-02   1.62274E+01  6.55887E-02   1.69660E+01  6.46643E-02   1.79243E+01  6.35626E-02   1.91108E+01  6.23000E-02   2.05324E+01  6.08956E-02   2.22014E+01  5.93712E-02   2.41269E+01  5.77515E-02   2.63248E+01  5.60623E-02   2.88056E+01  5.43332E-02   3.15865E+01  5.25942E-02   3.46791E+01  5.08771E-02   3.80955E+01  4.92168E-02   4.18471E+01  4.76434E-02   4.59323E+01  4.61952E-02   5.03550E+01  4.48983E-02   5.50917E+01  4.37867E-02   6.01279E+01  4.28812E-02   6.54143E+01  4.22010E-02   7.09085E+01  4.17602E-02   7.65461E+01  4.15532E-02   8.22579E+01  4.15877E-02   8.79858E+01  4.18361E-02   9.36550E+01  4.22916E-02   9.92286E+01  4.29277E-02   1.04651E+02  4.37121E-02   1.09905E+02  4.46340E-02   1.14970E+02  4.56483E-02   1.19831E+02  4.67410E-02   1.24502E+02  4.78854E-02   1.28974E+02  4.90510E-02   1.33270E+02  5.02326E-02   1.37406E+02  5.14088E-02   1.41390E+02  5.25743E-02   1.45250E+02  5.37120E-02   1.48994E+02  5.48013E-02   1.52636E+02  5.58467E-02   1.56185E+02  5.68457E-02   1.59653E+02  5.77904E-02   1.63065E+02  5.86668E-02   1.66421E+02 
 0.00000E+00   0.00000E+00  0.00000E+00   0.00000E+00  0.00000E+00   0.00000E+00  0.00000E+00   0.00000E+00  0.00000E+00   0.00000E+00  0.00000E+00   0.00000E+00  0.00000E+00   0.00000E+00  0.00000E+00   0.00000E+00  0.00000E+00   0.00000E+00  0.00000E+00   0.00000E+00  0.00000E+00   0.00000E+00  0.00000E+00   0.00000E+00  0.00000E+00   0.00000E+00  0.00000E+00   0.00000E+00  0.00000E+00   0.00000E+00  0.00000E+00   0.00000E+00  0.00000E+00   0.00000E+00  0.00000E+00   0.00000E+00  0.00000E+00   0.00000E+00  0.00000E+00   0.00000E+00  0.00000E+00   0.00000E+00  0.00000E+00   0.00000E+00  0.00000E+00   0.00000E+00  0.00000E+00   0.00000E+00  0.00000E+00   0.00000E+00  0.00000E+00   0.00000E+00  0.00000E+00   0.00000E+00  0.00000E+00   0.00000E+00  0.00000E+00   0.00000E+00  0.00000E+00   0.00000E+00  0.00000E+00   0.00000E+00  0.00000E+00   0.00000E+00  0.00000E+00   0.00000E+00  0.00000E+00   0.00000E+00  0.00000E+00   0.00000E+00  0.00000E+00   0.00000E+00  0.00000E+00   0.00000E+00  0.00000E+00   0.00000E+00  3.23373E-02   1.78732E+01  6.45736E-02   1.79765E+01  6.42722E-02   1.82863E+01  6.37749E-02   1.88057E+01  6.30880E-02   1.95376E+01  6.22226E-02   2.04881E+01  6.11902E-02   2.16633E+01  6.00065E-02   2.30721E+01  5.86895E-02   2.47243E+01  5.72585E-02   2.66303E+01  5.57374E-02   2.88042E+01  5.41490E-02   3.12565E+01  5.25225E-02   3.40044E+01  5.08832E-02   3.70566E+01  4.92649E-02   4.04286E+01  4.76951E-02   4.41255E+01  4.62080E-02   4.81523E+01  4.48343E-02   5.25051E+01  4.36014E-02   5.71684E+01  4.25431E-02   6.21223E+01  4.16717E-02   6.73246E+01  4.10179E-02   7.27342E+01  4.05801E-02   7.82890E+01  4.03692E-02   8.39309E+01  4.03829E-02   8.95938E+01  4.05992E-02   9.52215E+01  4.10211E-02   1.00759E+02  4.16077E-02   1.06164E+02  4.23492E-02   1.11408E+02  4.32182E-02   1.16461E+02  4.41775E-02   1.21326E+02  4.52217E-02   1.25993E+02  4.63108E-02   1.30471E+02  4.74365E-02   1.34785E+02  4.85835E-02   1.38932E+02  4.97282E-02   1.42937E+02  5.08638E-02   1.46817E+02  5.19616E-02   1.50569E+02  5.30292E-02   1.54220E+02  5.40676E-02   1.57783E+02  5.50518E-02   1.61268E+02  5.59803E-02   1.64695E+02  5.68505E-02   1.68058E+02 
 0.00000E+00   0.00000E+00  0.00000E+00   0.00000E+00  0.00000E+00   0.00000E+00  0.00000E+00   0.00000E+00  0.00000E+00   0.00000E+00  0.00000E+00   0.00000E+00  0.00000E+00   0.00000E+00  0.00000E+00   0.00000E+00  0.00000E+00   0.00000E+00  0.00000E+00   0.00000E+00  0.00000E+00   0.00000E+00  0.00000E+00   0.00000E+00  0.00000E+00   0.00000E+00  0.00000E+00   0.00000E+00  0.00000E+00   0.00000E+00  0.00000E+00   0.00000E+00  0.00000E+00   0.00000E+00  0.00000E+00   0.00000E+00  0.00000E+00   0.00000E+00  0.00000E+00   0.00000E+00  0.00000E+00   0.00000E+00  0.00000E+00   0.00000E+00  0.00000E+00   0.00000E+00  0.00000E+00   0.00000E+00  0.00000E+00   0.00000E+00  0.00000E+00   0.00000E+00  0.00000E+00   0.00000E+00  0.00000E+00   0.00000E+00  0.00000E+00   0.00000E+00  0.00000E+00   0.00000E+00  0.00000E+00   0.00000E+00  0.00000E+00   0.00000E+00  0.00000E+00   0.00000E+00  0.00000E+00   0.00000E+00  0.00000E+00   0.00000E+00  0.00000E+00   0.00000E+00  0.00000E+00   0.00000E+00  0.00000E+00   0.00000E+00  3.10829E-02   2.05072E+01  6.20716E-02   2.06097E+01  6.17890E-02   2.09170E+01  6.13229E-02   2.14322E+01  6.06794E-02   2.21581E+01  5.98679E-02   2.31006E+01  5.88995E-02   2.42654E+01  5.77895E-02   2.56617E+01  5.65525E-02   2.72976E+01  5.52097E-02   2.91850E+01  5.37796E-02   3.13351E+01  5.22871E-02   3.37604E+01  5.07566E-02   3.64745E+01  4.92138E-02   3.94877E+01  4.76896E-02   4.28138E+01  4.62083E-02   4.64562E+01  4.48063E-02   5.04221E+01  4.35040E-02   5.47041E+01  4.23384E-02   5.92915E+01  4.13274E-02   6.41639E+01  4.04949E-02   6.92830E+01  3.98628E-02   7.46119E+01  3.94292E-02   8.00931E+01  3.92167E-02   8.56677E+01  3.92057E-02   9.12799E+01  3.93985E-02   9.68614E+01  3.97822E-02   1.02364E+02  4.03238E-02   1.07744E+02  4.10231E-02   1.12959E+02  4.18357E-02   1.18003E+02  4.27493E-02   1.22860E+02  4.37455E-02   1.27525E+02  4.47899E-02   1.32024E+02  4.58804E-02   1.36347E+02  4.69858E-02   1.40508E+02  4.80923E-02   1.44534E+02  4.91872E-02   1.48416E+02  5.02596E-02   1.52180E+02  5.13188E-02   1.55854E+02  5.23340E-02   1.59428E+02  5.32954E-02   1.62928E+02  5.42150E-02   1.66363E+02  5.50811E-02   1.69723E+02 
 0.00000E+00   0.00000E+00  0.00000E+00   0.00000E+00  0.00000E+00   0.00000E+00  0.00000E+00   0.00000E+00  0.00000E+00   0.00000E+00  0.00000E+00   0.00000E+00  0.00000E+00   0.00000E+00  0.00000E+00   0.00000E+00  0.00000E+00   0.00000E+00  0.00000E+00   0.00000E+00  0.00000E+00   0.00000E+00  0.00000E+00   0.00000E+00  0.00000E+00   0.00000E+00  0.00000E+00   0.00000E+00  0.00000E+00   0.00000E+00  0.00000E+00   0.00000E+00  0.00000E+00   0.00000E+00  0.00000E+00   0.00000E+00  0.00000E+00   0.00000E+00  0.00000E+00   0.00000E+00  0.00000E+00   0.00000E+00  0.00000E+00   0.00000E+00  0.00000E+00   0.00000E+00  0.00000E+00   0.00000E+00  0.00000E+00   0.00000E+00  0.00000E+00   0.00000E+00  0.00000E+00   0.00000E+00  0.00000E+00   0.00000E+00  0.00000E+00   0.00000E+00  0.00000E+00   0.00000E+00  0.00000E+00   0.00000E+00  0.00000E+00   0.00000E+00  0.00000E+00   0.00000E+00  0.00000E+00   0.00000E+00  0.00000E+00   0.00000E+00  0.00000E+00   0.00000E+00  0.00000E+00   0.00000E+00  0.00000E+00   0.00000E+00  2.98738E-02   2.31917E+01  5.96587E-02   2.32930E+01  5.93946E-02   2.35983E+01  5.89573E-02   2.41093E+01  5.83547E-02   2.48294E+01  5.75939E-02   2.57640E+01  5.66865E-02   2.69189E+01  5.56455E-02   2.83021E+01  5.44857E-02   2.99224E+01  5.32262E-02   3.17904E+01  5.18840E-02   3.39164E+01  5.04841E-02   3.63137E+01  4.90453E-02   3.89927E+01  4.75975E-02   4.19660E+01  4.61615E-02   4.52437E+01  4.47686E-02   4.88313E+01  4.34435E-02   5.27354E+01  4.22122E-02   5.69480E+01  4.11063E-02   6.14637E+01  4.01387E-02   6.62593E+01  3.93441E-02   7.13028E+01  3.87262E-02   7.65601E+01  3.83040E-02   8.19689E+01  3.80846E-02   8.74831E+01  3.80560E-02   9.30346E+01  3.82290E-02   9.85611E+01  3.85721E-02   1.04023E+02  3.90795E-02   1.09360E+02  3.97333E-02   1.14555E+02  4.04973E-02   1.19590E+02  4.13719E-02   1.24439E+02  4.23191E-02   1.29122E+02  4.33217E-02   1.33628E+02  4.43692E-02   1.37954E+02  4.54286E-02   1.42136E+02  4.64982E-02   1.46165E+02  4.75649E-02   1.50056E+02  4.86213E-02   1.53849E+02  4.96529E-02   1.57530E+02  5.06359E-02   1.61113E+02  5.15859E-02   1.64628E+02  5.24967E-02   1.68060E+02  5.33557E-02   1.71434E+02 
