/rn,a,b/nx0/ls1
/r,qa,qb
81 -0.4 0.4 0 OUTPUT_AMP_PHASE_3D Wavelength=0.8
81 -0.4 0.4
 3.22697E-06   2.80315E+02  3.72827E-06   2.61608E+02  1.60523E-06   7.88061E+01  5.40849E-06   1.26582E+02  1.92625E-06   2.39743E+02  1.25282E-06   2.78596E+01  2.03715E-06   2.45182E+01  3.59683E-06   2.90888E+02  3.31497E-06   7.51626E+01  4.82510E-07   2.46102E+02  3.34996E-06   1.94950E+02  1.90021E-06   9.39293E+01  3.43952E-06   2.41294E+02  1.30256E-06   8.19614E+01  2.59116E-06   3.40721E+02  6.18410E-07   1.26135E+02  3.16811E-06   1.83583E+01  7.49342E-07   1.65881E+02  8.92703E-07   7.44929E+01  8.34045E-07   2.36439E+02  2.10379E-06   1.81761E+02  1.55283E-06   2.62048E+02  2.24499E-06   2.00324E+02  1.64001E-06   2.63322E+02  8.13011E-07   2.32769E+02  1.04356E-06   2.59439E+02  1.07998E-06   3.56490E+02  3.14303E-08   3.15729E+02  2.04327E-06   1.08934E+01  1.17838E-06   8.19933E+01  2.43766E-06   1.15231E+01  1.95176E-06   8.10853E+01  2.30382E-06   1.50787E+01  2.21876E-06   7.71458E+01  2.00168E-06   1.81006E+01  2.37794E-06   7.38645E+01  1.67050E-06   1.46610E+01  2.39448E-06   7.27269E+01  1.50232E-06   1.44093E+01  2.23892E-06   7.02380E+01  1.35553E-06   1.96280E+01  2.27241E-06   6.68169E+01  1.40945E-06   1.51140E+01  2.39464E-06   7.69330E+01  1.82766E-06   1.11077E+01  2.52332E-06   8.81522E+01  2.09296E-06   1.38802E+01  2.68833E-06   9.59516E+01  2.05186E-06   1.62993E+01  2.90890E-06   1.05234E+02  1.81946E-06   1.68620E+01  2.87994E-06   1.17179E+02  1.14285E-06   2.13955E+01  2.08689E-06   1.31430E+02  2.67235E-07   1.09534E+02  7.38955E-07   2.09066E+02  1.28170E-06   1.83885E+02  2.60771E-06   2.90730E+02  1.61514E-06   2.06451E+02  4.06404E-06   3.03210E+02  1.09406E-06   2.71105E+02  2.74361E-06   3.13515E+02  2.15686E-06   3.41271E+02  1.55054E-06   1.12632E+02  2.33761E-06   1.54722E+01  4.58540E-06   1.28703E+02  1.74274E-06   1.17715E+02  2.24415E-06   1.39910E+02  3.43490E-06   1.78348E+02  2.73560E-06   2.94713E+02  2.58253E-06   2.58103E+02  1.96645E-06   3.10603E+02  3.90731E-06   3.43338E+02  2.43576E-06   1.00453E+02  4.04466E-06   7.54862E+01  7.31518E-07   2.67861E+02  2.84374E-06   1.65223E+02  3.30341E-06   2.37062E+02  6.20957E-06   2.77193E+02  4.25563E-06   8.45508E+01  5.58307E-06   6.75848E+01 
 2.90524E-06   2.88008E+02  3.20758E-06   8.72266E+01  3.54286E-06   1.07766E+02  1.61776E-06   2.25787E+02  1.71738E-06   3.37290E+02  2.26787E-06   3.43308E+01  3.17075E-06   2.66954E+02  1.05381E-06   1.00858E+02  8.53913E-07   1.77608E+02  4.18450E-06   2.21953E+02  2.32678E-06   9.04645E+01  1.53409E-06   3.22042E+02  1.59201E-06   7.16987E+01  4.88694E-06   3.54837E+01  7.64945E-07   3.04544E+02  2.85807E-06   7.10089E+01  1.95573E-06   2.72341E+02  2.54063E-06   1.83009E+02  1.96511E-06   2.50566E+02  3.10126E-06   2.16589E+02  1.32723E-06   2.10376E+02  1.73871E-06   2.55810E+02  1.23967E-06   1.30844E+02  1.48410E-06   3.36814E+02  1.92275E-06   9.50187E+01  1.99924E-06   1.08512E+01  2.23851E-06   7.27795E+01  1.41572E-06   2.78744E+01  2.24742E-06   5.01007E+01  5.85863E-07   6.79385E+01  2.02531E-06   2.48951E+01  6.57760E-07   1.41592E+02  1.88625E-06   3.54481E+02  1.02662E-06   1.58324E+02  2.19972E-06   3.34227E+02  1.34669E-06   1.73886E+02  2.52326E-06   3.29538E+02  1.43324E-06   1.81342E+02  2.63791E-06   3.22723E+02  1.19674E-06   1.72969E+02  2.83756E-06   3.17341E+02  1.15645E-06   1.64948E+02  2.90044E-06   3.21839E+02  1.06371E-06   1.67338E+02  2.91037E-06   3.29255E+02  9.54590E-07   1.55103E+02  2.75724E-06   3.34634E+02  7.77006E-07   1.19437E+02  2.06325E-06   3.46421E+02  7.86361E-07   6.80119E+01  1.35114E-06   2.76002E+01  9.81662E-07   4.09839E+01  1.84478E-06   8.42390E+01  9.36480E-07   2.43355E+01  3.02059E-06   1.14397E+02  7.53957E-07   3.50128E+02  3.63861E-06   1.32185E+02  7.18944E-07   2.66088E+02  2.15756E-06   1.51306E+02  1.72795E-06   2.22045E+02  1.67885E-06   2.89395E+02  1.74818E-06   2.24862E+02  4.21762E-06   3.12466E+02  1.10926E-06   3.28566E+02  2.73195E-06   3.22664E+02  3.22296E-06   1.41273E+01  2.04321E-06   1.21372E+02  2.30510E-06   5.45125E+01  3.29364E-06   1.35955E+02  3.72535E-06   1.60232E+02  1.64928E-06   2.67979E+02  3.63886E-06   2.02926E+02  2.71405E-06   2.93228E+02  3.47149E-06   3.19073E+02  3.07795E-06   9.65753E+01  3.47312E-06   4.71921E+01  1.66350E-06   3.64488E+01  4.26307E-06   1.31141E+02  5.70987E-06   2.54521E+02  6.16555E-06   2.70224E+02  3.84123E-06   9.90140E+01 
 3.97652E-06   8.96509E+01  3.39852E-06   1.34855E+02  3.02059E-06   2.49640E+02  4.65543E-07   1.50784E+02  2.25370E-06   2.52772E+01  2.44721E-06   2.59490E+02  8.85292E-07   1.52202E+02  8.07286E-07   4.53834E+01  3.00541E-06   2.11606E+02  2.90247E-06   6.93838E+01  2.92413E-06   3.61809E+01  9.62274E-07   2.76242E+01  3.40337E-06   4.52565E+01  2.01858E-06   2.65988E+02  2.14706E-06   2.14678E+02  2.10119E-06   2.27079E+02  4.56028E-06   2.32696E+02  2.16913E-06   1.64446E+02  2.28453E-06   2.65047E+02  2.19545E-06   1.29968E+02  2.21679E-06   1.30563E+01  1.52710E-06   8.56628E+01  2.92339E-06   3.85173E+01  1.68263E-06   1.81241E+01  1.99034E-06   6.02508E+01  2.36240E-06   3.39660E+02  1.13994E-06   1.09454E+02  2.85874E-06   3.19218E+02  1.16478E-06   1.61444E+02  2.69801E-06   3.06193E+02  1.14057E-06   1.94077E+02  2.15959E-06   2.95242E+02  9.12165E-07   2.13882E+02  1.75864E-06   2.80286E+02  5.55870E-07   2.42317E+02  1.36946E-06   2.62745E+02  6.43279E-07   2.84347E+02  9.98221E-07   2.44486E+02  7.72816E-07   2.99375E+02  8.92464E-07   2.43633E+02  6.19038E-07   2.98429E+02  8.14375E-07   2.66903E+02  6.11408E-07   2.90968E+02  8.51126E-07   2.80961E+02  5.90254E-07   3.00630E+02  1.25404E-06   2.97359E+02  2.62541E-07   3.09359E+02  2.06195E-06   3.12807E+02  3.08799E-07   1.25728E+02  2.94181E-06   3.21857E+02  8.32094E-07   1.09458E+02  3.29479E-06   3.26977E+02  1.32503E-06   8.85980E+01  2.78898E-06   3.30921E+02  1.89555E-06   7.04630E+01  1.25317E-06   3.39014E+02  1.99835E-06   5.67380E+01  1.16326E-06   1.31833E+02  1.11302E-06   3.47236E+01  2.93175E-06   1.45110E+02  8.98102E-07   2.56589E+02  2.29671E-06   1.52783E+02  2.53489E-06   2.34671E+02  6.97049E-07   2.93435E+02  1.99133E-06   2.44011E+02  2.39979E-06   3.21718E+02  1.72959E-06   3.56880E+02  4.97794E-07   5.36778E+01  3.23821E-06   2.25689E+01  3.08232E-06   1.30854E+02  1.13562E-06   1.15997E+02  5.04497E-07   2.37879E+02  3.47297E-06   1.85975E+02  3.92508E-06   2.90644E+02  1.94368E-06   3.05270E+02  2.18842E-06   1.35497E+02  2.78815E-06   5.65861E+00  4.02288E-06   7.03922E+01  3.90718E-06   1.27281E+02  4.92240E-06   2.65127E+02  4.44540E-06   2.71022E+02 
 3.51439E-06   1.67674E+02  3.42380E-06   2.59650E+02  1.30202E-06   7.57060E+01  3.40080E-06   4.83799E+01  3.77439E-06   2.98261E+02  1.96546E-06   1.70343E+02  1.63199E-06   1.49349E+01  2.65640E-06   2.03325E+02  2.46552E-06   9.82225E+01  3.56885E-06   2.69058E+01  7.76731E-07   2.50744E+02  1.21064E-06   3.54558E+02  1.83318E-06   2.52637E+02  3.37136E-06   2.29377E+02  1.48322E-06   1.75381E+02  1.11866E-06   2.27679E+02  1.83089E-06   1.36194E+02  2.84469E-06   4.77407E+01  5.18069E-07   5.55399E+01  3.61790E-06   5.65100E+01  2.31830E-06   3.30236E+02  1.59453E-06   8.69868E+01  3.15866E-06   3.24858E+02  1.49957E-06   1.95122E+02  2.14208E-06   3.19194E+02  2.19946E-06   2.28289E+02  3.35826E-07   2.94337E+02  2.12692E-06   2.50541E+02  1.15583E-06   1.42698E+02  1.72424E-06   2.75317E+02  2.10645E-06   1.39755E+02  1.61495E-06   3.06798E+02  2.57654E-06   1.41572E+02  1.59229E-06   3.29524E+02  2.47972E-06   1.43451E+02  1.38259E-06   3.38083E+02  2.25341E-06   1.41877E+02  1.24889E-06   3.35315E+02  2.20773E-06   1.43458E+02  1.28519E-06   3.38463E+02  2.12143E-06   1.49576E+02  1.21825E-06   3.34852E+02  2.06975E-06   1.46988E+02  1.33259E-06   3.21863E+02  2.01259E-06   1.43730E+02  1.46882E-06   3.11968E+02  1.92255E-06   1.38923E+02  1.73099E-06   3.05764E+02  1.73670E-06   1.30033E+02  1.82827E-06   2.99860E+02  1.31118E-06   1.05728E+02  1.56140E-06   2.86316E+02  1.26581E-06   4.80270E+01  8.22693E-07   2.60843E+02  1.86383E-06   7.66437E+00  4.03110E-07   1.14538E+02  2.04874E-06   3.48051E+02  1.61242E-06   7.93659E+01  1.51420E-06   3.24249E+02  2.28975E-06   6.76553E+01  9.57566E-07   2.51203E+02  1.44336E-06   4.80611E+01  1.29653E-06   1.96979E+02  1.11224E-06   2.80259E+02  3.72899E-07   2.12492E+02  2.09322E-06   2.47451E+02  1.70149E-06   3.36989E+02  5.12616E-07   1.89313E+02  8.34906E-07   3.43770E+02  2.20990E-06   5.56882E+01  2.87304E-06   1.46866E+02  4.80748E-07   5.76405E+01  1.35115E-06   1.21414E+02  3.21380E-06   1.99303E+02  4.18258E-06   3.20604E+02  4.99600E-07   6.42181E+01  1.99846E-06   2.18267E+02  2.76098E-06   1.06185E+01  3.11012E-06   8.47457E+01  2.82320E-06   1.55056E+02  2.03495E-06   2.15742E+02 
 3.65394E-06   2.84373E+02  2.99773E-06   6.70608E+01  3.55083E-06   6.12637E+01  4.67331E-06   2.81895E+02  2.88785E-06   2.10057E+02  1.93034E-06   1.07906E+02  1.65881E-06   2.27969E+02  3.45410E-06   1.16842E+02  4.20739E-06   1.94028E+01  1.80735E-06   3.22523E+02  6.65742E-07   2.21100E+02  1.38019E-06   3.11440E+02  2.48985E-06   2.01278E+02  1.92490E-06   1.61408E+02  1.17740E-06   6.72439E+01  1.70056E-06   1.73519E+02  1.90921E-06   4.32691E+01  1.24159E-06   3.13503E+02  6.04417E-07   2.39447E+02  2.45785E-06   3.35857E+02  2.55927E-06   2.35795E+02  1.39323E-06   9.35556E+00  2.68893E-06   2.50657E+02  1.57664E-06   1.04649E+02  1.71259E-06   2.89190E+02  2.43171E-06   1.34586E+02  1.67500E-06   3.54106E+02  2.18797E-06   1.55470E+02  2.08915E-06   2.94069E+01  1.43588E-06   1.85471E+02  2.01000E-06   4.78654E+01  1.25608E-06   2.30895E+02  1.88040E-06   6.53758E+01  1.84070E-06   2.58130E+02  1.90844E-06   7.99565E+01  2.25345E-06   2.65845E+02  1.72513E-06   9.14695E+01  2.26561E-06   2.69528E+02  1.57328E-06   1.03489E+02  2.39573E-06   2.73434E+02  1.75484E-06   1.11572E+02  2.53207E-06   2.73914E+02  1.66366E-06   1.08990E+02  2.44854E-06   2.66757E+02  1.43182E-06   9.52654E+01  2.39620E-06   2.57870E+02  1.27200E-06   7.73160E+01  2.25051E-06   2.53425E+02  1.10992E-06   5.77381E+01  1.77837E-06   2.51644E+02  9.86846E-07   1.73109E+01  8.24830E-07   2.30838E+02  1.51919E-06   3.34046E+02  6.87579E-07   1.16754E+02  1.81504E-06   3.16862E+02  1.67151E-06   7.92490E+01  1.30939E-06   2.99069E+02  2.33185E-06   6.64821E+01  3.32132E-07   2.26468E+02  1.83815E-06   6.29580E+01  1.33369E-06   1.20106E+02  3.14931E-07   1.34172E+02  1.38249E-06   1.00161E+02  1.76074E-06   2.11518E+02  9.90881E-07   3.24795E+02  1.45128E-06   2.26343E+02  2.79086E-06   2.89882E+02  1.77817E-06   3.47750E+02  1.25208E-06   2.83213E+02  2.18280E-06   4.32006E+00  2.71996E-06   7.22382E+01  2.37301E-06   1.70029E+02  1.40239E-06   7.52319E+01  2.85785E-06   1.70273E+02  3.95986E-06   2.29196E+02  3.48441E-06   3.57844E+02  6.71938E-08   2.88678E+02  7.20040E-07   2.03658E+02  3.79981E-06   3.60191E+01  1.62469E-06   3.27814E+02  2.49835E-06   1.95893E+02 
 1.63186E-06   8.74870E+01  2.95100E-06   8.32609E+01  5.53371E-06   2.64694E+02  2.76357E-06   2.34274E+02  3.35010E-06   8.46134E+01  7.32774E-07   1.23551E+02  1.99092E-06   6.11954E+01  3.49424E-06   3.15124E+01  3.62131E-06   3.24111E+02  1.88022E-06   2.06477E+02  1.16124E-06   2.04139E+02  1.54465E-06   2.18020E+02  4.16255E-06   1.73225E+02  1.20405E-06   1.11062E+01  1.20863E-06   2.05222E+02  5.43638E-07   3.52718E+02  2.78595E-06   3.50537E+02  1.07668E-06   2.39901E+02  3.04771E-06   1.55720E+01  6.19130E-07   2.61213E+02  1.41363E-06   5.77741E+01  1.00781E-06   3.95538E+01  1.12472E-06   1.66999E+02  1.97099E-06   5.41146E+01  1.98466E-06   2.17763E+02  1.94735E-06   6.71898E+01  2.44056E-06   2.46166E+02  1.37356E-06   9.29077E+01  2.41462E-06   2.69836E+02  1.27496E-06   1.44075E+02  2.03882E-06   2.90278E+02  1.36068E-06   1.75191E+02  1.23638E-06   3.00507E+02  1.40744E-06   1.92159E+02  6.62156E-07   3.29624E+02  1.64359E-06   1.97954E+02  5.77487E-07   3.42308E+01  1.78535E-06   2.04006E+02  8.84125E-07   6.89239E+01  1.75597E-06   2.05467E+02  8.85197E-07   8.34838E+01  1.70561E-06   2.02752E+02  7.94360E-07   9.35200E+01  1.68593E-06   1.98402E+02  3.67697E-07   9.93864E+01  1.68790E-06   1.86925E+02  3.61661E-07   2.48905E+02  1.51981E-06   1.74086E+02  1.27261E-06   2.55918E+02  1.31165E-06   1.55494E+02  2.18529E-06   2.63679E+02  1.13911E-06   1.37575E+02  2.88459E-06   2.71094E+02  8.62597E-07   9.64304E+01  2.96685E-06   2.77550E+02  1.03834E-06   2.33990E+01  1.93061E-06   2.95867E+02  1.77705E-06   3.48738E+02  1.48945E-06   9.77390E+00  1.62074E-06   3.45579E+02  2.45722E-06   4.71365E+01  6.89985E-07   6.80808E+01  2.08674E-06   6.42472E+01  2.14733E-06   1.24482E+02  9.33834E-07   1.69496E+02  1.59440E-06   1.36755E+02  2.47680E-06   2.21001E+02  1.92412E-06   2.73421E+02  1.06825E-06   2.78025E+02  3.02797E-06   2.84823E+02  3.05558E-06   2.66741E+01  1.58321E-06   6.10330E+01  1.38141E-06   8.99602E+01  3.49309E-06   8.75353E+01  3.88566E-06   2.11705E+02  3.18993E-06   2.26114E+02  2.50671E-06   3.37302E+02  1.96107E-06   2.70704E+02  4.26979E-06   1.15802E+02  4.55262E-06   5.39445E+01  3.57000E-06   3.03895E+02 
 1.84562E-06   3.54660E+02  3.56647E-06   2.77840E+02  1.60452E-06   2.67927E+02  3.76157E-06   6.39354E+01  1.88767E-06   1.15111E+02  3.64673E-07   9.72833E+01  2.17293E-06   3.51721E+02  7.81958E-07   3.14825E+02  2.26442E-06   2.42105E+02  3.26021E-06   1.66775E+02  4.53534E-07   2.58571E+02  2.98363E-06   1.79656E+02  9.59478E-07   4.08768E+01  1.94976E-06   3.53096E+02  2.61032E-07   1.13641E+02  4.00479E-06   9.63630E+00  1.87923E-07   2.14389E+02  1.61823E-06   2.95674E+01  2.04733E-07   3.35279E+02  1.65968E-06   1.95366E+02  1.25032E-07   2.82290E+02  2.82911E-06   2.12254E+02  8.63079E-07   2.29171E+02  1.86203E-06   2.25492E+02  1.35300E-06   2.33433E+02  3.80402E-07   2.68492E+02  1.16256E-06   2.44794E+02  9.95900E-07   4.62551E+01  8.33203E-07   2.54961E+02  2.04640E-06   5.98458E+01  7.32864E-07   2.53638E+02  2.57289E-06   7.24974E+01  4.68367E-07   2.73477E+02  2.48149E-06   8.61355E+01  1.81622E-07   3.09464E+02  2.35567E-06   9.63211E+01  1.83884E-07   3.12068E+02  2.39601E-06   1.01130E+02  2.08965E-07   2.29433E+02  2.22389E-06   9.96682E+01  3.49482E-07   1.88812E+02  2.12397E-06   1.01367E+02  2.85853E-07   2.13267E+02  2.37748E-06   1.04143E+02  4.49991E-07   2.47465E+02  2.57828E-06   1.03799E+02  5.90747E-07   2.55355E+02  2.52637E-06   1.04606E+02  6.80195E-07   2.40710E+02  2.26048E-06   1.03367E+02  9.97895E-07   2.23654E+02  1.79347E-06   1.06553E+02  1.18477E-06   2.15733E+02  9.45886E-07   1.36141E+02  1.16208E-06   1.98989E+02  9.15286E-07   2.36563E+02  1.02516E-06   1.85501E+02  1.75141E-06   2.69355E+02  2.59866E-07   2.22916E+02  1.64036E-06   2.91904E+02  1.36072E-06   3.37404E+02  1.08097E-06   3.58266E+00  2.13202E-06   3.42653E+02  2.11522E-06   6.10798E+01  1.01723E-06   1.42464E+01  1.62182E-06   7.76273E+01  1.50578E-06   1.23178E+02  1.18672E-06   2.36208E+02  5.52294E-07   1.81635E+02  2.76925E-06   2.45337E+02  2.85943E-06   2.92811E+02  9.81431E-07   5.45394E+01  1.57548E-06   3.09769E+02  4.19660E-06   8.09675E+01  2.86215E-06   9.37136E+01  2.67706E-06   2.08525E+02  1.94847E-06   1.92644E+02  5.46812E-06   3.01573E+02  3.05601E-06   2.85447E+02  5.69094E-06   1.10312E+02  4.35144E-06   5.97785E+01 
 2.84554E-06   3.29442E+02  1.97700E-06   1.27912E+02  7.15804E-07   5.80304E+01  2.09834E-06   1.52654E+02  1.44885E-06   1.51038E+02  2.56689E-06   3.26358E+02  2.04123E-06   1.93760E+01  2.98397E-07   1.52639E+02  1.64184E-06   2.13429E+02  9.30627E-07   1.17592E+02  1.52528E-06   2.18786E+02  2.58393E-07   1.77024E+02  2.08268E-06   1.49508E+01  3.99092E-07   3.01390E+02  1.78111E-06   1.80216E+01  6.78874E-07   3.28763E+02  1.21517E-06   2.10359E+02  8.87417E-07   2.69413E+02  2.25026E-06   2.03330E+02  1.32427E-06   2.41353E+02  8.13843E-07   1.96069E+02  5.76510E-07   2.27504E+02  1.13059E-06   3.35466E+01  8.43816E-07   5.00249E+01  1.99081E-06   3.36468E+01  1.84916E-06   5.06445E+01  1.68787E-06   3.29134E+01  1.95007E-06   6.33509E+01  8.70376E-07   2.16966E+01  1.62786E-06   9.37463E+01  2.56995E-07   2.94859E+02  1.43095E-06   1.25721E+02  9.65294E-07   2.20378E+02  1.60312E-06   1.49684E+02  1.38867E-06   2.26035E+02  2.06896E-06   1.62143E+02  1.54334E-06   2.28747E+02  2.24282E-06   1.68223E+02  1.54176E-06   2.29265E+02  2.27993E-06   1.69556E+02  1.50505E-06   2.30053E+02  2.18713E-06   1.68524E+02  1.42570E-06   2.29911E+02  2.10177E-06   1.65050E+02  1.31244E-06   2.37786E+02  2.04105E-06   1.57267E+02  1.20622E-06   2.41175E+02  1.58616E-06   1.46356E+02  9.88139E-07   2.30970E+02  9.64595E-07   1.30769E+02  4.99984E-07   2.19269E+02  5.42947E-07   9.90708E+01  5.41318E-08   1.82521E+02  5.63668E-07   3.56714E+01  2.94253E-07   8.36920E+01  5.96968E-07   3.50579E+02  6.10301E-07   6.49677E+01  4.39201E-07   2.49710E+02  7.41835E-07   2.27804E+01  1.06805E-06   1.83643E+02  1.03425E-06   3.33241E+02  9.46067E-07   1.48032E+02  7.95885E-07   3.11691E+02  7.54896E-07   3.58096E+01  4.41245E-07   1.20565E+02  1.14699E-06   3.55876E+02  1.66441E-06   1.00926E+02  4.64126E-07   2.42352E+02  9.95968E-07   6.06325E+01  8.90699E-07   1.90934E+02  2.15745E-06   2.82858E+02  9.47092E-07   3.29694E+02  1.91690E-06   2.70237E+02  1.54387E-06   3.39244E+02  3.29107E-06   9.23932E+01  1.11461E-06   1.15189E+02  3.39529E-06   1.40341E+02  2.37276E-06   1.75848E+02  5.54545E-06   2.93146E+02  2.42333E-06   3.04768E+02  2.75709E-06   6.60462E+01 
 4.76075E-06   9.70121E+01  2.08546E-06   2.36812E+02  1.85958E-06   2.63356E+02  3.27194E-06   8.98948E+01  3.15150E-06   3.52826E+02  2.98595E-06   2.89578E+00  1.14352E-06   1.06611E+02  3.31112E-06   2.17905E+02  2.06983E-06   2.19111E+02  2.99006E-06   1.66583E+02  1.03980E-06   2.72292E+02  1.64356E-06   6.41231E+01  1.68354E-06   1.14929E+01  1.40687E-06   3.53303E+02  6.11264E-07   3.54044E+02  7.54270E-07   2.91728E+02  1.46720E-06   2.20188E+02  2.82315E-07   1.21715E+02  1.00199E-06   2.10332E+02  7.34230E-07   8.09689E+01  1.00800E-06   5.29811E+01  5.55996E-07   1.78319E+01  1.80454E-06   4.95203E+01  6.58204E-07   3.15792E+02  9.14666E-07   6.12318E+01  7.91287E-07   2.52991E+02  9.45116E-07   1.87849E+02  1.11413E-06   2.13937E+02  2.45611E-06   2.03567E+02  1.22285E-06   1.79425E+02  3.41109E-06   2.09868E+02  1.64304E-06   1.50804E+02  3.34524E-06   2.14893E+02  1.98507E-06   1.41041E+02  2.91738E-06   2.17999E+02  2.20797E-06   1.31228E+02  2.54799E-06   2.24926E+02  2.36984E-06   1.22730E+02  2.33581E-06   2.27291E+02  2.22778E-06   1.16304E+02  2.13217E-06   2.22958E+02  2.18542E-06   1.15892E+02  2.12696E-06   2.22334E+02  2.31355E-06   1.15981E+02  2.39208E-06   2.17678E+02  2.24896E-06   1.17823E+02  2.56501E-06   2.07164E+02  1.93639E-06   1.28107E+02  2.77338E-06   1.94334E+02  1.53268E-06   1.40139E+02  2.97179E-06   1.86089E+02  1.16814E-06   1.62494E+02  2.44792E-06   1.77489E+02  1.41821E-06   2.01188E+02  1.09176E-06   1.61211E+02  1.76046E-06   2.21821E+02  4.95959E-07   1.25742E+01  1.45528E-06   2.39270E+02  1.38973E-06   3.32605E+02  7.04474E-07   3.08788E+02  1.49813E-06   3.00836E+02  1.72955E-06   1.72496E+01  9.29972E-07   2.75910E+02  2.01442E-06   2.55253E+01  8.79560E-07   6.43298E+01  3.75911E-07   4.10049E+00  2.06790E-06   6.18764E+01  1.55196E-06   1.88321E+02  4.39112E-07   5.86607E+00  1.35840E-06   1.42649E+02  2.52374E-06   2.52171E+02  1.30457E-06   3.37453E+01  1.38751E-06   2.72741E+02  1.40220E-06   3.04049E+02  2.15840E-06   4.22816E+01  4.04711E-07   2.87169E+02  5.98536E-07   9.04723E+01  2.24879E-06   1.27833E+02  2.66249E-06   2.03813E+02  1.60594E-06   2.23810E+02  2.28024E-06   3.54948E+02 
 1.24820E-06   3.22658E+02  3.99885E-06   2.63235E+02  5.01334E-06   7.44285E+01  2.52849E-06   6.35332E+01  2.52102E-06   3.00637E+02  1.29050E-06   1.80662E+02  3.53249E-06   2.04090E+02  2.64167E-06   2.30159E+02  2.40940E-06   1.35829E+02  1.88892E-06   3.93333E+01  2.67012E-06   3.56465E+02  2.14804E-06   4.76835E+01  3.35401E-06   3.35723E+02  1.39194E-06   2.15471E+02  2.64885E-07   3.11562E+02  2.14841E-06   2.23007E+02  2.14680E-06   1.67873E+02  3.67675E-07   3.20667E+02  1.75147E-06   1.87286E+02  1.64624E-06   3.15046E+01  1.04713E-06   2.69788E+02  1.11480E-06   5.35565E+01  1.35860E-06   3.25380E+02  7.77744E-07   1.79923E+02  9.96638E-07   3.38161E+01  1.93031E-06   2.05847E+02  1.75282E-06   8.91542E+01  2.18960E-06   2.06447E+02  2.21287E-06   1.04867E+02  1.58242E-06   2.02378E+02  2.19257E-06   1.16006E+02  4.19295E-07   2.04849E+02  1.90751E-06   1.28602E+02  6.07321E-07   2.94403E+01  1.20872E-06   1.40637E+02  1.18183E-06   3.30811E+01  7.11611E-07   1.58680E+02  1.60949E-06   2.88901E+01  5.24096E-07   1.92424E+02  1.85081E-06   2.57298E+01  5.22285E-07   2.03316E+02  1.85964E-06   1.91187E+01  4.27508E-07   1.80220E+02  1.59497E-06   1.32421E+01  3.93117E-07   1.42627E+02  1.19824E-06   1.04266E+01  7.73545E-07   1.17105E+02  7.46103E-07   3.48566E+02  1.59432E-06   1.07530E+02  6.27609E-07   2.62560E+02  2.35821E-06   9.76884E+01  1.51529E-06   2.09121E+02  2.51486E-06   9.22735E+01  2.24365E-06   1.86161E+02  1.89726E-06   9.86051E+01  2.40361E-06   1.69906E+02  8.94625E-07   1.35535E+02  1.93481E-06   1.49788E+02  1.43020E-06   2.27717E+02  1.02835E-06   1.14945E+02  2.32068E-06   2.45893E+02  5.36112E-07   3.35744E+02  1.06383E-06   2.71227E+02  1.82972E-06   2.80557E+02  2.12678E-06   3.45451E+01  1.17965E-06   2.68074E+02  2.70964E-06   3.98111E+01  1.73796E-06   7.62759E+01  4.42257E-07   2.33005E+02  2.64999E-06   7.31071E+01  2.59838E-06   2.29535E+02  1.29624E-06   2.64701E+02  4.81620E-07   3.49164E+02  3.11280E-06   2.64856E+02  2.40666E-06   7.91082E+01  1.93050E-06   6.46780E+01  1.29568E-06   1.72302E+02  1.73965E-06   9.41052E+01  3.29829E-06   3.04611E+02  3.69579E-06   2.23195E+02  1.92409E-06   1.17009E+02 
 9.69948E-07   1.46593E+02  2.55796E-06   1.00120E+02  3.82483E-06   7.12481E+01  2.78388E-06   2.58049E+02  2.81298E-06   2.99026E+02  1.52478E-06   1.39038E+02  1.18390E-06   2.32022E+02  1.34482E-06   1.37200E+02  2.35400E-06   5.73744E+01  2.08354E-06   3.21104E+02  3.11937E-07   2.71933E+02  1.20585E-06   3.58620E+02  2.51228E-06   2.44698E+02  2.57132E-06   1.51253E+02  1.09443E-06   2.79537E+02  2.84161E-06   1.78140E+02  1.39056E-06   3.52180E+01  1.02778E-06   2.86880E+02  1.51767E-06   6.16937E+01  2.92133E-06   3.51997E+02  7.84064E-07   1.12389E+02  2.77289E-06   1.89973E+01  1.25088E-06   1.86197E+02  1.77528E-06   7.72669E+01  1.56363E-06   2.04451E+02  2.49210E-06   1.43417E+02  1.19036E-06   2.10549E+02  3.18391E-06   1.72201E+02  6.27133E-07   2.06463E+02  2.92459E-06   1.92367E+02  2.36580E-07   1.86923E+02  2.49715E-06   2.12546E+02  3.56389E-07   3.66487E+01  2.29752E-06   2.32096E+02  7.05553E-07   3.26700E+01  1.94128E-06   2.46689E+02  7.81381E-07   1.43739E+01  1.60725E-06   2.59246E+02  7.25228E-07   1.98618E+01  1.69812E-06   2.70255E+02  8.18983E-07   3.54548E+01  1.81264E-06   2.66663E+02  8.83755E-07   2.93774E+01  1.70101E-06   2.59857E+02  7.80825E-07   2.37852E+01  1.81740E-06   2.49942E+02  8.70758E-07   2.89795E+01  2.18573E-06   2.37896E+02  8.45713E-07   2.95757E+01  2.12746E-06   2.24589E+02  3.54994E-07   3.59835E+02  1.69048E-06   2.00059E+02  6.10279E-07   2.64976E+02  1.57874E-06   1.58528E+02  1.12689E-06   2.44390E+02  1.84502E-06   1.19649E+02  1.38168E-06   2.28532E+02  1.80635E-06   9.11876E+01  1.15522E-06   1.96735E+02  1.00645E-06   5.40647E+01  9.50344E-07   1.32891E+02  9.97254E-07   2.86667E+02  1.10578E-06   6.97678E+01  1.99718E-06   2.59046E+02  7.84631E-07   5.63130E+00  7.69028E-07   2.73244E+02  1.31264E-06   2.88896E+02  2.14155E-06   6.45834E+01  7.18276E-07   2.81603E+02  2.47975E-06   8.32767E+01  1.43257E-06   8.18635E+01  1.52783E-06   2.29259E+02  4.44628E-07   5.87508E+01  3.66147E-06   2.82260E+02  2.73907E-06   2.82529E+02  2.20164E-06   4.33667E+01  1.08652E-06   2.95849E+01  5.72181E-06   1.33202E+02  2.44282E-06   9.15738E+01  4.94357E-06   2.81097E+02  3.75528E-06   2.23777E+02 
 1.79278E-06   1.09785E+02  2.02502E-06   3.09643E+02  1.34483E-06   3.54903E+01  3.08833E-06   2.92011E+02  1.12054E-06   4.37823E+01  3.40621E-06   1.54698E+02  3.49023E-06   2.07584E+02  7.18039E-07   8.99984E+01  7.15369E-07   3.45350E+02  1.30951E-06   2.89611E+02  2.56482E-06   2.83093E+01  6.15710E-07   3.07090E+02  8.56820E-07   2.01986E+02  6.78384E-07   7.47282E+01  1.90278E-06   2.42674E+02  8.98515E-07   1.08084E+02  1.89211E-06   3.34329E+02  4.74349E-07   1.08624E+02  2.31769E-06   1.80834E+01  7.14827E-08   2.49284E+02  9.95479E-07   1.00576E+02  5.53306E-07   2.06970E+02  2.78688E-06   1.76061E+02  1.22194E-06   1.98656E+02  3.63297E-06   1.85639E+02  1.42205E-06   2.03555E+02  2.67922E-06   1.89571E+02  9.57242E-07   2.03012E+02  8.48392E-07   2.03266E+02  2.64786E-07   1.63052E+02  9.34564E-07   3.57033E+02  6.81231E-07   3.15031E+01  1.92676E-06   1.06640E+01  1.30711E-06   2.51710E+01  2.58337E-06   1.22058E+01  1.60632E-06   2.73017E+01  2.82356E-06   1.39905E+01  1.74458E-06   2.51003E+01  2.83021E-06   1.58948E+01  1.75278E-06   2.32049E+01  2.69727E-06   1.77401E+01  1.73005E-06   1.75797E+01  2.59676E-06   1.95135E+01  1.56305E-06   1.75311E+01  2.43478E-06   1.56386E+01  1.42200E-06   2.29320E+01  1.99290E-06   1.33065E+01  1.25787E-06   2.37272E+01  1.33091E-06   1.39848E+01  7.99493E-07   3.05728E+01  5.47196E-07   1.74607E+01  4.70948E-07   1.03907E+02  5.29453E-07   1.99543E+02  1.06569E-06   1.39266E+02  1.72482E-06   1.95052E+02  1.43511E-06   1.52500E+02  2.24103E-06   1.86834E+02  1.48788E-06   1.75195E+02  1.82020E-06   1.72922E+02  1.29936E-06   2.04175E+02  7.70081E-07   1.43369E+02  1.05557E-06   2.34421E+02  8.54028E-07   2.59724E+01  5.92097E-07   2.51726E+02  1.52234E-06   3.42082E+02  5.44143E-07   7.08843E+01  1.81566E-06   3.04655E+02  1.39483E-06   5.06021E+01  8.34296E-07   2.77878E+02  1.13145E-06   2.03239E+01  1.77984E-06   1.06421E+02  2.23800E-07   2.83330E+02  2.37208E-06   1.16830E+02  8.08293E-07   2.01308E+02  2.30647E-06   2.63056E+02  1.07958E-06   2.91598E+02  3.68558E-06   3.28174E+02  6.36539E-07   1.02430E+01  4.77443E-06   1.11203E+02  1.59782E-06   1.13461E+02  2.79074E-06   2.59583E+02 
 3.80354E-06   2.90569E+02  1.99342E-06   5.97803E+01  2.88050E-06   7.10871E+01  3.17750E-06   2.48500E+02  2.06854E-06   1.45289E+02  4.57640E-06   1.89005E+02  2.43259E-06   3.13486E+02  3.59394E-06   3.98625E+01  1.58578E-06   6.81920E+00  3.08944E-06   3.56114E+02  5.48894E-07   8.47551E+01  2.74507E-06   2.18453E+02  1.73273E-06   2.19103E+02  2.50132E-06   1.81596E+02  1.16502E-06   2.43890E+02  1.28855E-06   7.09456E+01  1.34049E-06   2.11980E+01  1.35787E-06   2.94407E+01  1.52524E-06   3.88258E+01  4.52329E-07   1.91295E+02  6.99039E-07   1.58209E+02  1.57540E-06   1.83389E+02  2.27295E-06   1.90775E+02  1.28961E-06   1.54729E+02  2.11533E-06   1.99047E+02  1.10977E-06   1.01274E+02  4.62661E-07   2.33977E+02  1.14780E-06   6.01163E+01  1.25583E-06   1.29452E+01  1.45679E-06   1.61825E+01  2.02323E-06   2.44117E+01  1.61411E-06   3.51598E+02  2.48623E-06   2.70146E+01  1.47335E-06   3.24880E+02  2.50764E-06   2.99207E+01  1.43316E-06   3.06300E+02  2.20793E-06   2.95476E+01  1.35666E-06   2.95547E+02  1.78870E-06   3.25028E+01  1.52944E-06   2.93199E+02  1.70609E-06   3.70190E+01  1.61700E-06   2.84793E+02  1.78688E-06   3.17164E+01  1.47346E-06   2.88330E+02  1.80978E-06   2.14686E+01  1.34510E-06   2.97402E+02  2.13738E-06   1.35662E+01  1.25065E-06   3.02140E+02  2.43746E-06   8.06656E+00  1.09782E-06   3.24583E+02  2.26983E-06   3.55608E+02  1.05887E-06   1.38450E+01  1.88879E-06   3.36332E+02  1.30382E-06   5.52342E+01  1.09261E-06   3.07420E+02  1.51857E-06   8.27959E+01  7.31410E-07   2.01511E+02  1.23165E-06   1.16840E+02  1.74335E-06   1.51894E+02  1.32860E-06   1.77338E+02  1.82636E-06   1.30678E+02  1.94797E-06   2.08008E+02  5.76889E-07   9.41900E+01  1.28770E-06   2.19323E+02  1.16765E-06   2.80833E+02  7.95458E-07   3.14096E+01  1.87948E-06   2.59762E+02  2.06137E-06   3.71016E+01  1.97785E-07   2.40752E+02  7.16231E-07   3.53959E+02  2.23362E-06   5.88721E+01  1.57103E-06   2.52680E+02  1.19006E-06   2.92797E+01  4.43469E-07   4.70961E+01  2.03120E-06   2.56355E+02  1.77173E-06   1.33667E+02  9.28001E-07   3.21962E+02  9.64911E-07   2.58114E+02  1.77467E-06   6.36186E+01  4.67037E-07   5.21844E+01  2.47819E-06   1.81442E+02 
 1.91598E-06   1.23976E+02  2.98388E-06   7.44355E+01  2.64936E-06   2.56445E+02  4.04340E-06   2.60651E+02  2.98530E-06   1.26821E+02  8.24577E-07   2.39924E+02  3.15507E-06   1.08042E+01  2.49131E-06   9.33018E+01  2.47103E-06   2.92577E+02  1.46757E-06   2.27862E+02  2.71201E-06   1.78122E+02  2.50180E-06   2.41678E+02  1.59552E-06   1.30212E+02  1.25764E-06   4.12896E+01  2.36400E-06   3.48279E+02  3.27636E-06   5.38840E+01  3.08186E-06   3.31697E+02  1.16932E-06   9.79091E+01  5.05735E-07   3.36709E+02  2.87954E-06   2.02305E+02  2.21646E-06   1.45212E+02  3.15991E-06   2.08891E+02  2.86236E-06   1.55450E+02  1.14409E-06   2.15584E+02  1.96326E-06   1.71582E+02  1.19549E-06   1.51227E+01  1.07423E-06   2.26741E+02  2.52192E-06   2.72085E+01  1.67798E-06   2.87535E+02  2.59430E-06   3.76655E+01  2.21071E-06   3.07775E+02  2.03774E-06   4.49524E+01  2.01028E-06   3.19011E+02  1.30909E-06   5.98102E+01  1.81970E-06   3.29430E+02  1.01954E-06   9.42896E+01  1.52083E-06   3.35384E+02  9.87379E-07   1.20336E+02  1.29322E-06   3.46777E+02  1.03149E-06   1.43787E+02  1.21172E-06   8.93164E-02  1.02738E-06   1.47685E+02  1.12123E-06   3.52836E+02  1.17842E-06   1.32937E+02  1.23295E-06   3.30571E+02  1.26677E-06   1.10038E+02  1.36395E-06   3.08662E+02  1.37494E-06   8.41023E+01  1.60796E-06   2.90164E+02  1.61284E-06   6.21505E+01  1.91407E-06   2.77924E+02  1.88306E-06   4.37422E+01  1.99325E-06   2.60899E+02  1.96801E-06   2.41744E+01  1.62512E-06   2.36609E+02  1.27107E-06   3.50038E+02  8.60964E-07   1.69144E+02  1.39382E-06   2.53905E+02  1.80645E-06   1.03549E+02  2.32041E-06   2.16960E+02  1.98423E-06   9.57463E+01  1.94717E-06   1.82182E+02  3.73873E-07   1.27462E+02  1.61053E-06   1.12401E+02  2.13889E-06   2.64324E+02  1.68252E-06   6.61635E+01  2.45457E-06   2.75302E+02  8.42823E-07   3.14665E+02  1.38282E-06   3.21589E+01  1.76179E-06   2.63496E+02  3.18050E-06   8.08718E+01  7.73166E-07   8.39441E+01  1.65601E-06   1.65991E+02  2.07875E-06   7.72044E+01  3.39858E-06   2.89660E+02  2.05755E-06   2.51889E+02  2.21132E-06   3.59603E+02  1.81207E-06   2.88388E+02  3.86009E-06   1.21133E+02  3.36729E-06   5.56209E+01  2.10839E-06   2.75864E+02 
 2.72940E-06   3.05395E+02  1.74548E-06   3.16262E+02  2.12775E-06   2.67811E+02  2.28767E-06   1.67923E+02  3.99863E-06   1.08818E+02  2.23212E-06   2.48459E+02  1.77952E-06   2.26935E+01  1.25289E-06   5.54936E+00  2.94591E-06   2.84529E+02  1.62642E-06   9.64111E+01  3.62501E-07   2.70112E+02  1.29639E-06   2.23231E+02  2.03112E-06   6.72589E+01  1.96155E-06   3.00534E+02  8.70040E-07   6.65030E+01  1.38452E-06   1.23896E+01  1.63954E-06   2.19785E+02  2.27186E-06   1.23448E+02  2.40116E-06   2.18173E+02  3.90788E-06   1.55767E+02  1.07790E-06   2.12743E+02  2.94444E-06   1.78906E+02  7.67912E-07   6.36427E+01  1.02626E-06   2.56592E+02  1.76907E-06   4.30346E+01  2.37629E-06   3.36649E+02  2.05864E-06   3.60856E+01  3.34116E-06   3.54606E+02  1.51763E-06   3.66700E+01  3.59493E-06   5.93201E+00  5.33120E-07   6.20190E+01  3.03362E-06   1.73038E+01  2.56354E-07   1.66721E+02  2.08330E-06   3.29002E+01  6.07827E-07   1.98829E+02  1.42970E-06   5.44533E+01  8.85000E-07   2.09273E+02  1.23144E-06   7.42735E+01  1.24416E-06   2.10064E+02  1.17341E-06   7.53211E+01  1.34082E-06   2.08826E+02  1.06500E-06   7.88966E+01  1.17165E-06   2.11938E+02  1.18808E-06   6.75452E+01  1.17882E-06   2.19568E+02  1.58676E-06   5.28375E+01  9.08011E-07   2.28288E+02  1.82661E-06   3.89015E+01  3.87605E-07   2.40392E+02  2.17221E-06   2.19477E+01  1.74549E-07   3.54435E+02  2.31317E-06   1.00299E+01  1.00862E-06   2.35871E+01  1.65601E-06   3.50843E+02  1.84317E-06   2.84386E+01  9.54928E-07   2.92876E+02  1.98308E-06   3.73358E+01  1.53444E-06   2.31802E+02  1.15620E-06   5.98745E+01  1.80312E-06   1.96033E+02  8.85201E-07   1.87685E+02  1.98862E-06   1.44947E+02  2.22505E-06   2.18052E+02  2.15527E-06   1.07853E+02  1.89087E-06   2.19200E+02  6.99966E-07   6.33043E+01  4.48467E-07   1.25752E+02  2.14713E-06   2.89037E+02  1.09114E-06   5.97126E+01  2.65087E-06   2.99952E+02  8.94086E-07   3.35418E+02  1.72422E-06   3.63342E+01  9.18372E-07   3.29357E+02  3.64820E-06   1.20231E+02  1.35863E-06   6.73560E+01  2.38426E-06   2.11750E+02  6.13827E-07   2.55616E+02  4.26850E-06   3.06788E+02  1.51246E-06   2.58044E+02  4.27114E-06   1.05306E+02  2.72960E-06   5.50144E+01 
 7.82540E-07   1.82703E+02  2.67848E-06   1.03015E+02  3.06384E-06   2.04436E+02  1.51630E-06   1.67563E+02  9.24829E-07   1.50476E+02  3.43263E-06   3.03305E+02  5.11647E-06   2.44217E+01  8.61041E-07   2.04627E+02  1.08793E-06   2.53716E+02  1.95710E-06   1.54111E+02  3.93129E-06   2.09133E+02  6.62277E-07   1.96342E+02  1.07117E-06   2.60449E+01  6.30615E-07   3.59053E+02  3.13405E-06   2.74655E+01  9.85740E-07   5.06510E+01  3.41424E-07   1.45620E+02  1.15852E-06   1.35247E+02  2.49420E-06   2.00450E+02  1.76310E-06   1.73029E+02  1.37106E-06   2.12113E+02  1.04213E-06   1.79747E+02  1.12901E-06   3.54132E+02  4.86379E-07   1.35450E+01  2.42704E-06   1.09706E+01  1.38073E-06   1.29249E+01  2.18317E-06   1.02802E+01  1.40237E-06   2.60136E+01  9.71809E-07   3.53277E+02  8.77172E-07   5.45412E+01  5.87893E-07   2.40164E+02  5.45001E-07   1.19384E+02  1.47030E-06   2.04486E+02  9.24499E-07   1.65267E+02  2.02983E-06   2.04036E+02  1.32344E-06   1.67776E+02  2.37723E-06   2.06706E+02  1.57449E-06   1.68104E+02  2.26518E-06   2.07652E+02  1.78162E-06   1.75745E+02  2.08739E-06   2.02564E+02  1.75974E-06   1.77644E+02  2.06762E-06   2.05233E+02  1.74247E-06   1.68702E+02  2.06224E-06   2.10806E+02  1.60173E-06   1.60799E+02  1.91067E-06   2.13380E+02  1.29710E-06   1.56884E+02  1.40768E-06   2.19263E+02  9.17651E-07   1.60630E+02  6.74610E-07   2.52945E+02  3.47587E-07   1.70329E+02  7.66243E-07   3.23413E+02  6.25993E-07   3.34751E+02  1.13720E-06   3.58808E+02  1.28573E-06   3.23648E+02  1.54064E-06   2.07943E+01  1.03625E-06   3.08715E+02  1.10280E-06   3.69666E+01  6.78335E-08   1.41974E+02  5.10825E-07   1.79212E+02  1.42422E-06   1.17283E+02  1.72618E-06   2.08238E+02  1.71062E-06   1.18880E+02  1.47392E-06   2.20216E+02  5.98040E-07   1.46413E+02  3.90522E-08   3.71464E+01  1.08021E-06   2.61425E+02  1.30349E-06   6.31794E+01  9.69816E-07   2.39304E+02  4.92084E-07   5.35979E+01  7.37835E-07   9.08200E+01  1.76251E-06   3.01472E+02  1.16034E-06   5.38095E+01  1.28952E-06   2.68496E+00  5.89874E-07   2.69386E+02  2.01559E-06   1.21864E+02  1.42205E-06   2.99131E+02  1.98142E-06   2.84036E+02  5.80584E-07   2.93831E+01  1.71920E-06   9.12402E+01 
 9.30552E-07   1.14896E+02  1.99086E-06   2.72895E+02  3.61121E-06   2.61316E+02  1.88067E-06   1.16591E+02  1.76928E-06   5.22831E+01  3.19336E-06   3.44963E+02  2.39923E-06   1.01151E+02  3.18207E-06   2.20576E+02  2.01360E-06   2.61194E+02  2.87410E-06   1.60261E+02  1.67907E-06   3.08108E+02  3.01676E-06   2.32923E+01  2.95408E-06   4.06609E+01  2.82726E-06   3.43087E+02  1.64725E-06   7.49002E+01  1.95489E-06   2.10214E+02  2.88333E-06   1.97403E+02  3.76660E-06   1.71388E+02  3.53350E-06   2.12379E+02  2.85959E-06   1.44632E+02  9.21663E-07   2.54739E+02  1.01768E-06   7.78363E+01  2.46341E-06   1.98758E+01  1.71863E-06   3.48477E+02  3.38202E-06   3.07281E+01  2.13094E-06   3.27430E+02  2.49491E-06   4.35738E+01  1.64311E-06   3.14055E+02  1.09551E-06   8.63651E+01  8.98800E-07   3.16315E+02  1.47600E-06   1.69450E+02  2.13442E-07   3.42165E+01  2.08805E-06   1.93191E+02  7.78575E-07   1.09495E+02  2.24937E-06   2.04856E+02  1.18440E-06   1.11275E+02  2.32860E-06   2.12752E+02  1.32390E-06   1.00759E+02  2.46520E-06   2.12651E+02  1.32057E-06   8.93028E+01  2.35096E-06   2.14063E+02  1.27114E-06   9.34997E+01  2.15436E-06   2.15026E+02  1.36645E-06   9.15123E+01  2.22312E-06   2.12911E+02  1.32233E-06   8.81800E+01  1.99985E-06   2.03789E+02  8.43073E-07   8.85424E+01  1.62183E-06   1.83107E+02  2.77527E-07   7.31395E+01  1.41375E-06   1.55379E+02  5.57688E-07   2.97920E+02  1.36051E-06   1.09483E+02  1.32504E-06   2.77138E+02  1.76723E-06   6.11886E+01  1.66203E-06   2.71302E+02  2.06280E-06   3.07134E+01  1.25459E-06   2.68733E+02  1.53870E-06   3.58012E+02  2.26576E-07   1.21079E+02  1.39281E-06   2.72104E+02  2.10461E-06   1.06437E+02  2.21578E-06   2.27380E+02  2.39435E-06   1.18492E+02  1.79976E-06   1.79201E+02  1.13549E-06   2.11116E+02  1.83282E-06   1.02033E+02  3.21116E-06   2.71177E+02  1.31107E-06   3.51325E+01  2.15686E-06   3.18790E+02  1.84564E-06   2.82011E+02  2.93515E-06   7.13735E+01  7.83733E-07   2.81399E+02  2.80957E-06   1.38761E+02  2.61804E-06   6.36191E+01  2.43391E-06   2.63934E+02  7.34014E-07   1.83406E+02  1.73500E-06   3.34872E+02  2.57925E-06   2.60151E+02  1.92226E-06   1.09157E+02  3.08790E-06   3.05904E+01 
 1.18797E-06   2.33830E+02  9.50742E-07   2.05324E+02  3.18825E-06   1.56606E+02  3.58951E-06   1.00911E+02  2.20377E-06   3.22762E+02  2.28017E-06   2.96689E+02  1.37432E-06   6.84538E+01  3.79526E-06   2.60171E+02  1.51205E-06   1.04886E+02  1.43443E-06   1.35684E+02  1.98015E-06   3.09160E+02  2.45188E-06   8.51897E+01  1.59159E-06   3.14815E+02  9.59853E-07   1.94007E+02  2.02581E-06   1.35168E+02  2.80138E-06   2.17286E+02  3.21579E-06   1.44762E+02  1.15752E-06   1.93334E+02  8.61387E-07   1.78647E+02  1.94739E-06   5.23791E+01  2.39974E-06   3.18470E+02  3.15205E-06   4.25268E+01  3.58969E-06   3.29648E+02  2.12681E-06   4.21741E+01  2.75712E-06   3.45481E+02  2.92468E-07   1.30785E+02  1.37106E-06   1.91916E+01  1.77596E-06   1.99167E+02  1.02480E-06   1.06275E+02  2.52058E-06   2.04086E+02  1.81348E-06   1.44344E+02  2.50901E-06   2.10948E+02  2.35361E-06   1.57313E+02  2.13307E-06   2.18443E+02  2.45434E-06   1.69432E+02  1.55697E-06   2.22770E+02  2.38903E-06   1.82038E+02  1.16063E-06   2.20979E+02  2.11081E-06   1.91459E+02  1.13440E-06   2.20412E+02  1.88181E-06   1.89801E+02  1.17361E-06   2.26904E+02  1.84199E-06   1.87827E+02  1.24936E-06   2.23080E+02  1.71081E-06   1.86017E+02  1.46182E-06   2.17063E+02  1.55512E-06   1.74940E+02  1.89372E-06   2.15864E+02  1.24743E-06   1.46546E+02  2.46391E-06   2.14751E+02  1.19753E-06   9.96254E+01  2.57368E-06   2.10931E+02  1.26767E-06   6.44342E+01  1.78468E-06   2.07923E+02  1.25291E-06   3.04449E+01  4.31681E-07   1.90375E+02  1.37037E-06   3.49808E+02  1.21293E-06   4.41780E+01  1.67170E-06   3.02904E+02  2.38773E-06   4.25427E+01  2.01650E-06   2.66161E+02  1.97248E-06   4.68326E+01  1.37301E-06   2.16768E+02  3.71885E-07   1.91125E+02  2.00660E-06   1.26232E+02  2.11459E-06   2.13692E+02  2.54426E-06   1.11894E+02  1.30192E-06   1.91520E+02  7.96311E-07   1.96053E+02  9.90072E-07   9.11992E+01  2.89861E-06   2.89204E+02  2.01254E-07   2.26063E+02  3.29992E-06   3.47552E+02  1.33232E-06   2.62818E+02  3.15298E-06   9.14018E+01  1.68925E-06   2.83397E+01  2.10317E-06   1.63091E+02  5.87547E-07   5.02278E+01  4.00950E-06   2.98238E+02  2.77877E-06   2.30864E+02  3.24940E-06   1.03402E+02 
 3.09600E-06   1.28215E+02  1.34970E-06   2.15937E+02  1.00563E-06   2.54283E+02  1.93672E-06   3.59537E+02  3.16710E-06   3.15924E+02  2.28512E-06   2.33315E+01  2.06041E-06   1.47414E+02  3.45667E-06   2.13403E+02  1.64074E-06   1.21934E+02  1.66666E-06   2.18963E+02  2.07030E-06   3.50654E+02  3.32186E-06   3.26263E+01  1.55868E-06   3.41249E+02  1.60172E-06   6.60334E+01  9.17383E-07   1.70055E+02  2.90038E-06   1.92206E+02  1.85411E-06   1.65656E+02  2.56185E-06   2.09836E+02  5.47765E-07   1.69413E+02  6.74558E-07   3.58427E+02  9.79605E-07   3.38367E+02  2.49630E-06   2.51334E+01  1.17162E-06   3.53373E+02  1.86101E-06   3.58269E+01  5.13374E-07   1.85311E+01  6.92908E-07   1.28184E+02  4.03647E-07   1.42016E+02  1.84038E-06   1.83560E+02  9.79121E-07   1.70966E+02  2.18738E-06   1.96922E+02  1.20800E-06   1.76851E+02  1.94766E-06   2.05586E+02  8.30843E-07   1.89533E+02  1.52471E-06   2.08998E+02  4.90379E-07   2.30637E+02  9.12978E-07   2.13592E+02  5.28669E-07   2.64357E+02  4.27707E-07   2.50333E+02  4.28336E-07   2.59136E+02  5.44390E-07   3.02415E+02  3.18283E-07   2.76370E+02  4.60855E-07   2.84360E+02  3.62478E-07   2.99351E+02  3.49140E-07   2.51726E+02  2.81618E-07   2.61927E+02  5.78805E-07   2.24031E+02  2.10710E-07   1.77296E+02  1.14082E-06   2.14312E+02  5.85202E-07   1.38340E+02  1.54731E-06   2.12179E+02  1.05981E-06   1.44265E+02  1.50879E-06   2.14238E+02  1.29772E-06   1.49823E+02  1.04774E-06   2.14602E+02  1.00330E-06   1.67131E+02  1.21655E-07   1.95794E+02  6.41212E-07   2.36477E+02  8.57885E-07   4.18728E+01  1.14908E-06   2.84173E+02  1.36223E-06   4.43654E+01  1.23245E-06   2.92486E+02  7.87828E-07   7.52360E+01  3.12291E-07   3.03650E+02  1.01776E-06   1.90852E+02  1.11619E-06   1.26132E+02  1.71611E-06   2.28437E+02  1.15371E-06   1.22728E+02  9.81679E-07   2.60944E+02  4.69683E-07   3.00021E+02  9.65639E-07   6.28848E+01  1.20944E-06   2.84576E+02  1.49363E-06   1.08047E+02  9.75690E-08   1.87605E+02  9.11869E-07   2.78334E+02  9.32920E-07   8.78894E+01  1.21191E-06   3.17976E+02  2.70243E-07   7.93407E+01  1.90817E-06   1.11480E+02  1.21565E-06   3.14567E+02  2.42416E-06   2.88474E+02  5.16856E-07   3.31436E+02 
 1.18940E-06   2.23980E+02  2.29348E-06   2.76638E+02  2.00828E-06   1.19218E+02  2.86996E-06   7.59796E+01  1.91030E-06   3.25867E+02  1.16953E-06   1.62448E+02  3.27050E-06   1.92608E+02  3.48057E-06   2.71300E+02  2.31195E-06   6.83433E+01  1.04177E-06   3.33145E+02  4.66339E-06   7.36950E+00  2.27188E-06   9.71277E+01  1.52516E-06   2.50891E+02  2.95210E-06   1.72989E+02  4.61460E-06   1.82228E+02  3.46125E-06   2.07598E+02  2.59778E-06   1.43237E+02  7.76179E-07   2.57653E+02  2.64348E-06   2.85981E+01  2.75401E-06   2.32510E+01  3.76726E-06   3.54653E+02  3.45634E-06   3.83048E+01  2.79278E-06   3.23579E+02  1.87138E-06   6.66351E+01  1.48386E-06   2.78784E+02  1.48368E-06   1.68438E+02  1.09898E-06   2.07694E+02  2.78701E-06   1.99039E+02  1.18373E-06   1.64459E+02  3.06233E-06   2.11258E+02  1.18524E-06   1.33309E+02  2.70312E-06   2.24965E+02  1.18339E-06   1.08068E+02  2.25416E-06   2.42045E+02  1.02732E-06   9.28798E+01  1.78382E-06   2.61380E+02  7.31238E-07   7.74608E+01  1.46023E-06   2.75003E+02  6.55094E-07   4.81745E+01  1.45359E-06   2.77098E+02  8.26241E-07   4.73843E+01  1.62777E-06   2.77913E+02  8.53596E-07   5.23824E+01  1.63321E-06   2.71332E+02  7.88490E-07   5.59354E+01  1.70067E-06   2.63368E+02  9.02354E-07   7.28627E+01  1.97385E-06   2.50802E+02  1.23284E-06   7.83857E+01  2.35420E-06   2.33938E+02  1.27470E-06   7.70070E+01  2.32114E-06   2.15552E+02  7.66504E-07   8.45365E+01  1.78535E-06   1.91711E+02  1.27399E-07   2.50938E+02  1.42769E-06   1.44189E+02  1.29558E-06   2.83874E+02  1.62751E-06   9.34931E+01  2.09026E-06   2.91049E+02  1.89787E-06   5.04313E+01  1.67200E-06   2.97588E+02  1.58910E-06   7.24553E+00  5.54217E-07   7.43589E+01  1.32260E-06   2.79097E+02  2.77532E-06   1.07869E+02  2.19143E-06   2.13473E+02  2.66465E-06   1.32780E+02  2.02199E-06   1.58925E+02  1.93692E-06   2.34612E+02  1.36899E-06   9.87469E+01  3.50085E-06   3.01735E+02  8.84002E-07   2.69733E+02  2.95403E-06   1.80270E+01  1.90108E-06   2.63368E+02  3.08228E-06   1.04893E+02  2.15100E-06   3.50067E+01  1.59493E-06   2.29585E+02  1.42351E-06   9.01687E+01  1.55256E-06   3.11655E+02  2.77311E-06   2.35812E+02  1.88275E-06   1.28565E+02 
 2.93168E-06   1.31326E+02  1.20733E-06   1.56165E+02  1.91479E-06   8.78084E+01  3.50044E-06   3.29419E+02  3.72208E-06   2.92031E+02  1.47399E-06   1.33942E+02  1.53466E-06   2.30886E+02  3.52086E-07   2.39527E+02  3.56193E-06   9.65510E+01  2.56343E-06   3.01637E+02  2.16138E-06   5.17555E+01  1.16717E-06   1.57781E+02  1.95218E-06   2.58143E+02  3.57140E-06   1.36426E+02  1.84351E-06   2.28889E+02  1.00964E-06   1.32218E+02  1.39553E-06   6.07347E+01  2.40901E-06   3.17371E+02  2.90535E-06   4.23648E+01  2.71592E-06   3.23661E+02  1.23601E-06   2.70407E+01  9.57752E-07   3.56789E+02  1.46156E-06   2.12904E+02  1.51113E-06   1.17163E+02  3.02968E-06   2.11562E+02  2.69214E-06   1.35196E+02  2.78413E-06   2.17098E+02  2.63298E-06   1.46680E+02  1.71054E-06   2.25782E+02  1.57017E-06   1.64995E+02  5.08400E-07   2.62765E+02  9.16201E-07   2.15255E+02  1.04067E-06   3.56284E+02  1.00064E-06   2.59045E+02  1.72312E-06   5.04611E+00  1.22913E-06   2.83649E+02  1.97035E-06   9.68707E+00  1.51008E-06   2.97010E+02  1.93097E-06   1.54523E+01  1.64510E-06   3.00506E+02  2.02291E-06   1.73549E+01  1.58305E-06   2.92099E+02  2.00179E-06   1.79281E+01  1.46129E-06   2.88967E+02  1.71182E-06   1.53621E+01  1.23019E-06   2.77294E+02  1.45800E-06   1.18846E+01  1.15177E-06   2.54059E+02  1.02408E-06   9.16434E+00  1.00647E-06   2.29415E+02  2.32754E-07   2.84778E+02  6.94849E-07   1.84926E+02  1.29447E-06   2.21160E+02  1.04182E-06   1.21351E+02  2.38349E-06   2.19022E+02  1.69664E-06   9.47456E+01  2.68761E-06   2.17900E+02  1.59572E-06   7.36742E+01  1.75219E-06   2.14001E+02  8.99422E-07   2.67297E+01  1.48191E-07   5.90354E+01  1.35892E-06   2.94688E+02  1.63799E-06   4.13358E+01  2.05815E-06   2.72393E+02  1.19657E-06   4.77442E+01  7.59075E-07   2.48812E+02  6.04761E-07   2.26210E+02  2.00588E-06   1.14579E+02  1.24507E-06   2.31521E+02  2.50205E-06   1.30308E+02  4.41804E-07   6.86089E+01  1.69737E-06   2.36987E+02  9.11412E-07   9.37566E+01  3.25104E-06   3.13781E+02  1.49708E-06   2.13004E+02  1.82292E-06   6.67981E+01  1.25955E-06   3.53018E+00  2.37852E-06   1.38565E+02  2.34113E-06   3.30679E+01  4.19457E-06   2.94434E+02  2.23691E-06   2.14664E+02 
 6.34885E-07   1.90645E+02  2.60710E-06   2.96715E+02  1.41567E-06   2.40920E+01  1.17383E-06   3.51679E+02  8.73942E-07   1.56240E+02  2.80646E-06   1.41139E+02  3.38740E-06   2.09247E+02  7.54461E-07   3.21968E+02  2.19113E-06   2.63658E+01  2.58358E-06   3.21092E+02  3.85342E-06   3.50220E+01  1.45582E-06   1.84973E+02  1.81374E-06   1.90175E+02  3.60157E-06   1.64873E+02  3.81819E-06   2.04993E+02  1.57154E-06   1.61165E+02  2.64135E-07   2.65439E+02  1.07822E-06   3.55649E+02  3.22989E-06   2.20324E+01  1.58975E-06   3.59183E+02  2.78895E-06   2.47135E+01  7.47590E-07   4.77140E+01  2.54232E-07   3.40374E+02  1.07976E-06   1.32423E+02  1.69400E-06   2.17710E+02  1.29329E-06   1.63224E+02  1.95925E-06   2.22878E+02  9.48380E-07   1.90917E+02  1.29909E-06   2.44815E+02  6.42776E-07   2.40721E+02  8.80916E-07   3.07359E+02  9.88693E-07   2.81151E+02  1.40471E-06   3.58555E+02  1.33268E-06   2.91884E+02  1.84378E-06   9.97561E+00  1.36528E-06   3.03326E+02  1.89892E-06   1.12265E+01  1.30033E-06   3.09306E+02  1.99689E-06   1.42188E+01  1.39125E-06   2.99841E+02  2.09301E-06   2.22476E+01  1.49510E-06   2.96784E+02  1.94400E-06   1.85117E+01  1.30829E-06   2.97041E+02  1.77102E-06   1.42456E+01  1.35211E-06   3.00160E+02  1.40730E-06   1.47209E+01  1.31230E-06   2.98970E+02  1.11857E-06   1.01113E+01  9.47187E-07   2.86646E+02  7.54556E-07   3.45627E+02  2.63489E-07   2.65166E+02  7.75081E-07   2.65086E+02  5.72342E-07   1.00578E+02  1.42263E-06   2.43527E+02  1.30819E-06   1.13627E+02  1.42033E-06   2.59942E+02  1.41773E-06   1.26286E+02  1.01529E-06   3.05064E+02  4.24726E-07   1.42424E+02  1.00819E-06   1.89003E+01  9.78557E-07   2.98878E+02  1.49865E-06   6.67443E+01  1.10353E-06   2.86066E+02  1.45139E-06   1.12525E+02  8.13978E-07   1.79248E+02  1.63100E-06   1.88076E+02  1.87572E-06   1.42744E+02  1.80466E-06   2.50985E+02  9.44159E-07   1.53375E+02  1.69026E-06   3.30118E+02  1.10676E-06   2.84022E+02  1.60124E-06   5.84039E+01  9.26576E-07   3.06660E+02  4.88722E-07   9.13810E+01  8.33392E-07   6.40952E+01  1.25271E-06   2.81841E+02  9.14165E-07   1.19030E+02  1.89736E-06   1.08345E+02  1.06914E-06   2.92779E+02  1.09771E-06   2.28567E+02 
 1.72336E-06   1.34475E+02  8.70048E-07   9.15990E+01  2.81974E-06   9.25250E+01  2.61971E-06   3.13436E+02  2.32423E-06   2.62707E+02  2.15826E-06   1.79896E+02  2.45467E-06   2.81831E+02  3.15152E-06   2.13822E+01  2.85146E-06   8.26639E+01  2.61625E-06   3.24601E+02  2.79592E-06   1.04848E+02  4.79305E-06   1.93661E+02  1.99719E-06   2.13040E+02  4.18022E-06   1.58500E+02  1.62399E-06   2.78663E+02  2.59527E-06   4.11745E+01  2.98646E-06   1.41063E+01  4.12571E-06   3.52450E+02  3.59319E-06   3.48605E+01  2.42255E-06   3.11524E+02  1.12271E-06   7.62287E+01  1.90607E-06   2.21800E+02  2.48763E-06   1.93010E+02  2.67919E-06   1.76788E+02  3.65099E-06   2.11737E+02  2.58004E-06   1.46155E+02  3.09203E-06   2.30447E+02  2.02913E-06   1.18676E+02  1.99489E-06   2.60935E+02  1.26285E-06   7.96342E+01  1.41701E-06   3.11681E+02  1.03898E-06   2.68017E+01  1.83113E-06   3.48745E+02  1.04056E-06   3.56270E+02  2.23826E-06   2.59012E+00  1.07415E-06   3.33569E+02  2.28555E-06   1.31542E+01  1.27277E-06   3.20062E+02  2.19961E-06   1.99497E+01  1.23943E-06   3.12501E+02  2.18025E-06   2.02941E+01  1.12351E-06   3.02262E+02  2.14343E-06   2.06899E+01  1.12661E-06   3.04002E+02  1.79833E-06   1.42978E+01  9.24588E-07   3.15011E+02  1.54328E-06   3.59520E+02  6.43889E-07   3.28637E+02  1.37485E-06   3.36080E+02  4.60133E-07   2.09956E+01  1.39155E-06   2.94713E+02  9.43572E-07   6.98323E+01  1.94623E-06   2.59692E+02  1.56872E-06   8.89180E+01  2.47847E-06   2.40846E+02  1.73724E-06   9.95115E+01  2.39570E-06   2.20120E+02  8.66412E-07   1.12337E+02  1.66867E-06   1.82415E+02  9.49943E-07   2.70372E+02  1.26033E-06   1.03980E+02  2.42752E-06   2.83458E+02  1.84438E-06   4.52279E+01  2.27396E-06   2.97524E+02  1.58302E-06   2.12099E+00  6.81295E-07   5.75790E+01  1.30100E-06   2.84309E+02  3.47139E-06   1.21153E+02  1.13797E-06   2.12472E+02  3.20914E-06   1.57370E+02  1.52800E-06   1.07469E+02  3.01293E-06   2.62009E+02  9.78394E-07   1.06642E+02  3.23873E-06   3.27658E+02  2.09701E-06   2.31993E+02  2.81641E-06   7.99967E+01  1.65966E-06   3.55324E+02  1.18045E-06   1.86861E+02  2.75996E-06   5.46143E+01  3.13325E-06   3.07517E+02  2.45173E-06   2.03467E+02 
 5.43946E-07   1.06019E+02  2.04716E-06   3.11078E+02  2.29393E-06   3.40122E+02  2.73333E-06   2.89126E+02  3.10343E-06   1.55705E+02  2.36498E-06   1.33926E+02  1.04562E-06   2.54184E+02  2.34938E-06   7.50440E+01  1.65617E-06   3.48910E+02  2.12849E-06   3.06010E+02  2.66222E-06   1.09800E+02  3.18301E-06   2.30184E+02  1.98685E-06   1.39009E+02  2.14353E-06   1.63457E+02  1.51022E-06   2.84401E+02  2.12091E-06   7.27801E+01  2.33803E-06   3.12371E+02  1.45173E-06   3.77319E+01  1.12733E-06   8.42535E+00  9.62958E-07   2.31489E+02  1.78981E-06   9.93146E+01  2.15294E-06   2.12429E+02  1.90345E-06   1.28585E+02  1.48334E-06   2.04481E+02  9.65505E-07   1.67389E+02  5.79468E-08   2.63222E+01  1.12098E-06   2.68339E+02  1.52862E-06   2.17154E+01  2.05497E-06   2.92739E+02  2.25719E-06   1.95150E+01  2.37887E-06   3.06825E+02  2.15031E-06   1.55219E+01  2.31704E-06   3.22013E+02  1.71407E-06   1.00452E+01  1.94203E-06   3.31720E+02  1.46971E-06   1.07772E+01  1.60228E-06   3.34160E+02  1.13173E-06   1.45964E+01  1.44726E-06   3.43743E+02  8.02617E-07   7.82148E-01  1.31347E-06   3.59273E+02  7.78408E-07   3.51282E+02  1.21885E-06   3.51612E+02  8.98456E-07   8.79742E+00  1.24624E-06   3.33110E+02  1.21581E-06   1.52773E+01  1.28761E-06   3.19732E+02  1.47111E-06   1.42632E+01  1.45910E-06   3.09999E+02  1.55430E-06   1.86074E+01  1.66456E-06   2.95867E+02  1.74863E-06   2.74183E+01  1.77015E-06   2.74399E+02  1.68995E-06   3.31577E+01  1.47632E-06   2.57136E+02  8.02943E-07   4.94150E+01  4.68766E-07   2.57174E+02  8.07411E-07   1.88687E+02  9.68512E-07   6.99845E+01  1.67763E-06   2.14041E+02  1.82616E-06   7.77408E+01  1.33382E-06   2.30631E+02  1.16890E-06   8.44193E+01  1.24874E-07   2.57369E+02  6.86364E-07   2.43798E+02  9.67225E-07   8.13013E+01  1.85948E-06   2.57349E+02  8.73784E-07   1.35540E+02  4.10116E-07   2.79958E+02  1.47153E-06   2.21970E+02  1.74461E-06   9.31956E+01  9.61728E-07   2.93901E+02  1.02536E-06   1.44611E+02  1.35212E-06   3.10429E+01  2.24089E-06   3.00915E+02  1.29413E-06   1.81334E+02  1.02138E-06   1.60131E+01  7.18539E-07   2.16999E+02  3.35451E-06   1.22369E+02  2.28438E-06   1.06965E+01  2.15390E-06   2.76179E+02 
 4.31890E-07   1.37977E+02  8.33547E-07   2.98321E+01  2.06149E-06   9.89114E+01  1.04639E-06   2.31290E+02  1.33177E-06   1.93649E+02  1.46525E-06   2.31983E+02  2.58341E-06   3.08220E+02  4.34877E-06   1.94211E+01  8.75553E-07   4.45898E+01  7.12573E-07   2.91811E+00  3.32471E-06   1.40341E+02  5.46182E-06   1.97770E+02  1.87551E-06   1.58752E+02  2.64788E-06   1.81600E+02  2.00228E-06   3.40814E+02  3.33359E-06   2.90110E+01  3.43271E-06   3.56214E+02  3.79877E-06   1.37357E+01  1.90660E-06   2.18493E+01  8.03995E-07   3.05035E+02  1.07686E-06   1.42788E+02  2.68999E-06   2.14050E+02  2.04999E-06   1.82202E+02  2.81916E-06   2.05185E+02  1.91242E-06   2.14470E+02  1.21332E-06   1.82547E+02  1.82382E-06   2.57481E+02  1.01744E-06   7.36934E+01  1.88570E-06   2.88849E+02  1.78604E-06   4.66399E+01  1.61719E-06   3.10797E+02  1.92423E-06   3.75988E+01  1.34843E-06   3.30667E+02  1.60523E-06   4.08974E+01  1.26959E-06   3.47931E+02  1.10080E-06   4.81030E+01  1.09067E-06   5.73916E+00  7.69732E-07   4.62772E+01  8.40004E-07   2.82760E+01  5.46909E-07   4.39890E+01  8.93172E-07   2.87889E+01  3.71817E-07   6.90114E+01  8.59194E-07   2.05298E+01  4.90865E-07   5.82724E+01  6.23161E-07   3.58559E+02  8.21610E-07   4.74222E+01  7.24603E-07   3.17211E+02  1.09419E-06   4.98175E+01  1.20395E-06   2.95031E+02  1.32794E-06   5.45947E+01  1.68861E-06   2.83577E+02  1.35985E-06   5.99837E+01  1.94451E-06   2.74396E+02  1.14733E-06   7.43713E+01  1.76993E-06   2.63944E+02  6.41214E-07   1.14041E+02  9.60227E-07   2.32571E+02  8.68356E-07   2.24694E+02  9.98555E-07   1.40511E+02  1.78161E-06   2.63049E+02  1.36589E-06   1.09291E+02  2.06276E-06   2.92057E+02  7.96923E-07   4.60487E+01  1.56633E-06   3.39911E+02  1.58206E-06   3.27734E+02  1.63413E-06   7.48070E+01  1.48504E-06   3.06801E+02  3.12849E-06   1.35738E+02  5.79649E-07   1.59732E+02  2.89062E-06   1.81494E+02  1.88771E-06   1.31525E+02  2.47959E-06   2.70723E+02  6.76658E-07   1.61859E+02  1.76541E-06   3.48230E+02  1.38466E-06   2.69365E+02  1.86286E-06   7.50138E+01  1.30931E-06   3.59742E+02  1.50865E-06   2.69790E+02  1.97516E-06   7.71898E+01  1.16373E-06   3.49536E+02  9.60010E-07   1.76663E+02 
 9.60023E-07   8.55371E+01  1.41940E-06   3.19849E+02  1.92698E-06   3.17747E+02  3.53858E-06   2.80267E+02  3.28988E-06   1.58138E+02  8.38339E-07   9.30617E+01  1.99810E-06   7.82132E+00  3.41539E-06   8.49570E+01  9.34287E-07   2.68513E+02  1.03129E-06   2.37064E+02  4.40505E-06   1.58033E+02  3.53938E-06   2.43156E+02  2.23306E-06   9.29872E+01  3.52766E-07   3.09313E+02  3.79483E-06   3.53503E+02  2.73868E-06   5.25790E+01  3.08727E-06   3.16046E+02  1.49490E-06   9.47612E+01  1.48676E-06   2.24948E+02  2.82934E-06   1.93538E+02  2.60043E-06   1.53857E+02  3.56376E-06   2.12102E+02  2.40544E-06   1.25172E+02  1.91068E-06   2.34640E+02  1.36222E-06   7.06250E+01  1.21682E-06   3.34958E+02  1.73899E-06   3.55086E+02  2.62747E-06   1.35791E+01  2.45957E-06   3.25466E+02  3.26852E-06   2.49862E+01  2.60982E-06   3.11400E+02  2.93285E-06   3.28780E+01  2.34616E-06   3.05349E+02  2.35776E-06   4.15418E+01  1.84160E-06   2.93614E+02  2.05798E-06   4.92762E+01  1.54997E-06   2.78500E+02  1.83761E-06   5.98138E+01  1.30059E-06   2.75853E+02  1.49249E-06   6.91002E+01  9.68010E-07   2.75695E+02  1.38779E-06   6.74130E+01  1.06524E-06   2.71266E+02  1.66604E-06   6.26949E+01  1.35366E-06   2.70127E+02  2.00193E-06   5.62430E+01  1.60526E-06   2.73309E+02  2.13150E-06   4.96682E+01  1.80227E-06   2.85022E+02  2.08570E-06   4.46649E+01  1.94162E-06   2.89951E+02  2.12068E-06   3.41366E+01  1.65521E-06   2.88158E+02  1.80806E-06   1.87715E+01  8.07371E-07   3.03642E+02  8.64417E-07   3.35368E+02  8.49635E-07   5.40653E+01  1.37676E-06   2.43971E+02  1.94776E-06   8.25097E+01  2.23468E-06   2.22272E+02  1.96600E-06   9.50029E+01  1.78021E-06   1.98822E+02  2.87810E-07   1.63979E+02  1.14618E-06   1.31432E+02  2.19095E-06   2.80487E+02  1.26069E-06   7.71269E+01  2.37329E-06   2.96941E+02  2.72316E-07   3.02198E+02  1.18355E-06   7.05799E+01  1.92164E-06   2.48077E+02  3.48099E-06   1.18669E+02  4.01896E-07   3.14720E+02  1.81593E-06   2.01274E+02  1.92436E-06   5.53362E+01  3.22857E-06   2.99543E+02  1.98264E-06   1.98729E+02  2.17141E-06   6.37903E+01  1.38977E-06   2.58825E+02  3.12951E-06   1.34109E+02  3.17617E-06   1.98272E+01  2.32285E-06   2.95755E+02 
 3.49996E-07   2.80405E+02  9.88620E-07   3.37287E+02  8.96918E-07   1.22418E+02  2.51648E-06   1.68161E+02  1.90765E-06   1.39367E+02  1.97618E-06   3.10437E+02  2.00074E-06   3.37231E+02  3.24772E-06   1.41867E+01  1.30609E-06   2.77026E+02  1.87224E-06   1.37558E+02  3.12738E-06   1.63660E+02  3.55196E-06   2.00774E+02  2.22266E-06   1.09446E+02  1.48252E-06   2.54827E+02  2.78739E-06   1.63869E+01  2.21721E-06   1.64541E+01  2.49505E-06   3.44823E+02  2.22362E-06   4.69139E+01  7.60000E-07   2.76187E+02  8.76213E-07   1.20807E+02  1.23817E-06   1.91383E+02  1.67346E-06   2.14019E+02  7.64520E-07   1.59355E+02  2.14680E-06   2.44642E+02  4.32202E-07   8.34900E+00  1.51642E-06   2.71361E+02  1.25452E-06   3.34997E+02  8.11843E-07   3.34644E+02  1.35422E-06   3.20482E+02  1.17935E-06   2.79796E+01  9.19645E-07   3.06314E+02  1.38834E-06   5.33086E+01  5.60862E-07   2.74237E+02  1.54877E-06   7.57753E+01  4.81939E-07   2.40516E+02  1.63713E-06   9.27156E+01  5.08236E-07   2.01313E+02  1.52053E-06   9.85857E+01  7.32537E-07   1.74626E+02  1.46933E-06   1.01805E+02  7.04047E-07   1.73312E+02  1.45856E-06   1.06651E+02  6.40832E-07   1.80577E+02  1.44870E-06   1.00031E+02  7.27696E-07   2.01948E+02  1.49026E-06   9.15570E+01  8.71341E-07   2.24575E+02  1.47923E-06   8.31008E+01  1.00776E-06   2.47443E+02  1.25695E-06   7.63235E+01  1.16643E-06   2.65774E+02  7.91160E-07   6.93318E+01  1.11882E-06   2.82222E+02  1.50817E-07   2.67814E+00  8.32511E-07   3.02706E+02  9.22399E-07   2.61139E+02  5.22930E-07   1.47937E+01  1.78547E-06   2.60847E+02  9.09137E-07   7.81050E+01  1.79898E-06   2.74493E+02  7.41402E-07   1.07356E+02  1.12671E-06   3.27081E+02  3.28199E-07   2.46648E+02  1.58063E-06   3.57467E+01  1.14771E-06   2.94372E+02  1.56020E-06   8.95024E+01  1.03787E-06   3.38586E+02  2.03981E-06   1.66682E+02  9.52928E-07   9.42560E+01  2.16382E-06   2.08106E+02  1.88283E-06   1.58258E+02  7.72231E-07   2.63105E+02  1.07879E-06   2.17275E+02  7.04625E-07   7.22502E+01  1.60806E-06   3.36856E+02  7.73824E-07   3.50556E+02  6.08714E-07   2.16849E+01  2.02228E-06   3.05052E+02  1.22961E-06   1.35892E+02  1.50652E-06   8.68569E+01  1.24317E-06   5.60478E+01 
 1.03583E-06   8.20812E+01  7.36769E-07   3.10909E+02  1.12779E-06   2.87423E+02  3.08520E-06   2.74286E+02  1.51054E-06   1.65161E+02  1.37478E-06   3.58642E+02  2.96404E-06   2.57125E+01  3.00539E-06   9.64917E+01  2.11656E-06   1.98545E+02  2.16992E-06   1.75116E+02  4.99353E-06   1.74991E+02  2.40457E-06   2.59175E+02  2.44007E-06   5.91860E+01  2.48680E-06   3.36124E+02  5.05523E-06   7.75695E+00  2.04502E-06   3.40759E+01  2.43674E-06   3.20557E+02  2.12507E-06   1.38353E+02  2.90504E-06   2.17796E+02  3.64887E-06   1.82134E+02  3.01000E-06   1.81280E+02  3.12643E-06   2.09820E+02  1.70932E-06   1.24265E+02  1.75095E-06   2.60162E+02  2.16003E-06   4.99200E+01  1.89502E-06   3.31417E+02  2.64959E-06   1.92913E+01  2.53742E-06   7.83381E+00  2.30568E-06   3.53306E+02  2.83894E-06   2.90070E+01  1.78702E-06   3.21949E+02  2.71182E-06   4.60246E+01  1.61837E-06   2.92486E+02  2.46312E-06   6.07499E+01  1.59409E-06   2.64447E+02  2.49058E-06   6.85057E+01  1.86378E-06   2.47506E+02  2.56553E-06   7.58975E+01  1.84464E-06   2.44340E+02  2.37028E-06   8.10232E+01  1.60014E-06   2.40914E+02  2.30796E-06   8.09445E+01  1.67316E-06   2.42714E+02  2.54873E-06   7.65815E+01  1.79597E-06   2.45562E+02  2.64281E-06   6.96516E+01  1.72061E-06   2.50283E+02  2.50064E-06   6.48572E+01  1.49109E-06   2.66375E+02  2.08163E-06   6.01753E+01  1.29208E-06   2.93202E+02  1.59650E-06   4.36940E+01  9.00218E-07   3.17962E+02  1.23656E-06   1.07849E+00  8.07461E-07   2.71256E+01  1.26523E-06   3.01769E+02  1.52243E-06   6.47698E+01  1.75432E-06   2.58262E+02  1.87915E-06   8.68713E+01  1.84310E-06   2.27409E+02  1.24072E-06   1.19849E+02  1.60026E-06   1.76236E+02  1.13137E-06   2.50486E+02  1.81300E-06   1.31102E+02  2.89325E-06   2.93685E+02  9.25368E-07   9.42735E+01  2.50273E-06   3.22851E+02  1.18638E-06   3.05740E+02  2.10995E-06   8.12265E+01  1.84093E-06   2.73561E+02  3.86515E-06   1.30186E+02  2.70065E-07   8.16415E+01  2.30577E-06   2.18218E+02  1.62106E-06   8.21474E+01  2.77446E-06   3.01619E+02  1.92557E-06   2.10131E+02  2.85800E-06   7.24804E+01  1.66309E-06   2.67976E+02  1.95395E-06   1.50801E+02  2.63151E-06   2.25359E+01  2.05204E-06   3.15442E+02 
 6.82009E-07   2.66982E+02  1.45729E-06   3.01549E+02  5.28620E-07   1.81752E+02  3.04171E-06   1.57385E+02  2.51586E-06   1.18742E+02  3.33120E-06   3.38493E+02  1.22423E-06   2.71283E+01  1.33562E-06   3.53651E+02  2.30126E-06   2.50613E+02  3.13778E-06   1.48128E+02  2.24592E-06   1.85175E+02  7.90141E-07   2.23585E+02  2.76732E-06   7.89697E+01  2.73026E-06   3.05782E+02  3.01170E-06   4.00011E+01  7.96607E-07   3.19469E+02  9.38377E-07   3.22175E+02  1.89972E-06   1.19874E+02  1.92329E-06   2.39169E+02  2.02980E-06   1.20023E+02  1.24866E-06   2.37499E+02  3.00787E-08   2.89607E+02  9.66147E-07   9.25777E+00  1.93576E-06   2.91992E+02  2.24244E-06   1.97386E+01  2.34054E-06   2.91676E+02  2.11362E-06   1.52409E+01  1.46684E-06   2.89345E+02  1.11644E-06   9.37122E+00  3.74994E-07   2.63938E+02  9.43837E-08   3.20237E+01  7.05971E-07   1.39809E+02  6.94480E-07   1.89923E+02  1.57392E-06   1.25237E+02  1.11697E-06   1.94578E+02  2.04050E-06   1.23687E+02  1.35083E-06   1.86915E+02  2.02397E-06   1.20740E+02  1.47276E-06   1.80436E+02  2.04812E-06   1.19783E+02  1.35517E-06   1.83472E+02  2.10597E-06   1.20073E+02  1.26658E-06   1.82701E+02  1.95206E-06   1.18413E+02  1.26300E-06   1.89257E+02  1.83032E-06   1.15843E+02  1.13137E-06   1.98007E+02  1.60957E-06   1.19518E+02  7.31171E-07   2.09866E+02  1.09520E-06   1.32935E+02  3.22199E-07   2.30997E+02  5.45050E-07   1.85129E+02  2.72399E-07   3.57260E+02  1.03795E-06   2.51399E+02  8.64102E-07   1.92494E+01  1.84202E-06   2.64360E+02  1.29194E-06   2.73955E+01  2.08980E-06   2.74725E+02  1.02607E-06   3.37193E+01  1.28510E-06   2.98192E+02  3.01469E-07   3.29640E+02  1.10492E-06   4.11665E+01  9.99514E-07   2.53450E+02  1.90740E-06   7.15724E+01  8.11491E-07   2.50743E+02  9.25672E-07   1.13810E+02  8.14228E-07   5.07069E+01  1.79531E-06   2.26403E+02  1.36085E-06   8.71398E+01  1.50346E-06   2.41685E+02  1.83242E-06   1.83425E+02  1.12365E-06   1.10294E+02  1.58401E-06   2.30916E+02  1.30293E-06   1.31273E+02  2.14780E-06   9.03388E+00  2.50855E-06   3.01687E+02  7.37794E-07   1.12506E+02  2.30506E-06   3.31557E+02  1.91896E-06   1.80946E+02  2.32851E-06   1.10802E+02  2.48209E-06   4.46812E+01 
 9.56940E-07   9.76085E+01  4.22252E-07   2.83356E+02  7.69864E-07   2.17361E+02  2.05837E-06   2.70188E+02  9.40377E-07   3.15954E+02  2.14680E-06   3.48328E+02  2.58010E-06   3.84793E+01  2.17346E-06   1.20096E+02  3.47639E-06   1.79694E+02  3.13858E-06   1.61304E+02  3.96205E-06   1.87744E+02  1.09780E-06   3.02887E+02  2.57506E-06   2.76809E+01  3.35856E-06   3.38867E+02  4.78801E-06   1.62387E+01  9.79326E-07   3.51245E+02  1.23255E-06   3.35073E+02  2.71651E-06   1.63158E+02  2.96156E-06   2.18612E+02  3.56381E-06   1.74213E+02  2.67933E-06   2.05584E+02  1.94882E-06   2.02844E+02  5.61710E-07   1.35321E+02  1.38361E-06   2.88980E+02  2.15500E-06   4.47287E+01  1.89470E-06   3.27973E+02  2.70346E-06   3.52161E+01  1.78465E-06   3.59083E+02  1.90990E-06   2.79477E+01  1.82349E-06   3.34079E+01  7.29437E-07   7.88193E+00  1.93571E-06   6.06763E+01  4.65087E-07   2.73656E+02  2.12581E-06   7.45855E+01  1.07171E-06   2.32400E+02  2.46785E-06   7.77165E+01  1.61691E-06   2.31478E+02  2.76968E-06   8.13236E+01  1.74717E-06   2.33290E+02  2.61098E-06   8.32286E+01  1.49606E-06   2.29890E+02  2.54594E-06   8.16573E+01  1.52956E-06   2.32942E+02  2.78327E-06   8.04300E+01  1.56030E-06   2.34454E+02  2.76300E-06   7.49532E+01  1.28741E-06   2.31790E+02  2.35248E-06   7.21292E+01  6.77114E-07   2.39350E+02  1.70454E-06   7.21234E+01  1.98129E-07   3.38380E+02  9.08835E-07   5.93945E+01  7.20688E-07   5.14941E+01  6.91054E-07   3.22837E+02  1.36710E-06   7.18606E+01  1.46949E-06   2.81941E+02  1.68487E-06   7.81170E+01  1.67293E-06   2.59254E+02  1.18420E-06   9.63203E+01  1.20745E-06   2.25188E+02  6.98553E-07   1.88401E+02  1.32578E-06   1.55109E+02  1.77412E-06   2.67446E+02  1.87527E-06   1.34168E+02  2.86965E-06   3.07688E+02  6.49780E-07   1.44436E+02  2.42293E-06   3.46548E+02  1.46856E-06   3.02730E+02  2.14142E-06   8.49425E+01  1.45830E-06   3.01195E+02  3.12295E-06   1.42400E+02  8.14346E-07   1.12931E+02  2.24627E-06   2.25198E+02  1.52301E-06   1.28838E+02  1.61283E-06   3.03586E+02  1.34040E-06   2.22959E+02  2.45615E-06   7.02705E+01  1.38211E-06   2.79794E+02  9.34382E-07   1.97051E+02  1.46369E-06   1.75323E+01  1.51901E-06   3.34743E+02 
 9.67650E-07   2.67038E+02  1.72994E-06   2.79441E+02  4.88482E-07   2.39810E+02  2.62339E-06   1.50496E+02  2.56408E-06   1.04642E+02  3.69165E-06   3.51634E+02  1.37731E-06   8.73782E+01  9.89959E-07   2.31653E+02  2.69686E-06   2.36719E+02  3.19574E-06   1.52173E+02  1.31707E-06   2.26851E+02  1.90963E-06   4.15053E+00  2.88432E-06   6.02271E+01  3.60855E-06   3.21068E+02  2.74767E-06   6.45537E+01  1.62638E-06   2.41228E+02  9.72900E-07   1.85196E+02  2.79249E-06   1.57313E+02  2.38212E-06   2.30124E+02  2.33500E-06   1.14715E+02  1.58106E-06   2.76032E+02  1.51771E-06   3.14749E+01  2.15005E-06   3.58649E+02  2.39997E-06   3.29163E+02  3.05420E-06   1.98230E+01  2.55195E-06   3.02105E+02  2.48996E-06   2.97726E+01  1.89171E-06   2.72963E+02  1.34949E-06   4.95694E+01  1.53811E-06   2.29927E+02  8.85004E-07   1.09254E+02  1.58808E-06   1.91521E+02  1.20612E-06   1.56265E+02  1.91605E-06   1.61190E+02  1.36083E-06   1.75729E+02  2.15205E-06   1.46335E+02  1.59879E-06   1.76118E+02  1.93163E-06   1.37319E+02  1.65233E-06   1.74577E+02  2.00832E-06   1.32043E+02  1.43578E-06   1.79712E+02  2.09813E-06   1.31691E+02  1.31109E-06   1.77909E+02  1.90399E-06   1.33183E+02  1.22987E-06   1.73446E+02  1.78326E-06   1.37176E+02  1.00051E-06   1.69201E+02  1.61018E-06   1.49351E+02  6.46954E-07   1.47603E+02  1.44828E-06   1.75109E+02  7.13938E-07   9.76466E+01  1.44667E-06   2.16076E+02  1.03017E-06   7.25227E+01  1.77144E-06   2.48216E+02  1.26573E-06   5.13204E+01  2.05763E-06   2.68427E+02  1.34799E-06   3.17239E+01  1.85157E-06   2.88150E+02  1.10905E-06   4.51751E+00  1.01466E-06   3.41299E+02  1.04623E-06   3.02494E+02  1.69800E-06   6.65576E+01  1.24594E-06   2.60617E+02  1.93098E-06   8.93031E+01  6.70921E-07   2.01493E+02  5.76192E-07   1.90841E+02  1.40877E-06   9.51518E+01  2.46653E-06   2.61629E+02  1.37781E-06   9.56923E+01  1.17273E-06   2.85610E+02  1.74244E-06   2.06755E+02  2.40641E-06   1.08235E+02  1.54487E-06   2.43347E+02  1.78676E-06   1.55604E+02  2.44282E-06   2.52651E+01  3.70610E-06   2.94115E+02  1.21132E-06   1.24325E+02  2.38779E-06   3.53529E+02  2.33770E-06   1.93013E+02  2.77794E-06   1.25746E+02  2.90101E-06   4.15988E+01 
 1.02555E-06   1.29412E+02  4.00363E-07   2.84366E+02  1.20506E-06   1.60589E+02  1.23546E-06   2.67419E+02  2.68467E-06   3.31529E+02  2.51268E-06   3.45353E+02  1.63574E-06   7.36474E+01  1.55489E-06   1.55467E+02  4.39178E-06   1.68088E+02  3.05696E-06   1.54953E+02  2.39808E-06   2.02155E+02  1.40589E-06   9.64501E+00  2.71752E-06   8.44809E+00  3.39583E-06   3.37677E+02  3.57922E-06   2.81347E+01  1.24204E-06   2.77586E+02  6.04179E-07   5.30171E+01  2.96960E-06   1.79017E+02  2.16365E-06   2.25848E+02  3.00089E-06   1.68301E+02  2.21866E-06   2.36299E+02  8.43631E-07   1.80356E+02  5.98359E-07   2.82563E+02  9.71515E-07   3.17587E+02  1.57379E-06   3.63332E+01  1.27139E-06   3.23671E+02  2.29361E-06   4.89089E+01  7.41208E-07   3.45923E+02  1.84587E-06   6.03718E+01  7.55218E-07   5.82996E+01  1.10291E-06   7.84543E+01  1.33496E-06   9.13570E+01  4.80489E-07   1.00558E+02  1.79081E-06   9.37263E+01  5.49465E-07   1.87089E+02  2.20701E-06   8.63782E+01  9.81842E-07   2.21026E+02  2.54962E-06   8.62316E+01  1.03353E-06   2.34662E+02  2.46936E-06   8.69181E+01  8.58527E-07   2.36787E+02  2.42534E-06   8.43538E+01  8.81549E-07   2.36889E+02  2.58549E-06   8.20378E+01  8.79439E-07   2.30464E+02  2.51010E-06   7.83317E+01  5.97984E-07   2.08189E+02  2.02475E-06   8.02960E+01  3.78128E-07   1.19747E+02  1.32330E-06   9.01766E+01  9.03086E-07   8.45407E+01  5.00116E-07   1.01000E+02  1.39707E-06   8.73945E+01  5.45585E-07   2.62382E+02  1.75332E-06   8.98682E+01  1.31799E-06   2.57764E+02  1.39985E-06   9.12072E+01  1.28519E-06   2.47872E+02  4.72613E-07   1.45916E+02  7.34644E-07   2.09530E+02  1.17636E-06   2.45869E+02  1.16824E-06   1.40076E+02  2.07445E-06   2.81899E+02  1.51263E-06   1.39321E+02  2.37559E-06   3.23034E+02  6.19923E-07   2.02936E+02  2.12756E-06   1.20779E+01  1.57159E-06   2.99802E+02  1.80838E-06   8.91972E+01  1.25158E-06   3.29808E+02  2.21139E-06   1.59591E+02  1.11145E-06   1.18408E+02  1.97665E-06   2.16433E+02  1.65548E-06   1.63068E+02  1.88887E-07   2.02521E+02  9.14969E-07   2.70660E+02  1.62305E-06   6.52791E+01  1.12389E-06   3.02604E+02  9.96515E-07   2.63650E+02  4.54140E-07   3.22664E+02  9.45252E-07   2.12489E+00 
 1.09286E-06   2.68496E+02  1.90188E-06   2.69850E+02  5.63462E-07   2.66509E+02  1.63490E-06   1.41166E+02  2.36125E-06   9.20868E+01  3.11451E-06   4.01820E+00  1.91100E-06   1.16322E+02  2.45327E-06   2.04842E+02  2.56729E-06   2.28156E+02  2.57020E-06   1.56316E+02  1.47882E-06   2.88618E+02  3.46051E-06   1.19981E+01  2.62118E-06   4.01659E+01  3.46408E-06   3.29841E+02  2.38987E-06   8.74404E+01  2.60831E-06   2.25557E+02  2.10406E-06   1.69686E+02  3.41547E-06   1.73316E+02  2.14064E-06   2.26740E+02  2.22903E-06   1.12400E+02  2.09918E-06   2.99129E+02  2.48159E-06   3.77266E+01  2.96483E-06   3.51155E+02  2.64277E-06   3.51245E+02  3.21600E-06   1.75564E+01  2.26970E-06   3.09270E+02  2.53966E-06   3.77012E+01  2.00008E-06   2.62432E+02  1.67856E-06   6.98803E+01  2.23574E-06   2.26809E+02  1.52403E-06   1.08296E+02  2.31814E-06   2.06094E+02  1.61418E-06   1.37564E+02  2.13825E-06   1.84448E+02  1.46529E-06   1.55410E+02  2.02048E-06   1.67045E+02  1.48742E-06   1.63270E+02  1.64981E-06   1.55931E+02  1.52582E-06   1.65879E+02  1.56866E-06   1.46587E+02  1.25230E-06   1.68515E+02  1.63060E-06   1.44827E+02  1.10238E-06   1.63208E+02  1.58049E-06   1.49953E+02  1.02771E-06   1.50517E+02  1.52130E-06   1.59297E+02  1.02487E-06   1.32945E+02  1.54566E-06   1.77032E+02  1.12842E-06   1.07868E+02  1.75114E-06   1.99498E+02  1.46394E-06   8.47459E+01  2.01226E-06   2.21832E+02  1.74408E-06   7.41944E+01  2.02801E-06   2.45973E+02  1.54342E-06   6.28308E+01  1.83017E-06   2.70930E+02  1.18551E-06   3.15185E+01  1.28985E-06   3.04458E+02  1.22850E-06   3.37454E+02  1.06011E-06   3.14398E+01  1.64147E-06   2.98484E+02  2.02502E-06   8.04818E+01  1.26819E-06   2.73471E+02  1.69231E-06   1.08740E+02  5.81584E-07   1.57283E+02  1.10887E-06   2.27002E+02  1.71131E-06   1.05547E+02  2.71413E-06   2.75199E+02  1.02865E-06   1.10136E+02  1.04665E-06   3.28817E+02  1.69451E-06   2.30154E+02  3.04090E-06   1.09874E+02  1.28364E-06   2.63686E+02  2.17138E-06   1.72481E+02  2.47643E-06   3.35749E+01  3.97784E-06   2.89695E+02  1.28815E-06   1.24373E+02  2.51472E-06   1.04195E+01  2.45484E-06   1.95626E+02  2.76366E-06   1.34921E+02  2.59579E-06   4.34618E+01 
 1.05551E-06   1.52149E+02  2.80374E-07   2.89193E+02  1.51783E-06   1.36108E+02  5.88871E-07   2.54620E+02  3.75356E-06   3.34148E+02  2.42159E-06   3.46886E+02  1.63659E-06   1.32457E+02  1.51506E-06   1.85941E+02  4.63955E-06   1.61308E+02  2.56599E-06   1.47628E+02  1.12947E-06   2.38531E+02  2.12024E-06   2.87402E+01  2.56141E-06   3.55837E+02  2.95456E-06   3.36199E+02  2.39362E-06   4.92618E+01  2.00245E-06   2.59168E+02  1.29075E-06   1.03729E+02  2.73256E-06   1.92774E+02  1.24785E-06   2.34476E+02  2.03544E-06   1.63964E+02  2.02341E-06   2.65228E+02  4.20327E-07   1.03636E+02  1.20527E-06   2.89406E+02  8.51408E-07   3.47851E+02  7.71261E-07   3.46809E+01  7.23943E-07   3.22117E+02  1.68274E-06   7.30403E+01  2.04899E-07   2.52713E+02  2.03774E-06   8.64990E+01  4.69346E-07   1.42970E+02  1.81831E-06   9.56030E+01  1.02955E-06   1.23498E+02  1.25887E-06   9.49479E+01  1.44105E-06   1.10942E+02  7.25817E-07   1.08773E+02  1.71194E-06   9.15420E+01  3.40917E-07   1.61706E+02  2.04267E-06   8.58676E+01  2.11207E-07   2.45016E+02  2.02245E-06   8.65831E+01  1.59181E-07   3.13748E+02  1.99235E-06   8.44031E+01  1.36770E-07   2.97465E+02  2.12883E-06   7.96622E+01  1.59620E-07   1.59611E+02  2.00001E-06   7.64893E+01  4.90942E-07   1.14405E+02  1.58549E-06   8.32783E+01  1.06047E-06   9.02186E+01  1.00315E-06   1.02023E+02  1.61865E-06   9.05923E+01  3.72323E-07   1.38700E+02  1.99329E-06   1.01402E+02  6.03231E-07   2.43274E+02  1.94275E-06   1.07661E+02  1.08240E-06   2.42728E+02  1.18249E-06   1.20571E+02  9.85255E-07   2.32639E+02  7.65132E-07   2.07641E+02  5.09674E-07   1.87537E+02  1.63810E-06   2.57208E+02  8.52120E-07   1.29565E+02  1.97821E-06   2.89698E+02  8.74700E-07   1.45992E+02  1.87865E-06   3.44050E+02  8.34169E-07   2.46315E+02  1.98991E-06   3.59112E+01  1.54893E-06   3.02042E+02  1.28656E-06   9.52583E+01  1.14528E-06   3.54674E+02  1.49017E-06   1.84490E+02  1.30195E-06   1.27073E+02  1.65242E-06   2.00127E+02  1.94868E-06   1.81666E+02  1.41040E-06   1.43576E+02  1.15131E-06   3.12339E+02  8.04079E-07   3.83548E+01  9.50559E-07   3.27100E+02  1.46581E-06   2.98318E+02  1.03021E-06   2.32351E+02  7.40680E-07   4.49505E+01 
 1.14511E-06   2.67307E+02  1.90906E-06   2.68987E+02  5.11954E-07   2.79806E+02  6.16498E-07   1.12446E+02  2.27031E-06   8.24232E+01  2.29471E-06   1.88031E+01  2.45212E-06   1.30493E+02  3.22003E-06   2.00568E+02  2.24580E-06   2.15943E+02  1.46655E-06   1.65011E+02  2.05385E-06   3.14850E+02  4.20931E-06   1.27356E+01  2.40745E-06   2.28354E+01  3.01765E-06   3.35708E+02  2.23638E-06   1.10762E+02  3.09408E-06   2.21229E+02  2.83110E-06   1.63520E+02  3.58194E-06   1.84646E+02  1.61789E-06   2.23922E+02  1.89249E-06   1.12459E+02  2.47485E-06   3.12925E+02  2.90492E-06   4.11908E+01  3.39627E-06   3.46441E+02  2.62190E-06   8.27326E+00  3.20443E-06   1.23839E+01  1.63819E-06   3.16322E+02  2.39825E-06   4.01265E+01  1.85459E-06   2.51907E+02  1.83981E-06   7.54762E+01  2.55255E-06   2.24455E+02  1.84108E-06   1.03608E+02  2.72301E-06   2.12631E+02  1.70337E-06   1.23269E+02  2.36157E-06   1.97898E+02  1.33019E-06   1.39513E+02  1.98558E-06   1.83956E+02  1.16176E-06   1.49051E+02  1.56116E-06   1.76531E+02  1.11514E-06   1.51452E+02  1.30713E-06   1.68674E+02  8.96600E-07   1.51418E+02  1.33199E-06   1.65141E+02  8.03508E-07   1.39171E+02  1.34887E-06   1.72635E+02  8.66242E-07   1.19055E+02  1.46583E-06   1.83104E+02  1.10931E-06   1.01916E+02  1.65041E-06   1.97254E+02  1.52007E-06   8.83851E+01  2.00569E-06   2.12161E+02  1.98544E-06   7.58084E+01  2.23385E-06   2.25667E+02  2.12852E-06   7.09545E+01  1.98542E-06   2.42186E+02  1.69327E-06   6.17131E+01  1.40430E-06   2.67102E+02  1.04212E-06   2.68743E+01  7.09671E-07   3.31637E+02  1.30202E-06   3.19072E+02  1.36718E-06   5.88008E+01  1.90813E-06   2.96256E+02  2.05678E-06   9.11348E+01  1.15556E-06   2.84106E+02  1.35715E-06   1.26659E+02  8.50279E-07   1.31969E+02  1.55337E-06   2.45715E+02  1.94262E-06   1.13946E+02  2.77310E-06   2.84212E+02  8.60906E-07   1.36768E+02  1.24554E-06   3.58740E+02  1.74469E-06   2.43849E+02  3.04864E-06   1.08200E+02  1.01543E-06   2.75609E+02  2.23850E-06   1.84971E+02  2.21343E-06   4.44752E+01  3.88682E-06   2.85719E+02  1.32798E-06   1.20826E+02  2.69513E-06   2.00942E+01  2.37317E-06   1.95741E+02  2.61108E-06   1.40612E+02  1.97389E-06   4.56942E+01 
 1.10966E-06   1.59669E+02  3.34363E-07   3.04337E+02  1.75048E-06   1.18093E+02  3.63773E-07   2.15676E+02  4.20943E-06   3.35063E+02  2.06328E-06   3.47005E+02  2.37714E-06   1.60278E+02  1.64151E-06   2.02460E+02  4.43005E-06   1.56097E+02  1.98913E-06   1.41433E+02  1.06805E-06   3.05082E+02  2.48781E-06   3.54174E+01  2.34323E-06   3.43500E+02  2.23458E-06   3.37183E+02  1.62752E-06   7.70766E+01  2.31264E-06   2.49176E+02  1.74214E-06   1.11686E+02  2.48181E-06   2.02746E+02  6.24634E-07   2.74958E+02  1.33533E-06   1.57336E+02  2.20173E-06   2.88331E+02  8.54123E-07   6.67899E+01  1.73582E-06   2.86951E+02  8.59573E-07   2.28450E+01  1.06045E-07   2.87457E+02  2.01160E-07   3.38243E+02  1.35025E-06   1.02683E+02  5.47170E-07   1.84771E+02  2.09936E-06   1.03939E+02  8.31009E-07   1.62936E+02  2.06413E-06   1.01411E+02  1.13207E-06   1.43260E+02  1.68160E-06   9.07672E+01  1.15728E-06   1.22127E+02  1.21722E-06   8.83511E+01  1.31301E-06   9.44442E+01  6.08713E-07   7.73429E+01  1.64802E-06   8.43946E+01  4.39621E-07   3.97593E+01  1.58761E-06   8.21813E+01  6.55223E-07   3.51768E+01  1.60661E-06   7.93540E+01  6.25172E-07   3.28537E+01  1.73530E-06   7.76733E+01  5.61948E-07   5.82556E+01  1.64288E-06   7.49489E+01  9.57315E-07   8.18565E+01  1.25832E-06   8.18433E+01  1.51323E-06   8.33399E+01  8.41630E-07   1.08401E+02  1.86718E-06   9.14750E+01  4.92948E-07   1.39758E+02  2.10413E-06   1.07308E+02  4.56659E-07   2.21886E+02  1.95082E-06   1.21434E+02  7.57266E-07   2.24332E+02  1.15030E-06   1.53006E+02  7.73721E-07   1.98206E+02  1.24987E-06   2.31126E+02  6.43198E-07   1.57986E+02  1.92092E-06   2.65215E+02  7.00545E-07   1.27148E+02  1.87303E-06   3.00649E+02  5.09266E-07   1.66685E+02  1.86880E-06   2.09752E+00  9.45197E-07   2.58036E+02  1.91580E-06   4.45896E+01  1.27409E-06   3.07062E+02  6.48943E-07   9.85816E+01  1.04218E-06   1.51187E+01  1.12679E-06   2.16796E+02  1.41994E-06   1.37075E+02  1.43818E-06   1.74767E+02  2.22967E-06   1.93590E+02  2.24714E-06   1.39903E+02  1.43335E-06   3.27695E+02  7.67493E-07   3.34300E+02  9.46189E-07   3.44597E+02  1.77414E-06   3.14654E+02  1.79042E-06   2.25891E+02  9.76123E-07   8.98359E+01 
 1.32541E-06   2.69357E+02  1.68071E-06   2.71603E+02  4.62249E-07   2.84284E+02  6.70135E-07   1.99185E+01  2.08531E-06   7.78775E+01  1.78943E-06   4.36364E+01  2.74471E-06   1.40603E+02  3.46742E-06   1.95614E+02  1.97805E-06   2.08470E+02  6.02230E-07   1.79574E+02  2.56911E-06   3.25062E+02  4.45923E-06   1.31795E+01  2.32783E-06   1.06173E+01  2.51843E-06   3.39264E+02  2.33393E-06   1.25253E+02  3.30594E-06   2.20976E+02  3.28667E-06   1.59118E+02  3.45823E-06   1.94023E+02  1.14662E-06   2.11082E+02  1.39535E-06   1.09037E+02  2.52943E-06   3.22388E+02  2.89587E-06   4.10527E+01  3.56896E-06   3.47467E+02  2.45843E-06   1.72941E+01  3.11678E-06   1.14360E+01  1.18370E-06   3.22240E+02  2.27751E-06   4.33500E+01  1.76846E-06   2.45717E+02  2.05391E-06   7.87945E+01  2.74570E-06   2.27636E+02  2.19999E-06   9.89121E+01  2.90073E-06   2.20961E+02  1.94387E-06   1.13030E+02  2.44944E-06   2.11167E+02  1.33935E-06   1.20893E+02  1.99190E-06   2.01712E+02  1.15276E-06   1.28919E+02  1.46565E-06   2.02405E+02  1.02666E-06   1.29267E+02  1.25443E-06   1.95839E+02  7.50334E-07   1.20797E+02  1.22737E-06   1.93286E+02  8.55370E-07   1.08029E+02  1.25799E-06   2.03467E+02  1.13930E-06   9.68718E+01  1.43958E-06   2.10062E+02  1.46337E-06   8.75352E+01  1.76535E-06   2.14597E+02  1.92672E-06   7.65748E+01  2.14929E-06   2.22570E+02  2.46434E-06   7.31196E+01  2.34225E-06   2.33447E+02  2.49613E-06   7.08699E+01  1.89682E-06   2.43369E+02  1.84119E-06   6.27492E+01  1.05066E-06   2.62690E+02  9.86474E-07   2.82896E+01  4.53587E-07   6.84897E+00  1.24983E-06   3.13968E+02  1.43134E-06   7.21767E+01  1.85688E-06   2.96888E+02  1.89554E-06   9.91794E+01  9.12642E-07   2.89923E+02  1.00382E-06   1.48094E+02  1.19532E-06   1.20573E+02  1.92336E-06   2.56614E+02  2.18088E-06   1.17072E+02  2.72849E-06   2.88858E+02  8.36273E-07   1.56631E+02  1.31676E-06   1.47937E+01  1.81163E-06   2.54095E+02  2.99318E-06   1.07655E+02  9.89561E-07   2.87496E+02  2.22925E-06   1.90360E+02  1.83843E-06   5.38228E+01  3.54280E-06   2.83410E+02  1.30101E-06   1.19786E+02  2.87395E-06   2.47052E+01  2.28510E-06   1.95179E+02  2.51020E-06   1.44190E+02  1.28073E-06   4.66171E+01 
 1.18527E-06   1.62859E+02  4.31799E-07   3.20244E+02  1.92365E-06   1.02204E+02  5.40519E-07   1.87558E+02  4.36327E-06   3.36587E+02  1.66174E-06   3.45731E+02  2.91143E-06   1.69076E+02  1.71672E-06   2.12928E+02  4.16970E-06   1.50772E+02  1.41692E-06   1.39592E+02  1.47797E-06   3.34799E+02  2.54352E-06   3.62966E+01  2.09506E-06   3.33948E+02  1.74052E-06   3.38945E+02  1.41488E-06   1.08308E+02  2.41461E-06   2.44348E+02  1.93642E-06   1.12036E+02  2.34103E-06   2.10970E+02  7.20535E-07   3.31351E+02  8.52045E-07   1.50818E+02  2.42921E-06   2.98576E+02  1.15438E-06   5.79083E+01  2.09197E-06   2.83510E+02  9.86754E-07   4.49041E+01  6.81742E-07   2.35975E+02  3.01788E-07   1.17557E+02  1.27072E-06   1.29326E+02  8.42841E-07   1.66790E+02  1.98763E-06   1.14462E+02  1.08794E-06   1.60654E+02  2.08406E-06   1.03459E+02  1.21284E-06   1.49511E+02  1.82408E-06   8.53836E+01  1.08399E-06   1.32499E+02  1.45374E-06   7.58723E+01  1.10141E-06   9.90243E+01  9.49748E-07   5.53398E+01  1.41460E-06   8.55764E+01  9.47617E-07   3.42966E+01  1.34357E-06   7.96680E+01  1.06672E-06   3.46231E+01  1.32182E-06   7.70574E+01  1.05232E-06   3.12021E+01  1.53892E-06   7.85867E+01  9.95160E-07   4.18827E+01  1.46517E-06   7.52210E+01  1.21992E-06   6.68175E+01  1.09852E-06   8.18158E+01  1.68648E-06   7.88369E+01  7.93756E-07   1.07931E+02  1.87776E-06   8.90934E+01  5.97697E-07   1.33849E+02  1.99515E-06   1.10200E+02  3.48401E-07   1.83623E+02  1.89633E-06   1.32685E+02  5.85479E-07   2.02068E+02  1.34894E-06   1.73173E+02  7.45082E-07   1.74450E+02  1.70184E-06   2.35116E+02  7.77543E-07   1.46336E+02  2.08442E-06   2.67512E+02  5.92735E-07   1.33558E+02  1.78638E-06   3.10286E+02  3.81656E-07   2.03967E+02  1.85442E-06   1.38840E+01  9.86063E-07   2.71147E+02  1.74014E-06   4.94700E+01  1.15176E-06   3.18280E+02  1.81889E-07   1.29996E+02  1.00763E-06   3.01962E+01  1.07495E-06   2.35505E+02  1.36357E-06   1.46419E+02  1.62617E-06   1.52611E+02  2.35385E-06   2.02001E+02  2.75654E-06   1.38995E+02  1.57392E-06   3.31513E+02  1.28401E-06   3.13088E+02  8.99888E-07   3.59003E+02  2.04450E-06   3.24668E+02  2.21855E-06   2.21182E+02  1.25749E-06   1.06268E+02 
 1.33066E-06   2.77505E+02  1.64155E-06   2.74489E+02  3.38126E-07   2.87749E+02  1.17788E-06   3.56028E+02  1.98016E-06   7.77383E+01  1.63513E-06   6.49595E+01  2.97463E-06   1.46162E+02  3.43412E-06   1.93192E+02  1.88864E-06   2.01879E+02  2.30906E-07   2.88037E+02  2.71951E-06   3.27993E+02  4.51884E-06   1.32120E+01  2.21752E-06   2.44851E+00  2.12909E-06   3.43863E+02  2.43778E-06   1.35866E+02  3.21254E-06   2.21031E+02  3.59802E-06   1.58374E+02  3.15738E-06   2.00190E+02  1.07483E-06   1.96776E+02  1.10972E-06   1.01505E+02  2.49754E-06   3.26403E+02  2.87385E-06   4.33089E+01  3.60926E-06   3.46617E+02  2.39685E-06   2.60004E+01  2.95969E-06   9.28141E+00  9.13190E-07   3.35534E+02  2.13876E-06   4.44838E+01  1.58884E-06   2.43884E+02  2.08945E-06   8.06052E+01  2.65569E-06   2.28988E+02  2.29093E-06   9.70502E+01  2.92780E-06   2.25039E+02  1.99070E-06   1.07374E+02  2.47870E-06   2.18736E+02  1.39152E-06   1.13071E+02  1.96079E-06   2.12504E+02  1.11201E-06   1.17419E+02  1.49248E-06   2.16057E+02  9.41156E-07   1.17307E+02  1.29126E-06   2.11253E+02  7.27956E-07   1.01421E+02  1.26869E-06   2.07358E+02  8.70372E-07   8.93952E+01  1.29275E-06   2.18682E+02  1.22692E-06   8.86603E+01  1.46533E-06   2.24532E+02  1.58998E-06   8.05988E+01  1.79236E-06   2.24582E+02  2.11019E-06   7.22240E+01  2.13850E-06   2.28760E+02  2.59679E-06   6.99891E+01  2.25254E-06   2.36421E+02  2.61205E-06   6.90971E+01  1.74707E-06   2.43992E+02  1.85846E-06   6.18254E+01  7.02245E-07   2.57685E+02  8.99713E-07   1.98819E+01  5.54237E-07   5.89677E+01  1.32418E-06   3.09187E+02  1.58594E-06   8.38057E+01  1.78891E-06   2.93566E+02  1.77878E-06   1.02031E+02  7.38080E-07   2.86807E+02  7.68004E-07   1.62728E+02  1.35421E-06   1.20228E+02  2.02978E-06   2.62843E+02  2.21109E-06   1.20198E+02  2.58101E-06   2.92512E+02  8.86003E-07   1.66408E+02  1.38978E-06   2.39007E+01  1.86691E-06   2.58783E+02  2.86947E-06   1.04588E+02  9.52075E-07   2.91941E+02  2.18479E-06   1.95305E+02  1.69290E-06   6.20323E+01  3.33241E-06   2.81049E+02  1.36421E-06   1.14394E+02  3.01266E-06   2.36402E+01  2.22773E-06   1.89567E+02  2.35879E-06   1.49577E+02  9.18123E-07   5.51631E+01 
 1.29471E-06   1.70567E+02  5.59433E-07   3.47022E+02  1.98974E-06   9.34707E+01  6.70255E-07   1.76565E+02  4.43281E-06   3.35656E+02  1.38279E-06   3.50924E+02  3.14039E-06   1.74659E+02  1.65540E-06   2.12476E+02  3.88740E-06   1.48338E+02  1.16796E-06   1.37919E+02  1.83396E-06   3.42171E+02  2.44676E-06   3.71635E+01  2.07167E-06   3.30937E+02  1.37530E-06   3.35850E+02  1.40186E-06   1.17320E+02  2.46226E-06   2.40222E+02  2.00053E-06   1.07496E+02  2.33095E-06   2.14236E+02  1.01050E-06   3.49037E+02  6.88802E-07   1.57312E+02  2.44532E-06   3.05195E+02  1.06602E-06   5.62457E+01  2.07792E-06   2.83901E+02  9.07533E-07   5.11505E+01  8.86037E-07   2.30706E+02  4.47197E-07   1.31889E+02  1.29683E-06   1.38538E+02  1.01731E-06   1.67592E+02  2.05873E-06   1.15889E+02  1.12124E-06   1.67184E+02  2.22532E-06   1.01878E+02  1.16463E-06   1.58203E+02  1.98774E-06   8.20461E+01  1.00229E-06   1.41160E+02  1.68376E-06   7.02317E+01  8.65009E-07   1.01912E+02  1.31396E-06   5.51656E+01  1.10596E-06   8.34251E+01  1.27836E-06   3.90960E+01  1.07516E-06   7.82569E+01  1.40270E-06   3.68436E+01  1.10604E-06   7.40787E+01  1.36008E-06   3.55758E+01  1.27422E-06   7.44970E+01  1.32049E-06   4.38844E+01  1.24013E-06   7.45231E+01  1.51268E-06   6.13623E+01  9.63684E-07   8.19476E+01  1.86722E-06   7.26637E+01  6.81180E-07   1.10006E+02  2.02193E-06   8.65665E+01  4.99221E-07   1.33327E+02  2.04512E-06   1.10462E+02  3.55778E-07   1.78919E+02  1.87858E-06   1.35338E+02  6.16382E-07   1.93746E+02  1.45287E-06   1.77039E+02  8.04777E-07   1.77179E+02  1.73827E-06   2.32279E+02  8.30611E-07   1.56661E+02  2.02279E-06   2.69052E+02  6.57982E-07   1.51040E+02  1.78206E-06   3.18015E+02  4.61210E-07   2.19540E+02  2.02637E-06   1.98634E+01  1.04075E-06   2.73694E+02  1.74714E-06   4.98667E+01  9.94300E-07   3.18780E+02  1.64466E-07   2.73528E+02  8.99142E-07   4.36727E+01  1.03882E-06   2.50018E+02  1.48624E-06   1.51829E+02  1.76270E-06   1.44869E+02  2.40699E-06   2.02366E+02  2.87249E-06   1.41754E+02  1.60025E-06   3.35180E+02  1.69376E-06   3.07226E+02  9.81138E-07   1.11039E+01  2.11717E-06   3.25697E+02  2.36497E-06   2.16734E+02  1.27576E-06   1.15763E+02 
 1.31176E-06   2.84633E+02  1.68850E-06   2.75333E+02  2.73808E-07   3.07866E+02  1.42152E-06   3.47486E+02  1.99425E-06   7.78895E+01  1.55606E-06   7.74370E+01  2.97318E-06   1.47367E+02  3.47644E-06   1.93278E+02  1.76032E-06   1.96952E+02  5.75215E-07   3.05433E+02  2.72326E-06   3.30625E+02  4.46605E-06   1.24514E+01  2.16067E-06   3.58393E+02  1.94004E-06   3.46898E+02  2.42970E-06   1.40144E+02  3.15998E-06   2.21355E+02  3.74752E-06   1.57830E+02  3.04291E-06   2.04404E+02  1.07167E-06   1.88774E+02  1.03679E-06   9.71090E+01  2.51570E-06   3.26861E+02  2.92683E-06   4.60722E+01  3.62135E-06   3.44339E+02  2.39625E-06   3.22869E+01  2.93005E-06   6.76272E+00  7.78796E-07   3.45121E+02  2.04699E-06   4.21231E+01  1.41660E-06   2.40461E+02  1.97708E-06   7.99802E+01  2.51668E-06   2.28421E+02  2.11969E-06   9.63179E+01  2.81976E-06   2.25910E+02  1.90533E-06   1.06924E+02  2.41838E-06   2.20902E+02  1.33156E-06   1.11251E+02  1.90320E-06   2.15550E+02  9.93225E-07   1.15358E+02  1.47101E-06   2.18084E+02  8.33441E-07   1.15810E+02  1.22232E-06   2.16160E+02  6.34104E-07   9.99019E+01  1.15573E-06   2.13704E+02  7.59036E-07   8.65549E+01  1.25091E-06   2.19226E+02  1.10092E-06   8.00500E+01  1.43941E-06   2.26291E+02  1.53056E-06   7.67734E+01  1.70298E-06   2.30490E+02  2.07245E-06   7.18386E+01  2.05716E-06   2.32678E+02  2.57645E-06   6.71075E+01  2.15759E-06   2.35511E+02  2.52376E-06   6.55837E+01  1.56965E-06   2.44513E+02  1.76638E-06   6.02652E+01  5.40034E-07   2.56422E+02  8.16944E-07   1.54018E+01  7.18271E-07   7.20481E+01  1.39022E-06   3.03097E+02  1.72291E-06   8.61165E+01  1.80206E-06   2.90467E+02  1.69230E-06   1.02141E+02  5.81328E-07   2.83935E+02  6.25447E-07   1.80571E+02  1.46119E-06   1.18392E+02  2.10654E-06   2.67395E+02  2.20063E-06   1.21814E+02  2.49980E-06   2.94895E+02  9.70670E-07   1.71975E+02  1.44093E-06   2.73424E+01  1.84005E-06   2.58199E+02  2.66397E-06   1.03706E+02  8.49818E-07   2.97019E+02  2.22767E-06   2.00151E+02  1.74932E-06   6.38216E+01  3.25458E-06   2.79139E+02  1.37623E-06   1.05400E+02  3.07655E-06   2.48203E+01  2.23682E-06   1.87847E+02  2.44159E-06   1.52168E+02  6.97964E-07   6.39074E+01 
 1.36325E-06   1.68220E+02  7.60319E-07   3.47114E+02  2.13166E-06   8.82775E+01  7.75701E-07   1.84274E+02  4.37715E-06   3.34007E+02  1.41175E-06   3.56455E+02  3.33902E-06   1.75728E+02  1.35589E-06   2.10553E+02  3.97169E-06   1.48948E+02  1.02516E-06   1.35062E+02  1.73776E-06   3.42245E+02  2.37282E-06   3.39840E+01  1.97299E-06   3.31237E+02  1.40506E-06   3.36977E+02  1.44249E-06   1.18607E+02  2.26118E-06   2.40690E+02  1.94039E-06   1.09697E+02  2.14064E-06   2.13318E+02  9.05251E-07   3.47232E+02  6.38083E-07   1.58063E+02  2.35804E-06   3.03443E+02  9.63546E-07   5.76188E+01  2.02839E-06   2.80923E+02  8.65355E-07   5.14804E+01  8.89313E-07   2.28241E+02  4.50997E-07   1.28579E+02  1.31853E-06   1.37013E+02  9.72124E-07   1.67930E+02  2.04740E-06   1.13799E+02  1.09964E-06   1.67570E+02  2.26410E-06   9.77470E+01  1.14218E-06   1.59868E+02  2.07512E-06   7.78568E+01  9.98801E-07   1.42718E+02  1.76471E-06   6.51585E+01  8.45657E-07   1.04303E+02  1.43595E-06   5.00185E+01  1.05566E-06   8.67229E+01  1.44086E-06   3.61765E+01  1.03385E-06   8.17617E+01  1.62888E-06   3.36192E+01  1.03049E-06   8.03658E+01  1.58092E-06   3.34352E+01  1.22023E-06   7.50860E+01  1.44552E-06   4.28968E+01  1.21671E-06   7.23425E+01  1.61672E-06   5.61405E+01  9.58604E-07   8.58741E+01  1.93664E-06   6.68475E+01  7.31167E-07   1.10385E+02  2.00041E-06   8.27078E+01  4.91306E-07   1.26639E+02  2.02592E-06   1.08522E+02  3.29354E-07   1.84048E+02  1.89875E-06   1.35766E+02  6.45742E-07   1.95919E+02  1.51234E-06   1.78812E+02  8.90997E-07   1.77504E+02  1.78022E-06   2.29344E+02  9.21848E-07   1.63170E+02  1.92423E-06   2.66397E+02  6.98935E-07   1.54049E+02  1.68130E-06   3.16505E+02  3.17004E-07   2.08616E+02  1.95855E-06   1.90252E+01  9.44495E-07   2.85756E+02  1.65574E-06   4.86177E+01  1.04095E-06   3.19007E+02  1.98074E-07   2.96447E+02  7.67987E-07   4.52831E+01  9.90065E-07   2.46932E+02  1.48017E-06   1.47997E+02  1.99340E-06   1.48446E+02  2.21334E-06   2.02255E+02  2.91956E-06   1.44580E+02  1.71450E-06   3.35430E+02  1.79057E-06   3.10922E+02  1.01936E-06   4.67538E+00  1.83983E-06   3.26798E+02  2.50574E-06   2.17252E+02  1.22220E-06   1.12309E+02 
 1.35887E-06   2.84963E+02  1.64928E-06   2.75639E+02  3.74052E-07   3.21840E+02  1.36219E-06   3.52735E+02  1.89889E-06   7.75654E+01  1.53845E-06   8.04179E+01  2.65629E-06   1.45447E+02  3.57590E-06   1.92653E+02  1.66423E-06   2.00509E+02  3.79553E-07   3.03641E+02  2.70415E-06   3.27130E+02  4.41716E-06   1.37156E+01  2.19970E-06   3.56840E+02  1.88985E-06   3.45112E+02  2.29595E-06   1.37193E+02  3.21069E-06   2.21580E+02  3.65087E-06   1.57680E+02  3.02844E-06   2.02949E+02  1.12743E-06   1.91766E+02  1.13938E-06   9.62212E+01  2.48050E-06   3.25564E+02  2.89706E-06   4.61341E+01  3.63242E-06   3.44467E+02  2.32745E-06   3.12153E+01  3.00203E-06   5.99075E+00  7.31968E-07   3.39308E+02  2.09666E-06   3.95340E+01  1.55070E-06   2.42145E+02  1.97682E-06   7.76769E+01  2.61495E-06   2.28913E+02  2.11486E-06   9.65575E+01  2.84743E-06   2.26255E+02  1.87458E-06   1.06638E+02  2.44991E-06   2.20963E+02  1.31100E-06   1.10369E+02  1.95464E-06   2.16275E+02  1.02952E-06   1.17083E+02  1.49015E-06   2.20231E+02  8.83599E-07   1.18594E+02  1.21402E-06   2.18174E+02  6.21230E-07   1.04004E+02  1.11061E-06   2.13587E+02  7.27589E-07   9.16945E+01  1.22752E-06   2.21148E+02  1.09399E-06   8.01356E+01  1.45875E-06   2.26479E+02  1.51572E-06   7.53850E+01  1.72166E-06   2.31260E+02  2.04479E-06   7.05613E+01  2.11456E-06   2.33037E+02  2.53969E-06   6.66281E+01  2.19342E-06   2.36252E+02  2.48343E-06   6.41332E+01  1.62048E-06   2.41332E+02  1.72646E-06   5.65200E+01  6.12783E-07   2.49079E+02  8.02071E-07   1.74301E+01  6.27124E-07   7.11636E+01  1.29688E-06   3.01297E+02  1.70807E-06   8.59286E+01  1.82506E-06   2.90366E+02  1.75310E-06   1.01798E+02  6.43102E-07   2.91972E+02  5.87958E-07   1.80464E+02  1.40042E-06   1.13534E+02  2.17077E-06   2.67493E+02  2.17267E-06   1.19961E+02  2.43243E-06   2.92896E+02  9.95543E-07   1.78318E+02  1.45424E-06   3.51628E+01  1.98237E-06   2.55856E+02  2.77360E-06   1.03934E+02  1.02608E-06   2.96869E+02  2.35372E-06   1.99384E+02  1.82271E-06   5.55666E+01  3.20989E-06   2.78350E+02  1.32949E-06   9.61275E+01  3.19541E-06   2.80804E+01  2.44716E-06   1.91263E+02  2.70836E-06   1.50833E+02  6.22340E-07   5.94096E+01 
 1.57916E-06   1.63015E+02  9.74419E-07   3.42033E+02  2.17477E-06   8.51661E+01  9.30036E-07   2.00440E+02  4.38234E-06   3.31854E+02  1.58735E-06   1.03737E+00  3.28885E-06   1.74474E+02  1.17066E-06   2.03715E+02  4.20577E-06   1.49086E+02  1.06429E-06   1.52168E+02  1.45527E-06   3.44178E+02  2.07251E-06   2.69267E+01  2.10649E-06   3.38438E+02  1.62913E-06   3.36596E+02  1.44497E-06   1.01799E+02  2.08134E-06   2.44034E+02  1.93419E-06   1.08614E+02  2.19981E-06   2.10458E+02  6.53526E-07   3.35691E+02  9.99108E-07   1.65461E+02  2.27617E-06   2.95958E+02  7.75675E-07   6.90400E+01  1.92127E-06   2.77624E+02  7.33957E-07   4.38530E+01  6.71942E-07   2.22891E+02  2.16277E-07   1.13652E+02  1.31339E-06   1.25474E+02  6.80475E-07   1.65048E+02  2.03477E-06   1.07673E+02  8.49041E-07   1.58159E+02  2.18406E-06   9.51894E+01  1.01691E-06   1.47493E+02  1.98737E-06   7.64697E+01  9.60869E-07   1.29131E+02  1.65858E-06   6.57170E+01  1.03722E-06   9.55241E+01  1.25119E-06   4.54960E+01  1.32744E-06   8.40970E+01  1.30612E-06   2.75606E+01  1.24781E-06   8.22072E+01  1.51063E-06   2.96608E+01  1.23297E-06   7.78707E+01  1.45376E-06   2.85045E+01  1.47266E-06   7.54068E+01  1.34294E-06   3.57144E+01  1.44393E-06   7.20292E+01  1.48433E-06   5.21785E+01  1.19382E-06   7.85189E+01  1.82037E-06   6.48911E+01  8.58994E-07   9.81379E+01  1.92433E-06   8.04654E+01  4.96349E-07   1.13908E+02  2.01227E-06   1.06763E+02  2.32051E-07   2.00262E+02  1.96211E-06   1.33417E+02  6.74217E-07   2.11046E+02  1.52456E-06   1.73317E+02  9.83062E-07   1.89487E+02  1.71570E-06   2.26982E+02  9.57794E-07   1.72793E+02  1.81467E-06   2.61626E+02  7.00236E-07   1.58632E+02  1.56172E-06   3.15559E+02  2.58683E-07   1.98292E+02  1.95908E-06   1.66481E+01  8.94108E-07   2.90696E+02  1.70895E-06   4.32937E+01  1.15572E-06   3.13535E+02  1.95175E-07   9.12489E+00  5.51481E-07   2.69006E+01  7.08707E-07   2.32624E+02  1.38474E-06   1.51537E+02  2.26086E-06   1.51820E+02  2.00095E-06   2.01481E+02  2.82366E-06   1.46614E+02  1.78617E-06   3.34227E+02  1.86901E-06   3.23855E+02  9.24481E-07   3.53824E+02  1.37783E-06   3.21606E+02  2.41004E-06   2.16290E+02  8.91531E-07   1.05214E+02 
 1.24279E-06   2.83357E+02  1.82784E-06   2.74355E+02  4.87274E-07   3.46908E+02  1.13708E-06   7.70505E+00  1.79388E-06   8.46539E+01  1.51386E-06   6.28401E+01  2.39630E-06   1.41290E+02  3.53128E-06   1.94366E+02  1.69136E-06   2.02892E+02  9.97774E-08   2.28009E+02  2.36505E-06   3.21555E+02  4.35536E-06   1.35976E+01  2.21226E-06   1.38130E+00  2.11958E-06   3.38680E+02  2.18129E-06   1.29545E+02  3.14994E-06   2.22519E+02  3.47342E-06   1.59141E+02  2.95068E-06   1.96624E+02  1.30773E-06   1.98631E+02  1.39238E-06   9.59810E+01  2.33072E-06   3.21667E+02  2.90110E-06   4.60401E+01  3.60839E-06   3.44812E+02  2.20299E-06   2.60499E+01  3.15053E-06   6.34543E+00  8.28097E-07   3.20638E+02  2.24164E-06   3.51834E+01  1.76089E-06   2.40638E+02  1.90974E-06   7.28992E+01  2.77221E-06   2.27360E+02  2.02956E-06   9.33869E+01  2.99430E-06   2.22712E+02  1.74681E-06   1.05050E+02  2.52310E-06   2.14557E+02  1.17831E-06   1.11694E+02  2.01855E-06   2.08118E+02  9.81860E-07   1.17144E+02  1.52111E-06   2.11582E+02  8.76028E-07   1.19847E+02  1.20894E-06   2.08348E+02  5.66356E-07   1.08497E+02  1.16728E-06   2.02009E+02  6.78509E-07   9.01355E+01  1.23686E-06   2.12686E+02  1.01049E-06   8.08790E+01  1.43212E-06   2.18361E+02  1.41444E-06   7.35866E+01  1.77853E-06   2.21802E+02  1.92101E-06   6.56741E+01  2.16019E-06   2.25530E+02  2.38250E-06   6.31129E+01  2.29700E-06   2.31385E+02  2.32892E-06   6.23114E+01  1.84159E-06   2.36748E+02  1.67032E-06   5.43518E+01  8.46241E-07   2.38816E+02  7.88997E-07   1.44271E+01  4.42323E-07   7.21868E+01  1.21072E-06   3.02775E+02  1.63272E-06   8.55593E+01  1.78864E-06   2.93611E+02  1.89339E-06   9.82309E+01  8.20038E-07   2.95362E+02  5.75304E-07   1.49020E+02  1.23139E-06   1.10326E+02  2.08933E-06   2.67039E+02  2.18681E-06   1.18303E+02  2.50713E-06   2.87859E+02  1.11210E-06   1.68306E+02  1.30412E-06   4.02100E+01  2.03789E-06   2.50250E+02  3.04159E-06   1.05188E+02  1.23053E-06   2.88126E+02  2.38912E-06   1.98871E+02  2.03344E-06   4.67157E+01  3.48719E-06   2.82076E+02  1.51226E-06   9.09546E+01  3.26566E-06   2.75486E+01  2.83245E-06   1.90246E+02  2.91058E-06   1.52139E+02  9.14288E-07   4.28216E+01 
 1.78527E-06   1.56830E+02  1.10478E-06   3.41421E+02  1.98630E-06   8.13703E+01  1.14926E-06   2.10073E+02  4.56112E-06   3.29713E+02  1.71708E-06   5.02700E+00  2.84049E-06   1.71100E+02  1.03523E-06   1.80749E+02  4.48373E-06   1.53767E+02  1.44916E-06   1.54278E+02  1.03608E-06   3.19810E+02  1.88201E-06   2.22223E+01  2.34357E-06   3.43893E+02  2.16690E-06   3.39335E+02  1.54108E-06   7.63079E+01  1.71599E-06   2.53471E+02  1.59881E-06   1.09016E+02  2.25587E-06   1.99053E+02  7.36978E-07   2.70110E+02  1.57626E-06   1.63762E+02  2.25953E-06   2.81103E+02  6.35372E-07   9.96591E+01  1.74989E-06   2.73974E+02  6.33102E-07   2.44322E+01  3.23419E-07   2.12849E+02  3.33487E-07   3.50126E+02  1.42354E-06   1.06129E+02  1.48086E-07   1.71105E+02  2.10925E-06   9.87350E+01  4.69950E-07   1.35462E+02  2.12238E-06   9.22868E+01  8.17742E-07   1.22866E+02  1.81122E-06   7.64097E+01  9.71253E-07   1.09855E+02  1.39277E-06   6.68051E+01  1.26915E-06   8.69039E+01  9.33997E-07   4.34736E+01  1.59621E-06   7.99751E+01  9.66603E-07   2.05092E+01  1.54912E-06   7.79770E+01  1.16124E-06   2.27146E+01  1.53275E-06   7.50741E+01  1.17006E-06   2.08432E+01  1.72066E-06   7.44673E+01  1.11407E-06   2.84028E+01  1.74660E-06   7.02918E+01  1.20613E-06   5.06032E+01  1.39930E-06   6.98971E+01  1.62264E-06   6.61376E+01  9.37868E-07   8.08288E+01  1.87270E-06   7.99523E+01  4.25687E-07   9.83407E+01  1.96303E-06   1.03817E+02  2.72781E-07   2.32866E+02  1.96829E-06   1.28766E+02  8.56015E-07   2.30365E+02  1.55426E-06   1.64164E+02  1.06028E-06   2.09289E+02  1.64572E-06   2.17862E+02  9.33830E-07   1.79399E+02  1.87433E-06   2.56111E+02  7.60853E-07   1.44206E+02  1.66020E-06   3.04655E+02  3.57661E-07   1.31874E+02  1.91184E-06   3.55235E+00  6.94412E-07   3.01559E+02  1.64684E-06   3.37532E+01  1.21956E-06   3.14652E+02  2.71728E-07   3.66129E+01  5.89928E-07   9.99450E+00  7.71758E-07   2.07307E+02  1.33141E-06   1.43860E+02  2.38049E-06   1.63390E+02  1.71203E-06   1.90322E+02  2.29478E-06   1.51334E+02  1.58501E-06   3.35450E+02  2.10718E-06   3.41322E+02  6.03964E-07   3.39350E+02  9.48514E-07   2.89550E+02  2.06882E-06   2.13647E+02  5.04619E-07   5.48165E+01 
 1.07087E-06   2.70075E+02  2.06543E-06   2.67828E+02  7.97777E-07   3.49831E+00  1.07070E-06   4.14743E+01  1.61453E-06   9.92206E+01  1.80891E-06   3.43992E+01  2.02759E-06   1.36057E+02  3.34957E-06   1.99054E+02  1.55982E-06   2.00742E+02  7.37849E-07   1.68862E+02  1.79956E-06   3.17558E+02  3.96287E-06   1.15320E+01  2.23100E-06   1.04671E+01  2.40041E-06   3.30672E+02  2.02787E-06   1.14077E+02  3.06031E-06   2.26024E+02  3.19825E-06   1.56775E+02  2.78058E-06   1.91165E+02  1.42408E-06   1.97058E+02  1.65329E-06   9.74218E+01  2.08929E-06   3.17825E+02  2.74799E-06   4.55060E+01  3.38525E-06   3.46642E+02  2.00353E-06   1.35076E+01  3.26109E-06   8.31299E+00  1.18338E-06   2.98108E+02  2.41136E-06   3.20408E+01  2.05510E-06   2.40713E+02  1.86694E-06   6.38158E+01  2.94771E-06   2.24199E+02  1.83284E-06   8.74728E+01  3.01314E-06   2.16233E+02  1.55181E-06   1.05152E+02  2.50442E-06   2.06709E+02  1.06223E-06   1.13878E+02  1.99711E-06   1.96599E+02  8.92698E-07   1.26012E+02  1.43403E-06   1.94154E+02  8.09917E-07   1.29850E+02  1.21956E-06   1.88938E+02  5.79360E-07   1.17704E+02  1.15764E-06   1.85613E+02  6.20964E-07   1.00655E+02  1.12644E-06   1.94041E+02  8.58552E-07   8.53252E+01  1.39215E-06   2.02759E+02  1.20660E-06   7.14611E+01  1.78183E-06   2.08865E+02  1.62313E-06   6.17794E+01  2.22746E-06   2.14757E+02  2.08233E-06   5.82563E+01  2.47665E-06   2.23768E+02  2.08392E-06   5.84073E+01  2.12868E-06   2.31691E+02  1.54154E-06   5.30461E+01  1.25938E-06   2.40051E+02  8.04524E-07   2.16202E+01  3.33568E-08   4.24323E+01  1.02448E-06   3.12031E+02  1.34934E-06   7.69447E+01  1.48724E-06   2.98824E+02  1.85090E-06   8.79239E+01  7.90037E-07   3.10742E+02  5.35438E-07   1.24196E+02  1.13836E-06   1.02790E+02  2.06571E-06   2.66201E+02  2.22726E-06   1.15890E+02  2.74603E-06   2.81643E+02  1.34276E-06   1.52232E+02  9.21149E-07   4.15354E+01  1.85908E-06   2.40614E+02  3.18015E-06   1.10032E+02  1.30866E-06   2.82661E+02  2.27310E-06   2.03042E+02  2.31550E-06   3.89623E+01  3.89473E-06   2.90637E+02  1.65905E-06   9.02893E+01  3.06291E-06   2.92275E+01  3.21447E-06   1.89299E+02  3.02524E-06   1.51535E+02  1.44944E-06   3.01855E+01 
 2.16802E-06   1.49358E+02  1.25309E-06   3.36467E+02  1.67702E-06   7.99440E+01  1.28508E-06   2.26232E+02  4.53542E-06   3.28102E+02  1.80288E-06   7.10066E+00  2.14473E-06   1.59223E+02  1.03893E-06   1.51269E+02  4.78396E-06   1.59240E+02  1.84632E-06   1.55744E+02  8.36507E-07   2.55292E+02  1.56924E-06   9.57098E+00  2.61860E-06   3.54522E+02  2.85849E-06   3.38081E+02  2.14889E-06   5.06649E+01  1.35512E-06   2.72643E+02  1.01979E-06   1.08191E+02  2.48414E-06   1.83713E+02  1.49633E-06   2.45098E+02  2.52528E-06   1.64716E+02  2.35299E-06   2.63566E+02  8.92881E-07   1.50766E+02  1.41762E-06   2.70149E+02  4.83637E-07   3.47621E+02  4.20205E-07   5.89831E+01  7.95598E-07   3.30261E+02  1.70920E-06   8.03100E+01  4.75760E-07   3.45317E+02  2.12732E-06   8.56262E+01  4.86206E-07   5.65316E+01  1.92347E-06   8.51785E+01  8.72063E-07   9.08259E+01  1.46022E-06   7.31562E+01  1.28119E-06   9.18400E+01  8.66617E-07   6.51138E+01  1.64220E-06   8.02985E+01  4.42140E-07   2.59511E+01  1.95976E-06   7.81365E+01  5.47558E-07   3.52327E+02  1.93196E-06   7.63435E+01  7.23507E-07   3.56238E+02  1.95450E-06   7.54221E+01  8.12867E-07   3.55481E+02  2.12608E-06   7.32320E+01  6.76103E-07   6.35395E+00  2.15052E-06   6.82047E+01  7.44736E-07   4.40189E+01  1.75492E-06   6.89439E+01  1.26934E-06   6.22554E+01  1.16157E-06   7.71792E+01  1.58790E-06   7.75189E+01  4.89479E-07   8.36087E+01  1.86005E-06   9.99722E+01  3.99022E-07   2.46364E+02  1.91481E-06   1.19055E+02  1.12638E-06   2.36921E+02  1.49872E-06   1.47713E+02  1.33631E-06   2.21432E+02  1.36267E-06   2.04464E+02  1.01645E-06   1.89229E+02  1.75051E-06   2.53499E+02  1.07269E-06   1.39001E+02  1.97898E-06   2.95846E+02  9.21077E-07   1.17872E+02  2.04259E-06   3.45279E+02  3.43807E-07   3.01020E+02  1.71832E-06   2.31377E+01  1.32673E-06   3.04635E+02  8.04631E-07   6.65406E+01  6.27648E-07   3.28354E+02  1.00533E-06   1.74807E+02  1.24406E-06   1.33907E+02  2.56037E-06   1.80652E+02  1.43749E-06   1.67890E+02  1.49938E-06   1.58597E+02  1.29576E-06   3.32345E+02  2.45369E-06   4.03379E+00  6.86735E-07   2.74680E+02  1.16579E-06   2.26084E+02  1.41026E-06   2.20209E+02  1.06337E-06   3.48344E+02 
 9.11381E-07   2.43187E+02  2.17832E-06   2.57504E+02  1.25780E-06   8.14292E+00  1.50203E-06   7.85122E+01  1.50606E-06   1.22919E+02  2.52754E-06   9.68618E+00  1.49099E-06   1.25650E+02  2.93127E-06   2.04808E+02  1.35972E-06   2.02651E+02  1.71220E-06   1.57510E+02  1.21414E-06   2.96531E+02  3.14178E-06   1.24136E+01  2.01895E-06   1.68204E+01  2.66234E-06   3.24716E+02  1.72759E-06   9.44096E+01  2.43933E-06   2.30735E+02  2.47389E-06   1.57513E+02  2.31623E-06   1.77221E+02  1.55828E-06   2.02007E+02  1.96100E-06   9.56581E+01  1.60724E-06   3.05425E+02  2.39480E-06   4.28783E+01  2.82058E-06   3.46598E+02  1.75374E-06   3.55917E+02  2.97924E-06   8.32657E+00  1.62949E-06   2.85448E+02  2.37087E-06   2.81132E+01  2.31663E-06   2.41970E+02  1.70643E-06   5.20405E+01  2.82434E-06   2.21501E+02  1.41391E-06   8.16802E+01  2.74451E-06   2.10237E+02  1.21687E-06   1.08069E+02  2.25066E-06   1.95848E+02  8.86555E-07   1.24187E+02  1.86209E-06   1.80832E+02  8.13490E-07   1.39239E+02  1.36404E-06   1.72054E+02  8.19113E-07   1.39685E+02  1.15343E-06   1.64266E+02  6.46083E-07   1.35442E+02  1.10890E-06   1.62190E+02  6.16352E-07   1.20361E+02  1.09088E-06   1.71167E+02  6.49726E-07   9.62089E+01  1.28251E-06   1.80565E+02  7.62719E-07   7.54910E+01  1.66297E-06   1.92465E+02  1.10439E-06   6.01835E+01  2.17657E-06   2.05269E+02  1.50441E-06   5.46265E+01  2.52575E-06   2.16135E+02  1.53592E-06   5.23895E+01  2.38210E-06   2.25709E+02  1.15103E-06   4.77533E+01  1.68527E-06   2.38009E+02  6.79429E-07   1.95799E+01  5.05932E-07   2.70991E+02  7.72567E-07   3.19741E+02  1.12334E-06   5.60371E+01  1.18995E-06   3.05616E+02  1.86875E-06   7.03947E+01  7.72631E-07   3.17587E+02  8.07905E-07   7.75402E+01  7.49112E-07   9.57136E+01  1.72067E-06   2.66759E+02  1.87918E-06   1.17367E+02  2.54872E-06   2.76516E+02  1.51757E-06   1.54311E+02  7.33361E-07   6.45299E+01  1.88957E-06   2.27812E+02  3.29670E-06   1.15463E+02  1.43330E-06   2.78610E+02  1.94165E-06   2.07020E+02  2.61941E-06   2.95758E+01  4.23044E-06   3.01262E+02  1.61321E-06   9.25624E+01  2.46141E-06   3.67462E+01  3.52334E-06   1.89045E+02  2.81597E-06   1.46742E+02  2.15478E-06   2.32994E+01 
 2.49683E-06   1.40358E+02  1.22309E-06   3.22084E+02  1.05806E-06   7.66378E+01  1.34760E-06   2.45720E+02  4.13420E-06   3.27536E+02  1.63459E-06   1.11504E+01  1.37381E-06   1.27732E+02  1.20897E-06   1.26120E+02  4.98454E-06   1.64227E+02  2.10801E-06   1.59995E+02  1.56177E-06   2.02449E+02  1.17939E-06   3.37576E+02  2.95792E-06   9.72431E+00  3.46588E-06   3.34856E+02  3.10934E-06   3.57008E+01  1.32555E-06   3.05083E+02  3.93039E-07   9.74930E+01  2.70002E-06   1.74019E+02  2.25624E-06   2.34652E+02  3.49070E-06   1.66666E+02  2.34211E-06   2.46520E+02  1.70885E-06   1.75952E+02  6.40854E-07   2.71126E+02  6.68478E-07   2.87701E+02  1.40443E-06   5.56515E+01  1.34238E-06   3.22464E+02  2.30065E-06   6.26456E+01  1.17538E-06   3.46572E+02  2.15227E-06   6.82100E+01  1.05288E-06   2.42693E+01  1.58029E-06   7.25390E+01  1.23582E-06   6.34800E+01  9.16924E-07   6.32747E+01  1.60015E-06   7.65936E+01  2.08062E-07   6.67388E+01  2.03483E-06   7.36423E+01  4.16129E-07   2.60801E+02  2.35629E-06   7.42378E+01  6.55531E-07   2.77076E+02  2.29387E-06   7.45148E+01  6.29251E-07   2.92129E+02  2.33168E-06   7.22201E+01  6.77245E-07   2.93742E+02  2.50802E-06   7.02767E+01  4.90216E-07   2.91522E+02  2.46275E-06   6.59717E+01  1.61754E-07   5.36558E+00  2.03942E-06   6.56677E+01  6.87307E-07   5.88711E+01  1.36862E-06   7.30452E+01  1.19418E-06   7.22386E+01  5.31709E-07   8.24472E+01  1.61316E-06   9.28973E+01  4.81593E-07   2.50572E+02  1.89961E-06   1.07584E+02  1.44001E-06   2.42394E+02  1.58218E-06   1.22257E+02  1.68754E-06   2.30570E+02  9.30979E-07   1.72427E+02  1.14842E-06   2.03668E+02  1.33918E-06   2.49834E+02  1.22983E-06   1.38199E+02  2.18312E-06   2.90600E+02  1.35621E-06   1.19312E+02  2.26438E-06   3.27599E+02  1.56678E-07   2.26502E+02  1.80846E-06   1.90215E+01  1.66811E-06   2.89667E+02  1.80041E-06   7.96816E+01  1.19795E-06   2.95337E+02  1.61707E-06   1.47273E+02  9.11984E-07   1.27050E+02  2.80320E-06   1.97705E+02  1.29027E-06   1.31709E+02  5.29111E-07   1.89919E+02  8.27746E-07   3.22190E+02  2.91932E-06   2.72458E+01  1.53724E-06   2.38154E+02  2.02092E-06   2.01295E+02  6.52210E-07   2.59951E+02  2.21735E-06   3.33241E+02 
 1.14156E-06   2.04837E+02  2.15870E-06   2.42833E+02  1.72377E-06   1.22232E+01  2.27411E-06   9.62158E+01  1.64804E-06   1.51667E+02  3.54324E-06   3.54055E+02  9.14038E-07   1.10856E+02  1.97254E-06   2.18602E+02  9.33029E-07   2.08889E+02  2.69551E-06   1.52359E+02  8.79743E-07   2.40413E+02  1.80486E-06   1.22565E+01  1.30898E-06   3.10497E+01  2.83754E-06   3.20517E+02  1.48518E-06   6.51357E+01  1.37186E-06   2.46862E+02  1.11326E-06   1.59351E+02  1.75623E-06   1.48088E+02  1.35653E-06   2.09755E+02  2.02416E-06   9.33609E+01  1.00680E-06   2.76423E+02  1.65338E-06   3.54514E+01  1.69107E-06   3.48354E+02  1.54920E-06   3.21190E+02  2.32827E-06   9.93024E+00  2.05183E-06   2.72273E+02  2.13630E-06   1.99525E+01  2.32176E-06   2.40568E+02  1.42548E-06   3.33358E+01  2.36597E-06   2.17827E+02  9.27312E-07   6.41468E+01  2.15264E-06   1.99601E+02  6.55211E-07   1.06972E+02  1.91004E-06   1.75811E+02  5.18418E-07   1.38275E+02  1.74314E-06   1.57935E+02  6.86442E-07   1.48377E+02  1.36866E-06   1.44363E+02  8.18926E-07   1.52963E+02  1.24700E-06   1.35250E+02  6.60599E-07   1.47297E+02  1.27348E-06   1.35799E+02  5.48345E-07   1.32594E+02  1.20651E-06   1.42142E+02  4.50461E-07   1.23368E+02  1.30230E-06   1.54118E+02  3.18205E-07   9.33944E+01  1.57996E-06   1.71051E+02  4.44440E-07   5.06835E+01  1.99751E-06   1.89612E+02  7.04853E-07   3.76957E+01  2.38279E-06   2.05757E+02  7.55907E-07   3.42808E+01  2.42117E-06   2.18156E+02  6.38240E-07   2.24406E+01  1.99102E-06   2.32458E+02  5.14950E-07   1.41479E+01  1.05524E-06   2.65981E+02  5.21882E-07   3.51511E+02  9.85856E-07   1.45224E+01  6.98659E-07   3.30230E+02  1.89580E-06   4.93697E+01  6.91567E-07   3.34848E+02  1.24662E-06   5.57440E+01  3.10610E-07   6.55086E+01  1.02717E-06   2.67096E+02  1.22105E-06   1.27748E+02  1.95542E-06   2.67093E+02  1.66104E-06   1.59424E+02  6.53236E-07   1.10904E+02  1.89357E-06   2.11357E+02  3.16998E-06   1.25485E+02  1.39903E-06   2.77676E+02  1.31274E-06   2.15375E+02  2.76446E-06   1.70863E+01  4.42308E-06   3.14706E+02  1.39595E-06   1.04633E+02  1.34126E-06   5.65466E+01  3.46780E-06   1.86334E+02  1.96492E-06   1.33706E+02  2.76580E-06   1.92318E+01 
 2.60665E-06   1.32262E+02  1.11621E-06   2.96552E+02  4.04451E-08   1.81914E+01  1.38633E-06   2.83376E+02  2.99545E-06   3.30059E+02  1.05533E-06   1.85185E+01  1.42323E-06   6.33120E+01  1.51493E-06   1.09643E+02  4.65196E-06   1.72379E+02  2.09353E-06   1.59556E+02  2.65348E-06   1.83920E+02  1.10688E-06   2.87804E+02  3.22185E-06   2.43419E+01  3.52520E-06   3.30752E+02  3.86771E-06   2.34339E+01  1.53755E-06   3.35853E+02  6.87418E-07   3.00410E+02  2.69867E-06   1.63234E+02  2.89052E-06   2.32509E+02  4.29025E-06   1.67460E+02  2.12644E-06   2.29552E+02  2.72305E-06   1.82206E+02  2.95221E-07   6.48638E+01  1.01091E-06   2.53226E+02  2.23411E-06   5.31140E+01  1.63822E-06   3.19498E+02  2.75502E-06   4.99975E+01  1.73235E-06   3.46929E+02  2.02936E-06   4.81597E+01  1.72033E-06   1.78452E+01  9.98829E-07   4.63074E+01  1.71817E-06   4.45553E+01  2.07939E-07   1.34562E+01  1.90333E-06   5.72904E+01  5.90019E-07   2.32397E+02  2.27142E-06   6.20460E+01  1.19348E-06   2.39068E+02  2.52205E-06   6.61106E+01  1.29520E-06   2.42624E+02  2.39372E-06   6.52137E+01  1.09214E-06   2.42455E+02  2.40620E-06   6.30645E+01  1.12874E-06   2.43083E+02  2.62749E-06   6.23166E+01  1.07411E-06   2.41510E+02  2.57692E-06   5.88134E+01  7.38315E-07   2.33199E+02  2.17146E-06   5.80299E+01  1.06360E-07   2.02970E+02  1.44300E-06   6.35576E+01  5.34917E-07   6.95021E+01  6.02207E-07   6.68896E+01  1.11302E-06   8.56650E+01  4.87123E-07   2.54287E+02  1.69351E-06   9.48056E+01  1.47344E-06   2.42560E+02  1.65626E-06   9.73951E+01  1.76230E-06   2.31803E+02  8.52656E-07   1.11451E+02  1.18804E-06   2.06848E+02  7.59151E-07   2.55001E+02  1.26329E-06   1.39408E+02  2.30864E-06   2.84628E+02  1.72540E-06   1.22805E+02  2.68276E-06   3.09284E+02  6.13163E-07   1.63829E+02  1.79047E-06   9.78201E+00  1.72995E-06   2.76265E+02  2.67628E-06   8.38682E+01  1.70289E-06   2.86534E+02  2.31609E-06   1.39244E+02  5.46808E-07   9.22477E+01  3.05283E-06   2.17217E+02  1.67476E-06   9.15567E+01  9.64210E-07   3.10644E+02  3.29124E-07   2.50370E+02  3.30561E-06   5.12434E+01  2.56058E-06   2.27306E+02  2.70989E-06   1.92873E+02  1.39307E-06   3.45945E+02  3.06691E-06   3.26013E+02 
 1.64471E-06   1.78669E+02  2.07570E-06   2.20347E+02  1.98333E-06   1.69208E+01  2.87916E-06   1.08307E+02  1.70012E-06   1.73543E+02  4.29141E-06   3.43723E+02  4.77272E-07   8.64959E+01  1.13397E-06   2.80719E+02  2.03485E-07   1.73519E+02  3.25450E-06   1.55156E+02  1.30338E-06   1.77319E+02  3.64521E-07   2.27588E+02  9.00014E-07   9.40139E+01  2.57754E-06   3.14206E+02  1.51425E-06   3.03547E+01  9.54041E-07   3.37037E+02  7.58416E-07   3.56247E+02  1.55887E-06   9.92447E+01  6.57996E-07   2.35268E+02  1.60128E-06   9.41732E+01  7.26794E-07   2.14687E+02  4.19810E-07   3.44164E+02  2.67072E-07   3.40944E+01  1.88663E-06   2.75937E+02  1.23784E-06   1.77305E+01  2.30495E-06   2.58488E+02  1.54817E-06   5.22197E+00  1.89247E-06   2.35236E+02  1.25491E-06   3.57177E+02  1.55697E-06   2.04878E+02  7.25767E-07   3.58972E+02  1.46156E-06   1.70903E+02  2.33812E-07   3.39976E+02  1.72454E-06   1.42417E+02  1.81307E-07   2.52301E+02  1.82826E-06   1.29087E+02  3.32127E-07   1.78744E+02  1.60590E-06   1.18432E+02  5.90337E-07   1.62230E+02  1.59256E-06   1.13669E+02  4.29884E-07   1.63246E+02  1.62805E-06   1.15535E+02  3.12166E-07   1.61375E+02  1.53111E-06   1.19792E+02  2.89439E-07   1.82459E+02  1.53592E-06   1.27686E+02  2.91494E-07   2.29270E+02  1.61290E-06   1.43813E+02  4.50998E-07   2.69246E+02  1.82262E-06   1.65797E+02  5.82430E-07   2.89736E+02  2.11682E-06   1.86930E+02  6.28861E-07   2.94703E+02  2.23963E-06   2.04691E+02  6.20266E-07   3.04169E+02  2.05058E-06   2.24830E+02  4.07328E-07   3.54485E+02  1.54378E-06   2.59377E+02  6.86969E-07   4.50639E+01  1.22401E-06   3.27474E+02  7.79225E-07   3.79088E+01  1.75484E-06   2.09140E+01  6.67865E-07   1.02640E+01  1.53587E-06   3.79741E+01  3.06530E-07   3.34239E+02  1.86745E-07   2.97282E+02  6.03369E-07   1.57123E+02  1.22907E-06   2.38592E+02  1.62717E-06   1.57311E+02  1.11865E-06   1.69696E+02  1.76587E-06   1.84049E+02  2.55502E-06   1.48200E+02  8.97180E-07   2.85153E+02  6.22108E-07   2.74176E+02  2.60277E-06   5.37633E+00  4.24668E-06   3.30279E+02  1.14157E-06   1.34021E+02  9.72109E-07   1.64721E+02  2.57896E-06   1.75850E+02  9.93402E-07   7.86860E+01  3.07083E-06   1.81296E+01 
 1.99853E-06   1.21450E+02  1.25667E-06   2.48421E+02  1.27015E-06   2.57848E+02  1.97059E-06   3.22080E+02  1.19151E-06   3.48439E+02  3.91724E-07   6.87274E+01  2.23988E-06   2.62378E+01  1.77347E-06   1.03837E+02  3.63141E-06   1.86919E+02  1.48771E-06   1.48444E+02  3.69218E-06   1.72894E+02  1.38776E-06   2.65698E+02  2.75092E-06   4.36991E+01  2.94035E-06   3.26480E+02  3.79288E-06   1.16741E+01  1.73792E-06   3.53286E+02  1.71411E-06   2.92226E+02  2.08647E-06   1.50700E+02  2.89081E-06   2.30170E+02  3.97408E-06   1.69075E+02  1.69394E-06   1.99071E+02  3.10098E-06   1.86603E+02  1.29922E-06   8.42580E+01  1.34219E-06   2.31361E+02  2.64657E-06   5.24407E+01  1.42859E-06   3.13379E+02  2.65090E-06   4.04243E+01  1.95316E-06   3.49157E+02  1.59115E-06   2.59923E+01  2.27293E-06   1.14469E+01  5.11222E-07   3.37046E+02  2.24462E-06   2.70381E+01  7.55752E-07   2.55546E+02  2.16527E-06   3.66994E+01  1.34140E-06   2.30276E+02  2.32532E-06   4.38426E+01  1.80378E-06   2.26999E+02  2.39556E-06   4.83953E+01  1.82131E-06   2.25867E+02  2.21808E-06   4.74097E+01  1.66198E-06   2.19054E+02  2.13310E-06   4.51668E+01  1.63217E-06   2.19778E+02  2.31958E-06   4.64932E+01  1.70429E-06   2.21589E+02  2.39163E-06   4.42779E+01  1.51797E-06   2.19101E+02  2.04813E-06   4.28111E+01  9.38523E-07   2.16019E+02  1.37789E-06   4.42870E+01  3.18219E-07   2.06772E+02  7.02321E-07   3.97724E+01  4.55559E-07   9.54040E+01  3.40908E-07   2.94974E+02  1.21264E-06   8.03400E+01  1.06489E-06   2.43521E+02  1.73630E-06   7.29016E+01  1.38699E-06   2.28944E+02  1.41431E-06   7.33973E+01  9.74176E-07   2.08729E+02  1.89604E-08   2.67589E+02  9.04293E-07   1.38005E+02  2.01939E-06   2.73735E+02  1.56054E-06   1.28879E+02  2.82670E-06   2.93018E+02  1.10723E-06   1.61526E+02  1.43427E-06   3.53149E+02  1.41070E-06   2.60354E+02  3.04799E-06   9.19689E+01  1.97713E-06   2.89462E+02  2.88681E-06   1.40038E+02  8.54296E-07   1.93543E+01  3.04260E-06   2.40679E+02  2.33546E-06   7.10661E+01  2.34535E-06   3.25358E+02  1.16599E-06   1.76504E+02  3.33147E-06   8.04388E+01  3.17823E-06   2.21114E+02  2.41898E-06   1.91579E+02  2.92283E-06   3.58246E+02  3.24111E-06   3.16916E+02 
 2.03292E-06   1.62596E+02  1.89422E-06   1.89459E+02  1.52611E-06   2.65024E+01  2.74528E-06   1.18805E+02  1.24559E-06   1.99904E+02  4.23864E-06   3.37146E+02  7.26296E-08   3.22441E+02  2.36276E-06   3.44963E+02  6.57845E-07   5.90183E+01  3.21305E-06   1.62986E+02  1.89297E-06   1.45911E+02  2.95452E-06   1.97302E+02  1.40721E-06   1.43112E+02  1.33532E-06   3.01362E+02  1.75129E-06   3.56017E+02  2.42380E-06   2.21909E+01  2.82086E-06   3.46311E+02  2.16524E-06   5.75230E+01  1.10898E-06   3.42226E+02  7.54238E-07   1.16054E+02  8.03482E-07   1.63089E+02  1.63298E-06   2.33301E+02  1.32304E-06   1.52474E+02  2.61862E-06   2.46232E+02  4.67027E-07   1.47494E+02  2.11333E-06   2.43435E+02  7.02811E-07   3.18447E+02  1.04601E-06   2.18638E+02  1.30969E-06   3.15897E+02  7.91439E-07   1.47521E+02  1.16988E-06   3.14203E+02  1.22388E-06   1.13969E+02  8.44255E-07   3.07135E+02  1.64294E-06   1.07166E+02  5.95519E-07   3.02993E+02  1.82804E-06   1.05418E+02  2.26803E-07   2.82112E+02  1.66315E-06   9.96588E+01  2.08907E-07   1.68586E+02  1.57128E-06   9.90126E+01  1.85634E-07   1.64826E+02  1.57486E-06   1.04442E+02  1.77991E-07   2.00293E+02  1.52951E-06   1.06755E+02  3.57626E-07   2.21423E+02  1.50622E-06   1.10839E+02  6.76965E-07   2.37046E+02  1.51400E-06   1.21760E+02  1.02116E-06   2.49773E+02  1.63347E-06   1.40496E+02  1.33229E-06   2.58943E+02  1.73015E-06   1.62578E+02  1.40799E-06   2.63525E+02  1.79698E-06   1.85134E+02  1.13863E-06   2.70691E+02  1.74876E-06   2.12646E+02  3.95034E-07   3.25419E+02  1.71530E-06   2.53657E+02  1.02616E-06   5.66905E+01  1.72385E-06   2.95681E+02  1.39203E-06   5.63209E+01  1.62975E-06   3.41968E+02  8.72580E-07   2.89437E+01  1.60360E-06   2.54626E+01  7.21101E-07   3.03164E+02  1.07873E-06   8.04976E+01  5.85742E-07   2.56633E+02  1.39133E-06   1.63194E+02  1.11099E-06   1.58814E+02  2.27354E-06   1.86141E+02  1.60949E-06   1.54720E+02  2.16320E-06   1.89698E+02  3.40647E-07   3.45533E+02  1.50459E-06   3.53726E+02  1.82683E-06   3.44956E+02  3.38360E-06   3.53071E+02  1.26223E-06   1.80283E+02  2.47408E-06   2.04169E+02  1.21812E-06   1.29048E+02  1.97947E-06   7.40998E+00  2.51489E-06   2.50310E+01 
 6.99539E-07   9.46223E+01  1.94468E-06   2.20431E+02  2.27329E-06   2.50005E+02  2.83390E-06   3.43980E+02  1.55998E-06   1.13539E+02  5.26963E-07   1.66292E+02  2.71774E-06   1.34158E+01  1.39913E-06   1.10130E+02  1.87984E-06   2.13707E+02  4.54323E-07   9.40522E+01  4.08131E-06   1.59995E+02  1.34353E-06   2.65467E+02  2.12741E-06   8.33429E+01  1.56200E-06   3.06102E+02  2.76766E-06   3.54748E+02  1.04018E-06   3.57034E+02  2.35619E-06   2.98260E+02  1.02356E-06   1.38491E+02  1.58285E-06   2.35819E+02  2.56939E-06   1.73170E+02  1.17380E-06   1.41206E+02  2.68198E-06   1.86756E+02  1.89073E-06   7.86728E+01  1.57223E-06   2.01566E+02  2.27453E-06   4.70679E+01  4.63583E-07   2.75798E+02  1.87023E-06   1.74578E+01  1.33381E-06   1.85194E+00  1.24628E-06   3.29861E+02  2.14595E-06   1.21970E+01  1.28195E-06   2.80625E+02  2.24429E-06   1.72363E+01  1.46119E-06   2.54457E+02  2.14035E-06   2.01537E+01  1.73551E-06   2.34489E+02  2.14003E-06   2.32413E+01  2.00202E-06   2.23798E+02  2.06672E-06   2.74625E+01  1.94171E-06   2.18957E+02  1.80373E-06   2.43922E+01  1.79010E-06   2.09867E+02  1.72233E-06   2.08177E+01  1.85072E-06   2.09350E+02  1.77500E-06   2.43841E+01  1.98544E-06   2.12851E+02  1.87538E-06   2.42651E+01  1.95128E-06   2.13727E+02  1.66946E-06   2.29307E+01  1.55879E-06   2.18312E+02  1.18465E-06   2.36703E+01  9.95270E-07   2.29967E+02  7.58518E-07   2.58703E+01  4.45995E-07   2.55242E+02  3.67884E-07   3.14380E+01  6.34166E-07   2.55645E+01  2.86918E-07   1.78878E+02  1.67944E-06   3.62674E+01  8.28912E-07   1.86518E+02  1.92766E-06   4.21475E+01  7.98217E-07   1.85090E+02  8.20082E-07   4.13118E+01  6.47062E-07   1.62746E+02  1.23041E-06   2.67307E+02  1.05193E-06   1.58691E+02  2.14326E-06   2.78518E+02  1.40586E-06   1.76505E+02  7.84996E-07   3.32276E+02  1.20985E-06   2.29197E+02  2.76097E-06   1.03494E+02  1.81554E-06   2.91723E+02  2.92242E-06   1.41343E+02  1.82152E-06   3.51749E+02  2.36489E-06   2.72240E+02  2.27779E-06   5.38724E+01  2.97200E-06   3.35380E+02  2.30506E-06   1.74022E+02  3.65776E-06   1.20567E+02  2.82719E-06   2.20325E+02  8.92389E-07   1.82770E+02  4.00569E-06   3.57629E+02  2.19895E-06   2.95445E+02 
 1.61108E-06   1.43305E+02  2.01541E-06   1.54134E+02  4.33369E-07   9.33500E+01  1.84848E-06   1.44954E+02  1.01541E-06   2.88045E+02  2.90023E-06   3.37179E+02  7.28319E-07   2.63691E+02  3.96698E-06   3.19960E+00  9.63321E-07   7.08933E+01  2.19860E-06   1.85696E+02  2.42436E-06   1.26848E+02  4.85286E-06   1.94467E+02  1.92710E-06   1.57469E+02  6.29235E-07   1.53669E+02  1.80771E-06   3.28468E+02  3.80643E-06   3.24919E+01  3.75826E-06   3.42898E+02  2.83349E-06   2.61223E+01  2.15738E-06   3.59230E+02  8.16053E-07   2.56494E+02  1.06324E-06   1.26486E+02  2.91448E-06   2.32474E+02  2.39840E-06   1.56285E+02  2.87545E-06   2.31114E+02  2.10443E-06   1.74586E+02  1.34203E-06   2.23467E+02  1.31500E-06   2.14160E+02  4.59206E-07   1.15562E+02  1.22423E-06   2.61319E+02  1.28417E-06   7.20208E+01  1.13324E-06   2.80421E+02  1.58133E-06   6.70583E+01  8.77793E-07   2.94568E+02  1.56433E-06   7.29829E+01  6.69008E-07   3.12815E+02  1.39348E-06   7.91941E+01  4.11971E-07   3.37187E+02  1.16256E-06   7.78632E+01  1.63924E-07   4.28852E+01  9.93671E-07   8.09442E+01  2.24514E-07   4.97606E+01  9.33990E-07   9.39723E+01  1.07270E-07   7.81218E+01  9.14801E-07   9.14331E+01  3.42429E-07   2.09321E+02  1.05437E-06   9.20302E+01  7.70969E-07   2.22226E+02  1.10282E-06   9.72088E+01  1.21745E-06   2.28932E+02  1.11619E-06   1.07334E+02  1.65628E-06   2.33694E+02  1.03490E-06   1.19302E+02  1.79788E-06   2.36253E+02  8.53730E-07   1.44788E+02  1.36495E-06   2.40109E+02  8.15105E-07   2.03736E+02  2.44276E-07   2.29472E+02  1.52298E-06   2.57525E+02  1.02288E-06   7.22508E+01  2.28294E-06   2.82775E+02  1.45993E-06   6.99674E+01  2.23588E-06   3.07455E+02  6.95701E-07   5.46328E+01  1.58252E-06   4.38829E+00  8.26542E-07   2.81892E+02  2.18099E-06   7.90772E+01  1.13482E-06   2.73355E+02  2.68514E-06   1.32371E+02  4.39423E-07   1.72802E+02  3.02880E-06   1.93495E+02  1.53276E-06   1.22392E+02  2.46110E-06   2.41287E+02  8.08005E-07   6.89105E+01  2.69581E-06   1.12276E+01  1.29929E-06   2.79478E+02  2.13722E-06   4.68407E+01  1.57102E-06   2.25468E+02  3.12219E-06   2.23003E+02  2.41900E-06   3.87375E+01  2.65371E-06   3.49600E+02  1.37191E-06   5.20943E+01 
 1.37022E-06   3.16591E+02  2.13841E-06   2.10511E+02  2.48628E-06   2.38906E+02  2.84470E-06   3.57324E+02  3.46068E-06   1.32516E+02  4.88231E-07   1.96595E+02  2.23674E-06   3.55199E+00  9.17759E-07   1.53021E+02  1.61370E-06   3.27387E+02  1.02512E-06   5.73597E+00  3.04020E-06   1.43818E+02  5.20976E-07   2.85653E+02  2.22251E-06   1.46138E+02  1.32420E-06   1.92600E+02  1.46362E-06   2.95189E+02  6.73674E-07   1.77145E+02  2.22877E-06   3.12278E+02  1.14110E-07   3.27256E+02  1.09565E-06   8.50145E+00  5.23167E-07   2.08640E+02  1.83748E-06   6.71542E+01  1.39712E-06   1.83343E+02  1.68536E-06   6.43116E+01  1.61327E-06   1.70281E+02  9.80627E-07   2.16363E+01  1.08962E-06   1.56373E+02  1.22351E-06   3.13100E+02  5.18115E-07   8.59141E+01  1.75993E-06   2.83671E+02  1.04205E-06   2.13922E+01  1.82918E-06   2.66791E+02  1.45014E-06   2.67123E+00  1.51678E-06   2.51533E+02  1.62525E-06   3.52054E+02  1.38895E-06   2.30221E+02  1.64786E-06   3.50617E+02  1.47793E-06   2.15953E+02  1.51210E-06   3.50389E+02  1.44203E-06   2.05268E+02  1.39668E-06   3.39587E+02  1.38074E-06   1.91800E+02  1.34915E-06   3.32826E+02  1.48577E-06   1.94750E+02  1.18764E-06   3.37991E+02  1.60596E-06   1.99973E+02  1.26106E-06   3.39551E+02  1.74773E-06   2.02242E+02  1.22348E-06   3.40604E+02  1.56553E-06   2.09565E+02  9.23979E-07   3.43200E+02  1.20907E-06   2.29498E+02  6.29304E-07   1.26370E+01  9.80321E-07   2.59844E+02  8.01898E-07   5.42958E+01  1.02163E-06   3.14477E+02  1.08762E-06   8.88542E+01  1.85762E-06   3.54549E+02  1.19672E-06   1.19643E+02  2.29452E-06   1.14210E+01  1.01033E-06   1.47275E+02  1.56295E-06   2.24280E+01  8.98903E-07   1.92674E+02  1.80606E-07   3.48522E+02  1.30380E-06   2.05198E+02  7.97165E-07   2.38611E+02  1.61601E-06   1.91094E+02  5.98866E-07   2.14374E+02  1.32366E-06   1.87528E+02  1.56726E-06   1.42297E+02  7.95959E-07   3.00289E+02  1.50055E-06   1.46895E+02  2.39595E-06   3.50049E+02  2.40426E-06   3.35363E+02  1.43337E-06   3.12270E+01  2.27097E-06   3.44528E+02  2.88556E-06   1.74073E+02  4.20615E-06   1.58039E+02  9.76193E-07   2.28552E+02  1.32031E-06   3.13767E+01  3.68167E-06   3.51502E+02  1.39727E-06   2.14352E+02 
 1.06732E-06   9.50838E+01  1.58262E-06   1.20697E+02  2.17259E-06   1.78888E+02  1.54124E-06   2.26021E+02  2.09607E-06   3.32565E+02  8.41278E-07   4.30659E+00  9.30187E-07   2.63118E+02  4.42728E-06   7.71028E+00  1.33147E-06   1.21562E+02  1.81633E-06   2.62365E+02  2.59968E-06   1.12949E+02  4.83873E-06   1.92857E+02  1.22237E-06   1.41240E+02  2.60199E-06   1.35677E+02  1.59206E-06   3.13817E+02  3.38109E-06   4.10885E+01  3.11215E-06   3.40286E+02  2.70924E-06   3.57255E+02  2.45242E-06   1.59020E+00  2.05511E-06   2.73776E+02  7.71635E-07   7.73167E+01  2.80186E-06   2.33250E+02  1.97880E-06   1.58099E+02  2.05737E-06   2.10966E+02  2.61356E-06   1.78575E+02  9.14413E-07   1.50019E+02  2.30105E-06   1.96030E+02  1.38147E-06   8.03103E+01  1.72602E-06   2.12214E+02  1.74452E-06   5.61243E+01  1.06098E-06   2.25158E+02  1.56604E-06   4.58649E+01  5.46684E-07   2.68323E+02  1.21140E-06   4.70103E+01  6.14098E-07   3.23334E+02  7.67253E-07   5.10920E+01  6.67027E-07   3.51186E+02  4.72625E-07   4.66128E+01  6.10191E-07   7.05913E+00  3.12837E-07   5.21040E+01  5.89666E-07   9.61709E+00  2.03587E-07   9.71594E+01  4.57019E-07   1.65023E+01  2.53176E-07   7.81647E+01  8.27630E-08   2.97228E+02  4.67067E-07   6.78584E+01  5.03521E-07   2.18742E+02  6.48822E-07   6.56502E+01  9.55290E-07   2.11273E+02  8.06555E-07   5.82063E+01  1.43143E-06   2.06554E+02  1.01868E-06   4.99258E+01  1.66838E-06   2.06210E+02  9.86686E-07   5.28027E+01  1.37404E-06   2.09464E+02  3.92669E-07   5.14774E+01  5.86041E-07   1.97666E+02  8.65940E-07   2.65013E+02  5.09683E-07   8.24233E+01  2.09423E-06   2.70092E+02  7.55312E-07   6.40794E+01  2.24858E-06   2.83488E+02  2.88155E-07   4.99773E+01  1.17219E-06   3.42566E+02  6.21942E-07   2.63152E+02  2.41002E-06   8.21976E+01  1.02465E-06   2.82538E+02  3.35590E-06   1.29066E+02  5.29863E-07   1.28213E-01  2.93377E-06   2.02091E+02  1.59811E-06   8.37013E+01  3.26909E-06   2.83732E+02  1.51396E-06   1.05951E+02  2.81590E-06   1.46657E+01  2.42134E-06   2.15449E+02  2.82282E-06   1.19185E+02  1.62319E-06   2.64647E+02  2.58610E-06   2.68248E+02  4.11034E-06   2.24285E+01  1.96149E-06   3.24206E+02  1.78662E-06   1.38542E+02 
 3.02173E-06   3.03161E+02  1.14614E-06   2.02727E+02  1.76099E-06   2.22514E+02  1.06654E-06   3.11689E+01  3.69682E-06   1.47862E+02  4.14015E-07   3.19564E+02  8.45848E-07   3.50989E+02  1.03909E-06   2.15573E+02  3.95520E-06   3.47832E+00  1.29778E-06   3.43448E+02  1.18688E-06   9.05822E+01  6.85969E-07   6.58670E+01  3.73408E-06   1.88905E+02  2.79712E-06   1.61196E+02  2.73587E-06   2.13541E+02  2.08665E-06   1.82142E+02  1.20181E-06   4.35580E+00  1.11026E-06   2.98074E+02  3.41038E-06   3.23182E+01  1.75179E-06   3.28537E+02  2.93945E-06   3.86446E+01  6.78633E-07   2.18855E+00  8.83007E-07   1.90932E+01  1.02463E-06   1.18238E+02  1.08032E-06   2.60632E+02  1.53892E-06   1.37771E+02  1.82356E-06   2.54294E+02  1.29268E-06   1.44146E+02  1.89653E-06   2.55650E+02  5.18141E-07   1.54289E+02  1.44582E-06   2.49983E+02  4.52391E-07   2.76990E+02  8.11977E-07   2.31902E+02  1.05301E-06   2.89191E+02  5.84994E-07   1.95135E+02  1.15985E-06   2.93469E+02  7.27867E-07   1.84196E+02  1.14717E-06   2.94504E+02  7.87107E-07   1.70376E+02  1.28093E-06   2.81498E+02  9.09056E-07   1.52221E+02  1.40959E-06   2.76689E+02  9.14392E-07   1.59445E+02  1.24426E-06   2.72332E+02  1.01907E-06   1.73393E+02  1.17841E-06   2.78932E+02  1.12500E-06   1.78949E+02  1.17192E-06   2.82605E+02  9.90678E-07   1.84839E+02  8.87019E-07   2.87248E+02  7.50805E-07   2.13987E+02  4.70308E-07   3.50461E+02  9.37922E-07   2.51833E+02  1.13444E-06   4.37171E+01  1.22017E-06   2.84644E+02  1.62656E-06   6.23174E+01  1.75985E-06   3.17896E+02  1.55307E-06   8.44024E+01  2.19432E-06   3.42659E+02  9.07598E-07   1.23681E+02  1.81665E-06   1.15823E+01  9.87277E-07   2.06366E+02  1.46805E-06   7.21227E+01  1.73627E-06   2.25928E+02  1.83625E-06   1.26101E+02  1.56642E-06   2.12140E+02  2.12507E-06   1.78862E+02  1.11492E-06   1.60647E+02  2.26561E-06   2.20350E+02  6.04106E-07   6.11859E+01  9.89271E-07   3.24578E+02  1.98074E-06   3.51014E+02  3.73013E-06   1.70072E+01  7.91017E-07   2.82628E+02  3.72186E-07   3.30361E+01  2.18135E-06   1.72502E+02  3.48150E-06   1.97644E+02  1.58035E-06   3.84047E+01  2.43342E-06   2.97520E+01  1.30842E-06   3.30063E+02  2.32040E-06   1.60958E+02 
 1.15788E-06   4.06222E+01  9.65907E-07   3.31642E+01  3.39568E-06   1.85791E+02  2.83775E-06   2.67748E+02  2.05743E-06   3.51400E+02  1.46021E-06   1.31675E+02  7.02232E-07   3.09514E+02  2.67745E-06   7.03589E+00  2.13882E-06   1.54116E+02  3.07999E-06   3.11136E+02  1.82810E-06   1.03826E+02  2.20103E-06   1.81183E+02  1.43022E-06   3.07234E+01  3.73621E-06   1.39460E+02  1.16160E-06   3.35206E+02  1.15298E-06   1.04427E+02  1.01779E-06   3.31358E+02  1.84212E-06   3.07851E+02  1.38899E-06   3.52084E+02  1.98721E-06   2.83052E+02  1.06692E-06   3.48691E+02  9.48149E-07   2.39629E+02  3.34209E-07   2.02434E+02  8.32145E-07   1.41020E+02  1.60905E-06   1.86453E+02  1.39436E-06   9.94086E+01  2.16662E-06   1.83957E+02  1.37621E-06   7.59785E+01  2.09495E-06   1.79062E+02  1.15553E-06   4.10655E+01  1.57640E-06   1.74165E+02  9.71976E-07   1.15137E+01  7.12653E-07   1.67007E+02  6.31902E-07   3.52335E+02  1.13160E-07   2.64952E+01  4.78944E-07   3.22837E+02  5.81260E-07   4.15409E+00  4.32822E-07   3.00658E+02  6.20135E-07   3.08669E+00  4.45078E-07   2.97899E+02  6.82185E-07   3.76843E+00  3.58054E-07   2.68983E+02  6.87008E-07   6.46192E+00  2.82088E-07   2.65527E+02  4.17421E-07   9.03911E+00  2.13415E-07   3.22989E+02  1.53402E-07   7.52672E+01  5.10303E-07   3.51018E+02  5.16011E-07   1.42411E+02  8.49441E-07   3.59187E+02  1.04861E-06   1.50787E+02  1.35393E-06   2.03812E+00  1.41147E-06   1.56311E+02  1.53534E-06   6.92917E+00  1.33127E-06   1.67910E+02  1.18466E-06   1.05392E+01  9.14746E-07   1.84432E+02  5.65325E-07   3.25885E+02  5.74712E-07   2.17558E+02  1.06540E-06   2.50392E+02  6.23883E-07   2.69854E+02  1.29360E-06   2.35982E+02  6.89256E-07   2.80324E+02  3.64112E-07   1.94673E+02  4.75423E-07   2.55998E+02  1.50176E-06   1.09838E+02  4.52004E-07   3.39753E+02  2.43831E-06   1.42291E+02  1.64122E-06   1.04919E+01  1.30818E-06   2.10685E+02  1.75090E-06   4.02203E+01  3.20233E-06   3.19444E+02  1.89496E-06   1.44521E+02  8.91575E-07   1.65656E+01  3.49901E-06   1.90986E+02  3.65572E-06   1.53150E+02  1.83285E-06   3.19738E+02  3.34928E-06   3.32178E+02  3.66678E-06   1.18699E+01  1.52538E-06   2.52285E+02  2.93938E-06   1.57535E+02 
 2.29690E-06   2.87985E+02  1.19694E-06   1.41910E+01  1.11906E-06   1.60247E+02  1.97495E-06   1.64525E+02  2.71840E-06   1.80996E+02  1.13990E-06   3.41278E+02  9.17705E-07   1.47386E+02  1.51132E-06   2.85979E+02  4.67362E-06   2.16721E+01  8.72414E-07   2.99803E+02  2.32633E-06   3.48055E+02  1.43096E-06   1.14979E+02  4.02526E-06   2.13515E+02  2.96269E-06   1.46159E+02  3.90545E-06   1.85991E+02  2.02676E-06   1.80603E+02  2.10179E-06   8.67711E+01  1.23700E-06   2.76861E+02  3.95799E-06   3.66565E+01  2.14486E-06   3.28141E+02  3.06820E-06   1.36728E+01  1.99449E-06   3.59803E+02  1.65757E-06   3.10473E+02  1.34500E-06   4.11171E+01  2.04284E-06   2.57137E+02  9.55782E-07   1.05716E+02  1.93581E-06   2.40583E+02  1.41024E-06   1.51595E+02  1.33420E-06   2.35705E+02  1.68596E-06   1.71235E+02  5.84667E-07   2.22419E+02  1.72867E-06   1.91119E+02  2.65204E-07   1.33831E+02  1.69167E-06   2.03848E+02  3.87770E-07   1.02408E+02  1.52485E-06   2.07217E+02  2.76870E-07   9.93783E+01  1.46068E-06   2.04181E+02  2.40996E-07   7.47926E+01  1.60301E-06   2.05998E+02  4.07428E-07   7.18650E+01  1.68035E-06   2.08881E+02  3.31392E-07   6.99353E+01  1.63340E-06   2.05284E+02  1.83305E-07   8.08517E+01  1.47251E-06   2.06628E+02  1.74109E-07   1.03799E+02  1.30557E-06   2.09412E+02  2.01330E-07   6.13995E+01  1.07255E-06   2.08917E+02  2.59130E-07   3.46634E+02  3.52348E-07   1.84723E+02  6.39756E-07   2.78326E+02  8.23485E-07   4.38412E+01  1.20782E-06   2.68775E+02  1.44408E-06   4.03625E+01  1.61037E-06   2.87171E+02  1.18298E-06   4.99293E+01  1.67861E-06   3.13875E+02  4.45660E-07   8.71998E+01  1.42501E-06   5.93454E+00  8.83190E-07   2.02670E+02  2.25356E-06   7.12974E+01  1.64091E-06   2.18874E+02  2.98935E-06   1.13958E+02  1.11609E-06   2.16222E+02  3.04552E-06   1.77656E+02  6.45045E-07   9.57025E+01  3.22529E-06   2.46861E+02  1.16632E-06   7.30154E+01  3.29061E-06   3.33891E+02  3.63906E-07   2.95409E+02  3.63921E-06   4.51794E+01  2.10213E-06   2.43724E+02  2.22697E-06   1.54469E+02  4.57214E-07   3.53273E+02  2.77044E-06   2.72685E+02  3.11559E-06   3.96754E+01  1.30990E-06   8.01040E+01  2.05334E-06   1.91707E+02  2.43335E-06   1.20995E+02 
 6.95715E-07   3.43717E+02  1.84831E-06   3.35351E+02  1.83932E-06   2.00182E+02  2.57134E-06   2.86308E+02  2.89001E-07   5.07720E+01  2.30106E-06   1.61482E+02  1.00913E-06   5.10021E+00  7.18716E-07   2.01574E+02  1.81868E-06   1.73620E+02  3.42568E-06   3.49081E+02  3.71887E-07   5.90926E+01  2.12776E-06   3.08128E+01  2.66544E-06   1.24547E+01  2.63513E-06   1.57860E+02  1.22052E-06   4.08283E+01  3.62247E-06   1.94289E+02  1.21525E-06   1.54739E+02  2.14370E-06   2.26707E+02  7.22787E-07   2.19106E+02  6.33927E-07   3.40671E+02  1.42458E-06   2.96666E+02  1.80006E-06   3.74978E+01  1.28031E-06   3.07168E+02  1.90545E-06   4.77182E+01  3.39826E-07   2.73940E+02  1.26593E-06   5.13822E+01  8.55522E-07   1.49646E+02  5.22082E-07   2.26280E+01  1.60679E-06   1.43543E+02  7.88900E-07   3.22511E+02  1.81083E-06   1.42481E+02  1.05032E-06   3.12061E+02  1.32132E-06   1.35486E+02  8.77069E-07   2.99876E+02  6.23898E-07   1.20109E+02  6.62158E-07   2.96609E+02  2.19746E-07   7.96076E+01  5.38882E-07   3.06896E+02  7.11793E-08   6.51773E+01  6.09307E-07   3.23818E+02  1.95973E-07   2.25454E+01  4.26950E-07   3.13536E+02  4.11050E-07   1.62900E+01  3.44147E-07   3.26578E+02  4.42818E-07   2.70404E+01  5.21313E-07   3.36592E+02  6.62800E-07   5.87782E+01  8.18235E-07   3.29328E+02  1.03968E-06   7.83561E+01  1.23549E-06   3.29151E+02  1.37796E-06   9.23025E+01  1.65807E-06   3.30713E+02  1.50483E-06   1.03103E+02  1.82932E-06   3.33063E+02  1.24105E-06   1.25462E+02  1.69282E-06   3.42340E+02  1.21218E-06   1.75444E+02  1.19771E-06   3.55883E+02  1.64392E-06   2.09631E+02  4.96495E-07   7.33394E+01  1.82899E-06   2.34497E+02  1.54722E-06   1.42452E+02  1.40345E-06   2.57422E+02  2.20195E-06   1.66731E+02  2.92556E-07   3.07893E+02  1.94350E-06   1.99565E+02  1.18004E-06   4.53190E+01  9.82695E-07   2.44188E+02  2.04394E-06   2.31499E+01  1.89459E-06   1.20148E+01  1.38072E-06   4.07037E+00  2.24517E-06   1.95422E+01  2.19648E-06   1.83940E+02  2.28162E-06   1.96402E+02  2.61203E-06   1.71688E+02  2.25248E-06   1.92157E+02  2.57368E-06   3.57233E+02  3.19410E-06   1.53240E+01  1.56309E-06   3.28495E+02  1.68417E-06   2.13400E+02  1.73260E-06   1.71156E+02 
 1.59666E-06   1.61744E+02  2.85422E-06   1.28126E+01  1.56786E-06   1.23061E+02  2.78729E-06   1.85299E+02  1.96194E-06   2.36373E+02  7.30437E-07   3.05327E+02  2.00439E-06   1.37390E+02  2.72369E-06   3.28039E+02  2.44201E-06   5.00796E+01  1.12082E-06   2.22824E+02  3.61372E-06   3.31325E+02  2.62052E-06   1.59438E+02  1.90638E-06   2.69612E+02  1.74262E-06   1.33992E+02  2.83160E-06   1.54262E+02  4.92317E-07   1.30340E+02  2.97453E-06   1.19800E+02  3.97752E-07   2.39914E+02  1.62558E-06   5.15526E+01  6.87132E-07   3.03112E+02  2.19772E-06   3.41494E+02  1.33894E-06   3.49654E+02  2.22880E-06   3.08634E+02  1.64911E-06   3.57653E+02  1.43794E-06   2.81837E+02  8.91700E-07   3.51168E+02  7.36630E-07   2.45566E+02  4.23240E-07   1.77085E+02  3.96077E-07   2.09881E+02  1.64578E-06   1.69883E+02  1.46690E-07   1.66028E+02  2.28763E-06   1.68782E+02  1.01200E-07   6.11255E+01  2.54003E-06   1.67482E+02  2.91315E-07   3.41478E+02  2.62206E-06   1.62567E+02  6.08575E-07   3.17656E+02  2.61217E-06   1.58170E+02  9.36518E-07   3.18994E+02  2.63184E-06   1.58328E+02  1.02107E-06   3.26295E+02  2.49036E-06   1.59689E+02  1.07087E-06   3.24673E+02  2.46368E-06   1.58025E+02  1.18380E-06   3.22433E+02  2.33015E-06   1.55306E+02  1.17066E-06   3.17766E+02  2.09037E-06   1.56494E+02  1.18233E-06   3.25086E+02  1.81178E-06   1.64029E+02  1.14649E-06   3.28450E+02  1.26490E-06   1.69716E+02  9.54651E-07   3.06881E+02  3.23685E-07   1.76139E+02  8.39014E-07   2.71432E+02  5.13280E-07   3.17007E+02  6.93237E-07   2.61361E+02  7.72400E-07   3.13576E+02  2.51845E-07   2.80214E+02  5.41432E-07   3.05459E+02  6.33735E-07   7.12299E+01  3.19257E-07   2.08676E+02  1.61719E-06   8.99584E+01  8.49703E-07   1.78916E+02  1.96845E-06   1.18651E+02  5.11792E-07   1.47608E+02  1.59348E-06   1.82073E+02  9.77662E-07   4.37705E+01  2.03694E-06   2.87890E+02  4.97209E-07   8.81496E+01  3.21728E-06   3.42077E+02  2.48055E-06   1.95933E+02  1.90608E-06   1.04484E+02  1.99443E-06   2.33489E+02  2.21593E-06   1.51631E+02  3.65067E-06   3.53151E+02  3.78848E-06   3.30571E+02  2.32296E-06   3.53357E+01  2.78695E-06   1.69649E+02  3.46757E-06   1.76263E+02  2.12147E-06   6.65291E+01 
 1.56622E-06   2.25508E+02  1.69788E-06   3.21064E+02  1.56145E-06   3.53909E+02  1.17883E-06   3.28229E+02  2.11264E-06   1.65806E+02  2.50939E-06   2.12413E+02  6.06879E-07   9.52946E+01  2.87971E-06   1.88565E+02  6.61609E-07   3.18905E+02  3.30532E-06   3.99993E+01  1.42552E-06   3.21349E+02  4.61746E-06   1.32814E+01  1.42319E-06   1.51077E+01  1.79677E-06   2.54821E+02  1.55997E-06   8.01434E+01  4.95692E-06   2.05195E+02  1.64228E-06   1.33863E+02  3.67715E-06   1.81262E+02  1.39549E-06   1.96715E+02  2.06339E-06   1.03843E+02  1.57834E-06   2.50402E+02  2.89756E-06   4.79671E+01  1.29859E-06   2.87788E+02  2.63427E-06   2.50495E+01  1.19812E-06   3.31794E+02  1.69647E-06   3.58212E+02  1.27708E-06   9.10928E+00  1.23410E-06   3.15381E+02  1.08241E-06   3.71044E+01  1.23980E-06   3.01021E+02  7.58860E-07   7.21001E+01  9.34304E-07   2.95694E+02  5.38213E-07   8.31112E+01  4.99538E-07   2.81808E+02  2.66506E-07   9.87582E+01  1.16900E-07   2.74628E+02  1.36423E-07   1.98455E+02  1.85946E-07   4.67884E+01  3.75053E-07   1.98067E+02  3.77356E-07   2.35686E+01  3.26167E-07   1.95435E+02  3.12972E-07   2.68430E+01  7.45511E-08   2.77857E+02  3.88999E-07   3.22433E+01  2.16987E-07   3.37905E+02  4.94869E-07   1.89244E+01  6.00147E-07   1.93020E+01  5.51004E-07   3.38854E+02  1.11468E-06   3.07209E+01  8.04230E-07   3.20494E+02  1.31431E-06   3.39205E+01  1.07556E-06   3.16329E+02  1.24657E-06   3.62633E+01  1.21014E-06   3.16531E+02  6.64999E-07   4.00105E+01  1.13546E-06   3.37417E+02  5.83253E-07   1.93496E+02  1.21269E-06   1.69434E+01  1.87395E-06   2.01877E+02  1.54034E-06   6.85815E+01  2.33445E-06   2.10668E+02  2.34479E-06   1.23089E+02  1.38540E-06   2.33795E+02  3.22370E-06   1.70017E+02  8.77986E-07   3.54644E+02  3.15481E-06   2.21941E+02  2.03925E-06   3.16469E+01  2.92743E-06   3.04135E+02  1.31410E-06   3.56658E+01  3.93645E-06   1.61291E+01  9.01075E-07   2.37443E+02  2.88950E-06   9.97308E+01  1.61874E-06   2.15115E+02  3.32573E-06   1.99877E+02  1.22872E-06   6.57313E+01  2.64422E-06   2.97313E+02  1.82468E-06   3.28350E+01  2.56707E-06   1.08753E+02  2.35380E-06   2.22941E+02  8.31685E-07   2.31585E+00  1.32678E-06   3.12355E+02 
 3.96505E-06   1.35083E+02  1.28966E-06   6.45510E+00  1.28565E-06   1.29326E+02  9.60528E-07   2.44534E+02  1.41246E-06   3.21010E+02  1.44381E-06   2.12480E+02  1.19154E-06   1.47275E+02  1.93479E-06   3.45373E+02  2.44309E-06   1.87402E+02  1.35390E-06   1.88646E+02  2.01399E-06   3.31052E+02  2.75186E-06   1.82871E+02  4.15305E-06   7.48278E+00  3.04754E-07   1.38829E+02  1.76409E-06   5.21199E+01  1.46443E-06   4.01754E+01  2.25172E-06   1.71148E+02  1.27909E-06   7.69188E+01  2.51579E-06   1.98155E+02  7.40161E-07   1.31294E+02  1.17229E-06   2.31603E+02  4.07935E-07   2.56537E+02  6.89776E-07   3.25604E+02  1.33433E-06   2.99951E+02  9.12643E-07   2.32921E+01  1.51891E-06   3.00219E+02  8.25131E-07   3.50121E+01  6.85989E-07   2.88058E+02  4.84674E-07   3.59392E+02  5.78398E-07   1.45547E+02  7.05618E-07   3.04173E+02  1.33066E-06   1.30695E+02  9.56197E-07   2.93660E+02  1.85713E-06   1.29412E+02  1.39749E-06   2.99474E+02  2.31947E-06   1.26082E+02  1.74211E-06   3.01893E+02  2.44385E-06   1.21864E+02  1.91739E-06   3.04780E+02  2.42359E-06   1.21162E+02  1.92221E-06   3.08856E+02  2.31231E-06   1.19927E+02  2.02119E-06   3.10061E+02  2.34083E-06   1.19639E+02  2.17848E-06   3.08500E+02  2.28021E-06   1.18076E+02  2.20747E-06   3.02250E+02  2.03811E-06   1.18370E+02  2.07240E-06   2.99189E+02  1.63155E-06   1.33917E+02  1.78474E-06   3.02884E+02  1.40113E-06   1.64327E+02  1.29582E-06   3.03487E+02  1.32189E-06   1.98257E+02  4.28540E-07   3.00316E+02  1.60679E-06   2.27368E+02  6.82843E-07   1.07632E+02  1.72859E-06   2.43997E+02  1.66391E-06   1.21443E+02  1.08893E-06   2.73038E+02  2.14023E-06   1.47925E+02  9.77588E-07   7.55733E+00  1.98378E-06   1.80237E+02  1.53881E-06   4.66905E+01  9.23161E-07   2.44350E+02  1.46577E-06   7.03936E+01  2.03280E-06   3.49071E+02  6.72833E-07   8.62380E+01  2.58922E-06   1.64498E+01  1.41943E-06   2.02991E+02  4.39644E-07   1.38609E+02  3.17938E-06   1.96239E+02  2.78226E-06   2.01914E+02  1.19380E-07   2.64215E+02  1.20421E-06   4.99378E+00  4.11307E-06   3.53972E+02  2.37224E-06   3.04054E+01  5.00453E-07   2.70169E+02  2.03087E-06   2.04316E+02  1.99623E-06   1.61775E+02  1.30305E-06   7.69220E+00 
 2.35736E-06   2.11125E+02  3.68264E-07   6.11382E+01  2.57061E-06   1.07475E+01  5.41445E-07   8.91783E+01  1.69737E-06   1.63121E+02  2.57804E-06   2.54327E+02  2.21863E-06   1.68911E+02  1.94448E-06   1.71232E+02  3.15272E-06   3.49644E+02  2.61875E-06   1.03694E+02  2.33607E-06   3.40668E+02  2.66710E-06   3.51037E+02  9.42539E-07   1.63524E+02  3.38649E-06   3.07596E+02  1.32151E-06   1.28834E+02  1.91470E-06   2.20111E+02  9.42213E-07   9.08738E+01  3.59467E-06   1.60982E+02  4.85276E-07   1.25896E+02  3.12524E-06   1.38334E+02  8.00663E-07   1.83709E+02  1.34490E-06   9.08974E+01  5.61016E-07   2.10128E+02  1.71989E-06   1.19624E+01  9.57004E-07   3.13635E+02  1.92945E-06   3.55632E+02  1.99291E-06   3.32587E+02  1.36739E-06   3.45880E+02  2.21415E-06   3.33292E+02  8.05456E-07   3.46237E+02  1.84076E-06   3.25772E+02  1.13436E-07   2.88059E+01  1.49851E-06   3.18735E+02  5.05915E-07   1.54628E+02  1.01650E-06   3.05900E+02  6.96592E-07   1.63400E+02  7.01037E-07   2.81824E+02  7.46538E-07   1.62596E+02  6.34432E-07   2.52700E+02  5.41335E-07   1.69696E+02  5.59939E-07   2.37563E+02  5.64011E-07   1.88569E+02  4.97219E-07   2.54578E+02  3.79036E-07   1.79681E+02  7.32751E-07   2.71698E+02  2.57892E-07   1.59249E+02  9.09517E-07   2.93402E+02  1.91868E-07   1.79120E+02  1.15177E-06   3.13092E+02  1.40043E-07   1.36729E+02  1.43161E-06   3.12217E+02  5.17533E-07   7.01106E+01  1.60828E-06   3.10386E+02  8.87621E-07   7.72184E+01  1.42385E-06   3.11458E+02  1.20567E-06   8.26560E+01  7.59873E-07   2.99449E+02  1.28746E-06   8.83009E+01  5.25796E-07   1.90837E+02  1.13076E-06   1.12851E+02  1.08197E-06   1.64279E+02  1.45461E-06   1.64490E+02  6.35850E-07   1.45695E+02  1.86214E-06   2.00093E+02  8.52909E-07   3.07752E+01  1.61850E-06   2.65539E+02  1.46594E-06   1.49051E+01  2.66280E-06   3.27929E+02  3.44893E-07   2.04498E+02  1.48583E-06   1.87952E+01  2.01848E-06   2.01645E+02  2.90909E-06   1.46677E+02  1.17782E-06   3.53277E+02  4.07048E-07   2.43614E+02  3.47554E-06   1.54029E+01  2.48860E-06   3.19958E+02  1.56599E-06   1.42875E+02  3.81624E-06   1.60852E+02  3.05074E-06   1.97909E+02  3.12016E-06   1.45707E+01  3.00717E-06   3.30723E+02 
 1.90385E-06   1.34650E+02  1.82020E-06   2.15175E+02  1.24192E-06   1.28728E+02  2.71005E-06   3.38887E+02  2.29416E-06   3.85596E+01  1.27825E-06   2.16981E+02  1.52808E-06   2.60685E+02  2.27205E-06   1.70748E+02  4.32395E-06   2.11928E+02  5.34566E-07   1.63296E+02  1.80354E-06   1.23039E+02  1.01305E-06   2.80685E+02  5.24015E-06   3.03167E+01  6.36074E-07   2.37378E+02  4.54239E-06   3.57776E+02  1.17469E-06   8.67406E+01  2.42617E-06   2.66878E+02  2.03084E-06   6.94016E+01  4.11067E-06   2.07216E+02  1.18816E-06   7.14107E+01  3.59866E-06   1.81440E+02  5.86645E-07   1.77782E+02  2.09137E-06   1.47533E+02  1.37886E-06   2.12662E+02  1.34339E-06   8.55866E+01  1.34191E-06   2.20851E+02  1.42145E-06   2.76605E+01  6.15555E-07   2.18762E+02  1.90021E-06   3.49266E+02  3.17938E-07   8.17028E+01  2.23172E-06   3.31309E+02  9.24552E-07   4.52912E+01  2.16179E-06   3.24482E+02  1.18767E-06   4.24621E+01  2.31115E-06   3.23869E+02  1.33793E-06   5.03675E+01  2.30454E-06   3.21545E+02  1.47104E-06   5.01713E+01  2.15471E-06   3.22065E+02  1.43621E-06   4.83172E+01  2.02983E-06   3.25460E+02  1.33812E-06   4.58367E+01  2.00295E-06   3.26233E+02  1.28032E-06   5.37154E+01  2.10219E-06   3.24501E+02  1.24907E-06   5.79234E+01  2.00943E-06   3.19061E+02  1.09732E-06   6.54987E+01  1.85331E-06   3.17041E+02  6.33448E-07   9.71339E+01  1.63369E-06   3.24361E+02  9.90620E-07   1.66277E+02  1.21124E-06   3.32571E+02  1.66315E-06   1.84265E+02  4.01120E-07   1.67799E+00  2.12880E-06   1.94315E+02  8.98525E-07   1.21637E+02  2.10631E-06   2.01927E+02  1.97090E-06   1.47828E+02  7.73933E-07   2.12730E+02  2.87438E-06   1.77066E+02  1.57683E-06   1.73588E+01  2.62329E-06   2.08352E+02  2.86180E-06   2.43668E+01  2.09151E-06   3.05198E+02  1.66063E-06   4.59795E+01  4.32911E-06   3.58230E+02  1.82374E-06   1.70028E+02  2.67534E-06   5.11020E+01  2.77210E-06   1.94552E+02  3.73601E-06   1.65771E+02  4.82855E-07   2.28818E+02  2.71228E-06   2.48977E+02  1.78730E-06   1.80332E+01  2.83847E-06   3.43676E+02  6.65494E-07   3.33534E+02  3.60740E-06   1.19916E+02  2.07219E-06   2.41654E+02  2.88230E-06   3.39401E+02  1.79753E-06   3.08525E+00  1.76983E-06   2.27830E+02 
 2.72313E-07   4.81864E+01  7.47407E-07   1.24186E+02  4.87238E-07   1.35174E+02  1.67031E-06   1.70008E+02  8.46793E-07   1.39769E+01  1.11206E-06   3.51952E+02  1.17283E-06   1.99798E+02  9.20665E-07   6.04923E+01  1.90681E-06   3.48417E+02  3.22096E-06   1.92287E+02  1.57995E-06   4.59853E+00  2.60007E-06   2.11434E+02  6.49125E-07   2.00136E+02  2.26003E-06   1.91858E+00  1.42662E-06   2.06057E+02  3.53003E-06   1.84732E+01  5.56235E-07   1.75534E+02  8.85034E-07   4.84830E+01  1.12787E-06   7.87652E+01  2.15777E-06   1.83995E+02  1.57363E-06   7.03605E+01  2.39287E-06   1.88791E+02  8.53702E-07   6.78249E+01  1.12278E-06   1.63951E+02  7.00629E-07   2.90353E+02  1.12773E-06   9.56057E+01  1.76308E-06   2.82564E+02  1.45747E-06   8.32155E+01  2.18673E-06   2.77721E+02  1.36915E-06   8.10601E+01  2.19899E-06   2.71404E+02  1.05232E-06   9.59957E+01  1.85502E-06   2.72218E+02  7.28148E-07   1.37684E+02  1.34498E-06   2.69080E+02  6.93121E-07   1.78829E+02  9.97452E-07   2.66592E+02  8.20695E-07   2.01668E+02  7.88712E-07   2.51824E+02  8.35604E-07   2.23721E+02  6.69430E-07   2.35459E+02  9.72256E-07   2.28858E+02  7.38587E-07   2.42868E+02  8.72207E-07   2.21986E+02  1.08764E-06   2.45501E+02  6.96827E-07   2.08813E+02  1.44234E-06   2.45712E+02  5.66345E-07   1.82648E+02  1.79956E-06   2.46094E+02  7.47374E-07   1.25715E+02  2.19991E-06   2.45686E+02  1.49568E-06   1.02427E+02  2.26323E-06   2.50463E+02  2.32643E-06   1.05726E+02  1.85042E-06   2.67886E+02  2.88818E-06   1.17010E+02  1.29829E-06   3.09132E+02  2.63769E-06   1.37803E+02  1.53467E-06   1.10994E+01  1.88030E-06   1.76893E+02  2.06861E-06   3.75274E+01  1.38044E-06   2.49858E+02  1.53890E-06   5.74463E+01  2.45718E-06   3.29689E+02  9.66288E-07   1.47812E+02  3.15252E-06   2.49582E+00  1.84506E-06   1.99767E+02  8.92069E-07   1.00832E+02  1.77060E-06   2.22283E+02  3.39894E-06   1.91263E+02  4.17082E-07   2.88978E+02  1.41679E-06   2.59080E+02  2.86431E-06   1.25586E+01  2.88559E-06   2.24389E+01  2.47555E-06   3.51491E+00  1.99037E-06   1.38302E+02  2.40404E-06   1.84611E+02  1.74067E-06   2.57875E+02  1.03463E-06   1.59903E+02  5.90813E-07   8.62544E+01  1.09719E-06   4.66829E+00 
 2.71573E-06   3.07998E+02  1.39112E-06   2.32982E+02  1.25347E-06   8.37068E+01  1.81032E-06   3.32389E+02  1.73568E-06   9.71257E+01  6.60591E-07   3.25639E+02  2.13435E-06   2.76897E+02  4.61429E-06   1.77274E+02  1.13483E-06   2.35699E+02  2.81693E-07   2.28465E+02  2.81762E-06   1.33281E+02  2.40952E-06   3.43648E+02  1.38999E-06   7.82348E+01  3.34010E-07   2.96834E+02  3.80879E-06   3.43507E+02  1.13571E-06   1.62158E+02  3.61522E-06   3.28647E+02  5.61832E-07   1.14011E+02  9.22011E-07   2.40783E+02  5.78584E-07   6.76381E+01  3.26535E-06   1.76631E+02  1.06985E-06   1.05172E+02  3.50190E-06   1.75247E+02  1.60358E-06   1.22627E+02  1.84270E-06   1.74611E+02  1.46774E-06   1.28872E+02  3.66254E-07   7.55949E+00  8.96774E-07   1.33422E+02  2.13750E-06   3.59724E+02  1.94457E-07   1.51886E+02  2.82814E-06   2.38955E+00  8.02364E-07   3.13608E+02  2.70276E-06   8.44716E+00  1.40536E-06   3.08355E+02  2.57807E-06   1.28656E+01  1.60149E-06   3.02713E+02  2.25778E-06   1.76349E+01  1.70494E-06   3.02450E+02  1.91598E-06   2.15693E+01  1.72044E-06   3.00251E+02  1.79613E-06   2.94548E+01  1.75295E-06   2.95240E+02  1.87577E-06   3.32078E+01  1.56328E-06   2.89142E+02  1.97138E-06   3.13006E+01  1.22317E-06   2.85310E+02  2.01596E-06   3.28169E+01  9.58448E-07   2.79843E+02  2.12406E-06   3.88065E+01  7.08003E-07   2.57617E+02  2.06159E-06   4.37839E+01  5.18788E-07   2.00312E+02  1.31244E-06   5.37786E+01  7.07138E-07   1.37487E+02  6.68048E-07   1.43253E+02  9.58808E-07   1.14852E+02  1.70836E-06   1.97048E+02  1.15392E-06   1.14267E+02  2.36396E-06   2.17936E+02  1.08593E-06   1.05518E+02  2.10432E-06   2.45260E+02  8.21856E-07   7.42192E+01  1.58255E-06   3.15848E+02  6.38780E-07   6.31635E+00  2.36115E-06   8.43645E+00  5.53367E-07   2.80145E+02  1.37951E-06   4.70248E+01  1.54526E-06   1.98378E+02  1.45564E-06   1.57944E+02  1.45268E-06   1.67247E+02  6.20295E-07   1.79305E+02  2.15329E-06   1.84186E+01  1.54150E-06   3.52181E+02  1.58028E-06   3.52627E+02  8.07607E-07   2.00839E+02  3.29938E-06   1.91335E+02  1.04454E-06   1.30402E+02  1.17542E-06   2.67904E+02  3.00714E-06   1.00936E+01  3.47144E-06   3.56808E+02  1.90794E-06   2.03618E+02 
 2.65043E-06   4.10991E+01  2.11157E-06   2.83710E+02  2.20856E-06   1.80485E+02  9.95204E-07   1.67210E+02  1.32166E-06   3.50806E+02  2.97555E-06   7.26068E+01  3.48992E-06   3.50650E+02  9.94894E-07   3.33231E+02  1.92086E-06   1.80090E+02  3.97682E-06   2.35975E+02  1.00782E-06   1.58286E+02  4.39346E-06   1.87075E+02  1.54144E-06   3.36963E+02  2.83106E-06   1.13817E+02  1.19257E-06   2.76973E+02  4.32766E-06   2.79993E+01  1.42041E-06   1.92483E+02  4.88488E-06   3.56103E+02  8.51039E-07   1.26047E+02  2.31885E-06   3.22946E+02  1.44371E-06   3.51103E+01  2.04430E-06   2.03006E+02  1.59177E-06   1.12987E+01  4.08210E-06   1.72017E+02  9.13609E-07   3.30679E+02  4.67629E-06   1.61503E+02  7.46949E-07   2.52782E+02  3.89299E-06   1.56555E+02  1.34653E-06   2.09182E+02  2.28735E-06   1.47005E+02  1.77514E-06   1.99003E+02  9.80782E-07   1.26372E+02  1.51454E-06   1.93663E+02  3.43915E-07   4.90363E+01  1.19693E-06   1.87938E+02  8.19742E-07   3.56355E+02  9.15045E-07   1.93568E+02  1.12564E-06   3.54889E+02  8.86660E-07   1.97084E+02  1.38881E-06   3.51436E+02  9.26985E-07   1.90403E+02  1.27519E-06   3.47251E+02  8.92296E-07   1.93284E+02  8.99113E-07   3.55506E+02  1.08833E-06   2.01139E+02  4.66158E-07   1.65684E+01  1.26570E-06   2.01180E+02  3.22706E-07   1.26858E+02  1.50352E-06   2.01560E+02  1.01814E-06   1.55201E+02  1.64423E-06   2.04591E+02  1.95188E-06   1.62155E+02  1.30561E-06   2.16220E+02  3.03094E-06   1.67271E+02  7.09529E-07   2.62446E+02  3.50933E-06   1.69614E+02  1.16779E-06   3.40701E+02  2.75685E-06   1.74700E+02  2.12976E-06   7.48583E+00  5.29641E-07   1.94304E+02  2.43448E-06   1.48645E+01  2.27630E-06   3.59721E+02  1.29344E-06   1.17013E+01  3.49837E-06   9.60738E+00  1.49922E-06   1.96777E+02  1.64929E-06   3.53136E+01  3.49025E-06   1.91670E+02  2.72261E-06   1.71703E+02  1.15610E-06   1.96704E+02  2.82994E-06   2.06279E+02  3.30079E-06   3.59822E+02  2.33133E-06   3.15513E+02  2.29415E-06   3.51342E+02  1.32869E-06   6.85008E+01  1.49579E-06   1.93120E+02  2.51237E-06   1.18922E+02  5.19062E-07   2.66132E+02  3.34426E-06   3.21817E+02  1.94252E-06   3.39124E+01  3.73725E-06   1.84931E+02  3.64654E-06   1.45928E+02 
 2.24657E-06   3.43713E+02  2.32245E-06   1.18461E+01  1.55925E-06   3.28561E+02  1.37889E-06   2.02335E+02  1.84566E-06   1.95997E+02  1.23359E-06   1.91103E+02  1.04647E-06   7.09173E+01  5.47912E-07   3.20262E+02  2.76097E-06   3.41654E+01  1.04240E-06   1.96804E+02  1.01161E-06   2.69403E+02  4.56851E-07   9.39005E+01  3.78806E-06   2.11112E+02  1.55424E-06   4.95343E+00  1.92051E-06   1.88026E+02  1.04678E-06   3.10882E+02  2.11911E-06   3.11332E+01  1.48420E-06   2.12569E+02  3.42637E-06   1.17446E+01  1.89152E-06   1.68688E+02  2.33039E-06   3.39278E+02  2.09425E-06   1.12727E+02  1.81992E-06   2.76456E+02  2.53737E-06   7.20583E+01  1.82478E-06   2.30645E+02  2.43139E-06   4.66562E+01  1.50355E-06   1.91298E+02  1.58326E-06   2.27514E+01  1.40208E-06   1.43725E+02  7.77932E-07   3.25696E+02  1.85813E-06   1.18088E+02  1.24297E-06   2.77522E+02  2.29244E-06   1.14607E+02  1.72034E-06   2.58763E+02  2.31747E-06   1.08942E+02  2.07258E-06   2.45892E+02  2.32875E-06   1.07792E+02  2.26816E-06   2.43094E+02  2.30215E-06   1.09042E+02  2.31954E-06   2.40938E+02  2.25145E-06   1.10350E+02  2.32247E-06   2.40520E+02  2.34461E-06   1.11225E+02  2.30187E-06   2.39352E+02  2.34572E-06   1.11507E+02  2.04257E-06   2.39335E+02  2.41152E-06   1.15155E+02  1.59421E-06   2.45095E+02  2.54753E-06   1.18731E+02  1.06400E-06   2.59179E+02  2.50583E-06   1.21754E+02  5.12626E-07   3.26014E+02  2.00157E-06   1.33523E+02  1.52391E-06   3.02736E+01  1.42359E-06   1.66090E+02  2.58062E-06   3.70640E+01  1.04173E-06   2.37189E+02  2.54638E-06   4.57480E+01  2.31602E-06   3.05876E+02  1.55983E-06   7.61245E+01  3.72933E-06   3.28577E+02  1.71338E-06   1.61170E+02  2.92214E-06   3.49281E+02  2.93871E-06   1.94290E+02  1.14049E-06   1.17755E+02  2.12336E-06   2.09211E+02  3.80632E-06   1.70785E+02  1.30125E-06   3.52301E+02  1.65058E-06   2.23883E+02  3.09081E-06   1.46768E+01  3.48511E-06   3.50314E+02  1.14952E-06   3.24285E+01  2.30074E-06   8.49483E+01  1.46891E-06   1.91110E+02  2.34260E-06   1.61385E+02  2.19939E-06   2.04646E+02  3.77820E-06   3.13119E+02  1.01947E-06   1.39656E+01  2.75685E-06   1.41610E+02  4.33706E-07   7.72558E+01  1.85150E-06   2.11182E+01 
 9.40070E-07   1.26109E+02  2.06547E-06   2.96185E+02  8.65114E-07   3.40255E+01  2.09349E-06   6.84735E+00  1.01641E-06   3.37039E+02  1.44998E-06   1.28362E+02  2.08556E-06   3.55803E+02  1.56278E-06   2.25549E+02  2.47080E-07   1.85005E+02  6.29722E-07   2.65092E+02  1.80637E-06   1.96143E+02  1.23208E-06   1.54237E+02  4.92165E-07   2.05237E+02  2.66270E-06   1.67882E+02  1.01822E-06   8.46375E+00  7.71806E-07   1.57811E+02  1.13865E-06   3.38915E+02  2.88042E-06   1.16800E+01  1.26043E-06   2.76611E+02  3.72801E-06   1.13970E+01  1.44061E-06   2.42001E+02  1.30595E-06   1.67365E+01  1.04334E-06   2.05069E+02  1.94808E-06   1.83956E+02  8.18938E-07   1.25491E+02  3.97877E-06   1.89659E+02  1.72057E-06   8.35771E+01  4.07058E-06   1.94560E+02  2.14845E-06   7.78667E+01  2.68683E-06   1.98559E+02  1.82582E-06   7.98315E+01  1.18178E-06   2.02755E+02  1.44260E-06   7.38310E+01  2.39963E-07   2.43252E+02  1.05424E-06   6.71879E+01  6.12700E-07   1.91576E+01  4.95335E-07   5.17239E+01  1.20954E-06   3.73812E+01  8.60998E-08   7.30533E-01  1.54200E-06   3.50416E+01  1.37397E-07   1.36100E+02  1.40872E-06   3.75705E+01  1.68050E-07   7.23177E+01  1.19860E-06   5.59165E+01  3.04503E-07   4.93326E+01  8.81621E-07   8.38870E+01  7.81098E-07   5.35865E+01  7.52506E-07   1.50835E+02  1.32056E-06   5.76189E+01  1.44075E-06   1.90019E+02  1.61431E-06   5.59214E+01  2.36125E-06   2.04970E+02  1.79215E-06   4.81525E+01  3.13033E-06   2.15966E+02  1.66868E-06   4.11800E+01  2.80681E-06   2.32253E+02  8.22558E-07   3.48740E+01  1.74398E-06   2.80028E+02  3.53971E-07   2.12712E+02  2.29959E-06   3.58171E+02  1.25206E-06   2.21158E+02  2.77855E-06   4.48445E+01  1.46842E-06   2.43158E+02  2.76769E-06   1.10150E+02  1.00900E-06   2.70199E+02  2.68885E-06   1.66353E+02  3.99649E-07   1.79383E+01  1.61896E-06   2.74462E+02  1.06813E-06   4.88308E+01  2.34313E-06   3.37848E+02  1.24366E-06   4.62723E+00  1.88185E-06   1.47962E+02  1.20375E-06   2.80870E+02  1.77980E-06   1.80788E+02  2.06076E-06   2.08850E+02  3.17503E-06   3.44476E+02  2.46984E-06   1.55857E+01  1.95740E-06   1.32668E+02  1.56187E-06   4.78646E+01  1.05218E-06   2.34425E+02  3.61128E-06   1.67628E+02 
 3.59726E-06   1.03262E+02  1.34048E-06   4.63936E+01  2.76772E-06   2.75457E+02  1.48797E-06   1.71086E+02  1.42405E-06   3.11363E+02  2.29717E-06   1.96492E+02  3.23816E-06   8.23868E+01  2.56221E-06   3.50589E+02  1.65643E-06   3.24479E+01  6.50096E-07   4.38227E+01  2.67289E-06   2.97772E+02  1.42075E-06   1.75884E+02  2.44070E-06   2.27944E+02  6.33608E-07   2.39982E+02  4.18735E-06   1.77945E+02  4.45853E-07   3.39213E+02  2.80575E-06   1.62992E+02  4.30416E-07   1.02340E+02  2.26528E-06   1.04914E+01  9.05486E-07   1.34298E+02  6.16241E-06   3.56355E+02  7.64532E-07   1.39929E+02  6.10984E-06   3.53143E+02  5.99482E-08   1.73497E+00  2.68865E-06   3.50615E+02  7.99707E-07   3.34678E+02  1.34734E-06   1.76232E+02  9.38285E-07   3.38528E+02  4.01366E-06   1.72947E+02  6.20173E-07   3.58760E+02  5.30196E-06   1.73473E+02  7.34181E-07   3.23535E+01  5.70961E-06   1.74050E+02  8.45717E-07   5.58562E+01  5.16276E-06   1.74688E+02  8.93706E-07   7.92358E+01  4.56339E-06   1.74630E+02  8.43681E-07   8.57113E+01  4.18018E-06   1.75440E+02  9.17855E-07   8.63025E+01  4.00623E-06   1.77589E+02  8.42164E-07   8.07986E+01  4.10208E-06   1.77909E+02  6.93567E-07   6.71480E+01  4.27372E-06   1.79586E+02  7.50534E-07   5.39300E+01  4.50577E-06   1.83784E+02  9.47894E-07   3.62097E+01  4.60494E-06   1.86440E+02  1.11507E-06   1.66857E+01  3.92533E-06   1.88044E+02  1.08234E-06   8.72924E+00  2.22150E-06   1.95428E+02  1.02183E-06   2.05127E+01  5.52852E-07   3.16900E+02  8.33820E-07   3.45317E+01  3.19994E-06   9.05402E+00  3.95599E-07   7.89730E+01  4.75067E-06   1.61578E+01  7.68363E-07   1.59972E+02  3.12256E-06   2.21585E+01  1.49640E-06   1.82956E+02  8.90902E-07   1.76947E+02  2.03891E-06   1.89164E+02  3.15814E-06   2.09534E+02  1.27570E-06   1.70395E+02  2.02280E-06   2.54896E+02  1.58861E-06   2.41226E+01  1.27410E-06   3.47080E+02  3.24684E-06   8.35737E-01  1.39915E-06   1.11859E+02  6.12410E-07   2.63514E+02  1.14876E-06   8.86331E+01  3.40523E-06   1.81083E+02  2.37942E-06   3.59752E+02  1.78663E-06   1.78760E+01  1.76213E-06   2.09573E+02  5.96150E-07   1.00311E+02  1.54171E-06   1.82277E+02  3.52711E-06   1.79123E+02  1.34244E-06   5.30594E+00 
 2.48793E-06   2.07337E+02  3.74006E-06   9.22620E+01  2.56831E-06   2.14161E+01  2.16566E-06   3.24053E+02  1.39570E-06   1.98341E+01  2.98630E-06   2.65868E+02  2.42802E-06   1.87462E+02  2.30634E-06   1.52410E+02  1.98726E-06   3.33368E+02  2.90013E-06   8.53718E+01  6.07807E-07   3.25968E+02  2.30175E-06   6.73258E+00  1.89754E-06   1.70478E+02  2.02962E-06   2.96489E+02  3.57387E-07   2.21870E+02  2.69024E-06   1.95982E+02  2.22412E-06   3.18631E+02  4.55943E-06   1.61745E+02  2.01713E-06   2.97255E+02  3.13733E-06   1.41719E+02  1.14768E-06   2.18778E+02  1.56816E-06   3.44768E+01  1.99815E-06   1.65511E+02  4.22757E-06   3.53327E+02  1.93107E-06   1.40096E+02  4.95263E-06   3.41696E+02  1.48816E-06   1.00484E+02  3.95396E-06   3.30804E+02  1.38431E-06   6.06376E+01  2.29164E-06   3.17234E+02  1.39640E-06   2.61083E+01  8.63174E-07   2.59498E+02  1.71402E-06   6.73555E+00  1.64352E-06   1.92222E+02  1.80100E-06   5.11746E-01  2.39707E-06   1.78210E+02  1.78410E-06   3.54026E+02  2.85423E-06   1.70184E+02  1.64754E-06   3.49535E+02  2.82237E-06   1.69031E+02  1.37971E-06   3.55549E+02  2.68975E-06   1.71011E+02  1.52546E-06   3.58057E+02  2.63506E-06   1.69813E+02  1.70587E-06   3.59458E+02  2.15009E-06   1.72521E+02  1.80759E-06   1.12704E+01  1.20446E-06   1.87129E+02  1.90766E-06   2.60118E+01  5.49649E-07   3.00776E+02  1.82015E-06   3.80252E+01  2.18897E-06   3.45640E+02  1.56551E-06   4.85778E+01  3.75348E-06   3.50504E+02  1.12220E-06   6.78426E+01  4.29043E-06   3.52874E+02  5.60844E-07   1.51352E+02  2.83518E-06   3.54206E+02  1.70854E-06   2.07337E+02  5.83644E-07   1.96193E+02  2.54214E-06   2.14942E+02  3.70768E-06   1.80534E+02  1.86547E-06   2.20582E+02  3.36887E-06   1.76639E+02  9.89787E-07   3.49049E+02  5.71432E-07   5.54585E+01  3.60577E-06   5.01149E+00  2.43894E-06   1.86347E+01  2.65197E-06   3.54929E+02  9.94762E-07   7.88462E+01  2.44895E-06   1.93231E+02  8.93755E-07   1.35385E+02  3.26899E-06   1.87868E+02  1.45331E-06   3.07547E+02  3.01245E-06   3.49818E+02  1.74118E-06   2.44144E+02  8.94717E-07   4.91893E+01  2.41433E-06   1.14817E+02  2.10751E-06   1.60933E+02  2.03542E-06   3.41587E+02  2.75763E-06   3.29951E+02 
 2.22219E-06   2.06430E+02  3.59759E-06   1.95200E+02  2.12211E-06   1.20502E+02  1.05985E-06   1.41665E+02  2.84926E-06   8.95749E+00  1.64022E-06   3.97692E+00  2.21096E-06   3.41382E+02  1.84439E-06   1.80110E+02  1.06866E-06   2.34946E+02  1.34840E-06   3.49392E+02  1.02153E-06   1.43617E+02  1.61282E-06   3.32172E+02  8.76093E-07   9.55018E+01  2.02555E-06   1.78341E+02  1.01119E-06   2.80497E+02  2.57740E-06   1.48418E+02  1.94399E-06   2.65303E+02  1.09962E-06   5.18470E+01  9.12265E-07   2.29085E+02  2.37862E-06   3.41900E+02  1.18457E-06   1.08321E+02  2.25314E-06   3.04034E+02  2.13505E-06   7.84640E+01  1.82454E-06   2.52797E+02  2.09713E-06   5.93480E+01  1.71426E-06   2.03412E+02  1.61478E-06   2.92792E+01  1.88423E-06   1.63075E+02  1.48248E-06   3.45010E+02  2.14635E-06   1.32174E+02  1.59484E-06   3.02469E+02  2.18890E-06   1.01073E+02  1.85161E-06   2.66072E+02  2.34095E-06   8.02242E+01  2.14316E-06   2.53351E+02  2.40080E-06   7.15053E+01  2.27726E-06   2.45327E+02  2.44701E-06   6.30284E+01  2.40010E-06   2.40007E+02  2.54352E-06   5.92053E+01  2.42550E-06   2.39982E+02  2.53125E-06   5.70783E+01  2.21821E-06   2.42279E+02  2.37608E-06   5.63148E+01  2.01209E-06   2.54372E+02  2.25579E-06   6.08173E+01  2.07296E-06   2.74423E+02  2.08662E-06   6.57087E+01  2.23729E-06   2.93686E+02  1.53413E-06   7.15963E+01  2.44216E-06   3.18002E+02  6.25880E-07   1.10269E+02  2.58500E-06   3.36439E+02  1.01452E-06   1.94862E+02  1.77730E-06   3.50786E+02  1.81826E-06   2.16401E+02  7.99387E-07   9.43108E+01  2.30131E-06   2.19860E+02  2.57436E-06   1.41369E+02  1.74696E-06   2.05881E+02  2.76168E-06   1.49053E+02  7.14248E-07   1.30385E+02  4.15415E-07   1.25675E+02  1.75983E-06   3.79516E+01  2.48284E-06   3.35625E+02  2.29858E-06   1.15037E+01  2.11440E-06   3.20965E+02  4.08791E-07   2.98492E+02  1.27142E-06   1.77745E+02  2.72806E-06   1.87435E+02  1.43082E-06   1.37218E+02  1.11528E-06   2.04246E+02  1.92298E-06   3.40757E+02  2.72874E-06   3.53909E+02  6.21142E-07   3.32943E+02  1.71317E-06   1.13974E+02  2.97693E-06   1.17958E+02  2.58976E-06   1.65827E+02  2.76516E-06   3.00009E+02  1.78697E-06   2.75552E+02  1.64924E-06   2.07253E+02 
 2.53438E-06   1.81578E+01  1.45093E-06   1.25013E+02  8.22279E-07   2.31409E+02  1.72945E-06   1.70754E+02  1.57468E-06   1.46652E+02  1.72964E-06   2.81326E+02  1.44446E-06   3.53553E+02  1.28295E-06   6.08499E+01  1.77221E-06   1.97717E+02  1.56751E-06   6.75633E+01  2.76939E-07   3.44697E+02  1.59294E-06   1.43183E+01  2.58799E-06   3.38118E+02  7.89033E-07   3.23121E+01  1.68495E-06   2.73609E+02  2.37418E-06   1.71966E+02  2.29067E-06   1.99915E+02  4.03818E-06   1.84757E+02  1.75565E-06   1.49133E+02  3.10444E-06   2.01419E+02  1.56182E-06   6.99153E+01  9.32089E-07   2.60704E+02  1.56904E-06   1.23269E+01  2.45836E-06   3.58793E+02  1.59180E-06   3.19101E+02  3.86426E-06   9.49912E+00  1.74512E-06   2.77992E+02  4.28383E-06   1.17677E+01  1.78528E-06   2.45803E+02  3.97679E-06   1.30331E+01  1.75933E-06   2.26598E+02  3.12120E-06   1.52873E+01  1.32101E-06   2.10927E+02  2.11611E-06   1.31981E+01  9.20056E-07   1.80460E+02  1.34813E-06   6.24867E+00  7.76447E-07   1.50237E+02  8.58492E-07   3.56076E+02  8.10187E-07   1.27999E+02  8.90366E-07   3.40473E+02  9.64363E-07   1.25515E+02  1.19605E-06   3.39536E+02  7.87824E-07   1.27549E+02  1.47113E-06   3.48170E+02  4.90164E-07   1.44016E+02  2.01136E-06   3.55844E+02  4.66281E-07   1.83254E+02  2.68771E-06   5.83189E-01  7.36650E-07   2.07505E+02  3.29522E-06   7.60923E+00  1.26439E-06   2.19217E+02  3.40876E-06   2.05633E+01  1.55368E-06   2.24868E+02  2.75889E-06   4.02750E+01  1.37084E-06   2.15928E+02  1.93626E-06   7.78810E+01  1.06244E-06   1.91417E+02  1.61778E-06   1.28518E+02  7.65199E-07   1.50232E+02  1.22217E-06   1.94116E+02  5.66366E-07   6.87679E+01  2.04598E-06   2.65010E+02  1.45324E-06   3.55395E+02  2.25600E-06   2.78678E+02  2.22021E-06   3.38960E+02  8.37157E-07   1.80904E+02  1.18897E-06   3.22024E+02  3.27351E-06   1.19577E+02  8.86858E-07   2.12511E+02  2.41746E-06   7.23528E+01  9.10857E-07   2.37828E+02  2.85166E-06   3.34550E+02  8.22795E-07   3.39785E+02  1.24543E-06   2.21032E+02  1.19493E-06   1.10664E+02  2.96278E-06   1.49573E+02  1.25802E-06   1.96225E+02  2.91909E-06   3.08495E+02  1.63413E-06   2.74481E+02  1.06885E-06   1.31437E+02  4.20596E-06   1.49533E+01 
 4.71166E-06   2.69989E+02  8.08652E-07   1.76280E+02  2.75553E-06   8.46082E+01  9.07991E-07   2.35917E+02  2.31984E-06   7.81930E+01  1.38226E-06   1.21587E+02  3.64760E-06   2.89790E+02  1.88019E-06   2.30499E+00  1.37453E-06   2.41891E+02  1.30694E-06   2.19700E+02  2.51207E-06   1.39688E+02  1.40410E-06   1.52504E+02  1.34514E-06   3.40719E+01  1.79031E-06   4.23815E+01  4.27134E-06   3.48440E+02  1.55261E-06   3.53186E+02  2.50895E-06   3.37326E+02  1.55843E-06   2.60991E+02  2.37675E-06   1.82600E+02  1.69551E-06   2.23580E+02  5.42156E-06   1.73852E+02  8.83263E-07   1.72533E+02  5.02527E-06   1.71376E+02  1.16246E-06   9.11637E+01  2.59729E-06   1.72331E+02  1.47946E-06   7.00160E+01  2.65126E-07   3.42677E+02  9.28735E-07   6.87167E+01  2.64526E-06   3.50767E+02  2.38813E-07   1.14705E+02  3.92321E-06   3.49982E+02  3.50142E-07   2.40433E+02  4.28765E-06   3.49482E+02  6.76985E-07   2.51803E+02  4.45447E-06   3.51079E+02  9.59870E-07   2.47839E+02  4.50515E-06   3.53319E+02  9.76779E-07   2.50934E+02  4.32294E-06   3.52864E+02  7.57630E-07   2.58945E+02  4.18233E-06   3.52436E+02  7.25680E-07   2.62788E+02  4.15232E-06   3.56502E+02  8.33852E-07   2.59760E+02  4.11000E-06   3.59500E+02  6.80983E-07   2.50147E+02  3.69430E-06   9.06568E-01  4.51551E-07   2.41496E+02  2.75076E-06   4.81964E+00  3.66798E-07   2.14633E+02  1.47442E-06   1.85430E+01  7.03716E-07   1.89884E+02  5.06289E-07   1.09583E+02  1.12857E-06   1.78157E+02  1.85635E-06   1.82293E+02  1.15072E-06   1.76420E+02  2.97441E-06   1.98488E+02  7.35397E-07   1.91694E+02  2.88994E-06   2.18624E+02  3.04209E-07   2.88926E+02  1.98406E-06   2.51506E+02  1.30963E-06   3.58616E+02  4.85924E-07   3.24272E+02  2.13565E-06   1.23390E+01  2.13419E-06   8.69901E+01  1.13698E-06   3.03363E+01  2.63755E-06   8.15412E+01  1.67548E-06   1.86529E+02  2.18734E-06   3.41292E+02  2.49106E-06   1.94327E+02  3.70207E-06   2.88949E+02  6.50599E-07   3.70161E+01  2.59053E-06   1.86945E+02  2.11661E-06   3.25366E+01  2.81405E-06   1.15480E+02  1.25839E-06   1.84267E+02  3.16087E-06   3.41823E+02  1.47740E-06   2.00542E+02  1.11682E-06   1.57785E+02  3.94627E-06   6.15288E+00  1.09471E-06   4.51500E+01 
 3.30667E-06   2.62418E+01  5.80375E-06   2.59251E+02  4.71229E-07   2.07174E+02  2.15509E-06   1.52934E+02  1.71532E-06   2.29450E+02  4.24685E-06   1.02155E+02  1.88305E-06   1.27921E+02  3.00988E-06   3.28527E+02  2.04336E-06   2.19136E+01  2.75393E-06   3.12142E+02  2.28212E-06   2.90955E+02  2.99549E-06   1.51139E+02  1.91714E-06   2.33858E+02  4.01233E-06   1.46079E+02  1.02000E-06   1.08867E+02  5.54993E-07   3.85750E+01  1.79692E-06   5.72590E+01  3.65348E-06   3.33533E+02  7.01974E-07   2.31909E+01  3.38425E-06   3.15305E+02  1.12652E-06   2.62904E+02  1.46183E-06   2.47414E+02  1.84639E-06   2.56052E+02  2.78132E-06   1.73087E+02  1.36404E-06   2.58009E+02  3.51293E-06   1.54727E+02  4.01653E-07   2.40078E+02  2.95371E-06   1.39495E+02  5.66559E-07   1.23990E+02  2.11264E-06   1.18179E+02  9.34181E-07   1.21972E+02  1.56538E-06   8.68583E+01  1.18672E-06   1.27881E+02  1.36277E-06   4.94466E+01  1.34878E-06   1.32901E+02  1.51972E-06   2.67090E+01  1.29405E-06   1.39673E+02  1.59480E-06   1.75849E+01  1.23340E-06   1.40417E+02  1.58476E-06   1.10769E+01  1.34518E-06   1.43350E+02  1.55579E-06   1.10241E+01  1.34214E-06   1.51125E+02  1.18168E-06   2.37430E+01  1.25452E-06   1.54918E+02  6.57805E-07   6.07255E+01  1.27237E-06   1.59371E+02  8.23629E-07   1.29952E+02  1.48558E-06   1.69553E+02  1.41301E-06   1.53417E+02  1.85659E-06   1.80664E+02  1.91824E-06   1.63544E+02  2.03918E-06   1.90668E+02  1.90845E-06   1.73653E+02  1.74232E-06   1.94602E+02  1.17385E-06   1.96321E+02  6.52399E-07   1.92639E+02  5.71883E-07   2.81680E+02  1.09746E-06   2.01616E+01  1.17480E-06   3.54417E+02  2.69421E-06   1.90054E+01  1.34144E-06   3.90509E+01  2.62303E-06   1.36424E+01  1.42306E-06   8.74573E+01  6.38797E-07   2.95890E+02  2.67822E-07   1.23282E+02  2.91046E-06   2.11627E+02  1.98665E-06   2.88199E+02  1.72999E-06   2.07363E+02  1.53843E-06   2.48174E+02  3.00471E-06   1.44590E+01  3.14118E-06   1.33165E+02  2.50797E-06   1.55917E+01  2.36303E-06   8.06641E+01  3.26791E-06   1.83426E+02  2.92356E-06   3.07189E+02  1.46994E-06   2.06383E+02  2.50284E-06   2.04525E+02  5.40185E-06   3.51093E+02  1.70333E-06   6.28181E+01  3.39823E-06   1.46006E+02 
 3.85027E-06   7.62483E+01  2.72610E-06   4.16030E+01  4.30693E-06   2.92586E+02  7.00274E-07   5.54103E+01  1.48500E-06   2.36128E+02  1.85850E-06   2.60840E+02  4.33049E-06   1.40946E+02  1.80992E-06   1.43053E+02  5.67271E-07   2.79491E+02  2.97144E-06   8.08981E+01  4.81031E-06   3.22758E+02  1.31800E-06   7.43998E+00  2.28806E-06   3.38015E+02  2.14145E-06   2.72214E+02  2.17316E-06   1.28188E+02  1.25513E-06   2.47894E+02  3.05447E-06   1.30337E+02  8.13494E-07   7.99534E+01  1.24798E-06   1.27037E+02  1.71933E-06   7.18240E+01  9.79769E-07   2.68791E+02  9.74874E-07   7.84556E+01  2.32422E-06   2.59956E+02  1.86176E-07   2.08327E+02  2.91552E-06   2.43610E+02  8.83382E-07   2.54741E+02  2.47782E-06   2.30011E+02  1.25347E-06   2.60389E+02  1.41025E-06   2.11357E+02  1.27336E-06   2.64318E+02  6.59867E-07   1.52455E+02  1.04445E-06   2.69543E+02  9.71536E-07   9.50787E+01  8.56941E-07   2.71599E+02  1.51163E-06   7.53506E+01  9.05788E-07   2.60179E+02  1.92522E-06   7.02173E+01  9.56608E-07   2.57299E+02  1.90998E-06   7.24904E+01  8.44508E-07   2.57655E+02  1.66005E-06   7.57148E+01  9.11161E-07   2.46996E+02  1.62409E-06   7.97131E+01  1.25054E-06   2.37745E+02  1.45245E-06   8.42898E+01  1.48061E-06   2.26637E+02  1.09354E-06   9.52605E+01  1.55912E-06   2.20654E+02  7.51998E-07   1.20225E+02  1.48979E-06   2.14791E+02  3.86718E-07   1.62016E+02  1.19705E-06   2.06476E+02  4.49404E-07   2.72254E+02  3.85174E-07   1.86050E+02  1.01974E-06   2.83461E+02  1.37446E-06   2.23123E+01  1.15901E-06   2.64198E+02  3.11373E-06   1.26858E+01  1.05312E-06   2.28186E+02  3.28254E-06   3.40327E+00  1.04924E-06   1.78296E+02  1.47841E-06   3.27710E+02  9.54406E-07   1.49026E+02  2.24258E-06   2.12514E+02  3.22658E-07   3.54837E+02  3.08584E-06   1.86026E+02  1.43189E-06   3.32892E+02  1.05419E-06   9.93674E+01  2.53684E-07   3.55567E+02  3.35247E-06   2.26592E+01  1.31178E-06   1.28572E+02  5.65088E-07   8.76546E+01  7.68477E-07   3.09101E+02  4.45417E-06   1.74107E+02  2.78964E-06   2.73319E+02  1.06528E-06   3.32963E+02  1.47274E-06   1.69328E+02  5.24265E-06   3.54048E+02  3.49376E-06   5.55132E+01  4.94948E-06   1.42919E+02  1.08623E-06   2.26774E+02 
 2.16016E-06   2.52956E+02  2.85126E-06   1.35515E+02  1.64237E-06   4.05150E+01  2.01765E-06   2.88903E+02  1.50096E-06   8.57690E+01  2.06695E-06   3.50412E+02  1.88023E-06   2.67096E+02  2.44982E-06   1.27186E+02  1.49512E-06   2.40762E+02  3.28385E-06   1.66176E+02  1.51223E-06   8.65557E+01  1.19304E-06   2.43289E+02  1.76351E-06   6.86094E+01  2.52634E-06   3.20797E+02  4.28000E-07   2.63644E+02  2.16121E-06   3.36557E+02  1.81124E-06   2.57047E+02  1.47285E-06   1.96621E+01  1.21605E-06   2.72863E+02  1.71698E-06   5.30490E+01  6.38740E-07   3.57624E+02  1.70352E-06   7.86822E+01  9.16667E-07   3.39919E+01  1.45811E-06   1.30683E+02  7.73242E-07   6.09830E+01  2.24247E-06   1.82266E+02  7.39386E-07   1.20250E+02  3.10850E-06   2.02978E+02  1.18114E-06   1.50582E+02  3.41672E-06   2.12289E+02  1.47052E-06   1.63927E+02  3.02230E-06   2.19159E+02  1.79819E-06   1.70413E+02  2.36497E-06   2.28635E+02  1.99879E-06   1.73708E+02  1.72368E-06   2.37552E+02  2.07091E-06   1.78565E+02  1.24143E-06   2.39732E+02  2.07240E-06   1.81761E+02  9.77115E-07   2.43800E+02  2.32476E-06   1.80645E+02  8.33992E-07   2.55673E+02  2.57126E-06   1.78446E+02  9.41873E-07   2.49632E+02  2.49547E-06   1.72467E+02  1.28279E-06   2.39082E+02  2.30682E-06   1.63972E+02  1.65357E-06   2.35684E+02  1.96852E-06   1.51840E+02  1.99356E-06   2.35286E+02  1.37454E-06   1.23042E+02  2.27880E-06   2.30955E+02  1.30543E-06   5.39250E+01  2.29668E-06   2.21417E+02  2.33921E-06   1.55010E+01  1.97142E-06   2.05045E+02  2.83051E-06   3.57187E+02  1.35020E-06   1.62900E+02  1.76304E-06   3.31956E+02  1.51479E-06   8.94767E+01  1.43724E-06   2.12395E+02  2.37757E-06   4.51751E+01  3.24609E-06   1.77835E+02  2.59057E-06   1.31707E+01  2.02991E-06   1.53662E+02  1.53933E-06   3.26783E+02  2.01894E-06   9.40723E+00  1.43339E-06   2.19711E+02  3.12399E-06   3.45863E+02  1.76564E-06   1.78451E+02  1.26119E-06   1.80994E+02  1.15005E-07   1.63457E+02  3.07588E-06   1.62777E+02  4.05129E-07   2.57881E+02  3.26421E-06   3.38246E+02  1.11091E-06   1.04212E+02  3.25524E-06   3.48803E+02  2.15671E-06   4.34897E+01  5.07284E-06   1.44963E+02  2.94004E-06   2.28652E+02  4.45526E-06   2.89213E+02 
