/rn,a,b/nx0/ls1
/r,qa,qb
81 -0.4 0.4 0 OUTPUT_AMP_PHASE_3D Wavelength=0.8
81 -0.4 0.4
 0.00000E+00   0.00000E+00  0.00000E+00   0.00000E+00  0.00000E+00   0.00000E+00  0.00000E+00   0.00000E+00  0.00000E+00   0.00000E+00  0.00000E+00   0.00000E+00  0.00000E+00   0.00000E+00  0.00000E+00   0.00000E+00  0.00000E+00   0.00000E+00  0.00000E+00   0.00000E+00  0.00000E+00   0.00000E+00  0.00000E+00   0.00000E+00  0.00000E+00   0.00000E+00  0.00000E+00   0.00000E+00  0.00000E+00   0.00000E+00  0.00000E+00   0.00000E+00  0.00000E+00   0.00000E+00  0.00000E+00   0.00000E+00  0.00000E+00   0.00000E+00  0.00000E+00   0.00000E+00  0.00000E+00   0.00000E+00  0.00000E+00   0.00000E+00  0.00000E+00   0.00000E+00  0.00000E+00   0.00000E+00  0.00000E+00   0.00000E+00  0.00000E+00   0.00000E+00  0.00000E+00   0.00000E+00  0.00000E+00   0.00000E+00  0.00000E+00   0.00000E+00  0.00000E+00   0.00000E+00  0.00000E+00   0.00000E+00  0.00000E+00   0.00000E+00  0.00000E+00   0.00000E+00  0.00000E+00   0.00000E+00  0.00000E+00   0.00000E+00  0.00000E+00   0.00000E+00  0.00000E+00   0.00000E+00  0.00000E+00   0.00000E+00  1.00907E-16   1.13198E+02  4.69104E-03   1.13198E+02  9.36804E-03   1.13296E+02  1.40176E-02   1.13468E+02  1.86257E-02   1.13701E+02  2.31795E-02   1.14007E+02  2.76660E-02   1.14375E+02  3.20728E-02   1.14815E+02  3.63890E-02   1.15316E+02  4.06023E-02   1.15888E+02  4.47044E-02   1.16522E+02  4.86837E-02   1.17225E+02  5.25341E-02   1.17991E+02  5.62457E-02   1.18822E+02  5.98145E-02   1.19719E+02  6.32320E-02   1.20677E+02  6.64968E-02   1.21704E+02  6.96018E-02   1.22787E+02  7.25472E-02   1.23940E+02  7.53288E-02   1.25147E+02  7.79465E-02   1.26421E+02  8.03996E-02   1.27750E+02  8.26874E-02   1.29138E+02  8.48128E-02   1.30586E+02  8.67748E-02   1.32085E+02  8.85804E-02   1.33649E+02  9.02281E-02   1.35262E+02  9.17273E-02   1.36935E+02  9.30782E-02   1.38666E+02  9.42844E-02   1.40444E+02  9.53515E-02   1.42284E+02  9.62777E-02   1.44167E+02  9.70724E-02   1.46101E+02  9.77416E-02   1.48091E+02  9.82955E-02   1.50122E+02  9.87396E-02   1.52208E+02  9.90805E-02   1.54344E+02  9.93113E-02   1.56517E+02  9.94305E-02   1.58742E+02  9.94683E-02   1.61017E+02  9.94212E-02   1.63330E+02  9.92920E-02   1.65685E+02  9.90895E-02   1.68084E+02 
 0.00000E+00   0.00000E+00  0.00000E+00   0.00000E+00  0.00000E+00   0.00000E+00  0.00000E+00   0.00000E+00  0.00000E+00   0.00000E+00  0.00000E+00   0.00000E+00  0.00000E+00   0.00000E+00  0.00000E+00   0.00000E+00  0.00000E+00   0.00000E+00  0.00000E+00   0.00000E+00  0.00000E+00   0.00000E+00  0.00000E+00   0.00000E+00  0.00000E+00   0.00000E+00  0.00000E+00   0.00000E+00  0.00000E+00   0.00000E+00  0.00000E+00   0.00000E+00  0.00000E+00   0.00000E+00  0.00000E+00   0.00000E+00  0.00000E+00   0.00000E+00  0.00000E+00   0.00000E+00  0.00000E+00   0.00000E+00  0.00000E+00   0.00000E+00  0.00000E+00   0.00000E+00  0.00000E+00   0.00000E+00  0.00000E+00   0.00000E+00  0.00000E+00   0.00000E+00  0.00000E+00   0.00000E+00  0.00000E+00   0.00000E+00  0.00000E+00   0.00000E+00  0.00000E+00   0.00000E+00  0.00000E+00   0.00000E+00  0.00000E+00   0.00000E+00  0.00000E+00   0.00000E+00  0.00000E+00   0.00000E+00  0.00000E+00   0.00000E+00  0.00000E+00   0.00000E+00  0.00000E+00   0.00000E+00  0.00000E+00   0.00000E+00  1.02351E-16   1.10510E+02  4.75816E-03   1.10510E+02  9.50235E-03   1.10612E+02  1.42169E-02   1.10783E+02  1.88895E-02   1.11022E+02  2.35045E-02   1.11328E+02  2.80505E-02   1.11702E+02  3.25128E-02   1.12143E+02  3.68814E-02   1.12653E+02  4.11431E-02   1.13227E+02  4.52892E-02   1.13870E+02  4.93082E-02   1.14576E+02  5.31933E-02   1.15352E+02  5.69353E-02   1.16187E+02  6.05278E-02   1.17092E+02  6.39664E-02   1.18057E+02  6.72430E-02   1.19088E+02  7.03594E-02   1.20181E+02  7.33058E-02   1.21336E+02  7.60883E-02   1.22556E+02  7.86985E-02   1.23833E+02  8.11431E-02   1.25177E+02  8.34172E-02   1.26575E+02  8.55251E-02   1.28037E+02  8.74680E-02   1.29553E+02  8.92450E-02   1.31125E+02  9.08659E-02   1.32756E+02  9.23253E-02   1.34436E+02  9.36400E-02   1.36178E+02  9.48055E-02   1.37970E+02  9.58329E-02   1.39816E+02  9.67275E-02   1.41721E+02  9.74832E-02   1.43667E+02  9.81144E-02   1.45668E+02  9.86196E-02   1.47721E+02  9.90101E-02   1.49814E+02  9.93000E-02   1.51966E+02  9.94920E-02   1.54164E+02  9.95806E-02   1.56396E+02  9.95641E-02   1.58680E+02  9.94665E-02   1.61012E+02  9.92903E-02   1.63384E+02  9.90395E-02   1.65799E+02 
 0.00000E+00   0.00000E+00  0.00000E+00   0.00000E+00  0.00000E+00   0.00000E+00  0.00000E+00   0.00000E+00  0.00000E+00   0.00000E+00  0.00000E+00   0.00000E+00  0.00000E+00   0.00000E+00  0.00000E+00   0.00000E+00  0.00000E+00   0.00000E+00  0.00000E+00   0.00000E+00  0.00000E+00   0.00000E+00  0.00000E+00   0.00000E+00  0.00000E+00   0.00000E+00  0.00000E+00   0.00000E+00  0.00000E+00   0.00000E+00  0.00000E+00   0.00000E+00  0.00000E+00   0.00000E+00  0.00000E+00   0.00000E+00  0.00000E+00   0.00000E+00  0.00000E+00   0.00000E+00  0.00000E+00   0.00000E+00  0.00000E+00   0.00000E+00  0.00000E+00   0.00000E+00  0.00000E+00   0.00000E+00  0.00000E+00   0.00000E+00  0.00000E+00   0.00000E+00  0.00000E+00   0.00000E+00  0.00000E+00   0.00000E+00  0.00000E+00   0.00000E+00  0.00000E+00   0.00000E+00  0.00000E+00   0.00000E+00  0.00000E+00   0.00000E+00  0.00000E+00   0.00000E+00  0.00000E+00   0.00000E+00  0.00000E+00   0.00000E+00  0.00000E+00   0.00000E+00  0.00000E+00   0.00000E+00  0.00000E+00   0.00000E+00  1.03763E-16   1.07866E+02  4.82383E-03   1.07866E+02  9.63237E-03   1.07968E+02  1.44112E-02   1.08141E+02  1.91451E-02   1.08381E+02  2.38203E-02   1.08690E+02  2.84224E-02   1.09068E+02  3.29391E-02   1.09512E+02  3.73566E-02   1.10026E+02  4.16650E-02   1.10606E+02  4.58513E-02   1.11254E+02  4.99087E-02   1.11968E+02  5.38238E-02   1.12748E+02  5.75945E-02   1.13595E+02  6.12075E-02   1.14505E+02  6.46634E-02   1.15481E+02  6.79516E-02   1.16520E+02  7.10727E-02   1.17623E+02  7.40217E-02   1.18787E+02  7.67969E-02   1.20014E+02  7.94002E-02   1.21302E+02  8.18269E-02   1.22651E+02  8.40857E-02   1.24061E+02  8.61693E-02   1.25530E+02  8.80900E-02   1.27059E+02  8.98414E-02   1.28645E+02  9.14325E-02   1.30288E+02  9.28648E-02   1.31986E+02  9.41375E-02   1.33736E+02  9.52667E-02   1.35544E+02  9.62443E-02   1.37401E+02  9.70914E-02   1.39315E+02  9.78077E-02   1.41282E+02  9.83932E-02   1.43293E+02  9.88631E-02   1.45360E+02  9.92078E-02   1.47470E+02  9.94419E-02   1.49625E+02  9.95807E-02   1.51840E+02  9.96260E-02   1.54099E+02  9.95785E-02   1.56395E+02  9.94343E-02   1.58737E+02  9.92113E-02   1.61125E+02  9.89129E-02   1.63556E+02 
 0.00000E+00   0.00000E+00  0.00000E+00   0.00000E+00  0.00000E+00   0.00000E+00  0.00000E+00   0.00000E+00  0.00000E+00   0.00000E+00  0.00000E+00   0.00000E+00  0.00000E+00   0.00000E+00  0.00000E+00   0.00000E+00  0.00000E+00   0.00000E+00  0.00000E+00   0.00000E+00  0.00000E+00   0.00000E+00  0.00000E+00   0.00000E+00  0.00000E+00   0.00000E+00  0.00000E+00   0.00000E+00  0.00000E+00   0.00000E+00  0.00000E+00   0.00000E+00  0.00000E+00   0.00000E+00  0.00000E+00   0.00000E+00  0.00000E+00   0.00000E+00  0.00000E+00   0.00000E+00  0.00000E+00   0.00000E+00  0.00000E+00   0.00000E+00  0.00000E+00   0.00000E+00  0.00000E+00   0.00000E+00  0.00000E+00   0.00000E+00  0.00000E+00   0.00000E+00  0.00000E+00   0.00000E+00  0.00000E+00   0.00000E+00  0.00000E+00   0.00000E+00  0.00000E+00   0.00000E+00  0.00000E+00   0.00000E+00  0.00000E+00   0.00000E+00  0.00000E+00   0.00000E+00  0.00000E+00   0.00000E+00  0.00000E+00   0.00000E+00  0.00000E+00   0.00000E+00  0.00000E+00   0.00000E+00  0.00000E+00   0.00000E+00  1.05114E-16   1.05277E+02  4.88663E-03   1.05277E+02  9.75756E-03   1.05380E+02  1.45975E-02   1.05554E+02  1.93905E-02   1.05796E+02  2.41229E-02   1.06107E+02  2.87788E-02   1.06487E+02  3.33464E-02   1.06935E+02  3.78107E-02   1.07452E+02  4.21621E-02   1.08036E+02  4.63868E-02   1.08689E+02  5.04773E-02   1.09407E+02  5.44224E-02   1.10194E+02  5.82152E-02   1.11044E+02  6.18490E-02   1.11964E+02  6.53167E-02   1.12946E+02  6.86154E-02   1.13995E+02  7.17392E-02   1.15106E+02  7.46879E-02   1.16281E+02  7.74567E-02   1.17519E+02  8.00485E-02   1.18816E+02  8.24599E-02   1.20178E+02  8.46949E-02   1.21596E+02  8.67545E-02   1.23076E+02  8.86409E-02   1.24614E+02  9.03617E-02   1.26210E+02  9.19149E-02   1.27865E+02  9.33127E-02   1.29575E+02  9.45517E-02   1.31341E+02  9.56398E-02   1.33160E+02  9.65840E-02   1.35033E+02  9.73794E-02   1.36957E+02  9.80486E-02   1.38935E+02  9.85868E-02   1.40966E+02  9.90036E-02   1.43045E+02  9.93131E-02   1.45175E+02  9.95022E-02   1.47346E+02  9.95886E-02   1.49562E+02  9.95814E-02   1.51834E+02  9.94830E-02   1.54153E+02  9.93014E-02   1.56511E+02  9.90348E-02   1.58911E+02  9.86962E-02   1.61357E+02 
 0.00000E+00   0.00000E+00  0.00000E+00   0.00000E+00  0.00000E+00   0.00000E+00  0.00000E+00   0.00000E+00  0.00000E+00   0.00000E+00  0.00000E+00   0.00000E+00  0.00000E+00   0.00000E+00  0.00000E+00   0.00000E+00  0.00000E+00   0.00000E+00  0.00000E+00   0.00000E+00  0.00000E+00   0.00000E+00  0.00000E+00   0.00000E+00  0.00000E+00   0.00000E+00  0.00000E+00   0.00000E+00  0.00000E+00   0.00000E+00  0.00000E+00   0.00000E+00  0.00000E+00   0.00000E+00  0.00000E+00   0.00000E+00  0.00000E+00   0.00000E+00  0.00000E+00   0.00000E+00  0.00000E+00   0.00000E+00  0.00000E+00   0.00000E+00  0.00000E+00   0.00000E+00  0.00000E+00   0.00000E+00  0.00000E+00   0.00000E+00  0.00000E+00   0.00000E+00  0.00000E+00   0.00000E+00  0.00000E+00   0.00000E+00  0.00000E+00   0.00000E+00  0.00000E+00   0.00000E+00  0.00000E+00   0.00000E+00  0.00000E+00   0.00000E+00  0.00000E+00   0.00000E+00  0.00000E+00   0.00000E+00  0.00000E+00   0.00000E+00  0.00000E+00   0.00000E+00  0.00000E+00   0.00000E+00  0.00000E+00   0.00000E+00  1.06409E-16   1.02733E+02  4.94681E-03   1.02733E+02  9.87739E-03   1.02839E+02  1.47754E-02   1.03012E+02  1.96252E-02   1.03258E+02  2.44113E-02   1.03570E+02  2.91187E-02   1.03955E+02  3.37337E-02   1.04405E+02  3.82422E-02   1.04928E+02  4.26325E-02   1.05515E+02  4.68927E-02   1.06175E+02  5.10127E-02   1.06898E+02  5.49827E-02   1.07691E+02  5.87956E-02   1.08549E+02  6.24430E-02   1.09474E+02  6.59206E-02   1.10465E+02  6.92227E-02   1.11518E+02  7.23462E-02   1.12640E+02  7.52890E-02   1.13820E+02  7.80487E-02   1.15069E+02  8.06266E-02   1.16376E+02  8.30205E-02   1.17747E+02  8.52348E-02   1.19179E+02  8.72682E-02   1.20668E+02  8.91261E-02   1.22220E+02  9.08108E-02   1.23825E+02  9.23270E-02   1.25493E+02  9.36796E-02   1.27215E+02  9.48765E-02   1.28991E+02  9.59194E-02   1.30827E+02  9.68189E-02   1.32710E+02  9.75778E-02   1.34650E+02  9.81962E-02   1.36639E+02  9.86928E-02   1.38678E+02  9.90585E-02   1.40772E+02  9.93104E-02   1.42915E+02  9.94600E-02   1.45108E+02  9.94984E-02   1.47345E+02  9.94469E-02   1.49623E+02  9.93045E-02   1.51951E+02  9.90708E-02   1.54328E+02  9.87606E-02   1.56745E+02  9.83743E-02   1.59204E+02 
 0.00000E+00   0.00000E+00  0.00000E+00   0.00000E+00  0.00000E+00   0.00000E+00  0.00000E+00   0.00000E+00  0.00000E+00   0.00000E+00  0.00000E+00   0.00000E+00  0.00000E+00   0.00000E+00  0.00000E+00   0.00000E+00  0.00000E+00   0.00000E+00  0.00000E+00   0.00000E+00  0.00000E+00   0.00000E+00  0.00000E+00   0.00000E+00  0.00000E+00   0.00000E+00  0.00000E+00   0.00000E+00  0.00000E+00   0.00000E+00  0.00000E+00   0.00000E+00  0.00000E+00   0.00000E+00  0.00000E+00   0.00000E+00  0.00000E+00   0.00000E+00  0.00000E+00   0.00000E+00  0.00000E+00   0.00000E+00  0.00000E+00   0.00000E+00  0.00000E+00   0.00000E+00  0.00000E+00   0.00000E+00  0.00000E+00   0.00000E+00  0.00000E+00   0.00000E+00  0.00000E+00   0.00000E+00  0.00000E+00   0.00000E+00  0.00000E+00   0.00000E+00  0.00000E+00   0.00000E+00  0.00000E+00   0.00000E+00  0.00000E+00   0.00000E+00  0.00000E+00   0.00000E+00  0.00000E+00   0.00000E+00  0.00000E+00   0.00000E+00  0.00000E+00   0.00000E+00  0.00000E+00   0.00000E+00  0.00000E+00   0.00000E+00  1.07631E-16   1.00238E+02  5.00364E-03   1.00238E+02  9.99002E-03   1.00345E+02  1.49434E-02   1.00519E+02  1.98457E-02   1.00767E+02  2.46830E-02   1.01081E+02  2.94378E-02   1.01469E+02  3.40975E-02   1.01924E+02  3.86461E-02   1.02449E+02  4.30735E-02   1.03043E+02  4.73645E-02   1.03705E+02  5.15122E-02   1.04437E+02  5.55037E-02   1.05234E+02  5.93329E-02   1.06102E+02  6.29923E-02   1.07032E+02  6.64748E-02   1.08032E+02  6.97786E-02   1.09094E+02  7.28957E-02   1.10223E+02  7.58304E-02   1.11415E+02  7.85733E-02   1.12669E+02  8.11329E-02   1.13989E+02  8.35031E-02   1.15365E+02  8.56889E-02   1.16809E+02  8.76947E-02   1.18308E+02  8.95174E-02   1.19869E+02  9.11700E-02   1.21491E+02  9.26480E-02   1.23164E+02  9.39618E-02   1.24903E+02  9.51148E-02   1.26690E+02  9.61119E-02   1.28535E+02  9.69605E-02   1.30437E+02  9.76692E-02   1.32386E+02  9.82428E-02   1.34395E+02  9.86869E-02   1.36450E+02  9.90151E-02   1.38551E+02  9.92186E-02   1.40708E+02  9.93125E-02   1.42910E+02  9.93054E-02   1.45162E+02  9.91964E-02   1.47463E+02  9.90115E-02   1.49802E+02  9.87426E-02   1.52190E+02  9.83867E-02   1.54623E+02  9.79618E-02   1.57097E+02 
 0.00000E+00   0.00000E+00  0.00000E+00   0.00000E+00  0.00000E+00   0.00000E+00  0.00000E+00   0.00000E+00  0.00000E+00   0.00000E+00  0.00000E+00   0.00000E+00  0.00000E+00   0.00000E+00  0.00000E+00   0.00000E+00  0.00000E+00   0.00000E+00  0.00000E+00   0.00000E+00  0.00000E+00   0.00000E+00  0.00000E+00   0.00000E+00  0.00000E+00   0.00000E+00  0.00000E+00   0.00000E+00  0.00000E+00   0.00000E+00  0.00000E+00   0.00000E+00  0.00000E+00   0.00000E+00  0.00000E+00   0.00000E+00  0.00000E+00   0.00000E+00  0.00000E+00   0.00000E+00  0.00000E+00   0.00000E+00  0.00000E+00   0.00000E+00  0.00000E+00   0.00000E+00  0.00000E+00   0.00000E+00  0.00000E+00   0.00000E+00  0.00000E+00   0.00000E+00  0.00000E+00   0.00000E+00  0.00000E+00   0.00000E+00  0.00000E+00   0.00000E+00  0.00000E+00   0.00000E+00  0.00000E+00   0.00000E+00  0.00000E+00   0.00000E+00  0.00000E+00   0.00000E+00  0.00000E+00   0.00000E+00  0.00000E+00   0.00000E+00  0.00000E+00   0.00000E+00  0.00000E+00   0.00000E+00  0.00000E+00   0.00000E+00  1.08761E-16   9.78013E+01  5.05617E-03   9.78013E+01  1.00947E-02   9.79037E+01  1.50985E-02   9.80842E+01  2.00500E-02   9.83293E+01  2.49336E-02   9.86500E+01  2.97318E-02   9.90366E+01  3.44315E-02   9.94975E+01  3.90167E-02   1.00024E+02  4.34749E-02   1.00624E+02  4.77949E-02   1.01289E+02  5.19631E-02   1.02027E+02  5.59744E-02   1.02829E+02  5.98139E-02   1.03701E+02  6.34827E-02   1.04640E+02  6.69655E-02   1.05645E+02  7.02678E-02   1.06718E+02  7.33773E-02   1.07853E+02  7.62980E-02   1.09057E+02  7.90273E-02   1.10321E+02  8.15616E-02   1.11650E+02  8.39100E-02   1.13040E+02  8.60637E-02   1.14489E+02  8.80356E-02   1.16003E+02  8.98226E-02   1.17571E+02  9.14303E-02   1.19204E+02  9.28693E-02   1.20892E+02  9.41359E-02   1.22636E+02  9.52465E-02   1.24443E+02  9.61996E-02   1.26296E+02  9.70028E-02   1.28210E+02  9.76632E-02   1.30174E+02  9.81849E-02   1.32188E+02  9.85774E-02   1.34262E+02  9.88480E-02   1.36380E+02  9.90115E-02   1.38549E+02  9.90628E-02   1.40771E+02  9.90091E-02   1.43030E+02  9.88563E-02   1.45341E+02  9.86085E-02   1.47702E+02  9.82918E-02   1.50103E+02  9.78990E-02   1.52549E+02  9.74292E-02   1.55037E+02 
 0.00000E+00   0.00000E+00  0.00000E+00   0.00000E+00  0.00000E+00   0.00000E+00  0.00000E+00   0.00000E+00  0.00000E+00   0.00000E+00  0.00000E+00   0.00000E+00  0.00000E+00   0.00000E+00  0.00000E+00   0.00000E+00  0.00000E+00   0.00000E+00  0.00000E+00   0.00000E+00  0.00000E+00   0.00000E+00  0.00000E+00   0.00000E+00  0.00000E+00   0.00000E+00  0.00000E+00   0.00000E+00  0.00000E+00   0.00000E+00  0.00000E+00   0.00000E+00  0.00000E+00   0.00000E+00  0.00000E+00   0.00000E+00  0.00000E+00   0.00000E+00  0.00000E+00   0.00000E+00  0.00000E+00   0.00000E+00  0.00000E+00   0.00000E+00  0.00000E+00   0.00000E+00  0.00000E+00   0.00000E+00  0.00000E+00   0.00000E+00  0.00000E+00   0.00000E+00  0.00000E+00   0.00000E+00  0.00000E+00   0.00000E+00  0.00000E+00   0.00000E+00  0.00000E+00   0.00000E+00  0.00000E+00   0.00000E+00  0.00000E+00   0.00000E+00  0.00000E+00   0.00000E+00  0.00000E+00   0.00000E+00  0.00000E+00   0.00000E+00  0.00000E+00   0.00000E+00  0.00000E+00   0.00000E+00  0.00000E+00   0.00000E+00  1.09800E-16   9.54101E+01  5.10446E-03   9.54101E+01  1.01909E-02   9.55178E+01  1.52407E-02   9.56963E+01  2.02376E-02   9.59460E+01  2.51620E-02   9.62673E+01  3.00011E-02   9.66591E+01  3.47345E-02   9.71213E+01  3.93535E-02   9.76547E+01  4.38374E-02   9.82565E+01  4.81819E-02   9.89299E+01  5.23671E-02   9.96696E+01  5.63918E-02   1.00481E+02  6.02397E-02   1.01357E+02  6.39094E-02   1.02304E+02  6.73922E-02   1.03315E+02  7.06830E-02   1.04394E+02  7.37832E-02   1.05538E+02  7.66831E-02   1.06747E+02  7.93919E-02   1.08022E+02  8.19005E-02   1.09358E+02  8.42177E-02   1.10759E+02  8.63428E-02   1.12221E+02  8.82768E-02   1.13744E+02  9.00295E-02   1.15327E+02  9.15965E-02   1.16967E+02  9.29900E-02   1.18668E+02  9.42126E-02   1.20424E+02  9.52681E-02   1.22238E+02  9.61730E-02   1.24111E+02  9.69244E-02   1.26034E+02  9.75380E-02   1.28015E+02  9.80151E-02   1.30044E+02  9.83593E-02   1.32122E+02  9.85804E-02   1.34257E+02  9.86813E-02   1.36436E+02  9.86840E-02   1.38669E+02  9.85868E-02   1.40955E+02  9.83925E-02   1.43276E+02  9.81094E-02   1.45644E+02  9.77387E-02   1.48063E+02  9.72999E-02   1.50524E+02  9.67930E-02   1.53026E+02 
 0.00000E+00   0.00000E+00  0.00000E+00   0.00000E+00  0.00000E+00   0.00000E+00  0.00000E+00   0.00000E+00  0.00000E+00   0.00000E+00  0.00000E+00   0.00000E+00  0.00000E+00   0.00000E+00  0.00000E+00   0.00000E+00  0.00000E+00   0.00000E+00  0.00000E+00   0.00000E+00  0.00000E+00   0.00000E+00  0.00000E+00   0.00000E+00  0.00000E+00   0.00000E+00  0.00000E+00   0.00000E+00  0.00000E+00   0.00000E+00  0.00000E+00   0.00000E+00  0.00000E+00   0.00000E+00  0.00000E+00   0.00000E+00  0.00000E+00   0.00000E+00  0.00000E+00   0.00000E+00  0.00000E+00   0.00000E+00  0.00000E+00   0.00000E+00  0.00000E+00   0.00000E+00  0.00000E+00   0.00000E+00  0.00000E+00   0.00000E+00  0.00000E+00   0.00000E+00  0.00000E+00   0.00000E+00  0.00000E+00   0.00000E+00  0.00000E+00   0.00000E+00  0.00000E+00   0.00000E+00  0.00000E+00   0.00000E+00  0.00000E+00   0.00000E+00  0.00000E+00   0.00000E+00  0.00000E+00   0.00000E+00  0.00000E+00   0.00000E+00  0.00000E+00   0.00000E+00  0.00000E+00   0.00000E+00  0.00000E+00   0.00000E+00  1.10724E-16   9.30749E+01  5.14741E-03   9.30749E+01  1.02763E-02   9.31821E+01  1.53673E-02   9.33617E+01  2.04031E-02   9.36142E+01  2.53649E-02   9.39362E+01  3.02371E-02   9.43321E+01  3.50021E-02   9.47968E+01  3.96461E-02   9.53340E+01  4.41545E-02   9.59410E+01  4.85144E-02   9.66178E+01  5.27160E-02   9.73655E+01  5.67460E-02   9.81804E+01  6.06005E-02   9.90662E+01  6.42665E-02   1.00018E+02  6.77447E-02   1.01039E+02  7.10238E-02   1.02125E+02  7.41073E-02   1.03278E+02  7.69881E-02   1.04496E+02  7.96685E-02   1.05778E+02  8.21497E-02   1.07124E+02  8.44296E-02   1.08534E+02  8.65177E-02   1.10005E+02  8.84107E-02   1.11538E+02  9.01186E-02   1.13131E+02  9.16453E-02   1.14785E+02  9.29925E-02   1.16496E+02  9.41722E-02   1.18265E+02  9.51828E-02   1.20090E+02  9.60343E-02   1.21970E+02  9.67360E-02   1.23907E+02  9.72895E-02   1.25897E+02  9.77150E-02   1.27944E+02  9.80112E-02   1.30041E+02  9.81873E-02   1.32186E+02  9.82487E-02   1.34382E+02  9.81927E-02   1.36621E+02  9.80455E-02   1.38914E+02  9.78028E-02   1.41261E+02  9.74704E-02   1.43644E+02  9.70654E-02   1.46070E+02  9.65807E-02   1.48547E+02  9.60323E-02   1.51063E+02 
 0.00000E+00   0.00000E+00  0.00000E+00   0.00000E+00  0.00000E+00   0.00000E+00  0.00000E+00   0.00000E+00  0.00000E+00   0.00000E+00  0.00000E+00   0.00000E+00  0.00000E+00   0.00000E+00  0.00000E+00   0.00000E+00  0.00000E+00   0.00000E+00  0.00000E+00   0.00000E+00  0.00000E+00   0.00000E+00  0.00000E+00   0.00000E+00  0.00000E+00   0.00000E+00  0.00000E+00   0.00000E+00  0.00000E+00   0.00000E+00  0.00000E+00   0.00000E+00  0.00000E+00   0.00000E+00  0.00000E+00   0.00000E+00  0.00000E+00   0.00000E+00  0.00000E+00   0.00000E+00  0.00000E+00   0.00000E+00  0.00000E+00   0.00000E+00  0.00000E+00   0.00000E+00  0.00000E+00   0.00000E+00  0.00000E+00   0.00000E+00  0.00000E+00   0.00000E+00  0.00000E+00   0.00000E+00  0.00000E+00   0.00000E+00  0.00000E+00   0.00000E+00  0.00000E+00   0.00000E+00  0.00000E+00   0.00000E+00  0.00000E+00   0.00000E+00  0.00000E+00   0.00000E+00  0.00000E+00   0.00000E+00  0.00000E+00   0.00000E+00  0.00000E+00   0.00000E+00  0.00000E+00   0.00000E+00  0.00000E+00   0.00000E+00  1.11531E-16   9.07985E+01  5.18494E-03   9.07985E+01  1.03504E-02   9.09050E+01  1.54770E-02   9.10884E+01  2.05463E-02   9.13393E+01  2.55395E-02   9.16672E+01  3.04396E-02   9.20622E+01  3.52296E-02   9.25332E+01  3.98943E-02   9.30716E+01  4.44193E-02   9.36840E+01  4.87917E-02   9.43648E+01  5.29998E-02   9.51163E+01  5.70338E-02   9.59380E+01  6.08842E-02   9.68270E+01  6.45451E-02   9.77871E+01  6.80093E-02   9.88121E+01  7.12741E-02   9.99077E+01  7.43351E-02   1.01067E+02  7.71925E-02   1.02295E+02  7.98441E-02   1.03586E+02  8.22929E-02   1.04942E+02  8.45391E-02   1.06362E+02  8.65860E-02   1.07843E+02  8.84384E-02   1.09386E+02  9.00990E-02   1.10990E+02  9.15756E-02   1.12652E+02  9.28732E-02   1.14377E+02  9.39994E-02   1.16156E+02  9.49618E-02   1.17996E+02  9.57655E-02   1.19890E+02  9.64183E-02   1.21837E+02  9.69258E-02   1.23840E+02  9.72931E-02   1.25892E+02  9.75355E-02   1.28001E+02  9.76555E-02   1.30164E+02  9.76673E-02   1.32372E+02  9.75751E-02   1.34633E+02  9.73779E-02   1.36934E+02  9.70967E-02   1.39286E+02  9.67215E-02   1.41691E+02  9.62640E-02   1.44133E+02  9.57441E-02   1.46619E+02  9.51509E-02   1.49152E+02 
 0.00000E+00   0.00000E+00  0.00000E+00   0.00000E+00  0.00000E+00   0.00000E+00  0.00000E+00   0.00000E+00  0.00000E+00   0.00000E+00  0.00000E+00   0.00000E+00  0.00000E+00   0.00000E+00  0.00000E+00   0.00000E+00  0.00000E+00   0.00000E+00  0.00000E+00   0.00000E+00  0.00000E+00   0.00000E+00  0.00000E+00   0.00000E+00  0.00000E+00   0.00000E+00  0.00000E+00   0.00000E+00  0.00000E+00   0.00000E+00  0.00000E+00   0.00000E+00  0.00000E+00   0.00000E+00  0.00000E+00   0.00000E+00  0.00000E+00   0.00000E+00  0.00000E+00   0.00000E+00  0.00000E+00   0.00000E+00  0.00000E+00   0.00000E+00  0.00000E+00   0.00000E+00  0.00000E+00   0.00000E+00  0.00000E+00   0.00000E+00  0.00000E+00   0.00000E+00  0.00000E+00   0.00000E+00  0.00000E+00   0.00000E+00  0.00000E+00   0.00000E+00  0.00000E+00   0.00000E+00  0.00000E+00   0.00000E+00  0.00000E+00   0.00000E+00  0.00000E+00   0.00000E+00  0.00000E+00   0.00000E+00  0.00000E+00   0.00000E+00  0.00000E+00   0.00000E+00  0.00000E+00   0.00000E+00  0.00000E+00   0.00000E+00  1.12196E-16   8.85716E+01  5.21583E-03   8.85716E+01  1.04118E-02   8.86834E+01  1.55675E-02   8.88635E+01  2.06641E-02   8.91217E+01  2.56821E-02   8.94464E+01  3.06043E-02   8.98502E+01  3.54127E-02   9.03192E+01  4.00926E-02   9.08671E+01  4.46283E-02   9.14796E+01  4.90069E-02   9.21694E+01  5.32177E-02   9.29242E+01  5.72476E-02   9.37535E+01  6.10923E-02   9.46486E+01  6.47390E-02   9.56148E+01  6.81881E-02   9.66481E+01  7.14294E-02   9.77480E+01  7.44658E-02   9.89174E+01  7.72913E-02   1.00149E+02  7.99093E-02   1.01451E+02  8.23199E-02   1.02814E+02  8.45246E-02   1.04243E+02  8.65302E-02   1.05735E+02  8.83368E-02   1.07288E+02  8.99528E-02   1.08905E+02  9.13827E-02   1.10577E+02  9.26297E-02   1.12310E+02  9.37052E-02   1.14101E+02  9.46119E-02   1.15948E+02  9.53598E-02   1.17856E+02  9.59595E-02   1.19817E+02  9.64151E-02   1.21833E+02  9.67375E-02   1.23905E+02  9.69307E-02   1.26021E+02  9.70034E-02   1.28193E+02  9.69609E-02   1.30416E+02  9.68137E-02   1.32685E+02  9.65729E-02   1.35007E+02  9.62410E-02   1.37374E+02  9.58324E-02   1.39783E+02  9.53405E-02   1.42243E+02  9.47740E-02   1.44745E+02  9.41509E-02   1.47289E+02 
 0.00000E+00   0.00000E+00  0.00000E+00   0.00000E+00  0.00000E+00   0.00000E+00  0.00000E+00   0.00000E+00  0.00000E+00   0.00000E+00  0.00000E+00   0.00000E+00  0.00000E+00   0.00000E+00  0.00000E+00   0.00000E+00  0.00000E+00   0.00000E+00  0.00000E+00   0.00000E+00  0.00000E+00   0.00000E+00  0.00000E+00   0.00000E+00  0.00000E+00   0.00000E+00  0.00000E+00   0.00000E+00  0.00000E+00   0.00000E+00  0.00000E+00   0.00000E+00  0.00000E+00   0.00000E+00  0.00000E+00   0.00000E+00  0.00000E+00   0.00000E+00  0.00000E+00   0.00000E+00  0.00000E+00   0.00000E+00  0.00000E+00   0.00000E+00  0.00000E+00   0.00000E+00  0.00000E+00   0.00000E+00  0.00000E+00   0.00000E+00  0.00000E+00   0.00000E+00  0.00000E+00   0.00000E+00  0.00000E+00   0.00000E+00  0.00000E+00   0.00000E+00  0.00000E+00   0.00000E+00  0.00000E+00   0.00000E+00  0.00000E+00   0.00000E+00  0.00000E+00   0.00000E+00  0.00000E+00   0.00000E+00  0.00000E+00   0.00000E+00  0.00000E+00   0.00000E+00  0.00000E+00   0.00000E+00  0.00000E+00   0.00000E+00  1.12710E-16   8.64084E+01  5.23975E-03   8.64084E+01  1.04584E-02   8.65178E+01  1.56366E-02   8.67022E+01  2.07526E-02   8.69580E+01  2.57892E-02   8.72890E+01  3.07251E-02   8.76904E+01  3.55467E-02   8.81673E+01  4.02325E-02   8.87131E+01  4.47740E-02   8.93348E+01  4.91508E-02   9.00236E+01  5.33576E-02   9.07884E+01  5.73784E-02   9.16184E+01  6.12087E-02   9.25242E+01  6.48389E-02   9.34939E+01  6.82641E-02   9.45372E+01  7.14820E-02   9.56448E+01  7.44855E-02   9.68214E+01  7.72811E-02   9.80642E+01  7.98588E-02   9.93709E+01  8.22309E-02   1.00745E+02  8.43908E-02   1.02180E+02  8.63473E-02   1.03682E+02  8.81062E-02   1.05244E+02  8.96670E-02   1.06870E+02  9.10456E-02   1.08557E+02  9.22411E-02   1.10302E+02  9.32633E-02   1.12106E+02  9.41227E-02   1.13965E+02  9.48180E-02   1.15879E+02  9.53635E-02   1.17851E+02  9.57653E-02   1.19876E+02  9.60296E-02   1.21958E+02  9.61721E-02   1.24095E+02  9.61962E-02   1.26278E+02  9.61137E-02   1.28515E+02  9.59242E-02   1.30799E+02  9.56353E-02   1.33125E+02  9.52624E-02   1.35508E+02  9.48033E-02   1.37938E+02  9.42746E-02   1.40404E+02  9.36765E-02   1.42920E+02  9.30081E-02   1.45480E+02 
 0.00000E+00   0.00000E+00  0.00000E+00   0.00000E+00  0.00000E+00   0.00000E+00  0.00000E+00   0.00000E+00  0.00000E+00   0.00000E+00  0.00000E+00   0.00000E+00  0.00000E+00   0.00000E+00  0.00000E+00   0.00000E+00  0.00000E+00   0.00000E+00  0.00000E+00   0.00000E+00  0.00000E+00   0.00000E+00  0.00000E+00   0.00000E+00  0.00000E+00   0.00000E+00  0.00000E+00   0.00000E+00  0.00000E+00   0.00000E+00  0.00000E+00   0.00000E+00  0.00000E+00   0.00000E+00  0.00000E+00   0.00000E+00  0.00000E+00   0.00000E+00  0.00000E+00   0.00000E+00  0.00000E+00   0.00000E+00  0.00000E+00   0.00000E+00  0.00000E+00   0.00000E+00  0.00000E+00   0.00000E+00  0.00000E+00   0.00000E+00  0.00000E+00   0.00000E+00  0.00000E+00   0.00000E+00  0.00000E+00   0.00000E+00  0.00000E+00   0.00000E+00  0.00000E+00   0.00000E+00  0.00000E+00   0.00000E+00  0.00000E+00   0.00000E+00  0.00000E+00   0.00000E+00  0.00000E+00   0.00000E+00  0.00000E+00   0.00000E+00  0.00000E+00   0.00000E+00  0.00000E+00   0.00000E+00  0.00000E+00   0.00000E+00  1.13052E-16   8.43063E+01  5.25563E-03   8.43063E+01  1.04898E-02   8.44149E+01  1.56819E-02   8.46013E+01  2.08107E-02   8.48590E+01  2.58569E-02   8.51916E+01  3.08013E-02   8.55969E+01  3.56255E-02   8.60753E+01  4.03140E-02   8.66267E+01  4.48500E-02   8.72498E+01  4.92219E-02   8.79460E+01  5.34148E-02   8.87113E+01  5.74218E-02   8.95510E+01  6.12298E-02   9.04565E+01  6.48371E-02   9.14372E+01  6.82320E-02   9.24817E+01  7.14176E-02   9.35995E+01  7.43857E-02   9.47817E+01  7.71390E-02   9.60331E+01  7.96790E-02   9.73501E+01  8.20020E-02   9.87316E+01  8.41204E-02   1.00179E+02  8.60268E-02   1.01688E+02  8.77362E-02   1.03261E+02  8.92477E-02   1.04893E+02  9.05684E-02   1.06588E+02  9.17105E-02   1.08343E+02  9.26742E-02   1.10158E+02  9.34751E-02   1.12031E+02  9.41198E-02   1.13961E+02  9.46129E-02   1.15945E+02  9.49672E-02   1.17984E+02  9.51847E-02   1.20074E+02  9.52736E-02   1.22217E+02  9.52453E-02   1.24415E+02  9.51078E-02   1.26662E+02  9.48754E-02   1.28963E+02  9.45460E-02   1.31308E+02  9.41311E-02   1.33693E+02  9.36419E-02   1.36135E+02  9.30708E-02   1.38623E+02  9.24393E-02   1.41148E+02  9.17465E-02   1.43720E+02 
 0.00000E+00   0.00000E+00  0.00000E+00   0.00000E+00  0.00000E+00   0.00000E+00  0.00000E+00   0.00000E+00  0.00000E+00   0.00000E+00  0.00000E+00   0.00000E+00  0.00000E+00   0.00000E+00  0.00000E+00   0.00000E+00  0.00000E+00   0.00000E+00  0.00000E+00   0.00000E+00  0.00000E+00   0.00000E+00  0.00000E+00   0.00000E+00  0.00000E+00   0.00000E+00  0.00000E+00   0.00000E+00  0.00000E+00   0.00000E+00  0.00000E+00   0.00000E+00  0.00000E+00   0.00000E+00  0.00000E+00   0.00000E+00  0.00000E+00   0.00000E+00  0.00000E+00   0.00000E+00  0.00000E+00   0.00000E+00  0.00000E+00   0.00000E+00  0.00000E+00   0.00000E+00  0.00000E+00   0.00000E+00  0.00000E+00   0.00000E+00  0.00000E+00   0.00000E+00  0.00000E+00   0.00000E+00  0.00000E+00   0.00000E+00  0.00000E+00   0.00000E+00  0.00000E+00   0.00000E+00  0.00000E+00   0.00000E+00  0.00000E+00   0.00000E+00  0.00000E+00   0.00000E+00  0.00000E+00   0.00000E+00  0.00000E+00   0.00000E+00  0.00000E+00   0.00000E+00  0.00000E+00   0.00000E+00  0.00000E+00   0.00000E+00  1.13205E-16   8.22565E+01  5.26276E-03   8.22565E+01  1.05035E-02   8.23708E+01  1.57010E-02   8.25544E+01  2.08335E-02   8.28169E+01  2.58815E-02   8.31491E+01  3.08243E-02   8.35593E+01  3.56453E-02   8.40390E+01  4.03255E-02   8.45957E+01  4.48517E-02   8.52220E+01  4.92076E-02   8.59230E+01  5.33834E-02   8.66951E+01  5.73663E-02   8.75377E+01  6.11497E-02   8.84538E+01  6.47246E-02   8.94355E+01  6.80880E-02   9.04922E+01  7.12336E-02   9.16117E+01  7.41623E-02   9.28048E+01  7.68709E-02   9.40604E+01  7.93621E-02   9.53858E+01  8.16378E-02   9.67758E+01  8.36999E-02   9.82303E+01  8.55563E-02   9.97514E+01  8.72082E-02   1.01333E+02  8.86669E-02   1.02979E+02  8.99346E-02   1.04684E+02  9.10214E-02   1.06449E+02  9.19340E-02   1.08273E+02  9.26782E-02   1.10154E+02  9.32654E-02   1.12092E+02  9.37027E-02   1.14088E+02  9.40005E-02   1.16139E+02  9.41689E-02   1.18245E+02  9.42143E-02   1.20403E+02  9.41430E-02   1.22609E+02  9.39636E-02   1.24869E+02  9.36825E-02   1.27177E+02  9.33118E-02   1.29538E+02  9.28541E-02   1.31944E+02  9.23215E-02   1.34391E+02  9.17243E-02   1.36888E+02  9.10554E-02   1.39432E+02  9.03320E-02   1.42015E+02 
 0.00000E+00   0.00000E+00  0.00000E+00   0.00000E+00  0.00000E+00   0.00000E+00  0.00000E+00   0.00000E+00  0.00000E+00   0.00000E+00  0.00000E+00   0.00000E+00  0.00000E+00   0.00000E+00  0.00000E+00   0.00000E+00  0.00000E+00   0.00000E+00  0.00000E+00   0.00000E+00  0.00000E+00   0.00000E+00  0.00000E+00   0.00000E+00  0.00000E+00   0.00000E+00  0.00000E+00   0.00000E+00  0.00000E+00   0.00000E+00  0.00000E+00   0.00000E+00  0.00000E+00   0.00000E+00  0.00000E+00   0.00000E+00  0.00000E+00   0.00000E+00  0.00000E+00   0.00000E+00  0.00000E+00   0.00000E+00  0.00000E+00   0.00000E+00  0.00000E+00   0.00000E+00  0.00000E+00   0.00000E+00  0.00000E+00   0.00000E+00  0.00000E+00   0.00000E+00  0.00000E+00   0.00000E+00  0.00000E+00   0.00000E+00  0.00000E+00   0.00000E+00  0.00000E+00   0.00000E+00  0.00000E+00   0.00000E+00  0.00000E+00   0.00000E+00  0.00000E+00   0.00000E+00  0.00000E+00   0.00000E+00  0.00000E+00   0.00000E+00  0.00000E+00   0.00000E+00  0.00000E+00   0.00000E+00  0.00000E+00   0.00000E+00  1.13152E-16   8.02792E+01  5.26031E-03   8.02792E+01  1.04982E-02   8.03882E+01  1.56916E-02   8.05783E+01  2.08186E-02   8.08370E+01  2.58587E-02   8.11759E+01  3.07919E-02   8.15834E+01  3.55993E-02   8.20706E+01  4.02642E-02   8.26255E+01  4.47698E-02   8.32597E+01  4.91039E-02   8.39608E+01  5.32513E-02   8.47394E+01  5.72055E-02   8.55863E+01  6.09526E-02   8.65063E+01  6.44923E-02   8.74973E+01  6.78121E-02   8.85564E+01  7.09164E-02   8.96883E+01  7.37968E-02   9.08840E+01  7.64580E-02   9.21529E+01  7.88992E-02   9.34827E+01  8.11215E-02   9.48831E+01  8.31328E-02   9.63448E+01  8.49314E-02   9.78716E+01  8.65292E-02   9.94631E+01  8.79275E-02   1.01114E+02  8.91367E-02   1.02832E+02  9.01650E-02   1.04608E+02  9.10195E-02   1.06445E+02  9.17110E-02   1.08340E+02  9.22466E-02   1.10290E+02  9.26330E-02   1.12295E+02  9.28804E-02   1.14355E+02  9.29953E-02   1.16468E+02  9.29882E-02   1.18638E+02  9.28685E-02   1.20860E+02  9.26447E-02   1.23130E+02  9.23274E-02   1.25454E+02  9.19175E-02   1.27822E+02  9.14279E-02   1.30237E+02  9.08616E-02   1.32705E+02  9.02245E-02   1.35213E+02  8.95343E-02   1.37764E+02  8.87806E-02   1.40364E+02 
 0.00000E+00   0.00000E+00  0.00000E+00   0.00000E+00  0.00000E+00   0.00000E+00  0.00000E+00   0.00000E+00  0.00000E+00   0.00000E+00  0.00000E+00   0.00000E+00  0.00000E+00   0.00000E+00  0.00000E+00   0.00000E+00  0.00000E+00   0.00000E+00  0.00000E+00   0.00000E+00  0.00000E+00   0.00000E+00  0.00000E+00   0.00000E+00  0.00000E+00   0.00000E+00  0.00000E+00   0.00000E+00  0.00000E+00   0.00000E+00  0.00000E+00   0.00000E+00  0.00000E+00   0.00000E+00  0.00000E+00   0.00000E+00  0.00000E+00   0.00000E+00  0.00000E+00   0.00000E+00  0.00000E+00   0.00000E+00  0.00000E+00   0.00000E+00  0.00000E+00   0.00000E+00  0.00000E+00   0.00000E+00  0.00000E+00   0.00000E+00  0.00000E+00   0.00000E+00  0.00000E+00   0.00000E+00  0.00000E+00   0.00000E+00  0.00000E+00   0.00000E+00  0.00000E+00   0.00000E+00  0.00000E+00   0.00000E+00  0.00000E+00   0.00000E+00  0.00000E+00   0.00000E+00  0.00000E+00   0.00000E+00  0.00000E+00   0.00000E+00  0.00000E+00   0.00000E+00  0.00000E+00   0.00000E+00  0.00000E+00   0.00000E+00  1.12877E-16   7.83566E+01  5.24750E-03   7.83566E+01  1.04720E-02   7.84711E+01  1.56509E-02   7.86578E+01  2.07626E-02   7.89232E+01  2.57844E-02   7.92593E+01  3.06984E-02   7.96748E+01  3.54827E-02   8.01595E+01  4.01229E-02   8.07240E+01  4.46000E-02   8.13558E+01  4.89028E-02   8.20674E+01  5.30161E-02   8.28453E+01  5.69314E-02   8.37009E+01  6.06393E-02   8.46236E+01  6.41322E-02   8.56202E+01  6.74080E-02   8.66859E+01  7.04583E-02   8.78209E+01  7.32895E-02   8.90270E+01  7.58923E-02   9.02979E+01  7.82783E-02   9.16413E+01  8.04420E-02   9.30460E+01  8.23933E-02   9.45214E+01  8.41365E-02   9.60572E+01  8.56731E-02   9.76581E+01  8.70184E-02   9.93209E+01  8.81689E-02   1.01043E+02  8.91405E-02   1.02828E+02  8.99383E-02   1.04671E+02  9.05691E-02   1.06575E+02  9.10485E-02   1.08538E+02  9.13815E-02   1.10556E+02  9.15786E-02   1.12631E+02  9.16504E-02   1.14757E+02  9.16013E-02   1.16934E+02  9.14389E-02   1.19167E+02  9.11716E-02   1.21449E+02  9.08097E-02   1.23780E+02  9.03637E-02   1.26169E+02  8.98347E-02   1.28595E+02  8.92394E-02   1.31066E+02  8.85774E-02   1.33593E+02  8.78515E-02   1.36158E+02  8.70849E-02   1.38764E+02 
 0.00000E+00   0.00000E+00  0.00000E+00   0.00000E+00  0.00000E+00   0.00000E+00  0.00000E+00   0.00000E+00  0.00000E+00   0.00000E+00  0.00000E+00   0.00000E+00  0.00000E+00   0.00000E+00  0.00000E+00   0.00000E+00  0.00000E+00   0.00000E+00  0.00000E+00   0.00000E+00  0.00000E+00   0.00000E+00  0.00000E+00   0.00000E+00  0.00000E+00   0.00000E+00  0.00000E+00   0.00000E+00  0.00000E+00   0.00000E+00  0.00000E+00   0.00000E+00  0.00000E+00   0.00000E+00  0.00000E+00   0.00000E+00  0.00000E+00   0.00000E+00  0.00000E+00   0.00000E+00  0.00000E+00   0.00000E+00  0.00000E+00   0.00000E+00  0.00000E+00   0.00000E+00  0.00000E+00   0.00000E+00  0.00000E+00   0.00000E+00  0.00000E+00   0.00000E+00  0.00000E+00   0.00000E+00  0.00000E+00   0.00000E+00  0.00000E+00   0.00000E+00  0.00000E+00   0.00000E+00  0.00000E+00   0.00000E+00  0.00000E+00   0.00000E+00  0.00000E+00   0.00000E+00  0.00000E+00   0.00000E+00  0.00000E+00   0.00000E+00  0.00000E+00   0.00000E+00  0.00000E+00   0.00000E+00  0.00000E+00   0.00000E+00  1.12352E-16   7.65020E+01  5.22312E-03   7.65020E+01  1.04230E-02   7.66151E+01  1.55765E-02   7.68049E+01  2.06607E-02   7.70690E+01  2.56549E-02   7.74100E+01  3.05372E-02   7.78241E+01  3.52896E-02   7.83158E+01  3.98934E-02   7.88782E+01  4.43333E-02   7.95197E+01  4.85940E-02   8.02290E+01  5.26645E-02   8.10181E+01  5.65328E-02   8.18731E+01  6.01917E-02   8.28068E+01  6.36338E-02   8.38057E+01  6.68547E-02   8.48803E+01  6.98519E-02   8.60215E+01  7.26231E-02   8.72328E+01  7.51712E-02   8.85134E+01  7.74939E-02   8.98581E+01  7.96001E-02   9.12745E+01  8.14875E-02   9.27512E+01  8.31681E-02   9.42986E+01  8.46438E-02   9.59066E+01  8.59230E-02   9.75800E+01  8.70175E-02   9.93161E+01  8.79280E-02   1.01111E+02  8.86723E-02   1.02967E+02  8.92517E-02   1.04879E+02  8.96767E-02   1.06849E+02  8.99588E-02   1.08876E+02  9.01031E-02   1.10959E+02  9.01221E-02   1.13097E+02  9.00271E-02   1.15289E+02  8.98245E-02   1.17532E+02  8.95216E-02   1.19826E+02  8.91270E-02   1.22169E+02  8.86467E-02   1.24562E+02  8.80904E-02   1.27007E+02  8.74608E-02   1.29494E+02  8.67722E-02   1.32024E+02  8.60276E-02   1.34604E+02  8.52274E-02   1.37226E+02 
 0.00000E+00   0.00000E+00  0.00000E+00   0.00000E+00  0.00000E+00   0.00000E+00  0.00000E+00   0.00000E+00  0.00000E+00   0.00000E+00  0.00000E+00   0.00000E+00  0.00000E+00   0.00000E+00  0.00000E+00   0.00000E+00  0.00000E+00   0.00000E+00  0.00000E+00   0.00000E+00  0.00000E+00   0.00000E+00  0.00000E+00   0.00000E+00  0.00000E+00   0.00000E+00  0.00000E+00   0.00000E+00  0.00000E+00   0.00000E+00  0.00000E+00   0.00000E+00  0.00000E+00   0.00000E+00  0.00000E+00   0.00000E+00  0.00000E+00   0.00000E+00  0.00000E+00   0.00000E+00  0.00000E+00   0.00000E+00  0.00000E+00   0.00000E+00  0.00000E+00   0.00000E+00  0.00000E+00   0.00000E+00  0.00000E+00   0.00000E+00  0.00000E+00   0.00000E+00  0.00000E+00   0.00000E+00  0.00000E+00   0.00000E+00  0.00000E+00   0.00000E+00  0.00000E+00   0.00000E+00  0.00000E+00   0.00000E+00  0.00000E+00   0.00000E+00  0.00000E+00   0.00000E+00  0.00000E+00   0.00000E+00  0.00000E+00   0.00000E+00  0.00000E+00   0.00000E+00  0.00000E+00   0.00000E+00  0.00000E+00   0.00000E+00  1.11573E-16   7.47144E+01  5.18688E-03   7.47144E+01  1.03500E-02   7.48272E+01  1.54656E-02   7.50188E+01  2.05119E-02   7.52839E+01  2.54649E-02   7.56268E+01  3.03066E-02   7.60435E+01  3.50142E-02   7.65365E+01  3.95731E-02   7.71042E+01  4.39639E-02   7.77452E+01  4.81754E-02   7.84627E+01  5.21920E-02   7.92500E+01  5.60063E-02   8.01151E+01  5.96072E-02   8.10470E+01  6.29899E-02   8.20572E+01  6.61500E-02   8.31321E+01  6.90831E-02   8.42836E+01  7.17916E-02   8.55003E+01  7.42723E-02   8.67887E+01  7.65325E-02   8.81448E+01  7.85708E-02   8.95655E+01  8.03972E-02   9.10564E+01  8.20131E-02   9.26061E+01  8.34277E-02   9.42254E+01  8.46473E-02   9.59027E+01  8.56783E-02   9.76447E+01  8.65320E-02   9.94492E+01  8.72136E-02   1.01312E+02  8.77377E-02   1.03239E+02  8.81104E-02   1.05221E+02  8.83432E-02   1.07260E+02  8.84449E-02   1.09354E+02  8.84220E-02   1.11501E+02  8.82842E-02   1.13701E+02  8.80403E-02   1.15956E+02  8.76977E-02   1.18262E+02  8.72668E-02   1.20616E+02  8.67564E-02   1.23023E+02  8.61703E-02   1.25472E+02  8.55215E-02   1.27972E+02  8.48082E-02   1.30520E+02  8.40418E-02   1.33106E+02  8.32362E-02   1.35738E+02 
 0.00000E+00   0.00000E+00  0.00000E+00   0.00000E+00  0.00000E+00   0.00000E+00  0.00000E+00   0.00000E+00  0.00000E+00   0.00000E+00  0.00000E+00   0.00000E+00  0.00000E+00   0.00000E+00  0.00000E+00   0.00000E+00  0.00000E+00   0.00000E+00  0.00000E+00   0.00000E+00  0.00000E+00   0.00000E+00  0.00000E+00   0.00000E+00  0.00000E+00   0.00000E+00  0.00000E+00   0.00000E+00  0.00000E+00   0.00000E+00  0.00000E+00   0.00000E+00  0.00000E+00   0.00000E+00  0.00000E+00   0.00000E+00  0.00000E+00   0.00000E+00  0.00000E+00   0.00000E+00  0.00000E+00   0.00000E+00  0.00000E+00   0.00000E+00  0.00000E+00   0.00000E+00  0.00000E+00   0.00000E+00  0.00000E+00   0.00000E+00  0.00000E+00   0.00000E+00  0.00000E+00   0.00000E+00  0.00000E+00   0.00000E+00  0.00000E+00   0.00000E+00  0.00000E+00   0.00000E+00  0.00000E+00   0.00000E+00  0.00000E+00   0.00000E+00  0.00000E+00   0.00000E+00  0.00000E+00   0.00000E+00  0.00000E+00   0.00000E+00  0.00000E+00   0.00000E+00  0.00000E+00   0.00000E+00  0.00000E+00   0.00000E+00  1.10505E-16   7.29896E+01  5.13723E-03   7.29896E+01  1.02503E-02   7.31056E+01  1.53158E-02   7.32955E+01  2.03098E-02   7.35650E+01  2.52111E-02   7.39068E+01  2.99976E-02   7.43287E+01  3.46506E-02   7.48224E+01  3.91509E-02   7.53943E+01  4.34840E-02   7.60396E+01  4.76329E-02   7.67593E+01  5.15891E-02   7.75544E+01  5.53373E-02   7.84199E+01  5.88750E-02   7.93623E+01  6.21902E-02   8.03714E+01  6.52837E-02   8.14578E+01  6.81492E-02   8.26086E+01  7.07884E-02   8.38349E+01  7.32021E-02   8.51258E+01  7.53903E-02   8.64880E+01  7.73625E-02   8.79175E+01  7.91160E-02   8.94122E+01  8.06665E-02   9.09768E+01  8.20132E-02   9.26011E+01  8.31689E-02   9.42941E+01  8.41419E-02   9.60446E+01  8.49360E-02   9.78577E+01  8.55667E-02   9.97305E+01  8.60357E-02   1.01660E+02  8.63562E-02   1.03652E+02  8.65378E-02   1.05699E+02  8.65894E-02   1.07804E+02  8.65223E-02   1.09965E+02  8.63466E-02   1.12176E+02  8.60695E-02   1.14439E+02  8.56971E-02   1.16757E+02  8.52377E-02   1.19120E+02  8.46994E-02   1.21536E+02  8.40892E-02   1.24004E+02  8.34133E-02   1.26510E+02  8.26857E-02   1.29065E+02  8.19000E-02   1.31670E+02  8.10713E-02   1.34312E+02 
 0.00000E+00   0.00000E+00  0.00000E+00   0.00000E+00  0.00000E+00   0.00000E+00  0.00000E+00   0.00000E+00  0.00000E+00   0.00000E+00  0.00000E+00   0.00000E+00  0.00000E+00   0.00000E+00  0.00000E+00   0.00000E+00  0.00000E+00   0.00000E+00  0.00000E+00   0.00000E+00  0.00000E+00   0.00000E+00  0.00000E+00   0.00000E+00  0.00000E+00   0.00000E+00  0.00000E+00   0.00000E+00  0.00000E+00   0.00000E+00  0.00000E+00   0.00000E+00  0.00000E+00   0.00000E+00  0.00000E+00   0.00000E+00  0.00000E+00   0.00000E+00  0.00000E+00   0.00000E+00  0.00000E+00   0.00000E+00  0.00000E+00   0.00000E+00  0.00000E+00   0.00000E+00  0.00000E+00   0.00000E+00  0.00000E+00   0.00000E+00  0.00000E+00   0.00000E+00  0.00000E+00   0.00000E+00  0.00000E+00   0.00000E+00  0.00000E+00   0.00000E+00  0.00000E+00   0.00000E+00  0.00000E+00   0.00000E+00  0.00000E+00   0.00000E+00  0.00000E+00   0.00000E+00  0.00000E+00   0.00000E+00  0.00000E+00   0.00000E+00  0.00000E+00   0.00000E+00  0.00000E+00   0.00000E+00  0.00000E+00   0.00000E+00  1.09141E-16   7.13365E+01  5.07385E-03   7.13365E+01  1.01234E-02   7.14498E+01  1.51245E-02   7.16445E+01  2.00542E-02   7.19106E+01  2.48893E-02   7.22592E+01  2.96094E-02   7.26775E+01  3.41940E-02   7.31785E+01  3.86258E-02   7.37489E+01  4.28875E-02   7.43997E+01  4.69661E-02   7.51217E+01  5.08476E-02   7.59202E+01  5.45241E-02   7.67918E+01  5.79847E-02   7.77360E+01  6.12266E-02   7.87552E+01  6.42426E-02   7.98422E+01  6.70338E-02   8.10062E+01  6.95971E-02   8.22337E+01  7.19367E-02   8.35373E+01  7.40536E-02   8.49033E+01  7.59522E-02   8.63404E+01  7.76405E-02   8.78427E+01  7.91191E-02   8.94085E+01  8.04033E-02   9.10438E+01  8.14918E-02   9.27374E+01  8.24012E-02   9.45003E+01  8.31370E-02   9.63216E+01  8.37066E-02   9.82054E+01  8.41274E-02   1.00150E+02  8.43991E-02   1.02149E+02  8.45375E-02   1.04207E+02  8.45501E-02   1.06319E+02  8.44422E-02   1.08488E+02  8.42264E-02   1.10710E+02  8.39133E-02   1.12985E+02  8.35085E-02   1.15312E+02  8.30219E-02   1.17688E+02  8.24618E-02   1.20111E+02  8.18326E-02   1.22585E+02  8.11426E-02   1.25110E+02  8.03969E-02   1.27675E+02  7.96054E-02   1.30283E+02  7.87694E-02   1.32941E+02 
 0.00000E+00   0.00000E+00  0.00000E+00   0.00000E+00  0.00000E+00   0.00000E+00  0.00000E+00   0.00000E+00  0.00000E+00   0.00000E+00  0.00000E+00   0.00000E+00  0.00000E+00   0.00000E+00  0.00000E+00   0.00000E+00  0.00000E+00   0.00000E+00  0.00000E+00   0.00000E+00  0.00000E+00   0.00000E+00  0.00000E+00   0.00000E+00  0.00000E+00   0.00000E+00  0.00000E+00   0.00000E+00  0.00000E+00   0.00000E+00  0.00000E+00   0.00000E+00  0.00000E+00   0.00000E+00  0.00000E+00   0.00000E+00  0.00000E+00   0.00000E+00  0.00000E+00   0.00000E+00  0.00000E+00   0.00000E+00  0.00000E+00   0.00000E+00  0.00000E+00   0.00000E+00  0.00000E+00   0.00000E+00  0.00000E+00   0.00000E+00  0.00000E+00   0.00000E+00  0.00000E+00   0.00000E+00  0.00000E+00   0.00000E+00  0.00000E+00   0.00000E+00  0.00000E+00   0.00000E+00  0.00000E+00   0.00000E+00  0.00000E+00   0.00000E+00  0.00000E+00   0.00000E+00  0.00000E+00   0.00000E+00  0.00000E+00   0.00000E+00  0.00000E+00   0.00000E+00  0.00000E+00   0.00000E+00  0.00000E+00   0.00000E+00  1.07457E-16   6.97503E+01  4.99552E-03   6.97503E+01  9.96648E-03   6.98674E+01  1.48889E-02   7.00591E+01  1.97390E-02   7.03315E+01  2.44945E-02   7.06760E+01  2.91340E-02   7.11031E+01  3.36379E-02   7.16001E+01  3.79875E-02   7.21793E+01  4.21679E-02   7.28285E+01  4.61627E-02   7.35575E+01  4.99629E-02   7.43570E+01  5.35547E-02   7.52339E+01  5.69347E-02   7.61816E+01  6.00922E-02   7.72035E+01  6.30284E-02   7.82977E+01  6.57367E-02   7.94612E+01  6.82210E-02   8.06998E+01  7.04801E-02   8.20025E+01  7.25187E-02   8.33814E+01  7.43415E-02   8.48224E+01  7.59532E-02   8.63353E+01  7.73637E-02   8.79125E+01  7.85764E-02   8.95530E+01  7.96052E-02   9.12610E+01  8.04526E-02   9.30253E+01  8.11322E-02   9.48567E+01  8.16498E-02   9.67447E+01  8.20141E-02   9.86942E+01  8.22391E-02   1.00705E+02  8.23287E-02   1.02772E+02  8.22994E-02   1.04897E+02  8.21576E-02   1.07075E+02  8.19113E-02   1.09306E+02  8.15711E-02   1.11589E+02  8.11424E-02   1.13927E+02  8.06326E-02   1.16313E+02  8.00514E-02   1.18749E+02  7.94046E-02   1.21234E+02  7.86991E-02   1.23762E+02  7.79461E-02   1.26342E+02  7.71404E-02   1.28966E+02  7.63010E-02   1.31629E+02 
 0.00000E+00   0.00000E+00  0.00000E+00   0.00000E+00  0.00000E+00   0.00000E+00  0.00000E+00   0.00000E+00  0.00000E+00   0.00000E+00  0.00000E+00   0.00000E+00  0.00000E+00   0.00000E+00  0.00000E+00   0.00000E+00  0.00000E+00   0.00000E+00  0.00000E+00   0.00000E+00  0.00000E+00   0.00000E+00  0.00000E+00   0.00000E+00  0.00000E+00   0.00000E+00  0.00000E+00   0.00000E+00  0.00000E+00   0.00000E+00  0.00000E+00   0.00000E+00  0.00000E+00   0.00000E+00  0.00000E+00   0.00000E+00  0.00000E+00   0.00000E+00  0.00000E+00   0.00000E+00  0.00000E+00   0.00000E+00  0.00000E+00   0.00000E+00  0.00000E+00   0.00000E+00  0.00000E+00   0.00000E+00  0.00000E+00   0.00000E+00  0.00000E+00   0.00000E+00  0.00000E+00   0.00000E+00  0.00000E+00   0.00000E+00  0.00000E+00   0.00000E+00  0.00000E+00   0.00000E+00  0.00000E+00   0.00000E+00  0.00000E+00   0.00000E+00  0.00000E+00   0.00000E+00  0.00000E+00   0.00000E+00  0.00000E+00   0.00000E+00  0.00000E+00   0.00000E+00  0.00000E+00   0.00000E+00  0.00000E+00   0.00000E+00  1.05441E-16   6.82349E+01  4.90182E-03   6.82349E+01  9.77886E-03   6.83495E+01  1.46074E-02   6.85455E+01  1.93633E-02   6.88149E+01  2.40247E-02   6.91661E+01  2.85695E-02   6.95889E+01  3.29787E-02   7.00945E+01  3.72335E-02   7.06704E+01  4.13187E-02   7.13280E+01  4.52195E-02   7.20560E+01  4.89243E-02   7.28638E+01  5.24237E-02   7.37416E+01  5.57088E-02   7.46975E+01  5.87769E-02   7.57232E+01  6.16205E-02   7.68231E+01  6.42434E-02   7.79950E+01  6.66399E-02   7.92347E+01  6.88180E-02   8.05492E+01  7.07759E-02   8.19262E+01  7.25215E-02   8.33779E+01  7.40602E-02   8.48912E+01  7.53958E-02   8.64748E+01  7.65423E-02   8.81236E+01  7.75005E-02   8.98352E+01  7.82876E-02   9.16152E+01  7.89077E-02   9.34519E+01  7.93720E-02   9.53543E+01  7.96923E-02   9.73125E+01  7.98724E-02   9.93288E+01  7.99255E-02   1.01405E+02  7.98583E-02   1.03535E+02  7.96805E-02   1.05724E+02  7.94010E-02   1.07967E+02  7.90328E-02   1.10259E+02  7.85812E-02   1.12606E+02  7.80540E-02   1.15002E+02  7.74604E-02   1.17443E+02  7.68039E-02   1.19940E+02  7.60903E-02   1.22484E+02  7.53303E-02   1.25067E+02  7.45291E-02   1.27698E+02  7.36810E-02   1.30377E+02 
 0.00000E+00   0.00000E+00  0.00000E+00   0.00000E+00  0.00000E+00   0.00000E+00  0.00000E+00   0.00000E+00  0.00000E+00   0.00000E+00  0.00000E+00   0.00000E+00  0.00000E+00   0.00000E+00  0.00000E+00   0.00000E+00  0.00000E+00   0.00000E+00  0.00000E+00   0.00000E+00  0.00000E+00   0.00000E+00  0.00000E+00   0.00000E+00  0.00000E+00   0.00000E+00  0.00000E+00   0.00000E+00  0.00000E+00   0.00000E+00  0.00000E+00   0.00000E+00  0.00000E+00   0.00000E+00  0.00000E+00   0.00000E+00  0.00000E+00   0.00000E+00  0.00000E+00   0.00000E+00  0.00000E+00   0.00000E+00  0.00000E+00   0.00000E+00  0.00000E+00   0.00000E+00  0.00000E+00   0.00000E+00  0.00000E+00   0.00000E+00  0.00000E+00   0.00000E+00  0.00000E+00   0.00000E+00  0.00000E+00   0.00000E+00  0.00000E+00   0.00000E+00  0.00000E+00   0.00000E+00  0.00000E+00   0.00000E+00  0.00000E+00   0.00000E+00  0.00000E+00   0.00000E+00  0.00000E+00   0.00000E+00  0.00000E+00   0.00000E+00  0.00000E+00   0.00000E+00  0.00000E+00   0.00000E+00  0.00000E+00   0.00000E+00  1.03067E-16   6.67912E+01  4.79146E-03   6.67912E+01  9.55861E-03   6.69087E+01  1.42767E-02   6.71029E+01  1.89231E-02   6.73765E+01  2.34745E-02   6.77254E+01  2.79104E-02   6.81547E+01  3.22106E-02   6.86571E+01  3.63578E-02   6.92403E+01  4.03356E-02   6.98955E+01  4.41306E-02   7.06310E+01  4.77309E-02   7.14363E+01  5.11266E-02   7.23228E+01  5.43116E-02   7.32764E+01  5.72786E-02   7.43103E+01  6.00271E-02   7.54117E+01  6.25526E-02   7.65885E+01  6.48595E-02   7.78367E+01  6.69455E-02   7.91528E+01  6.88197E-02   8.05442E+01  7.04817E-02   8.19970E+01  7.19428E-02   8.35249E+01  7.32074E-02   8.51125E+01  7.42830E-02   8.67688E+01  7.51824E-02   8.84885E+01  7.59059E-02   9.02685E+01  7.64730E-02   9.21162E+01  7.68839E-02   9.40197E+01  7.71524E-02   9.59892E+01  7.72913E-02   9.80154E+01  7.73022E-02   1.00100E+02  7.72041E-02   1.02242E+02  7.70007E-02   1.04436E+02  7.66985E-02   1.06688E+02  7.63097E-02   1.08990E+02  7.58410E-02   1.11345E+02  7.52977E-02   1.13752E+02  7.46907E-02   1.16206E+02  7.40270E-02   1.18707E+02  7.33091E-02   1.21257E+02  7.25476E-02   1.23859E+02  7.17446E-02   1.26498E+02  7.09112E-02   1.29183E+02 
 0.00000E+00   0.00000E+00  0.00000E+00   0.00000E+00  0.00000E+00   0.00000E+00  0.00000E+00   0.00000E+00  0.00000E+00   0.00000E+00  0.00000E+00   0.00000E+00  0.00000E+00   0.00000E+00  0.00000E+00   0.00000E+00  0.00000E+00   0.00000E+00  0.00000E+00   0.00000E+00  0.00000E+00   0.00000E+00  0.00000E+00   0.00000E+00  0.00000E+00   0.00000E+00  0.00000E+00   0.00000E+00  0.00000E+00   0.00000E+00  0.00000E+00   0.00000E+00  0.00000E+00   0.00000E+00  0.00000E+00   0.00000E+00  0.00000E+00   0.00000E+00  0.00000E+00   0.00000E+00  0.00000E+00   0.00000E+00  0.00000E+00   0.00000E+00  0.00000E+00   0.00000E+00  0.00000E+00   0.00000E+00  0.00000E+00   0.00000E+00  0.00000E+00   0.00000E+00  0.00000E+00   0.00000E+00  0.00000E+00   0.00000E+00  0.00000E+00   0.00000E+00  0.00000E+00   0.00000E+00  0.00000E+00   0.00000E+00  0.00000E+00   0.00000E+00  0.00000E+00   0.00000E+00  0.00000E+00   0.00000E+00  0.00000E+00   0.00000E+00  0.00000E+00   0.00000E+00  0.00000E+00   0.00000E+00  0.00000E+00   0.00000E+00  1.00336E-16   6.54186E+01  4.66450E-03   6.54186E+01  9.30419E-03   6.55352E+01  1.38962E-02   6.57313E+01  1.84159E-02   6.60049E+01  2.28422E-02   6.63570E+01  2.71529E-02   6.67861E+01  3.13301E-02   6.72934E+01  3.53541E-02   6.78767E+01  3.92120E-02   6.85380E+01  4.28874E-02   6.92735E+01  4.63713E-02   7.00878E+01  4.96530E-02   7.09724E+01  5.27259E-02   7.19372E+01  5.55862E-02   7.29693E+01  5.82289E-02   7.40803E+01  6.06562E-02   7.52585E+01  6.28649E-02   7.65109E+01  6.48619E-02   7.78332E+01  6.66464E-02   7.92233E+01  6.82273E-02   8.06867E+01  6.96079E-02   8.22125E+01  7.07972E-02   8.38124E+01  7.18032E-02   8.54730E+01  7.26336E-02   8.72024E+01  7.33010E-02   8.89949E+01  7.38104E-02   9.08467E+01  7.41769E-02   9.27644E+01  7.44037E-02   9.47357E+01  7.45034E-02   9.67699E+01  7.44835E-02   9.88618E+01  7.43503E-02   1.01009E+02  7.41192E-02   1.03216E+02  7.37936E-02   1.05476E+02  7.33867E-02   1.07786E+02  7.29056E-02   1.10149E+02  7.23556E-02   1.12564E+02  7.17453E-02   1.15026E+02  7.10797E-02   1.17540E+02  7.03632E-02   1.20100E+02  6.96066E-02   1.22702E+02  6.88126E-02   1.25354E+02  6.79768E-02   1.28051E+02 
 0.00000E+00   0.00000E+00  0.00000E+00   0.00000E+00  0.00000E+00   0.00000E+00  0.00000E+00   0.00000E+00  0.00000E+00   0.00000E+00  0.00000E+00   0.00000E+00  0.00000E+00   0.00000E+00  0.00000E+00   0.00000E+00  0.00000E+00   0.00000E+00  0.00000E+00   0.00000E+00  0.00000E+00   0.00000E+00  0.00000E+00   0.00000E+00  0.00000E+00   0.00000E+00  0.00000E+00   0.00000E+00  0.00000E+00   0.00000E+00  0.00000E+00   0.00000E+00  0.00000E+00   0.00000E+00  0.00000E+00   0.00000E+00  0.00000E+00   0.00000E+00  0.00000E+00   0.00000E+00  0.00000E+00   0.00000E+00  0.00000E+00   0.00000E+00  0.00000E+00   0.00000E+00  0.00000E+00   0.00000E+00  0.00000E+00   0.00000E+00  0.00000E+00   0.00000E+00  0.00000E+00   0.00000E+00  0.00000E+00   0.00000E+00  0.00000E+00   0.00000E+00  0.00000E+00   0.00000E+00  0.00000E+00   0.00000E+00  0.00000E+00   0.00000E+00  0.00000E+00   0.00000E+00  0.00000E+00   0.00000E+00  0.00000E+00   0.00000E+00  0.00000E+00   0.00000E+00  0.00000E+00   0.00000E+00  0.00000E+00   0.00000E+00  9.72195E-17   6.41201E+01  4.51961E-03   6.41201E+01  9.01540E-03   6.42376E+01  1.34631E-02   6.44345E+01  1.78404E-02   6.47087E+01  2.21246E-02   6.50620E+01  2.62960E-02   6.54925E+01  3.03339E-02   6.60011E+01  3.42235E-02   6.65867E+01  3.79464E-02   6.72488E+01  4.14925E-02   6.79890E+01  4.48480E-02   6.88018E+01  4.80060E-02   6.96950E+01  5.09586E-02   7.06567E+01  5.37017E-02   7.16995E+01  5.62330E-02   7.28092E+01  5.85505E-02   7.39975E+01  6.06583E-02   7.52535E+01  6.25546E-02   7.65827E+01  6.42497E-02   7.79824E+01  6.57421E-02   7.94478E+01  6.70448E-02   8.09864E+01  6.81602E-02   8.25847E+01  6.90978E-02   8.42554E+01  6.98683E-02   8.59859E+01  7.04742E-02   8.77825E+01  7.09336E-02   8.96439E+01  7.12480E-02   9.15630E+01  7.14319E-02   9.35495E+01  7.14957E-02   9.55887E+01  7.14438E-02   9.76895E+01  7.12902E-02   9.98470E+01  7.10404E-02   1.02056E+02  7.07005E-02   1.04327E+02  7.02806E-02   1.06646E+02  6.97903E-02   1.09018E+02  6.92330E-02   1.11443E+02  6.86196E-02   1.13913E+02  6.79580E-02   1.16431E+02  6.72473E-02   1.19001E+02  6.64975E-02   1.21619E+02  6.57174E-02   1.24274E+02  6.49072E-02   1.26979E+02 
 0.00000E+00   0.00000E+00  0.00000E+00   0.00000E+00  0.00000E+00   0.00000E+00  0.00000E+00   0.00000E+00  0.00000E+00   0.00000E+00  0.00000E+00   0.00000E+00  0.00000E+00   0.00000E+00  0.00000E+00   0.00000E+00  0.00000E+00   0.00000E+00  0.00000E+00   0.00000E+00  0.00000E+00   0.00000E+00  0.00000E+00   0.00000E+00  0.00000E+00   0.00000E+00  0.00000E+00   0.00000E+00  0.00000E+00   0.00000E+00  0.00000E+00   0.00000E+00  0.00000E+00   0.00000E+00  0.00000E+00   0.00000E+00  0.00000E+00   0.00000E+00  0.00000E+00   0.00000E+00  0.00000E+00   0.00000E+00  0.00000E+00   0.00000E+00  0.00000E+00   0.00000E+00  0.00000E+00   0.00000E+00  0.00000E+00   0.00000E+00  0.00000E+00   0.00000E+00  0.00000E+00   0.00000E+00  0.00000E+00   0.00000E+00  0.00000E+00   0.00000E+00  0.00000E+00   0.00000E+00  0.00000E+00   0.00000E+00  0.00000E+00   0.00000E+00  0.00000E+00   0.00000E+00  0.00000E+00   0.00000E+00  0.00000E+00   0.00000E+00  0.00000E+00   0.00000E+00  0.00000E+00   0.00000E+00  0.00000E+00   0.00000E+00  9.37203E-17   6.28947E+01  4.35694E-03   6.28947E+01  8.69005E-03   6.30143E+01  1.29765E-02   6.32100E+01  1.71932E-02   6.34877E+01  2.13193E-02   6.38403E+01  2.53333E-02   6.42747E+01  2.92186E-02   6.47836E+01  3.29555E-02   6.53734E+01  3.65326E-02   6.60375E+01  3.99333E-02   6.67801E+01  4.31508E-02   6.75987E+01  4.61732E-02   6.84909E+01  4.89969E-02   6.94618E+01  5.16156E-02   7.05012E+01  5.40286E-02   7.16208E+01  5.62348E-02   7.28057E+01  5.82349E-02   7.40697E+01  6.00334E-02   7.53990E+01  6.16313E-02   7.68026E+01  6.30383E-02   7.82754E+01  6.42553E-02   7.98143E+01  6.52963E-02   8.14271E+01  6.61630E-02   8.30988E+01  6.68694E-02   8.48433E+01  6.74229E-02   8.66461E+01  6.78300E-02   8.85126E+01  6.81070E-02   9.04427E+01  6.82525E-02   9.24276E+01  6.82841E-02   9.44785E+01  6.82063E-02   9.65836E+01  6.80248E-02   9.87481E+01  6.77576E-02   1.00969E+02  6.74048E-02   1.03243E+02  6.69782E-02   1.05571E+02  6.64863E-02   1.07950E+02  6.59331E-02   1.10382E+02  6.53250E-02   1.12863E+02  6.46706E-02   1.15392E+02  6.39725E-02   1.17965E+02  6.32376E-02   1.20587E+02  6.24708E-02   1.23257E+02  6.16714E-02   1.25968E+02 
 0.00000E+00   0.00000E+00  0.00000E+00   0.00000E+00  0.00000E+00   0.00000E+00  0.00000E+00   0.00000E+00  0.00000E+00   0.00000E+00  0.00000E+00   0.00000E+00  0.00000E+00   0.00000E+00  0.00000E+00   0.00000E+00  0.00000E+00   0.00000E+00  0.00000E+00   0.00000E+00  0.00000E+00   0.00000E+00  0.00000E+00   0.00000E+00  0.00000E+00   0.00000E+00  0.00000E+00   0.00000E+00  0.00000E+00   0.00000E+00  0.00000E+00   0.00000E+00  0.00000E+00   0.00000E+00  0.00000E+00   0.00000E+00  0.00000E+00   0.00000E+00  0.00000E+00   0.00000E+00  0.00000E+00   0.00000E+00  0.00000E+00   0.00000E+00  0.00000E+00   0.00000E+00  0.00000E+00   0.00000E+00  0.00000E+00   0.00000E+00  0.00000E+00   0.00000E+00  0.00000E+00   0.00000E+00  0.00000E+00   0.00000E+00  0.00000E+00   0.00000E+00  0.00000E+00   0.00000E+00  0.00000E+00   0.00000E+00  0.00000E+00   0.00000E+00  0.00000E+00   0.00000E+00  0.00000E+00   0.00000E+00  0.00000E+00   0.00000E+00  0.00000E+00   0.00000E+00  0.00000E+00   0.00000E+00  0.00000E+00   0.00000E+00  8.98285E-17   6.17455E+01  4.17602E-03   6.17455E+01  8.32885E-03   6.18625E+01  1.24361E-02   6.20620E+01  1.64756E-02   6.23367E+01  2.04261E-02   6.26937E+01  2.42689E-02   6.31260E+01  2.79839E-02   6.36394E+01  3.15576E-02   6.42278E+01  3.49723E-02   6.48963E+01  3.82190E-02   6.56398E+01  4.12840E-02   6.64608E+01  4.41626E-02   6.73584E+01  4.68458E-02   6.83292E+01  4.93322E-02   6.93783E+01  5.16180E-02   7.04967E+01  5.37038E-02   7.16937E+01  5.55923E-02   7.29572E+01  5.72839E-02   7.42974E+01  5.87871E-02   7.57036E+01  6.01024E-02   7.71810E+01  6.12413E-02   7.87274E+01  6.22061E-02   8.03375E+01  6.30077E-02   8.20200E+01  6.36530E-02   8.37614E+01  6.41499E-02   8.55737E+01  6.45101E-02   8.74462E+01  6.47406E-02   8.93806E+01  6.48532E-02   9.13801E+01  6.48555E-02   9.34317E+01  6.47572E-02   9.55475E+01  6.45642E-02   9.77180E+01  6.42854E-02   9.99425E+01  6.39275E-02   1.02229E+02  6.34962E-02   1.04564E+02  6.30046E-02   1.06950E+02  6.24544E-02   1.09390E+02  6.18551E-02   1.11876E+02  6.12150E-02   1.14410E+02  6.05325E-02   1.16998E+02  5.98162E-02   1.19630E+02  5.90771E-02   1.22300E+02  5.83091E-02   1.25022E+02 
 0.00000E+00   0.00000E+00  0.00000E+00   0.00000E+00  0.00000E+00   0.00000E+00  0.00000E+00   0.00000E+00  0.00000E+00   0.00000E+00  0.00000E+00   0.00000E+00  0.00000E+00   0.00000E+00  0.00000E+00   0.00000E+00  0.00000E+00   0.00000E+00  0.00000E+00   0.00000E+00  0.00000E+00   0.00000E+00  0.00000E+00   0.00000E+00  0.00000E+00   0.00000E+00  0.00000E+00   0.00000E+00  0.00000E+00   0.00000E+00  0.00000E+00   0.00000E+00  0.00000E+00   0.00000E+00  0.00000E+00   0.00000E+00  0.00000E+00   0.00000E+00  0.00000E+00   0.00000E+00  0.00000E+00   0.00000E+00  0.00000E+00   0.00000E+00  0.00000E+00   0.00000E+00  0.00000E+00   0.00000E+00  0.00000E+00   0.00000E+00  0.00000E+00   0.00000E+00  0.00000E+00   0.00000E+00  0.00000E+00   0.00000E+00  0.00000E+00   0.00000E+00  0.00000E+00   0.00000E+00  0.00000E+00   0.00000E+00  0.00000E+00   0.00000E+00  0.00000E+00   0.00000E+00  0.00000E+00   0.00000E+00  0.00000E+00   0.00000E+00  0.00000E+00   0.00000E+00  0.00000E+00   0.00000E+00  0.00000E+00   0.00000E+00  8.55320E-17   6.06712E+01  3.97628E-03   6.06712E+01  7.93029E-03   6.07931E+01  1.18400E-02   6.09885E+01  1.56840E-02   6.12690E+01  1.94424E-02   6.16228E+01  2.30953E-02   6.20607E+01  2.66269E-02   6.25720E+01  3.00190E-02   6.31664E+01  3.32610E-02   6.38332E+01  3.63373E-02   6.45821E+01  3.92425E-02   6.54038E+01  4.19644E-02   6.63034E+01  4.45019E-02   6.72788E+01  4.68471E-02   6.83260E+01  4.90022E-02   6.94522E+01  5.09640E-02   7.06450E+01  5.27362E-02   7.19181E+01  5.43211E-02   7.32551E+01  5.57219E-02   7.46702E+01  5.69477E-02   7.61510E+01  5.79987E-02   7.77022E+01  5.88907E-02   7.93244E+01  5.96223E-02   8.10071E+01  6.02099E-02   8.27633E+01  6.06579E-02   8.45754E+01  6.09732E-02   8.64558E+01  6.11717E-02   8.83963E+01  6.12510E-02   9.03951E+01  6.12292E-02   9.24600E+01  6.11103E-02   9.45765E+01  6.09001E-02   9.67564E+01  6.06146E-02   9.89891E+01  6.02545E-02   1.01277E+02  5.98285E-02   1.03621E+02  5.93456E-02   1.06013E+02  5.88099E-02   1.08461E+02  5.82251E-02   1.10957E+02  5.76020E-02   1.13500E+02  5.69434E-02   1.16086E+02  5.62502E-02   1.18725E+02  5.55320E-02   1.21410E+02  5.47908E-02   1.24134E+02 
 0.00000E+00   0.00000E+00  0.00000E+00   0.00000E+00  0.00000E+00   0.00000E+00  0.00000E+00   0.00000E+00  0.00000E+00   0.00000E+00  0.00000E+00   0.00000E+00  0.00000E+00   0.00000E+00  0.00000E+00   0.00000E+00  0.00000E+00   0.00000E+00  0.00000E+00   0.00000E+00  0.00000E+00   0.00000E+00  0.00000E+00   0.00000E+00  0.00000E+00   0.00000E+00  0.00000E+00   0.00000E+00  0.00000E+00   0.00000E+00  0.00000E+00   0.00000E+00  0.00000E+00   0.00000E+00  0.00000E+00   0.00000E+00  0.00000E+00   0.00000E+00  0.00000E+00   0.00000E+00  0.00000E+00   0.00000E+00  0.00000E+00   0.00000E+00  0.00000E+00   0.00000E+00  0.00000E+00   0.00000E+00  0.00000E+00   0.00000E+00  0.00000E+00   0.00000E+00  0.00000E+00   0.00000E+00  0.00000E+00   0.00000E+00  0.00000E+00   0.00000E+00  0.00000E+00   0.00000E+00  0.00000E+00   0.00000E+00  0.00000E+00   0.00000E+00  0.00000E+00   0.00000E+00  0.00000E+00   0.00000E+00  0.00000E+00   0.00000E+00  0.00000E+00   0.00000E+00  0.00000E+00   0.00000E+00  0.00000E+00   0.00000E+00  8.08505E-17   5.96740E+01  3.75864E-03   5.96740E+01  7.49564E-03   5.97908E+01  1.11904E-02   5.99920E+01  1.48220E-02   6.02682E+01  1.83712E-02   6.06276E+01  2.18200E-02   6.10622E+01  2.51509E-02   6.15792E+01  2.83504E-02   6.21703E+01  3.14030E-02   6.28444E+01  3.43003E-02   6.35906E+01  3.70301E-02   6.44192E+01  3.95883E-02   6.53200E+01  4.19665E-02   6.62993E+01  4.41647E-02   6.73529E+01  4.61786E-02   6.84797E+01  4.80109E-02   6.96831E+01  4.96618E-02   7.09538E+01  5.11356E-02   7.23026E+01  5.24365E-02   7.37146E+01  5.35690E-02   7.52031E+01  5.45410E-02   7.67554E+01  5.53561E-02   7.83775E+01  5.60256E-02   8.00692E+01  5.65528E-02   8.18213E+01  5.69503E-02   8.36469E+01  5.72236E-02   8.55288E+01  5.73834E-02   8.74770E+01  5.74397E-02   8.94867E+01  5.73964E-02   9.15502E+01  5.72682E-02   9.36792E+01  5.70542E-02   9.58610E+01  5.67655E-02   9.81000E+01  5.64096E-02   1.00398E+02  5.59883E-02   1.02747E+02  5.55158E-02   1.05146E+02  5.49945E-02   1.07599E+02  5.44302E-02   1.10100E+02  5.38317E-02   1.12650E+02  5.31986E-02   1.15251E+02  5.25372E-02   1.17894E+02  5.18573E-02   1.20580E+02  5.11511E-02   1.23315E+02 
 0.00000E+00   0.00000E+00  0.00000E+00   0.00000E+00  0.00000E+00   0.00000E+00  0.00000E+00   0.00000E+00  0.00000E+00   0.00000E+00  0.00000E+00   0.00000E+00  0.00000E+00   0.00000E+00  0.00000E+00   0.00000E+00  0.00000E+00   0.00000E+00  0.00000E+00   0.00000E+00  0.00000E+00   0.00000E+00  0.00000E+00   0.00000E+00  0.00000E+00   0.00000E+00  0.00000E+00   0.00000E+00  0.00000E+00   0.00000E+00  0.00000E+00   0.00000E+00  0.00000E+00   0.00000E+00  0.00000E+00   0.00000E+00  0.00000E+00   0.00000E+00  0.00000E+00   0.00000E+00  0.00000E+00   0.00000E+00  0.00000E+00   0.00000E+00  0.00000E+00   0.00000E+00  0.00000E+00   0.00000E+00  0.00000E+00   0.00000E+00  0.00000E+00   0.00000E+00  0.00000E+00   0.00000E+00  0.00000E+00   0.00000E+00  0.00000E+00   0.00000E+00  0.00000E+00   0.00000E+00  0.00000E+00   0.00000E+00  0.00000E+00   0.00000E+00  0.00000E+00   0.00000E+00  0.00000E+00   0.00000E+00  0.00000E+00   0.00000E+00  0.00000E+00   0.00000E+00  0.00000E+00   0.00000E+00  0.00000E+00   0.00000E+00  7.57646E-17   5.87540E+01  3.52221E-03   5.87540E+01  7.02405E-03   5.88763E+01  1.04854E-02   5.90732E+01  1.38870E-02   5.93546E+01  1.72102E-02   5.97107E+01  2.04377E-02   6.01504E+01  2.35542E-02   6.06645E+01  2.65443E-02   6.12620E+01  2.93978E-02   6.19319E+01  3.21009E-02   6.26855E+01  3.46490E-02   6.35104E+01  3.70310E-02   6.44161E+01  3.92468E-02   6.53954E+01  4.12884E-02   6.64501E+01  4.31597E-02   6.75813E+01  4.48563E-02   6.87823E+01  4.63837E-02   7.00622E+01  4.77428E-02   7.14073E+01  4.89383E-02   7.28315E+01  4.99778E-02   7.43193E+01  5.08623E-02   7.58814E+01  5.16066E-02   7.75100E+01  5.22089E-02   7.92034E+01  5.26845E-02   8.09682E+01  5.30371E-02   8.27894E+01  5.32730E-02   8.46821E+01  5.34060E-02   8.66315E+01  5.34356E-02   8.86436E+01  5.33770E-02   9.07194E+01  5.32351E-02   9.28461E+01  5.30155E-02   9.50391E+01  5.27307E-02   9.72815E+01  5.23832E-02   9.95812E+01  5.19785E-02   1.01940E+02  5.15251E-02   1.04344E+02  5.10275E-02   1.06804E+02  5.04875E-02   1.09314E+02  4.99165E-02   1.11868E+02  4.93171E-02   1.14467E+02  4.86869E-02   1.17122E+02  4.80378E-02   1.19819E+02  4.73744E-02   1.22555E+02 
 0.00000E+00   0.00000E+00  0.00000E+00   0.00000E+00  0.00000E+00   0.00000E+00  0.00000E+00   0.00000E+00  0.00000E+00   0.00000E+00  0.00000E+00   0.00000E+00  0.00000E+00   0.00000E+00  0.00000E+00   0.00000E+00  0.00000E+00   0.00000E+00  0.00000E+00   0.00000E+00  0.00000E+00   0.00000E+00  0.00000E+00   0.00000E+00  0.00000E+00   0.00000E+00  0.00000E+00   0.00000E+00  0.00000E+00   0.00000E+00  0.00000E+00   0.00000E+00  0.00000E+00   0.00000E+00  0.00000E+00   0.00000E+00  0.00000E+00   0.00000E+00  0.00000E+00   0.00000E+00  0.00000E+00   0.00000E+00  0.00000E+00   0.00000E+00  0.00000E+00   0.00000E+00  0.00000E+00   0.00000E+00  0.00000E+00   0.00000E+00  0.00000E+00   0.00000E+00  0.00000E+00   0.00000E+00  0.00000E+00   0.00000E+00  0.00000E+00   0.00000E+00  0.00000E+00   0.00000E+00  0.00000E+00   0.00000E+00  0.00000E+00   0.00000E+00  0.00000E+00   0.00000E+00  0.00000E+00   0.00000E+00  0.00000E+00   0.00000E+00  0.00000E+00   0.00000E+00  0.00000E+00   0.00000E+00  0.00000E+00   0.00000E+00  7.03075E-17   5.79101E+01  3.26851E-03   5.79101E+01  6.51776E-03   5.80293E+01  9.72920E-03   5.82306E+01  1.28840E-02   5.85088E+01  1.59655E-02   5.88697E+01  1.89568E-02   5.93066E+01  2.18435E-02   5.98263E+01  2.46123E-02   6.04200E+01  2.72511E-02   6.10985E+01  2.97512E-02   6.18475E+01  3.21028E-02   6.26818E+01  3.43021E-02   6.35856E+01  3.63418E-02   6.45719E+01  3.82231E-02   6.56289E+01  3.99407E-02   6.67632E+01  4.14999E-02   6.79711E+01  4.28979E-02   6.92487E+01  4.41424E-02   7.06042E+01  4.52335E-02   7.20219E+01  4.61792E-02   7.35195E+01  4.69839E-02   7.50773E+01  4.76523E-02   7.67100E+01  4.81952E-02   7.84089E+01  4.86133E-02   8.01711E+01  4.89219E-02   8.20068E+01  4.91216E-02   8.38969E+01  4.92250E-02   8.58573E+01  4.92406E-02   8.78749E+01  4.91692E-02   8.99501E+01  4.90278E-02   9.20897E+01  4.88121E-02   9.42814E+01  4.85328E-02   9.65331E+01  4.81987E-02   9.88403E+01  4.78086E-02   1.01201E+02  4.73758E-02   1.03612E+02  4.69039E-02   1.06075E+02  4.63956E-02   1.08590E+02  4.58586E-02   1.11153E+02  4.52955E-02   1.13765E+02  4.47087E-02   1.16418E+02  4.41062E-02   1.19117E+02  4.34817E-02   1.21864E+02 
 0.00000E+00   0.00000E+00  0.00000E+00   0.00000E+00  0.00000E+00   0.00000E+00  0.00000E+00   0.00000E+00  0.00000E+00   0.00000E+00  0.00000E+00   0.00000E+00  0.00000E+00   0.00000E+00  0.00000E+00   0.00000E+00  0.00000E+00   0.00000E+00  0.00000E+00   0.00000E+00  0.00000E+00   0.00000E+00  0.00000E+00   0.00000E+00  0.00000E+00   0.00000E+00  0.00000E+00   0.00000E+00  0.00000E+00   0.00000E+00  0.00000E+00   0.00000E+00  0.00000E+00   0.00000E+00  0.00000E+00   0.00000E+00  0.00000E+00   0.00000E+00  0.00000E+00   0.00000E+00  0.00000E+00   0.00000E+00  0.00000E+00   0.00000E+00  0.00000E+00   0.00000E+00  0.00000E+00   0.00000E+00  0.00000E+00   0.00000E+00  0.00000E+00   0.00000E+00  0.00000E+00   0.00000E+00  0.00000E+00   0.00000E+00  0.00000E+00   0.00000E+00  0.00000E+00   0.00000E+00  0.00000E+00   0.00000E+00  0.00000E+00   0.00000E+00  0.00000E+00   0.00000E+00  0.00000E+00   0.00000E+00  0.00000E+00   0.00000E+00  0.00000E+00   0.00000E+00  0.00000E+00   0.00000E+00  0.00000E+00   0.00000E+00  6.44727E-17   5.71499E+01  2.99725E-03   5.71499E+01  5.97661E-03   5.72694E+01  8.92073E-03   5.74692E+01  1.18126E-02   5.77504E+01  1.46361E-02   5.81089E+01  1.73763E-02   5.85497E+01  2.00195E-02   5.90664E+01  2.25531E-02   5.96662E+01  2.49675E-02   6.03390E+01  2.72515E-02   6.10959E+01  2.94009E-02   6.19241E+01  3.14063E-02   6.28347E+01  3.32680E-02   6.38173E+01  3.49789E-02   6.48788E+01  3.65432E-02   6.60135E+01  3.79565E-02   6.72227E+01  3.92249E-02   6.85074E+01  4.03485E-02   6.98602E+01  4.13325E-02   7.12913E+01  4.21831E-02   7.27852E+01  4.29022E-02   7.43560E+01  4.35016E-02   7.59894E+01  4.39815E-02   7.76925E+01  4.43534E-02   7.94633E+01  4.46213E-02   8.12933E+01  4.47911E-02   8.31962E+01  4.48729E-02   8.51529E+01  4.48695E-02   8.71770E+01  4.47911E-02   8.92608E+01  4.46442E-02   9.13968E+01  4.44341E-02   9.36003E+01  4.41689E-02   9.58509E+01  4.38533E-02   9.81617E+01  4.34901E-02   1.00532E+02  4.30860E-02   1.02947E+02  4.26467E-02   1.05417E+02  4.21720E-02   1.07937E+02  4.16729E-02   1.10502E+02  4.11517E-02   1.13113E+02  4.06046E-02   1.15779E+02  4.00442E-02   1.18487E+02  3.94753E-02   1.21232E+02 
 0.00000E+00   0.00000E+00  0.00000E+00   0.00000E+00  0.00000E+00   0.00000E+00  0.00000E+00   0.00000E+00  0.00000E+00   0.00000E+00  0.00000E+00   0.00000E+00  0.00000E+00   0.00000E+00  0.00000E+00   0.00000E+00  0.00000E+00   0.00000E+00  0.00000E+00   0.00000E+00  0.00000E+00   0.00000E+00  0.00000E+00   0.00000E+00  0.00000E+00   0.00000E+00  0.00000E+00   0.00000E+00  0.00000E+00   0.00000E+00  0.00000E+00   0.00000E+00  0.00000E+00   0.00000E+00  0.00000E+00   0.00000E+00  0.00000E+00   0.00000E+00  0.00000E+00   0.00000E+00  0.00000E+00   0.00000E+00  0.00000E+00   0.00000E+00  0.00000E+00   0.00000E+00  0.00000E+00   0.00000E+00  0.00000E+00   0.00000E+00  0.00000E+00   0.00000E+00  0.00000E+00   0.00000E+00  0.00000E+00   0.00000E+00  0.00000E+00   0.00000E+00  0.00000E+00   0.00000E+00  0.00000E+00   0.00000E+00  0.00000E+00   0.00000E+00  0.00000E+00   0.00000E+00  0.00000E+00   0.00000E+00  0.00000E+00   0.00000E+00  0.00000E+00   0.00000E+00  0.00000E+00   0.00000E+00  0.00000E+00   0.00000E+00  5.82959E-17   5.64610E+01  2.71010E-03   5.64610E+01  5.40381E-03   5.65824E+01  8.06546E-03   5.67828E+01  1.06789E-02   5.70632E+01  1.32304E-02   5.74248E+01  1.57051E-02   5.78638E+01  1.80917E-02   5.83859E+01  2.03778E-02   5.89816E+01  2.25546E-02   5.96635E+01  2.46135E-02   6.04150E+01  2.65477E-02   6.12534E+01  2.83534E-02   6.21600E+01  3.00246E-02   6.31516E+01  3.15632E-02   6.42113E+01  3.29636E-02   6.53518E+01  3.42324E-02   6.65631E+01  3.53650E-02   6.78470E+01  3.63709E-02   6.92074E+01  3.72475E-02   7.06304E+01  3.80041E-02   7.21354E+01  3.86429E-02   7.36979E+01  3.91689E-02   7.53396E+01  3.95918E-02   7.70437E+01  3.99104E-02   7.88148E+01  4.01409E-02   8.06580E+01  4.02805E-02   8.25550E+01  4.03421E-02   8.45259E+01  4.03320E-02   8.65495E+01  4.02498E-02   8.86358E+01  4.01121E-02   9.07835E+01  3.99130E-02   9.29834E+01  3.96623E-02   9.52459E+01  3.93686E-02   9.75592E+01  3.90292E-02   9.99299E+01  3.86558E-02   1.02352E+02  3.82522E-02   1.04824E+02  3.78194E-02   1.07350E+02  3.73629E-02   1.09924E+02  3.68880E-02   1.12544E+02  3.63943E-02   1.15205E+02  3.58865E-02   1.17916E+02  3.53622E-02   1.20671E+02 
 0.00000E+00   0.00000E+00  0.00000E+00   0.00000E+00  0.00000E+00   0.00000E+00  0.00000E+00   0.00000E+00  0.00000E+00   0.00000E+00  0.00000E+00   0.00000E+00  0.00000E+00   0.00000E+00  0.00000E+00   0.00000E+00  0.00000E+00   0.00000E+00  0.00000E+00   0.00000E+00  0.00000E+00   0.00000E+00  0.00000E+00   0.00000E+00  0.00000E+00   0.00000E+00  0.00000E+00   0.00000E+00  0.00000E+00   0.00000E+00  0.00000E+00   0.00000E+00  0.00000E+00   0.00000E+00  0.00000E+00   0.00000E+00  0.00000E+00   0.00000E+00  0.00000E+00   0.00000E+00  0.00000E+00   0.00000E+00  0.00000E+00   0.00000E+00  0.00000E+00   0.00000E+00  0.00000E+00   0.00000E+00  0.00000E+00   0.00000E+00  0.00000E+00   0.00000E+00  0.00000E+00   0.00000E+00  0.00000E+00   0.00000E+00  0.00000E+00   0.00000E+00  0.00000E+00   0.00000E+00  0.00000E+00   0.00000E+00  0.00000E+00   0.00000E+00  0.00000E+00   0.00000E+00  0.00000E+00   0.00000E+00  0.00000E+00   0.00000E+00  0.00000E+00   0.00000E+00  0.00000E+00   0.00000E+00  0.00000E+00   0.00000E+00  5.17845E-17   5.58602E+01  2.40740E-03   5.58602E+01  4.80021E-03   5.59786E+01  7.16399E-03   5.61809E+01  9.48507E-03   5.64611E+01  1.17499E-02   5.68223E+01  1.39467E-02   5.72633E+01  1.60639E-02   5.77825E+01  1.80916E-02   5.83837E+01  2.00215E-02   5.90589E+01  2.18454E-02   5.98183E+01  2.35589E-02   6.06494E+01  2.51554E-02   6.15638E+01  2.66348E-02   6.25491E+01  2.79915E-02   6.36164E+01  2.92290E-02   6.47537E+01  3.03442E-02   6.59701E+01  3.13420E-02   6.72578E+01  3.22228E-02   6.86179E+01  3.29912E-02   7.00538E+01  3.36517E-02   7.15528E+01  3.42076E-02   7.31309E+01  3.46665E-02   7.47672E+01  3.50307E-02   7.64788E+01  3.53080E-02   7.82537E+01  3.55020E-02   8.00913E+01  3.56187E-02   8.20024E+01  3.56634E-02   8.39647E+01  3.56425E-02   8.59993E+01  3.55607E-02   8.80886E+01  3.54257E-02   9.02325E+01  3.52426E-02   9.24443E+01  3.50145E-02   9.47012E+01  3.47488E-02   9.70214E+01  3.44452E-02   9.94006E+01  3.41088E-02   1.01824E+02  3.37462E-02   1.04303E+02  3.33551E-02   1.06831E+02  3.29459E-02   1.09405E+02  3.25205E-02   1.12025E+02  3.20741E-02   1.14701E+02  3.16199E-02   1.17417E+02  3.11603E-02   1.20171E+02 
 0.00000E+00   0.00000E+00  0.00000E+00   0.00000E+00  0.00000E+00   0.00000E+00  0.00000E+00   0.00000E+00  0.00000E+00   0.00000E+00  0.00000E+00   0.00000E+00  0.00000E+00   0.00000E+00  0.00000E+00   0.00000E+00  0.00000E+00   0.00000E+00  0.00000E+00   0.00000E+00  0.00000E+00   0.00000E+00  0.00000E+00   0.00000E+00  0.00000E+00   0.00000E+00  0.00000E+00   0.00000E+00  0.00000E+00   0.00000E+00  0.00000E+00   0.00000E+00  0.00000E+00   0.00000E+00  0.00000E+00   0.00000E+00  0.00000E+00   0.00000E+00  0.00000E+00   0.00000E+00  0.00000E+00   0.00000E+00  0.00000E+00   0.00000E+00  0.00000E+00   0.00000E+00  0.00000E+00   0.00000E+00  0.00000E+00   0.00000E+00  0.00000E+00   0.00000E+00  0.00000E+00   0.00000E+00  0.00000E+00   0.00000E+00  0.00000E+00   0.00000E+00  0.00000E+00   0.00000E+00  0.00000E+00   0.00000E+00  0.00000E+00   0.00000E+00  0.00000E+00   0.00000E+00  0.00000E+00   0.00000E+00  0.00000E+00   0.00000E+00  0.00000E+00   0.00000E+00  0.00000E+00   0.00000E+00  0.00000E+00   0.00000E+00  4.49847E-17   5.53303E+01  2.09128E-03   5.53303E+01  4.16945E-03   5.54524E+01  6.22278E-03   5.56528E+01  8.23776E-03   5.59348E+01  1.02045E-02   5.62968E+01  1.21105E-02   5.67378E+01  1.39477E-02   5.72614E+01  1.57057E-02   5.78587E+01  1.73785E-02   5.85435E+01  1.89585E-02   5.92964E+01  2.04414E-02   6.01385E+01  2.18235E-02   6.10470E+01  2.31007E-02   6.20426E+01  2.42748E-02   6.31045E+01  2.53407E-02   6.42501E+01  2.63051E-02   6.54635E+01  2.71625E-02   6.67528E+01  2.79229E-02   6.81167E+01  2.85817E-02   6.95442E+01  2.91488E-02   7.10551E+01  2.96241E-02   7.26206E+01  3.00125E-02   7.42700E+01  3.03225E-02   7.59774E+01  3.05509E-02   7.77555E+01  3.07136E-02   7.96043E+01  3.08054E-02   8.15067E+01  3.08384E-02   8.34862E+01  3.08169E-02   8.55145E+01  3.07395E-02   8.76106E+01  3.06211E-02   8.97640E+01  3.04551E-02   9.19705E+01  3.02503E-02   9.42411E+01  3.00135E-02   9.65583E+01  2.97422E-02   9.89376E+01  2.94453E-02   1.01368E+02  2.91267E-02   1.03847E+02  2.87863E-02   1.06382E+02  2.84272E-02   1.08965E+02  2.80566E-02   1.11591E+02  2.76716E-02   1.14259E+02  2.72744E-02   1.16979E+02  2.68662E-02   1.19740E+02 
 0.00000E+00   0.00000E+00  0.00000E+00   0.00000E+00  0.00000E+00   0.00000E+00  0.00000E+00   0.00000E+00  0.00000E+00   0.00000E+00  0.00000E+00   0.00000E+00  0.00000E+00   0.00000E+00  0.00000E+00   0.00000E+00  0.00000E+00   0.00000E+00  0.00000E+00   0.00000E+00  0.00000E+00   0.00000E+00  0.00000E+00   0.00000E+00  0.00000E+00   0.00000E+00  0.00000E+00   0.00000E+00  0.00000E+00   0.00000E+00  0.00000E+00   0.00000E+00  0.00000E+00   0.00000E+00  0.00000E+00   0.00000E+00  0.00000E+00   0.00000E+00  0.00000E+00   0.00000E+00  0.00000E+00   0.00000E+00  0.00000E+00   0.00000E+00  0.00000E+00   0.00000E+00  0.00000E+00   0.00000E+00  0.00000E+00   0.00000E+00  0.00000E+00   0.00000E+00  0.00000E+00   0.00000E+00  0.00000E+00   0.00000E+00  0.00000E+00   0.00000E+00  0.00000E+00   0.00000E+00  0.00000E+00   0.00000E+00  0.00000E+00   0.00000E+00  0.00000E+00   0.00000E+00  0.00000E+00   0.00000E+00  0.00000E+00   0.00000E+00  0.00000E+00   0.00000E+00  0.00000E+00   0.00000E+00  0.00000E+00   0.00000E+00  3.79091E-17   5.48901E+01  1.76235E-03   5.48901E+01  3.51400E-03   5.50072E+01  5.24377E-03   5.52114E+01  6.94211E-03   5.54907E+01  8.59835E-03   5.58540E+01  1.02042E-02   5.62945E+01  1.17508E-02   5.68161E+01  1.32311E-02   5.74178E+01  1.46387E-02   5.80950E+01  1.59679E-02   5.88565E+01  1.72150E-02   5.96892E+01  1.83758E-02   6.06068E+01  1.94496E-02   6.15939E+01  2.04330E-02   6.26662E+01  2.13283E-02   6.38048E+01  2.21334E-02   6.50280E+01  2.28520E-02   6.63173E+01  2.34844E-02   6.76837E+01  2.40348E-02   6.91232E+01  2.45053E-02   7.06256E+01  2.49004E-02   7.22099E+01  2.52235E-02   7.38472E+01  2.54785E-02   7.55662E+01  2.56697E-02   7.73432E+01  2.57999E-02   7.91868E+01  2.58747E-02   8.11044E+01  2.58953E-02   8.30705E+01  2.58700E-02   8.51140E+01  2.57995E-02   8.72067E+01  2.56911E-02   8.93566E+01  2.55496E-02   9.15746E+01  2.53741E-02   9.38355E+01  2.51735E-02   9.61635E+01  2.49451E-02   9.85496E+01  2.46921E-02   1.00980E+02  2.44216E-02   1.03465E+02  2.41297E-02   1.05998E+02  2.38254E-02   1.08579E+02  2.35104E-02   1.11207E+02  2.31798E-02   1.13891E+02  2.28454E-02   1.16612E+02  2.25082E-02   1.19373E+02 
 0.00000E+00   0.00000E+00  0.00000E+00   0.00000E+00  0.00000E+00   0.00000E+00  0.00000E+00   0.00000E+00  0.00000E+00   0.00000E+00  0.00000E+00   0.00000E+00  0.00000E+00   0.00000E+00  0.00000E+00   0.00000E+00  0.00000E+00   0.00000E+00  0.00000E+00   0.00000E+00  0.00000E+00   0.00000E+00  0.00000E+00   0.00000E+00  0.00000E+00   0.00000E+00  0.00000E+00   0.00000E+00  0.00000E+00   0.00000E+00  0.00000E+00   0.00000E+00  0.00000E+00   0.00000E+00  0.00000E+00   0.00000E+00  0.00000E+00   0.00000E+00  0.00000E+00   0.00000E+00  0.00000E+00   0.00000E+00  0.00000E+00   0.00000E+00  0.00000E+00   0.00000E+00  0.00000E+00   0.00000E+00  0.00000E+00   0.00000E+00  0.00000E+00   0.00000E+00  0.00000E+00   0.00000E+00  0.00000E+00   0.00000E+00  0.00000E+00   0.00000E+00  0.00000E+00   0.00000E+00  0.00000E+00   0.00000E+00  0.00000E+00   0.00000E+00  0.00000E+00   0.00000E+00  0.00000E+00   0.00000E+00  0.00000E+00   0.00000E+00  0.00000E+00   0.00000E+00  0.00000E+00   0.00000E+00  0.00000E+00   0.00000E+00  3.06172E-17   5.45196E+01  1.42335E-03   5.45196E+01  2.83737E-03   5.46436E+01  4.23474E-03   5.48438E+01  5.60508E-03   5.51267E+01  6.94270E-03   5.54894E+01  8.23798E-03   5.59314E+01  9.48619E-03   5.64561E+01  1.06796E-02   5.70544E+01  1.18145E-02   5.77416E+01  1.28855E-02   5.84949E+01  1.38898E-02   5.93404E+01  1.48250E-02   6.02493E+01  1.56879E-02   6.12491E+01  1.64807E-02   6.23113E+01  1.71985E-02   6.34615E+01  1.78480E-02   6.46758E+01  1.84229E-02   6.59692E+01  1.89331E-02   6.73360E+01  1.93723E-02   6.87659E+01  1.97502E-02   7.02819E+01  2.00651E-02   7.18482E+01  2.03203E-02   7.35038E+01  2.05236E-02   7.52121E+01  2.06700E-02   7.69957E+01  2.07737E-02   7.88480E+01  2.08282E-02   8.07542E+01  2.08436E-02   8.27412E+01  2.08227E-02   8.47727E+01  2.07629E-02   8.68776E+01  2.06768E-02   8.90345E+01  2.05578E-02   9.12453E+01  2.04124E-02   9.35220E+01  2.02466E-02   9.58391E+01  2.00570E-02   9.82267E+01  1.98504E-02   1.00663E+02  1.96307E-02   1.03148E+02  1.93960E-02   1.05690E+02  1.91481E-02   1.08279E+02  1.88946E-02   1.10909E+02  1.86308E-02   1.13580E+02  1.83573E-02   1.16309E+02  1.80774E-02   1.19071E+02 
 0.00000E+00   0.00000E+00  0.00000E+00   0.00000E+00  0.00000E+00   0.00000E+00  0.00000E+00   0.00000E+00  0.00000E+00   0.00000E+00  0.00000E+00   0.00000E+00  0.00000E+00   0.00000E+00  0.00000E+00   0.00000E+00  0.00000E+00   0.00000E+00  0.00000E+00   0.00000E+00  0.00000E+00   0.00000E+00  0.00000E+00   0.00000E+00  0.00000E+00   0.00000E+00  0.00000E+00   0.00000E+00  0.00000E+00   0.00000E+00  0.00000E+00   0.00000E+00  0.00000E+00   0.00000E+00  0.00000E+00   0.00000E+00  0.00000E+00   0.00000E+00  0.00000E+00   0.00000E+00  0.00000E+00   0.00000E+00  0.00000E+00   0.00000E+00  0.00000E+00   0.00000E+00  0.00000E+00   0.00000E+00  0.00000E+00   0.00000E+00  0.00000E+00   0.00000E+00  0.00000E+00   0.00000E+00  0.00000E+00   0.00000E+00  0.00000E+00   0.00000E+00  0.00000E+00   0.00000E+00  0.00000E+00   0.00000E+00  0.00000E+00   0.00000E+00  0.00000E+00   0.00000E+00  0.00000E+00   0.00000E+00  0.00000E+00   0.00000E+00  0.00000E+00   0.00000E+00  0.00000E+00   0.00000E+00  0.00000E+00   0.00000E+00  2.31255E-17   5.42430E+01  1.07508E-03   5.42430E+01  2.14375E-03   5.43562E+01  3.19856E-03   5.45635E+01  4.23444E-03   5.48411E+01  5.24398E-03   5.52066E+01  6.22279E-03   5.56455E+01  7.16494E-03   5.61692E+01  8.06626E-03   5.67703E+01  8.92287E-03   5.74490E+01  9.73129E-03   5.82120E+01  1.04891E-02   5.90447E+01  1.11941E-02   5.99664E+01  1.18453E-02   6.09523E+01  1.24413E-02   6.20311E+01  1.29829E-02   6.31684E+01  1.34692E-02   6.43992E+01  1.39029E-02   6.56887E+01  1.42831E-02   6.70608E+01  1.46140E-02   6.85033E+01  1.48954E-02   7.00067E+01  1.51317E-02   7.15974E+01  1.53236E-02   7.32316E+01  1.54747E-02   7.49584E+01  1.55867E-02   7.67336E+01  1.56613E-02   7.85824E+01  1.57028E-02   8.05054E+01  1.57097E-02   8.24722E+01  1.56903E-02   8.45250E+01  1.56422E-02   8.66180E+01  1.55719E-02   8.87710E+01  1.54830E-02   9.09941E+01  1.53724E-02   9.32543E+01  1.52485E-02   9.55895E+01  1.51070E-02   9.79813E+01  1.49497E-02   1.00416E+02  1.47827E-02   1.02905E+02  1.46017E-02   1.05441E+02  1.44140E-02   1.08028E+02  1.42206E-02   1.10660E+02  1.40168E-02   1.13351E+02  1.38125E-02   1.16076E+02  1.36078E-02   1.18839E+02 
 0.00000E+00   0.00000E+00  0.00000E+00   0.00000E+00  0.00000E+00   0.00000E+00  0.00000E+00   0.00000E+00  0.00000E+00   0.00000E+00  0.00000E+00   0.00000E+00  0.00000E+00   0.00000E+00  0.00000E+00   0.00000E+00  0.00000E+00   0.00000E+00  0.00000E+00   0.00000E+00  0.00000E+00   0.00000E+00  0.00000E+00   0.00000E+00  0.00000E+00   0.00000E+00  0.00000E+00   0.00000E+00  0.00000E+00   0.00000E+00  0.00000E+00   0.00000E+00  0.00000E+00   0.00000E+00  0.00000E+00   0.00000E+00  0.00000E+00   0.00000E+00  0.00000E+00   0.00000E+00  0.00000E+00   0.00000E+00  0.00000E+00   0.00000E+00  0.00000E+00   0.00000E+00  0.00000E+00   0.00000E+00  0.00000E+00   0.00000E+00  0.00000E+00   0.00000E+00  0.00000E+00   0.00000E+00  0.00000E+00   0.00000E+00  0.00000E+00   0.00000E+00  0.00000E+00   0.00000E+00  0.00000E+00   0.00000E+00  0.00000E+00   0.00000E+00  0.00000E+00   0.00000E+00  0.00000E+00   0.00000E+00  0.00000E+00   0.00000E+00  0.00000E+00   0.00000E+00  0.00000E+00   0.00000E+00  0.00000E+00   0.00000E+00  1.55023E-17   5.40316E+01  7.20685E-04   5.40316E+01  1.43638E-03   5.41565E+01  2.14406E-03   5.43569E+01  2.83730E-03   5.46401E+01  3.51449E-03   5.50035E+01  4.16940E-03   5.54461E+01  4.80090E-03   5.59727E+01  5.40400E-03   5.65702E+01  5.97759E-03   5.72610E+01  6.51844E-03   5.80117E+01  7.02533E-03   5.88633E+01  7.49721E-03   5.97680E+01  7.93200E-03   6.07759E+01  8.33191E-03   6.18338E+01  8.69246E-03   6.29908E+01  9.02009E-03   6.42036E+01  9.30763E-03   6.54995E+01  9.56472E-03   6.68693E+01  9.78359E-03   6.82968E+01  9.97272E-03   6.98197E+01  1.01295E-02   7.13796E+01  1.02553E-02   7.30440E+01  1.03566E-02   7.47459E+01  1.04268E-02   7.65351E+01  1.04780E-02   7.83892E+01  1.05027E-02   8.02957E+01  1.05084E-02   8.22946E+01  1.04967E-02   8.43247E+01  1.04637E-02   8.64426E+01  1.04195E-02   8.85996E+01  1.03573E-02   9.08108E+01  1.02811E-02   9.30925E+01  1.01960E-02   9.53999E+01  1.00979E-02   9.77984E+01  9.99120E-03   1.00239E+02  9.88000E-03   1.02727E+02  9.76039E-03   1.05280E+02  9.63325E-03   1.07872E+02  9.50575E-03   1.10502E+02  9.37193E-03   1.13169E+02  9.23171E-03   1.15906E+02  9.08825E-03   1.18664E+02 
 0.00000E+00   0.00000E+00  0.00000E+00   0.00000E+00  0.00000E+00   0.00000E+00  0.00000E+00   0.00000E+00  0.00000E+00   0.00000E+00  0.00000E+00   0.00000E+00  0.00000E+00   0.00000E+00  0.00000E+00   0.00000E+00  0.00000E+00   0.00000E+00  0.00000E+00   0.00000E+00  0.00000E+00   0.00000E+00  0.00000E+00   0.00000E+00  0.00000E+00   0.00000E+00  0.00000E+00   0.00000E+00  0.00000E+00   0.00000E+00  0.00000E+00   0.00000E+00  0.00000E+00   0.00000E+00  0.00000E+00   0.00000E+00  0.00000E+00   0.00000E+00  0.00000E+00   0.00000E+00  0.00000E+00   0.00000E+00  0.00000E+00   0.00000E+00  0.00000E+00   0.00000E+00  0.00000E+00   0.00000E+00  0.00000E+00   0.00000E+00  0.00000E+00   0.00000E+00  0.00000E+00   0.00000E+00  0.00000E+00   0.00000E+00  0.00000E+00   0.00000E+00  0.00000E+00   0.00000E+00  0.00000E+00   0.00000E+00  0.00000E+00   0.00000E+00  0.00000E+00   0.00000E+00  0.00000E+00   0.00000E+00  0.00000E+00   0.00000E+00  0.00000E+00   0.00000E+00  0.00000E+00   0.00000E+00  0.00000E+00   0.00000E+00  7.77199E-18   5.39202E+01  3.61310E-04   5.39202E+01  7.20574E-04   5.40248E+01  1.07492E-03   5.42383E+01  1.42322E-03   5.45062E+01  1.76224E-03   5.48801E+01  2.09134E-03   5.53093E+01  2.40767E-03   5.58385E+01  2.71054E-03   5.64343E+01  2.99819E-03   5.71113E+01  3.26967E-03   5.78783E+01  3.52401E-03   5.87028E+01  3.76064E-03   5.96374E+01  3.97888E-03   6.06109E+01  4.17857E-03   6.17105E+01  4.35987E-03   6.28344E+01  4.52224E-03   6.40893E+01  4.66716E-03   6.53713E+01  4.79341E-03   6.67576E+01  4.90390E-03   6.82055E+01  4.99696E-03   6.97007E+01  5.07602E-03   7.13105E+01  5.13953E-03   7.29162E+01  5.19037E-03   7.46662E+01  5.22770E-03   7.64213E+01  5.25211E-03   7.82769E+01  5.26600E-03   8.02151E+01  5.26577E-03   8.21662E+01  5.25873E-03   8.42484E+01  5.23998E-03   8.63268E+01  5.21511E-03   8.84739E+01  5.18595E-03   9.07071E+01  5.14791E-03   9.29436E+01  5.10804E-03   9.52934E+01  5.06082E-03   9.77013E+01  5.00693E-03   1.00134E+02  4.95082E-03   1.02627E+02  4.88797E-03   1.05159E+02  4.82405E-03   1.07751E+02  4.75932E-03   1.10380E+02  4.68905E-03   1.13093E+02  4.62127E-03   1.15812E+02  4.55557E-03   1.18565E+02 
 0.00000E+00   0.00000E+00  0.00000E+00   0.00000E+00  0.00000E+00   0.00000E+00  0.00000E+00   0.00000E+00  0.00000E+00   0.00000E+00  0.00000E+00   0.00000E+00  0.00000E+00   0.00000E+00  0.00000E+00   0.00000E+00  0.00000E+00   0.00000E+00  0.00000E+00   0.00000E+00  0.00000E+00   0.00000E+00  0.00000E+00   0.00000E+00  0.00000E+00   0.00000E+00  0.00000E+00   0.00000E+00  0.00000E+00   0.00000E+00  0.00000E+00   0.00000E+00  0.00000E+00   0.00000E+00  0.00000E+00   0.00000E+00  0.00000E+00   0.00000E+00  0.00000E+00   0.00000E+00  0.00000E+00   0.00000E+00  0.00000E+00   0.00000E+00  0.00000E+00   0.00000E+00  0.00000E+00   0.00000E+00  0.00000E+00   0.00000E+00  0.00000E+00   0.00000E+00  0.00000E+00   0.00000E+00  0.00000E+00   0.00000E+00  0.00000E+00   0.00000E+00  0.00000E+00   0.00000E+00  0.00000E+00   0.00000E+00  0.00000E+00   0.00000E+00  0.00000E+00   0.00000E+00  0.00000E+00   0.00000E+00  0.00000E+00   0.00000E+00  0.00000E+00   0.00000E+00  0.00000E+00   0.00000E+00  0.00000E+00   0.00000E+00  1.31224E-21   6.25789E+01  6.10043E-08   6.25789E+01  2.01161E-07   2.56195E+02  2.04188E-07   4.72861E+01  4.12831E-07   2.38199E+02  2.04404E-07   3.88631E+01  5.24879E-07   2.41748E+02  1.54695E-07   1.31066E+02  6.38098E-07   2.66507E+02  6.73684E-07   1.72523E+02  7.42500E-07   2.79444E+02  1.13056E-06   1.82134E+02  4.93541E-07   2.91038E+02  1.67934E-06   1.87458E+02  3.38645E-07   4.60157E+01  1.85439E-06   1.89540E+02  1.15540E-06   8.69440E+01  1.29939E-06   2.00451E+02  1.95155E-06   1.04538E+02  5.14652E-07   3.10966E+02  1.69632E-06   1.30329E+02  2.08240E-06   1.55866E+00  9.34547E-07   2.27716E+02  2.77899E-06   6.48057E+00  2.69525E-06   2.98463E+02  1.55994E-06   3.55485E+02  3.13889E-06   3.27245E+02  1.20807E-06   2.24323E+02  1.43308E-06   4.92671E+01  2.52664E-06   1.83713E+02  2.97549E-06   1.23402E+02  2.08529E-06   1.04641E+02  1.27282E-06   1.79314E+02  3.06123E-06   2.25479E+01  1.13081E-06   3.01116E+02  2.75969E-06   2.77206E+02  5.98042E-07   2.82527E+02  2.28582E-06   2.02977E+02  2.96694E-06   2.32726E+02  1.88415E-06   1.52357E+02  2.46391E-06   8.56715E+01  3.61078E-07   2.08526E+02  3.43291E-06   3.35870E+02 
 0.00000E+00   0.00000E+00  0.00000E+00   0.00000E+00  0.00000E+00   0.00000E+00  0.00000E+00   0.00000E+00  0.00000E+00   0.00000E+00  0.00000E+00   0.00000E+00  0.00000E+00   0.00000E+00  0.00000E+00   0.00000E+00  0.00000E+00   0.00000E+00  0.00000E+00   0.00000E+00  0.00000E+00   0.00000E+00  0.00000E+00   0.00000E+00  0.00000E+00   0.00000E+00  0.00000E+00   0.00000E+00  0.00000E+00   0.00000E+00  0.00000E+00   0.00000E+00  0.00000E+00   0.00000E+00  0.00000E+00   0.00000E+00  0.00000E+00   0.00000E+00  0.00000E+00   0.00000E+00  0.00000E+00   0.00000E+00  0.00000E+00   0.00000E+00  0.00000E+00   0.00000E+00  0.00000E+00   0.00000E+00  0.00000E+00   0.00000E+00  0.00000E+00   0.00000E+00  0.00000E+00   0.00000E+00  0.00000E+00   0.00000E+00  0.00000E+00   0.00000E+00  0.00000E+00   0.00000E+00  0.00000E+00   0.00000E+00  0.00000E+00   0.00000E+00  0.00000E+00   0.00000E+00  0.00000E+00   0.00000E+00  0.00000E+00   0.00000E+00  0.00000E+00   0.00000E+00  0.00000E+00   0.00000E+00  0.00000E+00   0.00000E+00  7.77625E-18   2.33918E+02  3.61508E-04   2.33918E+02  7.20717E-04   2.34047E+02  1.07552E-03   2.34239E+02  1.42338E-03   2.34537E+02  1.76294E-03   2.34888E+02  2.09137E-03   2.35347E+02  2.40798E-03   2.35864E+02  2.71031E-03   2.36472E+02  2.99768E-03   2.37161E+02  3.26862E-03   2.37913E+02  3.52258E-03   2.38766E+02  3.75866E-03   2.39667E+02  3.97660E-03   2.40678E+02  4.17642E-03   2.41720E+02  4.35761E-03   2.42887E+02  4.52091E-03   2.44071E+02  4.66600E-03   2.45382E+02  4.79428E-03   2.46729E+02  4.90448E-03   2.48164E+02  4.99948E-03   2.49691E+02  5.07707E-03   2.51245E+02  5.14086E-03   2.52940E+02  5.18917E-03   2.54629E+02  5.22478E-03   2.56443E+02  5.24882E-03   2.58289E+02  5.26056E-03   2.60182E+02  5.26554E-03   2.62187E+02  5.25810E-03   2.64187E+02  5.24498E-03   2.66314E+02  5.22191E-03   2.68488E+02  5.18913E-03   2.70695E+02  5.15204E-03   2.73011E+02  5.10519E-03   2.75323E+02  5.05568E-03   2.77686E+02  5.00347E-03   2.80134E+02  4.94594E-03   2.82621E+02  4.88849E-03   2.85169E+02  4.82591E-03   2.87757E+02  4.75943E-03   2.90400E+02  4.69429E-03   2.93058E+02  4.62334E-03   2.95798E+02  4.54790E-03   2.98589E+02 
 0.00000E+00   0.00000E+00  0.00000E+00   0.00000E+00  0.00000E+00   0.00000E+00  0.00000E+00   0.00000E+00  0.00000E+00   0.00000E+00  0.00000E+00   0.00000E+00  0.00000E+00   0.00000E+00  0.00000E+00   0.00000E+00  0.00000E+00   0.00000E+00  0.00000E+00   0.00000E+00  0.00000E+00   0.00000E+00  0.00000E+00   0.00000E+00  0.00000E+00   0.00000E+00  0.00000E+00   0.00000E+00  0.00000E+00   0.00000E+00  0.00000E+00   0.00000E+00  0.00000E+00   0.00000E+00  0.00000E+00   0.00000E+00  0.00000E+00   0.00000E+00  0.00000E+00   0.00000E+00  0.00000E+00   0.00000E+00  0.00000E+00   0.00000E+00  0.00000E+00   0.00000E+00  0.00000E+00   0.00000E+00  0.00000E+00   0.00000E+00  0.00000E+00   0.00000E+00  0.00000E+00   0.00000E+00  0.00000E+00   0.00000E+00  0.00000E+00   0.00000E+00  0.00000E+00   0.00000E+00  0.00000E+00   0.00000E+00  0.00000E+00   0.00000E+00  0.00000E+00   0.00000E+00  0.00000E+00   0.00000E+00  0.00000E+00   0.00000E+00  0.00000E+00   0.00000E+00  0.00000E+00   0.00000E+00  0.00000E+00   0.00000E+00  1.54991E-17   2.34036E+02  7.20536E-04   2.34036E+02  1.43679E-03   2.34159E+02  2.14364E-03   2.34360E+02  2.83799E-03   2.34643E+02  3.51411E-03   2.35006E+02  4.17032E-03   2.35450E+02  4.80083E-03   2.35969E+02  5.40501E-03   2.36579E+02  5.97807E-03   2.37249E+02  6.51944E-03   2.38021E+02  7.02651E-03   2.38848E+02  7.49775E-03   2.39774E+02  7.93401E-03   2.40756E+02  8.33118E-03   2.41835E+02  8.69479E-03   2.42970E+02  9.01802E-03   2.44197E+02  9.30960E-03   2.45488E+02  9.56171E-03   2.46854E+02  9.78419E-03   2.48303E+02  9.97103E-03   2.49802E+02  1.01281E-02   2.51403E+02  1.02569E-02   2.53040E+02  1.03544E-02   2.54774E+02  1.04308E-02   2.56556E+02  1.04774E-02   2.58405E+02  1.05053E-02   2.60327E+02  1.05104E-02   2.62286E+02  1.04946E-02   2.64333E+02  1.04647E-02   2.66417E+02  1.04145E-02   2.68581E+02  1.03532E-02   2.70806E+02  1.02806E-02   2.73079E+02  1.01940E-02   2.75431E+02  1.00999E-02   2.77802E+02  9.99660E-03   2.80238E+02  9.88139E-03   2.82727E+02  9.76107E-03   2.85254E+02  9.63660E-03   2.87842E+02  9.50303E-03   2.90487E+02  9.36750E-03   2.93182E+02  9.23146E-03   2.95902E+02  9.09338E-03   2.98689E+02 
 0.00000E+00   0.00000E+00  0.00000E+00   0.00000E+00  0.00000E+00   0.00000E+00  0.00000E+00   0.00000E+00  0.00000E+00   0.00000E+00  0.00000E+00   0.00000E+00  0.00000E+00   0.00000E+00  0.00000E+00   0.00000E+00  0.00000E+00   0.00000E+00  0.00000E+00   0.00000E+00  0.00000E+00   0.00000E+00  0.00000E+00   0.00000E+00  0.00000E+00   0.00000E+00  0.00000E+00   0.00000E+00  0.00000E+00   0.00000E+00  0.00000E+00   0.00000E+00  0.00000E+00   0.00000E+00  0.00000E+00   0.00000E+00  0.00000E+00   0.00000E+00  0.00000E+00   0.00000E+00  0.00000E+00   0.00000E+00  0.00000E+00   0.00000E+00  0.00000E+00   0.00000E+00  0.00000E+00   0.00000E+00  0.00000E+00   0.00000E+00  0.00000E+00   0.00000E+00  0.00000E+00   0.00000E+00  0.00000E+00   0.00000E+00  0.00000E+00   0.00000E+00  0.00000E+00   0.00000E+00  0.00000E+00   0.00000E+00  0.00000E+00   0.00000E+00  0.00000E+00   0.00000E+00  0.00000E+00   0.00000E+00  0.00000E+00   0.00000E+00  0.00000E+00   0.00000E+00  0.00000E+00   0.00000E+00  0.00000E+00   0.00000E+00  2.31309E-17   2.34239E+02  1.07533E-03   2.34239E+02  2.14387E-03   2.34367E+02  3.19919E-03   2.34563E+02  4.23469E-03   2.34851E+02  5.24463E-03   2.35210E+02  6.22302E-03   2.35657E+02  7.16515E-03   2.36179E+02  8.06616E-03   2.36781E+02  8.92235E-03   2.37466E+02  9.73032E-03   2.38223E+02  1.04876E-02   2.39066E+02  1.11923E-02   2.39976E+02  1.18428E-02   2.40974E+02  1.24392E-02   2.42034E+02  1.29805E-02   2.43186E+02  1.34679E-02   2.44393E+02  1.39017E-02   2.45692E+02  1.42838E-02   2.47052E+02  1.46146E-02   2.48489E+02  1.48978E-02   2.50005E+02  1.51328E-02   2.51576E+02  1.53249E-02   2.53240E+02  1.54736E-02   2.54947E+02  1.55838E-02   2.56740E+02  1.56580E-02   2.58587E+02  1.56975E-02   2.60493E+02  1.57092E-02   2.62478E+02  1.56896E-02   2.64504E+02  1.56469E-02   2.66612E+02  1.55785E-02   2.68776E+02  1.54864E-02   2.70991E+02  1.53769E-02   2.73278E+02  1.52458E-02   2.75600E+02  1.51023E-02   2.77975E+02  1.49464E-02   2.80415E+02  1.47775E-02   2.82903E+02  1.46025E-02   2.85443E+02  1.44157E-02   2.88031E+02  1.42203E-02   2.90668E+02  1.40223E-02   2.93340E+02  1.38150E-02   2.96072E+02  1.36005E-02   2.98849E+02 
 0.00000E+00   0.00000E+00  0.00000E+00   0.00000E+00  0.00000E+00   0.00000E+00  0.00000E+00   0.00000E+00  0.00000E+00   0.00000E+00  0.00000E+00   0.00000E+00  0.00000E+00   0.00000E+00  0.00000E+00   0.00000E+00  0.00000E+00   0.00000E+00  0.00000E+00   0.00000E+00  0.00000E+00   0.00000E+00  0.00000E+00   0.00000E+00  0.00000E+00   0.00000E+00  0.00000E+00   0.00000E+00  0.00000E+00   0.00000E+00  0.00000E+00   0.00000E+00  0.00000E+00   0.00000E+00  0.00000E+00   0.00000E+00  0.00000E+00   0.00000E+00  0.00000E+00   0.00000E+00  0.00000E+00   0.00000E+00  0.00000E+00   0.00000E+00  0.00000E+00   0.00000E+00  0.00000E+00   0.00000E+00  0.00000E+00   0.00000E+00  0.00000E+00   0.00000E+00  0.00000E+00   0.00000E+00  0.00000E+00   0.00000E+00  0.00000E+00   0.00000E+00  0.00000E+00   0.00000E+00  0.00000E+00   0.00000E+00  0.00000E+00   0.00000E+00  0.00000E+00   0.00000E+00  0.00000E+00   0.00000E+00  0.00000E+00   0.00000E+00  0.00000E+00   0.00000E+00  0.00000E+00   0.00000E+00  0.00000E+00   0.00000E+00  3.06124E-17   2.34525E+02  1.42313E-03   2.34525E+02  2.83775E-03   2.34644E+02  4.23423E-03   2.34847E+02  5.60564E-03   2.35129E+02  6.94221E-03   2.35491E+02  8.23863E-03   2.35935E+02  9.48594E-03   2.36454E+02  1.06804E-02   2.37061E+02  1.18147E-02   2.37735E+02  1.28863E-02   2.38501E+02  1.38907E-02   2.39332E+02  1.48253E-02   2.40252E+02  1.56899E-02   2.41238E+02  1.64800E-02   2.42311E+02  1.72010E-02   2.43449E+02  1.78461E-02   2.44671E+02  1.84252E-02   2.45962E+02  1.89304E-02   2.47326E+02  1.93732E-02   2.48769E+02  1.97484E-02   2.50272E+02  2.00636E-02   2.51861E+02  2.03215E-02   2.53503E+02  2.05210E-02   2.55226E+02  2.06737E-02   2.57008E+02  2.07729E-02   2.58854E+02  2.08313E-02   2.60770E+02  2.08461E-02   2.62736E+02  2.08210E-02   2.64776E+02  2.07646E-02   2.66867E+02  2.06715E-02   2.69026E+02  2.05536E-02   2.71244E+02  2.04112E-02   2.73517E+02  2.02438E-02   2.75853E+02  2.00590E-02   2.78228E+02  1.98556E-02   2.80662E+02  1.96326E-02   2.83147E+02  1.93971E-02   2.85678E+02  1.91513E-02   2.88264E+02  1.88922E-02   2.90901E+02  1.86264E-02   2.93586E+02  1.83562E-02   2.96307E+02  1.80819E-02   2.99083E+02 
 0.00000E+00   0.00000E+00  0.00000E+00   0.00000E+00  0.00000E+00   0.00000E+00  0.00000E+00   0.00000E+00  0.00000E+00   0.00000E+00  0.00000E+00   0.00000E+00  0.00000E+00   0.00000E+00  0.00000E+00   0.00000E+00  0.00000E+00   0.00000E+00  0.00000E+00   0.00000E+00  0.00000E+00   0.00000E+00  0.00000E+00   0.00000E+00  0.00000E+00   0.00000E+00  0.00000E+00   0.00000E+00  0.00000E+00   0.00000E+00  0.00000E+00   0.00000E+00  0.00000E+00   0.00000E+00  0.00000E+00   0.00000E+00  0.00000E+00   0.00000E+00  0.00000E+00   0.00000E+00  0.00000E+00   0.00000E+00  0.00000E+00   0.00000E+00  0.00000E+00   0.00000E+00  0.00000E+00   0.00000E+00  0.00000E+00   0.00000E+00  0.00000E+00   0.00000E+00  0.00000E+00   0.00000E+00  0.00000E+00   0.00000E+00  0.00000E+00   0.00000E+00  0.00000E+00   0.00000E+00  0.00000E+00   0.00000E+00  0.00000E+00   0.00000E+00  0.00000E+00   0.00000E+00  0.00000E+00   0.00000E+00  0.00000E+00   0.00000E+00  0.00000E+00   0.00000E+00  0.00000E+00   0.00000E+00  0.00000E+00   0.00000E+00  3.79145E-17   2.34886E+02  1.76260E-03   2.34886E+02  3.51422E-03   2.35013E+02  5.24440E-03   2.35211E+02  6.94248E-03   2.35496E+02  8.59896E-03   2.35857E+02  1.02047E-02   2.36300E+02  1.17511E-02   2.36822E+02  1.32312E-02   2.37423E+02  1.46381E-02   2.38106E+02  1.59672E-02   2.38862E+02  1.72134E-02   2.39702E+02  1.83743E-02   2.40613E+02  1.94470E-02   2.41607E+02  2.04312E-02   2.42668E+02  2.13256E-02   2.43814E+02  2.21320E-02   2.45026E+02  2.28508E-02   2.46319E+02  2.34848E-02   2.47680E+02  2.40357E-02   2.49115E+02  2.45073E-02   2.50626E+02  2.49020E-02   2.52198E+02  2.52246E-02   2.53853E+02  2.54778E-02   2.55561E+02  2.56672E-02   2.57346E+02  2.57965E-02   2.59191E+02  2.58698E-02   2.61096E+02  2.58941E-02   2.63073E+02  2.58692E-02   2.65100E+02  2.58038E-02   2.67202E+02  2.56971E-02   2.69361E+02  2.55534E-02   2.71573E+02  2.53789E-02   2.73851E+02  2.51713E-02   2.76171E+02  2.49413E-02   2.78545E+02  2.46889E-02   2.80979E+02  2.44159E-02   2.83463E+02  2.41307E-02   2.85998E+02  2.38268E-02   2.88582E+02  2.35092E-02   2.91214E+02  2.31855E-02   2.93884E+02  2.28486E-02   2.96610E+02  2.25014E-02   2.99381E+02 
 0.00000E+00   0.00000E+00  0.00000E+00   0.00000E+00  0.00000E+00   0.00000E+00  0.00000E+00   0.00000E+00  0.00000E+00   0.00000E+00  0.00000E+00   0.00000E+00  0.00000E+00   0.00000E+00  0.00000E+00   0.00000E+00  0.00000E+00   0.00000E+00  0.00000E+00   0.00000E+00  0.00000E+00   0.00000E+00  0.00000E+00   0.00000E+00  0.00000E+00   0.00000E+00  0.00000E+00   0.00000E+00  0.00000E+00   0.00000E+00  0.00000E+00   0.00000E+00  0.00000E+00   0.00000E+00  0.00000E+00   0.00000E+00  0.00000E+00   0.00000E+00  0.00000E+00   0.00000E+00  0.00000E+00   0.00000E+00  0.00000E+00   0.00000E+00  0.00000E+00   0.00000E+00  0.00000E+00   0.00000E+00  0.00000E+00   0.00000E+00  0.00000E+00   0.00000E+00  0.00000E+00   0.00000E+00  0.00000E+00   0.00000E+00  0.00000E+00   0.00000E+00  0.00000E+00   0.00000E+00  0.00000E+00   0.00000E+00  0.00000E+00   0.00000E+00  0.00000E+00   0.00000E+00  0.00000E+00   0.00000E+00  0.00000E+00   0.00000E+00  0.00000E+00   0.00000E+00  0.00000E+00   0.00000E+00  0.00000E+00   0.00000E+00  4.49791E-17   2.35335E+02  2.09102E-03   2.35335E+02  4.16966E-03   2.35454E+02  6.22218E-03   2.35656E+02  8.23809E-03   2.35938E+02  1.02038E-02   2.36299E+02  1.21108E-02   2.36742E+02  1.39471E-02   2.37261E+02  1.57060E-02   2.37864E+02  1.73783E-02   2.38539E+02  1.89589E-02   2.39302E+02  2.04419E-02   2.40132E+02  2.18236E-02   2.41049E+02  2.31024E-02   2.42034E+02  2.42742E-02   2.43103E+02  2.53434E-02   2.44241E+02  2.63036E-02   2.45458E+02  2.71652E-02   2.46748E+02  2.79207E-02   2.48108E+02  2.85828E-02   2.49547E+02  2.91472E-02   2.51048E+02  2.96225E-02   2.52630E+02  3.00132E-02   2.54270E+02  3.03192E-02   2.55987E+02  3.05542E-02   2.57765E+02  3.07125E-02   2.59606E+02  3.08090E-02   2.61517E+02  3.08417E-02   2.63482E+02  3.08163E-02   2.65516E+02  3.07422E-02   2.67606E+02  3.06158E-02   2.69759E+02  3.04506E-02   2.71971E+02  3.02481E-02   2.74239E+02  3.00095E-02   2.76565E+02  2.97440E-02   2.78938E+02  2.94502E-02   2.81368E+02  2.91292E-02   2.83847E+02  2.87883E-02   2.86374E+02  2.84301E-02   2.88955E+02  2.80549E-02   2.91584E+02  2.76679E-02   2.94262E+02  2.72718E-02   2.96980E+02  2.68696E-02   2.99746E+02 
 0.00000E+00   0.00000E+00  0.00000E+00   0.00000E+00  0.00000E+00   0.00000E+00  0.00000E+00   0.00000E+00  0.00000E+00   0.00000E+00  0.00000E+00   0.00000E+00  0.00000E+00   0.00000E+00  0.00000E+00   0.00000E+00  0.00000E+00   0.00000E+00  0.00000E+00   0.00000E+00  0.00000E+00   0.00000E+00  0.00000E+00   0.00000E+00  0.00000E+00   0.00000E+00  0.00000E+00   0.00000E+00  0.00000E+00   0.00000E+00  0.00000E+00   0.00000E+00  0.00000E+00   0.00000E+00  0.00000E+00   0.00000E+00  0.00000E+00   0.00000E+00  0.00000E+00   0.00000E+00  0.00000E+00   0.00000E+00  0.00000E+00   0.00000E+00  0.00000E+00   0.00000E+00  0.00000E+00   0.00000E+00  0.00000E+00   0.00000E+00  0.00000E+00   0.00000E+00  0.00000E+00   0.00000E+00  0.00000E+00   0.00000E+00  0.00000E+00   0.00000E+00  0.00000E+00   0.00000E+00  0.00000E+00   0.00000E+00  0.00000E+00   0.00000E+00  0.00000E+00   0.00000E+00  0.00000E+00   0.00000E+00  0.00000E+00   0.00000E+00  0.00000E+00   0.00000E+00  0.00000E+00   0.00000E+00  0.00000E+00   0.00000E+00  5.17892E-17   2.35859E+02  2.40762E-03   2.35859E+02  4.80051E-03   2.35981E+02  7.16454E-03   2.36182E+02  9.48559E-03   2.36464E+02  1.17505E-02   2.36824E+02  1.39473E-02   2.37266E+02  1.60641E-02   2.37787E+02  1.80921E-02   2.38386E+02  2.00208E-02   2.39066E+02  2.18453E-02   2.39821E+02  2.35572E-02   2.40658E+02  2.51545E-02   2.41567E+02  2.66320E-02   2.42557E+02  2.79899E-02   2.43618E+02  2.92262E-02   2.44759E+02  3.03429E-02   2.45970E+02  3.13407E-02   2.47258E+02  3.22227E-02   2.48617E+02  3.29923E-02   2.50048E+02  3.36528E-02   2.51554E+02  3.42098E-02   2.53124E+02  3.46670E-02   2.54771E+02  3.50305E-02   2.56477E+02  3.53059E-02   2.58255E+02  3.54985E-02   2.60094E+02  3.56148E-02   2.61995E+02  3.56612E-02   2.63965E+02  3.56414E-02   2.65989E+02  3.55641E-02   2.68083E+02  3.54302E-02   2.70237E+02  3.52472E-02   2.72443E+02  3.50192E-02   2.74713E+02  3.47473E-02   2.77028E+02  3.44429E-02   2.79396E+02  3.41055E-02   2.81824E+02  3.37401E-02   2.84301E+02  3.33561E-02   2.86829E+02  3.29466E-02   2.89407E+02  3.25183E-02   2.92032E+02  3.20795E-02   2.94697E+02  3.16240E-02   2.97416E+02  3.11546E-02   3.00179E+02 
 0.00000E+00   0.00000E+00  0.00000E+00   0.00000E+00  0.00000E+00   0.00000E+00  0.00000E+00   0.00000E+00  0.00000E+00   0.00000E+00  0.00000E+00   0.00000E+00  0.00000E+00   0.00000E+00  0.00000E+00   0.00000E+00  0.00000E+00   0.00000E+00  0.00000E+00   0.00000E+00  0.00000E+00   0.00000E+00  0.00000E+00   0.00000E+00  0.00000E+00   0.00000E+00  0.00000E+00   0.00000E+00  0.00000E+00   0.00000E+00  0.00000E+00   0.00000E+00  0.00000E+00   0.00000E+00  0.00000E+00   0.00000E+00  0.00000E+00   0.00000E+00  0.00000E+00   0.00000E+00  0.00000E+00   0.00000E+00  0.00000E+00   0.00000E+00  0.00000E+00   0.00000E+00  0.00000E+00   0.00000E+00  0.00000E+00   0.00000E+00  0.00000E+00   0.00000E+00  0.00000E+00   0.00000E+00  0.00000E+00   0.00000E+00  0.00000E+00   0.00000E+00  0.00000E+00   0.00000E+00  0.00000E+00   0.00000E+00  0.00000E+00   0.00000E+00  0.00000E+00   0.00000E+00  0.00000E+00   0.00000E+00  0.00000E+00   0.00000E+00  0.00000E+00   0.00000E+00  0.00000E+00   0.00000E+00  0.00000E+00   0.00000E+00  5.82910E-17   2.36465E+02  2.70988E-03   2.36465E+02  5.40380E-03   2.36587E+02  8.06476E-03   2.36785E+02  1.06789E-02   2.37068E+02  1.32294E-02   2.37427E+02  1.57050E-02   2.37869E+02  1.80906E-02   2.38386E+02  2.03775E-02   2.38987E+02  2.25539E-02   2.39660E+02  2.46132E-02   2.40420E+02  2.65478E-02   2.41248E+02  2.83529E-02   2.42161E+02  3.00260E-02   2.43144E+02  3.15626E-02   2.44209E+02  3.29663E-02   2.45344E+02  3.42316E-02   2.46556E+02  3.53681E-02   2.47843E+02  3.63696E-02   2.49199E+02  3.72491E-02   2.50633E+02  3.80029E-02   2.52130E+02  3.86412E-02   2.53706E+02  3.91690E-02   2.55341E+02  3.95879E-02   2.57050E+02  3.99130E-02   2.58823E+02  4.01395E-02   2.60658E+02  4.02843E-02   2.62562E+02  4.03463E-02   2.64522E+02  4.03326E-02   2.66549E+02  4.02537E-02   2.68635E+02  4.01073E-02   2.70780E+02  3.99083E-02   2.72986E+02  3.96591E-02   2.75246E+02  3.93631E-02   2.77561E+02  3.90305E-02   2.79929E+02  3.86602E-02   2.82352E+02  3.82555E-02   2.84823E+02  3.78228E-02   2.87344E+02  3.73652E-02   2.89918E+02  3.68870E-02   2.92538E+02  3.63918E-02   2.95207E+02  3.58818E-02   2.97919E+02  3.53639E-02   3.00674E+02 
 0.00000E+00   0.00000E+00  0.00000E+00   0.00000E+00  0.00000E+00   0.00000E+00  0.00000E+00   0.00000E+00  0.00000E+00   0.00000E+00  0.00000E+00   0.00000E+00  0.00000E+00   0.00000E+00  0.00000E+00   0.00000E+00  0.00000E+00   0.00000E+00  0.00000E+00   0.00000E+00  0.00000E+00   0.00000E+00  0.00000E+00   0.00000E+00  0.00000E+00   0.00000E+00  0.00000E+00   0.00000E+00  0.00000E+00   0.00000E+00  0.00000E+00   0.00000E+00  0.00000E+00   0.00000E+00  0.00000E+00   0.00000E+00  0.00000E+00   0.00000E+00  0.00000E+00   0.00000E+00  0.00000E+00   0.00000E+00  0.00000E+00   0.00000E+00  0.00000E+00   0.00000E+00  0.00000E+00   0.00000E+00  0.00000E+00   0.00000E+00  0.00000E+00   0.00000E+00  0.00000E+00   0.00000E+00  0.00000E+00   0.00000E+00  0.00000E+00   0.00000E+00  0.00000E+00   0.00000E+00  0.00000E+00   0.00000E+00  0.00000E+00   0.00000E+00  0.00000E+00   0.00000E+00  0.00000E+00   0.00000E+00  0.00000E+00   0.00000E+00  0.00000E+00   0.00000E+00  0.00000E+00   0.00000E+00  0.00000E+00   0.00000E+00  6.44756E-17   2.37150E+02  2.99739E-03   2.37150E+02  5.97699E-03   2.37269E+02  8.92123E-03   2.37471E+02  1.18133E-02   2.37750E+02  1.46366E-02   2.38111E+02  1.73772E-02   2.38550E+02  2.00197E-02   2.39069E+02  2.25541E-02   2.39666E+02  2.49667E-02   2.40344E+02  2.72522E-02   2.41096E+02  2.93991E-02   2.41929E+02  3.14062E-02   2.42836E+02  3.32652E-02   2.43822E+02  3.49781E-02   2.44881E+02  3.65404E-02   2.46016E+02  3.79552E-02   2.47225E+02  3.92235E-02   2.48507E+02  4.03477E-02   2.49863E+02  4.13336E-02   2.51288E+02  4.21829E-02   2.52788E+02  4.29048E-02   2.54353E+02  4.35013E-02   2.55992E+02  4.39821E-02   2.57693E+02  4.43520E-02   2.59462E+02  4.46180E-02   2.61296E+02  4.47890E-02   2.63189E+02  4.48695E-02   2.65151E+02  4.48683E-02   2.67170E+02  4.47929E-02   2.69255E+02  4.46463E-02   2.71401E+02  4.44392E-02   2.73600E+02  4.41733E-02   2.75860E+02  4.38531E-02   2.78167E+02  4.34900E-02   2.80527E+02  4.30830E-02   2.82947E+02  4.26405E-02   2.85415E+02  4.21727E-02   2.87935E+02  4.16728E-02   2.90504E+02  4.11489E-02   2.93120E+02  4.06089E-02   2.95777E+02  4.00493E-02   2.98486E+02  3.94719E-02   3.01240E+02 
 0.00000E+00   0.00000E+00  0.00000E+00   0.00000E+00  0.00000E+00   0.00000E+00  0.00000E+00   0.00000E+00  0.00000E+00   0.00000E+00  0.00000E+00   0.00000E+00  0.00000E+00   0.00000E+00  0.00000E+00   0.00000E+00  0.00000E+00   0.00000E+00  0.00000E+00   0.00000E+00  0.00000E+00   0.00000E+00  0.00000E+00   0.00000E+00  0.00000E+00   0.00000E+00  0.00000E+00   0.00000E+00  0.00000E+00   0.00000E+00  0.00000E+00   0.00000E+00  0.00000E+00   0.00000E+00  0.00000E+00   0.00000E+00  0.00000E+00   0.00000E+00  0.00000E+00   0.00000E+00  0.00000E+00   0.00000E+00  0.00000E+00   0.00000E+00  0.00000E+00   0.00000E+00  0.00000E+00   0.00000E+00  0.00000E+00   0.00000E+00  0.00000E+00   0.00000E+00  0.00000E+00   0.00000E+00  0.00000E+00   0.00000E+00  0.00000E+00   0.00000E+00  0.00000E+00   0.00000E+00  0.00000E+00   0.00000E+00  0.00000E+00   0.00000E+00  0.00000E+00   0.00000E+00  0.00000E+00   0.00000E+00  0.00000E+00   0.00000E+00  0.00000E+00   0.00000E+00  0.00000E+00   0.00000E+00  0.00000E+00   0.00000E+00  7.03020E-17   2.37913E+02  3.26825E-03   2.37913E+02  6.51759E-03   2.38035E+02  9.72835E-03   2.38233E+02  1.28836E-02   2.38514E+02  1.59643E-02   2.38872E+02  1.89561E-02   2.39312E+02  2.18422E-02   2.39827E+02  2.46113E-02   2.40426E+02  2.72500E-02   2.41097E+02  2.97500E-02   2.41852E+02  3.21023E-02   2.42678E+02  3.43011E-02   2.43586E+02  3.63427E-02   2.44566E+02  3.82226E-02   2.45625E+02  3.99431E-02   2.46757E+02  4.14999E-02   2.47964E+02  4.29010E-02   2.49245E+02  4.41422E-02   2.50596E+02  4.52354E-02   2.52024E+02  4.61784E-02   2.53515E+02  4.69823E-02   2.55083E+02  4.76517E-02   2.56713E+02  4.81910E-02   2.58413E+02  4.86147E-02   2.60178E+02  4.89203E-02   2.62005E+02  4.91255E-02   2.63901E+02  4.92298E-02   2.65854E+02  4.92428E-02   2.67874E+02  4.91741E-02   2.69953E+02  4.90241E-02   2.72088E+02  4.88080E-02   2.74285E+02  4.85282E-02   2.76535E+02  4.81920E-02   2.78839E+02  4.78089E-02   2.81199E+02  4.73787E-02   2.83612E+02  4.69080E-02   2.86074E+02  4.64005E-02   2.88587E+02  4.58600E-02   2.91150E+02  4.52953E-02   2.93759E+02  4.47080E-02   2.96418E+02  4.40996E-02   2.99121E+02  4.34806E-02   3.01864E+02 
 0.00000E+00   0.00000E+00  0.00000E+00   0.00000E+00  0.00000E+00   0.00000E+00  0.00000E+00   0.00000E+00  0.00000E+00   0.00000E+00  0.00000E+00   0.00000E+00  0.00000E+00   0.00000E+00  0.00000E+00   0.00000E+00  0.00000E+00   0.00000E+00  0.00000E+00   0.00000E+00  0.00000E+00   0.00000E+00  0.00000E+00   0.00000E+00  0.00000E+00   0.00000E+00  0.00000E+00   0.00000E+00  0.00000E+00   0.00000E+00  0.00000E+00   0.00000E+00  0.00000E+00   0.00000E+00  0.00000E+00   0.00000E+00  0.00000E+00   0.00000E+00  0.00000E+00   0.00000E+00  0.00000E+00   0.00000E+00  0.00000E+00   0.00000E+00  0.00000E+00   0.00000E+00  0.00000E+00   0.00000E+00  0.00000E+00   0.00000E+00  0.00000E+00   0.00000E+00  0.00000E+00   0.00000E+00  0.00000E+00   0.00000E+00  0.00000E+00   0.00000E+00  0.00000E+00   0.00000E+00  0.00000E+00   0.00000E+00  0.00000E+00   0.00000E+00  0.00000E+00   0.00000E+00  0.00000E+00   0.00000E+00  0.00000E+00   0.00000E+00  0.00000E+00   0.00000E+00  0.00000E+00   0.00000E+00  0.00000E+00   0.00000E+00  7.57682E-17   2.38755E+02  3.52237E-03   2.38755E+02  7.02436E-03   2.38874E+02  1.04858E-02   2.39074E+02  1.38876E-02   2.39352E+02  1.72106E-02   2.39712E+02  2.04388E-02   2.40148E+02  2.35543E-02   2.40666E+02  2.65458E-02   2.41259E+02  2.93971E-02   2.41934E+02  3.21024E-02   2.42683E+02  3.46476E-02   2.43512E+02  3.70320E-02   2.44416E+02  3.92446E-02   2.45396E+02  4.12887E-02   2.46452E+02  4.31574E-02   2.47581E+02  4.48554E-02   2.48786E+02  4.63825E-02   2.50061E+02  4.77413E-02   2.51412E+02  4.89392E-02   2.52831E+02  4.99761E-02   2.54323E+02  5.08649E-02   2.55882E+02  5.16051E-02   2.57511E+02  5.22104E-02   2.59206E+02  5.26841E-02   2.60965E+02  5.30347E-02   2.62790E+02  5.32730E-02   2.64676E+02  5.34019E-02   2.66628E+02  5.34345E-02   2.68640E+02  5.33767E-02   2.70714E+02  5.32344E-02   2.72850E+02  5.30202E-02   2.75039E+02  5.27346E-02   2.77287E+02  5.23845E-02   2.79584E+02  5.19812E-02   2.81937E+02  5.15235E-02   2.84345E+02  5.10219E-02   2.86801E+02  5.04875E-02   2.89311E+02  4.99154E-02   2.91870E+02  4.93138E-02   2.94474E+02  4.86897E-02   2.97121E+02  4.80428E-02   2.99818E+02  4.73748E-02   3.02561E+02 
 0.00000E+00   0.00000E+00  0.00000E+00   0.00000E+00  0.00000E+00   0.00000E+00  0.00000E+00   0.00000E+00  0.00000E+00   0.00000E+00  0.00000E+00   0.00000E+00  0.00000E+00   0.00000E+00  0.00000E+00   0.00000E+00  0.00000E+00   0.00000E+00  0.00000E+00   0.00000E+00  0.00000E+00   0.00000E+00  0.00000E+00   0.00000E+00  0.00000E+00   0.00000E+00  0.00000E+00   0.00000E+00  0.00000E+00   0.00000E+00  0.00000E+00   0.00000E+00  0.00000E+00   0.00000E+00  0.00000E+00   0.00000E+00  0.00000E+00   0.00000E+00  0.00000E+00   0.00000E+00  0.00000E+00   0.00000E+00  0.00000E+00   0.00000E+00  0.00000E+00   0.00000E+00  0.00000E+00   0.00000E+00  0.00000E+00   0.00000E+00  0.00000E+00   0.00000E+00  0.00000E+00   0.00000E+00  0.00000E+00   0.00000E+00  0.00000E+00   0.00000E+00  0.00000E+00   0.00000E+00  0.00000E+00   0.00000E+00  0.00000E+00   0.00000E+00  0.00000E+00   0.00000E+00  0.00000E+00   0.00000E+00  0.00000E+00   0.00000E+00  0.00000E+00   0.00000E+00  0.00000E+00   0.00000E+00  0.00000E+00   0.00000E+00  8.08442E-17   2.39677E+02  3.75835E-03   2.39677E+02  7.49535E-03   2.39796E+02  1.11896E-02   2.39995E+02  1.48213E-02   2.40274E+02  1.83700E-02   2.40630E+02  2.18187E-02   2.41067E+02  2.51496E-02   2.41580E+02  2.83486E-02   2.42175E+02  3.14017E-02   2.42844E+02  3.42985E-02   2.43594E+02  3.70290E-02   2.44417E+02  3.95869E-02   2.45320E+02  4.19664E-02   2.46296E+02  4.41643E-02   2.47349E+02  4.61799E-02   2.48476E+02  4.80116E-02   2.49676E+02  4.96643E-02   2.50951E+02  5.11364E-02   2.52296E+02  5.24382E-02   2.53716E+02  5.35688E-02   2.55200E+02  5.45396E-02   2.56759E+02  5.53549E-02   2.58381E+02  5.60220E-02   2.60071E+02  5.65529E-02   2.61827E+02  5.69490E-02   2.63644E+02  5.72270E-02   2.65531E+02  5.73877E-02   2.67475E+02  5.74433E-02   2.69485E+02  5.74016E-02   2.71555E+02  5.72662E-02   2.73680E+02  5.70518E-02   2.75865E+02  5.67596E-02   2.78103E+02  5.64024E-02   2.80394E+02  5.59875E-02   2.82744E+02  5.55160E-02   2.85147E+02  5.49991E-02   2.87597E+02  5.44362E-02   2.90099E+02  5.38319E-02   2.92649E+02  5.31996E-02   2.95245E+02  5.25385E-02   2.97892E+02  5.18503E-02   3.00585E+02  5.11466E-02   3.03314E+02 
 0.00000E+00   0.00000E+00  0.00000E+00   0.00000E+00  0.00000E+00   0.00000E+00  0.00000E+00   0.00000E+00  0.00000E+00   0.00000E+00  0.00000E+00   0.00000E+00  0.00000E+00   0.00000E+00  0.00000E+00   0.00000E+00  0.00000E+00   0.00000E+00  0.00000E+00   0.00000E+00  0.00000E+00   0.00000E+00  0.00000E+00   0.00000E+00  0.00000E+00   0.00000E+00  0.00000E+00   0.00000E+00  0.00000E+00   0.00000E+00  0.00000E+00   0.00000E+00  0.00000E+00   0.00000E+00  0.00000E+00   0.00000E+00  0.00000E+00   0.00000E+00  0.00000E+00   0.00000E+00  0.00000E+00   0.00000E+00  0.00000E+00   0.00000E+00  0.00000E+00   0.00000E+00  0.00000E+00   0.00000E+00  0.00000E+00   0.00000E+00  0.00000E+00   0.00000E+00  0.00000E+00   0.00000E+00  0.00000E+00   0.00000E+00  0.00000E+00   0.00000E+00  0.00000E+00   0.00000E+00  0.00000E+00   0.00000E+00  0.00000E+00   0.00000E+00  0.00000E+00   0.00000E+00  0.00000E+00   0.00000E+00  0.00000E+00   0.00000E+00  0.00000E+00   0.00000E+00  0.00000E+00   0.00000E+00  0.00000E+00   0.00000E+00  8.55342E-17   2.40671E+02  3.97638E-03   2.40671E+02  7.93058E-03   2.40790E+02  1.18402E-02   2.40989E+02  1.56846E-02   2.41265E+02  1.94426E-02   2.41623E+02  2.30965E-02   2.42057E+02  2.66268E-02   2.42572E+02  3.00209E-02   2.43162E+02  3.32606E-02   2.43833E+02  3.63396E-02   2.44578E+02  3.92417E-02   2.45402E+02  4.19665E-02   2.46302E+02  4.45007E-02   2.47276E+02  4.68485E-02   2.48327E+02  4.90009E-02   2.49450E+02  5.09639E-02   2.50649E+02  5.27353E-02   2.51918E+02  5.43192E-02   2.53262E+02  5.57224E-02   2.54672E+02  5.69445E-02   2.56156E+02  5.80009E-02   2.57706E+02  5.88882E-02   2.59324E+02  5.96244E-02   2.61010E+02  6.02104E-02   2.62758E+02  6.06570E-02   2.64575E+02  6.09755E-02   2.66451E+02  6.11675E-02   2.68392E+02  6.12501E-02   2.70395E+02  6.12266E-02   2.72457E+02  6.11068E-02   2.74579E+02  6.09031E-02   2.76757E+02  6.06170E-02   2.78991E+02  6.02576E-02   2.81278E+02  5.98337E-02   2.83619E+02  5.93462E-02   2.86014E+02  5.88059E-02   2.88458E+02  5.82238E-02   2.90955E+02  5.75994E-02   2.93500E+02  5.69403E-02   2.96092E+02  5.62507E-02   2.98728E+02  5.55349E-02   3.01410E+02  5.47959E-02   3.04138E+02 
 0.00000E+00   0.00000E+00  0.00000E+00   0.00000E+00  0.00000E+00   0.00000E+00  0.00000E+00   0.00000E+00  0.00000E+00   0.00000E+00  0.00000E+00   0.00000E+00  0.00000E+00   0.00000E+00  0.00000E+00   0.00000E+00  0.00000E+00   0.00000E+00  0.00000E+00   0.00000E+00  0.00000E+00   0.00000E+00  0.00000E+00   0.00000E+00  0.00000E+00   0.00000E+00  0.00000E+00   0.00000E+00  0.00000E+00   0.00000E+00  0.00000E+00   0.00000E+00  0.00000E+00   0.00000E+00  0.00000E+00   0.00000E+00  0.00000E+00   0.00000E+00  0.00000E+00   0.00000E+00  0.00000E+00   0.00000E+00  0.00000E+00   0.00000E+00  0.00000E+00   0.00000E+00  0.00000E+00   0.00000E+00  0.00000E+00   0.00000E+00  0.00000E+00   0.00000E+00  0.00000E+00   0.00000E+00  0.00000E+00   0.00000E+00  0.00000E+00   0.00000E+00  0.00000E+00   0.00000E+00  0.00000E+00   0.00000E+00  0.00000E+00   0.00000E+00  0.00000E+00   0.00000E+00  0.00000E+00   0.00000E+00  0.00000E+00   0.00000E+00  0.00000E+00   0.00000E+00  0.00000E+00   0.00000E+00  0.00000E+00   0.00000E+00  8.98251E-17   2.41749E+02  4.17586E-03   2.41749E+02  8.32844E-03   2.41866E+02  1.24356E-02   2.42064E+02  1.64747E-02   2.42341E+02  2.04253E-02   2.42696E+02  2.42673E-02   2.43130E+02  2.79829E-02   2.43641E+02  3.15555E-02   2.44231E+02  3.49710E-02   2.44897E+02  3.82168E-02   2.45642E+02  4.12825E-02   2.46461E+02  4.41610E-02   2.47358E+02  4.68447E-02   2.48329E+02  4.93317E-02   2.49375E+02  5.16178E-02   2.50496E+02  5.37048E-02   2.51689E+02  5.55931E-02   2.52956E+02  5.72854E-02   2.54293E+02  5.87877E-02   2.55703E+02  6.01028E-02   2.57180E+02  6.12404E-02   2.58727E+02  6.22047E-02   2.60340E+02  6.30057E-02   2.62019E+02  6.36517E-02   2.63764E+02  6.41496E-02   2.65572E+02  6.45121E-02   2.67446E+02  6.47435E-02   2.69381E+02  6.48575E-02   2.71379E+02  6.48595E-02   2.73437E+02  6.47576E-02   2.75550E+02  6.45642E-02   2.77721E+02  6.42797E-02   2.79946E+02  6.39213E-02   2.82224E+02  6.34944E-02   2.84561E+02  6.30013E-02   2.86950E+02  6.24586E-02   2.89387E+02  6.18614E-02   2.91876E+02  6.12146E-02   2.94412E+02  6.05344E-02   2.96993E+02  5.98192E-02   2.99626E+02  5.90718E-02   3.02305E+02  5.83020E-02   3.05020E+02 
 0.00000E+00   0.00000E+00  0.00000E+00   0.00000E+00  0.00000E+00   0.00000E+00  0.00000E+00   0.00000E+00  0.00000E+00   0.00000E+00  0.00000E+00   0.00000E+00  0.00000E+00   0.00000E+00  0.00000E+00   0.00000E+00  0.00000E+00   0.00000E+00  0.00000E+00   0.00000E+00  0.00000E+00   0.00000E+00  0.00000E+00   0.00000E+00  0.00000E+00   0.00000E+00  0.00000E+00   0.00000E+00  0.00000E+00   0.00000E+00  0.00000E+00   0.00000E+00  0.00000E+00   0.00000E+00  0.00000E+00   0.00000E+00  0.00000E+00   0.00000E+00  0.00000E+00   0.00000E+00  0.00000E+00   0.00000E+00  0.00000E+00   0.00000E+00  0.00000E+00   0.00000E+00  0.00000E+00   0.00000E+00  0.00000E+00   0.00000E+00  0.00000E+00   0.00000E+00  0.00000E+00   0.00000E+00  0.00000E+00   0.00000E+00  0.00000E+00   0.00000E+00  0.00000E+00   0.00000E+00  0.00000E+00   0.00000E+00  0.00000E+00   0.00000E+00  0.00000E+00   0.00000E+00  0.00000E+00   0.00000E+00  0.00000E+00   0.00000E+00  0.00000E+00   0.00000E+00  0.00000E+00   0.00000E+00  0.00000E+00   0.00000E+00  9.37191E-17   2.42894E+02  4.35688E-03   2.42894E+02  8.69026E-03   2.43012E+02  1.29766E-02   2.43210E+02  1.71935E-02   2.43484E+02  2.13194E-02   2.43839E+02  2.53342E-02   2.44270E+02  2.92185E-02   2.44782E+02  3.29572E-02   2.45368E+02  3.65325E-02   2.46035E+02  3.99357E-02   2.46776E+02  4.31510E-02   2.47594E+02  4.61759E-02   2.48489E+02  4.89971E-02   2.49457E+02  5.16180E-02   2.50502E+02  5.40286E-02   2.51617E+02  5.62357E-02   2.52810E+02  5.82345E-02   2.54070E+02  6.00316E-02   2.55405E+02  6.16312E-02   2.56807E+02  6.30344E-02   2.58280E+02  6.42565E-02   2.59820E+02  6.52933E-02   2.61427E+02  6.61653E-02   2.63101E+02  6.68706E-02   2.64838E+02  6.74236E-02   2.66644E+02  6.78338E-02   2.68509E+02  6.81038E-02   2.70439E+02  6.82520E-02   2.72430E+02  6.82797E-02   2.74477E+02  6.82008E-02   2.76585E+02  6.80251E-02   2.78749E+02  6.77575E-02   2.80967E+02  6.74093E-02   2.83242E+02  6.69846E-02   2.85571E+02  6.64895E-02   2.87950E+02  6.59326E-02   2.90380E+02  6.53222E-02   2.92863E+02  6.46662E-02   2.95391E+02  6.39706E-02   2.97969E+02  6.32357E-02   3.00592E+02  6.24704E-02   3.03257E+02  6.16801E-02   3.05968E+02 
 0.00000E+00   0.00000E+00  0.00000E+00   0.00000E+00  0.00000E+00   0.00000E+00  0.00000E+00   0.00000E+00  0.00000E+00   0.00000E+00  0.00000E+00   0.00000E+00  0.00000E+00   0.00000E+00  0.00000E+00   0.00000E+00  0.00000E+00   0.00000E+00  0.00000E+00   0.00000E+00  0.00000E+00   0.00000E+00  0.00000E+00   0.00000E+00  0.00000E+00   0.00000E+00  0.00000E+00   0.00000E+00  0.00000E+00   0.00000E+00  0.00000E+00   0.00000E+00  0.00000E+00   0.00000E+00  0.00000E+00   0.00000E+00  0.00000E+00   0.00000E+00  0.00000E+00   0.00000E+00  0.00000E+00   0.00000E+00  0.00000E+00   0.00000E+00  0.00000E+00   0.00000E+00  0.00000E+00   0.00000E+00  0.00000E+00   0.00000E+00  0.00000E+00   0.00000E+00  0.00000E+00   0.00000E+00  0.00000E+00   0.00000E+00  0.00000E+00   0.00000E+00  0.00000E+00   0.00000E+00  0.00000E+00   0.00000E+00  0.00000E+00   0.00000E+00  0.00000E+00   0.00000E+00  0.00000E+00   0.00000E+00  0.00000E+00   0.00000E+00  0.00000E+00   0.00000E+00  0.00000E+00   0.00000E+00  0.00000E+00   0.00000E+00  9.72210E-17   2.44121E+02  4.51968E-03   2.44121E+02  9.01496E-03   2.44239E+02  1.34630E-02   2.44435E+02  1.78397E-02   2.44710E+02  2.21244E-02   2.45063E+02  2.62946E-02   2.45493E+02  3.03337E-02   2.46002E+02  3.42216E-02   2.46588E+02  3.79457E-02   2.47251E+02  4.14906E-02   2.47989E+02  4.48466E-02   2.48805E+02  4.80046E-02   2.49694E+02  5.09568E-02   2.50660E+02  5.37012E-02   2.51698E+02  5.62311E-02   2.52812E+02  5.85513E-02   2.53996E+02  6.06567E-02   2.55254E+02  6.25561E-02   2.56582E+02  6.42487E-02   2.57980E+02  6.57430E-02   2.59448E+02  6.70446E-02   2.60983E+02  6.81592E-02   2.62585E+02  6.90986E-02   2.64252E+02  6.98661E-02   2.65986E+02  7.04755E-02   2.67782E+02  7.09335E-02   2.69643E+02  7.12488E-02   2.71566E+02  7.14358E-02   2.73549E+02  7.14974E-02   2.75593E+02  7.14468E-02   2.77692E+02  7.12928E-02   2.79848E+02  7.10369E-02   2.82059E+02  7.06973E-02   2.84323E+02  7.02781E-02   2.86645E+02  6.97843E-02   2.89017E+02  6.92346E-02   2.91440E+02  6.86243E-02   2.93914E+02  6.79580E-02   2.96433E+02  6.72501E-02   2.98999E+02  6.65006E-02   3.01615E+02  6.57161E-02   3.04278E+02  6.49001E-02   3.06978E+02 
 0.00000E+00   0.00000E+00  0.00000E+00   0.00000E+00  0.00000E+00   0.00000E+00  0.00000E+00   0.00000E+00  0.00000E+00   0.00000E+00  0.00000E+00   0.00000E+00  0.00000E+00   0.00000E+00  0.00000E+00   0.00000E+00  0.00000E+00   0.00000E+00  0.00000E+00   0.00000E+00  0.00000E+00   0.00000E+00  0.00000E+00   0.00000E+00  0.00000E+00   0.00000E+00  0.00000E+00   0.00000E+00  0.00000E+00   0.00000E+00  0.00000E+00   0.00000E+00  0.00000E+00   0.00000E+00  0.00000E+00   0.00000E+00  0.00000E+00   0.00000E+00  0.00000E+00   0.00000E+00  0.00000E+00   0.00000E+00  0.00000E+00   0.00000E+00  0.00000E+00   0.00000E+00  0.00000E+00   0.00000E+00  0.00000E+00   0.00000E+00  0.00000E+00   0.00000E+00  0.00000E+00   0.00000E+00  0.00000E+00   0.00000E+00  0.00000E+00   0.00000E+00  0.00000E+00   0.00000E+00  0.00000E+00   0.00000E+00  0.00000E+00   0.00000E+00  0.00000E+00   0.00000E+00  0.00000E+00   0.00000E+00  0.00000E+00   0.00000E+00  0.00000E+00   0.00000E+00  0.00000E+00   0.00000E+00  0.00000E+00   0.00000E+00  1.00333E-16   2.45418E+02  4.66437E-03   2.45418E+02  9.30425E-03   2.45533E+02  1.38961E-02   2.45730E+02  1.84159E-02   2.46003E+02  2.28421E-02   2.46355E+02  2.71532E-02   2.46784E+02  3.13300E-02   2.47291E+02  3.53552E-02   2.47873E+02  3.92123E-02   2.48534E+02  4.28890E-02   2.49270E+02  4.63722E-02   2.50082E+02  4.96551E-02   2.50970E+02  5.27273E-02   2.51932E+02  5.55885E-02   2.52969E+02  5.82300E-02   2.54077E+02  6.06573E-02   2.55260E+02  6.28652E-02   2.56512E+02  6.48609E-02   2.57837E+02  6.66459E-02   2.59228E+02  6.82245E-02   2.60690E+02  6.96080E-02   2.62218E+02  7.07952E-02   2.63812E+02  7.18048E-02   2.65475E+02  7.26350E-02   2.67200E+02  7.33027E-02   2.68992E+02  7.38138E-02   2.70846E+02  7.41756E-02   2.72761E+02  7.44035E-02   2.74738E+02  7.44985E-02   2.76770E+02  7.44781E-02   2.78862E+02  7.43473E-02   2.81010E+02  7.41162E-02   2.83212E+02  7.37982E-02   2.85473E+02  7.33920E-02   2.87787E+02  7.29108E-02   2.90148E+02  7.23596E-02   2.92563E+02  7.17420E-02   2.95028E+02  7.10746E-02   2.97539E+02  7.03625E-02   3.00101E+02  6.96036E-02   3.02709E+02  6.88084E-02   3.05356E+02  6.79860E-02   3.08048E+02 
 0.00000E+00   0.00000E+00  0.00000E+00   0.00000E+00  0.00000E+00   0.00000E+00  0.00000E+00   0.00000E+00  0.00000E+00   0.00000E+00  0.00000E+00   0.00000E+00  0.00000E+00   0.00000E+00  0.00000E+00   0.00000E+00  0.00000E+00   0.00000E+00  0.00000E+00   0.00000E+00  0.00000E+00   0.00000E+00  0.00000E+00   0.00000E+00  0.00000E+00   0.00000E+00  0.00000E+00   0.00000E+00  0.00000E+00   0.00000E+00  0.00000E+00   0.00000E+00  0.00000E+00   0.00000E+00  0.00000E+00   0.00000E+00  0.00000E+00   0.00000E+00  0.00000E+00   0.00000E+00  0.00000E+00   0.00000E+00  0.00000E+00   0.00000E+00  0.00000E+00   0.00000E+00  0.00000E+00   0.00000E+00  0.00000E+00   0.00000E+00  0.00000E+00   0.00000E+00  0.00000E+00   0.00000E+00  0.00000E+00   0.00000E+00  0.00000E+00   0.00000E+00  0.00000E+00   0.00000E+00  0.00000E+00   0.00000E+00  0.00000E+00   0.00000E+00  0.00000E+00   0.00000E+00  0.00000E+00   0.00000E+00  0.00000E+00   0.00000E+00  0.00000E+00   0.00000E+00  0.00000E+00   0.00000E+00  0.00000E+00   0.00000E+00  1.03070E-16   2.46789E+02  4.79160E-03   2.46789E+02  9.55838E-03   2.46908E+02  1.42771E-02   2.47102E+02  1.89227E-02   2.47375E+02  2.34750E-02   2.47725E+02  2.79097E-02   2.48152E+02  3.22112E-02   2.48658E+02  3.63568E-02   2.49238E+02  4.03358E-02   2.49897E+02  4.41295E-02   2.50630E+02  4.77302E-02   2.51440E+02  5.11257E-02   2.52322E+02  5.43098E-02   2.53282E+02  5.72780E-02   2.54311E+02  6.00241E-02   2.55417E+02  6.25526E-02   2.56591E+02  6.48558E-02   2.57839E+02  6.69464E-02   2.59156E+02  6.88170E-02   2.60542E+02  7.04828E-02   2.61998E+02  7.19430E-02   2.63519E+02  7.32072E-02   2.65110E+02  7.42860E-02   2.66764E+02  7.51801E-02   2.68485E+02  7.59085E-02   2.70269E+02  7.64711E-02   2.72115E+02  7.68828E-02   2.74025E+02  7.71544E-02   2.75991E+02  7.72902E-02   2.78018E+02  7.73065E-02   2.80102E+02  7.72079E-02   2.82241E+02  7.70012E-02   2.84437E+02  7.66996E-02   2.86687E+02  7.63076E-02   2.88990E+02  7.58343E-02   2.91344E+02  7.52951E-02   2.93751E+02  7.46911E-02   2.96206E+02  7.40280E-02   2.98709E+02  7.33128E-02   3.01259E+02  7.25487E-02   3.03854E+02  7.17483E-02   3.06497E+02  7.09076E-02   3.09182E+02 
 0.00000E+00   0.00000E+00  0.00000E+00   0.00000E+00  0.00000E+00   0.00000E+00  0.00000E+00   0.00000E+00  0.00000E+00   0.00000E+00  0.00000E+00   0.00000E+00  0.00000E+00   0.00000E+00  0.00000E+00   0.00000E+00  0.00000E+00   0.00000E+00  0.00000E+00   0.00000E+00  0.00000E+00   0.00000E+00  0.00000E+00   0.00000E+00  0.00000E+00   0.00000E+00  0.00000E+00   0.00000E+00  0.00000E+00   0.00000E+00  0.00000E+00   0.00000E+00  0.00000E+00   0.00000E+00  0.00000E+00   0.00000E+00  0.00000E+00   0.00000E+00  0.00000E+00   0.00000E+00  0.00000E+00   0.00000E+00  0.00000E+00   0.00000E+00  0.00000E+00   0.00000E+00  0.00000E+00   0.00000E+00  0.00000E+00   0.00000E+00  0.00000E+00   0.00000E+00  0.00000E+00   0.00000E+00  0.00000E+00   0.00000E+00  0.00000E+00   0.00000E+00  0.00000E+00   0.00000E+00  0.00000E+00   0.00000E+00  0.00000E+00   0.00000E+00  0.00000E+00   0.00000E+00  0.00000E+00   0.00000E+00  0.00000E+00   0.00000E+00  0.00000E+00   0.00000E+00  0.00000E+00   0.00000E+00  0.00000E+00   0.00000E+00  1.05438E-16   2.48234E+02  4.90169E-03   2.48234E+02  9.77870E-03   2.48350E+02  1.46073E-02   2.48544E+02  1.93630E-02   2.48816E+02  2.40245E-02   2.49164E+02  2.85692E-02   2.49590E+02  3.29786E-02   2.50092E+02  3.72335E-02   2.50671E+02  4.13191E-02   2.51325E+02  4.52196E-02   2.52056E+02  4.89254E-02   2.52861E+02  5.24241E-02   2.53741E+02  5.57105E-02   2.54694E+02  5.87776E-02   2.55722E+02  6.16221E-02   2.56821E+02  6.42439E-02   2.57993E+02  6.66407E-02   2.59235E+02  6.88183E-02   2.60548E+02  7.07756E-02   2.61929E+02  7.25216E-02   2.63378E+02  7.40594E-02   2.64894E+02  7.53964E-02   2.66476E+02  7.65429E-02   2.68124E+02  7.75017E-02   2.69837E+02  7.82896E-02   2.71614E+02  7.89084E-02   2.73454E+02  7.93730E-02   2.75353E+02  7.96918E-02   2.77314E+02  7.98689E-02   2.79330E+02  7.99227E-02   2.81403E+02  7.98532E-02   2.83534E+02  7.96759E-02   2.85720E+02  7.94037E-02   2.87964E+02  7.90344E-02   2.90259E+02  7.85862E-02   2.92604E+02  7.80613E-02   2.95001E+02  7.74593E-02   2.97447E+02  7.68003E-02   2.99939E+02  7.60896E-02   3.02482E+02  7.53279E-02   3.05072E+02  7.45232E-02   3.07701E+02  7.36858E-02   3.10373E+02 
 0.00000E+00   0.00000E+00  0.00000E+00   0.00000E+00  0.00000E+00   0.00000E+00  0.00000E+00   0.00000E+00  0.00000E+00   0.00000E+00  0.00000E+00   0.00000E+00  0.00000E+00   0.00000E+00  0.00000E+00   0.00000E+00  0.00000E+00   0.00000E+00  0.00000E+00   0.00000E+00  0.00000E+00   0.00000E+00  0.00000E+00   0.00000E+00  0.00000E+00   0.00000E+00  0.00000E+00   0.00000E+00  0.00000E+00   0.00000E+00  0.00000E+00   0.00000E+00  0.00000E+00   0.00000E+00  0.00000E+00   0.00000E+00  0.00000E+00   0.00000E+00  0.00000E+00   0.00000E+00  0.00000E+00   0.00000E+00  0.00000E+00   0.00000E+00  0.00000E+00   0.00000E+00  0.00000E+00   0.00000E+00  0.00000E+00   0.00000E+00  0.00000E+00   0.00000E+00  0.00000E+00   0.00000E+00  0.00000E+00   0.00000E+00  0.00000E+00   0.00000E+00  0.00000E+00   0.00000E+00  0.00000E+00   0.00000E+00  0.00000E+00   0.00000E+00  0.00000E+00   0.00000E+00  0.00000E+00   0.00000E+00  0.00000E+00   0.00000E+00  0.00000E+00   0.00000E+00  0.00000E+00   0.00000E+00  0.00000E+00   0.00000E+00  1.07461E-16   2.49748E+02  4.99571E-03   2.49748E+02  9.96656E-03   2.49864E+02  1.48893E-02   2.50057E+02  1.97392E-02   2.50328E+02  2.44953E-02   2.50675E+02  2.91341E-02   2.51099E+02  3.36389E-02   2.51600E+02  3.79875E-02   2.52176E+02  4.21686E-02   2.52829E+02  4.61626E-02   2.53556E+02  4.99629E-02   2.54360E+02  5.35544E-02   2.55234E+02  5.69333E-02   2.56186E+02  6.00915E-02   2.57206E+02  6.30255E-02   2.58302E+02  6.57359E-02   2.59466E+02  6.82172E-02   2.60703E+02  7.04799E-02   2.62007E+02  7.25159E-02   2.63380E+02  7.43423E-02   2.64823E+02  7.59535E-02   2.66331E+02  7.73642E-02   2.67908E+02  7.85794E-02   2.69549E+02  7.96037E-02   2.71256E+02  8.04547E-02   2.73026E+02  8.11294E-02   2.74856E+02  8.16481E-02   2.76749E+02  8.20135E-02   2.78697E+02  8.22368E-02   2.80706E+02  8.23321E-02   2.82772E+02  8.23024E-02   2.84895E+02  8.21626E-02   2.87074E+02  8.19162E-02   2.89308E+02  8.15705E-02   2.91591E+02  8.11386E-02   2.93926E+02  8.06270E-02   2.96314E+02  8.00460E-02   2.98749E+02  7.94057E-02   3.01234E+02  7.87036E-02   3.03766E+02  7.79445E-02   3.06340E+02  7.71471E-02   3.08960E+02  7.63041E-02   3.11629E+02 
 0.00000E+00   0.00000E+00  0.00000E+00   0.00000E+00  0.00000E+00   0.00000E+00  0.00000E+00   0.00000E+00  0.00000E+00   0.00000E+00  0.00000E+00   0.00000E+00  0.00000E+00   0.00000E+00  0.00000E+00   0.00000E+00  0.00000E+00   0.00000E+00  0.00000E+00   0.00000E+00  0.00000E+00   0.00000E+00  0.00000E+00   0.00000E+00  0.00000E+00   0.00000E+00  0.00000E+00   0.00000E+00  0.00000E+00   0.00000E+00  0.00000E+00   0.00000E+00  0.00000E+00   0.00000E+00  0.00000E+00   0.00000E+00  0.00000E+00   0.00000E+00  0.00000E+00   0.00000E+00  0.00000E+00   0.00000E+00  0.00000E+00   0.00000E+00  0.00000E+00   0.00000E+00  0.00000E+00   0.00000E+00  0.00000E+00   0.00000E+00  0.00000E+00   0.00000E+00  0.00000E+00   0.00000E+00  0.00000E+00   0.00000E+00  0.00000E+00   0.00000E+00  0.00000E+00   0.00000E+00  0.00000E+00   0.00000E+00  0.00000E+00   0.00000E+00  0.00000E+00   0.00000E+00  0.00000E+00   0.00000E+00  0.00000E+00   0.00000E+00  0.00000E+00   0.00000E+00  0.00000E+00   0.00000E+00  0.00000E+00   0.00000E+00  1.09138E-16   2.51336E+02  5.07370E-03   2.51336E+02  1.01233E-02   2.51453E+02  1.51244E-02   2.51643E+02  2.00537E-02   2.51914E+02  2.48891E-02   2.52258E+02  2.96088E-02   2.52681E+02  3.41938E-02   2.53178E+02  3.86249E-02   2.53753E+02  4.28876E-02   2.54400E+02  4.69647E-02   2.55125E+02  5.08484E-02   2.55921E+02  5.45223E-02   2.56793E+02  5.79861E-02   2.57737E+02  6.12252E-02   2.58754E+02  6.42441E-02   2.59843E+02  6.70336E-02   2.61002E+02  6.95984E-02   2.62233E+02  7.19381E-02   2.63532E+02  7.40539E-02   2.64902E+02  7.59554E-02   2.66337E+02  7.76396E-02   2.67841E+02  7.91223E-02   2.69410E+02  8.04027E-02   2.71044E+02  8.14926E-02   2.72743E+02  8.24027E-02   2.74502E+02  8.31351E-02   2.76325E+02  8.37091E-02   2.78207E+02  8.41264E-02   2.80148E+02  8.43982E-02   2.82148E+02  8.45378E-02   2.84204E+02  8.45460E-02   2.86318E+02  8.44388E-02   2.88486E+02  8.42255E-02   2.90709E+02  8.39101E-02   2.92984E+02  8.35103E-02   2.95310E+02  8.30280E-02   2.97688E+02  8.24646E-02   3.00113E+02  8.18342E-02   3.02587E+02  8.11405E-02   3.05108E+02  8.03961E-02   3.07676E+02  7.96022E-02   3.10288E+02  7.87661E-02   3.12940E+02 
 0.00000E+00   0.00000E+00  0.00000E+00   0.00000E+00  0.00000E+00   0.00000E+00  0.00000E+00   0.00000E+00  0.00000E+00   0.00000E+00  0.00000E+00   0.00000E+00  0.00000E+00   0.00000E+00  0.00000E+00   0.00000E+00  0.00000E+00   0.00000E+00  0.00000E+00   0.00000E+00  0.00000E+00   0.00000E+00  0.00000E+00   0.00000E+00  0.00000E+00   0.00000E+00  0.00000E+00   0.00000E+00  0.00000E+00   0.00000E+00  0.00000E+00   0.00000E+00  0.00000E+00   0.00000E+00  0.00000E+00   0.00000E+00  0.00000E+00   0.00000E+00  0.00000E+00   0.00000E+00  0.00000E+00   0.00000E+00  0.00000E+00   0.00000E+00  0.00000E+00   0.00000E+00  0.00000E+00   0.00000E+00  0.00000E+00   0.00000E+00  0.00000E+00   0.00000E+00  0.00000E+00   0.00000E+00  0.00000E+00   0.00000E+00  0.00000E+00   0.00000E+00  0.00000E+00   0.00000E+00  0.00000E+00   0.00000E+00  0.00000E+00   0.00000E+00  0.00000E+00   0.00000E+00  0.00000E+00   0.00000E+00  0.00000E+00   0.00000E+00  0.00000E+00   0.00000E+00  0.00000E+00   0.00000E+00  0.00000E+00   0.00000E+00  1.10509E-16   2.52989E+02  5.13742E-03   2.52989E+02  1.02505E-02   2.53103E+02  1.53159E-02   2.53295E+02  2.03104E-02   2.53562E+02  2.52113E-02   2.53906E+02  2.99983E-02   2.54326E+02  3.46510E-02   2.54822E+02  3.91516E-02   2.55393E+02  4.34844E-02   2.56039E+02  4.76336E-02   2.56759E+02  5.15890E-02   2.57554E+02  5.53376E-02   2.58421E+02  5.88745E-02   2.59362E+02  6.21897E-02   2.60374E+02  6.52828E-02   2.61459E+02  6.81480E-02   2.62612E+02  7.07873E-02   2.63836E+02  7.32010E-02   2.65129E+02  7.53896E-02   2.66489E+02  7.73623E-02   2.67918E+02  7.91160E-02   2.69413E+02  8.06671E-02   2.70975E+02  8.20131E-02   2.72601E+02  8.31689E-02   2.74291E+02  8.41412E-02   2.76044E+02  8.49338E-02   2.77857E+02  8.55656E-02   2.79730E+02  8.60326E-02   2.81662E+02  8.63550E-02   2.83651E+02  8.65391E-02   2.85699E+02  8.65900E-02   2.87804E+02  8.65292E-02   2.89964E+02  8.63518E-02   2.92177E+02  8.60707E-02   2.94440E+02  8.56985E-02   2.96756E+02  8.52330E-02   2.99123E+02  8.46916E-02   3.01537E+02  8.40874E-02   3.04001E+02  8.34168E-02   3.06514E+02  8.26836E-02   3.09066E+02  8.19049E-02   3.11663E+02  8.10797E-02   3.14311E+02 
 0.00000E+00   0.00000E+00  0.00000E+00   0.00000E+00  0.00000E+00   0.00000E+00  0.00000E+00   0.00000E+00  0.00000E+00   0.00000E+00  0.00000E+00   0.00000E+00  0.00000E+00   0.00000E+00  0.00000E+00   0.00000E+00  0.00000E+00   0.00000E+00  0.00000E+00   0.00000E+00  0.00000E+00   0.00000E+00  0.00000E+00   0.00000E+00  0.00000E+00   0.00000E+00  0.00000E+00   0.00000E+00  0.00000E+00   0.00000E+00  0.00000E+00   0.00000E+00  0.00000E+00   0.00000E+00  0.00000E+00   0.00000E+00  0.00000E+00   0.00000E+00  0.00000E+00   0.00000E+00  0.00000E+00   0.00000E+00  0.00000E+00   0.00000E+00  0.00000E+00   0.00000E+00  0.00000E+00   0.00000E+00  0.00000E+00   0.00000E+00  0.00000E+00   0.00000E+00  0.00000E+00   0.00000E+00  0.00000E+00   0.00000E+00  0.00000E+00   0.00000E+00  0.00000E+00   0.00000E+00  0.00000E+00   0.00000E+00  0.00000E+00   0.00000E+00  0.00000E+00   0.00000E+00  0.00000E+00   0.00000E+00  0.00000E+00   0.00000E+00  0.00000E+00   0.00000E+00  0.00000E+00   0.00000E+00  0.00000E+00   0.00000E+00  1.11568E-16   2.54714E+02  5.18664E-03   2.54714E+02  1.03499E-02   2.54831E+02  1.54654E-02   2.55019E+02  2.05114E-02   2.55287E+02  2.54648E-02   2.55628E+02  3.03057E-02   2.56047E+02  3.50139E-02   2.56538E+02  3.95719E-02   2.57108E+02  4.39635E-02   2.57748E+02  4.81736E-02   2.58466E+02  5.21918E-02   2.59254E+02  5.60039E-02   2.60118E+02  5.96074E-02   2.61051E+02  6.29880E-02   2.62057E+02  6.61507E-02   2.63134E+02  6.90825E-02   2.64281E+02  7.17929E-02   2.65499E+02  7.42739E-02   2.66783E+02  7.65335E-02   2.68140E+02  7.85743E-02   2.69561E+02  8.03970E-02   2.71052E+02  8.20162E-02   2.72607E+02  8.34268E-02   2.74225E+02  8.46478E-02   2.75908E+02  8.56784E-02   2.77649E+02  8.65303E-02   2.79453E+02  8.72158E-02   2.81315E+02  8.77368E-02   2.83237E+02  8.81125E-02   2.85220E+02  8.83447E-02   2.87258E+02  8.84446E-02   2.89352E+02  8.84215E-02   2.91501E+02  8.82798E-02   2.93702E+02  8.80345E-02   2.95954E+02  8.76955E-02   2.98262E+02  8.72670E-02   3.00617E+02  8.67608E-02   3.03020E+02  8.61785E-02   3.05475E+02  8.55192E-02   3.07972E+02  8.48081E-02   3.10515E+02  8.40445E-02   3.13109E+02  8.32266E-02   3.15743E+02 
 0.00000E+00   0.00000E+00  0.00000E+00   0.00000E+00  0.00000E+00   0.00000E+00  0.00000E+00   0.00000E+00  0.00000E+00   0.00000E+00  0.00000E+00   0.00000E+00  0.00000E+00   0.00000E+00  0.00000E+00   0.00000E+00  0.00000E+00   0.00000E+00  0.00000E+00   0.00000E+00  0.00000E+00   0.00000E+00  0.00000E+00   0.00000E+00  0.00000E+00   0.00000E+00  0.00000E+00   0.00000E+00  0.00000E+00   0.00000E+00  0.00000E+00   0.00000E+00  0.00000E+00   0.00000E+00  0.00000E+00   0.00000E+00  0.00000E+00   0.00000E+00  0.00000E+00   0.00000E+00  0.00000E+00   0.00000E+00  0.00000E+00   0.00000E+00  0.00000E+00   0.00000E+00  0.00000E+00   0.00000E+00  0.00000E+00   0.00000E+00  0.00000E+00   0.00000E+00  0.00000E+00   0.00000E+00  0.00000E+00   0.00000E+00  0.00000E+00   0.00000E+00  0.00000E+00   0.00000E+00  0.00000E+00   0.00000E+00  0.00000E+00   0.00000E+00  0.00000E+00   0.00000E+00  0.00000E+00   0.00000E+00  0.00000E+00   0.00000E+00  0.00000E+00   0.00000E+00  0.00000E+00   0.00000E+00  0.00000E+00   0.00000E+00  1.12353E-16   2.56503E+02  5.22316E-03   2.56503E+02  1.04231E-02   2.56615E+02  1.55761E-02   2.56806E+02  2.06613E-02   2.57069E+02  2.56542E-02   2.57411E+02  3.05379E-02   2.57825E+02  3.52889E-02   2.58316E+02  3.98942E-02   2.58880E+02  4.43327E-02   2.59518E+02  4.85950E-02   2.60231E+02  5.26641E-02   2.61015E+02  5.65336E-02   2.61874E+02  6.01921E-02   2.62803E+02  6.36339E-02   2.63805E+02  6.68561E-02   2.64876E+02  6.98512E-02   2.66020E+02  7.26253E-02   2.67231E+02  7.51698E-02   2.68513E+02  7.74957E-02   2.69861E+02  7.95991E-02   2.71275E+02  8.14873E-02   2.72757E+02  8.31683E-02   2.74301E+02  8.46411E-02   2.75911E+02  8.59239E-02   2.77581E+02  8.70142E-02   2.79314E+02  8.79269E-02   2.81109E+02  8.86715E-02   2.82962E+02  8.92483E-02   2.84877E+02  8.96777E-02   2.86848E+02  8.99584E-02   2.88876E+02  9.01026E-02   2.90960E+02  9.01261E-02   2.93098E+02  9.00287E-02   2.95289E+02  8.98273E-02   2.97533E+02  8.95267E-02   2.99827E+02  8.91271E-02   3.02171E+02  8.86440E-02   3.04564E+02  8.80848E-02   3.07006E+02  8.74597E-02   3.09493E+02  8.67730E-02   3.12027E+02  8.60268E-02   3.14602E+02  8.52348E-02   3.17224E+02 
 0.00000E+00   0.00000E+00  0.00000E+00   0.00000E+00  0.00000E+00   0.00000E+00  0.00000E+00   0.00000E+00  0.00000E+00   0.00000E+00  0.00000E+00   0.00000E+00  0.00000E+00   0.00000E+00  0.00000E+00   0.00000E+00  0.00000E+00   0.00000E+00  0.00000E+00   0.00000E+00  0.00000E+00   0.00000E+00  0.00000E+00   0.00000E+00  0.00000E+00   0.00000E+00  0.00000E+00   0.00000E+00  0.00000E+00   0.00000E+00  0.00000E+00   0.00000E+00  0.00000E+00   0.00000E+00  0.00000E+00   0.00000E+00  0.00000E+00   0.00000E+00  0.00000E+00   0.00000E+00  0.00000E+00   0.00000E+00  0.00000E+00   0.00000E+00  0.00000E+00   0.00000E+00  0.00000E+00   0.00000E+00  0.00000E+00   0.00000E+00  0.00000E+00   0.00000E+00  0.00000E+00   0.00000E+00  0.00000E+00   0.00000E+00  0.00000E+00   0.00000E+00  0.00000E+00   0.00000E+00  0.00000E+00   0.00000E+00  0.00000E+00   0.00000E+00  0.00000E+00   0.00000E+00  0.00000E+00   0.00000E+00  0.00000E+00   0.00000E+00  0.00000E+00   0.00000E+00  0.00000E+00   0.00000E+00  0.00000E+00   0.00000E+00  1.12873E-16   2.58359E+02  5.24734E-03   2.58359E+02  1.04719E-02   2.58472E+02  1.56508E-02   2.58660E+02  2.07622E-02   2.58924E+02  2.57843E-02   2.59261E+02  3.06979E-02   2.59675E+02  3.54823E-02   2.60162E+02  4.01224E-02   2.60724E+02  4.45994E-02   2.61359E+02  4.89022E-02   2.62068E+02  5.30152E-02   2.62848E+02  5.69310E-02   2.63701E+02  6.06384E-02   2.64625E+02  6.41322E-02   2.65621E+02  6.74074E-02   2.66686E+02  7.04589E-02   2.67822E+02  7.32898E-02   2.69026E+02  7.58930E-02   2.70298E+02  7.82796E-02   2.71639E+02  8.04423E-02   2.73045E+02  8.23942E-02   2.74518E+02  8.41363E-02   2.76056E+02  8.56725E-02   2.77657E+02  8.70186E-02   2.79320E+02  8.81672E-02   2.81045E+02  8.91418E-02   2.82829E+02  8.99388E-02   2.84673E+02  9.05700E-02   2.86576E+02  9.10529E-02   2.88537E+02  9.13819E-02   2.90556E+02  9.15813E-02   2.92629E+02  9.16513E-02   2.94756E+02  9.15959E-02   2.96936E+02  9.14350E-02   2.99166E+02  9.11675E-02   3.01450E+02  9.08046E-02   3.03783E+02  9.03641E-02   3.06164E+02  8.98439E-02   3.08595E+02  8.92411E-02   3.11069E+02  8.85771E-02   3.13588E+02  8.78580E-02   3.16158E+02  8.70773E-02   3.18771E+02 
 0.00000E+00   0.00000E+00  0.00000E+00   0.00000E+00  0.00000E+00   0.00000E+00  0.00000E+00   0.00000E+00  0.00000E+00   0.00000E+00  0.00000E+00   0.00000E+00  0.00000E+00   0.00000E+00  0.00000E+00   0.00000E+00  0.00000E+00   0.00000E+00  0.00000E+00   0.00000E+00  0.00000E+00   0.00000E+00  0.00000E+00   0.00000E+00  0.00000E+00   0.00000E+00  0.00000E+00   0.00000E+00  0.00000E+00   0.00000E+00  0.00000E+00   0.00000E+00  0.00000E+00   0.00000E+00  0.00000E+00   0.00000E+00  0.00000E+00   0.00000E+00  0.00000E+00   0.00000E+00  0.00000E+00   0.00000E+00  0.00000E+00   0.00000E+00  0.00000E+00   0.00000E+00  0.00000E+00   0.00000E+00  0.00000E+00   0.00000E+00  0.00000E+00   0.00000E+00  0.00000E+00   0.00000E+00  0.00000E+00   0.00000E+00  0.00000E+00   0.00000E+00  0.00000E+00   0.00000E+00  0.00000E+00   0.00000E+00  0.00000E+00   0.00000E+00  0.00000E+00   0.00000E+00  0.00000E+00   0.00000E+00  0.00000E+00   0.00000E+00  0.00000E+00   0.00000E+00  0.00000E+00   0.00000E+00  0.00000E+00   0.00000E+00  1.13151E-16   2.60280E+02  5.26023E-03   2.60280E+02  1.04981E-02   2.60391E+02  1.56912E-02   2.60580E+02  2.08187E-02   2.60839E+02  2.58581E-02   2.61177E+02  3.07919E-02   2.61585E+02  3.55987E-02   2.62070E+02  4.02645E-02   2.62627E+02  4.47694E-02   2.63258E+02  4.91045E-02   2.63962E+02  5.32514E-02   2.64737E+02  5.72065E-02   2.65585E+02  6.09535E-02   2.66503E+02  6.44933E-02   2.67494E+02  6.78141E-02   2.68552E+02  7.09169E-02   2.69685E+02  7.37991E-02   2.70881E+02  7.64576E-02   2.72150E+02  7.89004E-02   2.73484E+02  8.11204E-02   2.74884E+02  8.31326E-02   2.76350E+02  8.49305E-02   2.77876E+02  8.65276E-02   2.79468E+02  8.79277E-02   2.81118E+02  8.91346E-02   2.82832E+02  9.01658E-02   2.84607E+02  9.10180E-02   2.86440E+02  9.17105E-02   2.88336E+02  9.22469E-02   2.90287E+02  9.26311E-02   2.92294E+02  9.28805E-02   2.94355E+02  9.29934E-02   2.96470E+02  9.29865E-02   2.98638E+02  9.28721E-02   3.00861E+02  9.26491E-02   3.03133E+02  9.23310E-02   3.05452E+02  9.19243E-02   3.07823E+02  9.14236E-02   3.10240E+02  9.08544E-02   3.12702E+02  9.02280E-02   3.15215E+02  8.95292E-02   3.17770E+02  8.87801E-02   3.20362E+02 
 0.00000E+00   0.00000E+00  0.00000E+00   0.00000E+00  0.00000E+00   0.00000E+00  0.00000E+00   0.00000E+00  0.00000E+00   0.00000E+00  0.00000E+00   0.00000E+00  0.00000E+00   0.00000E+00  0.00000E+00   0.00000E+00  0.00000E+00   0.00000E+00  0.00000E+00   0.00000E+00  0.00000E+00   0.00000E+00  0.00000E+00   0.00000E+00  0.00000E+00   0.00000E+00  0.00000E+00   0.00000E+00  0.00000E+00   0.00000E+00  0.00000E+00   0.00000E+00  0.00000E+00   0.00000E+00  0.00000E+00   0.00000E+00  0.00000E+00   0.00000E+00  0.00000E+00   0.00000E+00  0.00000E+00   0.00000E+00  0.00000E+00   0.00000E+00  0.00000E+00   0.00000E+00  0.00000E+00   0.00000E+00  0.00000E+00   0.00000E+00  0.00000E+00   0.00000E+00  0.00000E+00   0.00000E+00  0.00000E+00   0.00000E+00  0.00000E+00   0.00000E+00  0.00000E+00   0.00000E+00  0.00000E+00   0.00000E+00  0.00000E+00   0.00000E+00  0.00000E+00   0.00000E+00  0.00000E+00   0.00000E+00  0.00000E+00   0.00000E+00  0.00000E+00   0.00000E+00  0.00000E+00   0.00000E+00  0.00000E+00   0.00000E+00  1.13206E-16   2.62259E+02  5.26281E-03   2.62259E+02  1.05035E-02   2.62369E+02  1.57012E-02   2.62556E+02  2.08335E-02   2.62815E+02  2.58817E-02   2.63150E+02  3.08246E-02   2.63557E+02  3.56453E-02   2.64040E+02  4.03261E-02   2.64592E+02  4.48515E-02   2.65222E+02  4.92085E-02   2.65920E+02  5.33829E-02   2.66694E+02  5.73675E-02   2.67536E+02  6.11488E-02   2.68452E+02  6.47262E-02   2.69436E+02  6.80866E-02   2.70491E+02  7.12348E-02   2.71615E+02  7.41613E-02   2.72806E+02  7.68707E-02   2.74066E+02  7.93627E-02   2.75388E+02  8.16357E-02   2.76780E+02  8.37013E-02   2.78232E+02  8.55538E-02   2.79750E+02  8.72083E-02   2.81331E+02  8.86661E-02   2.82973E+02  8.99327E-02   2.84681E+02  9.10235E-02   2.86446E+02  9.19335E-02   2.88272E+02  9.26813E-02   2.90156E+02  9.32690E-02   2.92094E+02  9.37030E-02   2.94091E+02  9.40031E-02   2.96140E+02  9.41681E-02   2.98243E+02  9.42126E-02   3.00403E+02  9.41436E-02   3.02611E+02  9.39599E-02   3.04869E+02  9.36791E-02   3.07179E+02  9.33067E-02   3.09536E+02  9.28533E-02   3.11940E+02  9.23278E-02   3.14392E+02  9.17255E-02   3.16889E+02  9.10591E-02   3.19430E+02  9.03335E-02   3.22015E+02 
 0.00000E+00   0.00000E+00  0.00000E+00   0.00000E+00  0.00000E+00   0.00000E+00  0.00000E+00   0.00000E+00  0.00000E+00   0.00000E+00  0.00000E+00   0.00000E+00  0.00000E+00   0.00000E+00  0.00000E+00   0.00000E+00  0.00000E+00   0.00000E+00  0.00000E+00   0.00000E+00  0.00000E+00   0.00000E+00  0.00000E+00   0.00000E+00  0.00000E+00   0.00000E+00  0.00000E+00   0.00000E+00  0.00000E+00   0.00000E+00  0.00000E+00   0.00000E+00  0.00000E+00   0.00000E+00  0.00000E+00   0.00000E+00  0.00000E+00   0.00000E+00  0.00000E+00   0.00000E+00  0.00000E+00   0.00000E+00  0.00000E+00   0.00000E+00  0.00000E+00   0.00000E+00  0.00000E+00   0.00000E+00  0.00000E+00   0.00000E+00  0.00000E+00   0.00000E+00  0.00000E+00   0.00000E+00  0.00000E+00   0.00000E+00  0.00000E+00   0.00000E+00  0.00000E+00   0.00000E+00  0.00000E+00   0.00000E+00  0.00000E+00   0.00000E+00  0.00000E+00   0.00000E+00  0.00000E+00   0.00000E+00  0.00000E+00   0.00000E+00  0.00000E+00   0.00000E+00  0.00000E+00   0.00000E+00  0.00000E+00   0.00000E+00  1.13053E-16   2.64304E+02  5.25567E-03   2.64304E+02  1.04897E-02   2.64415E+02  1.56819E-02   2.64600E+02  2.08105E-02   2.64858E+02  2.58571E-02   2.65190E+02  3.08006E-02   2.65596E+02  3.56261E-02   2.66074E+02  4.03133E-02   2.66625E+02  4.48508E-02   2.67249E+02  4.92215E-02   2.67944E+02  5.34155E-02   2.68711E+02  5.74222E-02   2.69549E+02  6.12305E-02   2.70458E+02  6.48380E-02   2.71435E+02  6.82325E-02   2.72483E+02  7.14188E-02   2.73598E+02  7.43852E-02   2.74782E+02  7.71403E-02   2.76032E+02  7.96775E-02   2.77349E+02  8.20019E-02   2.78732E+02  8.41195E-02   2.80177E+02  8.60247E-02   2.81688E+02  8.77373E-02   2.83260E+02  8.92463E-02   2.84895E+02  9.05703E-02   2.86591E+02  9.17129E-02   2.88345E+02  9.26736E-02   2.90160E+02  9.34784E-02   2.92030E+02  9.41167E-02   2.93959E+02  9.46098E-02   2.95944E+02  9.49659E-02   2.97981E+02  9.51791E-02   3.00075E+02  9.52735E-02   3.02219E+02  9.52471E-02   3.04415E+02  9.51094E-02   3.06664E+02  9.48782E-02   3.08960E+02  9.45541E-02   3.11306E+02  9.41352E-02   3.13698E+02  9.36364E-02   3.16135E+02  9.30722E-02   3.18622E+02  9.24351E-02   3.21153E+02  9.17391E-02   3.23720E+02 
 0.00000E+00   0.00000E+00  0.00000E+00   0.00000E+00  0.00000E+00   0.00000E+00  0.00000E+00   0.00000E+00  0.00000E+00   0.00000E+00  0.00000E+00   0.00000E+00  0.00000E+00   0.00000E+00  0.00000E+00   0.00000E+00  0.00000E+00   0.00000E+00  0.00000E+00   0.00000E+00  0.00000E+00   0.00000E+00  0.00000E+00   0.00000E+00  0.00000E+00   0.00000E+00  0.00000E+00   0.00000E+00  0.00000E+00   0.00000E+00  0.00000E+00   0.00000E+00  0.00000E+00   0.00000E+00  0.00000E+00   0.00000E+00  0.00000E+00   0.00000E+00  0.00000E+00   0.00000E+00  0.00000E+00   0.00000E+00  0.00000E+00   0.00000E+00  0.00000E+00   0.00000E+00  0.00000E+00   0.00000E+00  0.00000E+00   0.00000E+00  0.00000E+00   0.00000E+00  0.00000E+00   0.00000E+00  0.00000E+00   0.00000E+00  0.00000E+00   0.00000E+00  0.00000E+00   0.00000E+00  0.00000E+00   0.00000E+00  0.00000E+00   0.00000E+00  0.00000E+00   0.00000E+00  0.00000E+00   0.00000E+00  0.00000E+00   0.00000E+00  0.00000E+00   0.00000E+00  0.00000E+00   0.00000E+00  0.00000E+00   0.00000E+00  1.12711E-16   2.66408E+02  5.23980E-03   2.66408E+02  1.04585E-02   2.66516E+02  1.56369E-02   2.66701E+02  2.07528E-02   2.66956E+02  2.57896E-02   2.67288E+02  3.07257E-02   2.67689E+02  3.55471E-02   2.68166E+02  4.02335E-02   2.68712E+02  4.47747E-02   2.69333E+02  4.91516E-02   2.70022E+02  5.33587E-02   2.70787E+02  5.73788E-02   2.71618E+02  6.12094E-02   2.72523E+02  6.48392E-02   2.73495E+02  6.82636E-02   2.74537E+02  7.14819E-02   2.75647E+02  7.44841E-02   2.76823E+02  7.72803E-02   2.78067E+02  7.98574E-02   2.79374E+02  8.22302E-02   2.80748E+02  8.43903E-02   2.82183E+02  8.63472E-02   2.83683E+02  8.81072E-02   2.85244E+02  8.96666E-02   2.86868E+02  9.10473E-02   2.88553E+02  9.22402E-02   2.90298E+02  9.32635E-02   2.92103E+02  9.41232E-02   2.93963E+02  9.48164E-02   2.95881E+02  9.53657E-02   2.97853E+02  9.57660E-02   2.99879E+02  9.60304E-02   3.01960E+02  9.61762E-02   3.04093E+02  9.61986E-02   3.06279E+02  9.61112E-02   3.08512E+02  9.59252E-02   3.10796E+02  9.56319E-02   3.13130E+02  9.52517E-02   3.15507E+02  9.48069E-02   3.17935E+02  9.42773E-02   3.20408E+02  9.36738E-02   3.22918E+02  9.30164E-02   3.25474E+02 
 0.00000E+00   0.00000E+00  0.00000E+00   0.00000E+00  0.00000E+00   0.00000E+00  0.00000E+00   0.00000E+00  0.00000E+00   0.00000E+00  0.00000E+00   0.00000E+00  0.00000E+00   0.00000E+00  0.00000E+00   0.00000E+00  0.00000E+00   0.00000E+00  0.00000E+00   0.00000E+00  0.00000E+00   0.00000E+00  0.00000E+00   0.00000E+00  0.00000E+00   0.00000E+00  0.00000E+00   0.00000E+00  0.00000E+00   0.00000E+00  0.00000E+00   0.00000E+00  0.00000E+00   0.00000E+00  0.00000E+00   0.00000E+00  0.00000E+00   0.00000E+00  0.00000E+00   0.00000E+00  0.00000E+00   0.00000E+00  0.00000E+00   0.00000E+00  0.00000E+00   0.00000E+00  0.00000E+00   0.00000E+00  0.00000E+00   0.00000E+00  0.00000E+00   0.00000E+00  0.00000E+00   0.00000E+00  0.00000E+00   0.00000E+00  0.00000E+00   0.00000E+00  0.00000E+00   0.00000E+00  0.00000E+00   0.00000E+00  0.00000E+00   0.00000E+00  0.00000E+00   0.00000E+00  0.00000E+00   0.00000E+00  0.00000E+00   0.00000E+00  0.00000E+00   0.00000E+00  0.00000E+00   0.00000E+00  0.00000E+00   0.00000E+00  1.12198E-16   2.68570E+02  5.21595E-03   2.68570E+02  1.04118E-02   2.68682E+02  1.55676E-02   2.68862E+02  2.06642E-02   2.69120E+02  2.56824E-02   2.69445E+02  3.06040E-02   2.69848E+02  3.54134E-02   2.70319E+02  4.00919E-02   2.70865E+02  4.46288E-02   2.71481E+02  4.90062E-02   2.72168E+02  5.32176E-02   2.72926E+02  5.72469E-02   2.73753E+02  6.10918E-02   2.74652E+02  6.47382E-02   2.75615E+02  6.81875E-02   2.76652E+02  7.14291E-02   2.77750E+02  7.44646E-02   2.78919E+02  7.72921E-02   2.80150E+02  7.99077E-02   2.81449E+02  8.23209E-02   2.82813E+02  8.45236E-02   2.84238E+02  8.65299E-02   2.85732E+02  8.83373E-02   2.87284E+02  8.99519E-02   2.88902E+02  9.13847E-02   2.90578E+02  9.26306E-02   2.92312E+02  9.37069E-02   2.94106E+02  9.46139E-02   2.95952E+02  9.53576E-02   2.97857E+02  9.59585E-02   2.99817E+02  9.64117E-02   3.01832E+02  9.67342E-02   3.03902E+02  9.69323E-02   3.06022E+02  9.69998E-02   3.08192E+02  9.69613E-02   3.10415E+02  9.68159E-02   3.12687E+02  9.65709E-02   3.15005E+02  9.62504E-02   3.17372E+02  9.58370E-02   3.19787E+02  9.53375E-02   3.22243E+02  9.47742E-02   3.24743E+02  9.41453E-02   3.27291E+02 
 0.00000E+00   0.00000E+00  0.00000E+00   0.00000E+00  0.00000E+00   0.00000E+00  0.00000E+00   0.00000E+00  0.00000E+00   0.00000E+00  0.00000E+00   0.00000E+00  0.00000E+00   0.00000E+00  0.00000E+00   0.00000E+00  0.00000E+00   0.00000E+00  0.00000E+00   0.00000E+00  0.00000E+00   0.00000E+00  0.00000E+00   0.00000E+00  0.00000E+00   0.00000E+00  0.00000E+00   0.00000E+00  0.00000E+00   0.00000E+00  0.00000E+00   0.00000E+00  0.00000E+00   0.00000E+00  0.00000E+00   0.00000E+00  0.00000E+00   0.00000E+00  0.00000E+00   0.00000E+00  0.00000E+00   0.00000E+00  0.00000E+00   0.00000E+00  0.00000E+00   0.00000E+00  0.00000E+00   0.00000E+00  0.00000E+00   0.00000E+00  0.00000E+00   0.00000E+00  0.00000E+00   0.00000E+00  0.00000E+00   0.00000E+00  0.00000E+00   0.00000E+00  0.00000E+00   0.00000E+00  0.00000E+00   0.00000E+00  0.00000E+00   0.00000E+00  0.00000E+00   0.00000E+00  0.00000E+00   0.00000E+00  0.00000E+00   0.00000E+00  0.00000E+00   0.00000E+00  0.00000E+00   0.00000E+00  0.00000E+00   0.00000E+00  1.11530E-16   2.70797E+02  5.18488E-03   2.70797E+02  1.03504E-02   2.70906E+02  1.54770E-02   2.71087E+02  2.05463E-02   2.71341E+02  2.55394E-02   2.71666E+02  3.04397E-02   2.72065E+02  3.52295E-02   2.72532E+02  3.98944E-02   2.73075E+02  4.44196E-02   2.73684E+02  4.87915E-02   2.74368E+02  5.30008E-02   2.75117E+02  5.70330E-02   2.75940E+02  6.08857E-02   2.76829E+02  6.45441E-02   2.77788E+02  6.80104E-02   2.78814E+02  7.12731E-02   2.79906E+02  7.43352E-02   2.81068E+02  7.71918E-02   2.82291E+02  7.98429E-02   2.83586E+02  8.22934E-02   2.84940E+02  8.45373E-02   2.86362E+02  8.65886E-02   2.87844E+02  8.84391E-02   2.89387E+02  9.01013E-02   2.90994E+02  9.15792E-02   2.92653E+02  9.28715E-02   2.94377E+02  9.40002E-02   2.96155E+02  9.49571E-02   2.97990E+02  9.57608E-02   2.99888E+02  9.64191E-02   3.01835E+02  9.69245E-02   3.03840E+02  9.72997E-02   3.05897E+02  9.75395E-02   3.08002E+02  9.76571E-02   3.10163E+02  9.76697E-02   3.12373E+02  9.75732E-02   3.14629E+02  9.73807E-02   3.16936E+02  9.70914E-02   3.19290E+02  9.67157E-02   3.21689E+02  9.62633E-02   3.24133E+02  9.57394E-02   3.26619E+02  9.51557E-02   3.29149E+02 
 0.00000E+00   0.00000E+00  0.00000E+00   0.00000E+00  0.00000E+00   0.00000E+00  0.00000E+00   0.00000E+00  0.00000E+00   0.00000E+00  0.00000E+00   0.00000E+00  0.00000E+00   0.00000E+00  0.00000E+00   0.00000E+00  0.00000E+00   0.00000E+00  0.00000E+00   0.00000E+00  0.00000E+00   0.00000E+00  0.00000E+00   0.00000E+00  0.00000E+00   0.00000E+00  0.00000E+00   0.00000E+00  0.00000E+00   0.00000E+00  0.00000E+00   0.00000E+00  0.00000E+00   0.00000E+00  0.00000E+00   0.00000E+00  0.00000E+00   0.00000E+00  0.00000E+00   0.00000E+00  0.00000E+00   0.00000E+00  0.00000E+00   0.00000E+00  0.00000E+00   0.00000E+00  0.00000E+00   0.00000E+00  0.00000E+00   0.00000E+00  0.00000E+00   0.00000E+00  0.00000E+00   0.00000E+00  0.00000E+00   0.00000E+00  0.00000E+00   0.00000E+00  0.00000E+00   0.00000E+00  0.00000E+00   0.00000E+00  0.00000E+00   0.00000E+00  0.00000E+00   0.00000E+00  0.00000E+00   0.00000E+00  0.00000E+00   0.00000E+00  0.00000E+00   0.00000E+00  0.00000E+00   0.00000E+00  0.00000E+00   0.00000E+00  1.10725E-16   2.73076E+02  5.14747E-03   2.73076E+02  1.02765E-02   2.73183E+02  1.53673E-02   2.73363E+02  2.04037E-02   2.73614E+02  2.53648E-02   2.73938E+02  3.02379E-02   2.74333E+02  3.50019E-02   2.74799E+02  3.96469E-02   2.75335E+02  4.41541E-02   2.75943E+02  4.85150E-02   2.76619E+02  5.27151E-02   2.77366E+02  5.67458E-02   2.78182E+02  6.05996E-02   2.79065E+02  6.42649E-02   2.80019E+02  6.77443E-02   2.81037E+02  7.10212E-02   2.82125E+02  7.41075E-02   2.83277E+02  7.69862E-02   2.84495E+02  7.96694E-02   2.85778E+02  8.21503E-02   2.87123E+02  8.44307E-02   2.88535E+02  8.65209E-02   2.90003E+02  8.84100E-02   2.91537E+02  9.01208E-02   2.93129E+02  9.16421E-02   2.94781E+02  9.29895E-02   2.96496E+02  9.41709E-02   2.98263E+02  9.51793E-02   3.00093E+02  9.60384E-02   3.01975E+02  9.67390E-02   3.03909E+02  9.72921E-02   3.05902E+02  9.77163E-02   3.07941E+02  9.80079E-02   3.10037E+02  9.81821E-02   3.12186E+02  9.82458E-02   3.14378E+02  9.81953E-02   3.16625E+02  9.80412E-02   3.18918E+02  9.78050E-02   3.21257E+02  9.74784E-02   3.23644E+02  9.70638E-02   3.26071E+02  9.65851E-02   3.28543E+02  9.60341E-02   3.31065E+02 
 0.00000E+00   0.00000E+00  0.00000E+00   0.00000E+00  0.00000E+00   0.00000E+00  0.00000E+00   0.00000E+00  0.00000E+00   0.00000E+00  0.00000E+00   0.00000E+00  0.00000E+00   0.00000E+00  0.00000E+00   0.00000E+00  0.00000E+00   0.00000E+00  0.00000E+00   0.00000E+00  0.00000E+00   0.00000E+00  0.00000E+00   0.00000E+00  0.00000E+00   0.00000E+00  0.00000E+00   0.00000E+00  0.00000E+00   0.00000E+00  0.00000E+00   0.00000E+00  0.00000E+00   0.00000E+00  0.00000E+00   0.00000E+00  0.00000E+00   0.00000E+00  0.00000E+00   0.00000E+00  0.00000E+00   0.00000E+00  0.00000E+00   0.00000E+00  0.00000E+00   0.00000E+00  0.00000E+00   0.00000E+00  0.00000E+00   0.00000E+00  0.00000E+00   0.00000E+00  0.00000E+00   0.00000E+00  0.00000E+00   0.00000E+00  0.00000E+00   0.00000E+00  0.00000E+00   0.00000E+00  0.00000E+00   0.00000E+00  0.00000E+00   0.00000E+00  0.00000E+00   0.00000E+00  0.00000E+00   0.00000E+00  0.00000E+00   0.00000E+00  0.00000E+00   0.00000E+00  0.00000E+00   0.00000E+00  0.00000E+00   0.00000E+00  1.09797E-16   2.75413E+02  5.10432E-03   2.75413E+02  1.01908E-02   2.75519E+02  1.52404E-02   2.75698E+02  2.02372E-02   2.75948E+02  2.51616E-02   2.76268E+02  3.00004E-02   2.76661E+02  3.47338E-02   2.77123E+02  3.93528E-02   2.77656E+02  4.38362E-02   2.78258E+02  4.81813E-02   2.78930E+02  5.23656E-02   2.79671E+02  5.63914E-02   2.80481E+02  6.02383E-02   2.81358E+02  6.39096E-02   2.82303E+02  6.73916E-02   2.83315E+02  7.06837E-02   2.84393E+02  7.37844E-02   2.85537E+02  7.66836E-02   2.86747E+02  7.93950E-02   2.88020E+02  8.19005E-02   2.89358E+02  8.42203E-02   2.90758E+02  8.63425E-02   2.92220E+02  8.82759E-02   2.93745E+02  9.00297E-02   2.95327E+02  9.15936E-02   2.96970E+02  9.29914E-02   2.98670E+02  9.42126E-02   3.00426E+02  9.52693E-02   3.02241E+02  9.61752E-02   3.04108E+02  9.69227E-02   3.06033E+02  9.75349E-02   3.08011E+02  9.80157E-02   3.10040E+02  9.83571E-02   3.12125E+02  9.85827E-02   3.14256E+02  9.86903E-02   3.16439E+02  9.86812E-02   3.18672E+02  9.85892E-02   3.20950E+02  9.83972E-02   3.23277E+02  9.81008E-02   3.25646E+02  9.77354E-02   3.28060E+02  9.72977E-02   3.30524E+02  9.67878E-02   3.33030E+02 
 0.00000E+00   0.00000E+00  0.00000E+00   0.00000E+00  0.00000E+00   0.00000E+00  0.00000E+00   0.00000E+00  0.00000E+00   0.00000E+00  0.00000E+00   0.00000E+00  0.00000E+00   0.00000E+00  0.00000E+00   0.00000E+00  0.00000E+00   0.00000E+00  0.00000E+00   0.00000E+00  0.00000E+00   0.00000E+00  0.00000E+00   0.00000E+00  0.00000E+00   0.00000E+00  0.00000E+00   0.00000E+00  0.00000E+00   0.00000E+00  0.00000E+00   0.00000E+00  0.00000E+00   0.00000E+00  0.00000E+00   0.00000E+00  0.00000E+00   0.00000E+00  0.00000E+00   0.00000E+00  0.00000E+00   0.00000E+00  0.00000E+00   0.00000E+00  0.00000E+00   0.00000E+00  0.00000E+00   0.00000E+00  0.00000E+00   0.00000E+00  0.00000E+00   0.00000E+00  0.00000E+00   0.00000E+00  0.00000E+00   0.00000E+00  0.00000E+00   0.00000E+00  0.00000E+00   0.00000E+00  0.00000E+00   0.00000E+00  0.00000E+00   0.00000E+00  0.00000E+00   0.00000E+00  0.00000E+00   0.00000E+00  0.00000E+00   0.00000E+00  0.00000E+00   0.00000E+00  0.00000E+00   0.00000E+00  0.00000E+00   0.00000E+00  1.08765E-16   2.77801E+02  5.05633E-03   2.77801E+02  1.00946E-02   2.77906E+02  1.50988E-02   2.78085E+02  2.00500E-02   2.78331E+02  2.49337E-02   2.78650E+02  2.97322E-02   2.79038E+02  3.44316E-02   2.79497E+02  3.90169E-02   2.80024E+02  4.34753E-02   2.80623E+02  4.77951E-02   2.81289E+02  5.19635E-02   2.82024E+02  5.59749E-02   2.82828E+02  5.98141E-02   2.83699E+02  6.34835E-02   2.84639E+02  6.69658E-02   2.85643E+02  7.02685E-02   2.86716E+02  7.33776E-02   2.87853E+02  7.62985E-02   2.89055E+02  7.90276E-02   2.90321E+02  8.15613E-02   2.91649E+02  8.39103E-02   2.93041E+02  8.60625E-02   2.94490E+02  8.80353E-02   2.96003E+02  8.98217E-02   2.97572E+02  9.14287E-02   2.99202E+02  9.28692E-02   3.00891E+02  9.41341E-02   3.02636E+02  9.52454E-02   3.04440E+02  9.62010E-02   3.06297E+02  9.70011E-02   3.08210E+02  9.76686E-02   3.10176E+02  9.81875E-02   3.12192E+02  9.85759E-02   3.14262E+02  9.88529E-02   3.16381E+02  9.90040E-02   3.18550E+02  9.90593E-02   3.20767E+02  9.90117E-02   3.23032E+02  9.88495E-02   3.25343E+02  9.86096E-02   3.27699E+02  9.82953E-02   3.30102E+02  9.79018E-02   3.32550E+02  9.74348E-02   3.35037E+02 
 0.00000E+00   0.00000E+00  0.00000E+00   0.00000E+00  0.00000E+00   0.00000E+00  0.00000E+00   0.00000E+00  0.00000E+00   0.00000E+00  0.00000E+00   0.00000E+00  0.00000E+00   0.00000E+00  0.00000E+00   0.00000E+00  0.00000E+00   0.00000E+00  0.00000E+00   0.00000E+00  0.00000E+00   0.00000E+00  0.00000E+00   0.00000E+00  0.00000E+00   0.00000E+00  0.00000E+00   0.00000E+00  0.00000E+00   0.00000E+00  0.00000E+00   0.00000E+00  0.00000E+00   0.00000E+00  0.00000E+00   0.00000E+00  0.00000E+00   0.00000E+00  0.00000E+00   0.00000E+00  0.00000E+00   0.00000E+00  0.00000E+00   0.00000E+00  0.00000E+00   0.00000E+00  0.00000E+00   0.00000E+00  0.00000E+00   0.00000E+00  0.00000E+00   0.00000E+00  0.00000E+00   0.00000E+00  0.00000E+00   0.00000E+00  0.00000E+00   0.00000E+00  0.00000E+00   0.00000E+00  0.00000E+00   0.00000E+00  0.00000E+00   0.00000E+00  0.00000E+00   0.00000E+00  0.00000E+00   0.00000E+00  0.00000E+00   0.00000E+00  0.00000E+00   0.00000E+00  0.00000E+00   0.00000E+00  0.00000E+00   0.00000E+00  1.07628E-16   2.80239E+02  5.00348E-03   2.80239E+02  9.98992E-03   2.80342E+02  1.49430E-02   2.80520E+02  1.98454E-02   2.80764E+02  2.46826E-02   2.81081E+02  2.94369E-02   2.81466E+02  3.40970E-02   2.81923E+02  3.86451E-02   2.82446E+02  4.30723E-02   2.83042E+02  4.73639E-02   2.83703E+02  5.15107E-02   2.84436E+02  5.55033E-02   2.85233E+02  5.93318E-02   2.86101E+02  6.29926E-02   2.87032E+02  6.64741E-02   2.88031E+02  6.97798E-02   2.89096E+02  7.28961E-02   2.90223E+02  7.58314E-02   2.91417E+02  7.85751E-02   2.92669E+02  8.11323E-02   2.93989E+02  8.35047E-02   2.95366E+02  8.56865E-02   2.96806E+02  8.76943E-02   2.98309E+02  8.95154E-02   2.99867E+02  9.11679E-02   3.01491E+02  9.26501E-02   3.03167E+02  9.39608E-02   3.04903E+02  9.51207E-02   3.06694E+02  9.61136E-02   3.08536E+02  9.69625E-02   3.10437E+02  9.76705E-02   3.12386E+02  9.82352E-02   3.14390E+02  9.86864E-02   3.16449E+02  9.90117E-02   3.18551E+02  9.92195E-02   3.20708E+02  9.93197E-02   3.22913E+02  9.93048E-02   3.25162E+02  9.91993E-02   3.27460E+02  9.90119E-02   3.29802E+02  9.87406E-02   3.32191E+02  9.83858E-02   3.34624E+02  9.79548E-02   3.37098E+02 
 0.00000E+00   0.00000E+00  0.00000E+00   0.00000E+00  0.00000E+00   0.00000E+00  0.00000E+00   0.00000E+00  0.00000E+00   0.00000E+00  0.00000E+00   0.00000E+00  0.00000E+00   0.00000E+00  0.00000E+00   0.00000E+00  0.00000E+00   0.00000E+00  0.00000E+00   0.00000E+00  0.00000E+00   0.00000E+00  0.00000E+00   0.00000E+00  0.00000E+00   0.00000E+00  0.00000E+00   0.00000E+00  0.00000E+00   0.00000E+00  0.00000E+00   0.00000E+00  0.00000E+00   0.00000E+00  0.00000E+00   0.00000E+00  0.00000E+00   0.00000E+00  0.00000E+00   0.00000E+00  0.00000E+00   0.00000E+00  0.00000E+00   0.00000E+00  0.00000E+00   0.00000E+00  0.00000E+00   0.00000E+00  0.00000E+00   0.00000E+00  0.00000E+00   0.00000E+00  0.00000E+00   0.00000E+00  0.00000E+00   0.00000E+00  0.00000E+00   0.00000E+00  0.00000E+00   0.00000E+00  0.00000E+00   0.00000E+00  0.00000E+00   0.00000E+00  0.00000E+00   0.00000E+00  0.00000E+00   0.00000E+00  0.00000E+00   0.00000E+00  0.00000E+00   0.00000E+00  0.00000E+00   0.00000E+00  0.00000E+00   0.00000E+00  1.06410E-16   2.82730E+02  4.94686E-03   2.82730E+02  9.87703E-03   2.82839E+02  1.47756E-02   2.83010E+02  1.96247E-02   2.83257E+02  2.44116E-02   2.83569E+02  2.91182E-02   2.83954E+02  3.37343E-02   2.84405E+02  3.82418E-02   2.84928E+02  4.26340E-02   2.85516E+02  4.68927E-02   2.86174E+02  5.10148E-02   2.86900E+02  5.49840E-02   2.87691E+02  5.87978E-02   2.88551E+02  6.24457E-02   2.89473E+02  6.59223E-02   2.90466E+02  6.92261E-02   2.91517E+02  7.23460E-02   2.92639E+02  7.52916E-02   2.93819E+02  7.80459E-02   2.95066E+02  8.06260E-02   2.96376E+02  8.30173E-02   2.97744E+02  8.52309E-02   2.99180E+02  8.72687E-02   3.00668E+02  8.91229E-02   3.02222E+02  9.08156E-02   3.03830E+02  9.23281E-02   3.05492E+02  9.36828E-02   3.07217E+02  9.48786E-02   3.08988E+02  9.59151E-02   3.10822E+02  9.68168E-02   3.12710E+02  9.75723E-02   3.14646E+02  9.81970E-02   3.16643E+02  9.86967E-02   3.18683E+02  9.90648E-02   3.20773E+02  9.93140E-02   3.22919E+02  9.94554E-02   3.25105E+02  9.94960E-02   3.27340E+02  9.94416E-02   3.29625E+02  9.93014E-02   3.31952E+02  9.90726E-02   3.34327E+02  9.87591E-02   3.36747E+02  9.83792E-02   3.39204E+02 
 0.00000E+00   0.00000E+00  0.00000E+00   0.00000E+00  0.00000E+00   0.00000E+00  0.00000E+00   0.00000E+00  0.00000E+00   0.00000E+00  0.00000E+00   0.00000E+00  0.00000E+00   0.00000E+00  0.00000E+00   0.00000E+00  0.00000E+00   0.00000E+00  0.00000E+00   0.00000E+00  0.00000E+00   0.00000E+00  0.00000E+00   0.00000E+00  0.00000E+00   0.00000E+00  0.00000E+00   0.00000E+00  0.00000E+00   0.00000E+00  0.00000E+00   0.00000E+00  0.00000E+00   0.00000E+00  0.00000E+00   0.00000E+00  0.00000E+00   0.00000E+00  0.00000E+00   0.00000E+00  0.00000E+00   0.00000E+00  0.00000E+00   0.00000E+00  0.00000E+00   0.00000E+00  0.00000E+00   0.00000E+00  0.00000E+00   0.00000E+00  0.00000E+00   0.00000E+00  0.00000E+00   0.00000E+00  0.00000E+00   0.00000E+00  0.00000E+00   0.00000E+00  0.00000E+00   0.00000E+00  0.00000E+00   0.00000E+00  0.00000E+00   0.00000E+00  0.00000E+00   0.00000E+00  0.00000E+00   0.00000E+00  0.00000E+00   0.00000E+00  0.00000E+00   0.00000E+00  0.00000E+00   0.00000E+00  0.00000E+00   0.00000E+00  1.05116E-16   2.85277E+02  4.88670E-03   2.85277E+02  9.75781E-03   2.85381E+02  1.45975E-02   2.85554E+02  1.93911E-02   2.85797E+02  2.41231E-02   2.86106E+02  2.87795E-02   2.86489E+02  3.33471E-02   2.86934E+02  3.78115E-02   2.87454E+02  4.21633E-02   2.88035E+02  4.63872E-02   2.88690E+02  5.04792E-02   2.89406E+02  5.44215E-02   2.90195E+02  5.82173E-02   2.91043E+02  6.18465E-02   2.91963E+02  6.53172E-02   2.92945E+02  6.86118E-02   2.93992E+02  7.17368E-02   2.95106E+02  7.46845E-02   2.96278E+02  7.74523E-02   2.97521E+02  8.00480E-02   2.98816E+02  8.24566E-02   3.00180E+02  8.46985E-02   3.01599E+02  8.67558E-02   3.03077E+02  8.86452E-02   3.04617E+02  9.03658E-02   3.06208E+02  9.19144E-02   3.07864E+02  9.33130E-02   3.09572E+02  9.45479E-02   3.11337E+02  9.56370E-02   3.13163E+02  9.65848E-02   3.15033E+02  9.73837E-02   3.16961E+02  9.80522E-02   3.18940E+02  9.85914E-02   3.20962E+02  9.89999E-02   3.23044E+02  9.93032E-02   3.25171E+02  9.95025E-02   3.27341E+02  9.95877E-02   3.29567E+02  9.95842E-02   3.31836E+02  9.94899E-02   3.34150E+02  9.93006E-02   3.36513E+02  9.90367E-02   3.38913E+02  9.86971E-02   3.41353E+02 
 0.00000E+00   0.00000E+00  0.00000E+00   0.00000E+00  0.00000E+00   0.00000E+00  0.00000E+00   0.00000E+00  0.00000E+00   0.00000E+00  0.00000E+00   0.00000E+00  0.00000E+00   0.00000E+00  0.00000E+00   0.00000E+00  0.00000E+00   0.00000E+00  0.00000E+00   0.00000E+00  0.00000E+00   0.00000E+00  0.00000E+00   0.00000E+00  0.00000E+00   0.00000E+00  0.00000E+00   0.00000E+00  0.00000E+00   0.00000E+00  0.00000E+00   0.00000E+00  0.00000E+00   0.00000E+00  0.00000E+00   0.00000E+00  0.00000E+00   0.00000E+00  0.00000E+00   0.00000E+00  0.00000E+00   0.00000E+00  0.00000E+00   0.00000E+00  0.00000E+00   0.00000E+00  0.00000E+00   0.00000E+00  0.00000E+00   0.00000E+00  0.00000E+00   0.00000E+00  0.00000E+00   0.00000E+00  0.00000E+00   0.00000E+00  0.00000E+00   0.00000E+00  0.00000E+00   0.00000E+00  0.00000E+00   0.00000E+00  0.00000E+00   0.00000E+00  0.00000E+00   0.00000E+00  0.00000E+00   0.00000E+00  0.00000E+00   0.00000E+00  0.00000E+00   0.00000E+00  0.00000E+00   0.00000E+00  0.00000E+00   0.00000E+00  1.03760E-16   2.87869E+02  4.82367E-03   2.87869E+02  9.63292E-03   2.87968E+02  1.44110E-02   2.88144E+02  1.91460E-02   2.88381E+02  2.38200E-02   2.88692E+02  2.84236E-02   2.89066E+02  3.29386E-02   2.89514E+02  3.73580E-02   2.90024E+02  4.16642E-02   2.90606E+02  4.58525E-02   2.91252E+02  4.99071E-02   2.91966E+02  5.38243E-02   2.92747E+02  5.75929E-02   2.93591E+02  6.12064E-02   2.94505E+02  6.46628E-02   2.95478E+02  6.79491E-02   2.96522E+02  7.10742E-02   2.97621E+02  7.40203E-02   2.98790E+02  7.68004E-02   3.00016E+02  7.94020E-02   3.01304E+02  8.18305E-02   3.02654E+02  8.40896E-02   3.04059E+02  8.61699E-02   3.05531E+02  8.80909E-02   3.07056E+02  8.98388E-02   3.08642E+02  9.14282E-02   3.10287E+02  9.28634E-02   3.11983E+02  9.41357E-02   3.13740E+02  9.52680E-02   3.15545E+02  9.62504E-02   3.17402E+02  9.70889E-02   3.19317E+02  9.78081E-02   3.21276E+02  9.83894E-02   3.23292E+02  9.88543E-02   3.25360E+02  9.92153E-02   3.27469E+02  9.94466E-02   3.29631E+02  9.95808E-02   3.31843E+02  9.96283E-02   3.34095E+02  9.95711E-02   3.36396E+02  9.94312E-02   3.38740E+02  9.92121E-02   3.41122E+02  9.89123E-02   3.43555E+02 
 0.00000E+00   0.00000E+00  0.00000E+00   0.00000E+00  0.00000E+00   0.00000E+00  0.00000E+00   0.00000E+00  0.00000E+00   0.00000E+00  0.00000E+00   0.00000E+00  0.00000E+00   0.00000E+00  0.00000E+00   0.00000E+00  0.00000E+00   0.00000E+00  0.00000E+00   0.00000E+00  0.00000E+00   0.00000E+00  0.00000E+00   0.00000E+00  0.00000E+00   0.00000E+00  0.00000E+00   0.00000E+00  0.00000E+00   0.00000E+00  0.00000E+00   0.00000E+00  0.00000E+00   0.00000E+00  0.00000E+00   0.00000E+00  0.00000E+00   0.00000E+00  0.00000E+00   0.00000E+00  0.00000E+00   0.00000E+00  0.00000E+00   0.00000E+00  0.00000E+00   0.00000E+00  0.00000E+00   0.00000E+00  0.00000E+00   0.00000E+00  0.00000E+00   0.00000E+00  0.00000E+00   0.00000E+00  0.00000E+00   0.00000E+00  0.00000E+00   0.00000E+00  0.00000E+00   0.00000E+00  0.00000E+00   0.00000E+00  0.00000E+00   0.00000E+00  0.00000E+00   0.00000E+00  0.00000E+00   0.00000E+00  0.00000E+00   0.00000E+00  0.00000E+00   0.00000E+00  0.00000E+00   0.00000E+00  0.00000E+00   0.00000E+00  1.02357E-16   2.90506E+02  4.75846E-03   2.90506E+02  9.50208E-03   2.90608E+02  1.42174E-02   2.90779E+02  1.88892E-02   2.91017E+02  2.35048E-02   2.91325E+02  2.80502E-02   2.91697E+02  3.25126E-02   2.92141E+02  3.68811E-02   2.92648E+02  4.11421E-02   2.93226E+02  4.52888E-02   2.93865E+02  4.93065E-02   2.94577E+02  5.31929E-02   2.95348E+02  5.69331E-02   2.96189E+02  6.05281E-02   2.97091E+02  6.39645E-02   2.98060E+02  6.72440E-02   2.99090E+02  7.03592E-02   3.00183E+02  7.33065E-02   3.01341E+02  7.60898E-02   3.02555E+02  7.86978E-02   3.03837E+02  8.11433E-02   3.05174E+02  8.34155E-02   3.06575E+02  8.55217E-02   3.08035E+02  8.74673E-02   3.09550E+02  8.92417E-02   3.11127E+02  9.08674E-02   3.12755E+02  9.23291E-02   3.14440E+02  9.36399E-02   3.16180E+02  9.48129E-02   3.17969E+02  9.58293E-02   3.19818E+02  9.67254E-02   3.21718E+02  9.74856E-02   3.23667E+02  9.81088E-02   3.25672E+02  9.86284E-02   3.27720E+02  9.90145E-02   3.29815E+02  9.92928E-02   3.31966E+02  9.94890E-02   3.34158E+02  9.95750E-02   3.36396E+02  9.95656E-02   3.38684E+02  9.94739E-02   3.41009E+02  9.92950E-02   3.43382E+02  9.90410E-02   3.45801E+02 
 0.00000E+00   0.00000E+00  0.00000E+00   0.00000E+00  0.00000E+00   0.00000E+00  0.00000E+00   0.00000E+00  0.00000E+00   0.00000E+00  0.00000E+00   0.00000E+00  0.00000E+00   0.00000E+00  0.00000E+00   0.00000E+00  0.00000E+00   0.00000E+00  0.00000E+00   0.00000E+00  0.00000E+00   0.00000E+00  0.00000E+00   0.00000E+00  0.00000E+00   0.00000E+00  0.00000E+00   0.00000E+00  0.00000E+00   0.00000E+00  0.00000E+00   0.00000E+00  0.00000E+00   0.00000E+00  0.00000E+00   0.00000E+00  0.00000E+00   0.00000E+00  0.00000E+00   0.00000E+00  0.00000E+00   0.00000E+00  0.00000E+00   0.00000E+00  0.00000E+00   0.00000E+00  0.00000E+00   0.00000E+00  0.00000E+00   0.00000E+00  0.00000E+00   0.00000E+00  0.00000E+00   0.00000E+00  0.00000E+00   0.00000E+00  0.00000E+00   0.00000E+00  0.00000E+00   0.00000E+00  0.00000E+00   0.00000E+00  0.00000E+00   0.00000E+00  0.00000E+00   0.00000E+00  0.00000E+00   0.00000E+00  0.00000E+00   0.00000E+00  0.00000E+00   0.00000E+00  0.00000E+00   0.00000E+00  0.00000E+00   0.00000E+00  1.00903E-16   2.93195E+02  4.69086E-03   2.93195E+02  9.36773E-03   2.93296E+02  1.40173E-02   2.93465E+02  1.86248E-02   2.93703E+02  2.31792E-02   2.94005E+02  2.76646E-02   2.94378E+02  3.20726E-02   2.94814E+02  3.63872E-02   2.95320E+02  4.06022E-02   2.95889E+02  4.47028E-02   2.96526E+02  4.86836E-02   2.97228E+02  5.25337E-02   2.97995E+02  5.62459E-02   2.98827E+02  5.98155E-02   2.99722E+02  6.32327E-02   3.00683E+02  6.64986E-02   3.01704E+02  6.96026E-02   3.02791E+02  7.25487E-02   3.03937E+02  7.53296E-02   3.05147E+02  7.79459E-02   3.06418E+02  8.04011E-02   3.07746E+02  8.26857E-02   3.09137E+02  8.48151E-02   3.10583E+02  8.67762E-02   3.12088E+02  8.85810E-02   3.13649E+02  9.02337E-02   3.15263E+02  9.17238E-02   3.16938E+02  9.30805E-02   3.18664E+02  9.42812E-02   3.20445E+02  9.53457E-02   3.22282E+02  9.62823E-02   3.24166E+02  9.70683E-02   3.26103E+02  9.77451E-02   3.28089E+02  9.82975E-02   3.30121E+02  9.87300E-02   3.32208E+02  9.90778E-02   3.34342E+02  9.93125E-02   3.36518E+02  9.94369E-02   3.38746E+02  9.94744E-02   3.41016E+02  9.94223E-02   3.43328E+02  9.92871E-02   3.45687E+02  9.90804E-02   3.48083E+02 
