/rn,a,b/nx0/ls1
/r,qa,qb
81 -0.4 0.4 0 OUTPUT_AMP_PHASE_3D Wavelength=0.8
81 -0.4 0.4
 5.98408E-02   1.99458E+01  6.03575E-02   1.79316E+01  6.08366E-02   1.59466E+01  6.12569E-02   1.40139E+01  6.16086E-02   1.21241E+01  6.18947E-02   1.02803E+01  6.21035E-02   8.47956E+00  6.22384E-02   6.72935E+00  6.22865E-02   5.02369E+00  6.22415E-02   3.37058E+00  6.21139E-02   1.76066E+00  6.18601E-02   2.03659E-01  6.15253E-02   3.58688E+02  6.10505E-02   3.57224E+02  6.04735E-02   3.55810E+02  5.97696E-02   3.54439E+02  5.89270E-02   3.53133E+02  5.79746E-02   3.51864E+02  5.68567E-02   3.50661E+02  5.56300E-02   3.49500E+02  5.42336E-02   3.48395E+02  5.27122E-02   3.47345E+02  5.10349E-02   3.46338E+02  4.92111E-02   3.45394E+02  4.72507E-02   3.44492E+02  4.51294E-02   3.43650E+02  4.28862E-02   3.42857E+02  4.04822E-02   3.42118E+02  3.79648E-02   3.41436E+02  3.52988E-02   3.40802E+02  3.25254E-02   3.40233E+02  2.96245E-02   3.39700E+02  2.66239E-02   3.39248E+02  2.35206E-02   3.38817E+02  2.03310E-02   3.38482E+02  1.70644E-02   3.38151E+02  1.37300E-02   3.37932E+02  1.03475E-02   3.37698E+02  6.91682E-03   3.37597E+02  3.46854E-03   3.37395E+02  3.31632E-06   1.67010E+02  3.46556E-03   1.57658E+02  6.92359E-03   1.57612E+02  1.03451E-02   1.57786E+02  1.37357E-02   1.57941E+02  1.70648E-02   1.58211E+02  2.03342E-02   1.58485E+02  2.35242E-02   1.58865E+02  2.66256E-02   1.59251E+02  2.96305E-02   1.59735E+02  3.25254E-02   1.60238E+02  3.53081E-02   1.60821E+02  3.79617E-02   1.61442E+02  4.04948E-02   1.62124E+02  4.28805E-02   1.62860E+02  4.51424E-02   1.63645E+02  4.72459E-02   1.64490E+02  4.92195E-02   1.65381E+02  5.10355E-02   1.66333E+02  5.27122E-02   1.67333E+02  5.42429E-02   1.68389E+02  5.56206E-02   1.69499E+02  5.68721E-02   1.70655E+02  5.79611E-02   1.71876E+02  5.89375E-02   1.73130E+02  5.97616E-02   1.74453E+02  6.04678E-02   1.75810E+02  6.10536E-02   1.77222E+02  6.15071E-02   1.78690E+02  6.18700E-02   1.80189E+02  6.21050E-02   1.81761E+02  6.22507E-02   1.83365E+02  6.22959E-02   1.85025E+02  6.22425E-02   1.86741E+02  6.21097E-02   1.88483E+02  6.18934E-02   1.90284E+02  6.16020E-02   1.92128E+02  6.12508E-02   1.94005E+02  6.08307E-02   1.95947E+02  6.03638E-02   1.97935E+02  5.98319E-02   1.99953E+02 
 6.03579E-02   1.79294E+01  6.09214E-02   1.58970E+01  6.14462E-02   1.39096E+01  6.19062E-02   1.19657E+01  6.23011E-02   1.00755E+01  6.26334E-02   8.21915E+00  6.28872E-02   6.42167E+00  6.30649E-02   4.66363E+00  6.31481E-02   2.95292E+00  6.31532E-02   1.29071E+00  6.30417E-02   3.59669E+02  6.28403E-02   3.58101E+02  6.25204E-02   3.56577E+02  6.20853E-02   3.55111E+02  6.15377E-02   3.53691E+02  6.08493E-02   3.52327E+02  6.00465E-02   3.51014E+02  5.90903E-02   3.49748E+02  5.80059E-02   3.48539E+02  5.67690E-02   3.47372E+02  5.53856E-02   3.46264E+02  5.38565E-02   3.45202E+02  5.21671E-02   3.44192E+02  5.03370E-02   3.43243E+02  4.83423E-02   3.42332E+02  4.62093E-02   3.41497E+02  4.39171E-02   3.40691E+02  4.14871E-02   3.39965E+02  3.89112E-02   3.39270E+02  3.62014E-02   3.38650E+02  3.33630E-02   3.38068E+02  3.03997E-02   3.37554E+02  2.73281E-02   3.37085E+02  2.41478E-02   3.36676E+02  2.08792E-02   3.36322E+02  1.75260E-02   3.36016E+02  1.41065E-02   3.35783E+02  1.06276E-02   3.35570E+02  7.11050E-03   3.35478E+02  3.56022E-03   3.35332E+02  4.46797E-06   6.87116E+01  3.56441E-03   1.55379E+02  7.11071E-03   1.55406E+02  1.06318E-02   1.55588E+02  1.41071E-02   1.55755E+02  1.75290E-02   1.56023E+02  2.08801E-02   1.56316E+02  2.41509E-02   1.56677E+02  2.73274E-02   1.57092E+02  3.04038E-02   1.57554E+02  3.33614E-02   1.58082E+02  3.62043E-02   1.58652E+02  3.89107E-02   1.59288E+02  4.14868E-02   1.59965E+02  4.39188E-02   1.60711E+02  4.62053E-02   1.61493E+02  4.83453E-02   1.62348E+02  5.03304E-02   1.63236E+02  5.21705E-02   1.64195E+02  5.38495E-02   1.65193E+02  5.53875E-02   1.66254E+02  5.67673E-02   1.67365E+02  5.80041E-02   1.68524E+02  5.90984E-02   1.69746E+02  6.00417E-02   1.71010E+02  6.08630E-02   1.72330E+02  6.15336E-02   1.73703E+02  6.20908E-02   1.75116E+02  6.25187E-02   1.76591E+02  6.28288E-02   1.78102E+02  6.30401E-02   1.79666E+02  6.31372E-02   1.81286E+02  6.31487E-02   1.82942E+02  6.30633E-02   1.84661E+02  6.28920E-02   1.86423E+02  6.26362E-02   1.88223E+02  6.23074E-02   1.90078E+02  6.19037E-02   1.91970E+02  6.14431E-02   1.93897E+02  6.09264E-02   1.95893E+02  6.03570E-02   1.97934E+02 
 6.08313E-02   1.59439E+01  6.14464E-02   1.39117E+01  6.20139E-02   1.19135E+01  6.25124E-02   9.97184E+00  6.29497E-02   8.06618E+00  6.33244E-02   6.21009E+00  6.36169E-02   4.40202E+00  6.38304E-02   2.63121E+00  6.39664E-02   9.14213E-01  6.39952E-02   3.59240E+02  6.39379E-02   3.57617E+02  6.37649E-02   3.56047E+02  6.34870E-02   3.54526E+02  6.30896E-02   3.53057E+02  6.25637E-02   3.51638E+02  6.19171E-02   3.50266E+02  6.11201E-02   3.48946E+02  6.01966E-02   3.47670E+02  5.91146E-02   3.46454E+02  5.78914E-02   3.45277E+02  5.65134E-02   3.44169E+02  5.49758E-02   3.43097E+02  5.32915E-02   3.42097E+02  5.14348E-02   3.41134E+02  4.94367E-02   3.40240E+02  4.72642E-02   3.39389E+02  4.49522E-02   3.38599E+02  4.24747E-02   3.37863E+02  3.98602E-02   3.37172E+02  3.70946E-02   3.36552E+02  3.42000E-02   3.35964E+02  3.11731E-02   3.35456E+02  2.80297E-02   3.34974E+02  2.47765E-02   3.34577E+02  2.14265E-02   3.34204E+02  1.79895E-02   3.33919E+02  1.44811E-02   3.33649E+02  1.09134E-02   3.33489E+02  7.29993E-03   3.33306E+02  3.65733E-03   3.33313E+02  2.42527E-06   2.21738E+02  3.65950E-03   1.53184E+02  7.30216E-03   1.53343E+02  1.09157E-02   1.53443E+02  1.44833E-02   1.53666E+02  1.79936E-02   1.53892E+02  2.14281E-02   1.54214E+02  2.47819E-02   1.54557E+02  2.80322E-02   1.54983E+02  3.11793E-02   1.55439E+02  3.42030E-02   1.55974E+02  3.71027E-02   1.56539E+02  3.98628E-02   1.57183E+02  4.24849E-02   1.57858E+02  4.49535E-02   1.58607E+02  4.72758E-02   1.59397E+02  4.94365E-02   1.60244E+02  5.14456E-02   1.61150E+02  5.32893E-02   1.62095E+02  5.49827E-02   1.63115E+02  5.65097E-02   1.64160E+02  5.78908E-02   1.65286E+02  5.91116E-02   1.66440E+02  6.01882E-02   1.67665E+02  6.11218E-02   1.68933E+02  6.19078E-02   1.70255E+02  6.25706E-02   1.71633E+02  6.30898E-02   1.73056E+02  6.34941E-02   1.74531E+02  6.37732E-02   1.76056E+02  6.39369E-02   1.77624E+02  6.40007E-02   1.79245E+02  6.39584E-02   1.80913E+02  6.38309E-02   1.82627E+02  6.36171E-02   1.84398E+02  6.33218E-02   1.86212E+02  6.29511E-02   1.88069E+02  6.25131E-02   1.89980E+02  6.20028E-02   1.91921E+02  6.14479E-02   1.93899E+02  6.08335E-02   1.95945E+02 
 6.12555E-02   1.40154E+01  6.19094E-02   1.19691E+01  6.25138E-02   9.96906E+00  6.30460E-02   8.01453E+00  6.35379E-02   6.10484E+00  6.39536E-02   4.24196E+00  6.42881E-02   2.42193E+00  6.45622E-02   6.48320E-01  6.47253E-02   3.58926E+02  6.48102E-02   3.57250E+02  6.47847E-02   3.55627E+02  6.46543E-02   3.54053E+02  6.44183E-02   3.52521E+02  6.40417E-02   3.51049E+02  6.35667E-02   3.49613E+02  6.29238E-02   3.48239E+02  6.21714E-02   3.46906E+02  6.12556E-02   3.45634E+02  6.01940E-02   3.44409E+02  5.89904E-02   3.43242E+02  5.76058E-02   3.42125E+02  5.60915E-02   3.41063E+02  5.43818E-02   3.40054E+02  5.25373E-02   3.39098E+02  5.05046E-02   3.38196E+02  4.83233E-02   3.37345E+02  4.59729E-02   3.36551E+02  4.34629E-02   3.35806E+02  4.08039E-02   3.35122E+02  3.79868E-02   3.34485E+02  3.50385E-02   3.33909E+02  3.19434E-02   3.33384E+02  2.87371E-02   3.32913E+02  2.54031E-02   3.32504E+02  2.19784E-02   3.32137E+02  1.84536E-02   3.31844E+02  1.48609E-02   3.31583E+02  1.11981E-02   3.31400E+02  7.49522E-03   3.31250E+02  3.75451E-03   3.31181E+02  3.06259E-06   3.02204E+02  3.75337E-03   1.51162E+02  7.48897E-03   1.51274E+02  1.11981E-02   1.51391E+02  1.48542E-02   1.51598E+02  1.84535E-02   1.51834E+02  2.19719E-02   1.52147E+02  2.54040E-02   1.52496E+02  2.87292E-02   1.52918E+02  3.19462E-02   1.53380E+02  3.50306E-02   1.53907E+02  3.79897E-02   1.54484E+02  4.07984E-02   1.55114E+02  4.34644E-02   1.55807E+02  4.59727E-02   1.56543E+02  4.83220E-02   1.57346E+02  5.05122E-02   1.58191E+02  5.25328E-02   1.59100E+02  5.43975E-02   1.60054E+02  5.60851E-02   1.61068E+02  5.76247E-02   1.62131E+02  5.89856E-02   1.63245E+02  6.02054E-02   1.64418E+02  6.12570E-02   1.65632E+02  6.21646E-02   1.66913E+02  6.29317E-02   1.68229E+02  6.35457E-02   1.69615E+02  6.40499E-02   1.71037E+02  6.44023E-02   1.72522E+02  6.46573E-02   1.74050E+02  6.47847E-02   1.75628E+02  6.48042E-02   1.77255E+02  6.47319E-02   1.78926E+02  6.45501E-02   1.80650E+02  6.42956E-02   1.82417E+02  6.39558E-02   1.84239E+02  6.35387E-02   1.86103E+02  6.30595E-02   1.88014E+02  6.25079E-02   1.89977E+02  6.19028E-02   1.91971E+02  6.12550E-02   1.94010E+02 
 6.16063E-02   1.21257E+01  6.23047E-02   1.00728E+01  6.29448E-02   8.06356E+00  6.35373E-02   6.10749E+00  6.40757E-02   4.19014E+00  6.45244E-02   2.31692E+00  6.49191E-02   4.91344E-01  6.52181E-02   3.58714E+02  6.54315E-02   3.56985E+02  6.55538E-02   3.55303E+02  6.55705E-02   3.53676E+02  6.54932E-02   3.52087E+02  6.52747E-02   3.50559E+02  6.49642E-02   3.49073E+02  6.44929E-02   3.47641E+02  6.39036E-02   3.46262E+02  6.31712E-02   3.44932E+02  6.22735E-02   3.43656E+02  6.12522E-02   3.42434E+02  6.00394E-02   3.41258E+02  5.86921E-02   3.40144E+02  5.71600E-02   3.39069E+02  5.54648E-02   3.38061E+02  5.36044E-02   3.37095E+02  5.15577E-02   3.36192E+02  4.93605E-02   3.35337E+02  4.69720E-02   3.34540E+02  4.44381E-02   3.33798E+02  4.17268E-02   3.33106E+02  3.88689E-02   3.32477E+02  3.58593E-02   3.31893E+02  3.27065E-02   3.31374E+02  2.94299E-02   3.30901E+02  2.60228E-02   3.30490E+02  2.25214E-02   3.30130E+02  1.89093E-02   3.29828E+02  1.52345E-02   3.29575E+02  1.14756E-02   3.29394E+02  7.68636E-03   3.29233E+02  3.84304E-03   3.29193E+02  5.13990E-06   3.07251E+02  3.85590E-03   1.49144E+02  7.67796E-03   1.49260E+02  1.14868E-02   1.49382E+02  1.52273E-02   1.49585E+02  1.89201E-02   1.49826E+02  2.25147E-02   1.50137E+02  2.60321E-02   1.50491E+02  2.94256E-02   1.50908E+02  3.27121E-02   1.51375E+02  3.58588E-02   1.51902E+02  3.88696E-02   1.52477E+02  4.17307E-02   1.53114E+02  4.44332E-02   1.53801E+02  4.69792E-02   1.54543E+02  4.93519E-02   1.55343E+02  5.15651E-02   1.56190E+02  5.35967E-02   1.57102E+02  5.54675E-02   1.58055E+02  5.71601E-02   1.59073E+02  5.86869E-02   1.60137E+02  6.00515E-02   1.61258E+02  6.12418E-02   1.62431E+02  6.22913E-02   1.63654E+02  6.31669E-02   1.64932E+02  6.39106E-02   1.66261E+02  6.45025E-02   1.67637E+02  6.49524E-02   1.69076E+02  6.52919E-02   1.70551E+02  6.54779E-02   1.72095E+02  6.55817E-02   1.73673E+02  6.55520E-02   1.75308E+02  6.54299E-02   1.76991E+02  6.52191E-02   1.78713E+02  6.49040E-02   1.80493E+02  6.45273E-02   1.82316E+02  6.40658E-02   1.84188E+02  6.35434E-02   1.86106E+02  6.29532E-02   1.88067E+02  6.23032E-02   1.90073E+02  6.16061E-02   1.92126E+02 
 6.18946E-02   1.02796E+01  6.26346E-02   8.21904E+00  6.33222E-02   6.21196E+00  6.39584E-02   4.24549E+00  6.45253E-02   2.31385E+00  6.50281E-02   4.36857E-01  6.54593E-02   3.58607E+02  6.58098E-02   3.56823E+02  6.60681E-02   3.55091E+02  6.62423E-02   3.53408E+02  6.63137E-02   3.51769E+02  6.62557E-02   3.50185E+02  6.61068E-02   3.48647E+02  6.58043E-02   3.47161E+02  6.53856E-02   3.45723E+02  6.48289E-02   3.44341E+02  6.41144E-02   3.43001E+02  6.32658E-02   3.41725E+02  6.22461E-02   3.40488E+02  6.10666E-02   3.39318E+02  5.97256E-02   3.38191E+02  5.81981E-02   3.37123E+02  5.65125E-02   3.36111E+02  5.46347E-02   3.35145E+02  5.25885E-02   3.34246E+02  5.03629E-02   3.33386E+02  4.79557E-02   3.32597E+02  4.53887E-02   3.31845E+02  4.26338E-02   3.31165E+02  3.97397E-02   3.30522E+02  3.66646E-02   3.29950E+02  3.34670E-02   3.29421E+02  3.01100E-02   3.28952E+02  2.66462E-02   3.28540E+02  2.30531E-02   3.28173E+02  1.93741E-02   3.27881E+02  1.55991E-02   3.27618E+02  1.17646E-02   3.27441E+02  7.86994E-03   3.27284E+02  3.94705E-03   3.27243E+02  1.03805E-06   2.22837E+02  3.94118E-03   1.47163E+02  7.87027E-03   1.47296E+02  1.17589E-02   1.47412E+02  1.56007E-02   1.47623E+02  1.93668E-02   1.47861E+02  2.30577E-02   1.48172E+02  2.66374E-02   1.48529E+02  3.01172E-02   1.48944E+02  3.34571E-02   1.49417E+02  3.66744E-02   1.49935E+02  3.97296E-02   1.50527E+02  4.26450E-02   1.51148E+02  4.53806E-02   1.51853E+02  4.79655E-02   1.52584E+02  5.03599E-02   1.53395E+02  5.25937E-02   1.54241E+02  5.46388E-02   1.55154E+02  5.65111E-02   1.56115E+02  5.82076E-02   1.57129E+02  5.97203E-02   1.58202E+02  6.10738E-02   1.59318E+02  6.22444E-02   1.60500E+02  6.32637E-02   1.61721E+02  6.41195E-02   1.63006E+02  6.48219E-02   1.64335E+02  6.53878E-02   1.65719E+02  6.58051E-02   1.67154E+02  6.60944E-02   1.68642E+02  6.62655E-02   1.70176E+02  6.62999E-02   1.71772E+02  6.62485E-02   1.73405E+02  6.60740E-02   1.75095E+02  6.58117E-02   1.76830E+02  6.54656E-02   1.78602E+02  6.50269E-02   1.80439E+02  6.45227E-02   1.82313E+02  6.39534E-02   1.84240E+02  6.33246E-02   1.86218E+02  6.26329E-02   1.88224E+02  6.19019E-02   1.90278E+02 
 6.21066E-02   8.48222E+00  6.28877E-02   6.42184E+00  6.36166E-02   4.40305E+00  6.42903E-02   2.41948E+00  6.49133E-02   4.87829E-01  6.54587E-02   3.58610E+02  6.59474E-02   3.56772E+02  6.63335E-02   3.54986E+02  6.66467E-02   3.53249E+02  6.68695E-02   3.51555E+02  6.69566E-02   3.49916E+02  6.69713E-02   3.48321E+02  6.68364E-02   3.46780E+02  6.65877E-02   3.45283E+02  6.62140E-02   3.43847E+02  6.56806E-02   3.42453E+02  6.50183E-02   3.41120E+02  6.41869E-02   3.39837E+02  6.31971E-02   3.38606E+02  6.20419E-02   3.37434E+02  6.07074E-02   3.36306E+02  5.91993E-02   3.35241E+02  5.75111E-02   3.34220E+02  5.56334E-02   3.33261E+02  5.35824E-02   3.32350E+02  5.13341E-02   3.31493E+02  4.89157E-02   3.30695E+02  4.63069E-02   3.29943E+02  4.35298E-02   3.29257E+02  4.05788E-02   3.28613E+02  3.74648E-02   3.28038E+02  3.42015E-02   3.27502E+02  3.07856E-02   3.27042E+02  2.72503E-02   3.26611E+02  2.35813E-02   3.26268E+02  1.98237E-02   3.25940E+02  1.59616E-02   3.25713E+02  1.20427E-02   3.25486E+02  8.05322E-03   3.25377E+02  4.04196E-03   3.25200E+02  2.36103E-06   1.48472E+02  4.03296E-03   1.45403E+02  8.05841E-03   1.45379E+02  1.20332E-02   1.45557E+02  1.59671E-02   1.45711E+02  1.98144E-02   1.45986E+02  2.35869E-02   1.46264E+02  2.72415E-02   1.46644E+02  3.07904E-02   1.47038E+02  3.41945E-02   1.47523E+02  3.74673E-02   1.48036E+02  4.05748E-02   1.48622E+02  4.35288E-02   1.49254E+02  4.63067E-02   1.49943E+02  4.89102E-02   1.50689E+02  5.13382E-02   1.51487E+02  5.35736E-02   1.52344E+02  5.56401E-02   1.53249E+02  5.75039E-02   1.54219E+02  5.92049E-02   1.55231E+02  6.07076E-02   1.56309E+02  6.20450E-02   1.57430E+02  6.32034E-02   1.58611E+02  6.41913E-02   1.59843E+02  6.50230E-02   1.61123E+02  6.56896E-02   1.62465E+02  6.62141E-02   1.63845E+02  6.65941E-02   1.65289E+02  6.68405E-02   1.66775E+02  6.69600E-02   1.68318E+02  6.69675E-02   1.69909E+02  6.68491E-02   1.71556E+02  6.66467E-02   1.73245E+02  6.63346E-02   1.74993E+02  6.59344E-02   1.76778E+02  6.54699E-02   1.78605E+02  6.49070E-02   1.80493E+02  6.42935E-02   1.82412E+02  6.36199E-02   1.84397E+02  6.28836E-02   1.86428E+02  6.21084E-02   1.88487E+02 
 6.22368E-02   6.73330E+00  6.30646E-02   4.66219E+00  6.38292E-02   2.63041E+00  6.45616E-02   6.47583E-01  6.52165E-02   3.58715E+02  6.58149E-02   3.56827E+02  6.63344E-02   3.54983E+02  6.67704E-02   3.53193E+02  6.71422E-02   3.51447E+02  6.73818E-02   3.49752E+02  6.75477E-02   3.48104E+02  6.75918E-02   3.46510E+02  6.75045E-02   3.44959E+02  6.73158E-02   3.43470E+02  6.69632E-02   3.42023E+02  6.64847E-02   3.40635E+02  6.58488E-02   3.39298E+02  6.50470E-02   3.38009E+02  6.40919E-02   3.36779E+02  6.29499E-02   3.35596E+02  6.16414E-02   3.34468E+02  6.01438E-02   3.33395E+02  5.84603E-02   3.32372E+02  5.65916E-02   3.31407E+02  5.45255E-02   3.30493E+02  5.22759E-02   3.29639E+02  4.98302E-02   3.28836E+02  4.72020E-02   3.28091E+02  4.43877E-02   3.27400E+02  4.13978E-02   3.26764E+02  3.82378E-02   3.26187E+02  3.49158E-02   3.25659E+02  3.14459E-02   3.25193E+02  2.78347E-02   3.24776E+02  2.41021E-02   3.24420E+02  2.02585E-02   3.24116E+02  1.63215E-02   3.23870E+02  1.23098E-02   3.23678E+02  8.23888E-03   3.23549E+02  4.13095E-03   3.23477E+02  2.54537E-06   2.54770E+01  4.12614E-03   1.43415E+02  8.23656E-03   1.43517E+02  1.23052E-02   1.43661E+02  1.63196E-02   1.43858E+02  2.02544E-02   1.44109E+02  2.41001E-02   1.44417E+02  2.78326E-02   1.44774E+02  3.14439E-02   1.45196E+02  3.49154E-02   1.45664E+02  3.82371E-02   1.46191E+02  4.13987E-02   1.46774E+02  4.43887E-02   1.47408E+02  4.72034E-02   1.48101E+02  4.98329E-02   1.48846E+02  5.22764E-02   1.49646E+02  5.45286E-02   1.50504E+02  5.65898E-02   1.51410E+02  5.84614E-02   1.52376E+02  6.01409E-02   1.53394E+02  6.16383E-02   1.54466E+02  6.29489E-02   1.55594E+02  6.40865E-02   1.56773E+02  6.50484E-02   1.58009E+02  6.58468E-02   1.59294E+02  6.64846E-02   1.60634E+02  6.69700E-02   1.62027E+02  6.73104E-02   1.63466E+02  6.75165E-02   1.64965E+02  6.75901E-02   1.66504E+02  6.75484E-02   1.68103E+02  6.73961E-02   1.69747E+02  6.71283E-02   1.71444E+02  6.67854E-02   1.73191E+02  6.63308E-02   1.74989E+02  6.58087E-02   1.76830E+02  6.52209E-02   1.78717E+02  6.45472E-02   1.80651E+02  6.38389E-02   1.82625E+02  6.30632E-02   1.84657E+02  6.22429E-02   1.86738E+02 
 6.22921E-02   5.02423E+00  6.31485E-02   2.94911E+00  6.39657E-02   9.15740E-01  6.47272E-02   3.58926E+02  6.54302E-02   3.56985E+02  6.60701E-02   3.55091E+02  6.66415E-02   3.53245E+02  6.71416E-02   3.51450E+02  6.75356E-02   3.49701E+02  6.78447E-02   3.47997E+02  6.80484E-02   3.46350E+02  6.81281E-02   3.44743E+02  6.81044E-02   3.43198E+02  6.79386E-02   3.41695E+02  6.76393E-02   3.40251E+02  6.72005E-02   3.38856E+02  6.65946E-02   3.37513E+02  6.58393E-02   3.36226E+02  6.49052E-02   3.34988E+02  6.37954E-02   3.33806E+02  6.25095E-02   3.32677E+02  6.10215E-02   3.31603E+02  5.93610E-02   3.30582E+02  5.74830E-02   3.29619E+02  5.54307E-02   3.28706E+02  5.31606E-02   3.27852E+02  5.07090E-02   3.27052E+02  4.80541E-02   3.26304E+02  4.52114E-02   3.25616E+02  4.21871E-02   3.24977E+02  3.89778E-02   3.24399E+02  3.56123E-02   3.23869E+02  3.20748E-02   3.23404E+02  2.84105E-02   3.22980E+02  2.45971E-02   3.22632E+02  2.06880E-02   3.22311E+02  1.66630E-02   3.22083E+02  1.25766E-02   3.21864E+02  8.41165E-03   3.21764E+02  4.22400E-03   3.21620E+02  5.35315E-06   7.58474E+01  4.20992E-03   1.41683E+02  8.41571E-03   1.41699E+02  1.25626E-02   1.41880E+02  1.66663E-02   1.42049E+02  2.06739E-02   1.42318E+02  2.45999E-02   1.42606E+02  2.83963E-02   1.42983E+02  3.20762E-02   1.43383E+02  3.56004E-02   1.43867E+02  3.89767E-02   1.44385E+02  4.21798E-02   1.44971E+02  4.52075E-02   1.45607E+02  4.80542E-02   1.46299E+02  5.07023E-02   1.47048E+02  5.31688E-02   1.47849E+02  5.54233E-02   1.48707E+02  5.74964E-02   1.49618E+02  5.93550E-02   1.50587E+02  6.10343E-02   1.51604E+02  6.25068E-02   1.52681E+02  6.38018E-02   1.53809E+02  6.49067E-02   1.54991E+02  6.58387E-02   1.56229E+02  6.66010E-02   1.57516E+02  6.71974E-02   1.58860E+02  6.76460E-02   1.60253E+02  6.79398E-02   1.61699E+02  6.81025E-02   1.63197E+02  6.81330E-02   1.64747E+02  6.80384E-02   1.66342E+02  6.78422E-02   1.67999E+02  6.75328E-02   1.69693E+02  6.71321E-02   1.71447E+02  6.66494E-02   1.73245E+02  6.60731E-02   1.75090E+02  6.54326E-02   1.76990E+02  6.47263E-02   1.78927E+02  6.39578E-02   1.80917E+02  6.31461E-02   1.82947E+02  6.22906E-02   1.85025E+02 
 6.22415E-02   3.37166E+00  6.31472E-02   1.29039E+00  6.39953E-02   3.59241E+02  6.48084E-02   3.57248E+02  6.55528E-02   3.55306E+02  6.62439E-02   3.53408E+02  6.68679E-02   3.51556E+02  6.73865E-02   3.49755E+02  6.78458E-02   3.47995E+02  6.81896E-02   3.46292E+02  6.84352E-02   3.44633E+02  6.85811E-02   3.43033E+02  6.85898E-02   3.41478E+02  6.84832E-02   3.39980E+02  6.82306E-02   3.38530E+02  6.78278E-02   3.37133E+02  6.72707E-02   3.35792E+02  6.65457E-02   3.34498E+02  6.56425E-02   3.33263E+02  6.45693E-02   3.32077E+02  6.32941E-02   3.30946E+02  6.18430E-02   3.29871E+02  6.01803E-02   3.28847E+02  5.83270E-02   3.27881E+02  5.62661E-02   3.26965E+02  5.39979E-02   3.26112E+02  5.15364E-02   3.25302E+02  4.88552E-02   3.24562E+02  4.59992E-02   3.23862E+02  4.29255E-02   3.23230E+02  3.96933E-02   3.22645E+02  3.62612E-02   3.22119E+02  3.26886E-02   3.21648E+02  2.89444E-02   3.21232E+02  2.50823E-02   3.20871E+02  2.10862E-02   3.20566E+02  1.69985E-02   3.20314E+02  1.28205E-02   3.20118E+02  8.58420E-03   3.19977E+02  4.30151E-03   3.19879E+02  2.56601E-06   2.58067E+02  4.30392E-03   1.39934E+02  8.58130E-03   1.40004E+02  1.28232E-02   1.40140E+02  1.69938E-02   1.40329E+02  2.10902E-02   1.40578E+02  2.50736E-02   1.40885E+02  2.89507E-02   1.41238E+02  3.26755E-02   1.41662E+02  3.62688E-02   1.42123E+02  3.96770E-02   1.42657E+02  4.29327E-02   1.43231E+02  4.59824E-02   1.43874E+02  4.88596E-02   1.44558E+02  5.15238E-02   1.45313E+02  5.39976E-02   1.46106E+02  5.62610E-02   1.46971E+02  5.83221E-02   1.47877E+02  6.01835E-02   1.48846E+02  6.18349E-02   1.49869E+02  6.33024E-02   1.50941E+02  6.45602E-02   1.52076E+02  6.56495E-02   1.53256E+02  6.65395E-02   1.54497E+02  6.72715E-02   1.55789E+02  6.78281E-02   1.57131E+02  6.82308E-02   1.58533E+02  6.84881E-02   1.59979E+02  6.85985E-02   1.61482E+02  6.85863E-02   1.63033E+02  6.84465E-02   1.64636E+02  6.81947E-02   1.66288E+02  6.78397E-02   1.67997E+02  6.73918E-02   1.69746E+02  6.68503E-02   1.71560E+02  6.62449E-02   1.73406E+02  6.55577E-02   1.75308E+02  6.48041E-02   1.77253E+02  6.40061E-02   1.79239E+02  6.31425E-02   1.81285E+02  6.22425E-02   1.83372E+02 
 6.21121E-02   1.76098E+00  6.30423E-02   3.59664E+02  6.39395E-02   3.57617E+02  6.47867E-02   3.55628E+02  6.55718E-02   3.53677E+02  6.63148E-02   3.51769E+02  6.69548E-02   3.49914E+02  6.75497E-02   3.48104E+02  6.80436E-02   3.46346E+02  6.84346E-02   3.44636E+02  6.87520E-02   3.42982E+02  6.89244E-02   3.41369E+02  6.89950E-02   3.39819E+02  6.89321E-02   3.38311E+02  6.87129E-02   3.36859E+02  6.83629E-02   3.35462E+02  6.78383E-02   3.34111E+02  6.71495E-02   3.32819E+02  6.62933E-02   3.31577E+02  6.52378E-02   3.30389E+02  6.40090E-02   3.29260E+02  6.25691E-02   3.28179E+02  6.09345E-02   3.27160E+02  5.90910E-02   3.26191E+02  5.70341E-02   3.25280E+02  5.47731E-02   3.24422E+02  5.22908E-02   3.23623E+02  4.96114E-02   3.22874E+02  4.67157E-02   3.22184E+02  4.36295E-02   3.21549E+02  4.03470E-02   3.20966E+02  3.68835E-02   3.20444E+02  3.32521E-02   3.19970E+02  2.94591E-02   3.19558E+02  2.55311E-02   3.19198E+02  2.14697E-02   3.18893E+02  1.73124E-02   3.18649E+02  1.30556E-02   3.18453E+02  8.74681E-03   3.18329E+02  4.37876E-03   3.18246E+02  4.68594E-06   1.75921E+01  4.38664E-03   1.38192E+02  8.74203E-03   1.38281E+02  1.30630E-02   1.38429E+02  1.73081E-02   1.38627E+02  2.14754E-02   1.38875E+02  2.55279E-02   1.39185E+02  2.94624E-02   1.39544E+02  3.32498E-02   1.39961E+02  3.68839E-02   1.40432E+02  4.03457E-02   1.40961E+02  4.36262E-02   1.41541E+02  4.67159E-02   1.42181E+02  4.96054E-02   1.42874E+02  5.22918E-02   1.43620E+02  5.47669E-02   1.44429E+02  5.70355E-02   1.45279E+02  5.90882E-02   1.46201E+02  6.09353E-02   1.47161E+02  6.25730E-02   1.48189E+02  6.40073E-02   1.49263E+02  6.52481E-02   1.50394E+02  6.62890E-02   1.51582E+02  6.71574E-02   1.52818E+02  6.78372E-02   1.54115E+02  6.83586E-02   1.55458E+02  6.87157E-02   1.56859E+02  6.89222E-02   1.58314E+02  6.89930E-02   1.59815E+02  6.89267E-02   1.61377E+02  6.87416E-02   1.62978E+02  6.84492E-02   1.64639E+02  6.80412E-02   1.66343E+02  6.75499E-02   1.68100E+02  6.69694E-02   1.69908E+02  6.62955E-02   1.71771E+02  6.55815E-02   1.73675E+02  6.47786E-02   1.75633E+02  6.39329E-02   1.77626E+02  6.30468E-02   1.79661E+02  6.21040E-02   1.81756E+02 
 6.18638E-02   1.97268E-01  6.28365E-02   3.58101E+02  6.37662E-02   3.56053E+02  6.46517E-02   3.54052E+02  6.54915E-02   3.52089E+02  6.62553E-02   3.50182E+02  6.69707E-02   3.48322E+02  6.75934E-02   3.46510E+02  6.81276E-02   3.44743E+02  6.85847E-02   3.43037E+02  6.89253E-02   3.41367E+02  6.91550E-02   3.39760E+02  6.92787E-02   3.38202E+02  6.92471E-02   3.36692E+02  6.90927E-02   3.35241E+02  6.87813E-02   3.33837E+02  6.82985E-02   3.32489E+02  6.76682E-02   3.31195E+02  6.68322E-02   3.29952E+02  6.58314E-02   3.28767E+02  6.46220E-02   3.27634E+02  6.32129E-02   3.26557E+02  6.16020E-02   3.25537E+02  5.97663E-02   3.24567E+02  5.77297E-02   3.23655E+02  5.54593E-02   3.22798E+02  5.29878E-02   3.21991E+02  5.02855E-02   3.21248E+02  4.73841E-02   3.20549E+02  4.42670E-02   3.19916E+02  4.09576E-02   3.19328E+02  3.74562E-02   3.18805E+02  3.37795E-02   3.18327E+02  2.99383E-02   3.17917E+02  2.59507E-02   3.17546E+02  2.18326E-02   3.17252E+02  1.76021E-02   3.16983E+02  1.32842E-02   3.16807E+02  8.89250E-03   3.16629E+02  4.45932E-03   3.16575E+02  6.66778E-06   2.15084E+02  4.45975E-03   1.36608E+02  8.89506E-03   1.36711E+02  1.32850E-02   1.36817E+02  1.76035E-02   1.37022E+02  2.18346E-02   1.37257E+02  2.59502E-02   1.37568E+02  2.99411E-02   1.37919E+02  3.37772E-02   1.38339E+02  3.74586E-02   1.38804E+02  4.09529E-02   1.39332E+02  4.42690E-02   1.39911E+02  4.73757E-02   1.40548E+02  5.02863E-02   1.41239E+02  5.29762E-02   1.41989E+02  5.54586E-02   1.42788E+02  5.77176E-02   1.43651E+02  5.97640E-02   1.44560E+02  6.15935E-02   1.45533E+02  6.32097E-02   1.46554E+02  6.46219E-02   1.47634E+02  6.58252E-02   1.48766E+02  6.68426E-02   1.49954E+02  6.76604E-02   1.51195E+02  6.83110E-02   1.52489E+02  6.87802E-02   1.53839E+02  6.90967E-02   1.55239E+02  6.92580E-02   1.56696E+02  6.92741E-02   1.58201E+02  6.91686E-02   1.59761E+02  6.89244E-02   1.61374E+02  6.85836E-02   1.63032E+02  6.81323E-02   1.64751E+02  6.75866E-02   1.66505E+02  6.69654E-02   1.68320E+02  6.62637E-02   1.70176E+02  6.54845E-02   1.72090E+02  6.46617E-02   1.74047E+02  6.37674E-02   1.76058E+02  6.28331E-02   1.78107E+02  6.18661E-02   1.80194E+02 
 6.15179E-02   3.58690E+02  6.25186E-02   3.56581E+02  6.34898E-02   3.54526E+02  6.44185E-02   3.52520E+02  6.52774E-02   3.50558E+02  6.61090E-02   3.48646E+02  6.68362E-02   3.46781E+02  6.75067E-02   3.44959E+02  6.81003E-02   3.43196E+02  6.85915E-02   3.41478E+02  6.89909E-02   3.39815E+02  6.92781E-02   3.38204E+02  6.94375E-02   3.36643E+02  6.94662E-02   3.35132E+02  6.93553E-02   3.33676E+02  6.90816E-02   3.32269E+02  6.86581E-02   3.30918E+02  6.80526E-02   3.29622E+02  6.72700E-02   3.28377E+02  6.63015E-02   3.27192E+02  6.51226E-02   3.26057E+02  6.37543E-02   3.24980E+02  6.21549E-02   3.23956E+02  6.03548E-02   3.22986E+02  5.83187E-02   3.22075E+02  5.60703E-02   3.21210E+02  5.35904E-02   3.20414E+02  5.08918E-02   3.19658E+02  4.79754E-02   3.18973E+02  4.48404E-02   3.18331E+02  4.15097E-02   3.17752E+02  3.79703E-02   3.17226E+02  3.42626E-02   3.16756E+02  3.03695E-02   3.16341E+02  2.63389E-02   3.15984E+02  2.21567E-02   3.15677E+02  1.78765E-02   3.15435E+02  1.34824E-02   3.15235E+02  9.03753E-03   3.15110E+02  4.52209E-03   3.15013E+02  4.26955E-06   3.36328E+02  4.53484E-03   1.35016E+02  9.03009E-03   1.35092E+02  1.34946E-02   1.35239E+02  1.78706E-02   1.35429E+02  2.21678E-02   1.35681E+02  2.63351E-02   1.35986E+02  3.03797E-02   1.36345E+02  3.42601E-02   1.36762E+02  3.79796E-02   1.37230E+02  4.15091E-02   1.37759E+02  4.48459E-02   1.38338E+02  4.79777E-02   1.38976E+02  5.08912E-02   1.39668E+02  5.35948E-02   1.40412E+02  5.60636E-02   1.41221E+02  5.83232E-02   1.42071E+02  6.03445E-02   1.42992E+02  6.21587E-02   1.43955E+02  6.37440E-02   1.44982E+02  6.51259E-02   1.46060E+02  6.62968E-02   1.47192E+02  6.72700E-02   1.48382E+02  6.80550E-02   1.49622E+02  6.86525E-02   1.50921E+02  6.90851E-02   1.52269E+02  6.93459E-02   1.53674E+02  6.94647E-02   1.55132E+02  6.94330E-02   1.56640E+02  6.92756E-02   1.58204E+02  6.89959E-02   1.59816E+02  6.85988E-02   1.61479E+02  6.81068E-02   1.63197E+02  6.75125E-02   1.64962E+02  6.68417E-02   1.66776E+02  6.60888E-02   1.68647E+02  6.52866E-02   1.70554E+02  6.44047E-02   1.72522E+02  6.34909E-02   1.74526E+02  6.25242E-02   1.76584E+02  6.15117E-02   1.78687E+02 
 6.10544E-02   3.57219E+02  6.20900E-02   3.55110E+02  6.30913E-02   3.53059E+02  6.40396E-02   3.51048E+02  6.49637E-02   3.49074E+02  6.58023E-02   3.47159E+02  6.65867E-02   3.45284E+02  6.73142E-02   3.43467E+02  6.79390E-02   3.41698E+02  6.84853E-02   3.39982E+02  6.89319E-02   3.38311E+02  6.92512E-02   3.36697E+02  6.94664E-02   3.35129E+02  6.95369E-02   3.33616E+02  6.94695E-02   3.32158E+02  6.92545E-02   3.30749E+02  6.88696E-02   3.29402E+02  6.83185E-02   3.28102E+02  6.75819E-02   3.26862E+02  6.66485E-02   3.25674E+02  6.55204E-02   3.24539E+02  6.41710E-02   3.23463E+02  6.26143E-02   3.22437E+02  6.08266E-02   3.21470E+02  5.88173E-02   3.20554E+02  5.65768E-02   3.19699E+02  5.41057E-02   3.18892E+02  5.14105E-02   3.18148E+02  4.84832E-02   3.17453E+02  4.53455E-02   3.16819E+02  4.19849E-02   3.16236E+02  3.84336E-02   3.15712E+02  3.46815E-02   3.15240E+02  3.07624E-02   3.14830E+02  2.66781E-02   3.14463E+02  2.24578E-02   3.14171E+02  1.81130E-02   3.13906E+02  1.36750E-02   3.13737E+02  9.15680E-03   3.13567E+02  4.59348E-03   3.13545E+02  2.09294E-06   2.21890E+02  4.58987E-03   1.33458E+02  9.15706E-03   1.33596E+02  1.36718E-02   1.33705E+02  1.81138E-02   1.33920E+02  2.24551E-02   1.34154E+02  2.66797E-02   1.34468E+02  3.07597E-02   1.34821E+02  3.46855E-02   1.35238E+02  3.84300E-02   1.35709E+02  4.19904E-02   1.36231E+02  4.53424E-02   1.36817E+02  4.84872E-02   1.37448E+02  5.14089E-02   1.38145E+02  5.41057E-02   1.38889E+02  5.65760E-02   1.39692E+02  5.88123E-02   1.40553E+02  6.08251E-02   1.41463E+02  6.26051E-02   1.42437E+02  6.41697E-02   1.43456E+02  6.55110E-02   1.44541E+02  6.66488E-02   1.45671E+02  6.75800E-02   1.46863E+02  6.83215E-02   1.48106E+02  6.88781E-02   1.49401E+02  6.92589E-02   1.50758E+02  6.94794E-02   1.52156E+02  6.95416E-02   1.53621E+02  6.94638E-02   1.55130E+02  6.92552E-02   1.56694E+02  6.89207E-02   1.58316E+02  6.84848E-02   1.59978E+02  6.79410E-02   1.61702E+02  6.73110E-02   1.63467E+02  6.66001E-02   1.65285E+02  6.58088E-02   1.67152E+02  6.49533E-02   1.69075E+02  6.40531E-02   1.71039E+02  6.30813E-02   1.73063E+02  6.20889E-02   1.75119E+02  6.10566E-02   1.77220E+02 
 6.04714E-02   3.55812E+02  6.15327E-02   3.53699E+02  6.25633E-02   3.51638E+02  6.35646E-02   3.49611E+02  6.44966E-02   3.47641E+02  6.53868E-02   3.45721E+02  6.62150E-02   3.43848E+02  6.69658E-02   3.42024E+02  6.76377E-02   3.40253E+02  6.82329E-02   3.38529E+02  6.87099E-02   3.36857E+02  6.90923E-02   3.35241E+02  6.93528E-02   3.33673E+02  6.94682E-02   3.32160E+02  6.94658E-02   3.30701E+02  6.92870E-02   3.29292E+02  6.89587E-02   3.27941E+02  6.84547E-02   3.26642E+02  6.77520E-02   3.25397E+02  6.68743E-02   3.24210E+02  6.57668E-02   3.23073E+02  6.44680E-02   3.21994E+02  6.29322E-02   3.20969E+02  6.11789E-02   3.19998E+02  5.91928E-02   3.19086E+02  5.69695E-02   3.18223E+02  5.45181E-02   3.17426E+02  5.18238E-02   3.16671E+02  4.89073E-02   3.15987E+02  4.57556E-02   3.15344E+02  4.23938E-02   3.14770E+02  3.88150E-02   3.14240E+02  3.50468E-02   3.13777E+02  3.10919E-02   3.13356E+02  2.69749E-02   3.13008E+02  2.27111E-02   3.12692E+02  1.83238E-02   3.12461E+02  1.38331E-02   3.12249E+02  9.26736E-03   3.12138E+02  4.64614E-03   3.12012E+02  2.65897E-06   8.28464E+00  4.64545E-03   1.32069E+02  9.26458E-03   1.32107E+02  1.38326E-02   1.32276E+02  1.83217E-02   1.32445E+02  2.27108E-02   1.32713E+02  2.69739E-02   1.33002E+02  3.10928E-02   1.33372E+02  3.50460E-02   1.33778E+02  3.88187E-02   1.34253E+02  4.23936E-02   1.34774E+02  4.57608E-02   1.35356E+02  4.89091E-02   1.35991E+02  5.18290E-02   1.36682E+02  5.45213E-02   1.37428E+02  5.69725E-02   1.38231E+02  5.91962E-02   1.39087E+02  6.11762E-02   1.40001E+02  6.29351E-02   1.40969E+02  6.44570E-02   1.41993E+02  6.57688E-02   1.43072E+02  6.68578E-02   1.44208E+02  6.77515E-02   1.45395E+02  6.84428E-02   1.46643E+02  6.89526E-02   1.47938E+02  6.92895E-02   1.49294E+02  6.94550E-02   1.50700E+02  6.94805E-02   1.52158E+02  6.93479E-02   1.53675E+02  6.90985E-02   1.55238E+02  6.87191E-02   1.56860E+02  6.82283E-02   1.58530E+02  6.76481E-02   1.60253E+02  6.69612E-02   1.62029E+02  6.62133E-02   1.63849E+02  6.53860E-02   1.65722E+02  6.44969E-02   1.67637E+02  6.35550E-02   1.69611E+02  6.25707E-02   1.71626E+02  6.15322E-02   1.73703E+02  6.04733E-02   1.75813E+02 
 5.97690E-02   3.54444E+02  6.08569E-02   3.52324E+02  6.19193E-02   3.50260E+02  6.29259E-02   3.48237E+02  6.39044E-02   3.46263E+02  6.48260E-02   3.44341E+02  6.56791E-02   3.42455E+02  6.64820E-02   3.40633E+02  6.72007E-02   3.38858E+02  6.78282E-02   3.37133E+02  6.83617E-02   3.35462E+02  6.87854E-02   3.33841E+02  6.90801E-02   3.32267E+02  6.92584E-02   3.30754E+02  6.92872E-02   3.29289E+02  6.91627E-02   3.27880E+02  6.88882E-02   3.26531E+02  6.84162E-02   3.25227E+02  6.77814E-02   3.23989E+02  6.69291E-02   3.22797E+02  6.58818E-02   3.21661E+02  6.46152E-02   3.20586E+02  6.31196E-02   3.19555E+02  6.14056E-02   3.18593E+02  5.94405E-02   3.17672E+02  5.72533E-02   3.16823E+02  5.48107E-02   3.16013E+02  5.21398E-02   3.15276E+02  4.92235E-02   3.14580E+02  4.60796E-02   3.13949E+02  4.27082E-02   3.13370E+02  3.91230E-02   3.12847E+02  3.53358E-02   3.12381E+02  3.13589E-02   3.11969E+02  2.72165E-02   3.11611E+02  2.29179E-02   3.11314E+02  1.84967E-02   3.11064E+02  1.39648E-02   3.10883E+02  9.35779E-03   3.10747E+02  4.69152E-03   3.10705E+02  5.64865E-06   3.47391E+00  4.69044E-03   1.30573E+02  9.35146E-03   1.30700E+02  1.39628E-02   1.30833E+02  1.84911E-02   1.31043E+02  2.29156E-02   1.31284E+02  2.72110E-02   1.31597E+02  3.13562E-02   1.31951E+02  3.53324E-02   1.32369E+02  3.91191E-02   1.32837E+02  4.27076E-02   1.33362E+02  4.60760E-02   1.33944E+02  4.92255E-02   1.34579E+02  5.21368E-02   1.35270E+02  5.48157E-02   1.36018E+02  5.72507E-02   1.36817E+02  5.94466E-02   1.37679E+02  6.14039E-02   1.38587E+02  6.31225E-02   1.39560E+02  6.46157E-02   1.40581E+02  6.58783E-02   1.41662E+02  6.69341E-02   1.42796E+02  6.77728E-02   1.43986E+02  6.84261E-02   1.45232E+02  6.88818E-02   1.46530E+02  6.91708E-02   1.47886E+02  6.92892E-02   1.49292E+02  6.92562E-02   1.50756E+02  6.90843E-02   1.52271E+02  6.87757E-02   1.53838E+02  6.83602E-02   1.55462E+02  6.78254E-02   1.57131E+02  6.72027E-02   1.58858E+02  6.64883E-02   1.60633E+02  6.56904E-02   1.62460E+02  6.48291E-02   1.64336E+02  6.39040E-02   1.66265E+02  6.29302E-02   1.68234E+02  6.19072E-02   1.70260E+02  6.08566E-02   1.72327E+02  5.97651E-02   1.74448E+02 
 5.89333E-02   3.53132E+02  6.00425E-02   3.51016E+02  6.11167E-02   3.48946E+02  6.21681E-02   3.46908E+02  6.31718E-02   3.44933E+02  6.41133E-02   3.43000E+02  6.50208E-02   3.41121E+02  6.58519E-02   3.39298E+02  6.65959E-02   3.37516E+02  6.72723E-02   3.35790E+02  6.78375E-02   3.34113E+02  6.82984E-02   3.32486E+02  6.86551E-02   3.30916E+02  6.88690E-02   3.29401E+02  6.89563E-02   3.27937E+02  6.88873E-02   3.26534E+02  6.86499E-02   3.25178E+02  6.82446E-02   3.23880E+02  6.76408E-02   3.22636E+02  6.68458E-02   3.21441E+02  6.58375E-02   3.20311E+02  6.46116E-02   3.19224E+02  6.31630E-02   3.18204E+02  6.14749E-02   3.17231E+02  5.95562E-02   3.16321E+02  5.73874E-02   3.15462E+02  5.49786E-02   3.14664E+02  5.23241E-02   3.13916E+02  4.94236E-02   3.13230E+02  4.62919E-02   3.12594E+02  4.29209E-02   3.12017E+02  3.93389E-02   3.11493E+02  3.55388E-02   3.11028E+02  3.15567E-02   3.10611E+02  2.73878E-02   3.10261E+02  2.30770E-02   3.09949E+02  1.86202E-02   3.09715E+02  1.40680E-02   3.09506E+02  9.42029E-03   3.09392E+02  4.72945E-03   3.09271E+02  3.40306E-06   9.11844E+01  4.72130E-03   1.29324E+02  9.42487E-03   1.29360E+02  1.40607E-02   1.29529E+02  1.86240E-02   1.29696E+02  2.30693E-02   1.29963E+02  2.73920E-02   1.30249E+02  3.15491E-02   1.30619E+02  3.55420E-02   1.31021E+02  3.93329E-02   1.31497E+02  4.29233E-02   1.32015E+02  4.62881E-02   1.32596E+02  4.94258E-02   1.33230E+02  5.23238E-02   1.33920E+02  5.49797E-02   1.34665E+02  5.73907E-02   1.35467E+02  5.95560E-02   1.36323E+02  6.14780E-02   1.37235E+02  6.31616E-02   1.38203E+02  6.46089E-02   1.39227E+02  6.58338E-02   1.40305E+02  6.68347E-02   1.41442E+02  6.76351E-02   1.42627E+02  6.82301E-02   1.43879E+02  6.86450E-02   1.45173E+02  6.88825E-02   1.46532E+02  6.89545E-02   1.47941E+02  6.88802E-02   1.49399E+02  6.86563E-02   1.50923E+02  6.83114E-02   1.52486E+02  6.78391E-02   1.54115E+02  6.72669E-02   1.55790E+02  6.65977E-02   1.57517E+02  6.58411E-02   1.59298E+02  6.50195E-02   1.61125E+02  6.41232E-02   1.63002E+02  6.31678E-02   1.64928E+02  6.21701E-02   1.66909E+02  6.11247E-02   1.68932E+02  6.00382E-02   1.71015E+02  5.89404E-02   1.73134E+02 
 5.79707E-02   3.51872E+02  5.90923E-02   3.49746E+02  6.01994E-02   3.47664E+02  6.12601E-02   3.45632E+02  6.22761E-02   3.43656E+02  6.32641E-02   3.41725E+02  6.41877E-02   3.39841E+02  6.50442E-02   3.38009E+02  6.58374E-02   3.36226E+02  6.65452E-02   3.34496E+02  6.71473E-02   3.32819E+02  6.76693E-02   3.31195E+02  6.80518E-02   3.29623E+02  6.83219E-02   3.28105E+02  6.84546E-02   3.26641E+02  6.84193E-02   3.25230E+02  6.82449E-02   3.23877E+02  6.78692E-02   3.22574E+02  6.73253E-02   3.21329E+02  6.65733E-02   3.20139E+02  6.56124E-02   3.19002E+02  6.44414E-02   3.17927E+02  6.30282E-02   3.16899E+02  6.13977E-02   3.15937E+02  5.95074E-02   3.15021E+02  5.73850E-02   3.14173E+02  5.50047E-02   3.13366E+02  5.23770E-02   3.12632E+02  4.95052E-02   3.11936E+02  4.63824E-02   3.11311E+02  4.30340E-02   3.10729E+02  3.94490E-02   3.10211E+02  3.56616E-02   3.09743E+02  3.16661E-02   3.09334E+02  2.75017E-02   3.08977E+02  2.31678E-02   3.08679E+02  1.87077E-02   3.08433E+02  1.41270E-02   3.08247E+02  9.46980E-03   3.08118E+02  4.74627E-03   3.08057E+02  5.61178E-06   2.51497E+00  4.74892E-03   1.27960E+02  9.46411E-03   1.28069E+02  1.41279E-02   1.28208E+02  1.87020E-02   1.28412E+02  2.31686E-02   1.28652E+02  2.74941E-02   1.28964E+02  3.16667E-02   1.29313E+02  3.56535E-02   1.29735E+02  3.94483E-02   1.30194E+02  4.30266E-02   1.30725E+02  4.63812E-02   1.31296E+02  4.95002E-02   1.31937E+02  5.23754E-02   1.32619E+02  5.50053E-02   1.33371E+02  5.73829E-02   1.34165E+02  5.95155E-02   1.35028E+02  6.13966E-02   1.35935E+02  6.30398E-02   1.36904E+02  6.44440E-02   1.37929E+02  6.56198E-02   1.39004E+02  6.65795E-02   1.40143E+02  6.73215E-02   1.41330E+02  6.78770E-02   1.42575E+02  6.82299E-02   1.43878E+02  6.84242E-02   1.45230E+02  6.84412E-02   1.46643E+02  6.83178E-02   1.48105E+02  6.80547E-02   1.49623E+02  6.76576E-02   1.51196E+02  6.71630E-02   1.52817E+02  6.65395E-02   1.54497E+02  6.58457E-02   1.56226E+02  6.50520E-02   1.58007E+02  6.41853E-02   1.59843E+02  6.32684E-02   1.61726E+02  6.22825E-02   1.63658E+02  6.12547E-02   1.65636E+02  6.01928E-02   1.67664E+02  5.90920E-02   1.69740E+02  5.79609E-02   1.71874E+02 
 5.68653E-02   3.50658E+02  5.80062E-02   3.48532E+02  5.91122E-02   3.46454E+02  6.01913E-02   3.44414E+02  6.12475E-02   3.42435E+02  6.22448E-02   3.40491E+02  6.31991E-02   3.38606E+02  6.40928E-02   3.36778E+02  6.49095E-02   3.34989E+02  6.56430E-02   3.33260E+02  6.62937E-02   3.31580E+02  6.68336E-02   3.29950E+02  6.72671E-02   3.28377E+02  6.75832E-02   3.26861E+02  6.77485E-02   3.25393E+02  6.77811E-02   3.23991E+02  6.76388E-02   3.22632E+02  6.73244E-02   3.21333E+02  6.68307E-02   3.20090E+02  6.61229E-02   3.18893E+02  6.52257E-02   3.17767E+02  6.40887E-02   3.16678E+02  6.27398E-02   3.15664E+02  6.11407E-02   3.14691E+02  5.93039E-02   3.13785E+02  5.72177E-02   3.12928E+02  5.48727E-02   3.12131E+02  5.22863E-02   3.11388E+02  4.94326E-02   3.10701E+02  4.63499E-02   3.10070E+02  4.30092E-02   3.09491E+02  3.94547E-02   3.08974E+02  3.56690E-02   3.08503E+02  3.16936E-02   3.08096E+02  2.75233E-02   3.07736E+02  2.32014E-02   3.07437E+02  1.87296E-02   3.07188E+02  1.41531E-02   3.06997E+02  9.48042E-03   3.06855E+02  4.75789E-03   3.06773E+02  4.21317E-06   1.48433E+02  4.75609E-03   1.26789E+02  9.48728E-03   1.26869E+02  1.41517E-02   1.27003E+02  1.87359E-02   1.27191E+02  2.31983E-02   1.27438E+02  2.75299E-02   1.27736E+02  3.16885E-02   1.28093E+02  3.56740E-02   1.28501E+02  3.94483E-02   1.28969E+02  4.30128E-02   1.29488E+02  4.63418E-02   1.30065E+02  4.94345E-02   1.30697E+02  5.22783E-02   1.31385E+02  5.48717E-02   1.32127E+02  5.72132E-02   1.32930E+02  5.92990E-02   1.33779E+02  6.11414E-02   1.34696E+02  6.27323E-02   1.35658E+02  6.40921E-02   1.36684E+02  6.52169E-02   1.37760E+02  6.61251E-02   1.38896E+02  6.68227E-02   1.40083E+02  6.73217E-02   1.41331E+02  6.76366E-02   1.42629E+02  6.77745E-02   1.43986E+02  6.77553E-02   1.45398E+02  6.75805E-02   1.46859E+02  6.72744E-02   1.48384E+02  6.68383E-02   1.49952E+02  6.62884E-02   1.51583E+02  6.56456E-02   1.53260E+02  6.48993E-02   1.54991E+02  6.40899E-02   1.56774E+02  6.31997E-02   1.58607E+02  6.22483E-02   1.60493E+02  6.12500E-02   1.62428E+02  6.02009E-02   1.64417E+02  5.91176E-02   1.66446E+02  5.80038E-02   1.68530E+02  5.68709E-02   1.70655E+02 
 5.56263E-02   3.49503E+02  5.67644E-02   3.47373E+02  5.78929E-02   3.45277E+02  5.89930E-02   3.43241E+02  6.00438E-02   3.41256E+02  6.10684E-02   3.39316E+02  6.20444E-02   3.37436E+02  6.29491E-02   3.35597E+02  6.37918E-02   3.33805E+02  6.45674E-02   3.32076E+02  6.52352E-02   3.30388E+02  6.58298E-02   3.28765E+02  6.63018E-02   3.27195E+02  6.66497E-02   3.25673E+02  6.68745E-02   3.24212E+02  6.69329E-02   3.22800E+02  6.68455E-02   3.21441E+02  6.65763E-02   3.20142E+02  6.61234E-02   3.18890E+02  6.54792E-02   3.17704E+02  6.46179E-02   3.16566E+02  6.35477E-02   3.15492E+02  6.22387E-02   3.14471E+02  6.06993E-02   3.13506E+02  5.89098E-02   3.12599E+02  5.68691E-02   3.11747E+02  5.45776E-02   3.10949E+02  5.20226E-02   3.10211E+02  4.92233E-02   3.09521E+02  4.61619E-02   3.08895E+02  4.28675E-02   3.08316E+02  3.93312E-02   3.07799E+02  3.55789E-02   3.07332E+02  3.16179E-02   3.06924E+02  2.74723E-02   3.06568E+02  2.31587E-02   3.06269E+02  1.87039E-02   3.06024E+02  1.41325E-02   3.05835E+02  9.47121E-03   3.05701E+02  4.75048E-03   3.05622E+02  2.19013E-06   6.90738E+01  4.75220E-03   1.25604E+02  9.47376E-03   1.25682E+02  1.41338E-02   1.25823E+02  1.87056E-02   1.26017E+02  2.31608E-02   1.26258E+02  2.74719E-02   1.26564E+02  3.16200E-02   1.26912E+02  3.55775E-02   1.27329E+02  3.93325E-02   1.27787E+02  4.28642E-02   1.28313E+02  4.61639E-02   1.28883E+02  4.92188E-02   1.29519E+02  5.20246E-02   1.30201E+02  5.45754E-02   1.30948E+02  5.68699E-02   1.31741E+02  5.89138E-02   1.32600E+02  6.06996E-02   1.33507E+02  6.22484E-02   1.34474E+02  6.35502E-02   1.35498E+02  6.46276E-02   1.36571E+02  6.54828E-02   1.37709E+02  6.61247E-02   1.38896E+02  6.65783E-02   1.40140E+02  6.68326E-02   1.41443E+02  6.69314E-02   1.42794E+02  6.68559E-02   1.44210E+02  6.66463E-02   1.45671E+02  6.62990E-02   1.47192E+02  6.58259E-02   1.48768E+02  6.52551E-02   1.50391E+02  6.45629E-02   1.52075E+02  6.38056E-02   1.53809E+02  6.29499E-02   1.55594E+02  6.20371E-02   1.57435E+02  6.10726E-02   1.59322E+02  6.00456E-02   1.61258E+02  5.89861E-02   1.63244E+02  5.78928E-02   1.65281E+02  5.67643E-02   1.67362E+02  5.56186E-02   1.69503E+02 
 5.42388E-02   3.48391E+02  5.53891E-02   3.46253E+02  5.65147E-02   3.44169E+02  5.76051E-02   3.42129E+02  5.86859E-02   3.40144E+02  5.97243E-02   3.38197E+02  6.07076E-02   3.36307E+02  6.16380E-02   3.34465E+02  6.25143E-02   3.32678E+02  6.32940E-02   3.30943E+02  6.40102E-02   3.29261E+02  6.46254E-02   3.27634E+02  6.51210E-02   3.26057E+02  6.55229E-02   3.24539E+02  6.57643E-02   3.23071E+02  6.58819E-02   3.21661E+02  6.58347E-02   3.20306E+02  6.56115E-02   3.19004E+02  6.52235E-02   3.17764E+02  6.46170E-02   3.16570E+02  6.38276E-02   3.15446E+02  6.27996E-02   3.14362E+02  6.15550E-02   3.13349E+02  6.00662E-02   3.12380E+02  5.83285E-02   3.11476E+02  5.63468E-02   3.10621E+02  5.40956E-02   3.09827E+02  5.16030E-02   3.09084E+02  4.88358E-02   3.08398E+02  4.58337E-02   3.07770E+02  4.25704E-02   3.07191E+02  3.90812E-02   3.06678E+02  3.53622E-02   3.06205E+02  3.14375E-02   3.05806E+02  2.73222E-02   3.05438E+02  2.30385E-02   3.05153E+02  1.86109E-02   3.04887E+02  1.40627E-02   3.04718E+02  9.42696E-03   3.04544E+02  4.72608E-03   3.04508E+02  6.60305E-06   1.98971E+02  4.73307E-03   1.24481E+02  9.43061E-03   1.24616E+02  1.40689E-02   1.24710E+02  1.86150E-02   1.24920E+02  2.30428E-02   1.25147E+02  2.73265E-02   1.25456E+02  3.14398E-02   1.25800E+02  3.53652E-02   1.26215E+02  3.90803E-02   1.26672E+02  4.25729E-02   1.27194E+02  4.58274E-02   1.27765E+02  4.88375E-02   1.28394E+02  5.15925E-02   1.29081E+02  5.40941E-02   1.29816E+02  5.63364E-02   1.30620E+02  5.83223E-02   1.31462E+02  6.00607E-02   1.32381E+02  6.15459E-02   1.33337E+02  6.28023E-02   1.34364E+02  6.38188E-02   1.35438E+02  6.46269E-02   1.36572E+02  6.52189E-02   1.37761E+02  6.56200E-02   1.39005E+02  6.58374E-02   1.40306E+02  6.58790E-02   1.41661E+02  6.57735E-02   1.43073E+02  6.55078E-02   1.44539E+02  6.51283E-02   1.46060E+02  6.46149E-02   1.47635E+02  6.40039E-02   1.49265E+02  6.33022E-02   1.50944E+02  6.24996E-02   1.52679E+02  6.16485E-02   1.54465E+02  6.07063E-02   1.56303E+02  5.97215E-02   1.58198E+02  5.86954E-02   1.60138E+02  5.76155E-02   1.62132E+02  5.65166E-02   1.64169E+02  5.53913E-02   1.66255E+02  5.42381E-02   1.68386E+02 
 5.27109E-02   3.47341E+02  5.38498E-02   3.45205E+02  5.49753E-02   3.43104E+02  5.60898E-02   3.41063E+02  5.71649E-02   3.39069E+02  5.82031E-02   3.37121E+02  5.92008E-02   3.35239E+02  6.01459E-02   3.33395E+02  6.10192E-02   3.31602E+02  6.18392E-02   3.29869E+02  6.25681E-02   3.28180E+02  6.32093E-02   3.26554E+02  6.37544E-02   3.24982E+02  6.41710E-02   3.23461E+02  6.44674E-02   3.21997E+02  6.46184E-02   3.20588E+02  6.46109E-02   3.19225E+02  6.44449E-02   3.17931E+02  6.40893E-02   3.16676E+02  6.35492E-02   3.15496E+02  6.28009E-02   3.14357E+02  6.18330E-02   3.13287E+02  6.06449E-02   3.12267E+02  5.92083E-02   3.11303E+02  5.75385E-02   3.10401E+02  5.56037E-02   3.09547E+02  5.34252E-02   3.08756E+02  5.09773E-02   3.08015E+02  4.82821E-02   3.07333E+02  4.53249E-02   3.06703E+02  4.21245E-02   3.06131E+02  3.86859E-02   3.05613E+02  3.50171E-02   3.05151E+02  3.11450E-02   3.04742E+02  2.70725E-02   3.04391E+02  2.28383E-02   3.04089E+02  1.84485E-02   3.03848E+02  1.39482E-02   3.03654E+02  9.34544E-03   3.03523E+02  4.69134E-03   3.03422E+02  4.70223E-06   1.14837E+02  4.69104E-03   1.23470E+02  9.35454E-03   1.23521E+02  1.39487E-02   1.23664E+02  1.84570E-02   1.23850E+02  2.28401E-02   1.24094E+02  2.70805E-02   1.24392E+02  3.11473E-02   1.24744E+02  3.50250E-02   1.25150E+02  3.86891E-02   1.25614E+02  4.21301E-02   1.26129E+02  4.53304E-02   1.26703E+02  4.82838E-02   1.27329E+02  5.09838E-02   1.28013E+02  5.34245E-02   1.28753E+02  5.56091E-02   1.29546E+02  5.75374E-02   1.30400E+02  5.92123E-02   1.31304E+02  6.06446E-02   1.32270E+02  6.18360E-02   1.33288E+02  6.28023E-02   1.34364E+02  6.35500E-02   1.35495E+02  6.40896E-02   1.36685E+02  6.44425E-02   1.37924E+02  6.46055E-02   1.39229E+02  6.46129E-02   1.40579E+02  6.44574E-02   1.41995E+02  6.41688E-02   1.43456E+02  6.37492E-02   1.44981E+02  6.32139E-02   1.46555E+02  6.25768E-02   1.48185E+02  6.18398E-02   1.49870E+02  6.10318E-02   1.51607E+02  6.01389E-02   1.53397E+02  5.92013E-02   1.55237E+02  5.82011E-02   1.57129E+02  5.71595E-02   1.59070E+02  5.60867E-02   1.61064E+02  5.49789E-02   1.63108E+02  5.38510E-02   1.65197E+02  5.27110E-02   1.67338E+02 
 5.10352E-02   3.46334E+02  5.21709E-02   3.44187E+02  5.32955E-02   3.42096E+02  5.43838E-02   3.40055E+02  5.54615E-02   3.38061E+02  5.65098E-02   3.36116E+02  5.75096E-02   3.34222E+02  5.84544E-02   3.32369E+02  5.93626E-02   3.30583E+02  6.01808E-02   3.28845E+02  6.09359E-02   3.27160E+02  6.16064E-02   3.25538E+02  6.21557E-02   3.23957E+02  6.26166E-02   3.22437E+02  6.29318E-02   3.20970E+02  6.31198E-02   3.19552E+02  6.31606E-02   3.18202E+02  6.30281E-02   3.16897E+02  6.27363E-02   3.15660E+02  6.22388E-02   3.14472E+02  6.15524E-02   3.13347E+02  6.06444E-02   3.12271E+02  5.95113E-02   3.11258E+02  5.81464E-02   3.10294E+02  5.65296E-02   3.09392E+02  5.46713E-02   3.08538E+02  5.25474E-02   3.07748E+02  5.01762E-02   3.07005E+02  4.75378E-02   3.06325E+02  4.46540E-02   3.05695E+02  4.15161E-02   3.05122E+02  3.81412E-02   3.04609E+02  3.45417E-02   3.04140E+02  3.07253E-02   3.03742E+02  2.67233E-02   3.03377E+02  2.25415E-02   3.03094E+02  1.82209E-02   3.02830E+02  1.37696E-02   3.02663E+02  9.23603E-03   3.02484E+02  4.62905E-03   3.02466E+02  7.39335E-06   2.17559E+02  4.63683E-03   1.22419E+02  9.23483E-03   1.22567E+02  1.37769E-02   1.22656E+02  1.82203E-02   1.22866E+02  2.25477E-02   1.23090E+02  2.67233E-02   1.23399E+02  3.07304E-02   1.23739E+02  3.45413E-02   1.24154E+02  3.81440E-02   1.24606E+02  4.15162E-02   1.25126E+02  4.46520E-02   1.25694E+02  4.75383E-02   1.26319E+02  5.01695E-02   1.27004E+02  5.25461E-02   1.27734E+02  5.46627E-02   1.28537E+02  5.65252E-02   1.29375E+02  5.81394E-02   1.30291E+02  5.95054E-02   1.31244E+02  6.06445E-02   1.32269E+02  6.15471E-02   1.33340E+02  6.22486E-02   1.34473E+02  6.27356E-02   1.35661E+02  6.30404E-02   1.36904E+02  6.31654E-02   1.38204E+02  6.31211E-02   1.39559E+02  6.29373E-02   1.40969E+02  6.25995E-02   1.42438E+02  6.21573E-02   1.43955E+02  6.15876E-02   1.45534E+02  6.09315E-02   1.47163E+02  6.01865E-02   1.48844E+02  5.93525E-02   1.50584E+02  5.84715E-02   1.52372E+02  5.75055E-02   1.54215E+02  5.65106E-02   1.56115E+02  5.54715E-02   1.58059E+02  5.43901E-02   1.60056E+02  5.32953E-02   1.62101E+02  5.21746E-02   1.64192E+02  5.10304E-02   1.66330E+02 
 4.92133E-02   3.45385E+02  5.03321E-02   3.43247E+02  5.14331E-02   3.41145E+02  5.25324E-02   3.39098E+02  5.36076E-02   3.37098E+02  5.46406E-02   3.35145E+02  5.56331E-02   3.33254E+02  5.65958E-02   3.31407E+02  5.74840E-02   3.29618E+02  5.83226E-02   3.27879E+02  5.90926E-02   3.26194E+02  5.97618E-02   3.24565E+02  6.03537E-02   3.22987E+02  6.08263E-02   3.21469E+02  6.11764E-02   3.19999E+02  6.14080E-02   3.18594E+02  6.14733E-02   3.17233E+02  6.14005E-02   3.15941E+02  6.11411E-02   3.14691E+02  6.07011E-02   3.13512E+02  6.00678E-02   3.12377E+02  5.92091E-02   3.11307E+02  5.81477E-02   3.10289E+02  5.68327E-02   3.09327E+02  5.52960E-02   3.08426E+02  5.34958E-02   3.07573E+02  5.14539E-02   3.06785E+02  4.91502E-02   3.06045E+02  4.65940E-02   3.05369E+02  4.37854E-02   3.04738E+02  4.07258E-02   3.04175E+02  3.74354E-02   3.03652E+02  3.39073E-02   3.03202E+02  3.01814E-02   3.02787E+02  2.62473E-02   3.02447E+02  2.21567E-02   3.02140E+02  1.79023E-02   3.01907E+02  1.35424E-02   3.01707E+02  9.07372E-03   3.01589E+02  4.55668E-03   3.01459E+02  5.66349E-06   1.03316E+02  4.55543E-03   1.21551E+02  9.08513E-03   1.21578E+02  1.35413E-02   1.21731E+02  1.79143E-02   1.21906E+02  2.21572E-02   1.22158E+02  2.62594E-02   1.22444E+02  3.01834E-02   1.22805E+02  3.39206E-02   1.23198E+02  3.74387E-02   1.23669E+02  4.07383E-02   1.24172E+02  4.37913E-02   1.24751E+02  4.66027E-02   1.25368E+02  4.91580E-02   1.26053E+02  5.14574E-02   1.26786E+02  5.35033E-02   1.27578E+02  5.52933E-02   1.28427E+02  5.68386E-02   1.29327E+02  5.81396E-02   1.30291E+02  5.92116E-02   1.31303E+02  6.00599E-02   1.32380E+02  6.06986E-02   1.33504E+02  6.11387E-02   1.34696E+02  6.13939E-02   1.35932E+02  6.14769E-02   1.37237E+02  6.14010E-02   1.38586E+02  6.11800E-02   1.40001E+02  6.08259E-02   1.41463E+02  6.03502E-02   1.42989E+02  5.97699E-02   1.44562E+02  5.90868E-02   1.46197E+02  5.83269E-02   1.47882E+02  5.74898E-02   1.49619E+02  5.65856E-02   1.51415E+02  5.56424E-02   1.53254E+02  5.46304E-02   1.55149E+02  5.35998E-02   1.57098E+02  5.25333E-02   1.59095E+02  5.14371E-02   1.61147E+02  5.03361E-02   1.63242E+02  4.92194E-02   1.65385E+02 
 4.72471E-02   3.44491E+02  4.83448E-02   3.42335E+02  4.94410E-02   3.40238E+02  5.05085E-02   3.38193E+02  5.15593E-02   3.36192E+02  5.25840E-02   3.34246E+02  5.35799E-02   3.32351E+02  5.45198E-02   3.30493E+02  5.54275E-02   3.28706E+02  5.62675E-02   3.26965E+02  5.70345E-02   3.25280E+02  5.77334E-02   3.23656E+02  5.83218E-02   3.22077E+02  5.88185E-02   3.20553E+02  5.91946E-02   3.19089E+02  5.94408E-02   3.17669E+02  5.95547E-02   3.16321E+02  5.95080E-02   3.15017E+02  5.93001E-02   3.13781E+02  5.89103E-02   3.12598E+02  5.83249E-02   3.11472E+02  5.75384E-02   3.10403E+02  5.65278E-02   3.09389E+02  5.52951E-02   3.08431E+02  5.38213E-02   3.07529E+02  5.21054E-02   3.06680E+02  5.01410E-02   3.05892E+02  4.79216E-02   3.05153E+02  4.54531E-02   3.04477E+02  4.27302E-02   3.03851E+02  3.97674E-02   3.03281E+02  3.65607E-02   3.02771E+02  3.31382E-02   3.02306E+02  2.94943E-02   3.01910E+02  2.56701E-02   3.01550E+02  2.16624E-02   3.01267E+02  1.75199E-02   3.01010E+02  1.32432E-02   3.00841E+02  8.88664E-03   3.00672E+02  4.45541E-03   3.00654E+02  6.07780E-06   2.40959E+02  4.45896E-03   1.20584E+02  8.88004E-03   1.20729E+02  1.32476E-02   1.20827E+02  1.75135E-02   1.21033E+02  2.16662E-02   1.21259E+02  2.56652E-02   1.21566E+02  2.94980E-02   1.21903E+02  3.31334E-02   1.22318E+02  3.65648E-02   1.22766E+02  3.97635E-02   1.23285E+02  4.27330E-02   1.23849E+02  4.54508E-02   1.24472E+02  4.79224E-02   1.25153E+02  5.01392E-02   1.25881E+02  5.21044E-02   1.26677E+02  5.38194E-02   1.27516E+02  5.52933E-02   1.28425E+02  5.65260E-02   1.29379E+02  5.75385E-02   1.30398E+02  5.83246E-02   1.31468E+02  5.89153E-02   1.32599E+02  5.93031E-02   1.33783E+02  5.95159E-02   1.35026E+02  5.95589E-02   1.36323E+02  5.94427E-02   1.37679E+02  5.91954E-02   1.39086E+02  5.88057E-02   1.40555E+02  5.83188E-02   1.42072E+02  5.77154E-02   1.43652E+02  5.70329E-02   1.45280E+02  5.62661E-02   1.46965E+02  5.54264E-02   1.48706E+02  5.45344E-02   1.50498E+02  5.35764E-02   1.52345E+02  5.25940E-02   1.54247E+02  5.15637E-02   1.56194E+02  5.05105E-02   1.58193E+02  4.94395E-02   1.60244E+02  4.83465E-02   1.62342E+02  4.72424E-02   1.64488E+02 
 4.51342E-02   3.43641E+02  4.62072E-02   3.41501E+02  4.72628E-02   3.39399E+02  4.83176E-02   3.37346E+02  4.93603E-02   3.35341E+02  5.03672E-02   3.33388E+02  5.13327E-02   3.31484E+02  5.22804E-02   3.29639E+02  5.31648E-02   3.27851E+02  5.39950E-02   3.26109E+02  5.47771E-02   3.24426E+02  5.54554E-02   3.22797E+02  5.60685E-02   3.21211E+02  5.65759E-02   3.19698E+02  5.69658E-02   3.18221E+02  5.72544E-02   3.16822E+02  5.73852E-02   3.15463E+02  5.73869E-02   3.14174E+02  5.72177E-02   3.12931E+02  5.68713E-02   3.11752E+02  5.63479E-02   3.10620E+02  5.56059E-02   3.09553E+02  5.46723E-02   3.08535E+02  5.34972E-02   3.07576E+02  5.21066E-02   3.06675E+02  5.04670E-02   3.05826E+02  4.85883E-02   3.05041E+02  4.64629E-02   3.04301E+02  4.40852E-02   3.03632E+02  4.14688E-02   3.03000E+02  3.86006E-02   3.02447E+02  3.55128E-02   3.01920E+02  3.21864E-02   3.01482E+02  2.86703E-02   3.01061E+02  2.49455E-02   3.00733E+02  2.10698E-02   3.00417E+02  1.70296E-02   3.00200E+02  1.28876E-02   2.99986E+02  8.63605E-03   2.99889E+02  4.33846E-03   2.99729E+02  6.35985E-06   8.84744E+01  4.33527E-03   1.19862E+02  8.64780E-03   1.19853E+02  1.28841E-02   1.20029E+02  1.70421E-02   1.20185E+02  2.10679E-02   1.20450E+02  2.49584E-02   1.20721E+02  2.86699E-02   1.21092E+02  3.22011E-02   1.21472E+02  3.55133E-02   1.21950E+02  3.86155E-02   1.22442E+02  4.14719E-02   1.23024E+02  4.40969E-02   1.23633E+02  4.64688E-02   1.24319E+02  4.85941E-02   1.25044E+02  5.04738E-02   1.25835E+02  5.21046E-02   1.26679E+02  5.35022E-02   1.27576E+02  5.46627E-02   1.28537E+02  5.56069E-02   1.29543E+02  5.63358E-02   1.30620E+02  5.68672E-02   1.31738E+02  5.72124E-02   1.32931E+02  5.73801E-02   1.34163E+02  5.73926E-02   1.35467E+02  5.72499E-02   1.36816E+02  5.69773E-02   1.38230E+02  5.65791E-02   1.39692E+02  5.60662E-02   1.41219E+02  5.54640E-02   1.42790E+02  5.47613E-02   1.44428E+02  5.40000E-02   1.46112E+02  5.31616E-02   1.47851E+02  5.22720E-02   1.49649E+02  5.13437E-02   1.51488E+02  5.03529E-02   1.53387E+02  4.93557E-02   1.55342E+02  4.83209E-02   1.57341E+02  4.72661E-02   1.59397E+02  4.62139E-02   1.61500E+02  4.51424E-02   1.63643E+02 
 4.28816E-02   3.42860E+02  4.39178E-02   3.40701E+02  4.49552E-02   3.38595E+02  4.59773E-02   3.36546E+02  4.69777E-02   3.34541E+02  4.79502E-02   3.32591E+02  4.89139E-02   3.30695E+02  4.98258E-02   3.28838E+02  5.07033E-02   3.27050E+02  5.15374E-02   3.25306E+02  5.22905E-02   3.23623E+02  5.29893E-02   3.21991E+02  5.35946E-02   3.20417E+02  5.41060E-02   3.18890E+02  5.45213E-02   3.17429E+02  5.48112E-02   3.16011E+02  5.49782E-02   3.14665E+02  5.50058E-02   3.13364E+02  5.48696E-02   3.12129E+02  5.45783E-02   3.10946E+02  5.40924E-02   3.09822E+02  5.34246E-02   3.08756E+02  5.25456E-02   3.07742E+02  5.14526E-02   3.06790E+02  5.01400E-02   3.05888E+02  4.85868E-02   3.05048E+02  4.68088E-02   3.04259E+02  4.47754E-02   3.03529E+02  4.25142E-02   3.02853E+02  3.99985E-02   3.02235E+02  3.72604E-02   3.01666E+02  3.42788E-02   3.01162E+02  3.10949E-02   3.00700E+02  2.76915E-02   3.00307E+02  2.41159E-02   2.99951E+02  2.03604E-02   2.99669E+02  1.64737E-02   2.99418E+02  1.24571E-02   2.99247E+02  8.36140E-03   2.99097E+02  4.19359E-03   2.99063E+02  5.11243E-06   2.84940E+02  4.19323E-03   1.18974E+02  8.35114E-03   1.19111E+02  1.24573E-02   1.19220E+02  1.64638E-02   1.19424E+02  2.03610E-02   1.19652E+02  2.41069E-02   1.19957E+02  2.76936E-02   1.20293E+02  3.10860E-02   1.20705E+02  3.42836E-02   1.21150E+02  3.72528E-02   1.21669E+02  4.00048E-02   1.22227E+02  4.25093E-02   1.22851E+02  4.47826E-02   1.23524E+02  4.68064E-02   1.24256E+02  4.85945E-02   1.25042E+02  5.01390E-02   1.25884E+02  5.14589E-02   1.26785E+02  5.25466E-02   1.27739E+02  5.34276E-02   1.28753E+02  5.40960E-02   1.29821E+02  5.45782E-02   1.30948E+02  5.48753E-02   1.32128E+02  5.50049E-02   1.33371E+02  5.49812E-02   1.34664E+02  5.48104E-02   1.36019E+02  5.45182E-02   1.37426E+02  5.41001E-02   1.38893E+02  5.35895E-02   1.40410E+02  5.29774E-02   1.41990E+02  5.22917E-02   1.43616E+02  5.15290E-02   1.45308E+02  5.07092E-02   1.47045E+02  4.98335E-02   1.48843E+02  4.89137E-02   1.50693E+02  4.79671E-02   1.52594E+02  4.69753E-02   1.54544E+02  4.59757E-02   1.56547E+02  4.49532E-02   1.58601E+02  4.39155E-02   1.60706E+02  4.28798E-02   1.62861E+02 
 4.04879E-02   3.42113E+02  4.14873E-02   3.39968E+02  4.24744E-02   3.37868E+02  4.34581E-02   3.35809E+02  4.44342E-02   3.33802E+02  4.53899E-02   3.31847E+02  4.63053E-02   3.29936E+02  4.72057E-02   3.28090E+02  4.80595E-02   3.26304E+02  4.88557E-02   3.24559E+02  4.96151E-02   3.22878E+02  5.02837E-02   3.21247E+02  5.08896E-02   3.19657E+02  5.14087E-02   3.18148E+02  5.18198E-02   3.16669E+02  5.21392E-02   3.15273E+02  5.23213E-02   3.13917E+02  5.23782E-02   3.12629E+02  5.22853E-02   3.11392E+02  5.20253E-02   3.10214E+02  5.16028E-02   3.09086E+02  5.09811E-02   3.08021E+02  5.01757E-02   3.07004E+02  4.91537E-02   3.06049E+02  4.79219E-02   3.05150E+02  4.64645E-02   3.04304E+02  4.47767E-02   3.03522E+02  4.28599E-02   3.02785E+02  4.07026E-02   3.02121E+02  3.83200E-02   3.01490E+02  3.56975E-02   3.00944E+02  3.28668E-02   3.00417E+02  2.98078E-02   2.99985E+02  2.65677E-02   2.99562E+02  2.31290E-02   2.99244E+02  1.95431E-02   2.98920E+02  1.58035E-02   2.98716E+02  1.19617E-02   2.98491E+02  8.01866E-03   2.98406E+02  4.02860E-03   2.98233E+02  5.50267E-06   7.97334E+01  4.02477E-03   1.18391E+02  8.02751E-03   1.18359E+02  1.19582E-02   1.18549E+02  1.58125E-02   1.18691E+02  1.95405E-02   1.18964E+02  2.31388E-02   1.19225E+02  2.65650E-02   1.19601E+02  2.98195E-02   1.19972E+02  3.28646E-02   1.20452E+02  3.57091E-02   1.20938E+02  3.83206E-02   1.21521E+02  4.07113E-02   1.22121E+02  4.28635E-02   1.22808E+02  4.47815E-02   1.23526E+02  4.64683E-02   1.24316E+02  4.79220E-02   1.25154E+02  4.91555E-02   1.26048E+02  5.01693E-02   1.27006E+02  5.09799E-02   1.28008E+02  5.15928E-02   1.29083E+02  5.20208E-02   1.30198E+02  5.22800E-02   1.31387E+02  5.23736E-02   1.32618E+02  5.23285E-02   1.33920E+02  5.21385E-02   1.35269E+02  5.18336E-02   1.36680E+02  5.14133E-02   1.38143E+02  5.08904E-02   1.39669E+02  5.02893E-02   1.41240E+02  4.95983E-02   1.42879E+02  4.88582E-02   1.44562E+02  4.80497E-02   1.46302E+02  4.72000E-02   1.48100E+02  4.63124E-02   1.49941E+02  4.53766E-02   1.51844E+02  4.44363E-02   1.53802E+02  4.34618E-02   1.55804E+02  4.24777E-02   1.57862E+02  4.14952E-02   1.59970E+02  4.04949E-02   1.62117E+02 
 3.79610E-02   3.41443E+02  3.89102E-02   3.39286E+02  3.98619E-02   3.37168E+02  4.08073E-02   3.35116E+02  4.17345E-02   3.33106E+02  4.26293E-02   3.31154E+02  4.35288E-02   3.29256E+02  4.43859E-02   3.27406E+02  4.52049E-02   3.25613E+02  4.59992E-02   3.23869E+02  4.67154E-02   3.22185E+02  4.73830E-02   3.20547E+02  4.79797E-02   3.18977E+02  4.84829E-02   3.17450E+02  4.89109E-02   3.15990E+02  4.92246E-02   3.14580E+02  4.94242E-02   3.13231E+02  4.95069E-02   3.11936E+02  4.94310E-02   3.10699E+02  4.92241E-02   3.09518E+02  4.88339E-02   3.08395E+02  4.82811E-02   3.07330E+02  4.75367E-02   3.06319E+02  4.65918E-02   3.05371E+02  4.54523E-02   3.04470E+02  4.40833E-02   3.03638E+02  4.25136E-02   3.02849E+02  4.07010E-02   3.02130E+02  3.86813E-02   3.01452E+02  3.64207E-02   3.00844E+02  3.39550E-02   3.00275E+02  3.12591E-02   2.99777E+02  2.83749E-02   2.99318E+02  2.52840E-02   2.98928E+02  2.20299E-02   2.98574E+02  1.86095E-02   2.98296E+02  1.50603E-02   2.98049E+02  1.13943E-02   2.97876E+02  7.64788E-03   2.97745E+02  3.83831E-03   2.97694E+02  5.30084E-06   3.20379E+02  3.83401E-03   1.17592E+02  7.63837E-03   1.17713E+02  1.13902E-02   1.17839E+02  1.50512E-02   1.18037E+02  1.86064E-02   1.18268E+02  2.20206E-02   1.18570E+02  2.52841E-02   1.18905E+02  2.83650E-02   1.19316E+02  3.12629E-02   1.19757E+02  3.39468E-02   1.20277E+02  3.64271E-02   1.20827E+02  3.86764E-02   1.21455E+02  4.07107E-02   1.22117E+02  4.25111E-02   1.22854E+02  4.40965E-02   1.23630E+02  4.54517E-02   1.24476E+02  4.66039E-02   1.25368E+02  4.75397E-02   1.26323E+02  4.82861E-02   1.27331E+02  4.88400E-02   1.28397E+02  4.92201E-02   1.29521E+02  4.94375E-02   1.30698E+02  4.94983E-02   1.31938E+02  4.94254E-02   1.33228E+02  4.92203E-02   1.34580E+02  4.89047E-02   1.35988E+02  4.84838E-02   1.37451E+02  4.79728E-02   1.38970E+02  4.73796E-02   1.40549E+02  4.67168E-02   1.42174E+02  4.59875E-02   1.43870E+02  4.52144E-02   1.45607E+02  4.43863E-02   1.47406E+02  4.35319E-02   1.49262E+02  4.26482E-02   1.51157E+02  4.17254E-02   1.53113E+02  4.08056E-02   1.55118E+02  3.98578E-02   1.57174E+02  3.89061E-02   1.59285E+02  3.79620E-02   1.61447E+02 
 3.53038E-02   3.40803E+02  3.62037E-02   3.38648E+02  3.70949E-02   3.36552E+02  3.79842E-02   3.34488E+02  3.88623E-02   3.32480E+02  3.97376E-02   3.30523E+02  4.05787E-02   3.28611E+02  4.13990E-02   3.26761E+02  4.21935E-02   3.24978E+02  4.29282E-02   3.23229E+02  4.36324E-02   3.21550E+02  4.42673E-02   3.19916E+02  4.48386E-02   3.18328E+02  4.53426E-02   3.16818E+02  4.57527E-02   3.15342E+02  4.60767E-02   3.13946E+02  4.62896E-02   3.12595E+02  4.63819E-02   3.11307E+02  4.63486E-02   3.10075E+02  4.61640E-02   3.08896E+02  4.58327E-02   3.07775E+02  4.53290E-02   3.06709E+02  4.46526E-02   3.05698E+02  4.37899E-02   3.04745E+02  4.27297E-02   3.03849E+02  4.14714E-02   3.03005E+02  3.99995E-02   3.02229E+02  3.83207E-02   3.01493E+02  3.64225E-02   3.00835E+02  3.43157E-02   3.00205E+02  3.19923E-02   2.99663E+02  2.94731E-02   2.99137E+02  2.67484E-02   2.98709E+02  2.38519E-02   2.98286E+02  2.07772E-02   2.97973E+02  1.75606E-02   2.97648E+02  1.42081E-02   2.97447E+02  1.07545E-02   2.97221E+02  7.21335E-03   2.97136E+02  3.62275E-03   2.96956E+02  3.27500E-06   7.00929E+01  3.62038E-03   1.17134E+02  7.21772E-03   1.17100E+02  1.07522E-02   1.17285E+02  1.42123E-02   1.17426E+02  1.75586E-02   1.17697E+02  2.07818E-02   1.17954E+02  2.38489E-02   1.18329E+02  2.67545E-02   1.18695E+02  2.94701E-02   1.19175E+02  3.19975E-02   1.19654E+02  3.43151E-02   1.20237E+02  3.64256E-02   1.20831E+02  3.83220E-02   1.21518E+02  4.00019E-02   1.22229E+02  4.14719E-02   1.23018E+02  4.27311E-02   1.23851E+02  4.37890E-02   1.24743E+02  4.46505E-02   1.25696E+02  4.53268E-02   1.26697E+02  4.58275E-02   1.27766E+02  4.61612E-02   1.28882E+02  4.63451E-02   1.30066E+02  4.63815E-02   1.31298E+02  4.62943E-02   1.32595E+02  4.60802E-02   1.33944E+02  4.57640E-02   1.35353E+02  4.53474E-02   1.36817E+02  4.48422E-02   1.38339E+02  4.42687E-02   1.39913E+02  4.36198E-02   1.41549E+02  4.29282E-02   1.43233E+02  4.21782E-02   1.44972E+02  4.13971E-02   1.46772E+02  4.05780E-02   1.48613E+02  3.97288E-02   1.50522E+02  3.88719E-02   1.52480E+02  3.79855E-02   1.54485E+02  3.71006E-02   1.56543E+02  3.62095E-02   1.58654E+02  3.53086E-02   1.60808E+02 
 3.25236E-02   3.40242E+02  3.33598E-02   3.38087E+02  3.42015E-02   3.35959E+02  3.50391E-02   3.33904E+02  3.58674E-02   3.31892E+02  3.66619E-02   3.29936E+02  3.74642E-02   3.28036E+02  3.82389E-02   3.26195E+02  3.89710E-02   3.24395E+02  3.96928E-02   3.22653E+02  4.03456E-02   3.20968E+02  4.09550E-02   3.19324E+02  4.15127E-02   3.17758E+02  4.19847E-02   3.16232E+02  4.23965E-02   3.14774E+02  4.27108E-02   3.13371E+02  4.29215E-02   3.12019E+02  4.30375E-02   3.10731E+02  4.30079E-02   3.09490E+02  4.28699E-02   3.08314E+02  4.25684E-02   3.07189E+02  4.21247E-02   3.06127E+02  4.15147E-02   3.05116E+02  4.07242E-02   3.04174E+02  3.97660E-02   3.03274E+02  3.85990E-02   3.02450E+02  3.72588E-02   3.01660E+02  3.56966E-02   3.00951E+02  3.39534E-02   3.00272E+02  3.19912E-02   2.99673E+02  2.98465E-02   2.99103E+02  2.74943E-02   2.98614E+02  2.49716E-02   2.98153E+02  2.22635E-02   2.97770E+02  1.94066E-02   2.97417E+02  1.64007E-02   2.97140E+02  1.32763E-02   2.96900E+02  1.00483E-02   2.96721E+02  6.74453E-03   2.96607E+02  3.38680E-03   2.96547E+02  5.43633E-06   3.41685E+02  3.38077E-03   1.16433E+02  6.73667E-03   1.16536E+02  1.00432E-02   1.16682E+02  1.32682E-02   1.16868E+02  1.63967E-02   1.17106E+02  1.93982E-02   1.17404E+02  2.22628E-02   1.17737E+02  2.49625E-02   1.18150E+02  2.74973E-02   1.18583E+02  2.98387E-02   1.19107E+02  3.19977E-02   1.19647E+02  3.39482E-02   1.20281E+02  3.57077E-02   1.20933E+02  3.72553E-02   1.21673E+02  3.86145E-02   1.22441E+02  3.97654E-02   1.23289E+02  4.07385E-02   1.24173E+02  4.15185E-02   1.25130E+02  4.21307E-02   1.26130E+02  4.25754E-02   1.27197E+02  4.28636E-02   1.28315E+02  4.30143E-02   1.29490E+02  4.30238E-02   1.30726E+02  4.29216E-02   1.32015E+02  4.27034E-02   1.33364E+02  4.23895E-02   1.34772E+02  4.19891E-02   1.36231E+02  4.15062E-02   1.37753E+02  4.09575E-02   1.39329E+02  4.03480E-02   1.40955E+02  3.96803E-02   1.42653E+02  3.89834E-02   1.44389E+02  3.82324E-02   1.46189E+02  3.74712E-02   1.48049E+02  3.66776E-02   1.49939E+02  3.58545E-02   1.51901E+02  3.50397E-02   1.53908E+02  3.41944E-02   1.55964E+02  3.33567E-02   1.58081E+02  3.25262E-02   1.60246E+02 
 2.96279E-02   3.39708E+02  3.04037E-02   3.37548E+02  3.11730E-02   3.35449E+02  3.19439E-02   3.33388E+02  3.26981E-02   3.31375E+02  3.34628E-02   3.29420E+02  3.42027E-02   3.27508E+02  3.49148E-02   3.25655E+02  3.56193E-02   3.23871E+02  3.62651E-02   3.22120E+02  3.68861E-02   3.20441E+02  3.74580E-02   3.18808E+02  3.79693E-02   3.17221E+02  3.84304E-02   3.15711E+02  3.88136E-02   3.14238E+02  3.91186E-02   3.12842E+02  3.93378E-02   3.11494E+02  3.94468E-02   3.10207E+02  3.94541E-02   3.08978E+02  3.93318E-02   3.07800E+02  3.90806E-02   3.06683E+02  3.86889E-02   3.05618E+02  3.81401E-02   3.04613E+02  3.74394E-02   3.03660E+02  3.65602E-02   3.02771E+02  3.55155E-02   3.01929E+02  3.42800E-02   3.01157E+02  3.28674E-02   3.00424E+02  3.12618E-02   2.99768E+02  2.94727E-02   2.99141E+02  2.74964E-02   2.98602E+02  2.53440E-02   2.98076E+02  2.30160E-02   2.97653E+02  2.05312E-02   2.97229E+02  1.78940E-02   2.96917E+02  1.51280E-02   2.96596E+02  1.22448E-02   2.96390E+02  9.26951E-03   2.96170E+02  6.22004E-03   2.96076E+02  3.12279E-03   2.95891E+02  9.75601E-07   4.68632E+01  3.12176E-03   1.16099E+02  6.22120E-03   1.16067E+02  9.26750E-03   1.16236E+02  1.22460E-02   1.16384E+02  1.51260E-02   1.16645E+02  1.78945E-02   1.16904E+02  2.05283E-02   1.17276E+02  2.30167E-02   1.17637E+02  2.53406E-02   1.18118E+02  2.74965E-02   1.18589E+02  2.94703E-02   1.19173E+02  3.12612E-02   1.19761E+02  3.28654E-02   1.20445E+02  3.42807E-02   1.21153E+02  3.55127E-02   1.21939E+02  3.65625E-02   1.22767E+02  3.74359E-02   1.23660E+02  3.81423E-02   1.24605E+02  3.86853E-02   1.25609E+02  3.90812E-02   1.26671E+02  3.93302E-02   1.27788E+02  3.94533E-02   1.28969E+02  3.94496E-02   1.30197E+02  3.93398E-02   1.31495E+02  3.91244E-02   1.32840E+02  3.88207E-02   1.34248E+02  3.84342E-02   1.35712E+02  3.79742E-02   1.37231E+02  3.74562E-02   1.38808E+02  3.68781E-02   1.40440E+02  3.62631E-02   1.42124E+02  3.56000E-02   1.43865E+02  3.49160E-02   1.45661E+02  3.41940E-02   1.47508E+02  3.34595E-02   1.49418E+02  3.27128E-02   1.51376E+02  3.19425E-02   1.53385E+02  3.11812E-02   1.55444E+02  3.04063E-02   1.57554E+02  2.96305E-02   1.59717E+02 
 2.66229E-02   3.39260E+02  2.73240E-02   3.37103E+02  2.80311E-02   3.34972E+02  2.87349E-02   3.32908E+02  2.94375E-02   3.30899E+02  3.01089E-02   3.28936E+02  3.07858E-02   3.27038E+02  3.14484E-02   3.25202E+02  3.20689E-02   3.23400E+02  3.26871E-02   3.21656E+02  3.32499E-02   3.19974E+02  3.37754E-02   3.18321E+02  3.42643E-02   3.16762E+02  3.46802E-02   3.15234E+02  3.50493E-02   3.13781E+02  3.53380E-02   3.12382E+02  3.55401E-02   3.11030E+02  3.56651E-02   3.09745E+02  3.56685E-02   3.08504E+02  3.55819E-02   3.07329E+02  3.53603E-02   3.06204E+02  3.50179E-02   3.05145E+02  3.45398E-02   3.04134E+02  3.39062E-02   3.03197E+02  3.31364E-02   3.02298E+02  3.21848E-02   3.01481E+02  3.10928E-02   3.00692E+02  2.98070E-02   2.99990E+02  2.83724E-02   2.99311E+02  2.67478E-02   2.98721E+02  2.49703E-02   2.98148E+02  2.30144E-02   2.97668E+02  2.09133E-02   2.97204E+02  1.86536E-02   2.96829E+02  1.62667E-02   2.96476E+02  1.37510E-02   2.96200E+02  1.11354E-02   2.95967E+02  8.42908E-03   2.95783E+02  5.65882E-03   2.95681E+02  2.84196E-03   2.95621E+02  5.37201E-06   3.53510E+02  2.83686E-03   1.15483E+02  5.65227E-03   1.15580E+02  8.42553E-03   1.15739E+02  1.11280E-02   1.15918E+02  1.37486E-02   1.16161E+02  1.62593E-02   1.16456E+02  1.86535E-02   1.16785E+02  2.09054E-02   1.17203E+02  2.30179E-02   1.17625E+02  2.49626E-02   1.18156E+02  2.67555E-02   1.18688E+02  2.83660E-02   1.19323E+02  2.98194E-02   1.19970E+02  3.10883E-02   1.20711E+02  3.22009E-02   1.21472E+02  3.31352E-02   1.22322E+02  3.39210E-02   1.23198E+02  3.45431E-02   1.24157E+02  3.50250E-02   1.25151E+02  3.53661E-02   1.26217E+02  3.55764E-02   1.27331E+02  3.56730E-02   1.28502E+02  3.56515E-02   1.29738E+02  3.55382E-02   1.31022E+02  3.53310E-02   1.32371E+02  3.50418E-02   1.33776E+02  3.46869E-02   1.35235E+02  3.42591E-02   1.36755E+02  3.37819E-02   1.38333E+02  3.32532E-02   1.39956E+02  3.26771E-02   1.41659E+02  3.20820E-02   1.43390E+02  3.14387E-02   1.45195E+02  3.07946E-02   1.47054E+02  3.01195E-02   1.48943E+02  2.94233E-02   1.50908E+02  2.87376E-02   1.52919E+02  2.80225E-02   1.54972E+02  2.73222E-02   1.57096E+02  2.66274E-02   1.59259E+02 
 2.35233E-02   3.38829E+02  2.41515E-02   3.36669E+02  2.47768E-02   3.34562E+02  2.54054E-02   3.32510E+02  2.60139E-02   3.30488E+02  2.66409E-02   3.28539E+02  2.72523E-02   3.26625E+02  2.78323E-02   3.24772E+02  2.84171E-02   3.22983E+02  2.89492E-02   3.21236E+02  2.94613E-02   3.19549E+02  2.99416E-02   3.17923E+02  3.03689E-02   3.16334E+02  3.07601E-02   3.14828E+02  3.10909E-02   3.13355E+02  3.13548E-02   3.11962E+02  3.15557E-02   3.10613E+02  3.16640E-02   3.09329E+02  3.16923E-02   3.08099E+02  3.16186E-02   3.06925E+02  3.14363E-02   3.05811E+02  3.11477E-02   3.04747E+02  3.07238E-02   3.03749E+02  3.01854E-02   3.02795E+02  2.94932E-02   3.01913E+02  2.86738E-02   3.01071E+02  2.76918E-02   3.00303E+02  2.65694E-02   2.99572E+02  2.52860E-02   2.98919E+02  2.38524E-02   2.98293E+02  2.22657E-02   2.97757E+02  2.05316E-02   2.97232E+02  1.86554E-02   2.96810E+02  1.66469E-02   2.96388E+02  1.45148E-02   2.96075E+02  1.22743E-02   2.95756E+02  9.93794E-03   2.95546E+02  7.52446E-03   2.95330E+02  5.05023E-03   2.95222E+02  2.53554E-03   2.95039E+02  1.07801E-06   2.29094E+02  2.53439E-03   1.15286E+02  5.04971E-03   1.15253E+02  7.52236E-03   1.15407E+02  9.93710E-03   1.15558E+02  1.22719E-02   1.15811E+02  1.45127E-02   1.16070E+02  1.66438E-02   1.16440E+02  1.86528E-02   1.16795E+02  2.05273E-02   1.17277E+02  2.22630E-02   1.17743E+02  2.38475E-02   1.18323E+02  2.52837E-02   1.18910E+02  2.65643E-02   1.19589E+02  2.76917E-02   1.20294E+02  2.86678E-02   1.21080E+02  2.94966E-02   1.21901E+02  3.01793E-02   1.22796E+02  3.07296E-02   1.23734E+02  3.11427E-02   1.24740E+02  3.14420E-02   1.25798E+02  3.16171E-02   1.26913E+02  3.16948E-02   1.28094E+02  3.16679E-02   1.29317E+02  3.15566E-02   1.30618E+02  3.13611E-02   1.31956E+02  3.10943E-02   1.33368E+02  3.07627E-02   1.34827E+02  3.03738E-02   1.36346E+02  2.99373E-02   1.37922E+02  2.94572E-02   1.39554E+02  2.89449E-02   1.41233E+02  2.83966E-02   1.42982E+02  2.78346E-02   1.44767E+02  2.72385E-02   1.46625E+02  2.66420E-02   1.48533E+02  2.60313E-02   1.50493E+02  2.54020E-02   1.52503E+02  2.47864E-02   1.54565E+02  2.41517E-02   1.56670E+02  2.35233E-02   1.58846E+02 
 2.03302E-02   3.38498E+02  2.08752E-02   3.36337E+02  2.14274E-02   3.34207E+02  2.19743E-02   3.32130E+02  2.25281E-02   3.30127E+02  2.30537E-02   3.28156E+02  2.35823E-02   3.26261E+02  2.41056E-02   3.24430E+02  2.45925E-02   3.22627E+02  2.50800E-02   3.20878E+02  2.55283E-02   3.19203E+02  2.59462E-02   3.17538E+02  2.63390E-02   3.15991E+02  2.66768E-02   3.14458E+02  2.69771E-02   3.13011E+02  2.72184E-02   3.11614E+02  2.73901E-02   3.10265E+02  2.75050E-02   3.08981E+02  2.75241E-02   3.07740E+02  2.74750E-02   3.06564E+02  2.73212E-02   3.05439E+02  2.70736E-02   3.04383E+02  2.67215E-02   3.03370E+02  2.62467E-02   3.02440E+02  2.56681E-02   3.01538E+02  2.49441E-02   3.00731E+02  2.41139E-02   2.99940E+02  2.31276E-02   2.99246E+02  2.20279E-02   2.98565E+02  2.07760E-02   2.97983E+02  1.94052E-02   2.97410E+02  1.78925E-02   2.96935E+02  1.62661E-02   2.96472E+02  1.45131E-02   2.96100E+02  1.26606E-02   2.95748E+02  1.07051E-02   2.95477E+02  8.67112E-03   2.95244E+02  6.56442E-03   2.95060E+02  4.40803E-03   2.94973E+02  2.21324E-03   2.94897E+02  5.63929E-06   3.59873E+02  2.21036E-03   1.14752E+02  4.40305E-03   1.14835E+02  6.56226E-03   1.15008E+02  8.66576E-03   1.15182E+02  1.07039E-02   1.15427E+02  1.26549E-02   1.15723E+02  1.45141E-02   1.16047E+02  1.62592E-02   1.16469E+02  1.78969E-02   1.16885E+02  1.93980E-02   1.17418E+02  2.07841E-02   1.17945E+02  2.20215E-02   1.18582E+02  2.31394E-02   1.19222E+02  2.41095E-02   1.19968E+02  2.49585E-02   1.20719E+02  2.56671E-02   1.21575E+02  2.62596E-02   1.22441E+02  2.67249E-02   1.23404E+02  2.70795E-02   1.24390E+02  2.73264E-02   1.25456E+02  2.74700E-02   1.26567E+02  2.75273E-02   1.27735E+02  2.74923E-02   1.28970E+02  2.73874E-02   1.30249E+02  2.72110E-02   1.31600E+02  2.69708E-02   1.32999E+02  2.66824E-02   1.34462E+02  2.63360E-02   1.35976E+02  2.59541E-02   1.37560E+02  2.55319E-02   1.39177E+02  2.50737E-02   1.40888E+02  2.46041E-02   1.42613E+02  2.40953E-02   1.44424E+02  2.35907E-02   1.46279E+02  2.30591E-02   1.48169E+02  2.25134E-02   1.50134E+02  2.19797E-02   1.52150E+02  2.14170E-02   1.54200E+02  2.08760E-02   1.56330E+02  2.03354E-02   1.58490E+02 
 1.70663E-02   3.38170E+02  1.75294E-02   3.36005E+02  1.79901E-02   3.33892E+02  1.84568E-02   3.31852E+02  1.89005E-02   3.29822E+02  1.93684E-02   3.27877E+02  1.98258E-02   3.25966E+02  2.02553E-02   3.24108E+02  2.06934E-02   3.22316E+02  2.10914E-02   3.20573E+02  2.14713E-02   3.18877E+02  2.18359E-02   3.17260E+02  2.21571E-02   3.15667E+02  2.24549E-02   3.14167E+02  2.27112E-02   3.12693E+02  2.29133E-02   3.11303E+02  2.30762E-02   3.09951E+02  2.31652E-02   3.08672E+02  2.32000E-02   3.07439E+02  2.31589E-02   3.06270E+02  2.30367E-02   3.05157E+02  2.28405E-02   3.04095E+02  2.25398E-02   3.03103E+02  2.21598E-02   3.02149E+02  2.16615E-02   3.01275E+02  2.10726E-02   3.00430E+02  2.03608E-02   2.99669E+02  1.95452E-02   2.98936E+02  1.86109E-02   2.98285E+02  1.75618E-02   2.97662E+02  1.64025E-02   2.97123E+02  1.51287E-02   2.96604E+02  1.37531E-02   2.96176E+02  1.22744E-02   2.95760E+02  1.07073E-02   2.95443E+02  9.05453E-03   2.95124E+02  7.33468E-03   2.94911E+02  5.55253E-03   2.94699E+02  3.72866E-03   2.94567E+02  1.87136E-03   2.94402E+02  3.31200E-06   2.28839E+02  1.87108E-03   1.14681E+02  3.72545E-03   1.14662E+02  5.55221E-03   1.14792E+02  7.33029E-03   1.14947E+02  9.05406E-03   1.15193E+02  1.07019E-02   1.15451E+02  1.22721E-02   1.15815E+02  1.37480E-02   1.16172E+02  1.51246E-02   1.16645E+02  1.63971E-02   1.17114E+02  1.75571E-02   1.17688E+02  1.86057E-02   1.18272E+02  1.95401E-02   1.18952E+02  2.03586E-02   1.19649E+02  2.10664E-02   1.20439E+02  2.16643E-02   1.21250E+02  2.21539E-02   1.22150E+02  2.25463E-02   1.23081E+02  2.28365E-02   1.24088E+02  2.30445E-02   1.25145E+02  2.31591E-02   1.26258E+02  2.32040E-02   1.27441E+02  2.31710E-02   1.28658E+02  2.30758E-02   1.29963E+02  2.29209E-02   1.31294E+02  2.27116E-02   1.32709E+02  2.24576E-02   1.34163E+02  2.21618E-02   1.35684E+02  2.18304E-02   1.37258E+02  2.14709E-02   1.38890E+02  2.10846E-02   1.40566E+02  2.06750E-02   1.42319E+02  2.02565E-02   1.44096E+02  1.98108E-02   1.45963E+02  1.93721E-02   1.47870E+02  1.89196E-02   1.49830E+02  1.84517E-02   1.51843E+02  1.80015E-02   1.53904E+02  1.75266E-02   1.56006E+02  1.70650E-02   1.58192E+02 
 1.37290E-02   3.37954E+02  1.41030E-02   3.35797E+02  1.44815E-02   3.33659E+02  1.48560E-02   3.31573E+02  1.52400E-02   3.29570E+02  1.56011E-02   3.27597E+02  1.59633E-02   3.25702E+02  1.63252E-02   3.23884E+02  1.66604E-02   3.22077E+02  1.69952E-02   3.20323E+02  1.73098E-02   3.18657E+02  1.75978E-02   3.16972E+02  1.78752E-02   3.15444E+02  1.81125E-02   3.13901E+02  1.83254E-02   3.12465E+02  1.84988E-02   3.11070E+02  1.86232E-02   3.09720E+02  1.87108E-02   3.08440E+02  1.87313E-02   3.07195E+02  1.87067E-02   3.06018E+02  1.86105E-02   3.04893E+02  1.84498E-02   3.03834E+02  1.82192E-02   3.02823E+02  1.79023E-02   3.01896E+02  1.75174E-02   3.00993E+02  1.70290E-02   3.00195E+02  1.64710E-02   2.99399E+02  1.58025E-02   2.98718E+02  1.50580E-02   2.98035E+02  1.42068E-02   2.97458E+02  1.32748E-02   2.96889E+02  1.22432E-02   2.96413E+02  1.11343E-02   2.95958E+02  9.93652E-03   2.95582E+02  8.67034E-03   2.95238E+02  7.33295E-03   2.94963E+02  5.94008E-03   2.94743E+02  4.49803E-03   2.94544E+02  3.02035E-03   2.94497E+02  1.51673E-03   2.94370E+02  5.97346E-06   1.05793E+01  1.51465E-03   1.14250E+02  3.01774E-03   1.14277E+02  4.49602E-03   1.14491E+02  5.93771E-03   1.14650E+02  7.33154E-03   1.14906E+02  8.66701E-03   1.15195E+02  9.93810E-03   1.15526E+02  1.11286E-02   1.15940E+02  1.22482E-02   1.16363E+02  1.32687E-02   1.16890E+02  1.42141E-02   1.17417E+02  1.50532E-02   1.18058E+02  1.58123E-02   1.18686E+02  1.64676E-02   1.19444E+02  1.70413E-02   1.20181E+02  1.75164E-02   1.21046E+02  1.79131E-02   1.21902E+02  1.82223E-02   1.22868E+02  1.84547E-02   1.23849E+02  1.86144E-02   1.24914E+02  1.87025E-02   1.26022E+02  1.87326E-02   1.27187E+02  1.87000E-02   1.28422E+02  1.86190E-02   1.29695E+02  1.84924E-02   1.31048E+02  1.83189E-02   1.32441E+02  1.81178E-02   1.33910E+02  1.78724E-02   1.35416E+02  1.76070E-02   1.37009E+02  1.73121E-02   1.38618E+02  1.69935E-02   1.40338E+02  1.66689E-02   1.42060E+02  1.63161E-02   1.43870E+02  1.59699E-02   1.45730E+02  1.56020E-02   1.47611E+02  1.52265E-02   1.49583E+02  1.48617E-02   1.51602E+02  1.44715E-02   1.53648E+02  1.41043E-02   1.55782E+02  1.37357E-02   1.57941E+02 
 1.03491E-02   3.37730E+02  1.06303E-02   3.35551E+02  1.09145E-02   3.33439E+02  1.12008E-02   3.31414E+02  1.14679E-02   3.29378E+02  1.17579E-02   3.27435E+02  1.20452E-02   3.25535E+02  1.23061E-02   3.23664E+02  1.25808E-02   3.21873E+02  1.28263E-02   3.20132E+02  1.30565E-02   3.18423E+02  1.32877E-02   3.16821E+02  1.34834E-02   3.15218E+02  1.36718E-02   3.13728E+02  1.38340E-02   3.12252E+02  1.39600E-02   3.10864E+02  1.40671E-02   3.09512E+02  1.41247E-02   3.08234E+02  1.41509E-02   3.07000E+02  1.41329E-02   3.05837E+02  1.40601E-02   3.04721E+02  1.39506E-02   3.03667E+02  1.37671E-02   3.02675E+02  1.35458E-02   3.01723E+02  1.32419E-02   3.00854E+02  1.28904E-02   3.00005E+02  1.24575E-02   2.99252E+02  1.19635E-02   2.98515E+02  1.13958E-02   2.97864E+02  1.07560E-02   2.97246E+02  1.00497E-02   2.96695E+02  9.27095E-03   2.96190E+02  8.43083E-03   2.95745E+02  7.52492E-03   2.95343E+02  6.56676E-03   2.95008E+02  5.55255E-03   2.94704E+02  4.50015E-03   2.94463E+02  3.40552E-03   2.94276E+02  2.28870E-03   2.94082E+02  1.14760E-03   2.93958E+02  5.22622E-06   2.27730E+02  1.14812E-03   1.14294E+02  2.28411E-03   1.14322E+02  3.40605E-03   1.14389E+02  4.49416E-03   1.14565E+02  5.55283E-03   1.14785E+02  6.56008E-03   1.15055E+02  7.52264E-03   1.15400E+02  8.42522E-03   1.15769E+02  9.26607E-03   1.16223E+02  1.00438E-02   1.16702E+02  1.07509E-02   1.17266E+02  1.13896E-02   1.17846E+02  1.19581E-02   1.18529E+02  1.24551E-02   1.19214E+02  1.28830E-02   1.20010E+02  1.32459E-02   1.20813E+02  1.35382E-02   1.21715E+02  1.37760E-02   1.22643E+02  1.39454E-02   1.23650E+02  1.40706E-02   1.24707E+02  1.41326E-02   1.25819E+02  1.41572E-02   1.27007E+02  1.41301E-02   1.28217E+02  1.40677E-02   1.29531E+02  1.39666E-02   1.30850E+02  1.38344E-02   1.32274E+02  1.36727E-02   1.33720E+02  1.34893E-02   1.35243E+02  1.32802E-02   1.36818E+02  1.30590E-02   1.38449E+02  1.28176E-02   1.40118E+02  1.25639E-02   1.41878E+02  1.23070E-02   1.43644E+02  1.20289E-02   1.45517E+02  1.17648E-02   1.47433E+02  1.14855E-02   1.49383E+02  1.11974E-02   1.51407E+02  1.09244E-02   1.53464E+02  1.06282E-02   1.55558E+02  1.03452E-02   1.57761E+02 
 6.91593E-03   3.37638E+02  7.10734E-03   3.35493E+02  7.29994E-03   3.33332E+02  7.49042E-03   3.31228E+02  7.69017E-03   3.29225E+02  7.87365E-03   3.27248E+02  8.05434E-03   3.25355E+02  8.24322E-03   3.23572E+02  8.40976E-03   3.21755E+02  8.58018E-03   3.19987E+02  8.74429E-03   3.18344E+02  8.88793E-03   3.16608E+02  9.03530E-03   3.15122E+02  9.15666E-03   3.13560E+02  9.26813E-03   3.12142E+02  9.36009E-03   3.10762E+02  9.42365E-03   3.09400E+02  9.47229E-03   3.08134E+02  9.48310E-03   3.06869E+02  9.47326E-03   3.05692E+02  9.42721E-03   3.04555E+02  9.34637E-03   3.03492E+02  9.23482E-03   3.02476E+02  9.07324E-03   3.01559E+02  8.88451E-03   3.00642E+02  8.63534E-03   2.99874E+02  8.35869E-03   2.99058E+02  8.01802E-03   2.98408E+02  7.64524E-03   2.97709E+02  7.21220E-03   2.97156E+02  6.74326E-03   2.96581E+02  6.21779E-03   2.96116E+02  5.65835E-03   2.95664E+02  5.04820E-03   2.95287E+02  4.40741E-03   2.94959E+02  3.72685E-03   2.94667E+02  3.02004E-03   2.94490E+02  2.28677E-03   2.94246E+02  1.53568E-03   2.94300E+02  7.71470E-04   2.94098E+02  5.79360E-06   1.68037E+01  7.69984E-04   1.13917E+02  1.53402E-03   1.13868E+02  2.28579E-03   1.14176E+02  3.01814E-03   1.14292E+02  3.72673E-03   1.14593E+02  4.40430E-03   1.14858E+02  5.05101E-03   1.15208E+02  5.65281E-03   1.15619E+02  6.22370E-03   1.16041E+02  6.73722E-03   1.16580E+02  7.21964E-03   1.17089E+02  7.64060E-03   1.17759E+02  8.02723E-03   1.18355E+02  8.35520E-03   1.19149E+02  8.64680E-03   1.19853E+02  8.88281E-03   1.20747E+02  9.08389E-03   1.21579E+02  9.23621E-03   1.22562E+02  9.35174E-03   1.23525E+02  9.42967E-03   1.24600E+02  9.47016E-03   1.25693E+02  9.48322E-03   1.26859E+02  9.46301E-03   1.28092E+02  9.41876E-03   1.29356E+02  9.35443E-03   1.30714E+02  9.26165E-03   1.32098E+02  9.16183E-03   1.33574E+02  9.03255E-03   1.35069E+02  8.89819E-03   1.36681E+02  8.74604E-03   1.38270E+02  8.58114E-03   1.40022E+02  8.41756E-03   1.41724E+02  8.23373E-03   1.43544E+02  8.06155E-03   1.45414E+02  7.87051E-03   1.47266E+02  7.67864E-03   1.49259E+02  7.49547E-03   1.51280E+02  7.29076E-03   1.53309E+02  7.10845E-03   1.55462E+02  6.92324E-03   1.57610E+02 
 3.46926E-03   3.37489E+02  3.56313E-03   3.35271E+02  3.65820E-03   3.33159E+02  3.75725E-03   3.31222E+02  3.83640E-03   3.29139E+02  3.93960E-03   3.27231E+02  4.04543E-03   3.25349E+02  4.12669E-03   3.23440E+02  4.22802E-03   3.21646E+02  4.30790E-03   3.19929E+02  4.37918E-03   3.18154E+02  4.46351E-03   3.16621E+02  4.52334E-03   3.14965E+02  4.59003E-03   3.13515E+02  4.64781E-03   3.12028E+02  4.68629E-03   3.10644E+02  4.72925E-03   3.09295E+02  4.74400E-03   3.08013E+02  4.75556E-03   3.06789E+02  4.75109E-03   3.05623E+02  4.72319E-03   3.04522E+02  4.69378E-03   3.03458E+02  4.62616E-03   3.02497E+02  4.56019E-03   3.01513E+02  4.45381E-03   3.00692E+02  4.34127E-03   2.99790E+02  4.19417E-03   2.99084E+02  4.03014E-03   2.98297E+02  3.84039E-03   2.97679E+02  3.62375E-03   2.97018E+02  3.38867E-03   2.96488E+02  3.12440E-03   2.95950E+02  2.84329E-03   2.95508E+02  2.53674E-03   2.95092E+02  2.21519E-03   2.94739E+02  1.87165E-03   2.94429E+02  1.51899E-03   2.94139E+02  1.14748E-03   2.93958E+02  7.73775E-04   2.93634E+02  3.86001E-04   2.93321E+02  5.16424E-06   2.36733E+02  3.87528E-04   1.14552E+02  7.68237E-04   1.14334E+02  1.14825E-03   1.14310E+02  1.51288E-03   1.14486E+02  1.87162E-03   1.14638E+02  2.20848E-03   1.14919E+02  2.53462E-03   1.15247E+02  2.83674E-03   1.15583E+02  3.12037E-03   1.16064E+02  3.38161E-03   1.16485E+02  3.61916E-03   1.17090E+02  3.83361E-03   1.17607E+02  4.02490E-03   1.18337E+02  4.19106E-03   1.18953E+02  4.33434E-03   1.19803E+02  4.45742E-03   1.20543E+02  4.55268E-03   1.21496E+02  4.63542E-03   1.22378E+02  4.68868E-03   1.23426E+02  4.73368E-03   1.24462E+02  4.75180E-03   1.25595E+02  4.76091E-03   1.26795E+02  4.75088E-03   1.27984E+02  4.72854E-03   1.29340E+02  4.69369E-03   1.30620E+02  4.64722E-03   1.32070E+02  4.59094E-03   1.33503E+02  4.52907E-03   1.35026E+02  4.45518E-03   1.36605E+02  4.38254E-03   1.38244E+02  4.29821E-03   1.39864E+02  4.21119E-03   1.41682E+02  4.12795E-03   1.43361E+02  4.02800E-03   1.45291E+02  3.94776E-03   1.47226E+02  3.85398E-03   1.49147E+02  3.75293E-03   1.51206E+02  3.66930E-03   1.53248E+02  3.55930E-03   1.55295E+02  3.46619E-03   1.57583E+02 
 5.14309E-06   1.14750E+02  7.85811E-06   9.77319E+01  8.62336E-07   7.30281E+01  5.18892E-06   2.07803E+02  8.65361E-06   3.09057E+02  6.97496E-06   2.70948E+02  3.78763E-06   2.06046E+02  7.90447E-06   6.34349E+00  5.55005E-06   9.47045E+01  3.91460E-06   1.58869E+02  6.57148E-06   4.34550E+01  1.22988E-05   1.92247E+02  4.05256E-06   1.40782E+01  3.12459E-06   2.14680E+02  3.36082E-06   2.31802E+00  9.32188E-06   8.37432E-01  3.23936E-06   3.23220E+01  9.63125E-06   3.59746E+02  1.27390E-06   1.10777E+02  1.07073E-06   3.43836E+02  5.11311E-06   1.97754E+02  5.55906E-06   1.72017E+02  8.97614E-06   2.08230E+02  6.67340E-06   1.53235E+02  9.53667E-06   2.14881E+02  5.87108E-06   1.17983E+02  7.08778E-06   2.25714E+02  5.71798E-06   8.01981E+01  3.63720E-06   2.33654E+02  6.27593E-06   4.93180E+01  1.52883E-06   2.86860E+02  6.20372E-06   4.27013E+01  3.35838E-06   3.45646E+02  4.98107E-06   4.29483E+01  4.55709E-06   1.08418E+00  3.55190E-06   2.98439E+01  5.28110E-06   1.58507E+01  2.42566E-06   5.22194E+00  5.20113E-06   2.46882E+01  2.88159E-06   3.55950E+02  4.16168E-06   2.70898E+01  2.76847E-06   1.98052E+00  4.25616E-06   2.06733E+01  1.66193E-06   1.05111E+01  4.67253E-06   1.64949E+01  1.23478E-06   2.34317E+01  3.13129E-06   1.24184E+01  3.22169E-06   3.88398E+01  1.70544E-06   2.81179E+02  5.46303E-06   5.39806E+01  3.98797E-06   2.45523E+02  6.10951E-06   6.47981E+01  5.47388E-06   2.28278E+02  5.59561E-06   6.99901E+01  7.03777E-06   2.13157E+02  5.11028E-06   8.16915E+01  7.93979E-06   2.09772E+02  3.92791E-06   9.09187E+01  7.15094E-06   2.00540E+02  1.14236E-06   6.98486E+01  4.27883E-06   1.93835E+02  3.02769E-06   3.13974E+02  1.16171E-07   6.39979E+01  4.43346E-06   3.15962E+02  4.22476E-06   3.53787E+02  2.00625E-06   1.97862E+01  5.04497E-06   3.59697E+02  4.27246E-06   1.09668E+02  4.88847E-06   3.80845E+01  4.12544E-06   1.57194E+02  5.94991E-06   6.50843E+01  5.73416E-06   2.42730E+02  4.48029E-06   1.15318E+02  4.72486E-06   2.87843E+02  6.95133E-06   1.80363E+02  2.96588E-06   5.56333E+01  4.31706E-06   3.03666E+02  4.95722E-06   1.81995E+02  1.16587E-05   3.42971E+02  2.78908E-06   2.60586E+02  1.94052E-06   1.58125E+02 
 3.46505E-03   1.57547E+02  3.56087E-03   1.55456E+02  3.65933E-03   1.53323E+02  3.74999E-03   1.51132E+02  3.86271E-03   1.49191E+02  3.94857E-03   1.47178E+02  4.02884E-03   1.45253E+02  4.13060E-03   1.43455E+02  4.20588E-03   1.41658E+02  4.29668E-03   1.39880E+02  4.38722E-03   1.38290E+02  4.45451E-03   1.36555E+02  4.53453E-03   1.35070E+02  4.59287E-03   1.33486E+02  4.64415E-03   1.32056E+02  4.69568E-03   1.30639E+02  4.72139E-03   1.29297E+02  4.75140E-03   1.28007E+02  4.75825E-03   1.26771E+02  4.75149E-03   1.25601E+02  4.73617E-03   1.24463E+02  4.68847E-03   1.23433E+02  4.63988E-03   1.22384E+02  4.55198E-03   1.21496E+02  4.46052E-03   1.20550E+02  4.33263E-03   1.19793E+02  4.19251E-03   1.18963E+02  4.02365E-03   1.18320E+02  3.83138E-03   1.17609E+02  3.62019E-03   1.17082E+02  3.37792E-03   1.16479E+02  3.12112E-03   1.16059E+02  2.83480E-03   1.15585E+02  2.53361E-03   1.15240E+02  2.20837E-03   1.14913E+02  1.87077E-03   1.14651E+02  1.51231E-03   1.14484E+02  1.14867E-03   1.14308E+02  7.67056E-04   1.14349E+02  3.88385E-04   1.14635E+02  4.95979E-06   2.45827E+02  3.86015E-04   2.93125E+02  7.73357E-04   2.93683E+02  1.14762E-03   2.93926E+02  1.51850E-03   2.94106E+02  1.87088E-03   2.94441E+02  2.21528E-03   2.94718E+02  2.53515E-03   2.95055E+02  2.84238E-03   2.95533E+02  3.12382E-03   2.95897E+02  3.38629E-03   2.96507E+02  3.62359E-03   2.96982E+02  3.83878E-03   2.97683E+02  4.02841E-03   2.98282E+02  4.19578E-03   2.99082E+02  4.33919E-03   2.99787E+02  4.45753E-03   3.00703E+02  4.55870E-03   3.01506E+02  4.63157E-03   3.02522E+02  4.69303E-03   3.03454E+02  4.72626E-03   3.04536E+02  4.75074E-03   3.05626E+02  4.75336E-03   3.06766E+02  4.74408E-03   3.08030E+02  4.72262E-03   3.09252E+02  4.68759E-03   3.10651E+02  4.64466E-03   3.12016E+02  4.59184E-03   3.13492E+02  4.52802E-03   3.15008E+02  4.46334E-03   3.16575E+02  4.38339E-03   3.18190E+02  4.30665E-03   3.19954E+02  4.22338E-03   3.21610E+02  4.12871E-03   3.23537E+02  4.04708E-03   3.25308E+02  3.94016E-03   3.27186E+02  3.84451E-03   3.29190E+02  3.75555E-03   3.31144E+02  3.64671E-03   3.33245E+02  3.56619E-03   3.35417E+02  3.46740E-03   3.37471E+02 
 6.92417E-03   1.57584E+02  7.11525E-03   1.55381E+02  7.30066E-03   1.53325E+02  7.49494E-03   1.51294E+02  7.67397E-03   1.49272E+02  7.86658E-03   1.47331E+02  8.05866E-03   1.45406E+02  8.23125E-03   1.43490E+02  8.41813E-03   1.41708E+02  8.58612E-03   1.39996E+02  8.74325E-03   1.38263E+02  8.90136E-03   1.36737E+02  9.03079E-03   1.35077E+02  9.15816E-03   1.33602E+02  9.26303E-03   1.32105E+02  9.34929E-03   1.30680E+02  9.42153E-03   1.29355E+02  9.46127E-03   1.28048E+02  9.48478E-03   1.26859E+02  9.47166E-03   1.25689E+02  9.43030E-03   1.24609E+02  9.35393E-03   1.23549E+02  9.23588E-03   1.22579E+02  9.08580E-03   1.21610E+02  8.88216E-03   1.20757E+02  8.64861E-03   1.19876E+02  8.35400E-03   1.19143E+02  8.02781E-03   1.18362E+02  7.64160E-03   1.17747E+02  7.21776E-03   1.17072E+02  6.73930E-03   1.16570E+02  6.22197E-03   1.16013E+02  5.65375E-03   1.15602E+02  5.05108E-03   1.15182E+02  4.40377E-03   1.14842E+02  3.72724E-03   1.14563E+02  3.01823E-03   1.14274E+02  2.28535E-03   1.14147E+02  1.53506E-03   1.13870E+02  7.69144E-04   1.13804E+02  4.37356E-06   3.01342E+01  7.71780E-04   2.94179E+02  1.53505E-03   2.94251E+02  2.28654E-03   2.94233E+02  3.01945E-03   2.94481E+02  3.72694E-03   2.94631E+02  4.40601E-03   2.94942E+02  5.04892E-03   2.95278E+02  5.65709E-03   2.95621E+02  6.21783E-03   2.96120E+02  6.74271E-03   2.96544E+02  7.21187E-03   2.97157E+02  7.64478E-03   2.97693E+02  8.01930E-03   2.98411E+02  8.35678E-03   2.99061E+02  8.63793E-03   2.99890E+02  8.88297E-03   3.00653E+02  9.07648E-03   3.01597E+02  9.23372E-03   3.02484E+02  9.34939E-03   3.03527E+02  9.42755E-03   3.04557E+02  9.47477E-03   3.05692E+02  9.48434E-03   3.06866E+02  9.47063E-03   3.08094E+02  9.42559E-03   3.09395E+02  9.35567E-03   3.10736E+02  9.26900E-03   3.12145E+02  9.15381E-03   3.13597E+02  9.03433E-03   3.15130E+02  8.89069E-03   3.16665E+02  8.74246E-03   3.18343E+02  8.58430E-03   3.19954E+02  8.40929E-03   3.21747E+02  8.24192E-03   3.23515E+02  8.04954E-03   3.25349E+02  7.87086E-03   3.27313E+02  7.68570E-03   3.29229E+02  7.48775E-03   3.31243E+02  7.31275E-03   3.33337E+02  7.11170E-03   3.35423E+02  6.91813E-03   3.37601E+02 
 1.03442E-02   1.57749E+02  1.06282E-02   1.55614E+02  1.09161E-02   1.53486E+02  1.11944E-02   1.51382E+02  1.14948E-02   1.49392E+02  1.17658E-02   1.47419E+02  1.20288E-02   1.45506E+02  1.23102E-02   1.43677E+02  1.25571E-02   1.41869E+02  1.28165E-02   1.40123E+02  1.30633E-02   1.38460E+02  1.32798E-02   1.36799E+02  1.34950E-02   1.35258E+02  1.36748E-02   1.33716E+02  1.38320E-02   1.32272E+02  1.39681E-02   1.30859E+02  1.40610E-02   1.29517E+02  1.41304E-02   1.28227E+02  1.41537E-02   1.26993E+02  1.41328E-02   1.25822E+02  1.40721E-02   1.24701E+02  1.39454E-02   1.23652E+02  1.37804E-02   1.22641E+02  1.35371E-02   1.21713E+02  1.32494E-02   1.20815E+02  1.28810E-02   1.20006E+02  1.24567E-02   1.19220E+02  1.19568E-02   1.18524E+02  1.13876E-02   1.17851E+02  1.07518E-02   1.17266E+02  1.00402E-02   1.16702E+02  9.26707E-03   1.16227E+02  8.42282E-03   1.15772E+02  7.52206E-03   1.15401E+02  6.55980E-03   1.15061E+02  5.55175E-03   1.14787E+02  4.49391E-03   1.14575E+02  3.40601E-03   1.14395E+02  2.28311E-03   1.14331E+02  1.14889E-03   1.14353E+02  5.42297E-06   2.36239E+02  1.14745E-03   2.93893E+02  2.28856E-03   2.94072E+02  3.40564E-03   2.94268E+02  4.49968E-03   2.94441E+02  5.55204E-03   2.94707E+02  6.56647E-03   2.94997E+02  7.52392E-03   2.95327E+02  8.42959E-03   2.95751E+02  9.27040E-03   2.96168E+02  1.00477E-02   2.96702E+02  1.07554E-02   2.97232E+02  1.13946E-02   2.97866E+02  1.19615E-02   2.98511E+02  1.24595E-02   2.99251E+02  1.28879E-02   3.00007E+02  1.32460E-02   3.00859E+02  1.35443E-02   3.01723E+02  1.37723E-02   3.02684E+02  1.39505E-02   3.03666E+02  1.40626E-02   3.04727E+02  1.41335E-02   3.05836E+02  1.41481E-02   3.06994E+02  1.41251E-02   3.08236E+02  1.40605E-02   3.09501E+02  1.39607E-02   3.10863E+02  1.38310E-02   3.12253E+02  1.36731E-02   3.13718E+02  1.34881E-02   3.15234E+02  1.32877E-02   3.16806E+02  1.30608E-02   3.18431E+02  1.28254E-02   3.20141E+02  1.25764E-02   3.21860E+02  1.23076E-02   3.23694E+02  1.20477E-02   3.25528E+02  1.17576E-02   3.27420E+02  1.14765E-02   3.29395E+02  1.11998E-02   3.31387E+02  1.09033E-02   3.33466E+02  1.06328E-02   3.35594E+02  1.03468E-02   3.37730E+02 
 1.37364E-02   1.57924E+02  1.41117E-02   1.55739E+02  1.44812E-02   1.53659E+02  1.48597E-02   1.51610E+02  1.52219E-02   1.49592E+02  1.55984E-02   1.47643E+02  1.59676E-02   1.45726E+02  1.63138E-02   1.43840E+02  1.66706E-02   1.42056E+02  1.69971E-02   1.40322E+02  1.73099E-02   1.38618E+02  1.76093E-02   1.37036E+02  1.78706E-02   1.35419E+02  1.81151E-02   1.33924E+02  1.83195E-02   1.32444E+02  1.84889E-02   1.31032E+02  1.86210E-02   1.29696E+02  1.86988E-02   1.28399E+02  1.87342E-02   1.27190E+02  1.87034E-02   1.26019E+02  1.86150E-02   1.24920E+02  1.84569E-02   1.23864E+02  1.82211E-02   1.22875E+02  1.79160E-02   1.21921E+02  1.75151E-02   1.21050E+02  1.70439E-02   1.20193E+02  1.64661E-02   1.19441E+02  1.58136E-02   1.18691E+02  1.50540E-02   1.18051E+02  1.42129E-02   1.17411E+02  1.32705E-02   1.16881E+02  1.22469E-02   1.16354E+02  1.11297E-02   1.15928E+02  9.93802E-03   1.15515E+02  8.66701E-03   1.15187E+02  7.33178E-03   1.14891E+02  5.93804E-03   1.14643E+02  4.49596E-03   1.14478E+02  3.01858E-03   1.14273E+02  1.51424E-03   1.14225E+02  5.48871E-06   2.26451E+01  1.51688E-03   2.94364E+02  3.01925E-03   2.94490E+02  4.49785E-03   2.94529E+02  5.93907E-03   2.94740E+02  7.33289E-03   2.94944E+02  8.66880E-03   2.95229E+02  9.93653E-03   2.95576E+02  1.11334E-02   2.95939E+02  1.22425E-02   2.96412E+02  1.32746E-02   2.96873E+02  1.42066E-02   2.97457E+02  1.50571E-02   2.98027E+02  1.58047E-02   2.98719E+02  1.64687E-02   2.99401E+02  1.70323E-02   3.00203E+02  1.75162E-02   3.01001E+02  1.79054E-02   3.01911E+02  1.82191E-02   3.02830E+02  1.84516E-02   3.03848E+02  1.86121E-02   3.04894E+02  1.87061E-02   3.06017E+02  1.87338E-02   3.07191E+02  1.87074E-02   3.08420E+02  1.86257E-02   3.09715E+02  1.84946E-02   3.11060E+02  1.83262E-02   3.12464E+02  1.81110E-02   3.13922E+02  1.78742E-02   3.15446E+02  1.76004E-02   3.17001E+02  1.73083E-02   3.18656E+02  1.69977E-02   3.20306E+02  1.66601E-02   3.22072E+02  1.63245E-02   3.23858E+02  1.59576E-02   3.25695E+02  1.55999E-02   3.27633E+02  1.52343E-02   3.29570E+02  1.48528E-02   3.31581E+02  1.44938E-02   3.33664E+02  1.41089E-02   3.35761E+02  1.37304E-02   3.37931E+02 
 1.70624E-02   1.58189E+02  1.75261E-02   1.56038E+02  1.79942E-02   1.53916E+02  1.84504E-02   1.51828E+02  1.89290E-02   1.49831E+02  1.93728E-02   1.47865E+02  1.98106E-02   1.45958E+02  2.02590E-02   1.44121E+02  2.06669E-02   1.42311E+02  2.10845E-02   1.40569E+02  2.14746E-02   1.38893E+02  2.18303E-02   1.37244E+02  2.21687E-02   1.35695E+02  2.24586E-02   1.34159E+02  2.27109E-02   1.32713E+02  2.29211E-02   1.31300E+02  2.30698E-02   1.29955E+02  2.31709E-02   1.28664E+02  2.32000E-02   1.27429E+02  2.31593E-02   1.26257E+02  2.30457E-02   1.25139E+02  2.28361E-02   1.24084E+02  2.25511E-02   1.23081E+02  2.21524E-02   1.22146E+02  2.16682E-02   1.21253E+02  2.10643E-02   1.20437E+02  2.03606E-02   1.19654E+02  1.95387E-02   1.18951E+02  1.86041E-02   1.18279E+02  1.75579E-02   1.17686E+02  1.63942E-02   1.17123E+02  1.51253E-02   1.16642E+02  1.37460E-02   1.16182E+02  1.22719E-02   1.15814E+02  1.07011E-02   1.15455E+02  9.05405E-03   1.15200E+02  7.32935E-03   1.14951E+02  5.55251E-03   1.14797E+02  3.72476E-03   1.14685E+02  1.87152E-03   1.14678E+02  5.05928E-06   2.25798E+02  1.87107E-03   2.94398E+02  3.72881E-03   2.94542E+02  5.55194E-03   2.94695E+02  7.33480E-03   2.94896E+02  9.05346E-03   2.95122E+02  1.07074E-02   2.95434E+02  1.22733E-02   2.95752E+02  1.37516E-02   2.96175E+02  1.51286E-02   2.96596E+02  1.64001E-02   2.97122E+02  1.75612E-02   2.97657E+02  1.86103E-02   2.98287E+02  1.95422E-02   2.98935E+02  2.03638E-02   2.99672E+02  2.10696E-02   3.00433E+02  2.16658E-02   3.01277E+02  2.21588E-02   3.02154E+02  2.25444E-02   3.03105E+02  2.28413E-02   3.04099E+02  2.30381E-02   3.05157E+02  2.31606E-02   3.06270E+02  2.31958E-02   3.07434E+02  2.31666E-02   3.08672E+02  2.30686E-02   3.09946E+02  2.29142E-02   3.11302E+02  2.27082E-02   3.12698E+02  2.24558E-02   3.14162E+02  2.21621E-02   3.15676E+02  2.18359E-02   3.17252E+02  2.14749E-02   3.18877E+02  2.10914E-02   3.20577E+02  2.06882E-02   3.22310E+02  2.02570E-02   3.24124E+02  1.98280E-02   3.25969E+02  1.93678E-02   3.27868E+02  1.89093E-02   3.29830E+02  1.84565E-02   3.31837E+02  1.79810E-02   3.33904E+02  1.75295E-02   3.36027E+02  1.70640E-02   3.38175E+02 
 2.03361E-02   1.58472E+02  2.08840E-02   1.56300E+02  2.14261E-02   1.54211E+02  2.19761E-02   1.52158E+02  2.25081E-02   1.50139E+02  2.30575E-02   1.48189E+02  2.35873E-02   1.46274E+02  2.40949E-02   1.44401E+02  2.46058E-02   1.42614E+02  2.50755E-02   1.40876E+02  2.55299E-02   1.39177E+02  2.59551E-02   1.37580E+02  2.63336E-02   1.35974E+02  2.66812E-02   1.34474E+02  2.69709E-02   1.32998E+02  2.72088E-02   1.31590E+02  2.73894E-02   1.30250E+02  2.74905E-02   1.28956E+02  2.75291E-02   1.27737E+02  2.74693E-02   1.26567E+02  2.73271E-02   1.25458E+02  2.70805E-02   1.24402E+02  2.67241E-02   1.23407E+02  2.62618E-02   1.22453E+02  2.56663E-02   1.21577E+02  2.49610E-02   1.20725E+02  2.41087E-02   1.19967E+02  2.31405E-02   1.19223E+02  2.20229E-02   1.18577E+02  2.07828E-02   1.17944E+02  1.94001E-02   1.17408E+02  1.78956E-02   1.16885E+02  1.62607E-02   1.16458E+02  1.45133E-02   1.16041E+02  1.26563E-02   1.15724E+02  1.07026E-02   1.15410E+02  8.66776E-03   1.15189E+02  6.56130E-03   1.14996E+02  4.40452E-03   1.14832E+02  2.21004E-03   1.14764E+02  5.48278E-06   1.52427E+01  2.21358E-03   2.94873E+02  4.40600E-03   2.94961E+02  6.56503E-03   2.95054E+02  8.66862E-03   2.95233E+02  1.07059E-02   2.95468E+02  1.26577E-02   2.95738E+02  1.45138E-02   2.96096E+02  1.62641E-02   2.96460E+02  1.78923E-02   2.96932E+02  1.94041E-02   2.97402E+02  2.07767E-02   2.97982E+02  2.20258E-02   2.98561E+02  2.31318E-02   2.99250E+02  2.41102E-02   2.99940E+02  2.49497E-02   3.00737E+02  2.56662E-02   3.01545E+02  2.62510E-02   3.02448E+02  2.67213E-02   3.03378E+02  2.70754E-02   3.04388E+02  2.73230E-02   3.05441E+02  2.74731E-02   3.06561E+02  2.75266E-02   3.07737E+02  2.75005E-02   3.08967E+02  2.73927E-02   3.10261E+02  2.72150E-02   3.11607E+02  2.69777E-02   3.13012E+02  2.66778E-02   3.14471E+02  2.63376E-02   3.15995E+02  2.59490E-02   3.17555E+02  2.55276E-02   3.19206E+02  2.50798E-02   3.20866E+02  2.45936E-02   3.22625E+02  2.41044E-02   3.24415E+02  2.35775E-02   3.26254E+02  2.30528E-02   3.28180E+02  2.25228E-02   3.30127E+02  2.19689E-02   3.32134E+02  2.14394E-02   3.34215E+02  2.08825E-02   3.36312E+02  2.03306E-02   3.38480E+02 
 2.35195E-02   1.58849E+02  2.41489E-02   1.56688E+02  2.47824E-02   1.54570E+02  2.54017E-02   1.52491E+02  2.60416E-02   1.50493E+02  2.66417E-02   1.48530E+02  2.72388E-02   1.46629E+02  2.78359E-02   1.44785E+02  2.83883E-02   1.42976E+02  2.89456E-02   1.41235E+02  2.94609E-02   1.39553E+02  2.99379E-02   1.37910E+02  3.03813E-02   1.36357E+02  3.07640E-02   1.34823E+02  3.10936E-02   1.33375E+02  3.13621E-02   1.31961E+02  3.15498E-02   1.30614E+02  3.16688E-02   1.29321E+02  3.16899E-02   1.28085E+02  3.16182E-02   1.26910E+02  3.14419E-02   1.25792E+02  3.11433E-02   1.24735E+02  3.07330E-02   1.23732E+02  3.01786E-02   1.22795E+02  2.94998E-02   1.21901E+02  2.86663E-02   1.21082E+02  2.76933E-02   1.20298E+02  2.65634E-02   1.19592E+02  2.52821E-02   1.18917E+02  2.38483E-02   1.18323E+02  2.22605E-02   1.17754E+02  2.05279E-02   1.17273E+02  1.86510E-02   1.16805E+02  1.66440E-02   1.16442E+02  1.45113E-02   1.16070E+02  1.22728E-02   1.15825E+02  9.93549E-03   1.15555E+02  7.52320E-03   1.15419E+02  5.04881E-03   1.15270E+02  2.53471E-03   1.15288E+02  3.03812E-06   2.14833E+02  2.53546E-03   2.95023E+02  5.05039E-03   2.95210E+02  7.52359E-03   2.95315E+02  9.93872E-03   2.95540E+02  1.22726E-02   2.95748E+02  1.45156E-02   2.96070E+02  1.66453E-02   2.96380E+02  1.86547E-02   2.96809E+02  2.05310E-02   2.97227E+02  2.22643E-02   2.97757E+02  2.38514E-02   2.98290E+02  2.52863E-02   2.98923E+02  2.65660E-02   2.99571E+02  2.76960E-02   3.00309E+02  2.86699E-02   3.01074E+02  2.94986E-02   3.01917E+02  3.01834E-02   3.02800E+02  3.07287E-02   3.03750E+02  3.11480E-02   3.04749E+02  3.14373E-02   3.05808E+02  3.16197E-02   3.06925E+02  3.16882E-02   3.08093E+02  3.16646E-02   3.09330E+02  3.15488E-02   3.10609E+02  3.13544E-02   3.11963E+02  3.10894E-02   3.13361E+02  3.07590E-02   3.14826E+02  3.03750E-02   3.16339E+02  2.99406E-02   3.17918E+02  2.94642E-02   3.19542E+02  2.89498E-02   3.21239E+02  2.84111E-02   3.22977E+02  2.78342E-02   3.24783E+02  2.72535E-02   3.26632E+02  2.66415E-02   3.28534E+02  2.60205E-02   3.30489E+02  2.54086E-02   3.32504E+02  2.47695E-02   3.34564E+02  2.41500E-02   3.36683E+02  2.35199E-02   3.38835E+02 
 2.66280E-02   1.59238E+02  2.73305E-02   1.57075E+02  2.80303E-02   1.54983E+02  2.87319E-02   1.52929E+02  2.94179E-02   1.50909E+02  3.01198E-02   1.48960E+02  3.07912E-02   1.47044E+02  3.14399E-02   1.45181E+02  3.20842E-02   1.43392E+02  3.26760E-02   1.41651E+02  3.32512E-02   1.39957E+02  3.37815E-02   1.38347E+02  3.42565E-02   1.36750E+02  3.46869E-02   1.35245E+02  3.50427E-02   1.33772E+02  3.53298E-02   1.32367E+02  3.55409E-02   1.31022E+02  3.56495E-02   1.29730E+02  3.56748E-02   1.28505E+02  3.55747E-02   1.27332E+02  3.53668E-02   1.26218E+02  3.50251E-02   1.25158E+02  3.45424E-02   1.24160E+02  3.39234E-02   1.23204E+02  3.31341E-02   1.22325E+02  3.22044E-02   1.21473E+02  3.10871E-02   1.20711E+02  2.98218E-02   1.19968E+02  2.83667E-02   1.19319E+02  2.67558E-02   1.18686E+02  2.49636E-02   1.18149E+02  2.30179E-02   1.17624E+02  2.09063E-02   1.17197E+02  1.86534E-02   1.16777E+02  1.62604E-02   1.16461E+02  1.37482E-02   1.16145E+02  1.11295E-02   1.15929E+02  8.42541E-03   1.15727E+02  5.65341E-03   1.15590E+02  2.83754E-03   1.15480E+02  4.07023E-06   3.54827E+02  2.84085E-03   2.95621E+02  5.65760E-03   2.95658E+02  8.42831E-03   2.95785E+02  1.11333E-02   2.95953E+02  1.37508E-02   2.96197E+02  1.62639E-02   2.96466E+02  1.86536E-02   2.96828E+02  2.09112E-02   2.97194E+02  2.30141E-02   2.97669E+02  2.49691E-02   2.98142E+02  2.67485E-02   2.98723E+02  2.83710E-02   2.99307E+02  2.98110E-02   2.99995E+02  3.10900E-02   3.00693E+02  3.21909E-02   3.01488E+02  3.31351E-02   3.02302E+02  3.39109E-02   3.03204E+02  3.45403E-02   3.04139E+02  3.50187E-02   3.05148E+02  3.53625E-02   3.06205E+02  3.55780E-02   3.07325E+02  3.56710E-02   3.08502E+02  3.56595E-02   3.09735E+02  3.55424E-02   3.11029E+02  3.53363E-02   3.12378E+02  3.50492E-02   3.13783E+02  3.46845E-02   3.15244E+02  3.42619E-02   3.16767E+02  3.37790E-02   3.18330E+02  3.32490E-02   3.19978E+02  3.26851E-02   3.21645E+02  3.20702E-02   3.23401E+02  3.14484E-02   3.25192E+02  3.07807E-02   3.27031E+02  3.01090E-02   3.28951E+02  2.94331E-02   3.30902E+02  2.87266E-02   3.32907E+02  2.80419E-02   3.34986E+02  2.73323E-02   3.37080E+02  2.66223E-02   3.39248E+02 
 2.96240E-02   1.59726E+02  3.04029E-02   1.57561E+02  3.11798E-02   1.55444E+02  3.19454E-02   1.53375E+02  3.27212E-02   1.51376E+02  3.34594E-02   1.49415E+02  3.41932E-02   1.47520E+02  3.49170E-02   1.45670E+02  3.55911E-02   1.43861E+02  3.62651E-02   1.42124E+02  3.68816E-02   1.40435E+02  3.74564E-02   1.38798E+02  3.79823E-02   1.37241E+02  3.84342E-02   1.35708E+02  3.88205E-02   1.34259E+02  3.91247E-02   1.32843E+02  3.93336E-02   1.31494E+02  3.94499E-02   1.30199E+02  3.94490E-02   1.28960E+02  3.93303E-02   1.27784E+02  3.90814E-02   1.26664E+02  3.86846E-02   1.25606E+02  3.81458E-02   1.24601E+02  3.74336E-02   1.23661E+02  3.65664E-02   1.22767E+02  3.55095E-02   1.21943E+02  3.42839E-02   1.21158E+02  3.28626E-02   1.20448E+02  3.12618E-02   1.19769E+02  2.94691E-02   1.19174E+02  2.74961E-02   1.18599E+02  2.53398E-02   1.18119E+02  2.30165E-02   1.17644E+02  2.05273E-02   1.17281E+02  1.78948E-02   1.16905E+02  1.51251E-02   1.16656E+02  1.22461E-02   1.16384E+02  9.26699E-03   1.16248E+02  6.22135E-03   1.16075E+02  3.12122E-03   1.16133E+02  1.22604E-06   1.04789E+02  3.12399E-03   2.95845E+02  6.21872E-03   2.96072E+02  9.27045E-03   2.96153E+02  1.22439E-02   2.96385E+02  1.51281E-02   2.96588E+02  1.78940E-02   2.96913E+02  2.05308E-02   2.97222E+02  2.30153E-02   2.97654E+02  2.53445E-02   2.98070E+02  2.74951E-02   2.98605E+02  2.94736E-02   2.99138E+02  3.12615E-02   2.99773E+02  3.28667E-02   3.00424E+02  3.42828E-02   3.01163E+02  3.55142E-02   3.01932E+02  3.65638E-02   3.02776E+02  3.74393E-02   3.03663E+02  3.81428E-02   3.04614E+02  3.86906E-02   3.05618E+02  3.90791E-02   3.06679E+02  3.93344E-02   3.07799E+02  3.94482E-02   3.08971E+02  3.94486E-02   3.10207E+02  3.93314E-02   3.11493E+02  3.91184E-02   3.12844E+02  3.88135E-02   3.14245E+02  3.84288E-02   3.15711E+02  3.79754E-02   3.17224E+02  3.74567E-02   3.18805E+02  3.68882E-02   3.20429E+02  3.62657E-02   3.22123E+02  3.56148E-02   3.23865E+02  3.49150E-02   3.25663E+02  3.42049E-02   3.27518E+02  3.34632E-02   3.29420E+02  3.27030E-02   3.31370E+02  3.19497E-02   3.33389E+02  3.11705E-02   3.35444E+02  3.03982E-02   3.37559E+02  2.96248E-02   3.39714E+02 
 3.25280E-02   1.60226E+02  3.33628E-02   1.58066E+02  3.42013E-02   1.55976E+02  3.50311E-02   1.53918E+02  3.58505E-02   1.51901E+02  3.66798E-02   1.49951E+02  3.74686E-02   1.48038E+02  3.82347E-02   1.46181E+02  3.89866E-02   1.44393E+02  3.96754E-02   1.42646E+02  4.03462E-02   1.40959E+02  4.09564E-02   1.39337E+02  4.15025E-02   1.37747E+02  4.19925E-02   1.36239E+02  4.23897E-02   1.34767E+02  4.27052E-02   1.33364E+02  4.29243E-02   1.32016E+02  4.30221E-02   1.30724E+02  4.30160E-02   1.29493E+02  4.28613E-02   1.28316E+02  4.25756E-02   1.27199E+02  4.21306E-02   1.26133E+02  4.15173E-02   1.25132E+02  4.07415E-02   1.24174E+02  3.97639E-02   1.23289E+02  3.86191E-02   1.22440E+02  3.72533E-02   1.21671E+02  3.57120E-02   1.20932E+02  3.39476E-02   1.20276E+02  3.19993E-02   1.19645E+02  2.98392E-02   1.19103E+02  2.74980E-02   1.18579E+02  2.49629E-02   1.18148E+02  2.22636E-02   1.17732E+02  1.93985E-02   1.17406E+02  1.63973E-02   1.17100E+02  1.32692E-02   1.16873E+02  1.00436E-02   1.16677E+02  6.73781E-03   1.16551E+02  3.38149E-03   1.16414E+02  2.81110E-06   3.18865E+02  3.38542E-03   2.96563E+02  6.74356E-03   2.96583E+02  1.00463E-02   2.96721E+02  1.32752E-02   2.96893E+02  1.63991E-02   2.97136E+02  1.94041E-02   2.97412E+02  2.22634E-02   2.97771E+02  2.49687E-02   2.98145E+02  2.74944E-02   2.98618E+02  2.98448E-02   2.99098E+02  3.19920E-02   2.99678E+02  3.39526E-02   3.00271E+02  3.57001E-02   3.00956E+02  3.72575E-02   3.01663E+02  3.86041E-02   3.02455E+02  3.97664E-02   3.03277E+02  4.07275E-02   3.04178E+02  4.15162E-02   3.05118E+02  4.21231E-02   3.06128E+02  4.25716E-02   3.07188E+02  4.28629E-02   3.08309E+02  4.30112E-02   3.09488E+02  4.30301E-02   3.10724E+02  4.29238E-02   3.12018E+02  4.27099E-02   3.13370E+02  4.23965E-02   3.14775E+02  4.19902E-02   3.16238E+02  4.15107E-02   3.17761E+02  4.09577E-02   3.19328E+02  4.03449E-02   3.20972E+02  3.96893E-02   3.22647E+02  3.89716E-02   3.24396E+02  3.82407E-02   3.26192E+02  3.74582E-02   3.28028E+02  3.66632E-02   3.29944E+02  3.58637E-02   3.31895E+02  3.50298E-02   3.33901E+02  3.42088E-02   3.35973E+02  3.33692E-02   3.38068E+02  3.25217E-02   3.40231E+02 
 3.53005E-02   1.60817E+02  3.62044E-02   1.58653E+02  3.71035E-02   1.56537E+02  3.79905E-02   1.54481E+02  3.88774E-02   1.52477E+02  3.97285E-02   1.50523E+02  4.05758E-02   1.48627E+02  4.13981E-02   1.46777E+02  4.21700E-02   1.44967E+02  4.29323E-02   1.43234E+02  4.36226E-02   1.41539E+02  4.42687E-02   1.39909E+02  4.48499E-02   1.38346E+02  4.53454E-02   1.36814E+02  4.57645E-02   1.35364E+02  4.60801E-02   1.33945E+02  4.62889E-02   1.32595E+02  4.63829E-02   1.31298E+02  4.63405E-02   1.30057E+02  4.61624E-02   1.28880E+02  4.58261E-02   1.27758E+02  4.53266E-02   1.26696E+02  4.46521E-02   1.25691E+02  4.37871E-02   1.24745E+02  4.27335E-02   1.23853E+02  4.14690E-02   1.23020E+02  4.00048E-02   1.22236E+02  3.83191E-02   1.21518E+02  3.64266E-02   1.20839E+02  3.43145E-02   1.20239E+02  3.19970E-02   1.19661E+02  2.94699E-02   1.19177E+02  2.67545E-02   1.18702E+02  2.38480E-02   1.18330E+02  2.07823E-02   1.17960E+02  1.75584E-02   1.17699E+02  1.42119E-02   1.17432E+02  1.07527E-02   1.17288E+02  7.21705E-03   1.17107E+02  3.62127E-03   1.17168E+02  3.14649E-06   5.81802E+01  3.62240E-03   2.96911E+02  7.21327E-03   2.97133E+02  1.07547E-02   2.97213E+02  1.42078E-02   2.97439E+02  1.75605E-02   2.97647E+02  2.07784E-02   2.97968E+02  2.38506E-02   2.98283E+02  2.67504E-02   2.98712E+02  2.94726E-02   2.99134E+02  3.19936E-02   2.99667E+02  3.43164E-02   3.00205E+02  3.64240E-02   3.00839E+02  3.83208E-02   3.01497E+02  4.00026E-02   3.02234E+02  4.14715E-02   3.03010E+02  4.27322E-02   3.03852E+02  4.37904E-02   3.04746E+02  4.46532E-02   3.05697E+02  4.53309E-02   3.06707E+02  4.58289E-02   3.07770E+02  4.61665E-02   3.08894E+02  4.63428E-02   3.10070E+02  4.63830E-02   3.11307E+02  4.62861E-02   3.12597E+02  4.60759E-02   3.13948E+02  4.57549E-02   3.15351E+02  4.53407E-02   3.16818E+02  4.48431E-02   3.18330E+02  4.42664E-02   3.19913E+02  4.36323E-02   3.21539E+02  4.29286E-02   3.23227E+02  4.21916E-02   3.24977E+02  4.13970E-02   3.26763E+02  4.05817E-02   3.28625E+02  3.97385E-02   3.30523E+02  3.88639E-02   3.32474E+02  3.79935E-02   3.34491E+02  3.70969E-02   3.36545E+02  3.61959E-02   3.38651E+02  3.53000E-02   3.40812E+02 
 3.79637E-02   1.61431E+02  3.89104E-02   1.59275E+02  3.98605E-02   1.57186E+02  4.07978E-02   1.55124E+02  4.17226E-02   1.53114E+02  4.26529E-02   1.51160E+02  4.35300E-02   1.49254E+02  4.43894E-02   1.47402E+02  4.52180E-02   1.45614E+02  4.59783E-02   1.43864E+02  4.67161E-02   1.42181E+02  4.73767E-02   1.40549E+02  4.79689E-02   1.38966E+02  4.84898E-02   1.37455E+02  4.89044E-02   1.35983E+02  4.92238E-02   1.34584E+02  4.94289E-02   1.33230E+02  4.94954E-02   1.31940E+02  4.94407E-02   1.30703E+02  4.92150E-02   1.29521E+02  4.88421E-02   1.28400E+02  4.82835E-02   1.27330E+02  4.75398E-02   1.26323E+02  4.66052E-02   1.25366E+02  4.54512E-02   1.24473E+02  4.40997E-02   1.23628E+02  4.25098E-02   1.22849E+02  4.07134E-02   1.22115E+02  3.86771E-02   1.21451E+02  3.64271E-02   1.20824E+02  3.39483E-02   1.20274E+02  3.12625E-02   1.19755E+02  2.83658E-02   1.19314E+02  2.52840E-02   1.18905E+02  2.20215E-02   1.18568E+02  1.86056E-02   1.18270E+02  1.50531E-02   1.18037E+02  1.13891E-02   1.17843E+02  7.64065E-03   1.17721E+02  3.83299E-03   1.17593E+02  2.25014E-06   2.88378E+02  3.83889E-03   2.97698E+02  7.64544E-03   2.97730E+02  1.13941E-02   2.97870E+02  1.50580E-02   2.98049E+02  1.86095E-02   2.98290E+02  2.20263E-02   2.98575E+02  2.52858E-02   2.98930E+02  2.83706E-02   2.99315E+02  3.12616E-02   2.99782E+02  3.39518E-02   3.00274E+02  3.64236E-02   3.00849E+02  3.86793E-02   3.01453E+02  4.07061E-02   3.02134E+02  4.25118E-02   3.02852E+02  4.40888E-02   3.03641E+02  4.54524E-02   3.04473E+02  4.65949E-02   3.05372E+02  4.75381E-02   3.06319E+02  4.82784E-02   3.07329E+02  4.88367E-02   3.08392E+02  4.92169E-02   3.09516E+02  4.94330E-02   3.10697E+02  4.95015E-02   3.11933E+02  4.94249E-02   3.13230E+02  4.92269E-02   3.14582E+02  4.89099E-02   3.15990E+02  4.84898E-02   3.17453E+02  4.79784E-02   3.18977E+02  4.73839E-02   3.20548E+02  4.67157E-02   3.22187E+02  4.59955E-02   3.23870E+02  4.52043E-02   3.25611E+02  4.43897E-02   3.27411E+02  4.35229E-02   3.29246E+02  4.26297E-02   3.31158E+02  4.17338E-02   3.33107E+02  4.07969E-02   3.35116E+02  3.98653E-02   3.37175E+02  3.89171E-02   3.39277E+02  3.79600E-02   3.41431E+02 
 4.04879E-02   1.62125E+02  4.14879E-02   1.59963E+02  4.24859E-02   1.57849E+02  4.34668E-02   1.55805E+02  4.44383E-02   1.53800E+02  4.53758E-02   1.51850E+02  4.63103E-02   1.49953E+02  4.71997E-02   1.48102E+02  4.80456E-02   1.46296E+02  4.88637E-02   1.44564E+02  4.95995E-02   1.42869E+02  5.02898E-02   1.41240E+02  5.08952E-02   1.39673E+02  5.14097E-02   1.38141E+02  5.18349E-02   1.36689E+02  5.21375E-02   1.35267E+02  5.23251E-02   1.33919E+02  5.23761E-02   1.32618E+02  5.22756E-02   1.31379E+02  5.20243E-02   1.30198E+02  5.15892E-02   1.29075E+02  5.09816E-02   1.28009E+02  5.01684E-02   1.27003E+02  4.91547E-02   1.26050E+02  4.79226E-02   1.25157E+02  4.64663E-02   1.24317E+02  4.47831E-02   1.23533E+02  4.28624E-02   1.22808E+02  4.07110E-02   1.22128E+02  3.83215E-02   1.21521E+02  3.57085E-02   1.20943E+02  3.28650E-02   1.20451E+02  2.98197E-02   1.19978E+02  2.65651E-02   1.19598E+02  2.31387E-02   1.19229E+02  1.95416E-02   1.18963E+02  1.58113E-02   1.18694E+02  1.19603E-02   1.18548E+02  8.02561E-03   1.18363E+02  4.02742E-03   1.18402E+02  4.61568E-06   5.80821E+01  4.02628E-03   2.98209E+02  8.02057E-03   2.98410E+02  1.19597E-02   2.98488E+02  1.58058E-02   2.98713E+02  1.95410E-02   2.98923E+02  2.31326E-02   2.99242E+02  2.65652E-02   2.99563E+02  2.98123E-02   2.99988E+02  3.28655E-02   3.00418E+02  3.57017E-02   3.00948E+02  3.83203E-02   3.01493E+02  4.07067E-02   3.02126E+02  4.28600E-02   3.02789E+02  4.47808E-02   3.03526E+02  4.64650E-02   3.04308E+02  4.79231E-02   3.05150E+02  4.91547E-02   3.06051E+02  5.01733E-02   3.07002E+02  5.09828E-02   3.08018E+02  5.15969E-02   3.09082E+02  5.20265E-02   3.10211E+02  5.22810E-02   3.11389E+02  5.23775E-02   3.12631E+02  5.23225E-02   3.13921E+02  5.21366E-02   3.15276E+02  5.18250E-02   3.16677E+02  5.14061E-02   3.18148E+02  5.08913E-02   3.19658E+02  5.02839E-02   3.21243E+02  4.96118E-02   3.22870E+02  4.88559E-02   3.24555E+02  4.80603E-02   3.26306E+02  4.72019E-02   3.28088E+02  4.63075E-02   3.29949E+02  4.53935E-02   3.31847E+02  4.44308E-02   3.33797E+02  4.34700E-02   3.35810E+02  4.24806E-02   3.37863E+02  4.14789E-02   3.39961E+02  4.04841E-02   3.42127E+02 
 4.28816E-02   1.62852E+02  4.39157E-02   1.60702E+02  4.49509E-02   1.58610E+02  4.59708E-02   1.56549E+02  4.69740E-02   1.54543E+02  4.79738E-02   1.52591E+02  4.89108E-02   1.50687E+02  4.98380E-02   1.48845E+02  5.07099E-02   1.47052E+02  5.15183E-02   1.45305E+02  5.22921E-02   1.43622E+02  5.29732E-02   1.41985E+02  5.35864E-02   1.40406E+02  5.41080E-02   1.38894E+02  5.45160E-02   1.37421E+02  5.48167E-02   1.36027E+02  5.49830E-02   1.34666E+02  5.50031E-02   1.33377E+02  5.48788E-02   1.32133E+02  5.45726E-02   1.30950E+02  5.40994E-02   1.29823E+02  5.34239E-02   1.28749E+02  5.25477E-02   1.27738E+02  5.14590E-02   1.26779E+02  5.01389E-02   1.25881E+02  4.85965E-02   1.25037E+02  4.68057E-02   1.24252E+02  4.47834E-02   1.23520E+02  4.25107E-02   1.22848E+02  4.00036E-02   1.22225E+02  3.72539E-02   1.21666E+02  3.42831E-02   1.21151E+02  3.10861E-02   1.20702E+02  2.76933E-02   1.20295E+02  2.41075E-02   1.19956E+02  2.03597E-02   1.19653E+02  1.64653E-02   1.19426E+02  1.24557E-02   1.19225E+02  8.35313E-03   1.19114E+02  4.19152E-03   1.18989E+02  3.54118E-06   2.61757E+02  4.19508E-03   2.99058E+02  8.35890E-03   2.99091E+02  1.24588E-02   2.99246E+02  1.64707E-02   2.99419E+02  2.03625E-02   2.99668E+02  2.41123E-02   2.99954E+02  2.76943E-02   3.00309E+02  3.10914E-02   3.00702E+02  3.42818E-02   3.01166E+02  3.72580E-02   3.01669E+02  4.00017E-02   3.02241E+02  4.25122E-02   3.02855E+02  4.47803E-02   3.03534E+02  4.68065E-02   3.04262E+02  4.85908E-02   3.05048E+02  5.01401E-02   3.05890E+02  5.14526E-02   3.06787E+02  5.25472E-02   3.07741E+02  5.34199E-02   3.08753E+02  5.40949E-02   3.09820E+02  5.45720E-02   3.10945E+02  5.48708E-02   3.12128E+02  5.50033E-02   3.13365E+02  5.49776E-02   3.14666E+02  5.48158E-02   3.16014E+02  5.45196E-02   3.17429E+02  5.41116E-02   3.18889E+02  5.35943E-02   3.20417E+02  5.29877E-02   3.21988E+02  5.22921E-02   3.23625E+02  5.15349E-02   3.25311E+02  5.07024E-02   3.27050E+02  4.98293E-02   3.28846E+02  4.89114E-02   3.30688E+02  4.79472E-02   3.32589E+02  4.69812E-02   3.34541E+02  4.59696E-02   3.36547E+02  4.49523E-02   3.38597E+02  4.39217E-02   3.40702E+02  4.28820E-02   3.42849E+02 
 4.51375E-02   1.63649E+02  4.62084E-02   1.61488E+02  4.72758E-02   1.59384E+02  4.83260E-02   1.57345E+02  4.93531E-02   1.55343E+02  5.03525E-02   1.53392E+02  5.13435E-02   1.51499E+02  5.22698E-02   1.49644E+02  5.31649E-02   1.47849E+02  5.40053E-02   1.46113E+02  5.47602E-02   1.44422E+02  5.54663E-02   1.42793E+02  5.60656E-02   1.41221E+02  5.65744E-02   1.39689E+02  5.69795E-02   1.38235E+02  5.72458E-02   1.36811E+02  5.73941E-02   1.35466E+02  5.73805E-02   1.34161E+02  5.72109E-02   1.32926E+02  5.68699E-02   1.31739E+02  5.63324E-02   1.30618E+02  5.56084E-02   1.29546E+02  5.46608E-02   1.28537E+02  5.35011E-02   1.27579E+02  5.21046E-02   1.26681E+02  5.04714E-02   1.25838E+02  4.85957E-02   1.25048E+02  4.64672E-02   1.24319E+02  4.40976E-02   1.23636E+02  4.14715E-02   1.23023E+02  3.86164E-02   1.22445E+02  3.55122E-02   1.21946E+02  3.22027E-02   1.21474E+02  2.86686E-02   1.21088E+02  2.49595E-02   1.20718E+02  2.10679E-02   1.20449E+02  1.70419E-02   1.20178E+02  1.28852E-02   1.20026E+02  8.64665E-03   1.19844E+02  4.33689E-03   1.19849E+02  6.32876E-06   6.86583E+01  4.33690E-03   2.99732E+02  8.63817E-03   2.99906E+02  1.28855E-02   2.99986E+02  1.70329E-02   3.00209E+02  2.10675E-02   3.00420E+02  2.49500E-02   3.00738E+02  2.86689E-02   3.01064E+02  3.21909E-02   3.01487E+02  3.55136E-02   3.01924E+02  3.86044E-02   3.02452E+02  4.14714E-02   3.03003E+02  4.40888E-02   3.03637E+02  4.64652E-02   3.04304E+02  4.85910E-02   3.05042E+02  5.04698E-02   3.05829E+02  5.21041E-02   3.06672E+02  5.35010E-02   3.07577E+02  5.46650E-02   3.08530E+02  5.56094E-02   3.09551E+02  5.63398E-02   3.10617E+02  5.68725E-02   3.11750E+02  5.72154E-02   3.12930E+02  5.73857E-02   3.14176E+02  5.73903E-02   3.15466E+02  5.72514E-02   3.16826E+02  5.69716E-02   3.18225E+02  5.65736E-02   3.19700E+02  5.60674E-02   3.21209E+02  5.54557E-02   3.22795E+02  5.47728E-02   3.24421E+02  5.39945E-02   3.26106E+02  5.31668E-02   3.27852E+02  5.22770E-02   3.29636E+02  5.13314E-02   3.31490E+02  5.03739E-02   3.33392E+02  4.93543E-02   3.35337E+02  4.83269E-02   3.37348E+02  4.72735E-02   3.39395E+02  4.61988E-02   3.41492E+02  4.51322E-02   3.43653E+02 
 4.72459E-02   1.64487E+02  4.83401E-02   1.62347E+02  4.94342E-02   1.60245E+02  5.05094E-02   1.58191E+02  5.15649E-02   1.56190E+02  5.26001E-02   1.54242E+02  5.35735E-02   1.52341E+02  5.45374E-02   1.50507E+02  5.54241E-02   1.48708E+02  5.62565E-02   1.46966E+02  5.70356E-02   1.45282E+02  5.77100E-02   1.43644E+02  5.83192E-02   1.42070E+02  5.88122E-02   1.40555E+02  5.91924E-02   1.39083E+02  5.94507E-02   1.37688E+02  5.95574E-02   1.36323E+02  5.95176E-02   1.35034E+02  5.93045E-02   1.33785E+02  5.89128E-02   1.32600E+02  5.83276E-02   1.31468E+02  5.75359E-02   1.30393E+02  5.65276E-02   1.29378E+02  5.52931E-02   1.28416E+02  5.38193E-02   1.27516E+02  5.21057E-02   1.26670E+02  5.01376E-02   1.25880E+02  4.79236E-02   1.25149E+02  4.54499E-02   1.24470E+02  4.27333E-02   1.23849E+02  3.97622E-02   1.23282E+02  3.65658E-02   1.22768E+02  3.31309E-02   1.22315E+02  2.94998E-02   1.21906E+02  2.56627E-02   1.21567E+02  2.16670E-02   1.21259E+02  1.75120E-02   1.21035E+02  1.32480E-02   1.20830E+02  8.87878E-03   1.20725E+02  4.45917E-03   1.20603E+02  5.78950E-06   2.55078E+02  4.45574E-03   3.00647E+02  8.88698E-03   3.00675E+02  1.32444E-02   3.00844E+02  1.75197E-02   3.01012E+02  2.16642E-02   3.01270E+02  2.56697E-02   3.01555E+02  2.94963E-02   3.01914E+02  3.31384E-02   3.02311E+02  3.65613E-02   3.02775E+02  3.97689E-02   3.03285E+02  4.27298E-02   3.03855E+02  4.54544E-02   3.04478E+02  4.79216E-02   3.05156E+02  5.01407E-02   3.05892E+02  5.21037E-02   3.06679E+02  5.38226E-02   3.07528E+02  5.52899E-02   3.08426E+02  5.65302E-02   3.09387E+02  5.75314E-02   3.10400E+02  5.83273E-02   3.11470E+02  5.89064E-02   3.12598E+02  5.93006E-02   3.13783E+02  5.95094E-02   3.15021E+02  5.95538E-02   3.16324E+02  5.94453E-02   3.17670E+02  5.91933E-02   3.19090E+02  5.88206E-02   3.20548E+02  5.83215E-02   3.22077E+02  5.77318E-02   3.23651E+02  5.70349E-02   3.25283E+02  5.62689E-02   3.26971E+02  5.54263E-02   3.28708E+02  5.45211E-02   3.30500E+02  5.35821E-02   3.32349E+02  5.25786E-02   3.34239E+02  5.15638E-02   3.36194E+02  5.05082E-02   3.38193E+02  4.94301E-02   3.40237E+02  4.83460E-02   3.42340E+02  4.72480E-02   3.44486E+02 
 4.92185E-02   1.65386E+02  5.03344E-02   1.63230E+02  5.14436E-02   1.61138E+02  5.25360E-02   1.59099E+02  5.35943E-02   1.57102E+02  5.46312E-02   1.55153E+02  5.56443E-02   1.53259E+02  5.65835E-02   1.51407E+02  5.74982E-02   1.49622E+02  5.83312E-02   1.47883E+02  5.90829E-02   1.46196E+02  5.97745E-02   1.44568E+02  6.03425E-02   1.42987E+02  6.08233E-02   1.41462E+02  6.11809E-02   1.39999E+02  6.13950E-02   1.38580E+02  6.14825E-02   1.37236E+02  6.13909E-02   1.35929E+02  6.11412E-02   1.34698E+02  6.06994E-02   1.33505E+02  6.00577E-02   1.32384E+02  5.92136E-02   1.31307E+02  5.81370E-02   1.30292E+02  5.68387E-02   1.29334E+02  5.52926E-02   1.28426E+02  5.35015E-02   1.27582E+02  5.14593E-02   1.26785E+02  4.91554E-02   1.26053E+02  4.66047E-02   1.25368E+02  4.37895E-02   1.24748E+02  4.07401E-02   1.24171E+02  3.74365E-02   1.23665E+02  3.39229E-02   1.23194E+02  3.01808E-02   1.22802E+02  2.62613E-02   1.22434E+02  2.21557E-02   1.22156E+02  1.79148E-02   1.21893E+02  1.35405E-02   1.21723E+02  9.08494E-03   1.21558E+02  4.55538E-03   1.21517E+02  6.53266E-06   7.40250E+01  4.55612E-03   3.01485E+02  9.07568E-03   3.01616E+02  1.35413E-02   3.01713E+02  1.79052E-02   3.01922E+02  2.21556E-02   3.02145E+02  2.62512E-02   3.02456E+02  3.01811E-02   3.02791E+02  3.39106E-02   3.03209E+02  3.74377E-02   3.03655E+02  4.07275E-02   3.04180E+02  4.37900E-02   3.04739E+02  4.65944E-02   3.05371E+02  4.91548E-02   3.06044E+02  5.14528E-02   3.06784E+02  5.35006E-02   3.07573E+02  5.52901E-02   3.08421E+02  5.68380E-02   3.09326E+02  5.81386E-02   3.10286E+02  5.92136E-02   3.11306E+02  6.00606E-02   3.12377E+02  6.07024E-02   3.13512E+02  6.11419E-02   3.14694E+02  6.13988E-02   3.15943E+02  6.14798E-02   3.17234E+02  6.14054E-02   3.18597E+02  6.11805E-02   3.19997E+02  6.08242E-02   3.21471E+02  6.03518E-02   3.22985E+02  5.97609E-02   3.24565E+02  5.90913E-02   3.26195E+02  5.83203E-02   3.27876E+02  5.74855E-02   3.29618E+02  5.65942E-02   3.31405E+02  5.56282E-02   3.33250E+02  5.46488E-02   3.35152E+02  5.36039E-02   3.37095E+02  5.25353E-02   3.39099E+02  5.14450E-02   3.41142E+02  5.03275E-02   3.43240E+02  4.92144E-02   3.45390E+02 
 5.10339E-02   1.66337E+02  5.21659E-02   1.64201E+02  5.32882E-02   1.62095E+02  5.43946E-02   1.60049E+02  5.54728E-02   1.58056E+02  5.65145E-02   1.56111E+02  5.75033E-02   1.54217E+02  5.84708E-02   1.52382E+02  5.93483E-02   1.50583E+02  6.01820E-02   1.48847E+02  6.09349E-02   1.47164E+02  6.15838E-02   1.45527E+02  6.21621E-02   1.43959E+02  6.26014E-02   1.42436E+02  6.29357E-02   1.40970E+02  6.31272E-02   1.39566E+02  6.31608E-02   1.38203E+02  6.30452E-02   1.36910E+02  6.27339E-02   1.35658E+02  6.22492E-02   1.34474E+02  6.15497E-02   1.33338E+02  6.06422E-02   1.32263E+02  5.95085E-02   1.31245E+02  5.81371E-02   1.30282E+02  5.65269E-02   1.29378E+02  5.46617E-02   1.28530E+02  5.25452E-02   1.27736E+02  5.01696E-02   1.27002E+02  4.75370E-02   1.26318E+02  4.46520E-02   1.25696E+02  4.15142E-02   1.25125E+02  3.81451E-02   1.24608E+02  3.45380E-02   1.24153E+02  3.07324E-02   1.23740E+02  2.67198E-02   1.23399E+02  2.25490E-02   1.23090E+02  1.82172E-02   1.22864E+02  1.37779E-02   1.22659E+02  9.23169E-03   1.22554E+02  4.63691E-03   1.22432E+02  5.92628E-06   2.42941E+02  4.63022E-03   3.02464E+02  9.23798E-03   3.02497E+02  1.37713E-02   3.02666E+02  1.82232E-02   3.02838E+02  2.25435E-02   3.03096E+02  2.67253E-02   3.03383E+02  3.07273E-02   3.03745E+02  3.45444E-02   3.04144E+02  3.81408E-02   3.04611E+02  4.15203E-02   3.05124E+02  4.46505E-02   3.05697E+02  4.75417E-02   3.06324E+02  5.01712E-02   3.07004E+02  5.25488E-02   3.07747E+02  5.46648E-02   3.08534E+02  5.65304E-02   3.09390E+02  5.81392E-02   3.10291E+02  5.95117E-02   3.11256E+02  6.06397E-02   3.12272E+02  6.15526E-02   3.13345E+02  6.22401E-02   3.14475E+02  6.27355E-02   3.15662E+02  6.30330E-02   3.16901E+02  6.31597E-02   3.18204E+02  6.31222E-02   3.19552E+02  6.29312E-02   3.20970E+02  6.26146E-02   3.22431E+02  6.21558E-02   3.23956E+02  6.16056E-02   3.25535E+02  6.09349E-02   3.27159E+02  6.01846E-02   3.28851E+02  5.93620E-02   3.30584E+02  5.84521E-02   3.32373E+02  5.75170E-02   3.34225E+02  5.65040E-02   3.36109E+02  5.54640E-02   3.38061E+02  5.43895E-02   3.40054E+02  5.32814E-02   3.42092E+02  5.21685E-02   3.44194E+02  5.10361E-02   3.46336E+02 
 5.27151E-02   1.67335E+02  5.38530E-02   1.65191E+02  5.49787E-02   1.63106E+02  5.60850E-02   1.61067E+02  5.71550E-02   1.59072E+02  5.82027E-02   1.57130E+02  5.92060E-02   1.55235E+02  6.01382E-02   1.53392E+02  6.10414E-02   1.51611E+02  6.18410E-02   1.49871E+02  6.25722E-02   1.48188E+02  6.32180E-02   1.46560E+02  6.37383E-02   1.44974E+02  6.41691E-02   1.43457E+02  6.44560E-02   1.41987E+02  6.46075E-02   1.40575E+02  6.46125E-02   1.39229E+02  6.44369E-02   1.37922E+02  6.40951E-02   1.36692E+02  6.35488E-02   1.35494E+02  6.28022E-02   1.34372E+02  6.18382E-02   1.33291E+02  6.06427E-02   1.32272E+02  5.92146E-02   1.31310E+02  5.75362E-02   1.30398E+02  5.56099E-02   1.29550E+02  5.34253E-02   1.28750E+02  5.09833E-02   1.28013E+02  4.82844E-02   1.27327E+02  4.53298E-02   1.26701E+02  4.21306E-02   1.26125E+02  3.86877E-02   1.25611E+02  3.50256E-02   1.25144E+02  3.11456E-02   1.24741E+02  2.70807E-02   1.24382E+02  2.28389E-02   1.24087E+02  1.84566E-02   1.23839E+02  1.39478E-02   1.23648E+02  9.35342E-03   1.23506E+02  4.69115E-03   1.23416E+02  4.43246E-06   6.76382E+01  4.69053E-03   3.03467E+02  9.34795E-03   3.03544E+02  1.39473E-02   3.03670E+02  1.84510E-02   3.03857E+02  2.28373E-02   3.04099E+02  2.70754E-02   3.04397E+02  3.11439E-02   3.04746E+02  3.50190E-02   3.05156E+02  3.86866E-02   3.05613E+02  4.21238E-02   3.06134E+02  4.53279E-02   3.06701E+02  4.82789E-02   3.07332E+02  5.09805E-02   3.08012E+02  5.34212E-02   3.08752E+02  5.56071E-02   3.09545E+02  5.75327E-02   3.10396E+02  5.92120E-02   3.11303E+02  6.06396E-02   3.12266E+02  6.18363E-02   3.13286E+02  6.27988E-02   3.14361E+02  6.35502E-02   3.15497E+02  6.40923E-02   3.16680E+02  6.44434E-02   3.17933E+02  6.46149E-02   3.19224E+02  6.46163E-02   3.20588E+02  6.44678E-02   3.21993E+02  6.41699E-02   3.23462E+02  6.37532E-02   3.24983E+02  6.32078E-02   3.26555E+02  6.25702E-02   3.28188E+02  6.18365E-02   3.29866E+02  6.10169E-02   3.31602E+02  6.01490E-02   3.33392E+02  5.91930E-02   3.35231E+02  5.82097E-02   3.37126E+02  5.71669E-02   3.39070E+02  5.60858E-02   3.41063E+02  5.49836E-02   3.43105E+02  5.38520E-02   3.45201E+02  5.27134E-02   3.47338E+02 
 5.42390E-02   1.68396E+02  5.53863E-02   1.66262E+02  5.65114E-02   1.64160E+02  5.76219E-02   1.62121E+02  5.86946E-02   1.60137E+02  5.97210E-02   1.58195E+02  6.07055E-02   1.56308E+02  6.16441E-02   1.54469E+02  6.24953E-02   1.52677E+02  6.33051E-02   1.50946E+02  6.40057E-02   1.49263E+02  6.46154E-02   1.47634E+02  6.51351E-02   1.46066E+02  6.55051E-02   1.44539E+02  6.57751E-02   1.43078E+02  6.58796E-02   1.41663E+02  6.58331E-02   1.40304E+02  6.56242E-02   1.39007E+02  6.52148E-02   1.37754E+02  6.46297E-02   1.36573E+02  6.38190E-02   1.35432E+02  6.28012E-02   1.34363E+02  6.15489E-02   1.33337E+02  6.00574E-02   1.32378E+02  5.83257E-02   1.31467E+02  5.63335E-02   1.30618E+02  5.40954E-02   1.29819E+02  5.15911E-02   1.29083E+02  4.88379E-02   1.28396E+02  4.58270E-02   1.27768E+02  4.25716E-02   1.27196E+02  3.90819E-02   1.26674E+02  3.53622E-02   1.26216E+02  3.14421E-02   1.25802E+02  2.73232E-02   1.25456E+02  2.30445E-02   1.25150E+02  1.86118E-02   1.24916E+02  1.40701E-02   1.24715E+02  9.42750E-03   1.24603E+02  4.73313E-03   1.24492E+02  4.52673E-06   2.25589E+02  4.72694E-03   3.04504E+02  9.42961E-03   3.04556E+02  1.40638E-02   3.04713E+02  1.86141E-02   3.04895E+02  2.30395E-02   3.05148E+02  2.73254E-02   3.05442E+02  3.14383E-02   3.05802E+02  3.53656E-02   3.06206E+02  3.90795E-02   3.06675E+02  4.25754E-02   3.07190E+02  4.58278E-02   3.07767E+02  4.88410E-02   3.08396E+02  5.15954E-02   3.09080E+02  5.40978E-02   3.09826E+02  5.63393E-02   3.10616E+02  5.83285E-02   3.11477E+02  6.00611E-02   3.12379E+02  6.15530E-02   3.13350E+02  6.27999E-02   3.14366E+02  6.38251E-02   3.15446E+02  6.46229E-02   3.16573E+02  6.52207E-02   3.17766E+02  6.56175E-02   3.19003E+02  6.58330E-02   3.20307E+02  6.58821E-02   3.21658E+02  6.57644E-02   3.23071E+02  6.55195E-02   3.24538E+02  6.51212E-02   3.26055E+02  6.46263E-02   3.27637E+02  6.40082E-02   3.29257E+02  6.32957E-02   3.30946E+02  6.25170E-02   3.32678E+02  6.16324E-02   3.34465E+02  6.07176E-02   3.36312E+02  5.97233E-02   3.38196E+02  5.86827E-02   3.40140E+02  5.76137E-02   3.42129E+02  5.65032E-02   3.44164E+02  5.53851E-02   3.46259E+02  5.42388E-02   3.48395E+02 
 5.56249E-02   1.69498E+02  5.67683E-02   1.67367E+02  5.78868E-02   1.65287E+02  5.89824E-02   1.63245E+02  6.00446E-02   1.61256E+02  6.10746E-02   1.59320E+02  6.20434E-02   1.57429E+02  6.29521E-02   1.55595E+02  6.38106E-02   1.53814E+02  6.45603E-02   1.52074E+02  6.52525E-02   1.50397E+02  6.58260E-02   1.48766E+02  6.62907E-02   1.47186E+02  6.66497E-02   1.45672E+02  6.68513E-02   1.44201E+02  6.69318E-02   1.42795E+02  6.68350E-02   1.41444E+02  6.65748E-02   1.40139E+02  6.61296E-02   1.38905E+02  6.54798E-02   1.37705E+02  6.46306E-02   1.36582E+02  6.35503E-02   1.35495E+02  6.22490E-02   1.34477E+02  6.07024E-02   1.33508E+02  5.89127E-02   1.32598E+02  5.68733E-02   1.31743E+02  5.45740E-02   1.30945E+02  5.20274E-02   1.30201E+02  4.92165E-02   1.29516E+02  4.61659E-02   1.28883E+02  4.28626E-02   1.28308E+02  3.93327E-02   1.27787E+02  3.55768E-02   1.27323E+02  3.16190E-02   1.26911E+02  2.74713E-02   1.26559E+02  2.31597E-02   1.26253E+02  1.87049E-02   1.26012E+02  1.41328E-02   1.25810E+02  9.47289E-03   1.25677E+02  4.75137E-03   1.25564E+02  2.97219E-06   4.27685E+01  4.75122E-03   3.05657E+02  9.47194E-03   3.05706E+02  1.41328E-02   3.05848E+02  1.87043E-02   3.06023E+02  2.31586E-02   3.06278E+02  2.74721E-02   3.06567E+02  3.16168E-02   3.06928E+02  3.55777E-02   3.07331E+02  3.93303E-02   3.07799E+02  4.28633E-02   3.08316E+02  4.61623E-02   3.08892E+02  4.92175E-02   3.09520E+02  5.20224E-02   3.10208E+02  5.45737E-02   3.10947E+02  5.68683E-02   3.11746E+02  5.89085E-02   3.12597E+02  6.06993E-02   3.13508E+02  6.22410E-02   3.14472E+02  6.35489E-02   3.15494E+02  6.46218E-02   3.16569E+02  6.54799E-02   3.17707E+02  6.61269E-02   3.18889E+02  6.65750E-02   3.20144E+02  6.68459E-02   3.21436E+02  6.69311E-02   3.22800E+02  6.68731E-02   3.24209E+02  6.66483E-02   3.25673E+02  6.63039E-02   3.27198E+02  6.58270E-02   3.28764E+02  6.52383E-02   3.30396E+02  6.45674E-02   3.32075E+02  6.37848E-02   3.33804E+02  6.29568E-02   3.35596E+02  6.20381E-02   3.37429E+02  6.10678E-02   3.39314E+02  6.00514E-02   3.41258E+02  5.89842E-02   3.43239E+02  5.78960E-02   3.45280E+02  5.67710E-02   3.47372E+02  5.56270E-02   3.49496E+02 
 5.68672E-02   1.70660E+02  5.80067E-02   1.68530E+02  5.91165E-02   1.66441E+02  6.02031E-02   1.64411E+02  6.12465E-02   1.62429E+02  6.22422E-02   1.60493E+02  6.31997E-02   1.58611E+02  6.40855E-02   1.56772E+02  6.48976E-02   1.54988E+02  6.56547E-02   1.53263E+02  6.62871E-02   1.51580E+02  6.68444E-02   1.49960E+02  6.72790E-02   1.48387E+02  6.75754E-02   1.46862E+02  6.77608E-02   1.45402E+02  6.77682E-02   1.43980E+02  6.76372E-02   1.42629E+02  6.73213E-02   1.41326E+02  6.68194E-02   1.40077E+02  6.61277E-02   1.38897E+02  6.52144E-02   1.37752E+02  6.40930E-02   1.36689E+02  6.27325E-02   1.35655E+02  6.11402E-02   1.34699E+02  5.93015E-02   1.33781E+02  5.72118E-02   1.32933E+02  5.48746E-02   1.32130E+02  5.22776E-02   1.31389E+02  4.94373E-02   1.30702E+02  4.63425E-02   1.30067E+02  4.30134E-02   1.29495E+02  3.94512E-02   1.28969E+02  3.56725E-02   1.28509E+02  3.16921E-02   1.28094E+02  2.75278E-02   1.27743E+02  2.32010E-02   1.27438E+02  1.87339E-02   1.27198E+02  1.41540E-02   1.27002E+02  9.48480E-03   1.26879E+02  4.75826E-03   1.26786E+02  3.15108E-06   1.95590E+02  4.75592E-03   3.06774E+02  9.48292E-03   3.06847E+02  1.41514E-02   3.06993E+02  1.87323E-02   3.07184E+02  2.31993E-02   3.07431E+02  2.75257E-02   3.07732E+02  3.16913E-02   3.08090E+02  3.56714E-02   3.08498E+02  3.94506E-02   3.08968E+02  4.30132E-02   3.09485E+02  4.63435E-02   3.10067E+02  4.94371E-02   3.10695E+02  5.22801E-02   3.11385E+02  5.48750E-02   3.12130E+02  5.72142E-02   3.12926E+02  5.93040E-02   3.13788E+02  6.11407E-02   3.14692E+02  6.27378E-02   3.15667E+02  6.40918E-02   3.16682E+02  6.52222E-02   3.17769E+02  6.61276E-02   3.18893E+02  6.68260E-02   3.20092E+02  6.73275E-02   3.21328E+02  6.76353E-02   3.22633E+02  6.77812E-02   3.23987E+02  6.77473E-02   3.25393E+02  6.75838E-02   3.26863E+02  6.72657E-02   3.28375E+02  6.68348E-02   3.29954E+02  6.62938E-02   3.31576E+02  6.56367E-02   3.33257E+02  6.49180E-02   3.34991E+02  6.40870E-02   3.36774E+02  6.32049E-02   3.38610E+02  6.22526E-02   3.40496E+02  6.12393E-02   3.42432E+02  6.01981E-02   3.44415E+02  5.91078E-02   3.46451E+02  5.80029E-02   3.48531E+02  5.68637E-02   3.50663E+02 
 5.79627E-02   1.71873E+02  5.90945E-02   1.69749E+02  6.01867E-02   1.67674E+02  6.12543E-02   1.65633E+02  6.22849E-02   1.63652E+02  6.32698E-02   1.61722E+02  6.41894E-02   1.59839E+02  6.50557E-02   1.58011E+02  6.58429E-02   1.56228E+02  6.65346E-02   1.54494E+02  6.71639E-02   1.52820E+02  6.76518E-02   1.51190E+02  6.80542E-02   1.49622E+02  6.83210E-02   1.48106E+02  6.84362E-02   1.46640E+02  6.84300E-02   1.45237E+02  6.82266E-02   1.43877E+02  6.78775E-02   1.42580E+02  6.73234E-02   1.41334E+02  6.65757E-02   1.40139E+02  6.56242E-02   1.39011E+02  6.44402E-02   1.37922E+02  6.30433E-02   1.36907E+02  6.13951E-02   1.35931E+02  5.95156E-02   1.35026E+02  5.73845E-02   1.34163E+02  5.50025E-02   1.33370E+02  5.23788E-02   1.32618E+02  4.94961E-02   1.31934E+02  4.63842E-02   1.31298E+02  4.30240E-02   1.30721E+02  3.94492E-02   1.30198E+02  3.56531E-02   1.29732E+02  3.16662E-02   1.29318E+02  2.74947E-02   1.28963E+02  2.31678E-02   1.28659E+02  1.87031E-02   1.28412E+02  1.41264E-02   1.28218E+02  9.46642E-03   1.28075E+02  4.74664E-03   1.27984E+02  2.94467E-06   2.96066E+01  4.74850E-03   3.08033E+02  9.46680E-03   3.08106E+02  1.41288E-02   3.08241E+02  1.87041E-02   3.08425E+02  2.31692E-02   3.08677E+02  2.74978E-02   3.08971E+02  3.16662E-02   3.09333E+02  3.56571E-02   3.09739E+02  3.94485E-02   3.10209E+02  4.30284E-02   3.10729E+02  4.63818E-02   3.11308E+02  4.95001E-02   3.11939E+02  5.23751E-02   3.12630E+02  5.50037E-02   3.13369E+02  5.73816E-02   3.14175E+02  5.95112E-02   3.15023E+02  6.13949E-02   3.15941E+02  6.30347E-02   3.16901E+02  6.44411E-02   3.17928E+02  6.56174E-02   3.19002E+02  6.65745E-02   3.20140E+02  6.73263E-02   3.21325E+02  6.78706E-02   3.22575E+02  6.82426E-02   3.23873E+02  6.84193E-02   3.25230E+02  6.84552E-02   3.26644E+02  6.83189E-02   3.28104E+02  6.80558E-02   3.29627E+02  6.76673E-02   3.31194E+02  6.71448E-02   3.32819E+02  6.65521E-02   3.34500E+02  6.58294E-02   3.36224E+02  6.50511E-02   3.38011E+02  6.41893E-02   3.39839E+02  6.32542E-02   3.41719E+02  6.22837E-02   3.43655E+02  6.12526E-02   3.45631E+02  6.01980E-02   3.47665E+02  5.90983E-02   3.49750E+02  5.79681E-02   3.51865E+02 
 5.89354E-02   1.73129E+02  6.00455E-02   1.71009E+02  6.11262E-02   1.68935E+02  6.21652E-02   1.66913E+02  6.31646E-02   1.64930E+02  6.41146E-02   1.63001E+02  6.50187E-02   1.61123E+02  6.58410E-02   1.59291E+02  6.66010E-02   1.57517E+02  6.72755E-02   1.55794E+02  6.78375E-02   1.54114E+02  6.83199E-02   1.52497E+02  6.86545E-02   1.50921E+02  6.88784E-02   1.49401E+02  6.89584E-02   1.47941E+02  6.88744E-02   1.46522E+02  6.86500E-02   1.45176E+02  6.82246E-02   1.43870E+02  6.76361E-02   1.42627E+02  6.68342E-02   1.41442E+02  6.58313E-02   1.40301E+02  6.46118E-02   1.39233E+02  6.31578E-02   1.38199E+02  6.14826E-02   1.37242E+02  5.95540E-02   1.36320E+02  5.73947E-02   1.35472E+02  5.49807E-02   1.34664E+02  5.23264E-02   1.33924E+02  4.94285E-02   1.33232E+02  4.62903E-02   1.32598E+02  4.29254E-02   1.32021E+02  3.93358E-02   1.31495E+02  3.55425E-02   1.31029E+02  3.15522E-02   1.30615E+02  2.73920E-02   1.30258E+02  2.30715E-02   1.29956E+02  1.86238E-02   1.29707E+02  1.40633E-02   1.29517E+02  9.42370E-03   1.29377E+02  4.72444E-03   1.29301E+02  1.75651E-06   1.28508E+02  4.72657E-03   3.09289E+02  9.42069E-03   3.09378E+02  1.40645E-02   3.09509E+02  1.86208E-02   3.09708E+02  2.30727E-02   3.09949E+02  2.73880E-02   3.10256E+02  3.15530E-02   3.10610E+02  3.55385E-02   3.11024E+02  3.93353E-02   3.11492E+02  4.29217E-02   3.12013E+02  4.62887E-02   3.12595E+02  4.94257E-02   3.13226E+02  5.23231E-02   3.13918E+02  5.49804E-02   3.14664E+02  5.73896E-02   3.15462E+02  5.95577E-02   3.16325E+02  6.14777E-02   3.17231E+02  6.31640E-02   3.18207E+02  6.46122E-02   3.19223E+02  6.58368E-02   3.20312E+02  6.68442E-02   3.21439E+02  6.76377E-02   3.22637E+02  6.82430E-02   3.23877E+02  6.86458E-02   3.25178E+02  6.88899E-02   3.26535E+02  6.89515E-02   3.27936E+02  6.88739E-02   3.29406E+02  6.86528E-02   3.30915E+02  6.82953E-02   3.32487E+02  6.78441E-02   3.34112E+02  6.72608E-02   3.35785E+02  6.66059E-02   3.37516E+02  6.58515E-02   3.39295E+02  6.50163E-02   3.41120E+02  6.41260E-02   3.43005E+02  6.31649E-02   3.44933E+02  6.21706E-02   3.46909E+02  6.11191E-02   3.48947E+02  6.00399E-02   3.51009E+02  5.89308E-02   3.53136E+02 
 5.97587E-02   1.74451E+02  6.08552E-02   1.72332E+02  6.19087E-02   1.70264E+02  6.29334E-02   1.68232E+02  6.39085E-02   1.66262E+02  6.48290E-02   1.64334E+02  6.56883E-02   1.62459E+02  6.64894E-02   1.60634E+02  6.71938E-02   1.58853E+02  6.78228E-02   1.57130E+02  6.83615E-02   1.55458E+02  6.87693E-02   1.53835E+02  6.90921E-02   1.52275E+02  6.92550E-02   1.50756E+02  6.92901E-02   1.49297E+02  6.91760E-02   1.47892E+02  6.88773E-02   1.46530E+02  6.84307E-02   1.45238E+02  6.77699E-02   1.43983E+02  6.69344E-02   1.42797E+02  6.58785E-02   1.41661E+02  6.46121E-02   1.40577E+02  6.31242E-02   1.39560E+02  6.13989E-02   1.38581E+02  5.94468E-02   1.37680E+02  5.72479E-02   1.36809E+02  5.48136E-02   1.36022E+02  5.21372E-02   1.35263E+02  4.92226E-02   1.34583E+02  4.60782E-02   1.33941E+02  4.27063E-02   1.33365E+02  3.91211E-02   1.32841E+02  3.53336E-02   1.32371E+02  3.13576E-02   1.31960E+02  2.72137E-02   1.31600E+02  2.29167E-02   1.31300E+02  1.84950E-02   1.31050E+02  1.39628E-02   1.30863E+02  9.35657E-03   1.30717E+02  4.69010E-03   1.30658E+02  1.77133E-06   8.67369E+01  4.69124E-03   3.10616E+02  9.35355E-03   3.10729E+02  1.39649E-02   3.10855E+02  1.84919E-02   3.11054E+02  2.29188E-02   3.11300E+02  2.72118E-02   3.11604E+02  3.13592E-02   3.11963E+02  3.53329E-02   3.12376E+02  3.91224E-02   3.12846E+02  4.27067E-02   3.13370E+02  4.60790E-02   3.13950E+02  4.92234E-02   3.14584E+02  5.21384E-02   3.15279E+02  5.48132E-02   3.16017E+02  5.72505E-02   3.16829E+02  5.94446E-02   3.17673E+02  6.14023E-02   3.18598E+02  6.31233E-02   3.19554E+02  6.46126E-02   3.20586E+02  6.58836E-02   3.21660E+02  6.69283E-02   3.22795E+02  6.77814E-02   3.23986E+02  6.84176E-02   3.25226E+02  6.88887E-02   3.26532E+02  6.91634E-02   3.27879E+02  6.92895E-02   3.29293E+02  6.92571E-02   3.30752E+02  6.90784E-02   3.32269E+02  6.87889E-02   3.33840E+02  6.83535E-02   3.35459E+02  6.78375E-02   3.37136E+02  6.72002E-02   3.38858E+02  6.64800E-02   3.40634E+02  6.56889E-02   3.42460E+02  6.48147E-02   3.44336E+02  6.39043E-02   3.46260E+02  6.29248E-02   3.48237E+02  6.19145E-02   3.50256E+02  6.08593E-02   3.52331E+02  5.97656E-02   3.54442E+02 
 6.04722E-02   1.75806E+02  6.15347E-02   1.73695E+02  6.25685E-02   1.71634E+02  6.35492E-02   1.69619E+02  6.44953E-02   1.67639E+02  6.53825E-02   1.65720E+02  6.62118E-02   1.63845E+02  6.69654E-02   1.62025E+02  6.76543E-02   1.60256E+02  6.82304E-02   1.58532E+02  6.87199E-02   1.56862E+02  6.91028E-02   1.55241E+02  6.93409E-02   1.53671E+02  6.94847E-02   1.52159E+02  6.94518E-02   1.50696E+02  6.92867E-02   1.49290E+02  6.89573E-02   1.47941E+02  6.84353E-02   1.46638E+02  6.77580E-02   1.45400E+02  6.68530E-02   1.44207E+02  6.57714E-02   1.43075E+02  6.44588E-02   1.41995E+02  6.29325E-02   1.40969E+02  6.11831E-02   1.40005E+02  5.91916E-02   1.39084E+02  5.69792E-02   1.38236E+02  5.45180E-02   1.37422E+02  5.18323E-02   1.36687E+02  4.89084E-02   1.35984E+02  4.57605E-02   1.35358E+02  4.23944E-02   1.34769E+02  3.88170E-02   1.34250E+02  3.50467E-02   1.33774E+02  3.10906E-02   1.33366E+02  2.69750E-02   1.32998E+02  2.27084E-02   1.32704E+02  1.83225E-02   1.32442E+02  1.38311E-02   1.32260E+02  9.26517E-03   1.32100E+02  4.64402E-03   1.32027E+02  3.51647E-06   4.61086E+01  4.64825E-03   3.12060E+02  9.26478E-03   3.12147E+02  1.38346E-02   3.12264E+02  1.83221E-02   3.12468E+02  2.27112E-02   3.12702E+02  2.69734E-02   3.13015E+02  3.10928E-02   3.13362E+02  3.50441E-02   3.13785E+02  3.88175E-02   3.14245E+02  4.23913E-02   3.14775E+02  4.57590E-02   3.15350E+02  4.89060E-02   3.15990E+02  5.18278E-02   3.16674E+02  5.45182E-02   3.17428E+02  5.69733E-02   3.18221E+02  5.91945E-02   3.19088E+02  6.11806E-02   3.19993E+02  6.29346E-02   3.20969E+02  6.44664E-02   3.21991E+02  6.57689E-02   3.23072E+02  6.68710E-02   3.24209E+02  6.77516E-02   3.25397E+02  6.84542E-02   3.26645E+02  6.89546E-02   3.27940E+02  6.92906E-02   3.29296E+02  6.94604E-02   3.30699E+02  6.94684E-02   3.32160E+02  6.93548E-02   3.33673E+02  6.90844E-02   3.35238E+02  6.87202E-02   3.36859E+02  6.82286E-02   3.38528E+02  6.76391E-02   3.40250E+02  6.69718E-02   3.42024E+02  6.62052E-02   3.43844E+02  6.53915E-02   3.45721E+02  6.44983E-02   3.47643E+02  6.35624E-02   3.49611E+02  6.25690E-02   3.51642E+02  6.15306E-02   3.53695E+02  6.04692E-02   3.55811E+02 
 6.10506E-02   1.77223E+02  6.20878E-02   1.75114E+02  6.30896E-02   1.73056E+02  6.40548E-02   1.71040E+02  6.49576E-02   1.69079E+02  6.58081E-02   1.67154E+02  6.65914E-02   1.65286E+02  6.73071E-02   1.63463E+02  6.79328E-02   1.61693E+02  6.84853E-02   1.59978E+02  6.89211E-02   1.58312E+02  6.92542E-02   1.56696E+02  6.94737E-02   1.55138E+02  6.95362E-02   1.53620E+02  6.94889E-02   1.52166E+02  6.92559E-02   1.50757E+02  6.88791E-02   1.49401E+02  6.83247E-02   1.48109E+02  6.75732E-02   1.46856E+02  6.66546E-02   1.45674E+02  6.55026E-02   1.44534E+02  6.41721E-02   1.43457E+02  6.26000E-02   1.42434E+02  6.08230E-02   1.41461E+02  5.88112E-02   1.40555E+02  5.65722E-02   1.39686E+02  5.41076E-02   1.38896E+02  5.14063E-02   1.38137E+02  4.84903E-02   1.37457E+02  4.53423E-02   1.36811E+02  4.19941E-02   1.36240E+02  3.84314E-02   1.35709E+02  3.46896E-02   1.35245E+02  3.07623E-02   1.34826E+02  2.66841E-02   1.34474E+02  2.24577E-02   1.34164E+02  1.81189E-02   1.33926E+02  1.36739E-02   1.33727E+02  9.16205E-03   1.33603E+02  4.59265E-03   1.33527E+02  4.36970E-06   1.69026E+02  4.58972E-03   3.13468E+02  9.15459E-03   3.13567E+02  1.36716E-02   3.13713E+02  1.81107E-02   3.13905E+02  2.24561E-02   3.14160E+02  2.66761E-02   3.14460E+02  3.07612E-02   3.14826E+02  3.46819E-02   3.15235E+02  3.84322E-02   3.15712E+02  4.19869E-02   3.16233E+02  4.53451E-02   3.16818E+02  4.84854E-02   3.17451E+02  5.14111E-02   3.18150E+02  5.41067E-02   3.18889E+02  5.65773E-02   3.19703E+02  5.88165E-02   3.20550E+02  6.08252E-02   3.21474E+02  6.26129E-02   3.22435E+02  6.41673E-02   3.23463E+02  6.55207E-02   3.24542E+02  6.66436E-02   3.25672E+02  6.75863E-02   3.26865E+02  6.83144E-02   3.28100E+02  6.88743E-02   3.29404E+02  6.92549E-02   3.30749E+02  6.94660E-02   3.32157E+02  6.95447E-02   3.33617E+02  6.94559E-02   3.35127E+02  6.92616E-02   3.36697E+02  6.89281E-02   3.38311E+02  6.84859E-02   3.39981E+02  6.79477E-02   3.41700E+02  6.73045E-02   3.43467E+02  6.65947E-02   3.45288E+02  6.58006E-02   3.47160E+02  6.49569E-02   3.49072E+02  6.40432E-02   3.51048E+02  6.30839E-02   3.53052E+02  6.20887E-02   3.55113E+02  6.10556E-02   3.57223E+02 
 6.15147E-02   1.78688E+02  6.25171E-02   1.76583E+02  6.34858E-02   1.74529E+02  6.44028E-02   1.72523E+02  6.52859E-02   1.70555E+02  6.60952E-02   1.68648E+02  6.68440E-02   1.66777E+02  6.75152E-02   1.64966E+02  6.81101E-02   1.63196E+02  6.85943E-02   1.61478E+02  6.89966E-02   1.59815E+02  6.92722E-02   1.58197E+02  6.94284E-02   1.56637E+02  6.94696E-02   1.55131E+02  6.93394E-02   1.53670E+02  6.90912E-02   1.52274E+02  6.86509E-02   1.50921E+02  6.80553E-02   1.49625E+02  6.72753E-02   1.48387E+02  6.62935E-02   1.47191E+02  6.51331E-02   1.46066E+02  6.37422E-02   1.44978E+02  6.21626E-02   1.43961E+02  6.03449E-02   1.42988E+02  5.83221E-02   1.42073E+02  5.60640E-02   1.41220E+02  5.35903E-02   1.40406E+02  5.08898E-02   1.39671E+02  4.79723E-02   1.38962E+02  4.48423E-02   1.38341E+02  4.15046E-02   1.37743E+02  3.79744E-02   1.37233E+02  3.42571E-02   1.36745E+02  3.03739E-02   1.36347E+02  2.63336E-02   1.35966E+02  2.21624E-02   1.35683E+02  1.78695E-02   1.35406E+02  1.34899E-02   1.35237E+02  9.02939E-03   1.35056E+02  4.52995E-03   1.35006E+02  7.21042E-06   1.66355E+01  4.52794E-03   3.15034E+02  9.03599E-03   3.15142E+02  1.34888E-02   3.15241E+02  1.78755E-02   3.15456E+02  2.21625E-02   3.15681E+02  2.63387E-02   3.16003E+02  3.03754E-02   3.16342E+02  3.42620E-02   3.16774E+02  3.79763E-02   3.17226E+02  4.15092E-02   3.17766E+02  4.48451E-02   3.18333E+02  4.79754E-02   3.18981E+02  5.08940E-02   3.19660E+02  5.35904E-02   3.20418E+02  5.60709E-02   3.21209E+02  5.83182E-02   3.22076E+02  6.03551E-02   3.22983E+02  6.21545E-02   3.23953E+02  6.37555E-02   3.24980E+02  6.51225E-02   3.26052E+02  6.63043E-02   3.27195E+02  6.72694E-02   3.28375E+02  6.80541E-02   3.29625E+02  6.86579E-02   3.30919E+02  6.90766E-02   3.32269E+02  6.93588E-02   3.33678E+02  6.94572E-02   3.35129E+02  6.94434E-02   3.36644E+02  6.92760E-02   3.38202E+02  6.89912E-02   3.39815E+02  6.86002E-02   3.41481E+02  6.80918E-02   3.43193E+02  6.75120E-02   3.44960E+02  6.68332E-02   3.46778E+02  6.61014E-02   3.48641E+02  6.52843E-02   3.50561E+02  6.44143E-02   3.52517E+02  6.34939E-02   3.54531E+02  6.25222E-02   3.56584E+02  6.15144E-02   3.58686E+02 
 6.18724E-02   1.80194E+02  6.28378E-02   1.78101E+02  6.37713E-02   1.76050E+02  6.46598E-02   1.74048E+02  6.54831E-02   1.72094E+02  6.62616E-02   1.70178E+02  6.69574E-02   1.68319E+02  6.75837E-02   1.66502E+02  6.81285E-02   1.64747E+02  6.85863E-02   1.63032E+02  6.89246E-02   1.61375E+02  6.91720E-02   1.59764E+02  6.92773E-02   1.58204E+02  6.92547E-02   1.56696E+02  6.91047E-02   1.55241E+02  6.87729E-02   1.53837E+02  6.83164E-02   1.52491E+02  6.76573E-02   1.51193E+02  6.68381E-02   1.49953E+02  6.58288E-02   1.48766E+02  6.46114E-02   1.47631E+02  6.32165E-02   1.46558E+02  6.15848E-02   1.45528E+02  5.97706E-02   1.44567E+02  5.77155E-02   1.43648E+02  5.54627E-02   1.42794E+02  5.29802E-02   1.41991E+02  5.02875E-02   1.41241E+02  4.73837E-02   1.40555E+02  4.42677E-02   1.39910E+02  4.09615E-02   1.39339E+02  3.74570E-02   1.38801E+02  3.37838E-02   1.38346E+02  2.99404E-02   1.37911E+02  2.59547E-02   1.37577E+02  2.18337E-02   1.37242E+02  1.76074E-02   1.37031E+02  1.32836E-02   1.36792E+02  8.89834E-03   1.36717E+02  4.45853E-03   1.36535E+02  7.26684E-06   1.99467E+02  4.45919E-03   3.16641E+02  8.89210E-03   3.16631E+02  1.32832E-02   3.16829E+02  1.76016E-02   3.16982E+02  2.18322E-02   3.17264E+02  2.59493E-02   3.17541E+02  2.99383E-02   3.17925E+02  3.37779E-02   3.18319E+02  3.74560E-02   3.18807E+02  4.09556E-02   3.19321E+02  4.42675E-02   3.19912E+02  4.73810E-02   3.20544E+02  5.02864E-02   3.21240E+02  5.29848E-02   3.21986E+02  5.54590E-02   3.22793E+02  5.77286E-02   3.23651E+02  5.97645E-02   3.24565E+02  6.16029E-02   3.25538E+02  6.32094E-02   3.26556E+02  6.46255E-02   3.27640E+02  6.58253E-02   3.28767E+02  6.68362E-02   3.29956E+02  6.76629E-02   3.31195E+02  6.82972E-02   3.32488E+02  6.87845E-02   3.33838E+02  6.90845E-02   3.35236E+02  6.92586E-02   3.36693E+02  6.92744E-02   3.38199E+02  6.91602E-02   3.39760E+02  6.89332E-02   3.41371E+02  6.85750E-02   3.43033E+02  6.81361E-02   3.44745E+02  6.75876E-02   3.46510E+02  6.69685E-02   3.48319E+02  6.62616E-02   3.50187E+02  6.54870E-02   3.52088E+02  6.46540E-02   3.54054E+02  6.37631E-02   3.56051E+02  6.28305E-02   3.58098E+02  6.18690E-02   1.99211E-01 
 6.21034E-02   1.81764E+02  6.30411E-02   1.79667E+02  6.39338E-02   1.77623E+02  6.47803E-02   1.75626E+02  6.55814E-02   1.73674E+02  6.63065E-02   1.71776E+02  6.69748E-02   1.69912E+02  6.75479E-02   1.68106E+02  6.80403E-02   1.66341E+02  6.84403E-02   1.64633E+02  6.87413E-02   1.62974E+02  6.89189E-02   1.61369E+02  6.89959E-02   1.59814E+02  6.89204E-02   1.58313E+02  6.87152E-02   1.56860E+02  6.83665E-02   1.55463E+02  6.78328E-02   1.54115E+02  6.71689E-02   1.52823E+02  6.62867E-02   1.51582E+02  6.52539E-02   1.50397E+02  6.40093E-02   1.49266E+02  6.25690E-02   1.48185E+02  6.09402E-02   1.47166E+02  5.90770E-02   1.46192E+02  5.70394E-02   1.45284E+02  5.47538E-02   1.44421E+02  5.22934E-02   1.43619E+02  4.95948E-02   1.42871E+02  4.67140E-02   1.42176E+02  4.36204E-02   1.41542E+02  4.03419E-02   1.40956E+02  3.68813E-02   1.40436E+02  3.32464E-02   1.39956E+02  2.94613E-02   1.39554E+02  2.55256E-02   1.39175E+02  2.14757E-02   1.38895E+02  1.73058E-02   1.38616E+02  1.30648E-02   1.38460E+02  8.73906E-03   1.38268E+02  4.38914E-03   1.38277E+02  7.35275E-06   6.70983E+00  4.37767E-03   3.18165E+02  8.74804E-03   3.18340E+02  1.30561E-02   3.18424E+02  1.73134E-02   3.18655E+02  2.14710E-02   3.18876E+02  2.55325E-02   3.19204E+02  2.94610E-02   3.19544E+02  3.32536E-02   3.19977E+02  3.68856E-02   3.20435E+02  4.03486E-02   3.20971E+02  4.36312E-02   3.21547E+02  4.67172E-02   3.22186E+02  4.96133E-02   3.22877E+02  5.22901E-02   3.23625E+02  5.47773E-02   3.24426E+02  5.70302E-02   3.25284E+02  5.90966E-02   3.26196E+02  6.09301E-02   3.27160E+02  6.25747E-02   3.28186E+02  6.40050E-02   3.29256E+02  6.52407E-02   3.30392E+02  6.62933E-02   3.31574E+02  6.71447E-02   3.32815E+02  6.78462E-02   3.34111E+02  6.83517E-02   3.35457E+02  6.87244E-02   3.36862E+02  6.89275E-02   3.38312E+02  6.89947E-02   3.39819E+02  6.89349E-02   3.41373E+02  6.87365E-02   3.42980E+02  6.84462E-02   3.44637E+02  6.80360E-02   3.46346E+02  6.75469E-02   3.48101E+02  6.69616E-02   3.49916E+02  6.63050E-02   3.51765E+02  6.55749E-02   3.53677E+02  6.47838E-02   3.55625E+02  6.39376E-02   3.57618E+02  6.30525E-02   3.59669E+02  6.21097E-02   1.76003E+00 
 6.22541E-02   1.83370E+02  6.31479E-02   1.81287E+02  6.40021E-02   1.79242E+02  6.48039E-02   1.77251E+02  6.55472E-02   1.75303E+02  6.62392E-02   1.73404E+02  6.68516E-02   1.71559E+02  6.73955E-02   1.69750E+02  6.78428E-02   1.68004E+02  6.81974E-02   1.66290E+02  6.84459E-02   1.64639E+02  6.85875E-02   1.63032E+02  6.85938E-02   1.61478E+02  6.84901E-02   1.59978E+02  6.82257E-02   1.58528E+02  6.78267E-02   1.57131E+02  6.72713E-02   1.55789E+02  6.65337E-02   1.54494E+02  6.56537E-02   1.53262E+02  6.45557E-02   1.52073E+02  6.33077E-02   1.50946E+02  6.18375E-02   1.49871E+02  6.01868E-02   1.48846E+02  5.83311E-02   1.47887E+02  5.62625E-02   1.46966E+02  5.40083E-02   1.46118E+02  5.15236E-02   1.45308E+02  4.88673E-02   1.44566E+02  4.59828E-02   1.43869E+02  4.29349E-02   1.43234E+02  3.96772E-02   1.42651E+02  3.62674E-02   1.42121E+02  3.26739E-02   1.41656E+02  2.89480E-02   1.41227E+02  2.50704E-02   1.40884E+02  2.10863E-02   1.40552E+02  1.69906E-02   1.40333E+02  1.28177E-02   1.40093E+02  8.57932E-03   1.40009E+02  4.29734E-03   1.39795E+02  4.46702E-06   2.74587E+02  4.30670E-03   3.20020E+02  8.58690E-03   3.19968E+02  1.28244E-02   3.20164E+02  1.70008E-02   3.20312E+02  2.10893E-02   3.20590E+02  2.50830E-02   3.20869E+02  2.89469E-02   3.21247E+02  3.26879E-02   3.21645E+02  3.62623E-02   3.22127E+02  3.96913E-02   3.22646E+02  4.29253E-02   3.23228E+02  4.59968E-02   3.23867E+02  4.88530E-02   3.24554E+02  5.15362E-02   3.25307E+02  5.39926E-02   3.26104E+02  5.62689E-02   3.26967E+02  5.83216E-02   3.27874E+02  6.01823E-02   3.28848E+02  6.18401E-02   3.29865E+02  6.32922E-02   3.30946E+02  6.45704E-02   3.32076E+02  6.56345E-02   3.33259E+02  6.65518E-02   3.34502E+02  6.72617E-02   3.35788E+02  6.78340E-02   3.37137E+02  6.82313E-02   3.38529E+02  6.84809E-02   3.39979E+02  6.86022E-02   3.41479E+02  6.85704E-02   3.43029E+02  6.84452E-02   3.44635E+02  6.81856E-02   3.46291E+02  6.78427E-02   3.47993E+02  6.73926E-02   3.49756E+02  6.68598E-02   3.51552E+02  6.62474E-02   3.53411E+02  6.55547E-02   3.55306E+02  6.48064E-02   3.57251E+02  6.40034E-02   3.59246E+02  6.31396E-02   1.28650E+00  6.22422E-02   3.36960E+00 
 6.22839E-02   1.85026E+02  6.31501E-02   1.82950E+02  6.39657E-02   1.80917E+02  6.47326E-02   1.78926E+02  6.54379E-02   1.76988E+02  6.60736E-02   1.75092E+02  6.66472E-02   1.73245E+02  6.71288E-02   1.71446E+02  6.75320E-02   1.69693E+02  6.78372E-02   1.67999E+02  6.80397E-02   1.66340E+02  6.81280E-02   1.64748E+02  6.81060E-02   1.63194E+02  6.79363E-02   1.61698E+02  6.76508E-02   1.60255E+02  6.71997E-02   1.58857E+02  6.66011E-02   1.57519E+02  6.58470E-02   1.56229E+02  6.48995E-02   1.54989E+02  6.38089E-02   1.53814E+02  6.24968E-02   1.52675E+02  6.10328E-02   1.51609E+02  5.93490E-02   1.50581E+02  5.74875E-02   1.49617E+02  5.54236E-02   1.48707E+02  5.31576E-02   1.47846E+02  5.07086E-02   1.47052E+02  4.80458E-02   1.46296E+02  4.52153E-02   1.45617E+02  4.21770E-02   1.44968E+02  3.89842E-02   1.44401E+02  3.56018E-02   1.43863E+02  3.20829E-02   1.43404E+02  2.84002E-02   1.42983E+02  2.46053E-02   1.42626E+02  2.06795E-02   1.42326E+02  1.66702E-02   1.42072E+02  1.25697E-02   1.41892E+02  8.41745E-03   1.41743E+02  4.21852E-03   1.41727E+02  3.09633E-06   1.54186E+02  4.21609E-03   3.21566E+02  8.41017E-03   3.21727E+02  1.25697E-02   3.21846E+02  1.66609E-02   3.22059E+02  2.06824E-02   3.22303E+02  2.45944E-02   3.22614E+02  2.84064E-02   3.22973E+02  3.20715E-02   3.23391E+02  3.56110E-02   3.23865E+02  3.89738E-02   3.24386E+02  4.21892E-02   3.24979E+02  4.52069E-02   3.25604E+02  4.80600E-02   3.26309E+02  5.07039E-02   3.27046E+02  5.31692E-02   3.27856E+02  5.54262E-02   3.28709E+02  5.74887E-02   3.29621E+02  5.93606E-02   3.30587E+02  6.10197E-02   3.31604E+02  6.25140E-02   3.32682E+02  6.37869E-02   3.33803E+02  6.49144E-02   3.34991E+02  6.58311E-02   3.36221E+02  6.66038E-02   3.37514E+02  6.72011E-02   3.38855E+02  6.76406E-02   3.40249E+02  6.79476E-02   3.41699E+02  6.80952E-02   3.43195E+02  6.81366E-02   3.44746E+02  6.80394E-02   3.46350E+02  6.78445E-02   3.47996E+02  6.75363E-02   3.49703E+02  6.71341E-02   3.51445E+02  6.66463E-02   3.53249E+02  6.60685E-02   3.55091E+02  6.54281E-02   3.56984E+02  6.47305E-02   3.58928E+02  6.39578E-02   9.11012E-01  6.31532E-02   2.94791E+00  6.22954E-02   5.02751E+00 
 6.22398E-02   1.86737E+02  6.30589E-02   1.84660E+02  6.38314E-02   1.82631E+02  6.45498E-02   1.80651E+02  6.52146E-02   1.78712E+02  6.58099E-02   1.76828E+02  6.63357E-02   1.74990E+02  6.67864E-02   1.73194E+02  6.71355E-02   1.71451E+02  6.73956E-02   1.69750E+02  6.75486E-02   1.68105E+02  6.75893E-02   1.66503E+02  6.75082E-02   1.64962E+02  6.73118E-02   1.63462E+02  6.69567E-02   1.62023E+02  6.64874E-02   1.60632E+02  6.58405E-02   1.59291E+02  6.50494E-02   1.58010E+02  6.40959E-02   1.56775E+02  6.29471E-02   1.55596E+02  6.16578E-02   1.54472E+02  6.01381E-02   1.53395E+02  5.84785E-02   1.52381E+02  5.65874E-02   1.51410E+02  5.45355E-02   1.50505E+02  5.22754E-02   1.49643E+02  4.98282E-02   1.48844E+02  4.72040E-02   1.48097E+02  4.43769E-02   1.47401E+02  4.14004E-02   1.46771E+02  3.82216E-02   1.46179E+02  3.49183E-02   1.45665E+02  3.14276E-02   1.45179E+02  2.78364E-02   1.44778E+02  2.40850E-02   1.44403E+02  2.02577E-02   1.44111E+02  1.63067E-02   1.43843E+02  1.23077E-02   1.43669E+02  8.22585E-03   1.43492E+02  4.12765E-03   1.43438E+02  1.17993E-05   3.46660E+02  4.12916E-03   3.23463E+02  8.24873E-03   3.23564E+02  1.23078E-02   3.23672E+02  1.63318E-02   3.23883E+02  2.02564E-02   3.24113E+02  2.41127E-02   3.24431E+02  2.78324E-02   3.24778E+02  3.14573E-02   3.25202E+02  3.49126E-02   3.25663E+02  3.82493E-02   3.26199E+02  4.13941E-02   3.26766E+02  4.43970E-02   3.27413E+02  4.71988E-02   3.28094E+02  4.98342E-02   3.28844E+02  5.22739E-02   3.29642E+02  5.45224E-02   3.30494E+02  5.65924E-02   3.31408E+02  5.84491E-02   3.32367E+02  6.01492E-02   3.33391E+02  6.16271E-02   3.34461E+02  6.29593E-02   3.35593E+02  6.40821E-02   3.36773E+02  6.50551E-02   3.38010E+02  6.58497E-02   3.39298E+02  6.64827E-02   3.40636E+02  6.69735E-02   3.42028E+02  6.73022E-02   3.43470E+02  6.75157E-02   3.44963E+02  6.75816E-02   3.46509E+02  6.75482E-02   3.48101E+02  6.73878E-02   3.49752E+02  6.71325E-02   3.51443E+02  6.67804E-02   3.53194E+02  6.63315E-02   3.54986E+02  6.58130E-02   3.56825E+02  6.52231E-02   3.58719E+02  6.45550E-02   6.47319E-01  6.38381E-02   2.63229E+00  6.30659E-02   4.66480E+00  6.22339E-02   6.73341E+00 
 6.21062E-02   1.88482E+02  6.28893E-02   1.86425E+02  6.36215E-02   1.84400E+02  6.43005E-02   1.82420E+02  6.49130E-02   1.80493E+02  6.54601E-02   1.78600E+02  6.59316E-02   1.76773E+02  6.63298E-02   1.74985E+02  6.66448E-02   1.73244E+02  6.68535E-02   1.71560E+02  6.69683E-02   1.69912E+02  6.69654E-02   1.68323E+02  6.68431E-02   1.66778E+02  6.65962E-02   1.65287E+02  6.62176E-02   1.63847E+02  6.56841E-02   1.62458E+02  6.50230E-02   1.61123E+02  6.41799E-02   1.59839E+02  6.31981E-02   1.58607E+02  6.20362E-02   1.57431E+02  6.06998E-02   1.56305E+02  5.92059E-02   1.55236E+02  5.74978E-02   1.54217E+02  5.56510E-02   1.53258E+02  5.35708E-02   1.52346E+02  5.13531E-02   1.51496E+02  4.89120E-02   1.50694E+02  4.63198E-02   1.49950E+02  4.35337E-02   1.49261E+02  4.05828E-02   1.48622E+02  3.74750E-02   1.48047E+02  3.41966E-02   1.47514E+02  3.07994E-02   1.47053E+02  2.72395E-02   1.46628E+02  2.35956E-02   1.46279E+02  1.98105E-02   1.45963E+02  1.59751E-02   1.45730E+02  1.20279E-02   1.45516E+02  8.06601E-03   1.45413E+02  4.02733E-03   1.45286E+02  1.01096E-05   1.66765E+02  4.04720E-03   3.25311E+02  8.04659E-03   3.25355E+02  1.20471E-02   3.25526E+02  1.59550E-02   3.25698E+02  1.98269E-02   3.25966E+02  2.35749E-02   3.26257E+02  2.72520E-02   3.26627E+02  3.07786E-02   3.27035E+02  3.42019E-02   3.27511E+02  3.74575E-02   3.28030E+02  4.05770E-02   3.28617E+02  4.35236E-02   3.29247E+02  4.63012E-02   3.29942E+02  4.89131E-02   3.30686E+02  5.13253E-02   3.31486E+02  5.35839E-02   3.32345E+02  5.56237E-02   3.33251E+02  5.75187E-02   3.34221E+02  5.91918E-02   3.35236E+02  6.07186E-02   3.36311E+02  6.20405E-02   3.37434E+02  6.32052E-02   3.38613E+02  6.41935E-02   3.39842E+02  6.50151E-02   3.41123E+02  6.56919E-02   3.42457E+02  6.62026E-02   3.43843E+02  6.65955E-02   3.45284E+02  6.68321E-02   3.46775E+02  6.69667E-02   3.48317E+02  6.69656E-02   3.49916E+02  6.68580E-02   3.51554E+02  6.66516E-02   3.53251E+02  6.63328E-02   3.54988E+02  6.59412E-02   3.56773E+02  6.54655E-02   3.58612E+02  6.49072E-02   4.87119E-01  6.42943E-02   2.42116E+00  6.36167E-02   4.39981E+00  6.28806E-02   6.41978E+00  6.21092E-02   8.48156E+00 
 6.18909E-02   1.90276E+02  6.26248E-02   1.88220E+02  6.33167E-02   1.86215E+02  6.39509E-02   1.84243E+02  6.45332E-02   1.82318E+02  6.50367E-02   1.80443E+02  6.54669E-02   1.78604E+02  6.58110E-02   1.76829E+02  6.60739E-02   1.75090E+02  6.62433E-02   1.73404E+02  6.63000E-02   1.71773E+02  6.62619E-02   1.70177E+02  6.60897E-02   1.68647E+02  6.58057E-02   1.67153E+02  6.53842E-02   1.65719E+02  6.48285E-02   1.64336E+02  6.41223E-02   1.63000E+02  6.32721E-02   1.61725E+02  6.22487E-02   1.60493E+02  6.10775E-02   1.59320E+02  5.97217E-02   1.58197E+02  5.82029E-02   1.57126E+02  5.65100E-02   1.56115E+02  5.46278E-02   1.55147E+02  5.25926E-02   1.54246E+02  5.03479E-02   1.53385E+02  4.79648E-02   1.52593E+02  4.53713E-02   1.51844E+02  4.26451E-02   1.51157E+02  3.97250E-02   1.50523E+02  3.66734E-02   1.49940E+02  3.34579E-02   1.49421E+02  3.01146E-02   1.48944E+02  2.66420E-02   1.48539E+02  2.30545E-02   1.48168E+02  1.93729E-02   1.47879E+02  1.55976E-02   1.47610E+02  1.17662E-02   1.47445E+02  7.86628E-03   1.47264E+02  3.94946E-03   1.47258E+02  5.38344E-06   1.96583E+00  3.93873E-03   3.27157E+02  7.87455E-03   3.27311E+02  1.17573E-02   3.27411E+02  1.56031E-02   3.27632E+02  1.93684E-02   3.27861E+02  2.30563E-02   3.28179E+02  2.66419E-02   3.28530E+02  3.01133E-02   3.28950E+02  3.34634E-02   3.29417E+02  3.66677E-02   3.29945E+02  3.97383E-02   3.30521E+02  4.26346E-02   3.31159E+02  4.53924E-02   3.31848E+02  4.79521E-02   3.32591E+02  5.03719E-02   3.33393E+02  5.25832E-02   3.34242E+02  5.46467E-02   3.35154E+02  5.65073E-02   3.36111E+02  5.82088E-02   3.37128E+02  5.97237E-02   3.38194E+02  6.10694E-02   3.39316E+02  6.22493E-02   3.40492E+02  6.32575E-02   3.41717E+02  6.41213E-02   3.43002E+02  6.48171E-02   3.44334E+02  6.53897E-02   3.45722E+02  6.58011E-02   3.47161E+02  6.61023E-02   3.48646E+02  6.62614E-02   3.50189E+02  6.63055E-02   3.51768E+02  6.62447E-02   3.53409E+02  6.60691E-02   3.55091E+02  6.58080E-02   3.56822E+02  6.54644E-02   3.58610E+02  6.50259E-02   4.33298E-01  6.45283E-02   2.31702E+00  6.39587E-02   4.24215E+00  6.33181E-02   6.21115E+00  6.26414E-02   8.22326E+00  6.18961E-02   1.02814E+01 
 6.16136E-02   1.92131E+02  6.23075E-02   1.90070E+02  6.29471E-02   1.88064E+02  6.35347E-02   1.86106E+02  6.40592E-02   1.84189E+02  6.45255E-02   1.82315E+02  6.49117E-02   1.80493E+02  6.52158E-02   1.78713E+02  6.54312E-02   1.76989E+02  6.55573E-02   1.75305E+02  6.55795E-02   1.73676E+02  6.54898E-02   1.72094E+02  6.52898E-02   1.70556E+02  6.49523E-02   1.69079E+02  6.44988E-02   1.67637E+02  6.38958E-02   1.66262E+02  6.31645E-02   1.64929E+02  6.22753E-02   1.63651E+02  6.12456E-02   1.62430E+02  6.00448E-02   1.61253E+02  5.86945E-02   1.60141E+02  5.71653E-02   1.59069E+02  5.54733E-02   1.58061E+02  5.36098E-02   1.57101E+02  5.15654E-02   1.56193E+02  4.93669E-02   1.55346E+02  4.69757E-02   1.54542E+02  4.44464E-02   1.53807E+02  4.17243E-02   1.53110E+02  3.88793E-02   1.52485E+02  3.58530E-02   1.51897E+02  3.27166E-02   1.51382E+02  2.94220E-02   1.50904E+02  2.60323E-02   1.50500E+02  2.25121E-02   1.50131E+02  1.89182E-02   1.49837E+02  1.52258E-02   1.49581E+02  1.14824E-02   1.49395E+02  7.67856E-03   1.49255E+02  3.84972E-03   1.49186E+02  3.27147E-06   3.11354E+02  3.84894E-03   3.29145E+02  7.68522E-03   3.29240E+02  1.14794E-02   3.29379E+02  1.52343E-02   3.29576E+02  1.89103E-02   3.29822E+02  2.25228E-02   3.30132E+02  2.60199E-02   3.30483E+02  2.94322E-02   3.30906E+02  3.27007E-02   3.31367E+02  3.58623E-02   3.31899E+02  3.88597E-02   3.32472E+02  4.17321E-02   3.33110E+02  4.44251E-02   3.33795E+02  4.69801E-02   3.34542E+02  4.93475E-02   3.35335E+02  5.15646E-02   3.36191E+02  5.35964E-02   3.37094E+02  5.54674E-02   3.38056E+02  5.71605E-02   3.39070E+02  5.86872E-02   3.40136E+02  6.00489E-02   3.41260E+02  6.12418E-02   3.42430E+02  6.22871E-02   3.43659E+02  6.31632E-02   3.44935E+02  6.39109E-02   3.46264E+02  6.44944E-02   3.47646E+02  6.49600E-02   3.49071E+02  6.52819E-02   3.50559E+02  6.54842E-02   3.52084E+02  6.55761E-02   3.53673E+02  6.55526E-02   3.55305E+02  6.54320E-02   3.56984E+02  6.52233E-02   3.58720E+02  6.49119E-02   4.90286E-01  6.45299E-02   2.31875E+00  6.40716E-02   4.18986E+00  6.35335E-02   6.10521E+00  6.29539E-02   8.06655E+00  6.22995E-02   1.00742E+01  6.16021E-02   1.21209E+01 
 6.12544E-02   1.94006E+02  6.19063E-02   1.91975E+02  6.25134E-02   1.89971E+02  6.30563E-02   1.88012E+02  6.35421E-02   1.86109E+02  6.39530E-02   1.84244E+02  6.42982E-02   1.82418E+02  6.45564E-02   1.80651E+02  6.47228E-02   1.78924E+02  6.48024E-02   1.77250E+02  6.47772E-02   1.75625E+02  6.46535E-02   1.74048E+02  6.44124E-02   1.72522E+02  6.40543E-02   1.71043E+02  6.35618E-02   1.69617E+02  6.29388E-02   1.68234E+02  6.21678E-02   1.66912E+02  6.12599E-02   1.65632E+02  6.01914E-02   1.64413E+02  5.89846E-02   1.63241E+02  5.76039E-02   1.62125E+02  5.60822E-02   1.61063E+02  5.43810E-02   1.60050E+02  5.25296E-02   1.59097E+02  5.05059E-02   1.58190E+02  4.83191E-02   1.57345E+02  4.59759E-02   1.56546E+02  4.34608E-02   1.55807E+02  4.08102E-02   1.55118E+02  3.79850E-02   1.54487E+02  3.50467E-02   1.53910E+02  3.19424E-02   1.53383E+02  2.87462E-02   1.52921E+02  2.54016E-02   1.52498E+02  2.19892E-02   1.52153E+02  1.84512E-02   1.51835E+02  1.48713E-02   1.51607E+02  1.11970E-02   1.51392E+02  7.50469E-03   1.51289E+02  3.75344E-03   1.51160E+02  1.27255E-05   1.69456E+02  3.75422E-03   3.31197E+02  7.48008E-03   3.31230E+02  1.11990E-02   3.31404E+02  1.48448E-02   3.31577E+02  1.84565E-02   3.31844E+02  2.19609E-02   3.32133E+02  2.54086E-02   3.32506E+02  2.87202E-02   3.32907E+02  3.19495E-02   3.33387E+02  3.50255E-02   3.33903E+02  3.79933E-02   3.34486E+02  4.07956E-02   3.35118E+02  4.34705E-02   3.35805E+02  4.59707E-02   3.36548E+02  4.83292E-02   3.37343E+02  5.05114E-02   3.38195E+02  5.25382E-02   3.39097E+02  5.43956E-02   3.40057E+02  5.60871E-02   3.41065E+02  5.76223E-02   3.42131E+02  5.89828E-02   3.43245E+02  6.02045E-02   3.44415E+02  6.12500E-02   3.45635E+02  6.21697E-02   3.46906E+02  6.29236E-02   3.48235E+02  6.35548E-02   3.49606E+02  6.40448E-02   3.51043E+02  6.44083E-02   3.52517E+02  6.46574E-02   3.54053E+02  6.47861E-02   3.55631E+02  6.48068E-02   3.57254E+02  6.47344E-02   3.58932E+02  6.45504E-02   6.47452E-01  6.42940E-02   2.41973E+00  6.39527E-02   4.23911E+00  6.35323E-02   6.10319E+00  6.30594E-02   8.01405E+00  6.25077E-02   9.97256E+00  6.19066E-02   1.19658E+01  6.12564E-02   1.40132E+01 
 6.08352E-02   1.95951E+02  6.14468E-02   1.93899E+02  6.20039E-02   1.91922E+02  6.25060E-02   1.89969E+02  6.29441E-02   1.88063E+02  6.33190E-02   1.86216E+02  6.36156E-02   1.84402E+02  6.38417E-02   1.82631E+02  6.39693E-02   1.80919E+02  6.40040E-02   1.79241E+02  6.39384E-02   1.77621E+02  6.37611E-02   1.76053E+02  6.34822E-02   1.74525E+02  6.30799E-02   1.73060E+02  6.25632E-02   1.71632E+02  6.19111E-02   1.70263E+02  6.11271E-02   1.68939E+02  6.01979E-02   1.67668E+02  5.91243E-02   1.66448E+02  5.78963E-02   1.65280E+02  5.65208E-02   1.64165E+02  5.49806E-02   1.63105E+02  5.32947E-02   1.62095E+02  5.14378E-02   1.61144E+02  4.94361E-02   1.60240E+02  4.72657E-02   1.59395E+02  4.49493E-02   1.58602E+02  4.24764E-02   1.57862E+02  3.98543E-02   1.57179E+02  3.70983E-02   1.56545E+02  3.41923E-02   1.55971E+02  3.11780E-02   1.55448E+02  2.80212E-02   1.54980E+02  2.47833E-02   1.54570E+02  2.14161E-02   1.54208E+02  1.79984E-02   1.53911E+02  1.44710E-02   1.53656E+02  1.09214E-02   1.53474E+02  7.29077E-03   1.53326E+02  3.66560E-03   1.53274E+02  1.03168E-05   3.35089E+02  3.65105E-03   3.33206E+02  7.31150E-03   3.33328E+02  1.09075E-02   3.33452E+02  1.44930E-02   3.33657E+02  1.79845E-02   3.33897E+02  2.14398E-02   3.34207E+02  2.47720E-02   3.34559E+02  2.80434E-02   3.34978E+02  3.11722E-02   3.35442E+02  3.42112E-02   3.35966E+02  3.70979E-02   3.36544E+02  3.98681E-02   3.37173E+02  4.24811E-02   3.37863E+02  4.49556E-02   3.38598E+02  4.72729E-02   3.39396E+02  4.94335E-02   3.40241E+02  5.14438E-02   3.41144E+02  5.32831E-02   3.42097E+02  5.49817E-02   3.43105E+02  5.65022E-02   3.44166E+02  5.78916E-02   3.45279E+02  5.91062E-02   3.46447E+02  6.01910E-02   3.47664E+02  6.11192E-02   3.48941E+02  6.19100E-02   3.50257E+02  6.25708E-02   3.51640E+02  6.30885E-02   3.53057E+02  6.34943E-02   3.54534E+02  6.37724E-02   3.56054E+02  6.39342E-02   3.57620E+02  6.40043E-02   3.59242E+02  6.39551E-02   9.07972E-01  6.38330E-02   2.62789E+00  6.36201E-02   4.39870E+00  6.33195E-02   6.21179E+00  6.29589E-02   8.06953E+00  6.25105E-02   9.97431E+00  6.20065E-02   1.19143E+01  6.14462E-02   1.39080E+01  6.08361E-02   1.59459E+01 
 6.03635E-02   1.97933E+02  6.09324E-02   1.95900E+02  6.14538E-02   1.93901E+02  6.19109E-02   1.91975E+02  6.23048E-02   1.90069E+02  6.26279E-02   1.88217E+02  6.28788E-02   1.86425E+02  6.30536E-02   1.84660E+02  6.31483E-02   1.82949E+02  6.31483E-02   1.81290E+02  6.30505E-02   1.79663E+02  6.28439E-02   1.78102E+02  6.25247E-02   1.76581E+02  6.20891E-02   1.75111E+02  6.15309E-02   1.73700E+02  6.08497E-02   1.72326E+02  6.00352E-02   1.71017E+02  5.90887E-02   1.69745E+02  5.79979E-02   1.68533E+02  5.67673E-02   1.67368E+02  5.53836E-02   1.66255E+02  5.38559E-02   1.65197E+02  5.21686E-02   1.64189E+02  5.03386E-02   1.63235E+02  4.83450E-02   1.62336E+02  4.62127E-02   1.61491E+02  4.39194E-02   1.60698E+02  4.14911E-02   1.59964E+02  3.89142E-02   1.59277E+02  3.62045E-02   1.58653E+02  3.33663E-02   1.58076E+02  3.04019E-02   1.57557E+02  2.73322E-02   1.57093E+02  2.41475E-02   1.56680E+02  2.08858E-02   1.56330E+02  1.75231E-02   1.56023E+02  1.41137E-02   1.55786E+02  1.06248E-02   1.55589E+02  7.11745E-03   1.55470E+02  3.55682E-03   1.55389E+02  8.10533E-06   1.85364E+02  3.56782E-03   3.35342E+02  7.10392E-03   3.35409E+02  1.06349E-02   3.35574E+02  1.41003E-02   3.35758E+02  1.75329E-02   3.36018E+02  2.08725E-02   3.36313E+02  2.41549E-02   3.36679E+02  2.73218E-02   3.37085E+02  3.04042E-02   3.37557E+02  3.33597E-02   3.38076E+02  3.62018E-02   3.38653E+02  3.89114E-02   3.39285E+02  4.14830E-02   3.39965E+02  4.39203E-02   3.40708E+02  4.62008E-02   3.41495E+02  4.83485E-02   3.42344E+02  5.03260E-02   3.43240E+02  5.21733E-02   3.44194E+02  5.38473E-02   3.45200E+02  5.53894E-02   3.46256E+02  5.67670E-02   3.47370E+02  5.80048E-02   3.48530E+02  5.90987E-02   3.49750E+02  6.00417E-02   3.51011E+02  6.08625E-02   3.52333E+02  6.15340E-02   3.53696E+02  6.20895E-02   3.55115E+02  6.25219E-02   3.56582E+02  6.28276E-02   3.58097E+02  6.30460E-02   3.59667E+02  6.31386E-02   1.28445E+00  6.31510E-02   2.95016E+00  6.30684E-02   4.66691E+00  6.28859E-02   6.42383E+00  6.26387E-02   8.22499E+00  6.23006E-02   1.00735E+01  6.18998E-02   1.19637E+01  6.14442E-02   1.39061E+01  6.09293E-02   1.58945E+01  6.03577E-02   1.79320E+01 
 5.98247E-02   1.99943E+02  6.03549E-02   1.97933E+02  6.08322E-02   1.95951E+02  6.12567E-02   1.94007E+02  6.16129E-02   1.92133E+02  6.19032E-02   1.90276E+02  6.21087E-02   1.88481E+02  6.22397E-02   1.86738E+02  6.22816E-02   1.85024E+02  6.22395E-02   1.83375E+02  6.21027E-02   1.81764E+02  6.18641E-02   1.80196E+02  6.15185E-02   1.78690E+02  6.10580E-02   1.77218E+02  6.04760E-02   1.75808E+02  5.97727E-02   1.74444E+02  5.89356E-02   1.73130E+02  5.79720E-02   1.71873E+02  5.68659E-02   1.70659E+02  5.56253E-02   1.69506E+02  5.42390E-02   1.68394E+02  5.27086E-02   1.67345E+02  5.10357E-02   1.66335E+02  4.92095E-02   1.65391E+02  4.72480E-02   1.64488E+02  4.51289E-02   1.63646E+02  4.28826E-02   1.62854E+02  4.04823E-02   1.62114E+02  3.79612E-02   1.61435E+02  3.52994E-02   1.60800E+02  3.25231E-02   1.60231E+02  2.96248E-02   1.59705E+02  2.66227E-02   1.59245E+02  2.35216E-02   1.58829E+02  2.03295E-02   1.58475E+02  1.70666E-02   1.58169E+02  1.37289E-02   1.57924E+02  1.03491E-02   1.57724E+02  6.91633E-03   1.57586E+02  3.47027E-03   1.57475E+02  5.37163E-06   1.13870E+01  3.46392E-03   3.37560E+02  6.92461E-03   3.37633E+02  1.03446E-02   3.37757E+02  1.37367E-02   3.37948E+02  1.70640E-02   3.38190E+02  2.03373E-02   3.38492E+02  2.35224E-02   3.38845E+02  2.66286E-02   3.39256E+02  2.96306E-02   3.39721E+02  3.25263E-02   3.40237E+02  3.53095E-02   3.40815E+02  3.79608E-02   3.41435E+02  4.04962E-02   3.42125E+02  4.28785E-02   3.42852E+02  4.51428E-02   3.43649E+02  4.72422E-02   3.44486E+02  4.92191E-02   3.45384E+02  5.10314E-02   3.46336E+02  5.27107E-02   3.47333E+02  5.42387E-02   3.48396E+02  5.56199E-02   3.49495E+02  5.68684E-02   3.50663E+02  5.79616E-02   3.51868E+02  5.89360E-02   3.53134E+02  5.97623E-02   3.54445E+02  6.04695E-02   3.55808E+02  6.10539E-02   3.57224E+02  6.15110E-02   3.58685E+02  6.18701E-02   2.00055E-01  6.21083E-02   1.76235E+00  6.22483E-02   3.37049E+00  6.22965E-02   5.02944E+00  6.22373E-02   6.73115E+00  6.21081E-02   8.47970E+00  6.18912E-02   1.02771E+01  6.16029E-02   1.21202E+01  6.12561E-02   1.40129E+01  6.08417E-02   1.59485E+01  6.03602E-02   1.79339E+01  5.98353E-02   1.99512E+01 
