/rn,a,b/nx0/ls1
/r,qa,qb
81 -0.4 0.4 0 OUTPUT_AMP_PHASE_3D Wavelength=0.8
81 -0.4 0.4
 0.00000E+00   0.00000E+00  0.00000E+00   0.00000E+00  0.00000E+00   0.00000E+00  0.00000E+00   0.00000E+00  0.00000E+00   0.00000E+00  0.00000E+00   0.00000E+00  0.00000E+00   0.00000E+00  0.00000E+00   0.00000E+00  0.00000E+00   0.00000E+00  0.00000E+00   0.00000E+00  0.00000E+00   0.00000E+00  0.00000E+00   0.00000E+00  0.00000E+00   0.00000E+00  0.00000E+00   0.00000E+00  0.00000E+00   0.00000E+00  0.00000E+00   0.00000E+00  0.00000E+00   0.00000E+00  0.00000E+00   0.00000E+00  0.00000E+00   0.00000E+00  0.00000E+00   0.00000E+00  0.00000E+00   0.00000E+00  0.00000E+00   0.00000E+00  0.00000E+00   0.00000E+00  0.00000E+00   0.00000E+00  0.00000E+00   0.00000E+00  0.00000E+00   0.00000E+00  0.00000E+00   0.00000E+00  0.00000E+00   0.00000E+00  0.00000E+00   0.00000E+00  0.00000E+00   0.00000E+00  0.00000E+00   0.00000E+00  0.00000E+00   0.00000E+00  0.00000E+00   0.00000E+00  0.00000E+00   0.00000E+00  0.00000E+00   0.00000E+00  0.00000E+00   0.00000E+00  0.00000E+00   0.00000E+00  0.00000E+00   0.00000E+00  7.91757E-17   1.53161E+02  3.68078E-03   1.53161E+02  7.34819E-03   1.53241E+02  1.09826E-02   1.53384E+02  1.45741E-02   1.53569E+02  1.81051E-02   1.53822E+02  2.15631E-02   1.54119E+02  2.49361E-02   1.54479E+02  2.82079E-02   1.54886E+02  3.13753E-02   1.55358E+02  3.44169E-02   1.55869E+02  3.73358E-02   1.56453E+02  4.01133E-02   1.57072E+02  4.27517E-02   1.57761E+02  4.52378E-02   1.58495E+02  4.75737E-02   1.59284E+02  4.97526E-02   1.60134E+02  5.17716E-02   1.61025E+02  5.36368E-02   1.61985E+02  5.53352E-02   1.62983E+02  5.68844E-02   1.64046E+02  5.82687E-02   1.65156E+02  5.95033E-02   1.66317E+02  6.05859E-02   1.67538E+02  6.15164E-02   1.68792E+02  6.23112E-02   1.70123E+02  6.29638E-02   1.71479E+02  6.34875E-02   1.72903E+02  6.38972E-02   1.74380E+02  6.41739E-02   1.75883E+02  6.43544E-02   1.77473E+02  6.44179E-02   1.79075E+02  6.43644E-02   1.80742E+02  6.42393E-02   1.82470E+02  6.40084E-02   1.84210E+02  6.36997E-02   1.86034E+02  6.33550E-02   1.87889E+02  6.29024E-02   1.89771E+02  6.23749E-02   1.91730E+02  6.18299E-02   1.93722E+02  6.11991E-02   1.95744E+02  6.05317E-02   1.97829E+02  5.98319E-02   1.99953E+02 
 0.00000E+00   0.00000E+00  0.00000E+00   0.00000E+00  0.00000E+00   0.00000E+00  0.00000E+00   0.00000E+00  0.00000E+00   0.00000E+00  0.00000E+00   0.00000E+00  0.00000E+00   0.00000E+00  0.00000E+00   0.00000E+00  0.00000E+00   0.00000E+00  0.00000E+00   0.00000E+00  0.00000E+00   0.00000E+00  0.00000E+00   0.00000E+00  0.00000E+00   0.00000E+00  0.00000E+00   0.00000E+00  0.00000E+00   0.00000E+00  0.00000E+00   0.00000E+00  0.00000E+00   0.00000E+00  0.00000E+00   0.00000E+00  0.00000E+00   0.00000E+00  0.00000E+00   0.00000E+00  0.00000E+00   0.00000E+00  0.00000E+00   0.00000E+00  0.00000E+00   0.00000E+00  0.00000E+00   0.00000E+00  0.00000E+00   0.00000E+00  0.00000E+00   0.00000E+00  0.00000E+00   0.00000E+00  0.00000E+00   0.00000E+00  0.00000E+00   0.00000E+00  0.00000E+00   0.00000E+00  0.00000E+00   0.00000E+00  0.00000E+00   0.00000E+00  0.00000E+00   0.00000E+00  0.00000E+00   0.00000E+00  0.00000E+00   0.00000E+00  0.00000E+00   0.00000E+00  0.00000E+00   0.00000E+00  0.00000E+00   0.00000E+00  8.16195E-17   1.50993E+02  3.79439E-03   1.50993E+02  7.57042E-03   1.51070E+02  1.13174E-02   1.51209E+02  1.50143E-02   1.51403E+02  1.86494E-02   1.51648E+02  2.22070E-02   1.51950E+02  2.56737E-02   1.52311E+02  2.90363E-02   1.52717E+02  3.22842E-02   1.53188E+02  3.54038E-02   1.53707E+02  3.83920E-02   1.54282E+02  4.12301E-02   1.54914E+02  4.39237E-02   1.55597E+02  4.64562E-02   1.56335E+02  4.88291E-02   1.57129E+02  5.10390E-02   1.57973E+02  5.30796E-02   1.58873E+02  5.49577E-02   1.59829E+02  5.66651E-02   1.60832E+02  5.82126E-02   1.61896E+02  5.95944E-02   1.63010E+02  6.08198E-02   1.64174E+02  6.18894E-02   1.65400E+02  6.28071E-02   1.66665E+02  6.35765E-02   1.67989E+02  6.42074E-02   1.69365E+02  6.46934E-02   1.70777E+02  6.50574E-02   1.72263E+02  6.53015E-02   1.73778E+02  6.54185E-02   1.75353E+02  6.54572E-02   1.76989E+02  6.53673E-02   1.78645E+02  6.51866E-02   1.80377E+02  6.49303E-02   1.82145E+02  6.45573E-02   1.83944E+02  6.41372E-02   1.85822E+02  6.36708E-02   1.87725E+02  6.31037E-02   1.89663E+02  6.24811E-02   1.91675E+02  6.18286E-02   1.93715E+02  6.11069E-02   1.95794E+02  6.03570E-02   1.97934E+02 
 0.00000E+00   0.00000E+00  0.00000E+00   0.00000E+00  0.00000E+00   0.00000E+00  0.00000E+00   0.00000E+00  0.00000E+00   0.00000E+00  0.00000E+00   0.00000E+00  0.00000E+00   0.00000E+00  0.00000E+00   0.00000E+00  0.00000E+00   0.00000E+00  0.00000E+00   0.00000E+00  0.00000E+00   0.00000E+00  0.00000E+00   0.00000E+00  0.00000E+00   0.00000E+00  0.00000E+00   0.00000E+00  0.00000E+00   0.00000E+00  0.00000E+00   0.00000E+00  0.00000E+00   0.00000E+00  0.00000E+00   0.00000E+00  0.00000E+00   0.00000E+00  0.00000E+00   0.00000E+00  0.00000E+00   0.00000E+00  0.00000E+00   0.00000E+00  0.00000E+00   0.00000E+00  0.00000E+00   0.00000E+00  0.00000E+00   0.00000E+00  0.00000E+00   0.00000E+00  0.00000E+00   0.00000E+00  0.00000E+00   0.00000E+00  0.00000E+00   0.00000E+00  0.00000E+00   0.00000E+00  0.00000E+00   0.00000E+00  0.00000E+00   0.00000E+00  0.00000E+00   0.00000E+00  0.00000E+00   0.00000E+00  0.00000E+00   0.00000E+00  0.00000E+00   0.00000E+00  0.00000E+00   0.00000E+00  0.00000E+00   0.00000E+00  8.40440E-17   1.48868E+02  3.90710E-03   1.48868E+02  7.79713E-03   1.48951E+02  1.16542E-02   1.49095E+02  1.54573E-02   1.49276E+02  1.92000E-02   1.49536E+02  2.28528E-02   1.49828E+02  2.64181E-02   1.50192E+02  2.98654E-02   1.50601E+02  3.31984E-02   1.51071E+02  3.63919E-02   1.51591E+02  3.94475E-02   1.52170E+02  4.23491E-02   1.52800E+02  4.50929E-02   1.53485E+02  4.76741E-02   1.54230E+02  5.00829E-02   1.55016E+02  5.23262E-02   1.55875E+02  5.43868E-02   1.56768E+02  5.62833E-02   1.57728E+02  5.79954E-02   1.58738E+02  5.95423E-02   1.59793E+02  6.09165E-02   1.60918E+02  6.21228E-02   1.62078E+02  6.31739E-02   1.63305E+02  6.40633E-02   1.64580E+02  6.48092E-02   1.65903E+02  6.54061E-02   1.67288E+02  6.58705E-02   1.68712E+02  6.61926E-02   1.70189E+02  6.63971E-02   1.71724E+02  6.64760E-02   1.73291E+02  6.64416E-02   1.74927E+02  6.63249E-02   1.76606E+02  6.60874E-02   1.78325E+02  6.57829E-02   1.80111E+02  6.53869E-02   1.81926E+02  6.48912E-02   1.83787E+02  6.43584E-02   1.85715E+02  6.37701E-02   1.87667E+02  6.31051E-02   1.89663E+02  6.23857E-02   1.91720E+02  6.16352E-02   1.93808E+02  6.08335E-02   1.95945E+02 
 0.00000E+00   0.00000E+00  0.00000E+00   0.00000E+00  0.00000E+00   0.00000E+00  0.00000E+00   0.00000E+00  0.00000E+00   0.00000E+00  0.00000E+00   0.00000E+00  0.00000E+00   0.00000E+00  0.00000E+00   0.00000E+00  0.00000E+00   0.00000E+00  0.00000E+00   0.00000E+00  0.00000E+00   0.00000E+00  0.00000E+00   0.00000E+00  0.00000E+00   0.00000E+00  0.00000E+00   0.00000E+00  0.00000E+00   0.00000E+00  0.00000E+00   0.00000E+00  0.00000E+00   0.00000E+00  0.00000E+00   0.00000E+00  0.00000E+00   0.00000E+00  0.00000E+00   0.00000E+00  0.00000E+00   0.00000E+00  0.00000E+00   0.00000E+00  0.00000E+00   0.00000E+00  0.00000E+00   0.00000E+00  0.00000E+00   0.00000E+00  0.00000E+00   0.00000E+00  0.00000E+00   0.00000E+00  0.00000E+00   0.00000E+00  0.00000E+00   0.00000E+00  0.00000E+00   0.00000E+00  0.00000E+00   0.00000E+00  0.00000E+00   0.00000E+00  0.00000E+00   0.00000E+00  0.00000E+00   0.00000E+00  0.00000E+00   0.00000E+00  0.00000E+00   0.00000E+00  0.00000E+00   0.00000E+00  0.00000E+00   0.00000E+00  8.65228E-17   1.46809E+02  4.02234E-03   1.46809E+02  8.02609E-03   1.46883E+02  1.19939E-02   1.47022E+02  1.59095E-02   1.47220E+02  1.97518E-02   1.47459E+02  2.35116E-02   1.47771E+02  2.71648E-02   1.48121E+02  3.07081E-02   1.48540E+02  3.41148E-02   1.49001E+02  3.73911E-02   1.49532E+02  4.05049E-02   1.50098E+02  4.34727E-02   1.50743E+02  4.62590E-02   1.51418E+02  4.88889E-02   1.52167E+02  5.13262E-02   1.52961E+02  5.35974E-02   1.53808E+02  5.56793E-02   1.54720E+02  5.75816E-02   1.55670E+02  5.93082E-02   1.56690E+02  6.08466E-02   1.57750E+02  6.22199E-02   1.58872E+02  6.34115E-02   1.60041E+02  6.44390E-02   1.61263E+02  6.53061E-02   1.62543E+02  6.60098E-02   1.63866E+02  6.65747E-02   1.65253E+02  6.69931E-02   1.66684E+02  6.72783E-02   1.68170E+02  6.74438E-02   1.69706E+02  6.74788E-02   1.71289E+02  6.74058E-02   1.72919E+02  6.72253E-02   1.74603E+02  6.69478E-02   1.76332E+02  6.65809E-02   1.78111E+02  6.61428E-02   1.79946E+02  6.56149E-02   1.81814E+02  6.50125E-02   1.83734E+02  6.43604E-02   1.85707E+02  6.36638E-02   1.87717E+02  6.29052E-02   1.89770E+02  6.20903E-02   1.91870E+02  6.12550E-02   1.94010E+02 
 0.00000E+00   0.00000E+00  0.00000E+00   0.00000E+00  0.00000E+00   0.00000E+00  0.00000E+00   0.00000E+00  0.00000E+00   0.00000E+00  0.00000E+00   0.00000E+00  0.00000E+00   0.00000E+00  0.00000E+00   0.00000E+00  0.00000E+00   0.00000E+00  0.00000E+00   0.00000E+00  0.00000E+00   0.00000E+00  0.00000E+00   0.00000E+00  0.00000E+00   0.00000E+00  0.00000E+00   0.00000E+00  0.00000E+00   0.00000E+00  0.00000E+00   0.00000E+00  0.00000E+00   0.00000E+00  0.00000E+00   0.00000E+00  0.00000E+00   0.00000E+00  0.00000E+00   0.00000E+00  0.00000E+00   0.00000E+00  0.00000E+00   0.00000E+00  0.00000E+00   0.00000E+00  0.00000E+00   0.00000E+00  0.00000E+00   0.00000E+00  0.00000E+00   0.00000E+00  0.00000E+00   0.00000E+00  0.00000E+00   0.00000E+00  0.00000E+00   0.00000E+00  0.00000E+00   0.00000E+00  0.00000E+00   0.00000E+00  0.00000E+00   0.00000E+00  0.00000E+00   0.00000E+00  0.00000E+00   0.00000E+00  0.00000E+00   0.00000E+00  0.00000E+00   0.00000E+00  0.00000E+00   0.00000E+00  0.00000E+00   0.00000E+00  8.89954E-17   1.44782E+02  4.13729E-03   1.44782E+02  8.25565E-03   1.44880E+02  1.23352E-02   1.45008E+02  1.63599E-02   1.45207E+02  2.03071E-02   1.45450E+02  2.41679E-02   1.45759E+02  2.79148E-02   1.46110E+02  3.15467E-02   1.46532E+02  3.50369E-02   1.46992E+02  3.83831E-02   1.47521E+02  4.15699E-02   1.48097E+02  4.45875E-02   1.48727E+02  4.74350E-02   1.49420E+02  5.00922E-02   1.50155E+02  5.25775E-02   1.50958E+02  5.48574E-02   1.51802E+02  5.69651E-02   1.52714E+02  5.88678E-02   1.53666E+02  6.05925E-02   1.54686E+02  6.21293E-02   1.55750E+02  6.34793E-02   1.56872E+02  6.46641E-02   1.58053E+02  6.56631E-02   1.59271E+02  6.65053E-02   1.60562E+02  6.71867E-02   1.61885E+02  6.77013E-02   1.63270E+02  6.80896E-02   1.64710E+02  6.83210E-02   1.66187E+02  6.84312E-02   1.67738E+02  6.84317E-02   1.69319E+02  6.82951E-02   1.70962E+02  6.80817E-02   1.72653E+02  6.77470E-02   1.74383E+02  6.73252E-02   1.76172E+02  6.68332E-02   1.78004E+02  6.62556E-02   1.79885E+02  6.56140E-02   1.81812E+02  6.49066E-02   1.83781E+02  6.41457E-02   1.85800E+02  6.33509E-02   1.87870E+02  6.25036E-02   1.89975E+02  6.16061E-02   1.92126E+02 
 0.00000E+00   0.00000E+00  0.00000E+00   0.00000E+00  0.00000E+00   0.00000E+00  0.00000E+00   0.00000E+00  0.00000E+00   0.00000E+00  0.00000E+00   0.00000E+00  0.00000E+00   0.00000E+00  0.00000E+00   0.00000E+00  0.00000E+00   0.00000E+00  0.00000E+00   0.00000E+00  0.00000E+00   0.00000E+00  0.00000E+00   0.00000E+00  0.00000E+00   0.00000E+00  0.00000E+00   0.00000E+00  0.00000E+00   0.00000E+00  0.00000E+00   0.00000E+00  0.00000E+00   0.00000E+00  0.00000E+00   0.00000E+00  0.00000E+00   0.00000E+00  0.00000E+00   0.00000E+00  0.00000E+00   0.00000E+00  0.00000E+00   0.00000E+00  0.00000E+00   0.00000E+00  0.00000E+00   0.00000E+00  0.00000E+00   0.00000E+00  0.00000E+00   0.00000E+00  0.00000E+00   0.00000E+00  0.00000E+00   0.00000E+00  0.00000E+00   0.00000E+00  0.00000E+00   0.00000E+00  0.00000E+00   0.00000E+00  0.00000E+00   0.00000E+00  0.00000E+00   0.00000E+00  0.00000E+00   0.00000E+00  0.00000E+00   0.00000E+00  0.00000E+00   0.00000E+00  0.00000E+00   0.00000E+00  0.00000E+00   0.00000E+00  9.14753E-17   1.42829E+02  4.25257E-03   1.42829E+02  8.48542E-03   1.42914E+02  1.26775E-02   1.43047E+02  1.68092E-02   1.43245E+02  2.08647E-02   1.43489E+02  2.48189E-02   1.43794E+02  2.86664E-02   1.44154E+02  3.23774E-02   1.44563E+02  3.59530E-02   1.45038E+02  3.93658E-02   1.45554E+02  4.26200E-02   1.46141E+02  4.56896E-02   1.46767E+02  4.85852E-02   1.47464E+02  5.12849E-02   1.48200E+02  5.37923E-02   1.49007E+02  5.61096E-02   1.49852E+02  5.82151E-02   1.50763E+02  6.01431E-02   1.51724E+02  6.18509E-02   1.52731E+02  6.33879E-02   1.53811E+02  6.47186E-02   1.54920E+02  6.58707E-02   1.56106E+02  6.68534E-02   1.57332E+02  6.76461E-02   1.58612E+02  6.83007E-02   1.59959E+02  6.87788E-02   1.61335E+02  6.91178E-02   1.62787E+02  6.93200E-02   1.64271E+02  6.93717E-02   1.65809E+02  6.93200E-02   1.67413E+02  6.91393E-02   1.69040E+02  6.88529E-02   1.70746E+02  6.84908E-02   1.72485E+02  6.80064E-02   1.74269E+02  6.74618E-02   1.76120E+02  6.68382E-02   1.77996E+02  6.61339E-02   1.79936E+02  6.53835E-02   1.81920E+02  6.45752E-02   1.83934E+02  6.37180E-02   1.86005E+02  6.28278E-02   1.88125E+02  6.19019E-02   1.90278E+02 
 0.00000E+00   0.00000E+00  0.00000E+00   0.00000E+00  0.00000E+00   0.00000E+00  0.00000E+00   0.00000E+00  0.00000E+00   0.00000E+00  0.00000E+00   0.00000E+00  0.00000E+00   0.00000E+00  0.00000E+00   0.00000E+00  0.00000E+00   0.00000E+00  0.00000E+00   0.00000E+00  0.00000E+00   0.00000E+00  0.00000E+00   0.00000E+00  0.00000E+00   0.00000E+00  0.00000E+00   0.00000E+00  0.00000E+00   0.00000E+00  0.00000E+00   0.00000E+00  0.00000E+00   0.00000E+00  0.00000E+00   0.00000E+00  0.00000E+00   0.00000E+00  0.00000E+00   0.00000E+00  0.00000E+00   0.00000E+00  0.00000E+00   0.00000E+00  0.00000E+00   0.00000E+00  0.00000E+00   0.00000E+00  0.00000E+00   0.00000E+00  0.00000E+00   0.00000E+00  0.00000E+00   0.00000E+00  0.00000E+00   0.00000E+00  0.00000E+00   0.00000E+00  0.00000E+00   0.00000E+00  0.00000E+00   0.00000E+00  0.00000E+00   0.00000E+00  0.00000E+00   0.00000E+00  0.00000E+00   0.00000E+00  0.00000E+00   0.00000E+00  0.00000E+00   0.00000E+00  0.00000E+00   0.00000E+00  0.00000E+00   0.00000E+00  9.39685E-17   1.40935E+02  4.36848E-03   1.40935E+02  8.71439E-03   1.41005E+02  1.30196E-02   1.41156E+02  1.72599E-02   1.41336E+02  2.14183E-02   1.41595E+02  2.54745E-02   1.41889E+02  2.94110E-02   1.42253E+02  3.32119E-02   1.42660E+02  3.68614E-02   1.43134E+02  4.03496E-02   1.43652E+02  4.36561E-02   1.44234E+02  4.67899E-02   1.44864E+02  4.97140E-02   1.45554E+02  5.24602E-02   1.46299E+02  5.49840E-02   1.47093E+02  5.73199E-02   1.47956E+02  5.94405E-02   1.48855E+02  6.13574E-02   1.49827E+02  6.30815E-02   1.50840E+02  6.45854E-02   1.51913E+02  6.59222E-02   1.53038E+02  6.70367E-02   1.54212E+02  6.79939E-02   1.55447E+02  6.87568E-02   1.56725E+02  6.93539E-02   1.58067E+02  6.98024E-02   1.59455E+02  7.00787E-02   1.60897E+02  7.02410E-02   1.62400E+02  7.02459E-02   1.63939E+02  7.01377E-02   1.65542E+02  6.99155E-02   1.67191E+02  6.95668E-02   1.68876E+02  6.91395E-02   1.70638E+02  6.86206E-02   1.72423E+02  6.80048E-02   1.74267E+02  6.73408E-02   1.76168E+02  6.65972E-02   1.78091E+02  6.57779E-02   1.80090E+02  6.49257E-02   1.82127E+02  6.40280E-02   1.84195E+02  6.30822E-02   1.86320E+02  6.21084E-02   1.88487E+02 
 0.00000E+00   0.00000E+00  0.00000E+00   0.00000E+00  0.00000E+00   0.00000E+00  0.00000E+00   0.00000E+00  0.00000E+00   0.00000E+00  0.00000E+00   0.00000E+00  0.00000E+00   0.00000E+00  0.00000E+00   0.00000E+00  0.00000E+00   0.00000E+00  0.00000E+00   0.00000E+00  0.00000E+00   0.00000E+00  0.00000E+00   0.00000E+00  0.00000E+00   0.00000E+00  0.00000E+00   0.00000E+00  0.00000E+00   0.00000E+00  0.00000E+00   0.00000E+00  0.00000E+00   0.00000E+00  0.00000E+00   0.00000E+00  0.00000E+00   0.00000E+00  0.00000E+00   0.00000E+00  0.00000E+00   0.00000E+00  0.00000E+00   0.00000E+00  0.00000E+00   0.00000E+00  0.00000E+00   0.00000E+00  0.00000E+00   0.00000E+00  0.00000E+00   0.00000E+00  0.00000E+00   0.00000E+00  0.00000E+00   0.00000E+00  0.00000E+00   0.00000E+00  0.00000E+00   0.00000E+00  0.00000E+00   0.00000E+00  0.00000E+00   0.00000E+00  0.00000E+00   0.00000E+00  0.00000E+00   0.00000E+00  0.00000E+00   0.00000E+00  0.00000E+00   0.00000E+00  0.00000E+00   0.00000E+00  0.00000E+00   0.00000E+00  9.64031E-17   1.39078E+02  4.48166E-03   1.39078E+02  8.94123E-03   1.39167E+02  1.33550E-02   1.39299E+02  1.77039E-02   1.39497E+02  2.19626E-02   1.39741E+02  2.61189E-02   1.40047E+02  3.01417E-02   1.40403E+02  3.40325E-02   1.40819E+02  3.77521E-02   1.41285E+02  4.13127E-02   1.41811E+02  4.46799E-02   1.42386E+02  4.78577E-02   1.43022E+02  5.08360E-02   1.43708E+02  5.35990E-02   1.44452E+02  5.61623E-02   1.45250E+02  5.84965E-02   1.46101E+02  6.06334E-02   1.47010E+02  6.25400E-02   1.47974E+02  6.42512E-02   1.48990E+02  6.57469E-02   1.50065E+02  6.70425E-02   1.51193E+02  6.81522E-02   1.52372E+02  6.90560E-02   1.53611E+02  6.98010E-02   1.54894E+02  7.03505E-02   1.56237E+02  7.07516E-02   1.57628E+02  7.09907E-02   1.59069E+02  7.10799E-02   1.60570E+02  7.10493E-02   1.62117E+02  7.08746E-02   1.63719E+02  7.06021E-02   1.65375E+02  7.02133E-02   1.67074E+02  6.97186E-02   1.68824E+02  6.91461E-02   1.70632E+02  6.84845E-02   1.72473E+02  6.77429E-02   1.74375E+02  6.69629E-02   1.76324E+02  6.61106E-02   1.78301E+02  6.51871E-02   1.80346E+02  6.42424E-02   1.82433E+02  6.32630E-02   1.84556E+02  6.22429E-02   1.86738E+02 
 0.00000E+00   0.00000E+00  0.00000E+00   0.00000E+00  0.00000E+00   0.00000E+00  0.00000E+00   0.00000E+00  0.00000E+00   0.00000E+00  0.00000E+00   0.00000E+00  0.00000E+00   0.00000E+00  0.00000E+00   0.00000E+00  0.00000E+00   0.00000E+00  0.00000E+00   0.00000E+00  0.00000E+00   0.00000E+00  0.00000E+00   0.00000E+00  0.00000E+00   0.00000E+00  0.00000E+00   0.00000E+00  0.00000E+00   0.00000E+00  0.00000E+00   0.00000E+00  0.00000E+00   0.00000E+00  0.00000E+00   0.00000E+00  0.00000E+00   0.00000E+00  0.00000E+00   0.00000E+00  0.00000E+00   0.00000E+00  0.00000E+00   0.00000E+00  0.00000E+00   0.00000E+00  0.00000E+00   0.00000E+00  0.00000E+00   0.00000E+00  0.00000E+00   0.00000E+00  0.00000E+00   0.00000E+00  0.00000E+00   0.00000E+00  0.00000E+00   0.00000E+00  0.00000E+00   0.00000E+00  0.00000E+00   0.00000E+00  0.00000E+00   0.00000E+00  0.00000E+00   0.00000E+00  0.00000E+00   0.00000E+00  0.00000E+00   0.00000E+00  0.00000E+00   0.00000E+00  0.00000E+00   0.00000E+00  0.00000E+00   0.00000E+00  9.88082E-17   1.37291E+02  4.59347E-03   1.37291E+02  9.16469E-03   1.37366E+02  1.36856E-02   1.37510E+02  1.81404E-02   1.37696E+02  2.24993E-02   1.37950E+02  2.67471E-02   1.38247E+02  3.08641E-02   1.38611E+02  3.48258E-02   1.39018E+02  3.86289E-02   1.39493E+02  4.22439E-02   1.40010E+02  4.56726E-02   1.40595E+02  4.88950E-02   1.41224E+02  5.19094E-02   1.41916E+02  5.47048E-02   1.42661E+02  5.72837E-02   1.43456E+02  5.96358E-02   1.44316E+02  6.17684E-02   1.45219E+02  6.36798E-02   1.46186E+02  6.53692E-02   1.47202E+02  6.68509E-02   1.48273E+02  6.81192E-02   1.49403E+02  6.91871E-02   1.50580E+02  7.00671E-02   1.51820E+02  7.07509E-02   1.53107E+02  7.12729E-02   1.54451E+02  7.16164E-02   1.55851E+02  7.18083E-02   1.57294E+02  7.18556E-02   1.58800E+02  7.17549E-02   1.60348E+02  7.15383E-02   1.61950E+02  7.11961E-02   1.63610E+02  7.07523E-02   1.65311E+02  7.02132E-02   1.67072E+02  6.95790E-02   1.68873E+02  6.88720E-02   1.70728E+02  6.80838E-02   1.72631E+02  6.72279E-02   1.74582E+02  6.63370E-02   1.76587E+02  6.53862E-02   1.78624E+02  6.43752E-02   1.80712E+02  6.33434E-02   1.82847E+02  6.22906E-02   1.85025E+02 
 0.00000E+00   0.00000E+00  0.00000E+00   0.00000E+00  0.00000E+00   0.00000E+00  0.00000E+00   0.00000E+00  0.00000E+00   0.00000E+00  0.00000E+00   0.00000E+00  0.00000E+00   0.00000E+00  0.00000E+00   0.00000E+00  0.00000E+00   0.00000E+00  0.00000E+00   0.00000E+00  0.00000E+00   0.00000E+00  0.00000E+00   0.00000E+00  0.00000E+00   0.00000E+00  0.00000E+00   0.00000E+00  0.00000E+00   0.00000E+00  0.00000E+00   0.00000E+00  0.00000E+00   0.00000E+00  0.00000E+00   0.00000E+00  0.00000E+00   0.00000E+00  0.00000E+00   0.00000E+00  0.00000E+00   0.00000E+00  0.00000E+00   0.00000E+00  0.00000E+00   0.00000E+00  0.00000E+00   0.00000E+00  0.00000E+00   0.00000E+00  0.00000E+00   0.00000E+00  0.00000E+00   0.00000E+00  0.00000E+00   0.00000E+00  0.00000E+00   0.00000E+00  0.00000E+00   0.00000E+00  0.00000E+00   0.00000E+00  0.00000E+00   0.00000E+00  0.00000E+00   0.00000E+00  0.00000E+00   0.00000E+00  0.00000E+00   0.00000E+00  0.00000E+00   0.00000E+00  0.00000E+00   0.00000E+00  0.00000E+00   0.00000E+00  1.01177E-16   1.35557E+02  4.70360E-03   1.35557E+02  9.38095E-03   1.35635E+02  1.40114E-02   1.35776E+02  1.85638E-02   1.35965E+02  2.30239E-02   1.36214E+02  2.73624E-02   1.36517E+02  3.15617E-02   1.36872E+02  3.56069E-02   1.37288E+02  3.94729E-02   1.37750E+02  4.31536E-02   1.38280E+02  4.66326E-02   1.38848E+02  4.98961E-02   1.39492E+02  5.29457E-02   1.40169E+02  5.57636E-02   1.40922E+02  5.83556E-02   1.41714E+02  6.07149E-02   1.42572E+02  6.28447E-02   1.43480E+02  6.47421E-02   1.44443E+02  6.64217E-02   1.45468E+02  6.78718E-02   1.46535E+02  6.91171E-02   1.47673E+02  7.01526E-02   1.48847E+02  7.09842E-02   1.50088E+02  7.16411E-02   1.51379E+02  7.20947E-02   1.52716E+02  7.24028E-02   1.54122E+02  7.25332E-02   1.55565E+02  7.25215E-02   1.57071E+02  7.23813E-02   1.58632E+02  7.20953E-02   1.60231E+02  7.17086E-02   1.61898E+02  7.12043E-02   1.63605E+02  7.05987E-02   1.65360E+02  6.99171E-02   1.67181E+02  6.91495E-02   1.69029E+02  6.83149E-02   1.70941E+02  6.74189E-02   1.72894E+02  6.64592E-02   1.74890E+02  6.54652E-02   1.76952E+02  6.44292E-02   1.79046E+02  6.33454E-02   1.81182E+02  6.22425E-02   1.83372E+02 
 0.00000E+00   0.00000E+00  0.00000E+00   0.00000E+00  0.00000E+00   0.00000E+00  0.00000E+00   0.00000E+00  0.00000E+00   0.00000E+00  0.00000E+00   0.00000E+00  0.00000E+00   0.00000E+00  0.00000E+00   0.00000E+00  0.00000E+00   0.00000E+00  0.00000E+00   0.00000E+00  0.00000E+00   0.00000E+00  0.00000E+00   0.00000E+00  0.00000E+00   0.00000E+00  0.00000E+00   0.00000E+00  0.00000E+00   0.00000E+00  0.00000E+00   0.00000E+00  0.00000E+00   0.00000E+00  0.00000E+00   0.00000E+00  0.00000E+00   0.00000E+00  0.00000E+00   0.00000E+00  0.00000E+00   0.00000E+00  0.00000E+00   0.00000E+00  0.00000E+00   0.00000E+00  0.00000E+00   0.00000E+00  0.00000E+00   0.00000E+00  0.00000E+00   0.00000E+00  0.00000E+00   0.00000E+00  0.00000E+00   0.00000E+00  0.00000E+00   0.00000E+00  0.00000E+00   0.00000E+00  0.00000E+00   0.00000E+00  0.00000E+00   0.00000E+00  0.00000E+00   0.00000E+00  0.00000E+00   0.00000E+00  0.00000E+00   0.00000E+00  0.00000E+00   0.00000E+00  0.00000E+00   0.00000E+00  0.00000E+00   0.00000E+00  1.03442E-16   1.33872E+02  4.80891E-03   1.33872E+02  9.59203E-03   1.33963E+02  1.43208E-02   1.34090E+02  1.89763E-02   1.34293E+02  2.35246E-02   1.34530E+02  2.79529E-02   1.34842E+02  3.22339E-02   1.35190E+02  3.63478E-02   1.35611E+02  4.02838E-02   1.36071E+02  4.40178E-02   1.36599E+02  4.75443E-02   1.37174E+02  5.08492E-02   1.37807E+02  5.39261E-02   1.38497E+02  5.67642E-02   1.39236E+02  5.93726E-02   1.40040E+02  6.17283E-02   1.40884E+02  6.38566E-02   1.41802E+02  6.57405E-02   1.42754E+02  6.73901E-02   1.43783E+02  6.88228E-02   1.44850E+02  7.00197E-02   1.45980E+02  7.10235E-02   1.47170E+02  7.18109E-02   1.48399E+02  7.24130E-02   1.49705E+02  7.28368E-02   1.51042E+02  7.30715E-02   1.52445E+02  7.31677E-02   1.53900E+02  7.30880E-02   1.55395E+02  7.28846E-02   1.56963E+02  7.25540E-02   1.58565E+02  7.20955E-02   1.60229E+02  7.15492E-02   1.61947E+02  7.08931E-02   1.63704E+02  7.01448E-02   1.65521E+02  6.93339E-02   1.67389E+02  6.84390E-02   1.69294E+02  6.74892E-02   1.71264E+02  6.65008E-02   1.73268E+02  6.54467E-02   1.75312E+02  6.43616E-02   1.77424E+02  6.32486E-02   1.79567E+02  6.21040E-02   1.81756E+02 
 0.00000E+00   0.00000E+00  0.00000E+00   0.00000E+00  0.00000E+00   0.00000E+00  0.00000E+00   0.00000E+00  0.00000E+00   0.00000E+00  0.00000E+00   0.00000E+00  0.00000E+00   0.00000E+00  0.00000E+00   0.00000E+00  0.00000E+00   0.00000E+00  0.00000E+00   0.00000E+00  0.00000E+00   0.00000E+00  0.00000E+00   0.00000E+00  0.00000E+00   0.00000E+00  0.00000E+00   0.00000E+00  0.00000E+00   0.00000E+00  0.00000E+00   0.00000E+00  0.00000E+00   0.00000E+00  0.00000E+00   0.00000E+00  0.00000E+00   0.00000E+00  0.00000E+00   0.00000E+00  0.00000E+00   0.00000E+00  0.00000E+00   0.00000E+00  0.00000E+00   0.00000E+00  0.00000E+00   0.00000E+00  0.00000E+00   0.00000E+00  0.00000E+00   0.00000E+00  0.00000E+00   0.00000E+00  0.00000E+00   0.00000E+00  0.00000E+00   0.00000E+00  0.00000E+00   0.00000E+00  0.00000E+00   0.00000E+00  0.00000E+00   0.00000E+00  0.00000E+00   0.00000E+00  0.00000E+00   0.00000E+00  0.00000E+00   0.00000E+00  0.00000E+00   0.00000E+00  0.00000E+00   0.00000E+00  0.00000E+00   0.00000E+00  1.05623E-16   1.32254E+02  4.91030E-03   1.32254E+02  9.79300E-03   1.32337E+02  1.46222E-02   1.32474E+02  1.93660E-02   1.32664E+02  2.40098E-02   1.32913E+02  2.85147E-02   1.33211E+02  3.28752E-02   1.33571E+02  3.70549E-02   1.33978E+02  4.10519E-02   1.34449E+02  4.48330E-02   1.34966E+02  4.84066E-02   1.35547E+02  5.17360E-02   1.36176E+02  5.48419E-02   1.36868E+02  5.76929E-02   1.37608E+02  6.03011E-02   1.38410E+02  6.26657E-02   1.39262E+02  6.47719E-02   1.40171E+02  6.66486E-02   1.41138E+02  6.82712E-02   1.42151E+02  6.96711E-02   1.43231E+02  7.08383E-02   1.44352E+02  7.17897E-02   1.45539E+02  7.25379E-02   1.46775E+02  7.30824E-02   1.48067E+02  7.34515E-02   1.49420E+02  7.36419E-02   1.50816E+02  7.36684E-02   1.52279E+02  7.35531E-02   1.53782E+02  7.32798E-02   1.55342E+02  7.28942E-02   1.56958E+02  7.23800E-02   1.58615E+02  7.17615E-02   1.60339E+02  7.10615E-02   1.62103E+02  7.02608E-02   1.63920E+02  6.93920E-02   1.65787E+02  6.84612E-02   1.67702E+02  6.74546E-02   1.69664E+02  6.64043E-02   1.71686E+02  6.53332E-02   1.73745E+02  6.42024E-02   1.75847E+02  6.30404E-02   1.78004E+02  6.18661E-02   1.80194E+02 
 0.00000E+00   0.00000E+00  0.00000E+00   0.00000E+00  0.00000E+00   0.00000E+00  0.00000E+00   0.00000E+00  0.00000E+00   0.00000E+00  0.00000E+00   0.00000E+00  0.00000E+00   0.00000E+00  0.00000E+00   0.00000E+00  0.00000E+00   0.00000E+00  0.00000E+00   0.00000E+00  0.00000E+00   0.00000E+00  0.00000E+00   0.00000E+00  0.00000E+00   0.00000E+00  0.00000E+00   0.00000E+00  0.00000E+00   0.00000E+00  0.00000E+00   0.00000E+00  0.00000E+00   0.00000E+00  0.00000E+00   0.00000E+00  0.00000E+00   0.00000E+00  0.00000E+00   0.00000E+00  0.00000E+00   0.00000E+00  0.00000E+00   0.00000E+00  0.00000E+00   0.00000E+00  0.00000E+00   0.00000E+00  0.00000E+00   0.00000E+00  0.00000E+00   0.00000E+00  0.00000E+00   0.00000E+00  0.00000E+00   0.00000E+00  0.00000E+00   0.00000E+00  0.00000E+00   0.00000E+00  0.00000E+00   0.00000E+00  0.00000E+00   0.00000E+00  0.00000E+00   0.00000E+00  0.00000E+00   0.00000E+00  0.00000E+00   0.00000E+00  0.00000E+00   0.00000E+00  0.00000E+00   0.00000E+00  0.00000E+00   0.00000E+00  1.07699E-16   1.30700E+02  5.00681E-03   1.30700E+02  9.98204E-03   1.30777E+02  1.49036E-02   1.30916E+02  1.97365E-02   1.31108E+02  2.44604E-02   1.31351E+02  2.90455E-02   1.31655E+02  3.34735E-02   1.32007E+02  3.77182E-02   1.32421E+02  4.17658E-02   1.32883E+02  4.55986E-02   1.33406E+02  4.91987E-02   1.33979E+02  5.25685E-02   1.34611E+02  5.56776E-02   1.35295E+02  5.85490E-02   1.36037E+02  6.11502E-02   1.36834E+02  6.35064E-02   1.37685E+02  6.55996E-02   1.38597E+02  6.74466E-02   1.39555E+02  6.90454E-02   1.40581E+02  7.04046E-02   1.41651E+02  7.15369E-02   1.42783E+02  7.24417E-02   1.43969E+02  7.31410E-02   1.45203E+02  7.36378E-02   1.46502E+02  7.39454E-02   1.47844E+02  7.40806E-02   1.49248E+02  7.40504E-02   1.50706E+02  7.38679E-02   1.52212E+02  7.35531E-02   1.53779E+02  7.30984E-02   1.55391E+02  7.25408E-02   1.57059E+02  7.18654E-02   1.58778E+02  7.11008E-02   1.60548E+02  7.02563E-02   1.62371E+02  6.93275E-02   1.64245E+02  6.83478E-02   1.66163E+02  6.73096E-02   1.68133E+02  6.62119E-02   1.70144E+02  6.50735E-02   1.72210E+02  6.39257E-02   1.74327E+02  6.27316E-02   1.76485E+02  6.15117E-02   1.78687E+02 
 0.00000E+00   0.00000E+00  0.00000E+00   0.00000E+00  0.00000E+00   0.00000E+00  0.00000E+00   0.00000E+00  0.00000E+00   0.00000E+00  0.00000E+00   0.00000E+00  0.00000E+00   0.00000E+00  0.00000E+00   0.00000E+00  0.00000E+00   0.00000E+00  0.00000E+00   0.00000E+00  0.00000E+00   0.00000E+00  0.00000E+00   0.00000E+00  0.00000E+00   0.00000E+00  0.00000E+00   0.00000E+00  0.00000E+00   0.00000E+00  0.00000E+00   0.00000E+00  0.00000E+00   0.00000E+00  0.00000E+00   0.00000E+00  0.00000E+00   0.00000E+00  0.00000E+00   0.00000E+00  0.00000E+00   0.00000E+00  0.00000E+00   0.00000E+00  0.00000E+00   0.00000E+00  0.00000E+00   0.00000E+00  0.00000E+00   0.00000E+00  0.00000E+00   0.00000E+00  0.00000E+00   0.00000E+00  0.00000E+00   0.00000E+00  0.00000E+00   0.00000E+00  0.00000E+00   0.00000E+00  0.00000E+00   0.00000E+00  0.00000E+00   0.00000E+00  0.00000E+00   0.00000E+00  0.00000E+00   0.00000E+00  0.00000E+00   0.00000E+00  0.00000E+00   0.00000E+00  0.00000E+00   0.00000E+00  0.00000E+00   0.00000E+00  1.09574E-16   1.29185E+02  5.09395E-03   1.29185E+02  1.01599E-02   1.29277E+02  1.51626E-02   1.29406E+02  2.00789E-02   1.29601E+02  2.48766E-02   1.29845E+02  2.95333E-02   1.30145E+02  3.40214E-02   1.30501E+02  3.83239E-02   1.30909E+02  4.24161E-02   1.31377E+02  4.62875E-02   1.31893E+02  4.99193E-02   1.32473E+02  5.33033E-02   1.33097E+02  5.64334E-02   1.33791E+02  5.92975E-02   1.34522E+02  6.19033E-02   1.35327E+02  6.42390E-02   1.36172E+02  6.63175E-02   1.37080E+02  6.81337E-02   1.38045E+02  6.96999E-02   1.39054E+02  7.10213E-02   1.40139E+02  7.21041E-02   1.41255E+02  7.29660E-02   1.42449E+02  7.36100E-02   1.43684E+02  7.40525E-02   1.44976E+02  7.43095E-02   1.46335E+02  7.43820E-02   1.47727E+02  7.42980E-02   1.49196E+02  7.40584E-02   1.50701E+02  7.36735E-02   1.52263E+02  7.31757E-02   1.53889E+02  7.25446E-02   1.55547E+02  7.18250E-02   1.57276E+02  7.10116E-02   1.59047E+02  7.01101E-02   1.60865E+02  6.91436E-02   1.62745E+02  6.81057E-02   1.64669E+02  6.70216E-02   1.66641E+02  6.58930E-02   1.68674E+02  6.47251E-02   1.70733E+02  6.35174E-02   1.72847E+02  6.22998E-02   1.75017E+02  6.10566E-02   1.77220E+02 
 0.00000E+00   0.00000E+00  0.00000E+00   0.00000E+00  0.00000E+00   0.00000E+00  0.00000E+00   0.00000E+00  0.00000E+00   0.00000E+00  0.00000E+00   0.00000E+00  0.00000E+00   0.00000E+00  0.00000E+00   0.00000E+00  0.00000E+00   0.00000E+00  0.00000E+00   0.00000E+00  0.00000E+00   0.00000E+00  0.00000E+00   0.00000E+00  0.00000E+00   0.00000E+00  0.00000E+00   0.00000E+00  0.00000E+00   0.00000E+00  0.00000E+00   0.00000E+00  0.00000E+00   0.00000E+00  0.00000E+00   0.00000E+00  0.00000E+00   0.00000E+00  0.00000E+00   0.00000E+00  0.00000E+00   0.00000E+00  0.00000E+00   0.00000E+00  0.00000E+00   0.00000E+00  0.00000E+00   0.00000E+00  0.00000E+00   0.00000E+00  0.00000E+00   0.00000E+00  0.00000E+00   0.00000E+00  0.00000E+00   0.00000E+00  0.00000E+00   0.00000E+00  0.00000E+00   0.00000E+00  0.00000E+00   0.00000E+00  0.00000E+00   0.00000E+00  0.00000E+00   0.00000E+00  0.00000E+00   0.00000E+00  0.00000E+00   0.00000E+00  0.00000E+00   0.00000E+00  0.00000E+00   0.00000E+00  0.00000E+00   0.00000E+00  1.11336E-16   1.27756E+02  5.17589E-03   1.27756E+02  1.03177E-02   1.27823E+02  1.54007E-02   1.27970E+02  2.03868E-02   1.28152E+02  2.52550E-02   1.28403E+02  2.99710E-02   1.28695E+02  3.45179E-02   1.29056E+02  3.88639E-02   1.29456E+02  4.29994E-02   1.29927E+02  4.68990E-02   1.30439E+02  5.05531E-02   1.31016E+02  5.39525E-02   1.31643E+02  5.70810E-02   1.32326E+02  5.99482E-02   1.33069E+02  6.25322E-02   1.33858E+02  6.48571E-02   1.34717E+02  6.68997E-02   1.35616E+02  6.86906E-02   1.36585E+02  7.02150E-02   1.37599E+02  7.14935E-02   1.38673E+02  7.25354E-02   1.39804E+02  7.33390E-02   1.40981E+02  7.39363E-02   1.42226E+02  7.43192E-02   1.43512E+02  7.45137E-02   1.44866E+02  7.45361E-02   1.46268E+02  7.43824E-02   1.47724E+02  7.40936E-02   1.49244E+02  7.36583E-02   1.50804E+02  7.30902E-02   1.52426E+02  7.24277E-02   1.54100E+02  7.16339E-02   1.55817E+02  7.07696E-02   1.57601E+02  6.98287E-02   1.59426E+02  6.88039E-02   1.61301E+02  6.77377E-02   1.63232E+02  6.66077E-02   1.65202E+02  6.54306E-02   1.67227E+02  6.42265E-02   1.69313E+02  6.30030E-02   1.71425E+02  6.17420E-02   1.73597E+02  6.04733E-02   1.75813E+02 
 0.00000E+00   0.00000E+00  0.00000E+00   0.00000E+00  0.00000E+00   0.00000E+00  0.00000E+00   0.00000E+00  0.00000E+00   0.00000E+00  0.00000E+00   0.00000E+00  0.00000E+00   0.00000E+00  0.00000E+00   0.00000E+00  0.00000E+00   0.00000E+00  0.00000E+00   0.00000E+00  0.00000E+00   0.00000E+00  0.00000E+00   0.00000E+00  0.00000E+00   0.00000E+00  0.00000E+00   0.00000E+00  0.00000E+00   0.00000E+00  0.00000E+00   0.00000E+00  0.00000E+00   0.00000E+00  0.00000E+00   0.00000E+00  0.00000E+00   0.00000E+00  0.00000E+00   0.00000E+00  0.00000E+00   0.00000E+00  0.00000E+00   0.00000E+00  0.00000E+00   0.00000E+00  0.00000E+00   0.00000E+00  0.00000E+00   0.00000E+00  0.00000E+00   0.00000E+00  0.00000E+00   0.00000E+00  0.00000E+00   0.00000E+00  0.00000E+00   0.00000E+00  0.00000E+00   0.00000E+00  0.00000E+00   0.00000E+00  0.00000E+00   0.00000E+00  0.00000E+00   0.00000E+00  0.00000E+00   0.00000E+00  0.00000E+00   0.00000E+00  0.00000E+00   0.00000E+00  0.00000E+00   0.00000E+00  0.00000E+00   0.00000E+00  1.12818E-16   1.26357E+02  5.24476E-03   1.26357E+02  1.04592E-02   1.26448E+02  1.56045E-02   1.26578E+02  2.06576E-02   1.26770E+02  2.55795E-02   1.27012E+02  3.03532E-02   1.27313E+02  3.49383E-02   1.27662E+02  3.93321E-02   1.28075E+02  4.34883E-02   1.28532E+02  4.74196E-02   1.29054E+02  5.10812E-02   1.29622E+02  5.44907E-02   1.30251E+02  5.76165E-02   1.30932E+02  6.04704E-02   1.31669E+02  6.30434E-02   1.32462E+02  6.53321E-02   1.33309E+02  6.73561E-02   1.34214E+02  6.90937E-02   1.35173E+02  7.05873E-02   1.36190E+02  7.18103E-02   1.37263E+02  7.28023E-02   1.38391E+02  7.35594E-02   1.39576E+02  7.40922E-02   1.40816E+02  7.44296E-02   1.42109E+02  7.45619E-02   1.43459E+02  7.45215E-02   1.44861E+02  7.43192E-02   1.46320E+02  7.39542E-02   1.47833E+02  7.34698E-02   1.49401E+02  7.28524E-02   1.51023E+02  7.21207E-02   1.52695E+02  7.13059E-02   1.54421E+02  7.03767E-02   1.56195E+02  6.93884E-02   1.58027E+02  6.83314E-02   1.59909E+02  6.72041E-02   1.61843E+02  6.60536E-02   1.63825E+02  6.48495E-02   1.65853E+02  6.36010E-02   1.67925E+02  6.23389E-02   1.70053E+02  6.10668E-02   1.72227E+02  5.97651E-02   1.74448E+02 
 0.00000E+00   0.00000E+00  0.00000E+00   0.00000E+00  0.00000E+00   0.00000E+00  0.00000E+00   0.00000E+00  0.00000E+00   0.00000E+00  0.00000E+00   0.00000E+00  0.00000E+00   0.00000E+00  0.00000E+00   0.00000E+00  0.00000E+00   0.00000E+00  0.00000E+00   0.00000E+00  0.00000E+00   0.00000E+00  0.00000E+00   0.00000E+00  0.00000E+00   0.00000E+00  0.00000E+00   0.00000E+00  0.00000E+00   0.00000E+00  0.00000E+00   0.00000E+00  0.00000E+00   0.00000E+00  0.00000E+00   0.00000E+00  0.00000E+00   0.00000E+00  0.00000E+00   0.00000E+00  0.00000E+00   0.00000E+00  0.00000E+00   0.00000E+00  0.00000E+00   0.00000E+00  0.00000E+00   0.00000E+00  0.00000E+00   0.00000E+00  0.00000E+00   0.00000E+00  0.00000E+00   0.00000E+00  0.00000E+00   0.00000E+00  0.00000E+00   0.00000E+00  0.00000E+00   0.00000E+00  0.00000E+00   0.00000E+00  0.00000E+00   0.00000E+00  0.00000E+00   0.00000E+00  0.00000E+00   0.00000E+00  0.00000E+00   0.00000E+00  0.00000E+00   0.00000E+00  0.00000E+00   0.00000E+00  0.00000E+00   0.00000E+00  1.14119E-16   1.25041E+02  5.30526E-03   1.25041E+02  1.05755E-02   1.25110E+02  1.57786E-02   1.25251E+02  2.08825E-02   1.25437E+02  2.58529E-02   1.25682E+02  3.06655E-02   1.25975E+02  3.52917E-02   1.26334E+02  3.97042E-02   1.26732E+02  4.38926E-02   1.27201E+02  4.78242E-02   1.27709E+02  5.15023E-02   1.28286E+02  5.48979E-02   1.28908E+02  5.80219E-02   1.29591E+02  6.08504E-02   1.30329E+02  6.34023E-02   1.31118E+02  6.56602E-02   1.31970E+02  6.76409E-02   1.32868E+02  6.93481E-02   1.33832E+02  7.07797E-02   1.34842E+02  7.19672E-02   1.35914E+02  7.28939E-02   1.37040E+02  7.35990E-02   1.38219E+02  7.40767E-02   1.39463E+02  7.43483E-02   1.40749E+02  7.44311E-02   1.42105E+02  7.43314E-02   1.43507E+02  7.40684E-02   1.44964E+02  7.36606E-02   1.46484E+02  7.31094E-02   1.48045E+02  7.24407E-02   1.49672E+02  7.16656E-02   1.51350E+02  7.07820E-02   1.53074E+02  6.98285E-02   1.54859E+02  6.87892E-02   1.56687E+02  6.76921E-02   1.58566E+02  6.65409E-02   1.60504E+02  6.53333E-02   1.62483E+02  6.41049E-02   1.64521E+02  6.28433E-02   1.66611E+02  6.15495E-02   1.68728E+02  6.02463E-02   1.70908E+02  5.89404E-02   1.73134E+02 
 0.00000E+00   0.00000E+00  0.00000E+00   0.00000E+00  0.00000E+00   0.00000E+00  0.00000E+00   0.00000E+00  0.00000E+00   0.00000E+00  0.00000E+00   0.00000E+00  0.00000E+00   0.00000E+00  0.00000E+00   0.00000E+00  0.00000E+00   0.00000E+00  0.00000E+00   0.00000E+00  0.00000E+00   0.00000E+00  0.00000E+00   0.00000E+00  0.00000E+00   0.00000E+00  0.00000E+00   0.00000E+00  0.00000E+00   0.00000E+00  0.00000E+00   0.00000E+00  0.00000E+00   0.00000E+00  0.00000E+00   0.00000E+00  0.00000E+00   0.00000E+00  0.00000E+00   0.00000E+00  0.00000E+00   0.00000E+00  0.00000E+00   0.00000E+00  0.00000E+00   0.00000E+00  0.00000E+00   0.00000E+00  0.00000E+00   0.00000E+00  0.00000E+00   0.00000E+00  0.00000E+00   0.00000E+00  0.00000E+00   0.00000E+00  0.00000E+00   0.00000E+00  0.00000E+00   0.00000E+00  0.00000E+00   0.00000E+00  0.00000E+00   0.00000E+00  0.00000E+00   0.00000E+00  0.00000E+00   0.00000E+00  0.00000E+00   0.00000E+00  0.00000E+00   0.00000E+00  0.00000E+00   0.00000E+00  0.00000E+00   0.00000E+00  1.15091E-16   1.23764E+02  5.35043E-03   1.23764E+02  1.06673E-02   1.23851E+02  1.59125E-02   1.23985E+02  2.10541E-02   1.24170E+02  2.60618E-02   1.24416E+02  3.09028E-02   1.24710E+02  3.55507E-02   1.25058E+02  3.99860E-02   1.25467E+02  4.41762E-02   1.25920E+02  4.81203E-02   1.26441E+02  5.17843E-02   1.27001E+02  5.51774E-02   1.27632E+02  5.82735E-02   1.28303E+02  6.10853E-02   1.29044E+02  6.35964E-02   1.29828E+02  6.58223E-02   1.30678E+02  6.77580E-02   1.31577E+02  6.94128E-02   1.32534E+02  7.08037E-02   1.33553E+02  7.19232E-02   1.34615E+02  7.28077E-02   1.35750E+02  7.34468E-02   1.36924E+02  7.38692E-02   1.38166E+02  7.40858E-02   1.39459E+02  7.41039E-02   1.40802E+02  7.39483E-02   1.42214E+02  7.36317E-02   1.43665E+02  7.31573E-02   1.45183E+02  7.25672E-02   1.46753E+02  7.18446E-02   1.48370E+02  7.10193E-02   1.50053E+02  7.01106E-02   1.51780E+02  6.90925E-02   1.53559E+02  6.80260E-02   1.55401E+02  6.68902E-02   1.57282E+02  6.57015E-02   1.59222E+02  6.44836E-02   1.61211E+02  6.32167E-02   1.63237E+02  6.19231E-02   1.65327E+02  6.06185E-02   1.67466E+02  5.92969E-02   1.69640E+02  5.79609E-02   1.71874E+02 
 0.00000E+00   0.00000E+00  0.00000E+00   0.00000E+00  0.00000E+00   0.00000E+00  0.00000E+00   0.00000E+00  0.00000E+00   0.00000E+00  0.00000E+00   0.00000E+00  0.00000E+00   0.00000E+00  0.00000E+00   0.00000E+00  0.00000E+00   0.00000E+00  0.00000E+00   0.00000E+00  0.00000E+00   0.00000E+00  0.00000E+00   0.00000E+00  0.00000E+00   0.00000E+00  0.00000E+00   0.00000E+00  0.00000E+00   0.00000E+00  0.00000E+00   0.00000E+00  0.00000E+00   0.00000E+00  0.00000E+00   0.00000E+00  0.00000E+00   0.00000E+00  0.00000E+00   0.00000E+00  0.00000E+00   0.00000E+00  0.00000E+00   0.00000E+00  0.00000E+00   0.00000E+00  0.00000E+00   0.00000E+00  0.00000E+00   0.00000E+00  0.00000E+00   0.00000E+00  0.00000E+00   0.00000E+00  0.00000E+00   0.00000E+00  0.00000E+00   0.00000E+00  0.00000E+00   0.00000E+00  0.00000E+00   0.00000E+00  0.00000E+00   0.00000E+00  0.00000E+00   0.00000E+00  0.00000E+00   0.00000E+00  0.00000E+00   0.00000E+00  0.00000E+00   0.00000E+00  0.00000E+00   0.00000E+00  0.00000E+00   0.00000E+00  1.15790E-16   1.22563E+02  5.38291E-03   1.22563E+02  1.07289E-02   1.22636E+02  1.60020E-02   1.22770E+02  2.11716E-02   1.22963E+02  2.61954E-02   1.23196E+02  3.10562E-02   1.23498E+02  3.57134E-02   1.23843E+02  4.01496E-02   1.24247E+02  4.43440E-02   1.24706E+02  4.82702E-02   1.25217E+02  5.19287E-02   1.25785E+02  5.52894E-02   1.26406E+02  5.83685E-02   1.27085E+02  6.11345E-02   1.27816E+02  6.36198E-02   1.28606E+02  6.57898E-02   1.29446E+02  6.76859E-02   1.30349E+02  6.92875E-02   1.31300E+02  7.06165E-02   1.32314E+02  7.16920E-02   1.33380E+02  7.25009E-02   1.34502E+02  7.30947E-02   1.35685E+02  7.34499E-02   1.36919E+02  7.36098E-02   1.38214E+02  7.35775E-02   1.39563E+02  7.33627E-02   1.40966E+02  7.29953E-02   1.42426E+02  7.24745E-02   1.43938E+02  7.18210E-02   1.45509E+02  7.10595E-02   1.47133E+02  7.01850E-02   1.48811E+02  6.92282E-02   1.50545E+02  6.81975E-02   1.52326E+02  6.70779E-02   1.54160E+02  6.59209E-02   1.56046E+02  6.47023E-02   1.57986E+02  6.34440E-02   1.59978E+02  6.21749E-02   1.62021E+02  6.08679E-02   1.64109E+02  5.95349E-02   1.66240E+02  5.82070E-02   1.68428E+02  5.68709E-02   1.70655E+02 
 0.00000E+00   0.00000E+00  0.00000E+00   0.00000E+00  0.00000E+00   0.00000E+00  0.00000E+00   0.00000E+00  0.00000E+00   0.00000E+00  0.00000E+00   0.00000E+00  0.00000E+00   0.00000E+00  0.00000E+00   0.00000E+00  0.00000E+00   0.00000E+00  0.00000E+00   0.00000E+00  0.00000E+00   0.00000E+00  0.00000E+00   0.00000E+00  0.00000E+00   0.00000E+00  0.00000E+00   0.00000E+00  0.00000E+00   0.00000E+00  0.00000E+00   0.00000E+00  0.00000E+00   0.00000E+00  0.00000E+00   0.00000E+00  0.00000E+00   0.00000E+00  0.00000E+00   0.00000E+00  0.00000E+00   0.00000E+00  0.00000E+00   0.00000E+00  0.00000E+00   0.00000E+00  0.00000E+00   0.00000E+00  0.00000E+00   0.00000E+00  0.00000E+00   0.00000E+00  0.00000E+00   0.00000E+00  0.00000E+00   0.00000E+00  0.00000E+00   0.00000E+00  0.00000E+00   0.00000E+00  0.00000E+00   0.00000E+00  0.00000E+00   0.00000E+00  0.00000E+00   0.00000E+00  0.00000E+00   0.00000E+00  0.00000E+00   0.00000E+00  0.00000E+00   0.00000E+00  0.00000E+00   0.00000E+00  0.00000E+00   0.00000E+00  1.16103E-16   1.21403E+02  5.39747E-03   1.21403E+02  1.07581E-02   1.21492E+02  1.60452E-02   1.21624E+02  2.12188E-02   1.21804E+02  2.62562E-02   1.22053E+02  3.11096E-02   1.22339E+02  3.57695E-02   1.22690E+02  4.01931E-02   1.23090E+02  4.43725E-02   1.23544E+02  4.82805E-02   1.24056E+02  5.19074E-02   1.24617E+02  5.52420E-02   1.25241E+02  5.82749E-02   1.25912E+02  6.10094E-02   1.26646E+02  6.34326E-02   1.27428E+02  6.55689E-02   1.28275E+02  6.73946E-02   1.29169E+02  6.89521E-02   1.30126E+02  7.02191E-02   1.31137E+02  7.12313E-02   1.32199E+02  7.19921E-02   1.33327E+02  7.25110E-02   1.34499E+02  7.28201E-02   1.35737E+02  7.29113E-02   1.37028E+02  7.28255E-02   1.38372E+02  7.25564E-02   1.39781E+02  7.21366E-02   1.41234E+02  7.15693E-02   1.42752E+02  7.08769E-02   1.44320E+02  7.00687E-02   1.45941E+02  6.91600E-02   1.47623E+02  6.81660E-02   1.49354E+02  6.70903E-02   1.51141E+02  6.59598E-02   1.52985E+02  6.47641E-02   1.54870E+02  6.35355E-02   1.56810E+02  6.22618E-02   1.58803E+02  6.09564E-02   1.60837E+02  5.96445E-02   1.62938E+02  5.83097E-02   1.65084E+02  5.69618E-02   1.67261E+02  5.56186E-02   1.69503E+02 
 0.00000E+00   0.00000E+00  0.00000E+00   0.00000E+00  0.00000E+00   0.00000E+00  0.00000E+00   0.00000E+00  0.00000E+00   0.00000E+00  0.00000E+00   0.00000E+00  0.00000E+00   0.00000E+00  0.00000E+00   0.00000E+00  0.00000E+00   0.00000E+00  0.00000E+00   0.00000E+00  0.00000E+00   0.00000E+00  0.00000E+00   0.00000E+00  0.00000E+00   0.00000E+00  0.00000E+00   0.00000E+00  0.00000E+00   0.00000E+00  0.00000E+00   0.00000E+00  0.00000E+00   0.00000E+00  0.00000E+00   0.00000E+00  0.00000E+00   0.00000E+00  0.00000E+00   0.00000E+00  0.00000E+00   0.00000E+00  0.00000E+00   0.00000E+00  0.00000E+00   0.00000E+00  0.00000E+00   0.00000E+00  0.00000E+00   0.00000E+00  0.00000E+00   0.00000E+00  0.00000E+00   0.00000E+00  0.00000E+00   0.00000E+00  0.00000E+00   0.00000E+00  0.00000E+00   0.00000E+00  0.00000E+00   0.00000E+00  0.00000E+00   0.00000E+00  0.00000E+00   0.00000E+00  0.00000E+00   0.00000E+00  0.00000E+00   0.00000E+00  0.00000E+00   0.00000E+00  0.00000E+00   0.00000E+00  0.00000E+00   0.00000E+00  1.16041E-16   1.20322E+02  5.39461E-03   1.20322E+02  1.07508E-02   1.20398E+02  1.60300E-02   1.20527E+02  2.12002E-02   1.20722E+02  2.62179E-02   1.20948E+02  3.10644E-02   1.21253E+02  3.56967E-02   1.21589E+02  4.01010E-02   1.21996E+02  4.42481E-02   1.22444E+02  4.81226E-02   1.22956E+02  5.17118E-02   1.23515E+02  5.50007E-02   1.24136E+02  5.79902E-02   1.24806E+02  6.06671E-02   1.25534E+02  6.30461E-02   1.26319E+02  6.51122E-02   1.27152E+02  6.68938E-02   1.28056E+02  6.83763E-02   1.28997E+02  6.95915E-02   1.30013E+02  7.05385E-02   1.31073E+02  7.12348E-02   1.32193E+02  7.17029E-02   1.33376E+02  7.19433E-02   1.34602E+02  7.19901E-02   1.35900E+02  7.18442E-02   1.37241E+02  7.15290E-02   1.38645E+02  7.10590E-02   1.40107E+02  7.04467E-02   1.41614E+02  6.97079E-02   1.43192E+02  6.88659E-02   1.44811E+02  6.79186E-02   1.46490E+02  6.68989E-02   1.48228E+02  6.58055E-02   1.50006E+02  6.46374E-02   1.51849E+02  6.34343E-02   1.53741E+02  6.21749E-02   1.55682E+02  6.08946E-02   1.57684E+02  5.95924E-02   1.59728E+02  5.82641E-02   1.61816E+02  5.69252E-02   1.63960E+02  5.55870E-02   1.66157E+02  5.42381E-02   1.68386E+02 
 0.00000E+00   0.00000E+00  0.00000E+00   0.00000E+00  0.00000E+00   0.00000E+00  0.00000E+00   0.00000E+00  0.00000E+00   0.00000E+00  0.00000E+00   0.00000E+00  0.00000E+00   0.00000E+00  0.00000E+00   0.00000E+00  0.00000E+00   0.00000E+00  0.00000E+00   0.00000E+00  0.00000E+00   0.00000E+00  0.00000E+00   0.00000E+00  0.00000E+00   0.00000E+00  0.00000E+00   0.00000E+00  0.00000E+00   0.00000E+00  0.00000E+00   0.00000E+00  0.00000E+00   0.00000E+00  0.00000E+00   0.00000E+00  0.00000E+00   0.00000E+00  0.00000E+00   0.00000E+00  0.00000E+00   0.00000E+00  0.00000E+00   0.00000E+00  0.00000E+00   0.00000E+00  0.00000E+00   0.00000E+00  0.00000E+00   0.00000E+00  0.00000E+00   0.00000E+00  0.00000E+00   0.00000E+00  0.00000E+00   0.00000E+00  0.00000E+00   0.00000E+00  0.00000E+00   0.00000E+00  0.00000E+00   0.00000E+00  0.00000E+00   0.00000E+00  0.00000E+00   0.00000E+00  0.00000E+00   0.00000E+00  0.00000E+00   0.00000E+00  0.00000E+00   0.00000E+00  0.00000E+00   0.00000E+00  0.00000E+00   0.00000E+00  1.15544E-16   1.19279E+02  5.37148E-03   1.19279E+02  1.07031E-02   1.19365E+02  1.59598E-02   1.19496E+02  2.10968E-02   1.19676E+02  2.60927E-02   1.19921E+02  3.08965E-02   1.20204E+02  3.55007E-02   1.20554E+02  3.98571E-02   1.20948E+02  4.39651E-02   1.21402E+02  4.77876E-02   1.21905E+02  5.13264E-02   1.22469E+02  5.45600E-02   1.23080E+02  5.74890E-02   1.23755E+02  6.01101E-02   1.24477E+02  6.24185E-02   1.25261E+02  6.44327E-02   1.26099E+02  6.61358E-02   1.26990E+02  6.75702E-02   1.27943E+02  6.87079E-02   1.28945E+02  6.96014E-02   1.30009E+02  7.02334E-02   1.31126E+02  7.06361E-02   1.32301E+02  7.08289E-02   1.33533E+02  7.08065E-02   1.34820E+02  7.06212E-02   1.36167E+02  7.02509E-02   1.37568E+02  6.97427E-02   1.39026E+02  6.90949E-02   1.40541E+02  6.83205E-02   1.42105E+02  6.74460E-02   1.43734E+02  6.64730E-02   1.45409E+02  6.54179E-02   1.47147E+02  6.43063E-02   1.48939E+02  6.31338E-02   1.50778E+02  6.19050E-02   1.52672E+02  6.06546E-02   1.54611E+02  5.93517E-02   1.56608E+02  5.80386E-02   1.58655E+02  5.67226E-02   1.60758E+02  5.53824E-02   1.62906E+02  5.40406E-02   1.65094E+02  5.27110E-02   1.67338E+02 
 0.00000E+00   0.00000E+00  0.00000E+00   0.00000E+00  0.00000E+00   0.00000E+00  0.00000E+00   0.00000E+00  0.00000E+00   0.00000E+00  0.00000E+00   0.00000E+00  0.00000E+00   0.00000E+00  0.00000E+00   0.00000E+00  0.00000E+00   0.00000E+00  0.00000E+00   0.00000E+00  0.00000E+00   0.00000E+00  0.00000E+00   0.00000E+00  0.00000E+00   0.00000E+00  0.00000E+00   0.00000E+00  0.00000E+00   0.00000E+00  0.00000E+00   0.00000E+00  0.00000E+00   0.00000E+00  0.00000E+00   0.00000E+00  0.00000E+00   0.00000E+00  0.00000E+00   0.00000E+00  0.00000E+00   0.00000E+00  0.00000E+00   0.00000E+00  0.00000E+00   0.00000E+00  0.00000E+00   0.00000E+00  0.00000E+00   0.00000E+00  0.00000E+00   0.00000E+00  0.00000E+00   0.00000E+00  0.00000E+00   0.00000E+00  0.00000E+00   0.00000E+00  0.00000E+00   0.00000E+00  0.00000E+00   0.00000E+00  0.00000E+00   0.00000E+00  0.00000E+00   0.00000E+00  0.00000E+00   0.00000E+00  0.00000E+00   0.00000E+00  0.00000E+00   0.00000E+00  0.00000E+00   0.00000E+00  0.00000E+00   0.00000E+00  1.14561E-16   1.18313E+02  5.32580E-03   1.18313E+02  1.06126E-02   1.18390E+02  1.58193E-02   1.18518E+02  2.09129E-02   1.18709E+02  2.58510E-02   1.18937E+02  3.06101E-02   1.19234E+02  3.51509E-02   1.19571E+02  3.94567E-02   1.19971E+02  4.34974E-02   1.20416E+02  4.72635E-02   1.20925E+02  5.07314E-02   1.21476E+02  5.39030E-02   1.22095E+02  5.67599E-02   1.22756E+02  5.93131E-02   1.23481E+02  6.15523E-02   1.24260E+02  6.34918E-02   1.25089E+02  6.51340E-02   1.25987E+02  6.64867E-02   1.26926E+02  6.75741E-02   1.27937E+02  6.83877E-02   1.28993E+02  6.89716E-02   1.30112E+02  6.93117E-02   1.31288E+02  6.94479E-02   1.32513E+02  6.93853E-02   1.33807E+02  6.91380E-02   1.35144E+02  6.87375E-02   1.36548E+02  6.81779E-02   1.38007E+02  6.74973E-02   1.39515E+02  6.66950E-02   1.41092E+02  6.57921E-02   1.42709E+02  6.48016E-02   1.44389E+02  6.37358E-02   1.46125E+02  6.26023E-02   1.47906E+02  6.14173E-02   1.49756E+02  6.01914E-02   1.51651E+02  5.89211E-02   1.53597E+02  5.76439E-02   1.55600E+02  5.63284E-02   1.57644E+02  5.50100E-02   1.59738E+02  5.36894E-02   1.61891E+02  5.23608E-02   1.64096E+02  5.10304E-02   1.66330E+02 
 0.00000E+00   0.00000E+00  0.00000E+00   0.00000E+00  0.00000E+00   0.00000E+00  0.00000E+00   0.00000E+00  0.00000E+00   0.00000E+00  0.00000E+00   0.00000E+00  0.00000E+00   0.00000E+00  0.00000E+00   0.00000E+00  0.00000E+00   0.00000E+00  0.00000E+00   0.00000E+00  0.00000E+00   0.00000E+00  0.00000E+00   0.00000E+00  0.00000E+00   0.00000E+00  0.00000E+00   0.00000E+00  0.00000E+00   0.00000E+00  0.00000E+00   0.00000E+00  0.00000E+00   0.00000E+00  0.00000E+00   0.00000E+00  0.00000E+00   0.00000E+00  0.00000E+00   0.00000E+00  0.00000E+00   0.00000E+00  0.00000E+00   0.00000E+00  0.00000E+00   0.00000E+00  0.00000E+00   0.00000E+00  0.00000E+00   0.00000E+00  0.00000E+00   0.00000E+00  0.00000E+00   0.00000E+00  0.00000E+00   0.00000E+00  0.00000E+00   0.00000E+00  0.00000E+00   0.00000E+00  0.00000E+00   0.00000E+00  0.00000E+00   0.00000E+00  0.00000E+00   0.00000E+00  0.00000E+00   0.00000E+00  0.00000E+00   0.00000E+00  0.00000E+00   0.00000E+00  0.00000E+00   0.00000E+00  0.00000E+00   0.00000E+00  1.13089E-16   1.17386E+02  5.25736E-03   1.17386E+02  1.04737E-02   1.17470E+02  1.56133E-02   1.17600E+02  2.06318E-02   1.17780E+02  2.55030E-02   1.18018E+02  3.01830E-02   1.18305E+02  3.46540E-02   1.18647E+02  3.88788E-02   1.19039E+02  4.28462E-02   1.19491E+02  4.65285E-02   1.19986E+02  4.99218E-02   1.20551E+02  5.30086E-02   1.21151E+02  5.57904E-02   1.21827E+02  5.82607E-02   1.22538E+02  6.04254E-02   1.23321E+02  6.22879E-02   1.24149E+02  6.38542E-02   1.25038E+02  6.51432E-02   1.25983E+02  6.61505E-02   1.26980E+02  6.69141E-02   1.28043E+02  6.74219E-02   1.29151E+02  6.77144E-02   1.30328E+02  6.77944E-02   1.31553E+02  6.76791E-02   1.32838E+02  6.74006E-02   1.34185E+02  6.69505E-02   1.35577E+02  6.63715E-02   1.37039E+02  6.56594E-02   1.38550E+02  6.48325E-02   1.40114E+02  6.39133E-02   1.41748E+02  6.29037E-02   1.43418E+02  6.18216E-02   1.45160E+02  6.06925E-02   1.46951E+02  5.95061E-02   1.48787E+02  5.82757E-02   1.50689E+02  5.70251E-02   1.52628E+02  5.57294E-02   1.54630E+02  5.44376E-02   1.56688E+02  5.31346E-02   1.58788E+02  5.18215E-02   1.60938E+02  5.05163E-02   1.63138E+02  4.92194E-02   1.65385E+02 
 0.00000E+00   0.00000E+00  0.00000E+00   0.00000E+00  0.00000E+00   0.00000E+00  0.00000E+00   0.00000E+00  0.00000E+00   0.00000E+00  0.00000E+00   0.00000E+00  0.00000E+00   0.00000E+00  0.00000E+00   0.00000E+00  0.00000E+00   0.00000E+00  0.00000E+00   0.00000E+00  0.00000E+00   0.00000E+00  0.00000E+00   0.00000E+00  0.00000E+00   0.00000E+00  0.00000E+00   0.00000E+00  0.00000E+00   0.00000E+00  0.00000E+00   0.00000E+00  0.00000E+00   0.00000E+00  0.00000E+00   0.00000E+00  0.00000E+00   0.00000E+00  0.00000E+00   0.00000E+00  0.00000E+00   0.00000E+00  0.00000E+00   0.00000E+00  0.00000E+00   0.00000E+00  0.00000E+00   0.00000E+00  0.00000E+00   0.00000E+00  0.00000E+00   0.00000E+00  0.00000E+00   0.00000E+00  0.00000E+00   0.00000E+00  0.00000E+00   0.00000E+00  0.00000E+00   0.00000E+00  0.00000E+00   0.00000E+00  0.00000E+00   0.00000E+00  0.00000E+00   0.00000E+00  0.00000E+00   0.00000E+00  0.00000E+00   0.00000E+00  0.00000E+00   0.00000E+00  0.00000E+00   0.00000E+00  0.00000E+00   0.00000E+00  1.11053E-16   1.16536E+02  5.16271E-03   1.16536E+02  1.02856E-02   1.16608E+02  1.53282E-02   1.16739E+02  2.02550E-02   1.16922E+02  2.50271E-02   1.17155E+02  2.96155E-02   1.17441E+02  3.39873E-02   1.17782E+02  3.81200E-02   1.18173E+02  4.19882E-02   1.18617E+02  4.55809E-02   1.19119E+02  4.88746E-02   1.19666E+02  5.18758E-02   1.20280E+02  5.45593E-02   1.20936E+02  5.69495E-02   1.21658E+02  5.90201E-02   1.22428E+02  6.08067E-02   1.23258E+02  6.22923E-02   1.24144E+02  6.35031E-02   1.25085E+02  6.44522E-02   1.26086E+02  6.51360E-02   1.27140E+02  6.56037E-02   1.28256E+02  6.58278E-02   1.29422E+02  6.58689E-02   1.30651E+02  6.57101E-02   1.31934E+02  6.53827E-02   1.33273E+02  6.49136E-02   1.34674E+02  6.42899E-02   1.36127E+02  6.35649E-02   1.37640E+02  6.27234E-02   1.39210E+02  6.17895E-02   1.40828E+02  6.07821E-02   1.42510E+02  5.96991E-02   1.44240E+02  5.85577E-02   1.46029E+02  5.73829E-02   1.47878E+02  5.61655E-02   1.49778E+02  5.49168E-02   1.51727E+02  5.36654E-02   1.53728E+02  5.23711E-02   1.55775E+02  5.10925E-02   1.57878E+02  4.98108E-02   1.60036E+02  4.85216E-02   1.62244E+02  4.72424E-02   1.64488E+02 
 0.00000E+00   0.00000E+00  0.00000E+00   0.00000E+00  0.00000E+00   0.00000E+00  0.00000E+00   0.00000E+00  0.00000E+00   0.00000E+00  0.00000E+00   0.00000E+00  0.00000E+00   0.00000E+00  0.00000E+00   0.00000E+00  0.00000E+00   0.00000E+00  0.00000E+00   0.00000E+00  0.00000E+00   0.00000E+00  0.00000E+00   0.00000E+00  0.00000E+00   0.00000E+00  0.00000E+00   0.00000E+00  0.00000E+00   0.00000E+00  0.00000E+00   0.00000E+00  0.00000E+00   0.00000E+00  0.00000E+00   0.00000E+00  0.00000E+00   0.00000E+00  0.00000E+00   0.00000E+00  0.00000E+00   0.00000E+00  0.00000E+00   0.00000E+00  0.00000E+00   0.00000E+00  0.00000E+00   0.00000E+00  0.00000E+00   0.00000E+00  0.00000E+00   0.00000E+00  0.00000E+00   0.00000E+00  0.00000E+00   0.00000E+00  0.00000E+00   0.00000E+00  0.00000E+00   0.00000E+00  0.00000E+00   0.00000E+00  0.00000E+00   0.00000E+00  0.00000E+00   0.00000E+00  0.00000E+00   0.00000E+00  0.00000E+00   0.00000E+00  0.00000E+00   0.00000E+00  0.00000E+00   0.00000E+00  0.00000E+00   0.00000E+00  1.08445E-16   1.15716E+02  5.04146E-03   1.15716E+02  1.00436E-02   1.15807E+02  1.49657E-02   1.15928E+02  1.97716E-02   1.16113E+02  2.44249E-02   1.16345E+02  2.88941E-02   1.16631E+02  3.31482E-02   1.16967E+02  3.71653E-02   1.17359E+02  4.09195E-02   1.17804E+02  4.43994E-02   1.18298E+02  4.75868E-02   1.18856E+02  5.04780E-02   1.19452E+02  5.30676E-02   1.20122E+02  5.53498E-02   1.20827E+02  5.73411E-02   1.21606E+02  5.90277E-02   1.22425E+02  6.04405E-02   1.23312E+02  6.15719E-02   1.24248E+02  6.24460E-02   1.25243E+02  6.30761E-02   1.26300E+02  6.34694E-02   1.27403E+02  6.36594E-02   1.28579E+02  6.36407E-02   1.29797E+02  6.34532E-02   1.31082E+02  6.30977E-02   1.32424E+02  6.25937E-02   1.33813E+02  6.19678E-02   1.35274E+02  6.12146E-02   1.36781E+02  6.03686E-02   1.38346E+02  5.94312E-02   1.39981E+02  5.84185E-02   1.41649E+02  5.73450E-02   1.43393E+02  5.62233E-02   1.45179E+02  5.50553E-02   1.47016E+02  5.38565E-02   1.48921E+02  5.26335E-02   1.50866E+02  5.13839E-02   1.52870E+02  5.01397E-02   1.54934E+02  4.88774E-02   1.57034E+02  4.76252E-02   1.59184E+02  4.63816E-02   1.61395E+02  4.51424E-02   1.63643E+02 
 0.00000E+00   0.00000E+00  0.00000E+00   0.00000E+00  0.00000E+00   0.00000E+00  0.00000E+00   0.00000E+00  0.00000E+00   0.00000E+00  0.00000E+00   0.00000E+00  0.00000E+00   0.00000E+00  0.00000E+00   0.00000E+00  0.00000E+00   0.00000E+00  0.00000E+00   0.00000E+00  0.00000E+00   0.00000E+00  0.00000E+00   0.00000E+00  0.00000E+00   0.00000E+00  0.00000E+00   0.00000E+00  0.00000E+00   0.00000E+00  0.00000E+00   0.00000E+00  0.00000E+00   0.00000E+00  0.00000E+00   0.00000E+00  0.00000E+00   0.00000E+00  0.00000E+00   0.00000E+00  0.00000E+00   0.00000E+00  0.00000E+00   0.00000E+00  0.00000E+00   0.00000E+00  0.00000E+00   0.00000E+00  0.00000E+00   0.00000E+00  0.00000E+00   0.00000E+00  0.00000E+00   0.00000E+00  0.00000E+00   0.00000E+00  0.00000E+00   0.00000E+00  0.00000E+00   0.00000E+00  0.00000E+00   0.00000E+00  0.00000E+00   0.00000E+00  0.00000E+00   0.00000E+00  0.00000E+00   0.00000E+00  0.00000E+00   0.00000E+00  0.00000E+00   0.00000E+00  0.00000E+00   0.00000E+00  0.00000E+00   0.00000E+00  1.05246E-16   1.14989E+02  4.89274E-03   1.14989E+02  9.74458E-03   1.15045E+02  1.45203E-02   1.15187E+02  1.91783E-02   1.15360E+02  2.36877E-02   1.15595E+02  2.80134E-02   1.15875E+02  3.21289E-02   1.16216E+02  3.60078E-02   1.16599E+02  3.96308E-02   1.17045E+02  4.29811E-02   1.17536E+02  4.60445E-02   1.18085E+02  4.88198E-02   1.18690E+02  5.12898E-02   1.19342E+02  5.34764E-02   1.20062E+02  5.53533E-02   1.20822E+02  5.69612E-02   1.21653E+02  5.82775E-02   1.22527E+02  5.93366E-02   1.23469E+02  6.01428E-02   1.24459E+02  6.07031E-02   1.25511E+02  6.10562E-02   1.26622E+02  6.11827E-02   1.27781E+02  6.11405E-02   1.29011E+02  6.09076E-02   1.30285E+02  6.05262E-02   1.31626E+02  6.00102E-02   1.33023E+02  5.93556E-02   1.34470E+02  5.86122E-02   1.35986E+02  5.77613E-02   1.37548E+02  5.68306E-02   1.39169E+02  5.58352E-02   1.40852E+02  5.47707E-02   1.42577E+02  5.36592E-02   1.44374E+02  5.25229E-02   1.46219E+02  5.13480E-02   1.48122E+02  5.01550E-02   1.50074E+02  4.89556E-02   1.52073E+02  4.77226E-02   1.54124E+02  4.65117E-02   1.56236E+02  4.52936E-02   1.58394E+02  4.40778E-02   1.60605E+02  4.28798E-02   1.62861E+02 
 0.00000E+00   0.00000E+00  0.00000E+00   0.00000E+00  0.00000E+00   0.00000E+00  0.00000E+00   0.00000E+00  0.00000E+00   0.00000E+00  0.00000E+00   0.00000E+00  0.00000E+00   0.00000E+00  0.00000E+00   0.00000E+00  0.00000E+00   0.00000E+00  0.00000E+00   0.00000E+00  0.00000E+00   0.00000E+00  0.00000E+00   0.00000E+00  0.00000E+00   0.00000E+00  0.00000E+00   0.00000E+00  0.00000E+00   0.00000E+00  0.00000E+00   0.00000E+00  0.00000E+00   0.00000E+00  0.00000E+00   0.00000E+00  0.00000E+00   0.00000E+00  0.00000E+00   0.00000E+00  0.00000E+00   0.00000E+00  0.00000E+00   0.00000E+00  0.00000E+00   0.00000E+00  0.00000E+00   0.00000E+00  0.00000E+00   0.00000E+00  0.00000E+00   0.00000E+00  0.00000E+00   0.00000E+00  0.00000E+00   0.00000E+00  0.00000E+00   0.00000E+00  0.00000E+00   0.00000E+00  0.00000E+00   0.00000E+00  0.00000E+00   0.00000E+00  0.00000E+00   0.00000E+00  0.00000E+00   0.00000E+00  0.00000E+00   0.00000E+00  0.00000E+00   0.00000E+00  0.00000E+00   0.00000E+00  0.00000E+00   0.00000E+00  1.01381E-16   1.14266E+02  4.71308E-03   1.14266E+02  9.39029E-03   1.14370E+02  1.39856E-02   1.14481E+02  1.84735E-02   1.14668E+02  2.28081E-02   1.14896E+02  2.69695E-02   1.15180E+02  3.09184E-02   1.15512E+02  3.46432E-02   1.15903E+02  3.81094E-02   1.16339E+02  4.13180E-02   1.16835E+02  4.42399E-02   1.17381E+02  4.68833E-02   1.17978E+02  4.92357E-02   1.18640E+02  5.12960E-02   1.19340E+02  5.30830E-02   1.20115E+02  5.45754E-02   1.20926E+02  5.58190E-02   1.21810E+02  5.67873E-02   1.22738E+02  5.75265E-02   1.23731E+02  5.80289E-02   1.24779E+02  5.83184E-02   1.25881E+02  5.84192E-02   1.27052E+02  5.83239E-02   1.28266E+02  5.80839E-02   1.29549E+02  5.76784E-02   1.30884E+02  5.71487E-02   1.32273E+02  5.65041E-02   1.33730E+02  5.57438E-02   1.35234E+02  5.49102E-02   1.36801E+02  5.39897E-02   1.38432E+02  5.30080E-02   1.40102E+02  5.19788E-02   1.41845E+02  5.08978E-02   1.43627E+02  4.97833E-02   1.45465E+02  4.86500E-02   1.47372E+02  4.74883E-02   1.49323E+02  4.63198E-02   1.51329E+02  4.51523E-02   1.53394E+02  4.39656E-02   1.55494E+02  4.28045E-02   1.57647E+02  4.16472E-02   1.59865E+02  4.04949E-02   1.62117E+02 
 0.00000E+00   0.00000E+00  0.00000E+00   0.00000E+00  0.00000E+00   0.00000E+00  0.00000E+00   0.00000E+00  0.00000E+00   0.00000E+00  0.00000E+00   0.00000E+00  0.00000E+00   0.00000E+00  0.00000E+00   0.00000E+00  0.00000E+00   0.00000E+00  0.00000E+00   0.00000E+00  0.00000E+00   0.00000E+00  0.00000E+00   0.00000E+00  0.00000E+00   0.00000E+00  0.00000E+00   0.00000E+00  0.00000E+00   0.00000E+00  0.00000E+00   0.00000E+00  0.00000E+00   0.00000E+00  0.00000E+00   0.00000E+00  0.00000E+00   0.00000E+00  0.00000E+00   0.00000E+00  0.00000E+00   0.00000E+00  0.00000E+00   0.00000E+00  0.00000E+00   0.00000E+00  0.00000E+00   0.00000E+00  0.00000E+00   0.00000E+00  0.00000E+00   0.00000E+00  0.00000E+00   0.00000E+00  0.00000E+00   0.00000E+00  0.00000E+00   0.00000E+00  0.00000E+00   0.00000E+00  0.00000E+00   0.00000E+00  0.00000E+00   0.00000E+00  0.00000E+00   0.00000E+00  0.00000E+00   0.00000E+00  0.00000E+00   0.00000E+00  0.00000E+00   0.00000E+00  0.00000E+00   0.00000E+00  0.00000E+00   0.00000E+00  9.69320E-17   1.13659E+02  4.50625E-03   1.13659E+02  8.97217E-03   1.13707E+02  1.33679E-02   1.13853E+02  1.76484E-02   1.14021E+02  2.17900E-02   1.14255E+02  2.57547E-02   1.14531E+02  2.95214E-02   1.14871E+02  3.30618E-02   1.15247E+02  3.63620E-02   1.15694E+02  3.94012E-02   1.16176E+02  4.21739E-02   1.16725E+02  4.46703E-02   1.17323E+02  4.68861E-02   1.17971E+02  4.88304E-02   1.18687E+02  5.04909E-02   1.19440E+02  5.18985E-02   1.20269E+02  5.30349E-02   1.21134E+02  5.39376E-02   1.22075E+02  5.46013E-02   1.23056E+02  5.50465E-02   1.24106E+02  5.52954E-02   1.25209E+02  5.53442E-02   1.26365E+02  5.52364E-02   1.27592E+02  5.49579E-02   1.28861E+02  5.45498E-02   1.30201E+02  5.40158E-02   1.31595E+02  5.33667E-02   1.33036E+02  5.26340E-02   1.34554E+02  5.18094E-02   1.36108E+02  5.09169E-02   1.37731E+02  4.99671E-02   1.39414E+02  4.89600E-02   1.41137E+02  4.79165E-02   1.42941E+02  4.68509E-02   1.44781E+02  4.57545E-02   1.46683E+02  4.46503E-02   1.48639E+02  4.35350E-02   1.50636E+02  4.24007E-02   1.52692E+02  4.12864E-02   1.54813E+02  4.01615E-02   1.56968E+02  3.90524E-02   1.59181E+02  3.79620E-02   1.61447E+02 
 0.00000E+00   0.00000E+00  0.00000E+00   0.00000E+00  0.00000E+00   0.00000E+00  0.00000E+00   0.00000E+00  0.00000E+00   0.00000E+00  0.00000E+00   0.00000E+00  0.00000E+00   0.00000E+00  0.00000E+00   0.00000E+00  0.00000E+00   0.00000E+00  0.00000E+00   0.00000E+00  0.00000E+00   0.00000E+00  0.00000E+00   0.00000E+00  0.00000E+00   0.00000E+00  0.00000E+00   0.00000E+00  0.00000E+00   0.00000E+00  0.00000E+00   0.00000E+00  0.00000E+00   0.00000E+00  0.00000E+00   0.00000E+00  0.00000E+00   0.00000E+00  0.00000E+00   0.00000E+00  0.00000E+00   0.00000E+00  0.00000E+00   0.00000E+00  0.00000E+00   0.00000E+00  0.00000E+00   0.00000E+00  0.00000E+00   0.00000E+00  0.00000E+00   0.00000E+00  0.00000E+00   0.00000E+00  0.00000E+00   0.00000E+00  0.00000E+00   0.00000E+00  0.00000E+00   0.00000E+00  0.00000E+00   0.00000E+00  0.00000E+00   0.00000E+00  0.00000E+00   0.00000E+00  0.00000E+00   0.00000E+00  0.00000E+00   0.00000E+00  0.00000E+00   0.00000E+00  0.00000E+00   0.00000E+00  0.00000E+00   0.00000E+00  9.17615E-17   1.13044E+02  4.26588E-03   1.13044E+02  8.49910E-03   1.13144E+02  1.26539E-02   1.13255E+02  1.67109E-02   1.13441E+02  2.06214E-02   1.13665E+02  2.43736E-02   1.13949E+02  2.79248E-02   1.14275E+02  3.12698E-02   1.14666E+02  3.43725E-02   1.15094E+02  3.72380E-02   1.15589E+02  3.98361E-02   1.16128E+02  4.21797E-02   1.16723E+02  4.42517E-02   1.17378E+02  4.60584E-02   1.18074E+02  4.76128E-02   1.18843E+02  4.88970E-02   1.19649E+02  4.99589E-02   1.20529E+02  5.07641E-02   1.21449E+02  5.13701E-02   1.22442E+02  5.17563E-02   1.23481E+02  5.19556E-02   1.24583E+02  5.19859E-02   1.25745E+02  5.18395E-02   1.26957E+02  5.15693E-02   1.28237E+02  5.11472E-02   1.29567E+02  5.06213E-02   1.30956E+02  4.99914E-02   1.32409E+02  4.92625E-02   1.33911E+02  4.84735E-02   1.35479E+02  4.76091E-02   1.37105E+02  4.66943E-02   1.38777E+02  4.57431E-02   1.40516E+02  4.47426E-02   1.42297E+02  4.37172E-02   1.44136E+02  4.26831E-02   1.46043E+02  4.16198E-02   1.47999E+02  4.05645E-02   1.50009E+02  3.95050E-02   1.52070E+02  3.84304E-02   1.54172E+02  3.73882E-02   1.56331E+02  3.63431E-02   1.58548E+02  3.53086E-02   1.60808E+02 
 0.00000E+00   0.00000E+00  0.00000E+00   0.00000E+00  0.00000E+00   0.00000E+00  0.00000E+00   0.00000E+00  0.00000E+00   0.00000E+00  0.00000E+00   0.00000E+00  0.00000E+00   0.00000E+00  0.00000E+00   0.00000E+00  0.00000E+00   0.00000E+00  0.00000E+00   0.00000E+00  0.00000E+00   0.00000E+00  0.00000E+00   0.00000E+00  0.00000E+00   0.00000E+00  0.00000E+00   0.00000E+00  0.00000E+00   0.00000E+00  0.00000E+00   0.00000E+00  0.00000E+00   0.00000E+00  0.00000E+00   0.00000E+00  0.00000E+00   0.00000E+00  0.00000E+00   0.00000E+00  0.00000E+00   0.00000E+00  0.00000E+00   0.00000E+00  0.00000E+00   0.00000E+00  0.00000E+00   0.00000E+00  0.00000E+00   0.00000E+00  0.00000E+00   0.00000E+00  0.00000E+00   0.00000E+00  0.00000E+00   0.00000E+00  0.00000E+00   0.00000E+00  0.00000E+00   0.00000E+00  0.00000E+00   0.00000E+00  0.00000E+00   0.00000E+00  0.00000E+00   0.00000E+00  0.00000E+00   0.00000E+00  0.00000E+00   0.00000E+00  0.00000E+00   0.00000E+00  0.00000E+00   0.00000E+00  0.00000E+00   0.00000E+00  8.60134E-17   1.12535E+02  3.99866E-03   1.12535E+02  7.96061E-03   1.12592E+02  1.18582E-02   1.12731E+02  1.56499E-02   1.12898E+02  1.93161E-02   1.13134E+02  2.28186E-02   1.13402E+02  2.61428E-02   1.13745E+02  2.92588E-02   1.14112E+02  3.21582E-02   1.14559E+02  3.48186E-02   1.15036E+02  3.72410E-02   1.15582E+02  3.94081E-02   1.16175E+02  4.13299E-02   1.16820E+02  4.29986E-02   1.17530E+02  4.44209E-02   1.18280E+02  4.56110E-02   1.19103E+02  4.65616E-02   1.19964E+02  4.73054E-02   1.20901E+02  4.78331E-02   1.21873E+02  4.81741E-02   1.22922E+02  4.83352E-02   1.24017E+02  4.83273E-02   1.25171E+02  4.81790E-02   1.26394E+02  4.78835E-02   1.27659E+02  4.74790E-02   1.28998E+02  4.69611E-02   1.30387E+02  4.63518E-02   1.31826E+02  4.56645E-02   1.33341E+02  4.49036E-02   1.34891E+02  4.40851E-02   1.36515E+02  4.32175E-02   1.38198E+02  4.23070E-02   1.39920E+02  4.13671E-02   1.41729E+02  4.04084E-02   1.43563E+02  3.94260E-02   1.45463E+02  3.84431E-02   1.47424E+02  3.74460E-02   1.49418E+02  3.64445E-02   1.51481E+02  3.54556E-02   1.53607E+02  3.44565E-02   1.55757E+02  3.34838E-02   1.57976E+02  3.25262E-02   1.60246E+02 
 0.00000E+00   0.00000E+00  0.00000E+00   0.00000E+00  0.00000E+00   0.00000E+00  0.00000E+00   0.00000E+00  0.00000E+00   0.00000E+00  0.00000E+00   0.00000E+00  0.00000E+00   0.00000E+00  0.00000E+00   0.00000E+00  0.00000E+00   0.00000E+00  0.00000E+00   0.00000E+00  0.00000E+00   0.00000E+00  0.00000E+00   0.00000E+00  0.00000E+00   0.00000E+00  0.00000E+00   0.00000E+00  0.00000E+00   0.00000E+00  0.00000E+00   0.00000E+00  0.00000E+00   0.00000E+00  0.00000E+00   0.00000E+00  0.00000E+00   0.00000E+00  0.00000E+00   0.00000E+00  0.00000E+00   0.00000E+00  0.00000E+00   0.00000E+00  0.00000E+00   0.00000E+00  0.00000E+00   0.00000E+00  0.00000E+00   0.00000E+00  0.00000E+00   0.00000E+00  0.00000E+00   0.00000E+00  0.00000E+00   0.00000E+00  0.00000E+00   0.00000E+00  0.00000E+00   0.00000E+00  0.00000E+00   0.00000E+00  0.00000E+00   0.00000E+00  0.00000E+00   0.00000E+00  0.00000E+00   0.00000E+00  0.00000E+00   0.00000E+00  0.00000E+00   0.00000E+00  0.00000E+00   0.00000E+00  0.00000E+00   0.00000E+00  7.95632E-17   1.12040E+02  3.69880E-03   1.12040E+02  7.36778E-03   1.12129E+02  1.09676E-02   1.12245E+02  1.44799E-02   1.12427E+02  1.78613E-02   1.12647E+02  2.11031E-02   1.12934E+02  2.41643E-02   1.13250E+02  2.70440E-02   1.13643E+02  2.97081E-02   1.14065E+02  3.21625E-02   1.14556E+02  3.43799E-02   1.15092E+02  3.63746E-02   1.15682E+02  3.81272E-02   1.16331E+02  3.96506E-02   1.17027E+02  4.09497E-02   1.17786E+02  4.20147E-02   1.18593E+02  4.28857E-02   1.19466E+02  4.35328E-02   1.20381E+02  4.40098E-02   1.21374E+02  4.42946E-02   1.22401E+02  4.44214E-02   1.23506E+02  4.44023E-02   1.24659E+02  4.42317E-02   1.25868E+02  4.39584E-02   1.27148E+02  4.35529E-02   1.28469E+02  4.30627E-02   1.29863E+02  4.24840E-02   1.31309E+02  4.18237E-02   1.32811E+02  4.11139E-02   1.34378E+02  4.03445E-02   1.35998E+02  3.95326E-02   1.37672E+02  3.86933E-02   1.39409E+02  3.78129E-02   1.41187E+02  3.69123E-02   1.43031E+02  3.60101E-02   1.44934E+02  3.50824E-02   1.46895E+02  3.41692E-02   1.48909E+02  3.32503E-02   1.50964E+02  3.23212E-02   1.53069E+02  3.14242E-02   1.55234E+02  3.05191E-02   1.57447E+02  2.96305E-02   1.59717E+02 
 0.00000E+00   0.00000E+00  0.00000E+00   0.00000E+00  0.00000E+00   0.00000E+00  0.00000E+00   0.00000E+00  0.00000E+00   0.00000E+00  0.00000E+00   0.00000E+00  0.00000E+00   0.00000E+00  0.00000E+00   0.00000E+00  0.00000E+00   0.00000E+00  0.00000E+00   0.00000E+00  0.00000E+00   0.00000E+00  0.00000E+00   0.00000E+00  0.00000E+00   0.00000E+00  0.00000E+00   0.00000E+00  0.00000E+00   0.00000E+00  0.00000E+00   0.00000E+00  0.00000E+00   0.00000E+00  0.00000E+00   0.00000E+00  0.00000E+00   0.00000E+00  0.00000E+00   0.00000E+00  0.00000E+00   0.00000E+00  0.00000E+00   0.00000E+00  0.00000E+00   0.00000E+00  0.00000E+00   0.00000E+00  0.00000E+00   0.00000E+00  0.00000E+00   0.00000E+00  0.00000E+00   0.00000E+00  0.00000E+00   0.00000E+00  0.00000E+00   0.00000E+00  0.00000E+00   0.00000E+00  0.00000E+00   0.00000E+00  0.00000E+00   0.00000E+00  0.00000E+00   0.00000E+00  0.00000E+00   0.00000E+00  0.00000E+00   0.00000E+00  0.00000E+00   0.00000E+00  0.00000E+00   0.00000E+00  0.00000E+00   0.00000E+00  7.25451E-17   1.11627E+02  3.37253E-03   1.11627E+02  6.71418E-03   1.11686E+02  9.99872E-03   1.11822E+02  1.31929E-02   1.11989E+02  1.62780E-02   1.12224E+02  1.92211E-02   1.12486E+02  2.20118E-02   1.12831E+02  2.46212E-02   1.13192E+02  2.70461E-02   1.13637E+02  2.92632E-02   1.14112E+02  3.12794E-02   1.14651E+02  3.30724E-02   1.15243E+02  3.46615E-02   1.15885E+02  3.60283E-02   1.16587E+02  3.71917E-02   1.17339E+02  3.81528E-02   1.18152E+02  3.89145E-02   1.19011E+02  3.95002E-02   1.19944E+02  3.99023E-02   1.20908E+02  4.01521E-02   1.21959E+02  4.02445E-02   1.23044E+02  4.02035E-02   1.24199E+02  4.00406E-02   1.25417E+02  3.97580E-02   1.26677E+02  3.93886E-02   1.28016E+02  3.89206E-02   1.29399E+02  3.83845E-02   1.30837E+02  3.77797E-02   1.32350E+02  3.71177E-02   1.33896E+02  3.64097E-02   1.35520E+02  3.56612E-02   1.37203E+02  3.48827E-02   1.38924E+02  3.40821E-02   1.40738E+02  3.32642E-02   1.42566E+02  3.24308E-02   1.44464E+02  3.15990E-02   1.46426E+02  3.07550E-02   1.48422E+02  2.99141E-02   1.50490E+02  2.90810E-02   1.52618E+02  2.82384E-02   1.54767E+02  2.74272E-02   1.56989E+02  2.66274E-02   1.59259E+02 
 0.00000E+00   0.00000E+00  0.00000E+00   0.00000E+00  0.00000E+00   0.00000E+00  0.00000E+00   0.00000E+00  0.00000E+00   0.00000E+00  0.00000E+00   0.00000E+00  0.00000E+00   0.00000E+00  0.00000E+00   0.00000E+00  0.00000E+00   0.00000E+00  0.00000E+00   0.00000E+00  0.00000E+00   0.00000E+00  0.00000E+00   0.00000E+00  0.00000E+00   0.00000E+00  0.00000E+00   0.00000E+00  0.00000E+00   0.00000E+00  0.00000E+00   0.00000E+00  0.00000E+00   0.00000E+00  0.00000E+00   0.00000E+00  0.00000E+00   0.00000E+00  0.00000E+00   0.00000E+00  0.00000E+00   0.00000E+00  0.00000E+00   0.00000E+00  0.00000E+00   0.00000E+00  0.00000E+00   0.00000E+00  0.00000E+00   0.00000E+00  0.00000E+00   0.00000E+00  0.00000E+00   0.00000E+00  0.00000E+00   0.00000E+00  0.00000E+00   0.00000E+00  0.00000E+00   0.00000E+00  0.00000E+00   0.00000E+00  0.00000E+00   0.00000E+00  0.00000E+00   0.00000E+00  0.00000E+00   0.00000E+00  0.00000E+00   0.00000E+00  0.00000E+00   0.00000E+00  0.00000E+00   0.00000E+00  0.00000E+00   0.00000E+00  6.49053E-17   1.11234E+02  3.01737E-03   1.11234E+02  6.00908E-03   1.11330E+02  8.94450E-03   1.11441E+02  1.18050E-02   1.11623E+02  1.45581E-02   1.11841E+02  1.71937E-02   1.12126E+02  1.96793E-02   1.12439E+02  2.20141E-02   1.12830E+02  2.41692E-02   1.13248E+02  2.61513E-02   1.13736E+02  2.79356E-02   1.14268E+02  2.95376E-02   1.14856E+02  3.09376E-02   1.15498E+02  3.21508E-02   1.16195E+02  3.31777E-02   1.16944E+02  3.40144E-02   1.17753E+02  3.46906E-02   1.18620E+02  3.51857E-02   1.19529E+02  3.55414E-02   1.20524E+02  3.57407E-02   1.21540E+02  3.58147E-02   1.22649E+02  3.57674E-02   1.23793E+02  3.56014E-02   1.24999E+02  3.53515E-02   1.26279E+02  3.49951E-02   1.27592E+02  3.45734E-02   1.28990E+02  3.40794E-02   1.30430E+02  3.35228E-02   1.31933E+02  3.29283E-02   1.33499E+02  3.22871E-02   1.35113E+02  3.16141E-02   1.36790E+02  3.09199E-02   1.38520E+02  3.01935E-02   1.40298E+02  2.94531E-02   1.42149E+02  2.87125E-02   1.44045E+02  2.79537E-02   1.46012E+02  2.72100E-02   1.48027E+02  2.64618E-02   1.50075E+02  2.57068E-02   1.52188E+02  2.49800E-02   1.54355E+02  2.42413E-02   1.56564E+02  2.35233E-02   1.58846E+02 
 0.00000E+00   0.00000E+00  0.00000E+00   0.00000E+00  0.00000E+00   0.00000E+00  0.00000E+00   0.00000E+00  0.00000E+00   0.00000E+00  0.00000E+00   0.00000E+00  0.00000E+00   0.00000E+00  0.00000E+00   0.00000E+00  0.00000E+00   0.00000E+00  0.00000E+00   0.00000E+00  0.00000E+00   0.00000E+00  0.00000E+00   0.00000E+00  0.00000E+00   0.00000E+00  0.00000E+00   0.00000E+00  0.00000E+00   0.00000E+00  0.00000E+00   0.00000E+00  0.00000E+00   0.00000E+00  0.00000E+00   0.00000E+00  0.00000E+00   0.00000E+00  0.00000E+00   0.00000E+00  0.00000E+00   0.00000E+00  0.00000E+00   0.00000E+00  0.00000E+00   0.00000E+00  0.00000E+00   0.00000E+00  0.00000E+00   0.00000E+00  0.00000E+00   0.00000E+00  0.00000E+00   0.00000E+00  0.00000E+00   0.00000E+00  0.00000E+00   0.00000E+00  0.00000E+00   0.00000E+00  0.00000E+00   0.00000E+00  0.00000E+00   0.00000E+00  0.00000E+00   0.00000E+00  0.00000E+00   0.00000E+00  0.00000E+00   0.00000E+00  0.00000E+00   0.00000E+00  0.00000E+00   0.00000E+00  0.00000E+00   0.00000E+00  5.67474E-17   1.10936E+02  2.63812E-03   1.10936E+02  5.25227E-03   1.10980E+02  7.81950E-03   1.11124E+02  1.03163E-02   1.11286E+02  1.27242E-02   1.11518E+02  1.50206E-02   1.11783E+02  1.71945E-02   1.12121E+02  1.92238E-02   1.12483E+02  2.11085E-02   1.12925E+02  2.28247E-02   1.13396E+02  2.43862E-02   1.13935E+02  2.57658E-02   1.14520E+02  2.69894E-02   1.15163E+02  2.80331E-02   1.15856E+02  2.89204E-02   1.16610E+02  2.96454E-02   1.17415E+02  3.02167E-02   1.18273E+02  3.06486E-02   1.19204E+02  3.09363E-02   1.20159E+02  3.11089E-02   1.21214E+02  3.11528E-02   1.22288E+02  3.11014E-02   1.23446E+02  3.09490E-02   1.24658E+02  3.07085E-02   1.25915E+02  3.04028E-02   1.27254E+02  3.00168E-02   1.28631E+02  2.95856E-02   1.30069E+02  2.90972E-02   1.31579E+02  2.85653E-02   1.33121E+02  2.80041E-02   1.34747E+02  2.74058E-02   1.36429E+02  2.67920E-02   1.38151E+02  2.61626E-02   1.39969E+02  2.55158E-02   1.41791E+02  2.48627E-02   1.43687E+02  2.42105E-02   1.45649E+02  2.35482E-02   1.47648E+02  2.28940E-02   1.49720E+02  2.22432E-02   1.51848E+02  2.15833E-02   1.53998E+02  2.09566E-02   1.56220E+02  2.03354E-02   1.58490E+02 
 0.00000E+00   0.00000E+00  0.00000E+00   0.00000E+00  0.00000E+00   0.00000E+00  0.00000E+00   0.00000E+00  0.00000E+00   0.00000E+00  0.00000E+00   0.00000E+00  0.00000E+00   0.00000E+00  0.00000E+00   0.00000E+00  0.00000E+00   0.00000E+00  0.00000E+00   0.00000E+00  0.00000E+00   0.00000E+00  0.00000E+00   0.00000E+00  0.00000E+00   0.00000E+00  0.00000E+00   0.00000E+00  0.00000E+00   0.00000E+00  0.00000E+00   0.00000E+00  0.00000E+00   0.00000E+00  0.00000E+00   0.00000E+00  0.00000E+00   0.00000E+00  0.00000E+00   0.00000E+00  0.00000E+00   0.00000E+00  0.00000E+00   0.00000E+00  0.00000E+00   0.00000E+00  0.00000E+00   0.00000E+00  0.00000E+00   0.00000E+00  0.00000E+00   0.00000E+00  0.00000E+00   0.00000E+00  0.00000E+00   0.00000E+00  0.00000E+00   0.00000E+00  0.00000E+00   0.00000E+00  0.00000E+00   0.00000E+00  0.00000E+00   0.00000E+00  0.00000E+00   0.00000E+00  0.00000E+00   0.00000E+00  0.00000E+00   0.00000E+00  0.00000E+00   0.00000E+00  0.00000E+00   0.00000E+00  0.00000E+00   0.00000E+00  4.80868E-17   1.10625E+02  2.23550E-03   1.10625E+02  4.45108E-03   1.10743E+02  6.62526E-03   1.10839E+02  8.74147E-03   1.11024E+02  1.07788E-02   1.11244E+02  1.27250E-02   1.11518E+02  1.45609E-02   1.11839E+02  1.62820E-02   1.12222E+02  1.78677E-02   1.12639E+02  1.93257E-02   1.13128E+02  2.06321E-02   1.13649E+02  2.18058E-02   1.14243E+02  2.28250E-02   1.14874E+02  2.37074E-02   1.15574E+02  2.44493E-02   1.16316E+02  2.50508E-02   1.17124E+02  2.55322E-02   1.17988E+02  2.58803E-02   1.18892E+02  2.61254E-02   1.19890E+02  2.62539E-02   1.20894E+02  2.62934E-02   1.22009E+02  2.62394E-02   1.23142E+02  2.61028E-02   1.24350E+02  2.59017E-02   1.25627E+02  2.56234E-02   1.26934E+02  2.52993E-02   1.28338E+02  2.49202E-02   1.29771E+02  2.44982E-02   1.31276E+02  2.40505E-02   1.32843E+02  2.35665E-02   1.34448E+02  2.30643E-02   1.36130E+02  2.25438E-02   1.37852E+02  2.20008E-02   1.39631E+02  2.14503E-02   1.41486E+02  2.08983E-02   1.43379E+02  2.03352E-02   1.45349E+02  1.97865E-02   1.47368E+02  1.92334E-02   1.49407E+02  1.86759E-02   1.51525E+02  1.81417E-02   1.53694E+02  1.75916E-02   1.55900E+02  1.70650E-02   1.58192E+02 
 0.00000E+00   0.00000E+00  0.00000E+00   0.00000E+00  0.00000E+00   0.00000E+00  0.00000E+00   0.00000E+00  0.00000E+00   0.00000E+00  0.00000E+00   0.00000E+00  0.00000E+00   0.00000E+00  0.00000E+00   0.00000E+00  0.00000E+00   0.00000E+00  0.00000E+00   0.00000E+00  0.00000E+00   0.00000E+00  0.00000E+00   0.00000E+00  0.00000E+00   0.00000E+00  0.00000E+00   0.00000E+00  0.00000E+00   0.00000E+00  0.00000E+00   0.00000E+00  0.00000E+00   0.00000E+00  0.00000E+00   0.00000E+00  0.00000E+00   0.00000E+00  0.00000E+00   0.00000E+00  0.00000E+00   0.00000E+00  0.00000E+00   0.00000E+00  0.00000E+00   0.00000E+00  0.00000E+00   0.00000E+00  0.00000E+00   0.00000E+00  0.00000E+00   0.00000E+00  0.00000E+00   0.00000E+00  0.00000E+00   0.00000E+00  0.00000E+00   0.00000E+00  0.00000E+00   0.00000E+00  0.00000E+00   0.00000E+00  0.00000E+00   0.00000E+00  0.00000E+00   0.00000E+00  0.00000E+00   0.00000E+00  0.00000E+00   0.00000E+00  0.00000E+00   0.00000E+00  0.00000E+00   0.00000E+00  0.00000E+00   0.00000E+00  3.90074E-17   1.10452E+02  1.81341E-03   1.10452E+02  3.61048E-03   1.10472E+02  5.37400E-03   1.10630E+02  7.08972E-03   1.10788E+02  8.74141E-03   1.11013E+02  1.03179E-02   1.11288E+02  1.18069E-02   1.11614E+02  1.31960E-02   1.11980E+02  1.44858E-02   1.12421E+02  1.56551E-02   1.12882E+02  1.67224E-02   1.13432E+02  1.76570E-02   1.14002E+02  1.84906E-02   1.14652E+02  1.91933E-02   1.15338E+02  1.97932E-02   1.16091E+02  2.02777E-02   1.16892E+02  2.06580E-02   1.17748E+02  2.09423E-02   1.18677E+02  2.11258E-02   1.19626E+02  2.12342E-02   1.20685E+02  2.12485E-02   1.21748E+02  2.12050E-02   1.22911E+02  2.10867E-02   1.24116E+02  2.09120E-02   1.25372E+02  2.06950E-02   1.26712E+02  2.04181E-02   1.28083E+02  2.01183E-02   1.29519E+02  1.97741E-02   1.31028E+02  1.94011E-02   1.32565E+02  1.90130E-02   1.34192E+02  1.85940E-02   1.35879E+02  1.81702E-02   1.37596E+02  1.77378E-02   1.39424E+02  1.72885E-02   1.41240E+02  1.68396E-02   1.43125E+02  1.63915E-02   1.45095E+02  1.59339E-02   1.47092E+02  1.54872E-02   1.49170E+02  1.50404E-02   1.51304E+02  1.45839E-02   1.53447E+02  1.41592E-02   1.55669E+02  1.37357E-02   1.57941E+02 
 0.00000E+00   0.00000E+00  0.00000E+00   0.00000E+00  0.00000E+00   0.00000E+00  0.00000E+00   0.00000E+00  0.00000E+00   0.00000E+00  0.00000E+00   0.00000E+00  0.00000E+00   0.00000E+00  0.00000E+00   0.00000E+00  0.00000E+00   0.00000E+00  0.00000E+00   0.00000E+00  0.00000E+00   0.00000E+00  0.00000E+00   0.00000E+00  0.00000E+00   0.00000E+00  0.00000E+00   0.00000E+00  0.00000E+00   0.00000E+00  0.00000E+00   0.00000E+00  0.00000E+00   0.00000E+00  0.00000E+00   0.00000E+00  0.00000E+00   0.00000E+00  0.00000E+00   0.00000E+00  0.00000E+00   0.00000E+00  0.00000E+00   0.00000E+00  0.00000E+00   0.00000E+00  0.00000E+00   0.00000E+00  0.00000E+00   0.00000E+00  0.00000E+00   0.00000E+00  0.00000E+00   0.00000E+00  0.00000E+00   0.00000E+00  0.00000E+00   0.00000E+00  0.00000E+00   0.00000E+00  0.00000E+00   0.00000E+00  0.00000E+00   0.00000E+00  0.00000E+00   0.00000E+00  0.00000E+00   0.00000E+00  0.00000E+00   0.00000E+00  0.00000E+00   0.00000E+00  0.00000E+00   0.00000E+00  0.00000E+00   0.00000E+00  2.95728E-17   1.10215E+02  1.37480E-03   1.10215E+02  2.73721E-03   1.10357E+02  4.07421E-03   1.10441E+02  5.37404E-03   1.10624E+02  6.62666E-03   1.10854E+02  7.82036E-03   1.11113E+02  8.94760E-03   1.11443E+02  1.00022E-02   1.11821E+02  1.09728E-02   1.12230E+02  1.18656E-02   1.12730E+02  1.26612E-02   1.13234E+02  1.33796E-02   1.13839E+02  1.39965E-02   1.14456E+02  1.45342E-02   1.15162E+02  1.49813E-02   1.15897E+02  1.53437E-02   1.16705E+02  1.56321E-02   1.17567E+02  1.58376E-02   1.18465E+02  1.59817E-02   1.19470E+02  1.60523E-02   1.20461E+02  1.60711E-02   1.21585E+02  1.60301E-02   1.22707E+02  1.59406E-02   1.23916E+02  1.58110E-02   1.25195E+02  1.56326E-02   1.26491E+02  1.54293E-02   1.27909E+02  1.51893E-02   1.29330E+02  1.49264E-02   1.30842E+02  1.46479E-02   1.32410E+02  1.43473E-02   1.34004E+02  1.40373E-02   1.35692E+02  1.37153E-02   1.37402E+02  1.33782E-02   1.39181E+02  1.30386E-02   1.41046E+02  1.26978E-02   1.42934E+02  1.23500E-02   1.44908E+02  1.20159E-02   1.46934E+02  1.16770E-02   1.48959E+02  1.13343E-02   1.51077E+02  1.10099E-02   1.53257E+02  1.06664E-02   1.55449E+02  1.03452E-02   1.57761E+02 
 0.00000E+00   0.00000E+00  0.00000E+00   0.00000E+00  0.00000E+00   0.00000E+00  0.00000E+00   0.00000E+00  0.00000E+00   0.00000E+00  0.00000E+00   0.00000E+00  0.00000E+00   0.00000E+00  0.00000E+00   0.00000E+00  0.00000E+00   0.00000E+00  0.00000E+00   0.00000E+00  0.00000E+00   0.00000E+00  0.00000E+00   0.00000E+00  0.00000E+00   0.00000E+00  0.00000E+00   0.00000E+00  0.00000E+00   0.00000E+00  0.00000E+00   0.00000E+00  0.00000E+00   0.00000E+00  0.00000E+00   0.00000E+00  0.00000E+00   0.00000E+00  0.00000E+00   0.00000E+00  0.00000E+00   0.00000E+00  0.00000E+00   0.00000E+00  0.00000E+00   0.00000E+00  0.00000E+00   0.00000E+00  0.00000E+00   0.00000E+00  0.00000E+00   0.00000E+00  0.00000E+00   0.00000E+00  0.00000E+00   0.00000E+00  0.00000E+00   0.00000E+00  0.00000E+00   0.00000E+00  0.00000E+00   0.00000E+00  0.00000E+00   0.00000E+00  0.00000E+00   0.00000E+00  0.00000E+00   0.00000E+00  0.00000E+00   0.00000E+00  0.00000E+00   0.00000E+00  0.00000E+00   0.00000E+00  0.00000E+00   0.00000E+00  1.98694E-17   1.10165E+02  9.23706E-04   1.10165E+02  1.83926E-03   1.10170E+02  2.73690E-03   1.10327E+02  3.61115E-03   1.10497E+02  4.45093E-03   1.10704E+02  5.25357E-03   1.10991E+02  6.01026E-03   1.11315E+02  6.71593E-03   1.11670E+02  7.37158E-03   1.12129E+02  7.96271E-03   1.12568E+02  8.50697E-03   1.13137E+02  8.97500E-03   1.13690E+02  9.40187E-03   1.14352E+02  9.75115E-03   1.15025E+02  1.00569E-02   1.15788E+02  1.02980E-02   1.16580E+02  1.04881E-02   1.17434E+02  1.06300E-02   1.18369E+02  1.07170E-02   1.19299E+02  1.07714E-02   1.20377E+02  1.07705E-02   1.21418E+02  1.07480E-02   1.22595E+02  1.06822E-02   1.23793E+02  1.05897E-02   1.25047E+02  1.04798E-02   1.26392E+02  1.03326E-02   1.27752E+02  1.01822E-02   1.29188E+02  1.00029E-02   1.30696E+02  9.81011E-03   1.32220E+02  9.61264E-03   1.33854E+02  9.39471E-03   1.35552E+02  9.17917E-03   1.37261E+02  8.96109E-03   1.39118E+02  8.72913E-03   1.40911E+02  8.50071E-03   1.42778E+02  8.27402E-03   1.44759E+02  8.03800E-03   1.46753E+02  7.81317E-03   1.48839E+02  7.58571E-03   1.50996E+02  7.34652E-03   1.53112E+02  7.13712E-03   1.55343E+02  6.92324E-03   1.57610E+02 
 0.00000E+00   0.00000E+00  0.00000E+00   0.00000E+00  0.00000E+00   0.00000E+00  0.00000E+00   0.00000E+00  0.00000E+00   0.00000E+00  0.00000E+00   0.00000E+00  0.00000E+00   0.00000E+00  0.00000E+00   0.00000E+00  0.00000E+00   0.00000E+00  0.00000E+00   0.00000E+00  0.00000E+00   0.00000E+00  0.00000E+00   0.00000E+00  0.00000E+00   0.00000E+00  0.00000E+00   0.00000E+00  0.00000E+00   0.00000E+00  0.00000E+00   0.00000E+00  0.00000E+00   0.00000E+00  0.00000E+00   0.00000E+00  0.00000E+00   0.00000E+00  0.00000E+00   0.00000E+00  0.00000E+00   0.00000E+00  0.00000E+00   0.00000E+00  0.00000E+00   0.00000E+00  0.00000E+00   0.00000E+00  0.00000E+00   0.00000E+00  0.00000E+00   0.00000E+00  0.00000E+00   0.00000E+00  0.00000E+00   0.00000E+00  0.00000E+00   0.00000E+00  0.00000E+00   0.00000E+00  0.00000E+00   0.00000E+00  0.00000E+00   0.00000E+00  0.00000E+00   0.00000E+00  0.00000E+00   0.00000E+00  0.00000E+00   0.00000E+00  0.00000E+00   0.00000E+00  0.00000E+00   0.00000E+00  0.00000E+00   0.00000E+00  9.98210E-18   1.10016E+02  4.64055E-04   1.10016E+02  9.23646E-04   1.10161E+02  1.37520E-03   1.10277E+02  1.81327E-03   1.10405E+02  2.23630E-03   1.10687E+02  2.63837E-03   1.10917E+02  3.01877E-03   1.11239E+02  3.37392E-03   1.11648E+02  3.70046E-03   1.12011E+02  4.00248E-03   1.12551E+02  4.26676E-03   1.13019E+02  4.51284E-03   1.13645E+02  4.71458E-03   1.14237E+02  4.89882E-03   1.14965E+02  5.04599E-03   1.15669E+02  5.16676E-03   1.16498E+02  5.26402E-03   1.17359E+02  5.32976E-03   1.18228E+02  5.38001E-03   1.19290E+02  5.40022E-03   1.20207E+02  5.40877E-03   1.21399E+02  5.39278E-03   1.22470E+02  5.36237E-03   1.23690E+02  5.31893E-03   1.24986E+02  5.25517E-03   1.26239E+02  5.18628E-03   1.27722E+02  5.10248E-03   1.29101E+02  5.01207E-03   1.30647E+02  4.91886E-03   1.32226E+02  4.81718E-03   1.33773E+02  4.71392E-03   1.35498E+02  4.60518E-03   1.37149E+02  4.48930E-03   1.38922E+02  4.37305E-03   1.40839E+02  4.25758E-03   1.42680E+02  4.13815E-03   1.44712E+02  4.03026E-03   1.46751E+02  3.91782E-03   1.48714E+02  3.80011E-03   1.50825E+02  3.69747E-03   1.53048E+02  3.57018E-03   1.55171E+02  3.46619E-03   1.57583E+02 
 0.00000E+00   0.00000E+00  0.00000E+00   0.00000E+00  0.00000E+00   0.00000E+00  0.00000E+00   0.00000E+00  0.00000E+00   0.00000E+00  0.00000E+00   0.00000E+00  0.00000E+00   0.00000E+00  0.00000E+00   0.00000E+00  0.00000E+00   0.00000E+00  0.00000E+00   0.00000E+00  0.00000E+00   0.00000E+00  0.00000E+00   0.00000E+00  0.00000E+00   0.00000E+00  0.00000E+00   0.00000E+00  0.00000E+00   0.00000E+00  0.00000E+00   0.00000E+00  0.00000E+00   0.00000E+00  0.00000E+00   0.00000E+00  0.00000E+00   0.00000E+00  0.00000E+00   0.00000E+00  0.00000E+00   0.00000E+00  0.00000E+00   0.00000E+00  0.00000E+00   0.00000E+00  0.00000E+00   0.00000E+00  0.00000E+00   0.00000E+00  0.00000E+00   0.00000E+00  0.00000E+00   0.00000E+00  0.00000E+00   0.00000E+00  0.00000E+00   0.00000E+00  0.00000E+00   0.00000E+00  0.00000E+00   0.00000E+00  0.00000E+00   0.00000E+00  0.00000E+00   0.00000E+00  0.00000E+00   0.00000E+00  0.00000E+00   0.00000E+00  0.00000E+00   0.00000E+00  0.00000E+00   0.00000E+00  0.00000E+00   0.00000E+00  7.50217E-21   3.12911E+02  3.48767E-07   3.12911E+02  5.29771E-07   1.42723E+02  1.21980E-06   8.78700E-01  1.04565E-06   1.82664E+02  1.19587E-06   3.59259E+02  5.76652E-07   3.89349E+01  1.41791E-06   2.11708E+02  2.72589E-06   3.44343E+00  2.79961E-06   1.79723E+02  3.87826E-06   3.25600E+02  4.29291E-06   1.41126E+02  5.60195E-06   3.01504E+02  5.44087E-06   1.37856E+02  3.99090E-06   3.04229E+02  4.16805E-06   1.60736E+02  2.42069E-07   1.41720E+02  5.37687E-07   1.44804E+02  5.04847E-06   1.66677E+02  4.99164E-06   9.49997E-01  7.36344E-06   1.71908E+02  6.64871E-06   3.42141E+02  3.27200E-06   1.83680E+02  3.00356E-06   2.89615E+02  4.17654E-06   3.15766E+02  3.90562E-06   1.77673E+02  3.92601E-06   3.20101E+02  4.36972E-06   1.03712E+02  1.75481E-06   1.29276E+02  6.12382E-06   3.11074E+01  3.53493E-06   9.26344E+01  4.04783E-06   2.96237E+02  2.30188E-06   1.13724E+01  9.52732E-06   2.06259E+02  6.40890E-07   2.81987E+02  3.72329E-06   5.54379E+01  4.07358E-06   1.24772E+02  2.35701E-06   1.84972E+01  2.54448E-06   1.50183E+02  6.70297E-06   2.17665E+02  1.26984E-05   3.36611E+02  9.59516E-07   2.22372E+02  1.94052E-06   1.58125E+02 
 0.00000E+00   0.00000E+00  0.00000E+00   0.00000E+00  0.00000E+00   0.00000E+00  0.00000E+00   0.00000E+00  0.00000E+00   0.00000E+00  0.00000E+00   0.00000E+00  0.00000E+00   0.00000E+00  0.00000E+00   0.00000E+00  0.00000E+00   0.00000E+00  0.00000E+00   0.00000E+00  0.00000E+00   0.00000E+00  0.00000E+00   0.00000E+00  0.00000E+00   0.00000E+00  0.00000E+00   0.00000E+00  0.00000E+00   0.00000E+00  0.00000E+00   0.00000E+00  0.00000E+00   0.00000E+00  0.00000E+00   0.00000E+00  0.00000E+00   0.00000E+00  0.00000E+00   0.00000E+00  0.00000E+00   0.00000E+00  0.00000E+00   0.00000E+00  0.00000E+00   0.00000E+00  0.00000E+00   0.00000E+00  0.00000E+00   0.00000E+00  0.00000E+00   0.00000E+00  0.00000E+00   0.00000E+00  0.00000E+00   0.00000E+00  0.00000E+00   0.00000E+00  0.00000E+00   0.00000E+00  0.00000E+00   0.00000E+00  0.00000E+00   0.00000E+00  0.00000E+00   0.00000E+00  0.00000E+00   0.00000E+00  0.00000E+00   0.00000E+00  0.00000E+00   0.00000E+00  0.00000E+00   0.00000E+00  0.00000E+00   0.00000E+00  9.97912E-18   2.90007E+02  4.63917E-04   2.90007E+02  9.24025E-04   2.90159E+02  1.37502E-03   2.90181E+02  1.81377E-03   2.90455E+02  2.23592E-03   2.90604E+02  2.63906E-03   2.90898E+02  3.01852E-03   2.91252E+02  3.37349E-03   2.91564E+02  3.70220E-03   2.92060E+02  3.99830E-03   2.92479E+02  4.27301E-03   2.93055E+02  4.50544E-03   2.93609E+02  4.72178E-03   2.94278E+02  4.89581E-03   2.94936E+02  5.04859E-03   2.95726E+02  5.17126E-03   2.96493E+02  5.26391E-03   2.97355E+02  5.33714E-03   2.98311E+02  5.37818E-03   2.99188E+02  5.40576E-03   3.00339E+02  5.40384E-03   3.01307E+02  5.39044E-03   3.02538E+02  5.35790E-03   3.03723E+02  5.30935E-03   3.04951E+02  5.25440E-03   3.06348E+02  5.18302E-03   3.07629E+02  5.10537E-03   3.09124E+02  5.01884E-03   3.10585E+02  4.92057E-03   3.12111E+02  4.81875E-03   3.13802E+02  4.71022E-03   3.15420E+02  4.59954E-03   3.17237E+02  4.49021E-03   3.19036E+02  4.37875E-03   3.20807E+02  4.26297E-03   3.22772E+02  4.15120E-03   3.24641E+02  4.02757E-03   3.26633E+02  3.90996E-03   3.28787E+02  3.79921E-03   3.30913E+02  3.67683E-03   3.33030E+02  3.58231E-03   3.35335E+02  3.46740E-03   3.37471E+02 
 0.00000E+00   0.00000E+00  0.00000E+00   0.00000E+00  0.00000E+00   0.00000E+00  0.00000E+00   0.00000E+00  0.00000E+00   0.00000E+00  0.00000E+00   0.00000E+00  0.00000E+00   0.00000E+00  0.00000E+00   0.00000E+00  0.00000E+00   0.00000E+00  0.00000E+00   0.00000E+00  0.00000E+00   0.00000E+00  0.00000E+00   0.00000E+00  0.00000E+00   0.00000E+00  0.00000E+00   0.00000E+00  0.00000E+00   0.00000E+00  0.00000E+00   0.00000E+00  0.00000E+00   0.00000E+00  0.00000E+00   0.00000E+00  0.00000E+00   0.00000E+00  0.00000E+00   0.00000E+00  0.00000E+00   0.00000E+00  0.00000E+00   0.00000E+00  0.00000E+00   0.00000E+00  0.00000E+00   0.00000E+00  0.00000E+00   0.00000E+00  0.00000E+00   0.00000E+00  0.00000E+00   0.00000E+00  0.00000E+00   0.00000E+00  0.00000E+00   0.00000E+00  0.00000E+00   0.00000E+00  0.00000E+00   0.00000E+00  0.00000E+00   0.00000E+00  0.00000E+00   0.00000E+00  0.00000E+00   0.00000E+00  0.00000E+00   0.00000E+00  0.00000E+00   0.00000E+00  0.00000E+00   0.00000E+00  0.00000E+00   0.00000E+00  1.98741E-17   2.90152E+02  9.23920E-04   2.90152E+02  1.83888E-03   2.90182E+02  2.73737E-03   2.90351E+02  3.61053E-03   2.90482E+02  4.45181E-03   2.90727E+02  5.25333E-03   2.91001E+02  6.01036E-03   2.91296E+02  6.71820E-03   2.91709E+02  7.36878E-03   2.92090E+02  7.96967E-03   2.92604E+02  8.49944E-03   2.93103E+02  8.98558E-03   2.93706E+02  9.39284E-03   2.94324E+02  9.75821E-03   2.95032E+02  1.00518E-02   2.95757E+02  1.02971E-02   2.96578E+02  1.04873E-02   2.97432E+02  1.06236E-02   2.98328E+02  1.07211E-02   2.99346E+02  1.07627E-02   3.00317E+02  1.07798E-02   3.01461E+02  1.07451E-02   3.02568E+02  1.06876E-02   3.03781E+02  1.05982E-02   3.05059E+02  1.04746E-02   3.06355E+02  1.03412E-02   3.07761E+02  1.01740E-02   3.09210E+02  9.99965E-03   3.10693E+02  9.81258E-03   3.12293E+02  9.60685E-03   3.13883E+02  9.40206E-03   3.15534E+02  9.18259E-03   3.17290E+02  8.95363E-03   3.19003E+02  8.73027E-03   3.20903E+02  8.50138E-03   3.22833E+02  8.26517E-03   3.24768E+02  8.04149E-03   3.26787E+02  7.80748E-03   3.28835E+02  7.58098E-03   3.30907E+02  7.37105E-03   3.33118E+02  7.13821E-03   3.35334E+02  6.91813E-03   3.37601E+02 
 0.00000E+00   0.00000E+00  0.00000E+00   0.00000E+00  0.00000E+00   0.00000E+00  0.00000E+00   0.00000E+00  0.00000E+00   0.00000E+00  0.00000E+00   0.00000E+00  0.00000E+00   0.00000E+00  0.00000E+00   0.00000E+00  0.00000E+00   0.00000E+00  0.00000E+00   0.00000E+00  0.00000E+00   0.00000E+00  0.00000E+00   0.00000E+00  0.00000E+00   0.00000E+00  0.00000E+00   0.00000E+00  0.00000E+00   0.00000E+00  0.00000E+00   0.00000E+00  0.00000E+00   0.00000E+00  0.00000E+00   0.00000E+00  0.00000E+00   0.00000E+00  0.00000E+00   0.00000E+00  0.00000E+00   0.00000E+00  0.00000E+00   0.00000E+00  0.00000E+00   0.00000E+00  0.00000E+00   0.00000E+00  0.00000E+00   0.00000E+00  0.00000E+00   0.00000E+00  0.00000E+00   0.00000E+00  0.00000E+00   0.00000E+00  0.00000E+00   0.00000E+00  0.00000E+00   0.00000E+00  0.00000E+00   0.00000E+00  0.00000E+00   0.00000E+00  0.00000E+00   0.00000E+00  0.00000E+00   0.00000E+00  0.00000E+00   0.00000E+00  0.00000E+00   0.00000E+00  0.00000E+00   0.00000E+00  0.00000E+00   0.00000E+00  2.95821E-17   2.90247E+02  1.37523E-03   2.90247E+02  2.73682E-03   2.90322E+02  4.07472E-03   2.90435E+02  5.37430E-03   2.90622E+02  6.62659E-03   2.90833E+02  7.82066E-03   2.91108E+02  8.94828E-03   2.91440E+02  1.00005E-02   2.91797E+02  1.09758E-02   2.92245E+02  1.18606E-02   2.92702E+02  1.26674E-02   2.93250E+02  1.33731E-02   2.93822E+02  1.40020E-02   2.94471E+02  1.45329E-02   2.95153E+02  1.49822E-02   2.95913E+02  1.53492E-02   2.96706E+02  1.56312E-02   2.97565E+02  1.58453E-02   2.98495E+02  1.59802E-02   2.99435E+02  1.60576E-02   3.00505E+02  1.60673E-02   3.01556E+02  1.60270E-02   3.02726E+02  1.59372E-02   3.03930E+02  1.58003E-02   3.05180E+02  1.56326E-02   3.06529E+02  1.54249E-02   3.07880E+02  1.51919E-02   3.09336E+02  1.49338E-02   3.10825E+02  1.46488E-02   3.12372E+02  1.43495E-02   3.14009E+02  1.40343E-02   3.15670E+02  1.37080E-02   3.17424E+02  1.33798E-02   3.19220E+02  1.30447E-02   3.21043E+02  1.27016E-02   3.22961E+02  1.23646E-02   3.24889E+02  1.20119E-02   3.26889E+02  1.16697E-02   3.28985E+02  1.13340E-02   3.31100E+02  1.09908E-02   3.33262E+02  1.06758E-02   3.35497E+02  1.03468E-02   3.37730E+02 
 0.00000E+00   0.00000E+00  0.00000E+00   0.00000E+00  0.00000E+00   0.00000E+00  0.00000E+00   0.00000E+00  0.00000E+00   0.00000E+00  0.00000E+00   0.00000E+00  0.00000E+00   0.00000E+00  0.00000E+00   0.00000E+00  0.00000E+00   0.00000E+00  0.00000E+00   0.00000E+00  0.00000E+00   0.00000E+00  0.00000E+00   0.00000E+00  0.00000E+00   0.00000E+00  0.00000E+00   0.00000E+00  0.00000E+00   0.00000E+00  0.00000E+00   0.00000E+00  0.00000E+00   0.00000E+00  0.00000E+00   0.00000E+00  0.00000E+00   0.00000E+00  0.00000E+00   0.00000E+00  0.00000E+00   0.00000E+00  0.00000E+00   0.00000E+00  0.00000E+00   0.00000E+00  0.00000E+00   0.00000E+00  0.00000E+00   0.00000E+00  0.00000E+00   0.00000E+00  0.00000E+00   0.00000E+00  0.00000E+00   0.00000E+00  0.00000E+00   0.00000E+00  0.00000E+00   0.00000E+00  0.00000E+00   0.00000E+00  0.00000E+00   0.00000E+00  0.00000E+00   0.00000E+00  0.00000E+00   0.00000E+00  0.00000E+00   0.00000E+00  0.00000E+00   0.00000E+00  0.00000E+00   0.00000E+00  0.00000E+00   0.00000E+00  3.90032E-17   2.90407E+02  1.81321E-03   2.90407E+02  3.61072E-03   2.90512E+02  5.37375E-03   2.90617E+02  7.08967E-03   2.90796E+02  8.74165E-03   2.91018E+02  1.03183E-02   2.91293E+02  1.18059E-02   2.91607E+02  1.31995E-02   2.91997E+02  1.44820E-02   2.92403E+02  1.56624E-02   2.92902E+02  1.67155E-02   2.93414E+02  1.76662E-02   2.94011E+02  1.84838E-02   2.94640E+02  1.91985E-02   2.95340E+02  1.97902E-02   2.96079E+02  2.02758E-02   2.96888E+02  2.06580E-02   2.97750E+02  2.09357E-02   2.98653E+02  2.11292E-02   2.99651E+02  2.12258E-02   3.00654E+02  2.12561E-02   3.01768E+02  2.12027E-02   3.02901E+02  2.10909E-02   3.04106E+02  2.09213E-02   3.05381E+02  2.06900E-02   3.06691E+02  2.04275E-02   3.08085E+02  2.01113E-02   3.09533E+02  1.97704E-02   3.11022E+02  1.94040E-02   3.12605E+02  1.90063E-02   3.14209E+02  1.86004E-02   3.15868E+02  1.81747E-02   3.17619E+02  1.77304E-02   3.19361E+02  1.72902E-02   3.21237E+02  1.68414E-02   3.23152E+02  1.63809E-02   3.25093E+02  1.59368E-02   3.27114E+02  1.54810E-02   3.29168E+02  1.50352E-02   3.31262E+02  1.46086E-02   3.33446E+02  1.41620E-02   3.35666E+02  1.37304E-02   3.37931E+02 
 0.00000E+00   0.00000E+00  0.00000E+00   0.00000E+00  0.00000E+00   0.00000E+00  0.00000E+00   0.00000E+00  0.00000E+00   0.00000E+00  0.00000E+00   0.00000E+00  0.00000E+00   0.00000E+00  0.00000E+00   0.00000E+00  0.00000E+00   0.00000E+00  0.00000E+00   0.00000E+00  0.00000E+00   0.00000E+00  0.00000E+00   0.00000E+00  0.00000E+00   0.00000E+00  0.00000E+00   0.00000E+00  0.00000E+00   0.00000E+00  0.00000E+00   0.00000E+00  0.00000E+00   0.00000E+00  0.00000E+00   0.00000E+00  0.00000E+00   0.00000E+00  0.00000E+00   0.00000E+00  0.00000E+00   0.00000E+00  0.00000E+00   0.00000E+00  0.00000E+00   0.00000E+00  0.00000E+00   0.00000E+00  0.00000E+00   0.00000E+00  0.00000E+00   0.00000E+00  0.00000E+00   0.00000E+00  0.00000E+00   0.00000E+00  0.00000E+00   0.00000E+00  0.00000E+00   0.00000E+00  0.00000E+00   0.00000E+00  0.00000E+00   0.00000E+00  0.00000E+00   0.00000E+00  0.00000E+00   0.00000E+00  0.00000E+00   0.00000E+00  0.00000E+00   0.00000E+00  0.00000E+00   0.00000E+00  0.00000E+00   0.00000E+00  4.81010E-17   2.90675E+02  2.23616E-03   2.90675E+02  4.45031E-03   2.90694E+02  6.62664E-03   2.90853E+02  8.74066E-03   2.91011E+02  1.07803E-02   2.91237E+02  1.27238E-02   2.91511E+02  1.45633E-02   2.91838E+02  1.62790E-02   2.92207E+02  1.78716E-02   2.92645E+02  1.93205E-02   2.93113E+02  2.06375E-02   2.93656E+02  2.18004E-02   2.94234E+02  2.28284E-02   2.94879E+02  2.37077E-02   2.95571E+02  2.44477E-02   2.96322E+02  2.50579E-02   2.97128E+02  2.55295E-02   2.97982E+02  2.58893E-02   2.98913E+02  2.61237E-02   2.99867E+02  2.62595E-02   3.00921E+02  2.62914E-02   3.01993E+02  2.62350E-02   3.03151E+02  2.61020E-02   3.04361E+02  2.58889E-02   3.05616E+02  2.56238E-02   3.06957E+02  2.52945E-02   3.08325E+02  2.49206E-02   3.09772E+02  2.45076E-02   3.11270E+02  2.40504E-02   3.12821E+02  2.35693E-02   3.14445E+02  2.30629E-02   3.16118E+02  2.25345E-02   3.17857E+02  2.20028E-02   3.19656E+02  2.14573E-02   3.21490E+02  2.09006E-02   3.23398E+02  2.03504E-02   3.25337E+02  1.97822E-02   3.27339E+02  1.92258E-02   3.29420E+02  1.86792E-02   3.31536E+02  1.81232E-02   3.33703E+02  1.75991E-02   3.35928E+02  1.70640E-02   3.38175E+02 
 0.00000E+00   0.00000E+00  0.00000E+00   0.00000E+00  0.00000E+00   0.00000E+00  0.00000E+00   0.00000E+00  0.00000E+00   0.00000E+00  0.00000E+00   0.00000E+00  0.00000E+00   0.00000E+00  0.00000E+00   0.00000E+00  0.00000E+00   0.00000E+00  0.00000E+00   0.00000E+00  0.00000E+00   0.00000E+00  0.00000E+00   0.00000E+00  0.00000E+00   0.00000E+00  0.00000E+00   0.00000E+00  0.00000E+00   0.00000E+00  0.00000E+00   0.00000E+00  0.00000E+00   0.00000E+00  0.00000E+00   0.00000E+00  0.00000E+00   0.00000E+00  0.00000E+00   0.00000E+00  0.00000E+00   0.00000E+00  0.00000E+00   0.00000E+00  0.00000E+00   0.00000E+00  0.00000E+00   0.00000E+00  0.00000E+00   0.00000E+00  0.00000E+00   0.00000E+00  0.00000E+00   0.00000E+00  0.00000E+00   0.00000E+00  0.00000E+00   0.00000E+00  0.00000E+00   0.00000E+00  0.00000E+00   0.00000E+00  0.00000E+00   0.00000E+00  0.00000E+00   0.00000E+00  0.00000E+00   0.00000E+00  0.00000E+00   0.00000E+00  0.00000E+00   0.00000E+00  0.00000E+00   0.00000E+00  0.00000E+00   0.00000E+00  5.67437E-17   2.90888E+02  2.63794E-03   2.90888E+02  5.25259E-03   2.91021E+02  7.81859E-03   2.91105E+02  1.03174E-02   2.91299E+02  1.27227E-02   2.91515E+02  1.50226E-02   2.91794E+02  1.71921E-02   2.92112E+02  1.92277E-02   2.92498E+02  2.11048E-02   2.92914E+02  2.28309E-02   2.93407E+02  2.43807E-02   2.93929E+02  2.57735E-02   2.94524E+02  2.69845E-02   2.95158E+02  2.80368E-02   2.95856E+02  2.89195E-02   2.96605E+02  2.96424E-02   2.97409E+02  3.02181E-02   2.98278E+02  3.06412E-02   2.99184E+02  3.09392E-02   3.00178E+02  3.11007E-02   3.01193E+02  3.11574E-02   3.02300E+02  3.11003E-02   3.03442E+02  3.09502E-02   3.04647E+02  3.07192E-02   3.05925E+02  3.03987E-02   3.07238E+02  3.00260E-02   3.08630E+02  2.95819E-02   3.10080E+02  2.90927E-02   3.11570E+02  2.85675E-02   3.13150E+02  2.79974E-02   3.14759E+02  2.74098E-02   3.16422E+02  2.67971E-02   3.18173E+02  2.61572E-02   3.19922E+02  2.55173E-02   3.21792E+02  2.48657E-02   3.23701E+02  2.41989E-02   3.25643E+02  2.35483E-02   3.27667E+02  2.28888E-02   3.29722E+02  2.22362E-02   3.31821E+02  2.16087E-02   3.33998E+02  2.09607E-02   3.36214E+02  2.03306E-02   3.38480E+02 
 0.00000E+00   0.00000E+00  0.00000E+00   0.00000E+00  0.00000E+00   0.00000E+00  0.00000E+00   0.00000E+00  0.00000E+00   0.00000E+00  0.00000E+00   0.00000E+00  0.00000E+00   0.00000E+00  0.00000E+00   0.00000E+00  0.00000E+00   0.00000E+00  0.00000E+00   0.00000E+00  0.00000E+00   0.00000E+00  0.00000E+00   0.00000E+00  0.00000E+00   0.00000E+00  0.00000E+00   0.00000E+00  0.00000E+00   0.00000E+00  0.00000E+00   0.00000E+00  0.00000E+00   0.00000E+00  0.00000E+00   0.00000E+00  0.00000E+00   0.00000E+00  0.00000E+00   0.00000E+00  0.00000E+00   0.00000E+00  0.00000E+00   0.00000E+00  0.00000E+00   0.00000E+00  0.00000E+00   0.00000E+00  0.00000E+00   0.00000E+00  0.00000E+00   0.00000E+00  0.00000E+00   0.00000E+00  0.00000E+00   0.00000E+00  0.00000E+00   0.00000E+00  0.00000E+00   0.00000E+00  0.00000E+00   0.00000E+00  0.00000E+00   0.00000E+00  0.00000E+00   0.00000E+00  0.00000E+00   0.00000E+00  0.00000E+00   0.00000E+00  0.00000E+00   0.00000E+00  0.00000E+00   0.00000E+00  0.00000E+00   0.00000E+00  6.49208E-17   2.91273E+02  3.01809E-03   2.91273E+02  6.00808E-03   2.91294E+02  8.94672E-03   2.91454E+02  1.18029E-02   2.91609E+02  1.45617E-02   2.91842E+02  1.71905E-02   2.92112E+02  1.96835E-02   2.92445E+02  2.20105E-02   2.92815E+02  2.41732E-02   2.93252E+02  2.61467E-02   2.93727E+02  2.79402E-02   2.94268E+02  2.95329E-02   2.94854E+02  3.09398E-02   2.95497E+02  3.21521E-02   2.96196E+02  3.31740E-02   2.96945E+02  3.40233E-02   2.97759E+02  3.46852E-02   2.98614E+02  3.51965E-02   2.99547E+02  3.55389E-02   3.00508E+02  3.57466E-02   3.01558E+02  3.58154E-02   3.02640E+02  3.57609E-02   3.03795E+02  3.56051E-02   3.05011E+02  3.53358E-02   3.06268E+02  3.49963E-02   3.07609E+02  3.45688E-02   3.08985E+02  3.40763E-02   3.10429E+02  3.35338E-02   3.11933E+02  3.29279E-02   3.13485E+02  3.22893E-02   3.15105E+02  3.16155E-02   3.16784E+02  3.09089E-02   3.18516E+02  3.01942E-02   3.20316E+02  2.94625E-02   3.22158E+02  2.87121E-02   3.24059E+02  2.79683E-02   3.26004E+02  2.72067E-02   3.28006E+02  2.64531E-02   3.30080E+02  2.57149E-02   3.32195E+02  2.49633E-02   3.34364E+02  2.42445E-02   3.36584E+02  2.35199E-02   3.38835E+02 
 0.00000E+00   0.00000E+00  0.00000E+00   0.00000E+00  0.00000E+00   0.00000E+00  0.00000E+00   0.00000E+00  0.00000E+00   0.00000E+00  0.00000E+00   0.00000E+00  0.00000E+00   0.00000E+00  0.00000E+00   0.00000E+00  0.00000E+00   0.00000E+00  0.00000E+00   0.00000E+00  0.00000E+00   0.00000E+00  0.00000E+00   0.00000E+00  0.00000E+00   0.00000E+00  0.00000E+00   0.00000E+00  0.00000E+00   0.00000E+00  0.00000E+00   0.00000E+00  0.00000E+00   0.00000E+00  0.00000E+00   0.00000E+00  0.00000E+00   0.00000E+00  0.00000E+00   0.00000E+00  0.00000E+00   0.00000E+00  0.00000E+00   0.00000E+00  0.00000E+00   0.00000E+00  0.00000E+00   0.00000E+00  0.00000E+00   0.00000E+00  0.00000E+00   0.00000E+00  0.00000E+00   0.00000E+00  0.00000E+00   0.00000E+00  0.00000E+00   0.00000E+00  0.00000E+00   0.00000E+00  0.00000E+00   0.00000E+00  0.00000E+00   0.00000E+00  0.00000E+00   0.00000E+00  0.00000E+00   0.00000E+00  0.00000E+00   0.00000E+00  0.00000E+00   0.00000E+00  0.00000E+00   0.00000E+00  0.00000E+00   0.00000E+00  7.25362E-17   2.91600E+02  3.37212E-03   2.91600E+02  6.71495E-03   2.91710E+02  9.99699E-03   2.91810E+02  1.31949E-02   2.92001E+02  1.62750E-02   2.92216E+02  1.92242E-02   2.92501E+02  2.20085E-02   2.92818E+02  2.46248E-02   2.93208E+02  2.70429E-02   2.93628E+02  2.92680E-02   2.94121E+02  3.12753E-02   2.94650E+02  3.30787E-02   2.95243E+02  3.46581E-02   2.95886E+02  3.60311E-02   2.96584E+02  3.71928E-02   2.97339E+02  3.81486E-02   2.98145E+02  3.89178E-02   2.99017E+02  3.94920E-02   2.99928E+02  3.99043E-02   3.00922E+02  4.01448E-02   3.01944E+02  4.02444E-02   3.03050E+02  4.02044E-02   3.04200E+02  4.00375E-02   3.05405E+02  3.97696E-02   3.06686E+02  3.93861E-02   3.08003E+02  3.89292E-02   3.09395E+02  3.83850E-02   3.10847E+02  3.77756E-02   3.12339E+02  3.71179E-02   3.13918E+02  3.64043E-02   3.15530E+02  3.56619E-02   3.17198E+02  3.48876E-02   3.18946E+02  3.40813E-02   3.20704E+02  3.32646E-02   3.22567E+02  3.24353E-02   3.24472E+02  3.15872E-02   3.26416E+02  3.07508E-02   3.28440E+02  2.99112E-02   3.30496E+02  2.90731E-02   3.32597E+02  2.82618E-02   3.34770E+02  2.74343E-02   3.36979E+02  2.66223E-02   3.39248E+02 
 0.00000E+00   0.00000E+00  0.00000E+00   0.00000E+00  0.00000E+00   0.00000E+00  0.00000E+00   0.00000E+00  0.00000E+00   0.00000E+00  0.00000E+00   0.00000E+00  0.00000E+00   0.00000E+00  0.00000E+00   0.00000E+00  0.00000E+00   0.00000E+00  0.00000E+00   0.00000E+00  0.00000E+00   0.00000E+00  0.00000E+00   0.00000E+00  0.00000E+00   0.00000E+00  0.00000E+00   0.00000E+00  0.00000E+00   0.00000E+00  0.00000E+00   0.00000E+00  0.00000E+00   0.00000E+00  0.00000E+00   0.00000E+00  0.00000E+00   0.00000E+00  0.00000E+00   0.00000E+00  0.00000E+00   0.00000E+00  0.00000E+00   0.00000E+00  0.00000E+00   0.00000E+00  0.00000E+00   0.00000E+00  0.00000E+00   0.00000E+00  0.00000E+00   0.00000E+00  0.00000E+00   0.00000E+00  0.00000E+00   0.00000E+00  0.00000E+00   0.00000E+00  0.00000E+00   0.00000E+00  0.00000E+00   0.00000E+00  0.00000E+00   0.00000E+00  0.00000E+00   0.00000E+00  0.00000E+00   0.00000E+00  0.00000E+00   0.00000E+00  0.00000E+00   0.00000E+00  0.00000E+00   0.00000E+00  0.00000E+00   0.00000E+00  7.95918E-17   2.92057E+02  3.70012E-03   2.92057E+02  7.36581E-03   2.92110E+02  1.09710E-02   2.92252E+02  1.44768E-02   2.92416E+02  1.78660E-02   2.92652E+02  2.10993E-02   2.92919E+02  2.41693E-02   2.93259E+02  2.70401E-02   2.93628E+02  2.97126E-02   2.94070E+02  3.21581E-02   2.94549E+02  3.43842E-02   2.95089E+02  3.63705E-02   2.95684E+02  3.81283E-02   2.96325E+02  3.96525E-02   2.97032E+02  4.09438E-02   2.97783E+02  4.20250E-02   2.98600E+02  4.28774E-02   2.99460E+02  4.35453E-02   3.00396E+02  4.40064E-02   3.01363E+02  4.43000E-02   3.02413E+02  4.44258E-02   3.03503E+02  4.43938E-02   3.04657E+02  4.42401E-02   3.05879E+02  4.39418E-02   3.07140E+02  4.35545E-02   3.08480E+02  4.30584E-02   3.09865E+02  4.24776E-02   3.11307E+02  4.18346E-02   3.12815E+02  4.11129E-02   3.14371E+02  4.03462E-02   3.15986E+02  3.95367E-02   3.17670E+02  3.86821E-02   3.19398E+02  3.78121E-02   3.21196E+02  3.69240E-02   3.23047E+02  3.60062E-02   3.24942E+02  3.50950E-02   3.26890E+02  3.41678E-02   3.28895E+02  3.32406E-02   3.30960E+02  3.23342E-02   3.33076E+02  3.14118E-02   3.35242E+02  3.05160E-02   3.37462E+02  2.96248E-02   3.39714E+02 
 0.00000E+00   0.00000E+00  0.00000E+00   0.00000E+00  0.00000E+00   0.00000E+00  0.00000E+00   0.00000E+00  0.00000E+00   0.00000E+00  0.00000E+00   0.00000E+00  0.00000E+00   0.00000E+00  0.00000E+00   0.00000E+00  0.00000E+00   0.00000E+00  0.00000E+00   0.00000E+00  0.00000E+00   0.00000E+00  0.00000E+00   0.00000E+00  0.00000E+00   0.00000E+00  0.00000E+00   0.00000E+00  0.00000E+00   0.00000E+00  0.00000E+00   0.00000E+00  0.00000E+00   0.00000E+00  0.00000E+00   0.00000E+00  0.00000E+00   0.00000E+00  0.00000E+00   0.00000E+00  0.00000E+00   0.00000E+00  0.00000E+00   0.00000E+00  0.00000E+00   0.00000E+00  0.00000E+00   0.00000E+00  0.00000E+00   0.00000E+00  0.00000E+00   0.00000E+00  0.00000E+00   0.00000E+00  0.00000E+00   0.00000E+00  0.00000E+00   0.00000E+00  0.00000E+00   0.00000E+00  0.00000E+00   0.00000E+00  0.00000E+00   0.00000E+00  0.00000E+00   0.00000E+00  0.00000E+00   0.00000E+00  0.00000E+00   0.00000E+00  0.00000E+00   0.00000E+00  0.00000E+00   0.00000E+00  0.00000E+00   0.00000E+00  8.59864E-17   2.92520E+02  3.99740E-03   2.92520E+02  7.96260E-03   2.92605E+02  1.18554E-02   2.92724E+02  1.56524E-02   2.92907E+02  1.93131E-02   2.93127E+02  2.28210E-02   2.93416E+02  2.61398E-02   2.93733E+02  2.92616E-02   2.94128E+02  3.21553E-02   2.94551E+02  3.48221E-02   2.95045E+02  3.72383E-02   2.95583E+02  3.94121E-02   2.96175E+02  4.13292E-02   2.96827E+02  4.29992E-02   2.97524E+02  4.44250E-02   2.98285E+02  4.56056E-02   2.99095E+02  4.65669E-02   2.99970E+02  4.72977E-02   3.00887E+02  4.78332E-02   3.01882E+02  4.81693E-02   3.02913E+02  4.83292E-02   3.04018E+02  4.83303E-02   3.05176E+02  4.81721E-02   3.06384E+02  4.78937E-02   3.07666E+02  4.74798E-02   3.08990E+02  4.69678E-02   3.10380E+02  4.63571E-02   3.11835E+02  4.56614E-02   3.13330E+02  4.49025E-02   3.14906E+02  4.40807E-02   3.16523E+02  4.32146E-02   3.18194E+02  4.23115E-02   3.19941E+02  4.13715E-02   3.21708E+02  4.04077E-02   3.23563E+02  3.94311E-02   3.25466E+02  3.84315E-02   3.27410E+02  3.74368E-02   3.29432E+02  3.64454E-02   3.31491E+02  3.54472E-02   3.33591E+02  3.44751E-02   3.35762E+02  3.34927E-02   3.37965E+02  3.25217E-02   3.40231E+02 
 0.00000E+00   0.00000E+00  0.00000E+00   0.00000E+00  0.00000E+00   0.00000E+00  0.00000E+00   0.00000E+00  0.00000E+00   0.00000E+00  0.00000E+00   0.00000E+00  0.00000E+00   0.00000E+00  0.00000E+00   0.00000E+00  0.00000E+00   0.00000E+00  0.00000E+00   0.00000E+00  0.00000E+00   0.00000E+00  0.00000E+00   0.00000E+00  0.00000E+00   0.00000E+00  0.00000E+00   0.00000E+00  0.00000E+00   0.00000E+00  0.00000E+00   0.00000E+00  0.00000E+00   0.00000E+00  0.00000E+00   0.00000E+00  0.00000E+00   0.00000E+00  0.00000E+00   0.00000E+00  0.00000E+00   0.00000E+00  0.00000E+00   0.00000E+00  0.00000E+00   0.00000E+00  0.00000E+00   0.00000E+00  0.00000E+00   0.00000E+00  0.00000E+00   0.00000E+00  0.00000E+00   0.00000E+00  0.00000E+00   0.00000E+00  0.00000E+00   0.00000E+00  0.00000E+00   0.00000E+00  0.00000E+00   0.00000E+00  0.00000E+00   0.00000E+00  0.00000E+00   0.00000E+00  0.00000E+00   0.00000E+00  0.00000E+00   0.00000E+00  0.00000E+00   0.00000E+00  0.00000E+00   0.00000E+00  0.00000E+00   0.00000E+00  9.18062E-17   2.93063E+02  4.26796E-03   2.93063E+02  8.49602E-03   2.93127E+02  1.26582E-02   2.93261E+02  1.67074E-02   2.93434E+02  2.06257E-02   2.93668E+02  2.43707E-02   2.93938E+02  2.79292E-02   2.94282E+02  3.12664E-02   2.94652E+02  3.43773E-02   2.95099E+02  3.72340E-02   2.95582E+02  3.98401E-02   2.96124E+02  4.21770E-02   2.96725E+02  4.42509E-02   2.97368E+02  4.60622E-02   2.98082E+02  4.76043E-02   2.98834E+02  4.89080E-02   2.99658E+02  4.99486E-02   3.00522E+02  5.07756E-02   3.01460E+02  5.13668E-02   3.02436E+02  5.17599E-02   3.03486E+02  5.19630E-02   3.04586E+02  5.19773E-02   3.05740E+02  5.18507E-02   3.06966E+02  5.15551E-02   3.08233E+02  5.11484E-02   3.09571E+02  5.06182E-02   3.10964E+02  4.99812E-02   3.12405E+02  4.92725E-02   3.13918E+02  4.84702E-02   3.15477E+02  4.76104E-02   3.17089E+02  4.67018E-02   3.18778E+02  4.57324E-02   3.20503E+02  4.47417E-02   3.22299E+02  4.37293E-02   3.24157E+02  4.26756E-02   3.26045E+02  4.16293E-02   3.27998E+02  4.05664E-02   3.30004E+02  3.94952E-02   3.32059E+02  3.84481E-02   3.34176E+02  3.73808E-02   3.36340E+02  3.63346E-02   3.38556E+02  3.53000E-02   3.40812E+02 
 0.00000E+00   0.00000E+00  0.00000E+00   0.00000E+00  0.00000E+00   0.00000E+00  0.00000E+00   0.00000E+00  0.00000E+00   0.00000E+00  0.00000E+00   0.00000E+00  0.00000E+00   0.00000E+00  0.00000E+00   0.00000E+00  0.00000E+00   0.00000E+00  0.00000E+00   0.00000E+00  0.00000E+00   0.00000E+00  0.00000E+00   0.00000E+00  0.00000E+00   0.00000E+00  0.00000E+00   0.00000E+00  0.00000E+00   0.00000E+00  0.00000E+00   0.00000E+00  0.00000E+00   0.00000E+00  0.00000E+00   0.00000E+00  0.00000E+00   0.00000E+00  0.00000E+00   0.00000E+00  0.00000E+00   0.00000E+00  0.00000E+00   0.00000E+00  0.00000E+00   0.00000E+00  0.00000E+00   0.00000E+00  0.00000E+00   0.00000E+00  0.00000E+00   0.00000E+00  0.00000E+00   0.00000E+00  0.00000E+00   0.00000E+00  0.00000E+00   0.00000E+00  0.00000E+00   0.00000E+00  0.00000E+00   0.00000E+00  0.00000E+00   0.00000E+00  0.00000E+00   0.00000E+00  0.00000E+00   0.00000E+00  0.00000E+00   0.00000E+00  0.00000E+00   0.00000E+00  0.00000E+00   0.00000E+00  0.00000E+00   0.00000E+00  9.69000E-17   2.93636E+02  4.50476E-03   2.93636E+02  8.97457E-03   2.93723E+02  1.33649E-02   2.93845E+02  1.76506E-02   2.94024E+02  2.17879E-02   2.94253E+02  2.57558E-02   2.94539E+02  2.95196E-02   2.94863E+02  3.30631E-02   2.95259E+02  3.63600E-02   2.95687E+02  3.94028E-02   2.96184E+02  4.21730E-02   2.96728E+02  4.46708E-02   2.97322E+02  4.68893E-02   2.97981E+02  4.88271E-02   2.98680E+02  5.04989E-02   2.99449E+02  5.18919E-02   3.00261E+02  5.30411E-02   3.01141E+02  5.39325E-02   3.02066E+02  5.45983E-02   3.03059E+02  5.50458E-02   3.04102E+02  5.52842E-02   3.05205E+02  5.53484E-02   3.06371E+02  5.52270E-02   3.07583E+02  5.49648E-02   3.08866E+02  5.45542E-02   3.10198E+02  5.40182E-02   3.11586E+02  5.33785E-02   3.13044E+02  5.26310E-02   3.14543E+02  5.18079E-02   3.16115E+02  5.09151E-02   3.17739E+02  4.99596E-02   3.19412E+02  4.89641E-02   3.21156E+02  4.79254E-02   3.22933E+02  4.68491E-02   3.24780E+02  4.57585E-02   3.26679E+02  4.46409E-02   3.28627E+02  4.35207E-02   3.30644E+02  4.24067E-02   3.32704E+02  4.12784E-02   3.34805E+02  4.01724E-02   3.36970E+02  3.90604E-02   3.39172E+02  3.79600E-02   3.41431E+02 
 0.00000E+00   0.00000E+00  0.00000E+00   0.00000E+00  0.00000E+00   0.00000E+00  0.00000E+00   0.00000E+00  0.00000E+00   0.00000E+00  0.00000E+00   0.00000E+00  0.00000E+00   0.00000E+00  0.00000E+00   0.00000E+00  0.00000E+00   0.00000E+00  0.00000E+00   0.00000E+00  0.00000E+00   0.00000E+00  0.00000E+00   0.00000E+00  0.00000E+00   0.00000E+00  0.00000E+00   0.00000E+00  0.00000E+00   0.00000E+00  0.00000E+00   0.00000E+00  0.00000E+00   0.00000E+00  0.00000E+00   0.00000E+00  0.00000E+00   0.00000E+00  0.00000E+00   0.00000E+00  0.00000E+00   0.00000E+00  0.00000E+00   0.00000E+00  0.00000E+00   0.00000E+00  0.00000E+00   0.00000E+00  0.00000E+00   0.00000E+00  0.00000E+00   0.00000E+00  0.00000E+00   0.00000E+00  0.00000E+00   0.00000E+00  0.00000E+00   0.00000E+00  0.00000E+00   0.00000E+00  0.00000E+00   0.00000E+00  0.00000E+00   0.00000E+00  0.00000E+00   0.00000E+00  0.00000E+00   0.00000E+00  0.00000E+00   0.00000E+00  0.00000E+00   0.00000E+00  0.00000E+00   0.00000E+00  0.00000E+00   0.00000E+00  1.01417E-16   2.94294E+02  4.71476E-03   2.94294E+02  9.38788E-03   2.94351E+02  1.39887E-02   2.94490E+02  1.84713E-02   2.94664E+02  2.28110E-02   2.94897E+02  2.69679E-02   2.95175E+02  3.09216E-02   2.95517E+02  3.46412E-02   2.95895E+02  3.81133E-02   2.96342E+02  4.13154E-02   2.96830E+02  4.42431E-02   2.97377E+02  4.68827E-02   2.97981E+02  4.92334E-02   2.98628E+02  5.13016E-02   2.99349E+02  5.30731E-02   3.00103E+02  5.45850E-02   3.00934E+02  5.58091E-02   3.01803E+02  5.67941E-02   3.02744E+02  5.75249E-02   3.03730E+02  5.80293E-02   3.04779E+02  5.83273E-02   3.05888E+02  5.84127E-02   3.07044E+02  5.83365E-02   3.08274E+02  5.80756E-02   3.09547E+02  5.76787E-02   3.10884E+02  5.71490E-02   3.12284E+02  5.64901E-02   3.13726E+02  5.57510E-02   3.15240E+02  5.49050E-02   3.16806E+02  5.39895E-02   3.18415E+02  5.30178E-02   3.20108E+02  5.19723E-02   3.21830E+02  5.08965E-02   3.23624E+02  4.97929E-02   3.25485E+02  4.86404E-02   3.27370E+02  4.74921E-02   3.29325E+02  4.63265E-02   3.31333E+02  4.51440E-02   3.33380E+02  4.39846E-02   3.35493E+02  4.28017E-02   3.37657E+02  4.16357E-02   3.39865E+02  4.04841E-02   3.42127E+02 
 0.00000E+00   0.00000E+00  0.00000E+00   0.00000E+00  0.00000E+00   0.00000E+00  0.00000E+00   0.00000E+00  0.00000E+00   0.00000E+00  0.00000E+00   0.00000E+00  0.00000E+00   0.00000E+00  0.00000E+00   0.00000E+00  0.00000E+00   0.00000E+00  0.00000E+00   0.00000E+00  0.00000E+00   0.00000E+00  0.00000E+00   0.00000E+00  0.00000E+00   0.00000E+00  0.00000E+00   0.00000E+00  0.00000E+00   0.00000E+00  0.00000E+00   0.00000E+00  0.00000E+00   0.00000E+00  0.00000E+00   0.00000E+00  0.00000E+00   0.00000E+00  0.00000E+00   0.00000E+00  0.00000E+00   0.00000E+00  0.00000E+00   0.00000E+00  0.00000E+00   0.00000E+00  0.00000E+00   0.00000E+00  0.00000E+00   0.00000E+00  0.00000E+00   0.00000E+00  0.00000E+00   0.00000E+00  0.00000E+00   0.00000E+00  0.00000E+00   0.00000E+00  0.00000E+00   0.00000E+00  0.00000E+00   0.00000E+00  0.00000E+00   0.00000E+00  0.00000E+00   0.00000E+00  0.00000E+00   0.00000E+00  0.00000E+00   0.00000E+00  0.00000E+00   0.00000E+00  0.00000E+00   0.00000E+00  0.00000E+00   0.00000E+00  1.05231E-16   2.94965E+02  4.89208E-03   2.94965E+02  9.74563E-03   2.95060E+02  1.45192E-02   2.95179E+02  1.91789E-02   2.95361E+02  2.36870E-02   2.95595E+02  2.80134E-02   2.95877E+02  3.21282E-02   2.96213E+02  3.60077E-02   2.96604E+02  3.96305E-02   2.97043E+02  4.29802E-02   2.97539E+02  4.60459E-02   2.98090E+02  4.88170E-02   2.98687E+02  5.12955E-02   2.99353E+02  5.34701E-02   3.00055E+02  5.53626E-02   3.00832E+02  5.69550E-02   3.01648E+02  5.82822E-02   3.02531E+02  5.93358E-02   3.03466E+02  6.01365E-02   3.04457E+02  6.07075E-02   3.05512E+02  6.10417E-02   3.06615E+02  6.11882E-02   3.07787E+02  6.11298E-02   3.09005E+02  6.09093E-02   3.10287E+02  6.05337E-02   3.11627E+02  6.00057E-02   3.13015E+02  5.93720E-02   3.14474E+02  5.86099E-02   3.15980E+02  5.77597E-02   3.17545E+02  5.68331E-02   3.19176E+02  5.58261E-02   3.20851E+02  5.47715E-02   3.22591E+02  5.36726E-02   3.24378E+02  5.25193E-02   3.26220E+02  5.13482E-02   3.28112E+02  5.01522E-02   3.30066E+02  4.89370E-02   3.32074E+02  4.77331E-02   3.34133E+02  4.65062E-02   3.36238E+02  4.52945E-02   3.38396E+02  4.40823E-02   3.40597E+02  4.28820E-02   3.42849E+02 
 0.00000E+00   0.00000E+00  0.00000E+00   0.00000E+00  0.00000E+00   0.00000E+00  0.00000E+00   0.00000E+00  0.00000E+00   0.00000E+00  0.00000E+00   0.00000E+00  0.00000E+00   0.00000E+00  0.00000E+00   0.00000E+00  0.00000E+00   0.00000E+00  0.00000E+00   0.00000E+00  0.00000E+00   0.00000E+00  0.00000E+00   0.00000E+00  0.00000E+00   0.00000E+00  0.00000E+00   0.00000E+00  0.00000E+00   0.00000E+00  0.00000E+00   0.00000E+00  0.00000E+00   0.00000E+00  0.00000E+00   0.00000E+00  0.00000E+00   0.00000E+00  0.00000E+00   0.00000E+00  0.00000E+00   0.00000E+00  0.00000E+00   0.00000E+00  0.00000E+00   0.00000E+00  0.00000E+00   0.00000E+00  0.00000E+00   0.00000E+00  0.00000E+00   0.00000E+00  0.00000E+00   0.00000E+00  0.00000E+00   0.00000E+00  0.00000E+00   0.00000E+00  0.00000E+00   0.00000E+00  0.00000E+00   0.00000E+00  0.00000E+00   0.00000E+00  0.00000E+00   0.00000E+00  0.00000E+00   0.00000E+00  0.00000E+00   0.00000E+00  0.00000E+00   0.00000E+00  0.00000E+00   0.00000E+00  0.00000E+00   0.00000E+00  1.08456E-16   2.95739E+02  5.04196E-03   2.95739E+02  1.00432E-02   2.95794E+02  1.49661E-02   2.95937E+02  1.97718E-02   2.96112E+02  2.44253E-02   2.96345E+02  2.88942E-02   2.96632E+02  3.31496E-02   2.96969E+02  3.71652E-02   2.97358E+02  4.09213E-02   2.97804E+02  4.43996E-02   2.98299E+02  4.75882E-02   2.98849E+02  5.04797E-02   2.99458E+02  5.30651E-02   3.00110E+02  5.53547E-02   3.00834E+02  5.73341E-02   3.01595E+02  5.90323E-02   3.02429E+02  6.04348E-02   3.03306E+02  6.15716E-02   3.04249E+02  6.24472E-02   3.05245E+02  6.30723E-02   3.06296E+02  6.34783E-02   3.07411E+02  6.36564E-02   3.08573E+02  6.36511E-02   3.09803E+02  6.34546E-02   3.11084E+02  6.30960E-02   3.12420E+02  6.25982E-02   3.13823E+02  6.19543E-02   3.15271E+02  6.12149E-02   3.16784E+02  6.03639E-02   3.18355E+02  5.94287E-02   3.19966E+02  5.84264E-02   3.21657E+02  5.73481E-02   3.23380E+02  5.62196E-02   3.25172E+02  5.50594E-02   3.27027E+02  5.38489E-02   3.28917E+02  5.26287E-02   3.30872E+02  5.13970E-02   3.32878E+02  5.01355E-02   3.34922E+02  4.88918E-02   3.37030E+02  4.76260E-02   3.39189E+02  4.63716E-02   3.41393E+02  4.51322E-02   3.43653E+02 
 0.00000E+00   0.00000E+00  0.00000E+00   0.00000E+00  0.00000E+00   0.00000E+00  0.00000E+00   0.00000E+00  0.00000E+00   0.00000E+00  0.00000E+00   0.00000E+00  0.00000E+00   0.00000E+00  0.00000E+00   0.00000E+00  0.00000E+00   0.00000E+00  0.00000E+00   0.00000E+00  0.00000E+00   0.00000E+00  0.00000E+00   0.00000E+00  0.00000E+00   0.00000E+00  0.00000E+00   0.00000E+00  0.00000E+00   0.00000E+00  0.00000E+00   0.00000E+00  0.00000E+00   0.00000E+00  0.00000E+00   0.00000E+00  0.00000E+00   0.00000E+00  0.00000E+00   0.00000E+00  0.00000E+00   0.00000E+00  0.00000E+00   0.00000E+00  0.00000E+00   0.00000E+00  0.00000E+00   0.00000E+00  0.00000E+00   0.00000E+00  0.00000E+00   0.00000E+00  0.00000E+00   0.00000E+00  0.00000E+00   0.00000E+00  0.00000E+00   0.00000E+00  0.00000E+00   0.00000E+00  0.00000E+00   0.00000E+00  0.00000E+00   0.00000E+00  0.00000E+00   0.00000E+00  0.00000E+00   0.00000E+00  0.00000E+00   0.00000E+00  0.00000E+00   0.00000E+00  0.00000E+00   0.00000E+00  0.00000E+00   0.00000E+00  1.11058E-16   2.96520E+02  5.16296E-03   2.96520E+02  1.02851E-02   2.96615E+02  1.53295E-02   2.96736E+02  2.02538E-02   2.96918E+02  2.50289E-02   2.97157E+02  2.96144E-02   2.97438E+02  3.39883E-02   2.97782E+02  3.81189E-02   2.98171E+02  4.19897E-02   2.98620E+02  4.55779E-02   2.99115E+02  4.88779E-02   2.99674E+02  5.18706E-02   3.00274E+02  5.45647E-02   3.00945E+02  5.69434E-02   3.01654E+02  5.90258E-02   3.02434E+02  6.08033E-02   3.03258E+02  6.22930E-02   3.04144E+02  6.35068E-02   3.05088E+02  6.44441E-02   3.06082E+02  6.51449E-02   3.07144E+02  6.55903E-02   3.08250E+02  6.58334E-02   3.09425E+02  6.58609E-02   3.10650E+02  6.57057E-02   3.11931E+02  6.53902E-02   3.13278E+02  6.49040E-02   3.14668E+02  6.43034E-02   3.16126E+02  6.35657E-02   3.17638E+02  6.27221E-02   3.19200E+02  6.17968E-02   3.20834E+02  6.07768E-02   3.22511E+02  5.96947E-02   3.24247E+02  5.85718E-02   3.26042E+02  5.73784E-02   3.27880E+02  5.61603E-02   3.29768E+02  5.49244E-02   3.31725E+02  5.36458E-02   3.33724E+02  5.23820E-02   3.35779E+02  5.10904E-02   3.37885E+02  4.98021E-02   3.40039E+02  4.85212E-02   3.42236E+02  4.72480E-02   3.44486E+02 
 0.00000E+00   0.00000E+00  0.00000E+00   0.00000E+00  0.00000E+00   0.00000E+00  0.00000E+00   0.00000E+00  0.00000E+00   0.00000E+00  0.00000E+00   0.00000E+00  0.00000E+00   0.00000E+00  0.00000E+00   0.00000E+00  0.00000E+00   0.00000E+00  0.00000E+00   0.00000E+00  0.00000E+00   0.00000E+00  0.00000E+00   0.00000E+00  0.00000E+00   0.00000E+00  0.00000E+00   0.00000E+00  0.00000E+00   0.00000E+00  0.00000E+00   0.00000E+00  0.00000E+00   0.00000E+00  0.00000E+00   0.00000E+00  0.00000E+00   0.00000E+00  0.00000E+00   0.00000E+00  0.00000E+00   0.00000E+00  0.00000E+00   0.00000E+00  0.00000E+00   0.00000E+00  0.00000E+00   0.00000E+00  0.00000E+00   0.00000E+00  0.00000E+00   0.00000E+00  0.00000E+00   0.00000E+00  0.00000E+00   0.00000E+00  0.00000E+00   0.00000E+00  0.00000E+00   0.00000E+00  0.00000E+00   0.00000E+00  0.00000E+00   0.00000E+00  0.00000E+00   0.00000E+00  0.00000E+00   0.00000E+00  0.00000E+00   0.00000E+00  0.00000E+00   0.00000E+00  0.00000E+00   0.00000E+00  0.00000E+00   0.00000E+00  1.13082E-16   2.97402E+02  5.25704E-03   2.97402E+02  1.04746E-02   2.97464E+02  1.56113E-02   2.97603E+02  2.06342E-02   2.97785E+02  2.55001E-02   2.98016E+02  3.01855E-02   2.98309E+02  3.46521E-02   2.98646E+02  3.88807E-02   2.99043E+02  4.28451E-02   2.99488E+02  4.65308E-02   2.99992E+02  4.99210E-02   3.00543E+02  5.30110E-02   3.01158E+02  5.57893E-02   3.01817E+02  5.82620E-02   3.02541E+02  6.04243E-02   3.03315E+02  6.22852E-02   3.04147E+02  6.38555E-02   3.05036E+02  6.51355E-02   3.05979E+02  6.61552E-02   3.06983E+02  6.69071E-02   3.08039E+02  6.74280E-02   3.09156E+02  6.77167E-02   3.10328E+02  6.77975E-02   3.11554E+02  6.76902E-02   3.12843E+02  6.73973E-02   3.14180E+02  6.69567E-02   3.15584E+02  6.63653E-02   3.17039E+02  6.56511E-02   3.18550E+02  6.48310E-02   3.20124E+02  6.39087E-02   3.21741E+02  6.29057E-02   3.23425E+02  6.18336E-02   3.25154E+02  6.06876E-02   3.26942E+02  5.95016E-02   3.28788E+02  5.82744E-02   3.30682E+02  5.70130E-02   3.32638E+02  5.57453E-02   3.34637E+02  5.44408E-02   3.36683E+02  5.31392E-02   3.38785E+02  5.18234E-02   3.40935E+02  5.05128E-02   3.43138E+02  4.92144E-02   3.45390E+02 
 0.00000E+00   0.00000E+00  0.00000E+00   0.00000E+00  0.00000E+00   0.00000E+00  0.00000E+00   0.00000E+00  0.00000E+00   0.00000E+00  0.00000E+00   0.00000E+00  0.00000E+00   0.00000E+00  0.00000E+00   0.00000E+00  0.00000E+00   0.00000E+00  0.00000E+00   0.00000E+00  0.00000E+00   0.00000E+00  0.00000E+00   0.00000E+00  0.00000E+00   0.00000E+00  0.00000E+00   0.00000E+00  0.00000E+00   0.00000E+00  0.00000E+00   0.00000E+00  0.00000E+00   0.00000E+00  0.00000E+00   0.00000E+00  0.00000E+00   0.00000E+00  0.00000E+00   0.00000E+00  0.00000E+00   0.00000E+00  0.00000E+00   0.00000E+00  0.00000E+00   0.00000E+00  0.00000E+00   0.00000E+00  0.00000E+00   0.00000E+00  0.00000E+00   0.00000E+00  0.00000E+00   0.00000E+00  0.00000E+00   0.00000E+00  0.00000E+00   0.00000E+00  0.00000E+00   0.00000E+00  0.00000E+00   0.00000E+00  0.00000E+00   0.00000E+00  0.00000E+00   0.00000E+00  0.00000E+00   0.00000E+00  0.00000E+00   0.00000E+00  0.00000E+00   0.00000E+00  0.00000E+00   0.00000E+00  0.00000E+00   0.00000E+00  1.14573E-16   2.98303E+02  5.32637E-03   2.98303E+02  1.06119E-02   2.98392E+02  1.58218E-02   2.98520E+02  2.09107E-02   2.98700E+02  2.58551E-02   2.98943E+02  3.06077E-02   2.99226E+02  3.51542E-02   2.99574E+02  3.94552E-02   2.99965E+02  4.35002E-02   3.00420E+02  4.72608E-02   3.00916E+02  5.07342E-02   3.01482E+02  5.38991E-02   3.02086E+02  5.67616E-02   3.02762E+02  5.93102E-02   3.03479E+02  6.15514E-02   3.04260E+02  6.34927E-02   3.05096E+02  6.51299E-02   3.05983E+02  6.64936E-02   3.06935E+02  6.75675E-02   3.07933E+02  6.83970E-02   3.08998E+02  6.89662E-02   3.10112E+02  6.93141E-02   3.11286E+02  6.94467E-02   3.12518E+02  6.93769E-02   3.13800E+02  6.91404E-02   3.15149E+02  6.87280E-02   3.16545E+02  6.81814E-02   3.18002E+02  6.75007E-02   3.19519E+02  6.66969E-02   3.21081E+02  6.58000E-02   3.22711E+02  6.48052E-02   3.24392E+02  6.37289E-02   3.26122E+02  6.26080E-02   3.27922E+02  6.14154E-02   3.29757E+02  6.01824E-02   3.31646E+02  5.89367E-02   3.33599E+02  5.76310E-02   3.35592E+02  5.63330E-02   3.37641E+02  5.50086E-02   3.39746E+02  5.36774E-02   3.41897E+02  5.23567E-02   3.44090E+02  5.10361E-02   3.46336E+02 
 0.00000E+00   0.00000E+00  0.00000E+00   0.00000E+00  0.00000E+00   0.00000E+00  0.00000E+00   0.00000E+00  0.00000E+00   0.00000E+00  0.00000E+00   0.00000E+00  0.00000E+00   0.00000E+00  0.00000E+00   0.00000E+00  0.00000E+00   0.00000E+00  0.00000E+00   0.00000E+00  0.00000E+00   0.00000E+00  0.00000E+00   0.00000E+00  0.00000E+00   0.00000E+00  0.00000E+00   0.00000E+00  0.00000E+00   0.00000E+00  0.00000E+00   0.00000E+00  0.00000E+00   0.00000E+00  0.00000E+00   0.00000E+00  0.00000E+00   0.00000E+00  0.00000E+00   0.00000E+00  0.00000E+00   0.00000E+00  0.00000E+00   0.00000E+00  0.00000E+00   0.00000E+00  0.00000E+00   0.00000E+00  0.00000E+00   0.00000E+00  0.00000E+00   0.00000E+00  0.00000E+00   0.00000E+00  0.00000E+00   0.00000E+00  0.00000E+00   0.00000E+00  0.00000E+00   0.00000E+00  0.00000E+00   0.00000E+00  0.00000E+00   0.00000E+00  0.00000E+00   0.00000E+00  0.00000E+00   0.00000E+00  0.00000E+00   0.00000E+00  0.00000E+00   0.00000E+00  0.00000E+00   0.00000E+00  0.00000E+00   0.00000E+00  1.15539E-16   2.99288E+02  5.37125E-03   2.99288E+02  1.07037E-02   2.99364E+02  1.59571E-02   2.99493E+02  2.11000E-02   2.99685E+02  2.60875E-02   2.99914E+02  3.09005E-02   3.00212E+02  3.54959E-02   3.00551E+02  3.98599E-02   3.00952E+02  4.39617E-02   3.01400E+02  4.77890E-02   3.01910E+02  5.13252E-02   3.02466E+02  5.45595E-02   3.03084E+02  5.74903E-02   3.03752E+02  6.01067E-02   3.04476E+02  6.24232E-02   3.05262E+02  6.44247E-02   3.06092E+02  6.61435E-02   3.06993E+02  6.75595E-02   3.07936E+02  6.87142E-02   3.08946E+02  6.95960E-02   3.10008E+02  7.02332E-02   3.11124E+02  7.06430E-02   3.12305E+02  7.08232E-02   3.13529E+02  7.08208E-02   3.14824E+02  7.06178E-02   3.16165E+02  7.02566E-02   3.17567E+02  6.97451E-02   3.19029E+02  6.90859E-02   3.20538E+02  6.83213E-02   3.22114E+02  6.74430E-02   3.23736E+02  6.64670E-02   3.25414E+02  6.54301E-02   3.27147E+02  6.43037E-02   3.28933E+02  6.31222E-02   3.30769E+02  6.19117E-02   3.32665E+02  6.06422E-02   3.34619E+02  5.93617E-02   3.36610E+02  5.80484E-02   3.38660E+02  5.67186E-02   3.40756E+02  5.53828E-02   3.42897E+02  5.40455E-02   3.45095E+02  5.27134E-02   3.47338E+02 
 0.00000E+00   0.00000E+00  0.00000E+00   0.00000E+00  0.00000E+00   0.00000E+00  0.00000E+00   0.00000E+00  0.00000E+00   0.00000E+00  0.00000E+00   0.00000E+00  0.00000E+00   0.00000E+00  0.00000E+00   0.00000E+00  0.00000E+00   0.00000E+00  0.00000E+00   0.00000E+00  0.00000E+00   0.00000E+00  0.00000E+00   0.00000E+00  0.00000E+00   0.00000E+00  0.00000E+00   0.00000E+00  0.00000E+00   0.00000E+00  0.00000E+00   0.00000E+00  0.00000E+00   0.00000E+00  0.00000E+00   0.00000E+00  0.00000E+00   0.00000E+00  0.00000E+00   0.00000E+00  0.00000E+00   0.00000E+00  0.00000E+00   0.00000E+00  0.00000E+00   0.00000E+00  0.00000E+00   0.00000E+00  0.00000E+00   0.00000E+00  0.00000E+00   0.00000E+00  0.00000E+00   0.00000E+00  0.00000E+00   0.00000E+00  0.00000E+00   0.00000E+00  0.00000E+00   0.00000E+00  0.00000E+00   0.00000E+00  0.00000E+00   0.00000E+00  0.00000E+00   0.00000E+00  0.00000E+00   0.00000E+00  0.00000E+00   0.00000E+00  0.00000E+00   0.00000E+00  0.00000E+00   0.00000E+00  0.00000E+00   0.00000E+00  1.16040E-16   3.00315E+02  5.39456E-03   3.00315E+02  1.07508E-02   3.00397E+02  1.60322E-02   3.00532E+02  2.11978E-02   3.00711E+02  2.62227E-02   3.00956E+02  3.10617E-02   3.01244E+02  3.57005E-02   3.01591E+02  4.01003E-02   3.01990E+02  4.42497E-02   3.02445E+02  4.81231E-02   3.02951E+02  5.17111E-02   3.03516E+02  5.50018E-02   3.04131E+02  5.79866E-02   3.04805E+02  6.06699E-02   3.05533E+02  6.30394E-02   3.06316E+02  6.51172E-02   3.07159E+02  6.68873E-02   3.08051E+02  6.83820E-02   3.09007E+02  6.95911E-02   3.10012E+02  7.05411E-02   3.11076E+02  7.12411E-02   3.12198E+02  7.17002E-02   3.13371E+02  7.19477E-02   3.14607E+02  7.19839E-02   3.15895E+02  7.18388E-02   3.17241E+02  7.15243E-02   3.18648E+02  7.10524E-02   3.20101E+02  7.04473E-02   3.21620E+02  6.97157E-02   3.23185E+02  6.88675E-02   3.24810E+02  6.79308E-02   3.26491E+02  6.68952E-02   3.28221E+02  6.57969E-02   3.30014E+02  6.46416E-02   3.31852E+02  6.34262E-02   3.33745E+02  6.21897E-02   3.35688E+02  6.08945E-02   3.37676E+02  5.95879E-02   3.39722E+02  5.82590E-02   3.41819E+02  5.69180E-02   3.43965E+02  5.55841E-02   3.46156E+02  5.42388E-02   3.48395E+02 
 0.00000E+00   0.00000E+00  0.00000E+00   0.00000E+00  0.00000E+00   0.00000E+00  0.00000E+00   0.00000E+00  0.00000E+00   0.00000E+00  0.00000E+00   0.00000E+00  0.00000E+00   0.00000E+00  0.00000E+00   0.00000E+00  0.00000E+00   0.00000E+00  0.00000E+00   0.00000E+00  0.00000E+00   0.00000E+00  0.00000E+00   0.00000E+00  0.00000E+00   0.00000E+00  0.00000E+00   0.00000E+00  0.00000E+00   0.00000E+00  0.00000E+00   0.00000E+00  0.00000E+00   0.00000E+00  0.00000E+00   0.00000E+00  0.00000E+00   0.00000E+00  0.00000E+00   0.00000E+00  0.00000E+00   0.00000E+00  0.00000E+00   0.00000E+00  0.00000E+00   0.00000E+00  0.00000E+00   0.00000E+00  0.00000E+00   0.00000E+00  0.00000E+00   0.00000E+00  0.00000E+00   0.00000E+00  0.00000E+00   0.00000E+00  0.00000E+00   0.00000E+00  0.00000E+00   0.00000E+00  0.00000E+00   0.00000E+00  0.00000E+00   0.00000E+00  0.00000E+00   0.00000E+00  0.00000E+00   0.00000E+00  0.00000E+00   0.00000E+00  0.00000E+00   0.00000E+00  0.00000E+00   0.00000E+00  0.00000E+00   0.00000E+00  1.16116E-16   3.01408E+02  5.39807E-03   3.01408E+02  1.07577E-02   3.01491E+02  1.60434E-02   3.01617E+02  2.12213E-02   3.01813E+02  2.62514E-02   3.02043E+02  3.11126E-02   3.02344E+02  3.57652E-02   3.02687E+02  4.01934E-02   3.03091E+02  4.43702E-02   3.03544E+02  4.82777E-02   3.04056E+02  5.19075E-02   3.04620E+02  5.52372E-02   3.05240E+02  5.82777E-02   3.05916E+02  6.10029E-02   3.06643E+02  6.34397E-02   3.07435E+02  6.55610E-02   3.08270E+02  6.74036E-02   3.09175E+02  6.89470E-02   3.10122E+02  7.02220E-02   3.11135E+02  7.12330E-02   3.12201E+02  7.19859E-02   3.13319E+02  7.25169E-02   3.14504E+02  7.28118E-02   3.15733E+02  7.29171E-02   3.17028E+02  7.28248E-02   3.18375E+02  7.25605E-02   3.19775E+02  7.21427E-02   3.21240E+02  7.15718E-02   3.22749E+02  7.08768E-02   3.24323E+02  7.00702E-02   3.25948E+02  6.91513E-02   3.27624E+02  6.81642E-02   3.29357E+02  6.70940E-02   3.31143E+02  6.59478E-02   3.32972E+02  6.47752E-02   3.34867E+02  6.35300E-02   3.36812E+02  6.22593E-02   3.38798E+02  6.09648E-02   3.40848E+02  5.96393E-02   3.42939E+02  5.83110E-02   3.45075E+02  5.69695E-02   3.47263E+02  5.56270E-02   3.49496E+02 
 0.00000E+00   0.00000E+00  0.00000E+00   0.00000E+00  0.00000E+00   0.00000E+00  0.00000E+00   0.00000E+00  0.00000E+00   0.00000E+00  0.00000E+00   0.00000E+00  0.00000E+00   0.00000E+00  0.00000E+00   0.00000E+00  0.00000E+00   0.00000E+00  0.00000E+00   0.00000E+00  0.00000E+00   0.00000E+00  0.00000E+00   0.00000E+00  0.00000E+00   0.00000E+00  0.00000E+00   0.00000E+00  0.00000E+00   0.00000E+00  0.00000E+00   0.00000E+00  0.00000E+00   0.00000E+00  0.00000E+00   0.00000E+00  0.00000E+00   0.00000E+00  0.00000E+00   0.00000E+00  0.00000E+00   0.00000E+00  0.00000E+00   0.00000E+00  0.00000E+00   0.00000E+00  0.00000E+00   0.00000E+00  0.00000E+00   0.00000E+00  0.00000E+00   0.00000E+00  0.00000E+00   0.00000E+00  0.00000E+00   0.00000E+00  0.00000E+00   0.00000E+00  0.00000E+00   0.00000E+00  0.00000E+00   0.00000E+00  0.00000E+00   0.00000E+00  0.00000E+00   0.00000E+00  0.00000E+00   0.00000E+00  0.00000E+00   0.00000E+00  0.00000E+00   0.00000E+00  0.00000E+00   0.00000E+00  0.00000E+00   0.00000E+00  1.15771E-16   3.02554E+02  5.38206E-03   3.02554E+02  1.07294E-02   3.02640E+02  1.60027E-02   3.02772E+02  2.11694E-02   3.02957E+02  2.61984E-02   3.03201E+02  3.10541E-02   3.03495E+02  3.57142E-02   3.03842E+02  4.01513E-02   3.04249E+02  4.43417E-02   3.04701E+02  4.82746E-02   3.05219E+02  5.19249E-02   3.05781E+02  5.52950E-02   3.06408E+02  5.83631E-02   3.07081E+02  6.11420E-02   3.07817E+02  6.36126E-02   3.08603E+02  6.57963E-02   3.09449E+02  6.76830E-02   3.10348E+02  6.92870E-02   3.11302E+02  7.06237E-02   3.12317E+02  7.16848E-02   3.13379E+02  7.25129E-02   3.14508E+02  7.30894E-02   3.15683E+02  7.34533E-02   3.16920E+02  7.36118E-02   3.18216E+02  7.35678E-02   3.19557E+02  7.33648E-02   3.20971E+02  7.29873E-02   3.22424E+02  7.24677E-02   3.23941E+02  7.18314E-02   3.25511E+02  7.10523E-02   3.27129E+02  7.01947E-02   3.28808E+02  6.92343E-02   3.30539E+02  6.81799E-02   3.32323E+02  6.70892E-02   3.34162E+02  6.59175E-02   3.36057E+02  6.47073E-02   3.37990E+02  6.34536E-02   3.39976E+02  6.21676E-02   3.42019E+02  6.08591E-02   3.44104E+02  5.95350E-02   3.46243E+02  5.82091E-02   3.48429E+02  5.68637E-02   3.50663E+02 
 0.00000E+00   0.00000E+00  0.00000E+00   0.00000E+00  0.00000E+00   0.00000E+00  0.00000E+00   0.00000E+00  0.00000E+00   0.00000E+00  0.00000E+00   0.00000E+00  0.00000E+00   0.00000E+00  0.00000E+00   0.00000E+00  0.00000E+00   0.00000E+00  0.00000E+00   0.00000E+00  0.00000E+00   0.00000E+00  0.00000E+00   0.00000E+00  0.00000E+00   0.00000E+00  0.00000E+00   0.00000E+00  0.00000E+00   0.00000E+00  0.00000E+00   0.00000E+00  0.00000E+00   0.00000E+00  0.00000E+00   0.00000E+00  0.00000E+00   0.00000E+00  0.00000E+00   0.00000E+00  0.00000E+00   0.00000E+00  0.00000E+00   0.00000E+00  0.00000E+00   0.00000E+00  0.00000E+00   0.00000E+00  0.00000E+00   0.00000E+00  0.00000E+00   0.00000E+00  0.00000E+00   0.00000E+00  0.00000E+00   0.00000E+00  0.00000E+00   0.00000E+00  0.00000E+00   0.00000E+00  0.00000E+00   0.00000E+00  0.00000E+00   0.00000E+00  0.00000E+00   0.00000E+00  0.00000E+00   0.00000E+00  0.00000E+00   0.00000E+00  0.00000E+00   0.00000E+00  0.00000E+00   0.00000E+00  0.00000E+00   0.00000E+00  1.15118E-16   3.03773E+02  5.35169E-03   3.03773E+02  1.06662E-02   3.03844E+02  1.59125E-02   3.03982E+02  2.10551E-02   3.04171E+02  2.60602E-02   3.04410E+02  3.09027E-02   3.04708E+02  3.55513E-02   3.05059E+02  3.99819E-02   3.05461E+02  4.41790E-02   3.05924E+02  4.81138E-02   3.06435E+02  5.17872E-02   3.07007E+02  5.51712E-02   3.07629E+02  5.82763E-02   3.08309E+02  6.10801E-02   3.09044E+02  6.36001E-02   3.09833E+02  6.58207E-02   3.10679E+02  6.77596E-02   3.11580E+02  6.94181E-02   3.12537E+02  7.07994E-02   3.13549E+02  7.19305E-02   3.14618E+02  7.28012E-02   3.15743E+02  7.34458E-02   3.16924E+02  7.38670E-02   3.18164E+02  7.40784E-02   3.19454E+02  7.41063E-02   3.20808E+02  7.39516E-02   3.22209E+02  7.36319E-02   3.23668E+02  7.31757E-02   3.25185E+02  7.25632E-02   3.26750E+02  7.18488E-02   3.28376E+02  7.10190E-02   3.30054E+02  7.00899E-02   3.31781E+02  6.91022E-02   3.33568E+02  6.80206E-02   3.35396E+02  6.68965E-02   3.37283E+02  6.57046E-02   3.39216E+02  6.44719E-02   3.41202E+02  6.32157E-02   3.43246E+02  6.19226E-02   3.45329E+02  6.06254E-02   3.47463E+02  5.92996E-02   3.49643E+02  5.79681E-02   3.51865E+02 
 0.00000E+00   0.00000E+00  0.00000E+00   0.00000E+00  0.00000E+00   0.00000E+00  0.00000E+00   0.00000E+00  0.00000E+00   0.00000E+00  0.00000E+00   0.00000E+00  0.00000E+00   0.00000E+00  0.00000E+00   0.00000E+00  0.00000E+00   0.00000E+00  0.00000E+00   0.00000E+00  0.00000E+00   0.00000E+00  0.00000E+00   0.00000E+00  0.00000E+00   0.00000E+00  0.00000E+00   0.00000E+00  0.00000E+00   0.00000E+00  0.00000E+00   0.00000E+00  0.00000E+00   0.00000E+00  0.00000E+00   0.00000E+00  0.00000E+00   0.00000E+00  0.00000E+00   0.00000E+00  0.00000E+00   0.00000E+00  0.00000E+00   0.00000E+00  0.00000E+00   0.00000E+00  0.00000E+00   0.00000E+00  0.00000E+00   0.00000E+00  0.00000E+00   0.00000E+00  0.00000E+00   0.00000E+00  0.00000E+00   0.00000E+00  0.00000E+00   0.00000E+00  0.00000E+00   0.00000E+00  0.00000E+00   0.00000E+00  0.00000E+00   0.00000E+00  0.00000E+00   0.00000E+00  0.00000E+00   0.00000E+00  0.00000E+00   0.00000E+00  0.00000E+00   0.00000E+00  0.00000E+00   0.00000E+00  0.00000E+00   0.00000E+00  1.14093E-16   3.05025E+02  5.30403E-03   3.05025E+02  1.05760E-02   3.05121E+02  1.57777E-02   3.05248E+02  2.08810E-02   3.05439E+02  2.58524E-02   3.05683E+02  3.06654E-02   3.05981E+02  3.52878E-02   3.06328E+02  3.97082E-02   3.06742E+02  4.38869E-02   3.07194E+02  4.78297E-02   3.07719E+02  5.14986E-02   3.08282E+02  5.49034E-02   3.08913E+02  5.80203E-02   3.09591E+02  6.08565E-02   3.10328E+02  6.34025E-02   3.11120E+02  6.56626E-02   3.11966E+02  6.76459E-02   3.12871E+02  6.93420E-02   3.13826E+02  7.07882E-02   3.14844E+02  7.19575E-02   3.15911E+02  7.28987E-02   3.17041E+02  7.35969E-02   3.18222E+02  7.40746E-02   3.19459E+02  7.43563E-02   3.20758E+02  7.44275E-02   3.22100E+02  7.43348E-02   3.23511E+02  7.40715E-02   3.24968E+02  7.36481E-02   3.26480E+02  7.31135E-02   3.28053E+02  7.24324E-02   3.29670E+02  7.16587E-02   3.31343E+02  7.07962E-02   3.33074E+02  6.98189E-02   3.34850E+02  6.87998E-02   3.36684E+02  6.76950E-02   3.38575E+02  6.65333E-02   3.40503E+02  6.53425E-02   3.42490E+02  6.41031E-02   3.44525E+02  6.28399E-02   3.46601E+02  6.15509E-02   3.48731E+02  6.02487E-02   3.50907E+02  5.89308E-02   3.53136E+02 
 0.00000E+00   0.00000E+00  0.00000E+00   0.00000E+00  0.00000E+00   0.00000E+00  0.00000E+00   0.00000E+00  0.00000E+00   0.00000E+00  0.00000E+00   0.00000E+00  0.00000E+00   0.00000E+00  0.00000E+00   0.00000E+00  0.00000E+00   0.00000E+00  0.00000E+00   0.00000E+00  0.00000E+00   0.00000E+00  0.00000E+00   0.00000E+00  0.00000E+00   0.00000E+00  0.00000E+00   0.00000E+00  0.00000E+00   0.00000E+00  0.00000E+00   0.00000E+00  0.00000E+00   0.00000E+00  0.00000E+00   0.00000E+00  0.00000E+00   0.00000E+00  0.00000E+00   0.00000E+00  0.00000E+00   0.00000E+00  0.00000E+00   0.00000E+00  0.00000E+00   0.00000E+00  0.00000E+00   0.00000E+00  0.00000E+00   0.00000E+00  0.00000E+00   0.00000E+00  0.00000E+00   0.00000E+00  0.00000E+00   0.00000E+00  0.00000E+00   0.00000E+00  0.00000E+00   0.00000E+00  0.00000E+00   0.00000E+00  0.00000E+00   0.00000E+00  0.00000E+00   0.00000E+00  0.00000E+00   0.00000E+00  0.00000E+00   0.00000E+00  0.00000E+00   0.00000E+00  0.00000E+00   0.00000E+00  0.00000E+00   0.00000E+00  1.12846E-16   3.06373E+02  5.24607E-03   3.06373E+02  1.04581E-02   3.06435E+02  1.56059E-02   3.06583E+02  2.06574E-02   3.06766E+02  2.55815E-02   3.07014E+02  3.03514E-02   3.07308E+02  3.49436E-02   3.07667E+02  3.93274E-02   3.08068E+02  4.34952E-02   3.08537E+02  4.74150E-02   3.09049E+02  5.10860E-02   3.09624E+02  5.44887E-02   3.10251E+02  5.76172E-02   3.10930E+02  6.04714E-02   3.11674E+02  6.30397E-02   3.12459E+02  6.53367E-02   3.13316E+02  6.73482E-02   3.14212E+02  6.91011E-02   3.15177E+02  7.05800E-02   3.16191E+02  7.18132E-02   3.17261E+02  7.28027E-02   3.18394E+02  7.35520E-02   3.19570E+02  7.40986E-02   3.20818E+02  7.44198E-02   3.22105E+02  7.45625E-02   3.23459E+02  7.45269E-02   3.24864E+02  7.43087E-02   3.26316E+02  7.39733E-02   3.27837E+02  7.34661E-02   3.29397E+02  7.28515E-02   3.31019E+02  7.21354E-02   3.32698E+02  7.12841E-02   3.34420E+02  7.03851E-02   3.36203E+02  6.93910E-02   3.38033E+02  6.83244E-02   3.39910E+02  6.72119E-02   3.41835E+02  6.60438E-02   3.43820E+02  6.48429E-02   3.45852E+02  6.36013E-02   3.47925E+02  6.23499E-02   3.50056E+02  6.10635E-02   3.52230E+02  5.97656E-02   3.54442E+02 
 0.00000E+00   0.00000E+00  0.00000E+00   0.00000E+00  0.00000E+00   0.00000E+00  0.00000E+00   0.00000E+00  0.00000E+00   0.00000E+00  0.00000E+00   0.00000E+00  0.00000E+00   0.00000E+00  0.00000E+00   0.00000E+00  0.00000E+00   0.00000E+00  0.00000E+00   0.00000E+00  0.00000E+00   0.00000E+00  0.00000E+00   0.00000E+00  0.00000E+00   0.00000E+00  0.00000E+00   0.00000E+00  0.00000E+00   0.00000E+00  0.00000E+00   0.00000E+00  0.00000E+00   0.00000E+00  0.00000E+00   0.00000E+00  0.00000E+00   0.00000E+00  0.00000E+00   0.00000E+00  0.00000E+00   0.00000E+00  0.00000E+00   0.00000E+00  0.00000E+00   0.00000E+00  0.00000E+00   0.00000E+00  0.00000E+00   0.00000E+00  0.00000E+00   0.00000E+00  0.00000E+00   0.00000E+00  0.00000E+00   0.00000E+00  0.00000E+00   0.00000E+00  0.00000E+00   0.00000E+00  0.00000E+00   0.00000E+00  0.00000E+00   0.00000E+00  0.00000E+00   0.00000E+00  0.00000E+00   0.00000E+00  0.00000E+00   0.00000E+00  0.00000E+00   0.00000E+00  0.00000E+00   0.00000E+00  0.00000E+00   0.00000E+00  1.11309E-16   3.07741E+02  5.17463E-03   3.07741E+02  1.03186E-02   3.07835E+02  1.53990E-02   3.07965E+02  2.03868E-02   3.08156E+02  2.52530E-02   3.08403E+02  2.99722E-02   3.08700E+02  3.45133E-02   3.09054E+02  3.88669E-02   3.09464E+02  4.29950E-02   3.09926E+02  4.69005E-02   3.10445E+02  5.05528E-02   3.11018E+02  5.39512E-02   3.11645E+02  5.70854E-02   3.12331E+02  5.99457E-02   3.13066E+02  6.25393E-02   3.13864E+02  6.48536E-02   3.14711E+02  6.69070E-02   3.15617E+02  6.86865E-02   3.16582E+02  7.02168E-02   3.17594E+02  7.14930E-02   3.18674E+02  7.25292E-02   3.19797E+02  7.33434E-02   3.20986E+02  7.39320E-02   3.22223E+02  7.43233E-02   3.23517E+02  7.45224E-02   3.24869E+02  7.45329E-02   3.26267E+02  7.43953E-02   3.27729E+02  7.40864E-02   3.29240E+02  7.36487E-02   3.30805E+02  7.30944E-02   3.32429E+02  7.24051E-02   3.34096E+02  7.16448E-02   3.35822E+02  7.07754E-02   3.37595E+02  6.98279E-02   3.39420E+02  6.88110E-02   3.41299E+02  6.77269E-02   3.43227E+02  6.66100E-02   3.45212E+02  6.54335E-02   3.47235E+02  6.42362E-02   3.49305E+02  6.30003E-02   3.51429E+02  6.17376E-02   3.53591E+02  6.04692E-02   3.55811E+02 
 0.00000E+00   0.00000E+00  0.00000E+00   0.00000E+00  0.00000E+00   0.00000E+00  0.00000E+00   0.00000E+00  0.00000E+00   0.00000E+00  0.00000E+00   0.00000E+00  0.00000E+00   0.00000E+00  0.00000E+00   0.00000E+00  0.00000E+00   0.00000E+00  0.00000E+00   0.00000E+00  0.00000E+00   0.00000E+00  0.00000E+00   0.00000E+00  0.00000E+00   0.00000E+00  0.00000E+00   0.00000E+00  0.00000E+00   0.00000E+00  0.00000E+00   0.00000E+00  0.00000E+00   0.00000E+00  0.00000E+00   0.00000E+00  0.00000E+00   0.00000E+00  0.00000E+00   0.00000E+00  0.00000E+00   0.00000E+00  0.00000E+00   0.00000E+00  0.00000E+00   0.00000E+00  0.00000E+00   0.00000E+00  0.00000E+00   0.00000E+00  0.00000E+00   0.00000E+00  0.00000E+00   0.00000E+00  0.00000E+00   0.00000E+00  0.00000E+00   0.00000E+00  0.00000E+00   0.00000E+00  0.00000E+00   0.00000E+00  0.00000E+00   0.00000E+00  0.00000E+00   0.00000E+00  0.00000E+00   0.00000E+00  0.00000E+00   0.00000E+00  0.00000E+00   0.00000E+00  0.00000E+00   0.00000E+00  0.00000E+00   0.00000E+00  1.09600E-16   3.09198E+02  5.09515E-03   3.09198E+02  1.01590E-02   3.09271E+02  1.51637E-02   3.09412E+02  2.00795E-02   3.09601E+02  2.48780E-02   3.09847E+02  2.95339E-02   3.10146E+02  3.40249E-02   3.10504E+02  3.83246E-02   3.10910E+02  4.24202E-02   3.11377E+02  4.62902E-02   3.11894E+02  4.99208E-02   3.12470E+02  5.33096E-02   3.13100E+02  5.64303E-02   3.13782E+02  5.93042E-02   3.14527E+02  6.18978E-02   3.15318E+02  6.42415E-02   3.16174E+02  6.63117E-02   3.17078E+02  6.81312E-02   3.18041E+02  6.96976E-02   3.19062E+02  7.10154E-02   3.20131E+02  7.21091E-02   3.21266E+02  7.29619E-02   3.22445E+02  7.36152E-02   3.23687E+02  7.40554E-02   3.24981E+02  7.43042E-02   3.26327E+02  7.43875E-02   3.27734E+02  7.42873E-02   3.29188E+02  7.40555E-02   3.30701E+02  7.36792E-02   3.32266E+02  7.31661E-02   3.33879E+02  7.25639E-02   3.35553E+02  7.18251E-02   3.37272E+02  7.10128E-02   3.39047E+02  7.01129E-02   3.40874E+02  6.91307E-02   3.42748E+02  6.81096E-02   3.44670E+02  6.70207E-02   3.46645E+02  6.58930E-02   3.48662E+02  6.47192E-02   3.50730E+02  6.35205E-02   3.52849E+02  6.22963E-02   3.55017E+02  6.10556E-02   3.57223E+02 
 0.00000E+00   0.00000E+00  0.00000E+00   0.00000E+00  0.00000E+00   0.00000E+00  0.00000E+00   0.00000E+00  0.00000E+00   0.00000E+00  0.00000E+00   0.00000E+00  0.00000E+00   0.00000E+00  0.00000E+00   0.00000E+00  0.00000E+00   0.00000E+00  0.00000E+00   0.00000E+00  0.00000E+00   0.00000E+00  0.00000E+00   0.00000E+00  0.00000E+00   0.00000E+00  0.00000E+00   0.00000E+00  0.00000E+00   0.00000E+00  0.00000E+00   0.00000E+00  0.00000E+00   0.00000E+00  0.00000E+00   0.00000E+00  0.00000E+00   0.00000E+00  0.00000E+00   0.00000E+00  0.00000E+00   0.00000E+00  0.00000E+00   0.00000E+00  0.00000E+00   0.00000E+00  0.00000E+00   0.00000E+00  0.00000E+00   0.00000E+00  0.00000E+00   0.00000E+00  0.00000E+00   0.00000E+00  0.00000E+00   0.00000E+00  0.00000E+00   0.00000E+00  0.00000E+00   0.00000E+00  0.00000E+00   0.00000E+00  0.00000E+00   0.00000E+00  0.00000E+00   0.00000E+00  0.00000E+00   0.00000E+00  0.00000E+00   0.00000E+00  0.00000E+00   0.00000E+00  0.00000E+00   0.00000E+00  0.00000E+00   0.00000E+00  1.07677E-16   3.10694E+02  5.00577E-03   3.10694E+02  9.98366E-03   3.10779E+02  1.49033E-02   3.10917E+02  1.97368E-02   3.11104E+02  2.44613E-02   3.11356E+02  2.90457E-02   3.11650E+02  3.34733E-02   3.12011E+02  3.77184E-02   3.12416E+02  4.17657E-02   3.12887E+02  4.55954E-02   3.13401E+02  4.92015E-02   3.13983E+02  5.25601E-02   3.14607E+02  5.56817E-02   3.15299E+02  5.85410E-02   3.16035E+02  6.11506E-02   3.16836E+02  6.35040E-02   3.17687E+02  6.55972E-02   3.18593E+02  6.74495E-02   3.19564E+02  6.90431E-02   3.20572E+02  7.04106E-02   3.21658E+02  7.15353E-02   3.22779E+02  7.24449E-02   3.23967E+02  7.31443E-02   3.25208E+02  7.36323E-02   3.26495E+02  7.39542E-02   3.27852E+02  7.40757E-02   3.29245E+02  7.40530E-02   3.30705E+02  7.38763E-02   3.32216E+02  7.35400E-02   3.33773E+02  7.31118E-02   3.35397E+02  7.25271E-02   3.37060E+02  7.18633E-02   3.38780E+02  7.11046E-02   3.40550E+02  7.02472E-02   3.42368E+02  6.93325E-02   3.44236E+02  6.83470E-02   3.46159E+02  6.73102E-02   3.48134E+02  6.62099E-02   3.50146E+02  6.50869E-02   3.52213E+02  6.39233E-02   3.54331E+02  6.27249E-02   3.56480E+02  6.15144E-02   3.58686E+02 
 0.00000E+00   0.00000E+00  0.00000E+00   0.00000E+00  0.00000E+00   0.00000E+00  0.00000E+00   0.00000E+00  0.00000E+00   0.00000E+00  0.00000E+00   0.00000E+00  0.00000E+00   0.00000E+00  0.00000E+00   0.00000E+00  0.00000E+00   0.00000E+00  0.00000E+00   0.00000E+00  0.00000E+00   0.00000E+00  0.00000E+00   0.00000E+00  0.00000E+00   0.00000E+00  0.00000E+00   0.00000E+00  0.00000E+00   0.00000E+00  0.00000E+00   0.00000E+00  0.00000E+00   0.00000E+00  0.00000E+00   0.00000E+00  0.00000E+00   0.00000E+00  0.00000E+00   0.00000E+00  0.00000E+00   0.00000E+00  0.00000E+00   0.00000E+00  0.00000E+00   0.00000E+00  0.00000E+00   0.00000E+00  0.00000E+00   0.00000E+00  0.00000E+00   0.00000E+00  0.00000E+00   0.00000E+00  0.00000E+00   0.00000E+00  0.00000E+00   0.00000E+00  0.00000E+00   0.00000E+00  0.00000E+00   0.00000E+00  0.00000E+00   0.00000E+00  0.00000E+00   0.00000E+00  0.00000E+00   0.00000E+00  0.00000E+00   0.00000E+00  0.00000E+00   0.00000E+00  0.00000E+00   0.00000E+00  0.00000E+00   0.00000E+00  1.05639E-16   3.12254E+02  4.91102E-03   3.12254E+02  9.79246E-03   3.12342E+02  1.46213E-02   3.12472E+02  1.93678E-02   3.12672E+02  2.40069E-02   3.12909E+02  2.85173E-02   3.13218E+02  3.28729E-02   3.13568E+02  3.70572E-02   3.13984E+02  4.10497E-02   3.14446E+02  4.48374E-02   3.14969E+02  4.84022E-02   3.15546E+02  5.17432E-02   3.16176E+02  5.48381E-02   3.16867E+02  5.76961E-02   3.17605E+02  6.03042E-02   3.18409E+02  6.26614E-02   3.19257E+02  6.47786E-02   3.20173E+02  6.66426E-02   3.21130E+02  6.82737E-02   3.22156E+02  6.96695E-02   3.23227E+02  7.08355E-02   3.24355E+02  7.17948E-02   3.25544E+02  7.25321E-02   3.26773E+02  7.30907E-02   3.28074E+02  7.34487E-02   3.29415E+02  7.36375E-02   3.30817E+02  7.36741E-02   3.32276E+02  7.35339E-02   3.33778E+02  7.32882E-02   3.35346E+02  7.28885E-02   3.36955E+02  7.23820E-02   3.38618E+02  7.17763E-02   3.40334E+02  7.10590E-02   3.42101E+02  7.02608E-02   3.43918E+02  6.93909E-02   3.45790E+02  6.84597E-02   3.47711E+02  6.74539E-02   3.49671E+02  6.64125E-02   3.51677E+02  6.53256E-02   3.53743E+02  6.41926E-02   3.55845E+02  6.30399E-02   3.58001E+02  6.18690E-02   1.99211E-01 
 0.00000E+00   0.00000E+00  0.00000E+00   0.00000E+00  0.00000E+00   0.00000E+00  0.00000E+00   0.00000E+00  0.00000E+00   0.00000E+00  0.00000E+00   0.00000E+00  0.00000E+00   0.00000E+00  0.00000E+00   0.00000E+00  0.00000E+00   0.00000E+00  0.00000E+00   0.00000E+00  0.00000E+00   0.00000E+00  0.00000E+00   0.00000E+00  0.00000E+00   0.00000E+00  0.00000E+00   0.00000E+00  0.00000E+00   0.00000E+00  0.00000E+00   0.00000E+00  0.00000E+00   0.00000E+00  0.00000E+00   0.00000E+00  0.00000E+00   0.00000E+00  0.00000E+00   0.00000E+00  0.00000E+00   0.00000E+00  0.00000E+00   0.00000E+00  0.00000E+00   0.00000E+00  0.00000E+00   0.00000E+00  0.00000E+00   0.00000E+00  0.00000E+00   0.00000E+00  0.00000E+00   0.00000E+00  0.00000E+00   0.00000E+00  0.00000E+00   0.00000E+00  0.00000E+00   0.00000E+00  0.00000E+00   0.00000E+00  0.00000E+00   0.00000E+00  0.00000E+00   0.00000E+00  0.00000E+00   0.00000E+00  0.00000E+00   0.00000E+00  0.00000E+00   0.00000E+00  0.00000E+00   0.00000E+00  0.00000E+00   0.00000E+00  1.03437E-16   3.13874E+02  4.80866E-03   3.13874E+02  9.59256E-03   3.13958E+02  1.43227E-02   3.14093E+02  1.89750E-02   3.14286E+02  2.35281E-02   3.14533E+02  2.79522E-02   3.14835E+02  3.22356E-02   3.15192E+02  3.63488E-02   3.15605E+02  4.02842E-02   3.16070E+02  4.40168E-02   3.16595E+02  4.75455E-02   3.17170E+02  5.08455E-02   3.17807E+02  5.39236E-02   3.18492E+02  5.67643E-02   3.19238E+02  5.93625E-02   3.20036E+02  6.17322E-02   3.20890E+02  6.38482E-02   3.21799E+02  6.57411E-02   3.22764E+02  6.73935E-02   3.23781E+02  6.88186E-02   3.24855E+02  7.00318E-02   3.25984E+02  7.10187E-02   3.27164E+02  7.18188E-02   3.28406E+02  7.24120E-02   3.29695E+02  7.28282E-02   3.31043E+02  7.30793E-02   3.32444E+02  7.31534E-02   3.33896E+02  7.30990E-02   3.35402E+02  7.28889E-02   3.36959E+02  7.25558E-02   3.38569E+02  7.21044E-02   3.40229E+02  7.15420E-02   3.41947E+02  7.08822E-02   3.43708E+02  7.01420E-02   3.45525E+02  6.93328E-02   3.47386E+02  6.84407E-02   3.49294E+02  6.74956E-02   3.51253E+02  6.64941E-02   3.53262E+02  6.54474E-02   3.55321E+02  6.43638E-02   3.57425E+02  6.32526E-02   3.59569E+02  6.21097E-02   1.76003E+00 
 0.00000E+00   0.00000E+00  0.00000E+00   0.00000E+00  0.00000E+00   0.00000E+00  0.00000E+00   0.00000E+00  0.00000E+00   0.00000E+00  0.00000E+00   0.00000E+00  0.00000E+00   0.00000E+00  0.00000E+00   0.00000E+00  0.00000E+00   0.00000E+00  0.00000E+00   0.00000E+00  0.00000E+00   0.00000E+00  0.00000E+00   0.00000E+00  0.00000E+00   0.00000E+00  0.00000E+00   0.00000E+00  0.00000E+00   0.00000E+00  0.00000E+00   0.00000E+00  0.00000E+00   0.00000E+00  0.00000E+00   0.00000E+00  0.00000E+00   0.00000E+00  0.00000E+00   0.00000E+00  0.00000E+00   0.00000E+00  0.00000E+00   0.00000E+00  0.00000E+00   0.00000E+00  0.00000E+00   0.00000E+00  0.00000E+00   0.00000E+00  0.00000E+00   0.00000E+00  0.00000E+00   0.00000E+00  0.00000E+00   0.00000E+00  0.00000E+00   0.00000E+00  0.00000E+00   0.00000E+00  0.00000E+00   0.00000E+00  0.00000E+00   0.00000E+00  0.00000E+00   0.00000E+00  0.00000E+00   0.00000E+00  0.00000E+00   0.00000E+00  0.00000E+00   0.00000E+00  0.00000E+00   0.00000E+00  0.00000E+00   0.00000E+00  1.01172E-16   3.15549E+02  4.70336E-03   3.15549E+02  9.38100E-03   3.15639E+02  1.40094E-02   3.15770E+02  1.85643E-02   3.15967E+02  2.30213E-02   3.16211E+02  2.73608E-02   3.16517E+02  3.15607E-02   3.16871E+02  3.56023E-02   3.17287E+02  3.94720E-02   3.17752E+02  4.31496E-02   3.18276E+02  4.66297E-02   3.18855E+02  4.98942E-02   3.19486E+02  5.29449E-02   3.20179E+02  5.57609E-02   3.20918E+02  5.83610E-02   3.21720E+02  6.07145E-02   3.22571E+02  6.28497E-02   3.23483E+02  6.47503E-02   3.24443E+02  6.64187E-02   3.25466E+02  6.78842E-02   3.26537E+02  6.91092E-02   3.27665E+02  7.01554E-02   3.28851E+02  7.09819E-02   3.30083E+02  7.16291E-02   3.31379E+02  7.21053E-02   3.32720E+02  7.23888E-02   3.34119E+02  7.25452E-02   3.35570E+02  7.25212E-02   3.37072E+02  7.23761E-02   3.38629E+02  7.21000E-02   3.40234E+02  7.16960E-02   3.41896E+02  7.12042E-02   3.43602E+02  7.06007E-02   3.45363E+02  6.99224E-02   3.47172E+02  6.91559E-02   3.49030E+02  6.83178E-02   3.50942E+02  6.74140E-02   3.52897E+02  6.64609E-02   3.54898E+02  6.54657E-02   3.56953E+02  6.44222E-02   3.59041E+02  6.33459E-02   1.18155E+00  6.22422E-02   3.36960E+00 
 0.00000E+00   0.00000E+00  0.00000E+00   0.00000E+00  0.00000E+00   0.00000E+00  0.00000E+00   0.00000E+00  0.00000E+00   0.00000E+00  0.00000E+00   0.00000E+00  0.00000E+00   0.00000E+00  0.00000E+00   0.00000E+00  0.00000E+00   0.00000E+00  0.00000E+00   0.00000E+00  0.00000E+00   0.00000E+00  0.00000E+00   0.00000E+00  0.00000E+00   0.00000E+00  0.00000E+00   0.00000E+00  0.00000E+00   0.00000E+00  0.00000E+00   0.00000E+00  0.00000E+00   0.00000E+00  0.00000E+00   0.00000E+00  0.00000E+00   0.00000E+00  0.00000E+00   0.00000E+00  0.00000E+00   0.00000E+00  0.00000E+00   0.00000E+00  0.00000E+00   0.00000E+00  0.00000E+00   0.00000E+00  0.00000E+00   0.00000E+00  0.00000E+00   0.00000E+00  0.00000E+00   0.00000E+00  0.00000E+00   0.00000E+00  0.00000E+00   0.00000E+00  0.00000E+00   0.00000E+00  0.00000E+00   0.00000E+00  0.00000E+00   0.00000E+00  0.00000E+00   0.00000E+00  0.00000E+00   0.00000E+00  0.00000E+00   0.00000E+00  0.00000E+00   0.00000E+00  0.00000E+00   0.00000E+00  0.00000E+00   0.00000E+00  9.88094E-17   3.17286E+02  4.59353E-03   3.17286E+02  9.16405E-03   3.17370E+02  1.36861E-02   3.17504E+02  1.81398E-02   3.17702E+02  2.24987E-02   3.17943E+02  2.67491E-02   3.18254E+02  3.08609E-02   3.18604E+02  3.48309E-02   3.19026E+02  3.86254E-02   3.19485E+02  4.22489E-02   3.20019E+02  4.56723E-02   3.20586E+02  4.88988E-02   3.21232E+02  5.19106E-02   3.21910E+02  5.47092E-02   3.22662E+02  5.72843E-02   3.23458E+02  5.96364E-02   3.24311E+02  6.17721E-02   3.25224E+02  6.36714E-02   3.26182E+02  6.53753E-02   3.27206E+02  6.68401E-02   3.28273E+02  6.81194E-02   3.29405E+02  6.91884E-02   3.30582E+02  7.00569E-02   3.31819E+02  7.07664E-02   3.33110E+02  7.12602E-02   3.34449E+02  7.16283E-02   3.35849E+02  7.18074E-02   3.37296E+02  7.18478E-02   3.38796E+02  7.17671E-02   3.40351E+02  7.15285E-02   3.41951E+02  7.12046E-02   3.43606E+02  7.07563E-02   3.45315E+02  7.02086E-02   3.47069E+02  6.95811E-02   3.48878E+02  6.88679E-02   3.50733E+02  6.80757E-02   3.52633E+02  6.72308E-02   3.54576E+02  6.63354E-02   3.56579E+02  6.53798E-02   3.58623E+02  6.43771E-02   7.09712E-01  6.33533E-02   2.85068E+00  6.22954E-02   5.02751E+00 
 0.00000E+00   0.00000E+00  0.00000E+00   0.00000E+00  0.00000E+00   0.00000E+00  0.00000E+00   0.00000E+00  0.00000E+00   0.00000E+00  0.00000E+00   0.00000E+00  0.00000E+00   0.00000E+00  0.00000E+00   0.00000E+00  0.00000E+00   0.00000E+00  0.00000E+00   0.00000E+00  0.00000E+00   0.00000E+00  0.00000E+00   0.00000E+00  0.00000E+00   0.00000E+00  0.00000E+00   0.00000E+00  0.00000E+00   0.00000E+00  0.00000E+00   0.00000E+00  0.00000E+00   0.00000E+00  0.00000E+00   0.00000E+00  0.00000E+00   0.00000E+00  0.00000E+00   0.00000E+00  0.00000E+00   0.00000E+00  0.00000E+00   0.00000E+00  0.00000E+00   0.00000E+00  0.00000E+00   0.00000E+00  0.00000E+00   0.00000E+00  0.00000E+00   0.00000E+00  0.00000E+00   0.00000E+00  0.00000E+00   0.00000E+00  0.00000E+00   0.00000E+00  0.00000E+00   0.00000E+00  0.00000E+00   0.00000E+00  0.00000E+00   0.00000E+00  0.00000E+00   0.00000E+00  0.00000E+00   0.00000E+00  0.00000E+00   0.00000E+00  0.00000E+00   0.00000E+00  0.00000E+00   0.00000E+00  0.00000E+00   0.00000E+00  9.64058E-17   3.19084E+02  4.48179E-03   3.19084E+02  8.94119E-03   3.19158E+02  1.33558E-02   3.19307E+02  1.77027E-02   3.19487E+02  2.19652E-02   3.19749E+02  2.61152E-02   3.20039E+02  3.01465E-02   3.20409E+02  3.40267E-02   3.20814E+02  3.77566E-02   3.21288E+02  4.13085E-02   3.21808E+02  4.46794E-02   3.22389E+02  4.78582E-02   3.23023E+02  5.08301E-02   3.23708E+02  5.36027E-02   3.24458E+02  5.61540E-02   3.25246E+02  5.85032E-02   3.26111E+02  6.06248E-02   3.27007E+02  6.25483E-02   3.27977E+02  6.42479E-02   3.28992E+02  6.57493E-02   3.30061E+02  6.70508E-02   3.31195E+02  6.81427E-02   3.32367E+02  6.90709E-02   3.33610E+02  6.97866E-02   3.34893E+02  7.03580E-02   3.36234E+02  7.07482E-02   3.37632E+02  7.09847E-02   3.39069E+02  7.10913E-02   3.40572E+02  7.10404E-02   3.42118E+02  7.08794E-02   3.43717E+02  7.05985E-02   3.45376E+02  7.02049E-02   3.47074E+02  6.97174E-02   3.48828E+02  6.91519E-02   3.50628E+02  6.84815E-02   3.52472E+02  6.77512E-02   3.54367E+02  6.69643E-02   3.56318E+02  6.61055E-02   3.58314E+02  6.51918E-02   3.50234E-01  6.42475E-02   2.43257E+00  6.32652E-02   4.55937E+00  6.22339E-02   6.73341E+00 
 0.00000E+00   0.00000E+00  0.00000E+00   0.00000E+00  0.00000E+00   0.00000E+00  0.00000E+00   0.00000E+00  0.00000E+00   0.00000E+00  0.00000E+00   0.00000E+00  0.00000E+00   0.00000E+00  0.00000E+00   0.00000E+00  0.00000E+00   0.00000E+00  0.00000E+00   0.00000E+00  0.00000E+00   0.00000E+00  0.00000E+00   0.00000E+00  0.00000E+00   0.00000E+00  0.00000E+00   0.00000E+00  0.00000E+00   0.00000E+00  0.00000E+00   0.00000E+00  0.00000E+00   0.00000E+00  0.00000E+00   0.00000E+00  0.00000E+00   0.00000E+00  0.00000E+00   0.00000E+00  0.00000E+00   0.00000E+00  0.00000E+00   0.00000E+00  0.00000E+00   0.00000E+00  0.00000E+00   0.00000E+00  0.00000E+00   0.00000E+00  0.00000E+00   0.00000E+00  0.00000E+00   0.00000E+00  0.00000E+00   0.00000E+00  0.00000E+00   0.00000E+00  0.00000E+00   0.00000E+00  0.00000E+00   0.00000E+00  0.00000E+00   0.00000E+00  0.00000E+00   0.00000E+00  0.00000E+00   0.00000E+00  0.00000E+00   0.00000E+00  0.00000E+00   0.00000E+00  0.00000E+00   0.00000E+00  0.00000E+00   0.00000E+00  9.39561E-17   3.20930E+02  4.36790E-03   3.20930E+02  8.71415E-03   3.21013E+02  1.30183E-02   3.21150E+02  1.72593E-02   3.21345E+02  2.14163E-02   3.21590E+02  2.54741E-02   3.21894E+02  2.94087E-02   3.22254E+02  3.32118E-02   3.22663E+02  3.68606E-02   3.23137E+02  4.03477E-02   3.23653E+02  4.36614E-02   3.24237E+02  4.67844E-02   3.24865E+02  4.97252E-02   3.25557E+02  5.24548E-02   3.26296E+02  5.49956E-02   3.27098E+02  5.73180E-02   3.27949E+02  5.94462E-02   3.28856E+02  6.13603E-02   3.29824E+02  6.30752E-02   3.30833E+02  6.45937E-02   3.31915E+02  6.59044E-02   3.33033E+02  6.70465E-02   3.34215E+02  6.79790E-02   3.35449E+02  6.87615E-02   3.36727E+02  6.93555E-02   3.38071E+02  6.97993E-02   3.39455E+02  7.00913E-02   3.40899E+02  7.02323E-02   3.42396E+02  7.02493E-02   3.43938E+02  7.01330E-02   3.45542E+02  6.99127E-02   3.47188E+02  6.95713E-02   3.48883E+02  6.91504E-02   3.50631E+02  6.86193E-02   3.52425E+02  6.80039E-02   3.54267E+02  6.73370E-02   3.56167E+02  6.65893E-02   3.58105E+02  6.57785E-02   8.95192E-02  6.49271E-02   2.11746E+00  6.40279E-02   4.19005E+00  6.30805E-02   6.32137E+00  6.21092E-02   8.48156E+00 
 0.00000E+00   0.00000E+00  0.00000E+00   0.00000E+00  0.00000E+00   0.00000E+00  0.00000E+00   0.00000E+00  0.00000E+00   0.00000E+00  0.00000E+00   0.00000E+00  0.00000E+00   0.00000E+00  0.00000E+00   0.00000E+00  0.00000E+00   0.00000E+00  0.00000E+00   0.00000E+00  0.00000E+00   0.00000E+00  0.00000E+00   0.00000E+00  0.00000E+00   0.00000E+00  0.00000E+00   0.00000E+00  0.00000E+00   0.00000E+00  0.00000E+00   0.00000E+00  0.00000E+00   0.00000E+00  0.00000E+00   0.00000E+00  0.00000E+00   0.00000E+00  0.00000E+00   0.00000E+00  0.00000E+00   0.00000E+00  0.00000E+00   0.00000E+00  0.00000E+00   0.00000E+00  0.00000E+00   0.00000E+00  0.00000E+00   0.00000E+00  0.00000E+00   0.00000E+00  0.00000E+00   0.00000E+00  0.00000E+00   0.00000E+00  0.00000E+00   0.00000E+00  0.00000E+00   0.00000E+00  0.00000E+00   0.00000E+00  0.00000E+00   0.00000E+00  0.00000E+00   0.00000E+00  0.00000E+00   0.00000E+00  0.00000E+00   0.00000E+00  0.00000E+00   0.00000E+00  0.00000E+00   0.00000E+00  0.00000E+00   0.00000E+00  9.14826E-17   3.22834E+02  4.25292E-03   3.22834E+02  8.48608E-03   3.22911E+02  1.26783E-02   3.23057E+02  1.68112E-02   3.23239E+02  2.08656E-02   3.23498E+02  2.48227E-02   3.23792E+02  2.86674E-02   3.24156E+02  3.23825E-02   3.24566E+02  3.59546E-02   3.25036E+02  3.93725E-02   3.25557E+02  4.26187E-02   3.26138E+02  4.56987E-02   3.26769E+02  4.85804E-02   3.27460E+02  5.12901E-02   3.28202E+02  5.37886E-02   3.29000E+02  5.61047E-02   3.29855E+02  5.82157E-02   3.30760E+02  6.01290E-02   3.31722E+02  6.18572E-02   3.32738E+02  6.33736E-02   3.33806E+02  6.47277E-02   3.34928E+02  6.58690E-02   3.36106E+02  6.68576E-02   3.37332E+02  6.76574E-02   3.38616E+02  6.82969E-02   3.39951E+02  6.87853E-02   3.41337E+02  6.91117E-02   3.42781E+02  6.93139E-02   3.44271E+02  6.93712E-02   3.45813E+02  6.93200E-02   3.47409E+02  6.91407E-02   3.49048E+02  6.88633E-02   3.50741E+02  6.84803E-02   3.52485E+02  6.80009E-02   3.54272E+02  6.74570E-02   3.56117E+02  6.68383E-02   3.57998E+02  6.61386E-02   3.59931E+02  6.53874E-02   1.91323E+00  6.45795E-02   3.93329E+00  6.37188E-02   6.01443E+00  6.28327E-02   8.12566E+00  6.18961E-02   1.02814E+01 
 0.00000E+00   0.00000E+00  0.00000E+00   0.00000E+00  0.00000E+00   0.00000E+00  0.00000E+00   0.00000E+00  0.00000E+00   0.00000E+00  0.00000E+00   0.00000E+00  0.00000E+00   0.00000E+00  0.00000E+00   0.00000E+00  0.00000E+00   0.00000E+00  0.00000E+00   0.00000E+00  0.00000E+00   0.00000E+00  0.00000E+00   0.00000E+00  0.00000E+00   0.00000E+00  0.00000E+00   0.00000E+00  0.00000E+00   0.00000E+00  0.00000E+00   0.00000E+00  0.00000E+00   0.00000E+00  0.00000E+00   0.00000E+00  0.00000E+00   0.00000E+00  0.00000E+00   0.00000E+00  0.00000E+00   0.00000E+00  0.00000E+00   0.00000E+00  0.00000E+00   0.00000E+00  0.00000E+00   0.00000E+00  0.00000E+00   0.00000E+00  0.00000E+00   0.00000E+00  0.00000E+00   0.00000E+00  0.00000E+00   0.00000E+00  0.00000E+00   0.00000E+00  0.00000E+00   0.00000E+00  0.00000E+00   0.00000E+00  0.00000E+00   0.00000E+00  0.00000E+00   0.00000E+00  0.00000E+00   0.00000E+00  0.00000E+00   0.00000E+00  0.00000E+00   0.00000E+00  0.00000E+00   0.00000E+00  0.00000E+00   0.00000E+00  8.90015E-17   3.24786E+02  4.13757E-03   3.24786E+02  8.25533E-03   3.24878E+02  1.23365E-02   3.25005E+02  1.63584E-02   3.25209E+02  2.03099E-02   3.25448E+02  2.41641E-02   3.25755E+02  2.79183E-02   3.26115E+02  3.15414E-02   3.26522E+02  3.50384E-02   3.26999E+02  3.83770E-02   3.27513E+02  4.15697E-02   3.28099E+02  4.45799E-02   3.28725E+02  4.74321E-02   3.29419E+02  5.00885E-02   3.30155E+02  5.25696E-02   3.30958E+02  5.48626E-02   3.31804E+02  5.69555E-02   3.32711E+02  5.88806E-02   3.33672E+02  6.05881E-02   3.34680E+02  6.21410E-02   3.35755E+02  6.34828E-02   3.36869E+02  6.46645E-02   3.38049E+02  6.56684E-02   3.39274E+02  6.64958E-02   3.40554E+02  6.71824E-02   3.41890E+02  6.76976E-02   3.43270E+02  6.80817E-02   3.44710E+02  6.83261E-02   3.46194E+02  6.84380E-02   3.47734E+02  6.84296E-02   3.49323E+02  6.83066E-02   3.50960E+02  6.80698E-02   3.52651E+02  6.77443E-02   3.54383E+02  6.73287E-02   3.56172E+02  6.68375E-02   3.58000E+02  6.62612E-02   3.59884E+02  6.56126E-02   1.81665E+00  6.49059E-02   3.78420E+00  6.41437E-02   5.80721E+00  6.33523E-02   7.86566E+00  6.24953E-02   9.97302E+00  6.16021E-02   1.21209E+01 
 0.00000E+00   0.00000E+00  0.00000E+00   0.00000E+00  0.00000E+00   0.00000E+00  0.00000E+00   0.00000E+00  0.00000E+00   0.00000E+00  0.00000E+00   0.00000E+00  0.00000E+00   0.00000E+00  0.00000E+00   0.00000E+00  0.00000E+00   0.00000E+00  0.00000E+00   0.00000E+00  0.00000E+00   0.00000E+00  0.00000E+00   0.00000E+00  0.00000E+00   0.00000E+00  0.00000E+00   0.00000E+00  0.00000E+00   0.00000E+00  0.00000E+00   0.00000E+00  0.00000E+00   0.00000E+00  0.00000E+00   0.00000E+00  0.00000E+00   0.00000E+00  0.00000E+00   0.00000E+00  0.00000E+00   0.00000E+00  0.00000E+00   0.00000E+00  0.00000E+00   0.00000E+00  0.00000E+00   0.00000E+00  0.00000E+00   0.00000E+00  0.00000E+00   0.00000E+00  0.00000E+00   0.00000E+00  0.00000E+00   0.00000E+00  0.00000E+00   0.00000E+00  0.00000E+00   0.00000E+00  0.00000E+00   0.00000E+00  0.00000E+00   0.00000E+00  0.00000E+00   0.00000E+00  0.00000E+00   0.00000E+00  0.00000E+00   0.00000E+00  0.00000E+00   0.00000E+00  0.00000E+00   0.00000E+00  0.00000E+00   0.00000E+00  8.64956E-17   3.26800E+02  4.02107E-03   3.26800E+02  8.02701E-03   3.26889E+02  1.19916E-02   3.27023E+02  1.59098E-02   3.27218E+02  1.97490E-02   3.27462E+02  2.35121E-02   3.27772E+02  2.71618E-02   3.28119E+02  3.07075E-02   3.28544E+02  3.41151E-02   3.29000E+02  3.73886E-02   3.29530E+02  4.05088E-02   3.30104E+02  4.34697E-02   3.30734E+02  4.62685E-02   3.31427E+02  4.88840E-02   3.32160E+02  5.13416E-02   3.32965E+02  5.35919E-02   3.33806E+02  5.56928E-02   3.34720E+02  5.75789E-02   3.35670E+02  5.93100E-02   3.36690E+02  6.08477E-02   3.37751E+02  6.22084E-02   3.38870E+02  6.34134E-02   3.40046E+02  6.44268E-02   3.41261E+02  6.53056E-02   3.42546E+02  6.60132E-02   3.43868E+02  6.65743E-02   3.45251E+02  6.70048E-02   3.46686E+02  6.72832E-02   3.48167E+02  6.74395E-02   3.49705E+02  6.74832E-02   3.51287E+02  6.73924E-02   3.52921E+02  6.72237E-02   3.54600E+02  6.69501E-02   3.56335E+02  6.65839E-02   3.58111E+02  6.61405E-02   3.59944E+02  6.56103E-02   1.82187E+00  6.50100E-02   3.73459E+00  6.43622E-02   5.70220E+00  6.36698E-02   7.70820E+00  6.29013E-02   9.77214E+00  6.20912E-02   1.18696E+01  6.12564E-02   1.40132E+01 
 0.00000E+00   0.00000E+00  0.00000E+00   0.00000E+00  0.00000E+00   0.00000E+00  0.00000E+00   0.00000E+00  0.00000E+00   0.00000E+00  0.00000E+00   0.00000E+00  0.00000E+00   0.00000E+00  0.00000E+00   0.00000E+00  0.00000E+00   0.00000E+00  0.00000E+00   0.00000E+00  0.00000E+00   0.00000E+00  0.00000E+00   0.00000E+00  0.00000E+00   0.00000E+00  0.00000E+00   0.00000E+00  0.00000E+00   0.00000E+00  0.00000E+00   0.00000E+00  0.00000E+00   0.00000E+00  0.00000E+00   0.00000E+00  0.00000E+00   0.00000E+00  0.00000E+00   0.00000E+00  0.00000E+00   0.00000E+00  0.00000E+00   0.00000E+00  0.00000E+00   0.00000E+00  0.00000E+00   0.00000E+00  0.00000E+00   0.00000E+00  0.00000E+00   0.00000E+00  0.00000E+00   0.00000E+00  0.00000E+00   0.00000E+00  0.00000E+00   0.00000E+00  0.00000E+00   0.00000E+00  0.00000E+00   0.00000E+00  0.00000E+00   0.00000E+00  0.00000E+00   0.00000E+00  0.00000E+00   0.00000E+00  0.00000E+00   0.00000E+00  0.00000E+00   0.00000E+00  0.00000E+00   0.00000E+00  0.00000E+00   0.00000E+00  8.40631E-17   3.28867E+02  3.90799E-03   3.28867E+02  7.79715E-03   3.28952E+02  1.16547E-02   3.29081E+02  1.54599E-02   3.29287E+02  1.91991E-02   3.29521E+02  2.28574E-02   3.29834E+02  2.64168E-02   3.30184E+02  2.98722E-02   3.30603E+02  3.31949E-02   3.31063E+02  3.64010E-02   3.31596E+02  3.94426E-02   3.32159E+02  4.23574E-02   3.32807E+02  4.50871E-02   3.33479E+02  4.76791E-02   3.34231E+02  5.00770E-02   3.35021E+02  5.23234E-02   3.35868E+02  5.43844E-02   3.36778E+02  5.62716E-02   3.37723E+02  5.79978E-02   3.38742E+02  5.95305E-02   3.39795E+02  6.09207E-02   3.40915E+02  6.21233E-02   3.42080E+02  6.31765E-02   3.43301E+02  6.40750E-02   3.44580E+02  6.48084E-02   3.45901E+02  6.54130E-02   3.47286E+02  6.58666E-02   3.48714E+02  6.61841E-02   3.50191E+02  6.63953E-02   3.51723E+02  6.64671E-02   3.53296E+02  6.64464E-02   3.54922E+02  6.63275E-02   3.56606E+02  6.60940E-02   3.58326E+02  6.57804E-02   1.09724E-01  6.53841E-02   1.92901E+00  6.48957E-02   3.78974E+00  6.43623E-02   5.70514E+00  6.37769E-02   7.66057E+00  6.31008E-02   9.67705E+00  6.23812E-02   1.17227E+01  6.16318E-02   1.38088E+01  6.08361E-02   1.59459E+01 
 0.00000E+00   0.00000E+00  0.00000E+00   0.00000E+00  0.00000E+00   0.00000E+00  0.00000E+00   0.00000E+00  0.00000E+00   0.00000E+00  0.00000E+00   0.00000E+00  0.00000E+00   0.00000E+00  0.00000E+00   0.00000E+00  0.00000E+00   0.00000E+00  0.00000E+00   0.00000E+00  0.00000E+00   0.00000E+00  0.00000E+00   0.00000E+00  0.00000E+00   0.00000E+00  0.00000E+00   0.00000E+00  0.00000E+00   0.00000E+00  0.00000E+00   0.00000E+00  0.00000E+00   0.00000E+00  0.00000E+00   0.00000E+00  0.00000E+00   0.00000E+00  0.00000E+00   0.00000E+00  0.00000E+00   0.00000E+00  0.00000E+00   0.00000E+00  0.00000E+00   0.00000E+00  0.00000E+00   0.00000E+00  0.00000E+00   0.00000E+00  0.00000E+00   0.00000E+00  0.00000E+00   0.00000E+00  0.00000E+00   0.00000E+00  0.00000E+00   0.00000E+00  0.00000E+00   0.00000E+00  0.00000E+00   0.00000E+00  0.00000E+00   0.00000E+00  0.00000E+00   0.00000E+00  0.00000E+00   0.00000E+00  0.00000E+00   0.00000E+00  0.00000E+00   0.00000E+00  0.00000E+00   0.00000E+00  0.00000E+00   0.00000E+00  8.15938E-17   3.30990E+02  3.79320E-03   3.30990E+02  7.57116E-03   3.31068E+02  1.13172E-02   3.31217E+02  1.50119E-02   3.31393E+02  1.86514E-02   3.31659E+02  2.22024E-02   3.31947E+02  2.56759E-02   3.32313E+02  2.90300E-02   3.32721E+02  3.22860E-02   3.33191E+02  3.53976E-02   3.33709E+02  3.83903E-02   3.34288E+02  4.12266E-02   3.34916E+02  4.39198E-02   3.35599E+02  4.64544E-02   3.36343E+02  4.88249E-02   3.37122E+02  5.10412E-02   3.37983E+02  5.30770E-02   3.38867E+02  5.49636E-02   3.39829E+02  5.66682E-02   3.40834E+02  5.82174E-02   3.41888E+02  5.96030E-02   3.43014E+02  6.08195E-02   3.44169E+02  6.18943E-02   3.45400E+02  6.28032E-02   3.46669E+02  6.35705E-02   3.47988E+02  6.42040E-02   3.49371E+02  6.46857E-02   3.50780E+02  6.50593E-02   3.52260E+02  6.53027E-02   3.53780E+02  6.54271E-02   3.55347E+02  6.54581E-02   3.56986E+02  6.53709E-02   3.58648E+02  6.51807E-02   3.78344E-01  6.49244E-02   2.14390E+00  6.45616E-02   3.94930E+00  6.41387E-02   5.81548E+00  6.36714E-02   7.71842E+00  6.30993E-02   9.68086E+00  6.24750E-02   1.16747E+01  6.18257E-02   1.37046E+01  6.11127E-02   1.57917E+01  6.03577E-02   1.79320E+01 
 0.00000E+00   0.00000E+00  0.00000E+00   0.00000E+00  0.00000E+00   0.00000E+00  0.00000E+00   0.00000E+00  0.00000E+00   0.00000E+00  0.00000E+00   0.00000E+00  0.00000E+00   0.00000E+00  0.00000E+00   0.00000E+00  0.00000E+00   0.00000E+00  0.00000E+00   0.00000E+00  0.00000E+00   0.00000E+00  0.00000E+00   0.00000E+00  0.00000E+00   0.00000E+00  0.00000E+00   0.00000E+00  0.00000E+00   0.00000E+00  0.00000E+00   0.00000E+00  0.00000E+00   0.00000E+00  0.00000E+00   0.00000E+00  0.00000E+00   0.00000E+00  0.00000E+00   0.00000E+00  0.00000E+00   0.00000E+00  0.00000E+00   0.00000E+00  0.00000E+00   0.00000E+00  0.00000E+00   0.00000E+00  0.00000E+00   0.00000E+00  0.00000E+00   0.00000E+00  0.00000E+00   0.00000E+00  0.00000E+00   0.00000E+00  0.00000E+00   0.00000E+00  0.00000E+00   0.00000E+00  0.00000E+00   0.00000E+00  0.00000E+00   0.00000E+00  0.00000E+00   0.00000E+00  0.00000E+00   0.00000E+00  0.00000E+00   0.00000E+00  0.00000E+00   0.00000E+00  0.00000E+00   0.00000E+00  0.00000E+00   0.00000E+00  7.92007E-17   3.33172E+02  3.68194E-03   3.33172E+02  7.34657E-03   3.33245E+02  1.09832E-02   3.33384E+02  1.45743E-02   3.33579E+02  1.81040E-02   3.33821E+02  2.15642E-02   3.34123E+02  2.49351E-02   3.34483E+02  2.82097E-02   3.34886E+02  3.13749E-02   3.35358E+02  3.44187E-02   3.35871E+02  3.73384E-02   3.36447E+02  4.01145E-02   3.37073E+02  4.27561E-02   3.37756E+02  4.52402E-02   3.38489E+02  4.75781E-02   3.39284E+02  4.97555E-02   3.40124E+02  5.17747E-02   3.41024E+02  5.36385E-02   3.41982E+02  5.53344E-02   3.42980E+02  5.68827E-02   3.44052E+02  5.82646E-02   3.45155E+02  5.94965E-02   3.46322E+02  6.05841E-02   3.47541E+02  6.15080E-02   3.48794E+02  6.23152E-02   3.50123E+02  6.29639E-02   3.51477E+02  6.34919E-02   3.52898E+02  6.39049E-02   3.54374E+02  6.41731E-02   3.55884E+02  6.43524E-02   3.57471E+02  6.44140E-02   3.59082E+02  6.43568E-02   7.48983E-01  6.42379E-02   2.46406E+00  6.40143E-02   4.21427E+00  6.37048E-02   6.02752E+00  6.33573E-02   7.88144E+00  6.29003E-02   9.78491E+00  6.23735E-02   1.17302E+01  6.18278E-02   1.37080E+01  6.12043E-02   1.57454E+01  6.05341E-02   1.78377E+01  5.98353E-02   1.99512E+01 
