/rn,a,b/nx0/ls1
/r,qa,qb
81 -0.4 0.4 0 OUTPUT_AMP_PHASE_3D Wavelength=0.8
81 -0.4 0.4
 1.26136E+00   7.96763E+01  1.24827E+00   7.72208E+01  1.23433E+00   7.48084E+01  1.21950E+00   7.24404E+01  1.20377E+00   7.01181E+01  1.18710E+00   6.78422E+01  1.16949E+00   6.56139E+01  1.15091E+00   6.34342E+01  1.13134E+00   6.13042E+01  1.11077E+00   5.92249E+01  1.08917E+00   5.71977E+01  1.06653E+00   5.52235E+01  1.04285E+00   5.33034E+01  1.01810E+00   5.14386E+01  9.92288E-01   4.96300E+01  9.65402E-01   4.78788E+01  9.37441E-01   4.61860E+01  9.08406E-01   4.45527E+01  8.78300E-01   4.29799E+01  8.47130E-01   4.14687E+01  8.14907E-01   4.00201E+01  7.81646E-01   3.86350E+01  7.47363E-01   3.73144E+01  7.12083E-01   3.60594E+01  6.75832E-01   3.48707E+01  6.38639E-01   3.37492E+01  6.00540E-01   3.26958E+01  5.61573E-01   3.17114E+01  5.21780E-01   3.07965E+01  4.81206E-01   2.99521E+01  4.39904E-01   2.91787E+01  3.97924E-01   2.84769E+01  3.55326E-01   2.78475E+01  3.12168E-01   2.72908E+01  2.68515E-01   2.68074E+01  2.24431E-01   2.63977E+01  1.79985E-01   2.60620E+01  1.35247E-01   2.58005E+01  9.02874E-02   2.56138E+01  4.51805E-02   2.55018E+01  7.35590E-07   1.68463E+02  4.51817E-02   2.05501E+02  9.02885E-02   2.05613E+02  1.35248E-01   2.05800E+02  1.79987E-01   2.06062E+02  2.24433E-01   2.06397E+02  2.68517E-01   2.06807E+02  3.12171E-01   2.07291E+02  3.55329E-01   2.07847E+02  3.97928E-01   2.08477E+02  4.39907E-01   2.09178E+02  4.81209E-01   2.09952E+02  5.21783E-01   2.10796E+02  5.61575E-01   2.11711E+02  6.00542E-01   2.12696E+02  6.38640E-01   2.13749E+02  6.75832E-01   2.14871E+02  7.12083E-01   2.16059E+02  7.47362E-01   2.17314E+02  7.81644E-01   2.18635E+02  8.14906E-01   2.20020E+02  8.47130E-01   2.21469E+02  8.78300E-01   2.22980E+02  9.08408E-01   2.24553E+02  9.37444E-01   2.26186E+02  9.65404E-01   2.27879E+02  9.92290E-01   2.29630E+02  1.01810E+00   2.31439E+02  1.04285E+00   2.33303E+02  1.06653E+00   2.35224E+02  1.08917E+00   2.37198E+02  1.11076E+00   2.39225E+02  1.13134E+00   2.41304E+02  1.15091E+00   2.43434E+02  1.16949E+00   2.45614E+02  1.18710E+00   2.47842E+02  1.20376E+00   2.50118E+02  1.21950E+00   2.52440E+02  1.23433E+00   2.54808E+02  1.24827E+00   2.57221E+02  1.26136E+00   2.59676E+02 
 1.28552E+00   7.70391E+01  1.27254E+00   7.45635E+01  1.25868E+00   7.21314E+01  1.24391E+00   6.97439E+01  1.22822E+00   6.74021E+01  1.21156E+00   6.51067E+01  1.19393E+00   6.28592E+01  1.17530E+00   6.06603E+01  1.15565E+00   5.85114E+01  1.13496E+00   5.64136E+01  1.11320E+00   5.43680E+01  1.09037E+00   5.23757E+01  1.06646E+00   5.04378E+01  1.04144E+00   4.85554E+01  1.01531E+00   4.67295E+01  9.88069E-01   4.49615E+01  9.59706E-01   4.32521E+01  9.30221E-01   4.16027E+01  8.99619E-01   4.00142E+01  8.67905E-01   3.84878E+01  8.35091E-01   3.70244E+01  8.01190E-01   3.56250E+01  7.66223E-01   3.42908E+01  7.30211E-01   3.30224E+01  6.93180E-01   3.18211E+01  6.55164E-01   3.06876E+01  6.16195E-01   2.96227E+01  5.76315E-01   2.86275E+01  5.35567E-01   2.77025E+01  4.93999E-01   2.68487E+01  4.51664E-01   2.60666E+01  4.08617E-01   2.53570E+01  3.64917E-01   2.47203E+01  3.20629E-01   2.41574E+01  2.75818E-01   2.36683E+01  2.30553E-01   2.32539E+01  1.84907E-01   2.29142E+01  1.38953E-01   2.26497E+01  9.27656E-02   2.24606E+01  4.64226E-02   2.23467E+01  1.61870E-06   5.71193E+00  4.64197E-02   2.02348E+02  9.27626E-02   2.02461E+02  1.38950E-01   2.02650E+02  1.84904E-01   2.02914E+02  2.30551E-01   2.03254E+02  2.75816E-01   2.03668E+02  3.20627E-01   2.04157E+02  3.64916E-01   2.04720E+02  4.08616E-01   2.05357E+02  4.51664E-01   2.06067E+02  4.94000E-01   2.06849E+02  5.35568E-01   2.07702E+02  5.76317E-01   2.08627E+02  6.16198E-01   2.09623E+02  6.55167E-01   2.10688E+02  6.93183E-01   2.11821E+02  7.30213E-01   2.13022E+02  7.66225E-01   2.14291E+02  8.01192E-01   2.15625E+02  8.35091E-01   2.17024E+02  8.67904E-01   2.18488E+02  8.99617E-01   2.20014E+02  9.30220E-01   2.21603E+02  9.59706E-01   2.23252E+02  9.88070E-01   2.24961E+02  1.01531E+00   2.26729E+02  1.04144E+00   2.28555E+02  1.06646E+00   2.30438E+02  1.09037E+00   2.32376E+02  1.11320E+00   2.34368E+02  1.13495E+00   2.36414E+02  1.15565E+00   2.38511E+02  1.17530E+00   2.40660E+02  1.19393E+00   2.42859E+02  1.21156E+00   2.45107E+02  1.22822E+00   2.47402E+02  1.24391E+00   2.49744E+02  1.25868E+00   2.52131E+02  1.27254E+00   2.54563E+02  1.28552E+00   2.57039E+02 
 1.31005E+00   7.44431E+01  1.29720E+00   7.19477E+01  1.28344E+00   6.94962E+01  1.26875E+00   6.70892E+01  1.25310E+00   6.47277E+01  1.23647E+00   6.24130E+01  1.21883E+00   6.01462E+01  1.20016E+00   5.79284E+01  1.18044E+00   5.57607E+01  1.15963E+00   5.36443E+01  1.13774E+00   5.15803E+01  1.11473E+00   4.95699E+01  1.09058E+00   4.76141E+01  1.06530E+00   4.57141E+01  1.03886E+00   4.38710E+01  1.01126E+00   4.20860E+01  9.82496E-01   4.03601E+01  9.52561E-01   3.86945E+01  9.21460E-01   3.70902E+01  8.89199E-01   3.55485E+01  8.55790E-01   3.40702E+01  8.21244E-01   3.26565E+01  7.85583E-01   3.13083E+01  7.48827E-01   3.00266E+01  7.11004E-01   2.88125E+01  6.72146E-01   2.76668E+01  6.32290E-01   2.65905E+01  5.91475E-01   2.55844E+01  5.49749E-01   2.46492E+01  5.07161E-01   2.37859E+01  4.63765E-01   2.29951E+01  4.19621E-01   2.22775E+01  3.74790E-01   2.16336E+01  3.29338E-01   2.10643E+01  2.83337E-01   2.05696E+01  2.36857E-01   2.01504E+01  1.89975E-01   1.98069E+01  1.42768E-01   1.95393E+01  9.53158E-02   1.93480E+01  4.76993E-02   1.92331E+01  3.88121E-07   5.24033E+00  4.76987E-02   1.99233E+02  9.53151E-02   1.99348E+02  1.42767E-01   1.99539E+02  1.89974E-01   1.99807E+02  2.36856E-01   2.00151E+02  2.83335E-01   2.00570E+02  3.29337E-01   2.01064E+02  3.74788E-01   2.01634E+02  4.19619E-01   2.02277E+02  4.63763E-01   2.02995E+02  5.07159E-01   2.03786E+02  5.49747E-01   2.04649E+02  5.91474E-01   2.05584E+02  6.32289E-01   2.06590E+02  6.72146E-01   2.07667E+02  7.11005E-01   2.08812E+02  7.48828E-01   2.10027E+02  7.85585E-01   2.11308E+02  8.21247E-01   2.12656E+02  8.55792E-01   2.14070E+02  8.89201E-01   2.15549E+02  9.21461E-01   2.17090E+02  9.52561E-01   2.18695E+02  9.82496E-01   2.20360E+02  1.01126E+00   2.22086E+02  1.03886E+00   2.23871E+02  1.06530E+00   2.25714E+02  1.09059E+00   2.27614E+02  1.11473E+00   2.29570E+02  1.13774E+00   2.31580E+02  1.15963E+00   2.33644E+02  1.18044E+00   2.35761E+02  1.20016E+00   2.37928E+02  1.21883E+00   2.40146E+02  1.23647E+00   2.42413E+02  1.25310E+00   2.44728E+02  1.26875E+00   2.47089E+02  1.28344E+00   2.49496E+02  1.29719E+00   2.51948E+02  1.31005E+00   2.54443E+02 
 1.33495E+00   7.18897E+01  1.32223E+00   6.93749E+01  1.30859E+00   6.69037E+01  1.29399E+00   6.44771E+01  1.27841E+00   6.20962E+01  1.26181E+00   5.97623E+01  1.24418E+00   5.74763E+01  1.22548E+00   5.52396E+01  1.20570E+00   5.30532E+01  1.18480E+00   5.09182E+01  1.16277E+00   4.88358E+01  1.13958E+00   4.68073E+01  1.11522E+00   4.48335E+01  1.08968E+00   4.29159E+01  1.06293E+00   4.10555E+01  1.03498E+00   3.92535E+01  1.00581E+00   3.75110E+01  9.75427E-01   3.58292E+01  9.43828E-01   3.42091E+01  9.11018E-01   3.26520E+01  8.77008E-01   3.11587E+01  8.41811E-01   2.97305E+01  8.05444E-01   2.83683E+01  7.67933E-01   2.70732E+01  7.29302E-01   2.58462E+01  6.89586E-01   2.46882E+01  6.48823E-01   2.36002E+01  6.07053E-01   2.25831E+01  5.64326E-01   2.16377E+01  5.20693E-01   2.07647E+01  4.76211E-01   1.99651E+01  4.30941E-01   1.92394E+01  3.84949E-01   1.85883E+01  3.38303E-01   1.80124E+01  2.91077E-01   1.75121E+01  2.43348E-01   1.70881E+01  1.95194E-01   1.67406E+01  1.46698E-01   1.64698E+01  9.79430E-02   1.62763E+01  4.90148E-02   1.61598E+01  6.52401E-07   2.38309E+02  4.90157E-02   1.96161E+02  9.79441E-02   1.96277E+02  1.46699E-01   1.96470E+02  1.95195E-01   1.96741E+02  2.43349E-01   1.97088E+02  2.91078E-01   1.97512E+02  3.38304E-01   1.98013E+02  3.84949E-01   1.98588E+02  4.30941E-01   1.99240E+02  4.76211E-01   1.99965E+02  5.20693E-01   2.00765E+02  5.64326E-01   2.01638E+02  6.07053E-01   2.02583E+02  6.48821E-01   2.03600E+02  6.89585E-01   2.04688E+02  7.29301E-01   2.05846E+02  7.67932E-01   2.07073E+02  8.05444E-01   2.08368E+02  8.41811E-01   2.09730E+02  8.77009E-01   2.11159E+02  9.11020E-01   2.12652E+02  9.43830E-01   2.14209E+02  9.75429E-01   2.15829E+02  1.00581E+00   2.17511E+02  1.03498E+00   2.19254E+02  1.06293E+00   2.21056E+02  1.08968E+00   2.22916E+02  1.11522E+00   2.24833E+02  1.13958E+00   2.26807E+02  1.16277E+00   2.28836E+02  1.18480E+00   2.30918E+02  1.20570E+00   2.33053E+02  1.22548E+00   2.35240E+02  1.24418E+00   2.37476E+02  1.26181E+00   2.39762E+02  1.27841E+00   2.42096E+02  1.29399E+00   2.44477E+02  1.30859E+00   2.46904E+02  1.32223E+00   2.49375E+02  1.33494E+00   2.51890E+02 
 1.36019E+00   6.93801E+01  1.34763E+00   6.68457E+01  1.33412E+00   6.43550E+01  1.31963E+00   6.19089E+01  1.30413E+00   5.95088E+01  1.28758E+00   5.71557E+01  1.26997E+00   5.48506E+01  1.25126E+00   5.25950E+01  1.23142E+00   5.03898E+01  1.21044E+00   4.82363E+01  1.18828E+00   4.61356E+01  1.16493E+00   4.40889E+01  1.14036E+00   4.20972E+01  1.11456E+00   4.01620E+01  1.08752E+00   3.82843E+01  1.05922E+00   3.64653E+01  1.02965E+00   3.47062E+01  9.98820E-01   3.30080E+01  9.66721E-01   3.13721E+01  9.33359E-01   2.97993E+01  8.98743E-01   2.82910E+01  8.62885E-01   2.68481E+01  8.25805E-01   2.54719E+01  7.87526E-01   2.41633E+01  7.48075E-01   2.29233E+01  7.07487E-01   2.17530E+01  6.65798E-01   2.06533E+01  6.23055E-01   1.96251E+01  5.79306E-01   1.86693E+01  5.34604E-01   1.77867E+01  4.89009E-01   1.69782E+01  4.42586E-01   1.62443E+01  3.95401E-01   1.55859E+01  3.47529E-01   1.50034E+01  2.99045E-01   1.44975E+01  2.50031E-01   1.40686E+01  2.00569E-01   1.37171E+01  1.50746E-01   1.34433E+01  1.00650E-01   1.32477E+01  5.03709E-02   1.31301E+01  3.28019E-07   5.42178E+01  5.03704E-02   1.93130E+02  1.00649E-01   1.93247E+02  1.50746E-01   1.93443E+02  2.00569E-01   1.93717E+02  2.50031E-01   1.94068E+02  2.99045E-01   1.94497E+02  3.47529E-01   1.95003E+02  3.95401E-01   1.95586E+02  4.42586E-01   1.96244E+02  4.89010E-01   1.96978E+02  5.34605E-01   1.97787E+02  5.79306E-01   1.98669E+02  6.23055E-01   1.99625E+02  6.65798E-01   2.00653E+02  7.07486E-01   2.01753E+02  7.48075E-01   2.02923E+02  7.87525E-01   2.04163E+02  8.25805E-01   2.05472E+02  8.62885E-01   2.06848E+02  8.98742E-01   2.08291E+02  9.33359E-01   2.09799E+02  9.66722E-01   2.11372E+02  9.98821E-01   2.13008E+02  1.02965E+00   2.14706E+02  1.05922E+00   2.16465E+02  1.08752E+00   2.18284E+02  1.11456E+00   2.20162E+02  1.14036E+00   2.22097E+02  1.16493E+00   2.24089E+02  1.18828E+00   2.26136E+02  1.21044E+00   2.28236E+02  1.23143E+00   2.30390E+02  1.25126E+00   2.32595E+02  1.26997E+00   2.34851E+02  1.28758E+00   2.37156E+02  1.30412E+00   2.39509E+02  1.31963E+00   2.41909E+02  1.33412E+00   2.44355E+02  1.34763E+00   2.46846E+02  1.36019E+00   2.49380E+02 
 1.38577E+00   6.69151E+01  1.37338E+00   6.43613E+01  1.36002E+00   6.18512E+01  1.34565E+00   5.93859E+01  1.33024E+00   5.69665E+01  1.31376E+00   5.45941E+01  1.29618E+00   5.22703E+01  1.27747E+00   4.99958E+01  1.25760E+00   4.77720E+01  1.23654E+00   4.55999E+01  1.21427E+00   4.34809E+01  1.19076E+00   4.14160E+01  1.16600E+00   3.94065E+01  1.13995E+00   3.74537E+01  1.11261E+00   3.55586E+01  1.08397E+00   3.37226E+01  1.05401E+00   3.19467E+01  1.02273E+00   3.02321E+01  9.90132E-01   2.85801E+01  9.56217E-01   2.69918E+01  9.20990E-01   2.54684E+01  8.84468E-01   2.40109E+01  8.46667E-01   2.26205E+01  8.07611E-01   2.12983E+01  7.67328E-01   2.00453E+01  7.25851E-01   1.88626E+01  6.83223E-01   1.77510E+01  6.39485E-01   1.67117E+01  5.94692E-01   1.57454E+01  5.48897E-01   1.48531E+01  5.02163E-01   1.40355E+01  4.54556E-01   1.32933E+01  4.06149E-01   1.26274E+01  3.57017E-01   1.20383E+01  3.07242E-01   1.15266E+01  2.56906E-01   1.10927E+01  2.06099E-01   1.07372E+01  1.54911E-01   1.04602E+01  1.03435E-01   1.02623E+01  5.17658E-02   1.01432E+01  7.82363E-08   2.71023E+02  5.17659E-02   1.90143E+02  1.03435E-01   1.90262E+02  1.54911E-01   1.90460E+02  2.06099E-01   1.90737E+02  2.56906E-01   1.91093E+02  3.07241E-01   1.91527E+02  3.57017E-01   1.92038E+02  4.06149E-01   1.92627E+02  4.54557E-01   1.93293E+02  5.02163E-01   1.94035E+02  5.48897E-01   1.94853E+02  5.94692E-01   1.95745E+02  6.39485E-01   1.96712E+02  6.83223E-01   1.97751E+02  7.25851E-01   1.98863E+02  7.67327E-01   2.00045E+02  8.07610E-01   2.01298E+02  8.46666E-01   2.02621E+02  8.84468E-01   2.04011E+02  9.20990E-01   2.05468E+02  9.56217E-01   2.06992E+02  9.90133E-01   2.08580E+02  1.02273E+00   2.10232E+02  1.05401E+00   2.11947E+02  1.08397E+00   2.13723E+02  1.11261E+00   2.15559E+02  1.13995E+00   2.17454E+02  1.16600E+00   2.19407E+02  1.19076E+00   2.21416E+02  1.21427E+00   2.23481E+02  1.23654E+00   2.25600E+02  1.25760E+00   2.27772E+02  1.27747E+00   2.29996E+02  1.29618E+00   2.32270E+02  1.31376E+00   2.34594E+02  1.33024E+00   2.36967E+02  1.34565E+00   2.39386E+02  1.36002E+00   2.41851E+02  1.37338E+00   2.44361E+02  1.38578E+00   2.46915E+02 
 1.41168E+00   6.44959E+01  1.39947E+00   6.19228E+01  1.38627E+00   5.93934E+01  1.37204E+00   5.69088E+01  1.35674E+00   5.44704E+01  1.34034E+00   5.20792E+01  1.32281E+00   4.97365E+01  1.30411E+00   4.74432E+01  1.28422E+00   4.52007E+01  1.26310E+00   4.30101E+01  1.24073E+00   4.08727E+01  1.21707E+00   3.87898E+01  1.19211E+00   3.67625E+01  1.16583E+00   3.47920E+01  1.13821E+00   3.28796E+01  1.10923E+00   3.10265E+01  1.07888E+00   2.92338E+01  1.04716E+00   2.75029E+01  1.01406E+00   2.58348E+01  9.79589E-01   2.42309E+01  9.43751E-01   2.26923E+01  9.06559E-01   2.12201E+01  8.68029E-01   1.98155E+01  8.28186E-01   1.84796E+01  7.87058E-01   1.72134E+01  7.44681E-01   1.60181E+01  7.01094E-01   1.48946E+01  6.56344E-01   1.38440E+01  6.10484E-01   1.28672E+01  5.63572E-01   1.19650E+01  5.15673E-01   1.11383E+01  4.66855E-01   1.03879E+01  4.17195E-01   9.71445E+00  3.66771E-01   9.11869E+00  3.15668E-01   8.60112E+00  2.63976E-01   8.16237E+00  2.11786E-01   7.80268E+00  1.59195E-01   7.52256E+00  1.06300E-01   7.32241E+00  5.32008E-02   7.20196E+00  8.61257E-08   2.21802E+02  5.32010E-02   1.87202E+02  1.06300E-01   1.87322E+02  1.59195E-01   1.87523E+02  2.11786E-01   1.87803E+02  2.63976E-01   1.88162E+02  3.15668E-01   1.88601E+02  3.66771E-01   1.89119E+02  4.17195E-01   1.89715E+02  4.66855E-01   1.90388E+02  5.15673E-01   1.91138E+02  5.63572E-01   1.91965E+02  6.10484E-01   1.92867E+02  6.56344E-01   1.93844E+02  7.01094E-01   1.94895E+02  7.44681E-01   1.96018E+02  7.87058E-01   1.97213E+02  8.28186E-01   1.98480E+02  8.68028E-01   1.99815E+02  9.06558E-01   2.01220E+02  9.43750E-01   2.02692E+02  9.79588E-01   2.04231E+02  1.01406E+00   2.05835E+02  1.04716E+00   2.07503E+02  1.07888E+00   2.09234E+02  1.10923E+00   2.11026E+02  1.13821E+00   2.12880E+02  1.16583E+00   2.14792E+02  1.19212E+00   2.16763E+02  1.21707E+00   2.18790E+02  1.24073E+00   2.20873E+02  1.26310E+00   2.23010E+02  1.28422E+00   2.25201E+02  1.30411E+00   2.27443E+02  1.32281E+00   2.29736E+02  1.34034E+00   2.32079E+02  1.35674E+00   2.34470E+02  1.37204E+00   2.36909E+02  1.38627E+00   2.39393E+02  1.39947E+00   2.41923E+02  1.41168E+00   2.44496E+02 
 1.43788E+00   6.21235E+01  1.42588E+00   5.95312E+01  1.41285E+00   5.69826E+01  1.39877E+00   5.44792E+01  1.38360E+00   5.20219E+01  1.36729E+00   4.96118E+01  1.34983E+00   4.72502E+01  1.33116E+00   4.49381E+01  1.31126E+00   4.26770E+01  1.29009E+00   4.04681E+01  1.26763E+00   3.83125E+01  1.24384E+00   3.62116E+01  1.21870E+00   3.41664E+01  1.19219E+00   3.21783E+01  1.16429E+00   3.02485E+01  1.13498E+00   2.83783E+01  1.10425E+00   2.65688E+01  1.07209E+00   2.48214E+01  1.03850E+00   2.31374E+01  1.00347E+00   2.15178E+01  9.67017E-01   1.99639E+01  9.29150E-01   1.84769E+01  8.89887E-01   1.70580E+01  8.49248E-01   1.57083E+01  8.07266E-01   1.44289E+01  7.63974E-01   1.32210E+01  7.19413E-01   1.20856E+01  6.73632E-01   1.10237E+01  6.26685E-01   1.00362E+01  5.78633E-01   9.12418E+00  5.29541E-01   8.28837E+00  4.79484E-01   7.52964E+00  4.28539E-01   6.84868E+00  3.76791E-01   6.24620E+00  3.24327E-01   5.72280E+00  2.71242E-01   5.27905E+00  2.17632E-01   4.91528E+00  1.63599E-01   4.63200E+00  1.09245E-01   4.42959E+00  5.46762E-02   4.30802E+00  3.82161E-07   1.19290E+02  5.46763E-02   1.84307E+02  1.09245E-01   1.84429E+02  1.63599E-01   1.84632E+02  2.17633E-01   1.84915E+02  2.71242E-01   1.85279E+02  3.24327E-01   1.85723E+02  3.76791E-01   1.86246E+02  4.28539E-01   1.86849E+02  4.79484E-01   1.87530E+02  5.29541E-01   1.88288E+02  5.78632E-01   1.89124E+02  6.26685E-01   1.90036E+02  6.73632E-01   1.91024E+02  7.19413E-01   1.92086E+02  7.63974E-01   1.93221E+02  8.07267E-01   1.94429E+02  8.49250E-01   1.95708E+02  8.89888E-01   1.97058E+02  9.29150E-01   1.98477E+02  9.67017E-01   1.99964E+02  1.00347E+00   2.01518E+02  1.03849E+00   2.03137E+02  1.07209E+00   2.04821E+02  1.10425E+00   2.06569E+02  1.13498E+00   2.08378E+02  1.16429E+00   2.10248E+02  1.19219E+00   2.12178E+02  1.21870E+00   2.14166E+02  1.24384E+00   2.16212E+02  1.26763E+00   2.18313E+02  1.29009E+00   2.20468E+02  1.31126E+00   2.22677E+02  1.33116E+00   2.24938E+02  1.34983E+00   2.27250E+02  1.36729E+00   2.29612E+02  1.38360E+00   2.32022E+02  1.39877E+00   2.34479E+02  1.41285E+00   2.36983E+02  1.42588E+00   2.39531E+02  1.43788E+00   2.42123E+02 
 1.46436E+00   5.97990E+01  1.45258E+00   5.71876E+01  1.43975E+00   5.46203E+01  1.42583E+00   5.20980E+01  1.41080E+00   4.96218E+01  1.39461E+00   4.71928E+01  1.37722E+00   4.48125E+01  1.35860E+00   4.24820E+01  1.33870E+00   4.02024E+01  1.31750E+00   3.79752E+01  1.29496E+00   3.58014E+01  1.27105E+00   3.36824E+01  1.24575E+00   3.16194E+01  1.21902E+00   2.96137E+01  1.19085E+00   2.76665E+01  1.16122E+00   2.57792E+01  1.13011E+00   2.39530E+01  1.09752E+00   2.21892E+01  1.06343E+00   2.04890E+01  1.02785E+00   1.88537E+01  9.90783E-01   1.72845E+01  9.52240E-01   1.57827E+01  9.12237E-01   1.43495E+01  8.70797E-01   1.29860E+01  8.27949E-01   1.16934E+01  7.83729E-01   1.04729E+01  7.38179E-01   9.32542E+00  6.91348E-01   8.25216E+00  6.43294E-01   7.25405E+00  5.94077E-01   6.33207E+00  5.43768E-01   5.48706E+00  4.92444E-01   4.71992E+00  4.40184E-01   4.03134E+00  3.87079E-01   3.42210E+00  3.33220E-01   2.89275E+00  2.78705E-01   2.44396E+00  2.23638E-01   2.07601E+00  1.68124E-01   1.78949E+00  1.12271E-01   1.58466E+00  5.61925E-02   1.46136E+00  3.25708E-07   2.29729E+02  5.61926E-02   1.81462E+02  1.12272E-01   1.81585E+02  1.68124E-01   1.81790E+02  2.23638E-01   1.82076E+02  2.78706E-01   1.82444E+02  3.33220E-01   1.82893E+02  3.87079E-01   1.83422E+02  4.40184E-01   1.84031E+02  4.92443E-01   1.84720E+02  5.43768E-01   1.85487E+02  5.94076E-01   1.86332E+02  6.43293E-01   1.87254E+02  6.91348E-01   1.88252E+02  7.38178E-01   1.89325E+02  7.83728E-01   1.90473E+02  8.27949E-01   1.91693E+02  8.70797E-01   1.92986E+02  9.12238E-01   1.94350E+02  9.52241E-01   1.95783E+02  9.90784E-01   1.97285E+02  1.02785E+00   1.98854E+02  1.06343E+00   2.00489E+02  1.09752E+00   2.02189E+02  1.13011E+00   2.03953E+02  1.16122E+00   2.05779E+02  1.19085E+00   2.07667E+02  1.21902E+00   2.09614E+02  1.24575E+00   2.11619E+02  1.27105E+00   2.13682E+02  1.29496E+00   2.15801E+02  1.31750E+00   2.17975E+02  1.33870E+00   2.20202E+02  1.35860E+00   2.22482E+02  1.37722E+00   2.24812E+02  1.39461E+00   2.27193E+02  1.41080E+00   2.29622E+02  1.42583E+00   2.32098E+02  1.43975E+00   2.34620E+02  1.45257E+00   2.37188E+02  1.46436E+00   2.39799E+02 
 1.49110E+00   5.75233E+01  1.47955E+00   5.48933E+01  1.46693E+00   5.23072E+01  1.45320E+00   4.97661E+01  1.43833E+00   4.72712E+01  1.42226E+00   4.48238E+01  1.40497E+00   4.24249E+01  1.38640E+00   4.00758E+01  1.36653E+00   3.77779E+01  1.34531E+00   3.55324E+01  1.32270E+00   3.33405E+01  1.29869E+00   3.12036E+01  1.27323E+00   2.91228E+01  1.24630E+00   2.70995E+01  1.21787E+00   2.51351E+01  1.18793E+00   2.32307E+01  1.15645E+00   2.13877E+01  1.12343E+00   1.96074E+01  1.08885E+00   1.78912E+01  1.05272E+00   1.62402E+01  1.01504E+00   1.46557E+01  9.75819E-01   1.31390E+01  9.35073E-01   1.16914E+01  8.92823E-01   1.03141E+01  8.49101E-01   9.00824E+00  8.03941E-01   7.77502E+00  7.57387E-01   6.61554E+00  7.09490E-01   5.53088E+00  6.60307E-01   4.52208E+00  6.09904E-01   3.59011E+00  5.58353E-01   2.73591E+00  5.05733E-01   1.96033E+00  4.52129E-01   1.26417E+00  3.97635E-01   6.48179E-01  3.42346E-01   1.12904E-01  2.86366E-01   3.59659E+02  2.29804E-01   3.59287E+02  1.72770E-01   3.58997E+02  1.15379E-01   3.58790E+02  5.77493E-02   3.58666E+02  5.18323E-07   1.94883E+02  5.77501E-02   1.78666E+02  1.15380E-01   1.78790E+02  1.72770E-01   1.78997E+02  2.29805E-01   1.79287E+02  2.86367E-01   1.79659E+02  3.42347E-01   1.80113E+02  3.97635E-01   1.80648E+02  4.52130E-01   1.81264E+02  5.05734E-01   1.81960E+02  5.58354E-01   1.82736E+02  6.09905E-01   1.83590E+02  6.60307E-01   1.84522E+02  7.09489E-01   1.85531E+02  7.57386E-01   1.86616E+02  8.03940E-01   1.87775E+02  8.49100E-01   1.89008E+02  8.92822E-01   1.90314E+02  9.35072E-01   1.91691E+02  9.75819E-01   1.93139E+02  1.01504E+00   1.94656E+02  1.05272E+00   1.96240E+02  1.08885E+00   1.97891E+02  1.12343E+00   1.99607E+02  1.15645E+00   2.01388E+02  1.18793E+00   2.03231E+02  1.21787E+00   2.05135E+02  1.24630E+00   2.07100E+02  1.27323E+00   2.09123E+02  1.29869E+00   2.11204E+02  1.32271E+00   2.13340E+02  1.34531E+00   2.15532E+02  1.36653E+00   2.17778E+02  1.38640E+00   2.20076E+02  1.40497E+00   2.22425E+02  1.42226E+00   2.24824E+02  1.43833E+00   2.27271E+02  1.45320E+00   2.29766E+02  1.46693E+00   2.32307E+02  1.47955E+00   2.34893E+02  1.49110E+00   2.37523E+02 
 1.51807E+00   5.52977E+01  1.50676E+00   5.26491E+01  1.49437E+00   5.00445E+01  1.48085E+00   4.74849E+01  1.46614E+00   4.49715E+01  1.45022E+00   4.25055E+01  1.43304E+00   4.00881E+01  1.41455E+00   3.77208E+01  1.39471E+00   3.54047E+01  1.37349E+00   3.31410E+01  1.35084E+00   3.09311E+01  1.32673E+00   2.87763E+01  1.30113E+00   2.66778E+01  1.27401E+00   2.46371E+01  1.24533E+00   2.26553E+01  1.21509E+00   2.07339E+01  1.18325E+00   1.88742E+01  1.14981E+00   1.70775E+01  1.11475E+00   1.53452E+01  1.07807E+00   1.36785E+01  1.03978E+00   1.20787E+01  9.99875E-01   1.05472E+01  9.58383E-01   9.08530E+00  9.15319E-01   7.69415E+00  8.70714E-01   6.37502E+00  8.24603E-01   5.12913E+00  7.77032E-01   3.95760E+00  7.28052E-01   2.86156E+00  6.77723E-01   1.84208E+00  6.26112E-01   9.00142E-01  5.73294E-01   3.67571E-02  5.19351E-01   3.59253E+02  4.64374E-01   3.58549E+02  4.08458E-01   3.57926E+02  3.51705E-01   3.57385E+02  2.94225E-01   3.56926E+02  2.36129E-01   3.56550E+02  1.77536E-01   3.56257E+02  1.18568E-01   3.56047E+02  5.93470E-02   3.55921E+02  6.02056E-07   2.29342E+02  5.93478E-02   1.75922E+02  1.18569E-01   1.76048E+02  1.77537E-01   1.76257E+02  2.36130E-01   1.76550E+02  2.94225E-01   1.76926E+02  3.51706E-01   1.77385E+02  4.08458E-01   1.77926E+02  4.64375E-01   1.78549E+02  5.19352E-01   1.79253E+02  5.73295E-01   1.80037E+02  6.26113E-01   1.80900E+02  6.77724E-01   1.81842E+02  7.28053E-01   1.82862E+02  7.77033E-01   1.83958E+02  8.24603E-01   1.85129E+02  8.70713E-01   1.86375E+02  9.15318E-01   1.87694E+02  9.58382E-01   1.89085E+02  9.99875E-01   1.90547E+02  1.03978E+00   1.92079E+02  1.07807E+00   1.93678E+02  1.11475E+00   1.95345E+02  1.14981E+00   1.97078E+02  1.18325E+00   1.98874E+02  1.21509E+00   2.00734E+02  1.24533E+00   2.02655E+02  1.27401E+00   2.04637E+02  1.30113E+00   2.06678E+02  1.32673E+00   2.08776E+02  1.35084E+00   2.10931E+02  1.37349E+00   2.13141E+02  1.39471E+00   2.15405E+02  1.41455E+00   2.17721E+02  1.43304E+00   2.20088E+02  1.45023E+00   2.22505E+02  1.46615E+00   2.24971E+02  1.48085E+00   2.27485E+02  1.49437E+00   2.30045E+02  1.50676E+00   2.32649E+02  1.51807E+00   2.35298E+02 
 1.54524E+00   5.31231E+01  1.53420E+00   5.04563E+01  1.52205E+00   4.78334E+01  1.50874E+00   4.52554E+01  1.49423E+00   4.27235E+01  1.47847E+00   4.02392E+01  1.46141E+00   3.78036E+01  1.44301E+00   3.54181E+01  1.42323E+00   3.30839E+01  1.40202E+00   3.08022E+01  1.37934E+00   2.85744E+01  1.35515E+00   2.64017E+01  1.32943E+00   2.42857E+01  1.30212E+00   2.22275E+01  1.27322E+00   2.02286E+01  1.24268E+00   1.82903E+01  1.21049E+00   1.64140E+01  1.17663E+00   1.46009E+01  1.14110E+00   1.28525E+01  1.10388E+00   1.11701E+01  1.06498E+00   9.55518E+00  1.02440E+00   8.00888E+00  9.82157E-01   6.53264E+00  9.38274E-01   5.12770E+00  8.92779E-01   3.79534E+00  8.45709E-01   2.53679E+00  7.97107E-01   1.35321E+00  7.47029E-01   2.45796E-01  6.95534E-01   3.59216E+02  6.42693E-01   3.58264E+02  5.88585E-01   3.57391E+02  5.33293E-01   3.56599E+02  4.76913E-01   3.55887E+02  4.19544E-01   3.55258E+02  3.61295E-01   3.54711E+02  3.02278E-01   3.54247E+02  2.42613E-01   3.53866E+02  1.82423E-01   3.53570E+02  1.21838E-01   3.53358E+02  6.09855E-02   3.53230E+02  8.51727E-07   2.60262E+02  6.09855E-02   1.73232E+02  1.21838E-01   1.73359E+02  1.82424E-01   1.73570E+02  2.42613E-01   1.73867E+02  3.02278E-01   1.74247E+02  3.61295E-01   1.74711E+02  4.19545E-01   1.75258E+02  4.76914E-01   1.75887E+02  5.33294E-01   1.76599E+02  5.88586E-01   1.77391E+02  6.42695E-01   1.78264E+02  6.95535E-01   1.79216E+02  7.47030E-01   1.80246E+02  7.97108E-01   1.81353E+02  8.45709E-01   1.82537E+02  8.92779E-01   1.83795E+02  9.38274E-01   1.85128E+02  9.82156E-01   1.86533E+02  1.02440E+00   1.88009E+02  1.06498E+00   1.89555E+02  1.10388E+00   1.91170E+02  1.14110E+00   1.92852E+02  1.17663E+00   1.94601E+02  1.21049E+00   1.96414E+02  1.24268E+00   1.98290E+02  1.27322E+00   2.00229E+02  1.30212E+00   2.02228E+02  1.32943E+00   2.04286E+02  1.35515E+00   2.06402E+02  1.37934E+00   2.08574E+02  1.40202E+00   2.10802E+02  1.42323E+00   2.13084E+02  1.44302E+00   2.15418E+02  1.46141E+00   2.17804E+02  1.47847E+00   2.20239E+02  1.49423E+00   2.22724E+02  1.50874E+00   2.25255E+02  1.52205E+00   2.27833E+02  1.53420E+00   2.30456E+02  1.54524E+00   2.33123E+02 
 1.57258E+00   5.10007E+01  1.56182E+00   4.83158E+01  1.54993E+00   4.56747E+01  1.53686E+00   4.30784E+01  1.52256E+00   4.05285E+01  1.50697E+00   3.80261E+01  1.49006E+00   3.55725E+01  1.47177E+00   3.31689E+01  1.45205E+00   3.08167E+01  1.43087E+00   2.85171E+01  1.40818E+00   2.62716E+01  1.38393E+00   2.40813E+01  1.35809E+00   2.19478E+01  1.33062E+00   1.98724E+01  1.30149E+00   1.78564E+01  1.27068E+00   1.59012E+01  1.23815E+00   1.40082E+01  1.20389E+00   1.21789E+01  1.16789E+00   1.04146E+01  1.13013E+00   8.71664E+00  1.09063E+00   7.08651E+00  1.04937E+00   5.52549E+00  1.00638E+00   4.03501E+00  9.61673E-01   2.61632E+00  9.15282E-01   1.27077E+00  8.67243E-01   3.60000E+02  8.17600E-01   3.58804E+02  7.66410E-01   3.57685E+02  7.13733E-01   3.56645E+02  6.59643E-01   3.55683E+02  6.04220E-01   3.54801E+02  5.47555E-01   3.54000E+02  4.89743E-01   3.53281E+02  4.30891E-01   3.52645E+02  3.71111E-01   3.52092E+02  3.10524E-01   3.51623E+02  2.49253E-01   3.51238E+02  1.87429E-01   3.50939E+02  1.25187E-01   3.50725E+02  6.26640E-02   3.50596E+02  5.85642E-07   3.14118E+02  6.26631E-02   1.70596E+02  1.25186E-01   1.70725E+02  1.87428E-01   1.70939E+02  2.49252E-01   1.71239E+02  3.10523E-01   1.71623E+02  3.71111E-01   1.72092E+02  4.30891E-01   1.72645E+02  4.89743E-01   1.73281E+02  5.47555E-01   1.74000E+02  6.04221E-01   1.74801E+02  6.59644E-01   1.75683E+02  7.13734E-01   1.76645E+02  7.66411E-01   1.77685E+02  8.17602E-01   1.78804E+02  8.67245E-01   1.80000E+02  9.15284E-01   1.81271E+02  9.61674E-01   1.82616E+02  1.00638E+00   1.84035E+02  1.04937E+00   1.85525E+02  1.09063E+00   1.87087E+02  1.13013E+00   1.88717E+02  1.16789E+00   1.90415E+02  1.20389E+00   1.92179E+02  1.23815E+00   1.94008E+02  1.27068E+00   1.95901E+02  1.30150E+00   1.97856E+02  1.33062E+00   1.99872E+02  1.35809E+00   2.01948E+02  1.38393E+00   2.04081E+02  1.40818E+00   2.06272E+02  1.43087E+00   2.08517E+02  1.45205E+00   2.10817E+02  1.47177E+00   2.13169E+02  1.49006E+00   2.15572E+02  1.50697E+00   2.18026E+02  1.52256E+00   2.20529E+02  1.53686E+00   2.23078E+02  1.54993E+00   2.25675E+02  1.56182E+00   2.28316E+02  1.57258E+00   2.31001E+02 
 1.60006E+00   4.89315E+01  1.58960E+00   4.62287E+01  1.57799E+00   4.35696E+01  1.56517E+00   4.09555E+01  1.55109E+00   3.83877E+01  1.53570E+00   3.58673E+01  1.51894E+00   3.33958E+01  1.50078E+00   3.09744E+01  1.48115E+00   2.86044E+01  1.46002E+00   2.62871E+01  1.43732E+00   2.40240E+01  1.41303E+00   2.18163E+01  1.38710E+00   1.96654E+01  1.35948E+00   1.75728E+01  1.33014E+00   1.55399E+01  1.29906E+00   1.35680E+01  1.26621E+00   1.16586E+01  1.23156E+00   9.81309E+00  1.19509E+00   8.03293E+00  1.15681E+00   6.31954E+00  1.11670E+00   4.67432E+00  1.07477E+00   3.09867E+00  1.03103E+00   1.59402E+00  9.85500E-01   1.61682E-01  9.38210E-01   3.58803E+02  8.89194E-01   3.57519E+02  8.38500E-01   3.56312E+02  7.86183E-01   3.55182E+02  7.32308E-01   3.54131E+02  6.76950E-01   3.53159E+02  6.20192E-01   3.52268E+02  5.62126E-01   3.51459E+02  5.02856E-01   3.50732E+02  4.42491E-01   3.50089E+02  3.81150E-01   3.49530E+02  3.18957E-01   3.49057E+02  2.56044E-01   3.48668E+02  1.92549E-01   3.48365E+02  1.28613E-01   3.48149E+02  6.43810E-02   3.48018E+02  6.49861E-07   3.03253E+02  6.43803E-02   1.68019E+02  1.28612E-01   1.68149E+02  1.92548E-01   1.68365E+02  2.56043E-01   1.68668E+02  3.18956E-01   1.69057E+02  3.81149E-01   1.69531E+02  4.42490E-01   1.70089E+02  5.02855E-01   1.70732E+02  5.62125E-01   1.71459E+02  6.20191E-01   1.72268E+02  6.76949E-01   1.73159E+02  7.32308E-01   1.74131E+02  7.86183E-01   1.75182E+02  8.38501E-01   1.76312E+02  8.89195E-01   1.77519E+02  9.38211E-01   1.78803E+02  9.85502E-01   1.80162E+02  1.03103E+00   1.81594E+02  1.07477E+00   1.83099E+02  1.11670E+00   1.84674E+02  1.15681E+00   1.86319E+02  1.19509E+00   1.88033E+02  1.23156E+00   1.89813E+02  1.26621E+00   1.91659E+02  1.29906E+00   1.93568E+02  1.33014E+00   1.95540E+02  1.35948E+00   1.97573E+02  1.38710E+00   1.99665E+02  1.41303E+00   2.01816E+02  1.43732E+00   2.04024E+02  1.46002E+00   2.06287E+02  1.48115E+00   2.08604E+02  1.50078E+00   2.10974E+02  1.51894E+00   2.13396E+02  1.53570E+00   2.15867E+02  1.55109E+00   2.18388E+02  1.56517E+00   2.20955E+02  1.57799E+00   2.23569E+02  1.58960E+00   2.26229E+02  1.60006E+00   2.28932E+02 
 1.62764E+00   4.69164E+01  1.61750E+00   4.41960E+01  1.60618E+00   4.15192E+01  1.59362E+00   3.88874E+01  1.57978E+00   3.63019E+01  1.56461E+00   3.37639E+01  1.54803E+00   3.12748E+01  1.53001E+00   2.88358E+01  1.51049E+00   2.64482E+01  1.48942E+00   2.41134E+01  1.46674E+00   2.18328E+01  1.44242E+00   1.96078E+01  1.41641E+00   1.74399E+01  1.38866E+00   1.53303E+01  1.35913E+00   1.32806E+01  1.32780E+00   1.12921E+01  1.29463E+00   9.36641E+00  1.25960E+00   7.50490E+00  1.22269E+00   5.70904E+00  1.18388E+00   3.98031E+00  1.14318E+00   2.32016E+00  1.10058E+00   7.30010E-01  1.05609E+00   3.59211E+02  1.00973E+00   3.57765E+02  9.61540E-01   3.56394E+02  9.11542E-01   3.55098E+02  8.59787E-01   3.53878E+02  8.06332E-01   3.52737E+02  7.51244E-01   3.51675E+02  6.94599E-01   3.50694E+02  6.36485E-01   3.49794E+02  5.76997E-01   3.48977E+02  5.16243E-01   3.48243E+02  4.54337E-01   3.47593E+02  3.91403E-01   3.47028E+02  3.27572E-01   3.46549E+02  2.62984E-01   3.46157E+02  1.97782E-01   3.45851E+02  1.32115E-01   3.45632E+02  6.61357E-02   3.45501E+02  1.98296E-07   3.49168E+02  6.61353E-02   1.65501E+02  1.32114E-01   1.65632E+02  1.97781E-01   1.65851E+02  2.62984E-01   1.66157E+02  3.27572E-01   1.66550E+02  3.91402E-01   1.67028E+02  4.54336E-01   1.67593E+02  5.16242E-01   1.68243E+02  5.76997E-01   1.68977E+02  6.36484E-01   1.69794E+02  6.94599E-01   1.70694E+02  7.51244E-01   1.71676E+02  8.06332E-01   1.72737E+02  8.59787E-01   1.73879E+02  9.11542E-01   1.75098E+02  9.61540E-01   1.76394E+02  1.00974E+00   1.77766E+02  1.05609E+00   1.79211E+02  1.10058E+00   1.80730E+02  1.14318E+00   1.82320E+02  1.18388E+00   1.83980E+02  1.22269E+00   1.85709E+02  1.25960E+00   1.87505E+02  1.29463E+00   1.89366E+02  1.32780E+00   1.91292E+02  1.35913E+00   1.93281E+02  1.38865E+00   1.95330E+02  1.41641E+00   1.97440E+02  1.44242E+00   1.99608E+02  1.46674E+00   2.01833E+02  1.48942E+00   2.04113E+02  1.51049E+00   2.06448E+02  1.53001E+00   2.08836E+02  1.54803E+00   2.11275E+02  1.56460E+00   2.13764E+02  1.57978E+00   2.16302E+02  1.59362E+00   2.18887E+02  1.60618E+00   2.21519E+02  1.61750E+00   2.24196E+02  1.62764E+00   2.26916E+02 
 1.65529E+00   4.49565E+01  1.64548E+00   4.22187E+01  1.63446E+00   3.95245E+01  1.62220E+00   3.68753E+01  1.60861E+00   3.42725E+01  1.59366E+00   3.17171E+01  1.57728E+00   2.92106E+01  1.55942E+00   2.67541E+01  1.54002E+00   2.43492E+01  1.51904E+00   2.19972E+01  1.49640E+00   1.96994E+01  1.47206E+00   1.74574E+01  1.44599E+00   1.52725E+01  1.41812E+00   1.31461E+01  1.38842E+00   1.10798E+01  1.35685E+00   9.07501E+00  1.32338E+00   7.13316E+00  1.28798E+00   5.25584E+00  1.25063E+00   3.44447E+00  1.21132E+00   1.70061E+00  1.17002E+00   2.57006E-02  1.12676E+00   3.58421E+02  1.08153E+00   3.56889E+02  1.03435E+00   3.55429E+02  9.85250E-01   3.54045E+02  9.34264E-01   3.52737E+02  8.81442E-01   3.51506E+02  8.26839E-01   3.50353E+02  7.70524E-01   3.49281E+02  7.12577E-01   3.48290E+02  6.53088E-01   3.47381E+02  5.92155E-01   3.46556E+02  5.29892E-01   3.45814E+02  4.66418E-01   3.45158E+02  4.01863E-01   3.44587E+02  3.36364E-01   3.44104E+02  2.70066E-01   3.43707E+02  2.03123E-01   3.43398E+02  1.35690E-01   3.43177E+02  6.79272E-02   3.43044E+02  4.59923E-07   4.34103E+01  6.79264E-02   1.63044E+02  1.35689E-01   1.63177E+02  2.03122E-01   1.63398E+02  2.70066E-01   1.63707E+02  3.36363E-01   1.64104E+02  4.01862E-01   1.64587E+02  4.66417E-01   1.65158E+02  5.29891E-01   1.65814E+02  5.92155E-01   1.66556E+02  6.53086E-01   1.67381E+02  7.12576E-01   1.68290E+02  7.70523E-01   1.69281E+02  8.26838E-01   1.70353E+02  8.81441E-01   1.71506E+02  9.34264E-01   1.72737E+02  9.85250E-01   1.74045E+02  1.03435E+00   1.75429E+02  1.08153E+00   1.76889E+02  1.12676E+00   1.78421E+02  1.17003E+00   1.80026E+02  1.21132E+00   1.81701E+02  1.25063E+00   1.83444E+02  1.28798E+00   1.85256E+02  1.32338E+00   1.87133E+02  1.35685E+00   1.89075E+02  1.38842E+00   1.91080E+02  1.41812E+00   1.93146E+02  1.44599E+00   1.95273E+02  1.47207E+00   1.97457E+02  1.49640E+00   1.99699E+02  1.51903E+00   2.01997E+02  1.54002E+00   2.04349E+02  1.55942E+00   2.06754E+02  1.57728E+00   2.09211E+02  1.59366E+00   2.11717E+02  1.60861E+00   2.14272E+02  1.62219E+00   2.16875E+02  1.63446E+00   2.19524E+02  1.64548E+00   2.22219E+02  1.65529E+00   2.24956E+02 
 1.68297E+00   4.30527E+01  1.67350E+00   4.02979E+01  1.66281E+00   3.75866E+01  1.65084E+00   3.49205E+01  1.63753E+00   3.23004E+01  1.62282E+00   2.97279E+01  1.60666E+00   2.72043E+01  1.58898E+00   2.47307E+01  1.56972E+00   2.23087E+01  1.54883E+00   1.99398E+01  1.52625E+00   1.76251E+01  1.50192E+00   1.53663E+01  1.47580E+00   1.31646E+01  1.44783E+00   1.10217E+01  1.41798E+00   8.93910E+00  1.38619E+00   6.91812E+00  1.35243E+00   4.96042E+00  1.31668E+00   3.06749E+00  1.27890E+00   1.24083E+00  1.23908E+00   3.59482E+02  1.19721E+00   3.57793E+02  1.15329E+00   3.56174E+02  1.10732E+00   3.54628E+02  1.05932E+00   3.53155E+02  1.00931E+00   3.51758E+02  9.57337E-01   3.50438E+02  9.03440E-01   3.49195E+02  8.47680E-01   3.48032E+02  7.90127E-01   3.46949E+02  7.30862E-01   3.45949E+02  6.69980E-01   3.45031E+02  6.07583E-01   3.44197E+02  5.43789E-01   3.43449E+02  4.78721E-01   3.42786E+02  4.12517E-01   3.42210E+02  3.45320E-01   3.41721E+02  2.77283E-01   3.41320E+02  2.08565E-01   3.41008E+02  1.39332E-01   3.40785E+02  6.97527E-02   3.40651E+02  4.03005E-07   1.45854E+02  6.97531E-02   1.60651E+02  1.39333E-01   1.60785E+02  2.08566E-01   1.61008E+02  2.77283E-01   1.61320E+02  3.45320E-01   1.61721E+02  4.12517E-01   1.62210E+02  4.78722E-01   1.62786E+02  5.43789E-01   1.63449E+02  6.07583E-01   1.64197E+02  6.69980E-01   1.65031E+02  7.30862E-01   1.65949E+02  7.90126E-01   1.66949E+02  8.47678E-01   1.68032E+02  9.03439E-01   1.69195E+02  9.57335E-01   1.70438E+02  1.00931E+00   1.71758E+02  1.05932E+00   1.73155E+02  1.10732E+00   1.74628E+02  1.15329E+00   1.76174E+02  1.19721E+00   1.77793E+02  1.23908E+00   1.79482E+02  1.27890E+00   1.81241E+02  1.31668E+00   1.83067E+02  1.35243E+00   1.84960E+02  1.38619E+00   1.86918E+02  1.41798E+00   1.88939E+02  1.44783E+00   1.91022E+02  1.47580E+00   1.93165E+02  1.50192E+00   1.95366E+02  1.52625E+00   1.97625E+02  1.54883E+00   1.99940E+02  1.56972E+00   2.02309E+02  1.58898E+00   2.04731E+02  1.60666E+00   2.07204E+02  1.62282E+00   2.09728E+02  1.63753E+00   2.12300E+02  1.65084E+00   2.14921E+02  1.66281E+00   2.17587E+02  1.67350E+00   2.20298E+02  1.68297E+00   2.23053E+02 
 1.71063E+00   4.12061E+01  1.70152E+00   3.84346E+01  1.69117E+00   3.57067E+01  1.67951E+00   3.30237E+01  1.66649E+00   3.03869E+01  1.65205E+00   2.77976E+01  1.63611E+00   2.52571E+01  1.61863E+00   2.27668E+01  1.59953E+00   2.03281E+01  1.57876E+00   1.79424E+01  1.55625E+00   1.56110E+01  1.53195E+00   1.33357E+01  1.50580E+00   1.11177E+01  1.47775E+00   8.95851E+00  1.44775E+00   6.85980E+00  1.41576E+00   4.82294E+00  1.38174E+00   2.84964E+00  1.34564E+00   9.41338E-01  1.30745E+00   3.59100E+02  1.26714E+00   3.57326E+02  1.22470E+00   3.55622E+02  1.18013E+00   3.53990E+02  1.13343E+00   3.52430E+02  1.08461E+00   3.50945E+02  1.03369E+00   3.49535E+02  9.80726E-01   3.48202E+02  9.25751E-01   3.46949E+02  8.68827E-01   3.45775E+02  8.10026E-01   3.44682E+02  7.49432E-01   3.43672E+02  6.87142E-01   3.42746E+02  6.23263E-01   3.41904E+02  5.57917E-01   3.41148E+02  4.91233E-01   3.40479E+02  4.23355E-01   3.39897E+02  3.54432E-01   3.39404E+02  2.84627E-01   3.38999E+02  2.14105E-01   3.38684E+02  1.43041E-01   3.38458E+02  7.16118E-02   3.38323E+02  2.17349E-07   9.07058E+01  7.16116E-02   1.58323E+02  1.43040E-01   1.58458E+02  2.14105E-01   1.58684E+02  2.84627E-01   1.58999E+02  3.54432E-01   1.59404E+02  4.23355E-01   1.59897E+02  4.91233E-01   1.60479E+02  5.57917E-01   1.61148E+02  6.23264E-01   1.61904E+02  6.87142E-01   1.62746E+02  7.49432E-01   1.63672E+02  8.10026E-01   1.64682E+02  8.68827E-01   1.65775E+02  9.25750E-01   1.66949E+02  9.80726E-01   1.68202E+02  1.03369E+00   1.69535E+02  1.08461E+00   1.70945E+02  1.13343E+00   1.72430E+02  1.18013E+00   1.73990E+02  1.22470E+00   1.75622E+02  1.26714E+00   1.77326E+02  1.30745E+00   1.79100E+02  1.34564E+00   1.80941E+02  1.38174E+00   1.82850E+02  1.41576E+00   1.84823E+02  1.44775E+00   1.86860E+02  1.47775E+00   1.88959E+02  1.50580E+00   1.91118E+02  1.53195E+00   1.93336E+02  1.55625E+00   1.95611E+02  1.57876E+00   1.97942E+02  1.59953E+00   2.00328E+02  1.61863E+00   2.02767E+02  1.63611E+00   2.05257E+02  1.65205E+00   2.07798E+02  1.66649E+00   2.10387E+02  1.67951E+00   2.13024E+02  1.69117E+00   2.15707E+02  1.70152E+00   2.18435E+02  1.71063E+00   2.21206E+02 
 1.73823E+00   3.94177E+01  1.72949E+00   3.66298E+01  1.71949E+00   3.38856E+01  1.70817E+00   3.11863E+01  1.69545E+00   2.85330E+01  1.68129E+00   2.59272E+01  1.66560E+00   2.33702E+01  1.64833E+00   2.08634E+01  1.62941E+00   1.84083E+01  1.60877E+00   1.60063E+01  1.58635E+00   1.36587E+01  1.56210E+00   1.13671E+01  1.53594E+00   9.13293E+00  1.50783E+00   6.95786E+00  1.47771E+00   4.84336E+00  1.44553E+00   2.79095E+00  1.41125E+00   8.02343E-01  1.37483E+00   3.58879E+02  1.33624E+00   3.57023E+02  1.29545E+00   3.55235E+02  1.25245E+00   3.53517E+02  1.20724E+00   3.51871E+02  1.15981E+00   3.50298E+02  1.11017E+00   3.48799E+02  1.05836E+00   3.47377E+02  1.00440E+00   3.46033E+02  9.48344E-01   3.44768E+02  8.90251E-01   3.43584E+02  8.30194E-01   3.42481E+02  7.68260E-01   3.41462E+02  7.04549E-01   3.40527E+02  6.39172E-01   3.39677E+02  5.72255E-01   3.38914E+02  5.03935E-01   3.38239E+02  4.34359E-01   3.37652E+02  3.63687E-01   3.37154E+02  2.92086E-01   3.36745E+02  2.19732E-01   3.36427E+02  1.46808E-01   3.36199E+02  7.35000E-02   3.36062E+02  3.43643E-07   1.28411E+02  7.35002E-02   1.56062E+02  1.46808E-01   1.56199E+02  2.19733E-01   1.56427E+02  2.92087E-01   1.56745E+02  3.63687E-01   1.57154E+02  4.34359E-01   1.57652E+02  5.03935E-01   1.58239E+02  5.72255E-01   1.58914E+02  6.39172E-01   1.59677E+02  7.04549E-01   1.60527E+02  7.68260E-01   1.61462E+02  8.30194E-01   1.62481E+02  8.90250E-01   1.63584E+02  9.48343E-01   1.64768E+02  1.00440E+00   1.66033E+02  1.05836E+00   1.67377E+02  1.11017E+00   1.68799E+02  1.15981E+00   1.70298E+02  1.20724E+00   1.71871E+02  1.25245E+00   1.73517E+02  1.29545E+00   1.75235E+02  1.33624E+00   1.77023E+02  1.37483E+00   1.78879E+02  1.41125E+00   1.80802E+02  1.44553E+00   1.82791E+02  1.47771E+00   1.84843E+02  1.50783E+00   1.86958E+02  1.53594E+00   1.89133E+02  1.56210E+00   1.91367E+02  1.58635E+00   1.93659E+02  1.60877E+00   1.96006E+02  1.62941E+00   1.98408E+02  1.64833E+00   2.00863E+02  1.66560E+00   2.03370E+02  1.68129E+00   2.05927E+02  1.69545E+00   2.08533E+02  1.70817E+00   2.11186E+02  1.71949E+00   2.13886E+02  1.72949E+00   2.16630E+02  1.73823E+00   2.19418E+02 
 1.76573E+00   3.76885E+01  1.75737E+00   3.48846E+01  1.74774E+00   3.21245E+01  1.73675E+00   2.94091E+01  1.72436E+00   2.67398E+01  1.71049E+00   2.41179E+01  1.69507E+00   2.15448E+01  1.67803E+00   1.90220E+01  1.65930E+00   1.65508E+01  1.63882E+00   1.41327E+01  1.61651E+00   1.17691E+01  1.59232E+00   9.46172E+00  1.56617E+00   7.21183E+00  1.53801E+00   5.02119E+00  1.50778E+00   2.89125E+00  1.47543E+00   8.23629E-01  1.44091E+00   3.58820E+02  1.40418E+00   3.56882E+02  1.36521E+00   3.55011E+02  1.32396E+00   3.53209E+02  1.28042E+00   3.51477E+02  1.23457E+00   3.49818E+02  1.18642E+00   3.48232E+02  1.13598E+00   3.46721E+02  1.08327E+00   3.45287E+02  1.02832E+00   3.43932E+02  9.71178E-01   3.42656E+02  9.11913E-01   3.41461E+02  8.50595E-01   3.40349E+02  7.87313E-01   3.39320E+02  7.22170E-01   3.38377E+02  6.55282E-01   3.37520E+02  5.86779E-01   3.36750E+02  5.16805E-01   3.36068E+02  4.45512E-01   3.35475E+02  3.73069E-01   3.34973E+02  2.99650E-01   3.34560E+02  2.25439E-01   3.34239E+02  1.50629E-01   3.34009E+02  7.54154E-02   3.33871E+02  2.09752E-07   1.11283E+02  7.54155E-02   1.53871E+02  1.50629E-01   1.54009E+02  2.25439E-01   1.54239E+02  2.99650E-01   1.54560E+02  3.73069E-01   1.54973E+02  4.45513E-01   1.55475E+02  5.16805E-01   1.56068E+02  5.86780E-01   1.56750E+02  6.55283E-01   1.57520E+02  7.22171E-01   1.58377E+02  7.87314E-01   1.59320E+02  8.50596E-01   1.60349E+02  9.11914E-01   1.61461E+02  9.71178E-01   1.62656E+02  1.02832E+00   1.63932E+02  1.08326E+00   1.65287E+02  1.13598E+00   1.66721E+02  1.18642E+00   1.68232E+02  1.23457E+00   1.69818E+02  1.28042E+00   1.71477E+02  1.32396E+00   1.73209E+02  1.36521E+00   1.75011E+02  1.40418E+00   1.76882E+02  1.44091E+00   1.78820E+02  1.47543E+00   1.80824E+02  1.50778E+00   1.82891E+02  1.53801E+00   1.85021E+02  1.56617E+00   1.87212E+02  1.59231E+00   1.89462E+02  1.61651E+00   1.91769E+02  1.63882E+00   1.94133E+02  1.65930E+00   1.96551E+02  1.67803E+00   1.99022E+02  1.69507E+00   2.01545E+02  1.71049E+00   2.04118E+02  1.72436E+00   2.06740E+02  1.73675E+00   2.09409E+02  1.74774E+00   2.12125E+02  1.75737E+00   2.14885E+02  1.76573E+00   2.17688E+02 
 1.79307E+00   3.60193E+01  1.78511E+00   3.32001E+01  1.77585E+00   3.04244E+01  1.76523E+00   2.76933E+01  1.75317E+00   2.50083E+01  1.73961E+00   2.23708E+01  1.72446E+00   1.97820E+01  1.70767E+00   1.72435E+01  1.68915E+00   1.47567E+01  1.66884E+00   1.23229E+01  1.64666E+00   9.94385E+00  1.62254E+00   7.62095E+00  1.59642E+00   5.35571E+00  1.56824E+00   3.14987E+00  1.53792E+00   1.00486E+00  1.50542E+00   3.58922E+02  1.47068E+00   3.56904E+02  1.43366E+00   3.54952E+02  1.39431E+00   3.53067E+02  1.35261E+00   3.51251E+02  1.30854E+00   3.49506E+02  1.26207E+00   3.47833E+02  1.21321E+00   3.46235E+02  1.16197E+00   3.44712E+02  1.10837E+00   3.43266E+02  1.05243E+00   3.41899E+02  9.94213E-01   3.40613E+02  9.33776E-01   3.39408E+02  8.71194E-01   3.38286E+02  8.06558E-01   3.37249E+02  7.39976E-01   3.36297E+02  6.71567E-01   3.35433E+02  6.01466E-01   3.34656E+02  5.29822E-01   3.33968E+02  4.56796E-01   3.33370E+02  3.82562E-01   3.32863E+02  3.07304E-01   3.32447E+02  2.31215E-01   3.32123E+02  1.54497E-01   3.31891E+02  7.73550E-02   3.31752E+02  4.82587E-07   3.31268E+02  7.73539E-02   1.51752E+02  1.54496E-01   1.51891E+02  2.31214E-01   1.52123E+02  3.07303E-01   1.52447E+02  3.82561E-01   1.52863E+02  4.56795E-01   1.53370E+02  5.29821E-01   1.53968E+02  6.01465E-01   1.54656E+02  6.71566E-01   1.55433E+02  7.39975E-01   1.56297E+02  8.06558E-01   1.57249E+02  8.71193E-01   1.58286E+02  9.33775E-01   1.59408E+02  9.94213E-01   1.60613E+02  1.05243E+00   1.61899E+02  1.10837E+00   1.63266E+02  1.16197E+00   1.64712E+02  1.21321E+00   1.66235E+02  1.26207E+00   1.67833E+02  1.30854E+00   1.69506E+02  1.35261E+00   1.71251E+02  1.39431E+00   1.73067E+02  1.43366E+00   1.74952E+02  1.47068E+00   1.76904E+02  1.50542E+00   1.78922E+02  1.53792E+00   1.81005E+02  1.56824E+00   1.83150E+02  1.59642E+00   1.85356E+02  1.62254E+00   1.87621E+02  1.64666E+00   1.89944E+02  1.66884E+00   1.92323E+02  1.68915E+00   1.94757E+02  1.70767E+00   1.97244E+02  1.72446E+00   1.99782E+02  1.73961E+00   2.02371E+02  1.75317E+00   2.05008E+02  1.76523E+00   2.07693E+02  1.77585E+00   2.10424E+02  1.78511E+00   2.13200E+02  1.79307E+00   2.16019E+02 
 1.82020E+00   3.44113E+01  1.81265E+00   3.15770E+01  1.80378E+00   2.87862E+01  1.79353E+00   2.60400E+01  1.78182E+00   2.33398E+01  1.76858E+00   2.06870E+01  1.75373E+00   1.80829E+01  1.73720E+00   1.55292E+01  1.71891E+00   1.30272E+01  1.69878E+00   1.05782E+01  1.67674E+00   8.18403E+00  1.65272E+00   5.84607E+00  1.62665E+00   3.56591E+00  1.59845E+00   1.34529E+00  1.56807E+00   3.59186E+02  1.53543E+00   3.57089E+02  1.50049E+00   3.55056E+02  1.46319E+00   3.53090E+02  1.42349E+00   3.51191E+02  1.38135E+00   3.49362E+02  1.33676E+00   3.47604E+02  1.28969E+00   3.45919E+02  1.24013E+00   3.44308E+02  1.18810E+00   3.42773E+02  1.13361E+00   3.41316E+02  1.07669E+00   3.39938E+02  1.01740E+00   3.38641E+02  9.55792E-01   3.37426E+02  8.91945E-01   3.36296E+02  8.25954E-01   3.35250E+02  7.57927E-01   3.34290E+02  6.87989E-01   3.33418E+02  6.16281E-01   3.32635E+02  5.42956E-01   3.31941E+02  4.68184E-01   3.31338E+02  3.92145E-01   3.30826E+02  3.15032E-01   3.30407E+02  2.37048E-01   3.30080E+02  1.58403E-01   3.29846E+02  7.93129E-02   3.29705E+02  2.68443E-07   3.38537E+02  7.93123E-02   1.49705E+02  1.58402E-01   1.49846E+02  2.37047E-01   1.50080E+02  3.15032E-01   1.50407E+02  3.92145E-01   1.50826E+02  4.68184E-01   1.51338E+02  5.42956E-01   1.51941E+02  6.16281E-01   1.52635E+02  6.87989E-01   1.53418E+02  7.57927E-01   1.54290E+02  8.25954E-01   1.55250E+02  8.91945E-01   1.56296E+02  9.55792E-01   1.57426E+02  1.01740E+00   1.58641E+02  1.07669E+00   1.59938E+02  1.13361E+00   1.61316E+02  1.18810E+00   1.62773E+02  1.24013E+00   1.64308E+02  1.28969E+00   1.65919E+02  1.33676E+00   1.67604E+02  1.38135E+00   1.69362E+02  1.42349E+00   1.71191E+02  1.46319E+00   1.73090E+02  1.50049E+00   1.75056E+02  1.53543E+00   1.77089E+02  1.56807E+00   1.79186E+02  1.59845E+00   1.81345E+02  1.62665E+00   1.83566E+02  1.65272E+00   1.85846E+02  1.67674E+00   1.88184E+02  1.69878E+00   1.90578E+02  1.71891E+00   1.93027E+02  1.73720E+00   1.95529E+02  1.75373E+00   1.98083E+02  1.76858E+00   2.00687E+02  1.78182E+00   2.03340E+02  1.79353E+00   2.06040E+02  1.80378E+00   2.08786E+02  1.81265E+00   2.11577E+02  1.82020E+00   2.14411E+02 
 1.84708E+00   3.28653E+01  1.83994E+00   3.00165E+01  1.83147E+00   2.72110E+01  1.82160E+00   2.44501E+01  1.81025E+00   2.17351E+01  1.79734E+00   1.90676E+01  1.78280E+00   1.64488E+01  1.76655E+00   1.38802E+01  1.74850E+00   1.13634E+01  1.72857E+00   8.89973E+00  1.70670E+00   6.49091E+00  1.68279E+00   4.13837E+00  1.65678E+00   1.84379E+00  1.62859E+00   3.59609E+02  1.59815E+00   3.57435E+02  1.56539E+00   3.55324E+02  1.53026E+00   3.53278E+02  1.49271E+00   3.51298E+02  1.45267E+00   3.49386E+02  1.41012E+00   3.47544E+02  1.36502E+00   3.45773E+02  1.31735E+00   3.44075E+02  1.26711E+00   3.42453E+02  1.21430E+00   3.40906E+02  1.15894E+00   3.39438E+02  1.10105E+00   3.38050E+02  1.04069E+00   3.36743E+02  9.77913E-01   3.35519E+02  9.12804E-01   3.34379E+02  8.45457E-01   3.33324E+02  7.75985E-01   3.32357E+02  7.04515E-01   3.31478E+02  6.31193E-01   3.30688E+02  5.56181E-01   3.29989E+02  4.79652E-01   3.29381E+02  4.01798E-01   3.28865E+02  3.22818E-01   3.28442E+02  2.42925E-01   3.28112E+02  1.62339E-01   3.27876E+02  8.12867E-02   3.27734E+02  7.50235E-07   3.28063E+02  8.12851E-02   1.47734E+02  1.62337E-01   1.47876E+02  2.42923E-01   1.48112E+02  3.22817E-01   1.48442E+02  4.01797E-01   1.48865E+02  4.79651E-01   1.49381E+02  5.56180E-01   1.49989E+02  6.31192E-01   1.50688E+02  7.04514E-01   1.51478E+02  7.75984E-01   1.52357E+02  8.45457E-01   1.53324E+02  9.12804E-01   1.54379E+02  9.77913E-01   1.55519E+02  1.04069E+00   1.56743E+02  1.10105E+00   1.58050E+02  1.15894E+00   1.59438E+02  1.21430E+00   1.60906E+02  1.26711E+00   1.62453E+02  1.31735E+00   1.64075E+02  1.36502E+00   1.65773E+02  1.41012E+00   1.67544E+02  1.45267E+00   1.69386E+02  1.49271E+00   1.71298E+02  1.53026E+00   1.73278E+02  1.56540E+00   1.75324E+02  1.59815E+00   1.77435E+02  1.62859E+00   1.79609E+02  1.65678E+00   1.81844E+02  1.68279E+00   1.84138E+02  1.70670E+00   1.86491E+02  1.72857E+00   1.88900E+02  1.74850E+00   1.91363E+02  1.76655E+00   1.93880E+02  1.78280E+00   1.96449E+02  1.79734E+00   1.99068E+02  1.81025E+00   2.01735E+02  1.82160E+00   2.04450E+02  1.83147E+00   2.07211E+02  1.83994E+00   2.10017E+02  1.84708E+00   2.12865E+02 
 1.87364E+00   3.13823E+01  1.86692E+00   2.85194E+01  1.85886E+00   2.56998E+01  1.84938E+00   2.29246E+01  1.83840E+00   2.01954E+01  1.82584E+00   1.75136E+01  1.81162E+00   1.48805E+01  1.79566E+00   1.22977E+01  1.77786E+00   9.76662E+00  1.75816E+00   7.28875E+00  1.73646E+00   4.86578E+00  1.71268E+00   2.49914E+00  1.68675E+00   1.90602E-01  1.65858E+00   3.57942E+02  1.62810E+00   3.55754E+02  1.59525E+00   3.53630E+02  1.55995E+00   3.51570E+02  1.52215E+00   3.49577E+02  1.48179E+00   3.47652E+02  1.43883E+00   3.45798E+02  1.39325E+00   3.44015E+02  1.34500E+00   3.42305E+02  1.29409E+00   3.40671E+02  1.24052E+00   3.39113E+02  1.18429E+00   3.37635E+02  1.12544E+00   3.36236E+02  1.06402E+00   3.34919E+02  1.00008E+00   3.33686E+02  9.33718E-01   3.32537E+02  8.65019E-01   3.31475E+02  7.94103E-01   3.30500E+02  7.21101E-01   3.29614E+02  6.46164E-01   3.28818E+02  5.69461E-01   3.28113E+02  4.91172E-01   3.27500E+02  4.11495E-01   3.26980E+02  3.30641E-01   3.26554E+02  2.48830E-01   3.26221E+02  1.66294E-01   3.25984E+02  8.32694E-02   3.25841E+02  2.07890E-07   3.25916E+02  8.32690E-02   1.45841E+02  1.66293E-01   1.45983E+02  2.48829E-01   1.46221E+02  3.30640E-01   1.46554E+02  4.11495E-01   1.46980E+02  4.91171E-01   1.47500E+02  5.69460E-01   1.48113E+02  6.46164E-01   1.48818E+02  7.21100E-01   1.49614E+02  7.94102E-01   1.50500E+02  8.65018E-01   1.51475E+02  9.33717E-01   1.52537E+02  1.00008E+00   1.53686E+02  1.06402E+00   1.54919E+02  1.12544E+00   1.56236E+02  1.18429E+00   1.57635E+02  1.24052E+00   1.59113E+02  1.29409E+00   1.60671E+02  1.34500E+00   1.62305E+02  1.39325E+00   1.64015E+02  1.43884E+00   1.65798E+02  1.48179E+00   1.67652E+02  1.52215E+00   1.69577E+02  1.55995E+00   1.71570E+02  1.59525E+00   1.73630E+02  1.62810E+00   1.75754E+02  1.65858E+00   1.77942E+02  1.68675E+00   1.80191E+02  1.71268E+00   1.82499E+02  1.73646E+00   1.84866E+02  1.75816E+00   1.87289E+02  1.77786E+00   1.89767E+02  1.79566E+00   1.92298E+02  1.81162E+00   1.94881E+02  1.82584E+00   1.97514E+02  1.83840E+00   2.00195E+02  1.84938E+00   2.02925E+02  1.85886E+00   2.05700E+02  1.86692E+00   2.08519E+02  1.87364E+00   2.11382E+02 
 1.89983E+00   2.99631E+01  1.89354E+00   2.70867E+01  1.88589E+00   2.42534E+01  1.87681E+00   2.14645E+01  1.86621E+00   1.87217E+01  1.85401E+00   1.60261E+01  1.84012E+00   1.33793E+01  1.82446E+00   1.07828E+01  1.80693E+00   8.23792E+00  1.78746E+00   5.74639E+00  1.76595E+00   3.30979E+00  1.74231E+00   9.29604E-01  1.71647E+00   3.58608E+02  1.68835E+00   3.56345E+02  1.65785E+00   3.54145E+02  1.62491E+00   3.52007E+02  1.58946E+00   3.49935E+02  1.55143E+00   3.47929E+02  1.51077E+00   3.45992E+02  1.46743E+00   3.44125E+02  1.42137E+00   3.42331E+02  1.37257E+00   3.40610E+02  1.32100E+00   3.38964E+02  1.26667E+00   3.37396E+02  1.20959E+00   3.35907E+02  1.14980E+00   3.34499E+02  1.08732E+00   3.33172E+02  1.02224E+00   3.31930E+02  9.54629E-01   3.30773E+02  8.84586E-01   3.29703E+02  8.12232E-01   3.28721E+02  7.37702E-01   3.27828E+02  6.61154E-01   3.27026E+02  5.82761E-01   3.26316E+02  5.02711E-01   3.25699E+02  4.21211E-01   3.25174E+02  3.38480E-01   3.24745E+02  2.54749E-01   3.24410E+02  1.70259E-01   3.24170E+02  8.52576E-02   3.24026E+02  3.12993E-07   3.48120E+02  8.52568E-02   1.44026E+02  1.70258E-01   1.44170E+02  2.54748E-01   1.44410E+02  3.38479E-01   1.44745E+02  4.21210E-01   1.45174E+02  5.02710E-01   1.45699E+02  5.82760E-01   1.46316E+02  6.61154E-01   1.47026E+02  7.37702E-01   1.47828E+02  8.12231E-01   1.48721E+02  8.84586E-01   1.49703E+02  9.54629E-01   1.50773E+02  1.02224E+00   1.51930E+02  1.08733E+00   1.53172E+02  1.14980E+00   1.54499E+02  1.20959E+00   1.55907E+02  1.26667E+00   1.57396E+02  1.32100E+00   1.58964E+02  1.37257E+00   1.60610E+02  1.42137E+00   1.62331E+02  1.46743E+00   1.64125E+02  1.51077E+00   1.65992E+02  1.55143E+00   1.67929E+02  1.58946E+00   1.69935E+02  1.62491E+00   1.72007E+02  1.65785E+00   1.74145E+02  1.68835E+00   1.76345E+02  1.71648E+00   1.78608E+02  1.74232E+00   1.80930E+02  1.76595E+00   1.83310E+02  1.78746E+00   1.85746E+02  1.80693E+00   1.88238E+02  1.82446E+00   1.90783E+02  1.84012E+00   1.93379E+02  1.85401E+00   1.96026E+02  1.86621E+00   1.98722E+02  1.87681E+00   2.01465E+02  1.88589E+00   2.04253E+02  1.89354E+00   2.07087E+02  1.89983E+00   2.09963E+02 
 1.92559E+00   2.86087E+01  1.91973E+00   2.57193E+01  1.91251E+00   2.28729E+01  1.90383E+00   2.00709E+01  1.89362E+00   1.73149E+01  1.88178E+00   1.46062E+01  1.86823E+00   1.19462E+01  1.85288E+00   9.33645E+00  1.83563E+00   6.77844E+00  1.81640E+00   4.27381E+00  1.79509E+00   1.82414E+00  1.77162E+00   3.59431E+02  1.74589E+00   3.57096E+02  1.71781E+00   3.54821E+02  1.68731E+00   3.52608E+02  1.65431E+00   3.50458E+02  1.61872E+00   3.48373E+02  1.58048E+00   3.46356E+02  1.53954E+00   3.44407E+02  1.49583E+00   3.42528E+02  1.44931E+00   3.40722E+02  1.39996E+00   3.38990E+02  1.34776E+00   3.37334E+02  1.29269E+00   3.35756E+02  1.23478E+00   3.34257E+02  1.17405E+00   3.32839E+02  1.11055E+00   3.31504E+02  1.04433E+00   3.30253E+02  9.75479E-01   3.29088E+02  9.04102E-01   3.28010E+02  8.30319E-01   3.27021E+02  7.54271E-01   3.26122E+02  6.76118E-01   3.25315E+02  5.96041E-01   3.24599E+02  5.14236E-01   3.23977E+02  4.30917E-01   3.23449E+02  3.46312E-01   3.23016E+02  2.60662E-01   3.22679E+02  1.74220E-01   3.22437E+02  8.72438E-02   3.22293E+02  2.13509E-07   9.43466E+01  8.72439E-02   1.42292E+02  1.74220E-01   1.42438E+02  2.60662E-01   1.42679E+02  3.46312E-01   1.43016E+02  4.30917E-01   1.43449E+02  5.14235E-01   1.43977E+02  5.96041E-01   1.44599E+02  6.76118E-01   1.45315E+02  7.54270E-01   1.46122E+02  8.30318E-01   1.47021E+02  9.04101E-01   1.48010E+02  9.75478E-01   1.49088E+02  1.04433E+00   1.50253E+02  1.11055E+00   1.51504E+02  1.17405E+00   1.52839E+02  1.23478E+00   1.54257E+02  1.29269E+00   1.55756E+02  1.34776E+00   1.57334E+02  1.39996E+00   1.58990E+02  1.44931E+00   1.60722E+02  1.49583E+00   1.62528E+02  1.53954E+00   1.64407E+02  1.58048E+00   1.66356E+02  1.61872E+00   1.68373E+02  1.65430E+00   1.70458E+02  1.68731E+00   1.72608E+02  1.71781E+00   1.74821E+02  1.74589E+00   1.77096E+02  1.77162E+00   1.79431E+02  1.79509E+00   1.81824E+02  1.81640E+00   1.84274E+02  1.83563E+00   1.86778E+02  1.85288E+00   1.89336E+02  1.86823E+00   1.91946E+02  1.88179E+00   1.94606E+02  1.89362E+00   1.97315E+02  1.90383E+00   2.00071E+02  1.91251E+00   2.02873E+02  1.91973E+00   2.05719E+02  1.92559E+00   2.08609E+02 
 1.95086E+00   2.73198E+01  1.94544E+00   2.44180E+01  1.93864E+00   2.15591E+01  1.93038E+00   1.87446E+01  1.92056E+00   1.59760E+01  1.90909E+00   1.32547E+01  1.89589E+00   1.05821E+01  1.88085E+00   7.95984E+00  1.86390E+00   5.38925E+00  1.84492E+00   2.87211E+00  1.82382E+00   4.09963E-01  1.80051E+00   3.58004E+02  1.77490E+00   3.55657E+02  1.74690E+00   3.53370E+02  1.71641E+00   3.51145E+02  1.68335E+00   3.48983E+02  1.64764E+00   3.46887E+02  1.60921E+00   3.44857E+02  1.56800E+00   3.42897E+02  1.52394E+00   3.41008E+02  1.47699E+00   3.39191E+02  1.42711E+00   3.37448E+02  1.37428E+00   3.35782E+02  1.31850E+00   3.34194E+02  1.25978E+00   3.32686E+02  1.19813E+00   3.31259E+02  1.13361E+00   3.29915E+02  1.06627E+00   3.28656E+02  9.96200E-01   3.27483E+02  9.23505E-01   3.26399E+02  8.48308E-01   3.25403E+02  7.70754E-01   3.24498E+02  6.91009E-01   3.23685E+02  6.09259E-01   3.22964E+02  5.25709E-01   3.22338E+02  4.40581E-01   3.21806E+02  3.54112E-01   3.21370E+02  2.66553E-01   3.21031E+02  1.78166E-01   3.20788E+02  8.92228E-02   3.20642E+02  4.08989E-09   2.43765E+01  8.92229E-02   1.40642E+02  1.78166E-01   1.40788E+02  2.66553E-01   1.41031E+02  3.54112E-01   1.41370E+02  4.40581E-01   1.41806E+02  5.25709E-01   1.42338E+02  6.09259E-01   1.42964E+02  6.91009E-01   1.43685E+02  7.70753E-01   1.44498E+02  8.48307E-01   1.45403E+02  9.23504E-01   1.46399E+02  9.96199E-01   1.47483E+02  1.06627E+00   1.48656E+02  1.13361E+00   1.49915E+02  1.19813E+00   1.51259E+02  1.25978E+00   1.52686E+02  1.31850E+00   1.54194E+02  1.37428E+00   1.55782E+02  1.42711E+00   1.57448E+02  1.47699E+00   1.59191E+02  1.52394E+00   1.61008E+02  1.56800E+00   1.62897E+02  1.60921E+00   1.64857E+02  1.64764E+00   1.66887E+02  1.68335E+00   1.68983E+02  1.71641E+00   1.71145E+02  1.74690E+00   1.73370E+02  1.77491E+00   1.75657E+02  1.80052E+00   1.78004E+02  1.82382E+00   1.80410E+02  1.84492E+00   1.82872E+02  1.86389E+00   1.85389E+02  1.88085E+00   1.87960E+02  1.89589E+00   1.90582E+02  1.90909E+00   1.93255E+02  1.92056E+00   1.95976E+02  1.93038E+00   1.98745E+02  1.93864E+00   2.01559E+02  1.94544E+00   2.04418E+02  1.95086E+00   2.07320E+02 
 1.97558E+00   2.60974E+01  1.97060E+00   2.31837E+01  1.96423E+00   2.03129E+01  1.95638E+00   1.74865E+01  1.94695E+00   1.47060E+01  1.93586E+00   1.19727E+01  1.92301E+00   9.28816E+00  1.90830E+00   6.65389E+00  1.89164E+00   4.07137E+00  1.87292E+00   1.54235E+00  1.85205E+00   3.59068E+02  1.82892E+00   3.56651E+02  1.80344E+00   3.54292E+02  1.77552E+00   3.51994E+02  1.74505E+00   3.49757E+02  1.71196E+00   3.47584E+02  1.67614E+00   3.45476E+02  1.63754E+00   3.43436E+02  1.59607E+00   3.41465E+02  1.55168E+00   3.39565E+02  1.50431E+00   3.37738E+02  1.45392E+00   3.35986E+02  1.40049E+00   3.34310E+02  1.34402E+00   3.32712E+02  1.28449E+00   3.31195E+02  1.22195E+00   3.29759E+02  1.15643E+00   3.28408E+02  1.08799E+00   3.27141E+02  1.01672E+00   3.25961E+02  9.42729E-01   3.24869E+02  8.66136E-01   3.23867E+02  7.87094E-01   3.22957E+02  7.05775E-01   3.22138E+02  6.22371E-01   3.21413E+02  5.37092E-01   3.20783E+02  4.50171E-01   3.20248E+02  3.61853E-01   3.19809E+02  2.72399E-01   3.19467E+02  1.82084E-01   3.19222E+02  9.11875E-02   3.19075E+02  1.81631E-07   1.39028E+02  9.11877E-02   1.39075E+02  1.82084E-01   1.39222E+02  2.72400E-01   1.39467E+02  3.61853E-01   1.39809E+02  4.50171E-01   1.40248E+02  5.37092E-01   1.40783E+02  6.22371E-01   1.41413E+02  7.05775E-01   1.42138E+02  7.87094E-01   1.42957E+02  8.66135E-01   1.43867E+02  9.42728E-01   1.44869E+02  1.01672E+00   1.45961E+02  1.08799E+00   1.47141E+02  1.15643E+00   1.48408E+02  1.22195E+00   1.49759E+02  1.28449E+00   1.51195E+02  1.34402E+00   1.52712E+02  1.40049E+00   1.54310E+02  1.45392E+00   1.55986E+02  1.50431E+00   1.57738E+02  1.55168E+00   1.59565E+02  1.59607E+00   1.61465E+02  1.63754E+00   1.63436E+02  1.67614E+00   1.65476E+02  1.71195E+00   1.67584E+02  1.74505E+00   1.69757E+02  1.77552E+00   1.71994E+02  1.80344E+00   1.74292E+02  1.82892E+00   1.76651E+02  1.85205E+00   1.79068E+02  1.87292E+00   1.81542E+02  1.89164E+00   1.84071E+02  1.90830E+00   1.86654E+02  1.92301E+00   1.89288E+02  1.93586E+00   1.91973E+02  1.94695E+00   1.94706E+02  1.95637E+00   1.97487E+02  1.96423E+00   2.00313E+02  1.97060E+00   2.03184E+02  1.97558E+00   2.06097E+02 
 1.99969E+00   2.49421E+01  1.99514E+00   2.20172E+01  1.98920E+00   1.91351E+01  1.98176E+00   1.62975E+01  1.97273E+00   1.35057E+01  1.96202E+00   1.07610E+01  1.94952E+00   8.06519E+00  1.93514E+00   5.41961E+00  1.91878E+00   2.82582E+00  1.90033E+00   2.85549E-01  1.87969E+00   3.57800E+02  1.85675E+00   3.55372E+02  1.83142E+00   3.53002E+02  1.80358E+00   3.50692E+02  1.77315E+00   3.48445E+02  1.74003E+00   3.46261E+02  1.70413E+00   3.44143E+02  1.66536E+00   3.42093E+02  1.62366E+00   3.40111E+02  1.57895E+00   3.38202E+02  1.53118E+00   3.36365E+02  1.48031E+00   3.34603E+02  1.42630E+00   3.32918E+02  1.36915E+00   3.31312E+02  1.30885E+00   3.29786E+02  1.24543E+00   3.28342E+02  1.17894E+00   3.26983E+02  1.10942E+00   3.25709E+02  1.03698E+00   3.24522E+02  9.61704E-01   3.23424E+02  8.83740E-01   3.22416E+02  8.03234E-01   3.21500E+02  7.20363E-01   3.20677E+02  6.35327E-01   3.19947E+02  5.48343E-01   3.19313E+02  4.59650E-01   3.18774E+02  3.69506E-01   3.18333E+02  2.78180E-01   3.17989E+02  1.85957E-01   3.17743E+02  9.31300E-02   3.17595E+02  4.22036E-07   1.42264E+02  9.31307E-02   1.37595E+02  1.85958E-01   1.37743E+02  2.78181E-01   1.37989E+02  3.69507E-01   1.38333E+02  4.59651E-01   1.38774E+02  5.48343E-01   1.39313E+02  6.35327E-01   1.39947E+02  7.20364E-01   1.40677E+02  8.03234E-01   1.41500E+02  8.83740E-01   1.42416E+02  9.61704E-01   1.43424E+02  1.03698E+00   1.44522E+02  1.10942E+00   1.45709E+02  1.17893E+00   1.46983E+02  1.24543E+00   1.48342E+02  1.30885E+00   1.49786E+02  1.36915E+00   1.51312E+02  1.42630E+00   1.52918E+02  1.48031E+00   1.54603E+02  1.53118E+00   1.56365E+02  1.57895E+00   1.58202E+02  1.62366E+00   1.60111E+02  1.66536E+00   1.62093E+02  1.70413E+00   1.64143E+02  1.74003E+00   1.66261E+02  1.77315E+00   1.68445E+02  1.80358E+00   1.70692E+02  1.83142E+00   1.73002E+02  1.85675E+00   1.75372E+02  1.87969E+00   1.77800E+02  1.90033E+00   1.80286E+02  1.91878E+00   1.82826E+02  1.93514E+00   1.85420E+02  1.94952E+00   1.88065E+02  1.96202E+00   1.90761E+02  1.97273E+00   1.93506E+02  1.98176E+00   1.96298E+02  1.98920E+00   1.99135E+02  1.99514E+00   2.02017E+02  1.99969E+00   2.04942E+02 
 2.02312E+00   2.38547E+01  2.01901E+00   2.09192E+01  2.01349E+00   1.80266E+01  2.00646E+00   1.51784E+01  1.99783E+00   1.23759E+01  1.98749E+00   9.62062E+00  1.97535E+00   6.91413E+00  1.96131E+00   4.25790E+00  1.94525E+00   1.65350E+00  1.92707E+00   3.59103E+02  1.90666E+00   3.56607E+02  1.88392E+00   3.54168E+02  1.85873E+00   3.51788E+02  1.83100E+00   3.49468E+02  1.80062E+00   3.47210E+02  1.76749E+00   3.45017E+02  1.73151E+00   3.42889E+02  1.69260E+00   3.40828E+02  1.65067E+00   3.38838E+02  1.60567E+00   3.36919E+02  1.55752E+00   3.35073E+02  1.50617E+00   3.33302E+02  1.45161E+00   3.31609E+02  1.39380E+00   3.29994E+02  1.33275E+00   3.28460E+02  1.26849E+00   3.27009E+02  1.20104E+00   3.25642E+02  1.13048E+00   3.24361E+02  1.05688E+00   3.23168E+02  9.80360E-01   3.22064E+02  9.01051E-01   3.21051E+02  8.19110E-01   3.20129E+02  7.34717E-01   3.19301E+02  6.48077E-01   3.18568E+02  5.59417E-01   3.17930E+02  4.68983E-01   3.17388E+02  3.77041E-01   3.16944E+02  2.83872E-01   3.16598E+02  1.89772E-01   3.16351E+02  9.50435E-02   3.16202E+02  2.13956E-07   1.11414E+02  9.50437E-02   1.36202E+02  1.89772E-01   1.36350E+02  2.83873E-01   1.36598E+02  3.77042E-01   1.36944E+02  4.68984E-01   1.37388E+02  5.59417E-01   1.37930E+02  6.48077E-01   1.38568E+02  7.34717E-01   1.39301E+02  8.19110E-01   1.40129E+02  9.01051E-01   1.41051E+02  9.80360E-01   1.42064E+02  1.05688E+00   1.43168E+02  1.13048E+00   1.44361E+02  1.20104E+00   1.45642E+02  1.26849E+00   1.47009E+02  1.33275E+00   1.48460E+02  1.39380E+00   1.49994E+02  1.45161E+00   1.51609E+02  1.50617E+00   1.53302E+02  1.55752E+00   1.55073E+02  1.60567E+00   1.56919E+02  1.65067E+00   1.58838E+02  1.69260E+00   1.60828E+02  1.73151E+00   1.62889E+02  1.76749E+00   1.65017E+02  1.80062E+00   1.67210E+02  1.83100E+00   1.69468E+02  1.85873E+00   1.71788E+02  1.88392E+00   1.74168E+02  1.90666E+00   1.76607E+02  1.92707E+00   1.79103E+02  1.94525E+00   1.81654E+02  1.96130E+00   1.84258E+02  1.97535E+00   1.86914E+02  1.98749E+00   1.89621E+02  1.99783E+00   1.92376E+02  2.00646E+00   1.95178E+02  2.01349E+00   1.98027E+02  2.01901E+00   2.00919E+02  2.02312E+00   2.03855E+02 
 2.04582E+00   2.28360E+01  2.04214E+00   1.98906E+01  2.03704E+00   1.69880E+01  2.03041E+00   1.41299E+01  2.02217E+00   1.13175E+01  2.01221E+00   8.55225E+00  2.00042E+00   5.83581E+00  1.98671E+00   3.16964E+00  1.97095E+00   5.55333E-01  1.95305E+00   3.57995E+02  1.93288E+00   3.55489E+02  1.91034E+00   3.53040E+02  1.88531E+00   3.50651E+02  1.85769E+00   3.48321E+02  1.82736E+00   3.46054E+02  1.79422E+00   3.43851E+02  1.75818E+00   3.41714E+02  1.71914E+00   3.39644E+02  1.67701E+00   3.37645E+02  1.63172E+00   3.35717E+02  1.58321E+00   3.33863E+02  1.53142E+00   3.32084E+02  1.47632E+00   3.30383E+02  1.41789E+00   3.28760E+02  1.35611E+00   3.27219E+02  1.29102E+00   3.25761E+02  1.22266E+00   3.24387E+02  1.15107E+00   3.23100E+02  1.07636E+00   3.21901E+02  9.98620E-01   3.20791E+02  9.18000E-01   3.19772E+02  8.34657E-01   3.18846E+02  7.48776E-01   3.18014E+02  6.60569E-01   3.17277E+02  5.70268E-01   3.16635E+02  4.78129E-01   3.16091E+02  3.84427E-01   3.15644E+02  2.89452E-01   3.15296E+02  1.93511E-01   3.15048E+02  9.69190E-02   3.14898E+02  4.96639E-07   1.35427E+02  9.69199E-02   1.34898E+02  1.93512E-01   1.35047E+02  2.89453E-01   1.35296E+02  3.84428E-01   1.35644E+02  4.78130E-01   1.36091E+02  5.70269E-01   1.36635E+02  6.60569E-01   1.37277E+02  7.48777E-01   1.38014E+02  8.34657E-01   1.38846E+02  9.18001E-01   1.39772E+02  9.98621E-01   1.40791E+02  1.07636E+00   1.41901E+02  1.15107E+00   1.43100E+02  1.22266E+00   1.44387E+02  1.29102E+00   1.45761E+02  1.35611E+00   1.47219E+02  1.41788E+00   1.48760E+02  1.47632E+00   1.50383E+02  1.53142E+00   1.52084E+02  1.58321E+00   1.53863E+02  1.63173E+00   1.55717E+02  1.67701E+00   1.57645E+02  1.71914E+00   1.59644E+02  1.75818E+00   1.61714E+02  1.79422E+00   1.63851E+02  1.82736E+00   1.66054E+02  1.85769E+00   1.68321E+02  1.88531E+00   1.70651E+02  1.91034E+00   1.73041E+02  1.93288E+00   1.75489E+02  1.95305E+00   1.77995E+02  1.97095E+00   1.80555E+02  1.98671E+00   1.83170E+02  2.00042E+00   1.85836E+02  2.01221E+00   1.88552E+02  2.02217E+00   1.91317E+02  2.03041E+00   1.94130E+02  2.03703E+00   1.96988E+02  2.04214E+00   1.99891E+02  2.04583E+00   2.02836E+02 
 2.06773E+00   2.18865E+01  2.06446E+00   1.89320E+01  2.05977E+00   1.60202E+01  2.05354E+00   1.31528E+01  2.04568E+00   1.03312E+01  2.03609E+00   7.55670E+00  2.02466E+00   4.83104E+00  2.01127E+00   2.15563E+00  1.99582E+00   3.59532E+02  1.97818E+00   3.56962E+02  1.95826E+00   3.54448E+02  1.93592E+00   3.51990E+02  1.91105E+00   3.49591E+02  1.88354E+00   3.47253E+02  1.85328E+00   3.44977E+02  1.82015E+00   3.42765E+02  1.78405E+00   3.40619E+02  1.74489E+00   3.38542E+02  1.70258E+00   3.36534E+02  1.65703E+00   3.34598E+02  1.60817E+00   3.32736E+02  1.55596E+00   3.30950E+02  1.50034E+00   3.29241E+02  1.44130E+00   3.27612E+02  1.37883E+00   3.26064E+02  1.31295E+00   3.24599E+02  1.24369E+00   3.23219E+02  1.17112E+00   3.21926E+02  1.09532E+00   3.20721E+02  1.01641E+00   3.19606E+02  9.34514E-01   3.18583E+02  8.49809E-01   3.17652E+02  7.62481E-01   3.16816E+02  6.72748E-01   3.16075E+02  5.80850E-01   3.15430E+02  4.87050E-01   3.14883E+02  3.91632E-01   3.14435E+02  2.94896E-01   3.14085E+02  1.97160E-01   3.13835E+02  9.87492E-02   3.13685E+02  2.51297E-07   1.10870E+02  9.87497E-02   1.33684E+02  1.97160E-01   1.33835E+02  2.94897E-01   1.34085E+02  3.91632E-01   1.34435E+02  4.87050E-01   1.34883E+02  5.80850E-01   1.35430E+02  6.72748E-01   1.36075E+02  7.62481E-01   1.36816E+02  8.49809E-01   1.37652E+02  9.34515E-01   1.38583E+02  1.01641E+00   1.39606E+02  1.09532E+00   1.40721E+02  1.17112E+00   1.41926E+02  1.24369E+00   1.43219E+02  1.31295E+00   1.44599E+02  1.37883E+00   1.46064E+02  1.44130E+00   1.47612E+02  1.50034E+00   1.49241E+02  1.55596E+00   1.50950E+02  1.60817E+00   1.52736E+02  1.65703E+00   1.54598E+02  1.70258E+00   1.56534E+02  1.74489E+00   1.58542E+02  1.78405E+00   1.60619E+02  1.82015E+00   1.62765E+02  1.85328E+00   1.64977E+02  1.88354E+00   1.67253E+02  1.91105E+00   1.69591E+02  1.93592E+00   1.71990E+02  1.95826E+00   1.74448E+02  1.97819E+00   1.76962E+02  1.99582E+00   1.79532E+02  2.01127E+00   1.82156E+02  2.02465E+00   1.84831E+02  2.03609E+00   1.87557E+02  2.04568E+00   1.90331E+02  2.05354E+00   1.93153E+02  2.05976E+00   1.96020E+02  2.06446E+00   1.98932E+02  2.06773E+00   2.01886E+02 
 2.08877E+00   2.10070E+01  2.08591E+00   1.80439E+01  2.08162E+00   1.51237E+01  2.07578E+00   1.22479E+01  2.06829E+00   9.41767E+00  2.05907E+00   6.63469E+00  2.04798E+00   3.90053E+00  2.03491E+00   1.21664E+00  2.01976E+00   3.58585E+02  2.00239E+00   3.56006E+02  1.98270E+00   3.53483E+02  1.96057E+00   3.51018E+02  1.93586E+00   3.48610E+02  1.90847E+00   3.46264E+02  1.87828E+00   3.43980E+02  1.84516E+00   3.41760E+02  1.80903E+00   3.39607E+02  1.76976E+00   3.37521E+02  1.72727E+00   3.35506E+02  1.68147E+00   3.33563E+02  1.63229E+00   3.31694E+02  1.57967E+00   3.29900E+02  1.52357E+00   3.28185E+02  1.46395E+00   3.26549E+02  1.40082E+00   3.24995E+02  1.33418E+00   3.23524E+02  1.26406E+00   3.22138E+02  1.19054E+00   3.20840E+02  1.11370E+00   3.19630E+02  1.03364E+00   3.18510E+02  9.50519E-01   3.17483E+02  8.64496E-01   3.16548E+02  7.75768E-01   3.15708E+02  6.84558E-01   3.14964E+02  5.91112E-01   3.14316E+02  4.95702E-01   3.13767E+02  3.98620E-01   3.13316E+02  3.00177E-01   3.12965E+02  2.00699E-01   3.12714E+02  1.00525E-01   3.12563E+02  4.80165E-07   1.09459E+02  1.00525E-01   1.32563E+02  2.00700E-01   1.32714E+02  3.00178E-01   1.32965E+02  3.98621E-01   1.33316E+02  4.95703E-01   1.33767E+02  5.91113E-01   1.34316E+02  6.84559E-01   1.34964E+02  7.75769E-01   1.35708E+02  8.64497E-01   1.36548E+02  9.50520E-01   1.37482E+02  1.03364E+00   1.38510E+02  1.11370E+00   1.39630E+02  1.19054E+00   1.40840E+02  1.26406E+00   1.42138E+02  1.33418E+00   1.43524E+02  1.40082E+00   1.44995E+02  1.46395E+00   1.46549E+02  1.52357E+00   1.48185E+02  1.57967E+00   1.49900E+02  1.63229E+00   1.51694E+02  1.68147E+00   1.53563E+02  1.72727E+00   1.55506E+02  1.76976E+00   1.57521E+02  1.80903E+00   1.59607E+02  1.84516E+00   1.61760E+02  1.87828E+00   1.63980E+02  1.90847E+00   1.66264E+02  1.93586E+00   1.68610E+02  1.96057E+00   1.71018E+02  1.98271E+00   1.73483E+02  2.00240E+00   1.76006E+02  2.01976E+00   1.78585E+02  2.03491E+00   1.81217E+02  2.04797E+00   1.83900E+02  2.05907E+00   1.86635E+02  2.06830E+00   1.89418E+02  2.07578E+00   1.92248E+02  2.08161E+00   1.95124E+02  2.08591E+00   1.98044E+02  2.08877E+00   2.01007E+02 
 2.10890E+00   2.01980E+01  2.10643E+00   1.72272E+01  2.10252E+00   1.42992E+01  2.09706E+00   1.14156E+01  2.08994E+00   8.57762E+00  2.08106E+00   5.78688E+00  2.07030E+00   3.04497E+00  2.05755E+00   3.53354E-01  2.04269E+00   3.57714E+02  2.02559E+00   3.55128E+02  2.00614E+00   3.52597E+02  1.98420E+00   3.50124E+02  1.95966E+00   3.47709E+02  1.93239E+00   3.45355E+02  1.90226E+00   3.43064E+02  1.86917E+00   3.40837E+02  1.83300E+00   3.38677E+02  1.79364E+00   3.36584E+02  1.75099E+00   3.34562E+02  1.70496E+00   3.32612E+02  1.65548E+00   3.30737E+02  1.60248E+00   3.28937E+02  1.54591E+00   3.27215E+02  1.48574E+00   3.25573E+02  1.42197E+00   3.24014E+02  1.35460E+00   3.22537E+02  1.28367E+00   3.21147E+02  1.20924E+00   3.19843E+02  1.13139E+00   3.18629E+02  1.05024E+00   3.17505E+02  9.65939E-01   3.16473E+02  8.78650E-01   3.15535E+02  7.88575E-01   3.14692E+02  6.95943E-01   3.13945E+02  6.01007E-01   3.13295E+02  5.04046E-01   3.12743E+02  4.05360E-01   3.12291E+02  3.05271E-01   3.11938E+02  2.04114E-01   3.11686E+02  1.02237E-01   3.11534E+02  2.07526E-07   1.16163E+02  1.02238E-01   1.31534E+02  2.04114E-01   1.31686E+02  3.05271E-01   1.31938E+02  4.05361E-01   1.32291E+02  5.04046E-01   1.32743E+02  6.01007E-01   1.33295E+02  6.95944E-01   1.33945E+02  7.88576E-01   1.34692E+02  8.78651E-01   1.35535E+02  9.65940E-01   1.36473E+02  1.05024E+00   1.37505E+02  1.13139E+00   1.38629E+02  1.20924E+00   1.39843E+02  1.28367E+00   1.41147E+02  1.35460E+00   1.42537E+02  1.42197E+00   1.44014E+02  1.48574E+00   1.45574E+02  1.54591E+00   1.47215E+02  1.60248E+00   1.48937E+02  1.65548E+00   1.50737E+02  1.70496E+00   1.52612E+02  1.75099E+00   1.54562E+02  1.79364E+00   1.56584E+02  1.83300E+00   1.58677E+02  1.86917E+00   1.60837E+02  1.90226E+00   1.63064E+02  1.93238E+00   1.65355E+02  1.95966E+00   1.67709E+02  1.98420E+00   1.70124E+02  2.00614E+00   1.72597E+02  2.02559E+00   1.75128E+02  2.04269E+00   1.77714E+02  2.05755E+00   1.80353E+02  2.07030E+00   1.83045E+02  2.08106E+00   1.85787E+02  2.08994E+00   1.88578E+02  2.09706E+00   1.91416E+02  2.10252E+00   1.94299E+02  2.10643E+00   1.97227E+02  2.10890E+00   2.00198E+02 
 2.12804E+00   1.94600E+01  2.12595E+00   1.64822E+01  2.12241E+00   1.35472E+01  2.11731E+00   1.06566E+01  2.11054E+00   7.81161E+00  2.10200E+00   5.01389E+00  2.09157E+00   2.26500E+00  2.07912E+00   3.59566E+02  2.06454E+00   3.56920E+02  2.04770E+00   3.54327E+02  2.02847E+00   3.51790E+02  2.00673E+00   3.49309E+02  1.98234E+00   3.46888E+02  1.95519E+00   3.44528E+02  1.92514E+00   3.42230E+02  1.89208E+00   3.39996E+02  1.85587E+00   3.37829E+02  1.81643E+00   3.35731E+02  1.77363E+00   3.33703E+02  1.72739E+00   3.31747E+02  1.67762E+00   3.29865E+02  1.62426E+00   3.28060E+02  1.56725E+00   3.26333E+02  1.50657E+00   3.24686E+02  1.44219E+00   3.23121E+02  1.37413E+00   3.21640E+02  1.30242E+00   3.20245E+02  1.22712E+00   3.18937E+02  1.14832E+00   3.17718E+02  1.06613E+00   3.16591E+02  9.80700E-01   3.15555E+02  8.92200E-01   3.14614E+02  8.00838E-01   3.13768E+02  7.06846E-01   3.13018E+02  6.10484E-01   3.12366E+02  5.12038E-01   3.11812E+02  4.11816E-01   3.11358E+02  3.10150E-01   3.11004E+02  2.07384E-01   3.10751E+02  1.03878E-01   3.10599E+02  2.93250E-07   1.00846E+02  1.03879E-01   1.30599E+02  2.07385E-01   1.30751E+02  3.10151E-01   1.31004E+02  4.11817E-01   1.31358E+02  5.12038E-01   1.31812E+02  6.10484E-01   1.32366E+02  7.06847E-01   1.33018E+02  8.00839E-01   1.33768E+02  8.92201E-01   1.34614E+02  9.80700E-01   1.35555E+02  1.06613E+00   1.36591E+02  1.14832E+00   1.37718E+02  1.22712E+00   1.38937E+02  1.30242E+00   1.40245E+02  1.37413E+00   1.41640E+02  1.44219E+00   1.43121E+02  1.50657E+00   1.44686E+02  1.56725E+00   1.46333E+02  1.62426E+00   1.48060E+02  1.67762E+00   1.49865E+02  1.72739E+00   1.51747E+02  1.77363E+00   1.53703E+02  1.81643E+00   1.55731E+02  1.85587E+00   1.57829E+02  1.89208E+00   1.59996E+02  1.92514E+00   1.62230E+02  1.95519E+00   1.64528E+02  1.98234E+00   1.66888E+02  2.00673E+00   1.69309E+02  2.02847E+00   1.71790E+02  2.04770E+00   1.74327E+02  2.06454E+00   1.76920E+02  2.07912E+00   1.79566E+02  2.09157E+00   1.82265E+02  2.10200E+00   1.85014E+02  2.11054E+00   1.87812E+02  2.11731E+00   1.90657E+02  2.12241E+00   1.93547E+02  2.12595E+00   1.96482E+02  2.12804E+00   1.99460E+02 
 2.14615E+00   1.87935E+01  2.14442E+00   1.58094E+01  2.14123E+00   1.28682E+01  2.13647E+00   9.97140E+00  2.13004E+00   7.12019E+00  2.12182E+00   4.31626E+00  2.11169E+00   1.56116E+00  2.09954E+00   3.58856E+02  2.08522E+00   3.56204E+02  2.06863E+00   3.53605E+02  2.04962E+00   3.51061E+02  2.02806E+00   3.48575E+02  2.00383E+00   3.46148E+02  1.97680E+00   3.43782E+02  1.94682E+00   3.41478E+02  1.91378E+00   3.39239E+02  1.87756E+00   3.37066E+02  1.83803E+00   3.34962E+02  1.79510E+00   3.32929E+02  1.74866E+00   3.30968E+02  1.69862E+00   3.29081E+02  1.64493E+00   3.27271E+02  1.58751E+00   3.25539E+02  1.52633E+00   3.23887E+02  1.46139E+00   3.22318E+02  1.39268E+00   3.20833E+02  1.32023E+00   3.19433E+02  1.24411E+00   3.18122E+02  1.16440E+00   3.16900E+02  1.08123E+00   3.15769E+02  9.94725E-01   3.14730E+02  9.05078E-01   3.13786E+02  8.12494E-01   3.12937E+02  7.17210E-01   3.12185E+02  6.19493E-01   3.11531E+02  5.19636E-01   3.10976E+02  4.17955E-01   3.10521E+02  3.14790E-01   3.10166E+02  2.10495E-01   3.09912E+02  1.05439E-01   3.09759E+02  1.08792E-07   8.80990E+01  1.05439E-01   1.29759E+02  2.10495E-01   1.29912E+02  3.14790E-01   1.30166E+02  4.17956E-01   1.30521E+02  5.19636E-01   1.30976E+02  6.19493E-01   1.31531E+02  7.17211E-01   1.32185E+02  8.12494E-01   1.32937E+02  9.05078E-01   1.33786E+02  9.94725E-01   1.34730E+02  1.08123E+00   1.35769E+02  1.16440E+00   1.36900E+02  1.24411E+00   1.38122E+02  1.32023E+00   1.39433E+02  1.39268E+00   1.40833E+02  1.46139E+00   1.42318E+02  1.52633E+00   1.43887E+02  1.58751E+00   1.45539E+02  1.64493E+00   1.47271E+02  1.69862E+00   1.49081E+02  1.74866E+00   1.50968E+02  1.79510E+00   1.52929E+02  1.83803E+00   1.54962E+02  1.87756E+00   1.57066E+02  1.91378E+00   1.59239E+02  1.94682E+00   1.61478E+02  1.97680E+00   1.63782E+02  2.00383E+00   1.66148E+02  2.02806E+00   1.68575E+02  2.04962E+00   1.71061E+02  2.06863E+00   1.73605E+02  2.08522E+00   1.76204E+02  2.09954E+00   1.78856E+02  2.11169E+00   1.81561E+02  2.12182E+00   1.84316E+02  2.13004E+00   1.87120E+02  2.13647E+00   1.89971E+02  2.14123E+00   1.92868E+02  2.14442E+00   1.95809E+02  2.14615E+00   1.98793E+02 
 2.16316E+00   1.81989E+01  2.16177E+00   1.52094E+01  2.15891E+00   1.22628E+01  2.15448E+00   9.36048E+00  2.14836E+00   6.50382E+00  2.14045E+00   3.69447E+00  2.13061E+00   9.33967E-01  2.11872E+00   3.58224E+02  2.10467E+00   3.55566E+02  2.08830E+00   3.52962E+02  2.06950E+00   3.50413E+02  2.04812E+00   3.47921E+02  2.02404E+00   3.45489E+02  1.99711E+00   3.43118E+02  1.96721E+00   3.40809E+02  1.93420E+00   3.38565E+02  1.89796E+00   3.36388E+02  1.85836E+00   3.34279E+02  1.81530E+00   3.32241E+02  1.76867E+00   3.30275E+02  1.71839E+00   3.28384E+02  1.66438E+00   3.26570E+02  1.60658E+00   3.24834E+02  1.54494E+00   3.23178E+02  1.47946E+00   3.21605E+02  1.41014E+00   3.20116E+02  1.33700E+00   3.18713E+02  1.26011E+00   3.17398E+02  1.17956E+00   3.16173E+02  1.09545E+00   3.15039E+02  1.00794E+00   3.13998E+02  9.17214E-01   3.13052E+02  8.23479E-01   3.12201E+02  7.26979E-01   3.11447E+02  6.27985E-01   3.10791E+02  5.26799E-01   3.10235E+02  4.23743E-01   3.09778E+02  3.19165E-01   3.09422E+02  2.13428E-01   3.09167E+02  1.06910E-01   3.09015E+02  1.53293E-07   3.62433E+01  1.06910E-01   1.29014E+02  2.13428E-01   1.29167E+02  3.19165E-01   1.29422E+02  4.23743E-01   1.29778E+02  5.26799E-01   1.30235E+02  6.27986E-01   1.30791E+02  7.26979E-01   1.31447E+02  8.23479E-01   1.32201E+02  9.17215E-01   1.33052E+02  1.00794E+00   1.33998E+02  1.09545E+00   1.35039E+02  1.17956E+00   1.36173E+02  1.26011E+00   1.37398E+02  1.33700E+00   1.38713E+02  1.41014E+00   1.40116E+02  1.47946E+00   1.41605E+02  1.54494E+00   1.43178E+02  1.60658E+00   1.44834E+02  1.66438E+00   1.46570E+02  1.71839E+00   1.48384E+02  1.76867E+00   1.50275E+02  1.81530E+00   1.52241E+02  1.85836E+00   1.54279E+02  1.89796E+00   1.56388E+02  1.93420E+00   1.58565E+02  1.96721E+00   1.60809E+02  1.99711E+00   1.63118E+02  2.02404E+00   1.65489E+02  2.04812E+00   1.67921E+02  2.06950E+00   1.70413E+02  2.08830E+00   1.72962E+02  2.10467E+00   1.75566E+02  2.11873E+00   1.78224E+02  2.13061E+00   1.80934E+02  2.14045E+00   1.83694E+02  2.14836E+00   1.86504E+02  2.15448E+00   1.89360E+02  2.15891E+00   1.92263E+02  2.16177E+00   1.95209E+02  2.16316E+00   1.98199E+02 
 2.17903E+00   1.76767E+01  2.17795E+00   1.46825E+01  2.17540E+00   1.17312E+01  2.17127E+00   8.82424E+00  2.16545E+00   5.96293E+00  2.15781E+00   3.14895E+00  2.14825E+00   3.83848E-01  2.13662E+00   3.57669E+02  2.12280E+00   3.55007E+02  2.10665E+00   3.52398E+02  2.08804E+00   3.49845E+02  2.06683E+00   3.47349E+02  2.04288E+00   3.44912E+02  2.01606E+00   3.42536E+02  1.98622E+00   3.40224E+02  1.95324E+00   3.37975E+02  1.91698E+00   3.35794E+02  1.87732E+00   3.33681E+02  1.83414E+00   3.31639E+02  1.78734E+00   3.29670E+02  1.73683E+00   3.27775E+02  1.68252E+00   3.25957E+02  1.62436E+00   3.24218E+02  1.56230E+00   3.22559E+02  1.49633E+00   3.20983E+02  1.42643E+00   3.19491E+02  1.35265E+00   3.18085E+02  1.27505E+00   3.16768E+02  1.19370E+00   3.15540E+02  1.10872E+00   3.14404E+02  1.02028E+00   3.13361E+02  9.28543E-01   3.12412E+02  8.33734E-01   3.11559E+02  7.36099E-01   3.10804E+02  6.35915E-01   3.10147E+02  5.33487E-01   3.09589E+02  4.29147E-01   3.09131E+02  3.23249E-01   3.08775E+02  2.16166E-01   3.08520E+02  1.08284E-01   3.08366E+02  4.00459E-08   6.47014E+01  1.08284E-01   1.28366E+02  2.16166E-01   1.28520E+02  3.23249E-01   1.28775E+02  4.29148E-01   1.29131E+02  5.33487E-01   1.29589E+02  6.35915E-01   1.30147E+02  7.36100E-01   1.30804E+02  8.33735E-01   1.31559E+02  9.28543E-01   1.32412E+02  1.02028E+00   1.33361E+02  1.10872E+00   1.34404E+02  1.19370E+00   1.35540E+02  1.27505E+00   1.36768E+02  1.35265E+00   1.38085E+02  1.42643E+00   1.39491E+02  1.49633E+00   1.40983E+02  1.56230E+00   1.42559E+02  1.62436E+00   1.44218E+02  1.68252E+00   1.45957E+02  1.73683E+00   1.47775E+02  1.78734E+00   1.49670E+02  1.83414E+00   1.51639E+02  1.87732E+00   1.53681E+02  1.91698E+00   1.55794E+02  1.95324E+00   1.57975E+02  1.98622E+00   1.60224E+02  2.01606E+00   1.62536E+02  2.04288E+00   1.64912E+02  2.06683E+00   1.67349E+02  2.08804E+00   1.69845E+02  2.10665E+00   1.72398E+02  2.12280E+00   1.75007E+02  2.13662E+00   1.77669E+02  2.14825E+00   1.80384E+02  2.15781E+00   1.83149E+02  2.16545E+00   1.85963E+02  2.17127E+00   1.88824E+02  2.17540E+00   1.91731E+02  2.17795E+00   1.94683E+02  2.17903E+00   1.97677E+02 
 2.19370E+00   1.72272E+01  2.19291E+00   1.42291E+01  2.19064E+00   1.12739E+01  2.18679E+00   8.36303E+00  2.18124E+00   5.49786E+00  2.17386E+00   2.68007E+00  2.16454E+00   3.59911E+02  2.15315E+00   3.57193E+02  2.13954E+00   3.54526E+02  2.12359E+00   3.51914E+02  2.10516E+00   3.49357E+02  2.08411E+00   3.46858E+02  2.06028E+00   3.44418E+02  2.03356E+00   3.42038E+02  2.00378E+00   3.39722E+02  1.97082E+00   3.37471E+02  1.93454E+00   3.35286E+02  1.89482E+00   3.33170E+02  1.85153E+00   3.31125E+02  1.80458E+00   3.29153E+02  1.75385E+00   3.27255E+02  1.69927E+00   3.25434E+02  1.64078E+00   3.23692E+02  1.57833E+00   3.22030E+02  1.51189E+00   3.20452E+02  1.44147E+00   3.18957E+02  1.36710E+00   3.17550E+02  1.28883E+00   3.16230E+02  1.20675E+00   3.15000E+02  1.12098E+00   3.13862E+02  1.03167E+00   3.12817E+02  9.39001E-01   3.11867E+02  8.43202E-01   3.11013E+02  7.44519E-01   3.10256E+02  6.43234E-01   3.09598E+02  5.39661E-01   3.09040E+02  4.34136E-01   3.08581E+02  3.27020E-01   3.08224E+02  2.18694E-01   3.07968E+02  1.09552E-01   3.07815E+02  1.55806E-07   1.84629E+02  1.09552E-01   1.27815E+02  2.18694E-01   1.27968E+02  3.27020E-01   1.28224E+02  4.34136E-01   1.28581E+02  5.39661E-01   1.29040E+02  6.43235E-01   1.29598E+02  7.44519E-01   1.30256E+02  8.43202E-01   1.31013E+02  9.39001E-01   1.31867E+02  1.03167E+00   1.32817E+02  1.12098E+00   1.33862E+02  1.20675E+00   1.35000E+02  1.28883E+00   1.36230E+02  1.36710E+00   1.37550E+02  1.44147E+00   1.38957E+02  1.51189E+00   1.40452E+02  1.57833E+00   1.42030E+02  1.64078E+00   1.43692E+02  1.69927E+00   1.45434E+02  1.75385E+00   1.47255E+02  1.80458E+00   1.49153E+02  1.85153E+00   1.51125E+02  1.89482E+00   1.53170E+02  1.93454E+00   1.55286E+02  1.97082E+00   1.57471E+02  2.00378E+00   1.59722E+02  2.03356E+00   1.62038E+02  2.06028E+00   1.64418E+02  2.08411E+00   1.66858E+02  2.10516E+00   1.69357E+02  2.12360E+00   1.71914E+02  2.13954E+00   1.74526E+02  2.15315E+00   1.77193E+02  2.16454E+00   1.79911E+02  2.17386E+00   1.82680E+02  2.18124E+00   1.85498E+02  2.18679E+00   1.88363E+02  2.19064E+00   1.91274E+02  2.19291E+00   1.94229E+02  2.19370E+00   1.97227E+02 
 2.20713E+00   1.68506E+01  2.20660E+00   1.38494E+01  2.20459E+00   1.08911E+01  2.20098E+00   7.97713E+00  2.19567E+00   5.10893E+00  2.18854E+00   2.28812E+00  2.17944E+00   3.59516E+02  2.16825E+00   3.56795E+02  2.15485E+00   3.54126E+02  2.13907E+00   3.51510E+02  2.12080E+00   3.48951E+02  2.09988E+00   3.46449E+02  2.07617E+00   3.44006E+02  2.04952E+00   3.41624E+02  2.01980E+00   3.39305E+02  1.98686E+00   3.37051E+02  1.95056E+00   3.34864E+02  1.91078E+00   3.32745E+02  1.86740E+00   3.30698E+02  1.82029E+00   3.28723E+02  1.76937E+00   3.26823E+02  1.71454E+00   3.25000E+02  1.65575E+00   3.23256E+02  1.59294E+00   3.21593E+02  1.52608E+00   3.20012E+02  1.45518E+00   3.18516E+02  1.38027E+00   3.17107E+02  1.30139E+00   3.15785E+02  1.21864E+00   3.14554E+02  1.13214E+00   3.13415E+02  1.04204E+00   3.12369E+02  9.48528E-01   3.11418E+02  8.51826E-01   3.10563E+02  7.52189E-01   3.09805E+02  6.49903E-01   3.09146E+02  5.45286E-01   3.08587E+02  4.38681E-01   3.08128E+02  3.30455E-01   3.07770E+02  2.20997E-01   3.07514E+02  1.10707E-01   3.07361E+02  1.13936E-07   2.55261E+02  1.10707E-01   1.27361E+02  2.20997E-01   1.27514E+02  3.30455E-01   1.27770E+02  4.38681E-01   1.28128E+02  5.45286E-01   1.28587E+02  6.49903E-01   1.29146E+02  7.52189E-01   1.29805E+02  8.51826E-01   1.30563E+02  9.48528E-01   1.31418E+02  1.04204E+00   1.32369E+02  1.13214E+00   1.33415E+02  1.21864E+00   1.34554E+02  1.30139E+00   1.35786E+02  1.38027E+00   1.37107E+02  1.45518E+00   1.38516E+02  1.52608E+00   1.40012E+02  1.59294E+00   1.41593E+02  1.65575E+00   1.43256E+02  1.71454E+00   1.45000E+02  1.76937E+00   1.46823E+02  1.82029E+00   1.48723E+02  1.86740E+00   1.50698E+02  1.91078E+00   1.52745E+02  1.95056E+00   1.54864E+02  1.98686E+00   1.57051E+02  2.01980E+00   1.59305E+02  2.04952E+00   1.61624E+02  2.07617E+00   1.64006E+02  2.09988E+00   1.66449E+02  2.12080E+00   1.68951E+02  2.13907E+00   1.71510E+02  2.15485E+00   1.74126E+02  2.16826E+00   1.76795E+02  2.17944E+00   1.79516E+02  2.18854E+00   1.82288E+02  2.19567E+00   1.85109E+02  2.20098E+00   1.87977E+02  2.20459E+00   1.90891E+02  2.20660E+00   1.93849E+02  2.20713E+00   1.96851E+02 
 2.21927E+00   1.65471E+01  2.21897E+00   1.35436E+01  2.21719E+00   1.05830E+01  2.21380E+00   7.66677E+00  2.20871E+00   4.79634E+00  2.20178E+00   1.97333E+00  2.19288E+00   3.59199E+02  2.18188E+00   3.56476E+02  2.16864E+00   3.53805E+02  2.15303E+00   3.51187E+02  2.13489E+00   3.48626E+02  2.11409E+00   3.46121E+02  2.09047E+00   3.43677E+02  2.06390E+00   3.41293E+02  2.03422E+00   3.38972E+02  2.00129E+00   3.36716E+02  1.96497E+00   3.34527E+02  1.92513E+00   3.32407E+02  1.88165E+00   3.30358E+02  1.83441E+00   3.28382E+02  1.78331E+00   3.26481E+02  1.72826E+00   3.24656E+02  1.66919E+00   3.22911E+02  1.60605E+00   3.21246E+02  1.53881E+00   3.19665E+02  1.46748E+00   3.18167E+02  1.39208E+00   3.16757E+02  1.31266E+00   3.15435E+02  1.22931E+00   3.14203E+02  1.14215E+00   3.13063E+02  1.05134E+00   3.12016E+02  9.57069E-01   3.11064E+02  8.59557E-01   3.10208E+02  7.59063E-01   3.09450E+02  6.55879E-01   3.08791E+02  5.50326E-01   3.08231E+02  4.42753E-01   3.07772E+02  3.33533E-01   3.07414E+02  2.23060E-01   3.07158E+02  1.11742E-01   3.07004E+02  1.54112E-07   3.53385E+02  1.11742E-01   1.27004E+02  2.23060E-01   1.27158E+02  3.33533E-01   1.27414E+02  4.42753E-01   1.27772E+02  5.50326E-01   1.28231E+02  6.55879E-01   1.28791E+02  7.59063E-01   1.29450E+02  8.59557E-01   1.30208E+02  9.57069E-01   1.31064E+02  1.05134E+00   1.32016E+02  1.14215E+00   1.33063E+02  1.22931E+00   1.34203E+02  1.31266E+00   1.35435E+02  1.39208E+00   1.36757E+02  1.46748E+00   1.38167E+02  1.53881E+00   1.39665E+02  1.60605E+00   1.41246E+02  1.66919E+00   1.42911E+02  1.72826E+00   1.44657E+02  1.78331E+00   1.46481E+02  1.83441E+00   1.48382E+02  1.88165E+00   1.50358E+02  1.92513E+00   1.52407E+02  1.96497E+00   1.54527E+02  2.00129E+00   1.56716E+02  2.03422E+00   1.58972E+02  2.06390E+00   1.61293E+02  2.09047E+00   1.63677E+02  2.11409E+00   1.66121E+02  2.13489E+00   1.68626E+02  2.15303E+00   1.71187E+02  2.16864E+00   1.73805E+02  2.18188E+00   1.76476E+02  2.19288E+00   1.79199E+02  2.20178E+00   1.81973E+02  2.20871E+00   1.84796E+02  2.21381E+00   1.87667E+02  2.21719E+00   1.90583E+02  2.21897E+00   1.93544E+02  2.21927E+00   1.96547E+02 
 2.23009E+00   1.63169E+01  2.22999E+00   1.33119E+01  2.22840E+00   1.03498E+01  2.22521E+00   7.43212E+00  2.22030E+00   4.56027E+00  2.21354E+00   1.73588E+00  2.20481E+00   3.58960E+02  2.19397E+00   3.56236E+02  2.18088E+00   3.53563E+02  2.16539E+00   3.50945E+02  2.14737E+00   3.48382E+02  2.12667E+00   3.45876E+02  2.10313E+00   3.43431E+02  2.07661E+00   3.41046E+02  2.04696E+00   3.38724E+02  2.01404E+00   3.36467E+02  1.97770E+00   3.34277E+02  1.93780E+00   3.32157E+02  1.89423E+00   3.30107E+02  1.84687E+00   3.28130E+02  1.79560E+00   3.26228E+02  1.74034E+00   3.24403E+02  1.68103E+00   3.22656E+02  1.61759E+00   3.20991E+02  1.55002E+00   3.19409E+02  1.47830E+00   3.17911E+02  1.40247E+00   3.16500E+02  1.32257E+00   3.15178E+02  1.23869E+00   3.13945E+02  1.15095E+00   3.12805E+02  1.05952E+00   3.11758E+02  9.64574E-01   3.10806E+02  8.66348E-01   3.09950E+02  7.65101E-01   3.09192E+02  6.61128E-01   3.08532E+02  5.54752E-01   3.07972E+02  4.46329E-01   3.07513E+02  3.36236E-01   3.07155E+02  2.24872E-01   3.06899E+02  1.12651E-01   3.06745E+02  4.77486E-08   7.19626E+01  1.12651E-01   1.26745E+02  2.24872E-01   1.26899E+02  3.36236E-01   1.27155E+02  4.46329E-01   1.27513E+02  5.54752E-01   1.27972E+02  6.61127E-01   1.28532E+02  7.65102E-01   1.29192E+02  8.66348E-01   1.29950E+02  9.64574E-01   1.30806E+02  1.05952E+00   1.31758E+02  1.15095E+00   1.32805E+02  1.23869E+00   1.33945E+02  1.32257E+00   1.35178E+02  1.40247E+00   1.36500E+02  1.47830E+00   1.37911E+02  1.55002E+00   1.39409E+02  1.61759E+00   1.40991E+02  1.68103E+00   1.42656E+02  1.74034E+00   1.44403E+02  1.79560E+00   1.46228E+02  1.84687E+00   1.48130E+02  1.89423E+00   1.50107E+02  1.93780E+00   1.52157E+02  1.97770E+00   1.54277E+02  2.01404E+00   1.56467E+02  2.04696E+00   1.58724E+02  2.07661E+00   1.61046E+02  2.10313E+00   1.63430E+02  2.12667E+00   1.65876E+02  2.14737E+00   1.68382E+02  2.16539E+00   1.70945E+02  2.18088E+00   1.73563E+02  2.19397E+00   1.76236E+02  2.20481E+00   1.78960E+02  2.21354E+00   1.81736E+02  2.22030E+00   1.84560E+02  2.22521E+00   1.87432E+02  2.22840E+00   1.90350E+02  2.22999E+00   1.93312E+02  2.23009E+00   1.96317E+02 
 2.23955E+00   1.61602E+01  2.23961E+00   1.31544E+01  2.23819E+00   1.01916E+01  2.23515E+00   7.27329E+00  2.23040E+00   4.40082E+00  2.22379E+00   1.57586E+00  2.21519E+00   3.58800E+02  2.20448E+00   3.56075E+02  2.19151E+00   3.53402E+02  2.17613E+00   3.50783E+02  2.15820E+00   3.48220E+02  2.13757E+00   3.45714E+02  2.11409E+00   3.43268E+02  2.08761E+00   3.40883E+02  2.05798E+00   3.38561E+02  2.02505E+00   3.36304E+02  1.98868E+00   3.34114E+02  1.94873E+00   3.31993E+02  1.90508E+00   3.29943E+02  1.85760E+00   3.27966E+02  1.80618E+00   3.26064E+02  1.75074E+00   3.24239E+02  1.69120E+00   3.22493E+02  1.62752E+00   3.20828E+02  1.55965E+00   3.19245E+02  1.48759E+00   3.17748E+02  1.41138E+00   3.16337E+02  1.33106E+00   3.15015E+02  1.24673E+00   3.13782E+02  1.15849E+00   3.12642E+02  1.06652E+00   3.11595E+02  9.70999E-01   3.10643E+02  8.72161E-01   3.09788E+02  7.70268E-01   3.09029E+02  6.65617E-01   3.08370E+02  5.58537E-01   3.07810E+02  4.49386E-01   3.07351E+02  3.38546E-01   3.06993E+02  2.26421E-01   3.06737E+02  1.13428E-01   3.06583E+02  2.38551E-07   2.06490E+02  1.13428E-01   1.26584E+02  2.26420E-01   1.26737E+02  3.38546E-01   1.26993E+02  4.49386E-01   1.27351E+02  5.58537E-01   1.27810E+02  6.65616E-01   1.28370E+02  7.70268E-01   1.29029E+02  8.72160E-01   1.29788E+02  9.70999E-01   1.30643E+02  1.06652E+00   1.31595E+02  1.15849E+00   1.32642E+02  1.24673E+00   1.33782E+02  1.33106E+00   1.35015E+02  1.41138E+00   1.36337E+02  1.48759E+00   1.37748E+02  1.55965E+00   1.39245E+02  1.62752E+00   1.40828E+02  1.69120E+00   1.42493E+02  1.75074E+00   1.44239E+02  1.80618E+00   1.46064E+02  1.85760E+00   1.47966E+02  1.90508E+00   1.49943E+02  1.94873E+00   1.51993E+02  1.98868E+00   1.54114E+02  2.02505E+00   1.56304E+02  2.05798E+00   1.58561E+02  2.08761E+00   1.60883E+02  2.11409E+00   1.63268E+02  2.13757E+00   1.65714E+02  2.15820E+00   1.68220E+02  2.17613E+00   1.70783E+02  2.19151E+00   1.73402E+02  2.20448E+00   1.76075E+02  2.21519E+00   1.78800E+02  2.22379E+00   1.81576E+02  2.23040E+00   1.84401E+02  2.23515E+00   1.87273E+02  2.23819E+00   1.90192E+02  2.23961E+00   1.93154E+02  2.23955E+00   1.96160E+02 
 2.24762E+00   1.60769E+01  2.24781E+00   1.30711E+01  2.24652E+00   1.01085E+01  2.24361E+00   7.19032E+00  2.23897E+00   4.31805E+00  2.23248E+00   1.49332E+00  2.22399E+00   3.58718E+02  2.21337E+00   3.55993E+02  2.20049E+00   3.53320E+02  2.18519E+00   3.50702E+02  2.16733E+00   3.48139E+02  2.14675E+00   3.45634E+02  2.12331E+00   3.43188E+02  2.09685E+00   3.40803E+02  2.06723E+00   3.38482E+02  2.03428E+00   3.36226E+02  1.99788E+00   3.34036E+02  1.95787E+00   3.31916E+02  1.91414E+00   3.29867E+02  1.86655E+00   3.27891E+02  1.81500E+00   3.25989E+02  1.75940E+00   3.24165E+02  1.69967E+00   3.22420E+02  1.63576E+00   3.20755E+02  1.56764E+00   3.19174E+02  1.49530E+00   3.17677E+02  1.41877E+00   3.16267E+02  1.33810E+00   3.14945E+02  1.25338E+00   3.13714E+02  1.16473E+00   3.12574E+02  1.07230E+00   3.11528E+02  9.76306E-01   3.10577E+02  8.76959E-01   3.09721E+02  7.74530E-01   3.08964E+02  6.69320E-01   3.08305E+02  5.61658E-01   3.07746E+02  4.51906E-01   3.07287E+02  3.40450E-01   3.06929E+02  2.27697E-01   3.06673E+02  1.14068E-01   3.06520E+02  2.01561E-07   2.06757E+02  1.14068E-01   1.26520E+02  2.27697E-01   1.26673E+02  3.40450E-01   1.26929E+02  4.51907E-01   1.27287E+02  5.61658E-01   1.27746E+02  6.69319E-01   1.28305E+02  7.74530E-01   1.28964E+02  8.76959E-01   1.29721E+02  9.76305E-01   1.30577E+02  1.07230E+00   1.31528E+02  1.16473E+00   1.32574E+02  1.25338E+00   1.33714E+02  1.33810E+00   1.34945E+02  1.41877E+00   1.36267E+02  1.49530E+00   1.37677E+02  1.56764E+00   1.39174E+02  1.63576E+00   1.40755E+02  1.69967E+00   1.42420E+02  1.75940E+00   1.44165E+02  1.81500E+00   1.45989E+02  1.86655E+00   1.47891E+02  1.91414E+00   1.49867E+02  1.95787E+00   1.51916E+02  1.99788E+00   1.54036E+02  2.03428E+00   1.56226E+02  2.06723E+00   1.58482E+02  2.09685E+00   1.60803E+02  2.12331E+00   1.63188E+02  2.14675E+00   1.65634E+02  2.16733E+00   1.68139E+02  2.18519E+00   1.70702E+02  2.20049E+00   1.73320E+02  2.21337E+00   1.75993E+02  2.22399E+00   1.78718E+02  2.23248E+00   1.81493E+02  2.23897E+00   1.84318E+02  2.24361E+00   1.87190E+02  2.24652E+00   1.90108E+02  2.24781E+00   1.93071E+02  2.24762E+00   1.96077E+02 
 2.25427E+00   1.60670E+01  2.25456E+00   1.30622E+01  2.25336E+00   1.01004E+01  2.25054E+00   7.18320E+00  2.24599E+00   4.31192E+00  2.23958E+00   1.48824E+00  2.23116E+00   3.58714E+02  2.22061E+00   3.55990E+02  2.20779E+00   3.53318E+02  2.19254E+00   3.50701E+02  2.17471E+00   3.48140E+02  2.15417E+00   3.45636E+02  2.13074E+00   3.43191E+02  2.10429E+00   3.40808E+02  2.07466E+00   3.38488E+02  2.04169E+00   3.36233E+02  2.00524E+00   3.34045E+02  1.96518E+00   3.31927E+02  1.92136E+00   3.29879E+02  1.87368E+00   3.27904E+02  1.82201E+00   3.26004E+02  1.76627E+00   3.24181E+02  1.70638E+00   3.22437E+02  1.64229E+00   3.20774E+02  1.57395E+00   3.19194E+02  1.50138E+00   3.17699E+02  1.42459E+00   3.16290E+02  1.34364E+00   3.14970E+02  1.25861E+00   3.13739E+02  1.16962E+00   3.12601E+02  1.07684E+00   3.11556E+02  9.80464E-01   3.10605E+02  8.80715E-01   3.09751E+02  7.77865E-01   3.08994E+02  6.72214E-01   3.08336E+02  5.64097E-01   3.07777E+02  4.53874E-01   3.07319E+02  3.41936E-01   3.06962E+02  2.28693E-01   3.06706E+02  1.14568E-01   3.06553E+02  2.74116E-07   2.54683E+02  1.14567E-01   1.26553E+02  2.28692E-01   1.26706E+02  3.41936E-01   1.26962E+02  4.53874E-01   1.27319E+02  5.64096E-01   1.27777E+02  6.72214E-01   1.28336E+02  7.77865E-01   1.28994E+02  8.80715E-01   1.29751E+02  9.80463E-01   1.30605E+02  1.07684E+00   1.31556E+02  1.16962E+00   1.32601E+02  1.25861E+00   1.33739E+02  1.34364E+00   1.34970E+02  1.42459E+00   1.36290E+02  1.50138E+00   1.37699E+02  1.57395E+00   1.39194E+02  1.64229E+00   1.40774E+02  1.70638E+00   1.42437E+02  1.76627E+00   1.44181E+02  1.82201E+00   1.46004E+02  1.87368E+00   1.47904E+02  1.92136E+00   1.49879E+02  1.96518E+00   1.51927E+02  2.00524E+00   1.54045E+02  2.04169E+00   1.56233E+02  2.07466E+00   1.58488E+02  2.10429E+00   1.60808E+02  2.13074E+00   1.63191E+02  2.15417E+00   1.65636E+02  2.17471E+00   1.68140E+02  2.19254E+00   1.70701E+02  2.20779E+00   1.73318E+02  2.22061E+00   1.75990E+02  2.23116E+00   1.78714E+02  2.23958E+00   1.81488E+02  2.24599E+00   1.84312E+02  2.25054E+00   1.87183E+02  2.25336E+00   1.90100E+02  2.25456E+00   1.93062E+02  2.25427E+00   1.96067E+02 
 2.25949E+00   1.61306E+01  2.25984E+00   1.31274E+01  2.25870E+00   1.01673E+01  2.25593E+00   7.25184E+00  2.25143E+00   4.38236E+00  2.24506E+00   1.56052E+00  2.23669E+00   3.58788E+02  2.22618E+00   3.56066E+02  2.21338E+00   3.53397E+02  2.19815E+00   3.50781E+02  2.18034E+00   3.48222E+02  2.15980E+00   3.45720E+02  2.13637E+00   3.43278E+02  2.10990E+00   3.40897E+02  2.08024E+00   3.38579E+02  2.04724E+00   3.36326E+02  2.01074E+00   3.34140E+02  1.97062E+00   3.32024E+02  1.92673E+00   3.29978E+02  1.87896E+00   3.28005E+02  1.82719E+00   3.26108E+02  1.77133E+00   3.24287E+02  1.71130E+00   3.22545E+02  1.64706E+00   3.20884E+02  1.57856E+00   3.19306E+02  1.50581E+00   3.17813E+02  1.42882E+00   3.16406E+02  1.34765E+00   3.15087E+02  1.26238E+00   3.13859E+02  1.17315E+00   3.12722E+02  1.08011E+00   3.11678E+02  9.83450E-01   3.10729E+02  8.83409E-01   3.09876E+02  7.80253E-01   3.09121E+02  6.74284E-01   3.08464E+02  5.65838E-01   3.07906E+02  4.55279E-01   3.07448E+02  3.42996E-01   3.07092E+02  2.29402E-01   3.06836E+02  1.14924E-01   3.06683E+02  2.36270E-07   2.86841E+02  1.14923E-01   1.26683E+02  2.29402E-01   1.26836E+02  3.42996E-01   1.27092E+02  4.55279E-01   1.27448E+02  5.65838E-01   1.27906E+02  6.74284E-01   1.28464E+02  7.80252E-01   1.29121E+02  8.83408E-01   1.29876E+02  9.83450E-01   1.30729E+02  1.08011E+00   1.31678E+02  1.17315E+00   1.32722E+02  1.26238E+00   1.33859E+02  1.34765E+00   1.35087E+02  1.42882E+00   1.36406E+02  1.50581E+00   1.37813E+02  1.57856E+00   1.39306E+02  1.64706E+00   1.40884E+02  1.71130E+00   1.42545E+02  1.77133E+00   1.44287E+02  1.82719E+00   1.46108E+02  1.87896E+00   1.48005E+02  1.92673E+00   1.49978E+02  1.97062E+00   1.52024E+02  2.01074E+00   1.54140E+02  2.04724E+00   1.56326E+02  2.08024E+00   1.58579E+02  2.10990E+00   1.60897E+02  2.13637E+00   1.63278E+02  2.15980E+00   1.65720E+02  2.18034E+00   1.68222E+02  2.19815E+00   1.70781E+02  2.21338E+00   1.73397E+02  2.22618E+00   1.76066E+02  2.23669E+00   1.78788E+02  2.24506E+00   1.81561E+02  2.25143E+00   1.84382E+02  2.25594E+00   1.87252E+02  2.25870E+00   1.90167E+02  2.25984E+00   1.93127E+02  2.25949E+00   1.96131E+02 
 2.26326E+00   1.62675E+01  2.26364E+00   1.32667E+01  2.26251E+00   1.03091E+01  2.25977E+00   7.39613E+00  2.25528E+00   4.52924E+00  2.24892E+00   1.71003E+00  2.24056E+00   3.58940E+02  2.23004E+00   3.56221E+02  2.21724E+00   3.53554E+02  2.20201E+00   3.50942E+02  2.18418E+00   3.48385E+02  2.16362E+00   3.45886E+02  2.14016E+00   3.43447E+02  2.11366E+00   3.41069E+02  2.08396E+00   3.38754E+02  2.05091E+00   3.36504E+02  2.01436E+00   3.34321E+02  1.97417E+00   3.32207E+02  1.93021E+00   3.30165E+02  1.88236E+00   3.28195E+02  1.83050E+00   3.26300E+02  1.77455E+00   3.24482E+02  1.71442E+00   3.22743E+02  1.65006E+00   3.21085E+02  1.58144E+00   3.19509E+02  1.50855E+00   3.18018E+02  1.43143E+00   3.16614E+02  1.35011E+00   3.15298E+02  1.26469E+00   3.14071E+02  1.17530E+00   3.12937E+02  1.08208E+00   3.11895E+02  9.85250E-01   3.10948E+02  8.85026E-01   3.10097E+02  7.81681E-01   3.09343E+02  6.75519E-01   3.08687E+02  5.66874E-01   3.08130E+02  4.56113E-01   3.07673E+02  3.43624E-01   3.07317E+02  2.29822E-01   3.07063E+02  1.15134E-01   3.06910E+02  2.86161E-07   2.73312E+02  1.15133E-01   1.26910E+02  2.29822E-01   1.27063E+02  3.43624E-01   1.27318E+02  4.56112E-01   1.27673E+02  5.66874E-01   1.28130E+02  6.75518E-01   1.28687E+02  7.81681E-01   1.29343E+02  8.85026E-01   1.30097E+02  9.85250E-01   1.30948E+02  1.08208E+00   1.31895E+02  1.17530E+00   1.32937E+02  1.26469E+00   1.34071E+02  1.35011E+00   1.35298E+02  1.43143E+00   1.36614E+02  1.50855E+00   1.38018E+02  1.58144E+00   1.39509E+02  1.65006E+00   1.41085E+02  1.71442E+00   1.42743E+02  1.77455E+00   1.44482E+02  1.83050E+00   1.46300E+02  1.88236E+00   1.48195E+02  1.93021E+00   1.50165E+02  1.97417E+00   1.52207E+02  2.01436E+00   1.54321E+02  2.05091E+00   1.56504E+02  2.08396E+00   1.58754E+02  2.11366E+00   1.61069E+02  2.14016E+00   1.63447E+02  2.16362E+00   1.65886E+02  2.18418E+00   1.68385E+02  2.20201E+00   1.70942E+02  2.21724E+00   1.73554E+02  2.23005E+00   1.76221E+02  2.24056E+00   1.78940E+02  2.24892E+00   1.81710E+02  2.25528E+00   1.84529E+02  2.25977E+00   1.87396E+02  2.26251E+00   1.90309E+02  2.26364E+00   1.93267E+02  2.26326E+00   1.96268E+02 
 2.26557E+00   1.64775E+01  2.26594E+00   1.34799E+01  2.26480E+00   1.05255E+01  2.26204E+00   7.61587E+00  2.25753E+00   4.75233E+00  2.25115E+00   1.93654E+00  2.24275E+00   3.59170E+02  2.23221E+00   3.56454E+02  2.21937E+00   3.53791E+02  2.20409E+00   3.51182E+02  2.18623E+00   3.48629E+02  2.16562E+00   3.46134E+02  2.14212E+00   3.43698E+02  2.11556E+00   3.41324E+02  2.08580E+00   3.39013E+02  2.05269E+00   3.36767E+02  2.01608E+00   3.34587E+02  1.97583E+00   3.32477E+02  1.93180E+00   3.30438E+02  1.88387E+00   3.28472E+02  1.83194E+00   3.26581E+02  1.77591E+00   3.24766E+02  1.71571E+00   3.23030E+02  1.65128E+00   3.21375E+02  1.58258E+00   3.19803E+02  1.50962E+00   3.18315E+02  1.43241E+00   3.16914E+02  1.35102E+00   3.15601E+02  1.26552E+00   3.14377E+02  1.17605E+00   3.13245E+02  1.08276E+00   3.12206E+02  9.85856E-01   3.11261E+02  8.85560E-01   3.10411E+02  7.82145E-01   3.09659E+02  6.75913E-01   3.09005E+02  5.67200E-01   3.08450E+02  4.56372E-01   3.07994E+02  3.43818E-01   3.07639E+02  2.29951E-01   3.07385E+02  1.15198E-01   3.07233E+02  1.82951E-07   2.67921E+02  1.15198E-01   1.27233E+02  2.29950E-01   1.27385E+02  3.43818E-01   1.27639E+02  4.56372E-01   1.27994E+02  5.67200E-01   1.28450E+02  6.75912E-01   1.29005E+02  7.82144E-01   1.29659E+02  8.85560E-01   1.30411E+02  9.85856E-01   1.31261E+02  1.08276E+00   1.32206E+02  1.17605E+00   1.33245E+02  1.26552E+00   1.34377E+02  1.35102E+00   1.35601E+02  1.43241E+00   1.36914E+02  1.50962E+00   1.38315E+02  1.58258E+00   1.39803E+02  1.65128E+00   1.41375E+02  1.71571E+00   1.43030E+02  1.77592E+00   1.44766E+02  1.83194E+00   1.46581E+02  1.88387E+00   1.48472E+02  1.93180E+00   1.50438E+02  1.97582E+00   1.52477E+02  2.01608E+00   1.54587E+02  2.05269E+00   1.56766E+02  2.08580E+00   1.59013E+02  2.11556E+00   1.61324E+02  2.14212E+00   1.63698E+02  2.16562E+00   1.66134E+02  2.18623E+00   1.68629E+02  2.20410E+00   1.71182E+02  2.21937E+00   1.73791E+02  2.23221E+00   1.76454E+02  2.24275E+00   1.79170E+02  2.25115E+00   1.81937E+02  2.25753E+00   1.84752E+02  2.26204E+00   1.87616E+02  2.26480E+00   1.90525E+02  2.26594E+00   1.93480E+02  2.26557E+00   1.96477E+02 
 2.26642E+00   1.67604E+01  2.26674E+00   1.37667E+01  2.26555E+00   1.08164E+01  2.26273E+00   7.91080E+00  2.25817E+00   5.05141E+00  2.25172E+00   2.23979E+00  2.24327E+00   3.59478E+02  2.23266E+00   3.56766E+02  2.21976E+00   3.54107E+02  2.20441E+00   3.51503E+02  2.18648E+00   3.48954E+02  2.16580E+00   3.46463E+02  2.14222E+00   3.44032E+02  2.11560E+00   3.41662E+02  2.08577E+00   3.39355E+02  2.05258E+00   3.37113E+02  2.01590E+00   3.34939E+02  1.97558E+00   3.32833E+02  1.93149E+00   3.30798E+02  1.88350E+00   3.28836E+02  1.83151E+00   3.26949E+02  1.77543E+00   3.25139E+02  1.71518E+00   3.23407E+02  1.65071E+00   3.21756E+02  1.58198E+00   3.20187E+02  1.50899E+00   3.18703E+02  1.43177E+00   3.17305E+02  1.35037E+00   3.15995E+02  1.26487E+00   3.14775E+02  1.17542E+00   3.13646E+02  1.08215E+00   3.12609E+02  9.85270E-01   3.11667E+02  8.85013E-01   3.10820E+02  7.81645E-01   3.10070E+02  6.75468E-01   3.09418E+02  5.66818E-01   3.08864E+02  4.56058E-01   3.08410E+02  3.43578E-01   3.08056E+02  2.29788E-01   3.07802E+02  1.15116E-01   3.07650E+02  2.30705E-07   2.64934E+02  1.15116E-01   1.27650E+02  2.29788E-01   1.27802E+02  3.43577E-01   1.28056E+02  4.56058E-01   1.28410E+02  5.66817E-01   1.28864E+02  6.75467E-01   1.29418E+02  7.81644E-01   1.30070E+02  8.85012E-01   1.30820E+02  9.85270E-01   1.31667E+02  1.08215E+00   1.32609E+02  1.17542E+00   1.33646E+02  1.26487E+00   1.34775E+02  1.35037E+00   1.35995E+02  1.43177E+00   1.37305E+02  1.50899E+00   1.38703E+02  1.58198E+00   1.40187E+02  1.65071E+00   1.41756E+02  1.71518E+00   1.43407E+02  1.77543E+00   1.45139E+02  1.83151E+00   1.46949E+02  1.88350E+00   1.48836E+02  1.93149E+00   1.50798E+02  1.97558E+00   1.52833E+02  2.01590E+00   1.54939E+02  2.05258E+00   1.57113E+02  2.08577E+00   1.59355E+02  2.11560E+00   1.61662E+02  2.14222E+00   1.64032E+02  2.16580E+00   1.66463E+02  2.18648E+00   1.68954E+02  2.20441E+00   1.71503E+02  2.21976E+00   1.74107E+02  2.23266E+00   1.76766E+02  2.24327E+00   1.79477E+02  2.25172E+00   1.82240E+02  2.25817E+00   1.85051E+02  2.26273E+00   1.87911E+02  2.26555E+00   1.90816E+02  2.26674E+00   1.93767E+02  2.26642E+00   1.96760E+02 
 2.26582E+00   1.71160E+01  2.26604E+00   1.41270E+01  2.26477E+00   1.11814E+01  2.26186E+00   8.28063E+00  2.25720E+00   5.42612E+00  2.25066E+00   2.61945E+00  2.24211E+00   3.59862E+02  2.23141E+00   3.57156E+02  2.21841E+00   3.54502E+02  2.20297E+00   3.51903E+02  2.18493E+00   3.49359E+02  2.16416E+00   3.46873E+02  2.14049E+00   3.44447E+02  2.11377E+00   3.42082E+02  2.08386E+00   3.39781E+02  2.05059E+00   3.37544E+02  2.01383E+00   3.35375E+02  1.97344E+00   3.33274E+02  1.92929E+00   3.31244E+02  1.88125E+00   3.29287E+02  1.82922E+00   3.27405E+02  1.77311E+00   3.25599E+02  1.71284E+00   3.23872E+02  1.64837E+00   3.22225E+02  1.57965E+00   3.20661E+02  1.50669E+00   3.19181E+02  1.42951E+00   3.17788E+02  1.34817E+00   3.16481E+02  1.26276E+00   3.15265E+02  1.17340E+00   3.14139E+02  1.08025E+00   3.13106E+02  9.83501E-01   3.12166E+02  8.83392E-01   3.11322E+02  7.80188E-01   3.10574E+02  6.74191E-01   3.09924E+02  5.65732E-01   3.09372E+02  4.55175E-01   3.08919E+02  3.42907E-01   3.08566E+02  2.29337E-01   3.08314E+02  1.14889E-01   3.08162E+02  2.51556E-07   2.62528E+02  1.14889E-01   1.28163E+02  2.29337E-01   1.28314E+02  3.42907E-01   1.28566E+02  4.55175E-01   1.28919E+02  5.65732E-01   1.29372E+02  6.74190E-01   1.29924E+02  7.80188E-01   1.30574E+02  8.83392E-01   1.31322E+02  9.83501E-01   1.32166E+02  1.08025E+00   1.33106E+02  1.17340E+00   1.34139E+02  1.26276E+00   1.35265E+02  1.34817E+00   1.36481E+02  1.42951E+00   1.37788E+02  1.50669E+00   1.39181E+02  1.57965E+00   1.40661E+02  1.64837E+00   1.42225E+02  1.71285E+00   1.43872E+02  1.77311E+00   1.45599E+02  1.82922E+00   1.47405E+02  1.88125E+00   1.49287E+02  1.92929E+00   1.51244E+02  1.97344E+00   1.53274E+02  2.01383E+00   1.55375E+02  2.05059E+00   1.57544E+02  2.08386E+00   1.59781E+02  2.11377E+00   1.62082E+02  2.14049E+00   1.64447E+02  2.16416E+00   1.66873E+02  2.18493E+00   1.69359E+02  2.20297E+00   1.71903E+02  2.21841E+00   1.74502E+02  2.23141E+00   1.77156E+02  2.24211E+00   1.79862E+02  2.25066E+00   1.82619E+02  2.25720E+00   1.85426E+02  2.26186E+00   1.88281E+02  2.26476E+00   1.91181E+02  2.26604E+00   1.94127E+02  2.26582E+00   1.97116E+02 
 2.26375E+00   1.75438E+01  2.26386E+00   1.45603E+01  2.26246E+00   1.16202E+01  2.25942E+00   8.72502E+00  2.25464E+00   5.87614E+00  2.24797E+00   3.07513E+00  2.23929E+00   3.23581E-01  2.22846E+00   3.57623E+02  2.21533E+00   3.54975E+02  2.19977E+00   3.52382E+02  2.18161E+00   3.49844E+02  2.16072E+00   3.47364E+02  2.13693E+00   3.44944E+02  2.11011E+00   3.42585E+02  2.08009E+00   3.40289E+02  2.04673E+00   3.38058E+02  2.00989E+00   3.35894E+02  1.96943E+00   3.33799E+02  1.92522E+00   3.31775E+02  1.87714E+00   3.29824E+02  1.82509E+00   3.27947E+02  1.76897E+00   3.26147E+02  1.70872E+00   3.24425E+02  1.64428E+00   3.22783E+02  1.57562E+00   3.21224E+02  1.50274E+00   3.19749E+02  1.42567E+00   3.18360E+02  1.34446E+00   3.17058E+02  1.25920E+00   3.15845E+02  1.17002E+00   3.14723E+02  1.07708E+00   3.13694E+02  9.80567E-01   3.12758E+02  8.80715E-01   3.11916E+02  7.77791E-01   3.11171E+02  6.72093E-01   3.10523E+02  5.63954E-01   3.09973E+02  4.53733E-01   3.09522E+02  3.41814E-01   3.09171E+02  2.28603E-01   3.08919E+02  1.14520E-01   3.08768E+02  2.06251E-07   2.94938E+02  1.14520E-01   1.28768E+02  2.28602E-01   1.28919E+02  3.41813E-01   1.29171E+02  4.53733E-01   1.29522E+02  5.63954E-01   1.29973E+02  6.72093E-01   1.30523E+02  7.77790E-01   1.31171E+02  8.80714E-01   1.31916E+02  9.80566E-01   1.32758E+02  1.07708E+00   1.33694E+02  1.17002E+00   1.34723E+02  1.25920E+00   1.35845E+02  1.34446E+00   1.37058E+02  1.42567E+00   1.38360E+02  1.50274E+00   1.39749E+02  1.57562E+00   1.41224E+02  1.64428E+00   1.42783E+02  1.70872E+00   1.44425E+02  1.76897E+00   1.46147E+02  1.82509E+00   1.47947E+02  1.87714E+00   1.49824E+02  1.92522E+00   1.51775E+02  1.96943E+00   1.53799E+02  2.00989E+00   1.55894E+02  2.04673E+00   1.58058E+02  2.08009E+00   1.60289E+02  2.11011E+00   1.62585E+02  2.13693E+00   1.64944E+02  2.16072E+00   1.67364E+02  2.18161E+00   1.69844E+02  2.19977E+00   1.72381E+02  2.21533E+00   1.74975E+02  2.22846E+00   1.77623E+02  2.23929E+00   1.80324E+02  2.24797E+00   1.83075E+02  2.25464E+00   1.85876E+02  2.25942E+00   1.88725E+02  2.26246E+00   1.91620E+02  2.26386E+00   1.94560E+02  2.26375E+00   1.97544E+02 
 2.26025E+00   1.80437E+01  2.26020E+00   1.50663E+01  2.25864E+00   1.21324E+01  2.25545E+00   9.24352E+00  2.25050E+00   6.40100E+00  2.24367E+00   3.60641E+00  2.23483E+00   8.61318E-01  2.22384E+00   3.58167E+02  2.21056E+00   3.55526E+02  2.19484E+00   3.52939E+02  2.17653E+00   3.50408E+02  2.15550E+00   3.47935E+02  2.13158E+00   3.45521E+02  2.10463E+00   3.43168E+02  2.07450E+00   3.40879E+02  2.04104E+00   3.38655E+02  2.00411E+00   3.36498E+02  1.96358E+00   3.34409E+02  1.91932E+00   3.32391E+02  1.87121E+00   3.30446E+02  1.81915E+00   3.28575E+02  1.76305E+00   3.26781E+02  1.70284E+00   3.25065E+02  1.63847E+00   3.23429E+02  1.56991E+00   3.21875E+02  1.49717E+00   3.20405E+02  1.42026E+00   3.19021E+02  1.33925E+00   3.17724E+02  1.25423E+00   3.16516E+02  1.16531E+00   3.15398E+02  1.07267E+00   3.14372E+02  9.76491E-01   3.13440E+02  8.77003E-01   3.12602E+02  7.74472E-01   3.11860E+02  6.69195E-01   3.11214E+02  5.61500E-01   3.10667E+02  4.51743E-01   3.10217E+02  3.40306E-01   3.09867E+02  2.27590E-01   3.09617E+02  1.14012E-01   3.09467E+02  2.00681E-07   3.29284E+02  1.14011E-01   1.29467E+02  2.27589E-01   1.29617E+02  3.40305E-01   1.29867E+02  4.51743E-01   1.30217E+02  5.61499E-01   1.30667E+02  6.69194E-01   1.31214E+02  7.74472E-01   1.31860E+02  8.77003E-01   1.32602E+02  9.76491E-01   1.33440E+02  1.07267E+00   1.34372E+02  1.16531E+00   1.35398E+02  1.25423E+00   1.36516E+02  1.33925E+00   1.37724E+02  1.42026E+00   1.39021E+02  1.49717E+00   1.40405E+02  1.56991E+00   1.41875E+02  1.63847E+00   1.43429E+02  1.70284E+00   1.45065E+02  1.76305E+00   1.46781E+02  1.81915E+00   1.48575E+02  1.87121E+00   1.50446E+02  1.91932E+00   1.52391E+02  1.96358E+00   1.54409E+02  2.00411E+00   1.56498E+02  2.04104E+00   1.58655E+02  2.07450E+00   1.60879E+02  2.10463E+00   1.63168E+02  2.13158E+00   1.65521E+02  2.15550E+00   1.67935E+02  2.17653E+00   1.70408E+02  2.19484E+00   1.72939E+02  2.21056E+00   1.75526E+02  2.22384E+00   1.78167E+02  2.23483E+00   1.80861E+02  2.24367E+00   1.83606E+02  2.25050E+00   1.86401E+02  2.25545E+00   1.89243E+02  2.25864E+00   1.92132E+02  2.26020E+00   1.95066E+02  2.26025E+00   1.98044E+02 
 2.25533E+00   1.86150E+01  2.25508E+00   1.56446E+01  2.25333E+00   1.27176E+01  2.24994E+00   9.83571E+00  2.24480E+00   7.00025E+00  2.23778E+00   4.21277E+00  2.22875E+00   1.47485E+00  2.21757E+00   3.58788E+02  2.20410E+00   3.56154E+02  2.18821E+00   3.53574E+02  2.16973E+00   3.51050E+02  2.14853E+00   3.48584E+02  2.12446E+00   3.46178E+02  2.09737E+00   3.43833E+02  2.06711E+00   3.41551E+02  2.03354E+00   3.39334E+02  1.99653E+00   3.37184E+02  1.95593E+00   3.35102E+02  1.91162E+00   3.33091E+02  1.86349E+00   3.31153E+02  1.81144E+00   3.29288E+02  1.75538E+00   3.27501E+02  1.69525E+00   3.25791E+02  1.63098E+00   3.24161E+02  1.56257E+00   3.22614E+02  1.49001E+00   3.21149E+02  1.41333E+00   3.19771E+02  1.33259E+00   3.18479E+02  1.24787E+00   3.17276E+02  1.15931E+00   3.16162E+02  1.06706E+00   3.15141E+02  9.71307E-01   3.14212E+02  8.72286E-01   3.13378E+02  7.70259E-01   3.12639E+02  6.65518E-01   3.11997E+02  5.58388E-01   3.11451E+02  4.49222E-01   3.11004E+02  3.38396E-01   3.10655E+02  2.26308E-01   3.10406E+02  1.13368E-01   3.10256E+02  2.94974E-07   3.28961E+02  1.13368E-01   1.30256E+02  2.26308E-01   1.30406E+02  3.38396E-01   1.30655E+02  4.49222E-01   1.31004E+02  5.58388E-01   1.31451E+02  6.65517E-01   1.31996E+02  7.70259E-01   1.32639E+02  8.72287E-01   1.33378E+02  9.71306E-01   1.34212E+02  1.06706E+00   1.35141E+02  1.15931E+00   1.36162E+02  1.24787E+00   1.37276E+02  1.33259E+00   1.38479E+02  1.41333E+00   1.39771E+02  1.49001E+00   1.41149E+02  1.56257E+00   1.42614E+02  1.63098E+00   1.44161E+02  1.69525E+00   1.45791E+02  1.75538E+00   1.47501E+02  1.81144E+00   1.49289E+02  1.86349E+00   1.51153E+02  1.91162E+00   1.53091E+02  1.95593E+00   1.55102E+02  1.99653E+00   1.57184E+02  2.03355E+00   1.59334E+02  2.06711E+00   1.61551E+02  2.09737E+00   1.63833E+02  2.12446E+00   1.66178E+02  2.14853E+00   1.68584E+02  2.16973E+00   1.71050E+02  2.18821E+00   1.73574E+02  2.20410E+00   1.76154E+02  2.21757E+00   1.78788E+02  2.22875E+00   1.81475E+02  2.23779E+00   1.84213E+02  2.24480E+00   1.87000E+02  2.24994E+00   1.89836E+02  2.25333E+00   1.92718E+02  2.25508E+00   1.95645E+02  2.25533E+00   1.98615E+02 
 2.24901E+00   1.92575E+01  2.24854E+00   1.62946E+01  2.24656E+00   1.33753E+01  2.24295E+00   1.05010E+01  2.23758E+00   7.67335E+00  2.23034E+00   4.89370E+00  2.22109E+00   2.16364E+00  2.20969E+00   3.59485E+02  2.19601E+00   3.56858E+02  2.17991E+00   3.54287E+02  2.16124E+00   3.51771E+02  2.13986E+00   3.49313E+02  2.11562E+00   3.46914E+02  2.08837E+00   3.44577E+02  2.05798E+00   3.42303E+02  2.02429E+00   3.40094E+02  1.98719E+00   3.37951E+02  1.94652E+00   3.35877E+02  1.90217E+00   3.33874E+02  1.85404E+00   3.31943E+02  1.80202E+00   3.30086E+02  1.74602E+00   3.28305E+02  1.68599E+00   3.26603E+02  1.62187E+00   3.24980E+02  1.55365E+00   3.23438E+02  1.48133E+00   3.21980E+02  1.40493E+00   3.20607E+02  1.32452E+00   3.19321E+02  1.24019E+00   3.18123E+02  1.15205E+00   3.17015E+02  1.06028E+00   3.15998E+02  9.65052E-01   3.15074E+02  8.66601E-01   3.14244E+02  7.65183E-01   3.13508E+02  6.61091E-01   3.12868E+02  5.54644E-01   3.12326E+02  4.46190E-01   3.11881E+02  3.36100E-01   3.11534E+02  2.24766E-01   3.11286E+02  1.12594E-01   3.11137E+02  2.60907E-07   2.64675E+02  1.12594E-01   1.31137E+02  2.24766E-01   1.31286E+02  3.36100E-01   1.31534E+02  4.46190E-01   1.31881E+02  5.54643E-01   1.32326E+02  6.61090E-01   1.32868E+02  7.65183E-01   1.33508E+02  8.66601E-01   1.34244E+02  9.65053E-01   1.35074E+02  1.06028E+00   1.35998E+02  1.15206E+00   1.37015E+02  1.24019E+00   1.38123E+02  1.32452E+00   1.39321E+02  1.40493E+00   1.40607E+02  1.48133E+00   1.41980E+02  1.55365E+00   1.43438E+02  1.62187E+00   1.44980E+02  1.68599E+00   1.46603E+02  1.74602E+00   1.48305E+02  1.80202E+00   1.50086E+02  1.85404E+00   1.51943E+02  1.90217E+00   1.53874E+02  1.94652E+00   1.55877E+02  1.98719E+00   1.57951E+02  2.02430E+00   1.60094E+02  2.05798E+00   1.62303E+02  2.08837E+00   1.64577E+02  2.11562E+00   1.66914E+02  2.13986E+00   1.69313E+02  2.16124E+00   1.71771E+02  2.17991E+00   1.74287E+02  2.19601E+00   1.76859E+02  2.20969E+00   1.79485E+02  2.22109E+00   1.82164E+02  2.23034E+00   1.84894E+02  2.23758E+00   1.87673E+02  2.24295E+00   1.90501E+02  2.24656E+00   1.93375E+02  2.24854E+00   1.96295E+02  2.24901E+00   1.99257E+02 
 2.24132E+00   1.99705E+01  2.24059E+00   1.70159E+01  2.23835E+00   1.41048E+01  2.23449E+00   1.12390E+01  2.22886E+00   8.41975E+00  2.22137E+00   5.64857E+00  2.21187E+00   2.92704E+00  2.20023E+00   2.56700E-01  2.18632E+00   3.57639E+02  2.16999E+00   3.55076E+02  2.15111E+00   3.52569E+02  2.12952E+00   3.50119E+02  2.10510E+00   3.47729E+02  2.07769E+00   3.45401E+02  2.04715E+00   3.43135E+02  2.01334E+00   3.40934E+02  1.97614E+00   3.38800E+02  1.93541E+00   3.36735E+02  1.89104E+00   3.34739E+02  1.84291E+00   3.32816E+02  1.79093E+00   3.30967E+02  1.73503E+00   3.29194E+02  1.67513E+00   3.27499E+02  1.61120E+00   3.25883E+02  1.54321E+00   3.24349E+02  1.47118E+00   3.22897E+02  1.39512E+00   3.21531E+02  1.31511E+00   3.20250E+02  1.23122E+00   3.19058E+02  1.14360E+00   3.17955E+02  1.05238E+00   3.16944E+02  9.57773E-01   3.16024E+02  8.59987E-01   3.15197E+02  7.59282E-01   3.14466E+02  6.55946E-01   3.13829E+02  5.50293E-01   3.13289E+02  4.42668E-01   3.12846E+02  3.33434E-01   3.12501E+02  2.22977E-01   3.12254E+02  1.11696E-01   3.12106E+02  1.45604E-07   3.38790E+02  1.11696E-01   1.32106E+02  2.22977E-01   1.32254E+02  3.33434E-01   1.32501E+02  4.42668E-01   1.32846E+02  5.50293E-01   1.33289E+02  6.55946E-01   1.33829E+02  7.59283E-01   1.34466E+02  8.59987E-01   1.35197E+02  9.57774E-01   1.36024E+02  1.05239E+00   1.36944E+02  1.14360E+00   1.37955E+02  1.23123E+00   1.39058E+02  1.31511E+00   1.40250E+02  1.39512E+00   1.41531E+02  1.47118E+00   1.42897E+02  1.54321E+00   1.44349E+02  1.61120E+00   1.45883E+02  1.67513E+00   1.47499E+02  1.73503E+00   1.49194E+02  1.79093E+00   1.50967E+02  1.84291E+00   1.52816E+02  1.89104E+00   1.54739E+02  1.93541E+00   1.56735E+02  1.97614E+00   1.58800E+02  2.01334E+00   1.60934E+02  2.04715E+00   1.63135E+02  2.07769E+00   1.65401E+02  2.10510E+00   1.67729E+02  2.12952E+00   1.70119E+02  2.15111E+00   1.72569E+02  2.16999E+00   1.75076E+02  2.18632E+00   1.77639E+02  2.20023E+00   1.80257E+02  2.21187E+00   1.82927E+02  2.22137E+00   1.85649E+02  2.22886E+00   1.88420E+02  2.23448E+00   1.91239E+02  2.23835E+00   1.94105E+02  2.24059E+00   1.97016E+02  2.24132E+00   1.99970E+02 
 2.23229E+00   2.07535E+01  2.23127E+00   1.78078E+01  2.22875E+00   1.49058E+01  2.22460E+00   1.20490E+01  2.21869E+00   9.23882E+00  2.21092E+00   6.47679E+00  2.20115E+00   3.76443E+00  2.18924E+00   1.10332E+00  2.17507E+00   3.58495E+02  2.15850E+00   3.55941E+02  2.13938E+00   3.53443E+02  2.11758E+00   3.51003E+02  2.09296E+00   3.48622E+02  2.06537E+00   3.46303E+02  2.03468E+00   3.44046E+02  2.00075E+00   3.41855E+02  1.96345E+00   3.39729E+02  1.92267E+00   3.37672E+02  1.87827E+00   3.35686E+02  1.83017E+00   3.33771E+02  1.77826E+00   3.31931E+02  1.72247E+00   3.30166E+02  1.66274E+00   3.28478E+02  1.59903E+00   3.26870E+02  1.53132E+00   3.25343E+02  1.45962E+00   3.23899E+02  1.38396E+00   3.22539E+02  1.30440E+00   3.21265E+02  1.22104E+00   3.20079E+02  1.13400E+00   3.18982E+02  1.04343E+00   3.17975E+02  9.49519E-01   3.17060E+02  8.52491E-01   3.16238E+02  7.52597E-01   3.15510E+02  6.50120E-01   3.14877E+02  5.45369E-01   3.14340E+02  4.38682E-01   3.13900E+02  3.30417E-01   3.13557E+02  2.20952E-01   3.13311E+02  1.10680E-01   3.13164E+02  1.79587E-07   3.30527E+02  1.10679E-01   1.33164E+02  2.20952E-01   1.33311E+02  3.30417E-01   1.33557E+02  4.38682E-01   1.33900E+02  5.45369E-01   1.34340E+02  6.50119E-01   1.34877E+02  7.52598E-01   1.35510E+02  8.52492E-01   1.36238E+02  9.49520E-01   1.37060E+02  1.04343E+00   1.37975E+02  1.13400E+00   1.38982E+02  1.22104E+00   1.40079E+02  1.30441E+00   1.41265E+02  1.38396E+00   1.42539E+02  1.45962E+00   1.43899E+02  1.53132E+00   1.45343E+02  1.59903E+00   1.46870E+02  1.66274E+00   1.48478E+02  1.72247E+00   1.50166E+02  1.77826E+00   1.51931E+02  1.83017E+00   1.53771E+02  1.87827E+00   1.55686E+02  1.92267E+00   1.57672E+02  1.96346E+00   1.59729E+02  2.00075E+00   1.61855E+02  2.03468E+00   1.64046E+02  2.06537E+00   1.66303E+02  2.09296E+00   1.68622E+02  2.11758E+00   1.71003E+02  2.13938E+00   1.73443E+02  2.15850E+00   1.75941E+02  2.17507E+00   1.78495E+02  2.18924E+00   1.81103E+02  2.20115E+00   1.83764E+02  2.21092E+00   1.86477E+02  2.21869E+00   1.89239E+02  2.22460E+00   1.92049E+02  2.22875E+00   1.94906E+02  2.23127E+00   1.97808E+02  2.23229E+00   2.00753E+02 
 2.22195E+00   2.16060E+01  2.22063E+00   1.86699E+01  2.21779E+00   1.57775E+01  2.21333E+00   1.29303E+01  2.20712E+00   1.01299E+01  2.19904E+00   7.37763E+00  2.18897E+00   4.67509E+00  2.17677E+00   2.02384E+00  2.16232E+00   3.59425E+02  2.14549E+00   3.56881E+02  2.12612E+00   3.54393E+02  2.10409E+00   3.51963E+02  2.07926E+00   3.49592E+02  2.05149E+00   3.47282E+02  2.02064E+00   3.45036E+02  1.98659E+00   3.42853E+02  1.94920E+00   3.40738E+02  1.90836E+00   3.38690E+02  1.86396E+00   3.36713E+02  1.81589E+00   3.34807E+02  1.76407E+00   3.32975E+02  1.70842E+00   3.31219E+02  1.64889E+00   3.29540E+02  1.58543E+00   3.27940E+02  1.51804E+00   3.26421E+02  1.44673E+00   3.24984E+02  1.37152E+00   3.23631E+02  1.29248E+00   3.22364E+02  1.20971E+00   3.21185E+02  1.12332E+00   3.20093E+02  1.03347E+00   3.19092E+02  9.40346E-01   3.18183E+02  8.44164E-01   3.17365E+02  7.45173E-01   3.16641E+02  6.43651E-01   3.16012E+02  5.39903E-01   3.15478E+02  4.34258E-01   3.15040E+02  3.27070E-01   3.14699E+02  2.18706E-01   3.14455E+02  1.09552E-01   3.14308E+02  2.15756E-07   1.13702E+02  1.09553E-01   1.34308E+02  2.18707E-01   1.34455E+02  3.27070E-01   1.34699E+02  4.34259E-01   1.35040E+02  5.39903E-01   1.35478E+02  6.43651E-01   1.36012E+02  7.45174E-01   1.36641E+02  8.44165E-01   1.37365E+02  9.40347E-01   1.38183E+02  1.03347E+00   1.39092E+02  1.12332E+00   1.40093E+02  1.20971E+00   1.41185E+02  1.29248E+00   1.42364E+02  1.37152E+00   1.43631E+02  1.44673E+00   1.44984E+02  1.51804E+00   1.46421E+02  1.58543E+00   1.47940E+02  1.64888E+00   1.49540E+02  1.70842E+00   1.51219E+02  1.76407E+00   1.52975E+02  1.81589E+00   1.54807E+02  1.86396E+00   1.56713E+02  1.90836E+00   1.58690E+02  1.94920E+00   1.60738E+02  1.98659E+00   1.62853E+02  2.02064E+00   1.65036E+02  2.05149E+00   1.67282E+02  2.07926E+00   1.69592E+02  2.10409E+00   1.71963E+02  2.12612E+00   1.74393E+02  2.14549E+00   1.76881E+02  2.16233E+00   1.79425E+02  2.17677E+00   1.82024E+02  2.18897E+00   1.84675E+02  2.19904E+00   1.87378E+02  2.20711E+00   1.90130E+02  2.21332E+00   1.92930E+02  2.21779E+00   1.95778E+02  2.22063E+00   1.98670E+02  2.22195E+00   2.01606E+02 
 2.21036E+00   2.25273E+01  2.20869E+00   1.96013E+01  2.20552E+00   1.67192E+01  2.20072E+00   1.38823E+01  2.19418E+00   1.10923E+01  2.18577E+00   8.35040E+00  2.17538E+00   5.65827E+00  2.16288E+00   3.01748E+00  2.14814E+00   4.29472E-01  2.13102E+00   3.57896E+02  2.11139E+00   3.55418E+02  2.08912E+00   3.52998E+02  2.06407E+00   3.50638E+02  2.03611E+00   3.48339E+02  2.00510E+00   3.46102E+02  1.97092E+00   3.43930E+02  1.93345E+00   3.41824E+02  1.89257E+00   3.39787E+02  1.84816E+00   3.37819E+02  1.80015E+00   3.35923E+02  1.74844E+00   3.34101E+02  1.69296E+00   3.32353E+02  1.63365E+00   3.30683E+02  1.57049E+00   3.29092E+02  1.50347E+00   3.27581E+02  1.43258E+00   3.26152E+02  1.35788E+00   3.24807E+02  1.27942E+00   3.23547E+02  1.19729E+00   3.22374E+02  1.11163E+00   3.21289E+02  1.02257E+00   3.20294E+02  9.30311E-01   3.19389E+02  8.35058E-01   3.18576E+02  7.37058E-01   3.17857E+02  6.36583E-01   3.17231E+02  5.33932E-01   3.16701E+02  4.29428E-01   3.16265E+02  3.23415E-01   3.15926E+02  2.16254E-01   3.15684E+02  1.08322E-01   3.15538E+02  2.20103E-07   1.19534E+02  1.08322E-01   1.35538E+02  2.16255E-01   1.35684E+02  3.23415E-01   1.35926E+02  4.29428E-01   1.36265E+02  5.33932E-01   1.36701E+02  6.36583E-01   1.37231E+02  7.37059E-01   1.37857E+02  8.35059E-01   1.38576E+02  9.30312E-01   1.39389E+02  1.02257E+00   1.40294E+02  1.11163E+00   1.41289E+02  1.19729E+00   1.42374E+02  1.27942E+00   1.43547E+02  1.35788E+00   1.44807E+02  1.43258E+00   1.46152E+02  1.50347E+00   1.47581E+02  1.57049E+00   1.49092E+02  1.63365E+00   1.50683E+02  1.69295E+00   1.52353E+02  1.74844E+00   1.54101E+02  1.80015E+00   1.55923E+02  1.84817E+00   1.57819E+02  1.89257E+00   1.59787E+02  1.93345E+00   1.61824E+02  1.97092E+00   1.63930E+02  2.00510E+00   1.66102E+02  2.03611E+00   1.68339E+02  2.06407E+00   1.70638E+02  2.08912E+00   1.72998E+02  2.11139E+00   1.75418E+02  2.13102E+00   1.77896E+02  2.14814E+00   1.80429E+02  2.16288E+00   1.83017E+02  2.17538E+00   1.85658E+02  2.18577E+00   1.88350E+02  2.19417E+00   1.91092E+02  2.20072E+00   1.93882E+02  2.20552E+00   1.96719E+02  2.20870E+00   1.99601E+02  2.21036E+00   2.02527E+02 
 2.19755E+00   2.35167E+01  2.19552E+00   2.06015E+01  2.19198E+00   1.77303E+01  2.18682E+00   1.49043E+01  2.17993E+00   1.21252E+01  2.17118E+00   9.39431E+00  2.16046E+00   6.71321E+00  2.14763E+00   4.08344E+00  2.13257E+00   1.50651E+00  2.11516E+00   3.58984E+02  2.09526E+00   3.56517E+02  2.07273E+00   3.54109E+02  2.04746E+00   3.51759E+02  2.01930E+00   3.49471E+02  1.98814E+00   3.47245E+02  1.95383E+00   3.45083E+02  1.91628E+00   3.42988E+02  1.87536E+00   3.40961E+02  1.83098E+00   3.39004E+02  1.78304E+00   3.37118E+02  1.73146E+00   3.35305E+02  1.67617E+00   3.33567E+02  1.61712E+00   3.31906E+02  1.55429E+00   3.30324E+02  1.48767E+00   3.28821E+02  1.41726E+00   3.27401E+02  1.34311E+00   3.26064E+02  1.26528E+00   3.24811E+02  1.18387E+00   3.23645E+02  1.09899E+00   3.22567E+02  1.01080E+00   3.21578E+02  9.19476E-01   3.20679E+02  8.25230E-01   3.19871E+02  7.28302E-01   3.19156E+02  6.28959E-01   3.18534E+02  5.27492E-01   3.18007E+02  4.24219E-01   3.17575E+02  3.19474E-01   3.17238E+02  2.13611E-01   3.16996E+02  1.06995E-01   3.16852E+02  7.01876E-07   1.31729E+02  1.06996E-01   1.36852E+02  2.13612E-01   1.36996E+02  3.19475E-01   1.37238E+02  4.24220E-01   1.37575E+02  5.27493E-01   1.38007E+02  6.28960E-01   1.38534E+02  7.28303E-01   1.39156E+02  8.25231E-01   1.39871E+02  9.19477E-01   1.40679E+02  1.01080E+00   1.41578E+02  1.09899E+00   1.42567E+02  1.18387E+00   1.43645E+02  1.26529E+00   1.44811E+02  1.34311E+00   1.46064E+02  1.41726E+00   1.47401E+02  1.48767E+00   1.48821E+02  1.55429E+00   1.50324E+02  1.61712E+00   1.51906E+02  1.67617E+00   1.53567E+02  1.73145E+00   1.55305E+02  1.78304E+00   1.57118E+02  1.83098E+00   1.59004E+02  1.87537E+00   1.60961E+02  1.91628E+00   1.62988E+02  1.95384E+00   1.65083E+02  1.98814E+00   1.67245E+02  2.01930E+00   1.69471E+02  2.04746E+00   1.71759E+02  2.07274E+00   1.74109E+02  2.09526E+00   1.76517E+02  2.11516E+00   1.78984E+02  2.13257E+00   1.81507E+02  2.14763E+00   1.84083E+02  2.16046E+00   1.86713E+02  2.17118E+00   1.89394E+02  2.17993E+00   1.92125E+02  2.18682E+00   1.94904E+02  2.19198E+00   1.97730E+02  2.19552E+00   2.00602E+02  2.19754E+00   2.03517E+02 
 2.18356E+00   2.45736E+01  2.18116E+00   2.16698E+01  2.17724E+00   1.88099E+01  2.17170E+00   1.59955E+01  2.16443E+00   1.32279E+01  2.15532E+00   1.05086E+01  2.14424E+00   7.83904E+00  2.13108E+00   5.22087E+00  2.11570E+00   2.65556E+00  2.09798E+00   1.44614E-01  2.07779E+00   3.57690E+02  2.05501E+00   3.55292E+02  2.02951E+00   3.52954E+02  2.00115E+00   3.50677E+02  1.96983E+00   3.48463E+02  1.93541E+00   3.46313E+02  1.89778E+00   3.44229E+02  1.85684E+00   3.42212E+02  1.81249E+00   3.40265E+02  1.76464E+00   3.38390E+02  1.71321E+00   3.36587E+02  1.65814E+00   3.34860E+02  1.59939E+00   3.33208E+02  1.53692E+00   3.31635E+02  1.47074E+00   3.30142E+02  1.40086E+00   3.28730E+02  1.32731E+00   3.27401E+02  1.25016E+00   3.26156E+02  1.16952E+00   3.24997E+02  1.08549E+00   3.23926E+02  9.98225E-01   3.22943E+02  9.07906E-01   3.22050E+02  8.14739E-01   3.21248E+02  7.18959E-01   3.20537E+02  6.20825E-01   3.19920E+02  5.20625E-01   3.19396E+02  4.18665E-01   3.18966E+02  3.15274E-01   3.18631E+02  2.10794E-01   3.18392E+02  1.05581E-01   3.18248E+02  7.09256E-07   1.35173E+02  1.05582E-01   1.38248E+02  2.10795E-01   1.38392E+02  3.15275E-01   1.38631E+02  4.18666E-01   1.38966E+02  5.20626E-01   1.39396E+02  6.20826E-01   1.39920E+02  7.18960E-01   1.40537E+02  8.14740E-01   1.41248E+02  9.07907E-01   1.42050E+02  9.98225E-01   1.42943E+02  1.08549E+00   1.43926E+02  1.16952E+00   1.44997E+02  1.25016E+00   1.46156E+02  1.32731E+00   1.47401E+02  1.40085E+00   1.48730E+02  1.47074E+00   1.50142E+02  1.53692E+00   1.51635E+02  1.59939E+00   1.53208E+02  1.65814E+00   1.54860E+02  1.71321E+00   1.56587E+02  1.76464E+00   1.58390E+02  1.81249E+00   1.60265E+02  1.85685E+00   1.62212E+02  1.89779E+00   1.64229E+02  1.93541E+00   1.66313E+02  1.96983E+00   1.68463E+02  2.00115E+00   1.70677E+02  2.02951E+00   1.72954E+02  2.05501E+00   1.75292E+02  2.07779E+00   1.77690E+02  2.09798E+00   1.80145E+02  2.11570E+00   1.82656E+02  2.13108E+00   1.85221E+02  2.14424E+00   1.87839E+02  2.15532E+00   1.90509E+02  2.16443E+00   1.93228E+02  2.17170E+00   1.95995E+02  2.17724E+00   1.98810E+02  2.18116E+00   2.01670E+02  2.18356E+00   2.04574E+02 
 2.16846E+00   2.56972E+01  2.16566E+00   2.28053E+01  2.16134E+00   1.99574E+01  2.15540E+00   1.71550E+01  2.14775E+00   1.43995E+01  2.13826E+00   1.16923E+01  2.12681E+00   9.03494E+00  2.11329E+00   6.42891E+00  2.09758E+00   3.87575E+00  2.07955E+00   1.37692E+00  2.05907E+00   3.58934E+02  2.03603E+00   3.56549E+02  2.01029E+00   3.54223E+02  1.98175E+00   3.51958E+02  1.95026E+00   3.49755E+02  1.91573E+00   3.47616E+02  1.87804E+00   3.45544E+02  1.83709E+00   3.43539E+02  1.79279E+00   3.41603E+02  1.74505E+00   3.39739E+02  1.69379E+00   3.37947E+02  1.63897E+00   3.36229E+02  1.58054E+00   3.34588E+02  1.51847E+00   3.33025E+02  1.45277E+00   3.31541E+02  1.38345E+00   3.30137E+02  1.31055E+00   3.28817E+02  1.23414E+00   3.27580E+02  1.15431E+00   3.26429E+02  1.07119E+00   3.25365E+02  9.84915E-01   3.24388E+02  8.95666E-01   3.23501E+02  8.03644E-01   3.22704E+02  7.09081E-01   3.21999E+02  6.12228E-01   3.21386E+02  5.13368E-01   3.20865E+02  4.12798E-01   3.20439E+02  3.10836E-01   3.20106E+02  2.07818E-01   3.19869E+02  1.04088E-01   3.19726E+02  6.60926E-07   1.55963E+02  1.04089E-01   1.39726E+02  2.07819E-01   1.39869E+02  3.10837E-01   1.40106E+02  4.12799E-01   1.40439E+02  5.13369E-01   1.40865E+02  6.12230E-01   1.41386E+02  7.09081E-01   1.41999E+02  8.03645E-01   1.42705E+02  8.95666E-01   1.43501E+02  9.84915E-01   1.44388E+02  1.07119E+00   1.45365E+02  1.15431E+00   1.46429E+02  1.23414E+00   1.47580E+02  1.31055E+00   1.48817E+02  1.38345E+00   1.50137E+02  1.45277E+00   1.51541E+02  1.51847E+00   1.53025E+02  1.58054E+00   1.54588E+02  1.63897E+00   1.56229E+02  1.69379E+00   1.57947E+02  1.74505E+00   1.59739E+02  1.79279E+00   1.61603E+02  1.83710E+00   1.63539E+02  1.87805E+00   1.65544E+02  1.91573E+00   1.67616E+02  1.95026E+00   1.69755E+02  1.98174E+00   1.71958E+02  2.01029E+00   1.74223E+02  2.03603E+00   1.76549E+02  2.05907E+00   1.78934E+02  2.07955E+00   1.81377E+02  2.09758E+00   1.83876E+02  2.11329E+00   1.86429E+02  2.12681E+00   1.89035E+02  2.13826E+00   1.91692E+02  2.14775E+00   1.94399E+02  2.15540E+00   1.97155E+02  2.16134E+00   1.99957E+02  2.16565E+00   2.02805E+02  2.16846E+00   2.05697E+02 
 2.15230E+00   2.68867E+01  2.14907E+00   2.40073E+01  2.14434E+00   2.11720E+01  2.13799E+00   1.83822E+01  2.12994E+00   1.56392E+01  2.12006E+00   1.29447E+01  2.10823E+00   1.03000E+01  2.09435E+00   7.70660E+00  2.07830E+00   5.16611E+00  2.05994E+00   2.67994E+00  2.03917E+00   2.49695E-01  2.01586E+00   3.57877E+02  1.98990E+00   3.55563E+02  1.96116E+00   3.53311E+02  1.92953E+00   3.51120E+02  1.89489E+00   3.48994E+02  1.85715E+00   3.46933E+02  1.81620E+00   3.44940E+02  1.77196E+00   3.43016E+02  1.72435E+00   3.41162E+02  1.67329E+00   3.39382E+02  1.61875E+00   3.37675E+02  1.56066E+00   3.36044E+02  1.49903E+00   3.34491E+02  1.43385E+00   3.33016E+02  1.36513E+00   3.31622E+02  1.29292E+00   3.30311E+02  1.21729E+00   3.29082E+02  1.13834E+00   3.27939E+02  1.05617E+00   3.26882E+02  9.70943E-01   3.25913E+02  8.82821E-01   3.25032E+02  7.92006E-01   3.24240E+02  6.98722E-01   3.23540E+02  6.03216E-01   3.22931E+02  5.05762E-01   3.22414E+02  4.06649E-01   3.21991E+02  3.06187E-01   3.21661E+02  2.04700E-01   3.21425E+02  1.02523E-01   3.21283E+02  4.07231E-07   1.51017E+02  1.02524E-01   1.41283E+02  2.04701E-01   1.41425E+02  3.06188E-01   1.41661E+02  4.06650E-01   1.41991E+02  5.05762E-01   1.42414E+02  6.03217E-01   1.42931E+02  6.98722E-01   1.43540E+02  7.92006E-01   1.44240E+02  8.82821E-01   1.45032E+02  9.70942E-01   1.45913E+02  1.05617E+00   1.46882E+02  1.13834E+00   1.47939E+02  1.21729E+00   1.49082E+02  1.29292E+00   1.50311E+02  1.36513E+00   1.51622E+02  1.43384E+00   1.53016E+02  1.49903E+00   1.54491E+02  1.56066E+00   1.56044E+02  1.61875E+00   1.57675E+02  1.67330E+00   1.59382E+02  1.72435E+00   1.61162E+02  1.77197E+00   1.63016E+02  1.81621E+00   1.64940E+02  1.85715E+00   1.66933E+02  1.89489E+00   1.68994E+02  1.92953E+00   1.71120E+02  1.96116E+00   1.73311E+02  1.98990E+00   1.75563E+02  2.01586E+00   1.77877E+02  2.03917E+00   1.80250E+02  2.05994E+00   1.82680E+02  2.07830E+00   1.85166E+02  2.09435E+00   1.87707E+02  2.10823E+00   1.90300E+02  2.12005E+00   1.92945E+02  2.12994E+00   1.95639E+02  2.13799E+00   1.98382E+02  2.14434E+00   2.01172E+02  2.14907E+00   2.04007E+02  2.15229E+00   2.06887E+02 
 2.13512E+00   2.81414E+01  2.13146E+00   2.52749E+01  2.12630E+00   2.24527E+01  2.11953E+00   1.96760E+01  2.11106E+00   1.69462E+01  2.10078E+00   1.42648E+01  2.08857E+00   1.16333E+01  2.07432E+00   9.05303E+00  2.05792E+00   6.52566E+00  2.03924E+00   4.05261E+00  2.01817E+00   1.63544E+00  1.99460E+00   3.59276E+02  1.96841E+00   3.56975E+02  1.93948E+00   3.54735E+02  1.90771E+00   3.52557E+02  1.87298E+00   3.50443E+02  1.83520E+00   3.48395E+02  1.79427E+00   3.46414E+02  1.75011E+00   3.44502E+02  1.70265E+00   3.42660E+02  1.65182E+00   3.40891E+02  1.59757E+00   3.39195E+02  1.53987E+00   3.37575E+02  1.47870E+00   3.36032E+02  1.41406E+00   3.34568E+02  1.34599E+00   3.33183E+02  1.27451E+00   3.31881E+02  1.19971E+00   3.30661E+02  1.12167E+00   3.29526E+02  1.04051E+00   3.28476E+02  9.56380E-01   3.27514E+02  8.69438E-01   3.26639E+02  7.79884E-01   3.25854E+02  6.87936E-01   3.25159E+02  5.93835E-01   3.24554E+02  4.97847E-01   3.24041E+02  4.00252E-01   3.23621E+02  3.01350E-01   3.23293E+02  2.01457E-01   3.23059E+02  1.00896E-01   3.22918E+02  2.65885E-07   2.02242E+02  1.00897E-01   1.42919E+02  2.01458E-01   1.43059E+02  3.01351E-01   1.43293E+02  4.00252E-01   1.43621E+02  4.97847E-01   1.44041E+02  5.93836E-01   1.44554E+02  6.87936E-01   1.45159E+02  7.79884E-01   1.45854E+02  8.69438E-01   1.46639E+02  9.56379E-01   1.47514E+02  1.04051E+00   1.48476E+02  1.12167E+00   1.49526E+02  1.19971E+00   1.50661E+02  1.27451E+00   1.51881E+02  1.34599E+00   1.53183E+02  1.41406E+00   1.54568E+02  1.47870E+00   1.56032E+02  1.53987E+00   1.57575E+02  1.59757E+00   1.59195E+02  1.65182E+00   1.60891E+02  1.70265E+00   1.62660E+02  1.75011E+00   1.64502E+02  1.79427E+00   1.66414E+02  1.83520E+00   1.68395E+02  1.87298E+00   1.70443E+02  1.90770E+00   1.72557E+02  1.93948E+00   1.74735E+02  1.96841E+00   1.76975E+02  1.99460E+00   1.79276E+02  2.01818E+00   1.81635E+02  2.03924E+00   1.84053E+02  2.05792E+00   1.86526E+02  2.07432E+00   1.89053E+02  2.08857E+00   1.91633E+02  2.10078E+00   1.94265E+02  2.11106E+00   1.96946E+02  2.11954E+00   1.99676E+02  2.12630E+00   2.02453E+02  2.13146E+00   2.05275E+02  2.13512E+00   2.08141E+02 
 2.11698E+00   2.94604E+01  2.11288E+00   2.66074E+01  2.10728E+00   2.37987E+01  2.10009E+00   2.10356E+01  2.09120E+00   1.83195E+01  2.08050E+00   1.56517E+01  2.06790E+00   1.30338E+01  2.05328E+00   1.04672E+01  2.03652E+00   7.95344E+00  2.01752E+00   5.49397E+00  1.99616E+00   3.09029E+00  1.97233E+00   7.44053E-01  1.94591E+00   3.58457E+02  1.91680E+00   3.56230E+02  1.88489E+00   3.54065E+02  1.85008E+00   3.51964E+02  1.81227E+00   3.49929E+02  1.77138E+00   3.47960E+02  1.72733E+00   3.46060E+02  1.68003E+00   3.44231E+02  1.62945E+00   3.42473E+02  1.57552E+00   3.40789E+02  1.51823E+00   3.39180E+02  1.45756E+00   3.37648E+02  1.39351E+00   3.36193E+02  1.32612E+00   3.34819E+02  1.25541E+00   3.33526E+02  1.18148E+00   3.32315E+02  1.10440E+00   3.31188E+02  1.02429E+00   3.30146E+02  9.41296E-01   3.29191E+02  8.55582E-01   3.28323E+02  7.67338E-01   3.27543E+02  6.76777E-01   3.26853E+02  5.84132E-01   3.26253E+02  4.89661E-01   3.25745E+02  3.93638E-01   3.25328E+02  2.96350E-01   3.25003E+02  1.98105E-01   3.24770E+02  9.92148E-02   3.24630E+02  3.27722E-07   2.17008E+02  9.92148E-02   1.44631E+02  1.98105E-01   1.44770E+02  2.96351E-01   1.45003E+02  3.93637E-01   1.45328E+02  4.89661E-01   1.45745E+02  5.84132E-01   1.46253E+02  6.76776E-01   1.46853E+02  7.67338E-01   1.47543E+02  8.55581E-01   1.48323E+02  9.41294E-01   1.49191E+02  1.02429E+00   1.50146E+02  1.10439E+00   1.51188E+02  1.18147E+00   1.52315E+02  1.25541E+00   1.53526E+02  1.32612E+00   1.54819E+02  1.39351E+00   1.56193E+02  1.45756E+00   1.57648E+02  1.51823E+00   1.59180E+02  1.57553E+00   1.60789E+02  1.62945E+00   1.62473E+02  1.68004E+00   1.64231E+02  1.72733E+00   1.66060E+02  1.77138E+00   1.67960E+02  1.81227E+00   1.69929E+02  1.85008E+00   1.71964E+02  1.88489E+00   1.74065E+02  1.91680E+00   1.76230E+02  1.94591E+00   1.78457E+02  1.97233E+00   1.80744E+02  1.99616E+00   1.83090E+02  2.01752E+00   1.85494E+02  2.03652E+00   1.87953E+02  2.05328E+00   1.90467E+02  2.06790E+00   1.93034E+02  2.08050E+00   1.95652E+02  2.09120E+00   1.98319E+02  2.10009E+00   2.01036E+02  2.10728E+00   2.03799E+02  2.11288E+00   2.06607E+02  2.11698E+00   2.09460E+02 
 2.09796E+00   3.08428E+01  2.09340E+00   2.80038E+01  2.08735E+00   2.52092E+01  2.07972E+00   2.24601E+01  2.07040E+00   1.97581E+01  2.05929E+00   1.71044E+01  2.04630E+00   1.45006E+01  2.03130E+00   1.19481E+01  2.01419E+00   9.44837E+00  1.99487E+00   7.00292E+00  1.97321E+00   4.61319E+00  1.94912E+00   2.28080E+00  1.92249E+00   7.24665E-03  1.89321E+00   3.57794E+02  1.86117E+00   3.55643E+02  1.82629E+00   3.53555E+02  1.78848E+00   3.51533E+02  1.74764E+00   3.49577E+02  1.70370E+00   3.47690E+02  1.65660E+00   3.45873E+02  1.60629E+00   3.44127E+02  1.55272E+00   3.42455E+02  1.49586E+00   3.40857E+02  1.43572E+00   3.39336E+02  1.37229E+00   3.37892E+02  1.30560E+00   3.36528E+02  1.23570E+00   3.35244E+02  1.16267E+00   3.34042E+02  1.08659E+00   3.32924E+02  1.00757E+00   3.31890E+02  9.25761E-01   3.30942E+02  8.41317E-01   3.30081E+02  7.54427E-01   3.29307E+02  6.65296E-01   3.28623E+02  5.74152E-01   3.28027E+02  4.81245E-01   3.27523E+02  3.86838E-01   3.27109E+02  2.91211E-01   3.26786E+02  1.94661E-01   3.26556E+02  9.74869E-02   3.26418E+02  3.29928E-07   3.35800E+02  9.74860E-02   1.46417E+02  1.94660E-01   1.46556E+02  2.91211E-01   1.46786E+02  3.86836E-01   1.47109E+02  4.81243E-01   1.47523E+02  5.74151E-01   1.48027E+02  6.65295E-01   1.48623E+02  7.54426E-01   1.49307E+02  8.41316E-01   1.50081E+02  9.25759E-01   1.50942E+02  1.00757E+00   1.51890E+02  1.08659E+00   1.52924E+02  1.16267E+00   1.54042E+02  1.23570E+00   1.55244E+02  1.30560E+00   1.56528E+02  1.37229E+00   1.57892E+02  1.43572E+00   1.59336E+02  1.49586E+00   1.60857E+02  1.55272E+00   1.62455E+02  1.60629E+00   1.64127E+02  1.65660E+00   1.65873E+02  1.70370E+00   1.67690E+02  1.74764E+00   1.69577E+02  1.78848E+00   1.71533E+02  1.82629E+00   1.73555E+02  1.86117E+00   1.75643E+02  1.89321E+00   1.77794E+02  1.92249E+00   1.80007E+02  1.94912E+00   1.82281E+02  1.97321E+00   1.84613E+02  1.99487E+00   1.87003E+02  2.01419E+00   1.89448E+02  2.03130E+00   1.91948E+02  2.04629E+00   1.94501E+02  2.05929E+00   1.97104E+02  2.07040E+00   1.99758E+02  2.07972E+00   2.02460E+02  2.08735E+00   2.05209E+02  2.09340E+00   2.08004E+02  2.09796E+00   2.10843E+02 
 2.07809E+00   3.22878E+01  2.07307E+00   2.94633E+01  2.06657E+00   2.66831E+01  2.05849E+00   2.39486E+01  2.04874E+00   2.12611E+01  2.03722E+00   1.86220E+01  2.02383E+00   1.60327E+01  2.00845E+00   1.34947E+01  1.99100E+00   1.10094E+01  1.97135E+00   8.57838E+00  1.94941E+00   6.20300E+00  1.92507E+00   3.88485E+00  1.89823E+00   1.62545E+00  1.86879E+00   3.59426E+02  1.83664E+00   3.57289E+02  1.80171E+00   3.55215E+02  1.76390E+00   3.53206E+02  1.72313E+00   3.51264E+02  1.67933E+00   3.49389E+02  1.63245E+00   3.47585E+02  1.58243E+00   3.45852E+02  1.52923E+00   3.44191E+02  1.47285E+00   3.42605E+02  1.41325E+00   3.41095E+02  1.35047E+00   3.39662E+02  1.28453E+00   3.38308E+02  1.21547E+00   3.37034E+02  1.14337E+00   3.35841E+02  1.06832E+00   3.34732E+02  9.90433E-01   3.33706E+02  9.09842E-01   3.32766E+02  8.26706E-01   3.31911E+02  7.41206E-01   3.31144E+02  6.53544E-01   3.30465E+02  5.63939E-01   3.29875E+02  4.72633E-01   3.29374E+02  3.79882E-01   3.28964E+02  2.85955E-01   3.28644E+02  1.91138E-01   3.28415E+02  9.57197E-02   3.28278E+02  5.22272E-07   3.42989E+02  9.57187E-02   1.48278E+02  1.91136E-01   1.48415E+02  2.85954E-01   1.48644E+02  3.79881E-01   1.48964E+02  4.72632E-01   1.49374E+02  5.63938E-01   1.49875E+02  6.53543E-01   1.50465E+02  7.41206E-01   1.51144E+02  8.26705E-01   1.51911E+02  9.09841E-01   1.52766E+02  9.90432E-01   1.53706E+02  1.06832E+00   1.54732E+02  1.14337E+00   1.55841E+02  1.21547E+00   1.57034E+02  1.28453E+00   1.58308E+02  1.35047E+00   1.59662E+02  1.41326E+00   1.61095E+02  1.47285E+00   1.62605E+02  1.52924E+00   1.64191E+02  1.58243E+00   1.65852E+02  1.63245E+00   1.67585E+02  1.67933E+00   1.69389E+02  1.72313E+00   1.71264E+02  1.76389E+00   1.73206E+02  1.80171E+00   1.75215E+02  1.83664E+00   1.77289E+02  1.86879E+00   1.79426E+02  1.89823E+00   1.81625E+02  1.92507E+00   1.83885E+02  1.94941E+00   1.86203E+02  1.97135E+00   1.88578E+02  1.99100E+00   1.91009E+02  2.00845E+00   1.93495E+02  2.02383E+00   1.96033E+02  2.03722E+00   1.98622E+02  2.04875E+00   2.01261E+02  2.05849E+00   2.03949E+02  2.06657E+00   2.06683E+02  2.07307E+00   2.09463E+02  2.07809E+00   2.12288E+02 
 2.05744E+00   3.37944E+01  2.05196E+00   3.09849E+01  2.04500E+00   2.82197E+01  2.03648E+00   2.55001E+01  2.02630E+00   2.28275E+01  2.01436E+00   2.02034E+01  2.00057E+00   1.76291E+01  1.98482E+00   1.51060E+01  1.96702E+00   1.26355E+01  1.94706E+00   1.02193E+01  1.92484E+00   7.85863E+00  1.90026E+00   5.55508E+00  1.87322E+00   3.31019E+00  1.84363E+00   1.12536E+00  1.81138E+00   3.59002E+02  1.77641E+00   3.56942E+02  1.73862E+00   3.54947E+02  1.69794E+00   3.53018E+02  1.65431E+00   3.51157E+02  1.60766E+00   3.49366E+02  1.55796E+00   3.47645E+02  1.50517E+00   3.45997E+02  1.44927E+00   3.44423E+02  1.39026E+00   3.42924E+02  1.32816E+00   3.41502E+02  1.26298E+00   3.40158E+02  1.19480E+00   3.38894E+02  1.12366E+00   3.37711E+02  1.04968E+00   3.36611E+02  9.72946E-01   3.35593E+02  8.93605E-01   3.34660E+02  8.11809E-01   3.33813E+02  7.27732E-01   3.33052E+02  6.41570E-01   3.32379E+02  5.53536E-01   3.31793E+02  4.63863E-01   3.31297E+02  3.72799E-01   3.30890E+02  2.80604E-01   3.30573E+02  1.87551E-01   3.30346E+02  9.39207E-02   3.30210E+02  5.16276E-07   3.44917E+02  9.39198E-02   1.50210E+02  1.87550E-01   1.50346E+02  2.80603E-01   1.50573E+02  3.72798E-01   1.50890E+02  4.63863E-01   1.51297E+02  5.53535E-01   1.51793E+02  6.41569E-01   1.52379E+02  7.27731E-01   1.53052E+02  8.11808E-01   1.53813E+02  8.93605E-01   1.54660E+02  9.72945E-01   1.55593E+02  1.04968E+00   1.56611E+02  1.12366E+00   1.57711E+02  1.19480E+00   1.58894E+02  1.26299E+00   1.60158E+02  1.32816E+00   1.61502E+02  1.39026E+00   1.62924E+02  1.44927E+00   1.64423E+02  1.50517E+00   1.65997E+02  1.55796E+00   1.67645E+02  1.60766E+00   1.69366E+02  1.65431E+00   1.71157E+02  1.69794E+00   1.73018E+02  1.73862E+00   1.74947E+02  1.77641E+00   1.76942E+02  1.81139E+00   1.79002E+02  1.84363E+00   1.81125E+02  1.87322E+00   1.83310E+02  1.90026E+00   1.85555E+02  1.92484E+00   1.87859E+02  1.94706E+00   1.90219E+02  1.96702E+00   1.92636E+02  1.98482E+00   1.95106E+02  2.00057E+00   1.97629E+02  2.01436E+00   2.00203E+02  2.02630E+00   2.02828E+02  2.03648E+00   2.05500E+02  2.04500E+00   2.08220E+02  2.05196E+00   2.10985E+02  2.05744E+00   2.13794E+02 
 2.03608E+00   3.53618E+01  2.03012E+00   3.25676E+01  2.02271E+00   2.98177E+01  2.01374E+00   2.71135E+01  2.00313E+00   2.44563E+01  1.99078E+00   2.18476E+01  1.97660E+00   1.92886E+01  1.96048E+00   1.67808E+01  1.94234E+00   1.43256E+01  1.92207E+00   1.19245E+01  1.89958E+00   9.57892E+00  1.87477E+00   7.29031E+00  1.84754E+00   5.06026E+00  1.81781E+00   2.89015E+00  1.78549E+00   7.81507E-01  1.75049E+00   3.58736E+02  1.71274E+00   3.56755E+02  1.67217E+00   3.54840E+02  1.62872E+00   3.52992E+02  1.58233E+00   3.51214E+02  1.53297E+00   3.49506E+02  1.48061E+00   3.47870E+02  1.42523E+00   3.46308E+02  1.36682E+00   3.44821E+02  1.30542E+00   3.43411E+02  1.24105E+00   3.42078E+02  1.17376E+00   3.40824E+02  1.10362E+00   3.39650E+02  1.03072E+00   3.38559E+02  9.55176E-01   3.37550E+02  8.77113E-01   3.36625E+02  7.96683E-01   3.35784E+02  7.14055E-01   3.35030E+02  6.29420E-01   3.34362E+02  5.42983E-01   3.33782E+02  4.54970E-01   3.33290E+02  3.65618E-01   3.32886E+02  2.75180E-01   3.32572E+02  1.83916E-01   3.32347E+02  9.20974E-02   3.32212E+02  5.91031E-07   3.49568E+02  9.20966E-02   1.52212E+02  1.83915E-01   1.52347E+02  2.75178E-01   1.52572E+02  3.65618E-01   1.52886E+02  4.54969E-01   1.53290E+02  5.42983E-01   1.53782E+02  6.29420E-01   1.54362E+02  7.14055E-01   1.55030E+02  7.96683E-01   1.55784E+02  8.77114E-01   1.56625E+02  9.55177E-01   1.57550E+02  1.03072E+00   1.58559E+02  1.10362E+00   1.59651E+02  1.17376E+00   1.60824E+02  1.24105E+00   1.62078E+02  1.30542E+00   1.63411E+02  1.36683E+00   1.64821E+02  1.42523E+00   1.66308E+02  1.48061E+00   1.67870E+02  1.53297E+00   1.69506E+02  1.58233E+00   1.71214E+02  1.62872E+00   1.72992E+02  1.67217E+00   1.74840E+02  1.71274E+00   1.76755E+02  1.75049E+00   1.78736E+02  1.78549E+00   1.80781E+02  1.81781E+00   1.82890E+02  1.84754E+00   1.85060E+02  1.87477E+00   1.87290E+02  1.89958E+00   1.89579E+02  1.92207E+00   1.91924E+02  1.94234E+00   1.94326E+02  1.96048E+00   1.96781E+02  1.97660E+00   1.99289E+02  1.99078E+00   2.01848E+02  2.00313E+00   2.04456E+02  2.01374E+00   2.07114E+02  2.02271E+00   2.09818E+02  2.03013E+00   2.12568E+02  2.03608E+00   2.15362E+02 
 2.01405E+00   3.69890E+01  2.00763E+00   3.42106E+01  1.99976E+00   3.14765E+01  1.99035E+00   2.87880E+01  1.97931E+00   2.61465E+01  1.96655E+00   2.35535E+01  1.95198E+00   2.10102E+01  1.93551E+00   1.85181E+01  1.91703E+00   1.60785E+01  1.89646E+00   1.36929E+01  1.87371E+00   1.13627E+01  1.84868E+00   9.08937E+00  1.82128E+00   6.87443E+00  1.79143E+00   4.71933E+00  1.75904E+00   2.62549E+00  1.72404E+00   5.94494E-01  1.68635E+00   3.58628E+02  1.64591E+00   3.56727E+02  1.60266E+00   3.54893E+02  1.55655E+00   3.53128E+02  1.50755E+00   3.51434E+02  1.45564E+00   3.49811E+02  1.40079E+00   3.48261E+02  1.34303E+00   3.46786E+02  1.28235E+00   3.45386E+02  1.21880E+00   3.44064E+02  1.15243E+00   3.42821E+02  1.08331E+00   3.41657E+02  1.01152E+00   3.40575E+02  9.37188E-01   3.39574E+02  8.60426E-01   3.38657E+02  7.81384E-01   3.37824E+02  7.00227E-01   3.37076E+02  6.17139E-01   3.36414E+02  5.32320E-01   3.35839E+02  4.45985E-01   3.35351E+02  3.58365E-01   3.34951E+02  2.69700E-01   3.34640E+02  1.80244E-01   3.34417E+02  9.02559E-02   3.34283E+02  1.65600E-07   6.53627E+01  9.02561E-02   1.54283E+02  1.80244E-01   1.54417E+02  2.69701E-01   1.54639E+02  3.58365E-01   1.54951E+02  4.45985E-01   1.55351E+02  5.32320E-01   1.55839E+02  6.17140E-01   1.56414E+02  7.00228E-01   1.57076E+02  7.81384E-01   1.57824E+02  8.60427E-01   1.58657E+02  9.37189E-01   1.59574E+02  1.01153E+00   1.60575E+02  1.08331E+00   1.61657E+02  1.15243E+00   1.62821E+02  1.21880E+00   1.64064E+02  1.28235E+00   1.65386E+02  1.34303E+00   1.66786E+02  1.40079E+00   1.68261E+02  1.45564E+00   1.69811E+02  1.50755E+00   1.71434E+02  1.55655E+00   1.73128E+02  1.60266E+00   1.74893E+02  1.64591E+00   1.76727E+02  1.68635E+00   1.78628E+02  1.72404E+00   1.80594E+02  1.75904E+00   1.82625E+02  1.79143E+00   1.84719E+02  1.82128E+00   1.86874E+02  1.84868E+00   1.89089E+02  1.87371E+00   1.91363E+02  1.89646E+00   1.93693E+02  1.91703E+00   1.96079E+02  1.93551E+00   1.98518E+02  1.95198E+00   2.01010E+02  1.96655E+00   2.03553E+02  1.97931E+00   2.06147E+02  1.99035E+00   2.08788E+02  1.99976E+00   2.11476E+02  2.00763E+00   2.14211E+02  2.01405E+00   2.16989E+02 
 1.99142E+00   3.86750E+01  1.98454E+00   3.59127E+01  1.97621E+00   3.31947E+01  1.96636E+00   3.05224E+01  1.95490E+00   2.78971E+01  1.94174E+00   2.53201E+01  1.92679E+00   2.27928E+01  1.90996E+00   2.03167E+01  1.89117E+00   1.78930E+01  1.87031E+00   1.55232E+01  1.84731E+00   1.32088E+01  1.82208E+00   1.09511E+01  1.79452E+00   8.75155E+00  1.76456E+00   6.61170E+00  1.73213E+00   4.53292E+00  1.69713E+00   2.51676E+00  1.65952E+00   5.64636E-01  1.61923E+00   3.58678E+02  1.57620E+00   3.56858E+02  1.53040E+00   3.55107E+02  1.48178E+00   3.53426E+02  1.43034E+00   3.51816E+02  1.37606E+00   3.50278E+02  1.31894E+00   3.48815E+02  1.25901E+00   3.47427E+02  1.19631E+00   3.46116E+02  1.13088E+00   3.44883E+02  1.06280E+00   3.43730E+02  9.92151E-01   3.42656E+02  9.19043E-01   3.41665E+02  8.43600E-01   3.40756E+02  7.65963E-01   3.39930E+02  6.86294E-01   3.39189E+02  6.04769E-01   3.38533E+02  5.21581E-01   3.37962E+02  4.36939E-01   3.37479E+02  3.51063E-01   3.37083E+02  2.64186E-01   3.36774E+02  1.76550E-01   3.36553E+02  8.84030E-02   3.36421E+02  3.81287E-07   1.31822E+02  8.84037E-02   1.56420E+02  1.76551E-01   1.56553E+02  2.64187E-01   1.56774E+02  3.51064E-01   1.57083E+02  4.36940E-01   1.57479E+02  5.21582E-01   1.57962E+02  6.04770E-01   1.58533E+02  6.86294E-01   1.59189E+02  7.65964E-01   1.59930E+02  8.43600E-01   1.60756E+02  9.19044E-01   1.61665E+02  9.92152E-01   1.62657E+02  1.06280E+00   1.63730E+02  1.13088E+00   1.64884E+02  1.19631E+00   1.66117E+02  1.25902E+00   1.67427E+02  1.31894E+00   1.68815E+02  1.37606E+00   1.70278E+02  1.43034E+00   1.71816E+02  1.48178E+00   1.73426E+02  1.53040E+00   1.75107E+02  1.57620E+00   1.76858E+02  1.61923E+00   1.78678E+02  1.65952E+00   1.80565E+02  1.69713E+00   1.82517E+02  1.73213E+00   1.84533E+02  1.76456E+00   1.86612E+02  1.79452E+00   1.88752E+02  1.82208E+00   1.90951E+02  1.84731E+00   1.93209E+02  1.87031E+00   1.95523E+02  1.89117E+00   1.97893E+02  1.90996E+00   2.00317E+02  1.92679E+00   2.02793E+02  1.94174E+00   2.05320E+02  1.95490E+00   2.07897E+02  1.96636E+00   2.10522E+02  1.97622E+00   2.13195E+02  1.98454E+00   2.15913E+02  1.99142E+00   2.18675E+02 
 1.96824E+00   4.04190E+01  1.96091E+00   3.76731E+01  1.95213E+00   3.49716E+01  1.94185E+00   3.23157E+01  1.92997E+00   2.97068E+01  1.91642E+00   2.71463E+01  1.90110E+00   2.46354E+01  1.88393E+00   2.21755E+01  1.86482E+00   1.97681E+01  1.84369E+00   1.74144E+01  1.82046E+00   1.51160E+01  1.79503E+00   1.28742E+01  1.76733E+00   1.06903E+01  1.73729E+00   8.56602E+00  1.70482E+00   6.50257E+00  1.66986E+00   4.50147E+00  1.63234E+00   2.56419E+00  1.59221E+00   6.92079E-01  1.54943E+00   3.58887E+02  1.50395E+00   3.57149E+02  1.45574E+00   3.55482E+02  1.40479E+00   3.53885E+02  1.35109E+00   3.52360E+02  1.29465E+00   3.50909E+02  1.23549E+00   3.49533E+02  1.17365E+00   3.48233E+02  1.10918E+00   3.47011E+02  1.04216E+00   3.45867E+02  9.72661E-01   3.44803E+02  9.00797E-01   3.43820E+02  8.26687E-01   3.42919E+02  7.50470E-01   3.42101E+02  6.72300E-01   3.41366E+02  5.92349E-01   3.40716E+02  5.10803E-01   3.40151E+02  4.27862E-01   3.39672E+02  3.43738E-01   3.39279E+02  2.58655E-01   3.38974E+02  1.72845E-01   3.38755E+02  8.65450E-02   3.38623E+02  2.21027E-07   1.86339E+02  8.65454E-02   1.58624E+02  1.72845E-01   1.58755E+02  2.58656E-01   1.58974E+02  3.43739E-01   1.59279E+02  4.27862E-01   1.59672E+02  5.10803E-01   1.60151E+02  5.92349E-01   1.60716E+02  6.72300E-01   1.61366E+02  7.50470E-01   1.62101E+02  8.26687E-01   1.62919E+02  9.00798E-01   1.63820E+02  9.72662E-01   1.64803E+02  1.04216E+00   1.65867E+02  1.10918E+00   1.67011E+02  1.17365E+00   1.68233E+02  1.23549E+00   1.69533E+02  1.29465E+00   1.70909E+02  1.35109E+00   1.72360E+02  1.40479E+00   1.73885E+02  1.45574E+00   1.75481E+02  1.50395E+00   1.77149E+02  1.54943E+00   1.78887E+02  1.59222E+00   1.80692E+02  1.63234E+00   1.82564E+02  1.66986E+00   1.84501E+02  1.70482E+00   1.86503E+02  1.73729E+00   1.88566E+02  1.76733E+00   1.90690E+02  1.79503E+00   1.92874E+02  1.82046E+00   1.95116E+02  1.84369E+00   1.97414E+02  1.86482E+00   1.99768E+02  1.88393E+00   2.02176E+02  1.90110E+00   2.04635E+02  1.91641E+00   2.07146E+02  1.92997E+00   2.09707E+02  1.94185E+00   2.12316E+02  1.95213E+00   2.14972E+02  1.96090E+00   2.17673E+02  1.96824E+00   2.20419E+02 
 1.94458E+00   4.22199E+01  1.93679E+00   3.94907E+01  1.92758E+00   3.68060E+01  1.91687E+00   3.41669E+01  1.90458E+00   3.15748E+01  1.89064E+00   2.90310E+01  1.87497E+00   2.65367E+01  1.85747E+00   2.40935E+01  1.83806E+00   2.17025E+01  1.81668E+00   1.93653E+01  1.79322E+00   1.70831E+01  1.76762E+00   1.48574E+01  1.73980E+00   1.26895E+01  1.70968E+00   1.05810E+01  1.67720E+00   8.53309E+00  1.64228E+00   6.54727E+00  1.60488E+00   4.62504E+00  1.56494E+00   2.76769E+00  1.52242E+00   9.76671E-01  1.47728E+00   3.59253E+02  1.42950E+00   3.57599E+02  1.37906E+00   3.56016E+02  1.32597E+00   3.54504E+02  1.27022E+00   3.53065E+02  1.21185E+00   3.51701E+02  1.15089E+00   3.50412E+02  1.08740E+00   3.49201E+02  1.02144E+00   3.48067E+02  9.53111E-01   3.47013E+02  8.82503E-01   3.46039E+02  8.09737E-01   3.45146E+02  7.34947E-01   3.44335E+02  6.58285E-01   3.43607E+02  5.79914E-01   3.42963E+02  5.00014E-01   3.42403E+02  4.18778E-01   3.41929E+02  3.36409E-01   3.41540E+02  2.53122E-01   3.41237E+02  1.69138E-01   3.41020E+02  8.46861E-02   3.40890E+02  7.08244E-07   1.69609E+02  8.46873E-02   1.60890E+02  1.69139E-01   1.61020E+02  2.53123E-01   1.61237E+02  3.36410E-01   1.61540E+02  4.18779E-01   1.61929E+02  5.00015E-01   1.62403E+02  5.79915E-01   1.62963E+02  6.58285E-01   1.63607E+02  7.34948E-01   1.64335E+02  8.09737E-01   1.65146E+02  8.82503E-01   1.66039E+02  9.53111E-01   1.67013E+02  1.02144E+00   1.68067E+02  1.08740E+00   1.69201E+02  1.15089E+00   1.70412E+02  1.21185E+00   1.71701E+02  1.27022E+00   1.73065E+02  1.32597E+00   1.74504E+02  1.37907E+00   1.76016E+02  1.42950E+00   1.77599E+02  1.47729E+00   1.79253E+02  1.52242E+00   1.80977E+02  1.56495E+00   1.82768E+02  1.60488E+00   1.84625E+02  1.64228E+00   1.86547E+02  1.67719E+00   1.88533E+02  1.70968E+00   1.90581E+02  1.73979E+00   1.92690E+02  1.76762E+00   1.94857E+02  1.79322E+00   1.97083E+02  1.81668E+00   1.99365E+02  1.83806E+00   2.01703E+02  1.85747E+00   2.04093E+02  1.87497E+00   2.06537E+02  1.89064E+00   2.09031E+02  1.90459E+00   2.11575E+02  1.91687E+00   2.14167E+02  1.92758E+00   2.16806E+02  1.93679E+00   2.19491E+02  1.94458E+00   2.22220E+02 
 1.92049E+00   4.40766E+01  1.91225E+00   4.13646E+01  1.90260E+00   3.86969E+01  1.89148E+00   3.60749E+01  1.87880E+00   3.34999E+01  1.86449E+00   3.09730E+01  1.84846E+00   2.84958E+01  1.83065E+00   2.60693E+01  1.81096E+00   2.36952E+01  1.78933E+00   2.13746E+01  1.76567E+00   1.91089E+01  1.73991E+00   1.68996E+01  1.71198E+00   1.47480E+01  1.68181E+00   1.26553E+01  1.64933E+00   1.06232E+01  1.61449E+00   8.65291E+00  1.57722E+00   6.74585E+00  1.53749E+00   4.90345E+00  1.49525E+00   3.12699E+00  1.45048E+00   1.41799E+00  1.40314E+00   3.59778E+02  1.35323E+00   3.58207E+02  1.30075E+00   3.56709E+02  1.24572E+00   3.55282E+02  1.18815E+00   3.53930E+02  1.12808E+00   3.52653E+02  1.06558E+00   3.51452E+02  1.00071E+00   3.50329E+02  9.33555E-01   3.49284E+02  8.64211E-01   3.48319E+02  7.92796E-01   3.47434E+02  7.19440E-01   3.46631E+02  6.44288E-01   3.45910E+02  5.67499E-01   3.45272E+02  4.89246E-01   3.44717E+02  4.09714E-01   3.44247E+02  3.29098E-01   3.43862E+02  2.47602E-01   3.43562E+02  1.65441E-01   3.43347E+02  8.28330E-02   3.43218E+02  3.69790E-07   2.14811E+02  8.28331E-02   1.63219E+02  1.65441E-01   1.63347E+02  2.47603E-01   1.63562E+02  3.29097E-01   1.63862E+02  4.09713E-01   1.64247E+02  4.89246E-01   1.64717E+02  5.67498E-01   1.65272E+02  6.44287E-01   1.65910E+02  7.19439E-01   1.66631E+02  7.92795E-01   1.67434E+02  8.64210E-01   1.68319E+02  9.33554E-01   1.69284E+02  1.00071E+00   1.70329E+02  1.06558E+00   1.71452E+02  1.12808E+00   1.72653E+02  1.18815E+00   1.73930E+02  1.24572E+00   1.75282E+02  1.30075E+00   1.76709E+02  1.35323E+00   1.78207E+02  1.40314E+00   1.79778E+02  1.45048E+00   1.81418E+02  1.49525E+00   1.83127E+02  1.53749E+00   1.84903E+02  1.57722E+00   1.86746E+02  1.61449E+00   1.88653E+02  1.64933E+00   1.90623E+02  1.68181E+00   1.92655E+02  1.71198E+00   1.94748E+02  1.73991E+00   1.96900E+02  1.76567E+00   1.99109E+02  1.78933E+00   2.01375E+02  1.81096E+00   2.03695E+02  1.83065E+00   2.06069E+02  1.84846E+00   2.08496E+02  1.86449E+00   2.10973E+02  1.87880E+00   2.13500E+02  1.89148E+00   2.16075E+02  1.90260E+00   2.18697E+02  1.91225E+00   2.21365E+02  1.92048E+00   2.24077E+02 
 1.89601E+00   4.59883E+01  1.88734E+00   4.32936E+01  1.87727E+00   4.06433E+01  1.86574E+00   3.80386E+01  1.85268E+00   3.54809E+01  1.83801E+00   3.29714E+01  1.82165E+00   3.05113E+01  1.80354E+00   2.81021E+01  1.78358E+00   2.57449E+01  1.76172E+00   2.34411E+01  1.73787E+00   2.11922E+01  1.71197E+00   1.89995E+01  1.68395E+00   1.68642E+01  1.65375E+00   1.47878E+01  1.62129E+00   1.27716E+01  1.58654E+00   1.08170E+01  1.54943E+00   8.92534E+00  1.50992E+00   7.09802E+00  1.46799E+00   5.33630E+00  1.42359E+00   3.64161E+00  1.37672E+00   2.01529E+00  1.32736E+00   4.58532E-01  1.27551E+00   3.58973E+02  1.22120E+00   3.57559E+02  1.16445E+00   3.56219E+02  1.10529E+00   3.54953E+02  1.04379E+00   3.53763E+02  9.80014E-01   3.52650E+02  9.14039E-01   3.51615E+02  8.45965E-01   3.50659E+02  7.75905E-01   3.49783E+02  7.03984E-01   3.48987E+02  6.30342E-01   3.48273E+02  5.55133E-01   3.47641E+02  4.78524E-01   3.47092E+02  4.00690E-01   3.46626E+02  3.21820E-01   3.46245E+02  2.42110E-01   3.45948E+02  1.61763E-01   3.45735E+02  8.09895E-02   3.45607E+02  6.58908E-07   3.40950E+02  8.09881E-02   1.65607E+02  1.61762E-01   1.65735E+02  2.42109E-01   1.65948E+02  3.21819E-01   1.66245E+02  4.00689E-01   1.66626E+02  4.78522E-01   1.67092E+02  5.55132E-01   1.67641E+02  6.30341E-01   1.68273E+02  7.03983E-01   1.68987E+02  7.75904E-01   1.69783E+02  8.45965E-01   1.70659E+02  9.14039E-01   1.71615E+02  9.80015E-01   1.72650E+02  1.04379E+00   1.73763E+02  1.10530E+00   1.74953E+02  1.16445E+00   1.76219E+02  1.22120E+00   1.77559E+02  1.27551E+00   1.78973E+02  1.32736E+00   1.80459E+02  1.37672E+00   1.82015E+02  1.42359E+00   1.83642E+02  1.46799E+00   1.85336E+02  1.50992E+00   1.87098E+02  1.54943E+00   1.88925E+02  1.58654E+00   1.90817E+02  1.62129E+00   1.92772E+02  1.65375E+00   1.94788E+02  1.68395E+00   1.96864E+02  1.71197E+00   1.98999E+02  1.73787E+00   2.01192E+02  1.76172E+00   2.03441E+02  1.78358E+00   2.05745E+02  1.80354E+00   2.08102E+02  1.82165E+00   2.10511E+02  1.83801E+00   2.12971E+02  1.85268E+00   2.15481E+02  1.86574E+00   2.18039E+02  1.87727E+00   2.20643E+02  1.88733E+00   2.23294E+02  1.89601E+00   2.25988E+02 
 1.87121E+00   4.79538E+01  1.86211E+00   4.52768E+01  1.85163E+00   4.26442E+01  1.83972E+00   4.00571E+01  1.82628E+00   3.75169E+01  1.81127E+00   3.50249E+01  1.79459E+00   3.25823E+01  1.77619E+00   3.01903E+01  1.75598E+00   2.78504E+01  1.73391E+00   2.55638E+01  1.70990E+00   2.33318E+01  1.68388E+00   2.11558E+01  1.65578E+00   1.90371E+01  1.62556E+00   1.69771E+01  1.59315E+00   1.49770E+01  1.55850E+00   1.30383E+01  1.52156E+00   1.11621E+01  1.48230E+00   9.35002E+00  1.44069E+00   7.60320E+00  1.39669E+00   5.92297E+00  1.35030E+00   4.31072E+00  1.30150E+00   2.76759E+00  1.25031E+00   1.29499E+00  1.19673E+00   3.59894E+02  1.14081E+00   3.58566E+02  1.08257E+00   3.57312E+02  1.02208E+00   3.56133E+02  9.59399E-01   3.55030E+02  8.94610E-01   3.54005E+02  8.27808E-01   3.53058E+02  7.59102E-01   3.52190E+02  6.88614E-01   3.51402E+02  6.16478E-01   3.50694E+02  5.42844E-01   3.50069E+02  4.67870E-01   3.49525E+02  3.91726E-01   3.49064E+02  3.14591E-01   3.48686E+02  2.36655E-01   3.48392E+02  1.58110E-01   3.48182E+02  7.91576E-02   3.48055E+02  4.60184E-07   8.85504E+01  7.91579E-02   1.68055E+02  1.58111E-01   1.68181E+02  2.36655E-01   1.68392E+02  3.14592E-01   1.68686E+02  3.91726E-01   1.69064E+02  4.67870E-01   1.69525E+02  5.42844E-01   1.70069E+02  6.16479E-01   1.70694E+02  6.88614E-01   1.71402E+02  7.59102E-01   1.72190E+02  8.27808E-01   1.73058E+02  8.94611E-01   1.74005E+02  9.59400E-01   1.75030E+02  1.02208E+00   1.76133E+02  1.08257E+00   1.77312E+02  1.14081E+00   1.78566E+02  1.19673E+00   1.79894E+02  1.25031E+00   1.81295E+02  1.30150E+00   1.82768E+02  1.35029E+00   1.84311E+02  1.39669E+00   1.85923E+02  1.44069E+00   1.87603E+02  1.48230E+00   1.89350E+02  1.52156E+00   1.91162E+02  1.55850E+00   1.93038E+02  1.59315E+00   1.94977E+02  1.62556E+00   1.96977E+02  1.65578E+00   1.99037E+02  1.68388E+00   2.01156E+02  1.70990E+00   2.03332E+02  1.73391E+00   2.05564E+02  1.75598E+00   2.07850E+02  1.77619E+00   2.10190E+02  1.79459E+00   2.12582E+02  1.81127E+00   2.15025E+02  1.82629E+00   2.17517E+02  1.83971E+00   2.20057E+02  1.85163E+00   2.22644E+02  1.86211E+00   2.25277E+02  1.87121E+00   2.27954E+02 
 1.84613E+00   4.99723E+01  1.83661E+00   4.73131E+01  1.82574E+00   4.46984E+01  1.81345E+00   4.21292E+01  1.79966E+00   3.96068E+01  1.78432E+00   3.71324E+01  1.76734E+00   3.47074E+01  1.74866E+00   3.23331E+01  1.72823E+00   3.00106E+01  1.70596E+00   2.77412E+01  1.68180E+00   2.55264E+01  1.65567E+00   2.33674E+01  1.62753E+00   2.12654E+01  1.59731E+00   1.92219E+01  1.56496E+00   1.72381E+01  1.53044E+00   1.53153E+01  1.49369E+00   1.34549E+01  1.45470E+00   1.16581E+01  1.41342E+00   9.92627E+00  1.36983E+00   8.26062E+00  1.32393E+00   6.66256E+00  1.27571E+00   5.13316E+00  1.22518E+00   3.67378E+00  1.17236E+00   2.28558E+00  1.11727E+00   9.69673E-01  1.05997E+00   3.59727E+02  1.00049E+00   3.58559E+02  9.38910E-01   3.57467E+02  8.75309E-01   3.56452E+02  8.09779E-01   3.55513E+02  7.42424E-01   3.54654E+02  6.73364E-01   3.53873E+02  6.02728E-01   3.53173E+02  5.30659E-01   3.52553E+02  4.57309E-01   3.52015E+02  3.82842E-01   3.51559E+02  3.07429E-01   3.51185E+02  2.31251E-01   3.50893E+02  1.54492E-01   3.50685E+02  7.73440E-02   3.50560E+02  3.77808E-07   5.33330E+01  7.73436E-02   1.70560E+02  1.54492E-01   1.70685E+02  2.31251E-01   1.70893E+02  3.07429E-01   1.71185E+02  3.82842E-01   1.71559E+02  4.57309E-01   1.72015E+02  5.30658E-01   1.72553E+02  6.02728E-01   1.73173E+02  6.73364E-01   1.73873E+02  7.42424E-01   1.74654E+02  8.09779E-01   1.75513E+02  8.75309E-01   1.76452E+02  9.38910E-01   1.77467E+02  1.00049E+00   1.78559E+02  1.05997E+00   1.79727E+02  1.11728E+00   1.80970E+02  1.17236E+00   1.82286E+02  1.22518E+00   1.83674E+02  1.27571E+00   1.85133E+02  1.32393E+00   1.86663E+02  1.36983E+00   1.88261E+02  1.41341E+00   1.89926E+02  1.45469E+00   1.91658E+02  1.49369E+00   1.93455E+02  1.53044E+00   1.95315E+02  1.56496E+00   1.97238E+02  1.59731E+00   1.99222E+02  1.62753E+00   2.01265E+02  1.65567E+00   2.03367E+02  1.68179E+00   2.05526E+02  1.70596E+00   2.07741E+02  1.72823E+00   2.10011E+02  1.74867E+00   2.12333E+02  1.76734E+00   2.14707E+02  1.78432E+00   2.17132E+02  1.79966E+00   2.19607E+02  1.81344E+00   2.22129E+02  1.82574E+00   2.24698E+02  1.83662E+00   2.27313E+02  1.84613E+00   2.29972E+02 
 1.82082E+00   5.20427E+01  1.81091E+00   4.94016E+01  1.79965E+00   4.68049E+01  1.78700E+00   4.42537E+01  1.77287E+00   4.17493E+01  1.75721E+00   3.92929E+01  1.73995E+00   3.68857E+01  1.72102E+00   3.45291E+01  1.70037E+00   3.22242E+01  1.67793E+00   2.99724E+01  1.65363E+00   2.77748E+01  1.62742E+00   2.56329E+01  1.59925E+00   2.35478E+01  1.56905E+00   2.15209E+01  1.53678E+00   1.95535E+01  1.50240E+00   1.76468E+01  1.46587E+00   1.58022E+01  1.42715E+00   1.40209E+01  1.38623E+00   1.23041E+01  1.34307E+00   1.06532E+01  1.29768E+00   9.06934E+00  1.25005E+00   7.55381E+00  1.20020E+00   6.10769E+00  1.14814E+00   4.73234E+00  1.09389E+00   3.42865E+00  1.03752E+00   2.19800E+00  9.79059E-01   1.04119E+00  9.18584E-01   3.59959E+02  8.56170E-01   3.58954E+02  7.91909E-01   3.58025E+02  7.25900E-01   3.57173E+02  6.58261E-01   3.56401E+02  5.89114E-01   3.55707E+02  5.18599E-01   3.55094E+02  4.46859E-01   3.54561E+02  3.74054E-01   3.54109E+02  3.00346E-01   3.53739E+02  2.25907E-01   3.53450E+02  1.50914E-01   3.53244E+02  7.55508E-02   3.53121E+02  5.67712E-07   1.51106E+01  7.55499E-02   1.73120E+02  1.50914E-01   1.73244E+02  2.25906E-01   1.73450E+02  3.00345E-01   1.73739E+02  3.74054E-01   1.74109E+02  4.46860E-01   1.74561E+02  5.18599E-01   1.75094E+02  5.89115E-01   1.75707E+02  6.58262E-01   1.76401E+02  7.25902E-01   1.77173E+02  7.91910E-01   1.78025E+02  8.56172E-01   1.78954E+02  9.18585E-01   1.79959E+02  9.79060E-01   1.81041E+02  1.03752E+00   1.82198E+02  1.09389E+00   1.83429E+02  1.14813E+00   1.84732E+02  1.20020E+00   1.86108E+02  1.25005E+00   1.87554E+02  1.29768E+00   1.89069E+02  1.34307E+00   1.90653E+02  1.38622E+00   1.92304E+02  1.42715E+00   1.94021E+02  1.46587E+00   1.95802E+02  1.50240E+00   1.97647E+02  1.53678E+00   1.99554E+02  1.56905E+00   2.01521E+02  1.59924E+00   2.03548E+02  1.62742E+00   2.05633E+02  1.65363E+00   2.07775E+02  1.67793E+00   2.09972E+02  1.70037E+00   2.12224E+02  1.72102E+00   2.14529E+02  1.73995E+00   2.16886E+02  1.75721E+00   2.19293E+02  1.77286E+00   2.21749E+02  1.78700E+00   2.24254E+02  1.79966E+00   2.26805E+02  1.81091E+00   2.29402E+02  1.82082E+00   2.32043E+02 
 1.79532E+00   5.41640E+01  1.78503E+00   5.15411E+01  1.77341E+00   4.89627E+01  1.76041E+00   4.64297E+01  1.74595E+00   4.39435E+01  1.73000E+00   4.15052E+01  1.71247E+00   3.91160E+01  1.69331E+00   3.67772E+01  1.67246E+00   3.44901E+01  1.64986E+00   3.22559E+01  1.62545E+00   3.00758E+01  1.59918E+00   2.79511E+01  1.57099E+00   2.58830E+01  1.54083E+00   2.38729E+01  1.50867E+00   2.19220E+01  1.47445E+00   2.00315E+01  1.43814E+00   1.82028E+01  1.39972E+00   1.64370E+01  1.35917E+00   1.47354E+01  1.31646E+00   1.30993E+01  1.27159E+00   1.15297E+01  1.22457E+00   1.00281E+01  1.17539E+00   8.59536E+00  1.12410E+00   7.23283E+00  1.07071E+00   5.94147E+00  1.01527E+00   4.72246E+00  9.57831E-01   3.57684E+00  8.98459E-01   2.50551E+00  8.37229E-01   1.50955E+00  7.74230E-01   5.89679E-01  7.09560E-01   3.59747E+02  6.43330E-01   3.58982E+02  5.75661E-01   3.58296E+02  5.06682E-01   3.57688E+02  4.36538E-01   3.57161E+02  3.65374E-01   3.56714E+02  2.93351E-01   3.56347E+02  2.20630E-01   3.56061E+02  1.47382E-01   3.55858E+02  7.37793E-02   3.55735E+02  7.92731E-07   1.71181E+02  7.37811E-02   1.75735E+02  1.47383E-01   1.75857E+02  2.20632E-01   1.76061E+02  2.93353E-01   1.76347E+02  3.65376E-01   1.76714E+02  4.36540E-01   1.77161E+02  5.06684E-01   1.77688E+02  5.75662E-01   1.78296E+02  6.43332E-01   1.78982E+02  7.09562E-01   1.79747E+02  7.74232E-01   1.80590E+02  8.37230E-01   1.81510E+02  8.98459E-01   1.82506E+02  9.57830E-01   1.83577E+02  1.01527E+00   1.84723E+02  1.07071E+00   1.85942E+02  1.12410E+00   1.87233E+02  1.17539E+00   1.88595E+02  1.22456E+00   1.90028E+02  1.27159E+00   1.91530E+02  1.31646E+00   1.93099E+02  1.35917E+00   1.94735E+02  1.39972E+00   1.96437E+02  1.43814E+00   1.98203E+02  1.47445E+00   2.00032E+02  1.50867E+00   2.01922E+02  1.54083E+00   2.03873E+02  1.57099E+00   2.05883E+02  1.59918E+00   2.07951E+02  1.62545E+00   2.10076E+02  1.64986E+00   2.12256E+02  1.67246E+00   2.14490E+02  1.69331E+00   2.16777E+02  1.71247E+00   2.19116E+02  1.73000E+00   2.21505E+02  1.74595E+00   2.23943E+02  1.76041E+00   2.26430E+02  1.77341E+00   2.28963E+02  1.78503E+00   2.31541E+02  1.79532E+00   2.34164E+02 
 1.76969E+00   5.63354E+01  1.75903E+00   5.37308E+01  1.74705E+00   5.11707E+01  1.73372E+00   4.86561E+01  1.71897E+00   4.61882E+01  1.70273E+00   4.37681E+01  1.68495E+00   4.13972E+01  1.66558E+00   3.90764E+01  1.64455E+00   3.68071E+01  1.62182E+00   3.45907E+01  1.59731E+00   3.24281E+01  1.57099E+00   3.03208E+01  1.54281E+00   2.82699E+01  1.51271E+00   2.62766E+01  1.48066E+00   2.43423E+01  1.44663E+00   2.24681E+01  1.41057E+00   2.06553E+01  1.37246E+00   1.89052E+01  1.33229E+00   1.72188E+01  1.29003E+00   1.55975E+01  1.24570E+00   1.40423E+01  1.19929E+00   1.25546E+01  1.15081E+00   1.11353E+01  1.10029E+00   9.78563E+00  1.04776E+00   8.50668E+00  9.93256E-01   7.29939E+00  9.36837E-01   6.16493E+00  8.78566E-01   5.10410E+00  8.18516E-01   4.11796E+00  7.56771E-01   3.20725E+00  6.93430E-01   2.37293E+00  6.28596E-01   1.61563E+00  5.62388E-01   9.36139E-01  4.94931E-01   3.35069E-01  4.26361E-01   3.59813E+02  3.56819E-01   3.59370E+02  2.86457E-01   3.59007E+02  2.15431E-01   3.58725E+02  1.43902E-01   3.58523E+02  7.20352E-02   3.58401E+02  8.96296E-07   2.22006E+02  7.20365E-02   1.78402E+02  1.43903E-01   1.78523E+02  2.15432E-01   1.78725E+02  2.86458E-01   1.79008E+02  3.56820E-01   1.79370E+02  4.26361E-01   1.79813E+02  4.94931E-01   1.80335E+02  5.62388E-01   1.80936E+02  6.28595E-01   1.81616E+02  6.93428E-01   1.82373E+02  7.56769E-01   1.83207E+02  8.18514E-01   1.84118E+02  8.78563E-01   1.85104E+02  9.36836E-01   1.86165E+02  9.93254E-01   1.87299E+02  1.04776E+00   1.88507E+02  1.10029E+00   1.89786E+02  1.15081E+00   1.91135E+02  1.19929E+00   1.92555E+02  1.24570E+00   1.94042E+02  1.29004E+00   1.95598E+02  1.33229E+00   1.97219E+02  1.37246E+00   1.98905E+02  1.41056E+00   2.00655E+02  1.44662E+00   2.02468E+02  1.48066E+00   2.04342E+02  1.51271E+00   2.06277E+02  1.54281E+00   2.08270E+02  1.57099E+00   2.10321E+02  1.59731E+00   2.12428E+02  1.62182E+00   2.14591E+02  1.64455E+00   2.16807E+02  1.66558E+00   2.19076E+02  1.68495E+00   2.21397E+02  1.70273E+00   2.23768E+02  1.71897E+00   2.26188E+02  1.73372E+00   2.28656E+02  1.74705E+00   2.31171E+02  1.75903E+00   2.33731E+02  1.76969E+00   2.36335E+02 
 1.74396E+00   5.85556E+01  1.73294E+00   5.59696E+01  1.72064E+00   5.34280E+01  1.70699E+00   5.09318E+01  1.69195E+00   4.84824E+01  1.67545E+00   4.60807E+01  1.65744E+00   4.37280E+01  1.63788E+00   4.14255E+01  1.61669E+00   3.91741E+01  1.59383E+00   3.69754E+01  1.56926E+00   3.48305E+01  1.54291E+00   3.27406E+01  1.51475E+00   3.07070E+01  1.48473E+00   2.87307E+01  1.45282E+00   2.68130E+01  1.41897E+00   2.49553E+01  1.38318E+00   2.31585E+01  1.34540E+00   2.14240E+01  1.30562E+00   1.97529E+01  1.26384E+00   1.81464E+01  1.22006E+00   1.66057E+01  1.17427E+00   1.51319E+01  1.12649E+00   1.37261E+01  1.07674E+00   1.23893E+01  1.02507E+00   1.11227E+01  9.71507E-01   9.92721E+00  9.16106E-01   8.80389E+00  8.58929E-01   7.75362E+00  8.00051E-01   6.77731E+00  7.39552E-01   5.87582E+00  6.77527E-01   5.04992E+00  6.14076E-01   4.30036E+00  5.49313E-01   3.62780E+00  4.83358E-01   3.03294E+00  4.16341E-01   2.51615E+00  3.48398E-01   2.07814E+00  2.79673E-01   1.71911E+00  2.10315E-01   1.43952E+00  1.40478E-01   1.23955E+00  7.03201E-02   1.11941E+00  7.83904E-07   3.25389E+02  7.03189E-02   1.81120E+02  1.40477E-01   1.81240E+02  2.10314E-01   1.81440E+02  2.79671E-01   1.81719E+02  3.48397E-01   1.82078E+02  4.16339E-01   1.82516E+02  4.83357E-01   1.83033E+02  5.49312E-01   1.83628E+02  6.14075E-01   1.84300E+02  6.77525E-01   1.85050E+02  7.39551E-01   1.85876E+02  8.00050E-01   1.86777E+02  8.58928E-01   1.87754E+02  9.16106E-01   1.88804E+02  9.71506E-01   1.89927E+02  1.02507E+00   1.91123E+02  1.07675E+00   1.92389E+02  1.12649E+00   1.93726E+02  1.17427E+00   1.95132E+02  1.22006E+00   1.96606E+02  1.26384E+00   1.98146E+02  1.30562E+00   1.99753E+02  1.34540E+00   2.01424E+02  1.38318E+00   2.03158E+02  1.41897E+00   2.04955E+02  1.45282E+00   2.06813E+02  1.48473E+00   2.08731E+02  1.51475E+00   2.10707E+02  1.54291E+00   2.12741E+02  1.56926E+00   2.14831E+02  1.59383E+00   2.16976E+02  1.61669E+00   2.19174E+02  1.63787E+00   2.21425E+02  1.65744E+00   2.23728E+02  1.67545E+00   2.26081E+02  1.69195E+00   2.28482E+02  1.70699E+00   2.30932E+02  1.72064E+00   2.33428E+02  1.73294E+00   2.35970E+02  1.74396E+00   2.38556E+02 
 1.71817E+00   6.08237E+01  1.70682E+00   5.82565E+01  1.69420E+00   5.57335E+01  1.68025E+00   5.32559E+01  1.66494E+00   5.08249E+01  1.64820E+00   4.84417E+01  1.62998E+00   4.61073E+01  1.61024E+00   4.38231E+01  1.58891E+00   4.15900E+01  1.56595E+00   3.94091E+01  1.54132E+00   3.72820E+01  1.51497E+00   3.52095E+01  1.48685E+00   3.31931E+01  1.45693E+00   3.12339E+01  1.42517E+00   2.93329E+01  1.39154E+00   2.74916E+01  1.35601E+00   2.57109E+01  1.31858E+00   2.39922E+01  1.27922E+00   2.23364E+01  1.23792E+00   2.07448E+01  1.19469E+00   1.92185E+01  1.14953E+00   1.77586E+01  1.10246E+00   1.63663E+01  1.05349E+00   1.50424E+01  1.00268E+00   1.37882E+01  9.50053E-01   1.26045E+01  8.95665E-01   1.14923E+01  8.39578E-01   1.04525E+01  7.81861E-01   9.48609E+00  7.22596E-01   8.59378E+00  6.61871E-01   7.77632E+00  5.99787E-01   7.03449E+00  5.36449E-01   6.36888E+00  4.71975E-01   5.78019E+00  4.06488E-01   5.26882E+00  3.40119E-01   4.83543E+00  2.73004E-01   4.48021E+00  2.05286E-01   4.20359E+00  1.37113E-01   4.00590E+00  6.86334E-02   3.88744E+00  5.41422E-07   4.79333E+01  6.86327E-02   1.83887E+02  1.37112E-01   1.84006E+02  2.05286E-01   1.84203E+02  2.73003E-01   1.84480E+02  3.40118E-01   1.84835E+02  4.06487E-01   1.85269E+02  4.71975E-01   1.85780E+02  5.36449E-01   1.86369E+02  5.99786E-01   1.87034E+02  6.61871E-01   1.87776E+02  7.22596E-01   1.88594E+02  7.81861E-01   1.89486E+02  8.39578E-01   1.90453E+02  8.95665E-01   1.91492E+02  9.50053E-01   1.92605E+02  1.00268E+00   1.93788E+02  1.05349E+00   1.95043E+02  1.10245E+00   1.96366E+02  1.14953E+00   1.97759E+02  1.19469E+00   1.99219E+02  1.23792E+00   2.00745E+02  1.27922E+00   2.02336E+02  1.31858E+00   2.03992E+02  1.35602E+00   2.05711E+02  1.39154E+00   2.07492E+02  1.42517E+00   2.09333E+02  1.45693E+00   2.11234E+02  1.48685E+00   2.13193E+02  1.51497E+00   2.15210E+02  1.54132E+00   2.17282E+02  1.56595E+00   2.19409E+02  1.58891E+00   2.21590E+02  1.61024E+00   2.23823E+02  1.62998E+00   2.26107E+02  1.64820E+00   2.28442E+02  1.66494E+00   2.30825E+02  1.68025E+00   2.33256E+02  1.69419E+00   2.35734E+02  1.70681E+00   2.38256E+02  1.71817E+00   2.40824E+02 
