/rn,a,b/nx0/ls1
/r,qa,qb
81 -0.4 0.4 0 OUTPUT_AMP_PHASE_3D Wavelength=0.8
81 -0.4 0.4
 1.40094E-03   2.09272E+02  1.40197E-03   2.08218E+02  1.39854E-03   2.07384E+02  1.39835E-03   2.06598E+02  1.39075E-03   2.05824E+02  1.37703E-03   2.05013E+02  1.35810E-03   2.04226E+02  1.33258E-03   2.03390E+02  1.30281E-03   2.02506E+02  1.27278E-03   2.01772E+02  1.24109E-03   2.00920E+02  1.20699E-03   2.00116E+02  1.17449E-03   1.99329E+02  1.13703E-03   1.98326E+02  1.09913E-03   1.97421E+02  1.05965E-03   1.96352E+02  1.01649E-03   1.95236E+02  9.75281E-04   1.94209E+02  9.30205E-04   1.93006E+02  8.87717E-04   1.91971E+02  8.44805E-04   1.90843E+02  8.01611E-04   1.89729E+02  7.60605E-04   1.88698E+02  7.17811E-04   1.87534E+02  6.77748E-04   1.86521E+02  6.35624E-04   1.85377E+02  5.95214E-04   1.84389E+02  5.53760E-04   1.83281E+02  5.12769E-04   1.82347E+02  4.71357E-04   1.81349E+02  4.29343E-04   1.80438E+02  3.87503E-04   1.79697E+02  3.45129E-04   1.78872E+02  3.03001E-04   1.78255E+02  2.59736E-04   1.77544E+02  2.17118E-04   1.77084E+02  1.73634E-04   1.76486E+02  1.30704E-04   1.76224E+02  8.71019E-05   1.75618E+02  4.36676E-05   1.75001E+02  9.29076E-07   1.00703E+02  4.29681E-05   3.57510E+02  8.61740E-05   3.56809E+02  1.29500E-04   3.57025E+02  1.72229E-04   3.57103E+02  2.15038E-04   3.57579E+02  2.57214E-04   3.57902E+02  2.99631E-04   3.58502E+02  3.41458E-04   3.59032E+02  3.83607E-04   3.59820E+02  4.25368E-04   5.54313E-01  4.67585E-04   1.38919E+00  5.09543E-04   2.32041E+00  5.51793E-04   3.20364E+00  5.94783E-04   4.29470E+00  6.36679E-04   5.23993E+00  6.80240E-04   6.41374E+00  7.21812E-04   7.44116E+00  7.64648E-04   8.64061E+00  8.06027E-04   9.71776E+00  8.47147E-04   1.08827E+01  8.88453E-04   1.20457E+01  9.28072E-04   1.31044E+01  9.69620E-04   1.43221E+01  1.00965E-03   1.52712E+01  1.05214E-03   1.63747E+01  1.09470E-03   1.73699E+01  1.13551E-03   1.82658E+01  1.17679E-03   1.93172E+01  1.21303E-03   2.01249E+01  1.24649E-03   2.10416E+01  1.27710E-03   2.19027E+01  1.30324E-03   2.25659E+01  1.32931E-03   2.33431E+01  1.35433E-03   2.39993E+01  1.37276E-03   2.47633E+01  1.38848E-03   2.57447E+01  1.39963E-03   2.66627E+01  1.40133E-03   2.75412E+01  1.40320E-03   2.83786E+01  1.40247E-03   2.91783E+01 
 1.44418E-03   2.07531E+02  1.43966E-03   2.06669E+02  1.44005E-03   2.05903E+02  1.43377E-03   2.04994E+02  1.41761E-03   2.04067E+02  1.39782E-03   2.03185E+02  1.37192E-03   2.02307E+02  1.34266E-03   2.01395E+02  1.31314E-03   2.00645E+02  1.28306E-03   1.99850E+02  1.24923E-03   1.98920E+02  1.21517E-03   1.98071E+02  1.17746E-03   1.96949E+02  1.13642E-03   1.95808E+02  1.09604E-03   1.94662E+02  1.05208E-03   1.93313E+02  1.01026E-03   1.92166E+02  9.67525E-04   1.90881E+02  9.25317E-04   1.89649E+02  8.85262E-04   1.88497E+02  8.43416E-04   1.87146E+02  8.04039E-04   1.86025E+02  7.62891E-04   1.84661E+02  7.22671E-04   1.83433E+02  6.81827E-04   1.82191E+02  6.40552E-04   1.80876E+02  5.99916E-04   1.79757E+02  5.57684E-04   1.78482E+02  5.16893E-04   1.77478E+02  4.74203E-04   1.76345E+02  4.32728E-04   1.75488E+02  3.89905E-04   1.74502E+02  3.47683E-04   1.73776E+02  3.04493E-04   1.73003E+02  2.61342E-04   1.72489E+02  2.17707E-04   1.71848E+02  1.73972E-04   1.71417E+02  1.29970E-04   1.71069E+02  8.57595E-05   1.70754E+02  4.16054E-05   1.70363E+02  3.04384E-06   3.57954E+02  4.75867E-05   3.51290E+02  9.17896E-05   3.51267E+02  1.35562E-04   3.51374E+02  1.79415E-04   3.51703E+02  2.22583E-04   3.52059E+02  2.65878E-04   3.52589E+02  3.08337E-04   3.53076E+02  3.50462E-04   3.53812E+02  3.91722E-04   3.54469E+02  4.33078E-04   3.55409E+02  4.73279E-04   3.56209E+02  5.14085E-04   3.57351E+02  5.54097E-04   3.58313E+02  5.94983E-04   3.59538E+02  6.35370E-04   6.50444E-01  6.76491E-04   1.94709E+00  7.18468E-04   3.20770E+00  7.60325E-04   4.47526E+00  8.03349E-04   5.89350E+00  8.45286E-04   7.07782E+00  8.87504E-04   8.53080E+00  9.29070E-04   9.70960E+00  9.69482E-04   1.10192E+01  1.01029E-03   1.22926E+01  1.04991E-03   1.33908E+01  1.09176E-03   1.46441E+01  1.13333E-03   1.56266E+01  1.17470E-03   1.67446E+01  1.21672E-03   1.78187E+01  1.25392E-03   1.87866E+01  1.28842E-03   1.99023E+01  1.31940E-03   2.08228E+01  1.34424E-03   2.16993E+01  1.37047E-03   2.24953E+01  1.39574E-03   2.31407E+01  1.41308E-03   2.39091E+01  1.43016E-03   2.48379E+01  1.43996E-03   2.58339E+01  1.43893E-03   2.67895E+01  1.44037E-03   2.76390E+01 
 1.47722E-03   2.05933E+02  1.47583E-03   2.05094E+02  1.47259E-03   2.04156E+02  1.45714E-03   2.03131E+02  1.43603E-03   2.02273E+02  1.41260E-03   2.01417E+02  1.38367E-03   2.00490E+02  1.35454E-03   1.99680E+02  1.32508E-03   1.98801E+02  1.29045E-03   1.97713E+02  1.25457E-03   1.96642E+02  1.21596E-03   1.95421E+02  1.17426E-03   1.94048E+02  1.13308E-03   1.92791E+02  1.09130E-03   1.91398E+02  1.04980E-03   1.90077E+02  1.00908E-03   1.88824E+02  9.68390E-04   1.87405E+02  9.28159E-04   1.86132E+02  8.87369E-04   1.84651E+02  8.46842E-04   1.83199E+02  8.06133E-04   1.81721E+02  7.64983E-04   1.80143E+02  7.24097E-04   1.78748E+02  6.83185E-04   1.77163E+02  6.42732E-04   1.75868E+02  6.02147E-04   1.74418E+02  5.62207E-04   1.73192E+02  5.20959E-04   1.72046E+02  4.80449E-04   1.70913E+02  4.39111E-04   1.69986E+02  3.97225E-04   1.69016E+02  3.54918E-04   1.68303E+02  3.12211E-04   1.67495E+02  2.68899E-04   1.66976E+02  2.24957E-04   1.66346E+02  1.80542E-04   1.65989E+02  1.35288E-04   1.65473E+02  9.01683E-05   1.65050E+02  4.45605E-05   1.64080E+02  1.74181E-06   2.27062E+01  4.71720E-05   3.46861E+02  9.30469E-05   3.46418E+02  1.38653E-04   3.46459E+02  1.83841E-04   3.46807E+02  2.28984E-04   3.47087E+02  2.73666E-04   3.47672E+02  3.17676E-04   3.48115E+02  3.60899E-04   3.48904E+02  4.03695E-04   3.49557E+02  4.45217E-04   3.50470E+02  4.86842E-04   3.51357E+02  5.26862E-04   3.52429E+02  5.66790E-04   3.53520E+02  6.05799E-04   3.54638E+02  6.44671E-04   3.55944E+02  6.83624E-04   3.57136E+02  7.22449E-04   3.58622E+02  7.62274E-04   3.59900E+02  8.01952E-04   1.45020E+00  8.43546E-04   2.90922E+00  8.84711E-04   4.40678E+00  9.26851E-04   5.97542E+00  9.68837E-04   7.38324E+00  1.00910E-03   8.95448E+00  1.04996E-03   1.02955E+01  1.08853E-03   1.17102E+01  1.12937E-03   1.30014E+01  1.16986E-03   1.41329E+01  1.21166E-03   1.53403E+01  1.25508E-03   1.63598E+01  1.29307E-03   1.74574E+01  1.33040E-03   1.85809E+01  1.36103E-03   1.96328E+01  1.38482E-03   2.06741E+01  1.41184E-03   2.15613E+01  1.43543E-03   2.23161E+01  1.45375E-03   2.30983E+01  1.47200E-03   2.40331E+01  1.48070E-03   2.50985E+01  1.47759E-03   2.60993E+01 
 1.51158E-03   2.04307E+02  1.51161E-03   2.03432E+02  1.49953E-03   2.02390E+02  1.47597E-03   2.01460E+02  1.45273E-03   2.00598E+02  1.42552E-03   1.99526E+02  1.39420E-03   1.98573E+02  1.36479E-03   1.97577E+02  1.32971E-03   1.96374E+02  1.29253E-03   1.95174E+02  1.25337E-03   1.93876E+02  1.21237E-03   1.92458E+02  1.17160E-03   1.91077E+02  1.13060E-03   1.89694E+02  1.09059E-03   1.88213E+02  1.04937E-03   1.86815E+02  1.00922E-03   1.85250E+02  9.68453E-04   1.83638E+02  9.27565E-04   1.82013E+02  8.87767E-04   1.80207E+02  8.47280E-04   1.78544E+02  8.08435E-04   1.76790E+02  7.69370E-04   1.75175E+02  7.30942E-04   1.73589E+02  6.93042E-04   1.72088E+02  6.54467E-04   1.70729E+02  6.16991E-04   1.69370E+02  5.77400E-04   1.68237E+02  5.38411E-04   1.67053E+02  4.97750E-04   1.66145E+02  4.56774E-04   1.65156E+02  4.14555E-04   1.64358E+02  3.71451E-04   1.63586E+02  3.27604E-04   1.62951E+02  2.82559E-04   1.62433E+02  2.37061E-04   1.62007E+02  1.90552E-04   1.61741E+02  1.44048E-04   1.61605E+02  9.65104E-05   1.61700E+02  4.89598E-05   1.62537E+02  2.09905E-06   2.12330E+02  4.65599E-05   3.38461E+02  9.39265E-05   3.39642E+02  1.41460E-04   3.40256E+02  1.88222E-04   3.40735E+02  2.34974E-04   3.41238E+02  2.80556E-04   3.41848E+02  3.26035E-04   3.42511E+02  3.70508E-04   3.43247E+02  4.14281E-04   3.44139E+02  4.57405E-04   3.45019E+02  4.99142E-04   3.46092E+02  5.41007E-04   3.47142E+02  5.80520E-04   3.48410E+02  6.20582E-04   3.49604E+02  6.58193E-04   3.51006E+02  6.96777E-04   3.52346E+02  7.33589E-04   3.53832E+02  7.70862E-04   3.55356E+02  8.08809E-04   3.56862E+02  8.46438E-04   3.58494E+02  8.86734E-04   4.81758E-02  9.26074E-04   1.75616E+00  9.68307E-04   3.32843E+00  1.00952E-03   5.00014E+00  1.05073E-03   6.63962E+00  1.09179E-03   8.20267E+00  1.12933E-03   9.85517E+00  1.16931E-03   1.12848E+01  1.20771E-03   1.27033E+01  1.24916E-03   1.39951E+01  1.29162E-03   1.51468E+01  1.33087E-03   1.63089E+01  1.37024E-03   1.74354E+01  1.40014E-03   1.85663E+01  1.42491E-03   1.96656E+01  1.45080E-03   2.06323E+01  1.47230E-03   2.14590E+01  1.49107E-03   2.22795E+01  1.50974E-03   2.32391E+01  1.51895E-03   2.43751E+01 
 1.54898E-03   2.02692E+02  1.53865E-03   2.01707E+02  1.51359E-03   2.00611E+02  1.48776E-03   1.99643E+02  1.46349E-03   1.98531E+02  1.43234E-03   1.97474E+02  1.40144E-03   1.96485E+02  1.36875E-03   1.95242E+02  1.33053E-03   1.93946E+02  1.29147E-03   1.92555E+02  1.25170E-03   1.91028E+02  1.21156E-03   1.89497E+02  1.17060E-03   1.87962E+02  1.13120E-03   1.86332E+02  1.09034E-03   1.84666E+02  1.04969E-03   1.82925E+02  1.01100E-03   1.81049E+02  9.70477E-04   1.79222E+02  9.33273E-04   1.77322E+02  8.95053E-04   1.75480E+02  8.57724E-04   1.73707E+02  8.22042E-04   1.71954E+02  7.84271E-04   1.70348E+02  7.49499E-04   1.68751E+02  7.11789E-04   1.67269E+02  6.75494E-04   1.65874E+02  6.37466E-04   1.64535E+02  5.98357E-04   1.63293E+02  5.58753E-04   1.62140E+02  5.17203E-04   1.61062E+02  4.75808E-04   1.60049E+02  4.31540E-04   1.59207E+02  3.87731E-04   1.58358E+02  3.41437E-04   1.57663E+02  2.95283E-04   1.57023E+02  2.47039E-04   1.56455E+02  1.99000E-04   1.55993E+02  1.49631E-04   1.55503E+02  1.00336E-04   1.55009E+02  5.02695E-05   1.54417E+02  1.01553E-06   7.34781E+01  4.98909E-05   3.36707E+02  9.99086E-05   3.36122E+02  1.49343E-04   3.36215E+02  1.98666E-04   3.36393E+02  2.46631E-04   3.36723E+02  2.94609E-04   3.37144E+02  3.40552E-04   3.37669E+02  3.87227E-04   3.38315E+02  4.31028E-04   3.39099E+02  4.75164E-04   3.39927E+02  5.17232E-04   3.40921E+02  5.59474E-04   3.41976E+02  5.99668E-04   3.43156E+02  6.39366E-04   3.44416E+02  6.77944E-04   3.45797E+02  7.14960E-04   3.47265E+02  7.52536E-04   3.48802E+02  7.86819E-04   3.50419E+02  8.23246E-04   3.52085E+02  8.57360E-04   3.53864E+02  8.93299E-04   3.55601E+02  9.29977E-04   3.57421E+02  9.67089E-04   3.59229E+02  1.00817E-03   9.88068E-01  1.04838E-03   2.77611E+00  1.09079E-03   4.46863E+00  1.13191E-03   6.19121E+00  1.17080E-03   7.88766E+00  1.20995E-03   9.49227E+00  1.24765E-03   1.10719E+01  1.28806E-03   1.25246E+01  1.32891E-03   1.38446E+01  1.36990E-03   1.51069E+01  1.40925E-03   1.63218E+01  1.43993E-03   1.75422E+01  1.46604E-03   1.87288E+01  1.49100E-03   1.97721E+01  1.51142E-03   2.06811E+01  1.52868E-03   2.15377E+01  1.54422E-03   2.25875E+01 
 1.57315E-03   2.01064E+02  1.55071E-03   1.99838E+02  1.52464E-03   1.98707E+02  1.50221E-03   1.97662E+02  1.47422E-03   1.96589E+02  1.44045E-03   1.95489E+02  1.40794E-03   1.94183E+02  1.37113E-03   1.92672E+02  1.32968E-03   1.91116E+02  1.29142E-03   1.89461E+02  1.25161E-03   1.87787E+02  1.21010E-03   1.86125E+02  1.17146E-03   1.84365E+02  1.13115E-03   1.82546E+02  1.09116E-03   1.80632E+02  1.05427E-03   1.78678E+02  1.01522E-03   1.76667E+02  9.79205E-04   1.74683E+02  9.44257E-04   1.72724E+02  9.07545E-04   1.70773E+02  8.75123E-04   1.68945E+02  8.39131E-04   1.67120E+02  8.05988E-04   1.65445E+02  7.71403E-04   1.63752E+02  7.35340E-04   1.62209E+02  7.00293E-04   1.60758E+02  6.61341E-04   1.59359E+02  6.24129E-04   1.58167E+02  5.82750E-04   1.56940E+02  5.42207E-04   1.55971E+02  4.98389E-04   1.54965E+02  4.53906E-04   1.54179E+02  4.07442E-04   1.53390E+02  3.59747E-04   1.52767E+02  3.11138E-04   1.52202E+02  2.61081E-04   1.51732E+02  2.10255E-04   1.51227E+02  1.58412E-04   1.50995E+02  1.06348E-04   1.50764E+02  5.34388E-05   1.50242E+02  6.37503E-07   9.54985E+01  5.25905E-05   3.31333E+02  1.05460E-04   3.31220E+02  1.57817E-04   3.31434E+02  2.09405E-04   3.31665E+02  2.60037E-04   3.32003E+02  3.10210E-04   3.32439E+02  3.58687E-04   3.32994E+02  4.05891E-04   3.33556E+02  4.52031E-04   3.34335E+02  4.96531E-04   3.35113E+02  5.40210E-04   3.36092E+02  5.81411E-04   3.37060E+02  6.23333E-04   3.38243E+02  6.61830E-04   3.39422E+02  7.01638E-04   3.40807E+02  7.38158E-04   3.42231E+02  7.75620E-04   3.43758E+02  8.11104E-04   3.45410E+02  8.45256E-04   3.47050E+02  8.80132E-04   3.48900E+02  9.11978E-04   3.50724E+02  9.46364E-04   3.52666E+02  9.79397E-04   3.54644E+02  1.01384E-03   3.56632E+02  1.05157E-03   3.58662E+02  1.08929E-03   6.10681E-01  1.12992E-03   2.53573E+00  1.17156E-03   4.38808E+00  1.21036E-03   6.21170E+00  1.24953E-03   7.93134E+00  1.28739E-03   9.61061E+00  1.32551E-03   1.11704E+01  1.36671E-03   1.26112E+01  1.40732E-03   1.39720E+01  1.44542E-03   1.52319E+01  1.47705E-03   1.65410E+01  1.50295E-03   1.77832E+01  1.52855E-03   1.88960E+01  1.55175E-03   1.98517E+01  1.56862E-03   2.07777E+01 
 1.59000E-03   1.99094E+02  1.56439E-03   1.97865E+02  1.54010E-03   1.96813E+02  1.51252E-03   1.95764E+02  1.47806E-03   1.94445E+02  1.44335E-03   1.92972E+02  1.40952E-03   1.91396E+02  1.36798E-03   1.89712E+02  1.32864E-03   1.88029E+02  1.29162E-03   1.86324E+02  1.24914E-03   1.84535E+02  1.21164E-03   1.82647E+02  1.17347E-03   1.80683E+02  1.13416E-03   1.78566E+02  1.09947E-03   1.76438E+02  1.06270E-03   1.74261E+02  1.02812E-03   1.72058E+02  9.96208E-04   1.70001E+02  9.62066E-04   1.67841E+02  9.32058E-04   1.65902E+02  9.00077E-04   1.63961E+02  8.68065E-04   1.62123E+02  8.37016E-04   1.60461E+02  8.02418E-04   1.58775E+02  7.69440E-04   1.57387E+02  7.32301E-04   1.55905E+02  6.95228E-04   1.54727E+02  6.55307E-04   1.53473E+02  6.13949E-04   1.52465E+02  5.71443E-04   1.51479E+02  5.25704E-04   1.50566E+02  4.79374E-04   1.49874E+02  4.30486E-04   1.49102E+02  3.80886E-04   1.48616E+02  3.28915E-04   1.48008E+02  2.76535E-04   1.47630E+02  2.22183E-04   1.47162E+02  1.67272E-04   1.46980E+02  1.11376E-04   1.46610E+02  5.51919E-05   1.46391E+02  1.32952E-06   3.49925E+02  5.75377E-05   3.27341E+02  1.13577E-04   3.27154E+02  1.69338E-04   3.27304E+02  2.24081E-04   3.27374E+02  2.78089E-04   3.27742E+02  3.30534E-04   3.28047E+02  3.82035E-04   3.28602E+02  4.31477E-04   3.29071E+02  4.79835E-04   3.29808E+02  5.25498E-04   3.30505E+02  5.70504E-04   3.31413E+02  6.12275E-04   3.32373E+02  6.52994E-04   3.33425E+02  6.92048E-04   3.34687E+02  7.29016E-04   3.35912E+02  7.66103E-04   3.37439E+02  8.00137E-04   3.38887E+02  8.35551E-04   3.40619E+02  8.68686E-04   3.42288E+02  9.01756E-04   3.44105E+02  9.34929E-04   3.46006E+02  9.65837E-04   3.47883E+02  9.98790E-04   3.49972E+02  1.02990E-03   3.51964E+02  1.06217E-03   3.54109E+02  1.09816E-03   3.56259E+02  1.13269E-03   3.58376E+02  1.17239E-03   5.08303E-01  1.21251E-03   2.52643E+00  1.25002E-03   4.50169E+00  1.29089E-03   6.39000E+00  1.32702E-03   8.18034E+00  1.36491E-03   9.86336E+00  1.40734E-03   1.14626E+01  1.44693E-03   1.29160E+01  1.48460E-03   1.42910E+01  1.51513E-03   1.56716E+01  1.53730E-03   1.69649E+01  1.56150E-03   1.81153E+01  1.58797E-03   1.91013E+01 
 1.60171E-03   1.97230E+02  1.57475E-03   1.96038E+02  1.54674E-03   1.94931E+02  1.51523E-03   1.93493E+02  1.48167E-03   1.91835E+02  1.44844E-03   1.90300E+02  1.40947E-03   1.88616E+02  1.36802E-03   1.86771E+02  1.33191E-03   1.84980E+02  1.29162E-03   1.82974E+02  1.25318E-03   1.80849E+02  1.21870E-03   1.78733E+02  1.17982E-03   1.76420E+02  1.14582E-03   1.74140E+02  1.11208E-03   1.71866E+02  1.07855E-03   1.69508E+02  1.04969E-03   1.67341E+02  1.01851E-03   1.65129E+02  9.90907E-04   1.63067E+02  9.62260E-04   1.61139E+02  9.32483E-04   1.59181E+02  9.03747E-04   1.57507E+02  8.71599E-04   1.55769E+02  8.39894E-04   1.54264E+02  8.05026E-04   1.52784E+02  7.68805E-04   1.51423E+02  7.30773E-04   1.50222E+02  6.90224E-04   1.49017E+02  6.48244E-04   1.48091E+02  6.03443E-04   1.47080E+02  5.57157E-04   1.46378E+02  5.08351E-04   1.45570E+02  4.57879E-04   1.45031E+02  4.05058E-04   1.44421E+02  3.50607E-04   1.44005E+02  2.94647E-04   1.43562E+02  2.37426E-04   1.43171E+02  1.79086E-04   1.42846E+02  1.19902E-04   1.42397E+02  5.98406E-05   1.41466E+02  1.87279E-06   4.21061E+01  6.03630E-05   3.25083E+02  1.20400E-04   3.24250E+02  1.79595E-04   3.24041E+02  2.38335E-04   3.24095E+02  2.95861E-04   3.24298E+02  3.51979E-04   3.24590E+02  4.06595E-04   3.24919E+02  4.59497E-04   3.25442E+02  5.10402E-04   3.25918E+02  5.59397E-04   3.26613E+02  6.05829E-04   3.27260E+02  6.50483E-04   3.28202E+02  6.92230E-04   3.29045E+02  7.32218E-04   3.30177E+02  7.69694E-04   3.31318E+02  8.05170E-04   3.32660E+02  8.39701E-04   3.34117E+02  8.71293E-04   3.35694E+02  9.03325E-04   3.37506E+02  9.33023E-04   3.39255E+02  9.63427E-04   3.41275E+02  9.93315E-04   3.43250E+02  1.02164E-03   3.45332E+02  1.05238E-03   3.47516E+02  1.07989E-03   3.49623E+02  1.11151E-03   3.51888E+02  1.14413E-03   3.54114E+02  1.17655E-03   3.56356E+02  1.21632E-03   3.58638E+02  1.25281E-03   7.74157E-01  1.29063E-03   2.91896E+00  1.33076E-03   4.93133E+00  1.36457E-03   6.77559E+00  1.40291E-03   8.59013E+00  1.44532E-03   1.02612E+01  1.48506E-03   1.18329E+01  1.52487E-03   1.33386E+01  1.55606E-03   1.48041E+01  1.57523E-03   1.61665E+01  1.59794E-03   1.73370E+01 
 1.61128E-03   1.95277E+02  1.58302E-03   1.94004E+02  1.55550E-03   1.92573E+02  1.52337E-03   1.90876E+02  1.48774E-03   1.89287E+02  1.44854E-03   1.87575E+02  1.40755E-03   1.85507E+02  1.37041E-03   1.83490E+02  1.33388E-03   1.81398E+02  1.29631E-03   1.79110E+02  1.26162E-03   1.76919E+02  1.22514E-03   1.74567E+02  1.19122E-03   1.72148E+02  1.16093E-03   1.69798E+02  1.12992E-03   1.67320E+02  1.10456E-03   1.64998E+02  1.07756E-03   1.62731E+02  1.05238E-03   1.60528E+02  1.02780E-03   1.58499E+02  1.00032E-03   1.56480E+02  9.74524E-04   1.54676E+02  9.44773E-04   1.52913E+02  9.15486E-04   1.51270E+02  8.83220E-04   1.49807E+02  8.49116E-04   1.48377E+02  8.13183E-04   1.47181E+02  7.74260E-04   1.46009E+02  7.33726E-04   1.45047E+02  6.89637E-04   1.44173E+02  6.43786E-04   1.43408E+02  5.94339E-04   1.42761E+02  5.42989E-04   1.42173E+02  4.88828E-04   1.41691E+02  4.33094E-04   1.41217E+02  3.75057E-04   1.40933E+02  3.15450E-04   1.40571E+02  2.53956E-04   1.40388E+02  1.91774E-04   1.40187E+02  1.28391E-04   1.40089E+02  6.46218E-05   1.39767E+02  5.36058E-07   1.01199E+02  6.38541E-05   3.20300E+02  1.27476E-04   3.20350E+02  1.90866E-04   3.20444E+02  2.53197E-04   3.20667E+02  3.14735E-04   3.20860E+02  3.74099E-04   3.21182E+02  4.32193E-04   3.21480E+02  4.88271E-04   3.21991E+02  5.42157E-04   3.22449E+02  5.93395E-04   3.23060E+02  6.42724E-04   3.23694E+02  6.88544E-04   3.24447E+02  7.32833E-04   3.25307E+02  7.73448E-04   3.26217E+02  8.12342E-04   3.27302E+02  8.47906E-04   3.28419E+02  8.81682E-04   3.29770E+02  9.13731E-04   3.31161E+02  9.43611E-04   3.32803E+02  9.73502E-04   3.34549E+02  1.00024E-03   3.36408E+02  1.02904E-03   3.38475E+02  1.05456E-03   3.40538E+02  1.08143E-03   3.42793E+02  1.10871E-03   3.45055E+02  1.13318E-03   3.47320E+02  1.16330E-03   3.49723E+02  1.19195E-03   3.52040E+02  1.22364E-03   3.54458E+02  1.26108E-03   3.56849E+02  1.29557E-03   3.59148E+02  1.33330E-03   1.49691E+00  1.37197E-03   3.62982E+00  1.40491E-03   5.62560E+00  1.44245E-03   7.49788E+00  1.48233E-03   9.21552E+00  1.52031E-03   1.08883E+01  1.56081E-03   1.24841E+01  1.59142E-03   1.40481E+01  1.61154E-03   1.53960E+01 
 1.61838E-03   1.93145E+02  1.59231E-03   1.91778E+02  1.56107E-03   1.90137E+02  1.52339E-03   1.88384E+02  1.48457E-03   1.86513E+02  1.44744E-03   1.84350E+02  1.41233E-03   1.82156E+02  1.37615E-03   1.80049E+02  1.34096E-03   1.77771E+02  1.30563E-03   1.75386E+02  1.27075E-03   1.72945E+02  1.24054E-03   1.70326E+02  1.21251E-03   1.67744E+02  1.18605E-03   1.65173E+02  1.16345E-03   1.62687E+02  1.13972E-03   1.60335E+02  1.11670E-03   1.58069E+02  1.09494E-03   1.55953E+02  1.07035E-03   1.53913E+02  1.04713E-03   1.52046E+02  1.02074E-03   1.50249E+02  9.93704E-04   1.48594E+02  9.64855E-04   1.47105E+02  9.32432E-04   1.45737E+02  8.99316E-04   1.44532E+02  8.61488E-04   1.43435E+02  8.22283E-04   1.42479E+02  7.78524E-04   1.41619E+02  7.32838E-04   1.40883E+02  6.83553E-04   1.40215E+02  6.31528E-04   1.39657E+02  5.76852E-04   1.39160E+02  5.19413E-04   1.38719E+02  4.60111E-04   1.38337E+02  3.98284E-04   1.38070E+02  3.34984E-04   1.37820E+02  2.69619E-04   1.37663E+02  2.03148E-04   1.37478E+02  1.35873E-04   1.37377E+02  6.81270E-05   1.37208E+02  2.30618E-07   2.42591E+02  6.83377E-05   3.17012E+02  1.36295E-04   3.17194E+02  2.03871E-04   3.17311E+02  2.70421E-04   3.17574E+02  3.35471E-04   3.17776E+02  3.99342E-04   3.18089E+02  4.61443E-04   3.18414E+02  5.21026E-04   3.18804E+02  5.78764E-04   3.19244E+02  6.33572E-04   3.19781E+02  6.85736E-04   3.20365E+02  7.34905E-04   3.21052E+02  7.80871E-04   3.21814E+02  8.23945E-04   3.22664E+02  8.63017E-04   3.23641E+02  9.00089E-04   3.24694E+02  9.32730E-04   3.25867E+02  9.64091E-04   3.27181E+02  9.91984E-04   3.28614E+02  1.01918E-03   3.30248E+02  1.04450E-03   3.31999E+02  1.06892E-03   3.33939E+02  1.09421E-03   3.35998E+02  1.11669E-03   3.38170E+02  1.14126E-03   3.40497E+02  1.16452E-03   3.42834E+02  1.18723E-03   3.45290E+02  1.21368E-03   3.47744E+02  1.23986E-03   3.50206E+02  1.26992E-03   3.52710E+02  1.30501E-03   3.55139E+02  1.33822E-03   3.57599E+02  1.37472E-03   1.95952E-02  1.41248E-03   2.32504E+00  1.44664E-03   4.48539E+00  1.48535E-03   6.44272E+00  1.52395E-03   8.25654E+00  1.56064E-03   9.99964E+00  1.59700E-03   1.17272E+01  1.62576E-03   1.34088E+01 
 1.62846E-03   1.91106E+02  1.59911E-03   1.89449E+02  1.56280E-03   1.87515E+02  1.52548E-03   1.85442E+02  1.49111E-03   1.83299E+02  1.45642E-03   1.81077E+02  1.41842E-03   1.78830E+02  1.38342E-03   1.76490E+02  1.35012E-03   1.73888E+02  1.31642E-03   1.71203E+02  1.29090E-03   1.68538E+02  1.26551E-03   1.65806E+02  1.24021E-03   1.63187E+02  1.22103E-03   1.60696E+02  1.19889E-03   1.58230E+02  1.17941E-03   1.55956E+02  1.16123E-03   1.53768E+02  1.14057E-03   1.51654E+02  1.12131E-03   1.49763E+02  1.09902E-03   1.47914E+02  1.07532E-03   1.46263E+02  1.04980E-03   1.44750E+02  1.02034E-03   1.43365E+02  9.89244E-04   1.42192E+02  9.53804E-04   1.41056E+02  9.15607E-04   1.40141E+02  8.73898E-04   1.39233E+02  8.28340E-04   1.38534E+02  7.79928E-04   1.37865E+02  7.27382E-04   1.37288E+02  6.72759E-04   1.36807E+02  6.14472E-04   1.36371E+02  5.54026E-04   1.36051E+02  4.90544E-04   1.35734E+02  4.24987E-04   1.35530E+02  3.57357E-04   1.35343E+02  2.88271E-04   1.35252E+02  2.17922E-04   1.35174E+02  1.46292E-04   1.35305E+02  7.42975E-05   1.35909E+02  2.45093E-06   1.75181E+02  7.05119E-05   3.13360E+02  1.42854E-04   3.14169E+02  2.14387E-04   3.14461E+02  2.84530E-04   3.14718E+02  3.53802E-04   3.14956E+02  4.21430E-04   3.15267E+02  4.86863E-04   3.15547E+02  5.50746E-04   3.15938E+02  6.11848E-04   3.16328E+02  6.70573E-04   3.16806E+02  7.26011E-04   3.17344E+02  7.78677E-04   3.17921E+02  8.28194E-04   3.18660E+02  8.74261E-04   3.19398E+02  9.16712E-04   3.20297E+02  9.55391E-04   3.21214E+02  9.90447E-04   3.22293E+02  1.02201E-03   3.23461E+02  1.05020E-03   3.24772E+02  1.07558E-03   3.26241E+02  1.09857E-03   3.27839E+02  1.12026E-03   3.29658E+02  1.14102E-03   3.31608E+02  1.16197E-03   3.33700E+02  1.18256E-03   3.35988E+02  1.20301E-03   3.38314E+02  1.22358E-03   3.40807E+02  1.24343E-03   3.43357E+02  1.26610E-03   3.45929E+02  1.29000E-03   3.48607E+02  1.31773E-03   3.51179E+02  1.35066E-03   3.53770E+02  1.38229E-03   3.56314E+02  1.41531E-03   3.58776E+02  1.45038E-03   1.19994E+00  1.48459E-03   3.44296E+00  1.52298E-03   5.50197E+00  1.56490E-03   7.37933E+00  1.60165E-03   9.16829E+00  1.63207E-03   1.09789E+01 
 1.63579E-03   1.88641E+02  1.60223E-03   1.86717E+02  1.56601E-03   1.84541E+02  1.53120E-03   1.82416E+02  1.49560E-03   1.80204E+02  1.45764E-03   1.77726E+02  1.42500E-03   1.75208E+02  1.39573E-03   1.72573E+02  1.36595E-03   1.69737E+02  1.34182E-03   1.67038E+02  1.31894E-03   1.64323E+02  1.29491E-03   1.61520E+02  1.27858E-03   1.58987E+02  1.26118E-03   1.56388E+02  1.24533E-03   1.53958E+02  1.23287E-03   1.51768E+02  1.21584E-03   1.49525E+02  1.20041E-03   1.47619E+02  1.18117E-03   1.45745E+02  1.16001E-03   1.44041E+02  1.13720E-03   1.42576E+02  1.11005E-03   1.41148E+02  1.08121E-03   1.40005E+02  1.04793E-03   1.38883E+02  1.01173E-03   1.37985E+02  9.71240E-04   1.37139E+02  9.26945E-04   1.36408E+02  8.78886E-04   1.35809E+02  8.27215E-04   1.35214E+02  7.71850E-04   1.34789E+02  7.13005E-04   1.34324E+02  6.51282E-04   1.34032E+02  5.86610E-04   1.33684E+02  5.18957E-04   1.33495E+02  4.49136E-04   1.33274E+02  3.77383E-04   1.33169E+02  3.03645E-04   1.33043E+02  2.28830E-04   1.33073E+02  1.53000E-04   1.33297E+02  7.62718E-05   1.34066E+02  2.04132E-06   2.36246E+02  7.76123E-05   3.10910E+02  1.54108E-04   3.11762E+02  2.29707E-04   3.12110E+02  3.04523E-04   3.12316E+02  3.77725E-04   3.12571E+02  4.49286E-04   3.12803E+02  5.19209E-04   3.13119E+02  5.85894E-04   3.13353E+02  6.50419E-04   3.13796E+02  7.11983E-04   3.14147E+02  7.70486E-04   3.14694E+02  8.25795E-04   3.15175E+02  8.77638E-04   3.15807E+02  9.26027E-04   3.16476E+02  9.70208E-04   3.17271E+02  1.01188E-03   3.18161E+02  1.04840E-03   3.19075E+02  1.08238E-03   3.20213E+02  1.11097E-03   3.21323E+02  1.13685E-03   3.22682E+02  1.15923E-03   3.24114E+02  1.17829E-03   3.25721E+02  1.19665E-03   3.27572E+02  1.21235E-03   3.29508E+02  1.22999E-03   3.31737E+02  1.24658E-03   3.34016E+02  1.26379E-03   3.36421E+02  1.28198E-03   3.38980E+02  1.29868E-03   3.41508E+02  1.31835E-03   3.44235E+02  1.33985E-03   3.46966E+02  1.36504E-03   3.49683E+02  1.39766E-03   3.52481E+02  1.42952E-03   3.55137E+02  1.45978E-03   3.57718E+02  1.49388E-03   2.07595E-01  1.52488E-03   2.51681E+00  1.56116E-03   4.68256E+00  1.60548E-03   6.68053E+00  1.64059E-03   8.58340E+00 
 1.64053E-03   1.86167E+02  1.60691E-03   1.83974E+02  1.57165E-03   1.81688E+02  1.53552E-03   1.79375E+02  1.50116E-03   1.76743E+02  1.47289E-03   1.74054E+02  1.44475E-03   1.71432E+02  1.41584E-03   1.68583E+02  1.39153E-03   1.65695E+02  1.36914E-03   1.62900E+02  1.34955E-03   1.59941E+02  1.33647E-03   1.57206E+02  1.32445E-03   1.54639E+02  1.31300E-03   1.52087E+02  1.30292E-03   1.49889E+02  1.28945E-03   1.47687E+02  1.27586E-03   1.45682E+02  1.26041E-03   1.43875E+02  1.24240E-03   1.42115E+02  1.22325E-03   1.40666E+02  1.19993E-03   1.39253E+02  1.17484E-03   1.38089E+02  1.14458E-03   1.37032E+02  1.11088E-03   1.36086E+02  1.07269E-03   1.35292E+02  1.02971E-03   1.34543E+02  9.82922E-04   1.33960E+02  9.31371E-04   1.33382E+02  8.76561E-04   1.32933E+02  8.17148E-04   1.32490E+02  7.55013E-04   1.32145E+02  6.88867E-04   1.31805E+02  6.20345E-04   1.31545E+02  5.48490E-04   1.31305E+02  4.74861E-04   1.31112E+02  3.98672E-04   1.30995E+02  3.21120E-04   1.30846E+02  2.41955E-04   1.30830E+02  1.62037E-04   1.30783E+02  8.13177E-05   1.30957E+02  8.12772E-07   2.24045E+02  8.11588E-05   3.09898E+02  1.61836E-04   3.10212E+02  2.42016E-04   3.10363E+02  3.20963E-04   3.10424E+02  3.98775E-04   3.10614E+02  4.74614E-04   3.10751E+02  5.48039E-04   3.10992E+02  6.20025E-04   3.11212E+02  6.88337E-04   3.11475E+02  7.54400E-04   3.11830E+02  8.16276E-04   3.12208E+02  8.75597E-04   3.12694E+02  9.29824E-04   3.13171E+02  9.81616E-04   3.13827E+02  1.02821E-03   3.14463E+02  1.07173E-03   3.15291E+02  1.11079E-03   3.16127E+02  1.14517E-03   3.17125E+02  1.17709E-03   3.18216E+02  1.20280E-03   3.19383E+02  1.22652E-03   3.20781E+02  1.24510E-03   3.22167E+02  1.26157E-03   3.23846E+02  1.27564E-03   3.25624E+02  1.28717E-03   3.27654E+02  1.30054E-03   3.29913E+02  1.31229E-03   3.32249E+02  1.32536E-03   3.34851E+02  1.34037E-03   3.37434E+02  1.35375E-03   3.40103E+02  1.37076E-03   3.42881E+02  1.38920E-03   3.45594E+02  1.41092E-03   3.48419E+02  1.44148E-03   3.51286E+02  1.47104E-03   3.54071E+02  1.50146E-03   3.56787E+02  1.53582E-03   3.59323E+02  1.56618E-03   1.65686E+00  1.60252E-03   3.85102E+00  1.64565E-03   5.99917E+00 
 1.64853E-03   1.83416E+02  1.61347E-03   1.80957E+02  1.57655E-03   1.78493E+02  1.54462E-03   1.75896E+02  1.51865E-03   1.73182E+02  1.48918E-03   1.70463E+02  1.45985E-03   1.67569E+02  1.43835E-03   1.64523E+02  1.41957E-03   1.61548E+02  1.40523E-03   1.58614E+02  1.39719E-03   1.55798E+02  1.38698E-03   1.53182E+02  1.37844E-03   1.50682E+02  1.37089E-03   1.48327E+02  1.36114E-03   1.46127E+02  1.35241E-03   1.44036E+02  1.34143E-03   1.42152E+02  1.32894E-03   1.40418E+02  1.31420E-03   1.38867E+02  1.29504E-03   1.37505E+02  1.27257E-03   1.36300E+02  1.24478E-03   1.35249E+02  1.21279E-03   1.34311E+02  1.17610E-03   1.33506E+02  1.13424E-03   1.32781E+02  1.08857E-03   1.32161E+02  1.03749E-03   1.31600E+02  9.83221E-04   1.31117E+02  9.24060E-04   1.30666E+02  8.61550E-04   1.30315E+02  7.95354E-04   1.29964E+02  7.25309E-04   1.29692E+02  6.52587E-04   1.29431E+02  5.76940E-04   1.29206E+02  4.99173E-04   1.29058E+02  4.19027E-04   1.28905E+02  3.37396E-04   1.28779E+02  2.53968E-04   1.28640E+02  1.70065E-04   1.28641E+02  8.47091E-05   1.28413E+02  6.18630E-07   3.38556E+02  8.57634E-05   3.08899E+02  1.70822E-04   3.08788E+02  2.54901E-04   3.08813E+02  3.38327E-04   3.08875E+02  4.19780E-04   3.08938E+02  5.00167E-04   3.09060E+02  5.77849E-04   3.09200E+02  6.53604E-04   3.09388E+02  7.26059E-04   3.09615E+02  7.95684E-04   3.09880E+02  8.61486E-04   3.10192E+02  9.24001E-04   3.10552E+02  9.82654E-04   3.10986E+02  1.03655E-03   3.11493E+02  1.08717E-03   3.12070E+02  1.13232E-03   3.12736E+02  1.17400E-03   3.13511E+02  1.21025E-03   3.14363E+02  1.24283E-03   3.15365E+02  1.27055E-03   3.16430E+02  1.29374E-03   3.17674E+02  1.31392E-03   3.19001E+02  1.32866E-03   3.20484E+02  1.34205E-03   3.22136E+02  1.35221E-03   3.23924E+02  1.36048E-03   3.25982E+02  1.37053E-03   3.28165E+02  1.37792E-03   3.30611E+02  1.38763E-03   3.33221E+02  1.39870E-03   3.35928E+02  1.40894E-03   3.38779E+02  1.42417E-03   3.41638E+02  1.44123E-03   3.44505E+02  1.46200E-03   3.47397E+02  1.48816E-03   3.50304E+02  1.51471E-03   3.53216E+02  1.54273E-03   3.56038E+02  1.57492E-03   3.58670E+02  1.60840E-03   1.01931E+00  1.64423E-03   3.19774E+00 
 1.65332E-03   1.80462E+02  1.61724E-03   1.77911E+02  1.58740E-03   1.75318E+02  1.56212E-03   1.72604E+02  1.53341E-03   1.69676E+02  1.50664E-03   1.66637E+02  1.48941E-03   1.63560E+02  1.47534E-03   1.60474E+02  1.46271E-03   1.57503E+02  1.45557E-03   1.54695E+02  1.44702E-03   1.51879E+02  1.44066E-03   1.49290E+02  1.43891E-03   1.46887E+02  1.43374E-03   1.44537E+02  1.43012E-03   1.42502E+02  1.42434E-03   1.40548E+02  1.41476E-03   1.38823E+02  1.40357E-03   1.37304E+02  1.38654E-03   1.35883E+02  1.36654E-03   1.34749E+02  1.34148E-03   1.33660E+02  1.31191E-03   1.32751E+02  1.27789E-03   1.31942E+02  1.23876E-03   1.31210E+02  1.19501E-03   1.30609E+02  1.14608E-03   1.30017E+02  1.09283E-03   1.29564E+02  1.03486E-03   1.29106E+02  9.72672E-04   1.28749E+02  9.06215E-04   1.28404E+02  8.35762E-04   1.28137E+02  7.62358E-04   1.27867E+02  6.85443E-04   1.27649E+02  6.05937E-04   1.27495E+02  5.24059E-04   1.27304E+02  4.39969E-04   1.27187E+02  3.54075E-04   1.27040E+02  2.66835E-04   1.26946E+02  1.78570E-04   1.26799E+02  8.96605E-05   1.26637E+02  4.73134E-07   6.11945E+01  8.93773E-05   3.07223E+02  1.78775E-04   3.07104E+02  2.67187E-04   3.07090E+02  3.54334E-04   3.07095E+02  4.40437E-04   3.07224E+02  5.24740E-04   3.07296E+02  6.06657E-04   3.07440E+02  6.86496E-04   3.07581E+02  7.63387E-04   3.07761E+02  8.37037E-04   3.08013E+02  9.07269E-04   3.08264E+02  9.73452E-04   3.08604E+02  1.03578E-03   3.08941E+02  1.09361E-03   3.09401E+02  1.14711E-03   3.09865E+02  1.19574E-03   3.10464E+02  1.23953E-03   3.11118E+02  1.27854E-03   3.11874E+02  1.31297E-03   3.12746E+02  1.34289E-03   3.13700E+02  1.36773E-03   3.14835E+02  1.38798E-03   3.16035E+02  1.40369E-03   3.17423E+02  1.41427E-03   3.18951E+02  1.42315E-03   3.20634E+02  1.42783E-03   3.22553E+02  1.43243E-03   3.24600E+02  1.43791E-03   3.26889E+02  1.44208E-03   3.29345E+02  1.44847E-03   3.31923E+02  1.45467E-03   3.34710E+02  1.46102E-03   3.37546E+02  1.47201E-03   3.40495E+02  1.48937E-03   3.43533E+02  1.51008E-03   3.46504E+02  1.53478E-03   3.49498E+02  1.56070E-03   3.52463E+02  1.58431E-03   3.55331E+02  1.61503E-03   3.58054E+02  1.65211E-03   5.07008E-01 
 1.66035E-03   1.77563E+02  1.63132E-03   1.74781E+02  1.60533E-03   1.71980E+02  1.57858E-03   1.68944E+02  1.55574E-03   1.65823E+02  1.53928E-03   1.62791E+02  1.52520E-03   1.59681E+02  1.51367E-03   1.56567E+02  1.50736E-03   1.53655E+02  1.50351E-03   1.50742E+02  1.50344E-03   1.48029E+02  1.50653E-03   1.45672E+02  1.50706E-03   1.43307E+02  1.50606E-03   1.41229E+02  1.50359E-03   1.39326E+02  1.49726E-03   1.37463E+02  1.48901E-03   1.35966E+02  1.47693E-03   1.34500E+02  1.46123E-03   1.33304E+02  1.44096E-03   1.32258E+02  1.41540E-03   1.31270E+02  1.38503E-03   1.30511E+02  1.34825E-03   1.29716E+02  1.30653E-03   1.29125E+02  1.25921E-03   1.28525E+02  1.20659E-03   1.28035E+02  1.14891E-03   1.27589E+02  1.08721E-03   1.27187E+02  1.02027E-03   1.26856E+02  9.49701E-04   1.26499E+02  8.75495E-04   1.26253E+02  7.97792E-04   1.25996E+02  7.17127E-04   1.25799E+02  6.33627E-04   1.25578E+02  5.47721E-04   1.25459E+02  4.59662E-04   1.25285E+02  3.70051E-04   1.25148E+02  2.78886E-04   1.24885E+02  1.86860E-04   1.24717E+02  9.37849E-05   1.24113E+02  2.11230E-06   5.17731E+01  9.26005E-05   3.06468E+02  1.85489E-04   3.05901E+02  2.77673E-04   3.05713E+02  3.69271E-04   3.05680E+02  4.58826E-04   3.05671E+02  5.47143E-04   3.05771E+02  6.33214E-04   3.05826E+02  7.16952E-04   3.06024E+02  7.97899E-04   3.06134E+02  8.75795E-04   3.06362E+02  9.50079E-04   3.06559E+02  1.02054E-03   3.06844E+02  1.08707E-03   3.07135E+02  1.14832E-03   3.07507E+02  1.20557E-03   3.07938E+02  1.25693E-03   3.08387E+02  1.30409E-03   3.09012E+02  1.34520E-03   3.09618E+02  1.38149E-03   3.10441E+02  1.41298E-03   3.11249E+02  1.43945E-03   3.12268E+02  1.46181E-03   3.13378E+02  1.47874E-03   3.14583E+02  1.49165E-03   3.15997E+02  1.49961E-03   3.17442E+02  1.50326E-03   3.19206E+02  1.50453E-03   3.21123E+02  1.50426E-03   3.23254E+02  1.50490E-03   3.25676E+02  1.50656E-03   3.28209E+02  1.50942E-03   3.30941E+02  1.51374E-03   3.33781E+02  1.51569E-03   3.36619E+02  1.52266E-03   3.39636E+02  1.53770E-03   3.42742E+02  1.55512E-03   3.45839E+02  1.57924E-03   3.48953E+02  1.60396E-03   3.51963E+02  1.62498E-03   3.54797E+02  1.65521E-03   3.57461E+02 
 1.67374E-03   1.74352E+02  1.64648E-03   1.71473E+02  1.62146E-03   1.68513E+02  1.60318E-03   1.65392E+02  1.58687E-03   1.62287E+02  1.57156E-03   1.59091E+02  1.56459E-03   1.55835E+02  1.56324E-03   1.52788E+02  1.56337E-03   1.49866E+02  1.56899E-03   1.47136E+02  1.57399E-03   1.44692E+02  1.57579E-03   1.42299E+02  1.57902E-03   1.40080E+02  1.57927E-03   1.38089E+02  1.57862E-03   1.36198E+02  1.57581E-03   1.34606E+02  1.56812E-03   1.33204E+02  1.55742E-03   1.31939E+02  1.54017E-03   1.30906E+02  1.51753E-03   1.29920E+02  1.48885E-03   1.29110E+02  1.45384E-03   1.28370E+02  1.41399E-03   1.27700E+02  1.36766E-03   1.27128E+02  1.31684E-03   1.26586E+02  1.26111E-03   1.26138E+02  1.20005E-03   1.25711E+02  1.13459E-03   1.25369E+02  1.06485E-03   1.25042E+02  9.91303E-04   1.24781E+02  9.13229E-04   1.24545E+02  8.32281E-04   1.24344E+02  7.47415E-04   1.24173E+02  6.60664E-04   1.24020E+02  5.70936E-04   1.23897E+02  4.79184E-04   1.23794E+02  3.85549E-04   1.23715E+02  2.90670E-04   1.23659E+02  1.94665E-04   1.23568E+02  9.81745E-05   1.23390E+02  1.01408E-06   1.05750E+02  9.59271E-05   3.03759E+02  1.92589E-04   3.03809E+02  2.88629E-04   3.03804E+02  3.83580E-04   3.03878E+02  4.77458E-04   3.03957E+02  5.69279E-04   3.04051E+02  6.59352E-04   3.04153E+02  7.46814E-04   3.04300E+02  8.32041E-04   3.04440E+02  9.13478E-04   3.04648E+02  9.92278E-04   3.04876E+02  1.06656E-03   3.05110E+02  1.13771E-03   3.05429E+02  1.20314E-03   3.05719E+02  1.26470E-03   3.06134E+02  1.32071E-03   3.06528E+02  1.37100E-03   3.07059E+02  1.41627E-03   3.07614E+02  1.45415E-03   3.08271E+02  1.48822E-03   3.09062E+02  1.51491E-03   3.09909E+02  1.53740E-03   3.10978E+02  1.55531E-03   3.12077E+02  1.56667E-03   3.13394E+02  1.57678E-03   3.14809E+02  1.57987E-03   3.16326E+02  1.58024E-03   3.18091E+02  1.57811E-03   3.19977E+02  1.57229E-03   3.22146E+02  1.56923E-03   3.24556E+02  1.56530E-03   3.27158E+02  1.56455E-03   3.30004E+02  1.56681E-03   3.32932E+02  1.56752E-03   3.35880E+02  1.57447E-03   3.38937E+02  1.58740E-03   3.42084E+02  1.60240E-03   3.45268E+02  1.62277E-03   3.48517E+02  1.64599E-03   3.51665E+02  1.66758E-03   3.54501E+02 
 1.68704E-03   1.71268E+02  1.66542E-03   1.68256E+02  1.65041E-03   1.65130E+02  1.63491E-03   1.61842E+02  1.61939E-03   1.58498E+02  1.61592E-03   1.55231E+02  1.61858E-03   1.52141E+02  1.61942E-03   1.49161E+02  1.62585E-03   1.46391E+02  1.63369E-03   1.43786E+02  1.63878E-03   1.41276E+02  1.64787E-03   1.39066E+02  1.65496E-03   1.37009E+02  1.65855E-03   1.35160E+02  1.66128E-03   1.33566E+02  1.65681E-03   1.32092E+02  1.64885E-03   1.30869E+02  1.63528E-03   1.29733E+02  1.61526E-03   1.28757E+02  1.59074E-03   1.27889E+02  1.55902E-03   1.27096E+02  1.52326E-03   1.26437E+02  1.48038E-03   1.25794E+02  1.43206E-03   1.25282E+02  1.37902E-03   1.24782E+02  1.31914E-03   1.24386E+02  1.25525E-03   1.24011E+02  1.18583E-03   1.23675E+02  1.11192E-03   1.23382E+02  1.03370E-03   1.23116E+02  9.51767E-04   1.22921E+02  8.66308E-04   1.22696E+02  7.77687E-04   1.22535E+02  6.86397E-04   1.22391E+02  5.92600E-04   1.22291E+02  4.97166E-04   1.22169E+02  3.99704E-04   1.22078E+02  3.01456E-04   1.21964E+02  2.01721E-04   1.21887E+02  1.01465E-04   1.21591E+02  1.35756E-06   8.33177E+01  9.95470E-05   3.02436E+02  1.99507E-04   3.02303E+02  2.98810E-04   3.02226E+02  3.97385E-04   3.02280E+02  4.94644E-04   3.02311E+02  5.89990E-04   3.02411E+02  6.83586E-04   3.02507E+02  7.74568E-04   3.02655E+02  8.63180E-04   3.02802E+02  9.48403E-04   3.02981E+02  1.03077E-03   3.03200E+02  1.10871E-03   3.03424E+02  1.18271E-03   3.03695E+02  1.25279E-03   3.03998E+02  1.31743E-03   3.04357E+02  1.37804E-03   3.04747E+02  1.43165E-03   3.05221E+02  1.48112E-03   3.05732E+02  1.52363E-03   3.06322E+02  1.56034E-03   3.06998E+02  1.59212E-03   3.07779E+02  1.61551E-03   3.08662E+02  1.63608E-03   3.09685E+02  1.64870E-03   3.10837E+02  1.65673E-03   3.12130E+02  1.66124E-03   3.13614E+02  1.65865E-03   3.15244E+02  1.65585E-03   3.17075E+02  1.64911E-03   3.19100E+02  1.64108E-03   3.21334E+02  1.63436E-03   3.23780E+02  1.62598E-03   3.26441E+02  1.61948E-03   3.29283E+02  1.61619E-03   3.32276E+02  1.61566E-03   3.35353E+02  1.62130E-03   3.38504E+02  1.63492E-03   3.41708E+02  1.64913E-03   3.44904E+02  1.66466E-03   3.48173E+02  1.68615E-03   3.51357E+02 
 1.70864E-03   1.68029E+02  1.69477E-03   1.64878E+02  1.67894E-03   1.61584E+02  1.66589E-03   1.58179E+02  1.66370E-03   1.54950E+02  1.66729E-03   1.51813E+02  1.67059E-03   1.48684E+02  1.67967E-03   1.45799E+02  1.69232E-03   1.43090E+02  1.70454E-03   1.40525E+02  1.71849E-03   1.38330E+02  1.72961E-03   1.36242E+02  1.73657E-03   1.34291E+02  1.74119E-03   1.32636E+02  1.74163E-03   1.31039E+02  1.73748E-03   1.29736E+02  1.72900E-03   1.28589E+02  1.71441E-03   1.27528E+02  1.69391E-03   1.26710E+02  1.66647E-03   1.25860E+02  1.63264E-03   1.25208E+02  1.59259E-03   1.24554E+02  1.54574E-03   1.23981E+02  1.49358E-03   1.23500E+02  1.43498E-03   1.23017E+02  1.37170E-03   1.22647E+02  1.30299E-03   1.22241E+02  1.22955E-03   1.21968E+02  1.15190E-03   1.21651E+02  1.06967E-03   1.21439E+02  9.84155E-04   1.21201E+02  8.95273E-04   1.21034E+02  8.03326E-04   1.20900E+02  7.08957E-04   1.20757E+02  6.12064E-04   1.20638E+02  5.12884E-04   1.20519E+02  4.12177E-04   1.20466E+02  3.10341E-04   1.20414E+02  2.07539E-04   1.20358E+02  1.04235E-04   1.20302E+02  2.11949E-07   6.98606E+01  1.03616E-04   3.00414E+02  2.06987E-04   3.00496E+02  3.10008E-04   3.00516E+02  4.11726E-04   3.00575E+02  5.12356E-04   3.00672E+02  6.11359E-04   3.00774E+02  7.08501E-04   3.00889E+02  8.02898E-04   3.01020E+02  8.95197E-04   3.01173E+02  9.84195E-04   3.01344E+02  1.07009E-03   3.01579E+02  1.15239E-03   3.01776E+02  1.23048E-03   3.02071E+02  1.30436E-03   3.02328E+02  1.37284E-03   3.02694E+02  1.43658E-03   3.03031E+02  1.49446E-03   3.03473E+02  1.54651E-03   3.03955E+02  1.59240E-03   3.04507E+02  1.63150E-03   3.05154E+02  1.66485E-03   3.05829E+02  1.69129E-03   3.06697E+02  1.71259E-03   3.07587E+02  1.72815E-03   3.08682E+02  1.73770E-03   3.09857E+02  1.74250E-03   3.11133E+02  1.74157E-03   3.12640E+02  1.73506E-03   3.14228E+02  1.72547E-03   3.16093E+02  1.71455E-03   3.18226E+02  1.70276E-03   3.20534E+02  1.69360E-03   3.23131E+02  1.68475E-03   3.25899E+02  1.67417E-03   3.28748E+02  1.66782E-03   3.31778E+02  1.66486E-03   3.34936E+02  1.66772E-03   3.38208E+02  1.68074E-03   3.41559E+02  1.69415E-03   3.44867E+02  1.70484E-03   3.48092E+02 
 1.73531E-03   1.64845E+02  1.72197E-03   1.61602E+02  1.71316E-03   1.58197E+02  1.71282E-03   1.54842E+02  1.71451E-03   1.51559E+02  1.72176E-03   1.48303E+02  1.73528E-03   1.45329E+02  1.74991E-03   1.42567E+02  1.76626E-03   1.39987E+02  1.78286E-03   1.37696E+02  1.79496E-03   1.35503E+02  1.80687E-03   1.33462E+02  1.81674E-03   1.31701E+02  1.82224E-03   1.30114E+02  1.82511E-03   1.28771E+02  1.82056E-03   1.27622E+02  1.81053E-03   1.26576E+02  1.79331E-03   1.25683E+02  1.76837E-03   1.24842E+02  1.73791E-03   1.24082E+02  1.69993E-03   1.23419E+02  1.65675E-03   1.22774E+02  1.60698E-03   1.22249E+02  1.55156E-03   1.21755E+02  1.49099E-03   1.21327E+02  1.42421E-03   1.20956E+02  1.35276E-03   1.20607E+02  1.27588E-03   1.20329E+02  1.19481E-03   1.20071E+02  1.10925E-03   1.19849E+02  1.01996E-03   1.19647E+02  9.27195E-04   1.19502E+02  8.31479E-04   1.19330E+02  7.32889E-04   1.19206E+02  6.32204E-04   1.19075E+02  5.29694E-04   1.18990E+02  4.25368E-04   1.18889E+02  3.20239E-04   1.18880E+02  2.14039E-04   1.18908E+02  1.07373E-04   1.18891E+02  6.27619E-07   1.47208E+02  1.06635E-04   2.98586E+02  2.13184E-04   2.98675E+02  3.19082E-04   2.98720E+02  4.23917E-04   2.98805E+02  5.27727E-04   2.98894E+02  6.29532E-04   2.98985E+02  7.29897E-04   2.99150E+02  8.27630E-04   2.99273E+02  9.22762E-04   2.99469E+02  1.01528E-03   2.99641E+02  1.10424E-03   2.99883E+02  1.19003E-03   3.00109E+02  1.27132E-03   3.00374E+02  1.34960E-03   3.00667E+02  1.42208E-03   3.01011E+02  1.49039E-03   3.01380E+02  1.55231E-03   3.01766E+02  1.60951E-03   3.02245E+02  1.66027E-03   3.02720E+02  1.70325E-03   3.03317E+02  1.74112E-03   3.03949E+02  1.76955E-03   3.04678E+02  1.79295E-03   3.05552E+02  1.80885E-03   3.06500E+02  1.81887E-03   3.07652E+02  1.82489E-03   3.08902E+02  1.82408E-03   3.10308E+02  1.82058E-03   3.11884E+02  1.80965E-03   3.13524E+02  1.79555E-03   3.15441E+02  1.78003E-03   3.17589E+02  1.76147E-03   3.19949E+02  1.74794E-03   3.22654E+02  1.73547E-03   3.25535E+02  1.72233E-03   3.28464E+02  1.71501E-03   3.31540E+02  1.71272E-03   3.34715E+02  1.71392E-03   3.38002E+02  1.72404E-03   3.41478E+02  1.73622E-03   3.44934E+02 
 1.76442E-03   1.61680E+02  1.76008E-03   1.58283E+02  1.75815E-03   1.54818E+02  1.75792E-03   1.51386E+02  1.76718E-03   1.48146E+02  1.78549E-03   1.45165E+02  1.80131E-03   1.42299E+02  1.81989E-03   1.39624E+02  1.84130E-03   1.37208E+02  1.85840E-03   1.34900E+02  1.87641E-03   1.32863E+02  1.89285E-03   1.31063E+02  1.90291E-03   1.29427E+02  1.90943E-03   1.28055E+02  1.90895E-03   1.26770E+02  1.90153E-03   1.25660E+02  1.88900E-03   1.24659E+02  1.86816E-03   1.23732E+02  1.84243E-03   1.22970E+02  1.80933E-03   1.22213E+02  1.76937E-03   1.21611E+02  1.72340E-03   1.21030E+02  1.66971E-03   1.20524E+02  1.61116E-03   1.20074E+02  1.54506E-03   1.19652E+02  1.47450E-03   1.19302E+02  1.39795E-03   1.18938E+02  1.31639E-03   1.18669E+02  1.23130E-03   1.18363E+02  1.14117E-03   1.18148E+02  1.04804E-03   1.17924E+02  9.51366E-04   1.17730E+02  8.52270E-04   1.17537E+02  7.50494E-04   1.17378E+02  6.46945E-04   1.17235E+02  5.41040E-04   1.17109E+02  4.34426E-04   1.17016E+02  3.26167E-04   1.16903E+02  2.17134E-04   1.16784E+02  1.07666E-04   1.16529E+02  2.26016E-06   3.14082E+02  1.11839E-04   2.97270E+02  2.21278E-04   2.97179E+02  3.30286E-04   2.97181E+02  4.38221E-04   2.97183E+02  5.44965E-04   2.97277E+02  6.50309E-04   2.97350E+02  7.53332E-04   2.97465E+02  8.54808E-04   2.97624E+02  9.53187E-04   2.97806E+02  1.04930E-03   2.97980E+02  1.14152E-03   2.98211E+02  1.23083E-03   2.98428E+02  1.31510E-03   2.98713E+02  1.39597E-03   2.98999E+02  1.47173E-03   2.99345E+02  1.54243E-03   2.99706E+02  1.60846E-03   3.00111E+02  1.66724E-03   3.00568E+02  1.72188E-03   3.01067E+02  1.76849E-03   3.01637E+02  1.80988E-03   3.02263E+02  1.84333E-03   3.02971E+02  1.86916E-03   3.03730E+02  1.88925E-03   3.04616E+02  1.90035E-03   3.05587E+02  1.90713E-03   3.06716E+02  1.90635E-03   3.07993E+02  1.90068E-03   3.09437E+02  1.89196E-03   3.11079E+02  1.87672E-03   3.12875E+02  1.86018E-03   3.14889E+02  1.84181E-03   3.17133E+02  1.82134E-03   3.19590E+02  1.80290E-03   3.22313E+02  1.78552E-03   3.25267E+02  1.76904E-03   3.28321E+02  1.75983E-03   3.31518E+02  1.75864E-03   3.34790E+02  1.75933E-03   3.38121E+02  1.76393E-03   3.41595E+02 
 1.80235E-03   1.58487E+02  1.79973E-03   1.55069E+02  1.79995E-03   1.51560E+02  1.81283E-03   1.48284E+02  1.83281E-03   1.45218E+02  1.85166E-03   1.42160E+02  1.87266E-03   1.39342E+02  1.89813E-03   1.36843E+02  1.92086E-03   1.34486E+02  1.94274E-03   1.32409E+02  1.96144E-03   1.30536E+02  1.97535E-03   1.28766E+02  1.98514E-03   1.27272E+02  1.98959E-03   1.25909E+02  1.98902E-03   1.24724E+02  1.98143E-03   1.23736E+02  1.96685E-03   1.22784E+02  1.94455E-03   1.22017E+02  1.91511E-03   1.21254E+02  1.87824E-03   1.20564E+02  1.83416E-03   1.19976E+02  1.78353E-03   1.19355E+02  1.72641E-03   1.18885E+02  1.66335E-03   1.18379E+02  1.59436E-03   1.17987E+02  1.51996E-03   1.17596E+02  1.44039E-03   1.17256E+02  1.35636E-03   1.16970E+02  1.26728E-03   1.16678E+02  1.17454E-03   1.16457E+02  1.07823E-03   1.16193E+02  9.78746E-04   1.16022E+02  8.76696E-04   1.15802E+02  7.72044E-04   1.15683E+02  6.65381E-04   1.15497E+02  5.56769E-04   1.15408E+02  4.46983E-04   1.15303E+02  3.36161E-04   1.15242E+02  2.24266E-04   1.15212E+02  1.11887E-04   1.15338E+02  5.55792E-07   2.57979E+02  1.13094E-04   2.94935E+02  2.25385E-04   2.95022E+02  3.37051E-04   2.95116E+02  4.47710E-04   2.95183E+02  5.57132E-04   2.95324E+02  6.65150E-04   2.95430E+02  7.71588E-04   2.95645E+02  8.75997E-04   2.95771E+02  9.77716E-04   2.96006E+02  1.07682E-03   2.96187E+02  1.17249E-03   2.96443E+02  1.26527E-03   2.96697E+02  1.35388E-03   2.96999E+02  1.43874E-03   2.97321E+02  1.51861E-03   2.97651E+02  1.59358E-03   2.98036E+02  1.66342E-03   2.98417E+02  1.72709E-03   2.98879E+02  1.78538E-03   2.99335E+02  1.83574E-03   2.99890E+02  1.87994E-03   3.00474E+02  1.91635E-03   3.01156E+02  1.94521E-03   3.01934E+02  1.96737E-03   3.02780E+02  1.98167E-03   3.03772E+02  1.98985E-03   3.04835E+02  1.99168E-03   3.06052E+02  1.98735E-03   3.07393E+02  1.97624E-03   3.08831E+02  1.96034E-03   3.10499E+02  1.94010E-03   3.12358E+02  1.91678E-03   3.14440E+02  1.89528E-03   3.16846E+02  1.87333E-03   3.19453E+02  1.85178E-03   3.22214E+02  1.83233E-03   3.25181E+02  1.81418E-03   3.28281E+02  1.80290E-03   3.31549E+02  1.80262E-03   3.34989E+02  1.80311E-03   3.38479E+02 
 1.84027E-03   1.55480E+02  1.84413E-03   1.51944E+02  1.85772E-03   1.48515E+02  1.87555E-03   1.45270E+02  1.89518E-03   1.42128E+02  1.92089E-03   1.39276E+02  1.94796E-03   1.36698E+02  1.97517E-03   1.34291E+02  2.00153E-03   1.32128E+02  2.02322E-03   1.30112E+02  2.04295E-03   1.28254E+02  2.05994E-03   1.26667E+02  2.06994E-03   1.25278E+02  2.07576E-03   1.24075E+02  2.07269E-03   1.23007E+02  2.06106E-03   1.22020E+02  2.04356E-03   1.21121E+02  2.01653E-03   1.20283E+02  1.98412E-03   1.19506E+02  1.94399E-03   1.18812E+02  1.89716E-03   1.18200E+02  1.84439E-03   1.17637E+02  1.78345E-03   1.17149E+02  1.71784E-03   1.16695E+02  1.64456E-03   1.16293E+02  1.56644E-03   1.15917E+02  1.48232E-03   1.15582E+02  1.39340E-03   1.15243E+02  1.30094E-03   1.14937E+02  1.20369E-03   1.14637E+02  1.10395E-03   1.14361E+02  1.00118E-03   1.14124E+02  8.95722E-04   1.13905E+02  7.87660E-04   1.13676E+02  6.78435E-04   1.13489E+02  5.66866E-04   1.13321E+02  4.54679E-04   1.13110E+02  3.40890E-04   1.13000E+02  2.26709E-04   1.12864E+02  1.11779E-04   1.12448E+02  3.66195E-06   3.12451E+02  1.18488E-04   2.93783E+02  2.33094E-04   2.93401E+02  3.47138E-04   2.93368E+02  4.60801E-04   2.93427E+02  5.72941E-04   2.93514E+02  6.84157E-04   2.93617E+02  7.93029E-04   2.93773E+02  9.00600E-04   2.93936E+02  1.00493E-03   2.94129E+02  1.10719E-03   2.94395E+02  1.20540E-03   2.94641E+02  1.30104E-03   2.94940E+02  1.39195E-03   2.95238E+02  1.47936E-03   2.95586E+02  1.56229E-03   2.95941E+02  1.63964E-03   2.96342E+02  1.71353E-03   2.96778E+02  1.77968E-03   2.97247E+02  1.84197E-03   2.97750E+02  1.89630E-03   2.98288E+02  1.94486E-03   2.98880E+02  1.98603E-03   2.99509E+02  2.01839E-03   3.00207E+02  2.04423E-03   3.00992E+02  2.05988E-03   3.01861E+02  2.07005E-03   3.02882E+02  2.07225E-03   3.04009E+02  2.06858E-03   3.05320E+02  2.06124E-03   3.06770E+02  2.04558E-03   3.08329E+02  2.02647E-03   3.10091E+02  2.00199E-03   3.12015E+02  1.97346E-03   3.14168E+02  1.94731E-03   3.16688E+02  1.92124E-03   3.19450E+02  1.89541E-03   3.22323E+02  1.87443E-03   3.25383E+02  1.85705E-03   3.28528E+02  1.84527E-03   3.31802E+02  1.84322E-03   3.35333E+02 
 1.88653E-03   1.52416E+02  1.89722E-03   1.48964E+02  1.91164E-03   1.45556E+02  1.93441E-03   1.42397E+02  1.96549E-03   1.39525E+02  1.99565E-03   1.36761E+02  2.02516E-03   1.34179E+02  2.05704E-03   1.31918E+02  2.08361E-03   1.29786E+02  2.10805E-03   1.27867E+02  2.12977E-03   1.26237E+02  2.14435E-03   1.24733E+02  2.15336E-03   1.23440E+02  2.15511E-03   1.22251E+02  2.14851E-03   1.21153E+02  2.13575E-03   1.20223E+02  2.11540E-03   1.19312E+02  2.08720E-03   1.18553E+02  2.05270E-03   1.17834E+02  2.00882E-03   1.17184E+02  1.95860E-03   1.16610E+02  1.90073E-03   1.16022E+02  1.83622E-03   1.15548E+02  1.76558E-03   1.15033E+02  1.68832E-03   1.14613E+02  1.60636E-03   1.14166E+02  1.51872E-03   1.13769E+02  1.42778E-03   1.13408E+02  1.33149E-03   1.13037E+02  1.23275E-03   1.12733E+02  1.13028E-03   1.12411E+02  1.02493E-03   1.12161E+02  9.17070E-04   1.11870E+02  8.07020E-04   1.11676E+02  6.95027E-04   1.11448E+02  5.81541E-04   1.11300E+02  4.66777E-04   1.11147E+02  3.50510E-04   1.11062E+02  2.33878E-04   1.11011E+02  1.16760E-04   1.10996E+02  5.76615E-07   2.89103E+02  1.18255E-04   2.90827E+02  2.35538E-04   2.90948E+02  3.52335E-04   2.91066E+02  4.68636E-04   2.91197E+02  5.83529E-04   2.91383E+02  6.97483E-04   2.91511E+02  8.09328E-04   2.91723E+02  9.19613E-04   2.91941E+02  1.02741E-03   2.92212E+02  1.13268E-03   2.92451E+02  1.23517E-03   2.92773E+02  1.33398E-03   2.93077E+02  1.42959E-03   2.93425E+02  1.51999E-03   2.93788E+02  1.60713E-03   2.94168E+02  1.68775E-03   2.94580E+02  1.76454E-03   2.95005E+02  1.83488E-03   2.95499E+02  1.89958E-03   2.95998E+02  1.95750E-03   2.96573E+02  2.00819E-03   2.97165E+02  2.05287E-03   2.97847E+02  2.08861E-03   2.98579E+02  2.11823E-03   2.99376E+02  2.13868E-03   3.00263E+02  2.15081E-03   3.01198E+02  2.15594E-03   3.02274E+02  2.15230E-03   3.03444E+02  2.14269E-03   3.04774E+02  2.12777E-03   3.06277E+02  2.10681E-03   3.07923E+02  2.08251E-03   3.09794E+02  2.05512E-03   3.11865E+02  2.02442E-03   3.14133E+02  1.99523E-03   3.16712E+02  1.96629E-03   3.19523E+02  1.93663E-03   3.22495E+02  1.91373E-03   3.25668E+02  1.89862E-03   3.28955E+02  1.88681E-03   3.32349E+02 
 1.93470E-03   1.49640E+02  1.94818E-03   1.46119E+02  1.97478E-03   1.42828E+02  2.00786E-03   1.39830E+02  2.03822E-03   1.36894E+02  2.07006E-03   1.34188E+02  2.10474E-03   1.31864E+02  2.13700E-03   1.29700E+02  2.16502E-03   1.27699E+02  2.19036E-03   1.25940E+02  2.21086E-03   1.24304E+02  2.22581E-03   1.22884E+02  2.23374E-03   1.21643E+02  2.23491E-03   1.20512E+02  2.22757E-03   1.19542E+02  2.21223E-03   1.18608E+02  2.18876E-03   1.17752E+02  2.15669E-03   1.16967E+02  2.11766E-03   1.16196E+02  2.07022E-03   1.15516E+02  2.01640E-03   1.14856E+02  1.95533E-03   1.14279E+02  1.88752E-03   1.13742E+02  1.81387E-03   1.13231E+02  1.73337E-03   1.12782E+02  1.64842E-03   1.12306E+02  1.55739E-03   1.11909E+02  1.46240E-03   1.11466E+02  1.36379E-03   1.11103E+02  1.26115E-03   1.10712E+02  1.15551E-03   1.10389E+02  1.04717E-03   1.10064E+02  9.36066E-04   1.09761E+02  8.23052E-04   1.09503E+02  7.08747E-04   1.09270E+02  5.92329E-04   1.09068E+02  4.75077E-04   1.08864E+02  3.56568E-04   1.08760E+02  2.37178E-04   1.08608E+02  1.17736E-04   1.08383E+02  2.14122E-06   2.99151E+02  1.22042E-04   2.88825E+02  2.41842E-04   2.88787E+02  3.61005E-04   2.88858E+02  4.79629E-04   2.88956E+02  5.96820E-04   2.89134E+02  7.13056E-04   2.89323E+02  8.27437E-04   2.89562E+02  9.40265E-04   2.89808E+02  1.05063E-03   2.90086E+02  1.15854E-03   2.90436E+02  1.26306E-03   2.90742E+02  1.36460E-03   2.91122E+02  1.46265E-03   2.91489E+02  1.55594E-03   2.91938E+02  1.64574E-03   2.92359E+02  1.72972E-03   2.92834E+02  1.81016E-03   2.93320E+02  1.88396E-03   2.93835E+02  1.95243E-03   2.94372E+02  2.01442E-03   2.94930E+02  2.06936E-03   2.95539E+02  2.11759E-03   2.96170E+02  2.15691E-03   2.96871E+02  2.18883E-03   2.97627E+02  2.21166E-03   2.98475E+02  2.22682E-03   2.99436E+02  2.23398E-03   3.00480E+02  2.23400E-03   3.01682E+02  2.22753E-03   3.02971E+02  2.21281E-03   3.04383E+02  2.19318E-03   3.05955E+02  2.16634E-03   3.07656E+02  2.13520E-03   3.09609E+02  2.10329E-03   3.11847E+02  2.06919E-03   3.14317E+02  2.03632E-03   3.16993E+02  2.00558E-03   3.19877E+02  1.97445E-03   3.22889E+02  1.95037E-03   3.26072E+02  1.93821E-03   3.29510E+02 
 1.98628E-03   1.46829E+02  2.01058E-03   1.43434E+02  2.04081E-03   1.40255E+02  2.07253E-03   1.37254E+02  2.10928E-03   1.34521E+02  2.14816E-03   1.32061E+02  2.18471E-03   1.29751E+02  2.21889E-03   1.27655E+02  2.24808E-03   1.25714E+02  2.27416E-03   1.23969E+02  2.29558E-03   1.22504E+02  2.30908E-03   1.21165E+02  2.31455E-03   1.19971E+02  2.31239E-03   1.18894E+02  2.30079E-03   1.17846E+02  2.28207E-03   1.16904E+02  2.25561E-03   1.16017E+02  2.22056E-03   1.15219E+02  2.17965E-03   1.14479E+02  2.12934E-03   1.13815E+02  2.07268E-03   1.13207E+02  2.00784E-03   1.12606E+02  1.93613E-03   1.12063E+02  1.85812E-03   1.11504E+02  1.77372E-03   1.10992E+02  1.68512E-03   1.10453E+02  1.59072E-03   1.09949E+02  1.49370E-03   1.09473E+02  1.39145E-03   1.09011E+02  1.28728E-03   1.08598E+02  1.17912E-03   1.08185E+02  1.06878E-03   1.07822E+02  9.56019E-04   1.07485E+02  8.40993E-04   1.07202E+02  7.24312E-04   1.06927E+02  6.06083E-04   1.06699E+02  4.86450E-04   1.06522E+02  3.65851E-04   1.06386E+02  2.44506E-04   1.06324E+02  1.22355E-04   1.06300E+02  3.72656E-07   1.92158E+02  1.22537E-04   2.86072E+02  2.44927E-04   2.86271E+02  3.66460E-04   2.86395E+02  4.87765E-04   2.86590E+02  6.07977E-04   2.86770E+02  7.26813E-04   2.87014E+02  8.44139E-04   2.87286E+02  9.59773E-04   2.87595E+02  1.07327E-03   2.87926E+02  1.18416E-03   2.88272E+02  1.29273E-03   2.88660E+02  1.39683E-03   2.89057E+02  1.49850E-03   2.89497E+02  1.59462E-03   2.89933E+02  1.68787E-03   2.90418E+02  1.77469E-03   2.90910E+02  1.85732E-03   2.91432E+02  1.93377E-03   2.92000E+02  2.00473E-03   2.92571E+02  2.06987E-03   2.93217E+02  2.12741E-03   2.93870E+02  2.17956E-03   2.94580E+02  2.22255E-03   2.95325E+02  2.25883E-03   2.96116E+02  2.28525E-03   2.96954E+02  2.30309E-03   2.97843E+02  2.31255E-03   2.98845E+02  2.31192E-03   2.99918E+02  2.30580E-03   3.01165E+02  2.29256E-03   3.02557E+02  2.27320E-03   3.04075E+02  2.24937E-03   3.05775E+02  2.21851E-03   3.07587E+02  2.18364E-03   3.09600E+02  2.14817E-03   3.11959E+02  2.11038E-03   3.14561E+02  2.07297E-03   3.17365E+02  2.04026E-03   3.20388E+02  2.01040E-03   3.23496E+02  1.98681E-03   3.26757E+02 
 2.04391E-03   1.44305E+02  2.06885E-03   1.40930E+02  2.10534E-03   1.37816E+02  2.14766E-03   1.35023E+02  2.18795E-03   1.32352E+02  2.22609E-03   1.29845E+02  2.26428E-03   1.27679E+02  2.29891E-03   1.25689E+02  2.32874E-03   1.23837E+02  2.35527E-03   1.22277E+02  2.37444E-03   1.20819E+02  2.38607E-03   1.19500E+02  2.39022E-03   1.18338E+02  2.38585E-03   1.17214E+02  2.37302E-03   1.16244E+02  2.35313E-03   1.15333E+02  2.32357E-03   1.14469E+02  2.28634E-03   1.13686E+02  2.24094E-03   1.12897E+02  2.18662E-03   1.12184E+02  2.12625E-03   1.11468E+02  2.05711E-03   1.10812E+02  1.98303E-03   1.10177E+02  1.90199E-03   1.09547E+02  1.81508E-03   1.08970E+02  1.72428E-03   1.08376E+02  1.62766E-03   1.07869E+02  1.52750E-03   1.07316E+02  1.42332E-03   1.06844E+02  1.31598E-03   1.06359E+02  1.20516E-03   1.05940E+02  1.09251E-03   1.05532E+02  9.76680E-04   1.05172E+02  8.59610E-04   1.04825E+02  7.40132E-04   1.04545E+02  6.18845E-04   1.04323E+02  4.96779E-04   1.04108E+02  3.73342E-04   1.04008E+02  2.49192E-04   1.03920E+02  1.24763E-04   1.04122E+02  7.63725E-07   2.08017E+02  1.25040E-04   2.83310E+02  2.49667E-04   2.83572E+02  3.73914E-04   2.83784E+02  4.97276E-04   2.83948E+02  6.19556E-04   2.84210E+02  7.41122E-04   2.84487E+02  8.60627E-04   2.84819E+02  9.78144E-04   2.85167E+02  1.09418E-03   2.85552E+02  1.20705E-03   2.85987E+02  1.31781E-03   2.86416E+02  1.42487E-03   2.86920E+02  1.52905E-03   2.87406E+02  1.62836E-03   2.87951E+02  1.72422E-03   2.88476E+02  1.81434E-03   2.89062E+02  1.90049E-03   2.89628E+02  1.98082E-03   2.90231E+02  2.05452E-03   2.90838E+02  2.12337E-03   2.91475E+02  2.18386E-03   2.92147E+02  2.23801E-03   2.92829E+02  2.28440E-03   2.93591E+02  2.32302E-03   2.94384E+02  2.35333E-03   2.95266E+02  2.37478E-03   2.96210E+02  2.38806E-03   2.97221E+02  2.39217E-03   2.98352E+02  2.38792E-03   2.99528E+02  2.37545E-03   3.00846E+02  2.35617E-03   3.02297E+02  2.32982E-03   3.03880E+02  2.29858E-03   3.05700E+02  2.26320E-03   3.07672E+02  2.22440E-03   3.09874E+02  2.18603E-03   3.12341E+02  2.14638E-03   3.15025E+02  2.10551E-03   3.17904E+02  2.07086E-03   3.20968E+02  2.04615E-03   3.24238E+02 
 2.09972E-03   1.41813E+02  2.13569E-03   1.38548E+02  2.17896E-03   1.35613E+02  2.21860E-03   1.32806E+02  2.25961E-03   1.30203E+02  2.30342E-03   1.27958E+02  2.34379E-03   1.25868E+02  2.37939E-03   1.23906E+02  2.41033E-03   1.22138E+02  2.43578E-03   1.20551E+02  2.45406E-03   1.19158E+02  2.46468E-03   1.17901E+02  2.46617E-03   1.16741E+02  2.45959E-03   1.15686E+02  2.44348E-03   1.14666E+02  2.41912E-03   1.13696E+02  2.38661E-03   1.12786E+02  2.34566E-03   1.11926E+02  2.29788E-03   1.11127E+02  2.24087E-03   1.10386E+02  2.17729E-03   1.09680E+02  2.10585E-03   1.09000E+02  2.02814E-03   1.08332E+02  1.94412E-03   1.07675E+02  1.85423E-03   1.07025E+02  1.76001E-03   1.06393E+02  1.66054E-03   1.05776E+02  1.55810E-03   1.05172E+02  1.45096E-03   1.04602E+02  1.34216E-03   1.04045E+02  1.22947E-03   1.03547E+02  1.11451E-03   1.03080E+02  9.96815E-04   1.02665E+02  8.77230E-04   1.02282E+02  7.55588E-04   1.01963E+02  6.32553E-04   1.01686E+02  5.07976E-04   1.01491E+02  3.82355E-04   1.01301E+02  2.55469E-04   1.01229E+02  1.28270E-04   1.01187E+02  9.45645E-07   1.42859E+02  1.26994E-04   2.80629E+02  2.54270E-04   2.80969E+02  3.81220E-04   2.81127E+02  5.07554E-04   2.81407E+02  6.32902E-04   2.81647E+02  7.56847E-04   2.81955E+02  8.79362E-04   2.82302E+02  9.99790E-04   2.82723E+02  1.11844E-03   2.83135E+02  1.23400E-03   2.83588E+02  1.34771E-03   2.84092E+02  1.45709E-03   2.84632E+02  1.56419E-03   2.85182E+02  1.66567E-03   2.85758E+02  1.76419E-03   2.86375E+02  1.85710E-03   2.86988E+02  1.94491E-03   2.87632E+02  2.02716E-03   2.88301E+02  2.10362E-03   2.88995E+02  2.17481E-03   2.89727E+02  2.23888E-03   2.90475E+02  2.29689E-03   2.91254E+02  2.34578E-03   2.92042E+02  2.38828E-03   2.92870E+02  2.42089E-03   2.93725E+02  2.44460E-03   2.94629E+02  2.45983E-03   2.95619E+02  2.46419E-03   2.96682E+02  2.46260E-03   2.97889E+02  2.45201E-03   2.99204E+02  2.43454E-03   3.00635E+02  2.41169E-03   3.02200E+02  2.37993E-03   3.03866E+02  2.34381E-03   3.05727E+02  2.30429E-03   3.07871E+02  2.26061E-03   3.10247E+02  2.21805E-03   3.12862E+02  2.17671E-03   3.15717E+02  2.13436E-03   3.18662E+02  2.10033E-03   3.21777E+02 
 2.16328E-03   1.39549E+02  2.20043E-03   1.36389E+02  2.24440E-03   1.33467E+02  2.29165E-03   1.30814E+02  2.33944E-03   1.28383E+02  2.38262E-03   1.26084E+02  2.42225E-03   1.24025E+02  2.45762E-03   1.22155E+02  2.48795E-03   1.20435E+02  2.51326E-03   1.18999E+02  2.52984E-03   1.17637E+02  2.53754E-03   1.16352E+02  2.53701E-03   1.15211E+02  2.52768E-03   1.14080E+02  2.50955E-03   1.13066E+02  2.48421E-03   1.12107E+02  2.44894E-03   1.11184E+02  2.40654E-03   1.10357E+02  2.35506E-03   1.09517E+02  2.29473E-03   1.08727E+02  2.22835E-03   1.07924E+02  2.15288E-03   1.07139E+02  2.07313E-03   1.06372E+02  1.98582E-03   1.05600E+02  1.89436E-03   1.04873E+02  1.79833E-03   1.04147E+02  1.69710E-03   1.03487E+02  1.59322E-03   1.02817E+02  1.48462E-03   1.02225E+02  1.37315E-03   1.01623E+02  1.25812E-03   1.01097E+02  1.14122E-03   1.00594E+02  1.02064E-03   1.00139E+02  8.98650E-04   9.97285E+01  7.74195E-04   9.93938E+01  6.48257E-04   9.91146E+01  5.20678E-04   9.88668E+01  3.92031E-04   9.87850E+01  2.62483E-04   9.87195E+01  1.32237E-04   9.90270E+01  2.37718E-06   1.46770E+02  1.28783E-04   2.77425E+02  2.58895E-04   2.77971E+02  3.88602E-04   2.78280E+02  5.17381E-04   2.78523E+02  6.45199E-04   2.78875E+02  7.71548E-04   2.79226E+02  8.96559E-04   2.79631E+02  1.01908E-03   2.80078E+02  1.14007E-03   2.80581E+02  1.25767E-03   2.81124E+02  1.37365E-03   2.81696E+02  1.48552E-03   2.82322E+02  1.59468E-03   2.82950E+02  1.69939E-03   2.83622E+02  1.80045E-03   2.84280E+02  1.89623E-03   2.84996E+02  1.98706E-03   2.85676E+02  2.07271E-03   2.86396E+02  2.15115E-03   2.87109E+02  2.22532E-03   2.87858E+02  2.29099E-03   2.88632E+02  2.35131E-03   2.89421E+02  2.40360E-03   2.90282E+02  2.44797E-03   2.91154E+02  2.48526E-03   2.92104E+02  2.51232E-03   2.93079E+02  2.53155E-03   2.94104E+02  2.54023E-03   2.95208E+02  2.53931E-03   2.96337E+02  2.53014E-03   2.97616E+02  2.51216E-03   2.99002E+02  2.48778E-03   3.00522E+02  2.45781E-03   3.02239E+02  2.42119E-03   3.04032E+02  2.38032E-03   3.06038E+02  2.33780E-03   3.08318E+02  2.29157E-03   3.10799E+02  2.24467E-03   3.13534E+02  2.20134E-03   3.16478E+02  2.16386E-03   3.19563E+02 
 2.22213E-03   1.37395E+02  2.26750E-03   1.34284E+02  2.31956E-03   1.31549E+02  2.36616E-03   1.28934E+02  2.41108E-03   1.26479E+02  2.45671E-03   1.24361E+02  2.49832E-03   1.22419E+02  2.53483E-03   1.20570E+02  2.56582E-03   1.18945E+02  2.58907E-03   1.17455E+02  2.60411E-03   1.16058E+02  2.61073E-03   1.14835E+02  2.60774E-03   1.13663E+02  2.59653E-03   1.12573E+02  2.57603E-03   1.11535E+02  2.54692E-03   1.10510E+02  2.50903E-03   1.09555E+02  2.46271E-03   1.08609E+02  2.40835E-03   1.07697E+02  2.34579E-03   1.06837E+02  2.27647E-03   1.05979E+02  2.19961E-03   1.05170E+02  2.11698E-03   1.04350E+02  2.02802E-03   1.03568E+02  1.93436E-03   1.02785E+02  1.83567E-03   1.02006E+02  1.73275E-03   1.01256E+02  1.62610E-03   1.00525E+02  1.51507E-03   9.98499E+01  1.40198E-03   9.91939E+01  1.28450E-03   9.85918E+01  1.16531E-03   9.80121E+01  1.04296E-03   9.75037E+01  9.18340E-04   9.70427E+01  7.91383E-04   9.66531E+01  6.63052E-04   9.63116E+01  5.32442E-04   9.60772E+01  4.01069E-04   9.58515E+01  2.68355E-04   9.58714E+01  1.35161E-04   9.59310E+01  1.99703E-06   1.34049E+02  1.32185E-04   2.74740E+02  2.65804E-04   2.75296E+02  3.98864E-04   2.75513E+02  5.30594E-04   2.75798E+02  6.61708E-04   2.76115E+02  7.90865E-04   2.76487E+02  9.18719E-04   2.76902E+02  1.04399E-03   2.77407E+02  1.16755E-03   2.77940E+02  1.28769E-03   2.78541E+02  1.40577E-03   2.79157E+02  1.51966E-03   2.79819E+02  1.63102E-03   2.80512E+02  1.73748E-03   2.81252E+02  1.84027E-03   2.82008E+02  1.93797E-03   2.82781E+02  2.03043E-03   2.83591E+02  2.11798E-03   2.84398E+02  2.19911E-03   2.85229E+02  2.27503E-03   2.86065E+02  2.34368E-03   2.86932E+02  2.40652E-03   2.87806E+02  2.46097E-03   2.88684E+02  2.50835E-03   2.89585E+02  2.54662E-03   2.90508E+02  2.57577E-03   2.91491E+02  2.59680E-03   2.92518E+02  2.60708E-03   2.93620E+02  2.60999E-03   2.94825E+02  2.60317E-03   2.96099E+02  2.58804E-03   2.97496E+02  2.56633E-03   2.98970E+02  2.53550E-03   3.00566E+02  2.49944E-03   3.02346E+02  2.45791E-03   3.04315E+02  2.41105E-03   3.06507E+02  2.36477E-03   3.08948E+02  2.31666E-03   3.11617E+02  2.26578E-03   3.14416E+02  2.22304E-03   3.17408E+02 
 2.28808E-03   1.35387E+02  2.33595E-03   1.32442E+02  2.38569E-03   1.29699E+02  2.43590E-03   1.27154E+02  2.48780E-03   1.24897E+02  2.53421E-03   1.22769E+02  2.57475E-03   1.20789E+02  2.60973E-03   1.19005E+02  2.63892E-03   1.17373E+02  2.66160E-03   1.15968E+02  2.67518E-03   1.14641E+02  2.67896E-03   1.13364E+02  2.67376E-03   1.12196E+02  2.66032E-03   1.11026E+02  2.63720E-03   1.09929E+02  2.60702E-03   1.08895E+02  2.56693E-03   1.07888E+02  2.51900E-03   1.06950E+02  2.46242E-03   1.06013E+02  2.39724E-03   1.05098E+02  2.32599E-03   1.04172E+02  2.24624E-03   1.03250E+02  2.16220E-03   1.02342E+02  2.07100E-03   1.01424E+02  1.97592E-03   1.00535E+02  1.87607E-03   9.96645E+01  1.77166E-03   9.88516E+01  1.66384E-03   9.80471E+01  1.55171E-03   9.73105E+01  1.43639E-03   9.65944E+01  1.31732E-03   9.59526E+01  1.19618E-03   9.53576E+01  1.07058E-03   9.48271E+01  9.43491E-04   9.43659E+01  8.13525E-04   9.39467E+01  6.81706E-04   9.36127E+01  5.48030E-04   9.33110E+01  4.12990E-04   9.31724E+01  2.76871E-04   9.31509E+01  1.40139E-04   9.36159E+01  3.80660E-06   1.31015E+02  1.34317E-04   2.71623E+02  2.70995E-04   2.72164E+02  4.07249E-04   2.72526E+02  5.42366E-04   2.72855E+02  6.76277E-04   2.73243E+02  8.08465E-04   2.73674E+02  9.38933E-04   2.74187E+02  1.06668E-03   2.74706E+02  1.19272E-03   2.75319E+02  1.31493E-03   2.75969E+02  1.43525E-03   2.76658E+02  1.55139E-03   2.77401E+02  1.66471E-03   2.78161E+02  1.77372E-03   2.78969E+02  1.87856E-03   2.79780E+02  1.97873E-03   2.80625E+02  2.07331E-03   2.81466E+02  2.16332E-03   2.82341E+02  2.24587E-03   2.83196E+02  2.32420E-03   2.84094E+02  2.39401E-03   2.84990E+02  2.45889E-03   2.85921E+02  2.51608E-03   2.86908E+02  2.56507E-03   2.87883E+02  2.60800E-03   2.88929E+02  2.64001E-03   2.89974E+02  2.66443E-03   2.91052E+02  2.67763E-03   2.92172E+02  2.68067E-03   2.93320E+02  2.67553E-03   2.94605E+02  2.66009E-03   2.95976E+02  2.63815E-03   2.97474E+02  2.60990E-03   2.99119E+02  2.57354E-03   3.00813E+02  2.53242E-03   3.02692E+02  2.48709E-03   3.04820E+02  2.43643E-03   3.07129E+02  2.38610E-03   3.09721E+02  2.33619E-03   3.12536E+02  2.28749E-03   3.15463E+02 
 2.34912E-03   1.33559E+02  2.40110E-03   1.30605E+02  2.45850E-03   1.28013E+02  2.51054E-03   1.25553E+02  2.55888E-03   1.23229E+02  2.60456E-03   1.21189E+02  2.64580E-03   1.19332E+02  2.68204E-03   1.17567E+02  2.71202E-03   1.16021E+02  2.73308E-03   1.14575E+02  2.74430E-03   1.13156E+02  2.74639E-03   1.11902E+02  2.73984E-03   1.10669E+02  2.72435E-03   1.09507E+02  2.69974E-03   1.08409E+02  2.66677E-03   1.07297E+02  2.62389E-03   1.06257E+02  2.57322E-03   1.05203E+02  2.51412E-03   1.04162E+02  2.44739E-03   1.03164E+02  2.37387E-03   1.02143E+02  2.29306E-03   1.01171E+02  2.20717E-03   1.00182E+02  2.11492E-03   9.92315E+01  2.01876E-03   9.83001E+01  1.91690E-03   9.73971E+01  1.81124E-03   9.65303E+01  1.70155E-03   9.56795E+01  1.58722E-03   9.48803E+01  1.47013E-03   9.41098E+01  1.34866E-03   9.34088E+01  1.22456E-03   9.27394E+01  1.09686E-03   9.21586E+01  9.66762E-04   9.16236E+01  8.33719E-04   9.11613E+01  6.99013E-04   9.07621E+01  5.61515E-04   9.04852E+01  4.23212E-04   9.02509E+01  2.83238E-04   9.02644E+01  1.42744E-04   9.06004E+01  2.69868E-06   1.41731E+02  1.39569E-04   2.68814E+02  2.80446E-04   2.69409E+02  4.20826E-04   2.69702E+02  5.59411E-04   2.70046E+02  6.96946E-04   2.70433E+02  8.32059E-04   2.70870E+02  9.65685E-04   2.71359E+02  1.09619E-03   2.71949E+02  1.22475E-03   2.72561E+02  1.34951E-03   2.73249E+02  1.47171E-03   2.73990E+02  1.58961E-03   2.74788E+02  1.70458E-03   2.75622E+02  1.81471E-03   2.76506E+02  1.92062E-03   2.77417E+02  2.02224E-03   2.78361E+02  2.11803E-03   2.79322E+02  2.20957E-03   2.80288E+02  2.29406E-03   2.81279E+02  2.37330E-03   2.82253E+02  2.44555E-03   2.83253E+02  2.51166E-03   2.84232E+02  2.57029E-03   2.85235E+02  2.62129E-03   2.86253E+02  2.66449E-03   2.87274E+02  2.69842E-03   2.88363E+02  2.72413E-03   2.89475E+02  2.74024E-03   2.90664E+02  2.74710E-03   2.91904E+02  2.74399E-03   2.93168E+02  2.73194E-03   2.94559E+02  2.71175E-03   2.96004E+02  2.68246E-03   2.97589E+02  2.64742E-03   2.99324E+02  2.60571E-03   3.01174E+02  2.55776E-03   3.03240E+02  2.50864E-03   3.05538E+02  2.45578E-03   3.08042E+02  2.39948E-03   3.10719E+02  2.35023E-03   3.13598E+02 
 2.41428E-03   1.31782E+02  2.46997E-03   1.29007E+02  2.52411E-03   1.26418E+02  2.57625E-03   1.23968E+02  2.62992E-03   1.21814E+02  2.67772E-03   1.19802E+02  2.71871E-03   1.17884E+02  2.75325E-03   1.16152E+02  2.78049E-03   1.14563E+02  2.79975E-03   1.13126E+02  2.80976E-03   1.11777E+02  2.81001E-03   1.10471E+02  2.80139E-03   1.09232E+02  2.78434E-03   1.08008E+02  2.75732E-03   1.06819E+02  2.72314E-03   1.05677E+02  2.67867E-03   1.04554E+02  2.62678E-03   1.03473E+02  2.56650E-03   1.02402E+02  2.49794E-03   1.01337E+02  2.42350E-03   1.00272E+02  2.34112E-03   9.92037E+01  2.25473E-03   9.81369E+01  2.16119E-03   9.70727E+01  2.06381E-03   9.60391E+01  1.96161E-03   9.50310E+01  1.85481E-03   9.40706E+01  1.74377E-03   9.31371E+01  1.62866E-03   9.22837E+01  1.50963E-03   9.14587E+01  1.38633E-03   9.07056E+01  1.26023E-03   9.00285E+01  1.12934E-03   8.93994E+01  9.96595E-04   8.88498E+01  8.60201E-04   8.83513E+01  7.21255E-04   8.79801E+01  5.80481E-04   8.76756E+01  4.37855E-04   8.74889E+01  2.93604E-04   8.74213E+01  1.48762E-04   8.78161E+01  4.34533E-06   1.27474E+02  1.42211E-04   2.65702E+02  2.87020E-04   2.66370E+02  4.31219E-04   2.66815E+02  5.73885E-04   2.67176E+02  7.14953E-04   2.67589E+02  8.53714E-04   2.68079E+02  9.90570E-04   2.68637E+02  1.12397E-03   2.69229E+02  1.25519E-03   2.69922E+02  1.38249E-03   2.70662E+02  1.50691E-03   2.71457E+02  1.62699E-03   2.72310E+02  1.74344E-03   2.73203E+02  1.85566E-03   2.74138E+02  1.96334E-03   2.75100E+02  2.06661E-03   2.76096E+02  2.16403E-03   2.77097E+02  2.25680E-03   2.78131E+02  2.34208E-03   2.79141E+02  2.42343E-03   2.80203E+02  2.49626E-03   2.81262E+02  2.56350E-03   2.82344E+02  2.62419E-03   2.83457E+02  2.67677E-03   2.84563E+02  2.72316E-03   2.85722E+02  2.75898E-03   2.86862E+02  2.78744E-03   2.88025E+02  2.80472E-03   2.89210E+02  2.81190E-03   2.90429E+02  2.81062E-03   2.91756E+02  2.79831E-03   2.93142E+02  2.77900E-03   2.94643E+02  2.75258E-03   2.96258E+02  2.71720E-03   2.97917E+02  2.67664E-03   2.99734E+02  2.63013E-03   3.01750E+02  2.57707E-03   3.03934E+02  2.52418E-03   3.06402E+02  2.46935E-03   3.09093E+02  2.41304E-03   3.11891E+02 
 2.47525E-03   1.30227E+02  2.53275E-03   1.27422E+02  2.59285E-03   1.24929E+02  2.64799E-03   1.22584E+02  2.69846E-03   1.20369E+02  2.74371E-03   1.18358E+02  2.78426E-03   1.16541E+02  2.81927E-03   1.14822E+02  2.84714E-03   1.13293E+02  2.86559E-03   1.11849E+02  2.87376E-03   1.10382E+02  2.87259E-03   1.09061E+02  2.86284E-03   1.07748E+02  2.84359E-03   1.06474E+02  2.81577E-03   1.05285E+02  2.78003E-03   1.04075E+02  2.73409E-03   1.02911E+02  2.68082E-03   1.01732E+02  2.61842E-03   1.00553E+02  2.54888E-03   9.93976E+01  2.47291E-03   9.82082E+01  2.39025E-03   9.70654E+01  2.30279E-03   9.59191E+01  2.20855E-03   9.48180E+01  2.11096E-03   9.37432E+01  2.00695E-03   9.26994E+01  1.89919E-03   9.17010E+01  1.78689E-03   9.07303E+01  1.66976E-03   8.98392E+01  1.54901E-03   8.89790E+01  1.42312E-03   8.81934E+01  1.29386E-03   8.74382E+01  1.16055E-03   8.67849E+01  1.02420E-03   8.61788E+01  8.84077E-04   8.56646E+01  7.41814E-04   8.52116E+01  5.96334E-04   8.48915E+01  4.49658E-04   8.46662E+01  3.00833E-04   8.46416E+01  1.51206E-04   8.49852E+01  2.70522E-06   1.48925E+02  1.49062E-04   2.62982E+02  2.98672E-04   2.63611E+02  4.47383E-04   2.63943E+02  5.94323E-04   2.64358E+02  7.39919E-04   2.64807E+02  8.82424E-04   2.65305E+02  1.02287E-03   2.65844E+02  1.15958E-03   2.66484E+02  1.29340E-03   2.67180E+02  1.42273E-03   2.67952E+02  1.54896E-03   2.68801E+02  1.67075E-03   2.69713E+02  1.78864E-03   2.70659E+02  1.90183E-03   2.71680E+02  2.01011E-03   2.72727E+02  2.11419E-03   2.73828E+02  2.21205E-03   2.74929E+02  2.30554E-03   2.76062E+02  2.39182E-03   2.77211E+02  2.47323E-03   2.78332E+02  2.54774E-03   2.79476E+02  2.61544E-03   2.80589E+02  2.67704E-03   2.81737E+02  2.73029E-03   2.82878E+02  2.77656E-03   2.84031E+02  2.81422E-03   2.85256E+02  2.84347E-03   2.86478E+02  2.86373E-03   2.87763E+02  2.87397E-03   2.89066E+02  2.87450E-03   2.90381E+02  2.86544E-03   2.91806E+02  2.84686E-03   2.93251E+02  2.81956E-03   2.94847E+02  2.78607E-03   2.96578E+02  2.74484E-03   2.98376E+02  2.69711E-03   3.00366E+02  2.64628E-03   3.02542E+02  2.59005E-03   3.04916E+02  2.53102E-03   3.07500E+02  2.47667E-03   3.10283E+02 
 2.53832E-03   1.28671E+02  2.59915E-03   1.26024E+02  2.65618E-03   1.23539E+02  2.70954E-03   1.21163E+02  2.76332E-03   1.19075E+02  2.81104E-03   1.17130E+02  2.85214E-03   1.15252E+02  2.88582E-03   1.13541E+02  2.91068E-03   1.11946E+02  2.92679E-03   1.10438E+02  2.93384E-03   1.09036E+02  2.93149E-03   1.07676E+02  2.92033E-03   1.06330E+02  2.90024E-03   1.05017E+02  2.87099E-03   1.03719E+02  2.83420E-03   1.02454E+02  2.78698E-03   1.01206E+02  2.73287E-03   9.99764E+01  2.67030E-03   9.87578E+01  2.60029E-03   9.75320E+01  2.52445E-03   9.63124E+01  2.44103E-03   9.50860E+01  2.35351E-03   9.38714E+01  2.25928E-03   9.26811E+01  2.16117E-03   9.15090E+01  2.05735E-03   9.03784E+01  1.94896E-03   8.92986E+01  1.83547E-03   8.82657E+01  1.71744E-03   8.72965E+01  1.59448E-03   8.63818E+01  1.46657E-03   8.55468E+01  1.33510E-03   8.47758E+01  1.19845E-03   8.40724E+01  1.05880E-03   8.34618E+01  9.15112E-04   8.29191E+01  7.68194E-04   8.24842E+01  6.18390E-04   8.21681E+01  4.66661E-04   8.19240E+01  3.13175E-04   8.18288E+01  1.58476E-04   8.21574E+01  4.12306E-06   1.19621E+02  1.52162E-04   2.60255E+02  3.06753E-04   2.60894E+02  4.60253E-04   2.61304E+02  6.12038E-04   2.61676E+02  7.61861E-04   2.62113E+02  9.08516E-04   2.62625E+02  1.05243E-03   2.63236E+02  1.19286E-03   2.63885E+02  1.32971E-03   2.64634E+02  1.46198E-03   2.65443E+02  1.59085E-03   2.66315E+02  1.71472E-03   2.67269E+02  1.83401E-03   2.68263E+02  1.94893E-03   2.69310E+02  2.05855E-03   2.70401E+02  2.16345E-03   2.71533E+02  2.26211E-03   2.72677E+02  2.35631E-03   2.73860E+02  2.44316E-03   2.75042E+02  2.52544E-03   2.76258E+02  2.59983E-03   2.77479E+02  2.66843E-03   2.78721E+02  2.73064E-03   2.79978E+02  2.78491E-03   2.81229E+02  2.83321E-03   2.82501E+02  2.87189E-03   2.83748E+02  2.90302E-03   2.85024E+02  2.92305E-03   2.86311E+02  2.93355E-03   2.87637E+02  2.93518E-03   2.89030E+02  2.92578E-03   2.90463E+02  2.90940E-03   2.92000E+02  2.88438E-03   2.93613E+02  2.85037E-03   2.95278E+02  2.81115E-03   2.97080E+02  2.76453E-03   2.99033E+02  2.71057E-03   3.01137E+02  2.65614E-03   3.03506E+02  2.59742E-03   3.06092E+02  2.53613E-03   3.08795E+02 
 2.59690E-03   1.27351E+02  2.65768E-03   1.24657E+02  2.71931E-03   1.22229E+02  2.77642E-03   1.19958E+02  2.82799E-03   1.17812E+02  2.87268E-03   1.15819E+02  2.91213E-03   1.14011E+02  2.94537E-03   1.12291E+02  2.97126E-03   1.10735E+02  2.98747E-03   1.09242E+02  2.99340E-03   1.07720E+02  2.98953E-03   1.06306E+02  2.97733E-03   1.04888E+02  2.95621E-03   1.03512E+02  2.92649E-03   1.02197E+02  2.88892E-03   1.00862E+02  2.84123E-03   9.95658E+01  2.78674E-03   9.82518E+01  2.72336E-03   9.69230E+01  2.65346E-03   9.56101E+01  2.57696E-03   9.42609E+01  2.49393E-03   9.29661E+01  2.40643E-03   9.16774E+01  2.31186E-03   9.04314E+01  2.21344E-03   8.92387E+01  2.10848E-03   8.80771E+01  1.99929E-03   8.69767E+01  1.88432E-03   8.59092E+01  1.76438E-03   8.49290E+01  1.63986E-03   8.39846E+01  1.50922E-03   8.31261E+01  1.37459E-03   8.23225E+01  1.23481E-03   8.16041E+01  1.09140E-03   8.09534E+01  9.43306E-04   8.04042E+01  7.92185E-04   7.99390E+01  6.37553E-04   7.95773E+01  4.80703E-04   7.93308E+01  3.21698E-04   7.92455E+01  1.61725E-04   7.96194E+01  3.05361E-06   1.55290E+02  1.60205E-04   2.57636E+02  3.20174E-04   2.58264E+02  4.79240E-04   2.58644E+02  6.35909E-04   2.59032E+02  7.90455E-04   2.59475E+02  9.41756E-04   2.59987E+02  1.09002E-03   2.60572E+02  1.23368E-03   2.61266E+02  1.37384E-03   2.62029E+02  1.50889E-03   2.62865E+02  1.63944E-03   2.63775E+02  1.76478E-03   2.64767E+02  1.88551E-03   2.65808E+02  2.00090E-03   2.66949E+02  2.11078E-03   2.68103E+02  2.21588E-03   2.69330E+02  2.31437E-03   2.70564E+02  2.40850E-03   2.71836E+02  2.49554E-03   2.73123E+02  2.57745E-03   2.74388E+02  2.65260E-03   2.75687E+02  2.72083E-03   2.76940E+02  2.78305E-03   2.78234E+02  2.83716E-03   2.79519E+02  2.88490E-03   2.80818E+02  2.92434E-03   2.82178E+02  2.95588E-03   2.83519E+02  2.97875E-03   2.84918E+02  2.99155E-03   2.86313E+02  2.99486E-03   2.87709E+02  2.98797E-03   2.89196E+02  2.97118E-03   2.90687E+02  2.94596E-03   2.92323E+02  2.91359E-03   2.94067E+02  2.87329E-03   2.95848E+02  2.82673E-03   2.97810E+02  2.77496E-03   2.99920E+02  2.71668E-03   3.02198E+02  2.65606E-03   3.04700E+02  2.59799E-03   3.07407E+02 
 2.65626E-03   1.25995E+02  2.72013E-03   1.23440E+02  2.77911E-03   1.21031E+02  2.83321E-03   1.18706E+02  2.88658E-03   1.16640E+02  2.93368E-03   1.14712E+02  2.97389E-03   1.12841E+02  3.00677E-03   1.11116E+02  3.02985E-03   1.09487E+02  3.04342E-03   1.07902E+02  3.04817E-03   1.06408E+02  3.04381E-03   1.04953E+02  3.03133E-03   1.03503E+02  3.00989E-03   1.02090E+02  2.97966E-03   1.00677E+02  2.94161E-03   9.92799E+01  2.89376E-03   9.78920E+01  2.83926E-03   9.65092E+01  2.77596E-03   9.51357E+01  2.70627E-03   9.37586E+01  2.63074E-03   9.23972E+01  2.54805E-03   9.10334E+01  2.46105E-03   8.96930E+01  2.36706E-03   8.83842E+01  2.26911E-03   8.71010E+01  2.16455E-03   8.58753E+01  2.05477E-03   8.47022E+01  1.93915E-03   8.35804E+01  1.81830E-03   8.25294E+01  1.69130E-03   8.15367E+01  1.55879E-03   8.06314E+01  1.42128E-03   7.98102E+01  1.27790E-03   7.90743E+01  1.13056E-03   7.84154E+01  9.78118E-04   7.78576E+01  8.21869E-04   7.73648E+01  6.62383E-04   7.69793E+01  4.99963E-04   7.67356E+01  3.35219E-04   7.66075E+01  1.69584E-04   7.68075E+01  3.58965E-06   1.12835E+02  1.63823E-04   2.55368E+02  3.29911E-04   2.55859E+02  4.94455E-04   2.56214E+02  6.56597E-04   2.56576E+02  8.16300E-04   2.57036E+02  9.72261E-04   2.57571E+02  1.12468E-03   2.58180E+02  1.27247E-03   2.58863E+02  1.41592E-03   2.59643E+02  1.55399E-03   2.60511E+02  1.68747E-03   2.61440E+02  1.81513E-03   2.62453E+02  1.93727E-03   2.63518E+02  2.05440E-03   2.64654E+02  2.16517E-03   2.65842E+02  2.27097E-03   2.67084E+02  2.37004E-03   2.68357E+02  2.46403E-03   2.69676E+02  2.55080E-03   2.71001E+02  2.63262E-03   2.72360E+02  2.70680E-03   2.73734E+02  2.77507E-03   2.75117E+02  2.83711E-03   2.76516E+02  2.89147E-03   2.77914E+02  2.94001E-03   2.79312E+02  2.97933E-03   2.80691E+02  3.01164E-03   2.82086E+02  3.03370E-03   2.83487E+02  3.04608E-03   2.84928E+02  3.04998E-03   2.86413E+02  3.04293E-03   2.87926E+02  3.02864E-03   2.89518E+02  3.00488E-03   2.91161E+02  2.97203E-03   2.92862E+02  2.93414E-03   2.94683E+02  2.88777E-03   2.96615E+02  2.83444E-03   2.98678E+02  2.77931E-03   3.00984E+02  2.71787E-03   3.03486E+02  2.65346E-03   3.06117E+02 
 2.71078E-03   1.24871E+02  2.77388E-03   1.22258E+02  2.83599E-03   1.19877E+02  2.89402E-03   1.17648E+02  2.94614E-03   1.15526E+02  2.98987E-03   1.13527E+02  3.02837E-03   1.11697E+02  3.06017E-03   1.09944E+02  3.08386E-03   1.08324E+02  3.09813E-03   1.06762E+02  3.10294E-03   1.05171E+02  3.09818E-03   1.03651E+02  3.08501E-03   1.02111E+02  3.06307E-03   1.00621E+02  3.03271E-03   9.91812E+01  2.99483E-03   9.77160E+01  2.94737E-03   9.62876E+01  2.89359E-03   9.48368E+01  2.83095E-03   9.33575E+01  2.76218E-03   9.19041E+01  2.68692E-03   9.04248E+01  2.60515E-03   8.89992E+01  2.51861E-03   8.75944E+01  2.42486E-03   8.62333E+01  2.32688E-03   8.49361E+01  2.22131E-03   8.36755E+01  2.11095E-03   8.24957E+01  1.99394E-03   8.13596E+01  1.87054E-03   8.03127E+01  1.74181E-03   7.93159E+01  1.60651E-03   7.84055E+01  1.46591E-03   7.75639E+01  1.31903E-03   7.68064E+01  1.16735E-03   7.61303E+01  1.01024E-03   7.55608E+01  8.49430E-04   7.50758E+01  6.84188E-04   7.46863E+01  5.16185E-04   7.44253E+01  3.45420E-04   7.43719E+01  1.73387E-04   7.46452E+01  2.61052E-06   1.51901E+02  1.72506E-04   2.52879E+02  3.44494E-04   2.53420E+02  5.15132E-04   2.53791E+02  6.83064E-04   2.54190E+02  8.48201E-04   2.54649E+02  1.00928E-03   2.55162E+02  1.16641E-03   2.55778E+02  1.31826E-03   2.56484E+02  1.46531E-03   2.57265E+02  1.60630E-03   2.58141E+02  1.74189E-03   2.59097E+02  1.87109E-03   2.60154E+02  1.99481E-03   2.61257E+02  2.11200E-03   2.62462E+02  2.22272E-03   2.63694E+02  2.32814E-03   2.65020E+02  2.42649E-03   2.66360E+02  2.52030E-03   2.67743E+02  2.60662E-03   2.69150E+02  2.68715E-03   2.70548E+02  2.76133E-03   2.71985E+02  2.82875E-03   2.73374E+02  2.88983E-03   2.74805E+02  2.94321E-03   2.76228E+02  2.99073E-03   2.77674E+02  3.03002E-03   2.79167E+02  3.06230E-03   2.80634E+02  3.08640E-03   2.82149E+02  3.10013E-03   2.83652E+02  3.10467E-03   2.85148E+02  3.09930E-03   2.86716E+02  3.08424E-03   2.88278E+02  3.06085E-03   2.89970E+02  3.02974E-03   2.91755E+02  2.99016E-03   2.93552E+02  2.94465E-03   2.95518E+02  2.89267E-03   2.97609E+02  2.83374E-03   2.99830E+02  2.77262E-03   3.02279E+02  2.71183E-03   3.04927E+02 
 2.76521E-03   1.23702E+02  2.83076E-03   1.21201E+02  2.89098E-03   1.18839E+02  2.94521E-03   1.16537E+02  2.99772E-03   1.14465E+02  3.04424E-03   1.12523E+02  3.08363E-03   1.10635E+02  3.11557E-03   1.08866E+02  3.13748E-03   1.07178E+02  3.14972E-03   1.05504E+02  3.15324E-03   1.03907E+02  3.14787E-03   1.02345E+02  3.13525E-03   1.00783E+02  3.11392E-03   9.92628E+01  3.08411E-03   9.77201E+01  3.04664E-03   9.61963E+01  2.99959E-03   9.46811E+01  2.94635E-03   9.31531E+01  2.88462E-03   9.16420E+01  2.81684E-03   9.01302E+01  2.74294E-03   8.86375E+01  2.66220E-03   8.71656E+01  2.57681E-03   8.57208E+01  2.48406E-03   8.43161E+01  2.38659E-03   8.29551E+01  2.28190E-03   8.16552E+01  2.17123E-03   8.04174E+01  2.05340E-03   7.92435E+01  1.92977E-03   7.81421E+01  1.79856E-03   7.71072E+01  1.66088E-03   7.61709E+01  1.51716E-03   7.53017E+01  1.36622E-03   7.45389E+01  1.21034E-03   7.38544E+01  1.04856E-03   7.32696E+01  8.82042E-04   7.27769E+01  7.11281E-04   7.23898E+01  5.37194E-04   7.21293E+01  3.60350E-04   7.19800E+01  1.81891E-04   7.21593E+01  3.03561E-06   1.10733E+02  1.77104E-04   2.50972E+02  3.55661E-04   2.51333E+02  5.32433E-04   2.51689E+02  7.06279E-04   2.52039E+02  8.76758E-04   2.52471E+02  1.04316E-03   2.53012E+02  1.20498E-03   2.53634E+02  1.36107E-03   2.54322E+02  1.51213E-03   2.55124E+02  1.65666E-03   2.56019E+02  1.79500E-03   2.56967E+02  1.92679E-03   2.58028E+02  2.05198E-03   2.59140E+02  2.17090E-03   2.60335E+02  2.28274E-03   2.61590E+02  2.38863E-03   2.62915E+02  2.48716E-03   2.64285E+02  2.58007E-03   2.65699E+02  2.66528E-03   2.67145E+02  2.74551E-03   2.68630E+02  2.81799E-03   2.70132E+02  2.88434E-03   2.71641E+02  2.94448E-03   2.73167E+02  2.99734E-03   2.74692E+02  3.04469E-03   2.76213E+02  3.08315E-03   2.77734E+02  3.11501E-03   2.79255E+02  3.13712E-03   2.80776E+02  3.15026E-03   2.82338E+02  3.15511E-03   2.83919E+02  3.14917E-03   2.85528E+02  3.13615E-03   2.87195E+02  3.11359E-03   2.88891E+02  3.08176E-03   2.90650E+02  3.04509E-03   2.92508E+02  2.99932E-03   2.94455E+02  2.94636E-03   2.96516E+02  2.89082E-03   2.98784E+02  2.82796E-03   3.01234E+02  2.76227E-03   3.03823E+02 
 2.81497E-03   1.22754E+02  2.87903E-03   1.20189E+02  2.94149E-03   1.17830E+02  2.99959E-03   1.15615E+02  3.05131E-03   1.13485E+02  3.09428E-03   1.11462E+02  3.13184E-03   1.09591E+02  3.16264E-03   1.07784E+02  3.18527E-03   1.06089E+02  3.19885E-03   1.04430E+02  3.20321E-03   1.02743E+02  3.19812E-03   1.01115E+02  3.18550E-03   9.94707E+01  3.16424E-03   9.78653E+01  3.13502E-03   9.62966E+01  3.09861E-03   9.47064E+01  3.05269E-03   9.31444E+01  3.00095E-03   9.15626E+01  2.94069E-03   8.99630E+01  2.87463E-03   8.83917E+01  2.80206E-03   8.68021E+01  2.72260E-03   8.52738E+01  2.63824E-03   8.37746E+01  2.54580E-03   8.23316E+01  2.44828E-03   8.09634E+01  2.34287E-03   7.96398E+01  2.23178E-03   7.84068E+01  2.11283E-03   7.72170E+01  1.98627E-03   7.61379E+01  1.85328E-03   7.51197E+01  1.71227E-03   7.41738E+01  1.56494E-03   7.33097E+01  1.41051E-03   7.25415E+01  1.24986E-03   7.18627E+01  1.08303E-03   7.12748E+01  9.11444E-04   7.07826E+01  7.34581E-04   7.04060E+01  5.54942E-04   7.01278E+01  3.71764E-04   6.99926E+01  1.86396E-04   7.02116E+01  2.49140E-06   1.56334E+02  1.86032E-04   2.48646E+02  3.70947E-04   2.49189E+02  5.54267E-04   2.49552E+02  7.34240E-04   2.49942E+02  9.10866E-04   2.50417E+02  1.08279E-03   2.50917E+02  1.24983E-03   2.51522E+02  1.41037E-03   2.52244E+02  1.56510E-03   2.53049E+02  1.71282E-03   2.53929E+02  1.85384E-03   2.54906E+02  1.98688E-03   2.55984E+02  2.11331E-03   2.57121E+02  2.23231E-03   2.58373E+02  2.34409E-03   2.59656E+02  2.44973E-03   2.61041E+02  2.54724E-03   2.62447E+02  2.63935E-03   2.63918E+02  2.72356E-03   2.65423E+02  2.80208E-03   2.66917E+02  2.87381E-03   2.68467E+02  2.93893E-03   2.69976E+02  2.99772E-03   2.71533E+02  3.04872E-03   2.73089E+02  3.09435E-03   2.74656E+02  3.13212E-03   2.76281E+02  3.16343E-03   2.77879E+02  3.18679E-03   2.79506E+02  3.20017E-03   2.81127E+02  3.20498E-03   2.82734E+02  3.19981E-03   2.84388E+02  3.18539E-03   2.86041E+02  3.16341E-03   2.87806E+02  3.13335E-03   2.89642E+02  3.09452E-03   2.91490E+02  3.05002E-03   2.93489E+02  2.99816E-03   2.95583E+02  2.93890E-03   2.97782E+02  2.87756E-03   3.00201E+02  2.81587E-03   3.02807E+02 
 2.86368E-03   1.21758E+02  2.93000E-03   1.19289E+02  2.99021E-03   1.16942E+02  3.04442E-03   1.14639E+02  3.09611E-03   1.12543E+02  3.14173E-03   1.10563E+02  3.18073E-03   1.08635E+02  3.21214E-03   1.06800E+02  3.23324E-03   1.05031E+02  3.24488E-03   1.03266E+02  3.24841E-03   1.01561E+02  3.24360E-03   9.98880E+01  3.23196E-03   9.82147E+01  3.21207E-03   9.65830E+01  3.18418E-03   9.49313E+01  3.14892E-03   9.32872E+01  3.10455E-03   9.16388E+01  3.05418E-03   8.99938E+01  2.99524E-03   8.83644E+01  2.93068E-03   8.67393E+01  2.85971E-03   8.51492E+01  2.78170E-03   8.35876E+01  2.69868E-03   8.20711E+01  2.60772E-03   8.06021E+01  2.51118E-03   7.91850E+01  2.40651E-03   7.78379E+01  2.29512E-03   7.65644E+01  2.17524E-03   7.53539E+01  2.04829E-03   7.42353E+01  1.91282E-03   7.31836E+01  1.76981E-03   7.22307E+01  1.61934E-03   7.13572E+01  1.46053E-03   7.05812E+01  1.29554E-03   6.98930E+01  1.12347E-03   6.93148E+01  9.46047E-04   6.88151E+01  7.63443E-04   6.84180E+01  5.76642E-04   6.81410E+01  3.86592E-04   6.79944E+01  1.95110E-04   6.81235E+01  2.88615E-06   1.07847E+02  1.90689E-04   2.47001E+02  3.82650E-04   2.47398E+02  5.72340E-04   2.47748E+02  7.58734E-04   2.48123E+02  9.41403E-04   2.48543E+02  1.11863E-03   2.49061E+02  1.29060E-03   2.49687E+02  1.45585E-03   2.50383E+02  1.61466E-03   2.51179E+02  1.76564E-03   2.52071E+02  1.90973E-03   2.53029E+02  2.04590E-03   2.54109E+02  2.17413E-03   2.55243E+02  2.29502E-03   2.56475E+02  2.40772E-03   2.57769E+02  2.51329E-03   2.59140E+02  2.61077E-03   2.60563E+02  2.70199E-03   2.62053E+02  2.78496E-03   2.63585E+02  2.86244E-03   2.65150E+02  2.93180E-03   2.66750E+02  2.99508E-03   2.68369E+02  3.05218E-03   2.70008E+02  3.10224E-03   2.71649E+02  3.14685E-03   2.73288E+02  3.18268E-03   2.74930E+02  3.21289E-03   2.76576E+02  3.23394E-03   2.78220E+02  3.24633E-03   2.79897E+02  3.25088E-03   2.81584E+02  3.24465E-03   2.83295E+02  3.23186E-03   2.85045E+02  3.20994E-03   2.86813E+02  3.17896E-03   2.88649E+02  3.14287E-03   2.90560E+02  3.09751E-03   2.92534E+02  3.04575E-03   2.94620E+02  2.99033E-03   2.96883E+02  2.92694E-03   2.99307E+02  2.86072E-03   3.01867E+02 
 2.90770E-03   1.20964E+02  2.97178E-03   1.18430E+02  3.03445E-03   1.16079E+02  3.09200E-03   1.13841E+02  3.14295E-03   1.11687E+02  3.18549E-03   1.09623E+02  3.22255E-03   1.07689E+02  3.25286E-03   1.05812E+02  3.27488E-03   1.04034E+02  3.28853E-03   1.02282E+02  3.29388E-03   1.00496E+02  3.28958E-03   9.87586E+01  3.27846E-03   9.70074E+01  3.25933E-03   9.52891E+01  3.23244E-03   9.36019E+01  3.19894E-03   9.19005E+01  3.15607E-03   9.02262E+01  3.10803E-03   8.85352E+01  3.05158E-03   8.68297E+01  2.98910E-03   8.51643E+01  2.92014E-03   8.34902E+01  2.84362E-03   8.18880E+01  2.76193E-03   8.03241E+01  2.67162E-03   7.88213E+01  2.57522E-03   7.74156E+01  2.46986E-03   7.60562E+01  2.35752E-03   7.47975E+01  2.23656E-03   7.35930E+01  2.10693E-03   7.24859E+01  1.96959E-03   7.14553E+01  1.82299E-03   7.05119E+01  1.66853E-03   6.96528E+01  1.50586E-03   6.88882E+01  1.33615E-03   6.81996E+01  1.15901E-03   6.76157E+01  9.76171E-04   6.71332E+01  7.87577E-04   6.67311E+01  5.94938E-04   6.64589E+01  3.98296E-04   6.63619E+01  1.99946E-04   6.66143E+01  2.55442E-06   1.52718E+02  1.99886E-04   2.45116E+02  3.98236E-04   2.45620E+02  5.94714E-04   2.45988E+02  7.87591E-04   2.46337E+02  9.76300E-04   2.46784E+02  1.15938E-03   2.47304E+02  1.33645E-03   2.47918E+02  1.50631E-03   2.48618E+02  1.66930E-03   2.49402E+02  1.82354E-03   2.50287E+02  1.97016E-03   2.51263E+02  2.10795E-03   2.52343E+02  2.23760E-03   2.53488E+02  2.35846E-03   2.54758E+02  2.47124E-03   2.56064E+02  2.57642E-03   2.57482E+02  2.67258E-03   2.58945E+02  2.76265E-03   2.60466E+02  2.84426E-03   2.62029E+02  2.91975E-03   2.63598E+02  2.98772E-03   2.65236E+02  3.04934E-03   2.66838E+02  3.10451E-03   2.68497E+02  3.15216E-03   2.70162E+02  3.19499E-03   2.71839E+02  3.22965E-03   2.73577E+02  3.25860E-03   2.75297E+02  3.27980E-03   2.77038E+02  3.29147E-03   2.78767E+02  3.29556E-03   2.80483E+02  3.28965E-03   2.82238E+02  3.27515E-03   2.83990E+02  3.25345E-03   2.85837E+02  3.22392E-03   2.87735E+02  3.18600E-03   2.89652E+02  3.14204E-03   2.91702E+02  3.09048E-03   2.93819E+02  3.03167E-03   2.96029E+02  2.97061E-03   2.98438E+02  2.90904E-03   3.01022E+02 
 2.94997E-03   1.20139E+02  3.01634E-03   1.17674E+02  3.07637E-03   1.15320E+02  3.13040E-03   1.13003E+02  3.18150E-03   1.10863E+02  3.22607E-03   1.08835E+02  3.26433E-03   1.06844E+02  3.29566E-03   1.04930E+02  3.31698E-03   1.03085E+02  3.32934E-03   1.01222E+02  3.33380E-03   9.94068E+01  3.33043E-03   9.76305E+01  3.32092E-03   9.58537E+01  3.30356E-03   9.41090E+01  3.27888E-03   9.23477E+01  3.24698E-03   9.06002E+01  3.20619E-03   8.88497E+01  3.15992E-03   8.71074E+01  3.10544E-03   8.53822E+01  3.04494E-03   8.36800E+01  2.97739E-03   8.20204E+01  2.90295E-03   8.03965E+01  2.82259E-03   7.88320E+01  2.73344E-03   7.73219E+01  2.63847E-03   7.58751E+01  2.53389E-03   7.45014E+01  2.42164E-03   7.32102E+01  2.30005E-03   7.19932E+01  2.16972E-03   7.08766E+01  2.02990E-03   6.98208E+01  1.88081E-03   6.88706E+01  1.72321E-03   6.80061E+01  1.55634E-03   6.72395E+01  1.38196E-03   6.65610E+01  1.19945E-03   6.59832E+01  1.01093E-03   6.54982E+01  8.16395E-04   6.51166E+01  6.16908E-04   6.48533E+01  4.13710E-04   6.47059E+01  2.08563E-04   6.47923E+01  2.69901E-06   1.09903E+02  2.04754E-04   2.43714E+02  4.10024E-04   2.44131E+02  6.13031E-04   2.44464E+02  8.12196E-04   2.44822E+02  1.00691E-03   2.45246E+02  1.19558E-03   2.45749E+02  1.37769E-03   2.46357E+02  1.55210E-03   2.47045E+02  1.71901E-03   2.47827E+02  1.87712E-03   2.48714E+02  2.02673E-03   2.49678E+02  2.16734E-03   2.50752E+02  2.29908E-03   2.51885E+02  2.42160E-03   2.53128E+02  2.53507E-03   2.54440E+02  2.64032E-03   2.55836E+02  2.73683E-03   2.57291E+02  2.82595E-03   2.58814E+02  2.90586E-03   2.60392E+02  2.98003E-03   2.62020E+02  3.04566E-03   2.63688E+02  3.10524E-03   2.65394E+02  3.15824E-03   2.67121E+02  3.20391E-03   2.68853E+02  3.24477E-03   2.70599E+02  3.27734E-03   2.72344E+02  3.30441E-03   2.74103E+02  3.32302E-03   2.75863E+02  3.33318E-03   2.77646E+02  3.33614E-03   2.79438E+02  3.32924E-03   2.81248E+02  3.31588E-03   2.83090E+02  3.29342E-03   2.84943E+02  3.26274E-03   2.86864E+02  3.22733E-03   2.88831E+02  3.18243E-03   2.90858E+02  3.13138E-03   2.92988E+02  3.07623E-03   2.95267E+02  3.01314E-03   2.97695E+02  2.94723E-03   3.00243E+02 
 2.98779E-03   1.19499E+02  3.05137E-03   1.16962E+02  3.11372E-03   1.14607E+02  3.17072E-03   1.12337E+02  3.22097E-03   1.10133E+02  3.26274E-03   1.08016E+02  3.29945E-03   1.06018E+02  3.33019E-03   1.04067E+02  3.35257E-03   1.02195E+02  3.36697E-03   1.00340E+02  3.37381E-03   9.84537E+01  3.37143E-03   9.66131E+01  3.36324E-03   9.47547E+01  3.34699E-03   9.29380E+01  3.32337E-03   9.11493E+01  3.29404E-03   8.93488E+01  3.25533E-03   8.75843E+01  3.21204E-03   8.58068E+01  3.16015E-03   8.40232E+01  3.10164E-03   8.22946E+01  3.03698E-03   8.05637E+01  2.96393E-03   7.89118E+01  2.88523E-03   7.73134E+01  2.79692E-03   7.57824E+01  2.70164E-03   7.43514E+01  2.59672E-03   7.29720E+01  2.48324E-03   7.17066E+01  2.36016E-03   7.05054E+01  2.22727E-03   6.94028E+01  2.08530E-03   6.83728E+01  1.93288E-03   6.74448E+01  1.77181E-03   6.65944E+01  1.60077E-03   6.58399E+01  1.42185E-03   6.51696E+01  1.23462E-03   6.45970E+01  1.04031E-03   6.41429E+01  8.39704E-04   6.37600E+01  6.34822E-04   6.34888E+01  4.25362E-04   6.33509E+01  2.13509E-04   6.35238E+01  2.57013E-06   1.50244E+02  2.13463E-04   2.42216E+02  4.25493E-04   2.42693E+02  6.34920E-04   2.43010E+02  8.40254E-04   2.43351E+02  1.04094E-03   2.43794E+02  1.23519E-03   2.44311E+02  1.42272E-03   2.44902E+02  1.60175E-03   2.45587E+02  1.77283E-03   2.46366E+02  1.93406E-03   2.47237E+02  2.08675E-03   2.48199E+02  2.22899E-03   2.49276E+02  2.36196E-03   2.50414E+02  2.48478E-03   2.51679E+02  2.59822E-03   2.52999E+02  2.70273E-03   2.54426E+02  2.79788E-03   2.55901E+02  2.88561E-03   2.57451E+02  2.96404E-03   2.59056E+02  3.03639E-03   2.60667E+02  3.09998E-03   2.62357E+02  3.15733E-03   2.64027E+02  3.20814E-03   2.65764E+02  3.25172E-03   2.67515E+02  3.29042E-03   2.69287E+02  3.32097E-03   2.71125E+02  3.34643E-03   2.72948E+02  3.36458E-03   2.74796E+02  3.37368E-03   2.76630E+02  3.37560E-03   2.78450E+02  3.36804E-03   2.80301E+02  3.35256E-03   2.82144E+02  3.33058E-03   2.84082E+02  3.30113E-03   2.86056E+02  3.26374E-03   2.88042E+02  3.22006E-03   2.90149E+02  3.16881E-03   2.92311E+02  3.11054E-03   2.94551E+02  3.04975E-03   2.96976E+02  2.98901E-03   2.99551E+02 
 3.02364E-03   1.18841E+02  3.08879E-03   1.16354E+02  3.14781E-03   1.13976E+02  3.20170E-03   1.11632E+02  3.25237E-03   1.09442E+02  3.29613E-03   1.07352E+02  3.33421E-03   1.05292E+02  3.36572E-03   1.03291E+02  3.38766E-03   1.01347E+02  3.40160E-03   9.93972E+01  3.40803E-03   9.74931E+01  3.40693E-03   9.56130E+01  3.40055E-03   9.37399E+01  3.38686E-03   9.18936E+01  3.36606E-03   9.00355E+01  3.33857E-03   8.82023E+01  3.30229E-03   8.63699E+01  3.26046E-03   8.45573E+01  3.21059E-03   8.27653E+01  3.15479E-03   8.10070E+01  3.09196E-03   7.92987E+01  3.02111E-03   7.76350E+01  2.94373E-03   7.60390E+01  2.85673E-03   7.45095E+01  2.76258E-03   7.30595E+01  2.65851E-03   7.16798E+01  2.54520E-03   7.04005E+01  2.42149E-03   6.91852E+01  2.28776E-03   6.80757E+01  2.14347E-03   6.70377E+01  1.98863E-03   6.61029E+01  1.82431E-03   6.52586E+01  1.64936E-03   6.45043E+01  1.46562E-03   6.38529E+01  1.27298E-03   6.32870E+01  1.07337E-03   6.28205E+01  8.67444E-04   6.24535E+01  6.55824E-04   6.21909E+01  4.39977E-04   6.20426E+01  2.21472E-04   6.22138E+01  2.52962E-06   1.17076E+02  2.18375E-04   2.41110E+02  4.36621E-04   2.41452E+02  6.52343E-04   2.41789E+02  8.64090E-04   2.42137E+02  1.07021E-03   2.42556E+02  1.26976E-03   2.43052E+02  1.46207E-03   2.43644E+02  1.64576E-03   2.44315E+02  1.82079E-03   2.45089E+02  1.98562E-03   2.45958E+02  2.14096E-03   2.46902E+02  2.28576E-03   2.47966E+02  2.42058E-03   2.49094E+02  2.54518E-03   2.50330E+02  2.65965E-03   2.51635E+02  2.76452E-03   2.53031E+02  2.85972E-03   2.54495E+02  2.94664E-03   2.56037E+02  3.02365E-03   2.57637E+02  3.09405E-03   2.59299E+02  3.15533E-03   2.61014E+02  3.21056E-03   2.62765E+02  3.25898E-03   2.64557E+02  3.30024E-03   2.66371E+02  3.33662E-03   2.68206E+02  3.36461E-03   2.70037E+02  3.38781E-03   2.71895E+02  3.40261E-03   2.73749E+02  3.40994E-03   2.75624E+02  3.41060E-03   2.77519E+02  3.40139E-03   2.79424E+02  3.38657E-03   2.81362E+02  3.36355E-03   2.83303E+02  3.33286E-03   2.85301E+02  3.29751E-03   2.87348E+02  3.25328E-03   2.89438E+02  3.20260E-03   2.91613E+02  3.14771E-03   2.93926E+02  3.08572E-03   2.96376E+02  3.02089E-03   2.98935E+02 
 3.05415E-03   1.18333E+02  3.11695E-03   1.15783E+02  3.17874E-03   1.13413E+02  3.23469E-03   1.11095E+02  3.28407E-03   1.08830E+02  3.32563E-03   1.06655E+02  3.36200E-03   1.04584E+02  3.39338E-03   1.02550E+02  3.41710E-03   1.00595E+02  3.43296E-03   9.86463E+01  3.44211E-03   9.66633E+01  3.44236E-03   9.47334E+01  3.43734E-03   9.27770E+01  3.42469E-03   9.08700E+01  3.40508E-03   8.90005E+01  3.38073E-03   8.71206E+01  3.34712E-03   8.52800E+01  3.30896E-03   8.34390E+01  3.26207E-03   8.16053E+01  3.20831E-03   7.98284E+01  3.14799E-03   7.80641E+01  3.07819E-03   7.63837E+01  3.00233E-03   7.47741E+01  2.91598E-03   7.32302E+01  2.82179E-03   7.17936E+01  2.71684E-03   7.04185E+01  2.60235E-03   6.91523E+01  2.47746E-03   6.79636E+01  2.34126E-03   6.68708E+01  2.19507E-03   6.58654E+01  2.03722E-03   6.49508E+01  1.86939E-03   6.41280E+01  1.69041E-03   6.33975E+01  1.50286E-03   6.27406E+01  1.30600E-03   6.21797E+01  1.10152E-03   6.17246E+01  8.89392E-04   6.13670E+01  6.72549E-04   6.11204E+01  4.50735E-04   6.09901E+01  2.26163E-04   6.11234E+01  2.44608E-06   1.51098E+02  2.26187E-04   2.39895E+02  4.50629E-04   2.40343E+02  6.72669E-04   2.40638E+02  8.90001E-04   2.40976E+02  1.10204E-03   2.41411E+02  1.30677E-03   2.41903E+02  1.50422E-03   2.42484E+02  1.69205E-03   2.43157E+02  1.87094E-03   2.43922E+02  2.03924E-03   2.44772E+02  2.19739E-03   2.45713E+02  2.34364E-03   2.46768E+02  2.47988E-03   2.47896E+02  2.60442E-03   2.49144E+02  2.71907E-03   2.50456E+02  2.82340E-03   2.51872E+02  2.91689E-03   2.53342E+02  3.00245E-03   2.54902E+02  3.07780E-03   2.56522E+02  3.14625E-03   2.58165E+02  3.20559E-03   2.59886E+02  3.25883E-03   2.61606E+02  3.30484E-03   2.63396E+02  3.34344E-03   2.65210E+02  3.37760E-03   2.67053E+02  3.40368E-03   2.68969E+02  3.42486E-03   2.70884E+02  3.43865E-03   2.72827E+02  3.44423E-03   2.74750E+02  3.44349E-03   2.76664E+02  3.43350E-03   2.78610E+02  3.41680E-03   2.80542E+02  3.39393E-03   2.82562E+02  3.36409E-03   2.84614E+02  3.32711E-03   2.86676E+02  3.28347E-03   2.88853E+02  3.23284E-03   2.91068E+02  3.17508E-03   2.93357E+02  3.11532E-03   2.95813E+02  3.05622E-03   2.98387E+02 
 3.08388E-03   1.17845E+02  3.14697E-03   1.15325E+02  3.20510E-03   1.12907E+02  3.25855E-03   1.10534E+02  3.30874E-03   1.08287E+02  3.35204E-03   1.06122E+02  3.38995E-03   1.03988E+02  3.42172E-03   1.01902E+02  3.44486E-03   9.98682E+01  3.46073E-03   9.78385E+01  3.46997E-03   9.58436E+01  3.47174E-03   9.38719E+01  3.46854E-03   9.19137E+01  3.45894E-03   8.99801E+01  3.44223E-03   8.80474E+01  3.41982E-03   8.61388E+01  3.38886E-03   8.42439E+01  3.35211E-03   8.23892E+01  3.30735E-03   8.05503E+01  3.25593E-03   7.87594E+01  3.19760E-03   7.70196E+01  3.12997E-03   7.53393E+01  3.05588E-03   7.37355E+01  2.97113E-03   7.21941E+01  2.87773E-03   7.07488E+01  2.77400E-03   6.93757E+01  2.65947E-03   6.81069E+01  2.53385E-03   6.69045E+01  2.39701E-03   6.58235E+01  2.24849E-03   6.48085E+01  2.08809E-03   6.38933E+01  1.91713E-03   6.30828E+01  1.73462E-03   6.23449E+01  1.54276E-03   6.17150E+01  1.34114E-03   6.11694E+01  1.13118E-03   6.07098E+01  9.14022E-04   6.03591E+01  6.91157E-04   6.01123E+01  4.63605E-04   5.99633E+01  2.33197E-04   6.01738E+01  2.76093E-06   1.23805E+02  2.31037E-04   2.38950E+02  4.61710E-04   2.39334E+02  6.88968E-04   2.39680E+02  9.11631E-04   2.40028E+02  1.12853E-03   2.40436E+02  1.33825E-03   2.40920E+02  1.53956E-03   2.41506E+02  1.73188E-03   2.42163E+02  1.91437E-03   2.42923E+02  2.08551E-03   2.43773E+02  2.24647E-03   2.44701E+02  2.39519E-03   2.45739E+02  2.53311E-03   2.46848E+02  2.65938E-03   2.48071E+02  2.77470E-03   2.49360E+02  2.87912E-03   2.50749E+02  2.97315E-03   2.52201E+02  3.05785E-03   2.53738E+02  3.13187E-03   2.55337E+02  3.19910E-03   2.57011E+02  3.25618E-03   2.58744E+02  3.30681E-03   2.60532E+02  3.35036E-03   2.62371E+02  3.38693E-03   2.64239E+02  3.41827E-03   2.66147E+02  3.44142E-03   2.68051E+02  3.46009E-03   2.69988E+02  3.47055E-03   2.71929E+02  3.47443E-03   2.73882E+02  3.47199E-03   2.75863E+02  3.46046E-03   2.77856E+02  3.44410E-03   2.79879E+02  3.41976E-03   2.81919E+02  3.38838E-03   2.84001E+02  3.35301E-03   2.86117E+02  3.30919E-03   2.88273E+02  3.25899E-03   2.90510E+02  3.20504E-03   2.92871E+02  3.14461E-03   2.95358E+02  3.08161E-03   2.97933E+02 
 3.10721E-03   1.17479E+02  3.16820E-03   1.14898E+02  3.22917E-03   1.12500E+02  3.28430E-03   1.10136E+02  3.33231E-03   1.07808E+02  3.37321E-03   1.05566E+02  3.40959E-03   1.03415E+02  3.44185E-03   1.01299E+02  3.46712E-03   9.92650E+01  3.48535E-03   9.72290E+01  3.49702E-03   9.51545E+01  3.49988E-03   9.31346E+01  3.49837E-03   9.11033E+01  3.49000E-03   8.91171E+01  3.47501E-03   8.71720E+01  3.45575E-03   8.52376E+01  3.42703E-03   8.33428E+01  3.39406E-03   8.14605E+01  3.35241E-03   7.95969E+01  3.30321E-03   7.77953E+01  3.24724E-03   7.60181E+01  3.18083E-03   7.43270E+01  3.10748E-03   7.27146E+01  3.02263E-03   7.11680E+01  2.92941E-03   6.97404E+01  2.82474E-03   6.83780E+01  2.70924E-03   6.71306E+01  2.58288E-03   6.59604E+01  2.44360E-03   6.48859E+01  2.29353E-03   6.39086E+01  2.13039E-03   6.30110E+01  1.95647E-03   6.22047E+01  1.77096E-03   6.14858E+01  1.57534E-03   6.08656E+01  1.36955E-03   6.03232E+01  1.15585E-03   5.98797E+01  9.33609E-04   5.95201E+01  7.05896E-04   5.92863E+01  4.73180E-04   5.92034E+01  2.37527E-04   5.93775E+01  2.68102E-06   1.47428E+02  2.37669E-04   2.38073E+02  4.73483E-04   2.38520E+02  7.06405E-04   2.38819E+02  9.34206E-04   2.39159E+02  1.15630E-03   2.39582E+02  1.37063E-03   2.40055E+02  1.57671E-03   2.40622E+02  1.77293E-03   2.41270E+02  1.95898E-03   2.42016E+02  2.13279E-03   2.42858E+02  2.29602E-03   2.43784E+02  2.44656E-03   2.44801E+02  2.58608E-03   2.45911E+02  2.71252E-03   2.47133E+02  2.82794E-03   2.48424E+02  2.93182E-03   2.49818E+02  3.02419E-03   2.51282E+02  3.10751E-03   2.52834E+02  3.17967E-03   2.54445E+02  3.24438E-03   2.56105E+02  3.29962E-03   2.57841E+02  3.34843E-03   2.59592E+02  3.38978E-03   2.61416E+02  3.42384E-03   2.63274E+02  3.45291E-03   2.65181E+02  3.47421E-03   2.67155E+02  3.49089E-03   2.69133E+02  3.50017E-03   2.71152E+02  3.50197E-03   2.73160E+02  3.49738E-03   2.75160E+02  3.48495E-03   2.77192E+02  3.46672E-03   2.79209E+02  3.44253E-03   2.81308E+02  3.41281E-03   2.83442E+02  3.37560E-03   2.85585E+02  3.33128E-03   2.87828E+02  3.28147E-03   2.90098E+02  3.22480E-03   2.92448E+02  3.16650E-03   2.94948E+02  3.10958E-03   2.97530E+02 
 3.13070E-03   1.17159E+02  3.19092E-03   1.14588E+02  3.24732E-03   1.12129E+02  3.30026E-03   1.09724E+02  3.35018E-03   1.07420E+02  3.39278E-03   1.05180E+02  3.43022E-03   1.02969E+02  3.46221E-03   1.00790E+02  3.48685E-03   9.86705E+01  3.50481E-03   9.65765E+01  3.51722E-03   9.44982E+01  3.52252E-03   9.24493E+01  3.52262E-03   9.04129E+01  3.51726E-03   8.83900E+01  3.50467E-03   8.64027E+01  3.48714E-03   8.44449E+01  3.46107E-03   8.25058E+01  3.42935E-03   8.06241E+01  3.39019E-03   7.87576E+01  3.34277E-03   7.69525E+01  3.28890E-03   7.52038E+01  3.22463E-03   7.35102E+01  3.15328E-03   7.19045E+01  3.07064E-03   7.03636E+01  2.97808E-03   6.89336E+01  2.87454E-03   6.75754E+01  2.75876E-03   6.63234E+01  2.63140E-03   6.51458E+01  2.49144E-03   6.40840E+01  2.33924E-03   6.30990E+01  2.17400E-03   6.22116E+01  1.99720E-03   6.14248E+01  1.80806E-03   6.07064E+01  1.60903E-03   6.00958E+01  1.39899E-03   5.95687E+01  1.18029E-03   5.91391E+01  9.54325E-04   5.87871E+01  7.21702E-04   5.85596E+01  4.83991E-04   5.84492E+01  2.42869E-04   5.87079E+01  2.99572E-06   1.40615E+02  2.42203E-04   2.37360E+02  4.83110E-04   2.37798E+02  7.20347E-04   2.38115E+02  9.53081E-04   2.38439E+02  1.17921E-03   2.38851E+02  1.39790E-03   2.39329E+02  1.60740E-03   2.39906E+02  1.80660E-03   2.40547E+02  1.99546E-03   2.41287E+02  2.17225E-03   2.42108E+02  2.33780E-03   2.43023E+02  2.49002E-03   2.44043E+02  2.63067E-03   2.45129E+02  2.75850E-03   2.46326E+02  2.87462E-03   2.47593E+02  2.97862E-03   2.48964E+02  3.07172E-03   2.50393E+02  3.15413E-03   2.51916E+02  3.22563E-03   2.53506E+02  3.28934E-03   2.55176E+02  3.34266E-03   2.56907E+02  3.38961E-03   2.58708E+02  3.42794E-03   2.60579E+02  3.45997E-03   2.62486E+02  3.48646E-03   2.64450E+02  3.50478E-03   2.66421E+02  3.51885E-03   2.68425E+02  3.52458E-03   2.70430E+02  3.52477E-03   2.72445E+02  3.51888E-03   2.74506E+02  3.50446E-03   2.76576E+02  3.48643E-03   2.78684E+02  3.46101E-03   2.80817E+02  3.42884E-03   2.82977E+02  3.39313E-03   2.85170E+02  3.34981E-03   2.87395E+02  3.30004E-03   2.89686E+02  3.24710E-03   2.92103E+02  3.18930E-03   2.94635E+02  3.12929E-03   2.97234E+02 
 3.14647E-03   1.16929E+02  3.20565E-03   1.14316E+02  3.26485E-03   1.11879E+02  3.31840E-03   1.09466E+02  3.36540E-03   1.07073E+02  3.40587E-03   1.04768E+02  3.44196E-03   1.02548E+02  3.47505E-03   1.00356E+02  3.50169E-03   9.82348E+01  3.52191E-03   9.61126E+01  3.53659E-03   9.39637E+01  3.54242E-03   9.18695E+01  3.54413E-03   8.97689E+01  3.53989E-03   8.77161E+01  3.52908E-03   8.57097E+01  3.51474E-03   8.37343E+01  3.49122E-03   8.18027E+01  3.46312E-03   7.98959E+01  3.42676E-03   7.80107E+01  3.38135E-03   7.61961E+01  3.32905E-03   7.44248E+01  3.26586E-03   7.27279E+01  3.19496E-03   7.11270E+01  3.11222E-03   6.95964E+01  3.01970E-03   6.81794E+01  2.91518E-03   6.68349E+01  2.79886E-03   6.56026E+01  2.67099E-03   6.44512E+01  2.52884E-03   6.33965E+01  2.37521E-03   6.24444E+01  2.20794E-03   6.15639E+01  2.02926E-03   6.07900E+01  1.83775E-03   6.00872E+01  1.63562E-03   5.94841E+01  1.42286E-03   5.89596E+01  1.20098E-03   5.85434E+01  9.70417E-04   5.82125E+01  7.33990E-04   5.79777E+01  4.92003E-04   5.78637E+01  2.46990E-04   5.80538E+01  2.72827E-06   1.44541E+02  2.46924E-04   2.36760E+02  4.92218E-04   2.37197E+02  7.34407E-04   2.37533E+02  9.70949E-04   2.37850E+02  1.20159E-03   2.38255E+02  1.42365E-03   2.38724E+02  1.63703E-03   2.39277E+02  1.83995E-03   2.39910E+02  2.03170E-03   2.40641E+02  2.21108E-03   2.41446E+02  2.37850E-03   2.42357E+02  2.53238E-03   2.43353E+02  2.67448E-03   2.44437E+02  2.80240E-03   2.45627E+02  2.91859E-03   2.46890E+02  3.02193E-03   2.48258E+02  3.11352E-03   2.49697E+02  3.19457E-03   2.51231E+02  3.26438E-03   2.52828E+02  3.32578E-03   2.54493E+02  3.37699E-03   2.56231E+02  3.42209E-03   2.58002E+02  3.45870E-03   2.59847E+02  3.48856E-03   2.61739E+02  3.51269E-03   2.63691E+02  3.52934E-03   2.65704E+02  3.54150E-03   2.67739E+02  3.54593E-03   2.69814E+02  3.54422E-03   2.71888E+02  3.53611E-03   2.73968E+02  3.52103E-03   2.76076E+02  3.50124E-03   2.78179E+02  3.47564E-03   2.80358E+02  3.44559E-03   2.82565E+02  3.40834E-03   2.84784E+02  3.36395E-03   2.87090E+02  3.31530E-03   2.89428E+02  3.26003E-03   2.91842E+02  3.20372E-03   2.94387E+02  3.14922E-03   2.96980E+02 
 3.16390E-03   1.16787E+02  3.22039E-03   1.14156E+02  3.27476E-03   1.11645E+02  3.32688E-03   1.09220E+02  3.37625E-03   1.06860E+02  3.41824E-03   1.04529E+02  3.45467E-03   1.02243E+02  3.48672E-03   9.99860E+01  3.51267E-03   9.77871E+01  3.53262E-03   9.56351E+01  3.54824E-03   9.34827E+01  3.55659E-03   9.13666E+01  3.55998E-03   8.92655E+01  3.55888E-03   8.71697E+01  3.54968E-03   8.51307E+01  3.53674E-03   8.31299E+01  3.51547E-03   8.11594E+01  3.48799E-03   7.92679E+01  3.45387E-03   7.73933E+01  3.41034E-03   7.55833E+01  3.36074E-03   7.38369E+01  3.29979E-03   7.21443E+01  3.23055E-03   7.05476E+01  3.15032E-03   6.90132E+01  3.05826E-03   6.75940E+01  2.95492E-03   6.62527E+01  2.83802E-03   6.50184E+01  2.70924E-03   6.38698E+01  2.56635E-03   6.28271E+01  2.41101E-03   6.18655E+01  2.24206E-03   6.10007E+01  2.06076E-03   6.02312E+01  1.86622E-03   5.95369E+01  1.66089E-03   5.89567E+01  1.44470E-03   5.84450E+01  1.21893E-03   5.80423E+01  9.85533E-04   5.77012E+01  7.44889E-04   5.74794E+01  4.99500E-04   5.73784E+01  2.50322E-04   5.76476E+01  3.07669E-06   1.60279E+02  2.51324E-04   2.36259E+02  5.00111E-04   2.36692E+02  7.45593E-04   2.37034E+02  9.86157E-04   2.37355E+02  1.21963E-03   2.37770E+02  1.44524E-03   2.38229E+02  1.66103E-03   2.38789E+02  1.86625E-03   2.39411E+02  2.06030E-03   2.40135E+02  2.24145E-03   2.40940E+02  2.41050E-03   2.41834E+02  2.56562E-03   2.42825E+02  2.70837E-03   2.43895E+02  2.83712E-03   2.45069E+02  2.95391E-03   2.46312E+02  3.05725E-03   2.47648E+02  3.14923E-03   2.49053E+02  3.22972E-03   2.50559E+02  3.29912E-03   2.52120E+02  3.35996E-03   2.53782E+02  3.40991E-03   2.55511E+02  3.45331E-03   2.57317E+02  3.48741E-03   2.59208E+02  3.51541E-03   2.61143E+02  3.53717E-03   2.63152E+02  3.55086E-03   2.65171E+02  3.56071E-03   2.67227E+02  3.56169E-03   2.69292E+02  3.55810E-03   2.71360E+02  3.54898E-03   2.73476E+02  3.53231E-03   2.75618E+02  3.51274E-03   2.77805E+02  3.48642E-03   2.80027E+02  3.45398E-03   2.82260E+02  3.41754E-03   2.84526E+02  3.37422E-03   2.86820E+02  3.32552E-03   2.89166E+02  3.27449E-03   2.91648E+02  3.22043E-03   2.94220E+02  3.16362E-03   2.96833E+02 
 3.17254E-03   1.16701E+02  3.22917E-03   1.14057E+02  3.28546E-03   1.11563E+02  3.33667E-03   1.09095E+02  3.38268E-03   1.06652E+02  3.42287E-03   1.04288E+02  3.45865E-03   1.01997E+02  3.49191E-03   9.97299E+01  3.51964E-03   9.75282E+01  3.54125E-03   9.53327E+01  3.55835E-03   9.31169E+01  3.56739E-03   9.09546E+01  3.57204E-03   8.88000E+01  3.57178E-03   8.66963E+01  3.56463E-03   8.46406E+01  3.55435E-03   8.26233E+01  3.53597E-03   8.06537E+01  3.51156E-03   7.87344E+01  3.47966E-03   7.68504E+01  3.43799E-03   7.50339E+01  3.38909E-03   7.32774E+01  3.32895E-03   7.15874E+01  3.26013E-03   7.00031E+01  3.17908E-03   6.84809E+01  3.08706E-03   6.70809E+01  2.98319E-03   6.57503E+01  2.86620E-03   6.45298E+01  2.73687E-03   6.34102E+01  2.59314E-03   6.23670E+01  2.43733E-03   6.14381E+01  2.26677E-03   6.05713E+01  2.08397E-03   5.98216E+01  1.88830E-03   5.91355E+01  1.68099E-03   5.85594E+01  1.46270E-03   5.80501E+01  1.23478E-03   5.76373E+01  9.98245E-04   5.73107E+01  7.55036E-04   5.70825E+01  5.06085E-04   5.69987E+01  2.53926E-04   5.72017E+01  2.88476E-06   1.49998E+02  2.54252E-04   2.35952E+02  5.06097E-04   2.36390E+02  7.55051E-04   2.36693E+02  9.98554E-04   2.37015E+02  1.23525E-03   2.37405E+02  1.46341E-03   2.37855E+02  1.68223E-03   2.38403E+02  1.89011E-03   2.39015E+02  2.08601E-03   2.39733E+02  2.26949E-03   2.40517E+02  2.44012E-03   2.41403E+02  2.59671E-03   2.42369E+02  2.74034E-03   2.43433E+02  2.86960E-03   2.44581E+02  2.98663E-03   2.45815E+02  3.08939E-03   2.47152E+02  3.18036E-03   2.48559E+02  3.25949E-03   2.50072E+02  3.32730E-03   2.51653E+02  3.38555E-03   2.53315E+02  3.43372E-03   2.55051E+02  3.47508E-03   2.56844E+02  3.50735E-03   2.58707E+02  3.53395E-03   2.60625E+02  3.55299E-03   2.62608E+02  3.56555E-03   2.64642E+02  3.57348E-03   2.66719E+02  3.57332E-03   2.68834E+02  3.56859E-03   2.70963E+02  3.55714E-03   2.73116E+02  3.54003E-03   2.75294E+02  3.51920E-03   2.77479E+02  3.49230E-03   2.79730E+02  3.46201E-03   2.82003E+02  3.42488E-03   2.84288E+02  3.38107E-03   2.86656E+02  3.33395E-03   2.89070E+02  3.28140E-03   2.91556E+02  3.22769E-03   2.94138E+02  3.17498E-03   2.96733E+02 
 3.18383E-03   1.16726E+02  3.23595E-03   1.14037E+02  3.28766E-03   1.11482E+02  3.33865E-03   1.09032E+02  3.38710E-03   1.06611E+02  3.42819E-03   1.04199E+02  3.46284E-03   1.01842E+02  3.49436E-03   9.95115E+01  3.52122E-03   9.72443E+01  3.54254E-03   9.50413E+01  3.56105E-03   9.28283E+01  3.57262E-03   9.06493E+01  3.57857E-03   8.84862E+01  3.58110E-03   8.63336E+01  3.57454E-03   8.42505E+01  3.56516E-03   8.22192E+01  3.54831E-03   8.02235E+01  3.52445E-03   7.83193E+01  3.49498E-03   7.64469E+01  3.45522E-03   7.46375E+01  3.40892E-03   7.29032E+01  3.35104E-03   7.12219E+01  3.28376E-03   6.96409E+01  3.20491E-03   6.81198E+01  3.11343E-03   6.67088E+01  3.01060E-03   6.53863E+01  2.89312E-03   6.41659E+01  2.76335E-03   6.30391E+01  2.61850E-03   6.20078E+01  2.46092E-03   6.10680E+01  2.28898E-03   6.02235E+01  2.10447E-03   5.94835E+01  1.90641E-03   5.88069E+01  1.69679E-03   5.82337E+01  1.47640E-03   5.77314E+01  1.24569E-03   5.73258E+01  1.00729E-03   5.69940E+01  7.61271E-04   5.67868E+01  5.10180E-04   5.66688E+01  2.55497E-04   5.68537E+01  2.83304E-06   1.68903E+02  2.57687E-04   2.35753E+02  5.12554E-04   2.36109E+02  7.63541E-04   2.36415E+02  1.00935E-03   2.36734E+02  1.24803E-03   2.37133E+02  1.47841E-03   2.37583E+02  1.69844E-03   2.38130E+02  1.90776E-03   2.38733E+02  2.10541E-03   2.39432E+02  2.28977E-03   2.40213E+02  2.46128E-03   2.41095E+02  2.61843E-03   2.42061E+02  2.76230E-03   2.43100E+02  2.89159E-03   2.44242E+02  3.00848E-03   2.45468E+02  3.11101E-03   2.46776E+02  3.20241E-03   2.48158E+02  3.28110E-03   2.49641E+02  3.34850E-03   2.51183E+02  3.40653E-03   2.52830E+02  3.45395E-03   2.54546E+02  3.49461E-03   2.56350E+02  3.52526E-03   2.58251E+02  3.54974E-03   2.60211E+02  3.56711E-03   2.62247E+02  3.57685E-03   2.64306E+02  3.58260E-03   2.66409E+02  3.57983E-03   2.68517E+02  3.57317E-03   2.70635E+02  3.56094E-03   2.72808E+02  3.54294E-03   2.75008E+02  3.52241E-03   2.77269E+02  3.49559E-03   2.79566E+02  3.46299E-03   2.81866E+02  3.42587E-03   2.84207E+02  3.38298E-03   2.86562E+02  3.33618E-03   2.88968E+02  3.28777E-03   2.91512E+02  3.23803E-03   2.94113E+02  3.18458E-03   2.96734E+02 
 3.18632E-03   1.16798E+02  3.23980E-03   1.14124E+02  3.29185E-03   1.11553E+02  3.33974E-03   1.09035E+02  3.38464E-03   1.06570E+02  3.42454E-03   1.04145E+02  3.45981E-03   1.01786E+02  3.49216E-03   9.94526E+01  3.51988E-03   9.71526E+01  3.54199E-03   9.48953E+01  3.56082E-03   9.26339E+01  3.57280E-03   9.04141E+01  3.57972E-03   8.82285E+01  3.58319E-03   8.60745E+01  3.57940E-03   8.39619E+01  3.57183E-03   8.19179E+01  3.55754E-03   7.99145E+01  3.53582E-03   7.79823E+01  3.50759E-03   7.61061E+01  3.46883E-03   7.42942E+01  3.42259E-03   7.25609E+01  3.36560E-03   7.08816E+01  3.29811E-03   6.93222E+01  3.21933E-03   6.78160E+01  3.12836E-03   6.64235E+01  3.02532E-03   6.51180E+01  2.90815E-03   6.39040E+01  2.77837E-03   6.27992E+01  2.63391E-03   6.17668E+01  2.47604E-03   6.08583E+01  2.30380E-03   5.99981E+01  2.11837E-03   5.92610E+01  1.91999E-03   5.85952E+01  1.70926E-03   5.80281E+01  1.48761E-03   5.75235E+01  1.25593E-03   5.71265E+01  1.01549E-03   5.68056E+01  7.67963E-04   5.65882E+01  5.14763E-04   5.64829E+01  2.58036E-04   5.65978E+01  2.29532E-06   1.52862E+02  2.58577E-04   2.35649E+02  5.15012E-04   2.36002E+02  7.68127E-04   2.36283E+02  1.01566E-03   2.36593E+02  1.25602E-03   2.36983E+02  1.48795E-03   2.37421E+02  1.70992E-03   2.37949E+02  1.92102E-03   2.38549E+02  2.11953E-03   2.39252E+02  2.30542E-03   2.40011E+02  2.47768E-03   2.40876E+02  2.63598E-03   2.41810E+02  2.78067E-03   2.42850E+02  2.91056E-03   2.43964E+02  3.02734E-03   2.45172E+02  3.12996E-03   2.46471E+02  3.22044E-03   2.47850E+02  3.29770E-03   2.49340E+02  3.36458E-03   2.50897E+02  3.42024E-03   2.52558E+02  3.46610E-03   2.54291E+02  3.50407E-03   2.56104E+02  3.53246E-03   2.57988E+02  3.55611E-03   2.59929E+02  3.57105E-03   2.61938E+02  3.58042E-03   2.63985E+02  3.58428E-03   2.66090E+02  3.58061E-03   2.68232E+02  3.57392E-03   2.70399E+02  3.56002E-03   2.72619E+02  3.54170E-03   2.74875E+02  3.52017E-03   2.77137E+02  3.49238E-03   2.79455E+02  3.46194E-03   2.81786E+02  3.42497E-03   2.84119E+02  3.38245E-03   2.86541E+02  3.33798E-03   2.89031E+02  3.28935E-03   2.91588E+02  3.23875E-03   2.94197E+02  3.18732E-03   2.96804E+02 
 3.19061E-03   1.16971E+02  3.23853E-03   1.14251E+02  3.28722E-03   1.11651E+02  3.33590E-03   1.09160E+02  3.38192E-03   1.06690E+02  3.42168E-03   1.04214E+02  3.45481E-03   1.01789E+02  3.48495E-03   9.94030E+01  3.51240E-03   9.70708E+01  3.53429E-03   9.48069E+01  3.55443E-03   9.25403E+01  3.56894E-03   9.03057E+01  3.57612E-03   8.80992E+01  3.58106E-03   8.59065E+01  3.57738E-03   8.37769E+01  3.57021E-03   8.17142E+01  3.55690E-03   7.97000E+01  3.53589E-03   7.77741E+01  3.51006E-03   7.59077E+01  3.47335E-03   7.41057E+01  3.43007E-03   7.23872E+01  3.37490E-03   7.07173E+01  3.30913E-03   6.91498E+01  3.23213E-03   6.76528E+01  3.14127E-03   6.62467E+01  3.03880E-03   6.49479E+01  2.92086E-03   6.37384E+01  2.79065E-03   6.26290E+01  2.64531E-03   6.16058E+01  2.48645E-03   6.06867E+01  2.31318E-03   5.98511E+01  2.12668E-03   5.91180E+01  1.92700E-03   5.84555E+01  1.71538E-03   5.78820E+01  1.49278E-03   5.73934E+01  1.25953E-03   5.69867E+01  1.01821E-03   5.66681E+01  7.69500E-04   5.64368E+01  5.15788E-04   5.62897E+01  2.58154E-04   5.63647E+01  2.07997E-06   1.86886E+02  2.60946E-04   2.35735E+02  5.18690E-04   2.35978E+02  7.72608E-04   2.36246E+02  1.02128E-03   2.36545E+02  1.26245E-03   2.36913E+02  1.49540E-03   2.37346E+02  1.71780E-03   2.37869E+02  1.92921E-03   2.38458E+02  2.12866E-03   2.39143E+02  2.31476E-03   2.39901E+02  2.48744E-03   2.40749E+02  2.64543E-03   2.41689E+02  2.78965E-03   2.42713E+02  2.91915E-03   2.43820E+02  3.03558E-03   2.45016E+02  3.13751E-03   2.46304E+02  3.22770E-03   2.47670E+02  3.30472E-03   2.49130E+02  3.37070E-03   2.50663E+02  3.42643E-03   2.52303E+02  3.47180E-03   2.54015E+02  3.50948E-03   2.55825E+02  3.53758E-03   2.57723E+02  3.55951E-03   2.59694E+02  3.57315E-03   2.61746E+02  3.58056E-03   2.63827E+02  3.58248E-03   2.65967E+02  3.57665E-03   2.68116E+02  3.56812E-03   2.70288E+02  3.55356E-03   2.72519E+02  3.53522E-03   2.74772E+02  3.51431E-03   2.77099E+02  3.48731E-03   2.79460E+02  3.45518E-03   2.81811E+02  3.41797E-03   2.84223E+02  3.37694E-03   2.86646E+02  3.33308E-03   2.89113E+02  3.28778E-03   2.91707E+02  3.24234E-03   2.94323E+02  3.19238E-03   2.96941E+02 
 3.18851E-03   1.17213E+02  3.23828E-03   1.14526E+02  3.28473E-03   1.11874E+02  3.32829E-03   1.09304E+02  3.37133E-03   1.06826E+02  3.41092E-03   1.04360E+02  3.44495E-03   1.01938E+02  3.47560E-03   9.95326E+01  3.50244E-03   9.71459E+01  3.52415E-03   9.48299E+01  3.54362E-03   9.25274E+01  3.55829E-03   9.02660E+01  3.56672E-03   8.80483E+01  3.57265E-03   8.58537E+01  3.57158E-03   8.36925E+01  3.56552E-03   8.16192E+01  3.55409E-03   7.95868E+01  3.53368E-03   7.76354E+01  3.50806E-03   7.57648E+01  3.47203E-03   7.39546E+01  3.42752E-03   7.22492E+01  3.37344E-03   7.05893E+01  3.30741E-03   6.90427E+01  3.23109E-03   6.75601E+01  3.14102E-03   6.61832E+01  3.03928E-03   6.48930E+01  2.92316E-03   6.36825E+01  2.79340E-03   6.25958E+01  2.64900E-03   6.15689E+01  2.49024E-03   6.06665E+01  2.31754E-03   5.98231E+01  2.13083E-03   5.90986E+01  1.93177E-03   5.84296E+01  1.71950E-03   5.78706E+01  1.49650E-03   5.73753E+01  1.26327E-03   5.69763E+01  1.02127E-03   5.66500E+01  7.72363E-04   5.64014E+01  5.17690E-04   5.62764E+01  2.59682E-04   5.62341E+01  1.12918E-06   1.54206E+02  2.60396E-04   2.35801E+02  5.18521E-04   2.36042E+02  7.72752E-04   2.36278E+02  1.02145E-03   2.36578E+02  1.26320E-03   2.36938E+02  1.49664E-03   2.37358E+02  1.71955E-03   2.37880E+02  1.93143E-03   2.38464E+02  2.13040E-03   2.39142E+02  2.31730E-03   2.39878E+02  2.48997E-03   2.40728E+02  2.64859E-03   2.41640E+02  2.79278E-03   2.42651E+02  2.92289E-03   2.43732E+02  3.03950E-03   2.44917E+02  3.14129E-03   2.46185E+02  3.23114E-03   2.47543E+02  3.30724E-03   2.49011E+02  3.37338E-03   2.50554E+02  3.42693E-03   2.52212E+02  3.47131E-03   2.53946E+02  3.50683E-03   2.55781E+02  3.53243E-03   2.57682E+02  3.55328E-03   2.59649E+02  3.56489E-03   2.61675E+02  3.57169E-03   2.63736E+02  3.57246E-03   2.65858E+02  3.56656E-03   2.68017E+02  3.55825E-03   2.70233E+02  3.54302E-03   2.72510E+02  3.52499E-03   2.74835E+02  3.50336E-03   2.77169E+02  3.47544E-03   2.79538E+02  3.44517E-03   2.81920E+02  3.40932E-03   2.84306E+02  3.36915E-03   2.86781E+02  3.32842E-03   2.89344E+02  3.28479E-03   2.91955E+02  3.23786E-03   2.94565E+02  3.18755E-03   2.97181E+02 
 3.18543E-03   1.17523E+02  3.22999E-03   1.14813E+02  3.27495E-03   1.12176E+02  3.31910E-03   1.09618E+02  3.36165E-03   1.07101E+02  3.39946E-03   1.04586E+02  3.43118E-03   1.02106E+02  3.45941E-03   9.96770E+01  3.48641E-03   9.72810E+01  3.50773E-03   9.49544E+01  3.52745E-03   9.26422E+01  3.54385E-03   9.03546E+01  3.55174E-03   8.81075E+01  3.55813E-03   8.58921E+01  3.55670E-03   8.37231E+01  3.55076E-03   8.16325E+01  3.54049E-03   7.95959E+01  3.52126E-03   7.76380E+01  3.49754E-03   7.57762E+01  3.46353E-03   7.39644E+01  3.42151E-03   7.22578E+01  3.36856E-03   7.06096E+01  3.30403E-03   6.90543E+01  3.22845E-03   6.75850E+01  3.13854E-03   6.61909E+01  3.03691E-03   6.49167E+01  2.92027E-03   6.37012E+01  2.79003E-03   6.26109E+01  2.64517E-03   6.16008E+01  2.48649E-03   6.06842E+01  2.31361E-03   5.98557E+01  2.12737E-03   5.91210E+01  1.92784E-03   5.84610E+01  1.71619E-03   5.78916E+01  1.49350E-03   5.74124E+01  1.26050E-03   5.69864E+01  1.01918E-03   5.66676E+01  7.70377E-04   5.63954E+01  5.16428E-04   5.62335E+01  2.58595E-04   5.61054E+01  9.43332E-07   2.52464E+02  2.60437E-04   2.36175E+02  5.18179E-04   2.36281E+02  7.72393E-04   2.36458E+02  1.02108E-03   2.36716E+02  1.26261E-03   2.37057E+02  1.49535E-03   2.37485E+02  1.71783E-03   2.37983E+02  1.92959E-03   2.38549E+02  2.12893E-03   2.39211E+02  2.31489E-03   2.39948E+02  2.48735E-03   2.40769E+02  2.64530E-03   2.41676E+02  2.78904E-03   2.42678E+02  2.91850E-03   2.43761E+02  3.03383E-03   2.44943E+02  3.13524E-03   2.46204E+02  3.22398E-03   2.47564E+02  3.29953E-03   2.49014E+02  3.36411E-03   2.50552E+02  3.41754E-03   2.52191E+02  3.46166E-03   2.53909E+02  3.49666E-03   2.55729E+02  3.52320E-03   2.57622E+02  3.54314E-03   2.59599E+02  3.55407E-03   2.61651E+02  3.56010E-03   2.63748E+02  3.55927E-03   2.65914E+02  3.55262E-03   2.68102E+02  3.54290E-03   2.70338E+02  3.52723E-03   2.72630E+02  3.50986E-03   2.74935E+02  3.48816E-03   2.77314E+02  3.46183E-03   2.79714E+02  3.43118E-03   2.82104E+02  3.39446E-03   2.84584E+02  3.35689E-03   2.87088E+02  3.31711E-03   2.89616E+02  3.27593E-03   2.92237E+02  3.23339E-03   2.94843E+02  3.18667E-03   2.97457E+02 
 3.17950E-03   1.17924E+02  3.22483E-03   1.15245E+02  3.26556E-03   1.12545E+02  3.30422E-03   1.09929E+02  3.34402E-03   1.07435E+02  3.38247E-03   1.04937E+02  3.41499E-03   1.02458E+02  3.44281E-03   9.99955E+01  3.46788E-03   9.75367E+01  3.48826E-03   9.51645E+01  3.50588E-03   9.28285E+01  3.52239E-03   9.05202E+01  3.53213E-03   8.82699E+01  3.53896E-03   8.60478E+01  3.54006E-03   8.38464E+01  3.53379E-03   8.17366E+01  3.52418E-03   7.96787E+01  3.50461E-03   7.77081E+01  3.47958E-03   7.58331E+01  3.44577E-03   7.40224E+01  3.40252E-03   7.23248E+01  3.35119E-03   7.06836E+01  3.28684E-03   6.91486E+01  3.21275E-03   6.76905E+01  3.12463E-03   6.63250E+01  3.02414E-03   6.50547E+01  2.90940E-03   6.38573E+01  2.78048E-03   6.27732E+01  2.63712E-03   6.17502E+01  2.47888E-03   6.08550E+01  2.30710E-03   6.00203E+01  2.12094E-03   5.92884E+01  1.92261E-03   5.86360E+01  1.71125E-03   5.80636E+01  1.48925E-03   5.75709E+01  1.25682E-03   5.71616E+01  1.01608E-03   5.68390E+01  7.68362E-04   5.65978E+01  5.15087E-04   5.64216E+01  2.58263E-04   5.62639E+01  4.18868E-07   2.37238E+02  2.59187E-04   2.36331E+02  5.15800E-04   2.36462E+02  7.68928E-04   2.36647E+02  1.01667E-03   2.36874E+02  1.25699E-03   2.37216E+02  1.48901E-03   2.37644E+02  1.71058E-03   2.38133E+02  1.92139E-03   2.38698E+02  2.11947E-03   2.39360E+02  2.30513E-03   2.40087E+02  2.47633E-03   2.40913E+02  2.63418E-03   2.41806E+02  2.77754E-03   2.42797E+02  2.90663E-03   2.43863E+02  3.02185E-03   2.45033E+02  3.12307E-03   2.46282E+02  3.21182E-03   2.47629E+02  3.28690E-03   2.49084E+02  3.35186E-03   2.50627E+02  3.40410E-03   2.52291E+02  3.44767E-03   2.54028E+02  3.48147E-03   2.55868E+02  3.50591E-03   2.57781E+02  3.52427E-03   2.59770E+02  3.53342E-03   2.61810E+02  3.53849E-03   2.63890E+02  3.53692E-03   2.66039E+02  3.53045E-03   2.68222E+02  3.52164E-03   2.70487E+02  3.50714E-03   2.72806E+02  3.49032E-03   2.75182E+02  3.46892E-03   2.77583E+02  3.44179E-03   2.79988E+02  3.41193E-03   2.82424E+02  3.37825E-03   2.84870E+02  3.34251E-03   2.87379E+02  3.30687E-03   2.90002E+02  3.26807E-03   2.92639E+02  3.22469E-03   2.95230E+02  3.17665E-03   2.97874E+02 
 3.16902E-03   1.18372E+02  3.21121E-03   1.15710E+02  3.25284E-03   1.13063E+02  3.29102E-03   1.10426E+02  3.32730E-03   1.07854E+02  3.36203E-03   1.05322E+02  3.39302E-03   1.02814E+02  3.41922E-03   1.00360E+02  3.44430E-03   9.79109E+01  3.46420E-03   9.55014E+01  3.48099E-03   9.31385E+01  3.49697E-03   9.08058E+01  3.50506E-03   8.85255E+01  3.51148E-03   8.63051E+01  3.51261E-03   8.40998E+01  3.50717E-03   8.19720E+01  3.49827E-03   7.99172E+01  3.48076E-03   7.79172E+01  3.45723E-03   7.60448E+01  3.42500E-03   7.42203E+01  3.38318E-03   7.25129E+01  3.33164E-03   7.08841E+01  3.26781E-03   6.93290E+01  3.19320E-03   6.78921E+01  3.10524E-03   6.65068E+01  3.00454E-03   6.52493E+01  2.88979E-03   6.40480E+01  2.76109E-03   6.29714E+01  2.61886E-03   6.19668E+01  2.46153E-03   6.10549E+01  2.29069E-03   6.02311E+01  2.10662E-03   5.94874E+01  1.90895E-03   5.88388E+01  1.69995E-03   5.82581E+01  1.47933E-03   5.77820E+01  1.24843E-03   5.73426E+01  1.00971E-03   5.70123E+01  7.63600E-04   5.67146E+01  5.12231E-04   5.64703E+01  2.57207E-04   5.61963E+01  1.65968E-06   3.35015E+02  2.56765E-04   2.36970E+02  5.11783E-04   2.36857E+02  7.63187E-04   2.36967E+02  1.00913E-03   2.37210E+02  1.24795E-03   2.37532E+02  1.47841E-03   2.37937E+02  1.69906E-03   2.38403E+02  1.90849E-03   2.38964E+02  2.10603E-03   2.39596E+02  2.29033E-03   2.40316E+02  2.46112E-03   2.41121E+02  2.61847E-03   2.42008E+02  2.76066E-03   2.42983E+02  2.88892E-03   2.44042E+02  3.00284E-03   2.45218E+02  3.10352E-03   2.46470E+02  3.19075E-03   2.47841E+02  3.26538E-03   2.49289E+02  3.32872E-03   2.50846E+02  3.38014E-03   2.52496E+02  3.42321E-03   2.54224E+02  3.45603E-03   2.56054E+02  3.48136E-03   2.57944E+02  3.49936E-03   2.59920E+02  3.50915E-03   2.61965E+02  3.51448E-03   2.64078E+02  3.51246E-03   2.66266E+02  3.50694E-03   2.68500E+02  3.49756E-03   2.70805E+02  3.48232E-03   2.73161E+02  3.46646E-03   2.75518E+02  3.44443E-03   2.77927E+02  3.41939E-03   2.80355E+02  3.39124E-03   2.82780E+02  3.35788E-03   2.85315E+02  3.32565E-03   2.87905E+02  3.29087E-03   2.90486E+02  3.25283E-03   2.93087E+02  3.21222E-03   2.95675E+02  3.16973E-03   2.98313E+02 
 3.16023E-03   1.18919E+02  3.20019E-03   1.16262E+02  3.23646E-03   1.13582E+02  3.27038E-03   1.10939E+02  3.30528E-03   1.08400E+02  3.34017E-03   1.05876E+02  3.37023E-03   1.03346E+02  3.39466E-03   1.00841E+02  3.41683E-03   9.83492E+01  3.43606E-03   9.59235E+01  3.45093E-03   9.35415E+01  3.46650E-03   9.11959E+01  3.47595E-03   8.89011E+01  3.48150E-03   8.66511E+01  3.48400E-03   8.44374E+01  3.47711E-03   8.22916E+01  3.46784E-03   8.02134E+01  3.44914E-03   7.82101E+01  3.42433E-03   7.63131E+01  3.39237E-03   7.44971E+01  3.34956E-03   7.27803E+01  3.29985E-03   7.11549E+01  3.23713E-03   6.96162E+01  3.16436E-03   6.81806E+01  3.07825E-03   6.68245E+01  2.97887E-03   6.55646E+01  2.86604E-03   6.43838E+01  2.73869E-03   6.33042E+01  2.59730E-03   6.23019E+01  2.44165E-03   6.13893E+01  2.27230E-03   6.05780E+01  2.08870E-03   5.98352E+01  1.89301E-03   5.91846E+01  1.68487E-03   5.86119E+01  1.46609E-03   5.81322E+01  1.23727E-03   5.77166E+01  1.00018E-03   5.73687E+01  7.56264E-04   5.70917E+01  5.06826E-04   5.68846E+01  2.54312E-04   5.66014E+01  1.03336E-06   3.20243E+02  2.54931E-04   2.37075E+02  5.07547E-04   2.37085E+02  7.56664E-04   2.37225E+02  1.00036E-03   2.37477E+02  1.23701E-03   2.37800E+02  1.46547E-03   2.38197E+02  1.68383E-03   2.38671E+02  1.89157E-03   2.39237E+02  2.08694E-03   2.39863E+02  2.26964E-03   2.40585E+02  2.43880E-03   2.41395E+02  2.59407E-03   2.42286E+02  2.73524E-03   2.43272E+02  2.86239E-03   2.44338E+02  2.97566E-03   2.45504E+02  3.07560E-03   2.46756E+02  3.16253E-03   2.48112E+02  3.23694E-03   2.49567E+02  3.30040E-03   2.51120E+02  3.35219E-03   2.52776E+02  3.39520E-03   2.54523E+02  3.42766E-03   2.56362E+02  3.45210E-03   2.58276E+02  3.46884E-03   2.60282E+02  3.47755E-03   2.62339E+02  3.48224E-03   2.64462E+02  3.47975E-03   2.66647E+02  3.47444E-03   2.68869E+02  3.46556E-03   2.71182E+02  3.45287E-03   2.73525E+02  3.43770E-03   2.75936E+02  3.41716E-03   2.78382E+02  3.39272E-03   2.80812E+02  3.36477E-03   2.83316E+02  3.33537E-03   2.85843E+02  3.30557E-03   2.88376E+02  3.27406E-03   2.91012E+02  3.23959E-03   2.93641E+02  3.20010E-03   2.96215E+02  3.15732E-03   2.98889E+02 
 3.14389E-03   1.19519E+02  3.18365E-03   1.16910E+02  3.22111E-03   1.14278E+02  3.25277E-03   1.11588E+02  3.28173E-03   1.08972E+02  3.31197E-03   1.06436E+02  3.34133E-03   1.03916E+02  3.36515E-03   1.01435E+02  3.38683E-03   9.89413E+01  3.40467E-03   9.64685E+01  3.41732E-03   9.40639E+01  3.43057E-03   9.16965E+01  3.43854E-03   8.93701E+01  3.44301E-03   8.71306E+01  3.44552E-03   8.49053E+01  3.44028E-03   8.27428E+01  3.43104E-03   8.06693E+01  3.41478E-03   7.86310E+01  3.38986E-03   7.67285E+01  3.35830E-03   7.48867E+01  3.31586E-03   7.31581E+01  3.26439E-03   7.15284E+01  3.20171E-03   6.99712E+01  3.12812E-03   6.85439E+01  3.04222E-03   6.71694E+01  2.94340E-03   6.59279E+01  2.83165E-03   6.47460E+01  2.70531E-03   6.36718E+01  2.56620E-03   6.26834E+01  2.41217E-03   6.17694E+01  2.24496E-03   6.09564E+01  2.06441E-03   6.02201E+01  1.87099E-03   5.95739E+01  1.66605E-03   5.89871E+01  1.44959E-03   5.85066E+01  1.22357E-03   5.80722E+01  9.89738E-04   5.77259E+01  7.48873E-04   5.74258E+01  5.02670E-04   5.71807E+01  2.53159E-04   5.68467E+01  2.49154E-06   9.02816E+00  2.49862E-04   2.37712E+02  4.99482E-04   2.37607E+02  7.45792E-04   2.37714E+02  9.86553E-04   2.37946E+02  1.22074E-03   2.38228E+02  1.44653E-03   2.38623E+02  1.66285E-03   2.39090E+02  1.86819E-03   2.39645E+02  2.06159E-03   2.40272E+02  2.24276E-03   2.40984E+02  2.41028E-03   2.41775E+02  2.56467E-03   2.42668E+02  2.70451E-03   2.43643E+02  2.83128E-03   2.44699E+02  2.94346E-03   2.45873E+02  3.04274E-03   2.47127E+02  3.12886E-03   2.48504E+02  3.20255E-03   2.49961E+02  3.26482E-03   2.51535E+02  3.31550E-03   2.53192E+02  3.35703E-03   2.54939E+02  3.38844E-03   2.56781E+02  3.41325E-03   2.58681E+02  3.42954E-03   2.60671E+02  3.43962E-03   2.62713E+02  3.44536E-03   2.64843E+02  3.44432E-03   2.67051E+02  3.44095E-03   2.69329E+02  3.43314E-03   2.71688E+02  3.42052E-03   2.74095E+02  3.40590E-03   2.76512E+02  3.38511E-03   2.78937E+02  3.36240E-03   2.81396E+02  3.33757E-03   2.83873E+02  3.31032E-03   2.86426E+02  3.28418E-03   2.89074E+02  3.25446E-03   2.91695E+02  3.21962E-03   2.94247E+02  3.18152E-03   2.96832E+02  3.14395E-03   2.99504E+02 
 3.13181E-03   1.20184E+02  3.16546E-03   1.17564E+02  3.19867E-03   1.14967E+02  3.22933E-03   1.12337E+02  3.25796E-03   1.09727E+02  3.28544E-03   1.07167E+02  3.31162E-03   1.04608E+02  3.33315E-03   1.02087E+02  3.35181E-03   9.95948E+01  3.36976E-03   9.71215E+01  3.38080E-03   9.46819E+01  3.39243E-03   9.23024E+01  3.40060E-03   8.99546E+01  3.40261E-03   8.76719E+01  3.40395E-03   8.54574E+01  3.39694E-03   8.32742E+01  3.38631E-03   8.11906E+01  3.36906E-03   7.91594E+01  3.34396E-03   7.72249E+01  3.31276E-03   7.53966E+01  3.27078E-03   7.36369E+01  3.22132E-03   7.20148E+01  3.15997E-03   7.04586E+01  3.08726E-03   6.90262E+01  3.00279E-03   6.76708E+01  2.90472E-03   6.64083E+01  2.79411E-03   6.52473E+01  2.66960E-03   6.41635E+01  2.53119E-03   6.31820E+01  2.37938E-03   6.22683E+01  2.21355E-03   6.14705E+01  2.03487E-03   6.07188E+01  1.84389E-03   6.00808E+01  1.64115E-03   5.95078E+01  1.42786E-03   5.90174E+01  1.20525E-03   5.85900E+01  9.74365E-04   5.82590E+01  7.36797E-04   5.79987E+01  4.94083E-04   5.77891E+01  2.48249E-04   5.75816E+01  6.89233E-07   3.55301E+02  2.47514E-04   2.37900E+02  4.93510E-04   2.37915E+02  7.36318E-04   2.38064E+02  9.73823E-04   2.38308E+02  1.20479E-03   2.38616E+02  1.42730E-03   2.39020E+02  1.64063E-03   2.39481E+02  1.84312E-03   2.40047E+02  2.03394E-03   2.40671E+02  2.21249E-03   2.41399E+02  2.37816E-03   2.42193E+02  2.52960E-03   2.43090E+02  2.66813E-03   2.44075E+02  2.79251E-03   2.45164E+02  2.90310E-03   2.46345E+02  3.00108E-03   2.47618E+02  3.08564E-03   2.48994E+02  3.15900E-03   2.50459E+02  3.22081E-03   2.52032E+02  3.27196E-03   2.53681E+02  3.31402E-03   2.55435E+02  3.34619E-03   2.57268E+02  3.37132E-03   2.59184E+02  3.38827E-03   2.61197E+02  3.39898E-03   2.63277E+02  3.40426E-03   2.65449E+02  3.40333E-03   2.67682E+02  3.40021E-03   2.69973E+02  3.39205E-03   2.72341E+02  3.38174E-03   2.74703E+02  3.36821E-03   2.77111E+02  3.34954E-03   2.79578E+02  3.32998E-03   2.82035E+02  3.30653E-03   2.84590E+02  3.28346E-03   2.87213E+02  3.25984E-03   2.89768E+02  3.23137E-03   2.92340E+02  3.19985E-03   2.94931E+02  3.16560E-03   2.97527E+02  3.13143E-03   3.00210E+02 
 3.11270E-03   1.20958E+02  3.14749E-03   1.18355E+02  3.17924E-03   1.15763E+02  3.20583E-03   1.13113E+02  3.22893E-03   1.10488E+02  3.25307E-03   1.07944E+02  3.27817E-03   1.05413E+02  3.29890E-03   1.02885E+02  3.31520E-03   1.00369E+02  3.33010E-03   9.78786E+01  3.33986E-03   9.54230E+01  3.34795E-03   9.30261E+01  3.35492E-03   9.06685E+01  3.35606E-03   8.83767E+01  3.35665E-03   8.61421E+01  3.35098E-03   8.39526E+01  3.33943E-03   8.18506E+01  3.32351E-03   7.97993E+01  3.29702E-03   7.78453E+01  3.26499E-03   7.59869E+01  3.22273E-03   7.42211E+01  3.17106E-03   7.25688E+01  3.10976E-03   7.10064E+01  3.03689E-03   6.95590E+01  2.95303E-03   6.81933E+01  2.85651E-03   6.69424E+01  2.74750E-03   6.57796E+01  2.62474E-03   6.46963E+01  2.48943E-03   6.37232E+01  2.33983E-03   6.28183E+01  2.17722E-03   6.20114E+01  2.00191E-03   6.12788E+01  1.81406E-03   6.06306E+01  1.61485E-03   6.00716E+01  1.40519E-03   5.95929E+01  1.18611E-03   5.91781E+01  9.59287E-04   5.88425E+01  7.25781E-04   5.85764E+01  4.87289E-04   5.83677E+01  2.45337E-04   5.82412E+01  1.72410E-06   5.22411E+01  2.41800E-04   2.38363E+02  4.83719E-04   2.38428E+02  7.22205E-04   2.38595E+02  9.55810E-04   2.38832E+02  1.18267E-03   2.39163E+02  1.40163E-03   2.39561E+02  1.61130E-03   2.40041E+02  1.81070E-03   2.40603E+02  1.99850E-03   2.41238E+02  2.17408E-03   2.41965E+02  2.33697E-03   2.42771E+02  2.48726E-03   2.43678E+02  2.62362E-03   2.44657E+02  2.74712E-03   2.45747E+02  2.85711E-03   2.46927E+02  2.95420E-03   2.48197E+02  3.03896E-03   2.49577E+02  3.11150E-03   2.51046E+02  3.17291E-03   2.52625E+02  3.22382E-03   2.54286E+02  3.26491E-03   2.56050E+02  3.29637E-03   2.57895E+02  3.32094E-03   2.59820E+02  3.33769E-03   2.61834E+02  3.34921E-03   2.63911E+02  3.35560E-03   2.66087E+02  3.35724E-03   2.68316E+02  3.35653E-03   2.70640E+02  3.35122E-03   2.73021E+02  3.34260E-03   2.75426E+02  3.32953E-03   2.77895E+02  3.31266E-03   2.80347E+02  3.29495E-03   2.82854E+02  3.27502E-03   2.85413E+02  3.25501E-03   2.87950E+02  3.23378E-03   2.90563E+02  3.20747E-03   2.93184E+02  3.17703E-03   2.95713E+02  3.14453E-03   2.98309E+02  3.11278E-03   3.00994E+02 
 3.09608E-03   1.21742E+02  3.12357E-03   1.19159E+02  3.15376E-03   1.16638E+02  3.18155E-03   1.14056E+02  3.20348E-03   1.11409E+02  3.22197E-03   1.08818E+02  3.24227E-03   1.06266E+02  3.26140E-03   1.03748E+02  3.27550E-03   1.01248E+02  3.29010E-03   9.87480E+01  3.29825E-03   9.62696E+01  3.30366E-03   9.38486E+01  3.30833E-03   9.14618E+01  3.30627E-03   8.91469E+01  3.30348E-03   8.69262E+01  3.29617E-03   8.47202E+01  3.28318E-03   8.26149E+01  3.26631E-03   8.05647E+01  3.24132E-03   7.85850E+01  3.20962E-03   7.67306E+01  3.16851E-03   7.49310E+01  3.11788E-03   7.32766E+01  3.05737E-03   7.16923E+01  2.98467E-03   7.02309E+01  2.90135E-03   6.88683E+01  2.80530E-03   6.75943E+01  2.69734E-03   6.64335E+01  2.57611E-03   6.53463E+01  2.44131E-03   6.43720E+01  2.29443E-03   6.34586E+01  2.13417E-03   6.26562E+01  1.96159E-03   6.19127E+01  1.77695E-03   6.12826E+01  1.58157E-03   6.07119E+01  1.37609E-03   6.02267E+01  1.16165E-03   5.98198E+01  9.39094E-04   5.94891E+01  7.10492E-04   5.92500E+01  4.76620E-04   5.90834E+01  2.39633E-04   5.90142E+01  1.11551E-06   9.03121E+01  2.37846E-04   2.38789E+02  4.74866E-04   2.38947E+02  7.08873E-04   2.39134E+02  9.37893E-04   2.39400E+02  1.16082E-03   2.39722E+02  1.37564E-03   2.40129E+02  1.58161E-03   2.40610E+02  1.77744E-03   2.41171E+02  1.96209E-03   2.41806E+02  2.13476E-03   2.42553E+02  2.29540E-03   2.43362E+02  2.44268E-03   2.44278E+02  2.57724E-03   2.45275E+02  2.69844E-03   2.46379E+02  2.80643E-03   2.47570E+02  2.90203E-03   2.48869E+02  2.98464E-03   2.50257E+02  3.05627E-03   2.51742E+02  3.11654E-03   2.53324E+02  3.16702E-03   2.54985E+02  3.20829E-03   2.56755E+02  3.24100E-03   2.58593E+02  3.26721E-03   2.60535E+02  3.28566E-03   2.62560E+02  3.29896E-03   2.64673E+02  3.30711E-03   2.66887E+02  3.31004E-03   2.69171E+02  3.30961E-03   2.71525E+02  3.30385E-03   2.73916E+02  3.29617E-03   2.76314E+02  3.28494E-03   2.78729E+02  3.27082E-03   2.81197E+02  3.25747E-03   2.83704E+02  3.24105E-03   2.86274E+02  3.22517E-03   2.88914E+02  3.20551E-03   2.91493E+02  3.17968E-03   2.93988E+02  3.15191E-03   2.96527E+02  3.12459E-03   2.99164E+02  3.09894E-03   3.01807E+02 
 3.07770E-03   1.22671E+02  3.10482E-03   1.20047E+02  3.12888E-03   1.17504E+02  3.15203E-03   1.14980E+02  3.17252E-03   1.12390E+02  3.18954E-03   1.09824E+02  3.20596E-03   1.07274E+02  3.22219E-03   1.04718E+02  3.23284E-03   1.02211E+02  3.24347E-03   9.97350E+01  3.25157E-03   9.72497E+01  3.25376E-03   9.48223E+01  3.25770E-03   9.24245E+01  3.25530E-03   9.00707E+01  3.25029E-03   8.78210E+01  3.24236E-03   8.56040E+01  3.22659E-03   8.34726E+01  3.20841E-03   8.14240E+01  3.18130E-03   7.94237E+01  3.14811E-03   7.75489E+01  3.10675E-03   7.57392E+01  3.05545E-03   7.40511E+01  2.99545E-03   7.24659E+01  2.92416E-03   7.09688E+01  2.84199E-03   6.96025E+01  2.74793E-03   6.83094E+01  2.64154E-03   6.71457E+01  2.52261E-03   6.60478E+01  2.39100E-03   6.50737E+01  2.24637E-03   6.41696E+01  2.08931E-03   6.33594E+01  1.92046E-03   6.26443E+01  1.73951E-03   6.19929E+01  1.54795E-03   6.14427E+01  1.34658E-03   6.09596E+01  1.13602E-03   6.05760E+01  9.18671E-04   6.02548E+01  6.94523E-04   6.00484E+01  4.65734E-04   5.99122E+01  2.33643E-04   6.00334E+01  1.81956E-06   1.45577E+02  2.33326E-04   2.39113E+02  4.65207E-04   2.39454E+02  6.93846E-04   2.39723E+02  9.18010E-04   2.40006E+02  1.13535E-03   2.40374E+02  1.34598E-03   2.40784E+02  1.54706E-03   2.41298E+02  1.73856E-03   2.41876E+02  1.91933E-03   2.42541E+02  2.08825E-03   2.43290E+02  2.24530E-03   2.44125E+02  2.38988E-03   2.45057E+02  2.52166E-03   2.46058E+02  2.64057E-03   2.47179E+02  2.74724E-03   2.48372E+02  2.84142E-03   2.49673E+02  2.92427E-03   2.51058E+02  2.99563E-03   2.52538E+02  3.05634E-03   2.54116E+02  3.10758E-03   2.55783E+02  3.14930E-03   2.57557E+02  3.18301E-03   2.59413E+02  3.20915E-03   2.61385E+02  3.22752E-03   2.63440E+02  3.24175E-03   2.65576E+02  3.24986E-03   2.67815E+02  3.25483E-03   2.70084E+02  3.25636E-03   2.72435E+02  3.25403E-03   2.74806E+02  3.25022E-03   2.77184E+02  3.24098E-03   2.79675E+02  3.23113E-03   2.82168E+02  3.22038E-03   2.84722E+02  3.20721E-03   2.87351E+02  3.19363E-03   2.89873E+02  3.17436E-03   2.92370E+02  3.15125E-03   2.94933E+02  3.12802E-03   2.97496E+02  3.10437E-03   3.00098E+02  3.07771E-03   3.02710E+02 
 3.05505E-03   1.23596E+02  3.07905E-03   1.21041E+02  3.10383E-03   1.18523E+02  3.12596E-03   1.16015E+02  3.14259E-03   1.13434E+02  3.15499E-03   1.10851E+02  3.16748E-03   1.08328E+02  3.18178E-03   1.05809E+02  3.19090E-03   1.03275E+02  3.19850E-03   1.00790E+02  3.20402E-03   9.83061E+01  3.20351E-03   9.58572E+01  3.20274E-03   9.34730E+01  3.19831E-03   9.10970E+01  3.18945E-03   8.88357E+01  3.17995E-03   8.66240E+01  3.16421E-03   8.44667E+01  3.14454E-03   8.24179E+01  3.11865E-03   8.04054E+01  3.08456E-03   7.85148E+01  3.04357E-03   7.67049E+01  2.99234E-03   7.49834E+01  2.93200E-03   7.33766E+01  2.86074E-03   7.18567E+01  2.77903E-03   7.04628E+01  2.68562E-03   6.91606E+01  2.58021E-03   6.79695E+01  2.46323E-03   6.68708E+01  2.33369E-03   6.58575E+01  2.19213E-03   6.49543E+01  2.03857E-03   6.41352E+01  1.87282E-03   6.34094E+01  1.69678E-03   6.27566E+01  1.50989E-03   6.22057E+01  1.31329E-03   6.17200E+01  1.10835E-03   6.13281E+01  8.95851E-04   6.10170E+01  6.77593E-04   6.07852E+01  4.54342E-04   6.06612E+01  2.28621E-04   6.06856E+01  1.80242E-06   1.15260E+02  2.26724E-04   2.40029E+02  4.52738E-04   2.40293E+02  6.75905E-04   2.40531E+02  8.94234E-04   2.40822E+02  1.10715E-03   2.41179E+02  1.31226E-03   2.41608E+02  1.50898E-03   2.42120E+02  1.69635E-03   2.42694E+02  1.87302E-03   2.43366E+02  2.03901E-03   2.44112E+02  2.19295E-03   2.44951E+02  2.33530E-03   2.45873E+02  2.46471E-03   2.46895E+02  2.58201E-03   2.48002E+02  2.68692E-03   2.49200E+02  2.78009E-03   2.50512E+02  2.86166E-03   2.51901E+02  2.93178E-03   2.53412E+02  2.99158E-03   2.54998E+02  3.04167E-03   2.56689E+02  3.08342E-03   2.58484E+02  3.11740E-03   2.60364E+02  3.14434E-03   2.62364E+02  3.16573E-03   2.64423E+02  3.18191E-03   2.66599E+02  3.19361E-03   2.68831E+02  3.20129E-03   2.71129E+02  3.20450E-03   2.73506E+02  3.20379E-03   2.75873E+02  3.20024E-03   2.78324E+02  3.19372E-03   2.80787E+02  3.18721E-03   2.83273E+02  3.18004E-03   2.85844E+02  3.16989E-03   2.88359E+02  3.15893E-03   2.90885E+02  3.14249E-03   2.93461E+02  3.12218E-03   2.95950E+02  3.10191E-03   2.98468E+02  3.08106E-03   3.01080E+02  3.05741E-03   3.03623E+02 
 3.03650E-03   1.24600E+02  3.05688E-03   1.22027E+02  3.07430E-03   1.19523E+02  3.09393E-03   1.17093E+02  3.11188E-03   1.14593E+02  3.12312E-03   1.12037E+02  3.12952E-03   1.09486E+02  3.13880E-03   1.06960E+02  3.14496E-03   1.04467E+02  3.14899E-03   1.01989E+02  3.15398E-03   9.95069E+01  3.15222E-03   9.70508E+01  3.14981E-03   9.46373E+01  3.14326E-03   9.22557E+01  3.13169E-03   8.99538E+01  3.11878E-03   8.77337E+01  3.09890E-03   8.55674E+01  3.07651E-03   8.34938E+01  3.04841E-03   8.14837E+01  3.01335E-03   7.95734E+01  2.97196E-03   7.77478E+01  2.92169E-03   7.60064E+01  2.86243E-03   7.43862E+01  2.79287E-03   7.28512E+01  2.71233E-03   7.14334E+01  2.62043E-03   7.01091E+01  2.51722E-03   6.88961E+01  2.40205E-03   6.77739E+01  2.27517E-03   6.67687E+01  2.13640E-03   6.58425E+01  1.98563E-03   6.50073E+01  1.82408E-03   6.42753E+01  1.65140E-03   6.36169E+01  1.46900E-03   6.30511E+01  1.27725E-03   6.25761E+01  1.07722E-03   6.21793E+01  8.70647E-04   6.18411E+01  6.57533E-04   6.16422E+01  4.40539E-04   6.15077E+01  2.20367E-04   6.16584E+01  2.23329E-06   1.88306E+02  2.22869E-04   2.40741E+02  4.42947E-04   2.41083E+02  6.60039E-04   2.41362E+02  8.72798E-04   2.41659E+02  1.07929E-03   2.42035E+02  1.27951E-03   2.42452E+02  1.47106E-03   2.42973E+02  1.65332E-03   2.43567E+02  1.82579E-03   2.44245E+02  1.98713E-03   2.45017E+02  2.13725E-03   2.45876E+02  2.27533E-03   2.46820E+02  2.40172E-03   2.47849E+02  2.51624E-03   2.48972E+02  2.61888E-03   2.50192E+02  2.71030E-03   2.51514E+02  2.79062E-03   2.52921E+02  2.86048E-03   2.54430E+02  2.92075E-03   2.56033E+02  2.97253E-03   2.57737E+02  3.01542E-03   2.59539E+02  3.05101E-03   2.61445E+02  3.08031E-03   2.63451E+02  3.10260E-03   2.65555E+02  3.12053E-03   2.67742E+02  3.13227E-03   2.70005E+02  3.14070E-03   2.72310E+02  3.14527E-03   2.74652E+02  3.14721E-03   2.77036E+02  3.14831E-03   2.79434E+02  3.14621E-03   2.81916E+02  3.14530E-03   2.84447E+02  3.14128E-03   2.86977E+02  3.13467E-03   2.89563E+02  3.12535E-03   2.92093E+02  3.10839E-03   2.94509E+02  3.09158E-03   2.96997E+02  3.07659E-03   2.99580E+02  3.05944E-03   3.02126E+02  3.03589E-03   3.04598E+02 
 3.00992E-03   1.25668E+02  3.03344E-03   1.23177E+02  3.05004E-03   1.20623E+02  3.06349E-03   1.18176E+02  3.07687E-03   1.15747E+02  3.08775E-03   1.13249E+02  3.09261E-03   1.10754E+02  3.09814E-03   1.08228E+02  3.10161E-03   1.05692E+02  3.10019E-03   1.03242E+02  3.10080E-03   1.00786E+02  3.09675E-03   9.83355E+01  3.08954E-03   9.59541E+01  3.08270E-03   9.35477E+01  3.06870E-03   9.12314E+01  3.05426E-03   8.89961E+01  3.03435E-03   8.67920E+01  3.00875E-03   8.47247E+01  2.97991E-03   8.26977E+01  2.94247E-03   8.07678E+01  2.89972E-03   7.89444E+01  2.84842E-03   7.71784E+01  2.78850E-03   7.55441E+01  2.71931E-03   7.39749E+01  2.63981E-03   7.25376E+01  2.54983E-03   7.11861E+01  2.44839E-03   6.99391E+01  2.33624E-03   6.88091E+01  2.21240E-03   6.77498E+01  2.07681E-03   6.68251E+01  1.93072E-03   6.59592E+01  1.77287E-03   6.52193E+01  1.60553E-03   6.45431E+01  1.42799E-03   6.39685E+01  1.24163E-03   6.34561E+01  1.04766E-03   6.30604E+01  8.46572E-04   6.27356E+01  6.40203E-04   6.24761E+01  4.29334E-04   6.23366E+01  2.15830E-04   6.22548E+01  8.39578E-07   9.73713E+01  2.14537E-04   2.42067E+02  4.28082E-04   2.42221E+02  6.38901E-04   2.42409E+02  8.45271E-04   2.42707E+02  1.04621E-03   2.43062E+02  1.24014E-03   2.43494E+02  1.42636E-03   2.44028E+02  1.60376E-03   2.44612E+02  1.77112E-03   2.45318E+02  1.92888E-03   2.46074E+02  2.07521E-03   2.46940E+02  2.21087E-03   2.47876E+02  2.33466E-03   2.48915E+02  2.44761E-03   2.50030E+02  2.54925E-03   2.51250E+02  2.63985E-03   2.52571E+02  2.72008E-03   2.53969E+02  2.78983E-03   2.55509E+02  2.85049E-03   2.57116E+02  2.90171E-03   2.58858E+02  2.94488E-03   2.60697E+02  2.98109E-03   2.62637E+02  3.00986E-03   2.64704E+02  3.03447E-03   2.66802E+02  3.05321E-03   2.69025E+02  3.06818E-03   2.71267E+02  3.08073E-03   2.73543E+02  3.08880E-03   2.75917E+02  3.09541E-03   2.78270E+02  3.09888E-03   2.80754E+02  3.10054E-03   2.83282E+02  3.10204E-03   2.85769E+02  3.10012E-03   2.88341E+02  3.09478E-03   2.90804E+02  3.08545E-03   2.93170E+02  3.07339E-03   2.95674E+02  3.06338E-03   2.98215E+02  3.05163E-03   3.00710E+02  3.03379E-03   3.03183E+02  3.00820E-03   3.05612E+02 
 2.98606E-03   1.26670E+02  3.00513E-03   1.24289E+02  3.02073E-03   1.21834E+02  3.03397E-03   1.19391E+02  3.04452E-03   1.16987E+02  3.05246E-03   1.14531E+02  3.05361E-03   1.12055E+02  3.05429E-03   1.09611E+02  3.05615E-03   1.07107E+02  3.05264E-03   1.04610E+02  3.04985E-03   1.02178E+02  3.04451E-03   9.97183E+01  3.03372E-03   9.73234E+01  3.02215E-03   9.49672E+01  3.00553E-03   9.26005E+01  2.98624E-03   9.03585E+01  2.96430E-03   8.81510E+01  2.93688E-03   8.60329E+01  2.90543E-03   8.40236E+01  2.86796E-03   8.20549E+01  2.82394E-03   8.02283E+01  2.77285E-03   7.84606E+01  2.71303E-03   7.67934E+01  2.64445E-03   7.52341E+01  2.56589E-03   7.37558E+01  2.47719E-03   7.24108E+01  2.37808E-03   7.11243E+01  2.26742E-03   6.99705E+01  2.14655E-03   6.89010E+01  2.01441E-03   6.79314E+01  1.87129E-03   6.70698E+01  1.71832E-03   6.62861E+01  1.55496E-03   6.56066E+01  1.38289E-03   6.50023E+01  1.20202E-03   6.45026E+01  1.01384E-03   6.40470E+01  8.19125E-04   6.37019E+01  6.18806E-04   6.34384E+01  4.14697E-04   6.32272E+01  2.07900E-04   6.31535E+01  6.40014E-07   2.70505E+02  2.08802E-04   2.43322E+02  4.15513E-04   2.43385E+02  6.19813E-04   2.43549E+02  8.19890E-04   2.43808E+02  1.01460E-03   2.44171E+02  1.20292E-03   2.44601E+02  1.38388E-03   2.45100E+02  1.55594E-03   2.45715E+02  1.71936E-03   2.46393E+02  1.87238E-03   2.47168E+02  2.01527E-03   2.48025E+02  2.14728E-03   2.48966E+02  2.26807E-03   2.50023E+02  2.37841E-03   2.51151E+02  2.47725E-03   2.52410E+02  2.56623E-03   2.53735E+02  2.64420E-03   2.55199E+02  2.71325E-03   2.56747E+02  2.77313E-03   2.58407E+02  2.82468E-03   2.60196E+02  2.86946E-03   2.62044E+02  2.90680E-03   2.64044E+02  2.93939E-03   2.66066E+02  2.96579E-03   2.68197E+02  2.98782E-03   2.70394E+02  3.00565E-03   2.72611E+02  3.01902E-03   2.74955E+02  3.02982E-03   2.77281E+02  3.03883E-03   2.79704E+02  3.04575E-03   2.82194E+02  3.05193E-03   2.84626E+02  3.05730E-03   2.87141E+02  3.05735E-03   2.89596E+02  3.05517E-03   2.91980E+02  3.05063E-03   2.94489E+02  3.04277E-03   2.96980E+02  3.03526E-03   2.99408E+02  3.02359E-03   3.01876E+02  3.00546E-03   3.04295E+02  2.98538E-03   3.06657E+02 
 2.95966E-03   1.27799E+02  2.98119E-03   1.25442E+02  2.99297E-03   1.23015E+02  3.00131E-03   1.20605E+02  3.00931E-03   1.18250E+02  3.01752E-03   1.15875E+02  3.01821E-03   1.13432E+02  3.01359E-03   1.10980E+02  3.01059E-03   1.08542E+02  3.00253E-03   1.06087E+02  2.99470E-03   1.03665E+02  2.98730E-03   1.01253E+02  2.97484E-03   9.88416E+01  2.96198E-03   9.64774E+01  2.94384E-03   9.41412E+01  2.92253E-03   9.18642E+01  2.89727E-03   8.96601E+01  2.86638E-03   8.75155E+01  2.83227E-03   8.54729E+01  2.79169E-03   8.35084E+01  2.74597E-03   8.16334E+01  2.69342E-03   7.98647E+01  2.63332E-03   7.81794E+01  2.56528E-03   7.66012E+01  2.48830E-03   7.51194E+01  2.40136E-03   7.37330E+01  2.30461E-03   7.24501E+01  2.19727E-03   7.12589E+01  2.07912E-03   7.01652E+01  1.95104E-03   6.91806E+01  1.81243E-03   6.82909E+01  1.66364E-03   6.74793E+01  1.50544E-03   6.67694E+01  1.33846E-03   6.61491E+01  1.16343E-03   6.56069E+01  9.81349E-04   6.51476E+01  7.92747E-04   6.47611E+01  5.99428E-04   6.44308E+01  4.01674E-04   6.41934E+01  2.01844E-04   6.37781E+01  1.86236E-06   3.53326E+02  2.00762E-04   2.44781E+02  4.00770E-04   2.44700E+02  5.98253E-04   2.44791E+02  7.91461E-04   2.45062E+02  9.79871E-04   2.45370E+02  1.16187E-03   2.45800E+02  1.33687E-03   2.46323E+02  1.50361E-03   2.46919E+02  1.66141E-03   2.47603E+02  1.80972E-03   2.48387E+02  1.94843E-03   2.49257E+02  2.07655E-03   2.50229E+02  2.19496E-03   2.51290E+02  2.30272E-03   2.52451E+02  2.40021E-03   2.53712E+02  2.48805E-03   2.55073E+02  2.56636E-03   2.56545E+02  2.63590E-03   2.58117E+02  2.69673E-03   2.59808E+02  2.75021E-03   2.61585E+02  2.79552E-03   2.63492E+02  2.83495E-03   2.65467E+02  2.86778E-03   2.67527E+02  2.89539E-03   2.69668E+02  2.91891E-03   2.71856E+02  2.93833E-03   2.74140E+02  2.95593E-03   2.76434E+02  2.97134E-03   2.78804E+02  2.98578E-03   2.81233E+02  2.99762E-03   2.83652E+02  3.00736E-03   2.86135E+02  3.01406E-03   2.88589E+02  3.01626E-03   2.91009E+02  3.01658E-03   2.93464E+02  3.01257E-03   2.95847E+02  3.00800E-03   2.98226E+02  3.00447E-03   3.00685E+02  2.99443E-03   3.03096E+02  2.97923E-03   3.05414E+02  2.95811E-03   3.07748E+02 
 2.92883E-03   1.28882E+02  2.94976E-03   1.26666E+02  2.96557E-03   1.24327E+02  2.97262E-03   1.21910E+02  2.97429E-03   1.19558E+02  2.97796E-03   1.17245E+02  2.97934E-03   1.14893E+02  2.97349E-03   1.12508E+02  2.96817E-03   1.10068E+02  2.95833E-03   1.07615E+02  2.94428E-03   1.05215E+02  2.93247E-03   1.02819E+02  2.91528E-03   1.00449E+02  2.89769E-03   9.81092E+01  2.87805E-03   9.57707E+01  2.85344E-03   9.34984E+01  2.82779E-03   9.12686E+01  2.79535E-03   8.91146E+01  2.75910E-03   8.70566E+01  2.71772E-03   8.50611E+01  2.66959E-03   8.31869E+01  2.61570E-03   8.13930E+01  2.55408E-03   7.96968E+01  2.48576E-03   7.81001E+01  2.40873E-03   7.65865E+01  2.32289E-03   7.52023E+01  2.22772E-03   7.38906E+01  2.12279E-03   7.26916E+01  2.00835E-03   7.15891E+01  1.88370E-03   7.05760E+01  1.74909E-03   6.96714E+01  1.60544E-03   6.88585E+01  1.45228E-03   6.81425E+01  1.29128E-03   6.75014E+01  1.12235E-03   6.69649E+01  9.46597E-04   6.64859E+01  7.64927E-04   6.61177E+01  5.78192E-04   6.58055E+01  3.87919E-04   6.55419E+01  1.95251E-04   6.53067E+01  1.72437E-06   2.60252E+01  1.92716E-04   2.45909E+02  3.85640E-04   2.45913E+02  5.76149E-04   2.46053E+02  7.62869E-04   2.46277E+02  9.44653E-04   2.46625E+02  1.12052E-03   2.47061E+02  1.28982E-03   2.47570E+02  1.45106E-03   2.48201E+02  1.60450E-03   2.48889E+02  1.74886E-03   2.49686E+02  1.88369E-03   2.50588E+02  2.00921E-03   2.51567E+02  2.12457E-03   2.52648E+02  2.23033E-03   2.53816E+02  2.32650E-03   2.55109E+02  2.41287E-03   2.56495E+02  2.49018E-03   2.58008E+02  2.55851E-03   2.59628E+02  2.61902E-03   2.61354E+02  2.67135E-03   2.63199E+02  2.71750E-03   2.65101E+02  2.75741E-03   2.67118E+02  2.79230E-03   2.69184E+02  2.82354E-03   2.71311E+02  2.85049E-03   2.73515E+02  2.87531E-03   2.75729E+02  2.89715E-03   2.78056E+02  2.91645E-03   2.80429E+02  2.93333E-03   2.82828E+02  2.94690E-03   2.85294E+02  2.95877E-03   2.87695E+02  2.96701E-03   2.90093E+02  2.97187E-03   2.92486E+02  2.97486E-03   2.94781E+02  2.97648E-03   2.97164E+02  2.97893E-03   2.99636E+02  2.97660E-03   3.02016E+02  2.96496E-03   3.04293E+02  2.94712E-03   3.06567E+02  2.93060E-03   3.08883E+02 
 2.90261E-03   1.29978E+02  2.91845E-03   1.27780E+02  2.93197E-03   1.25605E+02  2.94229E-03   1.23283E+02  2.94373E-03   1.20931E+02  2.94222E-03   1.18639E+02  2.94068E-03   1.16315E+02  2.93199E-03   1.14018E+02  2.92193E-03   1.11717E+02  2.91102E-03   1.09288E+02  2.89484E-03   1.06892E+02  2.87939E-03   1.04520E+02  2.86107E-03   1.02130E+02  2.83857E-03   9.98306E+01  2.81557E-03   9.75266E+01  2.78782E-03   9.52495E+01  2.75725E-03   9.30513E+01  2.72366E-03   9.08606E+01  2.68446E-03   8.87868E+01  2.64172E-03   8.67797E+01  2.59240E-03   8.48589E+01  2.53736E-03   8.30651E+01  2.47623E-03   8.13255E+01  2.40672E-03   7.97236E+01  2.33041E-03   7.81969E+01  2.24529E-03   7.67748E+01  2.15189E-03   7.54536E+01  2.04891E-03   7.42200E+01  1.93700E-03   7.31046E+01  1.81616E-03   7.20656E+01  1.68541E-03   7.11486E+01  1.54647E-03   7.02838E+01  1.39853E-03   6.95520E+01  1.24296E-03   6.88780E+01  1.07972E-03   6.83226E+01  9.10389E-04   6.78344E+01  7.35211E-04   6.74416E+01  5.55441E-04   6.70824E+01  3.72275E-04   6.67959E+01  1.86750E-04   6.63580E+01  2.02820E-06   3.41812E+02  1.86634E-04   2.47593E+02  3.72214E-04   2.47404E+02  5.55303E-04   2.47453E+02  7.35192E-04   2.47708E+02  9.10488E-04   2.48019E+02  1.07997E-03   2.48474E+02  1.24312E-03   2.48986E+02  1.39896E-03   2.49615E+02  1.54734E-03   2.50315E+02  1.68660E-03   2.51149E+02  1.81755E-03   2.52027E+02  1.93882E-03   2.53051E+02  2.05120E-03   2.54147E+02  2.15385E-03   2.55367E+02  2.24720E-03   2.56708E+02  2.33224E-03   2.58141E+02  2.40811E-03   2.59708E+02  2.47674E-03   2.61335E+02  2.53725E-03   2.63114E+02  2.59188E-03   2.64920E+02  2.64022E-03   2.66841E+02  2.68302E-03   2.68827E+02  2.72139E-03   2.70845E+02  2.75495E-03   2.73002E+02  2.78574E-03   2.75161E+02  2.81247E-03   2.77459E+02  2.83686E-03   2.79812E+02  2.85943E-03   2.82158E+02  2.87937E-03   2.84597E+02  2.89683E-03   2.86939E+02  2.91166E-03   2.89273E+02  2.92318E-03   2.91647E+02  2.93152E-03   2.93919E+02  2.93941E-03   2.96299E+02  2.94529E-03   2.98755E+02  2.94717E-03   3.01063E+02  2.94173E-03   3.03289E+02  2.92865E-03   3.05525E+02  2.91848E-03   3.07775E+02  2.90817E-03   3.10036E+02 
 2.87169E-03   1.31225E+02  2.88915E-03   1.28991E+02  2.90040E-03   1.26842E+02  2.90810E-03   1.24668E+02  2.91034E-03   1.22380E+02  2.90659E-03   1.20130E+02  2.90363E-03   1.17865E+02  2.89446E-03   1.15525E+02  2.88081E-03   1.13279E+02  2.86654E-03   1.10994E+02  2.84562E-03   1.08625E+02  2.82507E-03   1.06312E+02  2.80320E-03   1.03949E+02  2.77846E-03   1.01620E+02  2.75272E-03   9.93743E+01  2.72288E-03   9.71024E+01  2.69030E-03   9.49151E+01  2.65359E-03   9.27666E+01  2.61255E-03   9.06474E+01  2.56668E-03   8.86524E+01  2.51624E-03   8.66919E+01  2.45956E-03   8.48646E+01  2.39700E-03   8.31241E+01  2.32798E-03   8.14740E+01  2.25101E-03   7.99580E+01  2.16714E-03   7.85058E+01  2.07476E-03   7.71953E+01  1.97469E-03   7.59348E+01  1.86516E-03   7.48216E+01  1.74779E-03   7.37705E+01  1.62138E-03   7.28398E+01  1.48701E-03   7.19902E+01  1.34461E-03   7.12323E+01  1.19440E-03   7.05758E+01  1.03777E-03   6.99899E+01  8.74794E-04   6.95160E+01  7.06701E-04   6.91087E+01  5.33945E-04   6.88249E+01  3.58256E-04   6.86205E+01  1.80177E-04   6.84388E+01  7.48465E-07   5.27169E+01  1.78649E-04   2.48404E+02  3.56919E-04   2.48541E+02  5.33024E-04   2.48769E+02  7.05785E-04   2.49037E+02  8.74136E-04   2.49430E+02  1.03771E-03   2.49881E+02  1.19478E-03   2.50444E+02  1.34525E-03   2.51096E+02  1.48811E-03   2.51837E+02  1.62315E-03   2.52685E+02  1.74958E-03   2.53625E+02  1.86757E-03   2.54688E+02  1.97719E-03   2.55820E+02  2.07744E-03   2.57108E+02  2.17042E-03   2.58444E+02  2.25392E-03   2.59944E+02  2.33038E-03   2.61490E+02  2.39845E-03   2.63158E+02  2.46055E-03   2.64906E+02  2.51602E-03   2.66713E+02  2.56489E-03   2.68654E+02  2.60968E-03   2.70607E+02  2.64921E-03   2.72722E+02  2.68591E-03   2.74865E+02  2.71937E-03   2.77092E+02  2.75098E-03   2.79417E+02  2.77992E-03   2.81679E+02  2.80617E-03   2.84037E+02  2.82931E-03   2.86337E+02  2.84843E-03   2.88603E+02  2.86573E-03   2.90959E+02  2.87884E-03   2.93234E+02  2.89135E-03   2.95558E+02  2.90229E-03   2.97939E+02  2.90855E-03   3.00179E+02  2.91151E-03   3.02365E+02  2.90648E-03   3.04599E+02  2.90024E-03   3.06800E+02  2.89344E-03   3.08996E+02  2.87565E-03   3.11224E+02 
 2.84104E-03   1.32374E+02  2.85500E-03   1.30236E+02  2.86756E-03   1.28119E+02  2.87600E-03   1.26014E+02  2.87707E-03   1.23825E+02  2.87031E-03   1.21604E+02  2.86354E-03   1.19439E+02  2.85411E-03   1.17211E+02  2.83849E-03   1.14938E+02  2.82353E-03   1.12706E+02  2.80263E-03   1.10429E+02  2.77701E-03   1.08137E+02  2.75159E-03   1.05868E+02  2.72129E-03   1.03561E+02  2.69093E-03   1.01305E+02  2.65812E-03   9.90887E+01  2.62226E-03   9.68780E+01  2.58430E-03   9.47551E+01  2.54100E-03   9.26629E+01  2.49455E-03   9.06416E+01  2.44190E-03   8.87024E+01  2.38441E-03   8.68140E+01  2.32118E-03   8.50581E+01  2.25120E-03   8.33607E+01  2.17487E-03   8.18004E+01  2.09090E-03   8.03230E+01  1.99975E-03   7.89658E+01  1.90084E-03   7.77192E+01  1.79434E-03   7.65468E+01  1.67954E-03   7.55124E+01  1.55705E-03   7.45521E+01  1.42665E-03   7.37068E+01  1.28921E-03   7.29476E+01  1.14435E-03   7.23008E+01  9.93623E-04   7.17341E+01  8.37016E-04   7.12713E+01  6.75656E-04   7.09016E+01  5.09650E-04   7.06510E+01  3.41248E-04   7.04936E+01  1.70602E-04   7.06961E+01  2.37131E-06   1.97437E+02  1.73574E-04   2.49561E+02  3.44457E-04   2.49916E+02  5.13144E-04   2.50243E+02  6.78952E-04   2.50594E+02  8.40555E-04   2.51030E+02  9.97582E-04   2.51547E+02  1.14870E-03   2.52143E+02  1.29352E-03   2.52822E+02  1.43094E-03   2.53607E+02  1.56157E-03   2.54480E+02  1.68381E-03   2.55465E+02  1.79845E-03   2.56530E+02  1.90444E-03   2.57719E+02  2.00300E-03   2.58995E+02  2.09281E-03   2.60388E+02  2.17569E-03   2.61868E+02  2.25071E-03   2.63435E+02  2.31884E-03   2.65121E+02  2.38096E-03   2.66849E+02  2.43663E-03   2.68718E+02  2.48877E-03   2.70625E+02  2.53587E-03   2.72653E+02  2.58036E-03   2.74743E+02  2.62121E-03   2.76861E+02  2.65940E-03   2.79101E+02  2.69406E-03   2.81306E+02  2.72502E-03   2.83579E+02  2.75293E-03   2.85864E+02  2.77662E-03   2.88099E+02  2.79922E-03   2.90420E+02  2.81918E-03   2.92682E+02  2.83729E-03   2.94941E+02  2.85421E-03   2.97234E+02  2.86695E-03   2.99432E+02  2.87568E-03   3.01628E+02  2.87784E-03   3.03845E+02  2.87415E-03   3.05986E+02  2.86844E-03   3.08098E+02  2.85800E-03   3.10265E+02  2.84405E-03   3.12410E+02 
 2.81042E-03   1.33600E+02  2.82388E-03   1.31462E+02  2.83115E-03   1.29397E+02  2.83927E-03   1.27395E+02  2.84463E-03   1.25300E+02  2.83796E-03   1.23124E+02  2.82724E-03   1.20963E+02  2.81558E-03   1.18812E+02  2.79651E-03   1.16668E+02  2.77688E-03   1.14470E+02  2.75548E-03   1.12259E+02  2.72875E-03   1.10037E+02  2.70092E-03   1.07787E+02  2.66921E-03   1.05575E+02  2.63414E-03   1.03338E+02  2.59785E-03   1.01134E+02  2.55754E-03   9.89727E+01  2.51595E-03   9.68343E+01  2.47098E-03   9.47785E+01  2.42174E-03   9.27668E+01  2.36906E-03   9.08319E+01  2.30980E-03   8.89724E+01  2.24634E-03   8.71997E+01  2.17651E-03   8.55104E+01  2.10032E-03   8.39154E+01  2.01752E-03   8.24167E+01  1.92772E-03   8.10109E+01  1.83071E-03   7.97105E+01  1.72638E-03   7.85176E+01  1.61485E-03   7.74222E+01  1.49588E-03   7.64261E+01  1.36984E-03   7.55401E+01  1.23700E-03   7.47468E+01  1.09795E-03   7.40739E+01  9.52695E-04   7.34526E+01  8.01985E-04   7.29422E+01  6.46797E-04   7.25367E+01  4.88193E-04   7.22314E+01  3.26488E-04   7.20696E+01  1.62865E-04   7.18298E+01  1.81299E-06   2.54729E+02  1.66567E-04   2.51815E+02  3.30001E-04   2.52007E+02  4.91522E-04   2.52226E+02  6.50157E-04   2.52526E+02  8.05229E-04   2.52958E+02  9.55668E-04   2.53454E+02  1.10069E-03   2.54053E+02  1.23951E-03   2.54743E+02  1.37244E-03   2.55535E+02  1.49782E-03   2.56432E+02  1.61631E-03   2.57425E+02  1.72725E-03   2.58535E+02  1.83043E-03   2.59720E+02  1.92638E-03   2.61031E+02  2.01506E-03   2.62419E+02  2.09711E-03   2.63913E+02  2.17211E-03   2.65507E+02  2.24189E-03   2.67169E+02  2.30564E-03   2.68951E+02  2.36533E-03   2.70784E+02  2.41980E-03   2.72720E+02  2.47046E-03   2.74729E+02  2.51748E-03   2.76798E+02  2.56038E-03   2.78971E+02  2.59980E-03   2.81143E+02  2.63569E-03   2.83369E+02  2.66896E-03   2.85613E+02  2.69914E-03   2.87813E+02  2.72761E-03   2.90060E+02  2.75430E-03   2.92255E+02  2.77834E-03   2.94443E+02  2.79953E-03   2.96670E+02  2.81758E-03   2.98838E+02  2.83100E-03   3.01045E+02  2.83779E-03   3.03220E+02  2.83919E-03   3.05253E+02  2.83685E-03   3.07290E+02  2.83442E-03   3.09404E+02  2.82981E-03   3.11504E+02  2.81102E-03   3.13573E+02 
 2.77236E-03   1.34846E+02  2.79105E-03   1.32769E+02  2.79931E-03   1.30661E+02  2.80011E-03   1.28696E+02  2.80461E-03   1.26753E+02  2.80307E-03   1.24702E+02  2.79095E-03   1.22617E+02  2.77865E-03   1.20473E+02  2.76007E-03   1.18347E+02  2.73658E-03   1.16270E+02  2.71227E-03   1.14114E+02  2.68229E-03   1.11973E+02  2.65097E-03   1.09809E+02  2.61729E-03   1.07610E+02  2.58011E-03   1.05468E+02  2.54085E-03   1.03296E+02  2.49807E-03   1.01163E+02  2.45283E-03   9.90689E+01  2.40460E-03   9.69927E+01  2.35241E-03   9.49864E+01  2.29727E-03   9.30359E+01  2.23746E-03   9.11618E+01  2.17270E-03   8.93862E+01  2.10305E-03   8.76827E+01  2.02694E-03   8.61033E+01  1.94510E-03   8.45986E+01  1.85638E-03   8.32001E+01  1.76134E-03   8.19083E+01  1.65936E-03   8.06978E+01  1.55075E-03   7.95994E+01  1.43565E-03   7.85850E+01  1.31382E-03   7.77000E+01  1.18557E-03   7.68838E+01  1.05136E-03   7.62004E+01  9.11996E-04   7.55878E+01  7.67641E-04   7.50764E+01  6.19067E-04   7.46330E+01  4.67093E-04   7.43643E+01  3.12220E-04   7.41701E+01  1.55783E-04   7.43102E+01  1.82635E-06   2.12363E+02  1.58800E-04   2.53532E+02  3.15316E-04   2.53763E+02  4.70014E-04   2.54087E+02  6.21891E-04   2.54440E+02  7.70144E-04   2.54906E+02  9.14287E-04   2.55407E+02  1.05346E-03   2.56067E+02  1.18714E-03   2.56772E+02  1.31477E-03   2.57614E+02  1.43620E-03   2.58521E+02  1.55080E-03   2.59567E+02  1.65848E-03   2.60671E+02  1.75981E-03   2.61893E+02  1.85407E-03   2.63213E+02  1.94221E-03   2.64607E+02  2.02370E-03   2.66137E+02  2.09980E-03   2.67697E+02  2.17044E-03   2.69411E+02  2.23538E-03   2.71161E+02  2.29627E-03   2.73030E+02  2.35235E-03   2.74976E+02  2.40464E-03   2.76976E+02  2.45355E-03   2.79100E+02  2.49862E-03   2.81192E+02  2.54106E-03   2.83355E+02  2.58011E-03   2.85510E+02  2.61660E-03   2.87612E+02  2.65072E-03   2.89782E+02  2.68206E-03   2.91905E+02  2.71155E-03   2.94064E+02  2.73740E-03   2.96260E+02  2.76041E-03   2.98409E+02  2.77973E-03   3.00575E+02  2.79171E-03   3.02667E+02  2.79913E-03   3.04615E+02  2.80344E-03   3.06601E+02  2.80632E-03   3.08699E+02  2.80746E-03   3.10763E+02  2.79201E-03   3.12779E+02  2.76544E-03   3.14827E+02 
 2.73497E-03   1.35980E+02  2.75136E-03   1.34098E+02  2.76578E-03   1.32048E+02  2.76833E-03   1.30019E+02  2.76563E-03   1.28115E+02  2.76458E-03   1.26180E+02  2.75374E-03   1.24220E+02  2.73808E-03   1.22215E+02  2.72061E-03   1.20109E+02  2.69633E-03   1.18040E+02  2.67020E-03   1.16002E+02  2.63982E-03   1.13898E+02  2.60487E-03   1.11825E+02  2.56833E-03   1.09723E+02  2.52786E-03   1.07587E+02  2.48582E-03   1.05509E+02  2.44126E-03   1.03413E+02  2.39297E-03   1.01374E+02  2.34244E-03   9.93756E+01  2.28842E-03   9.73872E+01  2.23063E-03   9.54842E+01  2.16892E-03   9.35857E+01  2.10321E-03   9.18041E+01  2.03267E-03   9.00767E+01  1.95706E-03   8.84332E+01  1.87555E-03   8.69156E+01  1.78858E-03   8.54546E+01  1.69520E-03   8.41501E+01  1.59546E-03   8.29007E+01  1.48990E-03   8.18075E+01  1.37783E-03   8.07573E+01  1.25990E-03   7.98626E+01  1.13659E-03   7.90363E+01  1.00738E-03   7.83332E+01  8.73241E-04   7.77191E+01  7.35014E-04   7.72171E+01  5.92274E-04   7.68117E+01  4.46714E-04   7.65097E+01  2.98989E-04   7.63432E+01  1.49289E-04   7.64091E+01  1.25451E-06   2.08258E+02  1.50990E-04   2.55637E+02  3.00517E-04   2.56035E+02  4.48184E-04   2.56327E+02  5.93381E-04   2.56693E+02  7.35400E-04   2.57157E+02  8.73279E-04   2.57691E+02  1.00707E-03   2.58341E+02  1.13540E-03   2.59090E+02  1.25838E-03   2.59940E+02  1.37566E-03   2.60846E+02  1.48729E-03   2.61910E+02  1.59247E-03   2.62987E+02  1.69165E-03   2.64253E+02  1.78463E-03   2.65533E+02  1.87153E-03   2.66966E+02  1.95333E-03   2.68444E+02  2.02943E-03   2.70061E+02  2.10092E-03   2.71764E+02  2.16723E-03   2.73525E+02  2.22993E-03   2.75440E+02  2.28826E-03   2.77341E+02  2.34385E-03   2.79384E+02  2.39476E-03   2.81393E+02  2.44235E-03   2.83435E+02  2.48696E-03   2.85519E+02  2.52778E-03   2.87540E+02  2.56739E-03   2.89675E+02  2.60339E-03   2.91762E+02  2.63846E-03   2.93889E+02  2.67100E-03   2.96070E+02  2.69881E-03   2.98146E+02  2.72322E-03   3.00224E+02  2.74042E-03   3.02220E+02  2.75295E-03   3.04114E+02  2.76270E-03   3.06070E+02  2.76963E-03   3.08136E+02  2.77427E-03   3.10152E+02  2.76447E-03   3.12069E+02  2.74393E-03   3.14026E+02  2.73049E-03   3.15966E+02 
 2.69434E-03   1.37143E+02  2.71197E-03   1.35286E+02  2.72400E-03   1.33436E+02  2.73149E-03   1.31452E+02  2.72980E-03   1.29533E+02  2.72611E-03   1.27657E+02  2.71807E-03   1.25753E+02  2.70223E-03   1.23862E+02  2.68211E-03   1.21912E+02  2.65663E-03   1.19877E+02  2.62817E-03   1.17879E+02  2.59700E-03   1.15888E+02  2.56151E-03   1.13841E+02  2.52302E-03   1.11848E+02  2.48076E-03   1.09799E+02  2.43531E-03   1.07737E+02  2.38724E-03   1.05736E+02  2.33611E-03   1.03678E+02  2.28281E-03   1.01732E+02  2.22596E-03   9.97879E+01  2.16710E-03   9.79203E+01  2.10370E-03   9.61242E+01  2.03658E-03   9.43354E+01  1.96548E-03   9.26838E+01  1.88910E-03   9.10192E+01  1.80918E-03   8.95205E+01  1.72279E-03   8.80444E+01  1.63170E-03   8.66991E+01  1.53422E-03   8.54319E+01  1.43161E-03   8.42589E+01  1.32302E-03   8.32133E+01  1.20912E-03   8.22378E+01  1.08967E-03   8.14084E+01  9.65832E-04   8.06290E+01  8.37149E-04   7.99920E+01  7.04448E-04   7.93953E+01  5.67962E-04   7.89773E+01  4.28898E-04   7.85461E+01  2.87466E-04   7.82438E+01  1.44696E-04   7.77501E+01  1.79468E-06   3.27098E+01  1.42423E-04   2.58837E+02  2.85110E-04   2.58774E+02  4.26435E-04   2.58910E+02  5.65505E-04   2.59281E+02  7.01667E-04   2.59644E+02  8.34062E-04   2.60194E+02  9.62457E-04   2.60781E+02  1.08623E-03   2.61537E+02  1.20536E-03   2.62332E+02  1.31888E-03   2.63288E+02  1.42759E-03   2.64289E+02  1.53005E-03   2.65417E+02  1.62753E-03   2.66648E+02  1.71905E-03   2.67956E+02  1.80663E-03   2.69414E+02  1.88760E-03   2.70908E+02  1.96513E-03   2.72585E+02  2.03697E-03   2.74253E+02  2.10501E-03   2.76091E+02  2.16987E-03   2.77933E+02  2.22903E-03   2.79843E+02  2.28576E-03   2.81798E+02  2.33722E-03   2.83721E+02  2.38676E-03   2.85751E+02  2.43318E-03   2.87712E+02  2.47786E-03   2.89772E+02  2.52123E-03   2.91842E+02  2.56140E-03   2.93878E+02  2.59973E-03   2.95984E+02  2.63212E-03   2.97967E+02  2.65970E-03   2.99928E+02  2.68163E-03   3.01876E+02  2.69925E-03   3.03739E+02  2.71481E-03   3.05681E+02  2.72664E-03   3.07688E+02  2.73608E-03   3.09618E+02  2.73289E-03   3.11457E+02  2.71952E-03   3.13341E+02  2.71022E-03   3.15258E+02  2.69539E-03   3.17170E+02 
 2.64932E-03   1.38424E+02  2.67006E-03   1.36503E+02  2.68504E-03   1.34691E+02  2.69145E-03   1.32861E+02  2.69031E-03   1.30983E+02  2.68571E-03   1.29146E+02  2.67684E-03   1.27307E+02  2.66334E-03   1.25464E+02  2.64529E-03   1.23633E+02  2.61939E-03   1.21744E+02  2.58897E-03   1.19785E+02  2.55564E-03   1.17855E+02  2.51818E-03   1.15906E+02  2.47879E-03   1.13934E+02  2.43590E-03   1.12034E+02  2.38909E-03   1.10042E+02  2.34026E-03   1.08107E+02  2.28585E-03   1.06167E+02  2.23019E-03   1.04186E+02  2.17083E-03   1.02316E+02  2.10797E-03   1.00414E+02  2.04367E-03   9.86339E+01  1.97393E-03   9.68748E+01  1.90262E-03   9.52191E+01  1.82563E-03   9.36428E+01  1.74510E-03   9.21190E+01  1.65982E-03   9.07214E+01  1.56981E-03   8.93563E+01  1.47472E-03   8.81507E+01  1.37463E-03   8.69668E+01  1.26987E-03   8.59422E+01  1.15917E-03   8.49433E+01  1.04482E-03   8.41111E+01  9.25047E-04   8.33138E+01  8.01853E-04   8.26814E+01  6.74293E-04   8.21156E+01  5.44248E-04   8.16531E+01  4.10832E-04   8.12942E+01  2.75853E-04   8.10383E+01  1.39357E-04   8.09063E+01  2.23741E-06   7.44786E+01  1.34907E-04   2.60973E+02  2.71615E-04   2.61057E+02  4.06541E-04   2.61310E+02  5.39786E-04   2.61605E+02  6.69906E-04   2.62056E+02  7.97468E-04   2.62614E+02  9.20812E-04   2.63215E+02  1.04070E-03   2.63996E+02  1.15508E-03   2.64815E+02  1.26608E-03   2.65799E+02  1.37151E-03   2.66823E+02  1.47245E-03   2.68021E+02  1.56841E-03   2.69257E+02  1.65940E-03   2.70658E+02  1.74607E-03   2.72093E+02  1.82738E-03   2.73664E+02  1.90501E-03   2.75282E+02  1.97659E-03   2.76964E+02  2.04635E-03   2.78740E+02  2.10958E-03   2.80506E+02  2.17059E-03   2.82364E+02  2.22821E-03   2.84193E+02  2.28203E-03   2.86113E+02  2.33619E-03   2.88044E+02  2.38594E-03   2.89992E+02  2.43558E-03   2.92013E+02  2.48131E-03   2.93976E+02  2.52235E-03   2.95968E+02  2.55958E-03   2.97912E+02  2.59011E-03   2.99793E+02  2.61665E-03   3.01702E+02  2.64125E-03   3.03567E+02  2.66272E-03   3.05434E+02  2.67974E-03   3.07360E+02  2.69335E-03   3.09196E+02  2.69547E-03   3.10970E+02  2.68774E-03   3.12817E+02  2.68143E-03   3.14684E+02  2.66807E-03   3.16551E+02  2.64746E-03   3.18407E+02 
 2.60304E-03   1.39643E+02  2.62210E-03   1.37813E+02  2.63905E-03   1.35997E+02  2.65298E-03   1.34197E+02  2.65253E-03   1.32421E+02  2.64708E-03   1.30624E+02  2.63793E-03   1.28845E+02  2.62109E-03   1.27079E+02  2.60470E-03   1.25298E+02  2.58229E-03   1.23531E+02  2.55138E-03   1.21699E+02  2.51794E-03   1.19815E+02  2.47807E-03   1.17965E+02  2.43457E-03   1.16043E+02  2.39067E-03   1.14157E+02  2.34188E-03   1.12316E+02  2.29213E-03   1.10420E+02  2.23879E-03   1.08609E+02  2.18069E-03   1.06750E+02  2.12151E-03   1.04923E+02  2.05640E-03   1.03124E+02  1.98997E-03   1.01323E+02  1.91895E-03   9.96230E+01  1.84533E-03   9.79294E+01  1.76826E-03   9.63631E+01  1.68666E-03   9.48171E+01  1.60229E-03   9.34100E+01  1.51181E-03   9.20743E+01  1.41928E-03   9.08372E+01  1.32020E-03   8.97092E+01  1.21854E-03   8.86553E+01  1.11126E-03   8.77443E+01  1.00042E-03   8.68683E+01  8.85225E-04   8.61660E+01  7.66450E-04   8.54918E+01  6.44627E-04   8.49930E+01  5.19592E-04   8.45586E+01  3.92170E-04   8.42819E+01  2.63161E-04   8.41480E+01  1.32527E-04   8.43970E+01  2.44565E-06   1.36677E+02  1.29395E-04   2.62780E+02  2.59971E-04   2.63365E+02  3.89118E-04   2.63776E+02  5.16805E-04   2.64200E+02  6.41869E-04   2.64716E+02  7.64191E-04   2.65254E+02  8.83346E-04   2.65981E+02  9.99103E-04   2.66736E+02  1.11057E-03   2.67644E+02  1.21870E-03   2.68618E+02  1.32117E-03   2.69706E+02  1.42093E-03   2.70884E+02  1.51428E-03   2.72150E+02  1.60483E-03   2.73516E+02  1.68939E-03   2.74927E+02  1.77047E-03   2.76450E+02  1.84681E-03   2.77995E+02  1.91905E-03   2.79644E+02  1.98873E-03   2.81314E+02  2.05327E-03   2.83051E+02  2.11744E-03   2.84837E+02  2.17717E-03   2.86660E+02  2.23652E-03   2.88542E+02  2.29290E-03   2.90429E+02  2.34537E-03   2.92360E+02  2.39619E-03   2.94269E+02  2.43957E-03   2.96150E+02  2.48020E-03   2.98032E+02  2.51672E-03   2.99857E+02  2.54699E-03   3.01671E+02  2.57857E-03   3.03496E+02  2.60581E-03   3.05264E+02  2.62599E-03   3.07076E+02  2.64410E-03   3.08864E+02  2.65010E-03   3.10589E+02  2.64706E-03   3.12412E+02  2.64579E-03   3.14214E+02  2.63669E-03   3.15993E+02  2.62204E-03   3.17771E+02  2.60695E-03   3.19505E+02 
 2.55323E-03   1.40883E+02  2.57668E-03   1.39026E+02  2.58835E-03   1.37318E+02  2.60270E-03   1.35563E+02  2.61155E-03   1.33814E+02  2.60584E-03   1.32112E+02  2.59901E-03   1.30351E+02  2.58359E-03   1.28655E+02  2.56096E-03   1.26962E+02  2.54101E-03   1.25240E+02  2.51252E-03   1.23567E+02  2.47937E-03   1.21795E+02  2.44352E-03   1.20017E+02  2.39785E-03   1.18241E+02  2.35152E-03   1.16371E+02  2.30055E-03   1.14569E+02  2.24639E-03   1.12756E+02  2.19228E-03   1.10946E+02  2.13239E-03   1.09218E+02  2.07273E-03   1.07452E+02  2.00780E-03   1.05767E+02  1.94034E-03   1.04076E+02  1.86995E-03   1.02418E+02  1.79410E-03   1.00819E+02  1.71768E-03   9.92398E+01  1.63452E-03   9.77707E+01  1.55048E-03   9.63005E+01  1.46116E-03   9.49838E+01  1.36837E-03   9.36989E+01  1.27203E-03   9.25549E+01  1.17146E-03   9.14894E+01  1.06760E-03   9.05113E+01  9.59415E-04   8.96670E+01  8.48412E-04   8.88975E+01  7.33408E-04   8.82436E+01  6.16330E-04   8.76623E+01  4.95839E-04   8.72209E+01  3.73991E-04   8.68428E+01  2.50138E-04   8.65792E+01  1.25252E-04   8.63550E+01  3.43558E-07   3.22770E+02  1.25821E-04   2.66613E+02  2.50618E-04   2.66753E+02  3.74736E-04   2.66987E+02  4.96773E-04   2.67326E+02  6.17456E-04   2.67796E+02  7.35200E-04   2.68364E+02  8.50448E-04   2.69012E+02  9.61826E-04   2.69800E+02  1.07003E-03   2.70660E+02  1.17396E-03   2.71613E+02  1.27443E-03   2.72684E+02  1.37047E-03   2.73801E+02  1.46238E-03   2.75046E+02  1.55103E-03   2.76342E+02  1.63389E-03   2.77738E+02  1.71539E-03   2.79191E+02  1.79104E-03   2.80727E+02  1.86588E-03   2.82333E+02  1.93632E-03   2.83987E+02  2.00475E-03   2.85703E+02  2.07232E-03   2.87460E+02  2.13442E-03   2.89251E+02  2.19638E-03   2.91059E+02  2.25159E-03   2.92865E+02  2.30453E-03   2.94672E+02  2.35360E-03   2.96457E+02  2.39547E-03   2.98237E+02  2.43879E-03   2.99993E+02  2.47484E-03   3.01723E+02  2.51038E-03   3.03479E+02  2.54482E-03   3.05188E+02  2.56677E-03   3.06917E+02  2.58856E-03   3.08684E+02  2.60032E-03   3.10385E+02  2.60103E-03   3.12140E+02  2.60589E-03   3.13865E+02  2.60193E-03   3.15528E+02  2.59125E-03   3.17246E+02  2.58071E-03   3.18934E+02  2.55623E-03   3.20815E+02 
