/rn,a,b/nx0/ls1
/r,qa,qb
81 -0.4 0.4 0 OUTPUT_AMP_PHASE_3D Wavelength=0.8
81 -0.4 0.4
 1.99706E+00   2.32981E+02  2.00226E+00   2.30130E+02  2.00717E+00   2.27315E+02  2.01181E+00   2.24536E+02  2.01616E+00   2.21794E+02  2.02023E+00   2.19091E+02  2.02403E+00   2.16428E+02  2.02755E+00   2.13807E+02  2.03080E+00   2.11228E+02  2.03379E+00   2.08693E+02  2.03651E+00   2.06204E+02  2.03898E+00   2.03763E+02  2.04121E+00   2.01371E+02  2.04319E+00   1.99030E+02  2.04496E+00   1.96742E+02  2.04652E+00   1.94510E+02  2.04787E+00   1.92335E+02  2.04905E+00   1.90219E+02  2.05005E+00   1.88166E+02  2.05090E+00   1.86177E+02  2.05161E+00   1.84254E+02  2.05218E+00   1.82402E+02  2.05266E+00   1.80621E+02  2.05302E+00   1.78916E+02  2.05332E+00   1.77288E+02  2.05354E+00   1.75741E+02  2.05370E+00   1.74277E+02  2.05382E+00   1.72899E+02  2.05389E+00   1.71610E+02  2.05394E+00   1.70413E+02  2.05396E+00   1.69310E+02  2.05398E+00   1.68304E+02  2.05397E+00   1.67396E+02  2.05398E+00   1.66590E+02  2.05396E+00   1.65887E+02  2.05395E+00   1.65289E+02  2.05394E+00   1.64798E+02  2.05393E+00   1.64414E+02  2.05392E+00   1.64140E+02  2.05392E+00   1.63975E+02  2.05392E+00   1.63920E+02  2.05392E+00   1.63975E+02  2.05392E+00   1.64140E+02  2.05393E+00   1.64414E+02  2.05394E+00   1.64798E+02  2.05395E+00   1.65289E+02  2.05396E+00   1.65887E+02  2.05398E+00   1.66590E+02  2.05398E+00   1.67396E+02  2.05398E+00   1.68304E+02  2.05396E+00   1.69310E+02  2.05394E+00   1.70413E+02  2.05389E+00   1.71610E+02  2.05381E+00   1.72899E+02  2.05370E+00   1.74277E+02  2.05354E+00   1.75741E+02  2.05332E+00   1.77288E+02  2.05303E+00   1.78916E+02  2.05266E+00   1.80621E+02  2.05218E+00   1.82402E+02  2.05161E+00   1.84254E+02  2.05090E+00   1.86176E+02  2.05005E+00   1.88166E+02  2.04905E+00   1.90219E+02  2.04787E+00   1.92335E+02  2.04652E+00   1.94510E+02  2.04496E+00   1.96742E+02  2.04319E+00   1.99030E+02  2.04121E+00   2.01371E+02  2.03898E+00   2.03763E+02  2.03651E+00   2.06204E+02  2.03379E+00   2.08693E+02  2.03080E+00   2.11228E+02  2.02755E+00   2.13807E+02  2.02403E+00   2.16428E+02  2.02023E+00   2.19091E+02  2.01617E+00   2.21794E+02  2.01181E+00   2.24536E+02  2.00717E+00   2.27315E+02  2.00226E+00   2.30130E+02  1.99706E+00   2.32981E+02 
 2.00231E+00   2.30129E+02  2.00735E+00   2.27240E+02  2.01211E+00   2.24386E+02  2.01658E+00   2.21566E+02  2.02075E+00   2.18783E+02  2.02464E+00   2.16038E+02  2.02825E+00   2.13332E+02  2.03157E+00   2.10666E+02  2.03461E+00   2.08042E+02  2.03739E+00   2.05461E+02  2.03989E+00   2.02926E+02  2.04214E+00   2.00436E+02  2.04415E+00   1.97996E+02  2.04591E+00   1.95606E+02  2.04747E+00   1.93269E+02  2.04880E+00   1.90986E+02  2.04995E+00   1.88759E+02  2.05093E+00   1.86593E+02  2.05173E+00   1.84487E+02  2.05239E+00   1.82447E+02  2.05292E+00   1.80473E+02  2.05334E+00   1.78569E+02  2.05366E+00   1.76738E+02  2.05390E+00   1.74983E+02  2.05407E+00   1.73306E+02  2.05418E+00   1.71711E+02  2.05426E+00   1.70201E+02  2.05430E+00   1.68779E+02  2.05432E+00   1.67447E+02  2.05431E+00   1.66210E+02  2.05431E+00   1.65069E+02  2.05429E+00   1.64027E+02  2.05428E+00   1.63088E+02  2.05426E+00   1.62253E+02  2.05424E+00   1.61524E+02  2.05423E+00   1.60904E+02  2.05422E+00   1.60394E+02  2.05422E+00   1.59997E+02  2.05421E+00   1.59711E+02  2.05421E+00   1.59540E+02  2.05421E+00   1.59483E+02  2.05421E+00   1.59540E+02  2.05421E+00   1.59711E+02  2.05422E+00   1.59997E+02  2.05422E+00   1.60394E+02  2.05423E+00   1.60904E+02  2.05424E+00   1.61524E+02  2.05426E+00   1.62253E+02  2.05428E+00   1.63088E+02  2.05429E+00   1.64027E+02  2.05431E+00   1.65069E+02  2.05431E+00   1.66210E+02  2.05432E+00   1.67447E+02  2.05430E+00   1.68779E+02  2.05426E+00   1.70201E+02  2.05418E+00   1.71711E+02  2.05407E+00   1.73306E+02  2.05390E+00   1.74983E+02  2.05366E+00   1.76738E+02  2.05334E+00   1.78569E+02  2.05292E+00   1.80473E+02  2.05239E+00   1.82447E+02  2.05173E+00   1.84487E+02  2.05092E+00   1.86593E+02  2.04995E+00   1.88759E+02  2.04881E+00   1.90986E+02  2.04747E+00   1.93268E+02  2.04591E+00   1.95606E+02  2.04415E+00   1.97996E+02  2.04214E+00   2.00436E+02  2.03989E+00   2.02926E+02  2.03739E+00   2.05461E+02  2.03461E+00   2.08042E+02  2.03157E+00   2.10666E+02  2.02825E+00   2.13332E+02  2.02464E+00   2.16038E+02  2.02075E+00   2.18783E+02  2.01658E+00   2.21566E+02  2.01211E+00   2.24386E+02  2.00735E+00   2.27240E+02  2.00231E+00   2.30130E+02 
 2.00727E+00   2.27313E+02  2.01216E+00   2.24385E+02  2.01675E+00   2.21489E+02  2.02104E+00   2.18628E+02  2.02503E+00   2.15803E+02  2.02873E+00   2.13014E+02  2.03213E+00   2.10264E+02  2.03524E+00   2.07552E+02  2.03808E+00   2.04881E+02  2.04062E+00   2.02252E+02  2.04291E+00   1.99668E+02  2.04494E+00   1.97129E+02  2.04672E+00   1.94638E+02  2.04827E+00   1.92196E+02  2.04959E+00   1.89806E+02  2.05072E+00   1.87470E+02  2.05166E+00   1.85190E+02  2.05243E+00   1.82969E+02  2.05305E+00   1.80810E+02  2.05354E+00   1.78714E+02  2.05391E+00   1.76686E+02  2.05419E+00   1.74728E+02  2.05438E+00   1.72843E+02  2.05451E+00   1.71034E+02  2.05458E+00   1.69305E+02  2.05463E+00   1.67659E+02  2.05464E+00   1.66099E+02  2.05464E+00   1.64629E+02  2.05463E+00   1.63252E+02  2.05461E+00   1.61970E+02  2.05460E+00   1.60789E+02  2.05459E+00   1.59709E+02  2.05460E+00   1.58735E+02  2.05460E+00   1.57868E+02  2.05461E+00   1.57112E+02  2.05462E+00   1.56469E+02  2.05464E+00   1.55939E+02  2.05465E+00   1.55526E+02  2.05466E+00   1.55230E+02  2.05467E+00   1.55052E+02  2.05467E+00   1.54992E+02  2.05467E+00   1.55052E+02  2.05466E+00   1.55230E+02  2.05465E+00   1.55526E+02  2.05464E+00   1.55939E+02  2.05462E+00   1.56469E+02  2.05461E+00   1.57112E+02  2.05460E+00   1.57868E+02  2.05460E+00   1.58735E+02  2.05459E+00   1.59709E+02  2.05460E+00   1.60789E+02  2.05461E+00   1.61970E+02  2.05463E+00   1.63252E+02  2.05464E+00   1.64629E+02  2.05464E+00   1.66099E+02  2.05463E+00   1.67659E+02  2.05458E+00   1.69305E+02  2.05451E+00   1.71034E+02  2.05438E+00   1.72843E+02  2.05419E+00   1.74728E+02  2.05391E+00   1.76686E+02  2.05354E+00   1.78714E+02  2.05305E+00   1.80810E+02  2.05243E+00   1.82969E+02  2.05166E+00   1.85190E+02  2.05072E+00   1.87470E+02  2.04960E+00   1.89806E+02  2.04826E+00   1.92196E+02  2.04671E+00   1.94638E+02  2.04494E+00   1.97129E+02  2.04291E+00   1.99668E+02  2.04063E+00   2.02253E+02  2.03808E+00   2.04881E+02  2.03524E+00   2.07552E+02  2.03213E+00   2.10263E+02  2.02873E+00   2.13014E+02  2.02503E+00   2.15803E+02  2.02104E+00   2.18629E+02  2.01675E+00   2.21489E+02  2.01216E+00   2.24385E+02  2.00727E+00   2.27313E+02 
 2.01197E+00   2.24533E+02  2.01669E+00   2.21564E+02  2.02110E+00   2.18628E+02  2.02520E+00   2.15724E+02  2.02900E+00   2.12855E+02  2.03249E+00   2.10021E+02  2.03568E+00   2.07224E+02  2.03858E+00   2.04465E+02  2.04119E+00   2.01746E+02  2.04351E+00   1.99067E+02  2.04557E+00   1.96432E+02  2.04737E+00   1.93841E+02  2.04893E+00   1.91297E+02  2.05025E+00   1.88801E+02  2.05136E+00   1.86356E+02  2.05228E+00   1.83964E+02  2.05302E+00   1.81627E+02  2.05361E+00   1.79349E+02  2.05406E+00   1.77132E+02  2.05438E+00   1.74978E+02  2.05463E+00   1.72892E+02  2.05477E+00   1.70876E+02  2.05488E+00   1.68933E+02  2.05492E+00   1.67067E+02  2.05495E+00   1.65282E+02  2.05495E+00   1.63581E+02  2.05495E+00   1.61968E+02  2.05495E+00   1.60447E+02  2.05496E+00   1.59020E+02  2.05498E+00   1.57692E+02  2.05501E+00   1.56467E+02  2.05506E+00   1.55346E+02  2.05511E+00   1.54335E+02  2.05518E+00   1.53434E+02  2.05525E+00   1.52649E+02  2.05532E+00   1.51979E+02  2.05539E+00   1.51429E+02  2.05545E+00   1.50999E+02  2.05549E+00   1.50690E+02  2.05552E+00   1.50505E+02  2.05552E+00   1.50443E+02  2.05552E+00   1.50505E+02  2.05549E+00   1.50690E+02  2.05545E+00   1.50999E+02  2.05539E+00   1.51429E+02  2.05532E+00   1.51979E+02  2.05525E+00   1.52649E+02  2.05518E+00   1.53434E+02  2.05511E+00   1.54335E+02  2.05506E+00   1.55346E+02  2.05501E+00   1.56467E+02  2.05498E+00   1.57692E+02  2.05496E+00   1.59020E+02  2.05495E+00   1.60447E+02  2.05495E+00   1.61968E+02  2.05495E+00   1.63581E+02  2.05495E+00   1.65282E+02  2.05492E+00   1.67067E+02  2.05488E+00   1.68933E+02  2.05478E+00   1.70876E+02  2.05462E+00   1.72892E+02  2.05438E+00   1.74978E+02  2.05406E+00   1.77132E+02  2.05360E+00   1.79349E+02  2.05302E+00   1.81627E+02  2.05228E+00   1.83964E+02  2.05136E+00   1.86356E+02  2.05025E+00   1.88801E+02  2.04892E+00   1.91297E+02  2.04737E+00   1.93841E+02  2.04557E+00   1.96432E+02  2.04351E+00   1.99067E+02  2.04119E+00   2.01746E+02  2.03858E+00   2.04465E+02  2.03568E+00   2.07224E+02  2.03250E+00   2.10021E+02  2.02900E+00   2.12855E+02  2.02520E+00   2.15724E+02  2.02109E+00   2.18628E+02  2.01669E+00   2.21564E+02  2.01197E+00   2.24533E+02 
 2.01638E+00   2.21791E+02  2.02092E+00   2.18780E+02  2.02515E+00   2.15801E+02  2.02906E+00   2.12854E+02  2.03265E+00   2.09939E+02  2.03594E+00   2.07059E+02  2.03891E+00   2.04214E+02  2.04159E+00   2.01406E+02  2.04396E+00   1.98637E+02  2.04606E+00   1.95907E+02  2.04789E+00   1.93218E+02  2.04946E+00   1.90573E+02  2.05079E+00   1.87973E+02  2.05189E+00   1.85420E+02  2.05280E+00   1.82917E+02  2.05352E+00   1.80466E+02  2.05407E+00   1.78070E+02  2.05449E+00   1.75731E+02  2.05479E+00   1.73453E+02  2.05500E+00   1.71238E+02  2.05512E+00   1.69089E+02  2.05520E+00   1.67011E+02  2.05524E+00   1.65007E+02  2.05525E+00   1.63081E+02  2.05527E+00   1.61236E+02  2.05528E+00   1.59477E+02  2.05532E+00   1.57807E+02  2.05537E+00   1.56230E+02  2.05546E+00   1.54751E+02  2.05557E+00   1.53373E+02  2.05571E+00   1.52100E+02  2.05586E+00   1.50936E+02  2.05604E+00   1.49884E+02  2.05622E+00   1.48947E+02  2.05640E+00   1.48129E+02  2.05657E+00   1.47432E+02  2.05672E+00   1.46859E+02  2.05685E+00   1.46411E+02  2.05695E+00   1.46090E+02  2.05701E+00   1.45896E+02  2.05703E+00   1.45832E+02  2.05701E+00   1.45896E+02  2.05695E+00   1.46090E+02  2.05685E+00   1.46411E+02  2.05672E+00   1.46859E+02  2.05657E+00   1.47432E+02  2.05640E+00   1.48129E+02  2.05622E+00   1.48947E+02  2.05604E+00   1.49884E+02  2.05586E+00   1.50936E+02  2.05571E+00   1.52100E+02  2.05557E+00   1.53373E+02  2.05546E+00   1.54751E+02  2.05538E+00   1.56230E+02  2.05532E+00   1.57807E+02  2.05528E+00   1.59477E+02  2.05527E+00   1.61236E+02  2.05525E+00   1.63081E+02  2.05524E+00   1.65007E+02  2.05520E+00   1.67011E+02  2.05513E+00   1.69089E+02  2.05499E+00   1.71238E+02  2.05479E+00   1.73453E+02  2.05449E+00   1.75731E+02  2.05407E+00   1.78070E+02  2.05352E+00   1.80466E+02  2.05280E+00   1.82917E+02  2.05190E+00   1.85420E+02  2.05079E+00   1.87973E+02  2.04946E+00   1.90573E+02  2.04789E+00   1.93218E+02  2.04606E+00   1.95907E+02  2.04396E+00   1.98637E+02  2.04159E+00   2.01406E+02  2.03891E+00   2.04214E+02  2.03594E+00   2.07059E+02  2.03266E+00   2.09939E+02  2.02906E+00   2.12854E+02  2.02514E+00   2.15801E+02  2.02092E+00   2.18781E+02  2.01639E+00   2.21791E+02 
 2.02052E+00   2.19087E+02  2.02487E+00   2.16034E+02  2.02891E+00   2.13011E+02  2.03262E+00   2.10019E+02  2.03600E+00   2.07058E+02  2.03907E+00   2.04130E+02  2.04182E+00   2.01236E+02  2.04426E+00   1.98377E+02  2.04641E+00   1.95555E+02  2.04828E+00   1.92771E+02  2.04988E+00   1.90028E+02  2.05122E+00   1.87326E+02  2.05233E+00   1.84668E+02  2.05323E+00   1.82055E+02  2.05393E+00   1.79491E+02  2.05447E+00   1.76978E+02  2.05487E+00   1.74519E+02  2.05514E+00   1.72116E+02  2.05532E+00   1.69773E+02  2.05543E+00   1.67492E+02  2.05549E+00   1.65278E+02  2.05553E+00   1.63135E+02  2.05556E+00   1.61065E+02  2.05560E+00   1.59074E+02  2.05566E+00   1.57165E+02  2.05576E+00   1.55343E+02  2.05591E+00   1.53612E+02  2.05609E+00   1.51977E+02  2.05633E+00   1.50441E+02  2.05660E+00   1.49009E+02  2.05692E+00   1.47685E+02  2.05725E+00   1.46474E+02  2.05762E+00   1.45379E+02  2.05797E+00   1.44403E+02  2.05833E+00   1.43551E+02  2.05865E+00   1.42824E+02  2.05894E+00   1.42227E+02  2.05917E+00   1.41759E+02  2.05935E+00   1.41424E+02  2.05946E+00   1.41222E+02  2.05950E+00   1.41155E+02  2.05946E+00   1.41222E+02  2.05935E+00   1.41424E+02  2.05917E+00   1.41759E+02  2.05894E+00   1.42226E+02  2.05865E+00   1.42824E+02  2.05833E+00   1.43551E+02  2.05797E+00   1.44403E+02  2.05762E+00   1.45379E+02  2.05726E+00   1.46474E+02  2.05692E+00   1.47685E+02  2.05660E+00   1.49009E+02  2.05633E+00   1.50441E+02  2.05609E+00   1.51977E+02  2.05591E+00   1.53612E+02  2.05576E+00   1.55343E+02  2.05566E+00   1.57165E+02  2.05560E+00   1.59074E+02  2.05556E+00   1.61065E+02  2.05553E+00   1.63135E+02  2.05549E+00   1.65278E+02  2.05543E+00   1.67492E+02  2.05532E+00   1.69773E+02  2.05514E+00   1.72116E+02  2.05486E+00   1.74519E+02  2.05447E+00   1.76978E+02  2.05393E+00   1.79491E+02  2.05323E+00   1.82055E+02  2.05233E+00   1.84668E+02  2.05122E+00   1.87326E+02  2.04987E+00   1.90028E+02  2.04828E+00   1.92771E+02  2.04641E+00   1.95555E+02  2.04426E+00   1.98377E+02  2.04182E+00   2.01236E+02  2.03907E+00   2.04130E+02  2.03600E+00   2.07058E+02  2.03262E+00   2.10019E+02  2.02891E+00   2.13011E+02  2.02487E+00   2.16034E+02  2.02052E+00   2.19087E+02 
 2.02438E+00   2.16423E+02  2.02855E+00   2.13327E+02  2.03239E+00   2.10259E+02  2.03589E+00   2.07221E+02  2.03905E+00   2.04212E+02  2.04190E+00   2.01235E+02  2.04441E+00   1.98290E+02  2.04663E+00   1.95379E+02  2.04855E+00   1.92502E+02  2.05018E+00   1.89663E+02  2.05155E+00   1.86861E+02  2.05268E+00   1.84100E+02  2.05358E+00   1.81381E+02  2.05428E+00   1.78706E+02  2.05480E+00   1.76078E+02  2.05518E+00   1.73500E+02  2.05544E+00   1.70974E+02  2.05560E+00   1.68503E+02  2.05571E+00   1.66091E+02  2.05577E+00   1.63742E+02  2.05582E+00   1.61458E+02  2.05588E+00   1.59245E+02  2.05596E+00   1.57106E+02  2.05610E+00   1.55045E+02  2.05629E+00   1.53068E+02  2.05655E+00   1.51179E+02  2.05689E+00   1.49383E+02  2.05730E+00   1.47684E+02  2.05777E+00   1.46088E+02  2.05831E+00   1.44599E+02  2.05889E+00   1.43221E+02  2.05951E+00   1.41959E+02  2.06013E+00   1.40818E+02  2.06075E+00   1.39801E+02  2.06135E+00   1.38911E+02  2.06189E+00   1.38153E+02  2.06237E+00   1.37529E+02  2.06275E+00   1.37041E+02  2.06304E+00   1.36691E+02  2.06322E+00   1.36480E+02  2.06328E+00   1.36410E+02  2.06322E+00   1.36480E+02  2.06304E+00   1.36691E+02  2.06275E+00   1.37041E+02  2.06237E+00   1.37529E+02  2.06189E+00   1.38153E+02  2.06135E+00   1.38911E+02  2.06075E+00   1.39801E+02  2.06013E+00   1.40818E+02  2.05951E+00   1.41959E+02  2.05889E+00   1.43221E+02  2.05831E+00   1.44599E+02  2.05778E+00   1.46088E+02  2.05729E+00   1.47684E+02  2.05689E+00   1.49383E+02  2.05655E+00   1.51179E+02  2.05629E+00   1.53068E+02  2.05610E+00   1.55045E+02  2.05596E+00   1.57106E+02  2.05588E+00   1.59245E+02  2.05582E+00   1.61458E+02  2.05577E+00   1.63741E+02  2.05571E+00   1.66091E+02  2.05561E+00   1.68503E+02  2.05544E+00   1.70974E+02  2.05518E+00   1.73500E+02  2.05480E+00   1.76078E+02  2.05428E+00   1.78706E+02  2.05358E+00   1.81381E+02  2.05268E+00   1.84100E+02  2.05155E+00   1.86861E+02  2.05018E+00   1.89663E+02  2.04855E+00   1.92502E+02  2.04663E+00   1.95379E+02  2.04441E+00   1.98290E+02  2.04190E+00   2.01235E+02  2.03905E+00   2.04212E+02  2.03588E+00   2.07221E+02  2.03239E+00   2.10259E+02  2.02855E+00   2.13327E+02  2.02438E+00   2.16423E+02 
 2.02797E+00   2.13800E+02  2.03195E+00   2.10660E+02  2.03558E+00   2.07546E+02  2.03886E+00   2.04460E+02  2.04181E+00   2.01403E+02  2.04442E+00   1.98375E+02  2.04671E+00   1.95377E+02  2.04870E+00   1.92412E+02  2.05038E+00   1.89479E+02  2.05179E+00   1.86581E+02  2.05294E+00   1.83720E+02  2.05385E+00   1.80897E+02  2.05456E+00   1.78114E+02  2.05508E+00   1.75374E+02  2.05546E+00   1.72679E+02  2.05570E+00   1.70032E+02  2.05586E+00   1.67435E+02  2.05596E+00   1.64893E+02  2.05604E+00   1.62409E+02  2.05611E+00   1.59986E+02  2.05621E+00   1.57628E+02  2.05636E+00   1.55341E+02  2.05659E+00   1.53128E+02  2.05691E+00   1.50994E+02  2.05732E+00   1.48944E+02  2.05785E+00   1.46984E+02  2.05848E+00   1.45118E+02  2.05922E+00   1.43352E+02  2.06005E+00   1.41691E+02  2.06096E+00   1.40141E+02  2.06193E+00   1.38705E+02  2.06292E+00   1.37390E+02  2.06393E+00   1.36199E+02  2.06490E+00   1.35138E+02  2.06583E+00   1.34209E+02  2.06667E+00   1.33417E+02  2.06740E+00   1.32765E+02  2.06799E+00   1.32255E+02  2.06844E+00   1.31889E+02  2.06871E+00   1.31669E+02  2.06880E+00   1.31595E+02  2.06871E+00   1.31669E+02  2.06844E+00   1.31889E+02  2.06799E+00   1.32255E+02  2.06740E+00   1.32765E+02  2.06667E+00   1.33417E+02  2.06583E+00   1.34209E+02  2.06490E+00   1.35138E+02  2.06393E+00   1.36199E+02  2.06292E+00   1.37390E+02  2.06193E+00   1.38705E+02  2.06096E+00   1.40141E+02  2.06006E+00   1.41691E+02  2.05922E+00   1.43352E+02  2.05848E+00   1.45118E+02  2.05785E+00   1.46984E+02  2.05732E+00   1.48944E+02  2.05691E+00   1.50994E+02  2.05659E+00   1.53128E+02  2.05637E+00   1.55341E+02  2.05621E+00   1.57628E+02  2.05611E+00   1.59986E+02  2.05604E+00   1.62409E+02  2.05596E+00   1.64893E+02  2.05587E+00   1.67435E+02  2.05570E+00   1.70032E+02  2.05546E+00   1.72679E+02  2.05508E+00   1.75374E+02  2.05456E+00   1.78114E+02  2.05385E+00   1.80897E+02  2.05294E+00   1.83720E+02  2.05179E+00   1.86581E+02  2.05038E+00   1.89479E+02  2.04870E+00   1.92412E+02  2.04671E+00   1.95377E+02  2.04442E+00   1.98375E+02  2.04181E+00   2.01403E+02  2.03886E+00   2.04460E+02  2.03558E+00   2.07546E+02  2.03195E+00   2.10660E+02  2.02797E+00   2.13800E+02 
 2.03129E+00   2.11220E+02  2.03507E+00   2.08035E+02  2.03849E+00   2.04874E+02  2.04155E+00   2.01740E+02  2.04427E+00   1.98632E+02  2.04666E+00   1.95552E+02  2.04872E+00   1.92500E+02  2.05047E+00   1.89478E+02  2.05193E+00   1.86487E+02  2.05312E+00   1.83529E+02  2.05406E+00   1.80605E+02  2.05478E+00   1.77718E+02  2.05531E+00   1.74868E+02  2.05569E+00   1.72059E+02  2.05593E+00   1.69294E+02  2.05610E+00   1.66574E+02  2.05620E+00   1.63904E+02  2.05629E+00   1.61286E+02  2.05640E+00   1.58725E+02  2.05655E+00   1.56225E+02  2.05679E+00   1.53789E+02  2.05713E+00   1.51423E+02  2.05759E+00   1.49131E+02  2.05820E+00   1.46920E+02  2.05895E+00   1.44793E+02  2.05987E+00   1.42757E+02  2.06092E+00   1.40818E+02  2.06213E+00   1.38980E+02  2.06345E+00   1.37251E+02  2.06487E+00   1.35635E+02  2.06635E+00   1.34138E+02  2.06786E+00   1.32766E+02  2.06937E+00   1.31523E+02  2.07082E+00   1.30414E+02  2.07219E+00   1.29444E+02  2.07342E+00   1.28616E+02  2.07449E+00   1.27934E+02  2.07536E+00   1.27401E+02  2.07600E+00   1.27018E+02  2.07639E+00   1.26788E+02  2.07653E+00   1.26711E+02  2.07639E+00   1.26788E+02  2.07600E+00   1.27018E+02  2.07535E+00   1.27401E+02  2.07449E+00   1.27934E+02  2.07342E+00   1.28616E+02  2.07219E+00   1.29444E+02  2.07082E+00   1.30414E+02  2.06937E+00   1.31523E+02  2.06786E+00   1.32766E+02  2.06635E+00   1.34138E+02  2.06487E+00   1.35635E+02  2.06345E+00   1.37251E+02  2.06213E+00   1.38980E+02  2.06093E+00   1.40818E+02  2.05987E+00   1.42757E+02  2.05895E+00   1.44793E+02  2.05820E+00   1.46920E+02  2.05759E+00   1.49131E+02  2.05713E+00   1.51423E+02  2.05679E+00   1.53789E+02  2.05655E+00   1.56225E+02  2.05640E+00   1.58725E+02  2.05629E+00   1.61286E+02  2.05620E+00   1.63904E+02  2.05610E+00   1.66574E+02  2.05594E+00   1.69294E+02  2.05569E+00   1.72059E+02  2.05531E+00   1.74868E+02  2.05478E+00   1.77718E+02  2.05406E+00   1.80605E+02  2.05312E+00   1.83529E+02  2.05193E+00   1.86487E+02  2.05047E+00   1.89478E+02  2.04872E+00   1.92500E+02  2.04666E+00   1.95552E+02  2.04427E+00   1.98632E+02  2.04155E+00   2.01740E+02  2.03849E+00   2.04874E+02  2.03507E+00   2.08035E+02  2.03129E+00   2.11220E+02 
 2.03436E+00   2.08684E+02  2.03794E+00   2.05453E+02  2.04113E+00   2.02244E+02  2.04397E+00   1.99060E+02  2.04647E+00   1.95901E+02  2.04863E+00   1.92767E+02  2.05046E+00   1.89659E+02  2.05199E+00   1.86579E+02  2.05322E+00   1.83528E+02  2.05421E+00   1.80507E+02  2.05495E+00   1.77518E+02  2.05550E+00   1.74563E+02  2.05588E+00   1.71645E+02  2.05614E+00   1.68764E+02  2.05630E+00   1.65925E+02  2.05643E+00   1.63129E+02  2.05653E+00   1.60381E+02  2.05668E+00   1.57684E+02  2.05690E+00   1.55042E+02  2.05722E+00   1.52459E+02  2.05769E+00   1.49941E+02  2.05832E+00   1.47492E+02  2.05914E+00   1.45117E+02  2.06016E+00   1.42823E+02  2.06140E+00   1.40615E+02  2.06285E+00   1.38499E+02  2.06449E+00   1.36481E+02  2.06631E+00   1.34568E+02  2.06828E+00   1.32766E+02  2.07037E+00   1.31082E+02  2.07253E+00   1.29520E+02  2.07472E+00   1.28088E+02  2.07687E+00   1.26790E+02  2.07895E+00   1.25632E+02  2.08088E+00   1.24618E+02  2.08263E+00   1.23752E+02  2.08413E+00   1.23039E+02  2.08535E+00   1.22482E+02  2.08624E+00   1.22081E+02  2.08679E+00   1.21841E+02  2.08698E+00   1.21760E+02  2.08679E+00   1.21841E+02  2.08624E+00   1.22081E+02  2.08535E+00   1.22482E+02  2.08413E+00   1.23039E+02  2.08263E+00   1.23752E+02  2.08089E+00   1.24618E+02  2.07895E+00   1.25632E+02  2.07688E+00   1.26790E+02  2.07472E+00   1.28088E+02  2.07253E+00   1.29520E+02  2.07037E+00   1.31082E+02  2.06828E+00   1.32766E+02  2.06631E+00   1.34568E+02  2.06449E+00   1.36481E+02  2.06285E+00   1.38499E+02  2.06140E+00   1.40615E+02  2.06017E+00   1.42823E+02  2.05914E+00   1.45117E+02  2.05832E+00   1.47492E+02  2.05769E+00   1.49941E+02  2.05722E+00   1.52459E+02  2.05690E+00   1.55042E+02  2.05668E+00   1.57684E+02  2.05654E+00   1.60381E+02  2.05642E+00   1.63129E+02  2.05630E+00   1.65924E+02  2.05614E+00   1.68764E+02  2.05588E+00   1.71644E+02  2.05550E+00   1.74563E+02  2.05495E+00   1.77518E+02  2.05420E+00   1.80507E+02  2.05322E+00   1.83528E+02  2.05199E+00   1.86579E+02  2.05046E+00   1.89659E+02  2.04863E+00   1.92767E+02  2.04647E+00   1.95901E+02  2.04397E+00   1.99060E+02  2.04113E+00   2.02245E+02  2.03794E+00   2.05452E+02  2.03436E+00   2.08684E+02 
 2.03718E+00   2.06193E+02  2.04054E+00   2.02915E+02  2.04351E+00   1.99659E+02  2.04613E+00   1.96424E+02  2.04840E+00   1.93211E+02  2.05033E+00   1.90022E+02  2.05194E+00   1.86856E+02  2.05324E+00   1.83716E+02  2.05428E+00   1.80603E+02  2.05507E+00   1.77517E+02  2.05564E+00   1.74461E+02  2.05605E+00   1.71436E+02  2.05631E+00   1.68445E+02  2.05649E+00   1.65489E+02  2.05663E+00   1.62572E+02  2.05676E+00   1.59697E+02  2.05695E+00   1.56867E+02  2.05723E+00   1.54087E+02  2.05765E+00   1.51360E+02  2.05825E+00   1.48691E+02  2.05906E+00   1.46086E+02  2.06011E+00   1.43549E+02  2.06143E+00   1.41087E+02  2.06303E+00   1.38705E+02  2.06491E+00   1.36411E+02  2.06706E+00   1.34211E+02  2.06946E+00   1.32111E+02  2.07209E+00   1.30119E+02  2.07491E+00   1.28241E+02  2.07786E+00   1.26484E+02  2.08089E+00   1.24854E+02  2.08394E+00   1.23359E+02  2.08692E+00   1.22004E+02  2.08978E+00   1.20794E+02  2.09243E+00   1.19734E+02  2.09482E+00   1.18830E+02  2.09687E+00   1.18085E+02  2.09852E+00   1.17501E+02  2.09974E+00   1.17083E+02  2.10049E+00   1.16831E+02  2.10074E+00   1.16747E+02  2.10049E+00   1.16831E+02  2.09974E+00   1.17083E+02  2.09853E+00   1.17501E+02  2.09687E+00   1.18085E+02  2.09482E+00   1.18830E+02  2.09243E+00   1.19734E+02  2.08978E+00   1.20794E+02  2.08692E+00   1.22004E+02  2.08394E+00   1.23359E+02  2.08089E+00   1.24854E+02  2.07786E+00   1.26484E+02  2.07491E+00   1.28241E+02  2.07210E+00   1.30119E+02  2.06946E+00   1.32111E+02  2.06706E+00   1.34211E+02  2.06490E+00   1.36411E+02  2.06303E+00   1.38705E+02  2.06143E+00   1.41087E+02  2.06011E+00   1.43549E+02  2.05906E+00   1.46085E+02  2.05825E+00   1.48691E+02  2.05765E+00   1.51360E+02  2.05723E+00   1.54087E+02  2.05695E+00   1.56867E+02  2.05677E+00   1.59697E+02  2.05663E+00   1.62572E+02  2.05649E+00   1.65489E+02  2.05631E+00   1.68445E+02  2.05604E+00   1.71436E+02  2.05564E+00   1.74461E+02  2.05507E+00   1.77517E+02  2.05428E+00   1.80603E+02  2.05325E+00   1.83716E+02  2.05194E+00   1.86856E+02  2.05033E+00   1.90022E+02  2.04841E+00   1.93211E+02  2.04613E+00   1.96424E+02  2.04351E+00   1.99659E+02  2.04054E+00   2.02915E+02  2.03718E+00   2.06193E+02 
 2.03975E+00   2.03751E+02  2.04288E+00   2.00425E+02  2.04564E+00   1.97118E+02  2.04804E+00   1.93832E+02  2.05009E+00   1.90564E+02  2.05180E+00   1.87318E+02  2.05318E+00   1.84094E+02  2.05428E+00   1.80892E+02  2.05512E+00   1.77714E+02  2.05574E+00   1.74561E+02  2.05617E+00   1.71435E+02  2.05646E+00   1.68337E+02  2.05665E+00   1.65270E+02  2.05681E+00   1.62237E+02  2.05697E+00   1.59239E+02  2.05720E+00   1.56281E+02  2.05754E+00   1.53365E+02  2.05805E+00   1.50497E+02  2.05878E+00   1.47681E+02  2.05977E+00   1.44922E+02  2.06106E+00   1.42225E+02  2.06269E+00   1.39596E+02  2.06468E+00   1.37042E+02  2.06702E+00   1.34569E+02  2.06973E+00   1.32185E+02  2.07279E+00   1.29896E+02  2.07617E+00   1.27710E+02  2.07983E+00   1.25635E+02  2.08371E+00   1.23677E+02  2.08775E+00   1.21845E+02  2.09186E+00   1.20145E+02  2.09598E+00   1.18585E+02  2.10000E+00   1.17170E+02  2.10384E+00   1.15906E+02  2.10738E+00   1.14800E+02  2.11057E+00   1.13855E+02  2.11329E+00   1.13077E+02  2.11550E+00   1.12467E+02  2.11711E+00   1.12030E+02  2.11810E+00   1.11767E+02  2.11843E+00   1.11680E+02  2.11810E+00   1.11767E+02  2.11711E+00   1.12030E+02  2.11550E+00   1.12467E+02  2.11329E+00   1.13077E+02  2.11057E+00   1.13855E+02  2.10738E+00   1.14800E+02  2.10384E+00   1.15906E+02  2.10000E+00   1.17170E+02  2.09599E+00   1.18585E+02  2.09186E+00   1.20145E+02  2.08775E+00   1.21845E+02  2.08371E+00   1.23677E+02  2.07983E+00   1.25635E+02  2.07617E+00   1.27710E+02  2.07279E+00   1.29896E+02  2.06973E+00   1.32185E+02  2.06702E+00   1.34569E+02  2.06468E+00   1.37042E+02  2.06269E+00   1.39596E+02  2.06106E+00   1.42225E+02  2.05977E+00   1.44922E+02  2.05878E+00   1.47681E+02  2.05805E+00   1.50497E+02  2.05754E+00   1.53365E+02  2.05720E+00   1.56281E+02  2.05697E+00   1.59239E+02  2.05681E+00   1.62237E+02  2.05666E+00   1.65270E+02  2.05646E+00   1.68337E+02  2.05617E+00   1.71435E+02  2.05574E+00   1.74561E+02  2.05512E+00   1.77714E+02  2.05428E+00   1.80892E+02  2.05318E+00   1.84094E+02  2.05179E+00   1.87318E+02  2.05009E+00   1.90564E+02  2.04805E+00   1.93831E+02  2.04564E+00   1.97118E+02  2.04288E+00   2.00425E+02  2.03975E+00   2.03751E+02 
 2.04208E+00   2.01357E+02  2.04500E+00   1.97983E+02  2.04754E+00   1.94626E+02  2.04972E+00   1.91286E+02  2.05154E+00   1.87963E+02  2.05303E+00   1.84659E+02  2.05421E+00   1.81374E+02  2.05512E+00   1.78108E+02  2.05579E+00   1.74864E+02  2.05626E+00   1.71641E+02  2.05658E+00   1.68443E+02  2.05679E+00   1.65269E+02  2.05696E+00   1.62124E+02  2.05715E+00   1.59009E+02  2.05741E+00   1.55927E+02  2.05781E+00   1.52882E+02  2.05840E+00   1.49877E+02  2.05925E+00   1.46917E+02  2.06041E+00   1.44008E+02  2.06195E+00   1.41154E+02  2.06388E+00   1.38361E+02  2.06626E+00   1.35636E+02  2.06909E+00   1.32986E+02  2.07239E+00   1.30418E+02  2.07616E+00   1.27939E+02  2.08035E+00   1.25558E+02  2.08495E+00   1.23283E+02  2.08988E+00   1.21122E+02  2.09509E+00   1.19082E+02  2.10047E+00   1.17173E+02  2.10593E+00   1.15400E+02  2.11136E+00   1.13773E+02  2.11665E+00   1.12297E+02  2.12168E+00   1.10979E+02  2.12632E+00   1.09824E+02  2.13048E+00   1.08839E+02  2.13403E+00   1.08026E+02  2.13690E+00   1.07391E+02  2.13899E+00   1.06935E+02  2.14028E+00   1.06660E+02  2.14071E+00   1.06569E+02  2.14029E+00   1.06660E+02  2.13899E+00   1.06935E+02  2.13690E+00   1.07391E+02  2.13403E+00   1.08026E+02  2.13048E+00   1.08839E+02  2.12632E+00   1.09824E+02  2.12168E+00   1.10979E+02  2.11665E+00   1.12297E+02  2.11137E+00   1.13773E+02  2.10593E+00   1.15400E+02  2.10047E+00   1.17173E+02  2.09508E+00   1.19082E+02  2.08988E+00   1.21122E+02  2.08495E+00   1.23283E+02  2.08035E+00   1.25558E+02  2.07616E+00   1.27939E+02  2.07239E+00   1.30418E+02  2.06909E+00   1.32986E+02  2.06626E+00   1.35636E+02  2.06388E+00   1.38361E+02  2.06195E+00   1.41154E+02  2.06041E+00   1.44008E+02  2.05925E+00   1.46917E+02  2.05840E+00   1.49877E+02  2.05780E+00   1.52882E+02  2.05741E+00   1.55927E+02  2.05715E+00   1.59009E+02  2.05696E+00   1.62124E+02  2.05679E+00   1.65269E+02  2.05658E+00   1.68443E+02  2.05626E+00   1.71641E+02  2.05579E+00   1.74864E+02  2.05512E+00   1.78108E+02  2.05422E+00   1.81374E+02  2.05303E+00   1.84659E+02  2.05154E+00   1.87963E+02  2.04972E+00   1.91286E+02  2.04754E+00   1.94626E+02  2.04500E+00   1.97983E+02  2.04208E+00   2.01357E+02 
 2.04418E+00   1.99015E+02  2.04688E+00   1.95592E+02  2.04921E+00   1.92183E+02  2.05118E+00   1.88789E+02  2.05278E+00   1.85409E+02  2.05406E+00   1.82046E+02  2.05505E+00   1.78698E+02  2.05578E+00   1.75367E+02  2.05631E+00   1.72054E+02  2.05666E+00   1.68760E+02  2.05690E+00   1.65486E+02  2.05709E+00   1.62235E+02  2.05730E+00   1.59008E+02  2.05758E+00   1.55808E+02  2.05802E+00   1.52639E+02  2.05868E+00   1.49503E+02  2.05964E+00   1.46405E+02  2.06096E+00   1.43350E+02  2.06270E+00   1.40344E+02  2.06493E+00   1.37391E+02  2.06769E+00   1.34498E+02  2.07101E+00   1.31673E+02  2.07491E+00   1.28923E+02  2.07941E+00   1.26256E+02  2.08447E+00   1.23681E+02  2.09007E+00   1.21205E+02  2.09616E+00   1.18837E+02  2.10265E+00   1.16588E+02  2.10946E+00   1.14464E+02  2.11648E+00   1.12475E+02  2.12357E+00   1.10629E+02  2.13059E+00   1.08933E+02  2.13741E+00   1.07396E+02  2.14388E+00   1.06023E+02  2.14984E+00   1.04820E+02  2.15517E+00   1.03793E+02  2.15971E+00   1.02947E+02  2.16338E+00   1.02285E+02  2.16606E+00   1.01810E+02  2.16770E+00   1.01524E+02  2.16825E+00   1.01429E+02  2.16770E+00   1.01524E+02  2.16606E+00   1.01810E+02  2.16338E+00   1.02285E+02  2.15971E+00   1.02947E+02  2.15517E+00   1.03793E+02  2.14984E+00   1.04820E+02  2.14388E+00   1.06023E+02  2.13741E+00   1.07396E+02  2.13059E+00   1.08933E+02  2.12356E+00   1.10629E+02  2.11648E+00   1.12475E+02  2.10946E+00   1.14464E+02  2.10265E+00   1.16588E+02  2.09616E+00   1.18837E+02  2.09007E+00   1.21205E+02  2.08447E+00   1.23681E+02  2.07941E+00   1.26256E+02  2.07492E+00   1.28923E+02  2.07101E+00   1.31673E+02  2.06769E+00   1.34498E+02  2.06493E+00   1.37391E+02  2.06270E+00   1.40344E+02  2.06096E+00   1.43350E+02  2.05964E+00   1.46405E+02  2.05868E+00   1.49503E+02  2.05802E+00   1.52639E+02  2.05758E+00   1.55808E+02  2.05730E+00   1.59008E+02  2.05709E+00   1.62235E+02  2.05690E+00   1.65486E+02  2.05666E+00   1.68760E+02  2.05631E+00   1.72054E+02  2.05578E+00   1.75367E+02  2.05506E+00   1.78698E+02  2.05406E+00   1.82046E+02  2.05278E+00   1.85409E+02  2.05118E+00   1.88789E+02  2.04921E+00   1.92183E+02  2.04688E+00   1.95592E+02  2.04418E+00   1.99015E+02 
 2.04606E+00   1.96726E+02  2.04856E+00   1.93253E+02  2.05068E+00   1.89792E+02  2.05242E+00   1.86342E+02  2.05382E+00   1.82905E+02  2.05491E+00   1.79481E+02  2.05573E+00   1.76069E+02  2.05631E+00   1.72671E+02  2.05671E+00   1.69288E+02  2.05698E+00   1.65920E+02  2.05719E+00   1.62569E+02  2.05742E+00   1.59236E+02  2.05772E+00   1.55925E+02  2.05818E+00   1.52638E+02  2.05889E+00   1.49378E+02  2.05992E+00   1.46148E+02  2.06136E+00   1.42954E+02  2.06330E+00   1.39800E+02  2.06578E+00   1.36692E+02  2.06889E+00   1.33637E+02  2.07268E+00   1.30641E+02  2.07717E+00   1.27713E+02  2.08239E+00   1.24860E+02  2.08833E+00   1.22091E+02  2.09498E+00   1.19415E+02  2.10228E+00   1.16842E+02  2.11016E+00   1.14381E+02  2.11853E+00   1.12041E+02  2.12727E+00   1.09832E+02  2.13623E+00   1.07763E+02  2.14527E+00   1.05843E+02  2.15420E+00   1.04080E+02  2.16284E+00   1.02480E+02  2.17102E+00   1.01053E+02  2.17855E+00   9.98026E+01  2.18525E+00   9.87355E+01  2.19098E+00   9.78562E+01  2.19558E+00   9.71682E+01  2.19896E+00   9.66748E+01  2.20102E+00   9.63778E+01  2.20171E+00   9.62788E+01  2.20102E+00   9.63778E+01  2.19896E+00   9.66748E+01  2.19558E+00   9.71683E+01  2.19098E+00   9.78562E+01  2.18525E+00   9.87356E+01  2.17855E+00   9.98026E+01  2.17102E+00   1.01053E+02  2.16284E+00   1.02480E+02  2.15420E+00   1.04080E+02  2.14527E+00   1.05843E+02  2.13623E+00   1.07763E+02  2.12727E+00   1.09832E+02  2.11853E+00   1.12041E+02  2.11016E+00   1.14381E+02  2.10228E+00   1.16842E+02  2.09498E+00   1.19415E+02  2.08833E+00   1.22091E+02  2.08239E+00   1.24860E+02  2.07717E+00   1.27713E+02  2.07268E+00   1.30641E+02  2.06890E+00   1.33637E+02  2.06578E+00   1.36692E+02  2.06330E+00   1.39800E+02  2.06137E+00   1.42954E+02  2.05992E+00   1.46148E+02  2.05889E+00   1.49378E+02  2.05818E+00   1.52638E+02  2.05772E+00   1.55925E+02  2.05742E+00   1.59237E+02  2.05719E+00   1.62569E+02  2.05698E+00   1.65920E+02  2.05671E+00   1.69288E+02  2.05631E+00   1.72671E+02  2.05573E+00   1.76069E+02  2.05492E+00   1.79481E+02  2.05382E+00   1.82905E+02  2.05242E+00   1.86342E+02  2.05067E+00   1.89792E+02  2.04856E+00   1.93253E+02  2.04606E+00   1.96726E+02 
 2.04774E+00   1.94492E+02  2.05003E+00   1.90969E+02  2.05194E+00   1.87454E+02  2.05348E+00   1.83949E+02  2.05469E+00   1.80453E+02  2.05560E+00   1.76967E+02  2.05626E+00   1.73490E+02  2.05672E+00   1.70023E+02  2.05703E+00   1.66568E+02  2.05727E+00   1.63124E+02  2.05750E+00   1.59693E+02  2.05781E+00   1.56278E+02  2.05828E+00   1.52880E+02  2.05901E+00   1.49502E+02  2.06010E+00   1.46148E+02  2.06163E+00   1.42821E+02  2.06369E+00   1.39527E+02  2.06639E+00   1.36271E+02  2.06980E+00   1.33059E+02  2.07400E+00   1.29899E+02  2.07903E+00   1.26797E+02  2.08494E+00   1.23762E+02  2.09174E+00   1.20803E+02  2.09943E+00   1.17930E+02  2.10796E+00   1.15153E+02  2.11729E+00   1.12481E+02  2.12731E+00   1.09925E+02  2.13791E+00   1.07495E+02  2.14892E+00   1.05201E+02  2.16019E+00   1.03052E+02  2.17151E+00   1.01058E+02  2.18267E+00   9.92277E+01  2.19346E+00   9.75684E+01  2.20364E+00   9.60875E+01  2.21300E+00   9.47911E+01  2.22133E+00   9.36850E+01  2.22843E+00   9.27736E+01  2.23414E+00   9.20609E+01  2.23832E+00   9.15497E+01  2.24087E+00   9.12422E+01  2.24173E+00   9.11395E+01  2.24087E+00   9.12422E+01  2.23832E+00   9.15497E+01  2.23414E+00   9.20609E+01  2.22843E+00   9.27736E+01  2.22133E+00   9.36850E+01  2.21300E+00   9.47911E+01  2.20364E+00   9.60875E+01  2.19346E+00   9.75685E+01  2.18267E+00   9.92278E+01  2.17151E+00   1.01058E+02  2.16019E+00   1.03052E+02  2.14892E+00   1.05201E+02  2.13791E+00   1.07495E+02  2.12731E+00   1.09925E+02  2.11729E+00   1.12481E+02  2.10796E+00   1.15153E+02  2.09943E+00   1.17930E+02  2.09174E+00   1.20803E+02  2.08494E+00   1.23762E+02  2.07903E+00   1.26797E+02  2.07400E+00   1.29899E+02  2.06981E+00   1.33059E+02  2.06639E+00   1.36271E+02  2.06370E+00   1.39527E+02  2.06162E+00   1.42821E+02  2.06010E+00   1.46148E+02  2.05901E+00   1.49502E+02  2.05828E+00   1.52880E+02  2.05781E+00   1.56278E+02  2.05750E+00   1.59693E+02  2.05726E+00   1.63124E+02  2.05703E+00   1.66568E+02  2.05672E+00   1.70023E+02  2.05626E+00   1.73490E+02  2.05561E+00   1.76967E+02  2.05469E+00   1.80453E+02  2.05348E+00   1.83949E+02  2.05194E+00   1.87454E+02  2.05003E+00   1.90969E+02  2.04774E+00   1.94492E+02 
 2.04922E+00   1.92316E+02  2.05131E+00   1.88741E+02  2.05303E+00   1.85173E+02  2.05437E+00   1.81612E+02  2.05540E+00   1.78056E+02  2.05616E+00   1.74507E+02  2.05668E+00   1.70963E+02  2.05704E+00   1.67427E+02  2.05731E+00   1.63897E+02  2.05755E+00   1.60375E+02  2.05786E+00   1.56863E+02  2.05833E+00   1.53362E+02  2.05905E+00   1.49875E+02  2.06015E+00   1.46404E+02  2.06172E+00   1.42954E+02  2.06388E+00   1.39527E+02  2.06673E+00   1.36131E+02  2.07037E+00   1.32770E+02  2.07490E+00   1.29451E+02  2.08040E+00   1.26182E+02  2.08693E+00   1.22971E+02  2.09453E+00   1.19828E+02  2.10321E+00   1.16762E+02  2.11295E+00   1.13784E+02  2.12372E+00   1.10904E+02  2.13542E+00   1.08133E+02  2.14794E+00   1.05482E+02  2.16114E+00   1.02962E+02  2.17481E+00   1.00584E+02  2.18876E+00   9.83576E+01  2.20274E+00   9.62922E+01  2.21649E+00   9.43968E+01  2.22976E+00   9.26796E+01  2.24227E+00   9.11476E+01  2.25375E+00   8.98074E+01  2.26395E+00   8.86642E+01  2.27264E+00   8.77228E+01  2.27962E+00   8.69867E+01  2.28473E+00   8.64590E+01  2.28784E+00   8.61415E+01  2.28889E+00   8.60356E+01  2.28784E+00   8.61415E+01  2.28473E+00   8.64590E+01  2.27962E+00   8.69867E+01  2.27264E+00   8.77228E+01  2.26395E+00   8.86642E+01  2.25375E+00   8.98074E+01  2.24227E+00   9.11476E+01  2.22976E+00   9.26796E+01  2.21649E+00   9.43968E+01  2.20274E+00   9.62922E+01  2.18876E+00   9.83575E+01  2.17481E+00   1.00584E+02  2.16114E+00   1.02962E+02  2.14795E+00   1.05482E+02  2.13542E+00   1.08133E+02  2.12372E+00   1.10904E+02  2.11296E+00   1.13784E+02  2.10321E+00   1.16762E+02  2.09453E+00   1.19828E+02  2.08693E+00   1.22971E+02  2.08040E+00   1.26182E+02  2.07490E+00   1.29451E+02  2.07037E+00   1.32770E+02  2.06673E+00   1.36131E+02  2.06388E+00   1.39527E+02  2.06172E+00   1.42954E+02  2.06015E+00   1.46404E+02  2.05905E+00   1.49875E+02  2.05833E+00   1.53362E+02  2.05786E+00   1.56863E+02  2.05755E+00   1.60375E+02  2.05731E+00   1.63897E+02  2.05705E+00   1.67427E+02  2.05668E+00   1.70963E+02  2.05616E+00   1.74507E+02  2.05540E+00   1.78056E+02  2.05437E+00   1.81612E+02  2.05302E+00   1.85173E+02  2.05131E+00   1.88741E+02  2.04922E+00   1.92316E+02 
 2.05053E+00   1.90199E+02  2.05243E+00   1.86574E+02  2.05394E+00   1.82951E+02  2.05511E+00   1.79333E+02  2.05598E+00   1.75717E+02  2.05660E+00   1.72103E+02  2.05702E+00   1.68492E+02  2.05732E+00   1.64884E+02  2.05758E+00   1.61279E+02  2.05788E+00   1.57678E+02  2.05832E+00   1.54083E+02  2.05903E+00   1.50494E+02  2.06010E+00   1.46916E+02  2.06166E+00   1.43350E+02  2.06385E+00   1.39800E+02  2.06677E+00   1.36272E+02  2.07057E+00   1.32770E+02  2.07535E+00   1.29301E+02  2.08121E+00   1.25873E+02  2.08826E+00   1.22495E+02  2.09655E+00   1.19174E+02  2.10613E+00   1.15921E+02  2.11700E+00   1.12747E+02  2.12914E+00   1.09663E+02  2.14249E+00   1.06681E+02  2.15695E+00   1.03812E+02  2.17236E+00   1.01068E+02  2.18855E+00   9.84603E+01  2.20529E+00   9.60004E+01  2.22231E+00   9.36987E+01  2.23934E+00   9.15648E+01  2.25607E+00   8.96079E+01  2.27217E+00   8.78361E+01  2.28733E+00   8.62565E+01  2.30123E+00   8.48754E+01  2.31356E+00   8.36980E+01  2.32406E+00   8.27290E+01  2.33249E+00   8.19717E+01  2.33866E+00   8.14289E+01  2.34242E+00   8.11024E+01  2.34368E+00   8.09935E+01  2.34242E+00   8.11024E+01  2.33866E+00   8.14289E+01  2.33249E+00   8.19716E+01  2.32406E+00   8.27290E+01  2.31356E+00   8.36980E+01  2.30123E+00   8.48754E+01  2.28733E+00   8.62565E+01  2.27217E+00   8.78361E+01  2.25607E+00   8.96079E+01  2.23934E+00   9.15648E+01  2.22231E+00   9.36986E+01  2.20529E+00   9.60004E+01  2.18855E+00   9.84602E+01  2.17236E+00   1.01068E+02  2.15695E+00   1.03812E+02  2.14249E+00   1.06681E+02  2.12914E+00   1.09663E+02  2.11700E+00   1.12747E+02  2.10613E+00   1.15921E+02  2.09655E+00   1.19174E+02  2.08826E+00   1.22495E+02  2.08122E+00   1.25873E+02  2.07535E+00   1.29301E+02  2.07057E+00   1.32770E+02  2.06677E+00   1.36272E+02  2.06385E+00   1.39800E+02  2.06167E+00   1.43350E+02  2.06010E+00   1.46916E+02  2.05903E+00   1.50494E+02  2.05832E+00   1.54083E+02  2.05788E+00   1.57678E+02  2.05758E+00   1.61279E+02  2.05732E+00   1.64884E+02  2.05702E+00   1.68492E+02  2.05660E+00   1.72103E+02  2.05598E+00   1.75717E+02  2.05511E+00   1.79333E+02  2.05394E+00   1.82951E+02  2.05243E+00   1.86573E+02  2.05053E+00   1.90199E+02 
 2.05168E+00   1.88144E+02  2.05338E+00   1.84467E+02  2.05471E+00   1.80791E+02  2.05572E+00   1.77115E+02  2.05644E+00   1.73438E+02  2.05695E+00   1.69759E+02  2.05729E+00   1.66080E+02  2.05757E+00   1.62399E+02  2.05787E+00   1.58718E+02  2.05828E+00   1.55036E+02  2.05894E+00   1.51356E+02  2.05995E+00   1.47678E+02  2.06146E+00   1.44006E+02  2.06361E+00   1.40343E+02  2.06654E+00   1.36693E+02  2.07039E+00   1.33060E+02  2.07531E+00   1.29452E+02  2.08142E+00   1.25874E+02  2.08886E+00   1.22336E+02  2.09770E+00   1.18846E+02  2.10803E+00   1.15414E+02  2.11990E+00   1.12051E+02  2.13329E+00   1.08770E+02  2.14819E+00   1.05581E+02  2.16451E+00   1.02498E+02  2.18211E+00   9.95331E+01  2.20082E+00   9.66985E+01  2.22042E+00   9.40067E+01  2.24063E+00   9.14689E+01  2.26115E+00   8.90960E+01  2.28163E+00   8.68980E+01  2.30172E+00   8.48839E+01  2.32102E+00   8.30619E+01  2.33917E+00   8.14387E+01  2.35579E+00   8.00207E+01  2.37053E+00   7.88127E+01  2.38307E+00   7.78190E+01  2.39313E+00   7.70427E+01  2.40048E+00   7.64866E+01  2.40496E+00   7.61522E+01  2.40647E+00   7.60407E+01  2.40496E+00   7.61522E+01  2.40048E+00   7.64866E+01  2.39313E+00   7.70427E+01  2.38307E+00   7.78190E+01  2.37053E+00   7.88126E+01  2.35579E+00   8.00207E+01  2.33917E+00   8.14387E+01  2.32102E+00   8.30619E+01  2.30172E+00   8.48839E+01  2.28163E+00   8.68980E+01  2.26115E+00   8.90960E+01  2.24063E+00   9.14689E+01  2.22042E+00   9.40067E+01  2.20082E+00   9.66985E+01  2.18211E+00   9.95331E+01  2.16451E+00   1.02498E+02  2.14819E+00   1.05581E+02  2.13329E+00   1.08770E+02  2.11990E+00   1.12051E+02  2.10803E+00   1.15414E+02  2.09770E+00   1.18846E+02  2.08886E+00   1.22336E+02  2.08142E+00   1.25874E+02  2.07531E+00   1.29452E+02  2.07039E+00   1.33060E+02  2.06654E+00   1.36693E+02  2.06361E+00   1.40343E+02  2.06146E+00   1.44006E+02  2.05995E+00   1.47678E+02  2.05894E+00   1.51356E+02  2.05828E+00   1.55036E+02  2.05786E+00   1.58718E+02  2.05758E+00   1.62399E+02  2.05729E+00   1.66080E+02  2.05695E+00   1.69759E+02  2.05645E+00   1.73438E+02  2.05572E+00   1.77115E+02  2.05471E+00   1.80791E+02  2.05338E+00   1.84467E+02  2.05168E+00   1.88144E+02 
 2.05267E+00   1.86154E+02  2.05420E+00   1.82426E+02  2.05536E+00   1.78695E+02  2.05621E+00   1.74961E+02  2.05682E+00   1.71222E+02  2.05723E+00   1.67479E+02  2.05754E+00   1.63730E+02  2.05783E+00   1.59976E+02  2.05821E+00   1.56217E+02  2.05880E+00   1.52454E+02  2.05973E+00   1.48687E+02  2.06115E+00   1.44919E+02  2.06320E+00   1.41153E+02  2.06605E+00   1.37391E+02  2.06986E+00   1.33638E+02  2.07481E+00   1.29900E+02  2.08103E+00   1.26184E+02  2.08869E+00   1.22496E+02  2.09792E+00   1.18847E+02  2.10883E+00   1.15245E+02  2.12150E+00   1.11703E+02  2.13597E+00   1.08231E+02  2.15224E+00   1.04843E+02  2.17026E+00   1.01552E+02  2.18993E+00   9.83714E+01  2.21108E+00   9.53139E+01  2.23351E+00   9.23929E+01  2.25694E+00   8.96212E+01  2.28105E+00   8.70103E+01  2.30548E+00   8.45716E+01  2.32982E+00   8.23147E+01  2.35366E+00   8.02488E+01  2.37654E+00   7.83816E+01  2.39802E+00   7.67199E+01  2.41767E+00   7.52693E+01  2.43508E+00   7.40346E+01  2.44989E+00   7.30196E+01  2.46175E+00   7.22272E+01  2.47043E+00   7.16597E+01  2.47571E+00   7.13186E+01  2.47748E+00   7.12048E+01  2.47571E+00   7.13186E+01  2.47043E+00   7.16597E+01  2.46175E+00   7.22272E+01  2.44989E+00   7.30196E+01  2.43508E+00   7.40346E+01  2.41767E+00   7.52693E+01  2.39802E+00   7.67199E+01  2.37654E+00   7.83816E+01  2.35366E+00   8.02488E+01  2.32982E+00   8.23147E+01  2.30548E+00   8.45716E+01  2.28105E+00   8.70103E+01  2.25694E+00   8.96212E+01  2.23351E+00   9.23929E+01  2.21108E+00   9.53139E+01  2.18993E+00   9.83714E+01  2.17026E+00   1.01552E+02  2.15224E+00   1.04843E+02  2.13597E+00   1.08231E+02  2.12150E+00   1.11703E+02  2.10883E+00   1.15245E+02  2.09792E+00   1.18847E+02  2.08869E+00   1.22496E+02  2.08103E+00   1.26184E+02  2.07481E+00   1.29900E+02  2.06986E+00   1.33638E+02  2.06605E+00   1.37391E+02  2.06320E+00   1.41153E+02  2.06115E+00   1.44919E+02  2.05973E+00   1.48687E+02  2.05880E+00   1.52454E+02  2.05821E+00   1.56217E+02  2.05783E+00   1.59976E+02  2.05754E+00   1.63730E+02  2.05723E+00   1.67479E+02  2.05682E+00   1.71222E+02  2.05621E+00   1.74961E+02  2.05536E+00   1.78695E+02  2.05420E+00   1.82426E+02  2.05267E+00   1.86154E+02 
 2.05353E+00   1.84231E+02  2.05488E+00   1.80451E+02  2.05589E+00   1.76666E+02  2.05662E+00   1.72874E+02  2.05712E+00   1.69074E+02  2.05748E+00   1.65265E+02  2.05777E+00   1.61447E+02  2.05812E+00   1.57619E+02  2.05864E+00   1.53782E+02  2.05946E+00   1.49936E+02  2.06075E+00   1.46082E+02  2.06265E+00   1.42223E+02  2.06535E+00   1.38361E+02  2.06903E+00   1.34499E+02  2.07387E+00   1.30644E+02  2.08007E+00   1.26800E+02  2.08779E+00   1.22975E+02  2.09722E+00   1.19177E+02  2.10849E+00   1.15416E+02  2.12174E+00   1.11704E+02  2.13704E+00   1.08053E+02  2.15445E+00   1.04474E+02  2.17394E+00   1.00983E+02  2.19545E+00   9.75926E+01  2.21886E+00   9.43177E+01  2.24397E+00   9.11724E+01  2.27052E+00   8.81702E+01  2.29821E+00   8.53243E+01  2.32664E+00   8.26464E+01  2.35540E+00   8.01478E+01  2.38401E+00   7.78383E+01  2.41198E+00   7.57266E+01  2.43880E+00   7.38200E+01  2.46395E+00   7.21251E+01  2.48694E+00   7.06469E+01  2.50729E+00   6.93898E+01  2.52458E+00   6.83571E+01  2.53843E+00   6.75514E+01  2.54855E+00   6.69746E+01  2.55471E+00   6.66281E+01  2.55678E+00   6.65124E+01  2.55471E+00   6.66281E+01  2.54855E+00   6.69746E+01  2.53843E+00   6.75514E+01  2.52458E+00   6.83571E+01  2.50729E+00   6.93899E+01  2.48694E+00   7.06469E+01  2.46395E+00   7.21252E+01  2.43880E+00   7.38200E+01  2.41198E+00   7.57266E+01  2.38401E+00   7.78383E+01  2.35540E+00   8.01478E+01  2.32664E+00   8.26464E+01  2.29821E+00   8.53243E+01  2.27052E+00   8.81702E+01  2.24397E+00   9.11725E+01  2.21886E+00   9.43177E+01  2.19545E+00   9.75926E+01  2.17394E+00   1.00983E+02  2.15444E+00   1.04474E+02  2.13705E+00   1.08053E+02  2.12174E+00   1.11704E+02  2.10849E+00   1.15416E+02  2.09722E+00   1.19177E+02  2.08779E+00   1.22975E+02  2.08007E+00   1.26800E+02  2.07387E+00   1.30644E+02  2.06903E+00   1.34499E+02  2.06535E+00   1.38361E+02  2.06265E+00   1.42223E+02  2.06075E+00   1.46082E+02  2.05946E+00   1.49936E+02  2.05864E+00   1.53782E+02  2.05812E+00   1.57619E+02  2.05777E+00   1.61447E+02  2.05747E+00   1.65265E+02  2.05712E+00   1.69073E+02  2.05662E+00   1.72874E+02  2.05589E+00   1.76666E+02  2.05488E+00   1.80451E+02  2.05352E+00   1.84231E+02 
 2.05426E+00   1.82377E+02  2.05545E+00   1.78547E+02  2.05633E+00   1.74707E+02  2.05694E+00   1.70857E+02  2.05737E+00   1.66995E+02  2.05769E+00   1.63121E+02  2.05801E+00   1.59233E+02  2.05847E+00   1.55332E+02  2.05917E+00   1.51416E+02  2.06030E+00   1.47487E+02  2.06202E+00   1.43546E+02  2.06450E+00   1.39595E+02  2.06795E+00   1.35637E+02  2.07258E+00   1.31676E+02  2.07860E+00   1.27717E+02  2.08622E+00   1.23767E+02  2.09563E+00   1.19833E+02  2.10704E+00   1.15926E+02  2.12061E+00   1.12056E+02  2.13646E+00   1.08235E+02  2.15470E+00   1.04476E+02  2.17535E+00   1.00794E+02  2.19841E+00   9.72030E+01  2.22378E+00   9.37183E+01  2.25132E+00   9.03547E+01  2.28078E+00   8.71274E+01  2.31187E+00   8.40502E+01  2.34422E+00   8.11366E+01  2.37738E+00   7.83985E+01  2.41087E+00   7.58471E+01  2.44414E+00   7.34916E+01  2.47662E+00   7.13406E+01  2.50773E+00   6.94009E+01  2.53688E+00   6.76785E+01  2.56349E+00   6.61778E+01  2.58703E+00   6.49027E+01  2.60702E+00   6.38560E+01  2.62303E+00   6.30399E+01  2.63472E+00   6.24560E+01  2.64184E+00   6.21052E+01  2.64423E+00   6.19882E+01  2.64184E+00   6.21052E+01  2.63472E+00   6.24560E+01  2.62303E+00   6.30399E+01  2.60702E+00   6.38560E+01  2.58703E+00   6.49027E+01  2.56349E+00   6.61778E+01  2.53688E+00   6.76785E+01  2.50773E+00   6.94009E+01  2.47662E+00   7.13406E+01  2.44414E+00   7.34916E+01  2.41087E+00   7.58471E+01  2.37738E+00   7.83985E+01  2.34422E+00   8.11366E+01  2.31187E+00   8.40502E+01  2.28078E+00   8.71274E+01  2.25132E+00   9.03547E+01  2.22378E+00   9.37182E+01  2.19841E+00   9.72031E+01  2.17535E+00   1.00794E+02  2.15470E+00   1.04476E+02  2.13646E+00   1.08235E+02  2.12061E+00   1.12056E+02  2.10704E+00   1.15926E+02  2.09563E+00   1.19833E+02  2.08622E+00   1.23767E+02  2.07860E+00   1.27717E+02  2.07258E+00   1.31676E+02  2.06795E+00   1.35637E+02  2.06450E+00   1.39595E+02  2.06201E+00   1.43546E+02  2.06030E+00   1.47487E+02  2.05917E+00   1.51416E+02  2.05847E+00   1.55332E+02  2.05802E+00   1.59233E+02  2.05769E+00   1.63121E+02  2.05737E+00   1.66995E+02  2.05694E+00   1.70857E+02  2.05633E+00   1.74707E+02  2.05545E+00   1.78547E+02  2.05425E+00   1.82377E+02 
 2.05488E+00   1.80596E+02  2.05593E+00   1.76715E+02  2.05668E+00   1.72822E+02  2.05721E+00   1.68914E+02  2.05758E+00   1.64991E+02  2.05790E+00   1.61052E+02  2.05829E+00   1.57095E+02  2.05889E+00   1.53119E+02  2.05984E+00   1.49125E+02  2.06133E+00   1.45114E+02  2.06355E+00   1.41085E+02  2.06670E+00   1.37042E+02  2.07102E+00   1.32988E+02  2.07672E+00   1.28927E+02  2.08406E+00   1.24866E+02  2.09326E+00   1.20810E+02  2.10456E+00   1.16770E+02  2.11817E+00   1.12755E+02  2.13427E+00   1.08777E+02  2.15299E+00   1.04850E+02  2.17445E+00   1.00988E+02  2.19867E+00   9.72060E+01  2.22563E+00   9.35201E+01  2.25522E+00   8.99463E+01  2.28724E+00   8.65003E+01  2.32144E+00   8.31976E+01  2.35745E+00   8.00525E+01  2.39486E+00   7.70786E+01  2.43314E+00   7.42877E+01  2.47173E+00   7.16906E+01  2.51003E+00   6.92963E+01  2.54737E+00   6.71129E+01  2.58310E+00   6.51463E+01  2.61654E+00   6.34021E+01  2.64705E+00   6.18839E+01  2.67403E+00   6.05953E+01  2.69691E+00   5.95382E+01  2.71524E+00   5.87146E+01  2.72862E+00   5.81255E+01  2.73676E+00   5.77718E+01  2.73950E+00   5.76538E+01  2.73676E+00   5.77718E+01  2.72862E+00   5.81255E+01  2.71524E+00   5.87146E+01  2.69692E+00   5.95382E+01  2.67403E+00   6.05953E+01  2.64705E+00   6.18839E+01  2.61654E+00   6.34021E+01  2.58310E+00   6.51463E+01  2.54737E+00   6.71129E+01  2.51003E+00   6.92963E+01  2.47173E+00   7.16906E+01  2.43314E+00   7.42877E+01  2.39486E+00   7.70786E+01  2.35745E+00   8.00525E+01  2.32144E+00   8.31975E+01  2.28724E+00   8.65003E+01  2.25521E+00   8.99463E+01  2.22563E+00   9.35201E+01  2.19867E+00   9.72061E+01  2.17445E+00   1.00988E+02  2.15299E+00   1.04850E+02  2.13427E+00   1.08777E+02  2.11817E+00   1.12755E+02  2.10456E+00   1.16770E+02  2.09326E+00   1.20810E+02  2.08406E+00   1.24866E+02  2.07672E+00   1.28927E+02  2.07102E+00   1.32988E+02  2.06670E+00   1.37042E+02  2.06355E+00   1.41085E+02  2.06133E+00   1.45114E+02  2.05984E+00   1.49125E+02  2.05889E+00   1.53119E+02  2.05829E+00   1.57095E+02  2.05790E+00   1.61052E+02  2.05758E+00   1.64991E+02  2.05721E+00   1.68914E+02  2.05668E+00   1.72822E+02  2.05593E+00   1.76715E+02  2.05488E+00   1.80596E+02 
 2.05540E+00   1.78890E+02  2.05632E+00   1.74959E+02  2.05698E+00   1.71013E+02  2.05743E+00   1.67049E+02  2.05778E+00   1.63065E+02  2.05812E+00   1.59061E+02  2.05861E+00   1.55035E+02  2.05940E+00   1.50986E+02  2.06065E+00   1.46914E+02  2.06256E+00   1.42820E+02  2.06536E+00   1.38705E+02  2.06927E+00   1.34571E+02  2.07455E+00   1.30422E+02  2.08145E+00   1.26262E+02  2.09025E+00   1.22099E+02  2.10120E+00   1.17939E+02  2.11457E+00   1.13794E+02  2.13058E+00   1.09674E+02  2.14943E+00   1.05592E+02  2.17128E+00   1.01562E+02  2.19624E+00   9.76014E+01  2.22432E+00   9.37249E+01  2.25549E+00   8.99500E+01  2.28961E+00   8.62936E+01  2.32648E+00   8.27720E+01  2.36575E+00   7.94015E+01  2.40705E+00   7.61961E+01  2.44985E+00   7.31696E+01  2.49360E+00   7.03335E+01  2.53765E+00   6.76984E+01  2.58131E+00   6.52725E+01  2.62383E+00   6.30632E+01  2.66447E+00   6.10759E+01  2.70249E+00   5.93153E+01  2.73714E+00   5.77846E+01  2.76777E+00   5.64865E+01  2.79374E+00   5.54225E+01  2.81453E+00   5.45941E+01  2.82970E+00   5.40018E+01  2.83893E+00   5.36463E+01  2.84203E+00   5.35277E+01  2.83893E+00   5.36463E+01  2.82970E+00   5.40018E+01  2.81453E+00   5.45941E+01  2.79374E+00   5.54225E+01  2.76777E+00   5.64865E+01  2.73714E+00   5.77846E+01  2.70249E+00   5.93153E+01  2.66447E+00   6.10759E+01  2.62383E+00   6.30632E+01  2.58131E+00   6.52725E+01  2.53765E+00   6.76984E+01  2.49360E+00   7.03336E+01  2.44985E+00   7.31696E+01  2.40705E+00   7.61961E+01  2.36575E+00   7.94014E+01  2.32648E+00   8.27721E+01  2.28961E+00   8.62936E+01  2.25549E+00   8.99500E+01  2.22432E+00   9.37250E+01  2.19623E+00   9.76013E+01  2.17128E+00   1.01563E+02  2.14943E+00   1.05592E+02  2.13058E+00   1.09674E+02  2.11457E+00   1.13794E+02  2.10121E+00   1.17939E+02  2.09025E+00   1.22099E+02  2.08145E+00   1.26262E+02  2.07455E+00   1.30422E+02  2.06927E+00   1.34571E+02  2.06536E+00   1.38705E+02  2.06256E+00   1.42820E+02  2.06065E+00   1.46914E+02  2.05940E+00   1.50986E+02  2.05861E+00   1.55035E+02  2.05812E+00   1.59061E+02  2.05778E+00   1.63065E+02  2.05743E+00   1.67049E+02  2.05698E+00   1.71013E+02  2.05632E+00   1.74959E+02  2.05540E+00   1.78890E+02 
 2.05584E+00   1.77262E+02  2.05665E+00   1.73282E+02  2.05722E+00   1.69284E+02  2.05762E+00   1.65264E+02  2.05796E+00   1.61220E+02  2.05837E+00   1.57153E+02  2.05900E+00   1.53058E+02  2.06001E+00   1.48937E+02  2.06161E+00   1.44789E+02  2.06401E+00   1.40613E+02  2.06746E+00   1.36412E+02  2.07221E+00   1.32188E+02  2.07855E+00   1.27945E+02  2.08676E+00   1.23689E+02  2.09715E+00   1.19426E+02  2.11000E+00   1.15165E+02  2.12560E+00   1.10917E+02  2.14420E+00   1.06695E+02  2.16602E+00   1.02513E+02  2.19123E+00   9.83856E+01  2.21992E+00   9.43308E+01  2.25213E+00   9.03658E+01  2.28779E+00   8.65086E+01  2.32675E+00   8.27767E+01  2.36875E+00   7.91873E+01  2.41342E+00   7.57564E+01  2.46030E+00   7.24987E+01  2.50883E+00   6.94275E+01  2.55835E+00   6.65540E+01  2.60816E+00   6.38881E+01  2.65746E+00   6.14374E+01  2.70544E+00   5.92087E+01  2.75126E+00   5.72065E+01  2.79409E+00   5.54349E+01  2.83311E+00   5.38961E+01  2.86757E+00   5.25924E+01  2.89679E+00   5.15246E+01  2.92016E+00   5.06936E+01  2.93722E+00   5.00999E+01  2.94760E+00   4.97436E+01  2.95108E+00   4.96248E+01  2.94760E+00   4.97436E+01  2.93722E+00   5.00999E+01  2.92016E+00   5.06936E+01  2.89679E+00   5.15246E+01  2.86757E+00   5.25924E+01  2.83311E+00   5.38961E+01  2.79409E+00   5.54349E+01  2.75126E+00   5.72065E+01  2.70544E+00   5.92087E+01  2.65746E+00   6.14375E+01  2.60816E+00   6.38881E+01  2.55836E+00   6.65540E+01  2.50883E+00   6.94275E+01  2.46030E+00   7.24988E+01  2.41342E+00   7.57564E+01  2.36875E+00   7.91873E+01  2.32675E+00   8.27767E+01  2.28779E+00   8.65086E+01  2.25213E+00   9.03659E+01  2.21992E+00   9.43308E+01  2.19123E+00   9.83856E+01  2.16602E+00   1.02513E+02  2.14420E+00   1.06695E+02  2.12560E+00   1.10917E+02  2.11000E+00   1.15165E+02  2.09715E+00   1.19426E+02  2.08676E+00   1.23689E+02  2.07855E+00   1.27945E+02  2.07221E+00   1.32188E+02  2.06745E+00   1.36412E+02  2.06401E+00   1.40613E+02  2.06161E+00   1.44789E+02  2.06001E+00   1.48937E+02  2.05900E+00   1.53058E+02  2.05837E+00   1.57153E+02  2.05796E+00   1.61220E+02  2.05762E+00   1.65264E+02  2.05722E+00   1.69284E+02  2.05665E+00   1.73282E+02  2.05584E+00   1.77262E+02 
 2.05620E+00   1.75714E+02  2.05692E+00   1.71687E+02  2.05742E+00   1.67638E+02  2.05779E+00   1.63563E+02  2.05815E+00   1.59461E+02  2.05865E+00   1.55331E+02  2.05944E+00   1.51170E+02  2.06073E+00   1.46978E+02  2.06272E+00   1.42754E+02  2.06567E+00   1.38499E+02  2.06982E+00   1.34213E+02  2.07549E+00   1.29901E+02  2.08298E+00   1.25567E+02  2.09261E+00   1.21216E+02  2.10471E+00   1.16855E+02  2.11959E+00   1.12496E+02  2.13757E+00   1.08150E+02  2.15893E+00   1.03830E+02  2.18390E+00   9.95519E+01  2.21266E+00   9.53328E+01  2.24531E+00   9.11904E+01  2.28187E+00   8.71436E+01  2.32227E+00   8.32112E+01  2.36631E+00   7.94114E+01  2.41370E+00   7.57618E+01  2.46401E+00   7.22787E+01  2.51674E+00   6.89766E+01  2.57125E+00   6.58684E+01  2.62681E+00   6.29648E+01  2.68262E+00   6.02751E+01  2.73781E+00   5.78063E+01  2.79147E+00   5.55640E+01  2.84269E+00   5.35522E+01  2.89052E+00   5.17741E+01  2.93408E+00   5.02313E+01  2.97254E+00   4.89252E+01  3.00513E+00   4.78563E+01  3.03120E+00   4.70250E+01  3.05022E+00   4.64312E+01  3.06179E+00   4.60751E+01  3.06567E+00   4.59563E+01  3.06179E+00   4.60751E+01  3.05022E+00   4.64312E+01  3.03120E+00   4.70250E+01  3.00513E+00   4.78563E+01  2.97254E+00   4.89252E+01  2.93408E+00   5.02313E+01  2.89052E+00   5.17741E+01  2.84269E+00   5.35522E+01  2.79147E+00   5.55640E+01  2.73781E+00   5.78063E+01  2.68262E+00   6.02751E+01  2.62681E+00   6.29649E+01  2.57125E+00   6.58684E+01  2.51674E+00   6.89766E+01  2.46401E+00   7.22787E+01  2.41370E+00   7.57618E+01  2.36631E+00   7.94114E+01  2.32227E+00   8.32111E+01  2.28187E+00   8.71437E+01  2.24531E+00   9.11904E+01  2.21266E+00   9.53328E+01  2.18390E+00   9.95520E+01  2.15893E+00   1.03830E+02  2.13757E+00   1.08150E+02  2.11959E+00   1.12496E+02  2.10471E+00   1.16855E+02  2.09261E+00   1.21216E+02  2.08298E+00   1.25567E+02  2.07549E+00   1.29902E+02  2.06982E+00   1.34213E+02  2.06567E+00   1.38499E+02  2.06272E+00   1.42754E+02  2.06073E+00   1.46978E+02  2.05944E+00   1.51170E+02  2.05865E+00   1.55331E+02  2.05815E+00   1.59461E+02  2.05779E+00   1.63563E+02  2.05742E+00   1.67637E+02  2.05692E+00   1.71687E+02  2.05620E+00   1.75714E+02 
 2.05651E+00   1.74250E+02  2.05714E+00   1.70177E+02  2.05759E+00   1.66078E+02  2.05795E+00   1.61950E+02  2.05836E+00   1.57792E+02  2.05896E+00   1.53601E+02  2.05996E+00   1.49375E+02  2.06155E+00   1.45113E+02  2.06398E+00   1.40816E+02  2.06752E+00   1.36482E+02  2.07245E+00   1.32115E+02  2.07910E+00   1.27718E+02  2.08782E+00   1.23294E+02  2.09894E+00   1.18851E+02  2.11284E+00   1.14397E+02  2.12987E+00   1.09944E+02  2.15036E+00   1.05503E+02  2.17462E+00   1.01090E+02  2.20289E+00   9.67223E+01  2.23536E+00   9.24170E+01  2.27214E+00   8.81937E+01  2.31324E+00   8.40722E+01  2.35855E+00   8.00721E+01  2.40787E+00   7.62121E+01  2.46084E+00   7.25103E+01  2.51701E+00   6.89828E+01  2.57578E+00   6.56439E+01  2.63646E+00   6.25060E+01  2.69825E+00   5.95794E+01  2.76024E+00   5.68723E+01  2.82151E+00   5.43911E+01  2.88103E+00   5.21405E+01  2.93779E+00   5.01238E+01  2.99079E+00   4.83432E+01  3.03903E+00   4.67998E+01  3.08160E+00   4.54942E+01  3.11767E+00   4.44265E+01  3.14652E+00   4.35966E+01  3.16756E+00   4.30041E+01  3.18035E+00   4.26488E+01  3.18465E+00   4.25303E+01  3.18035E+00   4.26488E+01  3.16756E+00   4.30041E+01  3.14652E+00   4.35966E+01  3.11767E+00   4.44265E+01  3.08160E+00   4.54942E+01  3.03903E+00   4.67998E+01  2.99079E+00   4.83432E+01  2.93780E+00   5.01238E+01  2.88103E+00   5.21405E+01  2.82151E+00   5.43911E+01  2.76024E+00   5.68723E+01  2.69825E+00   5.95794E+01  2.63646E+00   6.25060E+01  2.57578E+00   6.56439E+01  2.51701E+00   6.89827E+01  2.46084E+00   7.25103E+01  2.40787E+00   7.62122E+01  2.35855E+00   8.00720E+01  2.31324E+00   8.40723E+01  2.27214E+00   8.81937E+01  2.23536E+00   9.24170E+01  2.20289E+00   9.67223E+01  2.17462E+00   1.01090E+02  2.15036E+00   1.05503E+02  2.12987E+00   1.09944E+02  2.11284E+00   1.14397E+02  2.09894E+00   1.18851E+02  2.08781E+00   1.23294E+02  2.07910E+00   1.27718E+02  2.07245E+00   1.32115E+02  2.06752E+00   1.36482E+02  2.06398E+00   1.40816E+02  2.06155E+00   1.45113E+02  2.05996E+00   1.49375E+02  2.05896E+00   1.53600E+02  2.05836E+00   1.57792E+02  2.05795E+00   1.61950E+02  2.05759E+00   1.66078E+02  2.05714E+00   1.70177E+02  2.05650E+00   1.74250E+02 
 2.05676E+00   1.72872E+02  2.05732E+00   1.68755E+02  2.05774E+00   1.64608E+02  2.05811E+00   1.60429E+02  2.05858E+00   1.56215E+02  2.05932E+00   1.51966E+02  2.06055E+00   1.47677E+02  2.06248E+00   1.43348E+02  2.06538E+00   1.38980E+02  2.06954E+00   1.34571E+02  2.07529E+00   1.30125E+02  2.08298E+00   1.25645E+02  2.09298E+00   1.21135E+02  2.10568E+00   1.16604E+02  2.12147E+00   1.12061E+02  2.14072E+00   1.07518E+02  2.16382E+00   1.02988E+02  2.19107E+00   9.84877E+01  2.22275E+00   9.40357E+01  2.25906E+00   8.96509E+01  2.30009E+00   8.53537E+01  2.34585E+00   8.11648E+01  2.39622E+00   7.71046E+01  2.45094E+00   7.31922E+01  2.50963E+00   6.94458E+01  2.57177E+00   6.58813E+01  2.63671E+00   6.25128E+01  2.70369E+00   5.93520E+01  2.77182E+00   5.64086E+01  2.84012E+00   5.36899E+01  2.90757E+00   5.12014E+01  2.97306E+00   4.89471E+01  3.03548E+00   4.69293E+01  3.09373E+00   4.51496E+01  3.14674E+00   4.36084E+01  3.19350E+00   4.23057E+01  3.23312E+00   4.12410E+01  3.26479E+00   4.04139E+01  3.28789E+00   3.98236E+01  3.30194E+00   3.94697E+01  3.30666E+00   3.93517E+01  3.30194E+00   3.94697E+01  3.28789E+00   3.98236E+01  3.26479E+00   4.04139E+01  3.23312E+00   4.12410E+01  3.19350E+00   4.23057E+01  3.14674E+00   4.36084E+01  3.09373E+00   4.51496E+01  3.03548E+00   4.69293E+01  2.97306E+00   4.89471E+01  2.90757E+00   5.12014E+01  2.84012E+00   5.36899E+01  2.77182E+00   5.64086E+01  2.70369E+00   5.93520E+01  2.63672E+00   6.25128E+01  2.57177E+00   6.58813E+01  2.50963E+00   6.94458E+01  2.45094E+00   7.31922E+01  2.39622E+00   7.71045E+01  2.34585E+00   8.11649E+01  2.30009E+00   8.53537E+01  2.25906E+00   8.96508E+01  2.22275E+00   9.40357E+01  2.19107E+00   9.84877E+01  2.16382E+00   1.02988E+02  2.14073E+00   1.07518E+02  2.12147E+00   1.12061E+02  2.10568E+00   1.16604E+02  2.09298E+00   1.21135E+02  2.08298E+00   1.25645E+02  2.07529E+00   1.30125E+02  2.06954E+00   1.34571E+02  2.06538E+00   1.38980E+02  2.06248E+00   1.43348E+02  2.06055E+00   1.47677E+02  2.05932E+00   1.51966E+02  2.05858E+00   1.56215E+02  2.05811E+00   1.60429E+02  2.05774E+00   1.64608E+02  2.05733E+00   1.68755E+02  2.05676E+00   1.72872E+02 
 2.05697E+00   1.71583E+02  2.05748E+00   1.67423E+02  2.05788E+00   1.63231E+02  2.05827E+00   1.59003E+02  2.05882E+00   1.54737E+02  2.05972E+00   1.50430E+02  2.06120E+00   1.46081E+02  2.06349E+00   1.41688E+02  2.06689E+00   1.37251E+02  2.07172E+00   1.32771E+02  2.07832E+00   1.28249E+02  2.08708E+00   1.23690E+02  2.09841E+00   1.19098E+02  2.11273E+00   1.14484E+02  2.13045E+00   1.09856E+02  2.15200E+00   1.05228E+02  2.17775E+00   1.00614E+02  2.20807E+00   9.60330E+01  2.24323E+00   9.15035E+01  2.28344E+00   8.70460E+01  2.32879E+00   8.26822E+01  2.37928E+00   7.84334E+01  2.43475E+00   7.43206E+01  2.49493E+00   7.03632E+01  2.55940E+00   6.65795E+01  2.62756E+00   6.29850E+01  2.69873E+00   5.95934E+01  2.77205E+00   5.64158E+01  2.84657E+00   5.34610E+01  2.92122E+00   5.07356E+01  2.99489E+00   4.82441E+01  3.06638E+00   4.59898E+01  3.13450E+00   4.39742E+01  3.19804E+00   4.21981E+01  3.25585E+00   4.06613E+01  3.30683E+00   3.93633E+01  3.35002E+00   3.83030E+01  3.38454E+00   3.74797E+01  3.40972E+00   3.68923E+01  3.42503E+00   3.65403E+01  3.43018E+00   3.64229E+01  3.42503E+00   3.65403E+01  3.40972E+00   3.68923E+01  3.38454E+00   3.74797E+01  3.35002E+00   3.83030E+01  3.30683E+00   3.93633E+01  3.25585E+00   4.06613E+01  3.19804E+00   4.21981E+01  3.13450E+00   4.39742E+01  3.06638E+00   4.59898E+01  2.99489E+00   4.82441E+01  2.92122E+00   5.07355E+01  2.84657E+00   5.34610E+01  2.77205E+00   5.64158E+01  2.69873E+00   5.95934E+01  2.62756E+00   6.29850E+01  2.55940E+00   6.65794E+01  2.49493E+00   7.03633E+01  2.43475E+00   7.43205E+01  2.37928E+00   7.84335E+01  2.32879E+00   8.26822E+01  2.28344E+00   8.70460E+01  2.24323E+00   9.15035E+01  2.20807E+00   9.60330E+01  2.17775E+00   1.00614E+02  2.15200E+00   1.05228E+02  2.13045E+00   1.09856E+02  2.11273E+00   1.14484E+02  2.09841E+00   1.19098E+02  2.08708E+00   1.23690E+02  2.07832E+00   1.28249E+02  2.07171E+00   1.32771E+02  2.06689E+00   1.37251E+02  2.06349E+00   1.41688E+02  2.06120E+00   1.46081E+02  2.05972E+00   1.50430E+02  2.05882E+00   1.54737E+02  2.05827E+00   1.59003E+02  2.05787E+00   1.63231E+02  2.05748E+00   1.67423E+02  2.05697E+00   1.71583E+02 
 2.05714E+00   1.70386E+02  2.05761E+00   1.66186E+02  2.05800E+00   1.61950E+02  2.05843E+00   1.57675E+02  2.05908E+00   1.53359E+02  2.06016E+00   1.48999E+02  2.06190E+00   1.44593E+02  2.06457E+00   1.40139E+02  2.06849E+00   1.35637E+02  2.07400E+00   1.31088E+02  2.08147E+00   1.26494E+02  2.09134E+00   1.21860E+02  2.10402E+00   1.17192E+02  2.11997E+00   1.12498E+02  2.13966E+00   1.07791E+02  2.16351E+00   1.03083E+02  2.19195E+00   9.83925E+01  2.22535E+00   9.37366E+01  2.26400E+00   8.91364E+01  2.30812E+00   8.46135E+01  2.35779E+00   8.01902E+01  2.41300E+00   7.58888E+01  2.47358E+00   7.17306E+01  2.53921E+00   6.77353E+01  2.60942E+00   6.39209E+01  2.68359E+00   6.03027E+01  2.76094E+00   5.68938E+01  2.84056E+00   5.37046E+01  2.92143E+00   5.07431E+01  3.00239E+00   4.80149E+01  3.08224E+00   4.55240E+01  3.15970E+00   4.32727E+01  3.23348E+00   4.12618E+01  3.30228E+00   3.94913E+01  3.36486E+00   3.79605E+01  3.42005E+00   3.66684E+01  3.46679E+00   3.56136E+01  3.50415E+00   3.47949E+01  3.53140E+00   3.42109E+01  3.54797E+00   3.38611E+01  3.55354E+00   3.37444E+01  3.54797E+00   3.38610E+01  3.53140E+00   3.42110E+01  3.50415E+00   3.47949E+01  3.46679E+00   3.56136E+01  3.42005E+00   3.66684E+01  3.36486E+00   3.79605E+01  3.30228E+00   3.94913E+01  3.23348E+00   4.12618E+01  3.15970E+00   4.32727E+01  3.08224E+00   4.55240E+01  3.00239E+00   4.80149E+01  2.92143E+00   5.07431E+01  2.84056E+00   5.37046E+01  2.76094E+00   5.68938E+01  2.68359E+00   6.03027E+01  2.60942E+00   6.39208E+01  2.53921E+00   6.77353E+01  2.47358E+00   7.17305E+01  2.41300E+00   7.58888E+01  2.35779E+00   8.01902E+01  2.30812E+00   8.46134E+01  2.26400E+00   8.91364E+01  2.22535E+00   9.37366E+01  2.19195E+00   9.83925E+01  2.16351E+00   1.03083E+02  2.13965E+00   1.07791E+02  2.11997E+00   1.12498E+02  2.10402E+00   1.17192E+02  2.09134E+00   1.21860E+02  2.08147E+00   1.26494E+02  2.07400E+00   1.31088E+02  2.06849E+00   1.35637E+02  2.06457E+00   1.40139E+02  2.06190E+00   1.44593E+02  2.06016E+00   1.48999E+02  2.05908E+00   1.53359E+02  2.05843E+00   1.57675E+02  2.05800E+00   1.61950E+02  2.05761E+00   1.66186E+02  2.05714E+00   1.70386E+02 
 2.05729E+00   1.69283E+02  2.05773E+00   1.65045E+02  2.05812E+00   1.60768E+02  2.05860E+00   1.56450E+02  2.05936E+00   1.52087E+02  2.06062E+00   1.47677E+02  2.06264E+00   1.43216E+02  2.06570E+00   1.38705E+02  2.07015E+00   1.34142E+02  2.07634E+00   1.29528E+02  2.08470E+00   1.24867E+02  2.09566E+00   1.20163E+02  2.10969E+00   1.15422E+02  2.12728E+00   1.10655E+02  2.14892E+00   1.05874E+02  2.17506E+00   1.01094E+02  2.20617E+00   9.63320E+01  2.24262E+00   9.16083E+01  2.28472E+00   8.69444E+01  2.33270E+00   8.23630E+01  2.38663E+00   7.78874E+01  2.44650E+00   7.35404E+01  2.51209E+00   6.93436E+01  2.58307E+00   6.53168E+01  2.65892E+00   6.14778E+01  2.73897E+00   5.78414E+01  2.82238E+00   5.44202E+01  2.90818E+00   5.12237E+01  2.99527E+00   4.82592E+01  3.08241E+00   4.55316E+01  3.16832E+00   4.30440E+01  3.25163E+00   4.07978E+01  3.33096E+00   3.87933E+01  3.40492E+00   3.70299E+01  3.47219E+00   3.55063E+01  3.53150E+00   3.42210E+01  3.58174E+00   3.31722E+01  3.62189E+00   3.23585E+01  3.65117E+00   3.17783E+01  3.66898E+00   3.14307E+01  3.67496E+00   3.13149E+01  3.66898E+00   3.14307E+01  3.65117E+00   3.17783E+01  3.62189E+00   3.23585E+01  3.58174E+00   3.31722E+01  3.53150E+00   3.42210E+01  3.47219E+00   3.55063E+01  3.40492E+00   3.70299E+01  3.33096E+00   3.87933E+01  3.25163E+00   4.07978E+01  3.16832E+00   4.30440E+01  3.08241E+00   4.55316E+01  2.99527E+00   4.82592E+01  2.90818E+00   5.12237E+01  2.82238E+00   5.44202E+01  2.73897E+00   5.78414E+01  2.65892E+00   6.14777E+01  2.58307E+00   6.53168E+01  2.51209E+00   6.93436E+01  2.44650E+00   7.35404E+01  2.38663E+00   7.78874E+01  2.33270E+00   8.23630E+01  2.28472E+00   8.69444E+01  2.24262E+00   9.16082E+01  2.20617E+00   9.63321E+01  2.17506E+00   1.01094E+02  2.14892E+00   1.05874E+02  2.12728E+00   1.10655E+02  2.10969E+00   1.15422E+02  2.09566E+00   1.20163E+02  2.08470E+00   1.24867E+02  2.07634E+00   1.29528E+02  2.07015E+00   1.34142E+02  2.06570E+00   1.38705E+02  2.06264E+00   1.43216E+02  2.06062E+00   1.47677E+02  2.05936E+00   1.52087E+02  2.05860E+00   1.56450E+02  2.05812E+00   1.60768E+02  2.05773E+00   1.65045E+02  2.05729E+00   1.69283E+02 
 2.05741E+00   1.68277E+02  2.05783E+00   1.64003E+02  2.05823E+00   1.59689E+02  2.05877E+00   1.55330E+02  2.05965E+00   1.50924E+02  2.06110E+00   1.46466E+02  2.06340E+00   1.41955E+02  2.06685E+00   1.37391E+02  2.07182E+00   1.32771E+02  2.07870E+00   1.28097E+02  2.08792E+00   1.23374E+02  2.09997E+00   1.18605E+02  2.11533E+00   1.13798E+02  2.13452E+00   1.08963E+02  2.15806E+00   1.04115E+02  2.18645E+00   9.92679E+01  2.22015E+00   9.44417E+01  2.25957E+00   8.96568E+01  2.30503E+00   8.49362E+01  2.35675E+00   8.03034E+01  2.41482E+00   7.57823E+01  2.47918E+00   7.13963E+01  2.54963E+00   6.71671E+01  2.62578E+00   6.31147E+01  2.70708E+00   5.92563E+01  2.79280E+00   5.56065E+01  2.88206E+00   5.21771E+01  2.97382E+00   4.89768E+01  3.06690E+00   4.60123E+01  3.16001E+00   4.32877E+01  3.25177E+00   4.08053E+01  3.34072E+00   3.85658E+01  3.42542E+00   3.65688E+01  3.50437E+00   3.48133E+01  3.57617E+00   3.32975E+01  3.63947E+00   3.20194E+01  3.69308E+00   3.09771E+01  3.73594E+00   3.01686E+01  3.76719E+00   2.95922E+01  3.78619E+00   2.92470E+01  3.79258E+00   2.91320E+01  3.78619E+00   2.92470E+01  3.76719E+00   2.95922E+01  3.73594E+00   3.01686E+01  3.69309E+00   3.09771E+01  3.63947E+00   3.20194E+01  3.57617E+00   3.32975E+01  3.50437E+00   3.48133E+01  3.42542E+00   3.65688E+01  3.34073E+00   3.85657E+01  3.25177E+00   4.08052E+01  3.16001E+00   4.32877E+01  3.06690E+00   4.60123E+01  2.97382E+00   4.89768E+01  2.88206E+00   5.21770E+01  2.79280E+00   5.56065E+01  2.70708E+00   5.92563E+01  2.62578E+00   6.31147E+01  2.54963E+00   6.71671E+01  2.47918E+00   7.13963E+01  2.41481E+00   7.57824E+01  2.35675E+00   8.03033E+01  2.30503E+00   8.49362E+01  2.25957E+00   8.96568E+01  2.22015E+00   9.44417E+01  2.18645E+00   9.92680E+01  2.15806E+00   1.04115E+02  2.13452E+00   1.08963E+02  2.11533E+00   1.13798E+02  2.09997E+00   1.18605E+02  2.08792E+00   1.23374E+02  2.07870E+00   1.28097E+02  2.07182E+00   1.32771E+02  2.06685E+00   1.37391E+02  2.06340E+00   1.41955E+02  2.06110E+00   1.46466E+02  2.05965E+00   1.50923E+02  2.05877E+00   1.55330E+02  2.05823E+00   1.59689E+02  2.05783E+00   1.64003E+02  2.05741E+00   1.68277E+02 
 2.05751E+00   1.67369E+02  2.05792E+00   1.63064E+02  2.05835E+00   1.58715E+02  2.05895E+00   1.54319E+02  2.05995E+00   1.49872E+02  2.06159E+00   1.45372E+02  2.06417E+00   1.40815E+02  2.06800E+00   1.36201E+02  2.07348E+00   1.31529E+02  2.08102E+00   1.26801E+02  2.09108E+00   1.22020E+02  2.10417E+00   1.17192E+02  2.12080E+00   1.12324E+02  2.14154E+00   1.07429E+02  2.16691E+00   1.02519E+02  2.19744E+00   9.76130E+01  2.23362E+00   9.27292E+01  2.27588E+00   8.78903E+01  2.32454E+00   8.31198E+01  2.37983E+00   7.84423E+01  2.44182E+00   7.38823E+01  2.51047E+00   6.94633E+01  2.58552E+00   6.52075E+01  2.66658E+00   6.11345E+01  2.75304E+00   5.72613E+01  2.84415E+00   5.36019E+01  2.93896E+00   5.01675E+01  3.03636E+00   4.69662E+01  3.13513E+00   4.40039E+01  3.23389E+00   4.12839E+01  3.33120E+00   3.88079E+01  3.42552E+00   3.65759E+01  3.51530E+00   3.45872E+01  3.59899E+00   3.28400E+01  3.67510E+00   3.13322E+01  3.74220E+00   3.00614E+01  3.79902E+00   2.90254E+01  3.84444E+00   2.82221E+01  3.87757E+00   2.76496E+01  3.89772E+00   2.73067E+01  3.90448E+00   2.71925E+01  3.89772E+00   2.73067E+01  3.87757E+00   2.76496E+01  3.84444E+00   2.82221E+01  3.79902E+00   2.90254E+01  3.74220E+00   3.00614E+01  3.67510E+00   3.13322E+01  3.59899E+00   3.28400E+01  3.51530E+00   3.45872E+01  3.42552E+00   3.65759E+01  3.33120E+00   3.88079E+01  3.23389E+00   4.12839E+01  3.13513E+00   4.40039E+01  3.03636E+00   4.69663E+01  2.93896E+00   5.01675E+01  2.84415E+00   5.36019E+01  2.75304E+00   5.72613E+01  2.66658E+00   6.11345E+01  2.58552E+00   6.52075E+01  2.51047E+00   6.94633E+01  2.44182E+00   7.38823E+01  2.37983E+00   7.84422E+01  2.32454E+00   8.31199E+01  2.27588E+00   8.78903E+01  2.23362E+00   9.27292E+01  2.19744E+00   9.76130E+01  2.16691E+00   1.02519E+02  2.14154E+00   1.07429E+02  2.12081E+00   1.12324E+02  2.10417E+00   1.17192E+02  2.09108E+00   1.22020E+02  2.08102E+00   1.26801E+02  2.07348E+00   1.31529E+02  2.06800E+00   1.36201E+02  2.06417E+00   1.40815E+02  2.06159E+00   1.45372E+02  2.05995E+00   1.49872E+02  2.05895E+00   1.54319E+02  2.05834E+00   1.58715E+02  2.05792E+00   1.63064E+02  2.05751E+00   1.67369E+02 
 2.05760E+00   1.66563E+02  2.05800E+00   1.62229E+02  2.05845E+00   1.57849E+02  2.05912E+00   1.53419E+02  2.06024E+00   1.48936E+02  2.06207E+00   1.44397E+02  2.06491E+00   1.39799E+02  2.06911E+00   1.35141E+02  2.07507E+00   1.30422E+02  2.08324E+00   1.25645E+02  2.09409E+00   1.20812E+02  2.10816E+00   1.15931E+02  2.12600E+00   1.11009E+02  2.14818E+00   1.06059E+02  2.17527E+00   1.01095E+02  2.20781E+00   9.61361E+01  2.24632E+00   9.12019E+01  2.29122E+00   8.63157E+01  2.34287E+00   8.15022E+01  2.40148E+00   7.67863E+01  2.46714E+00   7.21934E+01  2.53977E+00   6.77471E+01  2.61911E+00   6.34696E+01  2.70473E+00   5.93804E+01  2.79599E+00   5.54962E+01  2.89210E+00   5.18303E+01  2.99205E+00   4.83935E+01  3.09471E+00   4.51932E+01  3.19876E+00   4.22344E+01  3.30278E+00   3.95200E+01  3.40524E+00   3.70510E+01  3.50454E+00   3.48270E+01  3.59906E+00   3.28466E+01  3.68717E+00   3.11076E+01  3.76728E+00   2.96076E+01  3.83792E+00   2.83440E+01  3.89775E+00   2.73141E+01  3.94556E+00   2.65158E+01  3.98044E+00   2.59470E+01  4.00165E+00   2.56063E+01  4.00877E+00   2.54928E+01  4.00165E+00   2.56063E+01  3.98044E+00   2.59470E+01  3.94556E+00   2.65158E+01  3.89775E+00   2.73141E+01  3.83792E+00   2.83440E+01  3.76728E+00   2.96076E+01  3.68717E+00   3.11076E+01  3.59906E+00   3.28466E+01  3.50454E+00   3.48270E+01  3.40524E+00   3.70510E+01  3.30278E+00   3.95200E+01  3.19876E+00   4.22344E+01  3.09471E+00   4.51932E+01  2.99205E+00   4.83935E+01  2.89210E+00   5.18304E+01  2.79599E+00   5.54962E+01  2.70473E+00   5.93804E+01  2.61911E+00   6.34696E+01  2.53977E+00   6.77471E+01  2.46714E+00   7.21934E+01  2.40148E+00   7.67863E+01  2.34287E+00   8.15022E+01  2.29122E+00   8.63157E+01  2.24632E+00   9.12019E+01  2.20781E+00   9.61361E+01  2.17527E+00   1.01095E+02  2.14818E+00   1.06059E+02  2.12600E+00   1.11009E+02  2.10817E+00   1.15931E+02  2.09409E+00   1.20812E+02  2.08324E+00   1.25645E+02  2.07507E+00   1.30422E+02  2.06911E+00   1.35141E+02  2.06491E+00   1.39799E+02  2.06207E+00   1.44397E+02  2.06024E+00   1.48936E+02  2.05912E+00   1.53419E+02  2.05845E+00   1.57849E+02  2.05800E+00   1.62229E+02  2.05760E+00   1.66563E+02 
 2.05767E+00   1.65860E+02  2.05807E+00   1.61501E+02  2.05855E+00   1.57093E+02  2.05928E+00   1.52634E+02  2.06052E+00   1.48119E+02  2.06252E+00   1.43545E+02  2.06561E+00   1.38910E+02  2.07015E+00   1.34213E+02  2.07656E+00   1.29453E+02  2.08530E+00   1.24633E+02  2.09689E+00   1.19755E+02  2.11186E+00   1.14827E+02  2.13080E+00   1.09857E+02  2.15430E+00   1.04860E+02  2.18296E+00   9.98487E+01  2.21733E+00   9.48436E+01  2.25796E+00   8.98659E+01  2.30528E+00   8.49393E+01  2.35965E+00   8.00891E+01  2.42129E+00   7.53411E+01  2.49027E+00   7.07208E+01  2.56652E+00   6.62522E+01  2.64975E+00   6.19574E+01  2.73950E+00   5.78558E+01  2.83511E+00   5.39635E+01  2.93575E+00   5.02936E+01  3.04037E+00   4.68562E+01  3.14778E+00   4.36580E+01  3.25663E+00   4.07037E+01  3.36541E+00   3.79953E+01  3.47256E+00   3.55335E+01  3.57639E+00   3.33172E+01  3.67521E+00   3.13448E+01  3.76732E+00   2.96136E+01  3.85109E+00   2.81210E+01  3.92495E+00   2.68640E+01  3.98750E+00   2.58398E+01  4.03750E+00   2.50461E+01  4.07397E+00   2.44806E+01  4.09615E+00   2.41420E+01  4.10359E+00   2.40292E+01  4.09615E+00   2.41420E+01  4.07397E+00   2.44806E+01  4.03750E+00   2.50461E+01  3.98750E+00   2.58398E+01  3.92495E+00   2.68640E+01  3.85109E+00   2.81210E+01  3.76732E+00   2.96136E+01  3.67521E+00   3.13447E+01  3.57639E+00   3.33172E+01  3.47256E+00   3.55334E+01  3.36541E+00   3.79953E+01  3.25663E+00   4.07037E+01  3.14778E+00   4.36580E+01  3.04037E+00   4.68562E+01  2.93575E+00   5.02937E+01  2.83511E+00   5.39635E+01  2.73950E+00   5.78558E+01  2.64975E+00   6.19575E+01  2.56652E+00   6.62522E+01  2.49027E+00   7.07208E+01  2.42129E+00   7.53411E+01  2.35965E+00   8.00891E+01  2.30528E+00   8.49393E+01  2.25796E+00   8.98658E+01  2.21733E+00   9.48437E+01  2.18296E+00   9.98486E+01  2.15430E+00   1.04860E+02  2.13080E+00   1.09857E+02  2.11186E+00   1.14827E+02  2.09689E+00   1.19755E+02  2.08530E+00   1.24633E+02  2.07656E+00   1.29453E+02  2.07015E+00   1.34213E+02  2.06561E+00   1.38910E+02  2.06252E+00   1.43545E+02  2.06052E+00   1.48119E+02  2.05929E+00   1.52634E+02  2.05855E+00   1.57093E+02  2.05807E+00   1.61501E+02  2.05767E+00   1.65860E+02 
 2.05773E+00   1.65263E+02  2.05813E+00   1.60881E+02  2.05864E+00   1.56450E+02  2.05943E+00   1.51965E+02  2.06078E+00   1.47423E+02  2.06294E+00   1.42819E+02  2.06625E+00   1.38153E+02  2.07109E+00   1.33422E+02  2.07791E+00   1.28627E+02  2.08716E+00   1.23769E+02  2.09939E+00   1.18852E+02  2.11517E+00   1.13884E+02  2.13508E+00   1.08874E+02  2.15976E+00   1.03836E+02  2.18980E+00   9.87847E+01  2.22580E+00   9.37409E+01  2.26830E+00   8.87265E+01  2.31775E+00   8.37661E+01  2.37452E+00   7.88856E+01  2.43883E+00   7.41111E+01  2.51075E+00   6.94686E+01  2.59018E+00   6.49822E+01  2.67682E+00   6.06739E+01  2.77021E+00   5.65629E+01  2.86966E+00   5.26650E+01  2.97427E+00   4.89929E+01  3.08300E+00   4.55559E+01  3.19460E+00   4.23606E+01  3.30765E+00   3.94109E+01  3.42064E+00   3.67085E+01  3.53190E+00   3.42534E+01  3.63972E+00   3.20444E+01  3.74233E+00   3.00792E+01  3.83798E+00   2.83552E+01  3.92497E+00   2.68692E+01  4.00167E+00   2.56181E+01  4.06662E+00   2.45991E+01  4.11855E+00   2.38094E+01  4.15643E+00   2.32470E+01  4.17946E+00   2.29102E+01  4.18720E+00   2.27981E+01  4.17946E+00   2.29102E+01  4.15643E+00   2.32470E+01  4.11855E+00   2.38094E+01  4.06662E+00   2.45991E+01  4.00167E+00   2.56181E+01  3.92497E+00   2.68692E+01  3.83798E+00   2.83552E+01  3.74233E+00   3.00792E+01  3.63972E+00   3.20444E+01  3.53190E+00   3.42534E+01  3.42064E+00   3.67084E+01  3.30765E+00   3.94109E+01  3.19460E+00   4.23606E+01  3.08300E+00   4.55559E+01  2.97428E+00   4.89929E+01  2.86965E+00   5.26650E+01  2.77021E+00   5.65629E+01  2.67682E+00   6.06740E+01  2.59018E+00   6.49822E+01  2.51075E+00   6.94686E+01  2.43883E+00   7.41111E+01  2.37452E+00   7.88856E+01  2.31775E+00   8.37661E+01  2.26830E+00   8.87265E+01  2.22580E+00   9.37409E+01  2.18980E+00   9.87846E+01  2.15976E+00   1.03836E+02  2.13508E+00   1.08874E+02  2.11517E+00   1.13884E+02  2.09939E+00   1.18852E+02  2.08716E+00   1.23769E+02  2.07791E+00   1.28627E+02  2.07109E+00   1.33422E+02  2.06625E+00   1.38153E+02  2.06294E+00   1.42819E+02  2.06078E+00   1.47423E+02  2.05944E+00   1.51965E+02  2.05864E+00   1.56450E+02  2.05813E+00   1.60881E+02  2.05773E+00   1.65263E+02 
 2.05778E+00   1.64771E+02  2.05819E+00   1.60372E+02  2.05872E+00   1.55921E+02  2.05957E+00   1.51415E+02  2.06100E+00   1.46850E+02  2.06330E+00   1.42222E+02  2.06680E+00   1.37529E+02  2.07191E+00   1.32771E+02  2.07907E+00   1.27946E+02  2.08876E+00   1.23057E+02  2.10154E+00   1.18108E+02  2.11800E+00   1.13107E+02  2.13875E+00   1.08064E+02  2.16442E+00   1.02992E+02  2.19565E+00   9.79079E+01  2.23302E+00   9.28325E+01  2.27711E+00   8.77884E+01  2.32837E+00   8.28006E+01  2.38717E+00   7.78956E+01  2.45374E+00   7.31001E+01  2.52813E+00   6.84401E+01  2.61025E+00   6.39399E+01  2.69979E+00   5.96213E+01  2.79625E+00   5.55034E+01  2.89893E+00   5.16018E+01  3.00692E+00   4.79285E+01  3.11911E+00   4.44928E+01  3.23424E+00   4.13004E+01  3.35086E+00   3.83551E+01  3.46739E+00   3.56581E+01  3.58214E+00   3.32091E+01  3.69334E+00   3.10064E+01  3.79916E+00   2.90476E+01  3.89781E+00   2.73297E+01  3.98752E+00   2.58494E+01  4.06662E+00   2.46035E+01  4.13362E+00   2.35888E+01  4.18718E+00   2.28026E+01  4.22625E+00   2.22427E+01  4.25001E+00   2.19075E+01  4.25799E+00   2.17959E+01  4.25001E+00   2.19075E+01  4.22625E+00   2.22428E+01  4.18718E+00   2.28026E+01  4.13362E+00   2.35888E+01  4.06662E+00   2.46035E+01  3.98752E+00   2.58494E+01  3.89781E+00   2.73297E+01  3.79916E+00   2.90476E+01  3.69334E+00   3.10064E+01  3.58214E+00   3.32091E+01  3.46739E+00   3.56581E+01  3.35086E+00   3.83551E+01  3.23424E+00   4.13004E+01  3.11911E+00   4.44927E+01  3.00692E+00   4.79285E+01  2.89893E+00   5.16017E+01  2.79626E+00   5.55034E+01  2.69979E+00   5.96214E+01  2.61025E+00   6.39399E+01  2.52813E+00   6.84401E+01  2.45374E+00   7.31001E+01  2.38717E+00   7.78956E+01  2.32837E+00   8.28006E+01  2.27711E+00   8.77883E+01  2.23302E+00   9.28325E+01  2.19565E+00   9.79079E+01  2.16442E+00   1.02992E+02  2.13875E+00   1.08064E+02  2.11800E+00   1.13107E+02  2.10154E+00   1.18108E+02  2.08876E+00   1.23057E+02  2.07906E+00   1.27946E+02  2.07191E+00   1.32771E+02  2.06681E+00   1.37529E+02  2.06330E+00   1.42222E+02  2.06100E+00   1.46850E+02  2.05957E+00   1.51415E+02  2.05872E+00   1.55921E+02  2.05819E+00   1.60372E+02  2.05778E+00   1.64771E+02 
 2.05781E+00   1.64388E+02  2.05823E+00   1.59974E+02  2.05878E+00   1.55508E+02  2.05968E+00   1.50985E+02  2.06119E+00   1.46402E+02  2.06360E+00   1.41755E+02  2.06726E+00   1.37042E+02  2.07257E+00   1.32261E+02  2.08000E+00   1.27413E+02  2.09005E+00   1.22500E+02  2.10328E+00   1.17526E+02  2.12029E+00   1.12499E+02  2.14170E+00   1.07430E+02  2.16817E+00   1.02332E+02  2.20034E+00   9.72221E+01  2.23882E+00   9.21221E+01  2.28418E+00   8.70549E+01  2.33689E+00   8.20461E+01  2.39732E+00   7.71225E+01  2.46568E+00   7.23110E+01  2.54206E+00   6.76378E+01  2.62633E+00   6.31273E+01  2.71818E+00   5.88012E+01  2.81709E+00   5.46785E+01  2.92235E+00   5.07744E+01  3.03302E+00   4.71008E+01  3.14798E+00   4.36664E+01  3.26594E+00   4.04768E+01  3.38540E+00   3.75354E+01  3.50477E+00   3.48429E+01  3.62230E+00   3.23989E+01  3.73619E+00   3.02014E+01  3.84458E+00   2.82478E+01  3.94562E+00   2.65348E+01  4.03751E+00   2.50592E+01  4.11855E+00   2.38173E+01  4.18718E+00   2.28061E+01  4.24205E+00   2.20227E+01  4.28207E+00   2.14649E+01  4.30642E+00   2.11309E+01  4.31459E+00   2.10197E+01  4.30642E+00   2.11309E+01  4.28207E+00   2.14649E+01  4.24205E+00   2.20227E+01  4.18718E+00   2.28061E+01  4.11855E+00   2.38173E+01  4.03751E+00   2.50591E+01  3.94562E+00   2.65348E+01  3.84458E+00   2.82478E+01  3.73619E+00   3.02014E+01  3.62230E+00   3.23988E+01  3.50477E+00   3.48429E+01  3.38540E+00   3.75353E+01  3.26594E+00   4.04768E+01  3.14798E+00   4.36664E+01  3.03302E+00   4.71008E+01  2.92235E+00   5.07744E+01  2.81710E+00   5.46785E+01  2.71818E+00   5.88013E+01  2.62633E+00   6.31272E+01  2.54206E+00   6.76378E+01  2.46568E+00   7.23110E+01  2.39731E+00   7.71225E+01  2.33689E+00   8.20462E+01  2.28418E+00   8.70549E+01  2.23882E+00   9.21222E+01  2.20034E+00   9.72220E+01  2.16817E+00   1.02332E+02  2.14170E+00   1.07430E+02  2.12029E+00   1.12499E+02  2.10328E+00   1.17526E+02  2.09005E+00   1.22500E+02  2.08000E+00   1.27413E+02  2.07257E+00   1.32261E+02  2.06726E+00   1.37042E+02  2.06359E+00   1.41755E+02  2.06119E+00   1.46402E+02  2.05968E+00   1.50985E+02  2.05878E+00   1.55508E+02  2.05823E+00   1.59974E+02  2.05782E+00   1.64388E+02 
 2.05784E+00   1.64113E+02  2.05826E+00   1.59689E+02  2.05883E+00   1.55211E+02  2.05976E+00   1.50677E+02  2.06132E+00   1.46081E+02  2.06382E+00   1.41420E+02  2.06759E+00   1.36692E+02  2.07306E+00   1.31896E+02  2.08070E+00   1.27031E+02  2.09100E+00   1.22100E+02  2.10455E+00   1.17109E+02  2.12196E+00   1.12063E+02  2.14386E+00   1.06975E+02  2.17092E+00   1.01858E+02  2.20379E+00   9.67301E+01  2.24307E+00   9.16127E+01  2.28936E+00   8.65291E+01  2.34312E+00   8.15054E+01  2.40473E+00   7.65686E+01  2.47441E+00   7.17458E+01  2.55223E+00   6.70634E+01  2.63807E+00   6.25459E+01  2.73160E+00   5.82147E+01  2.83230E+00   5.40889E+01  2.93943E+00   5.01833E+01  3.05206E+00   4.65096E+01  3.16904E+00   4.30765E+01  3.28905E+00   3.98891E+01  3.41058E+00   3.69506E+01  3.53201E+00   3.42615E+01  3.65158E+00   3.18213E+01  3.76743E+00   2.96276E+01  3.87770E+00   2.76779E+01  3.98049E+00   2.59686E+01  4.07397E+00   2.44963E+01  4.15641E+00   2.32574E+01  4.22623E+00   2.22487E+01  4.28206E+00   2.14674E+01  4.32278E+00   2.09111E+01  4.34755E+00   2.05780E+01  4.35586E+00   2.04671E+01  4.34755E+00   2.05780E+01  4.32278E+00   2.09111E+01  4.28206E+00   2.14674E+01  4.22623E+00   2.22487E+01  4.15641E+00   2.32574E+01  4.07397E+00   2.44963E+01  3.98049E+00   2.59686E+01  3.87770E+00   2.76779E+01  3.76743E+00   2.96276E+01  3.65158E+00   3.18212E+01  3.53201E+00   3.42615E+01  3.41058E+00   3.69506E+01  3.28905E+00   3.98891E+01  3.16904E+00   4.30765E+01  3.05206E+00   4.65097E+01  2.93943E+00   5.01833E+01  2.83230E+00   5.40889E+01  2.73160E+00   5.82148E+01  2.63807E+00   6.25458E+01  2.55223E+00   6.70635E+01  2.47441E+00   7.17458E+01  2.40473E+00   7.65686E+01  2.34312E+00   8.15054E+01  2.28936E+00   8.65291E+01  2.24307E+00   9.16127E+01  2.20379E+00   9.67301E+01  2.17092E+00   1.01858E+02  2.14387E+00   1.06975E+02  2.12197E+00   1.12063E+02  2.10455E+00   1.17109E+02  2.09100E+00   1.22100E+02  2.08069E+00   1.27031E+02  2.07306E+00   1.31896E+02  2.06759E+00   1.36692E+02  2.06381E+00   1.41420E+02  2.06132E+00   1.46081E+02  2.05976E+00   1.50677E+02  2.05883E+00   1.55212E+02  2.05826E+00   1.59689E+02  2.05784E+00   1.64113E+02 
 2.05786E+00   1.63948E+02  2.05828E+00   1.59518E+02  2.05886E+00   1.55034E+02  2.05981E+00   1.50492E+02  2.06141E+00   1.45888E+02  2.06395E+00   1.41219E+02  2.06780E+00   1.36482E+02  2.07336E+00   1.31676E+02  2.08112E+00   1.26801E+02  2.09158E+00   1.21860E+02  2.10533E+00   1.16857E+02  2.12299E+00   1.11801E+02  2.14519E+00   1.06701E+02  2.17260E+00   1.01573E+02  2.20588E+00   9.64342E+01  2.24566E+00   9.13062E+01  2.29252E+00   8.62129E+01  2.34692E+00   8.11802E+01  2.40925E+00   7.62356E+01  2.47973E+00   7.14062E+01  2.55843E+00   6.67184E+01  2.64522E+00   6.21966E+01  2.73977E+00   5.78626E+01  2.84155E+00   5.37349E+01  2.94983E+00   4.98285E+01  3.06365E+00   4.61550E+01  3.18185E+00   4.27227E+01  3.30311E+00   3.95367E+01  3.42590E+00   3.66000E+01  3.54859E+00   3.39131E+01  3.66939E+00   3.14752E+01  3.78644E+00   2.92839E+01  3.89784E+00   2.73365E+01  4.00169E+00   2.56294E+01  4.09614E+00   2.41592E+01  4.17944E+00   2.29221E+01  4.24999E+00   2.19150E+01  4.30640E+00   2.11350E+01  4.34754E+00   2.05796E+01  4.37257E+00   2.02470E+01  4.38097E+00   2.01363E+01  4.37257E+00   2.02470E+01  4.34754E+00   2.05796E+01  4.30640E+00   2.11350E+01  4.24999E+00   2.19150E+01  4.17944E+00   2.29221E+01  4.09614E+00   2.41592E+01  4.00169E+00   2.56294E+01  3.89784E+00   2.73365E+01  3.78644E+00   2.92839E+01  3.66939E+00   3.14751E+01  3.54859E+00   3.39131E+01  3.42590E+00   3.66000E+01  3.30311E+00   3.95368E+01  3.18185E+00   4.27227E+01  3.06365E+00   4.61550E+01  2.94983E+00   4.98285E+01  2.84156E+00   5.37349E+01  2.73977E+00   5.78626E+01  2.64522E+00   6.21966E+01  2.55843E+00   6.67184E+01  2.47973E+00   7.14061E+01  2.40925E+00   7.62356E+01  2.34692E+00   8.11803E+01  2.29251E+00   8.62128E+01  2.24566E+00   9.13062E+01  2.20589E+00   9.64341E+01  2.17260E+00   1.01573E+02  2.14519E+00   1.06701E+02  2.12299E+00   1.11801E+02  2.10533E+00   1.16857E+02  2.09158E+00   1.21860E+02  2.08112E+00   1.26801E+02  2.07336E+00   1.31676E+02  2.06780E+00   1.36482E+02  2.06395E+00   1.41219E+02  2.06141E+00   1.45888E+02  2.05981E+00   1.50492E+02  2.05886E+00   1.55034E+02  2.05828E+00   1.59518E+02  2.05786E+00   1.63948E+02 
 2.05786E+00   1.63893E+02  2.05828E+00   1.59461E+02  2.05887E+00   1.54974E+02  2.05983E+00   1.50430E+02  2.06144E+00   1.45823E+02  2.06400E+00   1.41152E+02  2.06787E+00   1.36412E+02  2.07346E+00   1.31603E+02  2.08126E+00   1.26725E+02  2.09178E+00   1.21780E+02  2.10560E+00   1.16773E+02  2.12333E+00   1.11713E+02  2.14563E+00   1.06610E+02  2.17317E+00   1.01478E+02  2.20659E+00   9.63354E+01  2.24653E+00   9.12039E+01  2.29358E+00   8.61073E+01  2.34819E+00   8.10717E+01  2.41077E+00   7.61245E+01  2.48152E+00   7.12928E+01  2.56051E+00   6.66033E+01  2.64762E+00   6.20802E+01  2.74251E+00   5.77452E+01  2.84466E+00   5.36169E+01  2.95332E+00   4.97103E+01  3.06753E+00   4.60368E+01  3.18615E+00   4.26048E+01  3.30782E+00   3.94193E+01  3.43104E+00   3.64832E+01  3.55415E+00   3.37971E+01  3.67536E+00   3.13599E+01  3.79282E+00   2.91694E+01  3.90460E+00   2.72228E+01  4.00881E+00   2.55165E+01  4.10358E+00   2.40469E+01  4.18717E+00   2.28105E+01  4.25796E+00   2.18039E+01  4.31457E+00   2.10243E+01  4.35585E+00   2.04692E+01  4.38097E+00   2.01368E+01  4.38940E+00   2.00262E+01  4.38097E+00   2.01368E+01  4.35585E+00   2.04692E+01  4.31456E+00   2.10243E+01  4.25796E+00   2.18039E+01  4.18717E+00   2.28105E+01  4.10359E+00   2.40469E+01  4.00881E+00   2.55165E+01  3.90460E+00   2.72228E+01  3.79282E+00   2.91694E+01  3.67536E+00   3.13599E+01  3.55415E+00   3.37971E+01  3.43104E+00   3.64832E+01  3.30782E+00   3.94193E+01  3.18615E+00   4.26048E+01  3.06753E+00   4.60368E+01  2.95332E+00   4.97103E+01  2.84466E+00   5.36169E+01  2.74251E+00   5.77452E+01  2.64762E+00   6.20801E+01  2.56051E+00   6.66033E+01  2.48152E+00   7.12928E+01  2.41077E+00   7.61245E+01  2.34819E+00   8.10717E+01  2.29357E+00   8.61073E+01  2.24653E+00   9.12040E+01  2.20659E+00   9.63353E+01  2.17317E+00   1.01478E+02  2.14563E+00   1.06610E+02  2.12333E+00   1.11713E+02  2.10560E+00   1.16773E+02  2.09178E+00   1.21780E+02  2.08126E+00   1.26725E+02  2.07346E+00   1.31603E+02  2.06787E+00   1.36412E+02  2.06399E+00   1.41152E+02  2.06144E+00   1.45823E+02  2.05983E+00   1.50430E+02  2.05887E+00   1.54974E+02  2.05828E+00   1.59461E+02  2.05786E+00   1.63893E+02 
 2.05786E+00   1.63948E+02  2.05828E+00   1.59518E+02  2.05886E+00   1.55034E+02  2.05981E+00   1.50492E+02  2.06141E+00   1.45888E+02  2.06395E+00   1.41219E+02  2.06780E+00   1.36482E+02  2.07336E+00   1.31676E+02  2.08112E+00   1.26801E+02  2.09158E+00   1.21860E+02  2.10533E+00   1.16857E+02  2.12299E+00   1.11801E+02  2.14519E+00   1.06701E+02  2.17260E+00   1.01573E+02  2.20589E+00   9.64342E+01  2.24566E+00   9.13062E+01  2.29252E+00   8.62128E+01  2.34692E+00   8.11802E+01  2.40925E+00   7.62356E+01  2.47973E+00   7.14062E+01  2.55843E+00   6.67184E+01  2.64522E+00   6.21966E+01  2.73977E+00   5.78626E+01  2.84155E+00   5.37349E+01  2.94983E+00   4.98285E+01  3.06365E+00   4.61550E+01  3.18185E+00   4.27227E+01  3.30311E+00   3.95368E+01  3.42590E+00   3.66000E+01  3.54859E+00   3.39131E+01  3.66939E+00   3.14752E+01  3.78644E+00   2.92839E+01  3.89784E+00   2.73365E+01  4.00169E+00   2.56294E+01  4.09614E+00   2.41592E+01  4.17944E+00   2.29221E+01  4.24999E+00   2.19150E+01  4.30640E+00   2.11350E+01  4.34754E+00   2.05796E+01  4.37257E+00   2.02470E+01  4.38097E+00   2.01363E+01  4.37257E+00   2.02470E+01  4.34754E+00   2.05796E+01  4.30640E+00   2.11350E+01  4.24999E+00   2.19150E+01  4.17944E+00   2.29221E+01  4.09614E+00   2.41592E+01  4.00169E+00   2.56294E+01  3.89784E+00   2.73365E+01  3.78644E+00   2.92839E+01  3.66939E+00   3.14751E+01  3.54859E+00   3.39131E+01  3.42590E+00   3.66000E+01  3.30311E+00   3.95368E+01  3.18185E+00   4.27227E+01  3.06365E+00   4.61550E+01  2.94983E+00   4.98285E+01  2.84156E+00   5.37349E+01  2.73977E+00   5.78626E+01  2.64522E+00   6.21966E+01  2.55843E+00   6.67184E+01  2.47973E+00   7.14061E+01  2.40925E+00   7.62356E+01  2.34692E+00   8.11803E+01  2.29251E+00   8.62128E+01  2.24566E+00   9.13062E+01  2.20589E+00   9.64341E+01  2.17260E+00   1.01573E+02  2.14519E+00   1.06701E+02  2.12299E+00   1.11801E+02  2.10533E+00   1.16857E+02  2.09158E+00   1.21860E+02  2.08112E+00   1.26801E+02  2.07336E+00   1.31676E+02  2.06780E+00   1.36482E+02  2.06395E+00   1.41219E+02  2.06141E+00   1.45888E+02  2.05981E+00   1.50492E+02  2.05886E+00   1.55034E+02  2.05828E+00   1.59518E+02  2.05786E+00   1.63948E+02 
 2.05784E+00   1.64113E+02  2.05826E+00   1.59689E+02  2.05883E+00   1.55211E+02  2.05976E+00   1.50677E+02  2.06132E+00   1.46081E+02  2.06382E+00   1.41420E+02  2.06759E+00   1.36692E+02  2.07306E+00   1.31896E+02  2.08070E+00   1.27031E+02  2.09100E+00   1.22100E+02  2.10455E+00   1.17109E+02  2.12196E+00   1.12063E+02  2.14386E+00   1.06975E+02  2.17092E+00   1.01858E+02  2.20379E+00   9.67302E+01  2.24307E+00   9.16127E+01  2.28936E+00   8.65291E+01  2.34312E+00   8.15054E+01  2.40473E+00   7.65686E+01  2.47441E+00   7.17458E+01  2.55223E+00   6.70634E+01  2.63807E+00   6.25459E+01  2.73160E+00   5.82148E+01  2.83230E+00   5.40889E+01  2.93943E+00   5.01833E+01  3.05206E+00   4.65096E+01  3.16904E+00   4.30765E+01  3.28905E+00   3.98891E+01  3.41058E+00   3.69506E+01  3.53201E+00   3.42615E+01  3.65158E+00   3.18212E+01  3.76743E+00   2.96276E+01  3.87770E+00   2.76779E+01  3.98049E+00   2.59686E+01  4.07397E+00   2.44963E+01  4.15641E+00   2.32574E+01  4.22623E+00   2.22488E+01  4.28206E+00   2.14674E+01  4.32278E+00   2.09111E+01  4.34755E+00   2.05780E+01  4.35586E+00   2.04671E+01  4.34755E+00   2.05780E+01  4.32278E+00   2.09111E+01  4.28206E+00   2.14674E+01  4.22623E+00   2.22487E+01  4.15641E+00   2.32574E+01  4.07397E+00   2.44963E+01  3.98049E+00   2.59686E+01  3.87770E+00   2.76779E+01  3.76743E+00   2.96276E+01  3.65158E+00   3.18212E+01  3.53201E+00   3.42615E+01  3.41059E+00   3.69506E+01  3.28905E+00   3.98891E+01  3.16904E+00   4.30765E+01  3.05206E+00   4.65096E+01  2.93943E+00   5.01833E+01  2.83230E+00   5.40889E+01  2.73160E+00   5.82148E+01  2.63807E+00   6.25458E+01  2.55223E+00   6.70635E+01  2.47441E+00   7.17458E+01  2.40473E+00   7.65686E+01  2.34312E+00   8.15054E+01  2.28936E+00   8.65291E+01  2.24307E+00   9.16127E+01  2.20379E+00   9.67301E+01  2.17092E+00   1.01858E+02  2.14387E+00   1.06975E+02  2.12196E+00   1.12063E+02  2.10455E+00   1.17109E+02  2.09100E+00   1.22100E+02  2.08070E+00   1.27031E+02  2.07306E+00   1.31896E+02  2.06759E+00   1.36692E+02  2.06381E+00   1.41420E+02  2.06133E+00   1.46081E+02  2.05976E+00   1.50677E+02  2.05883E+00   1.55212E+02  2.05826E+00   1.59689E+02  2.05784E+00   1.64113E+02 
 2.05782E+00   1.64388E+02  2.05823E+00   1.59974E+02  2.05878E+00   1.55508E+02  2.05968E+00   1.50985E+02  2.06119E+00   1.46402E+02  2.06360E+00   1.41755E+02  2.06726E+00   1.37042E+02  2.07257E+00   1.32261E+02  2.08000E+00   1.27413E+02  2.09005E+00   1.22500E+02  2.10328E+00   1.17526E+02  2.12029E+00   1.12499E+02  2.14170E+00   1.07430E+02  2.16817E+00   1.02332E+02  2.20034E+00   9.72221E+01  2.23882E+00   9.21221E+01  2.28418E+00   8.70549E+01  2.33689E+00   8.20461E+01  2.39732E+00   7.71225E+01  2.46568E+00   7.23110E+01  2.54206E+00   6.76378E+01  2.62633E+00   6.31273E+01  2.71818E+00   5.88013E+01  2.81710E+00   5.46785E+01  2.92235E+00   5.07744E+01  3.03302E+00   4.71008E+01  3.14799E+00   4.36664E+01  3.26594E+00   4.04768E+01  3.38540E+00   3.75353E+01  3.50477E+00   3.48429E+01  3.62230E+00   3.23988E+01  3.73619E+00   3.02014E+01  3.84458E+00   2.82478E+01  3.94562E+00   2.65348E+01  4.03751E+00   2.50592E+01  4.11855E+00   2.38173E+01  4.18718E+00   2.28061E+01  4.24205E+00   2.20227E+01  4.28207E+00   2.14649E+01  4.30642E+00   2.11309E+01  4.31459E+00   2.10197E+01  4.30642E+00   2.11309E+01  4.28207E+00   2.14649E+01  4.24205E+00   2.20227E+01  4.18718E+00   2.28061E+01  4.11855E+00   2.38173E+01  4.03751E+00   2.50592E+01  3.94562E+00   2.65348E+01  3.84458E+00   2.82478E+01  3.73619E+00   3.02014E+01  3.62230E+00   3.23989E+01  3.50477E+00   3.48429E+01  3.38540E+00   3.75353E+01  3.26594E+00   4.04768E+01  3.14798E+00   4.36664E+01  3.03302E+00   4.71008E+01  2.92235E+00   5.07744E+01  2.81710E+00   5.46785E+01  2.71818E+00   5.88012E+01  2.62633E+00   6.31272E+01  2.54206E+00   6.76378E+01  2.46568E+00   7.23110E+01  2.39732E+00   7.71225E+01  2.33689E+00   8.20462E+01  2.28418E+00   8.70549E+01  2.23882E+00   9.21222E+01  2.20034E+00   9.72220E+01  2.16817E+00   1.02332E+02  2.14170E+00   1.07430E+02  2.12029E+00   1.12499E+02  2.10328E+00   1.17526E+02  2.09005E+00   1.22500E+02  2.08000E+00   1.27413E+02  2.07257E+00   1.32261E+02  2.06726E+00   1.37042E+02  2.06359E+00   1.41755E+02  2.06119E+00   1.46402E+02  2.05968E+00   1.50985E+02  2.05878E+00   1.55508E+02  2.05823E+00   1.59974E+02  2.05782E+00   1.64388E+02 
 2.05778E+00   1.64771E+02  2.05819E+00   1.60372E+02  2.05872E+00   1.55921E+02  2.05957E+00   1.51415E+02  2.06100E+00   1.46850E+02  2.06330E+00   1.42222E+02  2.06681E+00   1.37529E+02  2.07191E+00   1.32771E+02  2.07907E+00   1.27946E+02  2.08876E+00   1.23057E+02  2.10154E+00   1.18108E+02  2.11800E+00   1.13107E+02  2.13875E+00   1.08064E+02  2.16442E+00   1.02992E+02  2.19565E+00   9.79079E+01  2.23302E+00   9.28325E+01  2.27711E+00   8.77883E+01  2.32837E+00   8.28006E+01  2.38717E+00   7.78956E+01  2.45373E+00   7.31001E+01  2.52813E+00   6.84401E+01  2.61025E+00   6.39399E+01  2.69979E+00   5.96213E+01  2.79626E+00   5.55034E+01  2.89893E+00   5.16018E+01  3.00692E+00   4.79285E+01  3.11911E+00   4.44927E+01  3.23424E+00   4.13004E+01  3.35086E+00   3.83551E+01  3.46739E+00   3.56581E+01  3.58214E+00   3.32091E+01  3.69333E+00   3.10064E+01  3.79916E+00   2.90476E+01  3.89781E+00   2.73297E+01  3.98752E+00   2.58494E+01  4.06662E+00   2.46035E+01  4.13362E+00   2.35888E+01  4.18718E+00   2.28026E+01  4.22625E+00   2.22428E+01  4.25001E+00   2.19075E+01  4.25799E+00   2.17959E+01  4.25001E+00   2.19075E+01  4.22625E+00   2.22428E+01  4.18718E+00   2.28026E+01  4.13362E+00   2.35888E+01  4.06662E+00   2.46035E+01  3.98752E+00   2.58494E+01  3.89781E+00   2.73297E+01  3.79916E+00   2.90476E+01  3.69334E+00   3.10064E+01  3.58214E+00   3.32091E+01  3.46739E+00   3.56581E+01  3.35086E+00   3.83551E+01  3.23424E+00   4.13004E+01  3.11911E+00   4.44927E+01  3.00692E+00   4.79285E+01  2.89893E+00   5.16017E+01  2.79626E+00   5.55034E+01  2.69979E+00   5.96213E+01  2.61025E+00   6.39399E+01  2.52813E+00   6.84401E+01  2.45374E+00   7.31001E+01  2.38717E+00   7.78956E+01  2.32837E+00   8.28006E+01  2.27711E+00   8.77883E+01  2.23302E+00   9.28325E+01  2.19565E+00   9.79079E+01  2.16442E+00   1.02992E+02  2.13875E+00   1.08064E+02  2.11800E+00   1.13107E+02  2.10154E+00   1.18108E+02  2.08876E+00   1.23057E+02  2.07906E+00   1.27946E+02  2.07191E+00   1.32771E+02  2.06681E+00   1.37529E+02  2.06330E+00   1.42222E+02  2.06100E+00   1.46849E+02  2.05957E+00   1.51415E+02  2.05872E+00   1.55921E+02  2.05819E+00   1.60372E+02  2.05778E+00   1.64771E+02 
 2.05773E+00   1.65263E+02  2.05813E+00   1.60881E+02  2.05864E+00   1.56450E+02  2.05944E+00   1.51965E+02  2.06078E+00   1.47423E+02  2.06294E+00   1.42819E+02  2.06625E+00   1.38153E+02  2.07109E+00   1.33422E+02  2.07791E+00   1.28627E+02  2.08716E+00   1.23769E+02  2.09939E+00   1.18852E+02  2.11517E+00   1.13884E+02  2.13508E+00   1.08874E+02  2.15976E+00   1.03836E+02  2.18980E+00   9.87847E+01  2.22580E+00   9.37409E+01  2.26830E+00   8.87265E+01  2.31775E+00   8.37661E+01  2.37452E+00   7.88856E+01  2.43883E+00   7.41111E+01  2.51075E+00   6.94686E+01  2.59018E+00   6.49822E+01  2.67682E+00   6.06739E+01  2.77021E+00   5.65629E+01  2.86966E+00   5.26650E+01  2.97427E+00   4.89928E+01  3.08300E+00   4.55559E+01  3.19460E+00   4.23606E+01  3.30765E+00   3.94109E+01  3.42064E+00   3.67085E+01  3.53190E+00   3.42534E+01  3.63972E+00   3.20444E+01  3.74233E+00   3.00792E+01  3.83799E+00   2.83552E+01  3.92497E+00   2.68692E+01  4.00167E+00   2.56181E+01  4.06662E+00   2.45991E+01  4.11855E+00   2.38094E+01  4.15643E+00   2.32470E+01  4.17946E+00   2.29102E+01  4.18720E+00   2.27981E+01  4.17946E+00   2.29102E+01  4.15643E+00   2.32470E+01  4.11855E+00   2.38094E+01  4.06662E+00   2.45991E+01  4.00167E+00   2.56181E+01  3.92497E+00   2.68692E+01  3.83798E+00   2.83552E+01  3.74233E+00   3.00792E+01  3.63972E+00   3.20444E+01  3.53190E+00   3.42534E+01  3.42064E+00   3.67085E+01  3.30765E+00   3.94109E+01  3.19460E+00   4.23606E+01  3.08300E+00   4.55559E+01  2.97427E+00   4.89929E+01  2.86965E+00   5.26650E+01  2.77021E+00   5.65629E+01  2.67682E+00   6.06739E+01  2.59018E+00   6.49822E+01  2.51074E+00   6.94687E+01  2.43883E+00   7.41111E+01  2.37452E+00   7.88856E+01  2.31775E+00   8.37661E+01  2.26830E+00   8.87265E+01  2.22580E+00   9.37409E+01  2.18980E+00   9.87846E+01  2.15976E+00   1.03836E+02  2.13508E+00   1.08874E+02  2.11517E+00   1.13884E+02  2.09939E+00   1.18852E+02  2.08716E+00   1.23769E+02  2.07791E+00   1.28627E+02  2.07109E+00   1.33422E+02  2.06625E+00   1.38153E+02  2.06294E+00   1.42819E+02  2.06078E+00   1.47423E+02  2.05944E+00   1.51965E+02  2.05864E+00   1.56450E+02  2.05813E+00   1.60881E+02  2.05773E+00   1.65263E+02 
 2.05767E+00   1.65860E+02  2.05807E+00   1.61501E+02  2.05855E+00   1.57093E+02  2.05928E+00   1.52634E+02  2.06052E+00   1.48119E+02  2.06252E+00   1.43545E+02  2.06561E+00   1.38910E+02  2.07015E+00   1.34213E+02  2.07657E+00   1.29453E+02  2.08531E+00   1.24633E+02  2.09689E+00   1.19755E+02  2.11186E+00   1.14827E+02  2.13080E+00   1.09857E+02  2.15430E+00   1.04860E+02  2.18296E+00   9.98487E+01  2.21733E+00   9.48436E+01  2.25796E+00   8.98659E+01  2.30528E+00   8.49393E+01  2.35965E+00   8.00891E+01  2.42129E+00   7.53411E+01  2.49027E+00   7.07208E+01  2.56652E+00   6.62522E+01  2.64975E+00   6.19574E+01  2.73950E+00   5.78558E+01  2.83511E+00   5.39635E+01  2.93575E+00   5.02936E+01  3.04037E+00   4.68562E+01  3.14778E+00   4.36580E+01  3.25663E+00   4.07037E+01  3.36541E+00   3.79953E+01  3.47256E+00   3.55335E+01  3.57639E+00   3.33172E+01  3.67521E+00   3.13448E+01  3.76732E+00   2.96136E+01  3.85109E+00   2.81210E+01  3.92495E+00   2.68640E+01  3.98750E+00   2.58398E+01  4.03750E+00   2.50461E+01  4.07397E+00   2.44807E+01  4.09615E+00   2.41420E+01  4.10359E+00   2.40293E+01  4.09615E+00   2.41420E+01  4.07397E+00   2.44807E+01  4.03750E+00   2.50461E+01  3.98750E+00   2.58398E+01  3.92495E+00   2.68640E+01  3.85109E+00   2.81210E+01  3.76732E+00   2.96136E+01  3.67521E+00   3.13448E+01  3.57639E+00   3.33172E+01  3.47256E+00   3.55334E+01  3.36541E+00   3.79953E+01  3.25663E+00   4.07037E+01  3.14778E+00   4.36580E+01  3.04037E+00   4.68562E+01  2.93575E+00   5.02937E+01  2.83511E+00   5.39635E+01  2.73950E+00   5.78558E+01  2.64975E+00   6.19574E+01  2.56652E+00   6.62522E+01  2.49027E+00   7.07208E+01  2.42129E+00   7.53411E+01  2.35965E+00   8.00891E+01  2.30528E+00   8.49393E+01  2.25796E+00   8.98658E+01  2.21733E+00   9.48436E+01  2.18296E+00   9.98486E+01  2.15430E+00   1.04860E+02  2.13080E+00   1.09857E+02  2.11186E+00   1.14827E+02  2.09689E+00   1.19755E+02  2.08530E+00   1.24633E+02  2.07656E+00   1.29453E+02  2.07015E+00   1.34213E+02  2.06561E+00   1.38910E+02  2.06252E+00   1.43545E+02  2.06052E+00   1.48119E+02  2.05929E+00   1.52634E+02  2.05855E+00   1.57093E+02  2.05807E+00   1.61501E+02  2.05767E+00   1.65860E+02 
 2.05760E+00   1.66563E+02  2.05800E+00   1.62229E+02  2.05845E+00   1.57849E+02  2.05912E+00   1.53419E+02  2.06024E+00   1.48936E+02  2.06207E+00   1.44397E+02  2.06491E+00   1.39799E+02  2.06911E+00   1.35141E+02  2.07508E+00   1.30422E+02  2.08324E+00   1.25645E+02  2.09409E+00   1.20812E+02  2.10816E+00   1.15931E+02  2.12600E+00   1.11009E+02  2.14818E+00   1.06059E+02  2.17527E+00   1.01095E+02  2.20781E+00   9.61361E+01  2.24632E+00   9.12019E+01  2.29122E+00   8.63157E+01  2.34287E+00   8.15022E+01  2.40148E+00   7.67863E+01  2.46714E+00   7.21934E+01  2.53977E+00   6.77471E+01  2.61911E+00   6.34696E+01  2.70473E+00   5.93804E+01  2.79599E+00   5.54962E+01  2.89210E+00   5.18303E+01  2.99205E+00   4.83935E+01  3.09471E+00   4.51932E+01  3.19876E+00   4.22344E+01  3.30278E+00   3.95200E+01  3.40524E+00   3.70511E+01  3.50454E+00   3.48270E+01  3.59906E+00   3.28466E+01  3.68717E+00   3.11076E+01  3.76728E+00   2.96077E+01  3.83792E+00   2.83440E+01  3.89774E+00   2.73142E+01  3.94556E+00   2.65158E+01  3.98044E+00   2.59470E+01  4.00165E+00   2.56063E+01  4.00877E+00   2.54929E+01  4.00165E+00   2.56063E+01  3.98044E+00   2.59470E+01  3.94556E+00   2.65158E+01  3.89774E+00   2.73142E+01  3.83792E+00   2.83440E+01  3.76728E+00   2.96076E+01  3.68717E+00   3.11076E+01  3.59906E+00   3.28466E+01  3.50454E+00   3.48270E+01  3.40524E+00   3.70510E+01  3.30278E+00   3.95200E+01  3.19876E+00   4.22344E+01  3.09471E+00   4.51932E+01  2.99205E+00   4.83935E+01  2.89210E+00   5.18303E+01  2.79599E+00   5.54962E+01  2.70473E+00   5.93804E+01  2.61911E+00   6.34696E+01  2.53977E+00   6.77471E+01  2.46714E+00   7.21934E+01  2.40148E+00   7.67863E+01  2.34287E+00   8.15022E+01  2.29122E+00   8.63157E+01  2.24632E+00   9.12019E+01  2.20781E+00   9.61361E+01  2.17527E+00   1.01095E+02  2.14818E+00   1.06059E+02  2.12600E+00   1.11009E+02  2.10817E+00   1.15931E+02  2.09409E+00   1.20813E+02  2.08324E+00   1.25645E+02  2.07507E+00   1.30422E+02  2.06911E+00   1.35141E+02  2.06491E+00   1.39799E+02  2.06207E+00   1.44397E+02  2.06024E+00   1.48936E+02  2.05912E+00   1.53419E+02  2.05845E+00   1.57849E+02  2.05800E+00   1.62229E+02  2.05760E+00   1.66563E+02 
 2.05751E+00   1.67369E+02  2.05792E+00   1.63064E+02  2.05835E+00   1.58715E+02  2.05895E+00   1.54319E+02  2.05995E+00   1.49872E+02  2.06159E+00   1.45372E+02  2.06417E+00   1.40815E+02  2.06800E+00   1.36201E+02  2.07348E+00   1.31529E+02  2.08102E+00   1.26801E+02  2.09108E+00   1.22020E+02  2.10417E+00   1.17192E+02  2.12080E+00   1.12325E+02  2.14153E+00   1.07429E+02  2.16691E+00   1.02519E+02  2.19744E+00   9.76130E+01  2.23362E+00   9.27292E+01  2.27588E+00   8.78903E+01  2.32454E+00   8.31198E+01  2.37983E+00   7.84423E+01  2.44182E+00   7.38822E+01  2.51047E+00   6.94634E+01  2.58552E+00   6.52075E+01  2.66658E+00   6.11345E+01  2.75304E+00   5.72613E+01  2.84415E+00   5.36019E+01  2.93896E+00   5.01675E+01  3.03636E+00   4.69662E+01  3.13513E+00   4.40039E+01  3.23390E+00   4.12839E+01  3.33120E+00   3.88079E+01  3.42552E+00   3.65759E+01  3.51530E+00   3.45872E+01  3.59899E+00   3.28400E+01  3.67510E+00   3.13322E+01  3.74220E+00   3.00614E+01  3.79902E+00   2.90254E+01  3.84445E+00   2.82221E+01  3.87757E+00   2.76496E+01  3.89772E+00   2.73067E+01  3.90448E+00   2.71925E+01  3.89772E+00   2.73067E+01  3.87757E+00   2.76496E+01  3.84444E+00   2.82221E+01  3.79902E+00   2.90254E+01  3.74220E+00   3.00614E+01  3.67510E+00   3.13322E+01  3.59899E+00   3.28400E+01  3.51530E+00   3.45872E+01  3.42552E+00   3.65759E+01  3.33120E+00   3.88078E+01  3.23389E+00   4.12839E+01  3.13513E+00   4.40039E+01  3.03636E+00   4.69662E+01  2.93896E+00   5.01675E+01  2.84415E+00   5.36019E+01  2.75304E+00   5.72613E+01  2.66658E+00   6.11345E+01  2.58552E+00   6.52075E+01  2.51047E+00   6.94633E+01  2.44182E+00   7.38823E+01  2.37983E+00   7.84423E+01  2.32454E+00   8.31199E+01  2.27588E+00   8.78903E+01  2.23362E+00   9.27292E+01  2.19744E+00   9.76130E+01  2.16691E+00   1.02519E+02  2.14154E+00   1.07429E+02  2.12081E+00   1.12324E+02  2.10417E+00   1.17192E+02  2.09108E+00   1.22020E+02  2.08102E+00   1.26801E+02  2.07348E+00   1.31529E+02  2.06800E+00   1.36201E+02  2.06417E+00   1.40815E+02  2.06159E+00   1.45372E+02  2.05995E+00   1.49872E+02  2.05895E+00   1.54319E+02  2.05834E+00   1.58715E+02  2.05792E+00   1.63064E+02  2.05751E+00   1.67369E+02 
 2.05741E+00   1.68277E+02  2.05783E+00   1.64003E+02  2.05823E+00   1.59689E+02  2.05877E+00   1.55330E+02  2.05965E+00   1.50924E+02  2.06110E+00   1.46466E+02  2.06340E+00   1.41955E+02  2.06685E+00   1.37391E+02  2.07182E+00   1.32771E+02  2.07870E+00   1.28098E+02  2.08792E+00   1.23374E+02  2.09997E+00   1.18605E+02  2.11533E+00   1.13798E+02  2.13452E+00   1.08963E+02  2.15806E+00   1.04115E+02  2.18645E+00   9.92680E+01  2.22015E+00   9.44417E+01  2.25957E+00   8.96568E+01  2.30503E+00   8.49362E+01  2.35675E+00   8.03034E+01  2.41482E+00   7.57823E+01  2.47918E+00   7.13963E+01  2.54963E+00   6.71671E+01  2.62578E+00   6.31147E+01  2.70708E+00   5.92563E+01  2.79280E+00   5.56065E+01  2.88206E+00   5.21770E+01  2.97382E+00   4.89768E+01  3.06690E+00   4.60123E+01  3.16001E+00   4.32877E+01  3.25177E+00   4.08053E+01  3.34073E+00   3.85657E+01  3.42541E+00   3.65688E+01  3.50437E+00   3.48133E+01  3.57617E+00   3.32975E+01  3.63947E+00   3.20194E+01  3.69308E+00   3.09771E+01  3.73594E+00   3.01685E+01  3.76719E+00   2.95923E+01  3.78619E+00   2.92470E+01  3.79258E+00   2.91320E+01  3.78619E+00   2.92470E+01  3.76719E+00   2.95923E+01  3.73594E+00   3.01685E+01  3.69308E+00   3.09771E+01  3.63947E+00   3.20194E+01  3.57617E+00   3.32975E+01  3.50437E+00   3.48133E+01  3.42542E+00   3.65688E+01  3.34072E+00   3.85657E+01  3.25177E+00   4.08052E+01  3.16001E+00   4.32877E+01  3.06690E+00   4.60123E+01  2.97382E+00   4.89768E+01  2.88206E+00   5.21770E+01  2.79280E+00   5.56065E+01  2.70708E+00   5.92563E+01  2.62578E+00   6.31147E+01  2.54963E+00   6.71671E+01  2.47918E+00   7.13963E+01  2.41481E+00   7.57823E+01  2.35675E+00   8.03033E+01  2.30503E+00   8.49362E+01  2.25957E+00   8.96568E+01  2.22015E+00   9.44417E+01  2.18645E+00   9.92680E+01  2.15806E+00   1.04115E+02  2.13452E+00   1.08963E+02  2.11533E+00   1.13798E+02  2.09997E+00   1.18605E+02  2.08792E+00   1.23374E+02  2.07870E+00   1.28098E+02  2.07182E+00   1.32771E+02  2.06685E+00   1.37391E+02  2.06340E+00   1.41955E+02  2.06110E+00   1.46466E+02  2.05965E+00   1.50923E+02  2.05877E+00   1.55330E+02  2.05823E+00   1.59689E+02  2.05783E+00   1.64003E+02  2.05741E+00   1.68277E+02 
 2.05729E+00   1.69283E+02  2.05773E+00   1.65045E+02  2.05812E+00   1.60768E+02  2.05860E+00   1.56450E+02  2.05936E+00   1.52087E+02  2.06062E+00   1.47677E+02  2.06264E+00   1.43216E+02  2.06570E+00   1.38705E+02  2.07015E+00   1.34142E+02  2.07634E+00   1.29528E+02  2.08470E+00   1.24867E+02  2.09566E+00   1.20163E+02  2.10969E+00   1.15422E+02  2.12728E+00   1.10655E+02  2.14892E+00   1.05874E+02  2.17506E+00   1.01094E+02  2.20617E+00   9.63321E+01  2.24262E+00   9.16082E+01  2.28472E+00   8.69444E+01  2.33270E+00   8.23630E+01  2.38663E+00   7.78874E+01  2.44650E+00   7.35404E+01  2.51209E+00   6.93436E+01  2.58307E+00   6.53168E+01  2.65892E+00   6.14778E+01  2.73897E+00   5.78414E+01  2.82238E+00   5.44202E+01  2.90818E+00   5.12237E+01  2.99527E+00   4.82592E+01  3.08241E+00   4.55316E+01  3.16832E+00   4.30440E+01  3.25163E+00   4.07978E+01  3.33096E+00   3.87933E+01  3.40492E+00   3.70299E+01  3.47219E+00   3.55063E+01  3.53151E+00   3.42210E+01  3.58174E+00   3.31722E+01  3.62189E+00   3.23585E+01  3.65117E+00   3.17784E+01  3.66898E+00   3.14307E+01  3.67496E+00   3.13149E+01  3.66898E+00   3.14307E+01  3.65117E+00   3.17784E+01  3.62189E+00   3.23585E+01  3.58174E+00   3.31722E+01  3.53151E+00   3.42210E+01  3.47219E+00   3.55063E+01  3.40492E+00   3.70299E+01  3.33096E+00   3.87933E+01  3.25163E+00   4.07978E+01  3.16832E+00   4.30440E+01  3.08241E+00   4.55316E+01  2.99527E+00   4.82592E+01  2.90818E+00   5.12237E+01  2.82238E+00   5.44202E+01  2.73897E+00   5.78414E+01  2.65892E+00   6.14778E+01  2.58307E+00   6.53168E+01  2.51209E+00   6.93435E+01  2.44650E+00   7.35404E+01  2.38663E+00   7.78874E+01  2.33270E+00   8.23630E+01  2.28472E+00   8.69444E+01  2.24262E+00   9.16082E+01  2.20617E+00   9.63321E+01  2.17506E+00   1.01094E+02  2.14892E+00   1.05874E+02  2.12728E+00   1.10655E+02  2.10969E+00   1.15422E+02  2.09566E+00   1.20163E+02  2.08470E+00   1.24867E+02  2.07634E+00   1.29528E+02  2.07014E+00   1.34142E+02  2.06570E+00   1.38705E+02  2.06264E+00   1.43216E+02  2.06062E+00   1.47677E+02  2.05936E+00   1.52087E+02  2.05860E+00   1.56450E+02  2.05812E+00   1.60768E+02  2.05773E+00   1.65045E+02  2.05729E+00   1.69283E+02 
 2.05714E+00   1.70386E+02  2.05761E+00   1.66186E+02  2.05800E+00   1.61950E+02  2.05843E+00   1.57675E+02  2.05908E+00   1.53359E+02  2.06016E+00   1.48999E+02  2.06190E+00   1.44593E+02  2.06457E+00   1.40139E+02  2.06849E+00   1.35637E+02  2.07400E+00   1.31088E+02  2.08147E+00   1.26494E+02  2.09134E+00   1.21860E+02  2.10402E+00   1.17192E+02  2.11997E+00   1.12498E+02  2.13966E+00   1.07791E+02  2.16351E+00   1.03083E+02  2.19195E+00   9.83925E+01  2.22535E+00   9.37366E+01  2.26400E+00   8.91364E+01  2.30812E+00   8.46135E+01  2.35779E+00   8.01902E+01  2.41300E+00   7.58888E+01  2.47358E+00   7.17306E+01  2.53921E+00   6.77353E+01  2.60942E+00   6.39209E+01  2.68359E+00   6.03027E+01  2.76094E+00   5.68938E+01  2.84056E+00   5.37046E+01  2.92143E+00   5.07431E+01  3.00239E+00   4.80149E+01  3.08224E+00   4.55241E+01  3.15970E+00   4.32727E+01  3.23348E+00   4.12618E+01  3.30228E+00   3.94913E+01  3.36486E+00   3.79605E+01  3.42005E+00   3.66684E+01  3.46679E+00   3.56136E+01  3.50415E+00   3.47949E+01  3.53140E+00   3.42110E+01  3.54797E+00   3.38610E+01  3.55354E+00   3.37444E+01  3.54797E+00   3.38610E+01  3.53140E+00   3.42110E+01  3.50415E+00   3.47949E+01  3.46679E+00   3.56136E+01  3.42005E+00   3.66684E+01  3.36486E+00   3.79605E+01  3.30228E+00   3.94913E+01  3.23348E+00   4.12618E+01  3.15970E+00   4.32727E+01  3.08224E+00   4.55240E+01  3.00239E+00   4.80149E+01  2.92143E+00   5.07430E+01  2.84056E+00   5.37046E+01  2.76094E+00   5.68938E+01  2.68359E+00   6.03027E+01  2.60942E+00   6.39209E+01  2.53921E+00   6.77353E+01  2.47358E+00   7.17306E+01  2.41300E+00   7.58888E+01  2.35779E+00   8.01902E+01  2.30812E+00   8.46135E+01  2.26400E+00   8.91364E+01  2.22535E+00   9.37366E+01  2.19195E+00   9.83925E+01  2.16351E+00   1.03083E+02  2.13966E+00   1.07791E+02  2.11997E+00   1.12498E+02  2.10402E+00   1.17192E+02  2.09134E+00   1.21860E+02  2.08147E+00   1.26494E+02  2.07400E+00   1.31088E+02  2.06849E+00   1.35637E+02  2.06457E+00   1.40139E+02  2.06190E+00   1.44593E+02  2.06016E+00   1.48999E+02  2.05908E+00   1.53359E+02  2.05843E+00   1.57675E+02  2.05800E+00   1.61950E+02  2.05761E+00   1.66186E+02  2.05714E+00   1.70386E+02 
 2.05697E+00   1.71583E+02  2.05748E+00   1.67423E+02  2.05787E+00   1.63231E+02  2.05827E+00   1.59003E+02  2.05882E+00   1.54737E+02  2.05972E+00   1.50430E+02  2.06120E+00   1.46081E+02  2.06349E+00   1.41688E+02  2.06689E+00   1.37251E+02  2.07172E+00   1.32771E+02  2.07832E+00   1.28249E+02  2.08708E+00   1.23690E+02  2.09841E+00   1.19098E+02  2.11273E+00   1.14484E+02  2.13045E+00   1.09856E+02  2.15199E+00   1.05228E+02  2.17775E+00   1.00614E+02  2.20807E+00   9.60330E+01  2.24323E+00   9.15035E+01  2.28344E+00   8.70461E+01  2.32879E+00   8.26822E+01  2.37928E+00   7.84335E+01  2.43475E+00   7.43206E+01  2.49493E+00   7.03633E+01  2.55940E+00   6.65794E+01  2.62756E+00   6.29850E+01  2.69873E+00   5.95934E+01  2.77205E+00   5.64158E+01  2.84657E+00   5.34610E+01  2.92122E+00   5.07355E+01  2.99489E+00   4.82441E+01  3.06638E+00   4.59898E+01  3.13450E+00   4.39742E+01  3.19804E+00   4.21981E+01  3.25585E+00   4.06613E+01  3.30683E+00   3.93633E+01  3.35002E+00   3.83030E+01  3.38454E+00   3.74797E+01  3.40972E+00   3.68923E+01  3.42504E+00   3.65403E+01  3.43018E+00   3.64229E+01  3.42504E+00   3.65403E+01  3.40972E+00   3.68923E+01  3.38454E+00   3.74797E+01  3.35002E+00   3.83030E+01  3.30683E+00   3.93633E+01  3.25585E+00   4.06613E+01  3.19804E+00   4.21981E+01  3.13450E+00   4.39742E+01  3.06638E+00   4.59898E+01  2.99489E+00   4.82441E+01  2.92122E+00   5.07355E+01  2.84657E+00   5.34610E+01  2.77205E+00   5.64158E+01  2.69873E+00   5.95934E+01  2.62756E+00   6.29850E+01  2.55940E+00   6.65794E+01  2.49493E+00   7.03633E+01  2.43475E+00   7.43205E+01  2.37927E+00   7.84335E+01  2.32879E+00   8.26822E+01  2.28344E+00   8.70461E+01  2.24323E+00   9.15035E+01  2.20807E+00   9.60330E+01  2.17775E+00   1.00614E+02  2.15200E+00   1.05228E+02  2.13045E+00   1.09856E+02  2.11273E+00   1.14484E+02  2.09841E+00   1.19098E+02  2.08708E+00   1.23690E+02  2.07832E+00   1.28249E+02  2.07172E+00   1.32771E+02  2.06689E+00   1.37251E+02  2.06349E+00   1.41688E+02  2.06120E+00   1.46081E+02  2.05972E+00   1.50430E+02  2.05882E+00   1.54737E+02  2.05827E+00   1.59003E+02  2.05787E+00   1.63231E+02  2.05748E+00   1.67423E+02  2.05697E+00   1.71583E+02 
 2.05676E+00   1.72872E+02  2.05732E+00   1.68755E+02  2.05774E+00   1.64608E+02  2.05811E+00   1.60429E+02  2.05858E+00   1.56215E+02  2.05932E+00   1.51966E+02  2.06055E+00   1.47677E+02  2.06248E+00   1.43348E+02  2.06538E+00   1.38980E+02  2.06954E+00   1.34571E+02  2.07529E+00   1.30125E+02  2.08298E+00   1.25645E+02  2.09298E+00   1.21135E+02  2.10568E+00   1.16604E+02  2.12147E+00   1.12061E+02  2.14072E+00   1.07518E+02  2.16382E+00   1.02988E+02  2.19107E+00   9.84878E+01  2.22275E+00   9.40357E+01  2.25906E+00   8.96508E+01  2.30009E+00   8.53537E+01  2.34585E+00   8.11648E+01  2.39622E+00   7.71046E+01  2.45094E+00   7.31922E+01  2.50963E+00   6.94458E+01  2.57177E+00   6.58813E+01  2.63671E+00   6.25128E+01  2.70369E+00   5.93520E+01  2.77182E+00   5.64086E+01  2.84012E+00   5.36898E+01  2.90757E+00   5.12014E+01  2.97306E+00   4.89471E+01  3.03548E+00   4.69293E+01  3.09373E+00   4.51496E+01  3.14674E+00   4.36084E+01  3.19350E+00   4.23057E+01  3.23312E+00   4.12410E+01  3.26479E+00   4.04139E+01  3.28789E+00   3.98235E+01  3.30194E+00   3.94697E+01  3.30666E+00   3.93517E+01  3.30194E+00   3.94697E+01  3.28789E+00   3.98236E+01  3.26479E+00   4.04139E+01  3.23312E+00   4.12410E+01  3.19350E+00   4.23057E+01  3.14674E+00   4.36084E+01  3.09373E+00   4.51496E+01  3.03548E+00   4.69293E+01  2.97306E+00   4.89471E+01  2.90757E+00   5.12014E+01  2.84012E+00   5.36898E+01  2.77182E+00   5.64086E+01  2.70369E+00   5.93520E+01  2.63671E+00   6.25128E+01  2.57177E+00   6.58813E+01  2.50963E+00   6.94458E+01  2.45094E+00   7.31922E+01  2.39622E+00   7.71045E+01  2.34585E+00   8.11649E+01  2.30009E+00   8.53537E+01  2.25906E+00   8.96509E+01  2.22275E+00   9.40357E+01  2.19107E+00   9.84877E+01  2.16382E+00   1.02988E+02  2.14072E+00   1.07518E+02  2.12147E+00   1.12061E+02  2.10568E+00   1.16604E+02  2.09298E+00   1.21135E+02  2.08298E+00   1.25645E+02  2.07529E+00   1.30125E+02  2.06954E+00   1.34571E+02  2.06538E+00   1.38980E+02  2.06248E+00   1.43348E+02  2.06055E+00   1.47677E+02  2.05932E+00   1.51966E+02  2.05858E+00   1.56215E+02  2.05811E+00   1.60429E+02  2.05774E+00   1.64608E+02  2.05732E+00   1.68755E+02  2.05676E+00   1.72872E+02 
 2.05651E+00   1.74250E+02  2.05714E+00   1.70177E+02  2.05759E+00   1.66078E+02  2.05795E+00   1.61950E+02  2.05836E+00   1.57792E+02  2.05896E+00   1.53601E+02  2.05996E+00   1.49375E+02  2.06155E+00   1.45113E+02  2.06398E+00   1.40816E+02  2.06752E+00   1.36482E+02  2.07245E+00   1.32115E+02  2.07910E+00   1.27718E+02  2.08781E+00   1.23294E+02  2.09894E+00   1.18851E+02  2.11284E+00   1.14397E+02  2.12987E+00   1.09944E+02  2.15036E+00   1.05503E+02  2.17462E+00   1.01090E+02  2.20289E+00   9.67223E+01  2.23536E+00   9.24170E+01  2.27214E+00   8.81938E+01  2.31324E+00   8.40722E+01  2.35855E+00   8.00721E+01  2.40787E+00   7.62122E+01  2.46084E+00   7.25103E+01  2.51701E+00   6.89827E+01  2.57578E+00   6.56439E+01  2.63646E+00   6.25060E+01  2.69825E+00   5.95794E+01  2.76024E+00   5.68723E+01  2.82151E+00   5.43911E+01  2.88103E+00   5.21405E+01  2.93779E+00   5.01238E+01  2.99079E+00   4.83432E+01  3.03903E+00   4.67998E+01  3.08160E+00   4.54942E+01  3.11767E+00   4.44265E+01  3.14652E+00   4.35966E+01  3.16756E+00   4.30041E+01  3.18035E+00   4.26488E+01  3.18465E+00   4.25303E+01  3.18035E+00   4.26488E+01  3.16756E+00   4.30041E+01  3.14652E+00   4.35966E+01  3.11767E+00   4.44265E+01  3.08160E+00   4.54942E+01  3.03903E+00   4.67998E+01  2.99079E+00   4.83432E+01  2.93779E+00   5.01238E+01  2.88103E+00   5.21405E+01  2.82151E+00   5.43911E+01  2.76024E+00   5.68723E+01  2.69825E+00   5.95794E+01  2.63646E+00   6.25060E+01  2.57578E+00   6.56439E+01  2.51701E+00   6.89828E+01  2.46084E+00   7.25103E+01  2.40787E+00   7.62122E+01  2.35855E+00   8.00720E+01  2.31324E+00   8.40723E+01  2.27214E+00   8.81937E+01  2.23536E+00   9.24170E+01  2.20289E+00   9.67223E+01  2.17462E+00   1.01090E+02  2.15036E+00   1.05503E+02  2.12987E+00   1.09944E+02  2.11284E+00   1.14397E+02  2.09894E+00   1.18851E+02  2.08782E+00   1.23294E+02  2.07910E+00   1.27718E+02  2.07245E+00   1.32115E+02  2.06752E+00   1.36482E+02  2.06398E+00   1.40816E+02  2.06155E+00   1.45113E+02  2.05996E+00   1.49375E+02  2.05897E+00   1.53601E+02  2.05836E+00   1.57792E+02  2.05795E+00   1.61950E+02  2.05759E+00   1.66078E+02  2.05714E+00   1.70177E+02  2.05651E+00   1.74250E+02 
 2.05620E+00   1.75714E+02  2.05692E+00   1.71687E+02  2.05742E+00   1.67638E+02  2.05779E+00   1.63563E+02  2.05815E+00   1.59461E+02  2.05865E+00   1.55331E+02  2.05944E+00   1.51170E+02  2.06073E+00   1.46978E+02  2.06272E+00   1.42754E+02  2.06567E+00   1.38499E+02  2.06982E+00   1.34213E+02  2.07549E+00   1.29901E+02  2.08299E+00   1.25567E+02  2.09261E+00   1.21216E+02  2.10471E+00   1.16855E+02  2.11959E+00   1.12496E+02  2.13757E+00   1.08150E+02  2.15893E+00   1.03830E+02  2.18390E+00   9.95519E+01  2.21266E+00   9.53328E+01  2.24531E+00   9.11904E+01  2.28187E+00   8.71436E+01  2.32227E+00   8.32112E+01  2.36631E+00   7.94114E+01  2.41369E+00   7.57618E+01  2.46401E+00   7.22787E+01  2.51674E+00   6.89766E+01  2.57125E+00   6.58684E+01  2.62681E+00   6.29649E+01  2.68262E+00   6.02751E+01  2.73781E+00   5.78063E+01  2.79147E+00   5.55640E+01  2.84269E+00   5.35522E+01  2.89052E+00   5.17741E+01  2.93409E+00   5.02312E+01  2.97254E+00   4.89252E+01  3.00513E+00   4.78563E+01  3.03120E+00   4.70251E+01  3.05022E+00   4.64312E+01  3.06179E+00   4.60751E+01  3.06567E+00   4.59563E+01  3.06179E+00   4.60751E+01  3.05022E+00   4.64312E+01  3.03120E+00   4.70250E+01  3.00513E+00   4.78563E+01  2.97254E+00   4.89252E+01  2.93408E+00   5.02312E+01  2.89052E+00   5.17741E+01  2.84269E+00   5.35522E+01  2.79147E+00   5.55640E+01  2.73781E+00   5.78063E+01  2.68262E+00   6.02751E+01  2.62681E+00   6.29649E+01  2.57125E+00   6.58683E+01  2.51674E+00   6.89766E+01  2.46401E+00   7.22787E+01  2.41369E+00   7.57618E+01  2.36631E+00   7.94114E+01  2.32227E+00   8.32111E+01  2.28187E+00   8.71437E+01  2.24531E+00   9.11904E+01  2.21266E+00   9.53328E+01  2.18390E+00   9.95519E+01  2.15893E+00   1.03830E+02  2.13757E+00   1.08150E+02  2.11959E+00   1.12496E+02  2.10471E+00   1.16855E+02  2.09261E+00   1.21216E+02  2.08298E+00   1.25567E+02  2.07549E+00   1.29902E+02  2.06982E+00   1.34213E+02  2.06566E+00   1.38498E+02  2.06272E+00   1.42754E+02  2.06073E+00   1.46978E+02  2.05944E+00   1.51170E+02  2.05865E+00   1.55331E+02  2.05815E+00   1.59461E+02  2.05779E+00   1.63563E+02  2.05742E+00   1.67637E+02  2.05692E+00   1.71687E+02  2.05620E+00   1.75714E+02 
 2.05584E+00   1.77262E+02  2.05665E+00   1.73282E+02  2.05722E+00   1.69284E+02  2.05762E+00   1.65264E+02  2.05796E+00   1.61220E+02  2.05837E+00   1.57153E+02  2.05899E+00   1.53058E+02  2.06001E+00   1.48937E+02  2.06161E+00   1.44789E+02  2.06401E+00   1.40613E+02  2.06746E+00   1.36412E+02  2.07221E+00   1.32188E+02  2.07855E+00   1.27945E+02  2.08676E+00   1.23689E+02  2.09715E+00   1.19426E+02  2.11000E+00   1.15165E+02  2.12560E+00   1.10917E+02  2.14420E+00   1.06695E+02  2.16602E+00   1.02513E+02  2.19123E+00   9.83856E+01  2.21992E+00   9.43308E+01  2.25213E+00   9.03659E+01  2.28779E+00   8.65086E+01  2.32675E+00   8.27767E+01  2.36875E+00   7.91873E+01  2.41342E+00   7.57564E+01  2.46030E+00   7.24987E+01  2.50882E+00   6.94275E+01  2.55836E+00   6.65540E+01  2.60816E+00   6.38881E+01  2.65746E+00   6.14374E+01  2.70544E+00   5.92087E+01  2.75126E+00   5.72065E+01  2.79409E+00   5.54349E+01  2.83311E+00   5.38961E+01  2.86757E+00   5.25924E+01  2.89679E+00   5.15245E+01  2.92016E+00   5.06936E+01  2.93722E+00   5.00999E+01  2.94760E+00   4.97436E+01  2.95108E+00   4.96248E+01  2.94760E+00   4.97436E+01  2.93722E+00   5.00998E+01  2.92016E+00   5.06936E+01  2.89679E+00   5.15245E+01  2.86757E+00   5.25924E+01  2.83311E+00   5.38961E+01  2.79409E+00   5.54349E+01  2.75126E+00   5.72065E+01  2.70544E+00   5.92087E+01  2.65746E+00   6.14374E+01  2.60816E+00   6.38881E+01  2.55836E+00   6.65540E+01  2.50883E+00   6.94275E+01  2.46030E+00   7.24987E+01  2.41342E+00   7.57564E+01  2.36875E+00   7.91873E+01  2.32675E+00   8.27767E+01  2.28779E+00   8.65086E+01  2.25213E+00   9.03659E+01  2.21992E+00   9.43308E+01  2.19123E+00   9.83856E+01  2.16602E+00   1.02513E+02  2.14420E+00   1.06695E+02  2.12560E+00   1.10917E+02  2.11000E+00   1.15165E+02  2.09715E+00   1.19426E+02  2.08676E+00   1.23689E+02  2.07855E+00   1.27945E+02  2.07221E+00   1.32188E+02  2.06746E+00   1.36412E+02  2.06401E+00   1.40613E+02  2.06161E+00   1.44789E+02  2.06001E+00   1.48937E+02  2.05899E+00   1.53058E+02  2.05837E+00   1.57153E+02  2.05796E+00   1.61220E+02  2.05762E+00   1.65264E+02  2.05722E+00   1.69284E+02  2.05665E+00   1.73282E+02  2.05584E+00   1.77262E+02 
 2.05540E+00   1.78890E+02  2.05632E+00   1.74959E+02  2.05698E+00   1.71013E+02  2.05743E+00   1.67049E+02  2.05778E+00   1.63065E+02  2.05812E+00   1.59061E+02  2.05861E+00   1.55035E+02  2.05940E+00   1.50986E+02  2.06065E+00   1.46914E+02  2.06256E+00   1.42820E+02  2.06536E+00   1.38705E+02  2.06927E+00   1.34571E+02  2.07455E+00   1.30422E+02  2.08145E+00   1.26262E+02  2.09025E+00   1.22099E+02  2.10120E+00   1.17939E+02  2.11457E+00   1.13794E+02  2.13058E+00   1.09674E+02  2.14943E+00   1.05592E+02  2.17128E+00   1.01562E+02  2.19624E+00   9.76014E+01  2.22432E+00   9.37249E+01  2.25549E+00   8.99500E+01  2.28961E+00   8.62936E+01  2.32647E+00   8.27721E+01  2.36575E+00   7.94014E+01  2.40705E+00   7.61961E+01  2.44985E+00   7.31696E+01  2.49360E+00   7.03336E+01  2.53765E+00   6.76984E+01  2.58131E+00   6.52725E+01  2.62383E+00   6.30631E+01  2.66447E+00   6.10759E+01  2.70249E+00   5.93153E+01  2.73714E+00   5.77846E+01  2.76777E+00   5.64865E+01  2.79374E+00   5.54225E+01  2.81453E+00   5.45941E+01  2.82970E+00   5.40018E+01  2.83893E+00   5.36463E+01  2.84203E+00   5.35277E+01  2.83893E+00   5.36463E+01  2.82970E+00   5.40018E+01  2.81453E+00   5.45941E+01  2.79374E+00   5.54225E+01  2.76777E+00   5.64865E+01  2.73714E+00   5.77846E+01  2.70249E+00   5.93154E+01  2.66447E+00   6.10759E+01  2.62383E+00   6.30632E+01  2.58131E+00   6.52725E+01  2.53765E+00   6.76984E+01  2.49360E+00   7.03335E+01  2.44985E+00   7.31696E+01  2.40705E+00   7.61961E+01  2.36575E+00   7.94014E+01  2.32647E+00   8.27721E+01  2.28961E+00   8.62936E+01  2.25549E+00   8.99500E+01  2.22432E+00   9.37249E+01  2.19624E+00   9.76013E+01  2.17128E+00   1.01563E+02  2.14943E+00   1.05592E+02  2.13058E+00   1.09674E+02  2.11457E+00   1.13794E+02  2.10120E+00   1.17939E+02  2.09025E+00   1.22099E+02  2.08145E+00   1.26262E+02  2.07455E+00   1.30422E+02  2.06927E+00   1.34571E+02  2.06536E+00   1.38705E+02  2.06256E+00   1.42820E+02  2.06065E+00   1.46914E+02  2.05940E+00   1.50986E+02  2.05861E+00   1.55035E+02  2.05813E+00   1.59061E+02  2.05778E+00   1.63065E+02  2.05743E+00   1.67049E+02  2.05698E+00   1.71013E+02  2.05632E+00   1.74959E+02  2.05540E+00   1.78890E+02 
 2.05488E+00   1.80596E+02  2.05593E+00   1.76715E+02  2.05668E+00   1.72822E+02  2.05721E+00   1.68914E+02  2.05758E+00   1.64991E+02  2.05790E+00   1.61052E+02  2.05829E+00   1.57095E+02  2.05889E+00   1.53119E+02  2.05984E+00   1.49125E+02  2.06133E+00   1.45114E+02  2.06355E+00   1.41085E+02  2.06670E+00   1.37042E+02  2.07102E+00   1.32988E+02  2.07672E+00   1.28927E+02  2.08406E+00   1.24866E+02  2.09326E+00   1.20810E+02  2.10456E+00   1.16770E+02  2.11817E+00   1.12755E+02  2.13427E+00   1.08777E+02  2.15299E+00   1.04850E+02  2.17445E+00   1.00988E+02  2.19867E+00   9.72061E+01  2.22563E+00   9.35201E+01  2.25522E+00   8.99463E+01  2.28724E+00   8.65003E+01  2.32144E+00   8.31976E+01  2.35746E+00   8.00525E+01  2.39485E+00   7.70786E+01  2.43314E+00   7.42876E+01  2.47173E+00   7.16907E+01  2.51003E+00   6.92963E+01  2.54737E+00   6.71129E+01  2.58310E+00   6.51463E+01  2.61654E+00   6.34021E+01  2.64705E+00   6.18839E+01  2.67403E+00   6.05952E+01  2.69691E+00   5.95382E+01  2.71524E+00   5.87146E+01  2.72862E+00   5.81255E+01  2.73676E+00   5.77718E+01  2.73950E+00   5.76538E+01  2.73676E+00   5.77718E+01  2.72862E+00   5.81255E+01  2.71524E+00   5.87146E+01  2.69692E+00   5.95382E+01  2.67403E+00   6.05953E+01  2.64705E+00   6.18839E+01  2.61654E+00   6.34021E+01  2.58310E+00   6.51463E+01  2.54737E+00   6.71129E+01  2.51003E+00   6.92963E+01  2.47173E+00   7.16907E+01  2.43314E+00   7.42876E+01  2.39486E+00   7.70786E+01  2.35745E+00   8.00525E+01  2.32144E+00   8.31976E+01  2.28724E+00   8.65003E+01  2.25521E+00   8.99463E+01  2.22563E+00   9.35201E+01  2.19867E+00   9.72060E+01  2.17445E+00   1.00988E+02  2.15299E+00   1.04850E+02  2.13426E+00   1.08777E+02  2.11817E+00   1.12755E+02  2.10456E+00   1.16770E+02  2.09326E+00   1.20810E+02  2.08406E+00   1.24866E+02  2.07672E+00   1.28927E+02  2.07102E+00   1.32988E+02  2.06670E+00   1.37042E+02  2.06355E+00   1.41085E+02  2.06133E+00   1.45114E+02  2.05984E+00   1.49125E+02  2.05889E+00   1.53119E+02  2.05829E+00   1.57095E+02  2.05790E+00   1.61052E+02  2.05758E+00   1.64991E+02  2.05721E+00   1.68914E+02  2.05668E+00   1.72822E+02  2.05593E+00   1.76715E+02  2.05487E+00   1.80596E+02 
 2.05426E+00   1.82377E+02  2.05545E+00   1.78547E+02  2.05633E+00   1.74707E+02  2.05694E+00   1.70857E+02  2.05737E+00   1.66995E+02  2.05769E+00   1.63121E+02  2.05801E+00   1.59233E+02  2.05847E+00   1.55332E+02  2.05917E+00   1.51416E+02  2.06030E+00   1.47487E+02  2.06201E+00   1.43546E+02  2.06450E+00   1.39595E+02  2.06795E+00   1.35637E+02  2.07258E+00   1.31676E+02  2.07860E+00   1.27717E+02  2.08621E+00   1.23767E+02  2.09563E+00   1.19833E+02  2.10704E+00   1.15926E+02  2.12061E+00   1.12056E+02  2.13646E+00   1.08235E+02  2.15470E+00   1.04476E+02  2.17535E+00   1.00794E+02  2.19841E+00   9.72030E+01  2.22378E+00   9.37183E+01  2.25131E+00   9.03547E+01  2.28078E+00   8.71274E+01  2.31187E+00   8.40502E+01  2.34422E+00   8.11366E+01  2.37738E+00   7.83985E+01  2.41087E+00   7.58470E+01  2.44414E+00   7.34916E+01  2.47663E+00   7.13406E+01  2.50773E+00   6.94010E+01  2.53688E+00   6.76784E+01  2.56349E+00   6.61778E+01  2.58704E+00   6.49027E+01  2.60702E+00   6.38560E+01  2.62303E+00   6.30399E+01  2.63472E+00   6.24560E+01  2.64184E+00   6.21052E+01  2.64423E+00   6.19882E+01  2.64184E+00   6.21052E+01  2.63472E+00   6.24560E+01  2.62303E+00   6.30399E+01  2.60702E+00   6.38560E+01  2.58704E+00   6.49027E+01  2.56349E+00   6.61778E+01  2.53688E+00   6.76785E+01  2.50773E+00   6.94009E+01  2.47662E+00   7.13406E+01  2.44414E+00   7.34916E+01  2.41087E+00   7.58471E+01  2.37738E+00   7.83985E+01  2.34422E+00   8.11366E+01  2.31187E+00   8.40502E+01  2.28078E+00   8.71274E+01  2.25131E+00   9.03547E+01  2.22378E+00   9.37183E+01  2.19841E+00   9.72030E+01  2.17535E+00   1.00794E+02  2.15470E+00   1.04476E+02  2.13646E+00   1.08235E+02  2.12061E+00   1.12056E+02  2.10704E+00   1.15926E+02  2.09563E+00   1.19833E+02  2.08622E+00   1.23767E+02  2.07860E+00   1.27717E+02  2.07258E+00   1.31676E+02  2.06795E+00   1.35637E+02  2.06450E+00   1.39595E+02  2.06201E+00   1.43546E+02  2.06030E+00   1.47487E+02  2.05917E+00   1.51416E+02  2.05847E+00   1.55332E+02  2.05802E+00   1.59233E+02  2.05769E+00   1.63121E+02  2.05737E+00   1.66995E+02  2.05694E+00   1.70857E+02  2.05633E+00   1.74707E+02  2.05545E+00   1.78547E+02  2.05426E+00   1.82377E+02 
 2.05352E+00   1.84231E+02  2.05488E+00   1.80451E+02  2.05589E+00   1.76666E+02  2.05662E+00   1.72874E+02  2.05712E+00   1.69073E+02  2.05748E+00   1.65265E+02  2.05777E+00   1.61447E+02  2.05812E+00   1.57619E+02  2.05864E+00   1.53782E+02  2.05946E+00   1.49936E+02  2.06075E+00   1.46082E+02  2.06265E+00   1.42223E+02  2.06535E+00   1.38361E+02  2.06903E+00   1.34499E+02  2.07387E+00   1.30644E+02  2.08007E+00   1.26800E+02  2.08779E+00   1.22975E+02  2.09722E+00   1.19177E+02  2.10849E+00   1.15416E+02  2.12174E+00   1.11704E+02  2.13705E+00   1.08053E+02  2.15445E+00   1.04474E+02  2.17394E+00   1.00983E+02  2.19545E+00   9.75926E+01  2.21886E+00   9.43177E+01  2.24397E+00   9.11724E+01  2.27052E+00   8.81702E+01  2.29821E+00   8.53242E+01  2.32664E+00   8.26464E+01  2.35540E+00   8.01478E+01  2.38401E+00   7.78383E+01  2.41198E+00   7.57266E+01  2.43880E+00   7.38200E+01  2.46395E+00   7.21251E+01  2.48694E+00   7.06469E+01  2.50729E+00   6.93899E+01  2.52458E+00   6.83571E+01  2.53843E+00   6.75515E+01  2.54855E+00   6.69746E+01  2.55471E+00   6.66281E+01  2.55678E+00   6.65124E+01  2.55471E+00   6.66281E+01  2.54855E+00   6.69746E+01  2.53843E+00   6.75515E+01  2.52458E+00   6.83571E+01  2.50729E+00   6.93899E+01  2.48694E+00   7.06469E+01  2.46395E+00   7.21252E+01  2.43880E+00   7.38200E+01  2.41198E+00   7.57266E+01  2.38401E+00   7.78382E+01  2.35539E+00   8.01479E+01  2.32664E+00   8.26464E+01  2.29821E+00   8.53243E+01  2.27052E+00   8.81703E+01  2.24397E+00   9.11724E+01  2.21885E+00   9.43178E+01  2.19545E+00   9.75926E+01  2.17394E+00   1.00983E+02  2.15445E+00   1.04474E+02  2.13705E+00   1.08053E+02  2.12174E+00   1.11704E+02  2.10849E+00   1.15416E+02  2.09722E+00   1.19177E+02  2.08779E+00   1.22975E+02  2.08007E+00   1.26800E+02  2.07387E+00   1.30644E+02  2.06903E+00   1.34499E+02  2.06535E+00   1.38361E+02  2.06265E+00   1.42223E+02  2.06075E+00   1.46082E+02  2.05946E+00   1.49936E+02  2.05864E+00   1.53782E+02  2.05812E+00   1.57619E+02  2.05777E+00   1.61447E+02  2.05747E+00   1.65265E+02  2.05712E+00   1.69073E+02  2.05662E+00   1.72874E+02  2.05589E+00   1.76666E+02  2.05488E+00   1.80451E+02  2.05352E+00   1.84231E+02 
 2.05267E+00   1.86154E+02  2.05420E+00   1.82426E+02  2.05536E+00   1.78695E+02  2.05621E+00   1.74961E+02  2.05682E+00   1.71222E+02  2.05724E+00   1.67479E+02  2.05754E+00   1.63730E+02  2.05783E+00   1.59976E+02  2.05821E+00   1.56217E+02  2.05880E+00   1.52454E+02  2.05973E+00   1.48687E+02  2.06115E+00   1.44919E+02  2.06320E+00   1.41153E+02  2.06605E+00   1.37391E+02  2.06987E+00   1.33638E+02  2.07480E+00   1.29900E+02  2.08103E+00   1.26184E+02  2.08869E+00   1.22496E+02  2.09793E+00   1.18847E+02  2.10883E+00   1.15245E+02  2.12150E+00   1.11703E+02  2.13597E+00   1.08231E+02  2.15224E+00   1.04843E+02  2.17026E+00   1.01552E+02  2.18993E+00   9.83713E+01  2.21108E+00   9.53139E+01  2.23351E+00   9.23929E+01  2.25694E+00   8.96212E+01  2.28105E+00   8.70103E+01  2.30548E+00   8.45716E+01  2.32982E+00   8.23147E+01  2.35366E+00   8.02488E+01  2.37654E+00   7.83816E+01  2.39802E+00   7.67199E+01  2.41767E+00   7.52693E+01  2.43509E+00   7.40346E+01  2.44989E+00   7.30196E+01  2.46175E+00   7.22272E+01  2.47043E+00   7.16597E+01  2.47571E+00   7.13186E+01  2.47748E+00   7.12048E+01  2.47571E+00   7.13186E+01  2.47043E+00   7.16597E+01  2.46175E+00   7.22272E+01  2.44989E+00   7.30196E+01  2.43509E+00   7.40346E+01  2.41767E+00   7.52693E+01  2.39802E+00   7.67199E+01  2.37654E+00   7.83816E+01  2.35366E+00   8.02488E+01  2.32982E+00   8.23147E+01  2.30548E+00   8.45716E+01  2.28105E+00   8.70103E+01  2.25694E+00   8.96212E+01  2.23351E+00   9.23929E+01  2.21108E+00   9.53140E+01  2.18993E+00   9.83714E+01  2.17026E+00   1.01552E+02  2.15224E+00   1.04843E+02  2.13597E+00   1.08231E+02  2.12150E+00   1.11703E+02  2.10883E+00   1.15245E+02  2.09793E+00   1.18847E+02  2.08869E+00   1.22496E+02  2.08103E+00   1.26184E+02  2.07481E+00   1.29900E+02  2.06986E+00   1.33638E+02  2.06605E+00   1.37391E+02  2.06320E+00   1.41153E+02  2.06115E+00   1.44919E+02  2.05973E+00   1.48687E+02  2.05880E+00   1.52454E+02  2.05821E+00   1.56217E+02  2.05783E+00   1.59976E+02  2.05754E+00   1.63730E+02  2.05723E+00   1.67479E+02  2.05682E+00   1.71222E+02  2.05622E+00   1.74961E+02  2.05536E+00   1.78695E+02  2.05419E+00   1.82426E+02  2.05267E+00   1.86154E+02 
 2.05168E+00   1.88144E+02  2.05338E+00   1.84467E+02  2.05472E+00   1.80791E+02  2.05572E+00   1.77115E+02  2.05644E+00   1.73437E+02  2.05695E+00   1.69759E+02  2.05730E+00   1.66080E+02  2.05757E+00   1.62399E+02  2.05787E+00   1.58718E+02  2.05828E+00   1.55036E+02  2.05893E+00   1.51356E+02  2.05995E+00   1.47678E+02  2.06146E+00   1.44006E+02  2.06361E+00   1.40343E+02  2.06654E+00   1.36693E+02  2.07039E+00   1.33060E+02  2.07531E+00   1.29452E+02  2.08143E+00   1.25874E+02  2.08885E+00   1.22336E+02  2.09770E+00   1.18846E+02  2.10803E+00   1.15414E+02  2.11990E+00   1.12051E+02  2.13329E+00   1.08770E+02  2.14819E+00   1.05581E+02  2.16451E+00   1.02498E+02  2.18211E+00   9.95331E+01  2.20082E+00   9.66986E+01  2.22042E+00   9.40067E+01  2.24063E+00   9.14689E+01  2.26115E+00   8.90960E+01  2.28163E+00   8.68980E+01  2.30172E+00   8.48840E+01  2.32102E+00   8.30618E+01  2.33917E+00   8.14387E+01  2.35579E+00   8.00207E+01  2.37053E+00   7.88127E+01  2.38307E+00   7.78189E+01  2.39313E+00   7.70428E+01  2.40048E+00   7.64866E+01  2.40496E+00   7.61522E+01  2.40647E+00   7.60407E+01  2.40496E+00   7.61522E+01  2.40048E+00   7.64866E+01  2.39313E+00   7.70427E+01  2.38307E+00   7.78190E+01  2.37053E+00   7.88127E+01  2.35579E+00   8.00207E+01  2.33917E+00   8.14387E+01  2.32102E+00   8.30619E+01  2.30172E+00   8.48840E+01  2.28163E+00   8.68980E+01  2.26115E+00   8.90960E+01  2.24063E+00   9.14689E+01  2.22042E+00   9.40067E+01  2.20082E+00   9.66985E+01  2.18211E+00   9.95331E+01  2.16451E+00   1.02498E+02  2.14820E+00   1.05581E+02  2.13329E+00   1.08770E+02  2.11990E+00   1.12051E+02  2.10803E+00   1.15414E+02  2.09770E+00   1.18846E+02  2.08886E+00   1.22336E+02  2.08142E+00   1.25874E+02  2.07531E+00   1.29452E+02  2.07039E+00   1.33060E+02  2.06654E+00   1.36693E+02  2.06361E+00   1.40343E+02  2.06146E+00   1.44006E+02  2.05995E+00   1.47678E+02  2.05894E+00   1.51356E+02  2.05828E+00   1.55036E+02  2.05787E+00   1.58718E+02  2.05757E+00   1.62399E+02  2.05730E+00   1.66080E+02  2.05695E+00   1.69759E+02  2.05644E+00   1.73438E+02  2.05572E+00   1.77114E+02  2.05471E+00   1.80791E+02  2.05338E+00   1.84467E+02  2.05168E+00   1.88144E+02 
 2.05053E+00   1.90199E+02  2.05243E+00   1.86574E+02  2.05394E+00   1.82951E+02  2.05511E+00   1.79333E+02  2.05598E+00   1.75717E+02  2.05660E+00   1.72103E+02  2.05702E+00   1.68492E+02  2.05732E+00   1.64884E+02  2.05758E+00   1.61279E+02  2.05788E+00   1.57678E+02  2.05833E+00   1.54083E+02  2.05903E+00   1.50494E+02  2.06010E+00   1.46916E+02  2.06166E+00   1.43349E+02  2.06385E+00   1.39800E+02  2.06678E+00   1.36272E+02  2.07057E+00   1.32770E+02  2.07535E+00   1.29301E+02  2.08122E+00   1.25873E+02  2.08826E+00   1.22495E+02  2.09655E+00   1.19174E+02  2.10613E+00   1.15921E+02  2.11700E+00   1.12747E+02  2.12914E+00   1.09663E+02  2.14249E+00   1.06681E+02  2.15695E+00   1.03812E+02  2.17236E+00   1.01068E+02  2.18855E+00   9.84603E+01  2.20529E+00   9.60003E+01  2.22231E+00   9.36987E+01  2.23934E+00   9.15648E+01  2.25607E+00   8.96079E+01  2.27217E+00   8.78361E+01  2.28733E+00   8.62565E+01  2.30123E+00   8.48754E+01  2.31356E+00   8.36980E+01  2.32406E+00   8.27290E+01  2.33249E+00   8.19716E+01  2.33866E+00   8.14289E+01  2.34241E+00   8.11024E+01  2.34368E+00   8.09935E+01  2.34242E+00   8.11024E+01  2.33866E+00   8.14289E+01  2.33249E+00   8.19716E+01  2.32406E+00   8.27290E+01  2.31356E+00   8.36980E+01  2.30123E+00   8.48754E+01  2.28733E+00   8.62564E+01  2.27217E+00   8.78361E+01  2.25607E+00   8.96079E+01  2.23934E+00   9.15648E+01  2.22231E+00   9.36987E+01  2.20529E+00   9.60003E+01  2.18855E+00   9.84604E+01  2.17236E+00   1.01068E+02  2.15695E+00   1.03812E+02  2.14249E+00   1.06681E+02  2.12914E+00   1.09663E+02  2.11700E+00   1.12747E+02  2.10613E+00   1.15921E+02  2.09655E+00   1.19174E+02  2.08826E+00   1.22494E+02  2.08122E+00   1.25873E+02  2.07535E+00   1.29301E+02  2.07057E+00   1.32770E+02  2.06678E+00   1.36272E+02  2.06385E+00   1.39800E+02  2.06166E+00   1.43349E+02  2.06010E+00   1.46916E+02  2.05903E+00   1.50494E+02  2.05833E+00   1.54083E+02  2.05788E+00   1.57678E+02  2.05758E+00   1.61279E+02  2.05732E+00   1.64884E+02  2.05702E+00   1.68492E+02  2.05660E+00   1.72103E+02  2.05598E+00   1.75717E+02  2.05511E+00   1.79333E+02  2.05394E+00   1.82951E+02  2.05243E+00   1.86574E+02  2.05053E+00   1.90199E+02 
 2.04922E+00   1.92316E+02  2.05131E+00   1.88741E+02  2.05302E+00   1.85173E+02  2.05437E+00   1.81612E+02  2.05540E+00   1.78056E+02  2.05616E+00   1.74507E+02  2.05668E+00   1.70963E+02  2.05705E+00   1.67427E+02  2.05731E+00   1.63897E+02  2.05755E+00   1.60375E+02  2.05786E+00   1.56863E+02  2.05833E+00   1.53362E+02  2.05906E+00   1.49875E+02  2.06015E+00   1.46404E+02  2.06172E+00   1.42954E+02  2.06388E+00   1.39527E+02  2.06673E+00   1.36131E+02  2.07037E+00   1.32770E+02  2.07490E+00   1.29451E+02  2.08040E+00   1.26182E+02  2.08693E+00   1.22971E+02  2.09453E+00   1.19828E+02  2.10320E+00   1.16762E+02  2.11296E+00   1.13784E+02  2.12372E+00   1.10904E+02  2.13542E+00   1.08133E+02  2.14795E+00   1.05482E+02  2.16114E+00   1.02962E+02  2.17481E+00   1.00584E+02  2.18876E+00   9.83575E+01  2.20274E+00   9.62922E+01  2.21649E+00   9.43968E+01  2.22976E+00   9.26796E+01  2.24226E+00   9.11476E+01  2.25375E+00   8.98074E+01  2.26394E+00   8.86642E+01  2.27264E+00   8.77228E+01  2.27962E+00   8.69867E+01  2.28473E+00   8.64590E+01  2.28784E+00   8.61416E+01  2.28889E+00   8.60356E+01  2.28784E+00   8.61416E+01  2.28473E+00   8.64590E+01  2.27962E+00   8.69867E+01  2.27264E+00   8.77228E+01  2.26394E+00   8.86642E+01  2.25375E+00   8.98074E+01  2.24227E+00   9.11476E+01  2.22976E+00   9.26797E+01  2.21649E+00   9.43968E+01  2.20274E+00   9.62923E+01  2.18876E+00   9.83575E+01  2.17481E+00   1.00584E+02  2.16114E+00   1.02962E+02  2.14795E+00   1.05482E+02  2.13542E+00   1.08133E+02  2.12372E+00   1.10904E+02  2.11296E+00   1.13784E+02  2.10320E+00   1.16762E+02  2.09453E+00   1.19828E+02  2.08693E+00   1.22971E+02  2.08040E+00   1.26182E+02  2.07490E+00   1.29451E+02  2.07037E+00   1.32770E+02  2.06673E+00   1.36131E+02  2.06388E+00   1.39527E+02  2.06172E+00   1.42953E+02  2.06015E+00   1.46404E+02  2.05906E+00   1.49875E+02  2.05833E+00   1.53362E+02  2.05786E+00   1.56863E+02  2.05755E+00   1.60375E+02  2.05731E+00   1.63897E+02  2.05704E+00   1.67427E+02  2.05668E+00   1.70963E+02  2.05616E+00   1.74507E+02  2.05540E+00   1.78056E+02  2.05437E+00   1.81612E+02  2.05302E+00   1.85173E+02  2.05131E+00   1.88741E+02  2.04922E+00   1.92316E+02 
 2.04774E+00   1.94492E+02  2.05003E+00   1.90969E+02  2.05194E+00   1.87454E+02  2.05348E+00   1.83949E+02  2.05469E+00   1.80453E+02  2.05560E+00   1.76967E+02  2.05626E+00   1.73490E+02  2.05672E+00   1.70023E+02  2.05703E+00   1.66568E+02  2.05727E+00   1.63124E+02  2.05750E+00   1.59693E+02  2.05781E+00   1.56278E+02  2.05828E+00   1.52880E+02  2.05901E+00   1.49502E+02  2.06010E+00   1.46148E+02  2.06163E+00   1.42821E+02  2.06369E+00   1.39527E+02  2.06640E+00   1.36271E+02  2.06980E+00   1.33059E+02  2.07400E+00   1.29899E+02  2.07903E+00   1.26797E+02  2.08494E+00   1.23762E+02  2.09174E+00   1.20803E+02  2.09943E+00   1.17930E+02  2.10797E+00   1.15153E+02  2.11729E+00   1.12481E+02  2.12731E+00   1.09925E+02  2.13790E+00   1.07495E+02  2.14892E+00   1.05201E+02  2.16019E+00   1.03052E+02  2.17151E+00   1.01058E+02  2.18267E+00   9.92278E+01  2.19346E+00   9.75684E+01  2.20364E+00   9.60875E+01  2.21300E+00   9.47911E+01  2.22133E+00   9.36850E+01  2.22843E+00   9.27736E+01  2.23414E+00   9.20609E+01  2.23832E+00   9.15497E+01  2.24088E+00   9.12422E+01  2.24173E+00   9.11395E+01  2.24088E+00   9.12422E+01  2.23832E+00   9.15497E+01  2.23414E+00   9.20609E+01  2.22843E+00   9.27736E+01  2.22133E+00   9.36850E+01  2.21300E+00   9.47911E+01  2.20364E+00   9.60875E+01  2.19346E+00   9.75684E+01  2.18267E+00   9.92278E+01  2.17151E+00   1.01058E+02  2.16019E+00   1.03052E+02  2.14893E+00   1.05201E+02  2.13790E+00   1.07495E+02  2.12731E+00   1.09925E+02  2.11729E+00   1.12481E+02  2.10797E+00   1.15153E+02  2.09943E+00   1.17930E+02  2.09174E+00   1.20803E+02  2.08494E+00   1.23762E+02  2.07903E+00   1.26797E+02  2.07400E+00   1.29899E+02  2.06980E+00   1.33059E+02  2.06639E+00   1.36271E+02  2.06369E+00   1.39527E+02  2.06162E+00   1.42821E+02  2.06009E+00   1.46148E+02  2.05901E+00   1.49502E+02  2.05828E+00   1.52880E+02  2.05781E+00   1.56278E+02  2.05750E+00   1.59693E+02  2.05727E+00   1.63124E+02  2.05703E+00   1.66568E+02  2.05672E+00   1.70023E+02  2.05626E+00   1.73490E+02  2.05560E+00   1.76967E+02  2.05469E+00   1.80453E+02  2.05348E+00   1.83949E+02  2.05194E+00   1.87454E+02  2.05003E+00   1.90969E+02  2.04774E+00   1.94492E+02 
 2.04606E+00   1.96726E+02  2.04856E+00   1.93253E+02  2.05067E+00   1.89792E+02  2.05242E+00   1.86342E+02  2.05382E+00   1.82905E+02  2.05491E+00   1.79481E+02  2.05573E+00   1.76069E+02  2.05631E+00   1.72671E+02  2.05671E+00   1.69288E+02  2.05698E+00   1.65920E+02  2.05720E+00   1.62569E+02  2.05742E+00   1.59236E+02  2.05772E+00   1.55925E+02  2.05818E+00   1.52638E+02  2.05889E+00   1.49378E+02  2.05992E+00   1.46148E+02  2.06137E+00   1.42954E+02  2.06330E+00   1.39800E+02  2.06578E+00   1.36692E+02  2.06889E+00   1.33637E+02  2.07267E+00   1.30641E+02  2.07717E+00   1.27713E+02  2.08238E+00   1.24860E+02  2.08833E+00   1.22091E+02  2.09498E+00   1.19415E+02  2.10228E+00   1.16842E+02  2.11016E+00   1.14381E+02  2.11853E+00   1.12041E+02  2.12727E+00   1.09832E+02  2.13623E+00   1.07763E+02  2.14527E+00   1.05843E+02  2.15420E+00   1.04079E+02  2.16284E+00   1.02480E+02  2.17102E+00   1.01053E+02  2.17855E+00   9.98027E+01  2.18525E+00   9.87355E+01  2.19098E+00   9.78563E+01  2.19559E+00   9.71682E+01  2.19896E+00   9.66749E+01  2.20102E+00   9.63778E+01  2.20171E+00   9.62788E+01  2.20102E+00   9.63778E+01  2.19896E+00   9.66749E+01  2.19558E+00   9.71682E+01  2.19098E+00   9.78562E+01  2.18525E+00   9.87355E+01  2.17854E+00   9.98027E+01  2.17102E+00   1.01053E+02  2.16284E+00   1.02480E+02  2.15420E+00   1.04080E+02  2.14527E+00   1.05843E+02  2.13623E+00   1.07763E+02  2.12727E+00   1.09832E+02  2.11853E+00   1.12041E+02  2.11016E+00   1.14381E+02  2.10228E+00   1.16842E+02  2.09498E+00   1.19415E+02  2.08833E+00   1.22091E+02  2.08239E+00   1.24860E+02  2.07717E+00   1.27713E+02  2.07267E+00   1.30641E+02  2.06889E+00   1.33637E+02  2.06578E+00   1.36692E+02  2.06330E+00   1.39800E+02  2.06137E+00   1.42954E+02  2.05992E+00   1.46148E+02  2.05889E+00   1.49378E+02  2.05818E+00   1.52638E+02  2.05772E+00   1.55925E+02  2.05742E+00   1.59237E+02  2.05720E+00   1.62569E+02  2.05698E+00   1.65920E+02  2.05671E+00   1.69288E+02  2.05631E+00   1.72671E+02  2.05573E+00   1.76069E+02  2.05491E+00   1.79481E+02  2.05382E+00   1.82905E+02  2.05242E+00   1.86342E+02  2.05067E+00   1.89792E+02  2.04855E+00   1.93253E+02  2.04606E+00   1.96726E+02 
 2.04418E+00   1.99015E+02  2.04688E+00   1.95592E+02  2.04921E+00   1.92183E+02  2.05117E+00   1.88789E+02  2.05278E+00   1.85409E+02  2.05407E+00   1.82046E+02  2.05506E+00   1.78698E+02  2.05578E+00   1.75367E+02  2.05631E+00   1.72054E+02  2.05666E+00   1.68760E+02  2.05690E+00   1.65486E+02  2.05710E+00   1.62235E+02  2.05730E+00   1.59008E+02  2.05758E+00   1.55808E+02  2.05802E+00   1.52639E+02  2.05868E+00   1.49503E+02  2.05964E+00   1.46405E+02  2.06096E+00   1.43350E+02  2.06270E+00   1.40344E+02  2.06493E+00   1.37391E+02  2.06769E+00   1.34498E+02  2.07101E+00   1.31673E+02  2.07491E+00   1.28923E+02  2.07941E+00   1.26256E+02  2.08447E+00   1.23681E+02  2.09007E+00   1.21205E+02  2.09616E+00   1.18837E+02  2.10265E+00   1.16588E+02  2.10947E+00   1.14464E+02  2.11648E+00   1.12475E+02  2.12357E+00   1.10629E+02  2.13059E+00   1.08933E+02  2.13741E+00   1.07396E+02  2.14388E+00   1.06023E+02  2.14984E+00   1.04820E+02  2.15517E+00   1.03793E+02  2.15971E+00   1.02947E+02  2.16338E+00   1.02285E+02  2.16606E+00   1.01810E+02  2.16770E+00   1.01524E+02  2.16825E+00   1.01429E+02  2.16770E+00   1.01524E+02  2.16606E+00   1.01810E+02  2.16338E+00   1.02285E+02  2.15971E+00   1.02947E+02  2.15517E+00   1.03793E+02  2.14984E+00   1.04820E+02  2.14388E+00   1.06023E+02  2.13741E+00   1.07396E+02  2.13059E+00   1.08933E+02  2.12357E+00   1.10629E+02  2.11648E+00   1.12475E+02  2.10946E+00   1.14464E+02  2.10265E+00   1.16588E+02  2.09616E+00   1.18837E+02  2.09007E+00   1.21205E+02  2.08447E+00   1.23681E+02  2.07941E+00   1.26256E+02  2.07492E+00   1.28923E+02  2.07101E+00   1.31673E+02  2.06769E+00   1.34498E+02  2.06493E+00   1.37391E+02  2.06270E+00   1.40344E+02  2.06096E+00   1.43350E+02  2.05964E+00   1.46405E+02  2.05868E+00   1.49503E+02  2.05802E+00   1.52639E+02  2.05759E+00   1.55808E+02  2.05730E+00   1.59008E+02  2.05710E+00   1.62235E+02  2.05690E+00   1.65486E+02  2.05666E+00   1.68760E+02  2.05630E+00   1.72054E+02  2.05578E+00   1.75367E+02  2.05506E+00   1.78698E+02  2.05406E+00   1.82046E+02  2.05278E+00   1.85409E+02  2.05117E+00   1.88789E+02  2.04921E+00   1.92183E+02  2.04688E+00   1.95592E+02  2.04418E+00   1.99015E+02 
 2.04208E+00   2.01357E+02  2.04500E+00   1.97983E+02  2.04754E+00   1.94626E+02  2.04972E+00   1.91286E+02  2.05154E+00   1.87963E+02  2.05303E+00   1.84659E+02  2.05422E+00   1.81374E+02  2.05512E+00   1.78108E+02  2.05579E+00   1.74864E+02  2.05626E+00   1.71641E+02  2.05658E+00   1.68442E+02  2.05679E+00   1.65269E+02  2.05696E+00   1.62124E+02  2.05715E+00   1.59009E+02  2.05741E+00   1.55927E+02  2.05780E+00   1.52882E+02  2.05839E+00   1.49877E+02  2.05925E+00   1.46917E+02  2.06041E+00   1.44008E+02  2.06194E+00   1.41154E+02  2.06388E+00   1.38361E+02  2.06626E+00   1.35636E+02  2.06909E+00   1.32986E+02  2.07239E+00   1.30418E+02  2.07616E+00   1.27939E+02  2.08035E+00   1.25559E+02  2.08495E+00   1.23283E+02  2.08988E+00   1.21122E+02  2.09508E+00   1.19082E+02  2.10047E+00   1.17173E+02  2.10593E+00   1.15400E+02  2.11137E+00   1.13773E+02  2.11665E+00   1.12297E+02  2.12168E+00   1.10979E+02  2.12632E+00   1.09825E+02  2.13048E+00   1.08839E+02  2.13403E+00   1.08027E+02  2.13690E+00   1.07391E+02  2.13899E+00   1.06935E+02  2.14028E+00   1.06660E+02  2.14071E+00   1.06569E+02  2.14028E+00   1.06660E+02  2.13899E+00   1.06935E+02  2.13690E+00   1.07391E+02  2.13403E+00   1.08026E+02  2.13048E+00   1.08839E+02  2.12632E+00   1.09824E+02  2.12168E+00   1.10979E+02  2.11665E+00   1.12297E+02  2.11137E+00   1.13773E+02  2.10593E+00   1.15400E+02  2.10047E+00   1.17173E+02  2.09508E+00   1.19083E+02  2.08988E+00   1.21122E+02  2.08495E+00   1.23283E+02  2.08035E+00   1.25559E+02  2.07616E+00   1.27939E+02  2.07239E+00   1.30418E+02  2.06909E+00   1.32986E+02  2.06625E+00   1.35636E+02  2.06388E+00   1.38361E+02  2.06195E+00   1.41154E+02  2.06041E+00   1.44008E+02  2.05925E+00   1.46917E+02  2.05839E+00   1.49877E+02  2.05780E+00   1.52881E+02  2.05741E+00   1.55927E+02  2.05715E+00   1.59009E+02  2.05696E+00   1.62124E+02  2.05679E+00   1.65269E+02  2.05658E+00   1.68442E+02  2.05626E+00   1.71641E+02  2.05579E+00   1.74864E+02  2.05512E+00   1.78108E+02  2.05421E+00   1.81374E+02  2.05303E+00   1.84659E+02  2.05154E+00   1.87963E+02  2.04972E+00   1.91286E+02  2.04754E+00   1.94626E+02  2.04500E+00   1.97983E+02  2.04208E+00   2.01357E+02 
 2.03975E+00   2.03751E+02  2.04289E+00   2.00425E+02  2.04564E+00   1.97118E+02  2.04804E+00   1.93831E+02  2.05009E+00   1.90564E+02  2.05180E+00   1.87318E+02  2.05318E+00   1.84094E+02  2.05428E+00   1.80892E+02  2.05512E+00   1.77714E+02  2.05574E+00   1.74561E+02  2.05617E+00   1.71435E+02  2.05646E+00   1.68337E+02  2.05665E+00   1.65270E+02  2.05681E+00   1.62237E+02  2.05697E+00   1.59239E+02  2.05720E+00   1.56281E+02  2.05754E+00   1.53365E+02  2.05805E+00   1.50497E+02  2.05878E+00   1.47681E+02  2.05977E+00   1.44922E+02  2.06106E+00   1.42225E+02  2.06269E+00   1.39596E+02  2.06468E+00   1.37042E+02  2.06702E+00   1.34569E+02  2.06973E+00   1.32185E+02  2.07279E+00   1.29896E+02  2.07617E+00   1.27710E+02  2.07983E+00   1.25635E+02  2.08371E+00   1.23677E+02  2.08775E+00   1.21845E+02  2.09186E+00   1.20146E+02  2.09598E+00   1.18585E+02  2.10000E+00   1.17170E+02  2.10384E+00   1.15906E+02  2.10738E+00   1.14800E+02  2.11057E+00   1.13855E+02  2.11329E+00   1.13077E+02  2.11550E+00   1.12468E+02  2.11711E+00   1.12030E+02  2.11810E+00   1.11767E+02  2.11843E+00   1.11680E+02  2.11810E+00   1.11767E+02  2.11711E+00   1.12030E+02  2.11550E+00   1.12468E+02  2.11329E+00   1.13077E+02  2.11057E+00   1.13855E+02  2.10738E+00   1.14800E+02  2.10384E+00   1.15906E+02  2.10000E+00   1.17170E+02  2.09598E+00   1.18585E+02  2.09186E+00   1.20145E+02  2.08775E+00   1.21845E+02  2.08371E+00   1.23677E+02  2.07983E+00   1.25635E+02  2.07617E+00   1.27710E+02  2.07279E+00   1.29896E+02  2.06973E+00   1.32185E+02  2.06702E+00   1.34569E+02  2.06468E+00   1.37042E+02  2.06269E+00   1.39596E+02  2.06106E+00   1.42225E+02  2.05977E+00   1.44922E+02  2.05877E+00   1.47681E+02  2.05805E+00   1.50497E+02  2.05754E+00   1.53365E+02  2.05720E+00   1.56280E+02  2.05697E+00   1.59239E+02  2.05681E+00   1.62237E+02  2.05665E+00   1.65270E+02  2.05646E+00   1.68337E+02  2.05617E+00   1.71435E+02  2.05574E+00   1.74561E+02  2.05512E+00   1.77714E+02  2.05428E+00   1.80892E+02  2.05319E+00   1.84094E+02  2.05179E+00   1.87318E+02  2.05009E+00   1.90564E+02  2.04805E+00   1.93831E+02  2.04564E+00   1.97118E+02  2.04289E+00   2.00425E+02  2.03975E+00   2.03751E+02 
 2.03718E+00   2.06193E+02  2.04053E+00   2.02915E+02  2.04351E+00   1.99659E+02  2.04613E+00   1.96424E+02  2.04840E+00   1.93211E+02  2.05033E+00   1.90022E+02  2.05194E+00   1.86856E+02  2.05325E+00   1.83716E+02  2.05427E+00   1.80603E+02  2.05507E+00   1.77517E+02  2.05564E+00   1.74461E+02  2.05604E+00   1.71436E+02  2.05631E+00   1.68445E+02  2.05649E+00   1.65489E+02  2.05663E+00   1.62572E+02  2.05677E+00   1.59697E+02  2.05695E+00   1.56867E+02  2.05723E+00   1.54087E+02  2.05765E+00   1.51360E+02  2.05825E+00   1.48691E+02  2.05906E+00   1.46086E+02  2.06011E+00   1.43549E+02  2.06143E+00   1.41087E+02  2.06303E+00   1.38705E+02  2.06491E+00   1.36411E+02  2.06706E+00   1.34211E+02  2.06946E+00   1.32111E+02  2.07209E+00   1.30119E+02  2.07491E+00   1.28241E+02  2.07786E+00   1.26484E+02  2.08089E+00   1.24854E+02  2.08394E+00   1.23359E+02  2.08692E+00   1.22004E+02  2.08978E+00   1.20794E+02  2.09243E+00   1.19734E+02  2.09482E+00   1.18830E+02  2.09687E+00   1.18085E+02  2.09853E+00   1.17501E+02  2.09974E+00   1.17083E+02  2.10049E+00   1.16831E+02  2.10074E+00   1.16747E+02  2.10049E+00   1.16831E+02  2.09974E+00   1.17083E+02  2.09853E+00   1.17501E+02  2.09687E+00   1.18085E+02  2.09482E+00   1.18830E+02  2.09243E+00   1.19734E+02  2.08978E+00   1.20794E+02  2.08692E+00   1.22004E+02  2.08394E+00   1.23359E+02  2.08089E+00   1.24854E+02  2.07787E+00   1.26484E+02  2.07491E+00   1.28241E+02  2.07210E+00   1.30119E+02  2.06946E+00   1.32111E+02  2.06706E+00   1.34211E+02  2.06491E+00   1.36411E+02  2.06303E+00   1.38705E+02  2.06143E+00   1.41087E+02  2.06011E+00   1.43549E+02  2.05906E+00   1.46085E+02  2.05824E+00   1.48691E+02  2.05765E+00   1.51360E+02  2.05723E+00   1.54087E+02  2.05695E+00   1.56867E+02  2.05677E+00   1.59697E+02  2.05663E+00   1.62572E+02  2.05649E+00   1.65489E+02  2.05631E+00   1.68445E+02  2.05604E+00   1.71436E+02  2.05564E+00   1.74461E+02  2.05507E+00   1.77517E+02  2.05428E+00   1.80603E+02  2.05325E+00   1.83716E+02  2.05194E+00   1.86856E+02  2.05033E+00   1.90022E+02  2.04840E+00   1.93211E+02  2.04613E+00   1.96424E+02  2.04351E+00   1.99658E+02  2.04054E+00   2.02915E+02  2.03718E+00   2.06193E+02 
 2.03437E+00   2.08684E+02  2.03793E+00   2.05453E+02  2.04113E+00   2.02244E+02  2.04397E+00   1.99060E+02  2.04647E+00   1.95901E+02  2.04862E+00   1.92767E+02  2.05046E+00   1.89659E+02  2.05199E+00   1.86579E+02  2.05322E+00   1.83528E+02  2.05420E+00   1.80507E+02  2.05495E+00   1.77518E+02  2.05550E+00   1.74563E+02  2.05588E+00   1.71645E+02  2.05614E+00   1.68764E+02  2.05630E+00   1.65924E+02  2.05643E+00   1.63129E+02  2.05654E+00   1.60381E+02  2.05668E+00   1.57684E+02  2.05690E+00   1.55042E+02  2.05722E+00   1.52459E+02  2.05769E+00   1.49941E+02  2.05832E+00   1.47492E+02  2.05914E+00   1.45117E+02  2.06017E+00   1.42823E+02  2.06140E+00   1.40615E+02  2.06285E+00   1.38499E+02  2.06449E+00   1.36481E+02  2.06631E+00   1.34568E+02  2.06828E+00   1.32766E+02  2.07037E+00   1.31082E+02  2.07253E+00   1.29520E+02  2.07472E+00   1.28088E+02  2.07688E+00   1.26790E+02  2.07895E+00   1.25632E+02  2.08089E+00   1.24618E+02  2.08263E+00   1.23752E+02  2.08413E+00   1.23039E+02  2.08535E+00   1.22482E+02  2.08625E+00   1.22081E+02  2.08679E+00   1.21841E+02  2.08698E+00   1.21760E+02  2.08679E+00   1.21841E+02  2.08625E+00   1.22082E+02  2.08534E+00   1.22482E+02  2.08413E+00   1.23040E+02  2.08263E+00   1.23752E+02  2.08089E+00   1.24618E+02  2.07895E+00   1.25632E+02  2.07688E+00   1.26790E+02  2.07472E+00   1.28088E+02  2.07253E+00   1.29520E+02  2.07037E+00   1.31082E+02  2.06828E+00   1.32766E+02  2.06631E+00   1.34568E+02  2.06448E+00   1.36481E+02  2.06285E+00   1.38499E+02  2.06140E+00   1.40615E+02  2.06017E+00   1.42823E+02  2.05914E+00   1.45117E+02  2.05832E+00   1.47492E+02  2.05769E+00   1.49941E+02  2.05722E+00   1.52459E+02  2.05690E+00   1.55042E+02  2.05668E+00   1.57684E+02  2.05654E+00   1.60381E+02  2.05643E+00   1.63129E+02  2.05630E+00   1.65924E+02  2.05614E+00   1.68764E+02  2.05588E+00   1.71645E+02  2.05550E+00   1.74563E+02  2.05495E+00   1.77518E+02  2.05421E+00   1.80507E+02  2.05322E+00   1.83528E+02  2.05199E+00   1.86579E+02  2.05046E+00   1.89659E+02  2.04862E+00   1.92767E+02  2.04647E+00   1.95901E+02  2.04397E+00   1.99060E+02  2.04113E+00   2.02244E+02  2.03793E+00   2.05453E+02  2.03436E+00   2.08684E+02 
 2.03130E+00   2.11220E+02  2.03507E+00   2.08035E+02  2.03849E+00   2.04874E+02  2.04155E+00   2.01740E+02  2.04428E+00   1.98632E+02  2.04666E+00   1.95552E+02  2.04872E+00   1.92500E+02  2.05048E+00   1.89478E+02  2.05193E+00   1.86487E+02  2.05312E+00   1.83529E+02  2.05406E+00   1.80605E+02  2.05478E+00   1.77718E+02  2.05531E+00   1.74868E+02  2.05569E+00   1.72059E+02  2.05594E+00   1.69294E+02  2.05610E+00   1.66574E+02  2.05621E+00   1.63904E+02  2.05629E+00   1.61286E+02  2.05640E+00   1.58725E+02  2.05655E+00   1.56225E+02  2.05679E+00   1.53789E+02  2.05713E+00   1.51423E+02  2.05759E+00   1.49131E+02  2.05820E+00   1.46919E+02  2.05895E+00   1.44793E+02  2.05987E+00   1.42757E+02  2.06093E+00   1.40817E+02  2.06213E+00   1.38980E+02  2.06345E+00   1.37251E+02  2.06487E+00   1.35635E+02  2.06635E+00   1.34138E+02  2.06786E+00   1.32766E+02  2.06937E+00   1.31523E+02  2.07082E+00   1.30414E+02  2.07219E+00   1.29444E+02  2.07342E+00   1.28616E+02  2.07449E+00   1.27934E+02  2.07536E+00   1.27401E+02  2.07600E+00   1.27018E+02  2.07639E+00   1.26788E+02  2.07652E+00   1.26711E+02  2.07639E+00   1.26788E+02  2.07600E+00   1.27018E+02  2.07536E+00   1.27401E+02  2.07449E+00   1.27934E+02  2.07342E+00   1.28616E+02  2.07219E+00   1.29444E+02  2.07082E+00   1.30414E+02  2.06937E+00   1.31523E+02  2.06786E+00   1.32766E+02  2.06635E+00   1.34138E+02  2.06486E+00   1.35635E+02  2.06345E+00   1.37251E+02  2.06213E+00   1.38980E+02  2.06093E+00   1.40817E+02  2.05987E+00   1.42757E+02  2.05895E+00   1.44793E+02  2.05820E+00   1.46919E+02  2.05759E+00   1.49131E+02  2.05713E+00   1.51423E+02  2.05679E+00   1.53789E+02  2.05655E+00   1.56225E+02  2.05640E+00   1.58725E+02  2.05629E+00   1.61287E+02  2.05621E+00   1.63904E+02  2.05610E+00   1.66574E+02  2.05593E+00   1.69294E+02  2.05569E+00   1.72059E+02  2.05531E+00   1.74868E+02  2.05478E+00   1.77718E+02  2.05406E+00   1.80605E+02  2.05312E+00   1.83529E+02  2.05193E+00   1.86487E+02  2.05048E+00   1.89478E+02  2.04872E+00   1.92500E+02  2.04666E+00   1.95552E+02  2.04428E+00   1.98632E+02  2.04155E+00   2.01740E+02  2.03849E+00   2.04874E+02  2.03507E+00   2.08035E+02  2.03130E+00   2.11220E+02 
 2.02797E+00   2.13800E+02  2.03195E+00   2.10660E+02  2.03558E+00   2.07546E+02  2.03886E+00   2.04460E+02  2.04181E+00   2.01403E+02  2.04442E+00   1.98375E+02  2.04671E+00   1.95377E+02  2.04870E+00   1.92412E+02  2.05038E+00   1.89479E+02  2.05179E+00   1.86581E+02  2.05294E+00   1.83720E+02  2.05385E+00   1.80897E+02  2.05456E+00   1.78114E+02  2.05508E+00   1.75374E+02  2.05545E+00   1.72679E+02  2.05571E+00   1.70032E+02  2.05586E+00   1.67435E+02  2.05597E+00   1.64893E+02  2.05604E+00   1.62409E+02  2.05611E+00   1.59986E+02  2.05621E+00   1.57628E+02  2.05636E+00   1.55341E+02  2.05659E+00   1.53128E+02  2.05691E+00   1.50994E+02  2.05732E+00   1.48944E+02  2.05785E+00   1.46984E+02  2.05848E+00   1.45118E+02  2.05922E+00   1.43352E+02  2.06005E+00   1.41691E+02  2.06096E+00   1.40141E+02  2.06192E+00   1.38705E+02  2.06292E+00   1.37390E+02  2.06393E+00   1.36199E+02  2.06490E+00   1.35138E+02  2.06583E+00   1.34209E+02  2.06667E+00   1.33417E+02  2.06740E+00   1.32765E+02  2.06800E+00   1.32255E+02  2.06844E+00   1.31889E+02  2.06871E+00   1.31669E+02  2.06880E+00   1.31595E+02  2.06871E+00   1.31669E+02  2.06844E+00   1.31889E+02  2.06800E+00   1.32255E+02  2.06740E+00   1.32765E+02  2.06667E+00   1.33417E+02  2.06583E+00   1.34209E+02  2.06490E+00   1.35138E+02  2.06392E+00   1.36199E+02  2.06292E+00   1.37390E+02  2.06192E+00   1.38705E+02  2.06096E+00   1.40141E+02  2.06005E+00   1.41691E+02  2.05922E+00   1.43352E+02  2.05848E+00   1.45118E+02  2.05785E+00   1.46984E+02  2.05732E+00   1.48944E+02  2.05691E+00   1.50994E+02  2.05659E+00   1.53128E+02  2.05637E+00   1.55341E+02  2.05621E+00   1.57628E+02  2.05611E+00   1.59986E+02  2.05604E+00   1.62409E+02  2.05596E+00   1.64893E+02  2.05586E+00   1.67435E+02  2.05570E+00   1.70032E+02  2.05545E+00   1.72679E+02  2.05508E+00   1.75374E+02  2.05456E+00   1.78114E+02  2.05385E+00   1.80897E+02  2.05294E+00   1.83720E+02  2.05179E+00   1.86581E+02  2.05038E+00   1.89479E+02  2.04870E+00   1.92412E+02  2.04671E+00   1.95377E+02  2.04442E+00   1.98375E+02  2.04181E+00   2.01403E+02  2.03886E+00   2.04461E+02  2.03558E+00   2.07546E+02  2.03195E+00   2.10660E+02  2.02797E+00   2.13800E+02 
 2.02438E+00   2.16423E+02  2.02855E+00   2.13327E+02  2.03239E+00   2.10259E+02  2.03588E+00   2.07221E+02  2.03905E+00   2.04212E+02  2.04189E+00   2.01235E+02  2.04441E+00   1.98290E+02  2.04663E+00   1.95379E+02  2.04855E+00   1.92502E+02  2.05018E+00   1.89663E+02  2.05155E+00   1.86861E+02  2.05268E+00   1.84100E+02  2.05357E+00   1.81381E+02  2.05428E+00   1.78706E+02  2.05480E+00   1.76078E+02  2.05518E+00   1.73500E+02  2.05544E+00   1.70974E+02  2.05560E+00   1.68503E+02  2.05571E+00   1.66091E+02  2.05577E+00   1.63741E+02  2.05582E+00   1.61458E+02  2.05588E+00   1.59245E+02  2.05596E+00   1.57106E+02  2.05610E+00   1.55045E+02  2.05629E+00   1.53068E+02  2.05656E+00   1.51179E+02  2.05689E+00   1.49383E+02  2.05730E+00   1.47684E+02  2.05777E+00   1.46088E+02  2.05830E+00   1.44599E+02  2.05890E+00   1.43221E+02  2.05950E+00   1.41959E+02  2.06014E+00   1.40818E+02  2.06075E+00   1.39801E+02  2.06135E+00   1.38911E+02  2.06188E+00   1.38153E+02  2.06237E+00   1.37529E+02  2.06275E+00   1.37041E+02  2.06305E+00   1.36691E+02  2.06322E+00   1.36480E+02  2.06328E+00   1.36410E+02  2.06322E+00   1.36480E+02  2.06305E+00   1.36691E+02  2.06275E+00   1.37041E+02  2.06237E+00   1.37529E+02  2.06188E+00   1.38153E+02  2.06135E+00   1.38911E+02  2.06075E+00   1.39801E+02  2.06014E+00   1.40818E+02  2.05950E+00   1.41959E+02  2.05889E+00   1.43221E+02  2.05831E+00   1.44599E+02  2.05777E+00   1.46088E+02  2.05730E+00   1.47684E+02  2.05689E+00   1.49383E+02  2.05656E+00   1.51179E+02  2.05629E+00   1.53068E+02  2.05610E+00   1.55045E+02  2.05596E+00   1.57106E+02  2.05588E+00   1.59245E+02  2.05582E+00   1.61458E+02  2.05577E+00   1.63741E+02  2.05571E+00   1.66091E+02  2.05560E+00   1.68503E+02  2.05544E+00   1.70974E+02  2.05518E+00   1.73500E+02  2.05480E+00   1.76078E+02  2.05428E+00   1.78706E+02  2.05358E+00   1.81381E+02  2.05268E+00   1.84100E+02  2.05155E+00   1.86861E+02  2.05018E+00   1.89663E+02  2.04855E+00   1.92502E+02  2.04663E+00   1.95379E+02  2.04441E+00   1.98290E+02  2.04190E+00   2.01235E+02  2.03905E+00   2.04212E+02  2.03588E+00   2.07221E+02  2.03239E+00   2.10259E+02  2.02854E+00   2.13327E+02  2.02438E+00   2.16423E+02 
 2.02052E+00   2.19087E+02  2.02487E+00   2.16034E+02  2.02891E+00   2.13011E+02  2.03262E+00   2.10019E+02  2.03600E+00   2.07058E+02  2.03907E+00   2.04130E+02  2.04182E+00   2.01236E+02  2.04426E+00   1.98377E+02  2.04641E+00   1.95555E+02  2.04828E+00   1.92771E+02  2.04988E+00   1.90028E+02  2.05123E+00   1.87326E+02  2.05233E+00   1.84668E+02  2.05322E+00   1.82055E+02  2.05394E+00   1.79491E+02  2.05446E+00   1.76978E+02  2.05487E+00   1.74519E+02  2.05514E+00   1.72116E+02  2.05532E+00   1.69773E+02  2.05543E+00   1.67492E+02  2.05549E+00   1.65278E+02  2.05553E+00   1.63135E+02  2.05556E+00   1.61065E+02  2.05560E+00   1.59074E+02  2.05567E+00   1.57165E+02  2.05576E+00   1.55343E+02  2.05591E+00   1.53612E+02  2.05609E+00   1.51977E+02  2.05633E+00   1.50441E+02  2.05660E+00   1.49009E+02  2.05692E+00   1.47685E+02  2.05726E+00   1.46474E+02  2.05762E+00   1.45379E+02  2.05797E+00   1.44403E+02  2.05833E+00   1.43551E+02  2.05865E+00   1.42824E+02  2.05894E+00   1.42226E+02  2.05917E+00   1.41759E+02  2.05935E+00   1.41424E+02  2.05946E+00   1.41222E+02  2.05949E+00   1.41155E+02  2.05946E+00   1.41222E+02  2.05935E+00   1.41424E+02  2.05917E+00   1.41759E+02  2.05894E+00   1.42226E+02  2.05865E+00   1.42824E+02  2.05832E+00   1.43551E+02  2.05797E+00   1.44403E+02  2.05762E+00   1.45379E+02  2.05726E+00   1.46474E+02  2.05692E+00   1.47685E+02  2.05660E+00   1.49009E+02  2.05633E+00   1.50441E+02  2.05609E+00   1.51977E+02  2.05591E+00   1.53612E+02  2.05576E+00   1.55343E+02  2.05567E+00   1.57165E+02  2.05560E+00   1.59074E+02  2.05556E+00   1.61065E+02  2.05553E+00   1.63135E+02  2.05549E+00   1.65278E+02  2.05543E+00   1.67492E+02  2.05532E+00   1.69773E+02  2.05514E+00   1.72116E+02  2.05486E+00   1.74519E+02  2.05446E+00   1.76978E+02  2.05394E+00   1.79491E+02  2.05323E+00   1.82055E+02  2.05233E+00   1.84668E+02  2.05122E+00   1.87326E+02  2.04987E+00   1.90028E+02  2.04828E+00   1.92771E+02  2.04641E+00   1.95555E+02  2.04426E+00   1.98377E+02  2.04182E+00   2.01236E+02  2.03907E+00   2.04130E+02  2.03600E+00   2.07058E+02  2.03262E+00   2.10019E+02  2.02891E+00   2.13011E+02  2.02487E+00   2.16034E+02  2.02052E+00   2.19087E+02 
 2.01638E+00   2.21791E+02  2.02092E+00   2.18781E+02  2.02515E+00   2.15801E+02  2.02906E+00   2.12854E+02  2.03265E+00   2.09939E+02  2.03594E+00   2.07059E+02  2.03892E+00   2.04214E+02  2.04158E+00   2.01406E+02  2.04396E+00   1.98637E+02  2.04606E+00   1.95907E+02  2.04789E+00   1.93218E+02  2.04946E+00   1.90573E+02  2.05079E+00   1.87973E+02  2.05189E+00   1.85420E+02  2.05280E+00   1.82917E+02  2.05352E+00   1.80466E+02  2.05407E+00   1.78070E+02  2.05450E+00   1.75731E+02  2.05479E+00   1.73453E+02  2.05500E+00   1.71238E+02  2.05512E+00   1.69089E+02  2.05519E+00   1.67012E+02  2.05524E+00   1.65007E+02  2.05525E+00   1.63081E+02  2.05527E+00   1.61236E+02  2.05528E+00   1.59477E+02  2.05532E+00   1.57807E+02  2.05538E+00   1.56230E+02  2.05546E+00   1.54751E+02  2.05557E+00   1.53373E+02  2.05571E+00   1.52100E+02  2.05587E+00   1.50936E+02  2.05603E+00   1.49884E+02  2.05622E+00   1.48947E+02  2.05640E+00   1.48129E+02  2.05657E+00   1.47432E+02  2.05672E+00   1.46859E+02  2.05686E+00   1.46411E+02  2.05695E+00   1.46090E+02  2.05701E+00   1.45896E+02  2.05703E+00   1.45832E+02  2.05701E+00   1.45896E+02  2.05695E+00   1.46090E+02  2.05686E+00   1.46411E+02  2.05672E+00   1.46859E+02  2.05657E+00   1.47432E+02  2.05640E+00   1.48129E+02  2.05622E+00   1.48947E+02  2.05603E+00   1.49884E+02  2.05587E+00   1.50936E+02  2.05571E+00   1.52100E+02  2.05557E+00   1.53373E+02  2.05546E+00   1.54751E+02  2.05538E+00   1.56230E+02  2.05532E+00   1.57807E+02  2.05528E+00   1.59477E+02  2.05527E+00   1.61236E+02  2.05525E+00   1.63081E+02  2.05524E+00   1.65007E+02  2.05519E+00   1.67012E+02  2.05512E+00   1.69089E+02  2.05500E+00   1.71238E+02  2.05479E+00   1.73453E+02  2.05449E+00   1.75731E+02  2.05407E+00   1.78070E+02  2.05352E+00   1.80466E+02  2.05280E+00   1.82917E+02  2.05189E+00   1.85420E+02  2.05079E+00   1.87973E+02  2.04946E+00   1.90573E+02  2.04789E+00   1.93218E+02  2.04606E+00   1.95907E+02  2.04396E+00   1.98637E+02  2.04159E+00   2.01406E+02  2.03891E+00   2.04215E+02  2.03594E+00   2.07059E+02  2.03265E+00   2.09939E+02  2.02906E+00   2.12854E+02  2.02515E+00   2.15801E+02  2.02092E+00   2.18780E+02  2.01638E+00   2.21791E+02 
 2.01197E+00   2.24533E+02  2.01669E+00   2.21564E+02  2.02109E+00   2.18628E+02  2.02520E+00   2.15724E+02  2.02900E+00   2.12855E+02  2.03249E+00   2.10021E+02  2.03568E+00   2.07224E+02  2.03859E+00   2.04465E+02  2.04119E+00   2.01746E+02  2.04351E+00   1.99067E+02  2.04557E+00   1.96432E+02  2.04736E+00   1.93841E+02  2.04893E+00   1.91297E+02  2.05025E+00   1.88801E+02  2.05136E+00   1.86356E+02  2.05228E+00   1.83964E+02  2.05302E+00   1.81627E+02  2.05361E+00   1.79349E+02  2.05406E+00   1.77131E+02  2.05438E+00   1.74978E+02  2.05463E+00   1.72892E+02  2.05477E+00   1.70875E+02  2.05488E+00   1.68933E+02  2.05493E+00   1.67067E+02  2.05495E+00   1.65282E+02  2.05496E+00   1.63581E+02  2.05495E+00   1.61968E+02  2.05495E+00   1.60447E+02  2.05495E+00   1.59020E+02  2.05498E+00   1.57692E+02  2.05501E+00   1.56467E+02  2.05506E+00   1.55346E+02  2.05511E+00   1.54335E+02  2.05518E+00   1.53435E+02  2.05525E+00   1.52649E+02  2.05532E+00   1.51979E+02  2.05539E+00   1.51429E+02  2.05544E+00   1.50999E+02  2.05549E+00   1.50690E+02  2.05551E+00   1.50505E+02  2.05553E+00   1.50443E+02  2.05551E+00   1.50505E+02  2.05549E+00   1.50690E+02  2.05544E+00   1.50999E+02  2.05539E+00   1.51429E+02  2.05532E+00   1.51979E+02  2.05525E+00   1.52649E+02  2.05518E+00   1.53435E+02  2.05511E+00   1.54335E+02  2.05506E+00   1.55346E+02  2.05501E+00   1.56467E+02  2.05498E+00   1.57692E+02  2.05496E+00   1.59020E+02  2.05495E+00   1.60447E+02  2.05495E+00   1.61968E+02  2.05496E+00   1.63581E+02  2.05495E+00   1.65282E+02  2.05493E+00   1.67067E+02  2.05488E+00   1.68933E+02  2.05477E+00   1.70875E+02  2.05462E+00   1.72892E+02  2.05438E+00   1.74978E+02  2.05406E+00   1.77131E+02  2.05361E+00   1.79349E+02  2.05302E+00   1.81627E+02  2.05228E+00   1.83964E+02  2.05136E+00   1.86356E+02  2.05025E+00   1.88801E+02  2.04893E+00   1.91297E+02  2.04737E+00   1.93841E+02  2.04557E+00   1.96432E+02  2.04351E+00   1.99067E+02  2.04119E+00   2.01746E+02  2.03858E+00   2.04465E+02  2.03568E+00   2.07224E+02  2.03249E+00   2.10021E+02  2.02900E+00   2.12855E+02  2.02520E+00   2.15724E+02  2.02109E+00   2.18628E+02  2.01669E+00   2.21564E+02  2.01197E+00   2.24533E+02 
 2.00728E+00   2.27313E+02  2.01216E+00   2.24385E+02  2.01675E+00   2.21489E+02  2.02104E+00   2.18629E+02  2.02503E+00   2.15803E+02  2.02873E+00   2.13014E+02  2.03213E+00   2.10264E+02  2.03525E+00   2.07552E+02  2.03808E+00   2.04881E+02  2.04062E+00   2.02253E+02  2.04291E+00   1.99668E+02  2.04493E+00   1.97129E+02  2.04671E+00   1.94638E+02  2.04827E+00   1.92196E+02  2.04959E+00   1.89806E+02  2.05072E+00   1.87470E+02  2.05166E+00   1.85190E+02  2.05243E+00   1.82969E+02  2.05305E+00   1.80810E+02  2.05354E+00   1.78714E+02  2.05391E+00   1.76686E+02  2.05419E+00   1.74728E+02  2.05437E+00   1.72843E+02  2.05451E+00   1.71034E+02  2.05458E+00   1.69305E+02  2.05463E+00   1.67659E+02  2.05464E+00   1.66099E+02  2.05464E+00   1.64629E+02  2.05463E+00   1.63252E+02  2.05461E+00   1.61970E+02  2.05461E+00   1.60789E+02  2.05459E+00   1.59709E+02  2.05460E+00   1.58735E+02  2.05460E+00   1.57868E+02  2.05461E+00   1.57112E+02  2.05462E+00   1.56469E+02  2.05464E+00   1.55939E+02  2.05465E+00   1.55526E+02  2.05467E+00   1.55230E+02  2.05467E+00   1.55052E+02  2.05468E+00   1.54992E+02  2.05467E+00   1.55052E+02  2.05467E+00   1.55230E+02  2.05465E+00   1.55526E+02  2.05464E+00   1.55939E+02  2.05462E+00   1.56469E+02  2.05461E+00   1.57112E+02  2.05460E+00   1.57868E+02  2.05460E+00   1.58735E+02  2.05459E+00   1.59709E+02  2.05461E+00   1.60789E+02  2.05461E+00   1.61970E+02  2.05463E+00   1.63252E+02  2.05464E+00   1.64629E+02  2.05464E+00   1.66099E+02  2.05463E+00   1.67659E+02  2.05458E+00   1.69305E+02  2.05451E+00   1.71034E+02  2.05437E+00   1.72843E+02  2.05418E+00   1.74728E+02  2.05391E+00   1.76686E+02  2.05354E+00   1.78714E+02  2.05305E+00   1.80810E+02  2.05243E+00   1.82969E+02  2.05166E+00   1.85190E+02  2.05072E+00   1.87470E+02  2.04959E+00   1.89806E+02  2.04826E+00   1.92196E+02  2.04672E+00   1.94638E+02  2.04493E+00   1.97129E+02  2.04291E+00   1.99668E+02  2.04063E+00   2.02253E+02  2.03807E+00   2.04881E+02  2.03524E+00   2.07552E+02  2.03213E+00   2.10264E+02  2.02873E+00   2.13014E+02  2.02503E+00   2.15803E+02  2.02104E+00   2.18629E+02  2.01675E+00   2.21489E+02  2.01216E+00   2.24385E+02  2.00727E+00   2.27313E+02 
 2.00231E+00   2.30129E+02  2.00736E+00   2.27240E+02  2.01211E+00   2.24386E+02  2.01657E+00   2.21566E+02  2.02075E+00   2.18783E+02  2.02464E+00   2.16038E+02  2.02825E+00   2.13332E+02  2.03157E+00   2.10666E+02  2.03462E+00   2.08042E+02  2.03738E+00   2.05461E+02  2.03989E+00   2.02926E+02  2.04214E+00   2.00436E+02  2.04415E+00   1.97996E+02  2.04592E+00   1.95606E+02  2.04747E+00   1.93268E+02  2.04880E+00   1.90986E+02  2.04996E+00   1.88759E+02  2.05092E+00   1.86593E+02  2.05173E+00   1.84487E+02  2.05239E+00   1.82447E+02  2.05292E+00   1.80473E+02  2.05334E+00   1.78569E+02  2.05366E+00   1.76738E+02  2.05390E+00   1.74983E+02  2.05407E+00   1.73306E+02  2.05418E+00   1.71711E+02  2.05426E+00   1.70201E+02  2.05430E+00   1.68779E+02  2.05432E+00   1.67447E+02  2.05431E+00   1.66210E+02  2.05431E+00   1.65069E+02  2.05429E+00   1.64027E+02  2.05427E+00   1.63088E+02  2.05426E+00   1.62252E+02  2.05424E+00   1.61524E+02  2.05423E+00   1.60904E+02  2.05422E+00   1.60394E+02  2.05422E+00   1.59997E+02  2.05421E+00   1.59711E+02  2.05421E+00   1.59540E+02  2.05421E+00   1.59483E+02  2.05421E+00   1.59540E+02  2.05421E+00   1.59711E+02  2.05422E+00   1.59997E+02  2.05422E+00   1.60394E+02  2.05423E+00   1.60904E+02  2.05424E+00   1.61524E+02  2.05426E+00   1.62252E+02  2.05428E+00   1.63087E+02  2.05429E+00   1.64027E+02  2.05431E+00   1.65069E+02  2.05431E+00   1.66210E+02  2.05432E+00   1.67447E+02  2.05430E+00   1.68779E+02  2.05426E+00   1.70201E+02  2.05418E+00   1.71711E+02  2.05407E+00   1.73306E+02  2.05390E+00   1.74983E+02  2.05366E+00   1.76738E+02  2.05334E+00   1.78569E+02  2.05292E+00   1.80473E+02  2.05239E+00   1.82447E+02  2.05173E+00   1.84487E+02  2.05092E+00   1.86593E+02  2.04995E+00   1.88759E+02  2.04881E+00   1.90985E+02  2.04747E+00   1.93268E+02  2.04592E+00   1.95606E+02  2.04415E+00   1.97996E+02  2.04214E+00   2.00436E+02  2.03989E+00   2.02926E+02  2.03738E+00   2.05461E+02  2.03461E+00   2.08042E+02  2.03157E+00   2.10666E+02  2.02825E+00   2.13332E+02  2.02464E+00   2.16038E+02  2.02076E+00   2.18783E+02  2.01658E+00   2.21566E+02  2.01211E+00   2.24386E+02  2.00735E+00   2.27241E+02  2.00230E+00   2.30129E+02 
 1.99706E+00   2.32981E+02  2.00226E+00   2.30130E+02  2.00717E+00   2.27315E+02  2.01180E+00   2.24536E+02  2.01616E+00   2.21794E+02  2.02024E+00   2.19091E+02  2.02403E+00   2.16428E+02  2.02755E+00   2.13807E+02  2.03080E+00   2.11228E+02  2.03379E+00   2.08693E+02  2.03651E+00   2.06204E+02  2.03898E+00   2.03763E+02  2.04120E+00   2.01371E+02  2.04319E+00   1.99030E+02  2.04496E+00   1.96742E+02  2.04652E+00   1.94510E+02  2.04787E+00   1.92335E+02  2.04905E+00   1.90219E+02  2.05005E+00   1.88166E+02  2.05090E+00   1.86177E+02  2.05161E+00   1.84254E+02  2.05218E+00   1.82402E+02  2.05266E+00   1.80621E+02  2.05303E+00   1.78916E+02  2.05332E+00   1.77288E+02  2.05354E+00   1.75741E+02  2.05370E+00   1.74277E+02  2.05382E+00   1.72899E+02  2.05389E+00   1.71610E+02  2.05394E+00   1.70413E+02  2.05396E+00   1.69310E+02  2.05398E+00   1.68304E+02  2.05398E+00   1.67396E+02  2.05397E+00   1.66590E+02  2.05396E+00   1.65887E+02  2.05395E+00   1.65289E+02  2.05394E+00   1.64798E+02  2.05393E+00   1.64415E+02  2.05392E+00   1.64140E+02  2.05392E+00   1.63975E+02  2.05392E+00   1.63919E+02  2.05392E+00   1.63975E+02  2.05392E+00   1.64140E+02  2.05393E+00   1.64414E+02  2.05394E+00   1.64798E+02  2.05395E+00   1.65289E+02  2.05396E+00   1.65887E+02  2.05397E+00   1.66590E+02  2.05398E+00   1.67396E+02  2.05398E+00   1.68304E+02  2.05397E+00   1.69310E+02  2.05394E+00   1.70413E+02  2.05389E+00   1.71610E+02  2.05381E+00   1.72899E+02  2.05370E+00   1.74277E+02  2.05354E+00   1.75741E+02  2.05332E+00   1.77288E+02  2.05303E+00   1.78916E+02  2.05266E+00   1.80621E+02  2.05218E+00   1.82402E+02  2.05161E+00   1.84254E+02  2.05090E+00   1.86176E+02  2.05005E+00   1.88166E+02  2.04905E+00   1.90219E+02  2.04787E+00   1.92335E+02  2.04652E+00   1.94510E+02  2.04496E+00   1.96742E+02  2.04320E+00   1.99030E+02  2.04121E+00   2.01371E+02  2.03898E+00   2.03763E+02  2.03651E+00   2.06204E+02  2.03378E+00   2.08693E+02  2.03080E+00   2.11228E+02  2.02755E+00   2.13807E+02  2.02403E+00   2.16428E+02  2.02024E+00   2.19091E+02  2.01616E+00   2.21794E+02  2.01180E+00   2.24536E+02  2.00717E+00   2.27315E+02  2.00226E+00   2.30130E+02  1.99706E+00   2.32981E+02 
