/rn,a,b/nx0/ls1
/r,qa,qb
81 -0.4 0.4 0 OUTPUT_AMP_PHASE_3D Wavelength=0.8
81 -0.4 0.4
 1.40598E-03   2.92593E+01  1.40232E-03   2.82644E+01  1.39921E-03   2.73642E+01  1.40002E-03   2.65917E+01  1.38721E-03   2.57961E+01  1.37019E-03   2.49465E+01  1.35559E-03   2.41253E+01  1.33065E-03   2.33203E+01  1.30526E-03   2.25088E+01  1.27916E-03   2.17631E+01  1.24416E-03   2.10254E+01  1.21014E-03   2.01961E+01  1.17320E-03   1.93782E+01  1.13240E-03   1.84246E+01  1.09443E-03   1.74082E+01  1.05331E-03   1.63452E+01  1.01282E-03   1.52032E+01  9.73128E-04   1.41307E+01  9.30671E-04   1.29844E+01  8.90151E-04   1.19273E+01  8.46879E-04   1.08347E+01  8.04551E-04   9.75235E+00  7.62450E-04   8.71750E+00  7.19385E-04   7.60079E+00  6.78391E-04   6.57691E+00  6.35501E-04   5.42866E+00  5.95316E-04   4.43045E+00  5.52876E-04   3.37246E+00  5.12429E-04   2.36996E+00  4.70706E-04   1.45015E+00  4.29228E-04   5.37166E-01  3.87702E-04   3.59746E+02  3.45425E-04   3.58980E+02  3.03425E-04   3.58327E+02  2.60599E-04   3.57691E+02  2.18506E-04   3.57157E+02  1.75141E-04   3.56612E+02  1.32178E-04   3.56344E+02  8.89752E-05   3.55935E+02  4.57465E-05   3.55184E+02  2.42682E-06   3.42560E+02  4.12777E-05   1.76982E+02  8.47783E-05   1.76593E+02  1.28047E-04   1.76765E+02  1.70962E-04   1.76946E+02  2.14006E-04   1.77262E+02  2.56492E-04   1.77659E+02  2.99317E-04   1.78234E+02  3.41358E-04   1.78778E+02  3.83881E-04   1.79476E+02  4.25820E-04   1.80223E+02  4.67597E-04   1.81099E+02  5.09929E-04   1.82006E+02  5.51194E-04   1.82962E+02  5.94030E-04   1.84062E+02  6.35051E-04   1.85077E+02  6.78101E-04   1.86342E+02  7.19144E-04   1.87449E+02  7.62087E-04   1.88726E+02  8.03798E-04   1.89913E+02  8.45484E-04   1.91080E+02  8.88386E-04   1.92269E+02  9.28886E-04   1.93295E+02  9.71969E-04   1.94394E+02  1.01284E-03   1.95286E+02  1.05449E-03   1.96253E+02  1.09700E-03   1.97179E+02  1.13522E-03   1.98087E+02  1.17600E-03   1.99123E+02  1.21287E-03   2.00059E+02  1.24448E-03   2.01055E+02  1.27882E-03   2.01965E+02  1.30437E-03   2.02723E+02  1.32844E-03   2.03484E+02  1.35540E-03   2.04167E+02  1.37080E-03   2.04860E+02  1.38794E-03   2.05736E+02  1.40242E-03   2.06576E+02  1.40192E-03   2.07392E+02  1.40330E-03   2.08358E+02  1.40197E-03   2.09227E+02 
 1.40035E-03   2.81854E+01  1.39865E-03   2.72500E+01  1.40337E-03   2.64351E+01  1.39473E-03   2.56280E+01  1.37702E-03   2.47725E+01  1.36386E-03   2.39712E+01  1.34202E-03   2.32209E+01  1.31529E-03   2.23923E+01  1.29043E-03   2.15792E+01  1.25695E-03   2.07403E+01  1.22191E-03   1.97687E+01  1.18759E-03   1.88019E+01  1.14864E-03   1.77750E+01  1.11119E-03   1.66833E+01  1.07361E-03   1.56556E+01  1.03282E-03   1.45241E+01  9.93604E-04   1.34411E+01  9.51189E-04   1.23308E+01  9.08576E-04   1.11452E+01  8.66953E-04   9.99633E+00  8.23417E-04   8.69966E+00  7.83096E-04   7.48004E+00  7.41166E-04   6.14477E+00  7.01204E-04   4.87409E+00  6.61145E-04   3.58518E+00  6.21674E-04   2.32378E+00  5.82213E-04   1.16194E+00  5.42123E-04   3.59951E+02  5.02883E-04   3.58966E+02  4.62029E-04   3.57835E+02  4.22472E-04   3.56992E+02  3.81145E-04   3.56093E+02  3.40617E-04   3.55364E+02  2.98619E-04   3.54639E+02  2.57161E-04   3.54041E+02  2.14625E-04   3.53503E+02  1.72469E-04   3.53039E+02  1.29653E-04   3.52607E+02  8.67284E-05   3.52153E+02  4.36662E-05   3.51427E+02  1.18623E-06   2.86700E+02  4.23813E-05   1.74204E+02  8.53080E-05   1.73626E+02  1.28149E-04   1.73696E+02  1.70628E-04   1.73881E+02  2.12712E-04   1.74200E+02  2.54971E-04   1.74694E+02  2.96418E-04   1.75216E+02  3.38255E-04   1.75912E+02  3.78801E-04   1.76583E+02  4.20442E-04   1.77444E+02  4.60581E-04   1.78192E+02  5.01910E-04   1.79229E+02  5.41532E-04   1.80121E+02  5.82649E-04   1.81240E+02  6.22791E-04   1.82294E+02  6.63470E-04   1.83411E+02  7.04851E-04   1.84634E+02  7.44895E-04   1.85818E+02  7.86920E-04   1.87174E+02  8.26232E-04   1.88422E+02  8.68037E-04   1.89815E+02  9.07986E-04   1.91093E+02  9.47853E-04   1.92411E+02  9.89165E-04   1.93629E+02  1.02753E-03   1.94731E+02  1.06903E-03   1.95852E+02  1.10961E-03   1.96791E+02  1.14786E-03   1.97780E+02  1.18967E-03   1.98718E+02  1.22501E-03   1.99666E+02  1.25815E-03   2.00659E+02  1.29199E-03   2.01573E+02  1.31440E-03   2.02424E+02  1.33932E-03   2.03206E+02  1.36216E-03   2.03927E+02  1.37536E-03   2.04672E+02  1.39323E-03   2.05559E+02  1.40500E-03   2.06437E+02  1.40443E-03   2.07331E+02  1.40458E-03   2.08298E+02 
 1.39850E-03   2.71567E+01  1.40510E-03   2.63163E+01  1.39868E-03   2.55178E+01  1.38065E-03   2.46792E+01  1.36698E-03   2.38285E+01  1.34867E-03   2.30499E+01  1.32263E-03   2.21570E+01  1.29771E-03   2.12241E+01  1.26760E-03   2.03677E+01  1.23271E-03   1.93727E+01  1.19965E-03   1.84194E+01  1.16309E-03   1.74572E+01  1.12440E-03   1.63644E+01  1.08709E-03   1.53190E+01  1.04610E-03   1.41268E+01  1.00532E-03   1.28883E+01  9.64093E-04   1.16459E+01  9.21660E-04   1.02268E+01  8.82294E-04   8.88886E+00  8.41463E-04   7.43379E+00  8.03218E-04   5.98346E+00  7.65006E-04   4.58016E+00  7.26955E-04   3.11521E+00  6.89866E-04   1.82013E+00  6.51314E-04   4.56094E-01  6.14182E-04   3.59246E+02  5.75152E-04   3.57993E+02  5.36796E-04   3.56928E+02  4.97400E-04   3.55807E+02  4.57969E-04   3.54813E+02  4.18216E-04   3.53914E+02  3.77860E-04   3.53047E+02  3.36960E-04   3.52362E+02  2.95625E-04   3.51618E+02  2.54371E-04   3.51138E+02  2.12372E-04   3.50613E+02  1.70299E-04   3.50374E+02  1.27778E-04   3.50114E+02  8.51628E-05   3.50416E+02  4.20459E-05   3.51068E+02  1.67406E-06   1.01392E+02  4.35741E-05   1.67012E+02  8.63419E-05   1.68349E+02  1.28725E-04   1.68755E+02  1.70960E-04   1.69407E+02  2.12311E-04   1.69832E+02  2.53925E-04   1.70501E+02  2.94350E-04   1.71135E+02  3.34759E-04   1.71971E+02  3.74476E-04   1.72732E+02  4.13838E-04   1.73735E+02  4.52791E-04   1.74753E+02  4.91309E-04   1.75832E+02  5.30140E-04   1.77031E+02  5.68192E-04   1.78180E+02  6.07621E-04   1.79489E+02  6.45583E-04   1.80699E+02  6.85718E-04   1.82067E+02  7.24869E-04   1.83330E+02  7.65408E-04   1.84711E+02  8.06358E-04   1.86014E+02  8.45932E-04   1.87375E+02  8.88343E-04   1.88765E+02  9.27085E-04   1.90083E+02  9.67686E-04   1.91508E+02  1.00730E-03   1.92785E+02  1.04440E-03   1.94083E+02  1.08508E-03   1.95295E+02  1.12198E-03   1.96390E+02  1.16018E-03   1.97475E+02  1.20003E-03   1.98457E+02  1.23388E-03   1.99461E+02  1.26951E-03   2.00459E+02  1.30088E-03   2.01402E+02  1.32392E-03   2.02299E+02  1.34864E-03   2.03085E+02  1.36763E-03   2.03801E+02  1.37985E-03   2.04541E+02  1.39424E-03   2.05390E+02  1.40314E-03   2.06302E+02  1.40075E-03   2.07183E+02 
 1.40060E-03   2.62513E+01  1.39494E-03   2.54766E+01  1.37977E-03   2.46255E+01  1.36748E-03   2.37315E+01  1.35267E-03   2.29086E+01  1.32946E-03   2.20225E+01  1.30360E-03   2.10678E+01  1.27574E-03   2.02643E+01  1.24277E-03   1.93115E+01  1.20830E-03   1.82966E+01  1.17320E-03   1.73043E+01  1.13423E-03   1.60508E+01  1.09667E-03   1.48486E+01  1.05796E-03   1.35198E+01  1.01758E-03   1.21078E+01  9.78747E-04   1.07787E+01  9.39119E-04   9.26575E+00  9.01070E-04   7.83872E+00  8.62963E-04   6.37721E+00  8.25441E-04   4.84189E+00  7.88228E-04   3.41145E+00  7.50643E-04   1.85398E+00  7.13710E-04   4.38162E-01  6.76141E-04   3.58984E+02  6.38672E-04   3.57570E+02  6.00818E-04   3.56228E+02  5.63204E-04   3.54853E+02  5.25385E-04   3.53646E+02  4.87186E-04   3.52404E+02  4.48817E-04   3.51336E+02  4.10145E-04   3.50255E+02  3.71252E-04   3.49376E+02  3.31435E-04   3.48444E+02  2.91203E-04   3.47728E+02  2.50288E-04   3.47021E+02  2.09146E-04   3.46491E+02  1.67391E-04   3.45951E+02  1.25332E-04   3.45566E+02  8.28095E-05   3.45091E+02  4.01916E-05   3.44269E+02  2.84544E-06   1.85660E+02  4.56052E-05   1.66614E+02  8.83547E-05   1.66215E+02  1.31018E-04   1.66319E+02  1.73556E-04   1.66481E+02  2.15451E-04   1.66847E+02  2.56514E-04   1.67274E+02  2.97645E-04   1.67911E+02  3.37564E-04   1.68545E+02  3.77255E-04   1.69380E+02  4.15921E-04   1.70191E+02  4.54217E-04   1.71180E+02  4.91269E-04   1.72216E+02  5.28249E-04   1.73429E+02  5.64396E-04   1.74629E+02  6.00345E-04   1.76018E+02  6.36489E-04   1.77382E+02  6.71618E-04   1.78896E+02  7.08626E-04   1.80398E+02  7.44592E-04   1.81897E+02  7.82992E-04   1.83464E+02  8.20912E-04   1.84931E+02  8.59698E-04   1.86483E+02  9.00582E-04   1.87946E+02  9.39462E-04   1.89390E+02  9.81105E-04   1.90821E+02  1.01934E-03   1.92172E+02  1.05830E-03   1.93523E+02  1.09721E-03   1.94783E+02  1.13280E-03   1.95955E+02  1.17162E-03   1.97083E+02  1.20748E-03   1.98104E+02  1.24127E-03   1.99155E+02  1.27495E-03   2.00176E+02  1.30442E-03   2.01172E+02  1.32851E-03   2.02145E+02  1.35139E-03   2.02987E+02  1.37066E-03   2.03771E+02  1.38211E-03   2.04515E+02  1.39414E-03   2.05410E+02  1.40038E-03   2.06377E+02 
 1.38653E-03   2.55077E+01  1.37868E-03   2.45921E+01  1.36888E-03   2.36498E+01  1.35427E-03   2.27983E+01  1.33303E-03   2.19392E+01  1.30702E-03   2.09928E+01  1.27940E-03   2.01387E+01  1.24856E-03   1.91607E+01  1.21330E-03   1.80151E+01  1.17908E-03   1.68987E+01  1.14302E-03   1.55871E+01  1.10556E-03   1.42985E+01  1.06903E-03   1.30280E+01  1.02990E-03   1.16067E+01  9.90911E-04   1.02788E+01  9.52820E-04   8.77211E+00  9.14218E-04   7.20353E+00  8.76742E-04   5.63826E+00  8.39910E-04   3.91760E+00  8.02937E-04   2.26649E+00  7.67410E-04   5.41806E-01  7.31534E-04   3.58881E+02  6.96322E-04   3.57275E+02  6.61347E-04   3.55657E+02  6.25977E-04   3.54165E+02  5.91835E-04   3.52687E+02  5.56418E-04   3.51332E+02  5.21289E-04   3.50047E+02  4.85585E-04   3.48869E+02  4.49059E-04   3.47766E+02  4.11954E-04   3.46793E+02  3.73902E-04   3.45898E+02  3.35611E-04   3.45081E+02  2.95609E-04   3.44420E+02  2.55642E-04   3.43797E+02  2.14442E-04   3.43327E+02  1.72781E-04   3.42898E+02  1.30614E-04   3.42626E+02  8.78865E-05   3.42453E+02  4.49035E-05   3.42335E+02  1.88786E-06   3.46424E+02  4.11891E-05   1.61952E+02  8.39498E-05   1.62328E+02  1.26877E-04   1.62564E+02  1.69244E-04   1.62860E+02  2.11110E-04   1.63326E+02  2.52585E-04   1.63845E+02  2.93142E-04   1.64489E+02  3.33301E-04   1.65223E+02  3.72284E-04   1.66058E+02  4.11098E-04   1.66933E+02  4.48660E-04   1.67956E+02  4.86123E-04   1.69014E+02  5.22314E-04   1.70210E+02  5.58579E-04   1.71444E+02  5.93504E-04   1.72765E+02  6.28838E-04   1.74204E+02  6.63574E-04   1.75656E+02  6.98037E-04   1.77242E+02  7.33166E-04   1.78812E+02  7.67743E-04   1.80474E+02  8.04169E-04   1.82147E+02  8.39472E-04   1.83808E+02  8.76873E-04   1.85491E+02  9.14208E-04   1.87110E+02  9.52416E-04   1.88704E+02  9.91956E-04   1.90247E+02  1.02911E-03   1.91719E+02  1.06828E-03   1.93179E+02  1.10546E-03   1.94515E+02  1.14228E-03   1.95787E+02  1.17978E-03   1.96957E+02  1.21567E-03   1.98015E+02  1.24941E-03   1.99065E+02  1.28023E-03   2.00048E+02  1.30854E-03   2.01050E+02  1.32972E-03   2.01990E+02  1.35035E-03   2.02865E+02  1.36845E-03   2.03642E+02  1.37917E-03   2.04357E+02  1.38998E-03   2.05360E+02 
 1.37614E-03   2.45144E+01  1.36782E-03   2.36060E+01  1.34942E-03   2.27599E+01  1.32983E-03   2.19390E+01  1.30673E-03   2.10034E+01  1.27973E-03   2.00636E+01  1.25194E-03   1.90315E+01  1.21864E-03   1.78637E+01  1.18408E-03   1.66895E+01  1.15098E-03   1.54573E+01  1.11401E-03   1.41770E+01  1.07619E-03   1.28768E+01  1.03909E-03   1.14272E+01  9.99119E-04   9.86502E+00  9.61643E-04   8.20632E+00  9.25355E-04   6.39659E+00  8.88515E-04   4.60344E+00  8.55029E-04   2.76582E+00  8.20365E-04   9.53674E-01  7.87045E-04   3.59188E+02  7.54017E-04   3.57462E+02  7.19931E-04   3.55781E+02  6.88073E-04   3.54141E+02  6.54311E-04   3.52562E+02  6.21519E-04   3.51034E+02  5.88146E-04   3.49586E+02  5.53762E-04   3.48178E+02  5.19742E-04   3.46905E+02  4.84107E-04   3.45671E+02  4.48601E-04   3.44568E+02  4.11140E-04   3.43503E+02  3.73505E-04   3.42624E+02  3.34353E-04   3.41769E+02  2.94735E-04   3.41086E+02  2.54050E-04   3.40439E+02  2.12853E-04   3.39896E+02  1.70759E-04   3.39405E+02  1.27944E-04   3.39028E+02  8.51096E-05   3.38819E+02  4.15574E-05   3.38391E+02  1.99464E-06   1.72117E+02  4.54832E-05   1.59370E+02  8.89174E-05   1.59056E+02  1.31670E-04   1.59202E+02  1.74198E-04   1.59461E+02  2.15933E-04   1.59913E+02  2.57116E-04   1.60371E+02  2.97618E-04   1.60992E+02  3.36789E-04   1.61677E+02  3.75004E-04   1.62536E+02  4.12554E-04   1.63404E+02  4.48924E-04   1.64431E+02  4.84236E-04   1.65550E+02  5.19208E-04   1.66785E+02  5.52629E-04   1.68110E+02  5.86270E-04   1.69527E+02  6.18663E-04   1.71004E+02  6.51449E-04   1.72548E+02  6.83791E-04   1.74173E+02  7.16629E-04   1.75849E+02  7.49840E-04   1.77574E+02  7.83695E-04   1.79323E+02  8.18354E-04   1.81078E+02  8.53453E-04   1.82871E+02  8.89734E-04   1.84638E+02  9.26549E-04   1.86371E+02  9.64312E-04   1.88067E+02  1.00218E-03   1.89661E+02  1.03924E-03   1.91238E+02  1.07579E-03   1.92718E+02  1.11215E-03   1.94135E+02  1.14662E-03   1.95502E+02  1.18245E-03   1.96736E+02  1.21953E-03   1.97902E+02  1.25190E-03   1.99011E+02  1.28305E-03   2.00058E+02  1.31088E-03   2.01060E+02  1.33009E-03   2.02030E+02  1.34783E-03   2.02948E+02  1.36353E-03   2.03682E+02  1.37093E-03   2.04412E+02 
 1.35951E-03   2.38007E+01  1.33994E-03   2.28796E+01  1.32342E-03   2.19989E+01  1.30793E-03   2.10361E+01  1.28185E-03   2.00237E+01  1.25360E-03   1.89669E+01  1.22238E-03   1.78310E+01  1.18668E-03   1.66251E+01  1.15411E-03   1.53805E+01  1.11919E-03   1.40558E+01  1.07976E-03   1.25744E+01  1.04399E-03   1.10064E+01  1.00641E-03   9.26752E+00  9.69316E-04   7.47209E+00  9.36911E-04   5.67889E+00  9.01491E-04   3.80681E+00  8.68558E-04   2.01594E+00  8.36341E-04   1.97634E-01  8.02027E-04   3.58362E+02  7.70825E-04   3.56558E+02  7.37547E-04   3.54689E+02  7.06163E-04   3.52876E+02  6.74993E-04   3.51079E+02  6.43323E-04   3.49304E+02  6.13184E-04   3.47694E+02  5.80515E-04   3.46049E+02  5.49667E-04   3.44639E+02  5.16515E-04   3.43241E+02  4.83186E-04   3.42049E+02  4.48744E-04   3.40934E+02  4.12609E-04   3.39945E+02  3.76138E-04   3.39086E+02  3.37843E-04   3.38296E+02  2.98752E-04   3.37663E+02  2.58175E-04   3.37071E+02  2.16871E-04   3.36682E+02  1.74789E-04   3.36160E+02  1.32477E-04   3.35986E+02  8.88139E-05   3.35649E+02  4.50928E-05   3.35497E+02  1.03419E-06   3.22500E+02  4.30145E-05   1.56156E+02  8.66121E-05   1.56094E+02  1.30470E-04   1.56375E+02  1.73674E-04   1.56502E+02  2.16240E-04   1.56957E+02  2.58144E-04   1.57393E+02  2.99044E-04   1.57959E+02  3.38658E-04   1.58574E+02  3.77744E-04   1.59369E+02  4.15268E-04   1.60207E+02  4.51999E-04   1.61163E+02  4.87447E-04   1.62267E+02  5.21596E-04   1.63420E+02  5.54842E-04   1.64762E+02  5.86545E-04   1.66128E+02  6.18158E-04   1.67682E+02  6.48086E-04   1.69256E+02  6.78421E-04   1.70955E+02  7.07954E-04   1.72709E+02  7.37712E-04   1.74521E+02  7.68393E-04   1.76400E+02  7.98874E-04   1.78266E+02  8.32066E-04   1.80176E+02  8.64373E-04   1.82100E+02  8.98754E-04   1.83971E+02  9.35148E-04   1.85890E+02  9.70974E-04   1.87665E+02  1.01043E-03   1.89389E+02  1.04686E-03   1.91052E+02  1.08314E-03   1.92549E+02  1.11956E-03   1.94018E+02  1.15088E-03   1.95358E+02  1.18565E-03   1.96594E+02  1.22103E-03   1.97766E+02  1.25131E-03   1.98906E+02  1.28121E-03   1.99959E+02  1.30889E-03   2.00968E+02  1.32713E-03   2.01998E+02  1.34423E-03   2.02906E+02  1.36034E-03   2.03721E+02 
 1.33232E-03   2.29232E+01  1.31882E-03   2.18968E+01  1.30652E-03   2.09898E+01  1.28082E-03   2.00390E+01  1.24899E-03   1.89619E+01  1.21984E-03   1.78632E+01  1.18653E-03   1.66569E+01  1.15413E-03   1.53159E+01  1.12195E-03   1.39506E+01  1.08385E-03   1.23952E+01  1.04832E-03   1.07298E+01  1.01357E-03   9.06028E+00  9.76534E-04   7.23987E+00  9.44721E-04   5.42667E+00  9.11170E-04   3.54269E+00  8.76878E-04   1.53177E+00  8.46630E-04   3.59572E+02  8.13413E-04   3.57436E+02  7.83397E-04   3.55387E+02  7.53997E-04   3.53310E+02  7.24106E-04   3.51266E+02  6.97440E-04   3.49409E+02  6.68707E-04   3.47502E+02  6.41877E-04   3.45887E+02  6.12910E-04   3.44237E+02  5.83812E-04   3.42814E+02  5.53725E-04   3.41505E+02  5.21513E-04   3.40270E+02  4.89508E-04   3.39239E+02  4.54388E-04   3.38152E+02  4.19208E-04   3.37346E+02  3.81610E-04   3.36490E+02  3.43371E-04   3.35862E+02  3.03709E-04   3.35195E+02  2.62743E-04   3.34739E+02  2.20699E-04   3.34198E+02  1.77815E-04   3.34011E+02  1.34502E-04   3.33719E+02  9.03643E-05   3.33815E+02  4.60115E-05   3.34317E+02  1.68012E-06   7.42567E+00  4.31390E-05   1.51665E+02  8.76125E-05   1.52512E+02  1.31520E-04   1.52853E+02  1.74735E-04   1.53372E+02  2.17399E-04   1.53708E+02  2.59014E-04   1.54244E+02  2.99632E-04   1.54757E+02  3.39512E-04   1.55462E+02  3.77371E-04   1.56169E+02  4.14689E-04   1.57098E+02  4.50131E-04   1.57965E+02  4.85260E-04   1.59095E+02  5.18297E-04   1.60188E+02  5.50911E-04   1.61496E+02  5.82112E-04   1.62875E+02  6.12439E-04   1.64382E+02  6.42479E-04   1.66040E+02  6.70546E-04   1.67682E+02  7.00061E-04   1.69551E+02  7.27044E-04   1.71381E+02  7.56660E-04   1.73366E+02  7.84703E-04   1.75345E+02  8.13669E-04   1.77331E+02  8.45530E-04   1.79397E+02  8.74546E-04   1.81324E+02  9.08724E-04   1.83333E+02  9.41351E-04   1.85287E+02  9.75751E-04   1.87167E+02  1.01405E-03   1.89037E+02  1.04898E-03   1.90784E+02  1.08679E-03   1.92435E+02  1.12245E-03   1.93980E+02  1.15330E-03   1.95403E+02  1.18742E-03   1.96684E+02  1.22192E-03   1.97878E+02  1.24979E-03   1.99036E+02  1.27735E-03   2.00079E+02  1.30185E-03   2.01101E+02  1.31675E-03   2.02041E+02  1.33268E-03   2.02926E+02 
 1.30972E-03   2.19879E+01  1.29650E-03   2.11390E+01  1.27190E-03   2.02967E+01  1.24189E-03   1.91518E+01  1.21556E-03   1.79665E+01  1.18831E-03   1.67550E+01  1.15632E-03   1.53161E+01  1.12321E-03   1.38992E+01  1.08687E-03   1.24011E+01  1.05022E-03   1.06645E+01  1.01620E-03   8.96863E+00  9.81104E-04   7.10206E+00  9.48277E-04   5.03506E+00  9.16775E-04   3.02976E+00  8.84310E-04   7.88216E-01  8.54913E-04   3.58634E+02  8.25223E-04   3.56473E+02  7.96463E-04   3.54279E+02  7.69969E-04   3.52299E+02  7.42747E-04   3.50196E+02  7.17919E-04   3.48349E+02  6.92011E-04   3.46430E+02  6.65871E-04   3.44678E+02  6.39782E-04   3.43005E+02  6.11578E-04   3.41365E+02  5.83383E-04   3.39979E+02  5.53045E-04   3.38500E+02  5.22201E-04   3.37343E+02  4.89222E-04   3.36109E+02  4.55206E-04   3.35111E+02  4.19651E-04   3.34161E+02  3.82566E-04   3.33321E+02  3.44429E-04   3.32581E+02  3.04328E-04   3.31921E+02  2.63298E-04   3.31390E+02  2.20762E-04   3.30933E+02  1.77679E-04   3.30496E+02  1.33502E-04   3.30075E+02  8.89758E-05   3.29688E+02  4.36769E-05   3.28585E+02  2.08872E-06   1.91812E+02  4.69283E-05   1.52049E+02  9.21032E-05   1.51225E+02  1.36581E-04   1.51210E+02  1.81003E-04   1.51306E+02  2.23657E-04   1.51541E+02  2.66249E-04   1.51952E+02  3.07367E-04   1.52400E+02  3.47060E-04   1.52986E+02  3.85209E-04   1.53612E+02  4.22198E-04   1.54364E+02  4.57482E-04   1.55249E+02  4.90886E-04   1.56201E+02  5.23604E-04   1.57340E+02  5.53931E-04   1.58460E+02  5.83913E-04   1.59881E+02  6.11371E-04   1.61239E+02  6.39669E-04   1.62883E+02  6.65732E-04   1.64533E+02  6.91764E-04   1.66350E+02  7.17935E-04   1.68297E+02  7.42979E-04   1.70237E+02  7.70318E-04   1.72431E+02  7.95550E-04   1.74480E+02  8.24650E-04   1.76718E+02  8.53403E-04   1.78854E+02  8.83387E-04   1.80965E+02  9.16588E-04   1.83104E+02  9.47309E-04   1.85057E+02  9.81859E-04   1.87033E+02  1.01690E-03   1.88867E+02  1.05083E-03   1.90628E+02  1.08784E-03   1.92303E+02  1.12171E-03   1.93870E+02  1.15173E-03   1.95335E+02  1.18569E-03   1.96649E+02  1.21985E-03   1.97884E+02  1.24812E-03   1.99052E+02  1.27458E-03   2.00190E+02  1.29645E-03   2.01236E+02  1.30837E-03   2.02128E+02 
 1.28437E-03   2.13476E+01  1.26240E-03   2.04308E+01  1.23876E-03   1.92571E+01  1.21412E-03   1.79714E+01  1.18699E-03   1.67808E+01  1.15459E-03   1.54102E+01  1.11803E-03   1.39582E+01  1.08374E-03   1.24972E+01  1.04928E-03   1.07580E+01  1.01538E-03   8.90280E+00  9.83425E-04   6.96613E+00  9.51906E-04   4.78150E+00  9.21110E-04   2.66567E+00  8.91522E-04   4.93153E-01  8.61740E-04   3.58266E+02  8.33402E-04   3.56152E+02  8.06764E-04   3.53885E+02  7.80743E-04   3.51727E+02  7.56498E-04   3.49538E+02  7.33098E-04   3.47351E+02  7.09668E-04   3.45301E+02  6.86423E-04   3.43244E+02  6.62735E-04   3.41410E+02  6.38344E-04   3.39646E+02  6.12737E-04   3.38103E+02  5.85863E-04   3.36675E+02  5.57173E-04   3.35408E+02  5.27678E-04   3.34296E+02  4.95929E-04   3.33295E+02  4.62272E-04   3.32407E+02  4.26995E-04   3.31633E+02  3.90277E-04   3.31004E+02  3.51738E-04   3.30409E+02  3.11631E-04   3.29965E+02  2.70385E-04   3.29558E+02  2.27709E-04   3.29284E+02  1.83721E-04   3.29144E+02  1.39160E-04   3.29074E+02  9.37171E-05   3.29210E+02  4.81715E-05   3.30219E+02  2.59203E-06   6.02267E+00  4.41414E-05   1.46276E+02  9.00226E-05   1.47396E+02  1.35653E-04   1.47905E+02  1.80144E-04   1.48384E+02  2.24216E-04   1.48747E+02  2.66763E-04   1.49165E+02  3.08527E-04   1.49649E+02  3.48982E-04   1.50208E+02  3.87596E-04   1.50903E+02  4.24582E-04   1.51615E+02  4.60497E-04   1.52493E+02  4.93981E-04   1.53398E+02  5.26142E-04   1.54469E+02  5.56401E-04   1.55603E+02  5.85502E-04   1.56920E+02  6.12914E-04   1.58329E+02  6.39217E-04   1.59845E+02  6.64504E-04   1.61543E+02  6.88383E-04   1.63271E+02  7.12570E-04   1.65231E+02  7.35382E-04   1.67145E+02  7.58977E-04   1.69280E+02  7.82506E-04   1.71430E+02  8.06665E-04   1.73603E+02  8.32873E-04   1.75935E+02  8.58754E-04   1.78162E+02  8.88211E-04   1.80495E+02  9.19082E-04   1.82746E+02  9.50103E-04   1.84894E+02  9.84436E-04   1.87007E+02  1.01832E-03   1.88953E+02  1.05204E-03   1.90777E+02  1.08839E-03   1.92471E+02  1.12012E-03   1.94043E+02  1.14888E-03   1.95525E+02  1.17973E-03   1.96861E+02  1.21197E-03   1.98023E+02  1.23986E-03   1.99184E+02  1.26363E-03   2.00359E+02  1.28587E-03   2.01413E+02 
 1.24999E-03   2.04353E+01  1.23228E-03   1.93978E+01  1.20701E-03   1.82348E+01  1.17633E-03   1.70263E+01  1.14558E-03   1.57445E+01  1.11192E-03   1.42577E+01  1.08037E-03   1.26695E+01  1.05094E-03   1.09310E+01  1.01717E-03   8.96642E+00  9.84914E-04   6.91774E+00  9.54696E-04   4.78754E+00  9.22697E-04   2.57298E+00  8.93290E-04   3.77543E-01  8.65173E-04   3.58084E+02  8.37594E-04   3.55681E+02  8.13233E-04   3.53280E+02  7.89631E-04   3.50822E+02  7.68096E-04   3.48443E+02  7.48270E-04   3.46161E+02  7.26906E-04   3.43956E+02  7.07082E-04   3.42017E+02  6.85593E-04   3.40144E+02  6.63361E-04   3.38502E+02  6.40420E-04   3.36971E+02  6.15309E-04   3.35575E+02  5.89170E-04   3.34347E+02  5.61016E-04   3.33157E+02  5.31332E-04   3.32159E+02  4.99401E-04   3.31148E+02  4.66030E-04   3.30334E+02  4.30775E-04   3.29565E+02  3.93542E-04   3.28923E+02  3.54456E-04   3.28307E+02  3.13988E-04   3.27809E+02  2.71982E-04   3.27365E+02  2.28453E-04   3.26958E+02  1.83974E-04   3.26673E+02  1.38443E-04   3.26387E+02  9.24843E-05   3.26103E+02  4.56820E-05   3.25618E+02  1.12313E-06   1.78379E+02  4.77382E-05   1.46813E+02  9.44398E-05   1.46588E+02  1.40167E-04   1.46681E+02  1.85845E-04   1.46779E+02  2.30154E-04   1.47002E+02  2.73330E-04   1.47302E+02  3.15382E-04   1.47687E+02  3.55510E-04   1.48120E+02  3.94255E-04   1.48723E+02  4.30972E-04   1.49309E+02  4.66130E-04   1.50085E+02  4.99059E-04   1.50886E+02  5.30435E-04   1.51866E+02  5.59926E-04   1.52890E+02  5.87352E-04   1.54110E+02  6.13287E-04   1.55463E+02  6.38047E-04   1.56924E+02  6.61628E-04   1.58601E+02  6.84019E-04   1.60342E+02  7.06012E-04   1.62274E+02  7.27233E-04   1.64297E+02  7.48904E-04   1.66481E+02  7.70361E-04   1.68707E+02  7.92532E-04   1.70992E+02  8.14973E-04   1.73322E+02  8.39199E-04   1.75639E+02  8.64132E-04   1.77971E+02  8.91225E-04   1.80277E+02  9.20792E-04   1.82549E+02  9.50566E-04   1.84766E+02  9.83377E-04   1.86913E+02  1.01653E-03   1.88927E+02  1.05014E-03   1.90832E+02  1.08544E-03   1.92579E+02  1.11802E-03   1.94164E+02  1.14689E-03   1.95724E+02  1.17581E-03   1.97069E+02  1.20689E-03   1.98247E+02  1.23133E-03   1.99410E+02  1.24882E-03   2.00537E+02 
 1.22169E-03   1.97080E+01  1.19674E-03   1.86962E+01  1.16587E-03   1.73450E+01  1.13882E-03   1.59250E+01  1.11114E-03   1.44716E+01  1.07997E-03   1.27830E+01  1.04899E-03   1.10504E+01  1.01459E-03   9.17794E+00  9.79354E-04   7.06164E+00  9.50651E-04   4.95135E+00  9.20854E-04   2.68464E+00  8.92109E-04   2.80085E-01  8.67098E-04   3.57913E+02  8.41573E-04   3.55347E+02  8.18456E-04   3.52829E+02  7.97944E-04   3.50423E+02  7.77307E-04   3.47907E+02  7.58954E-04   3.45732E+02  7.40184E-04   3.43477E+02  7.21706E-04   3.41425E+02  7.03115E-04   3.39537E+02  6.82818E-04   3.37614E+02  6.62871E-04   3.36051E+02  6.40412E-04   3.34383E+02  6.16933E-04   3.33032E+02  5.92178E-04   3.31674E+02  5.64828E-04   3.30527E+02  5.36574E-04   3.29498E+02  5.05034E-04   3.28550E+02  4.72108E-04   3.27799E+02  4.36887E-04   3.27066E+02  3.99776E-04   3.26539E+02  3.60816E-04   3.25969E+02  3.19734E-04   3.25651E+02  2.77165E-04   3.25267E+02  2.33223E-04   3.25041E+02  1.88342E-04   3.24761E+02  1.42232E-04   3.24704E+02  9.52338E-05   3.24498E+02  4.80973E-05   3.24594E+02  5.62611E-07   3.36419E+02  4.69735E-05   1.44342E+02  9.41669E-05   1.44438E+02  1.41210E-04   1.44749E+02  1.87187E-04   1.44885E+02  2.32490E-04   1.45177E+02  2.76220E-04   1.45421E+02  3.18815E-04   1.45872E+02  3.59900E-04   1.46233E+02  3.98910E-04   1.46795E+02  4.36251E-04   1.47349E+02  4.71839E-04   1.48078E+02  5.04924E-04   1.48807E+02  5.36278E-04   1.49702E+02  5.65194E-04   1.50670E+02  5.92558E-04   1.51742E+02  6.17501E-04   1.53000E+02  6.40760E-04   1.54277E+02  6.62851E-04   1.55842E+02  6.83028E-04   1.57396E+02  7.02955E-04   1.59276E+02  7.21258E-04   1.61159E+02  7.40474E-04   1.63288E+02  7.58847E-04   1.65584E+02  7.77804E-04   1.67880E+02  7.98463E-04   1.70433E+02  8.18378E-04   1.72881E+02  8.42116E-04   1.75430E+02  8.65875E-04   1.77943E+02  8.91789E-04   1.80345E+02  9.20941E-04   1.82726E+02  9.49953E-04   1.85007E+02  9.81165E-04   1.87158E+02  1.01396E-03   1.89196E+02  1.04458E-03   1.91113E+02  1.07708E-03   1.92811E+02  1.10946E-03   1.94409E+02  1.13774E-03   1.95948E+02  1.16733E-03   1.97291E+02  1.19922E-03   1.98539E+02  1.22297E-03   1.99658E+02 
 1.18382E-03   1.89452E+01  1.15541E-03   1.75983E+01  1.13074E-03   1.60832E+01  1.10459E-03   1.47484E+01  1.07204E-03   1.32157E+01  1.03774E-03   1.14368E+01  1.00519E-03   9.63533E+00  9.73649E-04   7.48803E+00  9.47064E-04   5.20959E+00  9.21306E-04   2.92445E+00  8.93058E-04   3.70612E-01  8.68054E-04   3.57910E+02  8.43155E-04   3.55383E+02  8.19534E-04   3.52701E+02  8.00347E-04   3.50271E+02  7.81425E-04   3.47636E+02  7.64421E-04   3.45185E+02  7.49215E-04   3.42855E+02  7.33279E-04   3.40473E+02  7.17654E-04   3.38486E+02  7.01102E-04   3.36425E+02  6.83444E-04   3.34754E+02  6.64909E-04   3.33176E+02  6.43603E-04   3.31732E+02  6.21643E-04   3.30580E+02  5.96718E-04   3.29356E+02  5.70263E-04   3.28514E+02  5.41528E-04   3.27580E+02  5.10006E-04   3.26937E+02  4.77083E-04   3.26266E+02  4.41161E-04   3.25717E+02  4.03895E-04   3.25245E+02  3.63936E-04   3.24797E+02  3.23017E-04   3.24484E+02  2.79742E-04   3.24183E+02  2.35295E-04   3.23990E+02  1.89649E-04   3.23853E+02  1.43158E-04   3.23768E+02  9.56537E-05   3.23957E+02  4.77875E-05   3.24846E+02  1.34559E-06   5.94078E+01  4.84373E-05   1.41695E+02  9.63358E-05   1.42457E+02  1.43734E-04   1.42747E+02  1.90366E-04   1.42978E+02  2.35830E-04   1.43239E+02  2.79932E-04   1.43528E+02  3.23070E-04   1.43919E+02  3.63954E-04   1.44286E+02  4.03684E-04   1.44784E+02  4.40886E-04   1.45323E+02  4.76607E-04   1.45959E+02  5.09350E-04   1.46686E+02  5.40268E-04   1.47443E+02  5.69023E-04   1.48468E+02  5.95424E-04   1.49414E+02  6.20173E-04   1.50719E+02  6.42228E-04   1.51933E+02  6.63266E-04   1.53463E+02  6.81920E-04   1.55051E+02  7.00265E-04   1.56760E+02  7.17254E-04   1.58736E+02  7.33457E-04   1.60660E+02  7.50809E-04   1.62945E+02  7.66376E-04   1.65167E+02  7.83756E-04   1.67576E+02  8.02300E-04   1.70131E+02  8.20338E-04   1.72601E+02  8.42605E-04   1.75258E+02  8.64989E-04   1.77816E+02  8.89627E-04   1.80323E+02  9.18599E-04   1.82827E+02  9.46355E-04   1.85193E+02  9.78444E-04   1.87418E+02  1.01240E-03   1.89532E+02  1.04178E-03   1.91446E+02  1.07192E-03   1.93212E+02  1.10148E-03   1.94814E+02  1.12775E-03   1.96253E+02  1.15425E-03   1.97621E+02  1.18392E-03   1.98878E+02 
 1.14356E-03   1.79535E+01  1.11967E-03   1.66072E+01  1.09243E-03   1.52281E+01  1.06146E-03   1.37660E+01  1.02993E-03   1.19069E+01  1.00023E-03   9.94392E+00  9.73231E-04   7.86230E+00  9.45965E-04   5.47885E+00  9.17162E-04   3.13073E+00  8.88999E-04   6.57813E-01  8.61858E-04   3.58044E+02  8.37963E-04   3.55515E+02  8.16769E-04   3.52767E+02  7.99298E-04   3.50076E+02  7.83759E-04   3.47409E+02  7.69714E-04   3.44755E+02  7.56665E-04   3.42334E+02  7.43190E-04   3.40012E+02  7.29445E-04   3.37905E+02  7.15082E-04   3.35988E+02  6.99361E-04   3.34261E+02  6.82823E-04   3.32702E+02  6.64571E-04   3.31229E+02  6.44547E-04   3.29937E+02  6.23124E-04   3.28732E+02  5.99008E-04   3.27669E+02  5.73223E-04   3.26729E+02  5.44495E-04   3.25821E+02  5.14099E-04   3.25105E+02  4.80909E-04   3.24401E+02  4.45409E-04   3.23868E+02  4.07422E-04   3.23310E+02  3.67634E-04   3.22928E+02  3.25913E-04   3.22520E+02  2.82537E-04   3.22200E+02  2.37783E-04   3.21916E+02  1.91455E-04   3.21591E+02  1.44231E-04   3.21411E+02  9.63239E-05   3.20880E+02  4.77369E-05   3.19978E+02  1.56899E-06   1.99119E+02  4.92587E-05   1.43473E+02  9.78470E-05   1.42553E+02  1.45529E-04   1.42410E+02  1.92443E-04   1.42402E+02  2.38898E-04   1.42538E+02  2.83693E-04   1.42684E+02  3.27073E-04   1.42918E+02  3.68763E-04   1.43207E+02  4.08427E-04   1.43545E+02  4.46181E-04   1.44037E+02  4.81640E-04   1.44455E+02  5.15141E-04   1.45100E+02  5.45668E-04   1.45709E+02  5.74358E-04   1.46517E+02  6.00067E-04   1.47371E+02  6.24058E-04   1.48426E+02  6.45351E-04   1.49591E+02  6.64815E-04   1.50880E+02  6.82365E-04   1.52396E+02  6.98041E-04   1.54012E+02  7.13506E-04   1.55886E+02  7.27803E-04   1.57898E+02  7.41329E-04   1.60086E+02  7.55761E-04   1.62479E+02  7.69557E-04   1.64933E+02  7.85117E-04   1.67534E+02  8.02167E-04   1.70185E+02  8.19102E-04   1.72830E+02  8.40299E-04   1.75555E+02  8.61462E-04   1.78136E+02  8.85391E-04   1.80721E+02  9.12217E-04   1.83225E+02  9.38537E-04   1.85576E+02  9.69168E-04   1.87862E+02  1.00276E-03   1.89908E+02  1.03354E-03   1.91831E+02  1.06244E-03   1.93661E+02  1.09245E-03   1.95207E+02  1.11988E-03   1.96625E+02  1.14389E-03   1.97907E+02 
 1.10753E-03   1.72213E+01  1.07779E-03   1.57077E+01  1.05000E-03   1.40660E+01  1.02247E-03   1.23469E+01  9.92795E-04   1.03878E+01  9.64195E-04   8.37135E+00  9.35203E-04   6.15605E+00  9.03977E-04   3.67048E+00  8.78777E-04   1.22327E+00  8.55561E-04   3.58599E+02  8.32976E-04   3.55819E+02  8.15771E-04   3.53096E+02  7.99204E-04   3.50212E+02  7.84040E-04   3.47410E+02  7.71237E-04   3.44801E+02  7.58446E-04   3.42168E+02  7.46531E-04   3.39840E+02  7.35055E-04   3.37613E+02  7.22686E-04   3.35489E+02  7.10552E-04   3.33682E+02  6.97360E-04   3.31826E+02  6.82398E-04   3.30314E+02  6.66163E-04   3.28844E+02  6.47635E-04   3.27584E+02  6.27253E-04   3.26514E+02  6.04035E-04   3.25492E+02  5.78297E-04   3.24749E+02  5.50132E-04   3.23976E+02  5.18596E-04   3.23465E+02  4.85348E-04   3.22892E+02  4.49021E-04   3.22521E+02  4.10772E-04   3.22182E+02  3.70390E-04   3.21891E+02  3.28386E-04   3.21640E+02  2.84585E-04   3.21540E+02  2.39350E-04   3.21384E+02  1.92942E-04   3.21385E+02  1.45556E-04   3.21362E+02  9.73669E-05   3.21600E+02  4.87542E-05   3.22482E+02  1.45193E-06   6.42277E+01  4.94739E-05   1.38996E+02  9.80466E-05   1.40049E+02  1.46242E-04   1.40375E+02  1.93429E-04   1.40598E+02  2.39898E-04   1.40768E+02  2.85078E-04   1.41082E+02  3.28874E-04   1.41347E+02  3.70734E-04   1.41694E+02  4.10700E-04   1.42050E+02  4.48661E-04   1.42486E+02  4.84436E-04   1.42956E+02  5.17564E-04   1.43589E+02  5.48766E-04   1.44190E+02  5.76941E-04   1.45025E+02  6.02675E-04   1.45797E+02  6.25889E-04   1.46810E+02  6.46890E-04   1.47876E+02  6.65752E-04   1.49094E+02  6.82160E-04   1.50499E+02  6.97282E-04   1.51937E+02  7.10562E-04   1.53657E+02  7.23208E-04   1.55445E+02  7.35057E-04   1.57521E+02  7.46158E-04   1.59698E+02  7.58540E-04   1.62095E+02  7.70459E-04   1.64685E+02  7.84273E-04   1.67339E+02  7.99334E-04   1.70122E+02  8.15266E-04   1.72931E+02  8.35419E-04   1.75732E+02  8.57489E-04   1.78487E+02  8.81490E-04   1.81183E+02  9.08483E-04   1.83702E+02  9.34792E-04   1.86165E+02  9.62328E-04   1.88433E+02  9.94073E-04   1.90414E+02  1.02263E-03   1.92351E+02  1.04813E-03   1.94131E+02  1.07648E-03   1.95727E+02  1.10737E-03   1.97108E+02 
 1.06127E-03   1.60978E+01  1.03664E-03   1.44763E+01  1.01230E-03   1.29457E+01  9.81586E-04   1.12258E+01  9.51652E-04   9.06158E+00  9.24101E-04   6.83461E+00  8.97031E-04   4.33242E+00  8.74811E-04   1.67066E+00  8.53471E-04   3.59108E+02  8.29877E-04   3.56217E+02  8.10040E-04   3.53341E+02  7.92570E-04   3.50546E+02  7.76495E-04   3.47548E+02  7.65481E-04   3.44875E+02  7.54822E-04   3.42156E+02  7.45808E-04   3.39580E+02  7.37750E-04   3.37356E+02  7.28529E-04   3.35037E+02  7.19400E-04   3.33192E+02  7.09046E-04   3.31376E+02  6.96485E-04   3.29772E+02  6.82792E-04   3.28463E+02  6.66583E-04   3.27135E+02  6.48296E-04   3.26187E+02  6.27818E-04   3.25139E+02  6.03943E-04   3.24382E+02  5.78569E-04   3.23644E+02  5.49227E-04   3.22997E+02  5.18892E-04   3.22503E+02  4.85060E-04   3.21946E+02  4.49322E-04   3.21616E+02  4.11336E-04   3.21134E+02  3.70865E-04   3.20921E+02  3.28946E-04   3.20547E+02  2.85146E-04   3.20366E+02  2.40005E-04   3.20104E+02  1.93173E-04   3.19978E+02  1.45684E-04   3.19778E+02  9.71617E-05   3.19412E+02  4.82293E-05   3.18745E+02  1.24864E-06   1.84613E+02  5.00049E-05   1.40903E+02  9.90683E-05   1.40369E+02  1.47499E-04   1.40216E+02  1.95239E-04   1.40216E+02  2.41923E-04   1.40272E+02  2.87011E-04   1.40414E+02  3.31058E-04   1.40518E+02  3.73151E-04   1.40784E+02  4.13446E-04   1.40929E+02  4.51432E-04   1.41332E+02  4.87421E-04   1.41600E+02  5.21099E-04   1.42138E+02  5.51499E-04   1.42603E+02  5.80285E-04   1.43233E+02  6.05570E-04   1.43987E+02  6.28862E-04   1.44820E+02  6.48826E-04   1.45878E+02  6.66871E-04   1.46928E+02  6.82217E-04   1.48306E+02  6.95702E-04   1.49743E+02  7.07560E-04   1.51423E+02  7.17826E-04   1.53250E+02  7.27809E-04   1.55203E+02  7.36917E-04   1.57467E+02  7.46158E-04   1.59744E+02  7.56292E-04   1.62295E+02  7.67110E-04   1.64971E+02  7.79339E-04   1.67700E+02  7.93459E-04   1.70597E+02  8.07435E-04   1.73377E+02  8.26044E-04   1.76216E+02  8.46775E-04   1.79048E+02  8.69699E-04   1.81693E+02  8.97775E-04   1.84312E+02  9.25478E-04   1.86801E+02  9.53797E-04   1.89041E+02  9.85017E-04   1.91103E+02  1.01341E-03   1.92917E+02  1.03543E-03   1.94636E+02  1.06076E-03   1.96226E+02 
 1.02303E-03   1.52792E+01  9.98099E-04   1.36952E+01  9.68317E-04   1.19500E+01  9.39138E-04   9.78193E+00  9.13375E-04   7.41126E+00  8.88692E-04   5.06054E+00  8.65530E-04   2.41233E+00  8.40199E-04   3.59734E+02  8.15519E-04   3.57016E+02  7.95380E-04   3.53984E+02  7.80056E-04   3.51116E+02  7.68106E-04   3.48130E+02  7.59449E-04   3.45145E+02  7.52325E-04   3.42434E+02  7.45264E-04   3.39710E+02  7.38410E-04   3.37334E+02  7.30752E-04   3.35056E+02  7.22632E-04   3.32991E+02  7.13867E-04   3.31190E+02  7.04072E-04   3.29456E+02  6.92831E-04   3.28007E+02  6.80096E-04   3.26643E+02  6.65163E-04   3.25436E+02  6.48170E-04   3.24418E+02  6.28294E-04   3.23468E+02  6.05896E-04   3.22725E+02  5.80333E-04   3.21969E+02  5.52300E-04   3.21439E+02  5.21370E-04   3.20930E+02  4.87622E-04   3.20516E+02  4.51784E-04   3.20187E+02  4.12978E-04   3.19905E+02  3.73083E-04   3.19697E+02  3.30496E-04   3.19467E+02  2.86569E-04   3.19372E+02  2.41075E-04   3.19185E+02  1.94333E-04   3.19185E+02  1.46688E-04   3.19096E+02  9.83757E-05   3.19189E+02  4.93037E-05   3.19137E+02  6.02303E-08   2.81475E+02  4.90645E-05   1.39293E+02  9.78377E-05   1.39224E+02  1.46528E-04   1.39257E+02  1.94248E-04   1.39402E+02  2.40692E-04   1.39433E+02  2.86437E-04   1.39677E+02  3.30218E-04   1.39764E+02  3.72622E-04   1.40034E+02  4.12891E-04   1.40258E+02  4.51260E-04   1.40550E+02  4.86904E-04   1.40904E+02  5.20423E-04   1.41313E+02  5.51228E-04   1.41792E+02  5.79554E-04   1.42326E+02  6.04942E-04   1.42986E+02  6.27924E-04   1.43676E+02  6.48189E-04   1.44578E+02  6.65842E-04   1.45501E+02  6.81136E-04   1.46643E+02  6.93569E-04   1.47901E+02  7.04619E-04   1.49329E+02  7.13643E-04   1.51014E+02  7.21678E-04   1.52836E+02  7.28965E-04   1.54912E+02  7.35716E-04   1.57193E+02  7.42817E-04   1.59632E+02  7.51398E-04   1.62378E+02  7.60386E-04   1.65127E+02  7.72395E-04   1.68089E+02  7.86273E-04   1.71111E+02  8.00485E-04   1.73990E+02  8.19324E-04   1.76996E+02  8.38771E-04   1.79792E+02  8.60083E-04   1.82480E+02  8.85967E-04   1.85108E+02  9.13418E-04   1.87477E+02  9.39747E-04   1.89776E+02  9.69264E-04   1.91832E+02  9.97824E-04   1.93619E+02  1.02160E-03   1.95217E+02 
 9.79268E-04   1.42386E+01  9.52177E-04   1.24391E+01  9.26942E-04   1.05124E+01  9.00440E-04   8.32952E+00  8.75563E-04   5.97860E+00  8.51139E-04   3.49785E+00  8.25571E-04   6.47609E-01  8.04383E-04   3.57817E+02  7.88209E-04   3.54877E+02  7.73741E-04   3.51737E+02  7.62631E-04   3.48729E+02  7.53036E-04   3.45649E+02  7.43576E-04   3.42679E+02  7.36550E-04   3.39985E+02  7.29804E-04   3.37363E+02  7.24245E-04   3.35030E+02  7.18945E-04   3.32890E+02  7.13506E-04   3.30886E+02  7.07371E-04   3.29200E+02  6.99904E-04   3.27554E+02  6.90584E-04   3.26191E+02  6.78805E-04   3.25026E+02  6.64366E-04   3.23948E+02  6.46942E-04   3.23125E+02  6.27015E-04   3.22341E+02  6.03655E-04   3.21765E+02  5.77961E-04   3.21200E+02  5.49440E-04   3.20791E+02  5.18292E-04   3.20405E+02  4.84446E-04   3.20109E+02  4.48398E-04   3.19863E+02  4.10416E-04   3.19626E+02  3.70074E-04   3.19489E+02  3.28200E-04   3.19301E+02  2.84483E-04   3.19283E+02  2.39403E-04   3.19150E+02  1.92792E-04   3.19106E+02  1.45266E-04   3.19075E+02  9.71973E-05   3.19250E+02  4.85537E-05   3.19621E+02  1.03035E-06   7.65480E+01  4.95063E-05   1.37496E+02  9.84099E-05   1.38122E+02  1.46595E-04   1.38297E+02  1.94236E-04   1.38445E+02  2.41153E-04   1.38494E+02  2.86194E-04   1.38633E+02  3.30126E-04   1.38738E+02  3.72408E-04   1.38936E+02  4.12783E-04   1.39077E+02  4.51152E-04   1.39350E+02  4.86928E-04   1.39624E+02  5.20455E-04   1.39983E+02  5.51587E-04   1.40428E+02  5.79778E-04   1.40879E+02  6.04855E-04   1.41524E+02  6.27330E-04   1.42186E+02  6.46772E-04   1.43034E+02  6.63651E-04   1.43964E+02  6.77853E-04   1.45081E+02  6.89921E-04   1.46312E+02  6.99575E-04   1.47686E+02  7.07538E-04   1.49298E+02  7.14184E-04   1.51029E+02  7.19442E-04   1.52987E+02  7.25051E-04   1.55153E+02  7.29733E-04   1.57485E+02  7.35428E-04   1.60050E+02  7.42002E-04   1.62795E+02  7.49337E-04   1.65654E+02  7.59264E-04   1.68682E+02  7.72120E-04   1.71705E+02  7.86799E-04   1.74746E+02  8.06151E-04   1.77750E+02  8.27967E-04   1.80615E+02  8.49394E-04   1.83447E+02  8.75251E-04   1.85980E+02  9.02902E-04   1.88339E+02  9.28488E-04   1.90539E+02  9.52323E-04   1.92552E+02  9.78535E-04   1.94419E+02 
 9.35443E-04   1.32830E+01  9.13144E-04   1.15388E+01  8.85636E-04   9.50330E+00  8.59191E-04   6.99302E+00  8.36785E-04   4.35565E+00  8.13730E-04   1.60632E+00  7.94311E-04   3.58644E+02  7.76827E-04   3.55778E+02  7.58678E-04   3.52691E+02  7.44196E-04   3.49437E+02  7.34404E-04   3.46439E+02  7.26596E-04   3.43317E+02  7.22491E-04   3.40465E+02  7.20215E-04   3.37875E+02  7.17987E-04   3.35275E+02  7.15644E-04   3.33153E+02  7.12569E-04   3.31006E+02  7.08259E-04   3.29169E+02  7.02334E-04   3.27580E+02  6.94965E-04   3.26042E+02  6.84675E-04   3.24882E+02  6.73158E-04   3.23691E+02  6.58278E-04   3.22789E+02  6.41600E-04   3.21965E+02  6.22036E-04   3.21222E+02  5.99631E-04   3.20694E+02  5.74978E-04   3.20063E+02  5.46710E-04   3.19696E+02  5.16360E-04   3.19241E+02  4.82935E-04   3.18968E+02  4.48000E-04   3.18688E+02  4.09792E-04   3.18494E+02  3.70305E-04   3.18285E+02  3.28130E-04   3.18111E+02  2.84634E-04   3.17990E+02  2.39554E-04   3.17809E+02  1.93289E-04   3.17697E+02  1.46000E-04   3.17534E+02  9.80982E-05   3.17311E+02  4.94794E-05   3.16404E+02  1.72465E-06   2.57815E+02  4.79857E-05   1.40012E+02  9.64782E-05   1.38992E+02  1.44337E-04   1.38745E+02  1.91868E-04   1.38689E+02  2.38014E-04   1.38663E+02  2.83391E-04   1.38731E+02  3.26833E-04   1.38772E+02  3.68839E-04   1.38908E+02  4.08688E-04   1.39036E+02  4.46995E-04   1.39161E+02  4.82812E-04   1.39396E+02  5.16319E-04   1.39591E+02  5.46655E-04   1.39947E+02  5.75301E-04   1.40267E+02  6.00512E-04   1.40777E+02  6.23862E-04   1.41263E+02  6.43481E-04   1.41932E+02  6.60382E-04   1.42696E+02  6.74604E-04   1.43578E+02  6.85519E-04   1.44689E+02  6.95262E-04   1.45909E+02  7.01542E-04   1.47386E+02  7.06890E-04   1.49004E+02  7.10653E-04   1.50874E+02  7.13763E-04   1.52982E+02  7.17196E-04   1.55234E+02  7.20756E-04   1.57845E+02  7.25298E-04   1.60527E+02  7.31918E-04   1.63458E+02  7.39110E-04   1.66528E+02  7.47872E-04   1.69551E+02  7.60103E-04   1.72732E+02  7.72537E-04   1.75767E+02  7.90605E-04   1.78700E+02  8.12293E-04   1.81656E+02  8.33683E-04   1.84426E+02  8.58244E-04   1.87010E+02  8.88111E-04   1.89327E+02  9.14713E-04   1.91354E+02  9.34396E-04   1.93265E+02 
 8.94873E-04   1.23616E+01  8.67592E-04   1.03471E+01  8.41988E-04   7.96037E+00  8.20481E-04   5.34265E+00  7.99420E-04   2.75131E+00  7.78368E-04   3.59973E+02  7.58448E-04   3.56937E+02  7.39512E-04   3.53901E+02  7.27384E-04   3.50560E+02  7.20705E-04   3.47358E+02  7.16048E-04   3.44277E+02  7.13225E-04   3.41120E+02  7.10848E-04   3.38398E+02  7.08256E-04   3.35688E+02  7.05040E-04   3.33274E+02  7.02352E-04   3.31163E+02  6.99268E-04   3.29091E+02  6.95685E-04   3.27436E+02  6.91821E-04   3.25860E+02  6.85250E-04   3.24519E+02  6.77411E-04   3.23406E+02  6.66968E-04   3.22385E+02  6.53759E-04   3.21596E+02  6.37645E-04   3.20863E+02  6.17697E-04   3.20310E+02  5.95646E-04   3.19811E+02  5.69824E-04   3.19410E+02  5.41951E-04   3.19130E+02  5.11103E-04   3.18852E+02  4.78111E-04   3.18747E+02  4.42502E-04   3.18550E+02  4.04559E-04   3.18508E+02  3.64780E-04   3.18413E+02  3.23226E-04   3.18426E+02  2.80160E-04   3.18414E+02  2.35619E-04   3.18449E+02  1.90041E-04   3.18545E+02  1.43125E-04   3.18667E+02  9.56687E-05   3.19051E+02  4.78472E-05   3.20221E+02  1.93201E-06   5.87716E+01  4.85512E-05   1.35592E+02  9.65200E-05   1.36735E+02  1.43981E-04   1.37062E+02  1.90700E-04   1.37270E+02  2.36547E-04   1.37419E+02  2.81184E-04   1.37549E+02  3.24440E-04   1.37677E+02  3.66216E-04   1.37794E+02  4.05827E-04   1.37999E+02  4.43478E-04   1.38121E+02  4.78732E-04   1.38388E+02  5.12007E-04   1.38616E+02  5.42519E-04   1.38958E+02  5.70119E-04   1.39273E+02  5.95237E-04   1.39751E+02  6.16992E-04   1.40298E+02  6.36731E-04   1.40923E+02  6.52714E-04   1.41682E+02  6.66641E-04   1.42526E+02  6.77633E-04   1.43558E+02  6.86077E-04   1.44677E+02  6.92721E-04   1.46015E+02  6.96871E-04   1.47540E+02  6.99859E-04   1.49198E+02  7.01821E-04   1.51191E+02  7.02554E-04   1.53278E+02  7.03864E-04   1.55658E+02  7.05267E-04   1.58330E+02  7.08204E-04   1.61073E+02  7.14146E-04   1.64203E+02  7.21288E-04   1.67320E+02  7.31472E-04   1.70519E+02  7.45161E-04   1.73820E+02  7.59519E-04   1.76854E+02  7.76912E-04   1.79910E+02  7.99198E-04   1.82771E+02  8.19805E-04   1.85468E+02  8.42311E-04   1.88054E+02  8.70122E-04   1.90335E+02  8.95777E-04   1.92410E+02 
 8.47841E-04   1.12626E+01  8.25982E-04   9.19871E+00  8.03629E-04   6.79851E+00  7.81650E-04   4.10224E+00  7.61231E-04   1.28185E+00  7.40624E-04   3.58162E+02  7.24551E-04   3.54952E+02  7.13559E-04   3.51788E+02  7.04805E-04   3.48438E+02  6.97289E-04   3.45189E+02  6.92040E-04   3.42055E+02  6.88251E-04   3.38994E+02  6.86251E-04   3.36289E+02  6.86096E-04   3.33789E+02  6.87402E-04   3.31485E+02  6.88289E-04   3.29495E+02  6.88389E-04   3.27612E+02  6.87420E-04   3.26046E+02  6.83604E-04   3.24614E+02  6.78425E-04   3.23385E+02  6.69582E-04   3.22384E+02  6.58648E-04   3.21455E+02  6.44356E-04   3.20776E+02  6.27539E-04   3.20113E+02  6.08258E-04   3.19593E+02  5.85585E-04   3.19160E+02  5.61276E-04   3.18757E+02  5.33801E-04   3.18503E+02  5.04022E-04   3.18218E+02  4.71414E-04   3.18030E+02  4.37009E-04   3.17801E+02  3.99849E-04   3.17705E+02  3.61034E-04   3.17548E+02  3.20077E-04   3.17443E+02  2.77641E-04   3.17290E+02  2.33875E-04   3.17183E+02  1.88700E-04   3.17008E+02  1.42584E-04   3.16811E+02  9.59578E-05   3.16357E+02  4.83706E-05   3.15050E+02  2.24998E-06   2.51391E+02  4.64366E-05   1.40138E+02  9.38918E-05   1.38882E+02  1.40475E-04   1.38482E+02  1.86736E-04   1.38249E+02  2.31711E-04   1.38165E+02  2.75755E-04   1.38056E+02  3.18397E-04   1.38052E+02  3.59460E-04   1.38046E+02  3.98620E-04   1.38098E+02  4.35943E-04   1.38113E+02  4.71040E-04   1.38258E+02  5.04090E-04   1.38344E+02  5.34642E-04   1.38554E+02  5.62760E-04   1.38760E+02  5.87582E-04   1.39095E+02  6.10280E-04   1.39484E+02  6.29243E-04   1.39955E+02  6.45883E-04   1.40589E+02  6.59496E-04   1.41285E+02  6.69633E-04   1.42214E+02  6.78063E-04   1.43235E+02  6.83113E-04   1.44464E+02  6.87055E-04   1.45935E+02  6.88396E-04   1.47528E+02  6.88976E-04   1.49431E+02  6.89575E-04   1.51513E+02  6.89536E-04   1.53836E+02  6.90122E-04   1.56416E+02  6.91022E-04   1.59162E+02  6.92590E-04   1.62141E+02  6.96932E-04   1.65298E+02  7.03365E-04   1.68492E+02  7.11250E-04   1.71756E+02  7.24977E-04   1.74975E+02  7.39926E-04   1.78154E+02  7.57749E-04   1.81226E+02  7.80445E-04   1.84035E+02  8.04200E-04   1.86669E+02  8.27086E-04   1.89053E+02  8.48454E-04   1.91286E+02 
 8.07686E-04   1.04336E+01  7.83662E-04   8.08155E+00  7.60487E-04   5.30397E+00  7.42360E-04   2.39768E+00  7.23274E-04   3.59492E+02  7.06231E-04   3.56407E+02  6.93347E-04   3.53240E+02  6.80630E-04   3.49976E+02  6.72784E-04   3.46434E+02  6.69768E-04   3.43235E+02  6.69652E-04   3.40140E+02  6.71125E-04   3.37128E+02  6.73056E-04   3.34659E+02  6.75310E-04   3.32078E+02  6.75780E-04   3.29890E+02  6.75924E-04   3.27944E+02  6.75353E-04   3.26068E+02  6.72356E-04   3.24664E+02  6.69664E-04   3.23258E+02  6.63463E-04   3.22176E+02  6.55996E-04   3.21250E+02  6.45937E-04   3.20429E+02  6.32581E-04   3.19828E+02  6.17534E-04   3.19235E+02  5.98097E-04   3.18867E+02  5.77367E-04   3.18456E+02  5.52493E-04   3.18213E+02  5.25789E-04   3.18007E+02  4.95768E-04   3.17821E+02  4.63587E-04   3.17779E+02  4.29195E-04   3.17681E+02  3.92247E-04   3.17703E+02  3.53654E-04   3.17649E+02  3.12937E-04   3.17759E+02  2.71257E-04   3.17731E+02  2.27852E-04   3.17888E+02  1.83566E-04   3.17951E+02  1.38293E-04   3.18233E+02  9.24641E-05   3.18554E+02  4.60639E-05   3.19545E+02  1.86242E-06   6.09892E+01  4.70850E-05   1.35457E+02  9.33473E-05   1.36382E+02  1.39113E-04   1.36788E+02  1.84350E-04   1.36947E+02  2.28841E-04   1.37089E+02  2.72105E-04   1.37144E+02  3.13673E-04   1.37271E+02  3.54004E-04   1.37286E+02  3.92182E-04   1.37424E+02  4.28927E-04   1.37473E+02  4.63255E-04   1.37637E+02  4.95375E-04   1.37781E+02  5.24711E-04   1.38014E+02  5.51613E-04   1.38270E+02  5.76267E-04   1.38549E+02  5.97608E-04   1.38971E+02  6.17343E-04   1.39386E+02  6.32893E-04   1.39974E+02  6.46652E-04   1.40607E+02  6.57087E-04   1.41394E+02  6.65065E-04   1.42328E+02  6.70803E-04   1.43382E+02  6.73440E-04   1.44701E+02  6.74813E-04   1.46122E+02  6.73731E-04   1.47867E+02  6.71745E-04   1.49770E+02  6.70028E-04   1.51927E+02  6.67968E-04   1.54445E+02  6.67768E-04   1.57055E+02  6.69588E-04   1.60105E+02  6.71894E-04   1.63237E+02  6.78088E-04   1.66516E+02  6.85252E-04   1.69955E+02  6.93440E-04   1.73157E+02  7.07128E-04   1.76415E+02  7.23495E-04   1.79576E+02  7.39026E-04   1.82596E+02  7.59564E-04   1.85484E+02  7.86386E-04   1.88032E+02  8.09261E-04   1.90304E+02 
 7.61265E-04   9.26272E+00  7.39673E-04   6.76606E+00  7.22257E-04   4.02374E+00  7.04090E-04   1.19686E+00  6.86271E-04   3.58201E+02  6.70807E-04   3.54820E+02  6.58727E-04   3.51403E+02  6.51827E-04   3.47925E+02  6.50423E-04   3.44475E+02  6.49114E-04   3.41315E+02  6.48378E-04   3.38147E+02  6.48422E-04   3.35337E+02  6.48948E-04   3.32747E+02  6.50269E-04   3.30316E+02  6.52789E-04   3.28326E+02  6.55551E-04   3.26440E+02  6.57014E-04   3.24864E+02  6.57989E-04   3.23536E+02  6.55712E-04   3.22300E+02  6.51721E-04   3.21385E+02  6.44368E-04   3.20488E+02  6.33840E-04   3.19837E+02  6.20709E-04   3.19270E+02  6.03991E-04   3.18746E+02  5.85538E-04   3.18425E+02  5.63390E-04   3.18087E+02  5.39422E-04   3.17892E+02  5.12790E-04   3.17681E+02  4.83432E-04   3.17560E+02  4.52313E-04   3.17463E+02  4.18596E-04   3.17361E+02  3.83118E-04   3.17305E+02  3.45412E-04   3.17201E+02  3.06390E-04   3.17197E+02  2.65496E-04   3.17080E+02  2.23405E-04   3.17027E+02  1.80199E-04   3.16899E+02  1.35967E-04   3.16694E+02  9.12618E-05   3.16251E+02  4.62881E-05   3.15492E+02  1.69731E-06   2.53445E+02  4.46661E-05   1.39345E+02  8.99593E-05   1.38337E+02  1.34648E-04   1.38061E+02  1.78735E-04   1.37814E+02  2.22003E-04   1.37717E+02  2.64209E-04   1.37599E+02  3.05177E-04   1.37543E+02  3.44600E-04   1.37445E+02  3.82494E-04   1.37436E+02  4.18410E-04   1.37399E+02  4.52388E-04   1.37456E+02  4.83968E-04   1.37489E+02  5.13662E-04   1.37578E+02  5.40458E-04   1.37738E+02  5.64685E-04   1.37913E+02  5.86181E-04   1.38225E+02  6.04611E-04   1.38538E+02  6.20494E-04   1.39042E+02  6.33320E-04   1.39618E+02  6.43480E-04   1.40326E+02  6.51153E-04   1.41222E+02  6.55823E-04   1.42201E+02  6.58672E-04   1.43496E+02  6.59300E-04   1.44875E+02  6.58929E-04   1.46521E+02  6.56941E-04   1.48425E+02  6.54102E-04   1.50452E+02  6.51150E-04   1.52859E+02  6.47677E-04   1.55386E+02  6.45493E-04   1.58178E+02  6.45614E-04   1.61335E+02  6.47490E-04   1.64486E+02  6.52318E-04   1.67932E+02  6.61234E-04   1.71382E+02  6.69958E-04   1.74700E+02  6.84776E-04   1.78025E+02  7.03784E-04   1.81047E+02  7.20170E-04   1.84000E+02  7.39799E-04   1.86745E+02  7.63266E-04   1.89283E+02 
 7.19192E-04   8.41388E+00  7.00542E-04   5.71971E+00  6.81370E-04   2.71663E+00  6.64837E-04   3.59589E+02  6.48837E-04   3.56338E+02  6.36326E-04   3.52943E+02  6.29006E-04   3.49616E+02  6.23717E-04   3.46206E+02  6.20293E-04   3.42694E+02  6.18949E-04   3.39521E+02  6.21283E-04   3.36474E+02  6.25174E-04   3.33710E+02  6.29913E-04   3.31351E+02  6.35522E-04   3.29014E+02  6.39317E-04   3.27093E+02  6.41828E-04   3.25297E+02  6.42967E-04   3.23701E+02  6.41272E-04   3.22444E+02  6.38844E-04   3.21277E+02  6.32648E-04   3.20405E+02  6.24967E-04   3.19615E+02  6.15013E-04   3.19012E+02  6.01785E-04   3.18515E+02  5.87403E-04   3.18086E+02  5.68715E-04   3.17809E+02  5.48907E-04   3.17536E+02  5.25402E-04   3.17414E+02  4.99831E-04   3.17269E+02  4.71541E-04   3.17196E+02  4.40726E-04   3.17167E+02  4.07905E-04   3.17156E+02  3.72782E-04   3.17191E+02  3.36264E-04   3.17223E+02  2.97278E-04   3.17293E+02  2.57435E-04   3.17313E+02  2.16226E-04   3.17434E+02  1.74013E-04   3.17445E+02  1.31159E-04   3.17687E+02  8.78150E-05   3.17881E+02  4.37176E-05   3.18511E+02  9.30871E-07   6.50794E+01  4.45726E-05   1.36443E+02  8.86056E-05   1.36807E+02  1.31874E-04   1.37028E+02  1.74627E-04   1.37079E+02  2.16692E-04   1.37171E+02  2.57628E-04   1.37133E+02  2.97125E-04   1.37180E+02  3.35567E-04   1.37164E+02  3.71872E-04   1.37205E+02  4.06845E-04   1.37232E+02  4.39516E-04   1.37264E+02  4.70109E-04   1.37355E+02  4.98522E-04   1.37434E+02  5.24481E-04   1.37613E+02  5.48139E-04   1.37751E+02  5.68960E-04   1.38014E+02  5.87815E-04   1.38299E+02  6.03021E-04   1.38685E+02  6.16493E-04   1.39163E+02  6.26346E-04   1.39727E+02  6.33809E-04   1.40492E+02  6.38821E-04   1.41330E+02  6.40655E-04   1.42422E+02  6.40735E-04   1.43639E+02  6.38540E-04   1.45121E+02  6.35341E-04   1.46892E+02  6.31555E-04   1.48828E+02  6.27767E-04   1.51152E+02  6.25011E-04   1.53661E+02  6.22997E-04   1.56493E+02  6.21240E-04   1.59569E+02  6.23115E-04   1.62821E+02  6.25032E-04   1.66235E+02  6.29627E-04   1.69619E+02  6.39087E-04   1.73052E+02  6.48502E-04   1.76466E+02  6.61437E-04   1.79752E+02  6.79975E-04   1.82841E+02  7.01292E-04   1.85646E+02  7.20579E-04   1.88160E+02 
 6.76200E-04   7.21300E+00  6.56453E-04   4.33059E+00  6.41786E-04   1.34752E+00  6.26260E-04   3.58341E+02  6.11784E-04   3.55100E+02  6.02497E-04   3.51589E+02  5.95465E-04   3.48045E+02  5.91705E-04   3.44336E+02  5.94443E-04   3.40912E+02  5.97110E-04   3.37887E+02  6.00369E-04   3.34825E+02  6.03575E-04   3.32246E+02  6.06552E-04   3.29782E+02  6.09404E-04   3.27499E+02  6.12221E-04   3.25728E+02  6.15775E-04   3.23967E+02  6.17564E-04   3.22652E+02  6.18888E-04   3.21537E+02  6.17285E-04   3.20528E+02  6.13521E-04   3.19867E+02  6.07376E-04   3.19116E+02  5.97358E-04   3.18653E+02  5.85817E-04   3.18199E+02  5.69907E-04   3.17857E+02  5.52507E-04   3.17638E+02  5.31634E-04   3.17380E+02  5.08303E-04   3.17322E+02  4.83058E-04   3.17174E+02  4.54661E-04   3.17169E+02  4.25229E-04   3.17137E+02  3.92857E-04   3.17141E+02  3.59338E-04   3.17144E+02  3.23530E-04   3.17114E+02  2.86906E-04   3.17171E+02  2.48336E-04   3.17217E+02  2.08960E-04   3.17242E+02  1.68448E-04   3.17184E+02  1.26990E-04   3.17075E+02  8.51336E-05   3.16884E+02  4.26540E-05   3.16545E+02  7.86144E-07   2.26103E+02  4.24279E-05   1.38208E+02  8.47127E-05   1.37713E+02  1.26611E-04   1.37655E+02  1.68184E-04   1.37504E+02  2.08930E-04   1.37410E+02  2.48572E-04   1.37310E+02  2.87173E-04   1.37243E+02  3.24354E-04   1.37132E+02  3.60034E-04   1.37061E+02  3.93773E-04   1.37015E+02  4.26097E-04   1.36988E+02  4.55790E-04   1.36985E+02  4.83930E-04   1.36948E+02  5.08831E-04   1.37063E+02  5.31858E-04   1.37144E+02  5.51893E-04   1.37373E+02  5.69492E-04   1.37614E+02  5.84597E-04   1.37959E+02  5.96767E-04   1.38447E+02  6.06908E-04   1.38967E+02  6.13967E-04   1.39726E+02  6.18934E-04   1.40516E+02  6.21484E-04   1.41591E+02  6.21829E-04   1.42810E+02  6.20682E-04   1.44190E+02  6.16777E-04   1.45889E+02  6.12019E-04   1.47683E+02  6.06644E-04   1.49837E+02  6.00257E-04   1.52196E+02  5.96052E-04   1.54790E+02  5.92842E-04   1.57808E+02  5.91542E-04   1.60914E+02  5.93457E-04   1.64412E+02  5.97528E-04   1.68001E+02  6.02481E-04   1.71429E+02  6.13826E-04   1.74924E+02  6.27324E-04   1.78180E+02  6.38117E-04   1.81395E+02  6.55015E-04   1.84468E+02  6.77747E-04   1.87288E+02 
 6.31008E-04   6.32086E+00  6.17680E-04   3.35637E+00  6.02502E-04   2.53853E-01  5.87389E-04   3.56930E+02  5.75827E-04   3.53382E+02  5.68024E-04   3.49733E+02  5.64550E-04   3.46246E+02  5.64831E-04   3.42760E+02  5.65613E-04   3.39413E+02  5.66090E-04   3.36313E+02  5.69773E-04   3.33373E+02  5.74570E-04   3.30842E+02  5.80527E-04   3.28537E+02  5.87694E-04   3.26506E+02  5.93701E-04   3.24805E+02  5.98155E-04   3.23206E+02  6.00587E-04   3.21931E+02  5.99898E-04   3.20779E+02  5.97205E-04   3.19856E+02  5.91798E-04   3.19097E+02  5.84016E-04   3.18436E+02  5.74354E-04   3.18003E+02  5.61444E-04   3.17555E+02  5.47289E-04   3.17329E+02  5.29853E-04   3.17100E+02  5.10700E-04   3.16952E+02  4.88923E-04   3.16907E+02  4.64683E-04   3.16833E+02  4.38354E-04   3.16859E+02  4.09431E-04   3.16834E+02  3.78916E-04   3.16913E+02  3.46159E-04   3.16942E+02  3.11910E-04   3.17019E+02  2.76073E-04   3.17058E+02  2.39048E-04   3.17130E+02  2.00770E-04   3.17200E+02  1.61777E-04   3.17252E+02  1.21887E-04   3.17406E+02  8.14755E-05   3.17451E+02  4.07761E-05   3.17359E+02  1.04192E-07   8.79946E+01  4.10427E-05   1.37387E+02  8.17171E-05   1.37481E+02  1.21802E-04   1.37472E+02  1.61439E-04   1.37336E+02  2.00389E-04   1.37385E+02  2.38451E-04   1.37361E+02  2.75165E-04   1.37256E+02  3.10603E-04   1.37261E+02  3.44829E-04   1.37211E+02  3.77583E-04   1.37199E+02  4.08184E-04   1.37119E+02  4.37054E-04   1.37133E+02  4.63700E-04   1.37107E+02  4.88277E-04   1.37168E+02  5.10871E-04   1.37243E+02  5.30630E-04   1.37376E+02  5.48185E-04   1.37547E+02  5.62809E-04   1.37757E+02  5.74929E-04   1.38115E+02  5.84217E-04   1.38499E+02  5.91168E-04   1.39100E+02  5.95590E-04   1.39773E+02  5.97283E-04   1.40641E+02  5.96712E-04   1.41735E+02  5.94662E-04   1.42992E+02  5.91038E-04   1.44603E+02  5.86403E-04   1.46345E+02  5.81593E-04   1.48462E+02  5.76686E-04   1.50853E+02  5.71988E-04   1.53411E+02  5.67547E-04   1.56376E+02  5.65670E-04   1.59500E+02  5.64070E-04   1.62799E+02  5.66116E-04   1.66336E+02  5.70799E-04   1.69888E+02  5.74938E-04   1.73478E+02  5.86501E-04   1.76978E+02  6.01999E-04   1.80237E+02  6.16269E-04   1.83255E+02  6.31993E-04   1.86052E+02 
 5.91658E-04   5.15421E+00  5.75208E-04   1.98592E+00  5.61918E-04   3.58813E+02  5.49341E-04   3.55583E+02  5.39148E-04   3.52134E+02  5.34584E-04   3.48571E+02  5.31719E-04   3.44968E+02  5.31112E-04   3.41211E+02  5.35045E-04   3.37848E+02  5.39747E-04   3.34886E+02  5.46389E-04   3.32031E+02  5.51691E-04   3.29663E+02  5.56821E-04   3.27358E+02  5.61134E-04   3.25276E+02  5.64210E-04   3.23640E+02  5.67803E-04   3.22058E+02  5.68843E-04   3.20943E+02  5.69563E-04   3.19985E+02  5.68271E-04   3.19171E+02  5.64349E-04   3.18652E+02  5.59162E-04   3.18093E+02  5.49913E-04   3.17771E+02  5.39464E-04   3.17431E+02  5.25193E-04   3.17246E+02  5.09095E-04   3.17105E+02  4.89848E-04   3.16990E+02  4.67958E-04   3.16971E+02  4.44562E-04   3.16907E+02  4.17985E-04   3.17011E+02  3.90768E-04   3.17027E+02  3.60404E-04   3.17096E+02  3.29419E-04   3.17171E+02  2.96434E-04   3.17283E+02  2.62490E-04   3.17351E+02  2.27038E-04   3.17448E+02  1.90933E-04   3.17503E+02  1.53503E-04   3.17584E+02  1.15704E-04   3.17612E+02  7.73653E-05   3.17712E+02  3.84345E-05   3.17812E+02  3.98588E-07   1.38212E+02  3.93709E-05   1.37482E+02  7.82060E-05   1.37420E+02  1.16540E-04   1.37379E+02  1.54601E-04   1.37379E+02  1.91927E-04   1.37261E+02  2.28193E-04   1.37196E+02  2.63800E-04   1.37128E+02  2.98119E-04   1.37046E+02  3.30970E-04   1.36894E+02  3.61779E-04   1.36862E+02  3.91673E-04   1.36783E+02  4.18830E-04   1.36731E+02  4.44853E-04   1.36653E+02  4.67846E-04   1.36710E+02  4.89091E-04   1.36734E+02  5.07819E-04   1.36845E+02  5.24200E-04   1.37039E+02  5.38361E-04   1.37245E+02  5.50181E-04   1.37639E+02  5.59640E-04   1.38020E+02  5.66469E-04   1.38633E+02  5.71453E-04   1.39275E+02  5.73680E-04   1.40125E+02  5.73744E-04   1.41176E+02  5.71687E-04   1.42316E+02  5.67395E-04   1.43810E+02  5.61650E-04   1.45413E+02  5.54918E-04   1.47319E+02  5.47496E-04   1.49534E+02  5.41969E-04   1.51952E+02  5.36488E-04   1.54785E+02  5.33202E-04   1.57859E+02  5.32386E-04   1.61262E+02  5.32524E-04   1.64839E+02  5.35318E-04   1.68384E+02  5.42365E-04   1.71994E+02  5.50001E-04   1.75478E+02  5.58218E-04   1.78939E+02  5.72947E-04   1.82289E+02  5.91580E-04   1.85335E+02 
 5.44960E-04   4.29904E+00  5.35092E-04   1.15112E+00  5.22884E-04   3.57967E+02  5.10581E-04   3.54420E+02  5.03578E-04   3.50660E+02  4.99632E-04   3.46849E+02  4.99136E-04   3.43185E+02  5.02905E-04   3.39704E+02  5.06177E-04   3.36613E+02  5.08784E-04   3.33633E+02  5.13402E-04   3.30851E+02  5.17870E-04   3.28484E+02  5.24301E-04   3.26222E+02  5.31527E-04   3.24447E+02  5.38493E-04   3.22936E+02  5.43838E-04   3.21563E+02  5.46851E-04   3.20565E+02  5.47348E-04   3.19526E+02  5.44658E-04   3.18820E+02  5.40171E-04   3.18155E+02  5.32717E-04   3.17626E+02  5.23346E-04   3.17326E+02  5.11259E-04   3.16929E+02  4.97476E-04   3.16831E+02  4.81399E-04   3.16640E+02  4.63277E-04   3.16616E+02  4.43513E-04   3.16628E+02  4.20783E-04   3.16621E+02  3.96935E-04   3.16678E+02  3.70363E-04   3.16702E+02  3.42613E-04   3.16812E+02  3.13218E-04   3.16835E+02  2.81911E-04   3.16974E+02  2.49437E-04   3.17004E+02  2.16182E-04   3.17158E+02  1.81665E-04   3.17219E+02  1.46339E-04   3.17216E+02  1.10430E-04   3.17282E+02  7.38643E-05   3.17164E+02  3.71525E-05   3.16487E+02  7.05396E-07   2.38421E+02  3.66176E-05   1.38479E+02  7.34414E-05   1.37957E+02  1.09807E-04   1.37862E+02  1.45710E-04   1.37761E+02  1.80959E-04   1.37719E+02  2.15216E-04   1.37650E+02  2.48654E-04   1.37504E+02  2.81006E-04   1.37464E+02  3.12073E-04   1.37313E+02  3.41755E-04   1.37256E+02  3.69946E-04   1.37127E+02  3.96444E-04   1.37066E+02  4.20871E-04   1.36987E+02  4.43620E-04   1.36952E+02  4.64219E-04   1.36933E+02  4.82337E-04   1.36908E+02  4.98459E-04   1.37018E+02  5.11926E-04   1.37101E+02  5.22503E-04   1.37362E+02  5.31362E-04   1.37612E+02  5.37408E-04   1.38051E+02  5.41144E-04   1.38617E+02  5.43296E-04   1.39296E+02  5.42679E-04   1.40280E+02  5.41165E-04   1.41351E+02  5.37801E-04   1.42808E+02  5.32904E-04   1.44389E+02  5.27940E-04   1.46288E+02  5.21455E-04   1.48539E+02  5.15116E-04   1.50885E+02  5.09137E-04   1.53665E+02  5.04255E-04   1.56627E+02  5.00464E-04   1.59809E+02  5.00490E-04   1.63446E+02  5.01458E-04   1.67085E+02  5.02748E-04   1.70757E+02  5.12386E-04   1.74394E+02  5.23638E-04   1.77794E+02  5.32419E-04   1.80999E+02  5.45593E-04   1.84081E+02 
 5.07592E-04   3.25890E+00  4.94390E-04   3.59915E+02  4.82168E-04   3.56556E+02  4.72766E-04   3.53037E+02  4.66690E-04   3.49424E+02  4.65630E-04   3.45833E+02  4.66297E-04   3.42265E+02  4.68006E-04   3.38597E+02  4.71744E-04   3.35321E+02  4.77117E-04   3.32394E+02  4.85012E-04   3.29717E+02  4.91558E-04   3.27495E+02  4.98467E-04   3.25394E+02  5.03785E-04   3.23582E+02  5.06927E-04   3.22061E+02  5.09983E-04   3.20665E+02  5.10905E-04   3.19669E+02  5.10814E-04   3.18808E+02  5.09203E-04   3.18183E+02  5.05488E-04   3.17747E+02  5.00432E-04   3.17322E+02  4.92250E-04   3.17099E+02  4.82868E-04   3.16907E+02  4.70165E-04   3.16815E+02  4.55578E-04   3.16769E+02  4.38469E-04   3.16801E+02  4.18801E-04   3.16804E+02  3.97945E-04   3.16890E+02  3.73843E-04   3.16995E+02  3.49144E-04   3.17070E+02  3.21909E-04   3.17201E+02  2.93993E-04   3.17330E+02  2.64509E-04   3.17486E+02  2.34083E-04   3.17598E+02  2.02094E-04   3.17773E+02  1.69809E-04   3.17818E+02  1.36494E-04   3.18057E+02  1.02717E-04   3.18083E+02  6.86094E-05   3.18346E+02  3.38878E-05   3.19327E+02  9.94037E-07   8.94099E+01  3.53067E-05   1.36655E+02  6.99584E-05   1.37182E+02  1.04277E-04   1.37242E+02  1.38091E-04   1.37327E+02  1.71268E-04   1.37236E+02  2.03587E-04   1.37199E+02  2.35321E-04   1.37080E+02  2.65869E-04   1.37056E+02  2.95353E-04   1.36915E+02  3.22830E-04   1.36824E+02  3.49502E-04   1.36719E+02  3.73834E-04   1.36651E+02  3.97171E-04   1.36550E+02  4.17923E-04   1.36517E+02  4.37120E-04   1.36534E+02  4.54320E-04   1.36539E+02  4.69445E-04   1.36689E+02  4.82530E-04   1.36780E+02  4.93424E-04   1.37084E+02  5.02134E-04   1.37381E+02  5.08807E-04   1.37834E+02  5.13274E-04   1.38372E+02  5.15207E-04   1.39020E+02  5.15171E-04   1.39930E+02  5.12651E-04   1.40892E+02  5.08351E-04   1.42166E+02  5.02374E-04   1.43610E+02  4.95601E-04   1.45274E+02  4.88255E-04   1.47340E+02  4.82037E-04   1.49639E+02  4.75416E-04   1.52294E+02  4.70989E-04   1.55268E+02  4.67968E-04   1.58524E+02  4.65545E-04   1.62034E+02  4.67383E-04   1.65659E+02  4.70158E-04   1.69368E+02  4.72795E-04   1.73014E+02  4.80074E-04   1.76702E+02  4.92422E-04   1.80229E+02  5.05708E-04   1.83438E+02 
 4.60476E-04   2.37315E+00  4.52565E-04   3.59120E+02  4.42963E-04   3.55820E+02  4.34137E-04   3.52142E+02  4.31049E-04   3.48258E+02  4.30117E-04   3.44379E+02  4.31399E-04   3.40590E+02  4.36403E-04   3.37144E+02  4.40840E-04   3.34247E+02  4.45338E-04   3.31404E+02  4.50366E-04   3.28807E+02  4.54683E-04   3.26565E+02  4.61339E-04   3.24428E+02  4.67420E-04   3.22835E+02  4.74051E-04   3.21448E+02  4.79221E-04   3.20296E+02  4.82089E-04   3.19510E+02  4.83631E-04   3.18628E+02  4.81392E-04   3.18113E+02  4.77479E-04   3.17528E+02  4.70578E-04   3.17108E+02  4.62251E-04   3.16869E+02  4.51372E-04   3.16547E+02  4.38507E-04   3.16543E+02  4.24278E-04   3.16372E+02  4.07426E-04   3.16433E+02  3.89775E-04   3.16465E+02  3.69265E-04   3.16524E+02  3.48272E-04   3.16642E+02  3.25011E-04   3.16737E+02  3.00365E-04   3.16871E+02  2.74335E-04   3.16927E+02  2.46953E-04   3.17084E+02  2.18532E-04   3.17105E+02  1.89213E-04   3.17252E+02  1.59153E-04   3.17289E+02  1.28301E-04   3.17273E+02  9.69204E-05   3.17365E+02  6.47850E-05   3.17150E+02  3.26872E-05   3.16158E+02  8.51938E-07   2.46952E+02  3.19491E-05   1.39512E+02  6.40267E-05   1.38728E+02  9.59083E-05   1.38387E+02  1.27413E-04   1.38214E+02  1.58424E-04   1.38091E+02  1.88639E-04   1.37951E+02  2.18123E-04   1.37811E+02  2.46446E-04   1.37717E+02  2.73929E-04   1.37517E+02  3.00364E-04   1.37388E+02  3.25025E-04   1.37201E+02  3.48486E-04   1.37077E+02  3.70378E-04   1.36944E+02  3.90756E-04   1.36821E+02  4.08868E-04   1.36756E+02  4.24985E-04   1.36634E+02  4.38922E-04   1.36682E+02  4.50791E-04   1.36660E+02  4.60189E-04   1.36806E+02  4.68020E-04   1.36981E+02  4.73412E-04   1.37286E+02  4.76944E-04   1.37784E+02  4.79235E-04   1.38326E+02  4.79139E-04   1.39198E+02  4.78146E-04   1.40145E+02  4.75197E-04   1.41422E+02  4.70531E-04   1.42898E+02  4.65578E-04   1.44622E+02  4.58350E-04   1.46681E+02  4.51305E-04   1.48843E+02  4.44746E-04   1.51425E+02  4.38413E-04   1.54239E+02  4.33734E-04   1.57305E+02  4.31825E-04   1.60908E+02  4.30266E-04   1.64560E+02  4.30527E-04   1.68285E+02  4.37605E-04   1.72062E+02  4.44522E-04   1.75557E+02  4.49912E-04   1.78953E+02  4.60711E-04   1.82292E+02 
 4.23600E-04   1.53054E+00  4.13551E-04   3.58073E+02  4.02628E-04   3.54556E+02  3.96356E-04   3.50768E+02  3.93253E-04   3.47064E+02  3.94335E-04   3.43427E+02  3.97470E-04   3.39944E+02  4.00255E-04   3.36476E+02  4.03633E-04   3.33312E+02  4.09000E-04   3.30406E+02  4.16709E-04   3.27882E+02  4.23829E-04   3.25778E+02  4.31297E-04   3.23829E+02  4.37138E-04   3.22284E+02  4.40638E-04   3.20871E+02  4.42882E-04   3.19669E+02  4.43359E-04   3.18765E+02  4.42422E-04   3.17954E+02  4.40526E-04   3.17453E+02  4.37184E-04   3.17030E+02  4.32441E-04   3.16780E+02  4.25321E-04   3.16608E+02  4.16918E-04   3.16527E+02  4.06021E-04   3.16557E+02  3.93246E-04   3.16553E+02  3.78595E-04   3.16703E+02  3.61519E-04   3.16751E+02  3.43363E-04   3.16908E+02  3.22637E-04   3.17037E+02  3.01087E-04   3.17227E+02  2.77637E-04   3.17413E+02  2.53563E-04   3.17583E+02  2.27881E-04   3.17745E+02  2.01561E-04   3.17908E+02  1.74042E-04   3.18144E+02  1.46066E-04   3.18181E+02  1.17435E-04   3.18440E+02  8.83144E-05   3.18563E+02  5.88491E-05   3.18979E+02  2.90987E-05   3.20151E+02  1.15410E-06   8.13075E+01  3.04337E-05   1.36126E+02  6.02498E-05   1.36871E+02  8.97348E-05   1.37214E+02  1.18590E-04   1.37360E+02  1.47384E-04   1.37273E+02  1.75275E-04   1.37300E+02  2.02491E-04   1.37149E+02  2.28663E-04   1.37112E+02  2.53952E-04   1.36951E+02  2.77732E-04   1.36860E+02  3.00951E-04   1.36767E+02  3.22043E-04   1.36653E+02  3.42136E-04   1.36589E+02  3.60420E-04   1.36478E+02  3.77388E-04   1.36459E+02  3.92610E-04   1.36408E+02  4.05851E-04   1.36508E+02  4.17455E-04   1.36529E+02  4.27304E-04   1.36755E+02  4.35087E-04   1.36974E+02  4.41156E-04   1.37274E+02  4.44785E-04   1.37741E+02  4.46390E-04   1.38203E+02  4.45996E-04   1.38983E+02  4.43393E-04   1.39777E+02  4.39895E-04   1.40854E+02  4.34314E-04   1.42184E+02  4.28168E-04   1.43654E+02  4.21756E-04   1.45628E+02  4.15751E-04   1.47801E+02  4.08841E-04   1.50294E+02  4.03587E-04   1.53178E+02  3.99179E-04   1.56235E+02  3.95708E-04   1.59658E+02  3.96778E-04   1.63347E+02  3.96201E-04   1.67092E+02  3.95864E-04   1.70859E+02  4.02342E-04   1.74756E+02  4.11867E-04   1.78369E+02  4.19971E-04   1.81660E+02 
 3.76825E-04   6.68477E-01  3.70220E-04   3.57347E+02  3.62859E-04   3.53932E+02  3.56993E-04   3.50141E+02  3.56812E-04   3.46225E+02  3.58208E-04   3.42336E+02  3.60215E-04   3.38470E+02  3.65448E-04   3.35049E+02  3.70322E-04   3.32282E+02  3.75351E-04   3.29567E+02  3.80421E-04   3.27185E+02  3.84461E-04   3.25076E+02  3.90291E-04   3.23057E+02  3.94938E-04   3.21582E+02  4.00627E-04   3.20314E+02  4.05131E-04   3.19326E+02  4.07960E-04   3.18671E+02  4.09969E-04   3.17962E+02  4.08160E-04   3.17583E+02  4.05089E-04   3.17114E+02  3.99399E-04   3.16785E+02  3.92057E-04   3.16593E+02  3.82704E-04   3.16377E+02  3.71389E-04   3.16391E+02  3.58982E-04   3.16284E+02  3.44095E-04   3.16401E+02  3.29057E-04   3.16428E+02  3.11535E-04   3.16540E+02  2.93501E-04   3.16672E+02  2.73720E-04   3.16830E+02  2.52919E-04   3.16943E+02  2.30835E-04   3.17035E+02  2.07806E-04   3.17212E+02  1.83937E-04   3.17268E+02  1.59223E-04   3.17366E+02  1.33912E-04   3.17405E+02  1.07696E-04   3.17355E+02  8.14692E-05   3.17311E+02  5.46183E-05   3.17139E+02  2.76097E-05   3.16318E+02  1.05965E-06   2.55128E+02  2.68218E-05   1.40408E+02  5.38636E-05   1.39318E+02  8.07844E-05   1.38971E+02  1.07468E-04   1.38681E+02  1.33446E-04   1.38441E+02  1.58912E-04   1.38278E+02  1.83738E-04   1.38103E+02  2.07750E-04   1.37906E+02  2.31031E-04   1.37723E+02  2.53448E-04   1.37546E+02  2.74471E-04   1.37356E+02  2.94460E-04   1.37159E+02  3.13038E-04   1.37018E+02  3.30198E-04   1.36773E+02  3.45498E-04   1.36665E+02  3.59296E-04   1.36479E+02  3.71121E-04   1.36460E+02  3.81165E-04   1.36386E+02  3.89068E-04   1.36424E+02  3.95905E-04   1.36583E+02  4.00570E-04   1.36740E+02  4.03865E-04   1.37191E+02  4.06077E-04   1.37656E+02  4.06308E-04   1.38387E+02  4.05664E-04   1.39256E+02  4.03574E-04   1.40364E+02  3.99546E-04   1.41740E+02  3.94732E-04   1.43306E+02  3.87708E-04   1.45192E+02  3.80788E-04   1.47212E+02  3.74327E-04   1.49605E+02  3.67959E-04   1.52346E+02  3.62896E-04   1.55291E+02  3.59634E-04   1.58785E+02  3.57199E-04   1.62452E+02  3.57316E-04   1.66203E+02  3.61536E-04   1.70011E+02  3.64840E-04   1.73600E+02  3.68758E-04   1.77169E+02  3.77302E-04   1.80719E+02 
 3.39558E-04   6.80851E-02  3.32012E-04   3.56573E+02  3.22774E-04   3.52861E+02  3.19589E-04   3.48901E+02  3.18774E-04   3.45130E+02  3.20550E-04   3.41435E+02  3.24475E-04   3.38079E+02  3.27682E-04   3.34804E+02  3.30659E-04   3.31708E+02  3.35245E-04   3.28861E+02  3.41890E-04   3.26453E+02  3.48840E-04   3.24432E+02  3.56111E-04   3.22633E+02  3.61545E-04   3.21263E+02  3.65112E-04   3.19951E+02  3.66682E-04   3.18961E+02  3.66780E-04   3.18113E+02  3.65589E-04   3.17344E+02  3.63440E-04   3.16929E+02  3.60280E-04   3.16495E+02  3.55818E-04   3.16370E+02  3.49899E-04   3.16273E+02  3.42730E-04   3.16307E+02  3.34087E-04   3.16395E+02  3.23686E-04   3.16436E+02  3.11511E-04   3.16643E+02  2.97427E-04   3.16731E+02  2.82524E-04   3.17003E+02  2.65429E-04   3.17158E+02  2.47663E-04   3.17392E+02  2.28155E-04   3.17548E+02  2.08214E-04   3.17789E+02  1.87264E-04   3.17997E+02  1.65652E-04   3.18195E+02  1.43064E-04   3.18414E+02  1.20105E-04   3.18597E+02  9.64662E-05   3.19018E+02  7.23790E-05   3.19169E+02  4.83254E-05   3.19755E+02  2.38903E-05   3.21393E+02  1.41987E-06   7.48770E+01  2.50780E-05   1.35418E+02  4.94813E-05   1.36680E+02  7.34320E-05   1.37116E+02  9.71623E-05   1.37375E+02  1.20841E-04   1.37369E+02  1.43528E-04   1.37395E+02  1.66046E-04   1.37246E+02  1.87746E-04   1.37206E+02  2.08561E-04   1.37083E+02  2.28040E-04   1.36967E+02  2.47035E-04   1.36893E+02  2.64645E-04   1.36704E+02  2.81463E-04   1.36616E+02  2.96489E-04   1.36503E+02  3.10609E-04   1.36488E+02  3.23621E-04   1.36395E+02  3.34633E-04   1.36450E+02  3.44752E-04   1.36417E+02  3.53306E-04   1.36543E+02  3.59466E-04   1.36708E+02  3.64727E-04   1.36890E+02  3.67285E-04   1.37308E+02  3.68458E-04   1.37635E+02  3.68014E-04   1.38275E+02  3.65590E-04   1.38955E+02  3.62588E-04   1.39871E+02  3.57919E-04   1.41113E+02  3.53258E-04   1.42464E+02  3.47731E-04   1.44338E+02  3.42105E-04   1.46336E+02  3.35917E-04   1.48707E+02  3.30940E-04   1.51543E+02  3.26334E-04   1.54427E+02  3.22391E-04   1.57709E+02  3.22632E-04   1.61456E+02  3.20512E-04   1.65203E+02  3.18504E-04   1.69011E+02  3.23682E-04   1.73113E+02  3.30721E-04   1.76783E+02  3.35119E-04   1.80105E+02 
 2.93478E-04   3.59232E+02  2.87865E-04   3.55898E+02  2.82385E-04   3.52399E+02  2.79188E-04   3.48454E+02  2.81029E-04   3.44556E+02  2.83600E-04   3.40692E+02  2.85303E-04   3.36822E+02  2.89661E-04   3.33393E+02  2.94387E-04   3.30741E+02  2.99306E-04   3.28189E+02  3.03874E-04   3.25983E+02  3.07313E-04   3.23977E+02  3.12179E-04   3.22080E+02  3.15470E-04   3.20695E+02  3.19733E-04   3.19513E+02  3.23507E-04   3.18635E+02  3.25894E-04   3.18066E+02  3.27932E-04   3.17501E+02  3.26907E-04   3.17225E+02  3.24623E-04   3.16822E+02  3.20196E-04   3.16624E+02  3.13943E-04   3.16474E+02  3.06520E-04   3.16304E+02  2.97306E-04   3.16348E+02  2.86953E-04   3.16286E+02  2.74778E-04   3.16412E+02  2.62561E-04   3.16473E+02  2.48179E-04   3.16622E+02  2.33692E-04   3.16689E+02  2.17634E-04   3.16931E+02  2.01274E-04   3.17071E+02  1.83594E-04   3.17173E+02  1.65223E-04   3.17328E+02  1.46313E-04   3.17411E+02  1.26569E-04   3.17490E+02  1.06624E-04   3.17541E+02  8.57508E-05   3.17371E+02  6.49360E-05   3.17319E+02  4.34423E-05   3.16914E+02  2.20267E-05   3.15192E+02  1.29637E-06   2.44594E+02  2.14298E-05   1.41713E+02  4.27734E-05   1.40252E+02  6.43421E-05   1.39621E+02  8.54475E-05   1.39095E+02  1.06073E-04   1.38880E+02  1.26533E-04   1.38686E+02  1.46255E-04   1.38413E+02  1.65432E-04   1.38126E+02  1.84092E-04   1.37947E+02  2.01919E-04   1.37750E+02  2.18767E-04   1.37533E+02  2.34860E-04   1.37199E+02  2.49439E-04   1.37074E+02  2.63358E-04   1.36737E+02  2.75532E-04   1.36614E+02  2.86381E-04   1.36346E+02  2.96105E-04   1.36264E+02  3.03983E-04   1.36187E+02  3.10407E-04   1.36133E+02  3.15997E-04   1.36289E+02  3.19663E-04   1.36312E+02  3.22756E-04   1.36751E+02  3.24598E-04   1.37137E+02  3.25412E-04   1.37748E+02  3.25049E-04   1.38598E+02  3.23422E-04   1.39591E+02  3.20165E-04   1.40917E+02  3.15972E-04   1.42313E+02  3.10003E-04   1.44037E+02  3.04122E-04   1.46052E+02  2.98224E-04   1.48243E+02  2.92362E-04   1.50891E+02  2.87834E-04   1.53762E+02  2.83952E-04   1.57089E+02  2.81346E-04   1.60722E+02  2.81744E-04   1.64514E+02  2.83996E-04   1.68321E+02  2.84743E-04   1.71973E+02  2.87698E-04   1.75716E+02  2.93906E-04   1.79440E+02 
 2.55309E-04   3.58879E+02  2.49918E-04   3.55339E+02  2.42383E-04   3.51441E+02  2.41349E-04   3.47367E+02  2.42021E-04   3.43542E+02  2.43883E-04   3.39771E+02  2.47711E-04   3.36543E+02  2.50796E-04   3.33536E+02  2.52977E-04   3.30540E+02  2.56434E-04   3.27711E+02  2.61472E-04   3.25362E+02  2.67315E-04   3.23381E+02  2.73578E-04   3.21756E+02  2.78430E-04   3.20568E+02  2.81785E-04   3.19350E+02  2.82744E-04   3.18491E+02  2.82824E-04   3.17645E+02  2.81194E-04   3.16915E+02  2.78888E-04   3.16513E+02  2.76290E-04   3.16096E+02  2.72297E-04   3.16099E+02  2.67978E-04   3.16022E+02  2.62238E-04   3.16139E+02  2.55517E-04   3.16257E+02  2.47859E-04   3.16420E+02  2.38449E-04   3.16691E+02  2.27629E-04   3.16772E+02  2.16428E-04   3.17126E+02  2.03291E-04   3.17278E+02  1.89837E-04   3.17576E+02  1.74979E-04   3.17730E+02  1.59565E-04   3.18083E+02  1.43548E-04   3.18320E+02  1.26899E-04   3.18594E+02  1.09585E-04   3.18878E+02  9.19473E-05   3.19069E+02  7.38714E-05   3.19452E+02  5.54153E-05   3.19734E+02  3.70385E-05   3.20642E+02  1.82422E-05   3.22899E+02  1.37496E-06   6.91370E+01  1.90722E-05   1.34369E+02  3.78579E-05   1.36112E+02  5.61704E-05   1.36751E+02  7.42651E-05   1.37133E+02  9.23547E-05   1.37266E+02  1.09707E-04   1.37321E+02  1.26900E-04   1.37286E+02  1.43332E-04   1.37270E+02  1.59255E-04   1.37219E+02  1.74253E-04   1.37024E+02  1.88954E-04   1.36965E+02  2.02461E-04   1.36760E+02  2.15533E-04   1.36727E+02  2.27340E-04   1.36586E+02  2.38357E-04   1.36550E+02  2.48731E-04   1.36460E+02  2.57287E-04   1.36447E+02  2.65265E-04   1.36436E+02  2.72062E-04   1.36455E+02  2.76697E-04   1.36626E+02  2.80792E-04   1.36729E+02  2.82490E-04   1.37055E+02  2.83328E-04   1.37285E+02  2.82721E-04   1.37755E+02  2.80533E-04   1.38339E+02  2.78326E-04   1.39102E+02  2.74659E-04   1.40308E+02  2.71474E-04   1.41580E+02  2.67339E-04   1.43373E+02  2.62678E-04   1.45336E+02  2.57626E-04   1.47579E+02  2.53226E-04   1.50271E+02  2.48930E-04   1.53040E+02  2.45340E-04   1.56183E+02  2.45269E-04   1.59934E+02  2.42526E-04   1.63731E+02  2.40130E-04   1.67601E+02  2.44120E-04   1.71857E+02  2.48737E-04   1.75565E+02  2.50595E-04   1.78839E+02 
 2.10014E-04   3.58061E+02  2.04899E-04   3.54752E+02  2.01393E-04   3.51214E+02  2.00448E-04   3.47262E+02  2.02708E-04   3.43399E+02  2.05628E-04   3.39561E+02  2.07216E-04   3.35644E+02  2.10345E-04   3.32173E+02  2.13666E-04   3.29597E+02  2.17755E-04   3.27087E+02  2.21791E-04   3.25091E+02  2.24294E-04   3.23191E+02  2.27591E-04   3.21329E+02  2.29497E-04   3.20045E+02  2.32645E-04   3.18914E+02  2.35466E-04   3.18152E+02  2.37121E-04   3.17641E+02  2.39062E-04   3.17167E+02  2.38882E-04   3.17039E+02  2.37275E-04   3.16648E+02  2.34358E-04   3.16544E+02  2.29863E-04   3.16408E+02  2.24106E-04   3.16290E+02  2.17013E-04   3.16382E+02  2.09286E-04   3.16282E+02  2.00193E-04   3.16439E+02  1.91084E-04   3.16560E+02  1.80375E-04   3.16715E+02  1.69973E-04   3.16768E+02  1.58127E-04   3.17071E+02  1.46028E-04   3.17134E+02  1.33315E-04   3.17229E+02  1.20015E-04   3.17322E+02  1.06304E-04   3.17411E+02  9.18584E-05   3.17479E+02  7.72685E-05   3.17521E+02  6.22499E-05   3.17242E+02  4.72741E-05   3.16944E+02  3.15767E-05   3.16038E+02  1.61462E-05   3.13308E+02  1.44913E-06   2.39034E+02  1.55971E-05   1.43337E+02  3.10826E-05   1.41326E+02  4.68094E-05   1.40381E+02  6.20157E-05   1.39701E+02  7.71238E-05   1.39417E+02  9.19416E-05   1.39038E+02  1.06486E-04   1.38820E+02  1.20443E-04   1.38478E+02  1.33960E-04   1.38221E+02  1.47131E-04   1.37948E+02  1.59257E-04   1.37770E+02  1.70995E-04   1.37339E+02  1.81502E-04   1.37182E+02  1.91497E-04   1.36752E+02  2.00309E-04   1.36586E+02  2.08234E-04   1.36270E+02  2.15225E-04   1.36151E+02  2.20753E-04   1.36063E+02  2.25467E-04   1.35930E+02  2.29789E-04   1.36107E+02  2.32637E-04   1.36044E+02  2.35154E-04   1.36469E+02  2.36624E-04   1.36780E+02  2.37667E-04   1.37377E+02  2.37408E-04   1.38255E+02  2.36369E-04   1.39087E+02  2.33968E-04   1.40385E+02  2.30657E-04   1.41689E+02  2.26169E-04   1.43284E+02  2.21673E-04   1.45293E+02  2.17041E-04   1.47270E+02  2.12119E-04   1.49839E+02  2.08554E-04   1.52629E+02  2.05163E-04   1.55802E+02  2.03015E-04   1.59428E+02  2.03969E-04   1.63257E+02  2.04700E-04   1.66985E+02  2.03652E-04   1.70662E+02  2.05912E-04   1.74568E+02  2.10246E-04   1.78411E+02 
 1.70835E-04   3.58068E+02  1.67088E-04   3.54516E+02  1.61444E-04   3.50409E+02  1.62036E-04   3.46203E+02  1.63161E-04   3.42354E+02  1.64460E-04   3.38595E+02  1.67359E-04   3.35542E+02  1.69484E-04   3.32761E+02  1.70877E-04   3.29851E+02  1.73264E-04   3.27027E+02  1.76581E-04   3.24661E+02  1.80937E-04   3.22650E+02  1.85902E-04   3.21156E+02  1.89808E-04   3.20069E+02  1.92242E-04   3.18909E+02  1.92648E-04   3.18184E+02  1.92602E-04   3.17365E+02  1.90843E-04   3.16665E+02  1.88695E-04   3.16237E+02  1.86677E-04   3.15834E+02  1.83753E-04   3.15854E+02  1.80876E-04   3.15731E+02  1.76844E-04   3.16040E+02  1.72239E-04   3.16180E+02  1.67223E-04   3.16432E+02  1.61319E-04   3.16776E+02  1.54132E-04   3.16895E+02  1.46463E-04   3.17289E+02  1.37671E-04   3.17389E+02  1.28688E-04   3.17795E+02  1.18484E-04   3.17962E+02  1.08152E-04   3.18419E+02  9.73369E-05   3.18610E+02  8.58885E-05   3.18898E+02  7.42304E-05   3.19165E+02  6.22550E-05   3.19536E+02  5.00558E-05   3.20170E+02  3.76376E-05   3.20648E+02  2.52150E-05   3.21669E+02  1.24938E-05   3.25534E+02  1.51684E-06   5.56901E+01  1.28406E-05   1.32374E+02  2.55165E-05   1.35295E+02  3.78876E-05   1.36409E+02  5.02482E-05   1.36740E+02  6.24602E-05   1.36989E+02  7.41229E-05   1.37038E+02  8.56317E-05   1.37168E+02  9.66500E-05   1.37170E+02  1.07459E-04   1.37165E+02  1.17550E-04   1.36916E+02  1.27629E-04   1.36922E+02  1.36782E-04   1.36747E+02  1.45746E-04   1.36730E+02  1.53993E-04   1.36606E+02  1.61415E-04   1.36599E+02  1.68645E-04   1.36549E+02  1.74784E-04   1.36477E+02  1.80546E-04   1.36517E+02  1.85188E-04   1.36454E+02  1.88282E-04   1.36640E+02  1.91076E-04   1.36656E+02  1.91825E-04   1.36860E+02  1.92017E-04   1.37014E+02  1.91213E-04   1.37351E+02  1.89584E-04   1.37896E+02  1.88284E-04   1.38513E+02  1.85896E-04   1.39680E+02  1.83966E-04   1.40923E+02  1.81471E-04   1.42633E+02  1.78220E-04   1.44565E+02  1.74644E-04   1.46735E+02  1.71748E-04   1.49400E+02  1.68356E-04   1.52044E+02  1.65475E-04   1.55005E+02  1.65328E-04   1.58820E+02  1.62652E-04   1.62691E+02  1.60766E-04   1.66663E+02  1.63754E-04   1.71057E+02  1.66397E-04   1.74694E+02  1.66291E-04   1.77855E+02 
 1.26323E-04   3.57055E+02  1.21956E-04   3.53966E+02  1.19806E-04   3.50385E+02  1.20088E-04   3.46464E+02  1.22509E-04   3.42659E+02  1.25307E-04   3.38854E+02  1.25985E-04   3.34829E+02  1.27819E-04   3.31107E+02  1.29651E-04   3.28672E+02  1.32468E-04   3.26287E+02  1.35116E-04   3.24489E+02  1.36327E-04   3.22668E+02  1.38433E-04   3.20892E+02  1.38850E-04   3.19759E+02  1.40636E-04   3.18552E+02  1.42680E-04   3.17814E+02  1.43940E-04   3.17341E+02  1.45623E-04   3.16901E+02  1.45970E-04   3.16932E+02  1.45298E-04   3.16629E+02  1.43681E-04   3.16678E+02  1.40878E-04   3.16556E+02  1.37212E-04   3.16433E+02  1.32738E-04   3.16555E+02  1.27947E-04   3.16403E+02  1.21827E-04   3.16484E+02  1.16105E-04   3.16584E+02  1.09328E-04   3.16850E+02  1.02944E-04   3.16825E+02  9.56162E-05   3.17019E+02  8.84452E-05   3.17110E+02  8.06926E-05   3.17265E+02  7.23729E-05   3.17218E+02  6.41585E-05   3.17161E+02  5.54405E-05   3.17126E+02  4.68411E-05   3.17059E+02  3.77196E-05   3.16364E+02  2.85319E-05   3.16226E+02  1.91181E-05   3.15087E+02  9.76498E-06   3.09973E+02  1.40920E-06   2.28403E+02  9.59797E-06   1.46716E+02  1.89351E-05   1.42975E+02  2.84259E-05   1.41444E+02  3.77410E-05   1.40722E+02  4.70846E-05   1.40185E+02  5.59414E-05   1.39644E+02  6.48633E-05   1.39351E+02  7.33945E-05   1.38840E+02  8.15457E-05   1.38689E+02  8.96682E-05   1.38215E+02  9.69717E-05   1.37977E+02  1.04247E-04   1.37490E+02  1.10498E-04   1.37305E+02  1.16454E-04   1.36762E+02  1.21573E-04   1.36581E+02  1.26101E-04   1.36119E+02  1.30331E-04   1.36003E+02  1.33643E-04   1.35951E+02  1.36393E-04   1.35635E+02  1.39057E-04   1.35865E+02  1.40885E-04   1.35662E+02  1.42830E-04   1.36247E+02  1.43926E-04   1.36540E+02  1.44979E-04   1.37085E+02  1.45143E-04   1.38106E+02  1.44537E-04   1.38799E+02  1.42649E-04   1.40089E+02  1.40647E-04   1.41362E+02  1.37567E-04   1.42885E+02  1.34803E-04   1.44976E+02  1.31944E-04   1.46755E+02  1.28284E-04   1.49199E+02  1.26376E-04   1.51988E+02  1.23754E-04   1.54930E+02  1.22199E-04   1.58517E+02  1.23806E-04   1.62541E+02  1.24164E-04   1.66059E+02  1.22145E-04   1.69728E+02  1.23878E-04   1.73891E+02  1.26602E-04   1.77769E+02 
 8.65307E-05   3.57487E+02  8.43200E-05   3.54215E+02  7.98184E-05   3.49900E+02  8.14019E-05   3.45290E+02  8.26090E-05   3.41446E+02  8.31268E-05   3.37723E+02  8.52882E-05   3.35160E+02  8.59901E-05   3.32937E+02  8.58721E-05   3.29934E+02  8.64895E-05   3.26755E+02  8.82030E-05   3.24406E+02  9.11936E-05   3.22211E+02  9.42353E-05   3.20827E+02  9.68730E-05   3.20053E+02  9.84789E-05   3.18791E+02  9.82797E-05   3.18211E+02  9.80512E-05   3.17234E+02  9.63134E-05   3.16408E+02  9.47190E-05   3.15870E+02  9.33091E-05   3.15252E+02  9.13132E-05   3.15437E+02  8.99809E-05   3.15165E+02  8.81502E-05   3.15719E+02  8.62195E-05   3.15916E+02  8.37845E-05   3.16403E+02  8.11171E-05   3.16862E+02  7.77066E-05   3.16968E+02  7.41939E-05   3.17472E+02  6.98687E-05   3.17663E+02  6.53972E-05   3.18350E+02  6.02468E-05   3.18252E+02  5.48629E-05   3.18824E+02  4.93296E-05   3.18984E+02  4.35641E-05   3.19673E+02  3.76530E-05   3.19990E+02  3.15349E-05   3.20524E+02  2.53586E-05   3.21773E+02  1.92184E-05   3.22714E+02  1.29238E-05   3.24621E+02  6.51236E-06   3.32266E+02  1.32041E-06   4.57621E+01  6.56987E-06   1.27836E+02  1.29600E-05   1.32574E+02  1.90761E-05   1.34641E+02  2.53132E-05   1.35228E+02  3.13678E-05   1.36044E+02  3.73000E-05   1.35972E+02  4.31185E-05   1.36371E+02  4.85990E-05   1.36687E+02  5.40159E-05   1.36887E+02  5.88741E-05   1.36497E+02  6.40796E-05   1.36794E+02  6.85653E-05   1.36463E+02  7.32115E-05   1.36713E+02  7.76427E-05   1.36679E+02  8.16931E-05   1.36686E+02  8.56694E-05   1.36963E+02  8.87199E-05   1.36731E+02  9.19861E-05   1.36960E+02  9.45040E-05   1.36701E+02  9.58480E-05   1.36856E+02  9.73168E-05   1.36798E+02  9.73811E-05   1.36866E+02  9.71169E-05   1.36944E+02  9.62590E-05   1.37073E+02  9.50565E-05   1.37507E+02  9.43629E-05   1.37832E+02  9.32950E-05   1.39110E+02  9.27457E-05   1.40348E+02  9.19512E-05   1.42083E+02  9.03018E-05   1.44194E+02  8.81443E-05   1.46180E+02  8.69042E-05   1.48866E+02  8.49703E-05   1.51258E+02  8.34315E-05   1.53834E+02  8.38189E-05   1.58022E+02  8.18723E-05   1.62059E+02  8.03017E-05   1.66185E+02  8.22426E-05   1.70932E+02  8.35298E-05   1.74257E+02  8.24030E-05   1.76885E+02 
 4.23158E-05   3.55545E+02  3.91364E-05   3.53646E+02  3.81297E-05   3.50641E+02  3.88761E-05   3.46698E+02  4.12547E-05   3.42975E+02  4.35645E-05   3.38808E+02  4.29736E-05   3.33853E+02  4.35059E-05   3.29077E+02  4.36604E-05   3.27110E+02  4.50588E-05   3.25350E+02  4.61073E-05   3.24098E+02  4.54475E-05   3.22652E+02  4.60314E-05   3.20796E+02  4.50272E-05   3.19500E+02  4.57417E-05   3.18099E+02  4.67926E-05   3.17482E+02  4.75144E-05   3.17128E+02  4.93899E-05   3.16940E+02  5.00328E-05   3.17616E+02  5.04925E-05   3.17330E+02  5.01787E-05   3.17765E+02  4.91254E-05   3.17517E+02  4.78382E-05   3.17198E+02  4.55992E-05   3.17259E+02  4.36946E-05   3.16786E+02  4.11096E-05   3.16854E+02  3.91638E-05   3.16488E+02  3.64495E-05   3.16799E+02  3.42896E-05   3.16191E+02  3.16811E-05   3.16405E+02  2.94094E-05   3.16526E+02  2.67270E-05   3.16261E+02  2.38889E-05   3.15845E+02  2.11801E-05   3.15467E+02  1.82882E-05   3.14466E+02  1.56714E-05   3.14033E+02  1.25642E-05   3.11575E+02  9.59270E-06   3.10216E+02  6.44347E-06   3.07202E+02  3.56623E-06   2.94298E+02  1.40503E-06   2.31676E+02  3.36001E-06   1.60974E+02  6.36462E-06   1.51226E+02  9.65221E-06   1.46779E+02  1.27322E-05   1.44610E+02  1.58794E-05   1.43514E+02  1.89150E-05   1.42543E+02  2.20665E-05   1.42004E+02  2.49291E-05   1.40640E+02  2.78439E-05   1.40118E+02  3.05839E-05   1.39095E+02  3.28670E-05   1.38894E+02  3.55525E-05   1.37682E+02  3.72904E-05   1.37717E+02  3.92725E-05   1.36464E+02  4.07012E-05   1.36492E+02  4.18352E-05   1.35625E+02  4.32164E-05   1.35224E+02  4.38820E-05   1.35227E+02  4.45948E-05   1.34463E+02  4.56827E-05   1.35190E+02  4.61304E-05   1.34304E+02  4.71746E-05   1.35677E+02  4.78442E-05   1.36033E+02  4.89200E-05   1.36707E+02  4.93778E-05   1.38334E+02  4.94722E-05   1.38753E+02  4.87655E-05   1.40579E+02  4.80834E-05   1.41979E+02  4.64973E-05   1.43472E+02  4.55835E-05   1.45813E+02  4.46244E-05   1.46882E+02  4.25855E-05   1.49240E+02  4.21101E-05   1.52147E+02  4.06581E-05   1.54349E+02  4.04165E-05   1.57450E+02  4.26287E-05   1.62309E+02  4.26965E-05   1.65122E+02  4.01392E-05   1.68500E+02  4.11180E-05   1.73562E+02  4.25525E-05   1.77476E+02 
 2.07871E-06   3.58968E+02  1.45929E-06   1.19753E+01  2.09320E-06   1.74993E+02  1.05850E-06   2.55300E+02  1.46413E-06   3.00043E+02  1.35579E-06   2.94126E+02  1.96841E-06   3.41693E+02  2.11125E-06   3.33577E+01  1.85461E-06   7.16260E+01  1.64062E-06   1.21869E+02  1.72707E-06   1.29650E+02  7.22620E-07   1.74504E+02  6.98057E-07   3.08516E+02  2.27191E-06   3.37256E+02  2.74897E-06   3.18352E+02  2.13169E-06   3.31019E+02  1.47073E-06   3.17981E+02  7.83031E-07   1.91305E+02  1.95019E-06   1.69983E+02  3.08609E-06   1.70986E+02  3.24824E-06   1.58520E+02  2.95061E-06   1.65168E+02  2.60057E-06   1.51710E+02  1.64197E-06   1.55688E+02  9.21716E-07   1.39879E+02  4.72562E-07   9.93720E+01  4.02558E-07   3.91401E+01  7.42261E-07   4.29505E-01  6.96054E-07   3.42238E+00  1.17540E-06   1.37228E+01  8.19278E-07   4.65561E+00  1.21818E-06   2.06024E+01  1.02791E-06   2.19042E+01  1.20261E-06   3.00846E+01  1.21154E-06   3.72918E+01  1.19586E-06   4.49168E+01  1.33729E-06   4.90913E+01  1.31891E-06   5.34758E+01  1.31783E-06   4.94749E+01  1.46627E-06   5.48391E+01  1.38624E-06   5.41839E+01  1.31504E-06   5.00236E+01  1.41581E-06   5.13776E+01  1.34174E-06   5.27178E+01  1.36568E-06   4.72038E+01  1.38553E-06   4.71701E+01  1.48462E-06   4.28544E+01  1.29719E-06   4.60029E+01  1.41115E-06   4.38385E+01  1.08065E-06   3.08042E+01  1.24048E-06   2.18276E+01  7.07895E-07   1.12469E+01  7.32175E-07   4.86257E+00  2.21793E-07   3.35093E+01  1.71801E-07   2.19530E+02  3.90576E-07   1.92164E+02  1.31989E-06   1.79439E+02  1.41074E-06   1.73127E+02  2.04928E-06   1.75822E+02  2.13882E-06   1.64785E+02  2.17731E-06   1.75813E+02  2.04047E-06   1.63642E+02  1.14751E-06   1.68240E+02  3.69200E-07   2.07326E+02  9.06067E-07   3.46199E+02  1.83559E-06   3.34430E+02  2.10499E-06   3.54246E+02  1.68223E-06   3.43810E+02  1.11596E-06   2.42029E+00  5.49884E-07   4.18610E+01  6.22522E-08   1.33427E+02  3.15648E-07   5.60310E+01  3.99455E-07   1.58031E+02  6.42306E-07   3.30813E+01  1.27096E-06   6.64530E+01  1.45311E-06   1.48697E+02  2.77868E-07   2.55490E+02  1.40271E-06   3.24383E+02  1.51921E-06   2.61489E+02  9.50107E-07   2.35132E+02  2.06548E-06   2.24973E+01 
 4.20148E-05   1.79065E+02  4.38225E-05   1.73461E+02  4.36476E-05   1.68855E+02  4.25835E-05   1.64789E+02  4.06323E-05   1.60580E+02  3.90736E-05   1.57224E+02  4.06487E-05   1.55340E+02  4.15049E-05   1.53766E+02  4.29918E-05   1.50097E+02  4.35119E-05   1.47065E+02  4.42358E-05   1.44215E+02  4.64910E-05   1.41752E+02  4.76579E-05   1.40743E+02  4.99588E-05   1.39653E+02  5.02772E-05   1.38674E+02  4.99985E-05   1.38043E+02  4.96169E-05   1.37140E+02  4.76136E-05   1.36417E+02  4.65684E-05   1.35302E+02  4.52427E-05   1.35002E+02  4.41595E-05   1.34512E+02  4.35907E-05   1.34766E+02  4.26961E-05   1.35104E+02  4.21972E-05   1.35226E+02  4.11966E-05   1.35864E+02  4.04459E-05   1.36422E+02  3.85047E-05   1.36921E+02  3.72072E-05   1.37242E+02  3.48836E-05   1.38156E+02  3.26874E-05   1.38300E+02  3.03110E-05   1.39239E+02  2.77090E-05   1.39572E+02  2.48740E-05   1.40195E+02  2.19006E-05   1.41015E+02  1.89138E-05   1.41783E+02  1.57440E-05   1.42826E+02  1.28167E-05   1.45168E+02  9.45867E-06   1.47925E+02  6.39448E-06   1.53207E+02  3.33949E-06   1.64986E+02  1.48444E-06   2.35974E+02  3.65058E-06   2.96336E+02  6.77688E-06   3.07175E+02  9.78822E-06   3.10614E+02  1.28590E-05   3.12465E+02  1.57850E-05   3.12995E+02  1.86391E-05   3.13967E+02  2.14307E-05   3.14744E+02  2.43058E-05   3.15491E+02  2.67512E-05   3.15553E+02  2.91678E-05   3.16342E+02  3.18622E-05   3.15932E+02  3.39676E-05   3.17013E+02  3.65934E-05   3.16563E+02  3.86832E-05   3.17215E+02  4.10601E-05   3.17035E+02  4.33060E-05   3.17219E+02  4.50156E-05   3.17358E+02  4.68577E-05   3.17132E+02  4.81712E-05   3.17595E+02  4.87876E-05   3.16935E+02  4.97164E-05   3.17983E+02  4.94466E-05   3.17390E+02  4.91965E-05   3.17705E+02  4.81970E-05   3.17938E+02  4.73276E-05   3.17352E+02  4.64936E-05   3.18307E+02  4.60945E-05   3.18474E+02  4.55329E-05   3.19711E+02  4.55281E-05   3.21490E+02  4.45903E-05   3.22418E+02  4.37359E-05   3.25243E+02  4.39091E-05   3.28231E+02  4.27729E-05   3.31190E+02  4.28186E-05   3.35330E+02  4.19029E-05   3.38925E+02  3.90342E-05   3.41272E+02  3.86393E-05   3.46226E+02  4.15467E-05   3.50843E+02  4.15816E-05   3.53800E+02  4.13380E-05   3.57464E+02 
 8.18247E-05   1.77529E+02  8.13606E-05   1.73421E+02  8.41246E-05   1.69965E+02  8.15142E-05   1.66513E+02  8.06794E-05   1.62642E+02  8.13759E-05   1.58957E+02  8.13631E-05   1.54534E+02  8.36692E-05   1.50493E+02  8.70141E-05   1.47788E+02  9.00509E-05   1.46010E+02  9.18200E-05   1.44052E+02  9.22707E-05   1.42673E+02  9.24045E-05   1.41063E+02  9.22997E-05   1.39376E+02  9.30781E-05   1.38644E+02  9.47120E-05   1.37536E+02  9.55922E-05   1.37228E+02  9.72872E-05   1.37143E+02  9.79878E-05   1.37144E+02  9.80495E-05   1.37181E+02  9.73797E-05   1.36862E+02  9.52657E-05   1.37072E+02  9.28534E-05   1.36548E+02  8.93759E-05   1.36560E+02  8.56451E-05   1.36378E+02  8.16649E-05   1.36262E+02  7.76621E-05   1.36433E+02  7.30045E-05   1.36551E+02  6.87952E-05   1.36802E+02  6.40037E-05   1.36745E+02  5.91621E-05   1.37034E+02  5.39090E-05   1.36782E+02  4.85526E-05   1.37028E+02  4.30517E-05   1.36559E+02  3.73717E-05   1.36630E+02  3.14638E-05   1.36425E+02  2.52984E-05   1.35427E+02  1.92983E-05   1.34215E+02  1.29653E-05   1.32273E+02  6.73993E-06   1.27137E+02  1.46264E-06   5.72993E+01  6.28747E-06   3.32311E+02  1.24238E-05   3.25103E+02  1.88086E-05   3.22990E+02  2.51230E-05   3.21904E+02  3.13151E-05   3.21117E+02  3.75309E-05   3.20631E+02  4.32576E-05   3.19784E+02  4.89777E-05   3.19594E+02  5.45743E-05   3.18998E+02  5.98507E-05   3.18783E+02  6.45875E-05   3.18036E+02  6.94701E-05   3.17685E+02  7.36571E-05   3.17162E+02  7.75987E-05   3.16707E+02  8.09779E-05   3.16341E+02  8.37282E-05   3.15804E+02  8.65663E-05   3.15735E+02  8.87253E-05   3.15327E+02  9.04665E-05   3.15535E+02  9.23986E-05   3.15260E+02  9.35566E-05   3.15591E+02  9.50984E-05   3.15972E+02  9.65496E-05   3.16532E+02  9.76255E-05   3.17504E+02  9.81282E-05   3.18078E+02  9.74676E-05   3.19292E+02  9.62135E-05   3.19919E+02  9.42661E-05   3.21185E+02  9.19720E-05   3.22599E+02  8.99366E-05   3.24075E+02  8.82535E-05   3.26458E+02  8.61274E-05   3.28719E+02  8.51859E-05   3.31973E+02  8.34649E-05   3.35576E+02  8.08718E-05   3.38418E+02  8.18047E-05   3.41828E+02  8.30154E-05   3.45691E+02  8.24059E-05   3.48817E+02  8.26154E-05   3.53201E+02  8.58346E-05   3.58164E+02 
 1.26382E-04   1.78265E+02  1.26326E-04   1.74015E+02  1.25482E-04   1.69794E+02  1.23889E-04   1.65795E+02  1.21945E-04   1.61879E+02  1.21228E-04   1.58280E+02  1.23495E-04   1.55395E+02  1.25487E-04   1.52705E+02  1.28402E-04   1.49478E+02  1.31049E-04   1.46823E+02  1.33629E-04   1.44322E+02  1.37710E-04   1.42319E+02  1.40294E-04   1.41005E+02  1.43690E-04   1.39772E+02  1.45196E-04   1.38792E+02  1.45439E-04   1.37925E+02  1.45417E-04   1.37194E+02  1.43612E-04   1.36713E+02  1.42063E-04   1.36042E+02  1.39884E-04   1.35881E+02  1.37716E-04   1.35759E+02  1.35532E-04   1.35646E+02  1.32520E-04   1.35771E+02  1.29553E-04   1.35893E+02  1.25494E-04   1.36246E+02  1.21406E-04   1.36550E+02  1.15792E-04   1.36732E+02  1.10371E-04   1.37020E+02  1.03571E-04   1.37410E+02  9.68983E-05   1.37554E+02  8.95438E-05   1.38081E+02  8.15083E-05   1.38364E+02  7.32953E-05   1.38746E+02  6.46475E-05   1.39246E+02  5.58753E-05   1.39536E+02  4.67814E-05   1.39649E+02  3.76998E-05   1.40737E+02  2.82922E-05   1.41673E+02  1.89657E-05   1.43616E+02  9.32267E-06   1.48884E+02  1.54516E-06   2.40003E+02  9.92111E-06   3.09797E+02  1.94245E-05   3.14337E+02  2.86391E-05   3.15795E+02  3.79802E-05   3.16461E+02  4.68279E-05   3.16707E+02  5.57534E-05   3.16918E+02  6.45362E-05   3.17060E+02  7.30080E-05   3.17260E+02  8.09491E-05   3.17115E+02  8.84393E-05   3.17206E+02  9.59700E-05   3.16949E+02  1.02902E-04   3.17120E+02  1.09844E-04   3.16741E+02  1.15930E-04   3.16807E+02  1.21862E-04   3.16670E+02  1.27161E-04   3.16604E+02  1.31983E-04   3.16565E+02  1.36397E-04   3.16423E+02  1.40027E-04   3.16622E+02  1.42630E-04   3.16472E+02  1.44795E-04   3.16902E+02  1.45345E-04   3.16804E+02  1.45579E-04   3.17165E+02  1.44483E-04   3.17607E+02  1.43124E-04   3.17719E+02  1.41532E-04   3.18666E+02  1.40271E-04   3.19411E+02  1.38305E-04   3.20616E+02  1.36457E-04   3.22280E+02  1.33947E-04   3.23777E+02  1.31453E-04   3.26248E+02  1.29805E-04   3.28942E+02  1.27203E-04   3.31861E+02  1.25471E-04   3.35290E+02  1.23832E-04   3.38738E+02  1.20553E-04   3.42173E+02  1.19781E-04   3.46367E+02  1.23414E-04   3.50428E+02  1.24437E-04   3.54060E+02  1.25679E-04   3.57891E+02 
 1.65623E-04   1.78166E+02  1.64085E-04   1.74324E+02  1.65638E-04   1.70625E+02  1.62731E-04   1.66859E+02  1.62105E-04   1.62889E+02  1.62840E-04   1.59177E+02  1.63576E-04   1.55097E+02  1.67072E-04   1.51499E+02  1.71820E-04   1.48836E+02  1.76389E-04   1.46638E+02  1.79787E-04   1.44605E+02  1.81888E-04   1.42898E+02  1.83648E-04   1.41243E+02  1.85167E-04   1.39741E+02  1.87031E-04   1.38774E+02  1.89504E-04   1.37894E+02  1.90895E-04   1.37453E+02  1.92419E-04   1.37103E+02  1.92790E-04   1.36892E+02  1.91657E-04   1.36767E+02  1.89568E-04   1.36521E+02  1.85851E-04   1.36579E+02  1.81014E-04   1.36398E+02  1.75259E-04   1.36474E+02  1.68643E-04   1.36385E+02  1.61131E-04   1.36398E+02  1.53756E-04   1.36654E+02  1.45166E-04   1.36658E+02  1.36748E-04   1.36838E+02  1.27186E-04   1.36928E+02  1.17415E-04   1.37139E+02  1.07033E-04   1.37202E+02  9.64084E-05   1.37326E+02  8.54296E-05   1.37295E+02  7.39337E-05   1.37373E+02  6.21640E-05   1.37300E+02  5.00119E-05   1.36898E+02  3.79082E-05   1.36314E+02  2.53857E-05   1.35499E+02  1.29962E-05   1.31814E+02  1.51184E-06   5.72826E+01  1.24317E-05   3.24843E+02  2.48414E-05   3.21875E+02  3.75061E-05   3.20664E+02  4.99448E-05   3.20170E+02  6.21058E-05   3.19715E+02  7.42106E-05   3.19457E+02  8.58089E-05   3.19055E+02  9.69655E-05   3.18672E+02  1.07812E-04   3.18362E+02  1.18449E-04   3.18179E+02  1.28146E-04   3.17717E+02  1.37421E-04   3.17412E+02  1.45952E-04   3.16990E+02  1.53978E-04   3.16725E+02  1.60958E-04   3.16429E+02  1.67362E-04   3.16143E+02  1.73102E-04   3.16033E+02  1.77509E-04   3.15799E+02  1.81186E-04   3.15849E+02  1.84649E-04   3.15776E+02  1.86938E-04   3.16044E+02  1.89356E-04   3.16318E+02  1.91124E-04   3.16754E+02  1.92102E-04   3.17415E+02  1.92364E-04   3.18110E+02  1.91073E-04   3.19139E+02  1.88720E-04   3.20044E+02  1.85510E-04   3.21393E+02  1.81618E-04   3.22759E+02  1.77943E-04   3.24511E+02  1.74963E-04   3.26860E+02  1.70992E-04   3.29336E+02  1.68318E-04   3.32494E+02  1.65715E-04   3.35843E+02  1.61812E-04   3.39042E+02  1.62137E-04   3.42604E+02  1.63983E-04   3.46444E+02  1.64090E-04   3.49935E+02  1.65193E-04   3.54067E+02  1.69594E-04   3.58357E+02 
 2.10643E-04   1.78746E+02  2.08022E-04   1.74822E+02  2.06435E-04   1.70699E+02  2.04527E-04   1.66754E+02  2.02043E-04   1.62929E+02  2.01909E-04   1.59258E+02  2.04889E-04   1.56154E+02  2.07678E-04   1.53169E+02  2.11631E-04   1.49969E+02  2.15835E-04   1.47309E+02  2.20381E-04   1.44849E+02  2.26370E-04   1.42952E+02  2.30521E-04   1.41491E+02  2.34788E-04   1.40142E+02  2.37062E-04   1.39122E+02  2.37696E-04   1.38204E+02  2.37917E-04   1.37471E+02  2.36115E-04   1.36946E+02  2.34197E-04   1.36363E+02  2.31646E-04   1.36181E+02  2.28407E-04   1.36015E+02  2.24854E-04   1.35926E+02  2.20123E-04   1.36066E+02  2.14530E-04   1.36108E+02  2.07717E-04   1.36324E+02  2.00357E-04   1.36512E+02  1.91178E-04   1.36678E+02  1.81931E-04   1.36947E+02  1.70752E-04   1.37267E+02  1.59525E-04   1.37473E+02  1.47195E-04   1.37797E+02  1.34123E-04   1.38138E+02  1.20692E-04   1.38522E+02  1.06487E-04   1.38727E+02  9.21369E-05   1.39011E+02  7.72599E-05   1.39263E+02  6.23744E-05   1.39865E+02  4.68460E-05   1.40510E+02  3.12400E-05   1.41797E+02  1.54297E-05   1.44370E+02  1.52097E-06   2.36647E+02  1.60591E-05   3.12954E+02  3.17902E-05   3.15677E+02  4.70418E-05   3.16693E+02  6.25655E-05   3.17193E+02  7.74424E-05   3.17342E+02  9.20934E-05   3.17388E+02  1.06290E-04   3.17301E+02  1.20197E-04   3.17395E+02  1.33535E-04   3.17183E+02  1.46050E-04   3.17210E+02  1.58358E-04   3.16969E+02  1.69955E-04   3.17007E+02  1.80945E-04   3.16762E+02  1.90733E-04   3.16686E+02  2.00165E-04   3.16540E+02  2.08697E-04   3.16489E+02  2.16384E-04   3.16444E+02  2.23091E-04   3.16343E+02  2.28728E-04   3.16484E+02  2.33137E-04   3.16428E+02  2.36803E-04   3.16782E+02  2.38171E-04   3.16844E+02  2.38885E-04   3.17240E+02  2.37861E-04   3.17758E+02  2.35925E-04   3.18112E+02  2.33546E-04   3.19073E+02  2.31060E-04   3.19918E+02  2.27898E-04   3.21189E+02  2.24619E-04   3.22856E+02  2.20641E-04   3.24538E+02  2.16457E-04   3.27037E+02  2.13320E-04   3.29655E+02  2.09599E-04   3.32582E+02  2.06592E-04   3.36015E+02  2.04687E-04   3.39465E+02  2.01465E-04   3.43105E+02  2.00656E-04   3.47069E+02  2.04631E-04   3.51031E+02  2.06949E-04   3.54872E+02  2.10092E-04   3.58568E+02 
 2.49312E-04   1.79008E+02  2.46044E-04   1.75300E+02  2.46747E-04   1.71614E+02  2.43202E-04   1.67876E+02  2.41991E-04   1.63904E+02  2.42127E-04   1.60101E+02  2.43250E-04   1.56147E+02  2.47719E-04   1.52745E+02  2.53636E-04   1.49928E+02  2.59552E-04   1.47533E+02  2.63951E-04   1.45437E+02  2.67680E-04   1.43538E+02  2.70876E-04   1.41858E+02  2.73787E-04   1.40341E+02  2.76931E-04   1.39232E+02  2.80112E-04   1.38307E+02  2.82249E-04   1.37699E+02  2.83799E-04   1.37285E+02  2.83617E-04   1.36994E+02  2.81466E-04   1.36778E+02  2.77625E-04   1.36528E+02  2.72200E-04   1.36483E+02  2.65382E-04   1.36341E+02  2.57625E-04   1.36393E+02  2.48135E-04   1.36351E+02  2.37732E-04   1.36413E+02  2.26869E-04   1.36548E+02  2.14518E-04   1.36627E+02  2.02193E-04   1.36848E+02  1.88044E-04   1.36921E+02  1.73825E-04   1.37153E+02  1.58779E-04   1.37154E+02  1.42876E-04   1.37280E+02  1.26423E-04   1.37381E+02  1.09586E-04   1.37422E+02  9.21533E-05   1.37383E+02  7.41407E-05   1.37156E+02  5.59534E-05   1.36798E+02  3.74805E-05   1.35993E+02  1.91095E-05   1.33431E+02  1.46397E-06   5.84543E+01  1.84652E-05   3.23122E+02  3.70404E-05   3.21076E+02  5.56324E-05   3.19814E+02  7.38271E-05   3.19422E+02  9.18063E-05   3.19131E+02  1.09389E-04   3.18886E+02  1.26635E-04   3.18714E+02  1.43285E-04   3.18388E+02  1.59207E-04   3.18077E+02  1.74790E-04   3.17822E+02  1.89240E-04   3.17496E+02  2.03237E-04   3.17342E+02  2.15825E-04   3.16958E+02  2.27747E-04   3.16739E+02  2.38319E-04   3.16493E+02  2.47686E-04   3.16271E+02  2.56091E-04   3.16155E+02  2.62884E-04   3.16037E+02  2.68608E-04   3.16121E+02  2.73552E-04   3.16121E+02  2.76979E-04   3.16353E+02  2.79856E-04   3.16624E+02  2.81835E-04   3.17127E+02  2.82586E-04   3.17711E+02  2.82568E-04   3.18463E+02  2.80847E-04   3.19485E+02  2.77656E-04   3.20445E+02  2.73207E-04   3.21856E+02  2.68007E-04   3.23393E+02  2.62710E-04   3.25357E+02  2.58377E-04   3.27727E+02  2.52853E-04   3.30280E+02  2.48929E-04   3.33444E+02  2.45580E-04   3.36751E+02  2.40851E-04   3.40050E+02  2.41132E-04   3.43686E+02  2.43922E-04   3.47598E+02  2.45291E-04   3.51141E+02  2.47270E-04   3.55133E+02  2.53244E-04   3.59114E+02 
 2.94935E-04   1.79589E+02  2.89087E-04   1.75908E+02  2.86111E-04   1.71929E+02  2.83857E-04   1.68095E+02  2.80677E-04   1.64337E+02  2.80722E-04   1.60622E+02  2.83667E-04   1.57410E+02  2.86459E-04   1.54196E+02  2.91540E-04   1.50953E+02  2.97370E-04   1.48254E+02  3.03513E-04   1.45781E+02  3.10551E-04   1.43784E+02  3.16020E-04   1.42192E+02  3.21162E-04   1.40780E+02  3.24042E-04   1.39636E+02  3.25306E-04   1.38661E+02  3.25490E-04   1.37843E+02  3.23546E-04   1.37250E+02  3.21703E-04   1.36719E+02  3.18727E-04   1.36458E+02  3.14725E-04   1.36254E+02  3.09787E-04   1.36166E+02  3.03416E-04   1.36219E+02  2.95818E-04   1.36230E+02  2.86284E-04   1.36409E+02  2.75768E-04   1.36527E+02  2.63128E-04   1.36712E+02  2.49935E-04   1.36918E+02  2.34687E-04   1.37161E+02  2.19202E-04   1.37393E+02  2.02119E-04   1.37637E+02  1.84268E-04   1.37877E+02  1.65795E-04   1.38145E+02  1.46433E-04   1.38366E+02  1.26631E-04   1.38664E+02  1.06074E-04   1.38899E+02  8.55597E-05   1.39458E+02  6.42102E-05   1.39792E+02  4.29006E-05   1.40601E+02  2.12466E-05   1.43102E+02  1.66708E-06   2.42123E+02  2.20826E-05   3.14532E+02  4.37851E-05   3.16253E+02  6.48942E-05   3.16971E+02  8.61240E-05   3.17390E+02  1.06768E-04   3.17402E+02  1.26947E-04   3.17402E+02  1.46753E-04   3.17307E+02  1.65819E-04   3.17358E+02  1.83936E-04   3.17163E+02  2.01439E-04   3.17110E+02  2.18311E-04   3.16882E+02  2.33887E-04   3.16833E+02  2.48766E-04   3.16609E+02  2.62154E-04   3.16570E+02  2.74953E-04   3.16445E+02  2.86611E-04   3.16375E+02  2.96573E-04   3.16386E+02  3.05641E-04   3.16362E+02  3.13204E-04   3.16504E+02  3.18935E-04   3.16538E+02  3.23942E-04   3.16877E+02  3.26108E-04   3.17069E+02  3.27182E-04   3.17544E+02  3.26356E-04   3.18104E+02  3.24143E-04   3.18614E+02  3.20819E-04   3.19605E+02  3.16746E-04   3.20558E+02  3.12353E-04   3.21919E+02  3.07860E-04   3.23658E+02  3.02938E-04   3.25529E+02  2.97498E-04   3.28041E+02  2.93009E-04   3.30746E+02  2.88416E-04   3.33803E+02  2.84561E-04   3.37167E+02  2.82582E-04   3.40627E+02  2.80308E-04   3.44378E+02  2.80327E-04   3.48284E+02  2.84782E-04   3.52201E+02  2.88774E-04   3.56024E+02  2.94134E-04   3.59585E+02 
 3.32911E-04   1.80242E+02  3.27486E-04   1.76699E+02  3.26404E-04   1.73005E+02  3.21924E-04   1.69239E+02  3.20139E-04   1.65303E+02  3.19276E-04   1.61452E+02  3.20291E-04   1.57562E+02  3.25244E-04   1.54230E+02  3.31107E-04   1.51323E+02  3.37874E-04   1.48802E+02  3.43094E-04   1.46548E+02  3.47921E-04   1.44415E+02  3.52438E-04   1.42631E+02  3.56715E-04   1.41093E+02  3.61467E-04   1.39930E+02  3.65241E-04   1.38948E+02  3.68147E-04   1.38243E+02  3.69578E-04   1.37716E+02  3.68611E-04   1.37277E+02  3.65715E-04   1.36975E+02  3.60424E-04   1.36696E+02  3.53693E-04   1.36559E+02  3.44784E-04   1.36392E+02  3.34633E-04   1.36374E+02  3.22845E-04   1.36362E+02  3.09984E-04   1.36425E+02  2.96246E-04   1.36491E+02  2.80316E-04   1.36582E+02  2.64367E-04   1.36744E+02  2.46215E-04   1.36793E+02  2.27594E-04   1.37009E+02  2.07764E-04   1.37018E+02  1.87151E-04   1.37172E+02  1.65666E-04   1.37260E+02  1.43513E-04   1.37291E+02  1.20522E-04   1.37359E+02  9.71623E-05   1.37218E+02  7.34609E-05   1.36926E+02  4.91720E-05   1.36347E+02  2.50107E-05   1.34588E+02  1.59652E-06   6.48533E+01  2.40125E-05   3.21953E+02  4.82165E-05   3.20150E+02  7.26150E-05   3.19434E+02  9.64326E-05   3.19013E+02  1.19706E-04   3.18804E+02  1.42755E-04   3.18528E+02  1.65026E-04   3.18332E+02  1.86781E-04   3.18060E+02  2.07783E-04   3.17769E+02  2.27994E-04   3.17599E+02  2.46800E-04   3.17301E+02  2.65052E-04   3.17137E+02  2.81415E-04   3.16869E+02  2.97155E-04   3.16720E+02  3.11116E-04   3.16507E+02  3.23398E-04   3.16366E+02  3.34278E-04   3.16268E+02  3.43208E-04   3.16229E+02  3.50727E-04   3.16324E+02  3.56801E-04   3.16402E+02  3.60972E-04   3.16691E+02  3.64347E-04   3.16974E+02  3.66534E-04   3.17541E+02  3.67111E-04   3.18147E+02  3.66741E-04   3.18972E+02  3.64474E-04   3.20072E+02  3.60604E-04   3.21124E+02  3.55362E-04   3.22688E+02  3.48994E-04   3.24345E+02  3.42692E-04   3.26422E+02  3.37370E-04   3.28932E+02  3.30889E-04   3.31590E+02  3.26594E-04   3.34783E+02  3.22753E-04   3.38147E+02  3.17812E-04   3.41496E+02  3.18478E-04   3.45171E+02  3.22821E-04   3.49044E+02  3.25855E-04   3.52571E+02  3.28832E-04   3.56483E+02  3.36819E-04   2.05504E-01 
 3.79501E-04   1.80832E+02  3.69598E-04   1.77411E+02  3.65044E-04   1.73524E+02  3.61997E-04   1.69739E+02  3.57473E-04   1.66079E+02  3.57096E-04   1.62430E+02  3.59125E-04   1.59043E+02  3.61214E-04   1.55646E+02  3.66401E-04   1.52329E+02  3.72855E-04   1.49516E+02  3.80557E-04   1.46999E+02  3.88887E-04   1.44918E+02  3.95058E-04   1.43204E+02  4.00669E-04   1.41665E+02  4.03460E-04   1.40368E+02  4.05091E-04   1.39282E+02  4.05657E-04   1.38385E+02  4.04339E-04   1.37721E+02  4.02668E-04   1.37136E+02  3.99451E-04   1.36844E+02  3.94991E-04   1.36598E+02  3.88897E-04   1.36456E+02  3.80856E-04   1.36419E+02  3.71179E-04   1.36381E+02  3.59322E-04   1.36477E+02  3.45858E-04   1.36507E+02  3.29844E-04   1.36690E+02  3.13277E-04   1.36850E+02  2.94445E-04   1.37052E+02  2.74683E-04   1.37222E+02  2.53471E-04   1.37421E+02  2.31197E-04   1.37677E+02  2.07962E-04   1.37891E+02  1.83771E-04   1.38083E+02  1.58777E-04   1.38326E+02  1.33153E-04   1.38474E+02  1.07330E-04   1.38874E+02  8.06512E-05   1.39214E+02  5.39075E-05   1.39911E+02  2.65128E-05   1.41492E+02  1.69486E-06   2.53908E+02  2.78992E-05   3.15311E+02  5.50710E-05   3.16764E+02  8.17059E-05   3.17055E+02  1.08393E-04   3.17295E+02  1.34438E-04   3.17277E+02  1.59933E-04   3.17347E+02  1.84618E-04   3.17298E+02  2.08701E-04   3.17206E+02  2.31596E-04   3.17037E+02  2.53450E-04   3.16969E+02  2.74538E-04   3.16787E+02  2.93740E-04   3.16732E+02  3.12354E-04   3.16547E+02  3.29103E-04   3.16521E+02  3.44677E-04   3.16420E+02  3.58876E-04   3.16436E+02  3.71065E-04   3.16431E+02  3.82212E-04   3.16480E+02  3.91493E-04   3.16673E+02  3.98614E-04   3.16792E+02  4.04538E-04   3.17172E+02  4.07630E-04   3.17470E+02  4.09150E-04   3.18037E+02  4.08313E-04   3.18665E+02  4.05827E-04   3.19343E+02  4.01501E-04   3.20346E+02  3.96529E-04   3.21468E+02  3.90892E-04   3.22980E+02  3.85302E-04   3.24827E+02  3.79793E-04   3.26919E+02  3.73476E-04   3.29476E+02  3.68272E-04   3.32306E+02  3.63449E-04   3.35445E+02  3.58962E-04   3.38788E+02  3.57632E-04   3.42310E+02  3.57569E-04   3.46066E+02  3.58767E-04   3.49925E+02  3.63758E-04   3.53755E+02  3.69936E-04   3.57526E+02  3.78424E-04   9.14031E-01 
 4.17098E-04   1.81685E+02  4.09201E-04   1.78347E+02  4.05086E-04   1.74764E+02  3.99278E-04   1.70995E+02  3.96328E-04   1.67125E+02  3.93495E-04   1.63303E+02  3.93742E-04   1.59477E+02  3.98544E-04   1.56172E+02  4.03688E-04   1.53128E+02  4.10414E-04   1.50381E+02  4.15686E-04   1.47975E+02  4.21326E-04   1.45701E+02  4.27579E-04   1.43796E+02  4.33103E-04   1.42171E+02  4.39179E-04   1.40849E+02  4.43344E-04   1.39774E+02  4.46573E-04   1.38961E+02  4.47585E-04   1.38278E+02  4.45841E-04   1.37778E+02  4.42228E-04   1.37350E+02  4.35702E-04   1.36987E+02  4.28017E-04   1.36789E+02  4.17428E-04   1.36568E+02  4.05569E-04   1.36504E+02  3.91945E-04   1.36451E+02  3.76474E-04   1.36451E+02  3.60103E-04   1.36472E+02  3.41226E-04   1.36521E+02  3.21835E-04   1.36640E+02  2.99975E-04   1.36678E+02  2.77524E-04   1.36865E+02  2.53312E-04   1.36906E+02  2.28305E-04   1.37008E+02  2.01856E-04   1.37051E+02  1.74901E-04   1.37126E+02  1.47118E-04   1.37219E+02  1.18466E-04   1.37061E+02  8.94327E-05   1.36932E+02  5.98749E-05   1.36530E+02  3.04756E-05   1.35184E+02  1.56000E-06   7.06186E+01  2.92754E-05   3.20907E+02  5.87913E-05   3.19341E+02  8.83800E-05   3.18917E+02  1.17282E-04   3.18538E+02  1.45731E-04   3.18435E+02  1.73810E-04   3.18130E+02  2.00949E-04   3.17914E+02  2.27429E-04   3.17792E+02  2.52904E-04   3.17562E+02  2.77475E-04   3.17411E+02  3.00122E-04   3.17152E+02  3.22129E-04   3.17018E+02  3.42109E-04   3.16833E+02  3.61038E-04   3.16718E+02  3.77748E-04   3.16556E+02  3.92639E-04   3.16501E+02  4.05840E-04   3.16448E+02  4.16979E-04   3.16487E+02  4.25970E-04   3.16600E+02  4.33059E-04   3.16740E+02  4.37966E-04   3.17119E+02  4.41547E-04   3.17480E+02  4.43657E-04   3.18096E+02  4.43913E-04   3.18785E+02  4.43006E-04   3.19667E+02  4.40404E-04   3.20854E+02  4.36100E-04   3.22101E+02  4.30463E-04   3.23827E+02  4.23555E-04   3.25656E+02  4.16435E-04   3.27879E+02  4.10512E-04   3.30505E+02  4.03742E-04   3.33282E+02  3.99062E-04   3.36533E+02  3.95901E-04   3.39937E+02  3.92392E-04   3.43360E+02  3.93883E-04   3.47071E+02  4.00036E-04   3.50865E+02  4.05360E-04   3.54399E+02  4.10499E-04   3.58167E+02  4.20873E-04   1.60689E+00 
 4.64415E-04   1.82321E+02  4.49784E-04   1.79137E+02  4.42992E-04   1.75473E+02  4.38412E-04   1.71870E+02  4.32572E-04   1.68263E+02  4.31133E-04   1.64608E+02  4.30670E-04   1.61084E+02  4.31466E-04   1.57575E+02  4.36391E-04   1.54185E+02  4.42952E-04   1.51219E+02  4.51204E-04   1.48653E+02  4.59762E-04   1.46451E+02  4.66060E-04   1.44545E+02  4.71658E-04   1.42823E+02  4.74995E-04   1.41395E+02  4.77197E-04   1.40203E+02  4.78100E-04   1.39158E+02  4.77641E-04   1.38406E+02  4.75801E-04   1.37727E+02  4.72431E-04   1.37341E+02  4.67443E-04   1.37008E+02  4.59962E-04   1.36772E+02  4.50821E-04   1.36706E+02  4.39213E-04   1.36588E+02  4.25276E-04   1.36623E+02  4.09321E-04   1.36622E+02  3.90698E-04   1.36723E+02  3.70771E-04   1.36826E+02  3.48571E-04   1.36993E+02  3.25332E-04   1.37138E+02  3.00419E-04   1.37325E+02  2.74226E-04   1.37492E+02  2.46694E-04   1.37646E+02  2.18130E-04   1.37830E+02  1.88595E-04   1.37999E+02  1.58361E-04   1.38138E+02  1.27472E-04   1.38368E+02  9.58931E-05   1.38540E+02  6.40209E-05   1.39073E+02  3.17146E-05   1.40124E+02  1.34800E-06   2.60634E+02  3.30971E-05   3.16169E+02  6.51616E-05   3.16983E+02  9.69606E-05   3.17060E+02  1.28668E-04   3.17282E+02  1.59623E-04   3.17215E+02  1.89887E-04   3.17226E+02  2.19248E-04   3.17197E+02  2.47775E-04   3.17096E+02  2.74976E-04   3.16940E+02  3.00703E-04   3.16820E+02  3.25659E-04   3.16709E+02  3.48547E-04   3.16667E+02  3.70302E-04   3.16526E+02  3.90063E-04   3.16514E+02  4.08190E-04   3.16455E+02  4.24565E-04   3.16529E+02  4.38790E-04   3.16583E+02  4.51488E-04   3.16744E+02  4.61975E-04   3.16958E+02  4.70352E-04   3.17199E+02  4.76987E-04   3.17635E+02  4.80782E-04   3.18043E+02  4.82741E-04   3.18718E+02  4.81964E-04   3.19419E+02  4.79205E-04   3.20303E+02  4.74233E-04   3.21404E+02  4.68621E-04   3.22713E+02  4.62081E-04   3.24387E+02  4.55549E-04   3.26338E+02  4.49965E-04   3.28659E+02  4.43692E-04   3.31305E+02  4.38414E-04   3.34230E+02  4.34188E-04   3.37453E+02  4.30034E-04   3.40824E+02  4.30073E-04   3.44407E+02  4.33327E-04   3.48178E+02  4.36424E-04   3.51945E+02  4.42142E-04   3.55674E+02  4.51123E-04   3.59303E+02  4.62927E-04   2.46774E+00 
 5.02759E-04   1.83375E+02  4.91467E-04   1.80224E+02  4.82766E-04   1.76794E+02  4.75258E-04   1.73087E+02  4.70380E-04   1.69345E+02  4.65337E-04   1.65560E+02  4.64451E-04   1.61799E+02  4.67562E-04   1.58532E+02  4.70802E-04   1.55362E+02  4.76469E-04   1.52395E+02  4.81297E-04   1.49800E+02  4.87577E-04   1.47371E+02  4.94865E-04   1.45332E+02  5.01493E-04   1.43600E+02  5.08487E-04   1.42106E+02  5.13044E-04   1.40892E+02  5.16137E-04   1.39899E+02  5.16473E-04   1.39061E+02  5.14024E-04   1.38430E+02  5.09736E-04   1.37840E+02  5.02477E-04   1.37413E+02  4.93661E-04   1.37134E+02  4.81867E-04   1.36841E+02  4.68921E-04   1.36699E+02  4.53460E-04   1.36580E+02  4.36188E-04   1.36522E+02  4.17393E-04   1.36541E+02  3.95796E-04   1.36537E+02  3.73598E-04   1.36580E+02  3.48467E-04   1.36591E+02  3.22488E-04   1.36682E+02  2.94364E-04   1.36743E+02  2.65309E-04   1.36852E+02  2.34711E-04   1.36871E+02  2.03328E-04   1.36967E+02  1.70744E-04   1.37050E+02  1.37561E-04   1.36925E+02  1.03838E-04   1.36980E+02  6.95474E-05   1.36763E+02  3.51256E-05   1.35779E+02  1.15033E-06   6.45945E+01  3.42551E-05   3.19671E+02  6.87414E-05   3.18645E+02  1.03017E-04   3.18391E+02  1.36608E-04   3.18068E+02  1.69726E-04   3.17988E+02  2.02228E-04   3.17785E+02  2.33613E-04   3.17640E+02  2.64192E-04   3.17508E+02  2.93308E-04   3.17353E+02  3.21546E-04   3.17267E+02  3.47986E-04   3.17091E+02  3.73292E-04   3.17010E+02  3.96290E-04   3.16850E+02  4.17920E-04   3.16787E+02  4.37258E-04   3.16708E+02  4.54633E-04   3.16734E+02  4.69943E-04   3.16736E+02  4.82707E-04   3.16864E+02  4.93021E-04   3.17069E+02  5.01276E-04   3.17328E+02  5.06604E-04   3.17772E+02  5.10221E-04   3.18203E+02  5.12017E-04   3.18900E+02  5.12003E-04   3.19680E+02  5.10631E-04   3.20687E+02  5.07374E-04   3.22001E+02  5.03089E-04   3.23418E+02  4.97756E-04   3.25320E+02  4.91334E-04   3.27365E+02  4.84015E-04   3.29768E+02  4.77717E-04   3.32529E+02  4.71550E-04   3.35443E+02  4.67291E-04   3.38747E+02  4.65428E-04   3.42161E+02  4.64915E-04   3.45666E+02  4.67822E-04   3.49377E+02  4.75612E-04   3.53054E+02  4.83765E-04   3.56514E+02  4.92192E-04   8.03428E-02  5.05223E-04   3.23918E+00 
 5.49465E-04   1.84075E+02  5.30428E-04   1.81150E+02  5.20927E-04   1.77721E+02  5.13723E-04   1.74272E+02  5.06238E-04   1.70760E+02  5.02556E-04   1.67193E+02  4.98664E-04   1.63553E+02  4.97781E-04   1.59955E+02  5.01692E-04   1.56576E+02  5.07665E-04   1.53481E+02  5.15624E-04   1.50773E+02  5.22993E-04   1.48384E+02  5.28762E-04   1.46258E+02  5.33684E-04   1.44398E+02  5.37380E-04   1.42785E+02  5.39781E-04   1.41383E+02  5.41169E-04   1.40226E+02  5.41723E-04   1.39386E+02  5.39978E-04   1.38615E+02  5.36804E-04   1.38105E+02  5.31168E-04   1.37662E+02  5.22749E-04   1.37328E+02  5.12323E-04   1.37163E+02  4.98667E-04   1.36967E+02  4.83030E-04   1.36939E+02  4.64541E-04   1.36868E+02  4.43908E-04   1.36894E+02  4.21380E-04   1.36935E+02  3.96312E-04   1.37032E+02  3.69989E-04   1.37126E+02  3.41747E-04   1.37249E+02  3.12363E-04   1.37368E+02  2.81167E-04   1.37474E+02  2.48831E-04   1.37598E+02  2.15262E-04   1.37662E+02  1.80963E-04   1.37711E+02  1.45737E-04   1.37861E+02  1.09790E-04   1.37944E+02  7.32886E-05   1.38186E+02  3.64972E-05   1.38715E+02  6.47829E-07   2.46158E+02  3.71715E-05   3.16727E+02  7.39849E-05   3.17189E+02  1.10416E-04   3.17215E+02  1.46510E-04   3.17309E+02  1.81821E-04   3.17180E+02  2.16277E-04   3.17111E+02  2.49850E-04   3.17065E+02  2.82354E-04   3.16932E+02  3.13474E-04   3.16872E+02  3.42945E-04   3.16782E+02  3.71084E-04   3.16663E+02  3.97202E-04   3.16639E+02  4.21827E-04   3.16577E+02  4.43982E-04   3.16609E+02  4.64159E-04   3.16631E+02  4.82383E-04   3.16754E+02  4.98082E-04   3.16861E+02  5.11862E-04   3.17106E+02  5.23229E-04   3.17376E+02  5.32591E-04   3.17765E+02  5.39794E-04   3.18270E+02  5.44205E-04   3.18811E+02  5.46486E-04   3.19605E+02  5.45819E-04   3.20428E+02  5.43326E-04   3.21542E+02  5.38376E-04   3.22788E+02  5.32217E-04   3.24324E+02  5.25354E-04   3.26206E+02  5.18410E-04   3.28304E+02  5.13184E-04   3.30825E+02  5.07413E-04   3.33583E+02  5.02658E-04   3.36614E+02  5.00313E-04   3.39914E+02  4.98078E-04   3.43303E+02  4.99935E-04   3.46890E+02  5.06990E-04   3.50606E+02  5.13117E-04   3.54240E+02  5.20406E-04   3.57855E+02  5.32340E-04   1.30916E+00  5.48009E-04   4.22692E+00 
 5.90052E-04   1.85221E+02  5.74356E-04   1.82292E+02  5.60010E-04   1.79096E+02  5.50198E-04   1.75507E+02  5.42471E-04   1.71906E+02  5.35432E-04   1.68271E+02  5.32598E-04   1.64630E+02  5.32329E-04   1.61291E+02  5.32647E-04   1.57987E+02  5.36237E-04   1.54861E+02  5.40205E-04   1.52092E+02  5.46629E-04   1.49488E+02  5.54139E-04   1.47290E+02  5.61309E-04   1.45392E+02  5.68194E-04   1.43723E+02  5.72644E-04   1.42335E+02  5.75053E-04   1.41134E+02  5.74570E-04   1.40118E+02  5.72028E-04   1.39324E+02  5.66840E-04   1.38624E+02  5.59030E-04   1.38083E+02  5.49690E-04   1.37650E+02  5.37259E-04   1.37303E+02  5.23417E-04   1.37079E+02  5.06530E-04   1.36887E+02  4.87901E-04   1.36754E+02  4.67204E-04   1.36704E+02  4.43576E-04   1.36647E+02  4.18698E-04   1.36632E+02  3.90658E-04   1.36630E+02  3.61483E-04   1.36694E+02  3.30184E-04   1.36737E+02  2.97569E-04   1.36819E+02  2.63213E-04   1.36920E+02  2.28054E-04   1.36976E+02  1.91240E-04   1.37064E+02  1.54167E-04   1.37056E+02  1.16247E-04   1.37128E+02  7.78222E-05   1.37171E+02  3.91420E-05   1.36750E+02  5.37557E-07   3.53179E+01  3.90729E-05   3.18390E+02  7.76539E-05   3.17931E+02  1.16094E-04   3.17737E+02  1.53968E-04   3.17556E+02  1.90948E-04   3.17576E+02  2.27380E-04   3.17447E+02  2.62303E-04   3.17405E+02  2.96367E-04   3.17313E+02  3.29102E-04   3.17228E+02  3.60388E-04   3.17169E+02  3.89488E-04   3.17070E+02  4.17589E-04   3.17046E+02  4.43269E-04   3.16988E+02  4.67312E-04   3.16996E+02  4.88884E-04   3.16991E+02  5.07908E-04   3.17095E+02  5.24896E-04   3.17193E+02  5.38931E-04   3.17444E+02  5.50344E-04   3.17720E+02  5.59601E-04   3.18086E+02  5.65489E-04   3.18598E+02  5.69375E-04   3.19191E+02  5.70705E-04   3.20006E+02  5.70321E-04   3.20920E+02  5.68538E-04   3.22112E+02  5.65040E-04   3.23550E+02  5.61189E-04   3.25199E+02  5.56092E-04   3.27288E+02  5.50918E-04   3.29532E+02  5.44526E-04   3.32156E+02  5.38836E-04   3.35035E+02  5.34426E-04   3.38066E+02  5.31585E-04   3.41410E+02  5.31969E-04   3.44860E+02  5.35646E-04   3.48415E+02  5.41045E-04   3.52028E+02  5.50246E-04   3.55564E+02  5.61591E-04   3.58909E+02  5.74676E-04   2.17176E+00  5.90622E-04   5.08198E+00 
 6.34766E-04   1.86038E+02  6.13191E-04   1.83312E+02  5.99860E-04   1.80223E+02  5.88334E-04   1.76972E+02  5.78521E-04   1.73538E+02  5.71859E-04   1.70063E+02  5.64245E-04   1.66418E+02  5.61513E-04   1.62787E+02  5.63097E-04   1.59431E+02  5.66782E-04   1.56212E+02  5.72669E-04   1.53354E+02  5.77698E-04   1.50819E+02  5.82450E-04   1.48440E+02  5.86349E-04   1.46401E+02  5.90034E-04   1.44587E+02  5.93081E-04   1.43006E+02  5.94886E-04   1.41709E+02  5.96262E-04   1.40664E+02  5.94359E-04   1.39775E+02  5.91167E-04   1.39135E+02  5.84854E-04   1.38550E+02  5.75557E-04   1.38104E+02  5.63818E-04   1.37801E+02  5.48237E-04   1.37508E+02  5.31557E-04   1.37368E+02  5.10978E-04   1.37225E+02  4.88541E-04   1.37190E+02  4.63905E-04   1.37165E+02  4.36954E-04   1.37211E+02  4.08469E-04   1.37213E+02  3.77624E-04   1.37228E+02  3.45249E-04   1.37262E+02  3.10975E-04   1.37283E+02  2.75473E-04   1.37333E+02  2.38290E-04   1.37334E+02  2.00401E-04   1.37323E+02  1.61506E-04   1.37391E+02  1.21908E-04   1.37343E+02  8.17113E-05   1.37168E+02  4.11908E-05   1.37094E+02  4.38874E-07   9.28422E+01  4.05854E-05   3.17918E+02  8.12533E-05   3.17555E+02  1.21584E-04   3.17450E+02  1.61561E-04   3.17372E+02  2.00720E-04   3.17227E+02  2.38778E-04   3.17165E+02  2.75879E-04   3.17087E+02  3.11733E-04   3.16979E+02  3.46075E-04   3.16925E+02  3.78845E-04   3.16833E+02  4.09802E-04   3.16799E+02  4.38453E-04   3.16776E+02  4.65325E-04   3.16792E+02  4.89574E-04   3.16880E+02  5.11542E-04   3.16959E+02  5.31237E-04   3.17169E+02  5.48079E-04   3.17366E+02  5.63015E-04   3.17721E+02  5.75047E-04   3.18071E+02  5.84674E-04   3.18559E+02  5.92070E-04   3.19156E+02  5.96751E-04   3.19862E+02  5.99610E-04   3.20804E+02  5.99280E-04   3.21789E+02  5.97274E-04   3.23121E+02  5.92894E-04   3.24608E+02  5.86997E-04   3.26389E+02  5.81107E-04   3.28458E+02  5.74429E-04   3.30760E+02  5.69645E-04   3.33446E+02  5.65493E-04   3.36302E+02  5.62579E-04   3.39449E+02  5.63030E-04   3.42826E+02  5.64079E-04   3.46226E+02  5.69050E-04   3.49770E+02  5.79394E-04   3.53368E+02  5.89085E-04   3.56807E+02  5.99576E-04   2.48027E-01  6.14839E-04   3.46918E+00  6.33698E-04   6.15905E+00 
 6.78808E-04   1.87161E+02  6.58593E-04   1.84467E+02  6.38212E-04   1.81522E+02  6.24908E-04   1.78174E+02  6.13527E-04   1.74770E+02  6.04539E-04   1.71346E+02  5.98931E-04   1.67866E+02  5.93567E-04   1.64492E+02  5.90644E-04   1.61128E+02  5.91193E-04   1.57893E+02  5.93617E-04   1.54906E+02  5.99767E-04   1.52148E+02  6.06324E-04   1.49782E+02  6.12769E-04   1.47664E+02  6.18343E-04   1.45787E+02  6.21556E-04   1.44178E+02  6.23123E-04   1.42751E+02  6.21969E-04   1.41555E+02  6.18883E-04   1.40543E+02  6.13415E-04   1.39676E+02  6.05832E-04   1.39012E+02  5.95973E-04   1.38430E+02  5.83273E-04   1.38013E+02  5.68754E-04   1.37657E+02  5.50932E-04   1.37377E+02  5.31067E-04   1.37167E+02  5.08373E-04   1.37023E+02  4.83022E-04   1.36958E+02  4.55812E-04   1.36884E+02  4.25406E-04   1.36865E+02  3.93594E-04   1.36892E+02  3.59634E-04   1.36916E+02  3.23951E-04   1.36991E+02  2.86586E-04   1.37100E+02  2.48474E-04   1.37164E+02  2.08484E-04   1.37298E+02  1.67900E-04   1.37386E+02  1.26497E-04   1.37500E+02  8.43759E-05   1.37693E+02  4.20129E-05   1.37942E+02  8.77211E-07   2.64216E+02  4.30600E-05   3.16496E+02  8.52299E-05   3.17034E+02  1.27173E-04   3.17104E+02  1.68652E-04   3.17192E+02  2.09103E-04   3.17235E+02  2.48742E-04   3.17183E+02  2.86879E-04   3.17216E+02  3.23792E-04   3.17173E+02  3.59126E-04   3.17174E+02  3.93103E-04   3.17169E+02  4.24773E-04   3.17176E+02  4.54899E-04   3.17238E+02  4.82390E-04   3.17273E+02  5.07751E-04   3.17353E+02  5.31018E-04   3.17492E+02  5.51494E-04   3.17670E+02  5.69630E-04   3.17866E+02  5.84866E-04   3.18219E+02  5.97207E-04   3.18572E+02  6.07259E-04   3.19101E+02  6.13542E-04   3.19711E+02  6.17878E-04   3.20470E+02  6.19200E-04   3.21451E+02  6.18776E-04   3.22577E+02  6.16880E-04   3.23997E+02  6.13278E-04   3.25590E+02  6.10237E-04   3.27487E+02  6.05893E-04   3.29748E+02  6.02598E-04   3.32178E+02  5.98689E-04   3.34975E+02  5.94700E-04   3.37967E+02  5.93170E-04   3.41132E+02  5.93107E-04   3.44484E+02  5.96519E-04   3.47906E+02  6.05023E-04   3.51439E+02  6.13781E-04   3.54923E+02  6.24411E-04   3.58312E+02  6.39456E-04   1.48061E+00  6.57813E-04   4.39853E+00  6.77160E-04   7.05439E+00 
 7.20513E-04   1.88134E+02  6.98543E-04   1.85614E+02  6.80588E-04   1.82842E+02  6.63588E-04   1.79820E+02  6.49942E-04   1.76518E+02  6.39359E-04   1.73154E+02  6.28813E-04   1.69610E+02  6.23714E-04   1.66047E+02  6.21356E-04   1.62750E+02  6.21252E-04   1.59474E+02  6.23026E-04   1.56460E+02  6.24338E-04   1.53705E+02  6.27861E-04   1.51101E+02  6.30364E-04   1.48895E+02  6.33644E-04   1.46882E+02  6.37207E-04   1.45133E+02  6.38840E-04   1.43681E+02  6.40363E-04   1.42406E+02  6.38073E-04   1.41337E+02  6.34324E-04   1.40468E+02  6.27120E-04   1.39741E+02  6.16839E-04   1.39184E+02  6.04374E-04   1.38723E+02  5.87881E-04   1.38326E+02  5.69824E-04   1.38058E+02  5.48166E-04   1.37820E+02  5.24742E-04   1.37672E+02  4.98401E-04   1.37529E+02  4.69846E-04   1.37459E+02  4.39313E-04   1.37361E+02  4.06477E-04   1.37289E+02  3.71876E-04   1.37241E+02  3.35278E-04   1.37173E+02  2.97302E-04   1.37138E+02  2.57407E-04   1.37101E+02  2.16610E-04   1.37045E+02  1.74639E-04   1.36948E+02  1.31949E-04   1.36767E+02  8.85900E-05   1.36381E+02  4.48704E-05   1.35642E+02  1.62030E-06   7.14954E+01  4.34557E-05   3.18971E+02  8.72906E-05   3.18138E+02  1.30893E-04   3.17868E+02  1.73854E-04   3.17643E+02  2.15939E-04   3.17525E+02  2.56944E-04   3.17367E+02  2.96750E-04   3.17274E+02  3.35335E-04   3.17207E+02  3.72320E-04   3.17185E+02  4.07303E-04   3.17145E+02  4.40663E-04   3.17158E+02  4.71657E-04   3.17168E+02  5.00110E-04   3.17253E+02  5.26249E-04   3.17393E+02  5.49642E-04   3.17542E+02  5.70534E-04   3.17807E+02  5.88469E-04   3.18111E+02  6.03804E-04   3.18570E+02  6.16370E-04   3.19039E+02  6.26166E-04   3.19668E+02  6.33825E-04   3.20408E+02  6.39089E-04   3.21311E+02  6.42117E-04   3.22417E+02  6.42523E-04   3.23641E+02  6.41181E-04   3.25205E+02  6.38257E-04   3.26931E+02  6.33993E-04   3.28969E+02  6.29341E-04   3.31254E+02  6.24158E-04   3.33761E+02  6.20514E-04   3.36607E+02  6.18816E-04   3.39574E+02  6.18976E-04   3.42762E+02  6.23000E-04   3.46133E+02  6.29375E-04   3.49526E+02  6.37919E-04   3.52964E+02  6.50377E-04   3.56389E+02  6.64539E-04   3.59608E+02  6.79792E-04   2.79088E+00  6.98863E-04   5.72487E+00  7.19856E-04   8.21350E+00 
 7.67133E-04   1.89174E+02  7.42873E-04   1.86729E+02  7.18502E-04   1.84068E+02  7.01177E-04   1.81052E+02  6.84832E-04   1.77898E+02  6.73326E-04   1.74669E+02  6.63609E-04   1.71386E+02  6.52688E-04   1.68013E+02  6.46248E-04   1.64650E+02  6.43356E-04   1.61378E+02  6.43806E-04   1.58241E+02  6.47640E-04   1.55393E+02  6.51356E-04   1.52800E+02  6.55924E-04   1.50428E+02  6.58789E-04   1.48361E+02  6.60101E-04   1.46510E+02  6.60148E-04   1.44859E+02  6.58407E-04   1.43461E+02  6.55566E-04   1.42254E+02  6.49534E-04   1.41195E+02  6.42467E-04   1.40350E+02  6.32372E-04   1.39618E+02  6.19539E-04   1.39069E+02  6.04157E-04   1.38555E+02  5.85400E-04   1.38186E+02  5.64433E-04   1.37882E+02  5.40049E-04   1.37648E+02  5.13205E-04   1.37524E+02  4.84193E-04   1.37409E+02  4.52271E-04   1.37387E+02  4.18342E-04   1.37377E+02  3.82452E-04   1.37408E+02  3.44782E-04   1.37462E+02  3.05214E-04   1.37537E+02  2.64296E-04   1.37598E+02  2.21925E-04   1.37752E+02  1.78884E-04   1.37876E+02  1.34706E-04   1.38146E+02  8.96986E-05   1.38590E+02  4.46087E-05   1.39679E+02  2.04196E-06   2.44170E+02  4.60822E-05   3.15060E+02  9.11874E-05   3.16295E+02  1.36110E-04   3.16623E+02  1.80333E-04   3.16838E+02  2.23440E-04   3.16975E+02  2.65518E-04   3.17051E+02  3.06204E-04   3.17138E+02  3.45545E-04   3.17182E+02  3.82999E-04   3.17280E+02  4.18930E-04   3.17368E+02  4.52342E-04   3.17492E+02  4.83977E-04   3.17604E+02  5.12973E-04   3.17750E+02  5.39455E-04   3.17951E+02  5.63612E-04   3.18212E+02  5.84744E-04   3.18490E+02  6.03704E-04   3.18833E+02  6.19869E-04   3.19299E+02  6.32876E-04   3.19784E+02  6.43674E-04   3.20470E+02  6.50684E-04   3.21236E+02  6.55707E-04   3.22223E+02  6.57460E-04   3.23363E+02  6.57513E-04   3.24720E+02  6.56134E-04   3.26376E+02  6.53124E-04   3.28184E+02  6.51256E-04   3.30353E+02  6.48481E-04   3.32762E+02  6.47292E-04   3.35380E+02  6.47137E-04   3.38309E+02  6.46802E-04   3.41360E+02  6.49398E-04   3.44619E+02  6.54002E-04   3.47948E+02  6.61233E-04   3.51330E+02  6.73961E-04   3.54744E+02  6.86703E-04   3.58010E+02  7.00400E-04   1.22143E+00  7.19585E-04   4.15486E+00  7.42280E-04   6.71303E+00  7.64259E-04   9.14844E+00 
 8.06557E-04   1.90293E+02  7.85988E-04   1.87929E+02  7.63292E-04   1.85454E+02  7.40557E-04   1.82738E+02  7.22005E-04   1.79640E+02  7.06411E-04   1.76443E+02  6.93927E-04   1.73128E+02  6.85652E-04   1.69733E+02  6.77459E-04   1.66478E+02  6.71973E-04   1.63229E+02  6.68355E-04   1.60100E+02  6.65758E-04   1.57173E+02  6.67060E-04   1.54417E+02  6.67970E-04   1.51978E+02  6.70337E-04   1.49761E+02  6.73186E-04   1.47817E+02  6.73803E-04   1.46119E+02  6.74070E-04   1.44637E+02  6.71033E-04   1.43385E+02  6.66248E-04   1.42297E+02  6.57917E-04   1.41380E+02  6.46820E-04   1.40619E+02  6.33555E-04   1.40006E+02  6.16905E-04   1.39471E+02  5.98159E-04   1.39033E+02  5.75891E-04   1.38668E+02  5.51644E-04   1.38349E+02  5.24191E-04   1.38086E+02  4.94726E-04   1.37884E+02  4.62766E-04   1.37679E+02  4.28376E-04   1.37527E+02  3.91931E-04   1.37386E+02  3.53345E-04   1.37230E+02  3.13503E-04   1.37132E+02  2.71644E-04   1.36993E+02  2.28584E-04   1.36863E+02  1.84352E-04   1.36657E+02  1.39259E-04   1.36383E+02  9.33237E-05   1.35894E+02  4.70994E-05   1.34634E+02  2.51936E-06   5.72144E+01  4.61802E-05   3.20501E+02  9.23403E-05   3.18862E+02  1.38255E-04   3.18363E+02  1.83526E-04   3.18148E+02  2.27777E-04   3.17998E+02  2.70989E-04   3.17854E+02  3.12894E-04   3.17814E+02  3.53395E-04   3.17788E+02  3.92183E-04   3.17792E+02  4.28672E-04   3.17777E+02  4.63497E-04   3.17825E+02  4.95960E-04   3.17916E+02  5.25752E-04   3.18053E+02  5.53359E-04   3.18226E+02  5.77879E-04   3.18490E+02  5.99759E-04   3.18816E+02  6.18568E-04   3.19233E+02  6.34212E-04   3.19778E+02  6.47261E-04   3.20420E+02  6.57395E-04   3.21215E+02  6.65414E-04   3.22123E+02  6.70429E-04   3.23254E+02  6.73455E-04   3.24581E+02  6.75642E-04   3.26090E+02  6.75563E-04   3.27854E+02  6.74974E-04   3.29823E+02  6.73360E-04   3.32114E+02  6.71088E-04   3.34587E+02  6.69560E-04   3.37280E+02  6.68272E-04   3.40217E+02  6.69593E-04   3.43259E+02  6.74157E-04   3.46486E+02  6.82019E-04   3.49795E+02  6.93920E-04   3.53117E+02  7.07254E-04   3.56382E+02  7.21690E-04   3.59571E+02  7.40289E-04   2.54274E+00  7.61839E-04   5.34502E+00  7.84628E-04   7.98237E+00  8.06199E-04   1.03254E+01 
 8.53207E-04   1.91231E+02  8.26780E-04   1.89029E+02  8.01633E-04   1.86627E+02  7.80535E-04   1.84015E+02  7.58737E-04   1.81194E+02  7.42126E-04   1.78172E+02  7.26568E-04   1.75115E+02  7.11686E-04   1.71832E+02  7.02282E-04   1.68514E+02  6.95026E-04   1.65326E+02  6.91853E-04   1.62127E+02  6.90900E-04   1.59160E+02  6.90275E-04   1.56381E+02  6.91262E-04   1.53791E+02  6.90028E-04   1.51485E+02  6.89643E-04   1.49388E+02  6.88102E-04   1.47567E+02  6.85168E-04   1.45919E+02  6.82229E-04   1.44492E+02  6.75845E-04   1.43227E+02  6.68766E-04   1.42178E+02  6.58132E-04   1.41267E+02  6.44972E-04   1.40540E+02  6.28972E-04   1.39907E+02  6.09730E-04   1.39423E+02  5.87752E-04   1.39040E+02  5.62378E-04   1.38757E+02  5.34479E-04   1.38545E+02  5.03988E-04   1.38363E+02  4.71313E-04   1.38278E+02  4.36096E-04   1.38182E+02  3.98958E-04   1.38163E+02  3.59531E-04   1.38160E+02  3.18625E-04   1.38182E+02  2.76096E-04   1.38260E+02  2.32058E-04   1.38395E+02  1.87087E-04   1.38514E+02  1.40852E-04   1.38794E+02  9.40055E-05   1.39231E+02  4.70086E-05   1.40787E+02  2.64491E-06   2.41005E+02  4.83146E-05   3.14681E+02  9.54140E-05   3.16175E+02  1.42286E-04   3.16660E+02  1.88280E-04   3.16923E+02  2.33668E-04   3.17093E+02  2.77543E-04   3.17202E+02  3.20120E-04   3.17343E+02  3.61102E-04   3.17483E+02  4.00319E-04   3.17647E+02  4.37573E-04   3.17807E+02  4.72277E-04   3.18017E+02  5.04767E-04   3.18229E+02  5.34476E-04   3.18488E+02  5.61990E-04   3.18795E+02  5.86720E-04   3.19192E+02  6.08546E-04   3.19623E+02  6.27635E-04   3.20136E+02  6.44182E-04   3.20754E+02  6.57838E-04   3.21439E+02  6.68850E-04   3.22315E+02  6.76886E-04   3.23301E+02  6.82965E-04   3.24526E+02  6.86220E-04   3.25872E+02  6.87498E-04   3.27523E+02  6.87572E-04   3.29384E+02  6.86623E-04   3.31451E+02  6.86326E-04   3.33845E+02  6.86248E-04   3.36361E+02  6.87858E-04   3.39156E+02  6.91407E-04   3.42127E+02  6.96604E-04   3.45211E+02  7.04937E-04   3.48491E+02  7.15283E-04   3.51717E+02  7.26881E-04   3.54949E+02  7.42580E-04   3.58175E+02  7.59918E-04   1.20060E+00  7.79424E-04   4.12419E+00  8.02595E-04   6.82127E+00  8.26776E-04   9.09324E+00  8.50404E-04   1.12678E+01 
 8.93713E-04   1.92419E+02  8.73440E-04   1.90259E+02  8.46186E-04   1.88023E+02  8.19861E-04   1.85594E+02  7.96774E-04   1.82808E+02  7.76055E-04   1.79850E+02  7.60917E-04   1.76819E+02  7.46909E-04   1.73682E+02  7.32420E-04   1.70503E+02  7.21514E-04   1.67353E+02  7.12125E-04   1.64231E+02  7.05889E-04   1.61212E+02  7.03398E-04   1.58367E+02  7.01903E-04   1.55712E+02  7.02361E-04   1.53302E+02  7.02070E-04   1.51132E+02  7.00685E-04   1.49187E+02  6.98101E-04   1.47506E+02  6.93418E-04   1.46005E+02  6.87105E-04   1.44700E+02  6.77954E-04   1.43572E+02  6.66619E-04   1.42587E+02  6.52785E-04   1.41766E+02  6.36098E-04   1.41028E+02  6.17021E-04   1.40397E+02  5.94737E-04   1.39842E+02  5.69838E-04   1.39325E+02  5.41983E-04   1.38943E+02  5.11543E-04   1.38586E+02  4.78559E-04   1.38301E+02  4.42920E-04   1.38063E+02  4.05145E-04   1.37840E+02  3.65494E-04   1.37665E+02  3.24029E-04   1.37537E+02  2.80698E-04   1.37357E+02  2.36387E-04   1.37239E+02  1.90457E-04   1.37020E+02  1.43700E-04   1.36694E+02  9.63103E-05   1.36390E+02  4.83096E-05   1.35062E+02  2.40025E-06   4.71706E+01  4.83502E-05   3.20869E+02  9.61304E-05   3.19411E+02  1.43543E-04   3.18876E+02  1.90288E-04   3.18683E+02  2.36010E-04   3.18566E+02  2.80462E-04   3.18516E+02  3.23755E-04   3.18548E+02  3.65335E-04   3.18558E+02  4.05070E-04   3.18634E+02  4.42611E-04   3.18698E+02  4.78270E-04   3.18795E+02  5.11365E-04   3.18967E+02  5.42122E-04   3.19197E+02  5.70242E-04   3.19464E+02  5.95436E-04   3.19838E+02  6.18016E-04   3.20259E+02  6.37421E-04   3.20811E+02  6.53983E-04   3.21473E+02  6.67725E-04   3.22283E+02  6.78534E-04   3.23298E+02  6.86839E-04   3.24446E+02  6.92757E-04   3.25791E+02  6.96968E-04   3.27359E+02  7.00299E-04   3.29142E+02  7.02047E-04   3.31136E+02  7.04583E-04   3.33359E+02  7.06554E-04   3.35804E+02  7.08236E-04   3.38426E+02  7.11415E-04   3.41280E+02  7.14624E-04   3.44258E+02  7.20949E-04   3.47354E+02  7.30545E-04   3.50549E+02  7.42277E-04   3.53721E+02  7.58931E-04   3.56888E+02  7.76907E-04   3.59904E+02  7.95446E-04   2.81709E+00  8.18770E-04   5.51803E+00  8.44895E-04   7.91011E+00  8.70390E-04   1.02170E+01  8.92872E-04   1.24018E+01 
 9.36665E-04   1.93286E+02  9.10696E-04   1.91387E+02  8.87065E-04   1.89188E+02  8.62109E-04   1.86919E+02  8.35382E-04   1.84469E+02  8.12149E-04   1.81700E+02  7.90516E-04   1.78855E+02  7.73719E-04   1.75812E+02  7.60576E-04   1.72655E+02  7.47782E-04   1.69561E+02  7.39456E-04   1.66427E+02  7.31624E-04   1.63389E+02  7.24971E-04   1.60502E+02  7.21240E-04   1.57791E+02  7.16039E-04   1.55270E+02  7.13205E-04   1.52951E+02  7.09838E-04   1.50886E+02  7.05360E-04   1.48975E+02  7.00878E-04   1.47350E+02  6.93726E-04   1.45858E+02  6.85383E-04   1.44607E+02  6.73615E-04   1.43524E+02  6.59900E-04   1.42601E+02  6.42997E-04   1.41859E+02  6.23246E-04   1.41234E+02  6.00767E-04   1.40737E+02  5.75086E-04   1.40332E+02  5.46806E-04   1.39994E+02  5.15844E-04   1.39711E+02  4.82633E-04   1.39499E+02  4.46646E-04   1.39318E+02  4.09093E-04   1.39190E+02  3.68599E-04   1.39062E+02  3.26757E-04   1.38987E+02  2.82996E-04   1.38925E+02  2.37935E-04   1.38892E+02  1.91827E-04   1.38880E+02  1.44758E-04   1.38987E+02  9.66705E-05   1.39273E+02  4.82934E-05   1.40169E+02  1.78274E-06   2.46013E+02  4.93046E-05   3.16207E+02  9.78162E-05   3.17266E+02  1.46031E-04   3.17612E+02  1.93059E-04   3.17785E+02  2.39615E-04   3.17904E+02  2.84657E-04   3.18005E+02  3.28481E-04   3.18164E+02  3.70189E-04   3.18319E+02  4.10417E-04   3.18491E+02  4.48186E-04   3.18696E+02  4.83803E-04   3.18941E+02  5.17206E-04   3.19256E+02  5.47701E-04   3.19626E+02  5.75717E-04   3.20045E+02  6.00778E-04   3.20574E+02  6.23016E-04   3.21173E+02  6.42263E-04   3.21884E+02  6.59310E-04   3.22723E+02  6.73395E-04   3.23675E+02  6.84728E-04   3.24783E+02  6.94123E-04   3.26038E+02  7.01107E-04   3.27503E+02  7.06593E-04   3.29093E+02  7.10425E-04   3.30999E+02  7.13252E-04   3.33050E+02  7.16153E-04   3.35329E+02  7.18498E-04   3.37875E+02  7.21850E-04   3.40529E+02  7.27347E-04   3.43423E+02  7.35128E-04   3.46410E+02  7.46530E-04   3.49464E+02  7.60412E-04   3.52604E+02  7.76829E-04   3.55694E+02  7.94257E-04   3.58719E+02  8.13002E-04   1.67040E+00  8.34943E-04   4.41971E+00  8.60787E-04   6.96032E+00  8.87256E-04   9.37578E+00  9.11337E-04   1.14740E+01  9.35865E-04   1.33505E+01 
 9.81014E-04   1.94389E+02  9.57523E-04   1.92535E+02  9.27501E-04   1.90560E+02  9.01221E-04   1.88342E+02  8.75549E-04   1.85958E+02  8.49907E-04   1.83334E+02  8.28903E-04   1.80572E+02  8.07197E-04   1.77755E+02  7.87942E-04   1.74739E+02  7.71940E-04   1.71749E+02  7.57192E-04   1.68736E+02  7.47567E-04   1.65711E+02  7.39880E-04   1.62837E+02  7.34291E-04   1.60034E+02  7.30421E-04   1.57473E+02  7.25298E-04   1.55093E+02  7.21088E-04   1.52938E+02  7.15019E-04   1.51046E+02  7.08168E-04   1.49283E+02  6.99766E-04   1.47753E+02  6.89511E-04   1.46370E+02  6.77539E-04   1.45138E+02  6.63123E-04   1.44052E+02  6.46416E-04   1.43054E+02  6.26661E-04   1.42211E+02  6.04351E-04   1.41488E+02  5.78921E-04   1.40849E+02  5.51070E-04   1.40347E+02  5.19786E-04   1.39882E+02  4.86416E-04   1.39530E+02  4.50162E-04   1.39212E+02  4.12000E-04   1.38988E+02  3.71768E-04   1.38824E+02  3.29611E-04   1.38665E+02  2.85688E-04   1.38524E+02  2.40297E-04   1.38448E+02  1.93778E-04   1.38404E+02  1.46021E-04   1.38239E+02  9.76336E-05   1.38039E+02  4.87524E-05   1.37418E+02  9.45513E-07   2.65858E+01  4.93842E-05   3.19902E+02  9.79866E-05   3.19371E+02  1.46262E-04   3.19137E+02  1.94019E-04   3.19127E+02  2.40508E-04   3.19133E+02  2.85601E-04   3.19272E+02  3.29288E-04   3.19380E+02  3.71258E-04   3.19476E+02  4.11720E-04   3.19679E+02  4.49497E-04   3.19873E+02  4.85585E-04   3.20123E+02  5.18818E-04   3.20408E+02  5.49906E-04   3.20776E+02  5.77789E-04   3.21201E+02  6.03624E-04   3.21705E+02  6.26455E-04   3.22306E+02  6.46593E-04   3.23040E+02  6.64062E-04   3.23881E+02  6.78230E-04   3.24884E+02  6.90581E-04   3.26085E+02  6.99871E-04   3.27498E+02  7.07717E-04   3.29062E+02  7.14098E-04   3.30863E+02  7.19306E-04   3.32878E+02  7.24289E-04   3.35067E+02  7.29877E-04   3.37504E+02  7.35694E-04   3.40073E+02  7.43056E-04   3.42807E+02  7.52170E-04   3.45720E+02  7.62263E-04   3.48668E+02  7.74813E-04   3.51721E+02  7.89730E-04   3.54782E+02  8.05670E-04   3.57732E+02  8.25386E-04   6.76446E-01  8.48078E-04   3.42166E+00  8.73186E-04   5.99987E+00  9.00730E-04   8.40333E+00  9.27607E-04   1.04831E+01  9.54457E-04   1.24347E+01  9.79464E-04   1.43501E+01 
 1.01919E-03   1.95275E+02  9.95936E-04   1.93633E+02  9.71921E-04   1.91697E+02  9.42725E-04   1.89723E+02  9.13913E-04   1.87601E+02  8.85731E-04   1.85174E+02  8.59568E-04   1.82574E+02  8.39821E-04   1.79811E+02  8.20798E-04   1.76876E+02  8.02821E-04   1.73938E+02  7.87694E-04   1.71011E+02  7.72166E-04   1.68058E+02  7.59452E-04   1.65174E+02  7.49695E-04   1.62397E+02  7.40959E-04   1.59701E+02  7.34354E-04   1.57224E+02  7.27755E-04   1.54925E+02  7.21143E-04   1.52790E+02  7.13698E-04   1.50953E+02  7.04615E-04   1.49253E+02  6.93806E-04   1.47818E+02  6.80568E-04   1.46557E+02  6.65617E-04   1.45477E+02  6.47985E-04   1.44579E+02  6.27713E-04   1.43762E+02  6.04959E-04   1.43088E+02  5.79310E-04   1.42473E+02  5.51110E-04   1.41947E+02  5.20351E-04   1.41487E+02  4.86911E-04   1.41074E+02  4.50760E-04   1.40715E+02  4.12744E-04   1.40376E+02  3.72000E-04   1.40112E+02  3.29753E-04   1.39888E+02  2.85696E-04   1.39648E+02  2.40309E-04   1.39470E+02  1.93599E-04   1.39313E+02  1.46072E-04   1.39144E+02  9.75710E-05   1.38979E+02  4.85940E-05   1.38553E+02  7.21132E-07   3.53249E+02  4.98710E-05   3.19663E+02  9.89417E-05   3.19519E+02  1.47301E-04   3.19383E+02  1.94873E-04   3.19355E+02  2.41678E-04   3.19419E+02  2.86931E-04   3.19478E+02  3.31108E-04   3.19607E+02  3.73349E-04   3.19755E+02  4.13790E-04   3.19938E+02  4.51813E-04   3.20183E+02  4.87818E-04   3.20459E+02  5.21376E-04   3.20863E+02  5.52173E-04   3.21318E+02  5.80406E-04   3.21878E+02  6.06156E-04   3.22579E+02  6.28947E-04   3.23346E+02  6.48750E-04   3.24280E+02  6.66031E-04   3.25367E+02  6.80908E-04   3.26581E+02  6.93149E-04   3.27968E+02  7.04138E-04   3.29485E+02  7.13166E-04   3.31202E+02  7.21072E-04   3.33060E+02  7.28550E-04   3.35150E+02  7.35429E-04   3.37399E+02  7.42884E-04   3.39826E+02  7.49995E-04   3.42439E+02  7.58516E-04   3.45203E+02  7.69334E-04   3.48081E+02  7.82116E-04   3.51003E+02  7.99118E-04   3.53978E+02  8.17731E-04   3.56889E+02  8.39113E-04   3.59769E+02  8.62746E-04   2.50315E+00  8.86947E-04   5.10111E+00  9.13622E-04   7.55913E+00  9.42734E-04   9.70799E+00  9.70741E-04   1.17806E+01  9.95371E-04   1.37416E+01  1.02051E-03   1.53511E+01 
 1.06635E-03   1.96195E+02  1.03785E-03   1.94689E+02  1.00924E-03   1.92987E+02  9.83758E-04   1.90953E+02  9.56070E-04   1.88950E+02  9.26575E-04   1.86741E+02  8.97942E-04   1.84291E+02  8.69383E-04   1.81815E+02  8.46785E-04   1.79095E+02  8.26227E-04   1.76281E+02  8.07333E-04   1.73444E+02  7.93092E-04   1.70541E+02  7.78651E-04   1.67710E+02  7.66715E-04   1.64913E+02  7.56518E-04   1.62267E+02  7.46155E-04   1.59745E+02  7.37724E-04   1.57441E+02  7.27829E-04   1.55284E+02  7.18718E-04   1.53284E+02  7.07684E-04   1.51487E+02  6.95616E-04   1.49790E+02  6.82003E-04   1.48286E+02  6.66132E-04   1.46933E+02  6.48695E-04   1.45773E+02  6.27700E-04   1.44729E+02  6.05255E-04   1.43865E+02  5.79390E-04   1.43141E+02  5.51624E-04   1.42543E+02  5.20180E-04   1.42024E+02  4.87150E-04   1.41606E+02  4.51278E-04   1.41250E+02  4.13033E-04   1.40998E+02  3.72830E-04   1.40786E+02  3.30529E-04   1.40596E+02  2.86648E-04   1.40500E+02  2.41010E-04   1.40429E+02  1.94416E-04   1.40459E+02  1.46697E-04   1.40513E+02  9.84608E-05   1.40628E+02  4.94440E-05   1.41166E+02  1.16838E-06   2.18355E+02  4.91086E-05   3.18603E+02  9.79550E-05   3.19223E+02  1.46347E-04   3.19555E+02  1.94084E-04   3.19801E+02  2.40499E-04   3.19967E+02  2.85932E-04   3.20216E+02  3.29774E-04   3.20415E+02  3.71723E-04   3.20703E+02  4.12122E-04   3.21040E+02  4.50046E-04   3.21395E+02  4.86145E-04   3.21854E+02  5.19371E-04   3.22329E+02  5.50573E-04   3.22900E+02  5.78636E-04   3.23546E+02  6.04645E-04   3.24294E+02  6.27451E-04   3.25124E+02  6.48181E-04   3.26086E+02  6.66356E-04   3.27144E+02  6.81880E-04   3.28378E+02  6.96121E-04   3.29770E+02  7.07722E-04   3.31372E+02  7.18401E-04   3.33126E+02  7.28046E-04   3.35105E+02  7.36610E-04   3.37305E+02  7.45578E-04   3.39641E+02  7.55259E-04   3.42203E+02  7.66047E-04   3.44856E+02  7.79498E-04   3.47625E+02  7.94173E-04   3.50485E+02  8.11601E-04   3.53344E+02  8.31108E-04   3.56200E+02  8.51021E-04   3.59034E+02  8.72439E-04   1.74527E+00  8.96058E-04   4.38189E+00  9.22525E-04   6.84007E+00  9.52944E-04   9.02013E+00  9.82883E-04   1.11005E+01  1.00900E-03   1.30070E+01  1.03588E-03   1.46171E+01  1.06408E-03   1.61561E+01 
 1.10251E-03   1.97160E+02  1.08053E-03   1.95701E+02  1.05277E-03   1.94127E+02  1.02085E-03   1.92415E+02  9.92912E-04   1.90494E+02  9.64054E-04   1.88438E+02  9.35573E-04   1.86119E+02  9.09538E-04   1.83681E+02  8.82712E-04   1.81117E+02  8.59432E-04   1.78416E+02  8.36818E-04   1.75721E+02  8.15748E-04   1.72948E+02  7.98111E-04   1.70185E+02  7.81572E-04   1.67430E+02  7.68491E-04   1.64707E+02  7.56164E-04   1.62123E+02  7.45265E-04   1.59681E+02  7.34662E-04   1.57439E+02  7.22900E-04   1.55415E+02  7.11345E-04   1.53586E+02  6.97386E-04   1.51958E+02  6.82809E-04   1.50496E+02  6.65833E-04   1.49185E+02  6.47127E-04   1.48002E+02  6.26200E-04   1.46938E+02  6.02886E-04   1.45987E+02  5.76911E-04   1.45118E+02  5.48303E-04   1.44325E+02  5.17609E-04   1.43663E+02  4.84036E-04   1.43038E+02  4.48290E-04   1.42543E+02  4.10311E-04   1.42054E+02  3.70290E-04   1.41688E+02  3.28212E-04   1.41334E+02  2.84792E-04   1.40987E+02  2.39472E-04   1.40788E+02  1.93121E-04   1.40509E+02  1.45547E-04   1.40311E+02  9.73497E-05   1.39955E+02  4.88546E-05   1.38926E+02  1.36738E-06   3.49815E+01  4.94020E-05   3.22241E+02  9.81252E-05   3.21493E+02  1.46199E-04   3.21337E+02  1.93780E-04   3.21332E+02  2.40137E-04   3.21387E+02  2.85421E-04   3.21456E+02  3.29152E-04   3.21639E+02  3.71271E-04   3.21850E+02  4.11307E-04   3.22106E+02  4.49335E-04   3.22476E+02  4.85014E-04   3.22855E+02  5.18647E-04   3.23385E+02  5.49482E-04   3.23949E+02  5.77872E-04   3.24647E+02  6.03993E-04   3.25465E+02  6.26634E-04   3.26408E+02  6.47719E-04   3.27519E+02  6.65822E-04   3.28792E+02  6.82486E-04   3.30231E+02  6.96835E-04   3.31868E+02  7.09966E-04   3.33640E+02  7.22384E-04   3.35558E+02  7.33710E-04   3.37677E+02  7.45422E-04   3.39929E+02  7.57178E-04   3.42326E+02  7.70039E-04   3.44840E+02  7.84034E-04   3.47451E+02  7.99138E-04   3.50196E+02  8.16073E-04   3.52951E+02  8.34691E-04   3.55730E+02  8.55488E-04   3.58526E+02  8.78163E-04   1.16051E+00  9.04032E-04   3.73951E+00  9.33230E-04   6.16330E+00  9.64524E-04   8.34236E+00  9.95183E-04   1.04540E+01  1.02318E-03   1.23434E+01  1.05101E-03   1.40630E+01  1.07891E-03   1.57520E+01  1.10501E-03   1.71886E+01 
 1.14488E-03   1.97964E+02  1.11642E-03   1.96694E+02  1.09285E-03   1.95224E+02  1.06518E-03   1.93491E+02  1.03352E-03   1.91770E+02  1.00242E-03   1.89936E+02  9.69984E-04   1.87859E+02  9.38943E-04   1.85666E+02  9.11912E-04   1.83295E+02  8.86169E-04   1.80746E+02  8.63093E-04   1.78120E+02  8.41768E-04   1.75443E+02  8.21147E-04   1.72778E+02  8.02168E-04   1.70134E+02  7.84812E-04   1.67551E+02  7.69268E-04   1.65008E+02  7.54749E-04   1.62556E+02  7.40875E-04   1.60184E+02  7.27613E-04   1.57950E+02  7.13256E-04   1.55871E+02  6.98643E-04   1.53958E+02  6.82095E-04   1.52254E+02  6.64159E-04   1.50725E+02  6.44940E-04   1.49420E+02  6.22952E-04   1.48283E+02  5.99579E-04   1.47298E+02  5.73229E-04   1.46456E+02  5.45159E-04   1.45740E+02  5.14281E-04   1.45110E+02  4.81367E-04   1.44602E+02  4.45972E-04   1.44108E+02  4.08145E-04   1.43759E+02  3.68545E-04   1.43407E+02  3.26623E-04   1.43146E+02  2.83346E-04   1.42902E+02  2.38460E-04   1.42753E+02  1.92516E-04   1.42795E+02  1.45165E-04   1.42755E+02  9.74100E-05   1.43081E+02  4.88086E-05   1.44174E+02  1.94305E-06   2.27615E+02  4.85364E-05   3.19333E+02  9.68127E-05   3.20629E+02  1.44674E-04   3.21134E+02  1.91858E-04   3.21425E+02  2.37702E-04   3.21747E+02  2.82898E-04   3.22063E+02  3.26215E-04   3.22356E+02  3.67774E-04   3.22718E+02  4.07502E-04   3.23182E+02  4.45352E-04   3.23650E+02  4.80838E-04   3.24262E+02  5.13996E-04   3.24910E+02  5.44940E-04   3.25701E+02  5.73328E-04   3.26581E+02  5.99387E-04   3.27581E+02  6.23393E-04   3.28695E+02  6.45130E-04   3.29918E+02  6.64405E-04   3.31254E+02  6.82162E-04   3.32718E+02  6.98364E-04   3.34321E+02  7.13613E-04   3.36075E+02  7.27726E-04   3.37998E+02  7.41642E-04   3.40078E+02  7.55306E-04   3.42350E+02  7.69419E-04   3.44770E+02  7.84649E-04   3.47338E+02  8.00880E-04   3.49999E+02  8.20278E-04   3.52690E+02  8.40713E-04   3.55386E+02  8.63712E-04   3.58075E+02  8.88345E-04   6.62475E-01  9.13934E-04   3.20439E+00  9.42500E-04   5.60175E+00  9.71937E-04   7.82351E+00  1.00180E-03   9.97966E+00  1.03175E-03   1.18625E+01  1.06134E-03   1.35983E+01  1.08964E-03   1.53221E+01  1.11704E-03   1.67123E+01  1.14505E-03   1.79241E+01 
 1.18433E-03   1.98899E+02  1.15899E-03   1.97611E+02  1.12862E-03   1.96389E+02  1.10029E-03   1.94910E+02  1.07258E-03   1.93132E+02  1.04282E-03   1.91401E+02  1.01270E-03   1.89449E+02  9.80320E-04   1.87343E+02  9.47424E-04   1.85192E+02  9.18556E-04   1.82845E+02  8.90192E-04   1.80419E+02  8.65003E-04   1.77861E+02  8.42224E-04   1.75260E+02  8.19874E-04   1.72635E+02  8.00857E-04   1.70036E+02  7.81503E-04   1.67522E+02  7.65005E-04   1.65126E+02  7.48815E-04   1.62878E+02  7.32838E-04   1.60731E+02  7.17891E-04   1.58776E+02  7.00336E-04   1.56909E+02  6.83930E-04   1.55186E+02  6.63888E-04   1.53552E+02  6.43523E-04   1.52060E+02  6.20750E-04   1.50699E+02  5.95744E-04   1.49445E+02  5.69202E-04   1.48363E+02  5.39921E-04   1.47380E+02  5.09436E-04   1.46563E+02  4.75597E-04   1.45807E+02  4.40633E-04   1.45218E+02  4.03136E-04   1.44665E+02  3.64161E-04   1.44257E+02  3.22459E-04   1.43873E+02  2.79885E-04   1.43566E+02  2.35500E-04   1.43374E+02  1.89989E-04   1.43130E+02  1.43476E-04   1.43140E+02  9.60451E-05   1.42957E+02  4.84124E-05   1.42985E+02  1.74372E-07   1.34283E+02  4.78862E-05   3.23263E+02  9.57205E-05   3.23091E+02  1.43120E-04   3.23231E+02  1.89859E-04   3.23390E+02  2.35498E-04   3.23615E+02  2.80055E-04   3.23829E+02  3.22743E-04   3.24172E+02  3.64400E-04   3.24582E+02  4.03831E-04   3.25029E+02  4.41616E-04   3.25585E+02  4.76931E-04   3.26146E+02  5.10615E-04   3.26847E+02  5.41572E-04   3.27605E+02  5.70345E-04   3.28486E+02  5.96965E-04   3.29470E+02  6.20876E-04   3.30559E+02  6.43096E-04   3.31793E+02  6.63114E-04   3.33183E+02  6.82263E-04   3.34759E+02  6.99477E-04   3.36513E+02  7.16370E-04   3.38475E+02  7.32540E-04   3.40559E+02  7.48418E-04   3.42835E+02  7.65344E-04   3.45221E+02  7.82889E-04   3.47702E+02  8.01764E-04   3.50232E+02  8.22363E-04   3.52763E+02  8.43853E-04   3.55338E+02  8.67014E-04   3.57899E+02  8.91485E-04   4.14871E-01  9.16546E-04   2.90621E+00  9.44337E-04   5.25902E+00  9.74877E-04   7.46580E+00  1.00702E-03   9.57368E+00  1.04036E-03   1.14104E+01  1.07281E-03   1.31476E+01  1.10188E-03   1.48351E+01  1.12965E-03   1.62579E+01  1.15903E-03   1.75703E+01  1.18491E-03   1.88709E+01 
 1.21668E-03   1.99731E+02  1.19535E-03   1.98528E+02  1.17199E-03   1.97220E+02  1.14002E-03   1.95950E+02  1.10759E-03   1.94467E+02  1.07654E-03   1.92854E+02  1.04437E-03   1.91162E+02  1.01403E-03   1.89208E+02  9.82133E-04   1.87167E+02  9.51076E-04   1.84983E+02  9.22784E-04   1.82663E+02  8.93698E-04   1.80331E+02  8.68607E-04   1.77913E+02  8.43101E-04   1.75450E+02  8.19525E-04   1.72969E+02  7.98308E-04   1.70450E+02  7.76213E-04   1.67953E+02  7.57534E-04   1.65531E+02  7.37886E-04   1.63218E+02  7.19884E-04   1.61066E+02  7.01529E-04   1.59099E+02  6.82001E-04   1.57314E+02  6.62639E-04   1.55747E+02  6.40757E-04   1.54285E+02  6.18112E-04   1.53045E+02  5.92584E-04   1.51841E+02  5.65847E-04   1.50760E+02  5.36372E-04   1.49846E+02  5.05259E-04   1.48958E+02  4.71760E-04   1.48224E+02  4.36156E-04   1.47486E+02  3.98971E-04   1.46955E+02  3.59661E-04   1.46386E+02  3.18788E-04   1.45997E+02  2.76326E-04   1.45562E+02  2.32323E-04   1.45280E+02  1.87123E-04   1.45012E+02  1.41008E-04   1.44771E+02  9.44320E-05   1.44804E+02  4.69769E-05   1.44775E+02  5.94059E-07   3.11488E+02  4.80538E-05   3.24107E+02  9.52971E-05   3.24368E+02  1.42174E-04   3.24534E+02  1.88272E-04   3.24720E+02  2.33028E-04   3.24981E+02  2.77212E-04   3.25240E+02  3.19652E-04   3.25625E+02  3.60501E-04   3.25992E+02  3.99759E-04   3.26548E+02  4.36951E-04   3.27092E+02  4.71857E-04   3.27828E+02  5.05025E-04   3.28570E+02  5.35552E-04   3.29493E+02  5.64781E-04   3.30504E+02  5.91038E-04   3.31668E+02  6.16235E-04   3.32959E+02  6.39384E-04   3.34382E+02  6.61197E-04   3.36005E+02  6.82182E-04   3.37698E+02  7.01645E-04   3.39572E+02  7.21224E-04   3.41516E+02  7.39685E-04   3.43585E+02  7.59159E-04   3.45751E+02  7.78509E-04   3.47998E+02  7.98795E-04   3.50360E+02  8.20771E-04   3.52771E+02  8.42652E-04   3.55249E+02  8.66995E-04   3.57777E+02  8.92185E-04   2.20489E-01  9.19282E-04   2.66537E+00  9.48940E-04   4.98410E+00  9.81228E-04   7.13063E+00  1.01556E-03   9.19868E+00  1.04897E-03   1.10391E+01  1.08090E-03   1.28026E+01  1.10937E-03   1.45015E+01  1.13694E-03   1.59677E+01  1.16777E-03   1.73470E+01  1.19592E-03   1.85967E+01  1.21886E-03   1.97104E+01 
 1.25381E-03   2.00545E+02  1.22801E-03   1.99513E+02  1.20342E-03   1.98377E+02  1.18049E-03   1.97082E+02  1.14976E-03   1.95624E+02  1.11757E-03   1.94112E+02  1.08492E-03   1.92508E+02  1.05049E-03   1.90787E+02  1.01702E-03   1.88964E+02  9.82819E-04   1.86995E+02  9.50807E-04   1.84857E+02  9.20675E-04   1.82568E+02  8.91624E-04   1.80254E+02  8.65339E-04   1.77908E+02  8.39259E-04   1.75576E+02  8.14918E-04   1.73298E+02  7.92149E-04   1.71034E+02  7.69737E-04   1.68800E+02  7.48411E-04   1.66591E+02  7.27120E-04   1.64429E+02  7.05570E-04   1.62372E+02  6.84117E-04   1.60390E+02  6.61478E-04   1.58532E+02  6.38299E-04   1.56867E+02  6.13630E-04   1.55293E+02  5.87683E-04   1.53972E+02  5.59946E-04   1.52739E+02  5.30388E-04   1.51680E+02  4.99178E-04   1.50730E+02  4.65844E-04   1.49933E+02  4.30851E-04   1.49233E+02  3.93516E-04   1.48651E+02  3.55018E-04   1.48161E+02  3.14450E-04   1.47731E+02  2.72772E-04   1.47434E+02  2.29562E-04   1.47138E+02  1.84967E-04   1.47000E+02  1.39735E-04   1.46984E+02  9.34859E-05   1.47074E+02  4.71009E-05   1.47836E+02  1.44710E-06   2.23760E+02  4.67374E-05   3.24560E+02  9.32583E-05   3.25440E+02  1.39335E-04   3.25899E+02  1.84430E-04   3.26335E+02  2.29070E-04   3.26664E+02  2.72223E-04   3.27084E+02  3.14300E-04   3.27575E+02  3.54886E-04   3.28138E+02  3.93454E-04   3.28721E+02  4.30667E-04   3.29417E+02  4.65604E-04   3.30202E+02  4.98885E-04   3.31064E+02  5.30420E-04   3.32081E+02  5.60268E-04   3.33138E+02  5.88113E-04   3.34349E+02  6.14549E-04   3.35608E+02  6.38874E-04   3.37071E+02  6.62404E-04   3.38590E+02  6.84378E-04   3.40283E+02  7.05878E-04   3.42091E+02  7.27083E-04   3.44036E+02  7.47644E-04   3.46174E+02  7.69607E-04   3.48393E+02  7.91502E-04   3.50758E+02  8.15247E-04   3.53173E+02  8.39473E-04   3.55599E+02  8.65384E-04   3.58054E+02  8.92810E-04   3.80485E-01  9.20825E-04   2.70811E+00  9.51305E-04   4.93256E+00  9.83099E-04   6.99771E+00  1.01673E-03   9.03654E+00  1.04992E-03   1.08452E+01  1.08238E-03   1.26079E+01  1.11327E-03   1.42759E+01  1.14374E-03   1.56939E+01  1.17693E-03   1.70773E+01  1.20665E-03   1.82979E+01  1.23233E-03   1.93812E+01  1.25377E-03   2.05055E+01 
 1.28254E-03   2.01321E+02  1.26619E-03   2.00283E+02  1.23872E-03   1.99193E+02  1.20944E-03   1.98215E+02  1.18257E-03   1.96955E+02  1.15091E-03   1.95518E+02  1.11895E-03   1.94081E+02  1.08804E-03   1.92386E+02  1.05388E-03   1.90669E+02  1.01955E-03   1.88918E+02  9.85574E-04   1.86986E+02  9.51717E-04   1.84986E+02  9.20921E-04   1.82814E+02  8.89468E-04   1.80529E+02  8.60469E-04   1.78201E+02  8.32838E-04   1.75833E+02  8.05056E-04   1.73532E+02  7.80798E-04   1.71285E+02  7.55762E-04   1.69150E+02  7.33213E-04   1.67118E+02  7.10288E-04   1.65176E+02  6.87077E-04   1.63383E+02  6.64402E-04   1.61655E+02  6.39243E-04   1.60030E+02  6.14025E-04   1.58515E+02  5.86106E-04   1.57060E+02  5.58056E-04   1.55729E+02  5.27190E-04   1.54542E+02  4.95067E-04   1.53424E+02  4.61146E-04   1.52432E+02  4.25656E-04   1.51544E+02  3.88481E-04   1.50736E+02  3.49725E-04   1.50073E+02  3.09592E-04   1.49493E+02  2.67746E-04   1.48977E+02  2.25009E-04   1.48547E+02  1.81280E-04   1.48115E+02  1.36568E-04   1.47749E+02  9.10328E-05   1.47368E+02  4.52783E-05   1.46315E+02  1.59076E-06   3.10407E+01  4.67337E-05   3.29551E+02  9.26772E-05   3.29059E+02  1.37939E-04   3.28983E+02  1.82665E-04   3.29075E+02  2.26206E-04   3.29320E+02  2.69146E-04   3.29635E+02  3.10600E-04   3.30025E+02  3.50587E-04   3.30548E+02  3.89266E-04   3.31116E+02  4.26242E-04   3.31796E+02  4.61529E-04   3.32568E+02  4.94983E-04   3.33439E+02  5.26695E-04   3.34447E+02  5.56527E-04   3.35537E+02  5.84473E-04   3.36797E+02  6.11515E-04   3.38187E+02  6.36875E-04   3.39733E+02  6.61785E-04   3.41423E+02  6.85779E-04   3.43276E+02  7.10158E-04   3.45228E+02  7.33952E-04   3.47329E+02  7.58507E-04   3.49482E+02  7.83711E-04   3.51676E+02  8.08602E-04   3.53891E+02  8.34999E-04   3.56088E+02  8.61823E-04   3.58329E+02  8.89561E-04   4.75712E-01  9.18731E-04   2.69116E+00  9.49127E-04   4.84107E+00  9.81964E-04   6.87208E+00  1.01667E-03   8.90102E+00  1.05192E-03   1.06663E+01  1.08708E-03   1.24010E+01  1.12014E-03   1.40319E+01  1.15211E-03   1.54213E+01  1.18473E-03   1.68486E+01  1.21352E-03   1.81079E+01  1.24050E-03   1.92005E+01  1.26481E-03   2.03511E+01  1.28242E-03   2.14175E+01 
 1.30832E-03   2.02114E+02  1.29149E-03   2.01269E+02  1.27457E-03   2.00130E+02  1.24933E-03   1.98990E+02  1.21846E-03   1.97961E+02  1.18850E-03   1.96659E+02  1.15356E-03   1.95327E+02  1.11906E-03   1.93950E+02  1.08693E-03   1.92294E+02  1.05075E-03   1.90623E+02  1.01683E-03   1.88862E+02  9.81627E-04   1.86963E+02  9.47830E-04   1.85094E+02  9.17814E-04   1.83104E+02  8.85640E-04   1.81052E+02  8.57258E-04   1.78963E+02  8.27316E-04   1.76779E+02  7.98284E-04   1.74583E+02  7.70310E-04   1.72400E+02  7.41589E-04   1.70230E+02  7.15766E-04   1.68164E+02  6.88559E-04   1.66197E+02  6.63387E-04   1.64360E+02  6.36955E-04   1.62707E+02  6.10190E-04   1.61158E+02  5.82826E-04   1.59787E+02  5.53360E-04   1.58474E+02  5.23392E-04   1.57339E+02  4.91328E-04   1.56286E+02  4.57739E-04   1.55371E+02  4.22177E-04   1.54478E+02  3.85534E-04   1.53735E+02  3.46859E-04   1.53085E+02  3.06925E-04   1.52515E+02  2.65752E-04   1.52058E+02  2.23327E-04   1.51618E+02  1.79934E-04   1.51356E+02  1.35834E-04   1.51063E+02  9.10888E-05   1.51135E+02  4.59889E-05   1.51502E+02  9.29807E-07   2.10506E+02  4.49022E-05   3.29511E+02  8.98054E-05   3.30203E+02  1.34587E-04   3.30375E+02  1.78429E-04   3.30779E+02  2.22012E-04   3.31152E+02  2.64071E-04   3.31610E+02  3.05137E-04   3.32119E+02  3.44936E-04   3.32700E+02  3.83220E-04   3.33360E+02  4.20162E-04   3.34169E+02  4.55242E-04   3.35060E+02  4.89036E-04   3.36079E+02  5.21146E-04   3.37236E+02  5.52028E-04   3.38467E+02  5.81792E-04   3.39870E+02  6.10489E-04   3.41340E+02  6.38369E-04   3.42980E+02  6.65957E-04   3.44635E+02  6.92773E-04   3.46437E+02  7.19296E-04   3.48322E+02  7.45737E-04   3.50252E+02  7.72087E-04   3.52250E+02  7.98374E-04   3.54300E+02  8.25279E-04   3.56418E+02  8.53501E-04   3.58606E+02  8.82194E-04   7.66738E-01  9.13642E-04   2.98911E+00  9.45858E-04   5.11054E+00  9.80318E-04   7.08943E+00  1.01716E-03   9.03283E+00  1.05268E-03   1.07249E+01  1.08882E-03   1.23859E+01  1.12158E-03   1.39668E+01  1.15296E-03   1.53649E+01  1.18549E-03   1.67808E+01  1.21515E-03   1.80258E+01  1.24559E-03   1.90945E+01  1.27386E-03   2.01946E+01  1.29463E-03   2.12210E+01  1.31024E-03   2.21031E+01 
 1.33672E-03   2.02777E+02  1.31865E-03   2.02006E+02  1.29590E-03   2.01189E+02  1.27642E-03   2.00150E+02  1.25169E-03   1.99071E+02  1.22155E-03   1.97939E+02  1.19139E-03   1.96640E+02  1.15569E-03   1.95319E+02  1.12139E-03   1.93962E+02  1.08725E-03   1.92420E+02  1.05038E-03   1.90791E+02  1.01474E-03   1.89062E+02  9.76586E-04   1.87181E+02  9.41034E-04   1.85254E+02  9.07314E-04   1.83277E+02  8.74726E-04   1.81260E+02  8.45174E-04   1.79320E+02  8.14918E-04   1.77337E+02  7.86707E-04   1.75402E+02  7.57363E-04   1.73497E+02  7.28290E-04   1.71526E+02  6.99356E-04   1.69692E+02  6.69713E-04   1.67802E+02  6.41067E-04   1.66063E+02  6.11087E-04   1.64338E+02  5.81386E-04   1.62802E+02  5.50617E-04   1.61375E+02  5.18877E-04   1.60054E+02  4.85962E-04   1.58925E+02  4.51721E-04   1.57818E+02  4.16527E-04   1.56949E+02  3.79261E-04   1.56044E+02  3.41323E-04   1.55429E+02  3.01513E-04   1.54728E+02  2.60779E-04   1.54258E+02  2.18934E-04   1.53760E+02  1.76338E-04   1.53373E+02  1.32831E-04   1.53033E+02  8.88310E-05   1.52865E+02  4.44645E-05   1.52265E+02  4.73455E-07   6.10019E+01  4.46221E-05   3.33641E+02  8.90065E-05   3.33605E+02  1.32866E-04   3.33584E+02  1.76427E-04   3.33807E+02  2.18825E-04   3.34098E+02  2.60845E-04   3.34588E+02  3.01471E-04   3.35046E+02  3.40982E-04   3.35765E+02  3.79296E-04   3.36394E+02  4.16247E-04   3.37270E+02  4.51938E-04   3.38125E+02  4.86454E-04   3.39214E+02  5.19863E-04   3.40320E+02  5.52017E-04   3.41600E+02  5.83068E-04   3.42932E+02  6.13235E-04   3.44395E+02  6.42846E-04   3.46001E+02  6.71555E-04   3.47614E+02  6.99393E-04   3.49456E+02  7.27929E-04   3.51275E+02  7.55828E-04   3.53294E+02  7.84601E-04   3.55303E+02  8.13624E-04   3.57387E+02  8.43941E-04   3.59523E+02  8.75640E-04   1.52294E+00  9.08533E-04   3.58543E+00  9.42804E-04   5.48165E+00  9.77732E-04   7.28819E+00  1.01434E-03   9.09449E+00  1.04987E-03   1.06993E+01  1.08574E-03   1.23401E+01  1.11991E-03   1.38855E+01  1.15288E-03   1.52843E+01  1.18742E-03   1.66804E+01  1.21964E-03   1.78711E+01  1.25268E-03   1.89543E+01  1.28215E-03   2.00447E+01  1.30333E-03   2.10554E+01  1.31956E-03   2.20098E+01  1.33345E-03   2.29002E+01 
 1.35679E-03   2.03682E+02  1.34770E-03   2.02728E+02  1.32894E-03   2.01841E+02  1.30293E-03   2.00949E+02  1.27956E-03   2.00042E+02  1.25225E-03   1.99002E+02  1.22047E-03   1.97907E+02  1.18771E-03   1.96656E+02  1.15203E-03   1.95299E+02  1.11648E-03   1.93961E+02  1.08241E-03   1.92512E+02  1.04741E-03   1.91012E+02  1.01157E-03   1.89478E+02  9.74848E-04   1.87750E+02  9.37589E-04   1.85971E+02  9.01046E-04   1.84058E+02  8.65765E-04   1.82059E+02  8.32279E-04   1.80111E+02  7.99221E-04   1.78105E+02  7.68335E-04   1.76260E+02  7.37339E-04   1.74397E+02  7.06842E-04   1.72665E+02  6.76745E-04   1.70974E+02  6.45917E-04   1.69326E+02  6.15701E-04   1.67820E+02  5.83846E-04   1.66270E+02  5.52279E-04   1.64940E+02  5.18885E-04   1.63538E+02  4.85443E-04   1.62376E+02  4.50314E-04   1.61254E+02  4.14374E-04   1.60268E+02  3.77394E-04   1.59357E+02  3.38897E-04   1.58542E+02  2.99686E-04   1.57854E+02  2.58879E-04   1.57219E+02  2.17378E-04   1.56685E+02  1.75199E-04   1.56231E+02  1.32344E-04   1.55934E+02  8.89212E-05   1.55674E+02  4.53602E-05   1.55262E+02  1.40103E-06   1.35724E+02  4.27150E-05   3.36333E+02  8.65634E-05   3.36111E+02  1.29891E-04   3.36204E+02  1.72805E-04   3.36465E+02  2.15273E-04   3.36888E+02  2.56700E-04   3.37254E+02  2.97282E-04   3.37849E+02  3.36779E-04   3.38494E+02  3.75284E-04   3.39229E+02  4.13091E-04   3.40125E+02  4.49283E-04   3.41075E+02  4.84470E-04   3.42209E+02  5.18342E-04   3.43339E+02  5.51811E-04   3.44709E+02  5.84065E-04   3.46041E+02  6.15751E-04   3.47636E+02  6.46508E-04   3.49210E+02  6.77057E-04   3.50949E+02  7.07885E-04   3.52738E+02  7.38393E-04   3.54570E+02  7.69841E-04   3.56478E+02  8.01364E-04   3.58272E+02  8.33370E-04   2.38773E-01  8.66303E-04   2.02471E+00  8.99641E-04   3.91806E+00  9.34274E-04   5.74341E+00  9.70087E-04   7.46661E+00  1.00672E-03   9.31259E+00  1.04433E-03   1.09233E+01  1.08194E-03   1.25581E+01  1.11786E-03   1.40732E+01  1.15310E-03   1.53910E+01  1.18767E-03   1.67555E+01  1.22068E-03   1.78992E+01  1.25376E-03   1.89676E+01  1.28312E-03   2.00690E+01  1.30541E-03   2.10308E+01  1.32445E-03   2.19987E+01  1.34176E-03   2.28894E+01  1.35732E-03   2.36716E+01 
 1.37255E-03   2.04593E+02  1.36091E-03   2.03715E+02  1.35042E-03   2.02865E+02  1.33222E-03   2.01888E+02  1.30599E-03   2.00985E+02  1.28144E-03   2.00066E+02  1.25456E-03   1.99014E+02  1.22073E-03   1.98014E+02  1.18710E-03   1.96809E+02  1.14942E-03   1.95462E+02  1.10982E-03   1.94106E+02  1.07406E-03   1.92583E+02  1.03589E-03   1.91123E+02  1.00028E-03   1.89632E+02  9.64416E-04   1.88063E+02  9.28156E-04   1.86504E+02  8.92665E-04   1.84780E+02  8.56347E-04   1.83041E+02  8.21974E-04   1.81213E+02  7.86161E-04   1.79375E+02  7.52415E-04   1.77557E+02  7.18381E-04   1.75742E+02  6.84932E-04   1.74055E+02  6.51758E-04   1.72367E+02  6.18446E-04   1.70832E+02  5.85277E-04   1.69358E+02  5.51240E-04   1.68001E+02  5.17285E-04   1.66740E+02  4.82092E-04   1.65542E+02  4.46732E-04   1.64492E+02  4.09999E-04   1.63495E+02  3.72605E-04   1.62637E+02  3.34413E-04   1.61847E+02  2.95133E-04   1.61193E+02  2.55081E-04   1.60598E+02  2.13985E-04   1.60123E+02  1.72084E-04   1.59719E+02  1.29750E-04   1.59449E+02  8.66783E-05   1.59361E+02  4.35222E-05   1.59536E+02  4.95245E-07   2.35951E+02  4.34275E-05   3.38251E+02  8.66339E-05   3.38758E+02  1.29898E-04   3.39122E+02  1.72311E-04   3.39442E+02  2.14485E-04   3.39928E+02  2.55888E-04   3.40393E+02  2.96475E-04   3.41005E+02  3.35921E-04   3.41715E+02  3.75021E-04   3.42562E+02  4.12587E-04   3.43461E+02  4.49419E-04   3.44508E+02  4.85533E-04   3.45596E+02  5.20358E-04   3.46813E+02  5.55043E-04   3.48116E+02  5.88645E-04   3.49499E+02  6.22058E-04   3.51003E+02  6.54668E-04   3.52505E+02  6.87583E-04   3.54162E+02  7.20331E-04   3.55783E+02  7.53071E-04   3.57523E+02  7.85899E-04   3.59238E+02  8.19104E-04   1.03826E+00  8.52574E-04   2.84855E+00  8.87429E-04   4.64049E+00  9.23702E-04   6.50424E+00  9.61592E-04   8.15900E+00  1.00040E-03   9.88503E+00  1.03945E-03   1.14061E+01  1.07857E-03   1.28363E+01  1.11406E-03   1.42481E+01  1.14937E-03   1.54467E+01  1.18422E-03   1.67458E+01  1.21698E-03   1.78992E+01  1.25163E-03   1.89405E+01  1.28305E-03   2.00535E+01  1.30850E-03   2.09851E+01  1.33086E-03   2.19085E+01  1.35018E-03   2.28314E+01  1.36580E-03   2.36037E+01  1.37596E-03   2.44447E+01 
 1.39281E-03   2.05340E+02  1.38203E-03   2.04420E+02  1.36589E-03   2.03641E+02  1.35161E-03   2.02833E+02  1.33133E-03   2.01904E+02  1.30201E-03   2.01061E+02  1.27729E-03   2.00098E+02  1.24849E-03   1.99054E+02  1.21533E-03   1.98128E+02  1.18488E-03   1.97004E+02  1.14636E-03   1.95831E+02  1.10785E-03   1.94558E+02  1.06936E-03   1.93110E+02  1.02786E-03   1.91669E+02  9.90222E-04   1.90126E+02  9.50575E-04   1.88600E+02  9.13056E-04   1.87040E+02  8.76587E-04   1.85468E+02  8.39691E-04   1.83869E+02  8.05026E-04   1.82267E+02  7.69145E-04   1.80648E+02  7.34575E-04   1.79007E+02  6.99490E-04   1.77399E+02  6.64329E-04   1.75795E+02  6.29428E-04   1.74255E+02  5.93964E-04   1.72775E+02  5.58725E-04   1.71389E+02  5.22434E-04   1.70049E+02  4.85968E-04   1.68849E+02  4.48739E-04   1.67724E+02  4.11037E-04   1.66733E+02  3.72256E-04   1.65815E+02  3.32950E-04   1.65005E+02  2.93187E-04   1.64290E+02  2.52415E-04   1.63698E+02  2.11398E-04   1.63129E+02  1.69512E-04   1.62660E+02  1.27042E-04   1.62418E+02  8.44814E-05   1.62055E+02  4.16249E-05   1.61839E+02  1.42784E-06   3.43264E+02  4.43078E-05   3.42303E+02  8.72147E-05   3.42330E+02  1.29774E-04   3.42609E+02  1.71987E-04   3.42882E+02  2.13495E-04   3.43337E+02  2.54461E-04   3.43807E+02  2.95034E-04   3.44413E+02  3.34437E-04   3.45151E+02  3.73402E-04   3.45949E+02  4.11564E-04   3.46855E+02  4.49318E-04   3.47835E+02  4.85815E-04   3.48957E+02  5.22168E-04   3.50111E+02  5.58044E-04   3.51391E+02  5.93455E-04   3.52726E+02  6.28828E-04   3.54168E+02  6.62997E-04   3.55670E+02  6.97729E-04   3.57235E+02  7.31683E-04   3.58855E+02  7.66312E-04   5.24991E-01  8.01511E-04   2.23095E+00  8.36799E-04   3.92706E+00  8.74665E-04   5.59420E+00  9.13152E-04   7.22702E+00  9.52641E-04   8.75032E+00  9.93315E-04   1.02273E+01  1.03164E-03   1.16249E+01  1.07007E-03   1.29563E+01  1.10580E-03   1.43430E+01  1.14045E-03   1.56140E+01  1.17735E-03   1.69099E+01  1.21193E-03   1.80991E+01  1.24873E-03   1.91100E+01  1.28324E-03   2.01654E+01  1.30940E-03   2.10867E+01  1.33243E-03   2.19691E+01  1.35153E-03   2.28967E+01  1.36690E-03   2.36822E+01  1.37905E-03   2.44748E+01  1.38878E-03   2.54226E+01 
 1.39707E-03   2.06472E+02  1.39688E-03   2.05447E+02  1.38602E-03   2.04522E+02  1.36877E-03   2.03706E+02  1.35422E-03   2.02874E+02  1.33088E-03   2.02022E+02  1.30073E-03   2.01198E+02  1.27376E-03   2.00223E+02  1.23893E-03   1.99185E+02  1.20536E-03   1.98189E+02  1.17305E-03   1.97093E+02  1.13448E-03   1.95974E+02  1.09874E-03   1.94821E+02  1.06057E-03   1.93551E+02  1.02043E-03   1.92226E+02  9.81939E-04   1.90842E+02  9.40256E-04   1.89345E+02  9.01189E-04   1.87892E+02  8.61750E-04   1.86355E+02  8.22039E-04   1.84840E+02  7.84818E-04   1.83363E+02  7.46122E-04   1.81824E+02  7.10146E-04   1.80410E+02  6.72686E-04   1.78926E+02  6.36659E-04   1.77575E+02  6.00005E-04   1.76174E+02  5.63384E-04   1.74869E+02  5.26902E-04   1.73630E+02  4.89308E-04   1.72408E+02  4.52267E-04   1.71359E+02  4.13600E-04   1.70297E+02  3.75222E-04   1.69418E+02  3.35270E-04   1.68534E+02  2.95371E-04   1.67874E+02  2.54362E-04   1.67212E+02  2.13417E-04   1.66692E+02  1.71426E-04   1.66157E+02  1.29262E-04   1.65844E+02  8.65675E-05   1.65682E+02  4.39134E-05   1.65300E+02  1.09121E-06   1.54701E+02  4.16297E-05   3.45674E+02  8.43816E-05   3.45937E+02  1.27360E-04   3.46086E+02  1.69234E-04   3.46361E+02  2.11333E-04   3.46812E+02  2.52846E-04   3.47256E+02  2.93883E-04   3.47912E+02  3.34120E-04   3.48563E+02  3.74291E-04   3.49419E+02  4.13477E-04   3.50227E+02  4.52706E-04   3.51303E+02  4.90598E-04   3.52329E+02  5.28725E-04   3.53520E+02  5.65545E-04   3.54769E+02  6.02178E-04   3.56068E+02  6.38369E-04   3.57504E+02  6.73865E-04   3.58882E+02  7.10265E-04   4.54894E-01  7.45967E-04   1.90571E+00  7.83871E-04   3.46904E+00  8.21074E-04   4.95122E+00  8.60678E-04   6.43177E+00  9.01114E-04   7.91865E+00  9.40759E-04   9.29467E+00  9.81976E-04   1.07612E+01  1.01997E-03   1.21014E+01  1.05787E-03   1.35066E+01  1.09549E-03   1.48804E+01  1.13128E-03   1.61077E+01  1.17075E-03   1.73161E+01  1.20836E-03   1.83493E+01  1.24484E-03   1.92659E+01  1.28002E-03   2.02140E+01  1.30549E-03   2.11096E+01  1.32778E-03   2.20025E+01  1.34925E-03   2.29090E+01  1.36713E-03   2.37087E+01  1.38301E-03   2.44683E+01  1.39672E-03   2.53510E+01  1.40192E-03   2.63385E+01 
 1.39910E-03   2.07204E+02  1.39931E-03   2.06438E+02  1.39641E-03   2.05493E+02  1.38248E-03   2.04630E+02  1.36525E-03   2.03776E+02  1.34895E-03   2.02943E+02  1.32492E-03   2.02151E+02  1.29833E-03   2.01386E+02  1.27058E-03   2.00540E+02  1.23453E-03   1.99538E+02  1.19910E-03   1.98570E+02  1.16259E-03   1.97467E+02  1.12159E-03   1.96304E+02  1.08463E-03   1.95228E+02  1.04444E-03   1.93975E+02  1.00487E-03   1.92817E+02  9.66933E-04   1.91542E+02  9.25818E-04   1.90191E+02  8.88062E-04   1.88904E+02  8.47034E-04   1.87415E+02  8.07916E-04   1.86079E+02  7.67816E-04   1.84626E+02  7.27487E-04   1.83231E+02  6.89114E-04   1.81893E+02  6.48599E-04   1.80502E+02  6.10619E-04   1.79330E+02  5.70441E-04   1.78027E+02  5.32485E-04   1.76941E+02  4.92372E-04   1.75814E+02  4.53522E-04   1.74810E+02  4.13997E-04   1.73868E+02  3.74125E-04   1.73013E+02  3.34039E-04   1.72244E+02  2.93118E-04   1.71547E+02  2.52213E-04   1.70975E+02  2.10260E-04   1.70445E+02  1.68642E-04   1.70133E+02  1.26142E-04   1.69826E+02  8.38743E-05   1.69637E+02  4.07970E-05   1.69981E+02  2.09635E-06   3.37863E+02  4.47927E-05   3.48653E+02  8.77527E-05   3.48872E+02  1.30443E-04   3.49276E+02  1.73172E-04   3.49718E+02  2.15220E-04   3.50135E+02  2.57051E-04   3.50693E+02  2.98239E-04   3.51270E+02  3.39216E-04   3.52020E+02  3.79501E-04   3.52812E+02  4.19192E-04   3.53698E+02  4.58357E-04   3.54687E+02  4.96299E-04   3.55678E+02  5.34719E-04   3.56873E+02  5.71356E-04   3.57978E+02  6.09652E-04   3.59323E+02  6.46166E-04   5.35712E-01  6.84909E-04   1.95619E+00  7.22726E-04   3.27892E+00  7.62448E-04   4.66350E+00  8.03239E-04   6.09335E+00  8.43166E-04   7.37744E+00  8.85936E-04   8.87183E+00  9.25751E-04   1.01319E+01  9.67493E-04   1.15558E+01  1.00613E-03   1.28730E+01  1.04419E-03   1.41052E+01  1.08412E-03   1.54014E+01  1.12092E-03   1.63981E+01  1.16157E-03   1.74945E+01  1.20033E-03   1.84344E+01  1.23590E-03   1.93055E+01  1.27073E-03   2.03288E+01  1.29786E-03   2.12510E+01  1.32109E-03   2.22142E+01  1.34551E-03   2.31062E+01  1.36706E-03   2.38535E+01  1.38409E-03   2.46078E+01  1.39890E-03   2.54407E+01  1.40444E-03   2.64177E+01  1.39980E-03   2.73167E+01 
 1.40482E-03   2.08077E+02  1.40262E-03   2.07290E+02  1.40270E-03   2.06503E+02  1.39627E-03   2.05646E+02  1.37997E-03   2.04804E+02  1.36094E-03   2.03917E+02  1.33843E-03   2.03082E+02  1.31220E-03   2.02216E+02  1.28547E-03   2.01480E+02  1.25789E-03   2.00701E+02  1.22411E-03   1.99789E+02  1.19070E-03   1.98978E+02  1.15335E-03   1.97885E+02  1.11202E-03   1.96843E+02  1.07319E-03   1.95768E+02  1.02922E-03   1.94538E+02  9.88685E-04   1.93490E+02  9.46432E-04   1.92238E+02  9.04943E-04   1.91079E+02  8.65841E-04   1.89893E+02  8.23898E-04   1.88581E+02  7.85973E-04   1.87415E+02  7.44700E-04   1.86058E+02  7.05876E-04   1.84849E+02  6.65585E-04   1.83578E+02  6.25107E-04   1.82321E+02  5.85541E-04   1.81185E+02  5.44234E-04   1.80009E+02  5.04604E-04   1.78998E+02  4.62788E-04   1.77962E+02  4.22480E-04   1.77124E+02  3.80661E-04   1.76209E+02  3.39510E-04   1.75536E+02  2.97201E-04   1.74799E+02  2.55535E-04   1.74303E+02  2.13104E-04   1.73751E+02  1.70521E-04   1.73435E+02  1.27784E-04   1.73105E+02  8.47943E-05   1.73099E+02  4.17139E-05   1.73278E+02  1.44462E-06   3.32430E+02  4.43355E-05   3.51873E+02  8.73431E-05   3.52515E+02  1.29886E-04   3.52784E+02  1.72338E-04   3.53227E+02  2.14353E-04   3.53659E+02  2.56437E-04   3.54282E+02  2.97495E-04   3.54794E+02  3.38827E-04   3.55605E+02  3.78923E-04   3.56282E+02  4.19564E-04   3.57236E+02  4.58750E-04   3.58085E+02  4.98858E-04   3.59156E+02  5.37997E-04   1.52614E-01  5.78651E-04   1.31295E+00  6.18801E-04   2.44484E+00  6.59477E-04   3.62642E+00  7.01428E-04   4.89273E+00  7.42506E-04   6.05732E+00  7.86179E-04   7.39969E+00  8.27017E-04   8.53811E+00  8.69932E-04   9.89789E+00  9.10479E-04   1.10868E+01  9.50393E-04   1.23005E+01  9.90709E-04   1.35767E+01  1.02834E-03   1.45802E+01  1.06990E-03   1.58038E+01  1.10872E-03   1.67537E+01  1.14966E-03   1.77530E+01  1.18996E-03   1.88128E+01  1.22557E-03   1.96680E+01  1.26024E-03   2.07581E+01  1.28939E-03   2.16627E+01  1.31441E-03   2.24979E+01  1.33986E-03   2.33122E+01  1.36348E-03   2.39147E+01  1.38035E-03   2.46482E+01  1.39513E-03   2.55024E+01  1.40305E-03   2.64367E+01  1.40111E-03   2.73700E+01  1.40128E-03   2.82077E+01 
 1.40094E-03   2.09272E+02  1.40197E-03   2.08218E+02  1.39854E-03   2.07384E+02  1.39835E-03   2.06598E+02  1.39075E-03   2.05824E+02  1.37703E-03   2.05013E+02  1.35809E-03   2.04226E+02  1.33258E-03   2.03390E+02  1.30281E-03   2.02506E+02  1.27278E-03   2.01772E+02  1.24109E-03   2.00920E+02  1.20699E-03   2.00116E+02  1.17449E-03   1.99329E+02  1.13703E-03   1.98326E+02  1.09913E-03   1.97421E+02  1.05965E-03   1.96352E+02  1.01649E-03   1.95236E+02  9.75281E-04   1.94209E+02  9.30205E-04   1.93006E+02  8.87717E-04   1.91971E+02  8.44805E-04   1.90843E+02  8.01611E-04   1.89729E+02  7.60605E-04   1.88698E+02  7.17811E-04   1.87534E+02  6.77748E-04   1.86521E+02  6.35624E-04   1.85377E+02  5.95214E-04   1.84389E+02  5.53760E-04   1.83281E+02  5.12769E-04   1.82347E+02  4.71357E-04   1.81349E+02  4.29343E-04   1.80438E+02  3.87503E-04   1.79697E+02  3.45129E-04   1.78872E+02  3.03001E-04   1.78255E+02  2.59736E-04   1.77544E+02  2.17118E-04   1.77084E+02  1.73634E-04   1.76486E+02  1.30704E-04   1.76224E+02  8.71019E-05   1.75618E+02  4.36676E-05   1.75001E+02  9.29076E-07   1.00703E+02  4.29681E-05   3.57510E+02  8.61740E-05   3.56809E+02  1.29500E-04   3.57025E+02  1.72229E-04   3.57103E+02  2.15038E-04   3.57579E+02  2.57214E-04   3.57902E+02  2.99631E-04   3.58502E+02  3.41458E-04   3.59032E+02  3.83607E-04   3.59820E+02  4.25368E-04   5.54313E-01  4.67585E-04   1.38919E+00  5.09543E-04   2.32041E+00  5.51793E-04   3.20364E+00  5.94783E-04   4.29470E+00  6.36679E-04   5.23993E+00  6.80240E-04   6.41374E+00  7.21812E-04   7.44116E+00  7.64648E-04   8.64061E+00  8.06027E-04   9.71776E+00  8.47147E-04   1.08827E+01  8.88453E-04   1.20457E+01  9.28072E-04   1.31044E+01  9.69620E-04   1.43221E+01  1.00965E-03   1.52712E+01  1.05214E-03   1.63747E+01  1.09470E-03   1.73699E+01  1.13551E-03   1.82658E+01  1.17679E-03   1.93172E+01  1.21303E-03   2.01249E+01  1.24649E-03   2.10416E+01  1.27710E-03   2.19027E+01  1.30324E-03   2.25659E+01  1.32931E-03   2.33431E+01  1.35433E-03   2.39993E+01  1.37276E-03   2.47633E+01  1.38848E-03   2.57447E+01  1.39963E-03   2.66627E+01  1.40133E-03   2.75412E+01  1.40320E-03   2.83786E+01  1.40247E-03   2.91783E+01 
