/rn,a,b/nx0/ls1
/r,qa,qb
81 -0.4 0.4 0 OUTPUT_AMP_PHASE_3D Wavelength=0.8
81 -0.4 0.4
 1.26316E+00   2.59595E+02  1.28216E+00   2.57140E+02  1.30126E+00   2.54729E+02  1.32043E+00   2.52362E+02  1.33965E+00   2.50041E+02  1.35889E+00   2.47766E+02  1.37814E+00   2.45539E+02  1.39738E+00   2.43361E+02  1.41658E+00   2.41233E+02  1.43571E+00   2.39155E+02  1.45475E+00   2.37130E+02  1.47366E+00   2.35157E+02  1.49241E+00   2.33239E+02  1.51097E+00   2.31375E+02  1.52931E+00   2.29568E+02  1.54740E+00   2.27819E+02  1.56519E+00   2.26127E+02  1.58265E+00   2.24495E+02  1.59976E+00   2.22923E+02  1.61646E+00   2.21413E+02  1.63272E+00   2.19965E+02  1.64849E+00   2.18581E+02  1.66376E+00   2.17261E+02  1.67846E+00   2.16006E+02  1.69257E+00   2.14818E+02  1.70605E+00   2.13697E+02  1.71886E+00   2.12644E+02  1.73097E+00   2.11660E+02  1.74233E+00   2.10745E+02  1.75293E+00   2.09901E+02  1.76271E+00   2.09127E+02  1.77167E+00   2.08426E+02  1.77976E+00   2.07796E+02  1.78697E+00   2.07240E+02  1.79326E+00   2.06756E+02  1.79862E+00   2.06346E+02  1.80302E+00   2.06011E+02  1.80647E+00   2.05749E+02  1.80894E+00   2.05562E+02  1.81043E+00   2.05450E+02  1.81092E+00   2.05413E+02  1.81043E+00   2.05450E+02  1.80894E+00   2.05562E+02  1.80647E+00   2.05749E+02  1.80302E+00   2.06011E+02  1.79862E+00   2.06346E+02  1.79326E+00   2.06756E+02  1.78697E+00   2.07240E+02  1.77976E+00   2.07796E+02  1.77167E+00   2.08426E+02  1.76272E+00   2.09127E+02  1.75293E+00   2.09901E+02  1.74233E+00   2.10745E+02  1.73097E+00   2.11659E+02  1.71886E+00   2.12644E+02  1.70605E+00   2.13697E+02  1.69257E+00   2.14818E+02  1.67846E+00   2.16006E+02  1.66376E+00   2.17261E+02  1.64849E+00   2.18581E+02  1.63272E+00   2.19965E+02  1.61646E+00   2.21413E+02  1.59976E+00   2.22923E+02  1.58266E+00   2.24495E+02  1.56519E+00   2.26127E+02  1.54740E+00   2.27819E+02  1.52931E+00   2.29568E+02  1.51097E+00   2.31375E+02  1.49241E+00   2.33239E+02  1.47366E+00   2.35157E+02  1.45475E+00   2.37130E+02  1.43572E+00   2.39155E+02  1.41658E+00   2.41233E+02  1.39738E+00   2.43361E+02  1.37814E+00   2.45539E+02  1.35889E+00   2.47766E+02  1.33964E+00   2.50041E+02  1.32042E+00   2.52362E+02  1.30126E+00   2.54729E+02  1.28216E+00   2.57140E+02  1.26316E+00   2.59595E+02 
 1.25009E+00   2.57139E+02  1.26920E+00   2.54665E+02  1.28842E+00   2.52234E+02  1.30771E+00   2.49848E+02  1.32706E+00   2.47508E+02  1.34644E+00   2.45214E+02  1.36586E+00   2.42968E+02  1.38527E+00   2.40771E+02  1.40464E+00   2.38624E+02  1.42396E+00   2.36529E+02  1.44318E+00   2.34485E+02  1.46228E+00   2.32494E+02  1.48124E+00   2.30558E+02  1.50001E+00   2.28677E+02  1.51858E+00   2.26852E+02  1.53689E+00   2.25085E+02  1.55491E+00   2.23377E+02  1.57262E+00   2.21729E+02  1.58996E+00   2.20141E+02  1.60690E+00   2.18616E+02  1.62339E+00   2.17153E+02  1.63941E+00   2.15754E+02  1.65491E+00   2.14420E+02  1.66985E+00   2.13152E+02  1.68420E+00   2.11951E+02  1.69790E+00   2.10818E+02  1.71094E+00   2.09753E+02  1.72325E+00   2.08758E+02  1.73483E+00   2.07833E+02  1.74561E+00   2.06979E+02  1.75559E+00   2.06197E+02  1.76471E+00   2.05487E+02  1.77296E+00   2.04850E+02  1.78030E+00   2.04287E+02  1.78671E+00   2.03798E+02  1.79217E+00   2.03384E+02  1.79667E+00   2.03044E+02  1.80018E+00   2.02780E+02  1.80270E+00   2.02591E+02  1.80422E+00   2.02477E+02  1.80472E+00   2.02439E+02  1.80422E+00   2.02477E+02  1.80270E+00   2.02591E+02  1.80018E+00   2.02780E+02  1.79667E+00   2.03044E+02  1.79217E+00   2.03384E+02  1.78671E+00   2.03798E+02  1.78030E+00   2.04287E+02  1.77296E+00   2.04850E+02  1.76471E+00   2.05487E+02  1.75559E+00   2.06197E+02  1.74561E+00   2.06979E+02  1.73483E+00   2.07833E+02  1.72325E+00   2.08758E+02  1.71094E+00   2.09753E+02  1.69790E+00   2.10818E+02  1.68420E+00   2.11951E+02  1.66985E+00   2.13152E+02  1.65491E+00   2.14420E+02  1.63941E+00   2.15754E+02  1.62339E+00   2.17153E+02  1.60690E+00   2.18616E+02  1.58995E+00   2.20141E+02  1.57262E+00   2.21729E+02  1.55492E+00   2.23377E+02  1.53689E+00   2.25086E+02  1.51858E+00   2.26852E+02  1.50001E+00   2.28677E+02  1.48124E+00   2.30558E+02  1.46228E+00   2.32494E+02  1.44318E+00   2.34485E+02  1.42395E+00   2.36529E+02  1.40464E+00   2.38624E+02  1.38527E+00   2.40772E+02  1.36586E+00   2.42968E+02  1.34645E+00   2.45214E+02  1.32705E+00   2.47508E+02  1.30770E+00   2.49848E+02  1.28841E+00   2.52234E+02  1.26920E+00   2.54665E+02  1.25009E+00   2.57139E+02 
 1.23616E+00   2.54727E+02  1.25537E+00   2.52233E+02  1.27467E+00   2.49783E+02  1.29406E+00   2.47378E+02  1.31354E+00   2.45019E+02  1.33306E+00   2.42706E+02  1.35261E+00   2.40441E+02  1.37216E+00   2.38225E+02  1.39169E+00   2.36060E+02  1.41117E+00   2.33945E+02  1.43056E+00   2.31883E+02  1.44986E+00   2.29874E+02  1.46900E+00   2.27920E+02  1.48798E+00   2.26022E+02  1.50675E+00   2.24180E+02  1.52528E+00   2.22396E+02  1.54352E+00   2.20671E+02  1.56144E+00   2.19006E+02  1.57901E+00   2.17402E+02  1.59617E+00   2.15861E+02  1.61290E+00   2.14383E+02  1.62915E+00   2.12970E+02  1.64488E+00   2.11622E+02  1.66005E+00   2.10340E+02  1.67461E+00   2.09126E+02  1.68855E+00   2.07980E+02  1.70179E+00   2.06904E+02  1.71432E+00   2.05898E+02  1.72609E+00   2.04962E+02  1.73706E+00   2.04099E+02  1.74721E+00   2.03308E+02  1.75650E+00   2.02590E+02  1.76490E+00   2.01946E+02  1.77237E+00   2.01376E+02  1.77891E+00   2.00882E+02  1.78447E+00   2.00462E+02  1.78905E+00   2.00119E+02  1.79263E+00   1.99851E+02  1.79520E+00   1.99660E+02  1.79674E+00   1.99545E+02  1.79726E+00   1.99507E+02  1.79674E+00   1.99545E+02  1.79520E+00   1.99660E+02  1.79263E+00   1.99851E+02  1.78905E+00   2.00119E+02  1.78447E+00   2.00462E+02  1.77891E+00   2.00882E+02  1.77237E+00   2.01376E+02  1.76490E+00   2.01946E+02  1.75650E+00   2.02590E+02  1.74721E+00   2.03308E+02  1.73706E+00   2.04099E+02  1.72609E+00   2.04962E+02  1.71432E+00   2.05898E+02  1.70179E+00   2.06904E+02  1.68855E+00   2.07980E+02  1.67461E+00   2.09126E+02  1.66005E+00   2.10340E+02  1.64488E+00   2.11622E+02  1.62915E+00   2.12970E+02  1.61290E+00   2.14383E+02  1.59617E+00   2.15861E+02  1.57901E+00   2.17402E+02  1.56144E+00   2.19006E+02  1.54352E+00   2.20671E+02  1.52528E+00   2.22396E+02  1.50675E+00   2.24180E+02  1.48799E+00   2.26022E+02  1.46900E+00   2.27920E+02  1.44986E+00   2.29874E+02  1.43056E+00   2.31883E+02  1.41116E+00   2.33945E+02  1.39169E+00   2.36060E+02  1.37216E+00   2.38226E+02  1.35261E+00   2.40441E+02  1.33306E+00   2.42706E+02  1.31354E+00   2.45019E+02  1.29406E+00   2.47378E+02  1.27467E+00   2.49783E+02  1.25536E+00   2.52233E+02  1.23617E+00   2.54727E+02 
 1.22135E+00   2.52359E+02  1.24062E+00   2.49846E+02  1.26000E+00   2.47377E+02  1.27949E+00   2.44953E+02  1.29906E+00   2.42574E+02  1.31869E+00   2.40243E+02  1.33835E+00   2.37959E+02  1.35803E+00   2.35724E+02  1.37770E+00   2.33540E+02  1.39732E+00   2.31407E+02  1.41688E+00   2.29326E+02  1.43634E+00   2.27299E+02  1.45567E+00   2.25327E+02  1.47483E+00   2.23411E+02  1.49378E+00   2.21551E+02  1.51250E+00   2.19750E+02  1.53094E+00   2.18009E+02  1.54908E+00   2.16327E+02  1.56685E+00   2.14708E+02  1.58423E+00   2.13151E+02  1.60118E+00   2.11658E+02  1.61765E+00   2.10229E+02  1.63360E+00   2.08867E+02  1.64899E+00   2.07572E+02  1.66377E+00   2.06345E+02  1.67791E+00   2.05187E+02  1.69137E+00   2.04098E+02  1.70409E+00   2.03081E+02  1.71605E+00   2.02135E+02  1.72721E+00   2.01262E+02  1.73753E+00   2.00462E+02  1.74698E+00   1.99736E+02  1.75552E+00   1.99084E+02  1.76313E+00   1.98508E+02  1.76978E+00   1.98008E+02  1.77544E+00   1.97583E+02  1.78011E+00   1.97236E+02  1.78375E+00   1.96965E+02  1.78637E+00   1.96771E+02  1.78794E+00   1.96655E+02  1.78846E+00   1.96616E+02  1.78794E+00   1.96655E+02  1.78637E+00   1.96771E+02  1.78375E+00   1.96965E+02  1.78011E+00   1.97236E+02  1.77544E+00   1.97583E+02  1.76978E+00   1.98008E+02  1.76313E+00   1.98508E+02  1.75552E+00   1.99084E+02  1.74698E+00   1.99736E+02  1.73753E+00   2.00462E+02  1.72721E+00   2.01262E+02  1.71605E+00   2.02135E+02  1.70409E+00   2.03081E+02  1.69137E+00   2.04098E+02  1.67791E+00   2.05187E+02  1.66377E+00   2.06345E+02  1.64899E+00   2.07572E+02  1.63360E+00   2.08867E+02  1.61765E+00   2.10230E+02  1.60118E+00   2.11658E+02  1.58423E+00   2.13151E+02  1.56685E+00   2.14708E+02  1.54908E+00   2.16327E+02  1.53094E+00   2.18009E+02  1.51250E+00   2.19750E+02  1.49378E+00   2.21551E+02  1.47483E+00   2.23411E+02  1.45567E+00   2.25327E+02  1.43634E+00   2.27300E+02  1.41688E+00   2.29326E+02  1.39732E+00   2.31407E+02  1.37770E+00   2.33540E+02  1.35803E+00   2.35724E+02  1.33835E+00   2.37959E+02  1.31868E+00   2.40243E+02  1.29906E+00   2.42574E+02  1.27949E+00   2.44953E+02  1.26000E+00   2.47377E+02  1.24061E+00   2.49846E+02  1.22135E+00   2.52359E+02 
 1.20563E+00   2.50037E+02  1.22494E+00   2.47505E+02  1.24438E+00   2.45017E+02  1.26393E+00   2.42573E+02  1.28358E+00   2.40176E+02  1.30329E+00   2.37825E+02  1.32306E+00   2.35523E+02  1.34285E+00   2.33269E+02  1.36263E+00   2.31066E+02  1.38239E+00   2.28915E+02  1.40208E+00   2.26816E+02  1.42169E+00   2.24770E+02  1.44117E+00   2.22780E+02  1.46049E+00   2.20846E+02  1.47962E+00   2.18969E+02  1.49852E+00   2.17151E+02  1.51715E+00   2.15392E+02  1.53547E+00   2.13694E+02  1.55345E+00   2.12058E+02  1.57103E+00   2.10486E+02  1.58818E+00   2.08977E+02  1.60486E+00   2.07534E+02  1.62101E+00   2.06158E+02  1.63661E+00   2.04849E+02  1.65160E+00   2.03608E+02  1.66594E+00   2.02437E+02  1.67959E+00   2.01337E+02  1.69251E+00   2.00308E+02  1.70465E+00   1.99352E+02  1.71598E+00   1.98469E+02  1.72647E+00   1.97660E+02  1.73607E+00   1.96926E+02  1.74475E+00   1.96267E+02  1.75249E+00   1.95684E+02  1.75925E+00   1.95178E+02  1.76501E+00   1.94748E+02  1.76976E+00   1.94396E+02  1.77347E+00   1.94123E+02  1.77613E+00   1.93927E+02  1.77772E+00   1.93809E+02  1.77826E+00   1.93770E+02  1.77772E+00   1.93809E+02  1.77613E+00   1.93927E+02  1.77347E+00   1.94123E+02  1.76976E+00   1.94396E+02  1.76501E+00   1.94748E+02  1.75925E+00   1.95178E+02  1.75249E+00   1.95684E+02  1.74475E+00   1.96267E+02  1.73607E+00   1.96926E+02  1.72647E+00   1.97660E+02  1.71598E+00   1.98469E+02  1.70465E+00   1.99352E+02  1.69251E+00   2.00308E+02  1.67959E+00   2.01337E+02  1.66594E+00   2.02437E+02  1.65160E+00   2.03608E+02  1.63661E+00   2.04849E+02  1.62102E+00   2.06158E+02  1.60486E+00   2.07534E+02  1.58818E+00   2.08977E+02  1.57103E+00   2.10486E+02  1.55345E+00   2.12058E+02  1.53547E+00   2.13694E+02  1.51715E+00   2.15392E+02  1.49852E+00   2.17151E+02  1.47962E+00   2.18969E+02  1.46049E+00   2.20846E+02  1.44117E+00   2.22780E+02  1.42169E+00   2.24770E+02  1.40208E+00   2.26816E+02  1.38239E+00   2.28915E+02  1.36264E+00   2.31066E+02  1.34285E+00   2.33269E+02  1.32306E+00   2.35523E+02  1.30330E+00   2.37825E+02  1.28358E+00   2.40176E+02  1.26393E+00   2.42573E+02  1.24438E+00   2.45017E+02  1.22493E+00   2.47505E+02  1.20563E+00   2.50037E+02 
 1.18897E+00   2.47761E+02  1.20830E+00   2.45210E+02  1.22778E+00   2.42703E+02  1.24738E+00   2.40241E+02  1.26708E+00   2.37824E+02  1.28687E+00   2.35455E+02  1.30671E+00   2.33133E+02  1.32658E+00   2.30861E+02  1.34646E+00   2.28639E+02  1.36632E+00   2.26469E+02  1.38613E+00   2.24352E+02  1.40587E+00   2.22288E+02  1.42548E+00   2.20280E+02  1.44495E+00   2.18328E+02  1.46423E+00   2.16434E+02  1.48329E+00   2.14598E+02  1.50209E+00   2.12823E+02  1.52058E+00   2.11108E+02  1.53874E+00   2.09456E+02  1.55650E+00   2.07867E+02  1.57385E+00   2.06343E+02  1.59071E+00   2.04886E+02  1.60706E+00   2.03494E+02  1.62285E+00   2.02172E+02  1.63803E+00   2.00918E+02  1.65256E+00   1.99735E+02  1.66640E+00   1.98622E+02  1.67950E+00   1.97582E+02  1.69181E+00   1.96615E+02  1.70332E+00   1.95722E+02  1.71396E+00   1.94904E+02  1.72370E+00   1.94161E+02  1.73252E+00   1.93495E+02  1.74038E+00   1.92905E+02  1.74725E+00   1.92393E+02  1.75311E+00   1.91958E+02  1.75793E+00   1.91603E+02  1.76170E+00   1.91325E+02  1.76441E+00   1.91127E+02  1.76603E+00   1.91008E+02  1.76657E+00   1.90969E+02  1.76603E+00   1.91008E+02  1.76441E+00   1.91127E+02  1.76170E+00   1.91325E+02  1.75793E+00   1.91603E+02  1.75311E+00   1.91958E+02  1.74725E+00   1.92393E+02  1.74038E+00   1.92905E+02  1.73252E+00   1.93495E+02  1.72370E+00   1.94161E+02  1.71395E+00   1.94904E+02  1.70332E+00   1.95722E+02  1.69182E+00   1.96615E+02  1.67950E+00   1.97582E+02  1.66640E+00   1.98622E+02  1.65256E+00   1.99735E+02  1.63803E+00   2.00918E+02  1.62285E+00   2.02172E+02  1.60707E+00   2.03494E+02  1.59071E+00   2.04885E+02  1.57385E+00   2.06343E+02  1.55651E+00   2.07867E+02  1.53874E+00   2.09456E+02  1.52058E+00   2.11108E+02  1.50209E+00   2.12822E+02  1.48329E+00   2.14598E+02  1.46423E+00   2.16434E+02  1.44495E+00   2.18328E+02  1.42548E+00   2.20280E+02  1.40587E+00   2.22288E+02  1.38613E+00   2.24352E+02  1.36632E+00   2.26469E+02  1.34646E+00   2.28639E+02  1.32658E+00   2.30861E+02  1.30671E+00   2.33133E+02  1.28687E+00   2.35455E+02  1.26708E+00   2.37824E+02  1.24738E+00   2.40241E+02  1.22778E+00   2.42703E+02  1.20830E+00   2.45210E+02  1.18896E+00   2.47761E+02 
 1.17135E+00   2.45534E+02  1.19069E+00   2.42964E+02  1.21018E+00   2.40438E+02  1.22980E+00   2.37956E+02  1.24954E+00   2.35521E+02  1.26936E+00   2.33132E+02  1.28925E+00   2.30792E+02  1.30918E+00   2.28501E+02  1.32914E+00   2.26261E+02  1.34909E+00   2.24072E+02  1.36899E+00   2.21936E+02  1.38883E+00   2.19854E+02  1.40856E+00   2.17828E+02  1.42814E+00   2.15858E+02  1.44755E+00   2.13946E+02  1.46675E+00   2.12093E+02  1.48570E+00   2.10301E+02  1.50435E+00   2.08570E+02  1.52267E+00   2.06901E+02  1.54061E+00   2.05297E+02  1.55812E+00   2.03758E+02  1.57516E+00   2.02285E+02  1.59169E+00   2.00879E+02  1.60765E+00   1.99542E+02  1.62301E+00   1.98275E+02  1.63772E+00   1.97079E+02  1.65173E+00   1.95955E+02  1.66499E+00   1.94903E+02  1.67748E+00   1.93925E+02  1.68913E+00   1.93022E+02  1.69992E+00   1.92195E+02  1.70981E+00   1.91444E+02  1.71876E+00   1.90769E+02  1.72673E+00   1.90173E+02  1.73371E+00   1.89655E+02  1.73965E+00   1.89216E+02  1.74455E+00   1.88855E+02  1.74838E+00   1.88575E+02  1.75112E+00   1.88375E+02  1.75278E+00   1.88254E+02  1.75333E+00   1.88214E+02  1.75278E+00   1.88254E+02  1.75112E+00   1.88375E+02  1.74838E+00   1.88575E+02  1.74455E+00   1.88855E+02  1.73965E+00   1.89216E+02  1.73371E+00   1.89655E+02  1.72673E+00   1.90173E+02  1.71876E+00   1.90769E+02  1.70981E+00   1.91444E+02  1.69992E+00   1.92195E+02  1.68913E+00   1.93022E+02  1.67748E+00   1.93925E+02  1.66499E+00   1.94903E+02  1.65173E+00   1.95955E+02  1.63772E+00   1.97079E+02  1.62301E+00   1.98275E+02  1.60765E+00   1.99542E+02  1.59169E+00   2.00879E+02  1.57516E+00   2.02285E+02  1.55812E+00   2.03758E+02  1.54061E+00   2.05297E+02  1.52267E+00   2.06901E+02  1.50435E+00   2.08570E+02  1.48570E+00   2.10301E+02  1.46675E+00   2.12093E+02  1.44755E+00   2.13946E+02  1.42814E+00   2.15858E+02  1.40856E+00   2.17828E+02  1.38883E+00   2.19854E+02  1.36900E+00   2.21936E+02  1.34909E+00   2.24072E+02  1.32914E+00   2.26261E+02  1.30919E+00   2.28501E+02  1.28925E+00   2.30792E+02  1.26936E+00   2.33132E+02  1.24954E+00   2.35521E+02  1.22980E+00   2.37956E+02  1.21018E+00   2.40438E+02  1.19069E+00   2.42964E+02  1.17135E+00   2.45534E+02 
 1.15276E+00   2.43355E+02  1.17208E+00   2.40766E+02  1.19156E+00   2.38221E+02  1.21117E+00   2.35721E+02  1.23091E+00   2.33267E+02  1.25075E+00   2.30859E+02  1.27067E+00   2.28500E+02  1.29064E+00   2.26191E+02  1.31065E+00   2.23932E+02  1.33065E+00   2.21724E+02  1.35062E+00   2.19570E+02  1.37053E+00   2.17470E+02  1.39035E+00   2.15426E+02  1.41004E+00   2.13438E+02  1.42956E+00   2.11509E+02  1.44888E+00   2.09638E+02  1.46795E+00   2.07829E+02  1.48673E+00   2.06081E+02  1.50519E+00   2.04396E+02  1.52327E+00   2.02776E+02  1.54093E+00   2.01221E+02  1.55813E+00   1.99733E+02  1.57482E+00   1.98313E+02  1.59095E+00   1.96962E+02  1.60647E+00   1.95682E+02  1.62133E+00   1.94473E+02  1.63550E+00   1.93336E+02  1.64893E+00   1.92273E+02  1.66156E+00   1.91284E+02  1.67337E+00   1.90371E+02  1.68430E+00   1.89534E+02  1.69431E+00   1.88775E+02  1.70338E+00   1.88093E+02  1.71146E+00   1.87490E+02  1.71854E+00   1.86966E+02  1.72457E+00   1.86521E+02  1.72953E+00   1.86157E+02  1.73342E+00   1.85873E+02  1.73620E+00   1.85670E+02  1.73788E+00   1.85549E+02  1.73844E+00   1.85508E+02  1.73788E+00   1.85549E+02  1.73620E+00   1.85670E+02  1.73342E+00   1.85873E+02  1.72953E+00   1.86157E+02  1.72457E+00   1.86521E+02  1.71854E+00   1.86966E+02  1.71146E+00   1.87490E+02  1.70338E+00   1.88093E+02  1.69431E+00   1.88775E+02  1.68429E+00   1.89534E+02  1.67337E+00   1.90371E+02  1.66156E+00   1.91284E+02  1.64893E+00   1.92273E+02  1.63550E+00   1.93336E+02  1.62133E+00   1.94473E+02  1.60646E+00   1.95682E+02  1.59095E+00   1.96962E+02  1.57482E+00   1.98313E+02  1.55813E+00   1.99733E+02  1.54093E+00   2.01221E+02  1.52327E+00   2.02776E+02  1.50519E+00   2.04396E+02  1.48673E+00   2.06081E+02  1.46795E+00   2.07829E+02  1.44888E+00   2.09638E+02  1.42956E+00   2.11509E+02  1.41003E+00   2.13438E+02  1.39035E+00   2.15426E+02  1.37053E+00   2.17470E+02  1.35062E+00   2.19570E+02  1.33065E+00   2.21724E+02  1.31065E+00   2.23932E+02  1.29064E+00   2.26191E+02  1.27067E+00   2.28500E+02  1.25075E+00   2.30859E+02  1.23091E+00   2.33267E+02  1.21117E+00   2.35721E+02  1.19155E+00   2.38221E+02  1.17208E+00   2.40766E+02  1.15276E+00   2.43355E+02 
 1.13318E+00   2.41226E+02  1.15245E+00   2.38618E+02  1.17188E+00   2.36055E+02  1.19146E+00   2.33536E+02  1.21118E+00   2.31063E+02  1.23101E+00   2.28637E+02  1.25093E+00   2.26259E+02  1.27092E+00   2.23931E+02  1.29094E+00   2.21653E+02  1.31097E+00   2.19427E+02  1.33099E+00   2.17255E+02  1.35095E+00   2.15137E+02  1.37083E+00   2.13075E+02  1.39059E+00   2.11069E+02  1.41019E+00   2.09122E+02  1.42960E+00   2.07234E+02  1.44878E+00   2.05408E+02  1.46767E+00   2.03643E+02  1.48624E+00   2.01942E+02  1.50445E+00   2.00305E+02  1.52225E+00   1.98735E+02  1.53958E+00   1.97232E+02  1.55640E+00   1.95798E+02  1.57267E+00   1.94433E+02  1.58834E+00   1.93139E+02  1.60335E+00   1.91917E+02  1.61767E+00   1.90768E+02  1.63123E+00   1.89693E+02  1.64400E+00   1.88694E+02  1.65594E+00   1.87771E+02  1.66700E+00   1.86924E+02  1.67713E+00   1.86156E+02  1.68631E+00   1.85466E+02  1.69450E+00   1.84856E+02  1.70166E+00   1.84326E+02  1.70777E+00   1.83877E+02  1.71280E+00   1.83508E+02  1.71674E+00   1.83221E+02  1.71956E+00   1.83016E+02  1.72126E+00   1.82893E+02  1.72182E+00   1.82852E+02  1.72126E+00   1.82893E+02  1.71956E+00   1.83016E+02  1.71674E+00   1.83221E+02  1.71280E+00   1.83508E+02  1.70777E+00   1.83877E+02  1.70166E+00   1.84326E+02  1.69450E+00   1.84856E+02  1.68631E+00   1.85466E+02  1.67713E+00   1.86156E+02  1.66700E+00   1.86924E+02  1.65594E+00   1.87771E+02  1.64400E+00   1.88694E+02  1.63123E+00   1.89693E+02  1.61767E+00   1.90768E+02  1.60335E+00   1.91917E+02  1.58834E+00   1.93139E+02  1.57267E+00   1.94433E+02  1.55640E+00   1.95798E+02  1.53958E+00   1.97232E+02  1.52225E+00   1.98735E+02  1.50445E+00   2.00306E+02  1.48625E+00   2.01942E+02  1.46767E+00   2.03643E+02  1.44878E+00   2.05408E+02  1.42960E+00   2.07234E+02  1.41019E+00   2.09122E+02  1.39059E+00   2.11069E+02  1.37083E+00   2.13075E+02  1.35095E+00   2.15137E+02  1.33099E+00   2.17255E+02  1.31097E+00   2.19428E+02  1.29094E+00   2.21653E+02  1.27092E+00   2.23931E+02  1.25093E+00   2.26259E+02  1.23101E+00   2.28637E+02  1.21118E+00   2.31063E+02  1.19147E+00   2.33536E+02  1.17188E+00   2.36055E+02  1.15245E+00   2.38618E+02  1.13318E+00   2.41226E+02 
 1.11258E+00   2.39147E+02  1.13177E+00   2.36522E+02  1.15114E+00   2.33940E+02  1.17066E+00   2.31402E+02  1.19033E+00   2.28911E+02  1.21012E+00   2.26466E+02  1.23001E+00   2.24070E+02  1.24998E+00   2.21723E+02  1.26999E+00   2.19427E+02  1.29003E+00   2.17183E+02  1.31005E+00   2.14992E+02  1.33004E+00   2.12856E+02  1.34995E+00   2.10775E+02  1.36976E+00   2.08752E+02  1.38942E+00   2.06787E+02  1.40889E+00   2.04882E+02  1.42814E+00   2.03039E+02  1.44712E+00   2.01257E+02  1.46579E+00   1.99540E+02  1.48409E+00   1.97888E+02  1.50199E+00   1.96302E+02  1.51944E+00   1.94784E+02  1.53638E+00   1.93334E+02  1.55277E+00   1.91955E+02  1.56856E+00   1.90648E+02  1.58370E+00   1.89413E+02  1.59814E+00   1.88252E+02  1.61183E+00   1.87166E+02  1.62473E+00   1.86155E+02  1.63678E+00   1.85222E+02  1.64795E+00   1.84366E+02  1.65820E+00   1.83589E+02  1.66748E+00   1.82892E+02  1.67575E+00   1.82275E+02  1.68300E+00   1.81739E+02  1.68918E+00   1.81284E+02  1.69427E+00   1.80911E+02  1.69825E+00   1.80621E+02  1.70111E+00   1.80414E+02  1.70283E+00   1.80289E+02  1.70340E+00   1.80247E+02  1.70283E+00   1.80289E+02  1.70111E+00   1.80414E+02  1.69825E+00   1.80621E+02  1.69427E+00   1.80911E+02  1.68918E+00   1.81284E+02  1.68300E+00   1.81739E+02  1.67575E+00   1.82275E+02  1.66748E+00   1.82892E+02  1.65820E+00   1.83589E+02  1.64795E+00   1.84366E+02  1.63678E+00   1.85222E+02  1.62473E+00   1.86155E+02  1.61183E+00   1.87166E+02  1.59814E+00   1.88252E+02  1.58370E+00   1.89413E+02  1.56856E+00   1.90648E+02  1.55277E+00   1.91955E+02  1.53638E+00   1.93334E+02  1.51944E+00   1.94784E+02  1.50199E+00   1.96302E+02  1.48409E+00   1.97888E+02  1.46579E+00   1.99540E+02  1.44712E+00   2.01257E+02  1.42814E+00   2.03039E+02  1.40889E+00   2.04882E+02  1.38942E+00   2.06787E+02  1.36976E+00   2.08752E+02  1.34995E+00   2.10775E+02  1.33004E+00   2.12856E+02  1.31005E+00   2.14992E+02  1.29003E+00   2.17183E+02  1.26999E+00   2.19427E+02  1.24998E+00   2.21723E+02  1.23001E+00   2.24070E+02  1.21012E+00   2.26466E+02  1.19033E+00   2.28911E+02  1.17066E+00   2.31402E+02  1.15114E+00   2.33940E+02  1.13177E+00   2.36522E+02  1.11258E+00   2.39147E+02 
 1.09096E+00   2.37121E+02  1.11004E+00   2.34477E+02  1.12931E+00   2.31877E+02  1.14875E+00   2.29321E+02  1.16833E+00   2.26811E+02  1.18805E+00   2.24348E+02  1.20788E+00   2.21933E+02  1.22780E+00   2.19568E+02  1.24777E+00   2.17254E+02  1.26778E+00   2.14991E+02  1.28779E+00   2.12782E+02  1.30777E+00   2.10628E+02  1.32768E+00   2.08529E+02  1.34751E+00   2.06489E+02  1.36719E+00   2.04507E+02  1.38670E+00   2.02584E+02  1.40600E+00   2.00724E+02  1.42503E+00   1.98926E+02  1.44376E+00   1.97192E+02  1.46214E+00   1.95524E+02  1.48012E+00   1.93922E+02  1.49765E+00   1.92389E+02  1.51469E+00   1.90925E+02  1.53118E+00   1.89532E+02  1.54707E+00   1.88211E+02  1.56232E+00   1.86963E+02  1.57686E+00   1.85790E+02  1.59066E+00   1.84692E+02  1.60366E+00   1.83670E+02  1.61582E+00   1.82727E+02  1.62709E+00   1.81862E+02  1.63743E+00   1.81076E+02  1.64680E+00   1.80371E+02  1.65516E+00   1.79747E+02  1.66247E+00   1.79205E+02  1.66872E+00   1.78745E+02  1.67386E+00   1.78368E+02  1.67788E+00   1.78075E+02  1.68077E+00   1.77865E+02  1.68251E+00   1.77738E+02  1.68309E+00   1.77697E+02  1.68251E+00   1.77738E+02  1.68077E+00   1.77865E+02  1.67788E+00   1.78075E+02  1.67386E+00   1.78368E+02  1.66872E+00   1.78745E+02  1.66247E+00   1.79205E+02  1.65516E+00   1.79747E+02  1.64680E+00   1.80371E+02  1.63743E+00   1.81076E+02  1.62709E+00   1.81862E+02  1.61582E+00   1.82727E+02  1.60366E+00   1.83670E+02  1.59066E+00   1.84692E+02  1.57686E+00   1.85790E+02  1.56232E+00   1.86963E+02  1.54707E+00   1.88211E+02  1.53118E+00   1.89532E+02  1.51469E+00   1.90925E+02  1.49765E+00   1.92389E+02  1.48012E+00   1.93922E+02  1.46214E+00   1.95523E+02  1.44376E+00   1.97192E+02  1.42503E+00   1.98926E+02  1.40600E+00   2.00724E+02  1.38670E+00   2.02584E+02  1.36719E+00   2.04506E+02  1.34751E+00   2.06489E+02  1.32769E+00   2.08529E+02  1.30777E+00   2.10628E+02  1.28778E+00   2.12782E+02  1.26778E+00   2.14991E+02  1.24777E+00   2.17254E+02  1.22780E+00   2.19568E+02  1.20789E+00   2.21933E+02  1.18805E+00   2.24348E+02  1.16833E+00   2.26811E+02  1.14875E+00   2.29321E+02  1.12931E+00   2.31877E+02  1.11004E+00   2.34477E+02  1.09096E+00   2.37121E+02 
 1.06829E+00   2.35148E+02  1.08723E+00   2.32486E+02  1.10637E+00   2.29867E+02  1.12569E+00   2.27293E+02  1.14517E+00   2.24765E+02  1.16479E+00   2.22284E+02  1.18452E+00   2.19850E+02  1.20435E+00   2.17467E+02  1.22425E+00   2.15135E+02  1.24420E+00   2.12854E+02  1.26416E+00   2.10627E+02  1.28410E+00   2.08455E+02  1.30399E+00   2.06339E+02  1.32380E+00   2.04280E+02  1.34348E+00   2.02281E+02  1.36299E+00   2.00341E+02  1.38230E+00   1.98463E+02  1.40136E+00   1.96649E+02  1.42012E+00   1.94899E+02  1.43854E+00   1.93215E+02  1.45658E+00   1.91598E+02  1.47417E+00   1.90049E+02  1.49128E+00   1.88571E+02  1.50784E+00   1.87164E+02  1.52381E+00   1.85829E+02  1.53913E+00   1.84568E+02  1.55377E+00   1.83383E+02  1.56765E+00   1.82273E+02  1.58074E+00   1.81241E+02  1.59298E+00   1.80287E+02  1.60433E+00   1.79413E+02  1.61475E+00   1.78619E+02  1.62419E+00   1.77906E+02  1.63262E+00   1.77275E+02  1.64000E+00   1.76726E+02  1.64629E+00   1.76261E+02  1.65148E+00   1.75880E+02  1.65554E+00   1.75583E+02  1.65846E+00   1.75371E+02  1.66021E+00   1.75243E+02  1.66080E+00   1.75201E+02  1.66021E+00   1.75243E+02  1.65846E+00   1.75371E+02  1.65554E+00   1.75583E+02  1.65148E+00   1.75880E+02  1.64629E+00   1.76261E+02  1.64000E+00   1.76726E+02  1.63262E+00   1.77275E+02  1.62419E+00   1.77906E+02  1.61475E+00   1.78619E+02  1.60433E+00   1.79413E+02  1.59298E+00   1.80287E+02  1.58074E+00   1.81241E+02  1.56765E+00   1.82273E+02  1.55377E+00   1.83383E+02  1.53913E+00   1.84568E+02  1.52381E+00   1.85829E+02  1.50784E+00   1.87164E+02  1.49128E+00   1.88571E+02  1.47417E+00   1.90049E+02  1.45658E+00   1.91598E+02  1.43854E+00   1.93215E+02  1.42012E+00   1.94899E+02  1.40136E+00   1.96649E+02  1.38230E+00   1.98463E+02  1.36299E+00   2.00341E+02  1.34347E+00   2.02281E+02  1.32380E+00   2.04280E+02  1.30399E+00   2.06339E+02  1.28410E+00   2.08455E+02  1.26416E+00   2.10627E+02  1.24420E+00   2.12854E+02  1.22425E+00   2.15135E+02  1.20435E+00   2.17467E+02  1.18452E+00   2.19850E+02  1.16479E+00   2.22283E+02  1.14517E+00   2.24765E+02  1.12569E+00   2.27293E+02  1.10637E+00   2.29867E+02  1.08724E+00   2.32486E+02  1.06829E+00   2.35148E+02 
 1.04457E+00   2.33229E+02  1.06334E+00   2.30549E+02  1.08232E+00   2.27912E+02  1.10149E+00   2.25320E+02  1.12082E+00   2.22774E+02  1.14030E+00   2.20274E+02  1.15991E+00   2.17823E+02  1.17962E+00   2.15422E+02  1.19942E+00   2.13071E+02  1.21927E+00   2.10773E+02  1.23914E+00   2.08528E+02  1.25901E+00   2.06338E+02  1.27884E+00   2.04204E+02  1.29859E+00   2.02128E+02  1.31823E+00   2.00111E+02  1.33771E+00   1.98155E+02  1.35700E+00   1.96260E+02  1.37606E+00   1.94429E+02  1.39482E+00   1.92663E+02  1.41326E+00   1.90963E+02  1.43131E+00   1.89330E+02  1.44894E+00   1.87767E+02  1.46608E+00   1.86274E+02  1.48269E+00   1.84853E+02  1.49871E+00   1.83505E+02  1.51409E+00   1.82231E+02  1.52878E+00   1.81033E+02  1.54273E+00   1.79912E+02  1.55588E+00   1.78869E+02  1.56819E+00   1.77905E+02  1.57961E+00   1.77021E+02  1.59009E+00   1.76218E+02  1.59959E+00   1.75497E+02  1.60807E+00   1.74859E+02  1.61550E+00   1.74305E+02  1.62184E+00   1.73835E+02  1.62707E+00   1.73449E+02  1.63116E+00   1.73149E+02  1.63409E+00   1.72934E+02  1.63586E+00   1.72805E+02  1.63645E+00   1.72762E+02  1.63586E+00   1.72805E+02  1.63409E+00   1.72934E+02  1.63116E+00   1.73149E+02  1.62707E+00   1.73449E+02  1.62184E+00   1.73835E+02  1.61550E+00   1.74305E+02  1.60807E+00   1.74859E+02  1.59959E+00   1.75497E+02  1.59009E+00   1.76218E+02  1.57961E+00   1.77021E+02  1.56819E+00   1.77905E+02  1.55588E+00   1.78869E+02  1.54273E+00   1.79912E+02  1.52878E+00   1.81033E+02  1.51409E+00   1.82231E+02  1.49871E+00   1.83505E+02  1.48269E+00   1.84853E+02  1.46608E+00   1.86274E+02  1.44894E+00   1.87767E+02  1.43131E+00   1.89330E+02  1.41326E+00   1.90963E+02  1.39482E+00   1.92663E+02  1.37606E+00   1.94429E+02  1.35701E+00   1.96260E+02  1.33771E+00   1.98155E+02  1.31823E+00   2.00111E+02  1.29859E+00   2.02128E+02  1.27884E+00   2.04204E+02  1.25901E+00   2.06338E+02  1.23914E+00   2.08528E+02  1.21927E+00   2.10773E+02  1.19942E+00   2.13071E+02  1.17962E+00   2.15422E+02  1.15991E+00   2.17823E+02  1.14030E+00   2.20274E+02  1.12082E+00   2.22774E+02  1.10148E+00   2.25320E+02  1.08232E+00   2.27912E+02  1.06334E+00   2.30549E+02  1.04457E+00   2.33229E+02 
 1.01978E+00   2.31365E+02  1.03835E+00   2.28667E+02  1.05714E+00   2.26013E+02  1.07611E+00   2.23403E+02  1.09526E+00   2.20839E+02  1.11458E+00   2.18322E+02  1.13402E+00   2.15853E+02  1.15359E+00   2.13433E+02  1.17324E+00   2.11065E+02  1.19296E+00   2.08749E+02  1.21271E+00   2.06486E+02  1.23247E+00   2.04278E+02  1.25220E+00   2.02127E+02  1.27186E+00   2.00034E+02  1.29142E+00   1.98000E+02  1.31084E+00   1.96026E+02  1.33008E+00   1.94115E+02  1.34909E+00   1.92267E+02  1.36782E+00   1.90485E+02  1.38623E+00   1.88769E+02  1.40428E+00   1.87121E+02  1.42190E+00   1.85543E+02  1.43905E+00   1.84036E+02  1.45567E+00   1.82600E+02  1.47172E+00   1.81239E+02  1.48712E+00   1.79953E+02  1.50185E+00   1.78742E+02  1.51583E+00   1.77610E+02  1.52903E+00   1.76555E+02  1.54138E+00   1.75581E+02  1.55284E+00   1.74688E+02  1.56336E+00   1.73877E+02  1.57291E+00   1.73148E+02  1.58143E+00   1.72503E+02  1.58890E+00   1.71943E+02  1.59527E+00   1.71467E+02  1.60053E+00   1.71077E+02  1.60464E+00   1.70774E+02  1.60759E+00   1.70557E+02  1.60937E+00   1.70426E+02  1.60996E+00   1.70383E+02  1.60937E+00   1.70426E+02  1.60759E+00   1.70557E+02  1.60464E+00   1.70774E+02  1.60053E+00   1.71077E+02  1.59527E+00   1.71467E+02  1.58890E+00   1.71943E+02  1.58143E+00   1.72503E+02  1.57291E+00   1.73148E+02  1.56336E+00   1.73877E+02  1.55284E+00   1.74688E+02  1.54138E+00   1.75581E+02  1.52903E+00   1.76555E+02  1.51583E+00   1.77610E+02  1.50185E+00   1.78742E+02  1.48713E+00   1.79952E+02  1.47172E+00   1.81239E+02  1.45567E+00   1.82600E+02  1.43905E+00   1.84036E+02  1.42190E+00   1.85543E+02  1.40428E+00   1.87121E+02  1.38623E+00   1.88769E+02  1.36782E+00   1.90485E+02  1.34909E+00   1.92267E+02  1.33008E+00   1.94115E+02  1.31084E+00   1.96026E+02  1.29142E+00   1.98000E+02  1.27186E+00   2.00034E+02  1.25220E+00   2.02127E+02  1.23247E+00   2.04278E+02  1.21271E+00   2.06486E+02  1.19296E+00   2.08749E+02  1.17324E+00   2.11065E+02  1.15358E+00   2.13434E+02  1.13402E+00   2.15853E+02  1.11458E+00   2.18322E+02  1.09526E+00   2.20839E+02  1.07611E+00   2.23403E+02  1.05714E+00   2.26013E+02  1.03835E+00   2.28667E+02  1.01978E+00   2.31365E+02 
 9.93918E-01   2.29557E+02  1.01225E+00   2.26842E+02  1.03081E+00   2.24170E+02  1.04956E+00   2.21543E+02  1.06850E+00   2.18961E+02  1.08760E+00   2.16427E+02  1.10685E+00   2.13940E+02  1.12622E+00   2.11503E+02  1.14570E+00   2.09117E+02  1.16525E+00   2.06783E+02  1.18484E+00   2.04503E+02  1.20445E+00   2.02278E+02  1.22404E+00   2.00109E+02  1.24358E+00   1.97999E+02  1.26302E+00   1.95948E+02  1.28234E+00   1.93957E+02  1.30148E+00   1.92029E+02  1.32041E+00   1.90166E+02  1.33908E+00   1.88367E+02  1.35743E+00   1.86636E+02  1.37543E+00   1.84973E+02  1.39301E+00   1.83380E+02  1.41013E+00   1.81858E+02  1.42674E+00   1.80409E+02  1.44277E+00   1.79034E+02  1.45818E+00   1.77735E+02  1.47291E+00   1.76512E+02  1.48690E+00   1.75368E+02  1.50011E+00   1.74303E+02  1.51248E+00   1.73319E+02  1.52396E+00   1.72416E+02  1.53451E+00   1.71596E+02  1.54408E+00   1.70860E+02  1.55263E+00   1.70208E+02  1.56011E+00   1.69641E+02  1.56651E+00   1.69161E+02  1.57178E+00   1.68767E+02  1.57591E+00   1.68460E+02  1.57887E+00   1.68240E+02  1.58066E+00   1.68108E+02  1.58125E+00   1.68064E+02  1.58065E+00   1.68108E+02  1.57887E+00   1.68240E+02  1.57591E+00   1.68460E+02  1.57178E+00   1.68767E+02  1.56651E+00   1.69161E+02  1.56011E+00   1.69641E+02  1.55263E+00   1.70208E+02  1.54408E+00   1.70860E+02  1.53451E+00   1.71596E+02  1.52396E+00   1.72416E+02  1.51248E+00   1.73319E+02  1.50011E+00   1.74303E+02  1.48690E+00   1.75368E+02  1.47291E+00   1.76512E+02  1.45818E+00   1.77735E+02  1.44277E+00   1.79034E+02  1.42674E+00   1.80409E+02  1.41013E+00   1.81858E+02  1.39301E+00   1.83380E+02  1.37543E+00   1.84973E+02  1.35743E+00   1.86636E+02  1.33908E+00   1.88367E+02  1.32041E+00   1.90166E+02  1.30148E+00   1.92030E+02  1.28234E+00   1.93957E+02  1.26302E+00   1.95948E+02  1.24358E+00   1.97999E+02  1.22404E+00   2.00109E+02  1.20445E+00   2.02278E+02  1.18484E+00   2.04503E+02  1.16525E+00   2.06783E+02  1.14570E+00   2.09117E+02  1.12623E+00   2.11503E+02  1.10685E+00   2.13940E+02  1.08760E+00   2.16426E+02  1.06850E+00   2.18961E+02  1.04956E+00   2.21543E+02  1.03081E+00   2.24170E+02  1.01226E+00   2.26842E+02  9.93921E-01   2.29557E+02 
 9.66981E-01   2.27807E+02  9.85048E-01   2.25074E+02  1.00334E+00   2.22385E+02  1.02183E+00   2.19741E+02  1.04051E+00   2.17142E+02  1.05937E+00   2.14590E+02  1.07838E+00   2.12086E+02  1.09753E+00   2.09632E+02  1.11678E+00   2.07228E+02  1.13612E+00   2.04877E+02  1.15551E+00   2.02580E+02  1.17493E+00   2.00338E+02  1.19434E+00   1.98152E+02  1.21371E+00   1.96024E+02  1.23300E+00   1.93956E+02  1.25217E+00   1.91949E+02  1.27119E+00   1.90005E+02  1.28999E+00   1.88125E+02  1.30855E+00   1.86311E+02  1.32681E+00   1.84564E+02  1.34472E+00   1.82886E+02  1.36223E+00   1.81278E+02  1.37929E+00   1.79742E+02  1.39584E+00   1.78279E+02  1.41183E+00   1.76891E+02  1.42720E+00   1.75579E+02  1.44190E+00   1.74345E+02  1.45587E+00   1.73189E+02  1.46907E+00   1.72113E+02  1.48143E+00   1.71119E+02  1.49291E+00   1.70207E+02  1.50346E+00   1.69378E+02  1.51303E+00   1.68634E+02  1.52159E+00   1.67975E+02  1.52908E+00   1.67403E+02  1.53548E+00   1.66917E+02  1.54076E+00   1.66519E+02  1.54490E+00   1.66209E+02  1.54786E+00   1.65987E+02  1.54965E+00   1.65853E+02  1.55024E+00   1.65809E+02  1.54965E+00   1.65853E+02  1.54786E+00   1.65987E+02  1.54490E+00   1.66209E+02  1.54076E+00   1.66519E+02  1.53548E+00   1.66917E+02  1.52908E+00   1.67403E+02  1.52159E+00   1.67975E+02  1.51303E+00   1.68634E+02  1.50346E+00   1.69378E+02  1.49291E+00   1.70207E+02  1.48143E+00   1.71119E+02  1.46907E+00   1.72113E+02  1.45588E+00   1.73189E+02  1.44190E+00   1.74345E+02  1.42720E+00   1.75579E+02  1.41183E+00   1.76891E+02  1.39584E+00   1.78279E+02  1.37929E+00   1.79742E+02  1.36223E+00   1.81278E+02  1.34472E+00   1.82886E+02  1.32681E+00   1.84564E+02  1.30855E+00   1.86311E+02  1.28999E+00   1.88125E+02  1.27118E+00   1.90005E+02  1.25217E+00   1.91950E+02  1.23300E+00   1.93956E+02  1.21371E+00   1.96024E+02  1.19434E+00   1.98152E+02  1.17493E+00   2.00337E+02  1.15551E+00   2.02580E+02  1.13612E+00   2.04877E+02  1.11678E+00   2.07228E+02  1.09753E+00   2.09632E+02  1.07838E+00   2.12086E+02  1.05937E+00   2.14590E+02  1.04051E+00   2.17142E+02  1.02183E+00   2.19741E+02  1.00334E+00   2.22385E+02  9.85045E-01   2.25075E+02  9.66981E-01   2.27807E+02 
 9.38965E-01   2.26114E+02  9.56725E-01   2.23366E+02  9.74711E-01   2.20660E+02  9.92905E-01   2.17999E+02  1.01130E+00   2.15383E+02  1.02987E+00   2.12814E+02  1.04861E+00   2.10293E+02  1.06748E+00   2.07821E+02  1.08647E+00   2.05401E+02  1.10556E+00   2.03032E+02  1.12471E+00   2.00718E+02  1.14390E+00   1.98459E+02  1.16309E+00   1.96256E+02  1.18225E+00   1.94112E+02  1.20134E+00   1.92027E+02  1.22032E+00   1.90004E+02  1.23916E+00   1.88044E+02  1.25780E+00   1.86148E+02  1.27621E+00   1.84318E+02  1.29433E+00   1.82556E+02  1.31211E+00   1.80863E+02  1.32951E+00   1.79240E+02  1.34646E+00   1.77690E+02  1.36292E+00   1.76214E+02  1.37883E+00   1.74813E+02  1.39413E+00   1.73488E+02  1.40877E+00   1.72241E+02  1.42269E+00   1.71074E+02  1.43585E+00   1.69988E+02  1.44817E+00   1.68984E+02  1.45962E+00   1.68062E+02  1.47015E+00   1.67225E+02  1.47970E+00   1.66473E+02  1.48824E+00   1.65808E+02  1.49573E+00   1.65229E+02  1.50212E+00   1.64738E+02  1.50740E+00   1.64336E+02  1.51152E+00   1.64022E+02  1.51449E+00   1.63798E+02  1.51627E+00   1.63663E+02  1.51687E+00   1.63618E+02  1.51627E+00   1.63663E+02  1.51449E+00   1.63798E+02  1.51152E+00   1.64022E+02  1.50740E+00   1.64336E+02  1.50212E+00   1.64738E+02  1.49573E+00   1.65229E+02  1.48824E+00   1.65808E+02  1.47970E+00   1.66473E+02  1.47015E+00   1.67225E+02  1.45963E+00   1.68062E+02  1.44817E+00   1.68984E+02  1.43585E+00   1.69988E+02  1.42270E+00   1.71074E+02  1.40877E+00   1.72241E+02  1.39413E+00   1.73488E+02  1.37883E+00   1.74813E+02  1.36292E+00   1.76214E+02  1.34646E+00   1.77690E+02  1.32951E+00   1.79241E+02  1.31211E+00   1.80863E+02  1.29433E+00   1.82556E+02  1.27621E+00   1.84318E+02  1.25780E+00   1.86148E+02  1.23916E+00   1.88044E+02  1.22032E+00   1.90004E+02  1.20134E+00   1.92027E+02  1.18225E+00   1.94112E+02  1.16309E+00   1.96256E+02  1.14390E+00   1.98459E+02  1.12471E+00   2.00718E+02  1.10556E+00   2.03032E+02  1.08648E+00   2.05401E+02  1.06748E+00   2.07821E+02  1.04861E+00   2.10293E+02  1.02987E+00   2.12814E+02  1.01130E+00   2.15383E+02  9.92904E-01   2.17999E+02  9.74712E-01   2.20660E+02  9.56727E-01   2.23366E+02  9.38965E-01   2.26114E+02 
 9.09871E-01   2.24482E+02  9.27288E-01   2.21717E+02  9.44932E-01   2.18994E+02  9.62791E-01   2.16317E+02  9.80853E-01   2.13684E+02  9.99100E-01   2.11098E+02  1.01752E+00   2.08561E+02  1.03608E+00   2.06072E+02  1.05477E+00   2.03635E+02  1.07356E+00   2.01250E+02  1.09243E+00   1.98919E+02  1.11134E+00   1.96643E+02  1.13026E+00   1.94424E+02  1.14916E+00   1.92263E+02  1.16801E+00   1.90163E+02  1.18676E+00   1.88123E+02  1.20538E+00   1.86147E+02  1.22382E+00   1.84236E+02  1.24203E+00   1.82390E+02  1.25996E+00   1.80613E+02  1.27758E+00   1.78905E+02  1.29482E+00   1.77268E+02  1.31163E+00   1.75704E+02  1.32795E+00   1.74214E+02  1.34374E+00   1.72800E+02  1.35894E+00   1.71463E+02  1.37348E+00   1.70204E+02  1.38732E+00   1.69026E+02  1.40039E+00   1.67929E+02  1.41265E+00   1.66915E+02  1.42404E+00   1.65985E+02  1.43452E+00   1.65139E+02  1.44403E+00   1.64380E+02  1.45253E+00   1.63707E+02  1.45998E+00   1.63123E+02  1.46636E+00   1.62627E+02  1.47161E+00   1.62220E+02  1.47573E+00   1.61903E+02  1.47868E+00   1.61677E+02  1.48046E+00   1.61541E+02  1.48105E+00   1.61495E+02  1.48046E+00   1.61541E+02  1.47868E+00   1.61677E+02  1.47573E+00   1.61903E+02  1.47161E+00   1.62220E+02  1.46636E+00   1.62627E+02  1.45998E+00   1.63123E+02  1.45253E+00   1.63707E+02  1.44403E+00   1.64380E+02  1.43452E+00   1.65139E+02  1.42404E+00   1.65985E+02  1.41265E+00   1.66915E+02  1.40039E+00   1.67929E+02  1.38732E+00   1.69026E+02  1.37348E+00   1.70204E+02  1.35893E+00   1.71463E+02  1.34374E+00   1.72800E+02  1.32795E+00   1.74214E+02  1.31163E+00   1.75704E+02  1.29482E+00   1.77268E+02  1.27758E+00   1.78905E+02  1.25996E+00   1.80613E+02  1.24203E+00   1.82390E+02  1.22382E+00   1.84236E+02  1.20538E+00   1.86147E+02  1.18676E+00   1.88123E+02  1.16801E+00   1.90163E+02  1.14916E+00   1.92263E+02  1.13026E+00   1.94424E+02  1.11133E+00   1.96643E+02  1.09243E+00   1.98919E+02  1.07356E+00   2.01250E+02  1.05477E+00   2.03635E+02  1.03608E+00   2.06072E+02  1.01752E+00   2.08561E+02  9.99100E-01   2.11098E+02  9.80853E-01   2.13684E+02  9.62792E-01   2.16316E+02  9.44930E-01   2.18994E+02  9.27287E-01   2.21717E+02  9.09874E-01   2.24482E+02 
 8.79707E-01   2.22909E+02  8.96740E-01   2.20128E+02  9.14003E-01   2.17390E+02  9.31484E-01   2.14696E+02  9.49176E-01   2.12047E+02  9.67058E-01   2.09445E+02  9.85112E-01   2.06891E+02  1.00332E+00   2.04387E+02  1.02166E+00   2.01933E+02  1.04011E+00   1.99532E+02  1.05865E+00   1.97184E+02  1.07724E+00   1.94892E+02  1.09585E+00   1.92657E+02  1.11445E+00   1.90480E+02  1.13301E+00   1.88363E+02  1.15148E+00   1.86308E+02  1.16983E+00   1.84316E+02  1.18801E+00   1.82389E+02  1.20598E+00   1.80529E+02  1.22369E+00   1.78737E+02  1.24109E+00   1.77014E+02  1.25812E+00   1.75363E+02  1.27474E+00   1.73785E+02  1.29089E+00   1.72282E+02  1.30652E+00   1.70855E+02  1.32157E+00   1.69506E+02  1.33597E+00   1.68236E+02  1.34969E+00   1.67046E+02  1.36265E+00   1.65939E+02  1.37481E+00   1.64915E+02  1.38611E+00   1.63975E+02  1.39651E+00   1.63122E+02  1.40595E+00   1.62355E+02  1.41439E+00   1.61676E+02  1.42180E+00   1.61085E+02  1.42813E+00   1.60584E+02  1.43335E+00   1.60174E+02  1.43744E+00   1.59853E+02  1.44038E+00   1.59625E+02  1.44215E+00   1.59487E+02  1.44274E+00   1.59441E+02  1.44215E+00   1.59487E+02  1.44038E+00   1.59625E+02  1.43744E+00   1.59853E+02  1.43335E+00   1.60174E+02  1.42813E+00   1.60584E+02  1.42180E+00   1.61085E+02  1.41439E+00   1.61676E+02  1.40595E+00   1.62355E+02  1.39651E+00   1.63122E+02  1.38611E+00   1.63975E+02  1.37481E+00   1.64915E+02  1.36265E+00   1.65939E+02  1.34969E+00   1.67046E+02  1.33597E+00   1.68236E+02  1.32157E+00   1.69506E+02  1.30652E+00   1.70855E+02  1.29090E+00   1.72282E+02  1.27474E+00   1.73785E+02  1.25812E+00   1.75363E+02  1.24109E+00   1.77014E+02  1.22369E+00   1.78736E+02  1.20598E+00   1.80529E+02  1.18801E+00   1.82389E+02  1.16983E+00   1.84316E+02  1.15148E+00   1.86308E+02  1.13301E+00   1.88363E+02  1.11445E+00   1.90480E+02  1.09585E+00   1.92657E+02  1.07724E+00   1.94892E+02  1.05865E+00   1.97184E+02  1.04012E+00   1.99532E+02  1.02167E+00   2.01933E+02  1.00332E+00   2.04387E+02  9.85113E-01   2.06891E+02  9.67058E-01   2.09445E+02  9.49173E-01   2.12047E+02  9.31485E-01   2.14696E+02  9.14006E-01   2.17390E+02  8.96739E-01   2.20128E+02  8.79704E-01   2.22909E+02 
 8.48475E-01   2.21398E+02  8.65087E-01   2.18602E+02  8.81929E-01   2.15848E+02  8.98998E-01   2.13138E+02  9.16277E-01   2.10474E+02  9.33747E-01   2.07856E+02  9.51398E-01   2.05286E+02  9.69209E-01   2.02766E+02  9.87158E-01   2.00296E+02  1.00523E+00   1.97878E+02  1.02338E+00   1.95515E+02  1.04160E+00   1.93207E+02  1.05985E+00   1.90956E+02  1.07810E+00   1.88763E+02  1.09632E+00   1.86630E+02  1.11447E+00   1.84560E+02  1.13250E+00   1.82553E+02  1.15038E+00   1.80611E+02  1.16806E+00   1.78735E+02  1.18549E+00   1.76929E+02  1.20262E+00   1.75192E+02  1.21941E+00   1.73527E+02  1.23579E+00   1.71936E+02  1.25172E+00   1.70420E+02  1.26714E+00   1.68980E+02  1.28200E+00   1.67619E+02  1.29623E+00   1.66337E+02  1.30978E+00   1.65137E+02  1.32259E+00   1.64019E+02  1.33462E+00   1.62985E+02  1.34580E+00   1.62037E+02  1.35608E+00   1.61175E+02  1.36543E+00   1.60401E+02  1.37379E+00   1.59715E+02  1.38112E+00   1.59119E+02  1.38739E+00   1.58613E+02  1.39257E+00   1.58198E+02  1.39662E+00   1.57875E+02  1.39953E+00   1.57644E+02  1.40129E+00   1.57505E+02  1.40187E+00   1.57458E+02  1.40129E+00   1.57505E+02  1.39953E+00   1.57644E+02  1.39662E+00   1.57875E+02  1.39257E+00   1.58198E+02  1.38739E+00   1.58613E+02  1.38112E+00   1.59119E+02  1.37379E+00   1.59715E+02  1.36543E+00   1.60401E+02  1.35609E+00   1.61175E+02  1.34580E+00   1.62037E+02  1.33462E+00   1.62985E+02  1.32259E+00   1.64019E+02  1.30978E+00   1.65137E+02  1.29622E+00   1.66337E+02  1.28200E+00   1.67619E+02  1.26714E+00   1.68980E+02  1.25172E+00   1.70420E+02  1.23579E+00   1.71936E+02  1.21941E+00   1.73527E+02  1.20262E+00   1.75192E+02  1.18549E+00   1.76929E+02  1.16806E+00   1.78735E+02  1.15038E+00   1.80611E+02  1.13250E+00   1.82553E+02  1.11447E+00   1.84560E+02  1.09632E+00   1.86630E+02  1.07810E+00   1.88763E+02  1.05985E+00   1.90955E+02  1.04160E+00   1.93207E+02  1.02338E+00   1.95515E+02  1.00522E+00   1.97878E+02  9.87160E-01   2.00296E+02  9.69211E-01   2.02765E+02  9.51400E-01   2.05286E+02  9.33749E-01   2.07856E+02  9.16276E-01   2.10474E+02  8.98995E-01   2.13138E+02  8.81928E-01   2.15848E+02  8.65089E-01   2.18602E+02  8.48477E-01   2.21398E+02 
 8.16189E-01   2.19950E+02  8.32340E-01   2.17138E+02  8.48725E-01   2.14369E+02  8.65335E-01   2.11644E+02  8.82157E-01   2.08964E+02  8.99178E-01   2.06331E+02  9.16381E-01   2.03746E+02  9.33749E-01   2.01210E+02  9.51260E-01   1.98724E+02  9.68892E-01   1.96291E+02  9.86623E-01   1.93912E+02  1.00442E+00   1.91589E+02  1.02227E+00   1.89322E+02  1.04012E+00   1.87114E+02  1.05795E+00   1.84966E+02  1.07572E+00   1.82880E+02  1.09338E+00   1.80858E+02  1.11090E+00   1.78902E+02  1.12824E+00   1.77012E+02  1.14534E+00   1.75191E+02  1.16216E+00   1.73440E+02  1.17865E+00   1.71762E+02  1.19475E+00   1.70157E+02  1.21041E+00   1.68628E+02  1.22558E+00   1.67177E+02  1.24020E+00   1.65803E+02  1.25420E+00   1.64511E+02  1.26755E+00   1.63300E+02  1.28018E+00   1.62172E+02  1.29203E+00   1.61129E+02  1.30305E+00   1.60171E+02  1.31320E+00   1.59302E+02  1.32242E+00   1.58520E+02  1.33067E+00   1.57828E+02  1.33791E+00   1.57226E+02  1.34410E+00   1.56715E+02  1.34921E+00   1.56296E+02  1.35322E+00   1.55970E+02  1.35609E+00   1.55736E+02  1.35782E+00   1.55596E+02  1.35840E+00   1.55549E+02  1.35782E+00   1.55596E+02  1.35609E+00   1.55736E+02  1.35322E+00   1.55970E+02  1.34921E+00   1.56296E+02  1.34410E+00   1.56715E+02  1.33791E+00   1.57226E+02  1.33067E+00   1.57828E+02  1.32242E+00   1.58520E+02  1.31320E+00   1.59302E+02  1.30305E+00   1.60172E+02  1.29203E+00   1.61129E+02  1.28018E+00   1.62172E+02  1.26755E+00   1.63300E+02  1.25421E+00   1.64511E+02  1.24020E+00   1.65803E+02  1.22558E+00   1.67177E+02  1.21041E+00   1.68628E+02  1.19475E+00   1.70157E+02  1.17865E+00   1.71762E+02  1.16216E+00   1.73440E+02  1.14534E+00   1.75191E+02  1.12824E+00   1.77012E+02  1.11090E+00   1.78902E+02  1.09338E+00   1.80858E+02  1.07572E+00   1.82881E+02  1.05795E+00   1.84966E+02  1.04012E+00   1.87114E+02  1.02227E+00   1.89322E+02  1.00442E+00   1.91589E+02  9.86623E-01   1.93912E+02  9.68893E-01   1.96291E+02  9.51260E-01   1.98724E+02  9.33749E-01   2.01210E+02  9.16381E-01   2.03746E+02  8.99178E-01   2.06331E+02  8.82157E-01   2.08964E+02  8.65337E-01   2.11644E+02  8.48726E-01   2.14369E+02  8.32338E-01   2.17138E+02  8.16188E-01   2.19950E+02 
 7.82865E-01   2.18565E+02  7.98516E-01   2.15739E+02  8.14401E-01   2.12955E+02  8.30514E-01   2.10215E+02  8.46840E-01   2.07520E+02  8.63362E-01   2.04872E+02  8.80073E-01   2.02272E+02  8.96950E-01   1.99721E+02  9.13974E-01   1.97220E+02  9.31130E-01   1.94772E+02  9.48385E-01   1.92378E+02  9.65719E-01   1.90039E+02  9.83103E-01   1.87757E+02  1.00050E+00   1.85534E+02  1.01789E+00   1.83372E+02  1.03523E+00   1.81271E+02  1.05247E+00   1.79235E+02  1.06959E+00   1.77264E+02  1.08653E+00   1.75360E+02  1.10325E+00   1.73525E+02  1.11971E+00   1.71761E+02  1.13585E+00   1.70069E+02  1.15161E+00   1.68452E+02  1.16696E+00   1.66910E+02  1.18182E+00   1.65446E+02  1.19615E+00   1.64062E+02  1.20990E+00   1.62758E+02  1.22299E+00   1.61536E+02  1.23539E+00   1.60399E+02  1.24703E+00   1.59346E+02  1.25786E+00   1.58380E+02  1.26784E+00   1.57503E+02  1.27690E+00   1.56714E+02  1.28502E+00   1.56015E+02  1.29214E+00   1.55408E+02  1.29823E+00   1.54892E+02  1.30325E+00   1.54469E+02  1.30719E+00   1.54140E+02  1.31002E+00   1.53904E+02  1.31173E+00   1.53763E+02  1.31230E+00   1.53715E+02  1.31173E+00   1.53763E+02  1.31002E+00   1.53904E+02  1.30719E+00   1.54140E+02  1.30325E+00   1.54469E+02  1.29823E+00   1.54892E+02  1.29214E+00   1.55408E+02  1.28502E+00   1.56015E+02  1.27690E+00   1.56714E+02  1.26784E+00   1.57503E+02  1.25786E+00   1.58380E+02  1.24703E+00   1.59346E+02  1.23539E+00   1.60399E+02  1.22299E+00   1.61536E+02  1.20990E+00   1.62758E+02  1.19615E+00   1.64062E+02  1.18182E+00   1.65446E+02  1.16696E+00   1.66910E+02  1.15161E+00   1.68452E+02  1.13585E+00   1.70069E+02  1.11971E+00   1.71761E+02  1.10325E+00   1.73525E+02  1.08653E+00   1.75360E+02  1.06959E+00   1.77264E+02  1.05247E+00   1.79235E+02  1.03523E+00   1.81271E+02  1.01789E+00   1.83372E+02  1.00050E+00   1.85534E+02  9.83100E-01   1.87757E+02  9.65718E-01   1.90039E+02  9.48384E-01   1.92378E+02  9.31129E-01   1.94772E+02  9.13977E-01   1.97220E+02  8.96952E-01   1.99721E+02  8.80075E-01   2.02272E+02  8.63365E-01   2.04872E+02  8.46839E-01   2.07520E+02  8.30510E-01   2.10215E+02  8.14401E-01   2.12956E+02  7.98519E-01   2.15739E+02  7.82865E-01   2.18565E+02 
 7.48517E-01   2.17245E+02  7.63631E-01   2.14404E+02  7.78978E-01   2.11606E+02  7.94551E-01   2.08852E+02  8.10333E-01   2.06143E+02  8.26318E-01   2.03480E+02  8.42491E-01   2.00865E+02  8.58832E-01   1.98300E+02  8.75327E-01   1.95784E+02  8.91950E-01   1.93322E+02  9.08681E-01   1.90913E+02  9.25498E-01   1.88559E+02  9.42371E-01   1.86263E+02  9.59270E-01   1.84026E+02  9.76163E-01   1.81849E+02  9.93015E-01   1.79734E+02  1.00979E+00   1.77683E+02  1.02644E+00   1.75698E+02  1.04294E+00   1.73781E+02  1.05922E+00   1.71932E+02  1.07526E+00   1.70155E+02  1.09099E+00   1.68451E+02  1.10637E+00   1.66821E+02  1.12135E+00   1.65267E+02  1.13586E+00   1.63791E+02  1.14986E+00   1.62395E+02  1.16329E+00   1.61081E+02  1.17609E+00   1.59849E+02  1.18822E+00   1.58702E+02  1.19960E+00   1.57640E+02  1.21020E+00   1.56666E+02  1.21997E+00   1.55781E+02  1.22885E+00   1.54985E+02  1.23679E+00   1.54280E+02  1.24377E+00   1.53667E+02  1.24974E+00   1.53147E+02  1.25467E+00   1.52721E+02  1.25853E+00   1.52388E+02  1.26130E+00   1.52150E+02  1.26297E+00   1.52007E+02  1.26353E+00   1.51960E+02  1.26297E+00   1.52007E+02  1.26130E+00   1.52150E+02  1.25853E+00   1.52388E+02  1.25467E+00   1.52721E+02  1.24974E+00   1.53147E+02  1.24377E+00   1.53667E+02  1.23679E+00   1.54280E+02  1.22885E+00   1.54985E+02  1.21997E+00   1.55781E+02  1.21021E+00   1.56666E+02  1.19960E+00   1.57640E+02  1.18822E+00   1.58702E+02  1.17609E+00   1.59849E+02  1.16329E+00   1.61081E+02  1.14986E+00   1.62395E+02  1.13586E+00   1.63791E+02  1.12135E+00   1.65267E+02  1.10637E+00   1.66821E+02  1.09099E+00   1.68451E+02  1.07526E+00   1.70155E+02  1.05923E+00   1.71932E+02  1.04294E+00   1.73781E+02  1.02644E+00   1.75698E+02  1.00979E+00   1.77683E+02  9.93015E-01   1.79734E+02  9.76163E-01   1.81849E+02  9.59270E-01   1.84026E+02  9.42372E-01   1.86263E+02  9.25497E-01   1.88559E+02  9.08682E-01   1.90913E+02  8.91948E-01   1.93322E+02  8.75324E-01   1.95784E+02  8.58832E-01   1.98300E+02  8.42491E-01   2.00865E+02  8.26320E-01   2.03480E+02  8.10337E-01   2.06143E+02  7.94553E-01   2.08852E+02  7.78976E-01   2.11606E+02  7.63629E-01   2.14404E+02  7.48518E-01   2.17244E+02 
 7.13175E-01   2.15989E+02  7.27711E-01   2.13135E+02  7.42478E-01   2.10324E+02  7.57467E-01   2.07556E+02  7.72669E-01   2.04833E+02  7.88070E-01   2.02156E+02  8.03659E-01   1.99527E+02  8.19418E-01   1.96948E+02  8.35329E-01   1.94418E+02  8.51376E-01   1.91942E+02  8.67534E-01   1.89519E+02  8.83782E-01   1.87151E+02  9.00092E-01   1.84841E+02  9.16434E-01   1.82589E+02  9.32779E-01   1.80399E+02  9.49092E-01   1.78270E+02  9.65337E-01   1.76206E+02  9.81477E-01   1.74207E+02  9.97468E-01   1.72276E+02  1.01327E+00   1.70415E+02  1.02883E+00   1.68625E+02  1.04411E+00   1.66908E+02  1.05904E+00   1.65266E+02  1.07360E+00   1.63701E+02  1.08771E+00   1.62214E+02  1.10132E+00   1.60807E+02  1.11439E+00   1.59482E+02  1.12685E+00   1.58240E+02  1.13866E+00   1.57083E+02  1.14975E+00   1.56013E+02  1.16008E+00   1.55031E+02  1.16960E+00   1.54138E+02  1.17826E+00   1.53335E+02  1.18601E+00   1.52625E+02  1.19281E+00   1.52006E+02  1.19864E+00   1.51482E+02  1.20345E+00   1.51051E+02  1.20722E+00   1.50716E+02  1.20992E+00   1.50476E+02  1.21155E+00   1.50332E+02  1.21210E+00   1.50283E+02  1.21155E+00   1.50332E+02  1.20992E+00   1.50476E+02  1.20721E+00   1.50716E+02  1.20345E+00   1.51051E+02  1.19864E+00   1.51482E+02  1.19281E+00   1.52006E+02  1.18601E+00   1.52625E+02  1.17826E+00   1.53335E+02  1.16960E+00   1.54138E+02  1.16008E+00   1.55031E+02  1.14975E+00   1.56013E+02  1.13866E+00   1.57083E+02  1.12685E+00   1.58240E+02  1.11439E+00   1.59482E+02  1.10132E+00   1.60807E+02  1.08770E+00   1.62214E+02  1.07360E+00   1.63701E+02  1.05904E+00   1.65266E+02  1.04411E+00   1.66908E+02  1.02883E+00   1.68625E+02  1.01327E+00   1.70415E+02  9.97469E-01   1.72276E+02  9.81477E-01   1.74207E+02  9.65339E-01   1.76206E+02  9.49092E-01   1.78270E+02  9.32780E-01   1.80399E+02  9.16434E-01   1.82589E+02  9.00090E-01   1.84841E+02  8.83782E-01   1.87151E+02  8.67533E-01   1.89519E+02  8.51376E-01   1.91942E+02  8.35330E-01   1.94418E+02  8.19419E-01   1.96948E+02  8.03661E-01   1.99527E+02  7.88071E-01   2.02156E+02  7.72668E-01   2.04833E+02  7.57466E-01   2.07556E+02  7.42480E-01   2.10324E+02  7.27712E-01   2.13135E+02  7.13174E-01   2.15989E+02 
 6.76856E-01   2.14800E+02  6.90778E-01   2.11934E+02  7.04927E-01   2.09109E+02  7.19296E-01   2.06328E+02  7.33869E-01   2.03592E+02  7.48642E-01   2.00902E+02  7.63603E-01   1.98259E+02  7.78731E-01   1.95666E+02  7.94018E-01   1.93123E+02  8.09437E-01   1.90633E+02  8.24971E-01   1.88196E+02  8.40600E-01   1.85815E+02  8.56292E-01   1.83492E+02  8.72027E-01   1.81227E+02  8.87771E-01   1.79023E+02  9.03491E-01   1.76881E+02  9.19155E-01   1.74803E+02  9.34722E-01   1.72792E+02  9.50154E-01   1.70848E+02  9.65407E-01   1.68974E+02  9.80438E-01   1.67172E+02  9.95200E-01   1.65443E+02  1.00964E+00   1.63789E+02  1.02372E+00   1.62212E+02  1.03737E+00   1.60714E+02  1.05055E+00   1.59297E+02  1.06321E+00   1.57962E+02  1.07528E+00   1.56711E+02  1.08672E+00   1.55545E+02  1.09748E+00   1.54466E+02  1.10750E+00   1.53476E+02  1.11673E+00   1.52576E+02  1.12513E+00   1.51767E+02  1.13266E+00   1.51050E+02  1.13926E+00   1.50427E+02  1.14492E+00   1.49898E+02  1.14959E+00   1.49464E+02  1.15325E+00   1.49125E+02  1.15588E+00   1.48883E+02  1.15746E+00   1.48738E+02  1.15799E+00   1.48689E+02  1.15746E+00   1.48738E+02  1.15588E+00   1.48883E+02  1.15325E+00   1.49125E+02  1.14959E+00   1.49464E+02  1.14492E+00   1.49898E+02  1.13926E+00   1.50427E+02  1.13266E+00   1.51050E+02  1.12513E+00   1.51767E+02  1.11673E+00   1.52576E+02  1.10750E+00   1.53476E+02  1.09748E+00   1.54466E+02  1.08672E+00   1.55545E+02  1.07528E+00   1.56711E+02  1.06321E+00   1.57962E+02  1.05055E+00   1.59297E+02  1.03737E+00   1.60714E+02  1.02372E+00   1.62212E+02  1.00964E+00   1.63789E+02  9.95200E-01   1.65443E+02  9.80438E-01   1.67172E+02  9.65408E-01   1.68974E+02  9.50153E-01   1.70848E+02  9.34722E-01   1.72792E+02  9.19154E-01   1.74803E+02  9.03493E-01   1.76881E+02  8.87771E-01   1.79023E+02  8.72028E-01   1.81227E+02  8.56294E-01   1.83492E+02  8.40598E-01   1.85815E+02  8.24971E-01   1.88196E+02  8.09434E-01   1.90633E+02  7.94015E-01   1.93123E+02  7.78732E-01   1.95666E+02  7.63603E-01   1.98259E+02  7.48645E-01   2.00902E+02  7.33873E-01   2.03592E+02  7.19295E-01   2.06328E+02  7.04923E-01   2.09109E+02  6.90777E-01   2.11934E+02  6.76858E-01   2.14800E+02 
 6.39601E-01   2.13678E+02  6.52869E-01   2.10799E+02  6.66359E-01   2.07962E+02  6.80060E-01   2.05169E+02  6.93968E-01   2.02420E+02  7.08073E-01   1.99717E+02  7.22358E-01   1.97062E+02  7.36813E-01   1.94456E+02  7.51421E-01   1.91900E+02  7.66163E-01   1.89397E+02  7.81025E-01   1.86947E+02  7.95981E-01   1.84554E+02  8.11009E-01   1.82217E+02  8.26080E-01   1.79939E+02  8.41167E-01   1.77722E+02  8.56240E-01   1.75568E+02  8.71264E-01   1.73478E+02  8.86205E-01   1.71454E+02  9.01021E-01   1.69498E+02  9.15674E-01   1.67612E+02  9.30119E-01   1.65798E+02  9.44311E-01   1.64057E+02  9.58202E-01   1.62392E+02  9.71746E-01   1.60804E+02  9.84890E-01   1.59296E+02  9.97584E-01   1.57868E+02  1.00977E+00   1.56524E+02  1.02141E+00   1.55263E+02  1.03244E+00   1.54089E+02  1.04282E+00   1.53002E+02  1.05248E+00   1.52004E+02  1.06139E+00   1.51097E+02  1.06950E+00   1.50282E+02  1.07677E+00   1.49559E+02  1.08315E+00   1.48931E+02  1.08861E+00   1.48397E+02  1.09312E+00   1.47960E+02  1.09666E+00   1.47619E+02  1.09920E+00   1.47375E+02  1.10073E+00   1.47228E+02  1.10124E+00   1.47179E+02  1.10073E+00   1.47228E+02  1.09920E+00   1.47375E+02  1.09666E+00   1.47619E+02  1.09312E+00   1.47960E+02  1.08861E+00   1.48397E+02  1.08315E+00   1.48931E+02  1.07677E+00   1.49559E+02  1.06950E+00   1.50282E+02  1.06139E+00   1.51097E+02  1.05248E+00   1.52004E+02  1.04282E+00   1.53002E+02  1.03244E+00   1.54089E+02  1.02141E+00   1.55263E+02  1.00977E+00   1.56524E+02  9.97583E-01   1.57868E+02  9.84888E-01   1.59296E+02  9.71746E-01   1.60804E+02  9.58201E-01   1.62392E+02  9.44311E-01   1.64057E+02  9.30118E-01   1.65798E+02  9.15674E-01   1.67612E+02  9.01021E-01   1.69498E+02  8.86204E-01   1.71454E+02  8.71266E-01   1.73478E+02  8.56239E-01   1.75568E+02  8.41169E-01   1.77722E+02  8.26079E-01   1.79939E+02  8.11009E-01   1.82217E+02  7.95982E-01   1.84554E+02  7.81024E-01   1.86948E+02  7.66165E-01   1.89397E+02  7.51420E-01   1.91900E+02  7.36813E-01   1.94456E+02  7.22359E-01   1.97062E+02  7.08071E-01   1.99717E+02  6.93968E-01   2.02420E+02  6.80063E-01   2.05169E+02  6.66361E-01   2.07963E+02  6.52868E-01   2.10799E+02  6.39599E-01   2.13678E+02 
 6.01435E-01   2.12625E+02  6.14013E-01   2.09734E+02  6.26805E-01   2.06885E+02  6.39806E-01   2.04080E+02  6.53005E-01   2.01319E+02  6.66393E-01   1.98604E+02  6.79962E-01   1.95937E+02  6.93694E-01   1.93318E+02  7.07582E-01   1.90750E+02  7.21603E-01   1.88235E+02  7.35740E-01   1.85773E+02  7.49975E-01   1.83367E+02  7.64280E-01   1.81018E+02  7.78638E-01   1.78728E+02  7.93017E-01   1.76499E+02  8.07387E-01   1.74332E+02  8.21719E-01   1.72230E+02  8.35974E-01   1.70194E+02  8.50119E-01   1.68227E+02  8.64113E-01   1.66329E+02  8.77914E-01   1.64504E+02  8.91480E-01   1.62752E+02  9.04764E-01   1.61076E+02  9.17721E-01   1.59478E+02  9.30301E-01   1.57960E+02  9.42454E-01   1.56522E+02  9.54131E-01   1.55168E+02  9.65281E-01   1.53899E+02  9.75855E-01   1.52716E+02  9.85800E-01   1.51622E+02  9.95070E-01   1.50617E+02  1.00362E+00   1.49703E+02  1.01140E+00   1.48881E+02  1.01837E+00   1.48154E+02  1.02450E+00   1.47520E+02  1.02974E+00   1.46983E+02  1.03408E+00   1.46542E+02  1.03747E+00   1.46198E+02  1.03992E+00   1.45952E+02  1.04139E+00   1.45805E+02  1.04188E+00   1.45756E+02  1.04139E+00   1.45805E+02  1.03992E+00   1.45952E+02  1.03747E+00   1.46198E+02  1.03408E+00   1.46542E+02  1.02974E+00   1.46983E+02  1.02450E+00   1.47520E+02  1.01837E+00   1.48154E+02  1.01140E+00   1.48881E+02  1.00362E+00   1.49703E+02  9.95070E-01   1.50617E+02  9.85800E-01   1.51622E+02  9.75854E-01   1.52716E+02  9.65282E-01   1.53899E+02  9.54131E-01   1.55168E+02  9.42454E-01   1.56522E+02  9.30301E-01   1.57960E+02  9.17720E-01   1.59478E+02  9.04765E-01   1.61076E+02  8.91479E-01   1.62752E+02  8.77914E-01   1.64504E+02  8.64112E-01   1.66329E+02  8.50119E-01   1.68227E+02  8.35975E-01   1.70194E+02  8.21719E-01   1.72230E+02  8.07389E-01   1.74332E+02  7.93017E-01   1.76499E+02  7.78639E-01   1.78728E+02  7.64281E-01   1.81018E+02  7.49974E-01   1.83367E+02  7.35739E-01   1.85773E+02  7.21599E-01   1.88235E+02  7.07580E-01   1.90750E+02  6.93694E-01   1.93318E+02  6.79963E-01   1.95937E+02  6.66397E-01   1.98604E+02  6.53007E-01   2.01319E+02  6.39806E-01   2.04080E+02  6.26803E-01   2.06885E+02  6.14014E-01   2.09734E+02  6.01437E-01   2.12625E+02 
 5.62405E-01   2.11640E+02  5.74257E-01   2.08738E+02  5.86316E-01   2.05878E+02  5.98569E-01   2.03062E+02  6.11018E-01   2.00289E+02  6.23653E-01   1.97563E+02  6.36460E-01   1.94884E+02  6.49430E-01   1.92254E+02  6.62546E-01   1.89675E+02  6.75794E-01   1.87148E+02  6.89161E-01   1.84674E+02  7.02622E-01   1.82256E+02  7.16161E-01   1.79896E+02  7.29751E-01   1.77594E+02  7.43365E-01   1.75353E+02  7.56980E-01   1.73175E+02  7.70561E-01   1.71062E+02  7.84079E-01   1.69015E+02  7.97495E-01   1.67036E+02  8.10775E-01   1.65128E+02  8.23877E-01   1.63292E+02  8.36761E-01   1.61530E+02  8.49382E-01   1.59844E+02  8.61698E-01   1.58236E+02  8.73658E-01   1.56708E+02  8.85219E-01   1.55261E+02  8.96330E-01   1.53898E+02  9.06943E-01   1.52621E+02  9.17010E-01   1.51430E+02  9.26483E-01   1.50328E+02  9.35315E-01   1.49316E+02  9.43462E-01   1.48396E+02  9.50880E-01   1.47568E+02  9.57529E-01   1.46835E+02  9.63371E-01   1.46197E+02  9.68374E-01   1.45656E+02  9.72509E-01   1.45212E+02  9.75751E-01   1.44866E+02  9.78081E-01   1.44618E+02  9.79485E-01   1.44469E+02  9.79953E-01   1.44420E+02  9.79484E-01   1.44469E+02  9.78081E-01   1.44618E+02  9.75751E-01   1.44866E+02  9.72509E-01   1.45212E+02  9.68374E-01   1.45656E+02  9.63371E-01   1.46197E+02  9.57528E-01   1.46835E+02  9.50879E-01   1.47568E+02  9.43462E-01   1.48396E+02  9.35315E-01   1.49316E+02  9.26483E-01   1.50328E+02  9.17010E-01   1.51430E+02  9.06942E-01   1.52621E+02  8.96329E-01   1.53898E+02  8.85218E-01   1.55261E+02  8.73658E-01   1.56707E+02  8.61698E-01   1.58236E+02  8.49382E-01   1.59844E+02  8.36762E-01   1.61530E+02  8.23876E-01   1.63291E+02  8.10776E-01   1.65128E+02  7.97495E-01   1.67036E+02  7.84078E-01   1.69015E+02  7.70562E-01   1.71062E+02  7.56979E-01   1.73175E+02  7.43367E-01   1.75353E+02  7.29749E-01   1.77594E+02  7.16161E-01   1.79896E+02  7.02623E-01   1.82256E+02  6.89161E-01   1.84674E+02  6.75797E-01   1.87147E+02  6.62544E-01   1.89675E+02  6.49428E-01   1.92254E+02  6.36459E-01   1.94884E+02  6.23651E-01   1.97563E+02  6.11019E-01   2.00290E+02  5.98573E-01   2.03062E+02  5.86316E-01   2.05878E+02  5.74254E-01   2.08738E+02  5.62404E-01   2.11640E+02 
 5.22546E-01   2.10724E+02  5.33636E-01   2.07813E+02  5.44920E-01   2.04942E+02  5.56398E-01   2.02115E+02  5.68060E-01   1.99332E+02  5.79897E-01   1.96595E+02  5.91902E-01   1.93905E+02  6.04061E-01   1.91265E+02  6.16365E-01   1.88674E+02  6.28799E-01   1.86136E+02  6.41345E-01   1.83652E+02  6.53988E-01   1.81223E+02  6.66704E-01   1.78852E+02  6.79475E-01   1.76539E+02  6.92277E-01   1.74287E+02  7.05082E-01   1.72099E+02  7.17862E-01   1.69974E+02  7.30585E-01   1.67917E+02  7.43220E-01   1.65928E+02  7.55729E-01   1.64009E+02  7.68076E-01   1.62163E+02  7.80222E-01   1.60391E+02  7.92126E-01   1.58695E+02  8.03744E-01   1.57078E+02  8.15033E-01   1.55541E+02  8.25948E-01   1.54086E+02  8.36442E-01   1.52714E+02  8.46470E-01   1.51429E+02  8.55984E-01   1.50231E+02  8.64940E-01   1.49121E+02  8.73293E-01   1.48103E+02  8.80998E-01   1.47177E+02  8.88016E-01   1.46344E+02  8.94308E-01   1.45606E+02  8.99837E-01   1.44964E+02  9.04574E-01   1.44419E+02  9.08488E-01   1.43972E+02  9.11558E-01   1.43623E+02  9.13764E-01   1.43374E+02  9.15093E-01   1.43224E+02  9.15537E-01   1.43174E+02  9.15093E-01   1.43224E+02  9.13764E-01   1.43374E+02  9.11558E-01   1.43623E+02  9.08488E-01   1.43972E+02  9.04573E-01   1.44419E+02  8.99837E-01   1.44964E+02  8.94308E-01   1.45606E+02  8.88016E-01   1.46344E+02  8.80998E-01   1.47177E+02  8.73292E-01   1.48103E+02  8.64940E-01   1.49121E+02  8.55984E-01   1.50231E+02  8.46470E-01   1.51429E+02  8.36442E-01   1.52714E+02  8.25948E-01   1.54086E+02  8.15033E-01   1.55541E+02  8.03744E-01   1.57078E+02  7.92126E-01   1.58695E+02  7.80221E-01   1.60391E+02  7.68076E-01   1.62163E+02  7.55727E-01   1.64009E+02  7.43220E-01   1.65928E+02  7.30585E-01   1.67917E+02  7.17863E-01   1.69974E+02  7.05084E-01   1.72099E+02  6.92277E-01   1.74287E+02  6.79478E-01   1.76539E+02  6.66704E-01   1.78851E+02  6.53987E-01   1.81223E+02  6.41344E-01   1.83652E+02  6.28795E-01   1.86136E+02  6.16365E-01   1.88674E+02  6.04060E-01   1.91265E+02  5.91902E-01   1.93906E+02  5.79900E-01   1.96595E+02  5.68060E-01   1.99332E+02  5.56397E-01   2.02115E+02  5.44921E-01   2.04942E+02  5.33637E-01   2.07813E+02  5.22546E-01   2.10724E+02 
 4.81909E-01   2.09880E+02  4.92205E-01   2.06958E+02  5.02686E-01   2.04078E+02  5.13344E-01   2.01241E+02  5.24178E-01   1.98448E+02  5.35182E-01   1.95701E+02  5.46343E-01   1.93002E+02  5.57655E-01   1.90350E+02  5.69102E-01   1.87750E+02  5.80672E-01   1.85202E+02  5.92354E-01   1.82707E+02  6.04128E-01   1.80268E+02  6.15978E-01   1.77886E+02  6.27883E-01   1.75564E+02  6.39819E-01   1.73302E+02  6.51763E-01   1.71103E+02  6.63688E-01   1.68969E+02  6.75564E-01   1.66902E+02  6.87362E-01   1.64903E+02  6.99048E-01   1.62974E+02  7.10586E-01   1.61119E+02  7.21942E-01   1.59338E+02  7.33073E-01   1.57633E+02  7.43943E-01   1.56007E+02  7.54507E-01   1.54461E+02  7.64725E-01   1.52998E+02  7.74552E-01   1.51619E+02  7.83945E-01   1.50326E+02  7.92860E-01   1.49121E+02  8.01254E-01   1.48005E+02  8.09083E-01   1.46980E+02  8.16310E-01   1.46048E+02  8.22892E-01   1.45210E+02  8.28796E-01   1.44468E+02  8.33984E-01   1.43822E+02  8.38430E-01   1.43273E+02  8.42104E-01   1.42823E+02  8.44986E-01   1.42472E+02  8.47057E-01   1.42221E+02  8.48305E-01   1.42070E+02  8.48721E-01   1.42020E+02  8.48305E-01   1.42070E+02  8.47057E-01   1.42221E+02  8.44986E-01   1.42472E+02  8.42104E-01   1.42823E+02  8.38430E-01   1.43273E+02  8.33984E-01   1.43822E+02  8.28795E-01   1.44468E+02  8.22893E-01   1.45210E+02  8.16310E-01   1.46048E+02  8.09084E-01   1.46980E+02  8.01253E-01   1.48005E+02  7.92859E-01   1.49121E+02  7.83944E-01   1.50326E+02  7.74552E-01   1.51619E+02  7.64725E-01   1.52998E+02  7.54507E-01   1.54461E+02  7.43943E-01   1.56007E+02  7.33073E-01   1.57633E+02  7.21942E-01   1.59338E+02  7.10586E-01   1.61119E+02  6.99048E-01   1.62974E+02  6.87361E-01   1.64903E+02  6.75564E-01   1.66902E+02  6.63687E-01   1.68969E+02  6.51762E-01   1.71103E+02  6.39820E-01   1.73302E+02  6.27882E-01   1.75564E+02  6.15980E-01   1.77887E+02  6.04129E-01   1.80268E+02  5.92355E-01   1.82707E+02  5.80675E-01   1.85202E+02  5.69099E-01   1.87750E+02  5.57652E-01   1.90351E+02  5.46341E-01   1.93002E+02  5.35180E-01   1.95701E+02  5.24180E-01   1.98448E+02  5.13348E-01   2.01241E+02  5.02686E-01   2.04078E+02  4.92202E-01   2.06958E+02  4.81908E-01   2.09880E+02 
 4.40543E-01   2.09105E+02  4.50010E-01   2.06175E+02  4.59649E-01   2.03287E+02  4.69459E-01   2.00440E+02  4.79434E-01   1.97638E+02  4.89566E-01   1.94882E+02  4.99846E-01   1.92173E+02  5.10265E-01   1.89513E+02  5.20815E-01   1.86903E+02  5.31484E-01   1.84345E+02  5.42258E-01   1.81842E+02  5.53120E-01   1.79393E+02  5.64056E-01   1.77002E+02  5.75045E-01   1.74670E+02  5.86068E-01   1.72399E+02  5.97102E-01   1.70190E+02  6.08123E-01   1.68047E+02  6.19102E-01   1.65970E+02  6.30012E-01   1.63963E+02  6.40823E-01   1.62025E+02  6.51501E-01   1.60161E+02  6.62011E-01   1.58371E+02  6.72319E-01   1.56658E+02  6.82387E-01   1.55024E+02  6.92177E-01   1.53470E+02  7.01647E-01   1.51999E+02  7.10759E-01   1.50613E+02  7.19470E-01   1.49313E+02  7.27742E-01   1.48101E+02  7.35531E-01   1.46979E+02  7.42800E-01   1.45949E+02  7.49508E-01   1.45012E+02  7.55621E-01   1.44169E+02  7.61103E-01   1.43422E+02  7.65924E-01   1.42772E+02  7.70053E-01   1.42221E+02  7.73467E-01   1.41768E+02  7.76145E-01   1.41415E+02  7.78070E-01   1.41162E+02  7.79230E-01   1.41011E+02  7.79618E-01   1.40960E+02  7.79230E-01   1.41011E+02  7.78070E-01   1.41162E+02  7.76145E-01   1.41415E+02  7.73467E-01   1.41768E+02  7.70053E-01   1.42221E+02  7.65924E-01   1.42772E+02  7.61103E-01   1.43422E+02  7.55621E-01   1.44169E+02  7.49508E-01   1.45012E+02  7.42799E-01   1.45949E+02  7.35531E-01   1.46979E+02  7.27741E-01   1.48101E+02  7.19471E-01   1.49313E+02  7.10759E-01   1.50613E+02  7.01648E-01   1.52000E+02  6.92176E-01   1.53470E+02  6.82387E-01   1.55024E+02  6.72319E-01   1.56658E+02  6.62010E-01   1.58371E+02  6.51500E-01   1.60161E+02  6.40821E-01   1.62025E+02  6.30013E-01   1.63963E+02  6.19101E-01   1.65970E+02  6.08123E-01   1.68047E+02  5.97103E-01   1.70190E+02  5.86069E-01   1.72399E+02  5.75047E-01   1.74670E+02  5.64055E-01   1.77002E+02  5.53120E-01   1.79393E+02  5.42257E-01   1.81841E+02  5.31482E-01   1.84346E+02  5.20817E-01   1.86903E+02  5.10264E-01   1.89513E+02  4.99847E-01   1.92173E+02  4.89568E-01   1.94882E+02  4.79433E-01   1.97638E+02  4.69459E-01   2.00440E+02  4.59651E-01   2.03287E+02  4.50011E-01   2.06175E+02  4.40541E-01   2.09105E+02 
 3.98498E-01   2.08404E+02  4.07111E-01   2.05465E+02  4.15883E-01   2.02568E+02  4.24809E-01   1.99714E+02  4.33887E-01   1.96904E+02  4.43112E-01   1.94139E+02  4.52475E-01   1.91421E+02  4.61969E-01   1.88752E+02  4.71585E-01   1.86134E+02  4.81308E-01   1.83568E+02  4.91131E-01   1.81055E+02  5.01038E-01   1.78598E+02  5.11016E-01   1.76198E+02  5.21047E-01   1.73858E+02  5.31111E-01   1.71578E+02  5.41189E-01   1.69361E+02  5.51256E-01   1.67209E+02  5.61289E-01   1.65124E+02  5.71262E-01   1.63108E+02  5.81147E-01   1.61163E+02  5.90914E-01   1.59290E+02  6.00533E-01   1.57493E+02  6.09968E-01   1.55772E+02  6.19186E-01   1.54130E+02  6.28152E-01   1.52569E+02  6.36829E-01   1.51092E+02  6.45178E-01   1.49699E+02  6.53164E-01   1.48392E+02  6.60746E-01   1.47174E+02  6.67889E-01   1.46047E+02  6.74555E-01   1.45011E+02  6.80711E-01   1.44069E+02  6.86320E-01   1.43222E+02  6.91353E-01   1.42471E+02  6.95777E-01   1.41818E+02  6.99569E-01   1.41263E+02  7.02704E-01   1.40808E+02  7.05164E-01   1.40453E+02  7.06931E-01   1.40199E+02  7.07997E-01   1.40046E+02  7.08352E-01   1.39996E+02  7.07997E-01   1.40046E+02  7.06931E-01   1.40199E+02  7.05163E-01   1.40453E+02  7.02704E-01   1.40808E+02  6.99569E-01   1.41263E+02  6.95777E-01   1.41818E+02  6.91352E-01   1.42471E+02  6.86320E-01   1.43222E+02  6.80711E-01   1.44069E+02  6.74556E-01   1.45011E+02  6.67889E-01   1.46047E+02  6.60745E-01   1.47174E+02  6.53163E-01   1.48392E+02  6.45178E-01   1.49698E+02  6.36828E-01   1.51092E+02  6.28152E-01   1.52569E+02  6.19186E-01   1.54130E+02  6.09968E-01   1.55772E+02  6.00532E-01   1.57493E+02  5.90914E-01   1.59290E+02  5.81147E-01   1.61163E+02  5.71261E-01   1.63108E+02  5.61289E-01   1.65124E+02  5.51255E-01   1.67209E+02  5.41188E-01   1.69361E+02  5.31112E-01   1.71578E+02  5.21047E-01   1.73858E+02  5.11019E-01   1.76198E+02  5.01040E-01   1.78598E+02  4.91133E-01   1.81055E+02  4.81309E-01   1.83568E+02  4.71581E-01   1.86134E+02  4.61967E-01   1.88752E+02  4.52471E-01   1.91421E+02  4.43111E-01   1.94139E+02  4.33890E-01   1.96903E+02  4.24812E-01   1.99714E+02  4.15883E-01   2.02568E+02  4.07109E-01   2.05465E+02  3.98498E-01   2.08404E+02 
 3.55838E-01   2.07773E+02  3.63565E-01   2.04827E+02  3.71435E-01   2.01924E+02  3.79449E-01   1.99062E+02  3.87605E-01   1.96244E+02  3.95891E-01   1.93472E+02  4.04304E-01   1.90746E+02  4.12835E-01   1.88070E+02  4.21476E-01   1.85444E+02  4.30221E-01   1.82870E+02  4.39057E-01   1.80349E+02  4.47971E-01   1.77884E+02  4.56952E-01   1.75477E+02  4.65980E-01   1.73128E+02  4.75042E-01   1.70841E+02  4.84118E-01   1.68616E+02  4.93189E-01   1.66457E+02  5.02232E-01   1.64364E+02  5.11223E-01   1.62340E+02  5.20137E-01   1.60388E+02  5.28947E-01   1.58508E+02  5.37624E-01   1.56703E+02  5.46140E-01   1.54976E+02  5.54461E-01   1.53327E+02  5.62558E-01   1.51760E+02  5.70394E-01   1.50275E+02  5.77938E-01   1.48876E+02  5.85153E-01   1.47564E+02  5.92008E-01   1.46341E+02  5.98467E-01   1.45208E+02  6.04496E-01   1.44167E+02  6.10063E-01   1.43221E+02  6.15138E-01   1.42370E+02  6.19691E-01   1.41615E+02  6.23695E-01   1.40959E+02  6.27126E-01   1.40401E+02  6.29965E-01   1.39944E+02  6.32190E-01   1.39587E+02  6.33791E-01   1.39332E+02  6.34756E-01   1.39179E+02  6.35078E-01   1.39128E+02  6.34756E-01   1.39179E+02  6.33791E-01   1.39332E+02  6.32191E-01   1.39587E+02  6.29965E-01   1.39944E+02  6.27127E-01   1.40401E+02  6.23696E-01   1.40959E+02  6.19691E-01   1.41615E+02  6.15138E-01   1.42370E+02  6.10064E-01   1.43221E+02  6.04496E-01   1.44167E+02  5.98467E-01   1.45208E+02  5.92008E-01   1.46341E+02  5.85154E-01   1.47564E+02  5.77937E-01   1.48876E+02  5.70394E-01   1.50276E+02  5.62557E-01   1.51760E+02  5.54461E-01   1.53327E+02  5.46139E-01   1.54976E+02  5.37624E-01   1.56703E+02  5.28947E-01   1.58508E+02  5.20136E-01   1.60388E+02  5.11224E-01   1.62340E+02  5.02231E-01   1.64364E+02  4.93190E-01   1.66457E+02  4.84119E-01   1.68616E+02  4.75042E-01   1.70841E+02  4.65981E-01   1.73128E+02  4.56950E-01   1.75477E+02  4.47972E-01   1.77884E+02  4.39056E-01   1.80349E+02  4.30220E-01   1.82870E+02  4.21478E-01   1.85444E+02  4.12833E-01   1.88070E+02  4.04304E-01   1.90746E+02  3.95892E-01   1.93471E+02  3.87603E-01   1.96244E+02  3.79450E-01   1.99062E+02  3.71438E-01   2.01924E+02  3.63566E-01   2.04828E+02  3.55836E-01   2.07773E+02 
 3.12614E-01   2.07217E+02  3.19434E-01   2.04264E+02  3.26382E-01   2.01353E+02  3.33458E-01   1.98485E+02  3.40656E-01   1.95660E+02  3.47974E-01   1.92881E+02  3.55405E-01   1.90149E+02  3.62943E-01   1.87466E+02  3.70583E-01   1.84833E+02  3.78312E-01   1.82252E+02  3.86124E-01   1.79725E+02  3.94007E-01   1.77253E+02  4.01950E-01   1.74838E+02  4.09941E-01   1.72483E+02  4.17962E-01   1.70188E+02  4.25998E-01   1.67957E+02  4.34030E-01   1.65790E+02  4.42039E-01   1.63691E+02  4.50005E-01   1.61660E+02  4.57905E-01   1.59701E+02  4.65715E-01   1.57815E+02  4.73410E-01   1.56004E+02  4.80962E-01   1.54270E+02  4.88345E-01   1.52616E+02  4.95529E-01   1.51042E+02  5.02485E-01   1.49553E+02  5.09182E-01   1.48148E+02  5.15590E-01   1.46831E+02  5.21677E-01   1.45602E+02  5.27415E-01   1.44465E+02  5.32770E-01   1.43420E+02  5.37718E-01   1.42470E+02  5.42228E-01   1.41615E+02  5.46276E-01   1.40857E+02  5.49835E-01   1.40198E+02  5.52887E-01   1.39638E+02  5.55409E-01   1.39179E+02  5.57390E-01   1.38820E+02  5.58812E-01   1.38564E+02  5.59671E-01   1.38410E+02  5.59957E-01   1.38359E+02  5.59671E-01   1.38410E+02  5.58813E-01   1.38564E+02  5.57390E-01   1.38820E+02  5.55409E-01   1.39179E+02  5.52887E-01   1.39638E+02  5.49835E-01   1.40198E+02  5.46276E-01   1.40857E+02  5.42228E-01   1.41615E+02  5.37718E-01   1.42470E+02  5.32770E-01   1.43420E+02  5.27414E-01   1.44465E+02  5.21677E-01   1.45602E+02  5.15590E-01   1.46831E+02  5.09182E-01   1.48148E+02  5.02485E-01   1.49552E+02  4.95529E-01   1.51042E+02  4.88345E-01   1.52615E+02  4.80962E-01   1.54270E+02  4.73409E-01   1.56004E+02  4.65715E-01   1.57815E+02  4.57905E-01   1.59701E+02  4.50004E-01   1.61660E+02  4.42040E-01   1.63691E+02  4.34029E-01   1.65790E+02  4.25998E-01   1.67957E+02  4.17962E-01   1.70188E+02  4.09941E-01   1.72483E+02  4.01953E-01   1.74838E+02  3.94009E-01   1.77253E+02  3.86126E-01   1.79725E+02  3.78312E-01   1.82252E+02  3.70580E-01   1.84833E+02  3.62942E-01   1.87466E+02  3.55402E-01   1.90150E+02  3.47974E-01   1.92881E+02  3.40660E-01   1.95660E+02  3.33460E-01   1.98485E+02  3.26383E-01   2.01353E+02  3.19433E-01   2.04264E+02  3.12615E-01   2.07217E+02 
 2.68899E-01   2.06732E+02  2.74787E-01   2.03774E+02  2.80784E-01   2.00858E+02  2.86895E-01   1.97984E+02  2.93117E-01   1.95153E+02  2.99441E-01   1.92369E+02  3.05863E-01   1.89630E+02  3.12380E-01   1.86941E+02  3.18982E-01   1.84302E+02  3.25667E-01   1.81715E+02  3.32425E-01   1.79182E+02  3.39246E-01   1.76704E+02  3.46122E-01   1.74283E+02  3.53037E-01   1.71922E+02  3.59981E-01   1.69621E+02  3.66940E-01   1.67384E+02  3.73896E-01   1.65211E+02  3.80836E-01   1.63106E+02  3.87739E-01   1.61070E+02  3.94586E-01   1.59104E+02  4.01357E-01   1.57213E+02  4.08029E-01   1.55396E+02  4.14580E-01   1.53657E+02  4.20983E-01   1.51997E+02  4.27217E-01   1.50418E+02  4.33254E-01   1.48923E+02  4.39067E-01   1.47514E+02  4.44630E-01   1.46192E+02  4.49917E-01   1.44959E+02  4.54900E-01   1.43818E+02  4.59554E-01   1.42770E+02  4.63852E-01   1.41816E+02  4.67771E-01   1.40957E+02  4.71288E-01   1.40197E+02  4.74383E-01   1.39535E+02  4.77035E-01   1.38973E+02  4.79229E-01   1.38512E+02  4.80950E-01   1.38153E+02  4.82188E-01   1.37895E+02  4.82933E-01   1.37741E+02  4.83183E-01   1.37689E+02  4.82933E-01   1.37741E+02  4.82188E-01   1.37895E+02  4.80950E-01   1.38153E+02  4.79230E-01   1.38512E+02  4.77035E-01   1.38973E+02  4.74384E-01   1.39535E+02  4.71289E-01   1.40197E+02  4.67772E-01   1.40958E+02  4.63852E-01   1.41816E+02  4.59554E-01   1.42770E+02  4.54900E-01   1.43818E+02  4.49917E-01   1.44959E+02  4.44631E-01   1.46192E+02  4.39067E-01   1.47514E+02  4.33254E-01   1.48924E+02  4.27217E-01   1.50418E+02  4.20984E-01   1.51997E+02  4.14579E-01   1.53657E+02  4.08029E-01   1.55396E+02  4.01357E-01   1.57213E+02  3.94586E-01   1.59104E+02  3.87740E-01   1.61070E+02  3.80835E-01   1.63106E+02  3.73897E-01   1.65211E+02  3.66939E-01   1.67384E+02  3.59980E-01   1.69621E+02  3.53038E-01   1.71922E+02  3.46120E-01   1.74283E+02  3.39247E-01   1.76704E+02  3.32424E-01   1.79182E+02  3.25667E-01   1.81715E+02  3.18984E-01   1.84302E+02  3.12378E-01   1.86941E+02  3.05863E-01   1.89630E+02  2.99440E-01   1.92368E+02  2.93114E-01   1.95153E+02  2.86896E-01   1.97984E+02  2.80787E-01   2.00858E+02  2.74787E-01   2.03775E+02  2.68896E-01   2.06732E+02 
 2.24749E-01   2.06323E+02  2.29686E-01   2.03361E+02  2.34718E-01   2.00438E+02  2.39846E-01   1.97559E+02  2.45064E-01   1.94724E+02  2.50369E-01   1.91933E+02  2.55760E-01   1.89191E+02  2.61228E-01   1.86497E+02  2.66774E-01   1.83852E+02  2.72386E-01   1.81260E+02  2.78061E-01   1.78721E+02  2.83790E-01   1.76238E+02  2.89565E-01   1.73812E+02  2.95377E-01   1.71446E+02  3.01213E-01   1.69140E+02  3.07063E-01   1.66897E+02  3.12913E-01   1.64720E+02  3.18748E-01   1.62609E+02  3.24554E-01   1.60568E+02  3.30314E-01   1.58598E+02  3.36010E-01   1.56701E+02  3.41626E-01   1.54880E+02  3.47140E-01   1.53136E+02  3.52532E-01   1.51472E+02  3.57781E-01   1.49889E+02  3.62866E-01   1.48390E+02  3.67762E-01   1.46976E+02  3.72450E-01   1.45651E+02  3.76904E-01   1.44414E+02  3.81104E-01   1.43269E+02  3.85025E-01   1.42218E+02  3.88649E-01   1.41261E+02  3.91953E-01   1.40400E+02  3.94920E-01   1.39637E+02  3.97528E-01   1.38973E+02  3.99766E-01   1.38409E+02  4.01614E-01   1.37946E+02  4.03068E-01   1.37586E+02  4.04110E-01   1.37328E+02  4.04741E-01   1.37172E+02  4.04949E-01   1.37121E+02  4.04741E-01   1.37172E+02  4.04110E-01   1.37328E+02  4.03068E-01   1.37586E+02  4.01615E-01   1.37946E+02  3.99766E-01   1.38409E+02  3.97528E-01   1.38973E+02  3.94919E-01   1.39637E+02  3.91953E-01   1.40400E+02  3.88649E-01   1.41261E+02  3.85026E-01   1.42218E+02  3.81103E-01   1.43269E+02  3.76904E-01   1.44414E+02  3.72449E-01   1.45650E+02  3.67763E-01   1.46976E+02  3.62865E-01   1.48390E+02  3.57782E-01   1.49889E+02  3.52532E-01   1.51471E+02  3.47140E-01   1.53136E+02  3.41626E-01   1.54880E+02  3.36011E-01   1.56701E+02  3.30314E-01   1.58598E+02  3.24553E-01   1.60568E+02  3.18748E-01   1.62610E+02  3.12911E-01   1.64720E+02  3.07063E-01   1.66898E+02  3.01214E-01   1.69140E+02  2.95377E-01   1.71446E+02  2.89568E-01   1.73812E+02  2.83792E-01   1.76238E+02  2.78064E-01   1.78721E+02  2.72387E-01   1.81260E+02  2.66771E-01   1.83852E+02  2.61228E-01   1.86496E+02  2.55756E-01   1.89191E+02  2.50370E-01   1.91934E+02  2.45067E-01   1.94724E+02  2.39848E-01   1.97559E+02  2.34719E-01   2.00438E+02  2.29686E-01   2.03360E+02  2.24750E-01   2.06323E+02 
 1.80242E-01   2.05986E+02  1.84211E-01   2.03019E+02  1.88255E-01   2.00095E+02  1.92378E-01   1.97211E+02  1.96577E-01   1.94371E+02  2.00847E-01   1.91577E+02  2.05183E-01   1.88830E+02  2.09586E-01   1.86131E+02  2.14045E-01   1.83484E+02  2.18564E-01   1.80887E+02  2.23135E-01   1.78344E+02  2.27747E-01   1.75857E+02  2.32400E-01   1.73426E+02  2.37080E-01   1.71056E+02  2.41783E-01   1.68745E+02  2.46495E-01   1.66499E+02  2.51209E-01   1.64317E+02  2.55913E-01   1.62202E+02  2.60593E-01   1.60157E+02  2.65238E-01   1.58183E+02  2.69832E-01   1.56282E+02  2.74360E-01   1.54457E+02  2.78808E-01   1.52709E+02  2.83158E-01   1.51041E+02  2.87394E-01   1.49454E+02  2.91496E-01   1.47952E+02  2.95449E-01   1.46535E+02  2.99232E-01   1.45206E+02  3.02828E-01   1.43966E+02  3.06219E-01   1.42819E+02  3.09387E-01   1.41764E+02  3.12313E-01   1.40805E+02  3.14982E-01   1.39942E+02  3.17378E-01   1.39177E+02  3.19486E-01   1.38511E+02  3.21293E-01   1.37946E+02  3.22789E-01   1.37482E+02  3.23961E-01   1.37120E+02  3.24805E-01   1.36861E+02  3.25313E-01   1.36706E+02  3.25483E-01   1.36654E+02  3.25312E-01   1.36706E+02  3.24805E-01   1.36861E+02  3.23961E-01   1.37120E+02  3.22789E-01   1.37482E+02  3.21293E-01   1.37946E+02  3.19486E-01   1.38511E+02  3.17378E-01   1.39177E+02  3.14983E-01   1.39942E+02  3.12313E-01   1.40805E+02  3.09387E-01   1.41764E+02  3.06219E-01   1.42819E+02  3.02828E-01   1.43966E+02  2.99232E-01   1.45206E+02  2.95448E-01   1.46535E+02  2.91496E-01   1.47952E+02  2.87393E-01   1.49454E+02  2.83158E-01   1.51041E+02  2.78808E-01   1.52709E+02  2.74360E-01   1.54457E+02  2.69832E-01   1.56282E+02  2.65237E-01   1.58183E+02  2.60594E-01   1.60157E+02  2.55912E-01   1.62202E+02  2.51210E-01   1.64317E+02  2.46494E-01   1.66499E+02  2.41782E-01   1.68745E+02  2.37081E-01   1.71055E+02  2.32398E-01   1.73426E+02  2.27748E-01   1.75857E+02  2.23134E-01   1.78344E+02  2.18565E-01   1.80887E+02  2.14048E-01   1.83484E+02  2.09584E-01   1.86132E+02  2.05183E-01   1.88830E+02  2.00845E-01   1.91577E+02  1.96575E-01   1.94372E+02  1.92379E-01   1.97211E+02  1.88258E-01   2.00094E+02  1.84212E-01   2.03019E+02  1.80239E-01   2.05986E+02 
 1.35438E-01   2.05725E+02  1.38426E-01   2.02757E+02  1.41473E-01   1.99827E+02  1.44581E-01   1.96940E+02  1.47743E-01   1.94098E+02  1.50958E-01   1.91300E+02  1.54226E-01   1.88550E+02  1.57541E-01   1.85848E+02  1.60905E-01   1.83196E+02  1.64310E-01   1.80597E+02  1.67753E-01   1.78050E+02  1.71231E-01   1.75560E+02  1.74736E-01   1.73126E+02  1.78266E-01   1.70752E+02  1.81813E-01   1.68439E+02  1.85368E-01   1.66188E+02  1.88924E-01   1.64003E+02  1.92471E-01   1.61885E+02  1.96002E-01   1.59836E+02  1.99506E-01   1.57859E+02  2.02973E-01   1.55955E+02  2.06392E-01   1.54127E+02  2.09749E-01   1.52376E+02  2.13033E-01   1.50705E+02  2.16231E-01   1.49116E+02  2.19330E-01   1.47611E+02  2.22315E-01   1.46191E+02  2.25173E-01   1.44860E+02  2.27889E-01   1.43618E+02  2.30451E-01   1.42468E+02  2.32843E-01   1.41412E+02  2.35055E-01   1.40450E+02  2.37070E-01   1.39585E+02  2.38882E-01   1.38819E+02  2.40474E-01   1.38152E+02  2.41841E-01   1.37585E+02  2.42969E-01   1.37120E+02  2.43857E-01   1.36758E+02  2.44494E-01   1.36498E+02  2.44879E-01   1.36342E+02  2.45006E-01   1.36290E+02  2.44879E-01   1.36342E+02  2.44493E-01   1.36498E+02  2.43857E-01   1.36758E+02  2.42969E-01   1.37120E+02  2.41840E-01   1.37585E+02  2.40474E-01   1.38152E+02  2.38882E-01   1.38819E+02  2.37071E-01   1.39585E+02  2.35055E-01   1.40450E+02  2.32843E-01   1.41411E+02  2.30451E-01   1.42468E+02  2.27889E-01   1.43618E+02  2.25172E-01   1.44859E+02  2.22315E-01   1.46191E+02  2.19329E-01   1.47610E+02  2.16232E-01   1.49116E+02  2.13033E-01   1.50705E+02  2.09749E-01   1.52376E+02  2.06391E-01   1.54127E+02  2.02973E-01   1.55955E+02  1.99507E-01   1.57859E+02  1.96001E-01   1.59836E+02  1.92471E-01   1.61885E+02  1.88922E-01   1.64003E+02  1.85368E-01   1.66188E+02  1.81812E-01   1.68438E+02  1.78267E-01   1.70752E+02  1.74740E-01   1.73126E+02  1.71232E-01   1.75559E+02  1.67755E-01   1.78050E+02  1.64309E-01   1.80596E+02  1.60902E-01   1.83196E+02  1.57541E-01   1.85848E+02  1.54222E-01   1.88550E+02  1.50958E-01   1.91300E+02  1.47746E-01   1.94097E+02  1.44581E-01   1.96940E+02  1.41474E-01   1.99826E+02  1.38427E-01   2.02756E+02  1.35437E-01   2.05726E+02 
 9.04170E-02   2.05536E+02  9.24152E-02   2.02565E+02  9.44494E-02   1.99636E+02  9.65258E-02   1.96747E+02  9.86423E-02   1.93901E+02  1.00794E-01   1.91101E+02  1.02979E-01   1.88348E+02  1.05197E-01   1.85644E+02  1.07444E-01   1.82991E+02  1.09721E-01   1.80388E+02  1.12027E-01   1.77840E+02  1.14354E-01   1.75347E+02  1.16702E-01   1.72910E+02  1.19064E-01   1.70535E+02  1.21437E-01   1.68218E+02  1.23816E-01   1.65966E+02  1.26195E-01   1.63779E+02  1.28571E-01   1.61658E+02  1.30935E-01   1.59608E+02  1.33282E-01   1.57628E+02  1.35604E-01   1.55723E+02  1.37893E-01   1.53891E+02  1.40142E-01   1.52139E+02  1.42341E-01   1.50465E+02  1.44483E-01   1.48874E+02  1.46559E-01   1.47367E+02  1.48558E-01   1.45944E+02  1.50473E-01   1.44612E+02  1.52294E-01   1.43367E+02  1.54010E-01   1.42217E+02  1.55614E-01   1.41158E+02  1.57096E-01   1.40196E+02  1.58448E-01   1.39329E+02  1.59661E-01   1.38562E+02  1.60730E-01   1.37894E+02  1.61645E-01   1.37327E+02  1.62403E-01   1.36861E+02  1.62996E-01   1.36498E+02  1.63425E-01   1.36238E+02  1.63681E-01   1.36082E+02  1.63769E-01   1.36030E+02  1.63682E-01   1.36082E+02  1.63425E-01   1.36238E+02  1.62997E-01   1.36498E+02  1.62403E-01   1.36861E+02  1.61645E-01   1.37327E+02  1.60730E-01   1.37894E+02  1.59661E-01   1.38562E+02  1.58448E-01   1.39329E+02  1.57096E-01   1.40196E+02  1.55614E-01   1.41158E+02  1.54010E-01   1.42217E+02  1.52293E-01   1.43368E+02  1.50473E-01   1.44612E+02  1.48558E-01   1.45944E+02  1.46559E-01   1.47367E+02  1.44483E-01   1.48874E+02  1.42341E-01   1.50465E+02  1.40142E-01   1.52139E+02  1.37893E-01   1.53891E+02  1.35604E-01   1.55722E+02  1.33282E-01   1.57628E+02  1.30936E-01   1.59608E+02  1.28570E-01   1.61658E+02  1.26196E-01   1.63778E+02  1.23815E-01   1.65966E+02  1.21436E-01   1.68218E+02  1.19063E-01   1.70534E+02  1.16700E-01   1.72910E+02  1.14355E-01   1.75347E+02  1.12027E-01   1.77840E+02  1.09724E-01   1.80389E+02  1.07447E-01   1.82991E+02  1.05196E-01   1.85645E+02  1.02978E-01   1.88348E+02  1.00791E-01   1.91101E+02  9.86395E-02   1.93901E+02  9.65275E-02   1.96746E+02  9.44528E-02   1.99635E+02  9.24155E-02   2.02565E+02  9.04142E-02   2.05537E+02 
 4.52443E-02   2.05426E+02  4.62438E-02   2.02456E+02  4.72644E-02   1.99522E+02  4.83068E-02   1.96630E+02  4.93662E-02   1.93784E+02  5.04435E-02   1.90981E+02  5.15392E-02   1.88228E+02  5.26493E-02   1.85523E+02  5.37770E-02   1.82867E+02  5.49186E-02   1.80265E+02  5.60711E-02   1.77714E+02  5.72371E-02   1.75220E+02  5.84121E-02   1.72782E+02  5.95968E-02   1.70404E+02  6.07871E-02   1.68087E+02  6.19799E-02   1.65833E+02  6.31731E-02   1.63644E+02  6.43631E-02   1.61522E+02  6.55477E-02   1.59469E+02  6.67241E-02   1.57488E+02  6.78873E-02   1.55580E+02  6.90354E-02   1.53749E+02  7.01630E-02   1.51994E+02  7.12664E-02   1.50321E+02  7.23409E-02   1.48728E+02  7.33816E-02   1.47220E+02  7.43849E-02   1.45798E+02  7.53455E-02   1.44464E+02  7.62580E-02   1.43219E+02  7.71196E-02   1.42066E+02  7.79228E-02   1.41008E+02  7.86669E-02   1.40044E+02  7.93437E-02   1.39177E+02  7.99532E-02   1.38408E+02  8.04877E-02   1.37740E+02  8.09485E-02   1.37171E+02  8.13269E-02   1.36706E+02  8.16268E-02   1.36342E+02  8.18396E-02   1.36082E+02  8.19703E-02   1.35926E+02  8.20120E-02   1.35874E+02  8.19702E-02   1.35926E+02  8.18396E-02   1.36082E+02  8.16264E-02   1.36342E+02  8.13269E-02   1.36706E+02  8.09484E-02   1.37172E+02  8.04878E-02   1.37739E+02  7.99532E-02   1.38408E+02  7.93435E-02   1.39176E+02  7.86667E-02   1.40043E+02  7.79228E-02   1.41007E+02  7.71192E-02   1.42066E+02  7.62578E-02   1.43219E+02  7.53451E-02   1.44463E+02  7.43849E-02   1.45797E+02  7.33812E-02   1.47219E+02  7.23408E-02   1.48728E+02  7.12659E-02   1.50320E+02  7.01636E-02   1.51995E+02  6.90350E-02   1.53749E+02  6.78875E-02   1.55581E+02  6.67238E-02   1.57488E+02  6.55469E-02   1.59469E+02  6.43629E-02   1.61523E+02  6.31710E-02   1.63644E+02  6.19791E-02   1.65833E+02  6.07864E-02   1.68087E+02  5.95978E-02   1.70404E+02  5.84158E-02   1.72783E+02  5.72384E-02   1.75219E+02  5.60741E-02   1.77714E+02  5.49176E-02   1.80263E+02  5.37737E-02   1.82868E+02  5.26486E-02   1.85523E+02  5.15345E-02   1.88230E+02  5.04440E-02   1.90983E+02  4.93696E-02   1.93783E+02  4.83075E-02   1.96630E+02  4.72650E-02   1.99521E+02  4.62448E-02   2.02455E+02  4.52438E-02   2.05427E+02 
 2.68230E-06   1.45328E+02  2.59137E-06   1.38043E+02  2.46469E-06   3.48014E+02  2.47319E-06   3.43760E+02  1.06407E-06   1.39727E+02  2.05146E-06   1.72118E+02  1.71696E-06   1.33101E+02  2.51769E-06   1.39912E+02  1.33527E-06   3.03370E+02  2.16764E-06   3.10879E+01  6.60875E-07   2.92164E+02  9.11886E-07   3.32279E+02  1.29287E-06   1.35688E+02  1.30544E-06   2.21996E+02  1.20425E-06   9.31584E+01  3.24078E-07   2.30331E+02  3.29745E-07   5.25071E+01  2.92617E-07   8.43736E+01  1.34703E-06   2.27625E+02  6.52170E-07   1.24089E+02  2.32290E-06   2.25700E+02  4.39316E-07   1.35447E+02  2.10352E-06   2.14155E+02  3.16047E-07   1.99578E+02  5.56031E-07   1.87958E+02  7.87891E-07   2.46915E+02  7.87235E-07   9.51877E+01  5.28148E-07   2.78103E+02  1.65328E-06   7.34717E+01  5.16837E-07   2.56636E+02  1.92710E-06   6.62999E+01  4.47999E-07   2.78942E+02  1.41557E-06   7.66019E+01  8.57291E-08   2.38594E+02  1.06463E-06   8.16605E+01  8.99079E-08   2.54037E+02  1.15207E-06   1.07743E+02  5.57109E-07   2.17759E+02  9.49372E-07   1.25322E+02  4.59901E-07   2.41444E+02  7.32905E-07   8.67756E+01  3.91498E-07   1.99918E+02  1.09064E-06   1.05389E+02  3.44639E-07   1.36787E+02  1.28134E-06   1.05711E+02  4.25454E-07   1.49564E+02  1.47251E-06   1.02231E+02  2.66618E-07   1.35032E+02  1.19321E-06   8.41804E+01  2.59597E-07   2.35017E+02  1.51012E-06   7.74614E+01  6.87160E-07   2.57132E+02  1.66387E-06   6.44776E+01  6.33296E-07   2.28581E+02  8.66976E-07   6.91204E+01  7.61481E-07   1.96149E+02  6.74003E-07   1.51005E+02  9.75866E-07   1.95441E+02  1.21872E-06   2.17508E+02  7.86389E-07   1.52356E+02  1.97584E-06   2.14730E+02  3.58562E-07   1.30513E+02  1.48247E-06   2.06178E+02  9.69286E-07   3.18966E+01  5.10707E-07   1.12209E+02  8.21150E-07   3.55765E+02  1.81183E-06   6.27881E+01  2.54591E-07   1.16434E+01  1.68276E-06   2.88268E+01  2.96001E-07   1.26271E+02  8.68315E-07   3.08213E+02  5.43293E-07   2.57291E+02  2.15748E-06   2.05210E+02  2.18506E-07   3.08757E+01  1.78480E-06   1.22373E+02  1.30597E-06   5.99722E+01  2.32877E-06   2.28854E+01  4.70482E-07   6.24018E+01  1.02072E-06   2.08670E+02  2.53066E-06   1.57936E+02  1.76774E-06   8.41313E+01 
 4.52445E-02   2.54257E+01  4.62473E-02   2.24482E+01  4.72685E-02   1.95178E+01  4.83063E-02   1.66303E+01  4.93649E-02   1.37833E+01  5.04416E-02   1.09845E+01  5.15351E-02   8.22970E+00  5.26479E-02   5.52221E+00  5.37743E-02   2.86790E+00  5.49161E-02   2.62162E-01  5.60724E-02   3.57713E+02  5.72384E-02   3.55218E+02  5.84149E-02   3.52781E+02  5.95981E-02   3.50404E+02  6.07866E-02   3.48086E+02  6.19789E-02   3.45833E+02  6.31716E-02   3.43644E+02  6.43623E-02   3.41523E+02  6.55483E-02   3.39471E+02  6.67248E-02   3.37490E+02  6.78888E-02   3.35583E+02  6.90361E-02   3.33750E+02  7.01640E-02   3.31996E+02  7.12663E-02   3.30320E+02  7.23402E-02   3.28728E+02  7.33808E-02   3.27219E+02  7.43836E-02   3.25797E+02  7.53440E-02   3.24462E+02  7.62572E-02   3.23217E+02  7.71180E-02   3.22065E+02  7.79232E-02   3.21006E+02  7.86659E-02   3.20043E+02  7.93450E-02   3.19176E+02  7.99529E-02   3.18407E+02  8.04900E-02   3.17739E+02  8.09480E-02   3.17171E+02  8.13299E-02   3.16706E+02  8.16260E-02   3.16342E+02  8.18423E-02   3.16082E+02  8.19697E-02   3.15926E+02  8.20146E-02   3.15874E+02  8.19699E-02   3.15926E+02  8.18423E-02   3.16082E+02  8.16259E-02   3.16342E+02  8.13294E-02   3.16705E+02  8.09477E-02   3.17171E+02  8.04901E-02   3.17740E+02  7.99527E-02   3.18408E+02  7.93450E-02   3.19177E+02  7.86657E-02   3.20043E+02  7.79231E-02   3.21007E+02  7.71177E-02   3.22066E+02  7.62569E-02   3.23218E+02  7.53441E-02   3.24463E+02  7.43835E-02   3.25797E+02  7.33816E-02   3.27220E+02  7.23401E-02   3.28728E+02  7.12667E-02   3.30321E+02  7.01633E-02   3.31995E+02  6.90368E-02   3.33750E+02  6.78885E-02   3.35582E+02  6.67249E-02   3.37489E+02  6.55494E-02   3.39471E+02  6.43630E-02   3.41522E+02  6.31737E-02   3.43645E+02  6.19794E-02   3.45832E+02  6.07876E-02   3.48086E+02  5.95976E-02   3.50403E+02  5.84119E-02   3.52781E+02  5.72375E-02   3.55219E+02  5.60695E-02   3.57714E+02  5.49167E-02   2.64393E-01  5.37777E-02   2.86763E+00  5.26495E-02   5.52269E+00  5.15398E-02   8.22798E+00  5.04412E-02   1.09828E+01  4.93609E-02   1.37842E+01  4.83049E-02   1.66300E+01  4.72674E-02   1.95192E+01  4.62467E-02   2.24497E+01  4.52451E-02   2.54242E+01 
 9.04136E-02   2.55395E+01  9.24132E-02   2.25672E+01  9.44542E-02   1.96341E+01  9.65303E-02   1.67454E+01  9.86415E-02   1.39017E+01  1.00790E-01   1.11019E+01  1.02976E-01   8.34966E+00  1.05194E-01   5.64583E+00  1.07446E-01   2.98999E+00  1.09726E-01   3.88906E-01  1.12028E-01   3.57840E+02  1.14356E-01   3.55347E+02  1.16700E-01   3.52911E+02  1.19063E-01   3.50534E+02  1.21436E-01   3.48219E+02  1.23815E-01   3.45966E+02  1.26195E-01   3.43779E+02  1.28571E-01   3.41659E+02  1.30935E-01   3.39607E+02  1.33281E-01   3.37628E+02  1.35602E-01   3.35721E+02  1.37892E-01   3.33891E+02  1.40140E-01   3.32137E+02  1.42340E-01   3.30465E+02  1.44482E-01   3.28874E+02  1.46558E-01   3.27366E+02  1.48558E-01   3.25945E+02  1.50473E-01   3.24611E+02  1.52293E-01   3.23369E+02  1.54010E-01   3.22216E+02  1.55613E-01   3.21159E+02  1.57095E-01   3.20196E+02  1.58447E-01   3.19330E+02  1.59661E-01   3.18562E+02  1.60728E-01   3.17894E+02  1.61645E-01   3.17327E+02  1.62401E-01   3.16861E+02  1.62997E-01   3.16498E+02  1.63423E-01   3.16238E+02  1.63682E-01   3.16082E+02  1.63767E-01   3.16030E+02  1.63681E-01   3.16082E+02  1.63423E-01   3.16238E+02  1.62996E-01   3.16498E+02  1.62401E-01   3.16861E+02  1.61644E-01   3.17327E+02  1.60728E-01   3.17894E+02  1.59661E-01   3.18562E+02  1.58447E-01   3.19330E+02  1.57095E-01   3.20196E+02  1.55613E-01   3.21159E+02  1.54010E-01   3.22216E+02  1.52293E-01   3.23369E+02  1.50472E-01   3.24611E+02  1.48558E-01   3.25945E+02  1.46558E-01   3.27366E+02  1.44482E-01   3.28873E+02  1.42340E-01   3.30465E+02  1.40140E-01   3.32138E+02  1.37891E-01   3.33891E+02  1.35602E-01   3.35721E+02  1.33281E-01   3.37628E+02  1.30934E-01   3.39607E+02  1.28572E-01   3.41659E+02  1.26195E-01   3.43779E+02  1.23816E-01   3.45966E+02  1.21436E-01   3.48219E+02  1.19063E-01   3.50534E+02  1.16702E-01   3.52911E+02  1.14354E-01   3.55347E+02  1.12028E-01   3.57840E+02  1.09723E-01   3.88255E-01  1.07444E-01   2.99026E+00  1.05196E-01   5.64480E+00  1.02977E-01   8.34972E+00  1.00793E-01   1.11023E+01  9.86445E-02   1.39011E+01  9.65286E-02   1.67463E+01  9.44507E-02   1.96345E+01  9.24121E-02   2.25669E+01  9.04159E-02   2.55391E+01 
 1.35438E-01   2.57249E+01  1.38428E-01   2.27541E+01  1.41478E-01   1.98257E+01  1.44580E-01   1.69402E+01  1.47741E-01   1.40974E+01  1.50956E-01   1.13008E+01  1.54222E-01   8.55017E+00  1.57540E-01   5.84786E+00  1.60902E-01   3.19644E+00  1.64308E-01   5.95996E-01  1.67754E-01   3.58050E+02  1.71232E-01   3.55559E+02  1.74739E-01   3.53126E+02  1.78268E-01   3.50752E+02  1.81812E-01   3.48438E+02  1.85367E-01   3.46188E+02  1.88922E-01   3.44003E+02  1.92471E-01   3.41885E+02  1.96003E-01   3.39837E+02  1.99508E-01   3.37860E+02  2.02974E-01   3.35956E+02  2.06392E-01   3.34127E+02  2.09750E-01   3.32376E+02  2.13033E-01   3.30705E+02  2.16231E-01   3.29116E+02  2.19329E-01   3.27610E+02  2.22314E-01   3.26191E+02  2.25171E-01   3.24859E+02  2.27888E-01   3.23617E+02  2.30450E-01   3.22468E+02  2.32844E-01   3.21411E+02  2.35054E-01   3.20450E+02  2.37072E-01   3.19585E+02  2.38882E-01   3.18819E+02  2.40476E-01   3.18151E+02  2.41840E-01   3.17585E+02  2.42972E-01   3.17120E+02  2.43857E-01   3.16758E+02  2.44496E-01   3.16498E+02  2.44879E-01   3.16343E+02  2.45009E-01   3.16290E+02  2.44879E-01   3.16343E+02  2.44496E-01   3.16498E+02  2.43857E-01   3.16758E+02  2.42972E-01   3.17120E+02  2.41841E-01   3.17585E+02  2.40476E-01   3.18152E+02  2.38882E-01   3.18819E+02  2.37072E-01   3.19585E+02  2.35054E-01   3.20450E+02  2.32843E-01   3.21411E+02  2.30450E-01   3.22468E+02  2.27888E-01   3.23618E+02  2.25172E-01   3.24859E+02  2.22313E-01   3.26191E+02  2.19330E-01   3.27610E+02  2.16230E-01   3.29116E+02  2.13034E-01   3.30705E+02  2.09749E-01   3.32376E+02  2.06393E-01   3.34127E+02  2.02974E-01   3.35956E+02  1.99508E-01   3.37859E+02  1.96004E-01   3.39837E+02  1.92472E-01   3.41885E+02  1.88925E-01   3.44003E+02  1.85368E-01   3.46188E+02  1.81813E-01   3.48438E+02  1.78267E-01   3.50751E+02  1.74736E-01   3.53126E+02  1.71231E-01   3.55559E+02  1.67751E-01   3.58050E+02  1.64309E-01   5.96546E-01  1.60906E-01   3.19639E+00  1.57542E-01   5.84790E+00  1.54226E-01   8.54967E+00  1.50955E-01   1.13002E+01  1.47737E-01   1.40976E+01  1.44579E-01   1.69402E+01  1.41477E-01   1.98261E+01  1.38429E-01   2.27543E+01  1.35439E-01   2.57245E+01 
 1.80238E-01   2.59875E+01  1.84209E-01   2.30206E+01  1.88259E-01   2.00938E+01  1.92382E-01   1.72106E+01  1.96577E-01   1.43719E+01  2.00844E-01   1.15777E+01  2.05181E-01   8.83088E+00  2.09582E-01   6.13237E+00  2.14047E-01   3.48320E+00  2.18567E-01   8.87180E-01  2.23135E-01   3.58344E+02  2.27749E-01   3.55857E+02  2.32399E-01   3.53427E+02  2.37080E-01   3.51055E+02  2.41782E-01   3.48746E+02  2.46495E-01   3.46499E+02  2.51209E-01   3.44317E+02  2.55912E-01   3.42203E+02  2.60592E-01   3.40157E+02  2.65236E-01   3.38183E+02  2.69830E-01   3.36282E+02  2.74359E-01   3.34457E+02  2.78806E-01   3.32709E+02  2.83157E-01   3.31041E+02  2.87392E-01   3.29454E+02  2.91495E-01   3.27952E+02  2.95448E-01   3.26535E+02  2.99231E-01   3.25206E+02  3.02828E-01   3.23967E+02  3.06219E-01   3.22819E+02  3.09386E-01   3.21765E+02  3.12312E-01   3.20805E+02  3.14981E-01   3.19942E+02  3.17377E-01   3.19177E+02  3.19485E-01   3.18511E+02  3.21293E-01   3.17946E+02  3.22787E-01   3.17482E+02  3.23961E-01   3.17120E+02  3.24803E-01   3.16862E+02  3.25312E-01   3.16706E+02  3.25482E-01   3.16654E+02  3.25312E-01   3.16706E+02  3.24803E-01   3.16862E+02  3.23960E-01   3.17120E+02  3.22787E-01   3.17482E+02  3.21292E-01   3.17946E+02  3.19484E-01   3.18511E+02  3.17377E-01   3.19177E+02  3.14981E-01   3.19942E+02  3.12312E-01   3.20805E+02  3.09386E-01   3.21765E+02  3.06218E-01   3.22819E+02  3.02828E-01   3.23967E+02  2.99231E-01   3.25206E+02  2.95448E-01   3.26535E+02  2.91495E-01   3.27952E+02  2.87393E-01   3.29454E+02  2.83157E-01   3.31041E+02  2.78807E-01   3.32709E+02  2.74358E-01   3.34457E+02  2.69830E-01   3.36282E+02  2.65236E-01   3.38183E+02  2.60591E-01   3.40157E+02  2.55913E-01   3.42203E+02  2.51208E-01   3.44317E+02  2.46496E-01   3.46499E+02  2.41782E-01   3.48746E+02  2.37080E-01   3.51056E+02  2.32400E-01   3.53427E+02  2.27747E-01   3.55857E+02  2.23135E-01   3.58344E+02  2.18565E-01   8.86790E-01  2.14045E-01   3.48317E+00  2.09584E-01   6.13186E+00  2.05182E-01   8.83079E+00  2.00846E-01   1.15779E+01  1.96579E-01   1.43717E+01  1.92381E-01   1.72111E+01  1.88257E-01   2.00940E+01  1.84209E-01   2.30204E+01  1.80240E-01   2.59872E+01 
 2.24750E-01   2.63225E+01  2.29688E-01   2.33593E+01  2.34722E-01   2.04379E+01  2.39846E-01   1.75590E+01  2.45064E-01   1.47237E+01  2.50368E-01   1.19342E+01  2.55756E-01   9.19108E+00  2.61227E-01   6.49651E+00  2.66771E-01   3.85243E+00  2.72385E-01   1.25976E+00  2.78062E-01   3.58721E+02  2.83792E-01   3.56238E+02  2.89568E-01   3.53812E+02  2.95378E-01   3.51446E+02  3.01213E-01   3.49140E+02  3.07063E-01   3.46898E+02  3.12912E-01   3.44720E+02  3.18748E-01   3.42610E+02  3.24554E-01   3.40568E+02  3.30315E-01   3.38598E+02  3.36012E-01   3.36702E+02  3.41627E-01   3.34880E+02  3.47141E-01   3.33136E+02  3.52532E-01   3.31471E+02  3.57781E-01   3.29889E+02  3.62865E-01   3.28389E+02  3.67761E-01   3.26976E+02  3.72449E-01   3.25650E+02  3.76903E-01   3.24414E+02  3.81103E-01   3.23269E+02  3.85026E-01   3.22217E+02  3.88649E-01   3.21260E+02  3.91954E-01   3.20400E+02  3.94919E-01   3.19637E+02  3.97530E-01   3.18973E+02  3.99765E-01   3.18409E+02  4.01617E-01   3.17946E+02  4.03067E-01   3.17586E+02  4.04113E-01   3.17328E+02  4.04740E-01   3.17173E+02  4.04952E-01   3.17121E+02  4.04740E-01   3.17173E+02  4.04113E-01   3.17328E+02  4.03068E-01   3.17586E+02  4.01618E-01   3.17947E+02  3.99766E-01   3.18409E+02  3.97530E-01   3.18973E+02  3.94919E-01   3.19637E+02  3.91954E-01   3.20400E+02  3.88649E-01   3.21261E+02  3.85026E-01   3.22217E+02  3.81103E-01   3.23269E+02  3.76903E-01   3.24414E+02  3.72450E-01   3.25650E+02  3.67761E-01   3.26976E+02  3.62865E-01   3.28390E+02  3.57780E-01   3.29889E+02  3.52532E-01   3.31472E+02  3.47140E-01   3.33136E+02  3.41627E-01   3.34880E+02  3.36012E-01   3.36702E+02  3.30315E-01   3.38598E+02  3.24555E-01   3.40568E+02  3.18748E-01   3.42610E+02  3.12914E-01   3.44720E+02  3.07063E-01   3.46897E+02  3.01214E-01   3.49140E+02  2.95378E-01   3.51446E+02  2.89564E-01   3.53812E+02  2.83791E-01   3.56238E+02  2.78059E-01   3.58721E+02  2.72385E-01   1.26017E+00  2.66774E-01   3.85247E+00  2.61229E-01   6.49652E+00  2.55761E-01   9.19099E+00  2.50368E-01   1.19339E+01  2.45059E-01   1.47239E+01  2.39844E-01   1.75592E+01  2.34721E-01   2.04380E+01  2.29688E-01   2.33594E+01  2.24751E-01   2.63223E+01 
 2.68896E-01   2.67335E+01  2.74784E-01   2.37754E+01  2.80789E-01   2.08577E+01  2.86900E-01   1.79835E+01  2.93116E-01   1.51536E+01  2.99438E-01   1.23686E+01  3.05860E-01   9.63101E+00  3.12377E-01   6.94176E+00  3.18983E-01   4.30226E+00  3.25669E-01   1.71540E+00  3.32425E-01   3.59182E+02  3.39248E-01   3.56704E+02  3.46121E-01   3.54283E+02  3.53036E-01   3.51921E+02  3.59981E-01   3.49621E+02  3.66939E-01   3.47384E+02  3.73897E-01   3.45211E+02  3.80835E-01   3.43106E+02  3.87737E-01   3.41069E+02  3.94585E-01   3.39105E+02  4.01355E-01   3.37212E+02  4.08028E-01   3.35396E+02  4.14577E-01   3.33656E+02  4.20983E-01   3.31997E+02  4.27217E-01   3.30418E+02  4.33253E-01   3.28924E+02  4.39067E-01   3.27514E+02  4.44630E-01   3.26192E+02  4.49916E-01   3.24960E+02  4.54899E-01   3.23818E+02  4.59553E-01   3.22770E+02  4.63851E-01   3.21816E+02  4.67770E-01   3.20958E+02  4.71288E-01   3.20197E+02  4.74382E-01   3.19535E+02  4.77034E-01   3.18973E+02  4.79228E-01   3.18512E+02  4.80949E-01   3.18153E+02  4.82187E-01   3.17895E+02  4.82933E-01   3.17741E+02  4.83181E-01   3.17689E+02  4.82932E-01   3.17741E+02  4.82186E-01   3.17895E+02  4.80949E-01   3.18152E+02  4.79227E-01   3.18512E+02  4.77034E-01   3.18973E+02  4.74381E-01   3.19535E+02  4.71287E-01   3.20197E+02  4.67770E-01   3.20958E+02  4.63851E-01   3.21816E+02  4.59553E-01   3.22770E+02  4.54900E-01   3.23818E+02  4.49917E-01   3.24960E+02  4.44630E-01   3.26192E+02  4.39067E-01   3.27514E+02  4.33253E-01   3.28923E+02  4.27217E-01   3.30418E+02  4.20983E-01   3.31997E+02  4.14578E-01   3.33656E+02  4.08028E-01   3.35396E+02  4.01355E-01   3.37212E+02  3.94586E-01   3.39105E+02  3.87737E-01   3.41069E+02  3.80837E-01   3.43106E+02  3.73896E-01   3.45211E+02  3.66940E-01   3.47384E+02  3.59981E-01   3.49621E+02  3.53036E-01   3.51922E+02  3.46122E-01   3.54283E+02  3.39245E-01   3.56704E+02  3.32426E-01   3.59182E+02  3.25669E-01   1.71523E+00  3.18981E-01   4.30216E+00  3.12378E-01   6.94143E+00  3.05861E-01   9.63093E+00  2.99438E-01   1.23688E+01  2.93118E-01   1.51535E+01  2.86899E-01   1.79838E+01  2.80786E-01   2.08578E+01  2.74784E-01   2.37751E+01  2.68898E-01   2.67332E+01 
 3.12615E-01   2.72162E+01  3.19434E-01   2.42639E+01  3.26384E-01   2.13531E+01  3.33459E-01   1.84847E+01  3.40657E-01   1.56602E+01  3.47973E-01   1.28815E+01  3.55402E-01   1.01494E+01  3.62941E-01   7.46615E+00  3.70578E-01   4.83310E+00  3.78310E-01   2.25178E+00  3.86125E-01   3.59725E+02  3.94009E-01   3.57253E+02  4.01953E-01   3.54838E+02  4.09942E-01   3.52483E+02  4.17962E-01   3.50188E+02  4.25998E-01   3.47957E+02  4.34030E-01   3.45790E+02  4.42040E-01   3.43691E+02  4.50007E-01   3.41661E+02  4.57906E-01   3.39701E+02  4.65716E-01   3.37815E+02  4.73411E-01   3.36004E+02  4.80963E-01   3.34270E+02  4.88345E-01   3.32615E+02  4.95528E-01   3.31042E+02  5.02484E-01   3.29552E+02  5.09180E-01   3.28148E+02  5.15589E-01   3.26830E+02  5.21676E-01   3.25602E+02  5.27413E-01   3.24465E+02  5.32771E-01   3.23420E+02  5.37718E-01   3.22470E+02  5.42229E-01   3.21615E+02  5.46275E-01   3.20857E+02  5.49837E-01   3.20198E+02  5.52887E-01   3.19638E+02  5.55412E-01   3.19178E+02  5.57390E-01   3.18820E+02  5.58815E-01   3.18564E+02  5.59671E-01   3.18410E+02  5.59960E-01   3.18359E+02  5.59672E-01   3.18410E+02  5.58815E-01   3.18564E+02  5.57390E-01   3.18820E+02  5.55412E-01   3.19178E+02  5.52887E-01   3.19638E+02  5.49838E-01   3.20198E+02  5.46276E-01   3.20857E+02  5.42230E-01   3.21615E+02  5.37718E-01   3.22470E+02  5.32771E-01   3.23420E+02  5.27414E-01   3.24465E+02  5.21676E-01   3.25602E+02  5.15589E-01   3.26830E+02  5.09180E-01   3.28148E+02  5.02484E-01   3.29552E+02  4.95527E-01   3.31042E+02  4.88345E-01   3.32615E+02  4.80961E-01   3.34270E+02  4.73410E-01   3.36004E+02  4.65716E-01   3.37815E+02  4.57906E-01   3.39701E+02  4.50007E-01   3.41661E+02  4.42041E-01   3.43691E+02  4.34032E-01   3.45791E+02  4.25998E-01   3.47957E+02  4.17963E-01   3.50188E+02  4.09941E-01   3.52483E+02  4.01949E-01   3.54838E+02  3.94007E-01   3.57253E+02  3.86122E-01   3.59724E+02  3.78310E-01   2.25193E+00  3.70583E-01   4.83304E+00  3.62943E-01   7.46616E+00  3.55406E-01   1.01494E+01  3.47973E-01   1.28813E+01  3.40652E-01   1.56603E+01  3.33456E-01   1.84848E+01  3.26384E-01   2.13530E+01  3.19435E-01   2.42640E+01  3.12616E-01   2.72162E+01 
 3.55835E-01   2.77743E+01  3.63563E-01   2.48283E+01  3.71440E-01   2.19230E+01  3.79455E-01   1.90613E+01  3.87605E-01   1.62438E+01  3.95889E-01   1.34715E+01  4.04301E-01   1.07467E+01  4.12832E-01   8.07022E+00  4.21477E-01   5.44382E+00  4.30222E-01   2.86988E+00  4.39057E-01   3.49240E-01  4.47972E-01   3.57884E+02  4.56950E-01   3.55477E+02  4.65980E-01   3.53128E+02  4.75042E-01   3.50841E+02  4.84118E-01   3.48616E+02  4.93189E-01   3.46457E+02  5.02231E-01   3.44364E+02  5.11221E-01   3.42340E+02  5.20136E-01   3.40388E+02  5.28945E-01   3.38508E+02  5.37624E-01   3.36703E+02  5.46138E-01   3.34975E+02  5.54461E-01   3.33327E+02  5.62557E-01   3.31760E+02  5.70393E-01   3.30276E+02  5.77938E-01   3.28876E+02  5.85153E-01   3.27564E+02  5.92008E-01   3.26341E+02  5.98466E-01   3.25208E+02  6.04495E-01   3.24168E+02  6.10062E-01   3.23221E+02  6.15137E-01   3.22370E+02  6.19690E-01   3.21615E+02  6.23694E-01   3.20959E+02  6.27126E-01   3.20401E+02  6.29963E-01   3.19944E+02  6.32190E-01   3.19587E+02  6.33790E-01   3.19332E+02  6.34754E-01   3.19179E+02  6.35076E-01   3.19128E+02  6.34754E-01   3.19179E+02  6.33790E-01   3.19332E+02  6.32189E-01   3.19587E+02  6.29963E-01   3.19944E+02  6.27126E-01   3.20401E+02  6.23694E-01   3.20959E+02  6.19689E-01   3.21615E+02  6.15137E-01   3.22370E+02  6.10062E-01   3.23221E+02  6.04495E-01   3.24168E+02  5.98465E-01   3.25208E+02  5.92008E-01   3.26341E+02  5.85153E-01   3.27564E+02  5.77938E-01   3.28876E+02  5.70394E-01   3.30275E+02  5.62557E-01   3.31760E+02  5.54461E-01   3.33327E+02  5.46139E-01   3.34975E+02  5.37624E-01   3.36703E+02  5.28945E-01   3.38508E+02  5.20137E-01   3.40388E+02  5.11221E-01   3.42340E+02  5.02232E-01   3.44364E+02  4.93188E-01   3.46457E+02  4.84119E-01   3.48616E+02  4.75043E-01   3.50841E+02  4.65979E-01   3.53128E+02  4.56951E-01   3.55477E+02  4.47970E-01   3.57884E+02  4.39057E-01   3.49293E-01  4.30223E-01   2.86976E+00  4.21475E-01   5.44373E+00  4.12834E-01   8.07000E+00  4.04301E-01   1.07466E+01  3.95888E-01   1.34717E+01  3.87606E-01   1.62439E+01  3.79455E-01   1.90615E+01  3.71438E-01   2.19231E+01  3.63563E-01   2.48281E+01  3.55837E-01   2.77741E+01 
 3.98498E-01   2.84032E+01  4.07110E-01   2.54650E+01  4.15882E-01   2.25679E+01  4.24810E-01   1.97135E+01  4.33889E-01   1.69033E+01  4.43112E-01   1.41389E+01  4.52472E-01   1.14213E+01  4.61966E-01   8.75260E+00  4.71579E-01   6.13420E+00  4.81306E-01   3.56763E+00  4.91132E-01   1.05520E+00  5.01040E-01   3.58598E+02  5.11019E-01   3.56198E+02  5.21048E-01   3.53857E+02  5.31111E-01   3.51578E+02  5.41189E-01   3.49361E+02  5.51256E-01   3.47209E+02  5.61290E-01   3.45124E+02  5.71263E-01   3.43108E+02  5.81149E-01   3.41163E+02  5.90916E-01   3.39290E+02  6.00533E-01   3.37493E+02  6.09968E-01   3.35772E+02  6.19186E-01   3.34130E+02  6.28151E-01   3.32569E+02  6.36827E-01   3.31091E+02  6.45176E-01   3.29698E+02  6.53162E-01   3.28392E+02  6.60745E-01   3.27174E+02  6.67889E-01   3.26047E+02  6.74557E-01   3.25011E+02  6.80711E-01   3.24069E+02  6.86321E-01   3.23222E+02  6.91353E-01   3.22471E+02  6.95779E-01   3.21818E+02  6.99569E-01   3.21263E+02  7.02706E-01   3.20808E+02  7.05163E-01   3.20453E+02  7.06933E-01   3.20199E+02  7.07996E-01   3.20047E+02  7.08354E-01   3.19996E+02  7.07996E-01   3.20047E+02  7.06933E-01   3.20199E+02  7.05164E-01   3.20453E+02  7.02706E-01   3.20808E+02  6.99570E-01   3.21263E+02  6.95779E-01   3.21818E+02  6.91353E-01   3.22471E+02  6.86322E-01   3.23222E+02  6.80712E-01   3.24069E+02  6.74557E-01   3.25011E+02  6.67890E-01   3.26047E+02  6.60745E-01   3.27174E+02  6.53163E-01   3.28392E+02  6.45176E-01   3.29698E+02  6.36827E-01   3.31091E+02  6.28150E-01   3.32569E+02  6.19186E-01   3.34130E+02  6.09968E-01   3.35772E+02  6.00533E-01   3.37493E+02  5.90916E-01   3.39290E+02  5.81149E-01   3.41163E+02  5.71265E-01   3.43108E+02  5.61291E-01   3.45124E+02  5.51258E-01   3.47209E+02  5.41189E-01   3.49361E+02  5.31111E-01   3.51578E+02  5.21047E-01   3.53857E+02  5.11015E-01   3.56198E+02  5.01038E-01   3.58598E+02  4.91130E-01   1.05503E+00  4.81306E-01   3.56778E+00  4.71584E-01   6.13417E+00  4.61968E-01   8.75262E+00  4.52475E-01   1.14214E+01  4.43111E-01   1.41388E+01  4.33884E-01   1.69034E+01  4.24807E-01   1.97136E+01  4.15882E-01   2.25678E+01  4.07111E-01   2.54650E+01  3.98500E-01   2.84032E+01 
 4.40541E-01   2.91062E+01  4.50009E-01   2.61756E+01  4.59653E-01   2.32861E+01  4.69464E-01   2.04401E+01  4.79435E-01   1.76384E+01  4.89565E-01   1.48821E+01  4.99845E-01   1.21734E+01  5.10264E-01   9.51321E+00  5.20815E-01   6.90324E+00  5.31483E-01   4.34557E+00  5.42256E-01   1.84142E+00  5.53121E-01   3.59393E+02  5.64055E-01   3.57002E+02  5.75047E-01   3.54670E+02  5.86069E-01   3.52399E+02  5.97102E-01   3.50190E+02  6.08122E-01   3.48047E+02  6.19100E-01   3.45970E+02  6.30011E-01   3.43962E+02  6.40821E-01   3.42025E+02  6.51498E-01   3.40161E+02  6.62011E-01   3.38371E+02  6.72318E-01   3.36658E+02  6.82387E-01   3.35024E+02  6.92176E-01   3.33470E+02  7.01647E-01   3.32000E+02  7.10759E-01   3.30613E+02  7.19469E-01   3.29313E+02  7.27741E-01   3.28101E+02  7.35529E-01   3.26979E+02  7.42798E-01   3.25949E+02  7.49506E-01   3.25012E+02  7.55620E-01   3.24169E+02  7.61101E-01   3.23422E+02  7.65922E-01   3.22772E+02  7.70052E-01   3.22220E+02  7.73466E-01   3.21768E+02  7.76145E-01   3.21415E+02  7.78069E-01   3.21162E+02  7.79230E-01   3.21011E+02  7.79617E-01   3.20960E+02  7.79230E-01   3.21011E+02  7.78070E-01   3.21162E+02  7.76144E-01   3.21415E+02  7.73466E-01   3.21768E+02  7.70052E-01   3.22220E+02  7.65922E-01   3.22772E+02  7.61101E-01   3.23422E+02  7.55620E-01   3.24169E+02  7.49506E-01   3.25012E+02  7.42798E-01   3.25949E+02  7.35529E-01   3.26979E+02  7.27741E-01   3.28101E+02  7.19469E-01   3.29313E+02  7.10759E-01   3.30613E+02  7.01646E-01   3.32000E+02  6.92177E-01   3.33470E+02  6.82387E-01   3.35024E+02  6.72318E-01   3.36658E+02  6.62011E-01   3.38371E+02  6.51498E-01   3.40161E+02  6.40822E-01   3.42025E+02  6.30010E-01   3.43962E+02  6.19102E-01   3.45970E+02  6.08122E-01   3.48047E+02  5.97102E-01   3.50190E+02  5.86069E-01   3.52399E+02  5.75043E-01   3.54670E+02  5.64056E-01   3.57002E+02  5.53120E-01   3.59393E+02  5.42257E-01   1.84145E+00  5.31487E-01   4.34549E+00  5.20815E-01   6.90314E+00  5.10265E-01   9.51302E+00  4.99843E-01   1.21733E+01  4.89562E-01   1.48823E+01  4.79435E-01   1.76384E+01  4.69464E-01   2.04402E+01  4.59652E-01   2.32861E+01  4.50009E-01   2.61754E+01  4.40542E-01   2.91061E+01 
 4.81909E-01   2.98793E+01  4.92202E-01   2.69582E+01  5.02684E-01   2.40781E+01  5.13346E-01   2.12409E+01  5.24182E-01   1.84482E+01  5.35183E-01   1.57014E+01  5.46341E-01   1.30015E+01  5.57651E-01   1.03508E+01  5.69097E-01   7.75030E+00  5.80671E-01   5.20180E+00  5.92354E-01   2.70738E+00  6.04129E-01   2.68156E-01  6.15980E-01   3.57887E+02  6.27883E-01   3.55564E+02  6.39819E-01   3.53302E+02  6.51764E-01   3.51103E+02  6.63688E-01   3.48969E+02  6.75566E-01   3.46902E+02  6.87363E-01   3.44903E+02  6.99049E-01   3.42975E+02  7.10587E-01   3.41119E+02  7.21941E-01   3.39338E+02  7.33073E-01   3.37633E+02  7.43942E-01   3.36007E+02  7.54507E-01   3.34461E+02  7.64724E-01   3.32998E+02  7.74551E-01   3.31619E+02  7.83945E-01   3.30326E+02  7.92860E-01   3.29121E+02  8.01254E-01   3.28005E+02  8.09084E-01   3.26980E+02  8.16310E-01   3.26048E+02  8.22894E-01   3.25210E+02  8.28796E-01   3.24468E+02  8.33985E-01   3.23822E+02  8.38430E-01   3.23273E+02  8.42105E-01   3.22823E+02  8.44986E-01   3.22472E+02  8.47058E-01   3.22221E+02  8.48305E-01   3.22071E+02  8.48723E-01   3.22020E+02  8.48305E-01   3.22071E+02  8.47058E-01   3.22221E+02  8.44986E-01   3.22472E+02  8.42106E-01   3.22823E+02  8.38430E-01   3.23273E+02  8.33986E-01   3.23822E+02  8.28797E-01   3.24468E+02  8.22894E-01   3.25210E+02  8.16311E-01   3.26048E+02  8.09084E-01   3.26980E+02  8.01254E-01   3.28005E+02  7.92860E-01   3.29121E+02  7.83945E-01   3.30326E+02  7.74551E-01   3.31619E+02  7.64724E-01   3.32998E+02  7.54506E-01   3.34461E+02  7.43942E-01   3.36007E+02  7.33073E-01   3.37633E+02  7.21942E-01   3.39338E+02  7.10588E-01   3.41119E+02  6.99049E-01   3.42975E+02  6.87364E-01   3.44903E+02  6.75566E-01   3.46902E+02  6.63689E-01   3.48969E+02  6.51765E-01   3.51103E+02  6.39818E-01   3.53302E+02  6.27882E-01   3.55564E+02  6.15977E-01   3.57887E+02  6.04128E-01   2.68144E-01  5.92354E-01   2.70721E+00  5.80671E-01   5.20188E+00  5.69101E-01   7.75025E+00  5.57653E-01   1.03509E+01  5.46343E-01   1.30017E+01  5.35182E-01   1.57013E+01  5.24179E-01   1.84482E+01  5.13343E-01   2.12409E+01  5.02683E-01   2.40780E+01  4.92205E-01   2.69581E+01  4.81911E-01   2.98793E+01 
 5.22546E-01   3.07248E+01  5.33635E-01   2.78127E+01  5.44923E-01   2.49421E+01  5.56401E-01   2.21149E+01  5.68061E-01   1.93321E+01  5.79899E-01   1.65951E+01  5.91902E-01   1.39056E+01  6.04061E-01   1.12648E+01  6.16364E-01   8.67450E+00  6.28796E-01   6.13635E+00  6.41342E-01   3.65189E+00  6.53986E-01   1.22306E+00  6.66704E-01   3.58851E+02  6.79477E-01   3.56539E+02  6.92278E-01   3.54287E+02  7.05082E-01   3.52098E+02  7.17862E-01   3.49974E+02  7.30584E-01   3.47917E+02  7.43218E-01   3.45928E+02  7.55728E-01   3.44009E+02  7.68075E-01   3.42163E+02  7.80223E-01   3.40391E+02  7.92125E-01   3.38695E+02  8.03744E-01   3.37078E+02  8.15033E-01   3.35541E+02  8.25947E-01   3.34086E+02  8.36442E-01   3.32714E+02  8.46468E-01   3.31429E+02  8.55983E-01   3.30231E+02  8.64937E-01   3.29121E+02  8.73291E-01   3.28103E+02  8.80995E-01   3.27177E+02  8.88015E-01   3.26344E+02  8.94305E-01   3.25606E+02  8.99837E-01   3.24964E+02  9.04572E-01   3.24419E+02  9.08488E-01   3.23972E+02  9.11557E-01   3.23623E+02  9.13764E-01   3.23374E+02  9.15092E-01   3.23224E+02  9.15537E-01   3.23174E+02  9.15093E-01   3.23224E+02  9.13764E-01   3.23374E+02  9.11557E-01   3.23623E+02  9.08488E-01   3.23972E+02  9.04572E-01   3.24419E+02  8.99837E-01   3.24964E+02  8.94305E-01   3.25606E+02  8.88015E-01   3.26344E+02  8.80995E-01   3.27177E+02  8.73291E-01   3.28103E+02  8.64937E-01   3.29121E+02  8.55983E-01   3.30231E+02  8.46467E-01   3.31429E+02  8.36442E-01   3.32714E+02  8.25947E-01   3.34086E+02  8.15033E-01   3.35541E+02  8.03744E-01   3.37078E+02  7.92125E-01   3.38695E+02  7.80223E-01   3.40391E+02  7.68075E-01   3.42163E+02  7.55729E-01   3.44009E+02  7.43218E-01   3.45928E+02  7.30585E-01   3.47917E+02  7.17861E-01   3.49974E+02  7.05080E-01   3.52098E+02  6.92277E-01   3.54287E+02  6.79474E-01   3.56539E+02  6.66704E-01   3.58852E+02  6.53987E-01   1.22305E+00  6.41344E-01   3.65193E+00  6.28800E-01   6.13633E+00  6.16365E-01   8.67445E+00  6.04061E-01   1.12647E+01  5.91900E-01   1.39055E+01  5.79894E-01   1.65952E+01  5.68060E-01   1.93322E+01  5.56403E-01   2.21150E+01  5.44924E-01   2.49421E+01  5.33636E-01   2.78126E+01  5.22546E-01   3.07248E+01 
 5.62404E-01   3.16394E+01  5.74253E-01   2.87384E+01  5.86311E-01   2.58784E+01  5.98571E-01   2.30614E+01  6.11022E-01   2.02892E+01  6.23654E-01   1.75631E+01  6.36458E-01   1.48841E+01  6.49426E-01   1.22543E+01  6.62543E-01   9.67484E+00  6.75794E-01   7.14750E+00  6.89160E-01   4.67420E+00  7.02622E-01   2.25613E+00  7.16161E-01   3.59896E+02  7.29750E-01   3.57594E+02  7.43367E-01   3.55353E+02  7.56981E-01   3.53175E+02  7.70563E-01   3.51062E+02  7.84081E-01   3.49015E+02  7.97496E-01   3.47036E+02  8.10776E-01   3.45128E+02  8.23878E-01   3.43292E+02  8.36761E-01   3.41530E+02  8.49383E-01   3.39844E+02  8.61697E-01   3.38236E+02  8.73658E-01   3.36708E+02  8.85218E-01   3.35261E+02  8.96330E-01   3.33898E+02  9.06943E-01   3.32620E+02  9.17010E-01   3.31430E+02  9.26484E-01   3.30328E+02  9.35316E-01   3.29316E+02  9.43463E-01   3.28396E+02  9.50880E-01   3.27568E+02  9.57529E-01   3.26835E+02  9.63371E-01   3.26197E+02  9.68374E-01   3.25656E+02  9.72509E-01   3.25212E+02  9.75751E-01   3.24866E+02  9.78081E-01   3.24618E+02  9.79484E-01   3.24469E+02  9.79953E-01   3.24420E+02  9.79484E-01   3.24469E+02  9.78081E-01   3.24618E+02  9.75751E-01   3.24866E+02  9.72509E-01   3.25212E+02  9.68374E-01   3.25656E+02  9.63371E-01   3.26197E+02  9.57529E-01   3.26835E+02  9.50880E-01   3.27568E+02  9.43463E-01   3.28396E+02  9.35316E-01   3.29316E+02  9.26484E-01   3.30328E+02  9.17010E-01   3.31430E+02  9.06944E-01   3.32620E+02  8.96329E-01   3.33898E+02  8.85218E-01   3.35261E+02  8.73658E-01   3.36708E+02  8.61696E-01   3.38236E+02  8.49383E-01   3.39844E+02  8.36760E-01   3.41530E+02  8.23879E-01   3.43292E+02  8.10776E-01   3.45128E+02  7.97498E-01   3.47036E+02  7.84082E-01   3.49015E+02  7.70563E-01   3.51062E+02  7.56982E-01   3.53175E+02  7.43365E-01   3.55353E+02  7.29750E-01   3.57594E+02  7.16160E-01   3.59896E+02  7.02622E-01   2.25609E+00  6.89161E-01   4.67406E+00  6.75794E-01   7.14754E+00  6.62544E-01   9.67477E+00  6.49428E-01   1.22544E+01  6.36458E-01   1.48842E+01  6.23653E-01   1.75631E+01  6.11021E-01   2.02893E+01  5.98569E-01   2.30614E+01  5.86311E-01   2.58782E+01  5.74256E-01   2.87383E+01  5.62405E-01   3.16395E+01 
 6.01437E-01   3.26248E+01  6.14013E-01   2.97341E+01  6.26806E-01   2.68853E+01  6.39807E-01   2.40798E+01  6.53006E-01   2.13189E+01  6.66397E-01   1.86040E+01  6.79963E-01   1.59368E+01  6.93695E-01   1.33183E+01  7.07579E-01   1.07506E+01  7.21598E-01   8.23490E+00  7.35737E-01   5.77306E+00  7.49973E-01   3.36687E+00  7.64280E-01   1.01771E+00  7.78639E-01   3.58728E+02  7.93016E-01   3.56499E+02  8.07387E-01   3.54332E+02  8.21718E-01   3.52230E+02  8.35973E-01   3.50194E+02  8.50119E-01   3.48227E+02  8.64112E-01   3.46329E+02  8.77914E-01   3.44504E+02  8.91480E-01   3.42752E+02  9.04764E-01   3.41076E+02  9.17721E-01   3.39478E+02  9.30300E-01   3.37960E+02  9.42453E-01   3.36523E+02  9.54130E-01   3.35168E+02  9.65279E-01   3.33899E+02  9.75853E-01   3.32716E+02  9.85797E-01   3.31622E+02  9.95069E-01   3.30617E+02  1.00362E+00   3.29703E+02  1.01140E+00   3.28881E+02  1.01837E+00   3.28153E+02  1.02450E+00   3.27520E+02  1.02974E+00   3.26983E+02  1.03408E+00   3.26542E+02  1.03747E+00   3.26198E+02  1.03992E+00   3.25952E+02  1.04139E+00   3.25805E+02  1.04188E+00   3.25755E+02  1.04139E+00   3.25805E+02  1.03992E+00   3.25952E+02  1.03747E+00   3.26198E+02  1.03408E+00   3.26542E+02  1.02974E+00   3.26983E+02  1.02450E+00   3.27520E+02  1.01837E+00   3.28153E+02  1.01140E+00   3.28881E+02  1.00362E+00   3.29703E+02  9.95069E-01   3.30617E+02  9.85797E-01   3.31622E+02  9.75852E-01   3.32716E+02  9.65278E-01   3.33899E+02  9.54130E-01   3.35168E+02  9.42452E-01   3.36523E+02  9.30300E-01   3.37960E+02  9.17721E-01   3.39478E+02  9.04764E-01   3.41076E+02  8.91482E-01   3.42752E+02  8.77914E-01   3.44504E+02  8.64114E-01   3.46329E+02  8.50119E-01   3.48227E+02  8.35973E-01   3.50194E+02  8.21717E-01   3.52230E+02  8.07385E-01   3.54332E+02  7.93015E-01   3.56499E+02  7.78636E-01   3.58728E+02  7.64280E-01   1.01775E+00  7.49974E-01   3.36677E+00  7.35739E-01   5.77311E+00  7.21603E-01   8.23492E+00  7.07581E-01   1.07506E+01  6.93695E-01   1.33183E+01  6.79961E-01   1.59367E+01  6.66392E-01   1.86040E+01  6.53005E-01   2.13189E+01  6.39809E-01   2.40798E+01  6.26809E-01   2.68853E+01  6.14015E-01   2.97341E+01  6.01436E-01   3.26248E+01 
 6.39601E-01   3.36782E+01  6.52867E-01   3.07997E+01  6.66356E-01   2.79627E+01  6.80062E-01   2.51689E+01  6.93971E-01   2.24200E+01  7.08073E-01   1.97172E+01  7.22358E-01   1.70619E+01  7.36812E-01   1.44559E+01  7.51419E-01   1.19003E+01  7.66164E-01   9.39701E+00  7.81024E-01   6.94761E+00  7.95980E-01   4.55355E+00  8.11008E-01   2.21696E+00  8.26079E-01   3.59939E+02  8.41170E-01   3.57722E+02  8.56242E-01   3.55568E+02  8.71267E-01   3.53478E+02  8.86207E-01   3.51454E+02  9.01022E-01   3.49498E+02  9.15675E-01   3.47612E+02  9.30119E-01   3.45798E+02  9.44311E-01   3.44057E+02  9.58203E-01   3.42392E+02  9.71746E-01   3.40804E+02  9.84891E-01   3.39296E+02  9.97583E-01   3.37868E+02  1.00978E+00   3.36524E+02  1.02141E+00   3.35263E+02  1.03244E+00   3.34089E+02  1.04282E+00   3.33002E+02  1.05248E+00   3.32004E+02  1.06139E+00   3.31097E+02  1.06950E+00   3.30282E+02  1.07676E+00   3.29559E+02  1.08315E+00   3.28931E+02  1.08861E+00   3.28397E+02  1.09312E+00   3.27960E+02  1.09666E+00   3.27619E+02  1.09920E+00   3.27375E+02  1.10073E+00   3.27228E+02  1.10124E+00   3.27179E+02  1.10073E+00   3.27228E+02  1.09920E+00   3.27375E+02  1.09666E+00   3.27619E+02  1.09312E+00   3.27960E+02  1.08861E+00   3.28397E+02  1.08315E+00   3.28931E+02  1.07677E+00   3.29559E+02  1.06950E+00   3.30282E+02  1.06139E+00   3.31097E+02  1.05248E+00   3.32004E+02  1.04282E+00   3.33002E+02  1.03244E+00   3.34089E+02  1.02141E+00   3.35263E+02  1.00978E+00   3.36524E+02  9.97584E-01   3.37868E+02  9.84891E-01   3.39296E+02  9.71745E-01   3.40804E+02  9.58204E-01   3.42392E+02  9.44310E-01   3.44057E+02  9.30120E-01   3.45798E+02  9.15675E-01   3.47612E+02  9.01022E-01   3.49498E+02  8.86207E-01   3.51454E+02  8.71265E-01   3.53477E+02  8.56243E-01   3.55568E+02  8.41167E-01   3.57722E+02  8.26080E-01   3.59939E+02  8.11009E-01   2.21694E+00  7.95980E-01   4.55351E+00  7.81027E-01   6.94754E+00  7.66163E-01   9.39699E+00  7.51418E-01   1.19003E+01  7.36811E-01   1.44560E+01  7.22356E-01   1.70621E+01  7.08073E-01   1.97173E+01  6.93973E-01   2.24200E+01  6.80062E-01   2.51688E+01  6.66355E-01   2.79625E+01  6.52868E-01   3.07997E+01  6.39600E-01   3.36782E+01 
 6.76860E-01   3.48000E+01  6.90778E-01   3.19335E+01  7.04926E-01   2.91092E+01  7.19293E-01   2.63281E+01  7.33871E-01   2.35917E+01  7.48647E-01   2.09017E+01  7.63605E-01   1.82593E+01  7.78733E-01   1.56660E+01  7.94015E-01   1.31236E+01  8.09433E-01   1.06331E+01  8.24969E-01   8.19651E+00  8.40597E-01   5.81550E+00  8.56291E-01   3.49157E+00  8.72027E-01   1.22682E+00  8.87769E-01   3.59022E+02  9.03490E-01   3.56881E+02  9.19153E-01   3.54803E+02  9.34721E-01   3.52792E+02  9.50154E-01   3.50848E+02  9.65407E-01   3.48974E+02  9.80439E-01   3.47172E+02  9.95200E-01   3.45443E+02  1.00964E+00   3.43789E+02  1.02372E+00   3.42212E+02  1.03737E+00   3.40714E+02  1.05055E+00   3.39297E+02  1.06321E+00   3.37962E+02  1.07528E+00   3.36711E+02  1.08672E+00   3.35545E+02  1.09748E+00   3.34466E+02  1.10750E+00   3.33476E+02  1.11673E+00   3.32576E+02  1.12513E+00   3.31767E+02  1.13266E+00   3.31050E+02  1.13926E+00   3.30427E+02  1.14492E+00   3.29898E+02  1.14959E+00   3.29464E+02  1.15325E+00   3.29125E+02  1.15588E+00   3.28883E+02  1.15747E+00   3.28738E+02  1.15800E+00   3.28689E+02  1.15747E+00   3.28738E+02  1.15588E+00   3.28883E+02  1.15325E+00   3.29125E+02  1.14959E+00   3.29464E+02  1.14492E+00   3.29898E+02  1.13926E+00   3.30427E+02  1.13265E+00   3.31050E+02  1.12513E+00   3.31767E+02  1.11673E+00   3.32576E+02  1.10750E+00   3.33476E+02  1.09748E+00   3.34466E+02  1.08672E+00   3.35545E+02  1.07528E+00   3.36711E+02  1.06321E+00   3.37962E+02  1.05055E+00   3.39297E+02  1.03737E+00   3.40714E+02  1.02372E+00   3.42212E+02  1.00964E+00   3.43789E+02  9.95202E-01   3.45443E+02  9.80440E-01   3.47172E+02  9.65409E-01   3.48974E+02  9.50154E-01   3.50848E+02  9.34721E-01   3.52792E+02  9.19153E-01   3.54803E+02  9.03488E-01   3.56881E+02  8.87768E-01   3.59022E+02  8.72025E-01   1.22676E+00  8.56292E-01   3.49160E+00  8.40599E-01   5.81542E+00  8.24971E-01   8.19655E+00  8.09436E-01   1.06331E+01  7.94017E-01   1.31236E+01  7.78732E-01   1.56661E+01  7.63603E-01   1.82593E+01  7.48644E-01   2.09016E+01  7.33869E-01   2.35917E+01  7.19294E-01   2.63280E+01  7.04929E-01   2.91092E+01  6.90780E-01   3.19336E+01  6.76858E-01   3.48001E+01 
 7.13175E-01   3.59890E+01  7.27710E-01   3.31356E+01  7.42476E-01   3.03241E+01  7.57468E-01   2.75561E+01  7.72668E-01   2.48331E+01  7.88071E-01   2.21563E+01  8.03661E-01   1.95273E+01  8.19418E-01   1.69476E+01  8.35330E-01   1.44185E+01  8.51376E-01   1.19417E+01  8.67532E-01   9.51871E+00  8.83780E-01   7.15120E+00  9.00091E-01   4.84093E+00  9.16433E-01   2.58944E+00  9.32781E-01   3.98622E-01  9.49093E-01   3.58270E+02  9.65339E-01   3.56206E+02  9.81479E-01   3.54207E+02  9.97468E-01   3.52276E+02  1.01327E+00   3.50415E+02  1.02883E+00   3.48625E+02  1.04411E+00   3.46908E+02  1.05904E+00   3.45266E+02  1.07360E+00   3.43701E+02  1.08771E+00   3.42214E+02  1.10132E+00   3.40807E+02  1.11439E+00   3.39482E+02  1.12685E+00   3.38240E+02  1.13866E+00   3.37083E+02  1.14975E+00   3.36013E+02  1.16008E+00   3.35031E+02  1.16960E+00   3.34138E+02  1.17825E+00   3.33335E+02  1.18600E+00   3.32624E+02  1.19281E+00   3.32006E+02  1.19863E+00   3.31481E+02  1.20344E+00   3.31051E+02  1.20721E+00   3.30716E+02  1.20992E+00   3.30476E+02  1.21155E+00   3.30332E+02  1.21209E+00   3.30284E+02  1.21155E+00   3.30332E+02  1.20992E+00   3.30476E+02  1.20721E+00   3.30716E+02  1.20344E+00   3.31051E+02  1.19863E+00   3.31482E+02  1.19281E+00   3.32006E+02  1.18600E+00   3.32624E+02  1.17825E+00   3.33335E+02  1.16960E+00   3.34138E+02  1.16008E+00   3.35031E+02  1.14975E+00   3.36013E+02  1.13866E+00   3.37083E+02  1.12685E+00   3.38240E+02  1.11439E+00   3.39482E+02  1.10132E+00   3.40807E+02  1.08771E+00   3.42214E+02  1.07360E+00   3.43701E+02  1.05905E+00   3.45266E+02  1.04410E+00   3.46908E+02  1.02883E+00   3.48625E+02  1.01327E+00   3.50415E+02  9.97468E-01   3.52276E+02  9.81479E-01   3.54207E+02  9.65337E-01   3.56206E+02  9.49094E-01   3.58270E+02  9.32779E-01   3.98585E-01  9.16434E-01   2.58943E+00  9.00093E-01   4.84093E+00  8.83782E-01   7.15118E+00  8.67535E-01   9.51869E+00  8.51375E-01   1.19417E+01  8.35327E-01   1.44184E+01  8.19416E-01   1.69476E+01  8.03657E-01   1.95274E+01  7.88072E-01   2.21564E+01  7.72673E-01   2.48331E+01  7.57470E-01   2.75560E+01  7.42476E-01   3.03240E+01  7.27709E-01   3.31356E+01  7.13172E-01   3.59890E+01 
 7.48520E-01   3.72439E+01  7.63632E-01   3.44040E+01  7.78978E-01   3.16065E+01  7.94549E-01   2.88523E+01  8.10335E-01   2.61430E+01  8.26322E-01   2.34802E+01  8.42493E-01   2.08652E+01  8.58833E-01   1.82994E+01  8.75325E-01   1.57846E+01  8.91948E-01   1.33217E+01  9.08681E-01   1.09129E+01  9.25496E-01   8.55952E+00  9.42368E-01   6.26314E+00  9.59268E-01   4.02581E+00  9.76160E-01   1.84876E+00  9.93013E-01   3.59734E+02  1.00979E+00   3.57683E+02  1.02644E+00   3.55698E+02  1.04294E+00   3.53781E+02  1.05922E+00   3.51932E+02  1.07526E+00   3.50155E+02  1.09099E+00   3.48451E+02  1.10637E+00   3.46821E+02  1.12135E+00   3.45267E+02  1.13586E+00   3.43791E+02  1.14986E+00   3.42395E+02  1.16329E+00   3.41081E+02  1.17609E+00   3.39849E+02  1.18822E+00   3.38702E+02  1.19960E+00   3.37641E+02  1.21021E+00   3.36666E+02  1.21997E+00   3.35781E+02  1.22885E+00   3.34985E+02  1.23680E+00   3.34280E+02  1.24377E+00   3.33667E+02  1.24974E+00   3.33147E+02  1.25467E+00   3.32720E+02  1.25853E+00   3.32388E+02  1.26130E+00   3.32150E+02  1.26297E+00   3.32007E+02  1.26353E+00   3.31960E+02  1.26297E+00   3.32007E+02  1.26130E+00   3.32150E+02  1.25853E+00   3.32388E+02  1.25467E+00   3.32720E+02  1.24974E+00   3.33147E+02  1.24377E+00   3.33667E+02  1.23679E+00   3.34280E+02  1.22885E+00   3.34985E+02  1.21997E+00   3.35781E+02  1.21021E+00   3.36666E+02  1.19960E+00   3.37641E+02  1.18822E+00   3.38702E+02  1.17609E+00   3.39849E+02  1.16329E+00   3.41081E+02  1.14986E+00   3.42396E+02  1.13586E+00   3.43791E+02  1.12135E+00   3.45267E+02  1.10637E+00   3.46821E+02  1.09099E+00   3.48451E+02  1.07526E+00   3.50155E+02  1.05922E+00   3.51932E+02  1.04294E+00   3.53781E+02  1.02644E+00   3.55698E+02  1.00979E+00   3.57683E+02  9.93012E-01   3.59734E+02  9.76159E-01   1.84875E+00  9.59269E-01   4.02577E+00  9.42369E-01   6.26317E+00  9.25498E-01   8.55944E+00  9.08681E-01   1.09129E+01  8.91948E-01   1.33217E+01  8.75325E-01   1.57846E+01  8.58832E-01   1.82995E+01  8.42492E-01   2.08651E+01  8.26322E-01   2.34801E+01  8.10334E-01   2.61429E+01  7.94548E-01   2.88522E+01  7.78979E-01   3.16065E+01  7.63633E-01   3.44042E+01  7.48519E-01   3.72441E+01 
 7.82865E-01   3.85650E+01  7.98517E-01   3.57387E+01  8.14401E-01   3.29552E+01  8.30513E-01   3.02154E+01  8.46836E-01   2.75205E+01  8.63362E-01   2.48721E+01  8.80076E-01   2.22716E+01  8.96952E-01   1.97204E+01  9.13977E-01   1.72201E+01  9.31130E-01   1.47721E+01  9.48382E-01   1.23779E+01  9.65718E-01   1.00391E+01  9.83102E-01   7.75741E+00  1.00050E+00   5.53439E+00  1.01789E+00   3.37188E+00  1.03523E+00   1.27133E+00  1.05247E+00   3.59235E+02  1.06959E+00   3.57264E+02  1.08653E+00   3.55360E+02  1.10325E+00   3.53525E+02  1.11971E+00   3.51761E+02  1.13585E+00   3.50069E+02  1.15161E+00   3.48452E+02  1.16696E+00   3.46910E+02  1.18182E+00   3.45446E+02  1.19615E+00   3.44062E+02  1.20990E+00   3.42758E+02  1.22299E+00   3.41536E+02  1.23539E+00   3.40399E+02  1.24703E+00   3.39346E+02  1.25786E+00   3.38381E+02  1.26783E+00   3.37503E+02  1.27690E+00   3.36714E+02  1.28501E+00   3.36015E+02  1.29213E+00   3.35408E+02  1.29822E+00   3.34892E+02  1.30325E+00   3.34469E+02  1.30719E+00   3.34140E+02  1.31002E+00   3.33904E+02  1.31173E+00   3.33763E+02  1.31229E+00   3.33716E+02  1.31173E+00   3.33763E+02  1.31002E+00   3.33904E+02  1.30719E+00   3.34140E+02  1.30325E+00   3.34470E+02  1.29822E+00   3.34892E+02  1.29213E+00   3.35408E+02  1.28501E+00   3.36015E+02  1.27690E+00   3.36714E+02  1.26783E+00   3.37503E+02  1.25786E+00   3.38381E+02  1.24703E+00   3.39346E+02  1.23539E+00   3.40399E+02  1.22299E+00   3.41536E+02  1.20990E+00   3.42758E+02  1.19615E+00   3.44062E+02  1.18182E+00   3.45446E+02  1.16696E+00   3.46910E+02  1.15162E+00   3.48452E+02  1.13585E+00   3.50069E+02  1.11971E+00   3.51761E+02  1.10325E+00   3.53525E+02  1.08653E+00   3.55360E+02  1.06959E+00   3.57264E+02  1.05247E+00   3.59235E+02  1.03523E+00   1.27135E+00  1.01789E+00   3.37180E+00  1.00050E+00   5.53443E+00  9.83104E-01   7.75737E+00  9.65720E-01   1.00391E+01  9.48385E-01   1.23779E+01  9.31128E-01   1.47721E+01  9.13975E-01   1.72201E+01  8.96950E-01   1.97204E+01  8.80073E-01   2.22716E+01  8.63363E-01   2.48721E+01  8.46839E-01   2.75205E+01  8.30515E-01   3.02154E+01  8.14402E-01   3.29552E+01  7.98515E-01   3.57388E+01  7.82862E-01   3.85650E+01 
 8.16191E-01   3.99495E+01  8.32341E-01   3.71383E+01  8.48725E-01   3.43695E+01  8.65336E-01   3.16444E+01  8.82159E-01   2.89645E+01  8.99179E-01   2.63311E+01  9.16382E-01   2.37456E+01  9.33750E-01   2.12095E+01  9.51260E-01   1.87243E+01  9.68893E-01   1.62913E+01  9.86623E-01   1.39123E+01  1.00442E+00   1.15886E+01  1.02227E+00   9.32190E+00  1.04012E+00   7.11396E+00  1.05795E+00   4.96619E+00  1.07571E+00   2.88049E+00  1.09338E+00   8.58364E-01  1.11090E+00   3.58902E+02  1.12824E+00   3.57012E+02  1.14534E+00   3.55191E+02  1.16216E+00   3.53440E+02  1.17865E+00   3.51762E+02  1.19475E+00   3.50157E+02  1.21041E+00   3.48628E+02  1.22558E+00   3.47177E+02  1.24020E+00   3.45803E+02  1.25421E+00   3.44511E+02  1.26755E+00   3.43300E+02  1.28018E+00   3.42172E+02  1.29203E+00   3.41129E+02  1.30305E+00   3.40171E+02  1.31320E+00   3.39302E+02  1.32242E+00   3.38520E+02  1.33068E+00   3.37828E+02  1.33791E+00   3.37226E+02  1.34410E+00   3.36715E+02  1.34921E+00   3.36296E+02  1.35322E+00   3.35970E+02  1.35609E+00   3.35736E+02  1.35782E+00   3.35596E+02  1.35840E+00   3.35549E+02  1.35782E+00   3.35596E+02  1.35609E+00   3.35736E+02  1.35322E+00   3.35970E+02  1.34921E+00   3.36296E+02  1.34410E+00   3.36715E+02  1.33791E+00   3.37226E+02  1.33068E+00   3.37828E+02  1.32242E+00   3.38520E+02  1.31320E+00   3.39302E+02  1.30305E+00   3.40171E+02  1.29203E+00   3.41129E+02  1.28018E+00   3.42172E+02  1.26755E+00   3.43300E+02  1.25421E+00   3.44511E+02  1.24020E+00   3.45803E+02  1.22558E+00   3.47177E+02  1.21041E+00   3.48628E+02  1.19475E+00   3.50158E+02  1.17865E+00   3.51762E+02  1.16216E+00   3.53440E+02  1.14534E+00   3.55191E+02  1.12824E+00   3.57012E+02  1.11090E+00   3.58902E+02  1.09338E+00   8.58305E-01  1.07571E+00   2.88047E+00  1.05795E+00   4.96617E+00  1.04012E+00   7.11395E+00  1.02227E+00   9.32191E+00  1.00442E+00   1.15886E+01  9.86622E-01   1.39123E+01  9.68890E-01   1.62913E+01  9.51259E-01   1.87243E+01  9.33750E-01   2.12095E+01  9.16383E-01   2.37456E+01  8.99182E-01   2.63311E+01  8.82159E-01   2.89644E+01  8.65333E-01   3.16443E+01  8.48724E-01   3.43695E+01  8.32341E-01   3.71384E+01  8.16190E-01   3.99497E+01 
 8.48476E-01   4.13984E+01  8.65088E-01   3.86016E+01  8.81930E-01   3.58481E+01  8.98997E-01   3.31384E+01  9.16272E-01   3.04738E+01  9.33747E-01   2.78558E+01  9.51401E-01   2.52859E+01  9.69211E-01   2.27653E+01  9.87161E-01   2.02956E+01  1.00523E+00   1.78784E+01  1.02338E+00   1.55148E+01  1.04160E+00   1.32068E+01  1.05985E+00   1.09556E+01  1.07810E+00   8.76290E+00  1.09632E+00   6.63050E+00  1.11447E+00   4.55978E+00  1.13250E+00   2.55271E+00  1.15038E+00   6.10627E-01  1.16806E+00   3.58735E+02  1.18549E+00   3.56929E+02  1.20262E+00   3.55192E+02  1.21941E+00   3.53527E+02  1.23579E+00   3.51936E+02  1.25172E+00   3.50420E+02  1.26714E+00   3.48980E+02  1.28200E+00   3.47619E+02  1.29622E+00   3.46337E+02  1.30977E+00   3.45137E+02  1.32259E+00   3.44019E+02  1.33461E+00   3.42985E+02  1.34579E+00   3.42037E+02  1.35608E+00   3.41175E+02  1.36543E+00   3.40401E+02  1.37379E+00   3.39715E+02  1.38112E+00   3.39119E+02  1.38739E+00   3.38613E+02  1.39257E+00   3.38198E+02  1.39662E+00   3.37875E+02  1.39953E+00   3.37644E+02  1.40128E+00   3.37505E+02  1.40187E+00   3.37458E+02  1.40128E+00   3.37505E+02  1.39953E+00   3.37644E+02  1.39662E+00   3.37875E+02  1.39257E+00   3.38198E+02  1.38739E+00   3.38613E+02  1.38112E+00   3.39119E+02  1.37379E+00   3.39715E+02  1.36543E+00   3.40401E+02  1.35608E+00   3.41175E+02  1.34580E+00   3.42037E+02  1.33461E+00   3.42985E+02  1.32259E+00   3.44019E+02  1.30977E+00   3.45137E+02  1.29623E+00   3.46337E+02  1.28200E+00   3.47619E+02  1.26714E+00   3.48980E+02  1.25172E+00   3.50420E+02  1.23579E+00   3.51936E+02  1.21941E+00   3.53527E+02  1.20262E+00   3.55192E+02  1.18549E+00   3.56929E+02  1.16806E+00   3.58735E+02  1.15038E+00   6.10592E-01  1.13250E+00   2.55272E+00  1.11447E+00   4.55981E+00  1.09632E+00   6.63046E+00  1.07810E+00   8.76294E+00  1.05985E+00   1.09555E+01  1.04160E+00   1.32068E+01  1.02338E+00   1.55149E+01  1.00523E+00   1.78784E+01  9.87160E-01   2.02957E+01  9.69210E-01   2.27652E+01  9.51400E-01   2.52858E+01  9.33747E-01   2.78558E+01  9.16273E-01   3.04738E+01  8.98998E-01   3.31385E+01  8.81932E-01   3.58482E+01  8.65086E-01   3.86017E+01  8.48474E-01   4.13984E+01 
 8.79707E-01   4.29092E+01  8.96741E-01   4.01283E+01  9.14003E-01   3.73900E+01  9.31488E-01   3.46961E+01  9.49178E-01   3.20474E+01  9.67055E-01   2.94453E+01  9.85112E-01   2.68913E+01  1.00332E+00   2.43867E+01  1.02167E+00   2.19330E+01  1.04012E+00   1.95317E+01  1.05865E+00   1.71842E+01  1.07724E+00   1.48921E+01  1.09585E+00   1.26568E+01  1.11445E+00   1.04799E+01  1.13301E+00   8.36312E+00  1.15148E+00   6.30797E+00  1.16983E+00   4.31610E+00  1.18801E+00   2.38917E+00  1.20598E+00   5.28763E-01  1.22369E+00   3.58737E+02  1.24109E+00   3.57014E+02  1.25812E+00   3.55363E+02  1.27474E+00   3.53785E+02  1.29090E+00   3.52282E+02  1.30652E+00   3.50855E+02  1.32157E+00   3.49506E+02  1.33598E+00   3.48236E+02  1.34969E+00   3.47046E+02  1.36265E+00   3.45939E+02  1.37481E+00   3.44915E+02  1.38611E+00   3.43975E+02  1.39651E+00   3.43122E+02  1.40595E+00   3.42355E+02  1.41440E+00   3.41676E+02  1.42180E+00   3.41085E+02  1.42813E+00   3.40584E+02  1.43335E+00   3.40174E+02  1.43744E+00   3.39854E+02  1.44038E+00   3.39625E+02  1.44215E+00   3.39487E+02  1.44274E+00   3.39441E+02  1.44215E+00   3.39487E+02  1.44038E+00   3.39625E+02  1.43744E+00   3.39854E+02  1.43335E+00   3.40174E+02  1.42813E+00   3.40584E+02  1.42180E+00   3.41085E+02  1.41440E+00   3.41676E+02  1.40595E+00   3.42355E+02  1.39651E+00   3.43122E+02  1.38611E+00   3.43975E+02  1.37481E+00   3.44915E+02  1.36265E+00   3.45939E+02  1.34969E+00   3.47046E+02  1.33598E+00   3.48236E+02  1.32157E+00   3.49506E+02  1.30652E+00   3.50855E+02  1.29090E+00   3.52282E+02  1.27474E+00   3.53785E+02  1.25812E+00   3.55363E+02  1.24109E+00   3.57014E+02  1.22369E+00   3.58737E+02  1.20598E+00   5.28756E-01  1.18801E+00   2.38915E+00  1.16983E+00   4.31609E+00  1.15148E+00   6.30792E+00  1.13301E+00   8.36309E+00  1.11445E+00   1.04799E+01  1.09585E+00   1.26568E+01  1.07724E+00   1.48921E+01  1.05865E+00   1.71842E+01  1.04011E+00   1.95317E+01  1.02166E+00   2.19330E+01  1.00332E+00   2.43867E+01  9.85114E-01   2.68913E+01  9.67059E-01   2.94454E+01  9.49178E-01   3.20474E+01  9.31486E-01   3.46961E+01  9.14002E-01   3.73901E+01  8.96738E-01   4.01283E+01  8.79707E-01   4.29093E+01 
 9.09872E-01   4.44816E+01  9.27289E-01   4.17164E+01  9.44931E-01   3.89944E+01  9.62790E-01   3.63165E+01  9.80853E-01   3.36840E+01  9.99101E-01   3.10983E+01  1.01752E+00   2.85606E+01  1.03608E+00   2.60724E+01  1.05477E+00   2.36351E+01  1.07356E+00   2.12503E+01  1.09243E+00   1.89190E+01  1.11134E+00   1.66432E+01  1.13026E+00   1.44242E+01  1.14916E+00   1.22634E+01  1.16801E+00   1.01627E+01  1.18676E+00   8.12330E+00  1.20538E+00   6.14712E+00  1.22382E+00   4.23556E+00  1.24203E+00   2.39032E+00  1.25996E+00   6.12966E-01  1.27758E+00   3.58905E+02  1.29481E+00   3.57268E+02  1.31162E+00   3.55704E+02  1.32795E+00   3.54214E+02  1.34374E+00   3.52800E+02  1.35893E+00   3.51463E+02  1.37348E+00   3.50204E+02  1.38731E+00   3.49026E+02  1.40039E+00   3.47929E+02  1.41265E+00   3.46915E+02  1.42404E+00   3.45985E+02  1.43452E+00   3.45139E+02  1.44403E+00   3.44380E+02  1.45253E+00   3.43707E+02  1.45999E+00   3.43123E+02  1.46636E+00   3.42627E+02  1.47161E+00   3.42220E+02  1.47573E+00   3.41903E+02  1.47868E+00   3.41677E+02  1.48046E+00   3.41541E+02  1.48105E+00   3.41495E+02  1.48046E+00   3.41541E+02  1.47868E+00   3.41677E+02  1.47573E+00   3.41903E+02  1.47161E+00   3.42220E+02  1.46635E+00   3.42627E+02  1.45999E+00   3.43123E+02  1.45253E+00   3.43707E+02  1.44403E+00   3.44380E+02  1.43452E+00   3.45139E+02  1.42404E+00   3.45985E+02  1.41265E+00   3.46915E+02  1.40039E+00   3.47929E+02  1.38731E+00   3.49026E+02  1.37348E+00   3.50205E+02  1.35893E+00   3.51463E+02  1.34374E+00   3.52800E+02  1.32795E+00   3.54214E+02  1.31162E+00   3.55704E+02  1.29482E+00   3.57268E+02  1.27758E+00   3.58905E+02  1.25996E+00   6.12900E-01  1.24203E+00   2.39029E+00  1.22382E+00   4.23552E+00  1.20538E+00   6.14712E+00  1.18676E+00   8.12333E+00  1.16801E+00   1.01627E+01  1.14916E+00   1.22635E+01  1.13026E+00   1.44242E+01  1.11134E+00   1.66433E+01  1.09242E+00   1.89191E+01  1.07356E+00   2.12502E+01  1.05477E+00   2.36351E+01  1.03608E+00   2.60724E+01  1.01752E+00   2.85606E+01  9.99100E-01   3.10982E+01  9.80850E-01   3.36840E+01  9.62789E-01   3.63166E+01  9.44932E-01   3.89945E+01  9.27288E-01   4.17164E+01  9.09874E-01   4.44816E+01 
 9.38966E-01   4.61146E+01  9.56727E-01   4.33657E+01  9.74712E-01   4.06598E+01  9.92907E-01   3.79985E+01  1.01130E+00   3.53827E+01  1.02987E+00   3.28136E+01  1.04861E+00   3.02927E+01  1.06748E+00   2.78212E+01  1.08647E+00   2.54006E+01  1.10556E+00   2.30325E+01  1.12471E+00   2.07181E+01  1.14390E+00   1.84588E+01  1.16309E+00   1.62564E+01  1.18225E+00   1.41121E+01  1.20134E+00   1.20276E+01  1.22032E+00   1.00044E+01  1.23916E+00   8.04405E+00  1.25780E+00   6.14823E+00  1.27621E+00   4.31829E+00  1.29433E+00   2.55608E+00  1.31211E+00   8.62897E-01  1.32951E+00   3.59240E+02  1.34646E+00   3.57690E+02  1.36292E+00   3.56214E+02  1.37883E+00   3.54813E+02  1.39413E+00   3.53488E+02  1.40877E+00   3.52241E+02  1.42270E+00   3.51074E+02  1.43585E+00   3.49988E+02  1.44818E+00   3.48983E+02  1.45963E+00   3.48062E+02  1.47015E+00   3.47225E+02  1.47970E+00   3.46473E+02  1.48824E+00   3.45808E+02  1.49573E+00   3.45229E+02  1.50212E+00   3.44738E+02  1.50739E+00   3.44336E+02  1.51152E+00   3.44022E+02  1.51449E+00   3.43798E+02  1.51627E+00   3.43663E+02  1.51687E+00   3.43618E+02  1.51627E+00   3.43663E+02  1.51449E+00   3.43798E+02  1.51153E+00   3.44022E+02  1.50739E+00   3.44336E+02  1.50212E+00   3.44738E+02  1.49573E+00   3.45229E+02  1.48824E+00   3.45808E+02  1.47970E+00   3.46473E+02  1.47015E+00   3.47225E+02  1.45963E+00   3.48062E+02  1.44818E+00   3.48983E+02  1.43585E+00   3.49988E+02  1.42270E+00   3.51074E+02  1.40877E+00   3.52241E+02  1.39413E+00   3.53488E+02  1.37883E+00   3.54813E+02  1.36292E+00   3.56214E+02  1.34646E+00   3.57690E+02  1.32951E+00   3.59241E+02  1.31211E+00   8.62895E-01  1.29433E+00   2.55611E+00  1.27621E+00   4.31832E+00  1.25780E+00   6.14822E+00  1.23916E+00   8.04410E+00  1.22032E+00   1.00044E+01  1.20134E+00   1.20276E+01  1.18224E+00   1.41121E+01  1.16309E+00   1.62564E+01  1.14390E+00   1.84589E+01  1.12471E+00   2.07180E+01  1.10556E+00   2.30325E+01  1.08647E+00   2.54006E+01  1.06748E+00   2.78212E+01  1.04861E+00   3.02927E+01  1.02987E+00   3.28137E+01  1.01130E+00   3.53828E+01  9.92909E-01   3.79986E+01  9.74710E-01   4.06598E+01  9.56724E-01   4.33657E+01  9.38965E-01   4.61146E+01 
 9.66980E-01   4.78065E+01  9.85048E-01   4.50746E+01  1.00334E+00   4.23856E+01  1.02183E+00   3.97409E+01  1.04052E+00   3.71421E+01  1.05937E+00   3.45901E+01  1.07838E+00   3.20862E+01  1.09753E+00   2.96319E+01  1.11678E+00   2.72283E+01  1.13612E+00   2.48772E+01  1.15551E+00   2.25797E+01  1.17493E+00   2.03375E+01  1.19434E+00   1.81519E+01  1.21371E+00   1.60243E+01  1.23300E+00   1.39564E+01  1.25217E+00   1.19496E+01  1.27119E+00   1.00054E+01  1.28999E+00   8.12548E+00  1.30855E+00   6.31124E+00  1.32680E+00   4.56425E+00  1.34472E+00   2.88608E+00  1.36222E+00   1.27816E+00  1.37928E+00   3.59742E+02  1.39583E+00   3.58279E+02  1.41182E+00   3.56891E+02  1.42720E+00   3.55579E+02  1.44190E+00   3.54345E+02  1.45588E+00   3.53189E+02  1.46907E+00   3.52113E+02  1.48143E+00   3.51119E+02  1.49291E+00   3.50207E+02  1.50346E+00   3.49378E+02  1.51304E+00   3.48634E+02  1.52159E+00   3.47975E+02  1.52908E+00   3.47403E+02  1.53548E+00   3.46917E+02  1.54077E+00   3.46519E+02  1.54490E+00   3.46209E+02  1.54787E+00   3.45987E+02  1.54965E+00   3.45853E+02  1.55025E+00   3.45809E+02  1.54965E+00   3.45853E+02  1.54787E+00   3.45987E+02  1.54490E+00   3.46209E+02  1.54077E+00   3.46519E+02  1.53548E+00   3.46917E+02  1.52908E+00   3.47403E+02  1.52159E+00   3.47975E+02  1.51304E+00   3.48634E+02  1.50346E+00   3.49378E+02  1.49291E+00   3.50207E+02  1.48143E+00   3.51119E+02  1.46907E+00   3.52113E+02  1.45587E+00   3.53189E+02  1.44190E+00   3.54345E+02  1.42720E+00   3.55579E+02  1.41182E+00   3.56891E+02  1.39583E+00   3.58279E+02  1.37928E+00   3.59742E+02  1.36223E+00   1.27815E+00  1.34472E+00   2.88609E+00  1.32681E+00   4.56424E+00  1.30855E+00   6.31119E+00  1.28999E+00   8.12547E+00  1.27119E+00   1.00054E+01  1.25217E+00   1.19496E+01  1.23300E+00   1.39564E+01  1.21371E+00   1.60244E+01  1.19434E+00   1.81519E+01  1.17493E+00   2.03375E+01  1.15551E+00   2.25798E+01  1.13612E+00   2.48772E+01  1.11678E+00   2.72283E+01  1.09753E+00   2.96319E+01  1.07838E+00   3.20863E+01  1.05937E+00   3.45901E+01  1.04051E+00   3.71421E+01  1.02183E+00   3.97410E+01  1.00333E+00   4.23856E+01  9.85048E-01   4.50746E+01  9.66983E-01   4.78065E+01 
 9.93920E-01   4.95572E+01  1.01226E+00   4.68420E+01  1.03081E+00   4.41702E+01  1.04956E+00   4.15429E+01  1.06850E+00   3.89612E+01  1.08761E+00   3.64265E+01  1.10685E+00   3.39399E+01  1.12622E+00   3.15030E+01  1.14570E+00   2.91169E+01  1.16525E+00   2.67830E+01  1.18484E+00   2.45029E+01  1.20445E+00   2.22778E+01  1.22404E+00   2.01093E+01  1.24357E+00   1.79987E+01  1.26302E+00   1.59476E+01  1.28233E+00   1.39575E+01  1.30148E+00   1.20296E+01  1.32041E+00   1.01658E+01  1.33908E+00   8.36735E+00  1.35743E+00   6.63587E+00  1.37543E+00   4.97278E+00  1.39301E+00   3.37960E+00  1.41013E+00   1.85778E+00  1.42674E+00   4.08690E-01  1.44277E+00   3.59034E+02  1.45818E+00   3.57734E+02  1.47291E+00   3.56512E+02  1.48690E+00   3.55368E+02  1.50011E+00   3.54303E+02  1.51248E+00   3.53319E+02  1.52396E+00   3.52416E+02  1.53451E+00   3.51596E+02  1.54408E+00   3.50860E+02  1.55263E+00   3.50208E+02  1.56012E+00   3.49641E+02  1.56651E+00   3.49161E+02  1.57178E+00   3.48767E+02  1.57591E+00   3.48460E+02  1.57887E+00   3.48240E+02  1.58066E+00   3.48108E+02  1.58125E+00   3.48064E+02  1.58066E+00   3.48108E+02  1.57887E+00   3.48240E+02  1.57591E+00   3.48460E+02  1.57178E+00   3.48767E+02  1.56651E+00   3.49161E+02  1.56012E+00   3.49641E+02  1.55263E+00   3.50208E+02  1.54408E+00   3.50860E+02  1.53451E+00   3.51596E+02  1.52396E+00   3.52416E+02  1.51248E+00   3.53319E+02  1.50011E+00   3.54303E+02  1.48690E+00   3.55368E+02  1.47291E+00   3.56512E+02  1.45818E+00   3.57734E+02  1.44277E+00   3.59034E+02  1.42674E+00   4.08680E-01  1.41013E+00   1.85776E+00  1.39301E+00   3.37958E+00  1.37543E+00   4.97278E+00  1.35743E+00   6.63586E+00  1.33907E+00   8.36736E+00  1.32041E+00   1.01658E+01  1.30148E+00   1.20297E+01  1.28233E+00   1.39574E+01  1.26302E+00   1.59476E+01  1.24357E+00   1.79987E+01  1.22404E+00   2.01093E+01  1.20445E+00   2.22778E+01  1.18484E+00   2.45028E+01  1.16525E+00   2.67830E+01  1.14570E+00   2.91169E+01  1.12623E+00   3.15030E+01  1.10685E+00   3.39400E+01  1.08760E+00   3.64265E+01  1.06850E+00   3.89613E+01  1.04956E+00   4.15430E+01  1.03081E+00   4.41702E+01  1.01226E+00   4.68420E+01  9.93920E-01   4.95571E+01 
 1.01978E+00   5.13648E+01  1.03835E+00   4.86673E+01  1.05714E+00   4.60128E+01  1.07611E+00   4.34028E+01  1.09527E+00   4.08388E+01  1.11458E+00   3.83217E+01  1.13402E+00   3.58528E+01  1.15359E+00   3.34335E+01  1.17324E+00   3.10650E+01  1.19296E+00   2.87487E+01  1.21271E+00   2.64860E+01  1.23247E+00   2.42783E+01  1.25220E+00   2.21271E+01  1.27186E+00   2.00338E+01  1.29142E+00   1.79996E+01  1.31084E+00   1.60263E+01  1.33008E+00   1.41151E+01  1.34908E+00   1.22675E+01  1.36782E+00   1.04851E+01  1.38623E+00   8.76922E+00  1.40428E+00   7.12149E+00  1.42190E+00   5.54306E+00  1.43905E+00   4.03568E+00  1.45567E+00   2.60047E+00  1.47171E+00   1.23900E+00  1.48712E+00   3.59952E+02  1.50185E+00   3.58742E+02  1.51583E+00   3.57610E+02  1.52903E+00   3.56555E+02  1.54138E+00   3.55581E+02  1.55284E+00   3.54688E+02  1.56336E+00   3.53877E+02  1.57291E+00   3.53148E+02  1.58143E+00   3.52503E+02  1.58890E+00   3.51943E+02  1.59527E+00   3.51467E+02  1.60053E+00   3.51077E+02  1.60464E+00   3.50774E+02  1.60759E+00   3.50557E+02  1.60937E+00   3.50426E+02  1.60996E+00   3.50383E+02  1.60937E+00   3.50426E+02  1.60759E+00   3.50557E+02  1.60464E+00   3.50774E+02  1.60053E+00   3.51077E+02  1.59527E+00   3.51467E+02  1.58890E+00   3.51943E+02  1.58143E+00   3.52503E+02  1.57291E+00   3.53148E+02  1.56336E+00   3.53877E+02  1.55284E+00   3.54688E+02  1.54138E+00   3.55581E+02  1.52903E+00   3.56555E+02  1.51583E+00   3.57609E+02  1.50185E+00   3.58742E+02  1.48712E+00   3.59952E+02  1.47171E+00   1.23902E+00  1.45567E+00   2.60045E+00  1.43905E+00   4.03572E+00  1.42190E+00   5.54307E+00  1.40428E+00   7.12150E+00  1.38623E+00   8.76926E+00  1.36782E+00   1.04851E+01  1.34908E+00   1.22676E+01  1.33008E+00   1.41150E+01  1.31084E+00   1.60263E+01  1.29142E+00   1.79996E+01  1.27186E+00   2.00337E+01  1.25220E+00   2.21272E+01  1.23247E+00   2.42783E+01  1.21271E+00   2.64861E+01  1.19296E+00   2.87487E+01  1.17324E+00   3.10650E+01  1.15359E+00   3.34336E+01  1.13402E+00   3.58528E+01  1.11458E+00   3.83217E+01  1.09527E+00   4.08388E+01  1.07611E+00   4.34028E+01  1.05713E+00   4.60127E+01  1.03835E+00   4.86674E+01  1.01978E+00   5.13648E+01 
 1.04457E+00   5.32287E+01  1.06334E+00   5.05487E+01  1.08232E+00   4.79123E+01  1.10148E+00   4.53200E+01  1.12082E+00   4.27736E+01  1.14030E+00   4.02744E+01  1.15991E+00   3.78233E+01  1.17962E+00   3.54219E+01  1.19942E+00   3.30713E+01  1.21927E+00   3.07728E+01  1.23914E+00   2.85279E+01  1.25901E+00   2.63378E+01  1.27884E+00   2.42041E+01  1.29859E+00   2.21281E+01  1.31823E+00   2.01111E+01  1.33771E+00   1.81547E+01  1.35701E+00   1.62602E+01  1.37606E+00   1.44291E+01  1.39482E+00   1.26628E+01  1.41326E+00   1.09627E+01  1.43131E+00   9.33027E+00  1.44894E+00   7.76683E+00  1.46608E+00   6.27387E+00  1.48269E+00   4.85271E+00  1.49871E+00   3.50460E+00  1.51409E+00   2.23098E+00  1.52878E+00   1.03292E+00  1.54273E+00   3.59912E+02  1.55588E+00   3.58869E+02  1.56819E+00   3.57905E+02  1.57961E+00   3.57021E+02  1.59009E+00   3.56218E+02  1.59959E+00   3.55497E+02  1.60807E+00   3.54859E+02  1.61550E+00   3.54305E+02  1.62184E+00   3.53835E+02  1.62707E+00   3.53449E+02  1.63116E+00   3.53149E+02  1.63409E+00   3.52934E+02  1.63586E+00   3.52805E+02  1.63645E+00   3.52762E+02  1.63586E+00   3.52805E+02  1.63409E+00   3.52934E+02  1.63116E+00   3.53149E+02  1.62707E+00   3.53449E+02  1.62184E+00   3.53835E+02  1.61550E+00   3.54305E+02  1.60807E+00   3.54859E+02  1.59959E+00   3.55497E+02  1.59008E+00   3.56218E+02  1.57961E+00   3.57021E+02  1.56819E+00   3.57905E+02  1.55588E+00   3.58869E+02  1.54273E+00   3.59912E+02  1.52878E+00   1.03294E+00  1.51409E+00   2.23102E+00  1.49871E+00   3.50461E+00  1.48269E+00   4.85271E+00  1.46608E+00   6.27387E+00  1.44894E+00   7.76680E+00  1.43131E+00   9.33026E+00  1.41326E+00   1.09626E+01  1.39482E+00   1.26628E+01  1.37606E+00   1.44291E+01  1.35700E+00   1.62602E+01  1.33771E+00   1.81548E+01  1.31823E+00   2.01111E+01  1.29859E+00   2.21281E+01  1.27884E+00   2.42041E+01  1.25901E+00   2.63378E+01  1.23914E+00   2.85278E+01  1.21927E+00   3.07728E+01  1.19942E+00   3.30713E+01  1.17962E+00   3.54219E+01  1.15991E+00   3.78234E+01  1.14030E+00   4.02744E+01  1.12081E+00   4.27736E+01  1.10148E+00   4.53200E+01  1.08232E+00   4.79123E+01  1.06334E+00   5.05488E+01  1.04457E+00   5.32286E+01 
 1.06829E+00   5.51480E+01  1.08724E+00   5.24858E+01  1.10637E+00   4.98671E+01  1.12569E+00   4.72930E+01  1.14517E+00   4.47647E+01  1.16479E+00   4.22834E+01  1.18453E+00   3.98504E+01  1.20436E+00   3.74671E+01  1.22426E+00   3.51346E+01  1.24420E+00   3.28540E+01  1.26416E+00   3.06270E+01  1.28410E+00   2.84547E+01  1.30399E+00   2.63386E+01  1.32380E+00   2.42801E+01  1.34348E+00   2.22805E+01  1.36299E+00   2.03412E+01  1.38230E+00   1.84636E+01  1.40136E+00   1.66490E+01  1.42012E+00   1.48990E+01  1.43854E+00   1.32147E+01  1.45658E+00   1.15977E+01  1.47417E+00   1.00493E+01  1.49128E+00   8.57093E+00  1.50784E+00   7.16381E+00  1.52381E+00   5.82922E+00  1.53913E+00   4.56847E+00  1.55377E+00   3.38271E+00  1.56765E+00   2.27322E+00  1.58074E+00   1.24097E+00  1.59298E+00   2.87174E-01  1.60433E+00   3.59413E+02  1.61475E+00   3.58619E+02  1.62419E+00   3.57906E+02  1.63262E+00   3.57275E+02  1.63999E+00   3.56726E+02  1.64629E+00   3.56261E+02  1.65148E+00   3.55880E+02  1.65554E+00   3.55583E+02  1.65846E+00   3.55371E+02  1.66021E+00   3.55243E+02  1.66079E+00   3.55201E+02  1.66021E+00   3.55243E+02  1.65846E+00   3.55371E+02  1.65554E+00   3.55583E+02  1.65148E+00   3.55880E+02  1.64629E+00   3.56261E+02  1.63999E+00   3.56726E+02  1.63262E+00   3.57275E+02  1.62419E+00   3.57906E+02  1.61475E+00   3.58619E+02  1.60433E+00   3.59413E+02  1.59298E+00   2.87169E-01  1.58074E+00   1.24096E+00  1.56765E+00   2.27320E+00  1.55377E+00   3.38269E+00  1.53913E+00   4.56845E+00  1.52381E+00   5.82919E+00  1.50784E+00   7.16380E+00  1.49128E+00   8.57093E+00  1.47417E+00   1.00494E+01  1.45658E+00   1.15978E+01  1.43854E+00   1.32147E+01  1.42012E+00   1.48990E+01  1.40136E+00   1.66490E+01  1.38230E+00   1.84636E+01  1.36299E+00   2.03412E+01  1.34348E+00   2.22805E+01  1.32380E+00   2.42801E+01  1.30399E+00   2.63386E+01  1.28410E+00   2.84547E+01  1.26416E+00   3.06270E+01  1.24420E+00   3.28541E+01  1.22425E+00   3.51346E+01  1.20435E+00   3.74672E+01  1.18452E+00   3.98505E+01  1.16479E+00   4.22834E+01  1.14517E+00   4.47647E+01  1.12569E+00   4.72930E+01  1.10637E+00   4.98671E+01  1.08723E+00   5.24857E+01  1.06829E+00   5.51480E+01 
 1.09096E+00   5.71210E+01  1.11004E+00   5.44772E+01  1.12931E+00   5.18767E+01  1.14875E+00   4.93207E+01  1.16833E+00   4.68106E+01  1.18805E+00   4.43477E+01  1.20788E+00   4.19330E+01  1.22780E+00   3.95677E+01  1.24777E+00   3.72535E+01  1.26778E+00   3.49912E+01  1.28779E+00   3.27822E+01  1.30777E+00   3.06279E+01  1.32769E+00   2.85295E+01  1.34751E+00   2.64886E+01  1.36719E+00   2.45063E+01  1.38671E+00   2.25841E+01  1.40600E+00   2.07235E+01  1.42503E+00   1.89255E+01  1.44376E+00   1.71918E+01  1.46214E+00   1.55235E+01  1.48012E+00   1.39220E+01  1.49765E+00   1.23888E+01  1.51469E+00   1.09249E+01  1.53118E+00   9.53188E+00  1.54707E+00   8.21076E+00  1.56232E+00   6.96301E+00  1.57686E+00   5.78954E+00  1.59066E+00   4.69170E+00  1.60366E+00   3.67042E+00  1.61582E+00   2.72684E+00  1.62709E+00   1.86183E+00  1.63743E+00   1.07635E+00  1.64680E+00   3.71228E-01  1.65516E+00   3.59747E+02  1.66247E+00   3.59205E+02  1.66871E+00   3.58745E+02  1.67386E+00   3.58368E+02  1.67788E+00   3.58075E+02  1.68077E+00   3.57865E+02  1.68251E+00   3.57738E+02  1.68309E+00   3.57697E+02  1.68251E+00   3.57738E+02  1.68077E+00   3.57865E+02  1.67788E+00   3.58075E+02  1.67386E+00   3.58368E+02  1.66871E+00   3.58745E+02  1.66247E+00   3.59205E+02  1.65515E+00   3.59747E+02  1.64680E+00   3.71230E-01  1.63743E+00   1.07637E+00  1.62709E+00   1.86181E+00  1.61582E+00   2.72686E+00  1.60366E+00   3.67041E+00  1.59066E+00   4.69174E+00  1.57686E+00   5.78954E+00  1.56232E+00   6.96303E+00  1.54707E+00   8.21078E+00  1.53118E+00   9.53189E+00  1.51469E+00   1.09249E+01  1.49765E+00   1.23887E+01  1.48012E+00   1.39220E+01  1.46214E+00   1.55234E+01  1.44376E+00   1.71918E+01  1.42503E+00   1.89255E+01  1.40600E+00   2.07235E+01  1.38671E+00   2.25841E+01  1.36719E+00   2.45063E+01  1.34751E+00   2.64886E+01  1.32769E+00   2.85295E+01  1.30777E+00   3.06279E+01  1.28779E+00   3.27822E+01  1.26777E+00   3.49911E+01  1.24777E+00   3.72535E+01  1.22780E+00   3.95678E+01  1.20788E+00   4.19329E+01  1.18806E+00   4.43477E+01  1.16833E+00   4.68107E+01  1.14874E+00   4.93207E+01  1.12931E+00   5.18767E+01  1.11004E+00   5.44772E+01  1.09096E+00   5.71210E+01 
 1.11258E+00   5.91474E+01  1.13177E+00   5.65215E+01  1.15114E+00   5.39395E+01  1.17067E+00   5.14022E+01  1.19033E+00   4.89104E+01  1.21012E+00   4.64659E+01  1.23001E+00   4.40696E+01  1.24998E+00   4.17227E+01  1.26999E+00   3.94267E+01  1.29003E+00   3.71827E+01  1.31005E+00   3.49919E+01  1.33004E+00   3.28557E+01  1.34995E+00   3.07753E+01  1.36976E+00   2.87520E+01  1.38942E+00   2.67874E+01  1.40889E+00   2.48824E+01  1.42814E+00   2.30387E+01  1.44712E+00   2.12574E+01  1.46579E+00   1.95400E+01  1.48409E+00   1.78877E+01  1.50199E+00   1.63018E+01  1.51944E+00   1.47836E+01  1.53638E+00   1.33344E+01  1.55277E+00   1.19554E+01  1.56856E+00   1.06479E+01  1.58370E+00   9.41299E+00  1.59814E+00   8.25185E+00  1.61183E+00   7.16556E+00  1.62473E+00   6.15526E+00  1.63678E+00   5.22177E+00  1.64795E+00   4.36625E+00  1.65820E+00   3.58934E+00  1.66748E+00   2.89207E+00  1.67575E+00   2.27494E+00  1.68300E+00   1.73884E+00  1.68918E+00   1.28412E+00  1.69427E+00   9.11487E-01  1.69825E+00   6.21146E-01  1.70111E+00   4.13601E-01  1.70283E+00   2.88918E-01  1.70340E+00   2.47403E-01  1.70283E+00   2.88920E-01  1.70111E+00   4.13621E-01  1.69825E+00   6.21142E-01  1.69427E+00   9.11498E-01  1.68918E+00   1.28412E+00  1.68300E+00   1.73886E+00  1.67575E+00   2.27494E+00  1.66748E+00   2.89208E+00  1.65820E+00   3.58935E+00  1.64795E+00   4.36627E+00  1.63678E+00   5.22178E+00  1.62473E+00   6.15526E+00  1.61183E+00   7.16559E+00  1.59814E+00   8.25182E+00  1.58370E+00   9.41300E+00  1.56856E+00   1.06478E+01  1.55277E+00   1.19554E+01  1.53638E+00   1.33343E+01  1.51944E+00   1.47836E+01  1.50199E+00   1.63017E+01  1.48409E+00   1.78877E+01  1.46579E+00   1.95400E+01  1.44712E+00   2.12574E+01  1.42814E+00   2.30388E+01  1.40889E+00   2.48824E+01  1.38942E+00   2.67874E+01  1.36976E+00   2.87520E+01  1.34995E+00   3.07752E+01  1.33004E+00   3.28557E+01  1.31005E+00   3.49919E+01  1.29003E+00   3.71827E+01  1.26999E+00   3.94267E+01  1.24998E+00   4.17227E+01  1.23001E+00   4.40696E+01  1.21012E+00   4.64659E+01  1.19033E+00   4.89104E+01  1.17067E+00   5.14021E+01  1.15114E+00   5.39396E+01  1.13177E+00   5.65214E+01  1.11258E+00   5.91474E+01 
 1.13317E+00   6.12258E+01  1.15245E+00   5.86184E+01  1.17188E+00   5.60546E+01  1.19147E+00   5.35359E+01  1.21118E+00   5.10630E+01  1.23101E+00   4.86369E+01  1.25093E+00   4.62592E+01  1.27092E+00   4.39309E+01  1.29094E+00   4.16532E+01  1.31097E+00   3.94276E+01  1.33099E+00   3.72550E+01  1.35095E+00   3.51369E+01  1.37083E+00   3.30745E+01  1.39059E+00   3.10690E+01  1.41019E+00   2.91219E+01  1.42961E+00   2.72342E+01  1.44878E+00   2.54075E+01  1.46767E+00   2.36429E+01  1.48624E+00   2.19419E+01  1.50445E+00   2.03056E+01  1.52224E+00   1.87352E+01  1.53958E+00   1.72322E+01  1.55640E+00   1.57976E+01  1.57267E+00   1.44327E+01  1.58834E+00   1.31388E+01  1.60335E+00   1.19168E+01  1.61767E+00   1.07679E+01  1.63123E+00   9.69328E+00  1.64401E+00   8.69384E+00  1.65594E+00   7.77058E+00  1.66700E+00   6.92438E+00  1.67714E+00   6.15611E+00  1.68631E+00   5.46654E+00  1.69450E+00   4.85638E+00  1.70166E+00   4.32625E+00  1.70777E+00   3.87674E+00  1.71280E+00   3.50826E+00  1.71674E+00   3.22129E+00  1.71956E+00   3.01607E+00  1.72126E+00   2.89287E+00  1.72182E+00   2.85176E+00  1.72126E+00   2.89286E+00  1.71956E+00   3.01607E+00  1.71674E+00   3.22129E+00  1.71280E+00   3.50827E+00  1.70777E+00   3.87673E+00  1.70166E+00   4.32624E+00  1.69450E+00   4.85638E+00  1.68631E+00   5.46654E+00  1.67714E+00   6.15609E+00  1.66700E+00   6.92438E+00  1.65594E+00   7.77055E+00  1.64400E+00   8.69384E+00  1.63123E+00   9.69323E+00  1.61767E+00   1.07679E+01  1.60335E+00   1.19168E+01  1.58834E+00   1.31388E+01  1.57267E+00   1.44328E+01  1.55640E+00   1.57976E+01  1.53958E+00   1.72322E+01  1.52224E+00   1.87352E+01  1.50445E+00   2.03056E+01  1.48624E+00   2.19418E+01  1.46767E+00   2.36430E+01  1.44878E+00   2.54075E+01  1.42961E+00   2.72341E+01  1.41020E+00   2.91218E+01  1.39059E+00   3.10689E+01  1.37083E+00   3.30745E+01  1.35095E+00   3.51370E+01  1.33099E+00   3.72551E+01  1.31097E+00   3.94276E+01  1.29094E+00   4.16532E+01  1.27092E+00   4.39309E+01  1.25093E+00   4.62592E+01  1.23101E+00   4.86369E+01  1.21118E+00   5.10629E+01  1.19147E+00   5.35359E+01  1.17188E+00   5.60546E+01  1.15244E+00   5.86184E+01  1.13318E+00   6.12258E+01 
 1.15276E+00   6.33546E+01  1.17208E+00   6.07662E+01  1.19155E+00   5.82212E+01  1.21117E+00   5.57209E+01  1.23091E+00   5.32667E+01  1.25075E+00   5.08595E+01  1.27067E+00   4.85004E+01  1.29064E+00   4.61907E+01  1.31065E+00   4.39315E+01  1.33065E+00   4.17244E+01  1.35062E+00   3.95702E+01  1.37053E+00   3.74703E+01  1.39035E+00   3.54260E+01  1.41004E+00   3.34383E+01  1.42956E+00   3.15088E+01  1.44888E+00   2.96384E+01  1.46795E+00   2.78287E+01  1.48673E+00   2.60809E+01  1.50519E+00   2.43961E+01  1.52327E+00   2.27758E+01  1.54094E+00   2.12209E+01  1.55813E+00   1.97330E+01  1.57482E+00   1.83130E+01  1.59094E+00   1.69622E+01  1.60646E+00   1.56817E+01  1.62133E+00   1.44726E+01  1.63550E+00   1.33360E+01  1.64893E+00   1.22729E+01  1.66156E+00   1.12844E+01  1.67336E+00   1.03712E+01  1.68430E+00   9.53446E+00  1.69431E+00   8.77472E+00  1.70338E+00   8.09293E+00  1.71146E+00   7.48963E+00  1.71854E+00   6.96556E+00  1.72457E+00   6.52111E+00  1.72954E+00   6.15693E+00  1.73342E+00   5.87319E+00  1.73621E+00   5.67038E+00  1.73788E+00   5.54854E+00  1.73844E+00   5.50796E+00  1.73788E+00   5.54855E+00  1.73621E+00   5.67038E+00  1.73342E+00   5.87319E+00  1.72954E+00   6.15692E+00  1.72457E+00   6.52111E+00  1.71854E+00   6.96556E+00  1.71146E+00   7.48962E+00  1.70338E+00   8.09292E+00  1.69431E+00   8.77472E+00  1.68430E+00   9.53446E+00  1.67336E+00   1.03713E+01  1.66156E+00   1.12844E+01  1.64893E+00   1.22730E+01  1.63550E+00   1.33360E+01  1.62133E+00   1.44726E+01  1.60646E+00   1.56817E+01  1.59094E+00   1.69622E+01  1.57482E+00   1.83130E+01  1.55813E+00   1.97330E+01  1.54094E+00   2.12209E+01  1.52327E+00   2.27758E+01  1.50519E+00   2.43961E+01  1.48674E+00   2.60809E+01  1.46795E+00   2.78287E+01  1.44888E+00   2.96384E+01  1.42956E+00   3.15088E+01  1.41004E+00   3.34383E+01  1.39035E+00   3.54260E+01  1.37053E+00   3.74703E+01  1.35062E+00   3.95702E+01  1.33065E+00   4.17243E+01  1.31065E+00   4.39315E+01  1.29064E+00   4.61907E+01  1.27067E+00   4.85004E+01  1.25075E+00   5.08596E+01  1.23091E+00   5.32668E+01  1.21117E+00   5.57209E+01  1.19155E+00   5.82212E+01  1.17208E+00   6.07661E+01  1.15276E+00   6.33547E+01 
 1.17135E+00   6.55337E+01  1.19069E+00   6.29638E+01  1.21018E+00   6.04377E+01  1.22980E+00   5.79564E+01  1.24953E+00   5.55209E+01  1.26936E+00   5.31324E+01  1.28925E+00   5.07923E+01  1.30919E+00   4.85014E+01  1.32914E+00   4.62607E+01  1.34909E+00   4.40719E+01  1.36899E+00   4.19361E+01  1.38883E+00   3.98543E+01  1.40855E+00   3.78281E+01  1.42814E+00   3.58583E+01  1.44756E+00   3.39464E+01  1.46675E+00   3.20935E+01  1.48570E+00   3.03008E+01  1.50435E+00   2.85697E+01  1.52267E+00   2.69012E+01  1.54061E+00   2.52968E+01  1.55812E+00   2.37575E+01  1.57516E+00   2.22846E+01  1.59169E+00   2.08792E+01  1.60765E+00   1.95423E+01  1.62301E+00   1.82753E+01  1.63772E+00   1.70790E+01  1.65173E+00   1.59547E+01  1.66499E+00   1.49031E+01  1.67748E+00   1.39253E+01  1.68913E+00   1.30223E+01  1.69992E+00   1.21947E+01  1.70981E+00   1.14436E+01  1.71876E+00   1.07694E+01  1.72673E+00   1.01730E+01  1.73371E+00   9.65485E+00  1.73965E+00   9.21559E+00  1.74455E+00   8.85550E+00  1.74838E+00   8.57512E+00  1.75112E+00   8.37458E+00  1.75278E+00   8.25424E+00  1.75333E+00   8.21406E+00  1.75278E+00   8.25424E+00  1.75112E+00   8.37458E+00  1.74838E+00   8.57512E+00  1.74455E+00   8.85550E+00  1.73965E+00   9.21557E+00  1.73371E+00   9.65486E+00  1.72673E+00   1.01730E+01  1.71876E+00   1.07694E+01  1.70981E+00   1.14435E+01  1.69992E+00   1.21948E+01  1.68913E+00   1.30222E+01  1.67748E+00   1.39253E+01  1.66499E+00   1.49031E+01  1.65173E+00   1.59547E+01  1.63772E+00   1.70790E+01  1.62301E+00   1.82753E+01  1.60765E+00   1.95424E+01  1.59169E+00   2.08792E+01  1.57516E+00   2.22846E+01  1.55812E+00   2.37575E+01  1.54061E+00   2.52968E+01  1.52267E+00   2.69012E+01  1.50436E+00   2.85697E+01  1.48570E+00   3.03008E+01  1.46675E+00   3.20935E+01  1.44756E+00   3.39464E+01  1.42814E+00   3.58583E+01  1.40855E+00   3.78281E+01  1.38883E+00   3.98543E+01  1.36899E+00   4.19361E+01  1.34909E+00   4.40719E+01  1.32914E+00   4.62608E+01  1.30919E+00   4.85013E+01  1.28925E+00   5.07923E+01  1.26936E+00   5.31325E+01  1.24953E+00   5.55208E+01  1.22980E+00   5.79564E+01  1.21018E+00   6.04377E+01  1.19069E+00   6.29638E+01  1.17135E+00   6.55337E+01 
 1.18896E+00   6.77613E+01  1.20830E+00   6.52106E+01  1.22778E+00   6.27032E+01  1.24738E+00   6.02408E+01  1.26708E+00   5.78244E+01  1.28686E+00   5.54547E+01  1.30671E+00   5.31332E+01  1.32658E+00   5.08612E+01  1.34646E+00   4.86394E+01  1.36632E+00   4.64691E+01  1.38613E+00   4.43518E+01  1.40586E+00   4.22881E+01  1.42548E+00   4.02799E+01  1.44495E+00   3.83280E+01  1.46423E+00   3.64336E+01  1.48329E+00   3.45981E+01  1.50209E+00   3.28224E+01  1.52058E+00   3.11079E+01  1.53874E+00   2.94558E+01  1.55650E+00   2.78672E+01  1.57385E+00   2.63434E+01  1.59071E+00   2.48854E+01  1.60707E+00   2.34945E+01  1.62285E+00   2.21716E+01  1.63804E+00   2.09179E+01  1.65256E+00   1.97345E+01  1.66640E+00   1.86222E+01  1.67950E+00   1.75822E+01  1.69182E+00   1.66151E+01  1.70332E+00   1.57221E+01  1.71395E+00   1.49038E+01  1.72370E+00   1.41611E+01  1.73252E+00   1.34945E+01  1.74038E+00   1.29049E+01  1.74725E+00   1.23927E+01  1.75311E+00   1.19585E+01  1.75793E+00   1.16026E+01  1.76170E+00   1.13254E+01  1.76440E+00   1.11272E+01  1.76603E+00   1.10082E+01  1.76657E+00   1.09686E+01  1.76603E+00   1.10082E+01  1.76440E+00   1.11272E+01  1.76170E+00   1.13254E+01  1.75793E+00   1.16026E+01  1.75311E+00   1.19585E+01  1.74725E+00   1.23927E+01  1.74038E+00   1.29049E+01  1.73252E+00   1.34945E+01  1.72370E+00   1.41611E+01  1.71395E+00   1.49038E+01  1.70332E+00   1.57221E+01  1.69182E+00   1.66151E+01  1.67950E+00   1.75822E+01  1.66640E+00   1.86222E+01  1.65256E+00   1.97345E+01  1.63804E+00   2.09180E+01  1.62285E+00   2.21716E+01  1.60707E+00   2.34945E+01  1.59071E+00   2.48854E+01  1.57385E+00   2.63434E+01  1.55651E+00   2.78672E+01  1.53874E+00   2.94558E+01  1.52058E+00   3.11079E+01  1.50208E+00   3.28223E+01  1.48329E+00   3.45981E+01  1.46423E+00   3.64336E+01  1.44495E+00   3.83280E+01  1.42548E+00   4.02799E+01  1.40586E+00   4.22882E+01  1.38613E+00   4.43518E+01  1.36632E+00   4.64692E+01  1.34646E+00   4.86394E+01  1.32658E+00   5.08612E+01  1.30670E+00   5.31333E+01  1.28687E+00   5.54546E+01  1.26709E+00   5.78243E+01  1.24738E+00   6.02408E+01  1.22778E+00   6.27033E+01  1.20830E+00   6.52106E+01  1.18896E+00   6.77613E+01 
 1.20563E+00   7.00365E+01  1.22494E+00   6.75049E+01  1.24438E+00   6.50169E+01  1.26393E+00   6.25733E+01  1.28358E+00   6.01758E+01  1.30330E+00   5.78254E+01  1.32306E+00   5.55225E+01  1.34285E+00   5.32691E+01  1.36264E+00   5.10662E+01  1.38239E+00   4.89144E+01  1.40208E+00   4.68155E+01  1.42169E+00   4.47703E+01  1.44117E+00   4.27799E+01  1.46049E+00   4.08459E+01  1.47962E+00   3.89690E+01  1.49852E+00   3.71508E+01  1.51715E+00   3.53921E+01  1.53547E+00   3.36943E+01  1.55345E+00   3.20585E+01  1.57103E+00   3.04857E+01  1.58818E+00   2.89773E+01  1.60486E+00   2.75342E+01  1.62102E+00   2.61576E+01  1.63661E+00   2.48486E+01  1.65160E+00   2.36082E+01  1.66594E+00   2.24374E+01  1.67959E+00   2.13372E+01  1.69251E+00   2.03084E+01  1.70465E+00   1.93521E+01  1.71598E+00   1.84690E+01  1.72647E+00   1.76600E+01  1.73607E+00   1.69256E+01  1.74475E+00   1.62668E+01  1.75249E+00   1.56838E+01  1.75925E+00   1.51776E+01  1.76501E+00   1.47483E+01  1.76976E+00   1.43966E+01  1.77347E+00   1.41226E+01  1.77613E+00   1.39268E+01  1.77773E+00   1.38091E+01  1.77826E+00   1.37699E+01  1.77773E+00   1.38091E+01  1.77613E+00   1.39268E+01  1.77347E+00   1.41226E+01  1.76976E+00   1.43966E+01  1.76501E+00   1.47483E+01  1.75925E+00   1.51776E+01  1.75249E+00   1.56839E+01  1.74475E+00   1.62668E+01  1.73607E+00   1.69257E+01  1.72647E+00   1.76600E+01  1.71598E+00   1.84691E+01  1.70465E+00   1.93521E+01  1.69251E+00   2.03085E+01  1.67959E+00   2.13372E+01  1.66594E+00   2.24374E+01  1.65160E+00   2.36082E+01  1.63661E+00   2.48486E+01  1.62102E+00   2.61576E+01  1.60486E+00   2.75342E+01  1.58818E+00   2.89773E+01  1.57103E+00   3.04857E+01  1.55345E+00   3.20585E+01  1.53547E+00   3.36943E+01  1.51715E+00   3.53922E+01  1.49852E+00   3.71508E+01  1.47962E+00   3.89690E+01  1.46049E+00   4.08459E+01  1.44117E+00   4.27799E+01  1.42169E+00   4.47702E+01  1.40208E+00   4.68156E+01  1.38239E+00   4.89144E+01  1.36264E+00   5.10662E+01  1.34285E+00   5.32692E+01  1.32306E+00   5.55225E+01  1.30330E+00   5.78253E+01  1.28358E+00   6.01758E+01  1.26393E+00   6.25734E+01  1.24438E+00   6.50169E+01  1.22494E+00   6.75048E+01  1.20562E+00   7.00366E+01 
 1.22135E+00   7.23588E+01  1.24062E+00   6.98459E+01  1.26000E+00   6.73771E+01  1.27948E+00   6.49529E+01  1.29906E+00   6.25741E+01  1.31868E+00   6.02426E+01  1.33835E+00   5.79592E+01  1.35803E+00   5.57244E+01  1.37770E+00   5.35402E+01  1.39733E+00   5.14071E+01  1.41689E+00   4.93264E+01  1.43634E+00   4.72995E+01  1.45567E+00   4.53271E+01  1.47482E+00   4.34108E+01  1.49378E+00   4.15515E+01  1.51250E+00   3.97503E+01  1.53094E+00   3.80087E+01  1.54907E+00   3.63274E+01  1.56685E+00   3.47078E+01  1.58423E+00   3.31508E+01  1.60118E+00   3.16577E+01  1.61765E+00   3.02295E+01  1.63360E+00   2.88672E+01  1.64899E+00   2.75720E+01  1.66377E+00   2.63448E+01  1.67791E+00   2.51865E+01  1.69137E+00   2.40982E+01  1.70409E+00   2.30807E+01  1.71605E+00   2.21350E+01  1.72721E+00   2.12617E+01  1.73753E+00   2.04617E+01  1.74697E+00   1.97356E+01  1.75552E+00   1.90842E+01  1.76313E+00   1.85080E+01  1.76977E+00   1.80075E+01  1.77544E+00   1.75833E+01  1.78011E+00   1.72356E+01  1.78375E+00   1.69648E+01  1.78636E+00   1.67712E+01  1.78794E+00   1.66550E+01  1.78846E+00   1.66163E+01  1.78794E+00   1.66550E+01  1.78636E+00   1.67712E+01  1.78375E+00   1.69648E+01  1.78011E+00   1.72356E+01  1.77544E+00   1.75833E+01  1.76977E+00   1.80075E+01  1.76313E+00   1.85080E+01  1.75552E+00   1.90842E+01  1.74698E+00   1.97356E+01  1.73753E+00   2.04617E+01  1.72721E+00   2.12617E+01  1.71605E+00   2.21350E+01  1.70409E+00   2.30807E+01  1.69137E+00   2.40982E+01  1.67791E+00   2.51865E+01  1.66378E+00   2.63448E+01  1.64899E+00   2.75720E+01  1.63360E+00   2.88672E+01  1.61765E+00   3.02296E+01  1.60118E+00   3.16577E+01  1.58423E+00   3.31509E+01  1.56685E+00   3.47078E+01  1.54907E+00   3.63274E+01  1.53094E+00   3.80087E+01  1.51250E+00   3.97503E+01  1.49378E+00   4.15515E+01  1.47482E+00   4.34108E+01  1.45567E+00   4.53271E+01  1.43634E+00   4.72995E+01  1.41688E+00   4.93264E+01  1.39733E+00   5.14071E+01  1.37770E+00   5.35402E+01  1.35803E+00   5.57243E+01  1.33835E+00   5.79591E+01  1.31868E+00   6.02427E+01  1.29905E+00   6.25742E+01  1.27949E+00   6.49529E+01  1.26000E+00   6.73770E+01  1.24062E+00   6.98460E+01  1.22135E+00   7.23589E+01 
 1.23616E+00   7.47268E+01  1.25536E+00   7.22330E+01  1.27467E+00   6.97830E+01  1.29407E+00   6.73781E+01  1.31354E+00   6.50186E+01  1.33306E+00   6.27058E+01  1.35261E+00   6.04413E+01  1.37216E+00   5.82255E+01  1.39169E+00   5.60598E+01  1.41117E+00   5.39455E+01  1.43057E+00   5.18832E+01  1.44986E+00   4.98745E+01  1.46901E+00   4.79202E+01  1.48799E+00   4.60215E+01  1.50675E+00   4.41797E+01  1.52528E+00   4.23957E+01  1.54352E+00   4.06708E+01  1.56144E+00   3.90060E+01  1.57900E+00   3.74024E+01  1.59617E+00   3.58612E+01  1.61290E+00   3.43833E+01  1.62915E+00   3.29698E+01  1.64488E+00   3.16218E+01  1.66005E+00   3.03403E+01  1.67462E+00   2.91261E+01  1.68855E+00   2.79804E+01  1.70179E+00   2.69040E+01  1.71432E+00   2.58977E+01  1.72609E+00   2.49624E+01  1.73707E+00   2.40989E+01  1.74721E+00   2.33079E+01  1.75650E+00   2.25900E+01  1.76489E+00   2.19460E+01  1.77237E+00   2.13764E+01  1.77890E+00   2.08817E+01  1.78447E+00   2.04623E+01  1.78905E+00   2.01187E+01  1.79263E+00   1.98511E+01  1.79520E+00   1.96597E+01  1.79674E+00   1.95448E+01  1.79726E+00   1.95065E+01  1.79674E+00   1.95449E+01  1.79520E+00   1.96597E+01  1.79263E+00   1.98511E+01  1.78905E+00   2.01187E+01  1.78447E+00   2.04623E+01  1.77890E+00   2.08817E+01  1.77237E+00   2.13764E+01  1.76489E+00   2.19460E+01  1.75650E+00   2.25900E+01  1.74721E+00   2.33078E+01  1.73707E+00   2.40989E+01  1.72609E+00   2.49624E+01  1.71432E+00   2.58977E+01  1.70179E+00   2.69040E+01  1.68855E+00   2.79804E+01  1.67462E+00   2.91262E+01  1.66005E+00   3.03403E+01  1.64488E+00   3.16219E+01  1.62914E+00   3.29698E+01  1.61290E+00   3.43833E+01  1.59617E+00   3.58612E+01  1.57900E+00   3.74024E+01  1.56144E+00   3.90060E+01  1.54352E+00   4.06707E+01  1.52528E+00   4.23957E+01  1.50675E+00   4.41797E+01  1.48799E+00   4.60215E+01  1.46901E+00   4.79203E+01  1.44986E+00   4.98745E+01  1.43057E+00   5.18832E+01  1.41116E+00   5.39455E+01  1.39169E+00   5.60597E+01  1.37216E+00   5.82254E+01  1.35261E+00   6.04413E+01  1.33306E+00   6.27059E+01  1.31354E+00   6.50187E+01  1.29407E+00   6.73781E+01  1.27467E+00   6.97831E+01  1.25536E+00   7.22331E+01  1.23616E+00   7.47267E+01 
 1.25009E+00   7.71390E+01  1.26920E+00   7.46647E+01  1.28841E+00   7.22338E+01  1.30771E+00   6.98479E+01  1.32706E+00   6.75079E+01  1.34645E+00   6.52142E+01  1.36586E+00   6.29684E+01  1.38526E+00   6.07715E+01  1.40464E+00   5.86244E+01  1.42395E+00   5.65285E+01  1.44318E+00   5.44847E+01  1.46229E+00   5.24941E+01  1.48124E+00   5.05578E+01  1.50002E+00   4.86769E+01  1.51858E+00   4.68524E+01  1.53689E+00   4.50855E+01  1.55492E+00   4.33773E+01  1.57261E+00   4.17288E+01  1.58996E+00   4.01412E+01  1.60689E+00   3.86155E+01  1.62339E+00   3.71528E+01  1.63941E+00   3.57539E+01  1.65491E+00   3.44201E+01  1.66985E+00   3.31520E+01  1.68419E+00   3.19509E+01  1.69790E+00   3.08175E+01  1.71093E+00   2.97528E+01  1.72326E+00   2.87576E+01  1.73483E+00   2.78327E+01  1.74561E+00   2.69788E+01  1.75559E+00   2.61967E+01  1.76471E+00   2.54870E+01  1.77296E+00   2.48504E+01  1.78030E+00   2.42873E+01  1.78671E+00   2.37983E+01  1.79217E+00   2.33838E+01  1.79667E+00   2.30441E+01  1.80018E+00   2.27796E+01  1.80270E+00   2.25905E+01  1.80422E+00   2.24770E+01  1.80472E+00   2.24391E+01  1.80422E+00   2.24770E+01  1.80270E+00   2.25905E+01  1.80018E+00   2.27796E+01  1.79667E+00   2.30441E+01  1.79217E+00   2.33838E+01  1.78671E+00   2.37983E+01  1.78030E+00   2.42873E+01  1.77296E+00   2.48504E+01  1.76471E+00   2.54870E+01  1.75559E+00   2.61967E+01  1.74561E+00   2.69788E+01  1.73483E+00   2.78327E+01  1.72326E+00   2.87576E+01  1.71093E+00   2.97528E+01  1.69790E+00   3.08175E+01  1.68419E+00   3.19509E+01  1.66985E+00   3.31520E+01  1.65491E+00   3.44200E+01  1.63941E+00   3.57539E+01  1.62339E+00   3.71528E+01  1.60689E+00   3.86155E+01  1.58996E+00   4.01413E+01  1.57262E+00   4.17289E+01  1.55492E+00   4.33773E+01  1.53689E+00   4.50856E+01  1.51858E+00   4.68524E+01  1.50002E+00   4.86769E+01  1.48124E+00   5.05578E+01  1.46228E+00   5.24941E+01  1.44318E+00   5.44847E+01  1.42395E+00   5.65285E+01  1.40464E+00   5.86244E+01  1.38526E+00   6.07715E+01  1.36586E+00   6.29685E+01  1.34645E+00   6.52142E+01  1.32705E+00   6.75078E+01  1.30770E+00   6.98479E+01  1.28841E+00   7.22339E+01  1.26920E+00   7.46647E+01  1.25010E+00   7.71390E+01 
 1.26316E+00   7.95949E+01  1.28216E+00   7.71401E+01  1.30125E+00   7.47286E+01  1.32043E+00   7.23615E+01  1.33965E+00   7.00404E+01  1.35889E+00   6.77659E+01  1.37815E+00   6.55392E+01  1.39738E+00   6.33612E+01  1.41658E+00   6.12328E+01  1.43572E+00   5.91553E+01  1.45475E+00   5.71297E+01  1.47366E+00   5.51572E+01  1.49241E+00   5.32388E+01  1.51097E+00   5.13755E+01  1.52931E+00   4.95683E+01  1.54740E+00   4.78185E+01  1.56519E+00   4.61269E+01  1.58266E+00   4.44947E+01  1.59975E+00   4.29230E+01  1.61646E+00   4.14127E+01  1.63271E+00   3.99650E+01  1.64849E+00   3.85806E+01  1.66376E+00   3.72607E+01  1.67846E+00   3.60062E+01  1.69257E+00   3.48179E+01  1.70605E+00   3.36969E+01  1.71887E+00   3.26438E+01  1.73097E+00   3.16595E+01  1.74234E+00   3.07449E+01  1.75293E+00   2.99006E+01  1.76272E+00   2.91272E+01  1.77167E+00   2.84256E+01  1.77976E+00   2.77962E+01  1.78697E+00   2.72395E+01  1.79326E+00   2.67561E+01  1.79862E+00   2.63464E+01  1.80303E+00   2.60106E+01  1.80647E+00   2.57492E+01  1.80894E+00   2.55623E+01  1.81043E+00   2.54501E+01  1.81092E+00   2.54127E+01  1.81043E+00   2.54501E+01  1.80894E+00   2.55623E+01  1.80647E+00   2.57492E+01  1.80303E+00   2.60106E+01  1.79862E+00   2.63464E+01  1.79326E+00   2.67561E+01  1.78697E+00   2.72395E+01  1.77976E+00   2.77962E+01  1.77167E+00   2.84256E+01  1.76272E+00   2.91272E+01  1.75293E+00   2.99005E+01  1.74234E+00   3.07449E+01  1.73097E+00   3.16595E+01  1.71886E+00   3.26438E+01  1.70605E+00   3.36968E+01  1.69257E+00   3.48179E+01  1.67846E+00   3.60062E+01  1.66376E+00   3.72607E+01  1.64850E+00   3.85806E+01  1.63271E+00   3.99649E+01  1.61646E+00   4.14128E+01  1.59975E+00   4.29230E+01  1.58266E+00   4.44948E+01  1.56519E+00   4.61269E+01  1.54739E+00   4.78185E+01  1.52931E+00   4.95683E+01  1.51097E+00   5.13754E+01  1.49241E+00   5.32387E+01  1.47366E+00   5.51572E+01  1.45475E+00   5.71297E+01  1.43572E+00   5.91554E+01  1.41658E+00   6.12328E+01  1.39738E+00   6.33612E+01  1.37814E+00   6.55392E+01  1.35888E+00   6.77659E+01  1.33964E+00   7.00404E+01  1.32043E+00   7.23615E+01  1.30126E+00   7.47286E+01  1.28217E+00   7.71400E+01  1.26316E+00   7.95949E+01 
