/rn,a,b/nx0/ls1
/r,qa,qb
81 -0.4 0.4 0 OUTPUT_AMP_PHASE_3D Wavelength=0.8
81 -0.4 0.4
 9.37248E-01   2.61507E+02  9.64040E-01   2.59153E+02  9.91390E-01   2.56844E+02  1.01930E+00   2.54580E+02  1.04775E+00   2.52362E+02  1.07671E+00   2.50192E+02  1.10617E+00   2.48069E+02  1.13609E+00   2.45996E+02  1.16642E+00   2.43972E+02  1.19716E+00   2.42000E+02  1.22821E+00   2.40079E+02  1.25956E+00   2.38211E+02  1.29114E+00   2.36397E+02  1.32289E+00   2.34637E+02  1.35475E+00   2.32933E+02  1.38664E+00   2.31286E+02  1.41847E+00   2.29696E+02  1.45020E+00   2.28163E+02  1.48168E+00   2.26690E+02  1.51287E+00   2.25277E+02  1.54364E+00   2.23924E+02  1.57389E+00   2.22632E+02  1.60353E+00   2.21402E+02  1.63243E+00   2.20234E+02  1.66050E+00   2.19130E+02  1.68760E+00   2.18090E+02  1.71364E+00   2.17114E+02  1.73849E+00   2.16202E+02  1.76204E+00   2.15357E+02  1.78420E+00   2.14577E+02  1.80483E+00   2.13864E+02  1.82385E+00   2.13217E+02  1.84114E+00   2.12637E+02  1.85665E+00   2.12125E+02  1.87025E+00   2.11681E+02  1.88190E+00   2.11304E+02  1.89151E+00   2.10996E+02  1.89906E+00   2.10756E+02  1.90447E+00   2.10584E+02  1.90774E+00   2.10481E+02  1.90882E+00   2.10447E+02  1.90774E+00   2.10481E+02  1.90447E+00   2.10584E+02  1.89906E+00   2.10756E+02  1.89151E+00   2.10996E+02  1.88190E+00   2.11304E+02  1.87025E+00   2.11681E+02  1.85665E+00   2.12125E+02  1.84115E+00   2.12637E+02  1.82385E+00   2.13217E+02  1.80483E+00   2.13864E+02  1.78420E+00   2.14577E+02  1.76204E+00   2.15357E+02  1.73849E+00   2.16202E+02  1.71364E+00   2.17114E+02  1.68760E+00   2.18090E+02  1.66050E+00   2.19130E+02  1.63243E+00   2.20234E+02  1.60353E+00   2.21402E+02  1.57389E+00   2.22632E+02  1.54364E+00   2.23924E+02  1.51287E+00   2.25277E+02  1.48168E+00   2.26690E+02  1.45019E+00   2.28164E+02  1.41848E+00   2.29696E+02  1.38663E+00   2.31286E+02  1.35475E+00   2.32933E+02  1.32288E+00   2.34637E+02  1.29114E+00   2.36397E+02  1.25956E+00   2.38211E+02  1.22821E+00   2.40079E+02  1.19716E+00   2.42000E+02  1.16642E+00   2.43972E+02  1.13609E+00   2.45996E+02  1.10618E+00   2.48069E+02  1.07670E+00   2.50192E+02  1.04775E+00   2.52362E+02  1.01931E+00   2.54580E+02  9.91386E-01   2.56844E+02  9.64044E-01   2.59154E+02  9.37255E-01   2.61507E+02 
 9.39928E-01   2.59158E+02  9.67300E-01   2.56788E+02  9.95296E-01   2.54463E+02  1.02388E+00   2.52184E+02  1.05304E+00   2.49951E+02  1.08278E+00   2.47765E+02  1.11303E+00   2.45628E+02  1.14379E+00   2.43540E+02  1.17502E+00   2.41502E+02  1.20667E+00   2.39516E+02  1.23869E+00   2.37581E+02  1.27106E+00   2.35700E+02  1.30369E+00   2.33873E+02  1.33654E+00   2.32100E+02  1.36953E+00   2.30384E+02  1.40257E+00   2.28725E+02  1.43562E+00   2.27123E+02  1.46855E+00   2.25580E+02  1.50128E+00   2.24095E+02  1.53373E+00   2.22672E+02  1.56576E+00   2.21309E+02  1.59731E+00   2.20007E+02  1.62821E+00   2.18768E+02  1.65840E+00   2.17592E+02  1.68773E+00   2.16480E+02  1.71607E+00   2.15432E+02  1.74333E+00   2.14449E+02  1.76935E+00   2.13531E+02  1.79406E+00   2.12679E+02  1.81727E+00   2.11894E+02  1.83894E+00   2.11175E+02  1.85890E+00   2.10524E+02  1.87708E+00   2.09940E+02  1.89336E+00   2.09424E+02  1.90767E+00   2.08976E+02  1.91992E+00   2.08597E+02  1.93004E+00   2.08286E+02  1.93798E+00   2.08044E+02  1.94368E+00   2.07872E+02  1.94711E+00   2.07768E+02  1.94826E+00   2.07733E+02  1.94711E+00   2.07768E+02  1.94367E+00   2.07872E+02  1.93798E+00   2.08044E+02  1.93004E+00   2.08286E+02  1.91992E+00   2.08597E+02  1.90767E+00   2.08976E+02  1.89337E+00   2.09424E+02  1.87708E+00   2.09940E+02  1.85890E+00   2.10524E+02  1.83894E+00   2.11175E+02  1.81727E+00   2.11894E+02  1.79406E+00   2.12679E+02  1.76935E+00   2.13531E+02  1.74333E+00   2.14449E+02  1.71607E+00   2.15432E+02  1.68773E+00   2.16480E+02  1.65840E+00   2.17592E+02  1.62822E+00   2.18768E+02  1.59730E+00   2.20007E+02  1.56576E+00   2.21308E+02  1.53373E+00   2.22672E+02  1.50128E+00   2.24095E+02  1.46855E+00   2.25580E+02  1.43562E+00   2.27123E+02  1.40258E+00   2.28725E+02  1.36953E+00   2.30384E+02  1.33654E+00   2.32100E+02  1.30369E+00   2.33873E+02  1.27107E+00   2.35699E+02  1.23869E+00   2.37581E+02  1.20667E+00   2.39515E+02  1.17502E+00   2.41502E+02  1.14378E+00   2.43540E+02  1.11304E+00   2.45628E+02  1.08278E+00   2.47765E+02  1.05304E+00   2.49951E+02  1.02389E+00   2.52184E+02  9.95293E-01   2.54463E+02  9.67296E-01   2.56788E+02  9.39927E-01   2.59158E+02 
 9.41796E-01   2.56853E+02  9.69759E-01   2.54467E+02  9.98372E-01   2.52127E+02  1.02762E+00   2.49833E+02  1.05750E+00   2.47584E+02  1.08798E+00   2.45384E+02  1.11903E+00   2.43232E+02  1.15063E+00   2.41129E+02  1.18274E+00   2.39078E+02  1.21532E+00   2.37077E+02  1.24834E+00   2.35129E+02  1.28172E+00   2.33235E+02  1.31542E+00   2.31395E+02  1.34938E+00   2.29610E+02  1.38349E+00   2.27882E+02  1.41773E+00   2.26210E+02  1.45198E+00   2.24597E+02  1.48615E+00   2.23042E+02  1.52017E+00   2.21548E+02  1.55389E+00   2.20114E+02  1.58725E+00   2.18741E+02  1.62010E+00   2.17431E+02  1.65233E+00   2.16183E+02  1.68384E+00   2.14999E+02  1.71445E+00   2.13879E+02  1.74410E+00   2.12823E+02  1.77260E+00   2.11833E+02  1.79987E+00   2.10909E+02  1.82572E+00   2.10051E+02  1.85008E+00   2.09260E+02  1.87280E+00   2.08536E+02  1.89375E+00   2.07880E+02  1.91285E+00   2.07292E+02  1.92995E+00   2.06772E+02  1.94500E+00   2.06321E+02  1.95787E+00   2.05939E+02  1.96853E+00   2.05627E+02  1.97686E+00   2.05383E+02  1.98287E+00   2.05209E+02  1.98648E+00   2.05105E+02  1.98769E+00   2.05070E+02  1.98648E+00   2.05105E+02  1.98287E+00   2.05209E+02  1.97686E+00   2.05383E+02  1.96853E+00   2.05627E+02  1.95787E+00   2.05939E+02  1.94500E+00   2.06321E+02  1.92995E+00   2.06772E+02  1.91285E+00   2.07292E+02  1.89375E+00   2.07880E+02  1.87280E+00   2.08536E+02  1.85008E+00   2.09260E+02  1.82572E+00   2.10051E+02  1.79986E+00   2.10909E+02  1.77260E+00   2.11833E+02  1.74410E+00   2.12823E+02  1.71446E+00   2.13878E+02  1.68384E+00   2.14999E+02  1.65233E+00   2.16183E+02  1.62010E+00   2.17431E+02  1.58725E+00   2.18741E+02  1.55389E+00   2.20114E+02  1.52016E+00   2.21548E+02  1.48615E+00   2.23042E+02  1.45198E+00   2.24597E+02  1.41773E+00   2.26210E+02  1.38349E+00   2.27882E+02  1.34938E+00   2.29610E+02  1.31542E+00   2.31395E+02  1.28172E+00   2.33235E+02  1.24834E+00   2.35129E+02  1.21532E+00   2.37077E+02  1.18274E+00   2.39077E+02  1.15063E+00   2.41129E+02  1.11902E+00   2.43232E+02  1.08798E+00   2.45384E+02  1.05750E+00   2.47585E+02  1.02762E+00   2.49833E+02  9.98379E-01   2.52127E+02  9.69760E-01   2.54467E+02  9.41793E-01   2.56853E+02 
 9.42812E-01   2.54592E+02  9.71337E-01   2.52192E+02  1.00056E+00   2.49837E+02  1.03047E+00   2.47527E+02  1.06104E+00   2.45264E+02  1.09225E+00   2.43049E+02  1.12410E+00   2.40882E+02  1.15653E+00   2.38766E+02  1.18952E+00   2.36700E+02  1.22304E+00   2.34686E+02  1.25703E+00   2.32724E+02  1.29143E+00   2.30817E+02  1.32620E+00   2.28964E+02  1.36126E+00   2.27167E+02  1.39654E+00   2.25426E+02  1.43198E+00   2.23744E+02  1.46745E+00   2.22119E+02  1.50290E+00   2.20554E+02  1.53820E+00   2.19049E+02  1.57324E+00   2.17606E+02  1.60794E+00   2.16223E+02  1.64213E+00   2.14904E+02  1.67573E+00   2.13647E+02  1.70857E+00   2.12455E+02  1.74055E+00   2.11327E+02  1.77151E+00   2.10264E+02  1.80132E+00   2.09267E+02  1.82984E+00   2.08336E+02  1.85692E+00   2.07472E+02  1.88245E+00   2.06676E+02  1.90626E+00   2.05947E+02  1.92827E+00   2.05287E+02  1.94829E+00   2.04695E+02  1.96628E+00   2.04171E+02  1.98208E+00   2.03718E+02  1.99563E+00   2.03333E+02  2.00681E+00   2.03018E+02  2.01560E+00   2.02773E+02  2.02191E+00   2.02598E+02  2.02571E+00   2.02492E+02  2.02698E+00   2.02458E+02  2.02571E+00   2.02492E+02  2.02190E+00   2.02598E+02  2.01560E+00   2.02773E+02  2.00681E+00   2.03018E+02  1.99563E+00   2.03333E+02  1.98208E+00   2.03718E+02  1.96628E+00   2.04171E+02  1.94830E+00   2.04695E+02  1.92827E+00   2.05287E+02  1.90627E+00   2.05947E+02  1.88245E+00   2.06676E+02  1.85693E+00   2.07472E+02  1.82984E+00   2.08336E+02  1.80132E+00   2.09267E+02  1.77151E+00   2.10264E+02  1.74055E+00   2.11327E+02  1.70857E+00   2.12455E+02  1.67573E+00   2.13647E+02  1.64213E+00   2.14904E+02  1.60794E+00   2.16223E+02  1.57325E+00   2.17605E+02  1.53820E+00   2.19049E+02  1.50290E+00   2.20554E+02  1.46745E+00   2.22119E+02  1.43197E+00   2.23744E+02  1.39654E+00   2.25426E+02  1.36126E+00   2.27167E+02  1.32620E+00   2.28964E+02  1.29143E+00   2.30817E+02  1.25703E+00   2.32724E+02  1.22304E+00   2.34686E+02  1.18952E+00   2.36700E+02  1.15653E+00   2.38765E+02  1.12410E+00   2.40882E+02  1.09225E+00   2.43049E+02  1.06104E+00   2.45264E+02  1.03047E+00   2.47527E+02  1.00056E+00   2.49837E+02  9.71343E-01   2.52192E+02  9.42817E-01   2.54593E+02 
 9.42916E-01   2.52379E+02  9.71987E-01   2.49964E+02  1.00181E+00   2.47593E+02  1.03234E+00   2.45268E+02  1.06358E+00   2.42990E+02  1.09553E+00   2.40761E+02  1.12815E+00   2.38580E+02  1.16140E+00   2.36449E+02  1.19527E+00   2.34370E+02  1.22970E+00   2.32342E+02  1.26465E+00   2.30368E+02  1.30009E+00   2.28447E+02  1.33593E+00   2.26582E+02  1.37210E+00   2.24773E+02  1.40856E+00   2.23021E+02  1.44519E+00   2.21327E+02  1.48191E+00   2.19691E+02  1.51864E+00   2.18115E+02  1.55524E+00   2.16601E+02  1.59164E+00   2.15147E+02  1.62768E+00   2.13756E+02  1.66326E+00   2.12427E+02  1.69825E+00   2.11162E+02  1.73248E+00   2.09961E+02  1.76584E+00   2.08826E+02  1.79816E+00   2.07756E+02  1.82932E+00   2.06752E+02  1.85914E+00   2.05816E+02  1.88750E+00   2.04946E+02  1.91423E+00   2.04144E+02  1.93920E+00   2.03411E+02  1.96226E+00   2.02746E+02  1.98329E+00   2.02150E+02  2.00217E+00   2.01623E+02  2.01877E+00   2.01166E+02  2.03300E+00   2.00779E+02  2.04476E+00   2.00462E+02  2.05400E+00   2.00216E+02  2.06063E+00   2.00039E+02  2.06464E+00   1.99934E+02  2.06597E+00   1.99898E+02  2.06464E+00   1.99934E+02  2.06063E+00   2.00039E+02  2.05400E+00   2.00216E+02  2.04476E+00   2.00462E+02  2.03300E+00   2.00779E+02  2.01877E+00   2.01166E+02  2.00217E+00   2.01624E+02  1.98330E+00   2.02150E+02  1.96226E+00   2.02746E+02  1.93920E+00   2.03410E+02  1.91423E+00   2.04144E+02  1.88750E+00   2.04946E+02  1.85914E+00   2.05816E+02  1.82932E+00   2.06752E+02  1.79816E+00   2.07756E+02  1.76584E+00   2.08826E+02  1.73248E+00   2.09961E+02  1.69824E+00   2.11162E+02  1.66327E+00   2.12427E+02  1.62768E+00   2.13756E+02  1.59164E+00   2.15147E+02  1.55524E+00   2.16601E+02  1.51864E+00   2.18116E+02  1.48191E+00   2.19691E+02  1.44519E+00   2.21326E+02  1.40855E+00   2.23021E+02  1.37210E+00   2.24773E+02  1.33593E+00   2.26582E+02  1.30008E+00   2.28447E+02  1.26466E+00   2.30368E+02  1.22970E+00   2.32342E+02  1.19526E+00   2.34370E+02  1.16140E+00   2.36449E+02  1.12815E+00   2.38580E+02  1.09554E+00   2.40761E+02  1.06359E+00   2.42991E+02  1.03234E+00   2.45269E+02  1.00181E+00   2.47593E+02  9.71979E-01   2.49963E+02  9.42918E-01   2.52379E+02 
 9.42038E-01   2.50213E+02  9.71648E-01   2.47782E+02  1.00202E+00   2.45397E+02  1.03316E+00   2.43057E+02  1.06508E+00   2.40765E+02  1.09773E+00   2.38521E+02  1.13109E+00   2.36326E+02  1.16516E+00   2.34181E+02  1.19988E+00   2.32088E+02  1.23522E+00   2.30048E+02  1.27114E+00   2.28060E+02  1.30759E+00   2.26127E+02  1.34448E+00   2.24250E+02  1.38178E+00   2.22429E+02  1.41939E+00   2.20665E+02  1.45722E+00   2.18960E+02  1.49521E+00   2.17314E+02  1.53322E+00   2.15728E+02  1.57116E+00   2.14203E+02  1.60892E+00   2.12740E+02  1.64634E+00   2.11339E+02  1.68334E+00   2.10002E+02  1.71972E+00   2.08729E+02  1.75539E+00   2.07520E+02  1.79016E+00   2.06378E+02  1.82389E+00   2.05301E+02  1.85642E+00   2.04291E+02  1.88759E+00   2.03348E+02  1.91726E+00   2.02473E+02  1.94523E+00   2.01666E+02  1.97139E+00   2.00928E+02  1.99556E+00   2.00259E+02  2.01763E+00   1.99659E+02  2.03742E+00   1.99129E+02  2.05486E+00   1.98669E+02  2.06980E+00   1.98280E+02  2.08217E+00   1.97961E+02  2.09187E+00   1.97713E+02  2.09886E+00   1.97535E+02  2.10305E+00   1.97429E+02  2.10447E+00   1.97393E+02  2.10305E+00   1.97429E+02  2.09886E+00   1.97535E+02  2.09187E+00   1.97713E+02  2.08218E+00   1.97961E+02  2.06980E+00   1.98280E+02  2.05486E+00   1.98669E+02  2.03742E+00   1.99129E+02  2.01763E+00   1.99659E+02  1.99556E+00   2.00259E+02  1.97139E+00   2.00928E+02  1.94523E+00   2.01666E+02  1.91725E+00   2.02473E+02  1.88759E+00   2.03348E+02  1.85642E+00   2.04291E+02  1.82389E+00   2.05301E+02  1.79016E+00   2.06378E+02  1.75539E+00   2.07520E+02  1.71972E+00   2.08729E+02  1.68333E+00   2.10002E+02  1.64635E+00   2.11339E+02  1.60891E+00   2.12740E+02  1.57116E+00   2.14203E+02  1.53322E+00   2.15728E+02  1.49521E+00   2.17314E+02  1.45722E+00   2.18960E+02  1.41939E+00   2.20665E+02  1.38178E+00   2.22429E+02  1.34449E+00   2.24250E+02  1.30759E+00   2.26127E+02  1.27114E+00   2.28060E+02  1.23523E+00   2.30048E+02  1.19988E+00   2.32088E+02  1.16516E+00   2.34181E+02  1.13109E+00   2.36326E+02  1.09772E+00   2.38520E+02  1.06507E+00   2.40765E+02  1.03317E+00   2.43057E+02  1.00203E+00   2.45397E+02  9.71645E-01   2.47782E+02  9.42034E-01   2.50212E+02 
 9.40143E-01   2.48094E+02  9.70232E-01   2.45649E+02  1.00115E+00   2.43248E+02  1.03288E+00   2.40895E+02  1.06543E+00   2.38588E+02  1.09874E+00   2.36330E+02  1.13285E+00   2.34121E+02  1.16770E+00   2.31963E+02  1.20325E+00   2.29857E+02  1.23949E+00   2.27803E+02  1.27636E+00   2.25803E+02  1.31379E+00   2.23858E+02  1.35175E+00   2.21968E+02  1.39015E+00   2.20136E+02  1.42891E+00   2.18361E+02  1.46797E+00   2.16645E+02  1.50720E+00   2.14988E+02  1.54651E+00   2.13392E+02  1.58579E+00   2.11858E+02  1.62491E+00   2.10385E+02  1.66375E+00   2.08976E+02  1.70215E+00   2.07630E+02  1.73999E+00   2.06349E+02  1.77709E+00   2.05133E+02  1.81331E+00   2.03983E+02  1.84848E+00   2.02900E+02  1.88243E+00   2.01883E+02  1.91499E+00   2.00935E+02  1.94599E+00   2.00054E+02  1.97526E+00   1.99242E+02  2.00264E+00   1.98500E+02  2.02797E+00   1.97827E+02  2.05109E+00   1.97223E+02  2.07186E+00   1.96690E+02  2.09015E+00   1.96228E+02  2.10584E+00   1.95836E+02  2.11883E+00   1.95515E+02  2.12902E+00   1.95266E+02  2.13635E+00   1.95087E+02  2.14077E+00   1.94980E+02  2.14224E+00   1.94944E+02  2.14077E+00   1.94980E+02  2.13635E+00   1.95087E+02  2.12902E+00   1.95266E+02  2.11882E+00   1.95515E+02  2.10585E+00   1.95836E+02  2.09015E+00   1.96228E+02  2.07186E+00   1.96691E+02  2.05109E+00   1.97223E+02  2.02797E+00   1.97827E+02  2.00264E+00   1.98500E+02  1.97526E+00   1.99242E+02  1.94599E+00   2.00054E+02  1.91499E+00   2.00935E+02  1.88243E+00   2.01883E+02  1.84848E+00   2.02900E+02  1.81331E+00   2.03983E+02  1.77709E+00   2.05133E+02  1.73999E+00   2.06349E+02  1.70215E+00   2.07630E+02  1.66375E+00   2.08976E+02  1.62491E+00   2.10385E+02  1.58579E+00   2.11858E+02  1.54651E+00   2.13392E+02  1.50720E+00   2.14988E+02  1.46797E+00   2.16645E+02  1.42892E+00   2.18361E+02  1.39015E+00   2.20136E+02  1.35175E+00   2.21968E+02  1.31379E+00   2.23858E+02  1.27636E+00   2.25803E+02  1.23949E+00   2.27803E+02  1.20326E+00   2.29857E+02  1.16770E+00   2.31963E+02  1.13285E+00   2.34121E+02  1.09875E+00   2.36330E+02  1.06542E+00   2.38588E+02  1.03288E+00   2.40894E+02  1.00115E+00   2.43249E+02  9.70232E-01   2.45650E+02  9.40143E-01   2.48094E+02 
 9.37138E-01   2.46025E+02  9.67690E-01   2.43565E+02  9.99117E-01   2.41150E+02  1.03140E+00   2.38782E+02  1.06453E+00   2.36461E+02  1.09852E+00   2.34189E+02  1.13332E+00   2.31967E+02  1.16892E+00   2.29796E+02  1.20529E+00   2.27676E+02  1.24240E+00   2.25610E+02  1.28018E+00   2.23597E+02  1.31860E+00   2.21640E+02  1.35759E+00   2.19739E+02  1.39708E+00   2.17895E+02  1.43700E+00   2.16109E+02  1.47724E+00   2.14383E+02  1.51772E+00   2.12716E+02  1.55833E+00   2.11110E+02  1.59895E+00   2.09566E+02  1.63945E+00   2.08085E+02  1.67969E+00   2.06667E+02  1.71955E+00   2.05313E+02  1.75883E+00   2.04024E+02  1.79741E+00   2.02801E+02  1.83510E+00   2.01644E+02  1.87174E+00   2.00554E+02  1.90713E+00   1.99532E+02  1.94111E+00   1.98577E+02  1.97349E+00   1.97692E+02  2.00408E+00   1.96875E+02  2.03273E+00   1.96129E+02  2.05923E+00   1.95452E+02  2.08346E+00   1.94845E+02  2.10522E+00   1.94309E+02  2.12441E+00   1.93844E+02  2.14086E+00   1.93450E+02  2.15450E+00   1.93127E+02  2.16519E+00   1.92876E+02  2.17290E+00   1.92697E+02  2.17753E+00   1.92589E+02  2.17909E+00   1.92553E+02  2.17753E+00   1.92589E+02  2.17290E+00   1.92697E+02  2.16519E+00   1.92876E+02  2.15450E+00   1.93127E+02  2.14086E+00   1.93450E+02  2.12441E+00   1.93844E+02  2.10522E+00   1.94309E+02  2.08346E+00   1.94845E+02  2.05923E+00   1.95452E+02  2.03273E+00   1.96129E+02  2.00408E+00   1.96875E+02  1.97349E+00   1.97692E+02  1.94110E+00   1.98578E+02  1.90713E+00   1.99532E+02  1.87173E+00   2.00554E+02  1.83510E+00   2.01644E+02  1.79741E+00   2.02801E+02  1.75883E+00   2.04024E+02  1.71955E+00   2.05313E+02  1.67969E+00   2.06667E+02  1.63946E+00   2.08084E+02  1.59895E+00   2.09566E+02  1.55833E+00   2.11110E+02  1.51772E+00   2.12716E+02  1.47724E+00   2.14383E+02  1.43700E+00   2.16109E+02  1.39708E+00   2.17895E+02  1.35759E+00   2.19739E+02  1.31860E+00   2.21640E+02  1.28018E+00   2.23597E+02  1.24240E+00   2.25610E+02  1.20529E+00   2.27676E+02  1.16892E+00   2.29796E+02  1.13332E+00   2.31967E+02  1.09852E+00   2.34189E+02  1.06454E+00   2.36462E+02  1.03140E+00   2.38782E+02  9.99118E-01   2.41150E+02  9.67691E-01   2.43565E+02  9.37134E-01   2.46025E+02 
 9.32974E-01   2.44005E+02  9.63959E-01   2.41531E+02  9.95845E-01   2.39102E+02  1.02864E+00   2.36720E+02  1.06235E+00   2.34385E+02  1.09694E+00   2.32100E+02  1.13241E+00   2.29865E+02  1.16874E+00   2.27680E+02  1.20589E+00   2.25548E+02  1.24382E+00   2.23469E+02  1.28250E+00   2.21445E+02  1.32187E+00   2.19475E+02  1.36187E+00   2.17563E+02  1.40243E+00   2.15708E+02  1.44346E+00   2.13912E+02  1.48489E+00   2.12175E+02  1.52661E+00   2.10498E+02  1.56850E+00   2.08883E+02  1.61047E+00   2.07329E+02  1.65233E+00   2.05839E+02  1.69401E+00   2.04413E+02  1.73529E+00   2.03051E+02  1.77606E+00   2.01755E+02  1.81612E+00   2.00525E+02  1.85529E+00   1.99361E+02  1.89342E+00   1.98265E+02  1.93028E+00   1.97237E+02  1.96571E+00   1.96278E+02  1.99949E+00   1.95387E+02  2.03145E+00   1.94566E+02  2.06138E+00   1.93815E+02  2.08912E+00   1.93135E+02  2.11446E+00   1.92525E+02  2.13726E+00   1.91986E+02  2.15736E+00   1.91518E+02  2.17461E+00   1.91122E+02  2.18891E+00   1.90798E+02  2.20013E+00   1.90545E+02  2.20821E+00   1.90365E+02  2.21307E+00   1.90257E+02  2.21471E+00   1.90221E+02  2.21307E+00   1.90257E+02  2.20821E+00   1.90365E+02  2.20013E+00   1.90545E+02  2.18891E+00   1.90798E+02  2.17461E+00   1.91122E+02  2.15736E+00   1.91518E+02  2.13726E+00   1.91986E+02  2.11446E+00   1.92525E+02  2.08911E+00   1.93135E+02  2.06138E+00   1.93815E+02  2.03145E+00   1.94566E+02  1.99949E+00   1.95387E+02  1.96571E+00   1.96278E+02  1.93028E+00   1.97237E+02  1.89342E+00   1.98265E+02  1.85529E+00   1.99361E+02  1.81612E+00   2.00525E+02  1.77605E+00   2.01755E+02  1.73529E+00   2.03051E+02  1.69401E+00   2.04413E+02  1.65234E+00   2.05839E+02  1.61047E+00   2.07329E+02  1.56850E+00   2.08883E+02  1.52662E+00   2.10498E+02  1.48489E+00   2.12175E+02  1.44347E+00   2.13911E+02  1.40243E+00   2.15708E+02  1.36186E+00   2.17563E+02  1.32187E+00   2.19475E+02  1.28250E+00   2.21445E+02  1.24382E+00   2.23469E+02  1.20589E+00   2.25548E+02  1.16873E+00   2.27680E+02  1.13241E+00   2.29865E+02  1.09694E+00   2.32100E+02  1.06235E+00   2.34385E+02  1.02864E+00   2.36720E+02  9.95848E-01   2.39102E+02  9.63964E-01   2.41531E+02  9.32974E-01   2.44006E+02 
 9.27601E-01   2.42037E+02  9.58958E-01   2.39548E+02  9.91272E-01   2.37105E+02  1.02455E+00   2.34709E+02  1.05877E+00   2.32361E+02  1.09392E+00   2.30063E+02  1.13003E+00   2.27814E+02  1.16703E+00   2.25617E+02  1.20491E+00   2.23473E+02  1.24365E+00   2.21382E+02  1.28318E+00   2.19345E+02  1.32346E+00   2.17365E+02  1.36444E+00   2.15442E+02  1.40604E+00   2.13576E+02  1.44817E+00   2.11769E+02  1.49076E+00   2.10022E+02  1.53369E+00   2.08336E+02  1.57687E+00   2.06711E+02  1.62013E+00   2.05149E+02  1.66338E+00   2.03651E+02  1.70645E+00   2.02216E+02  1.74918E+00   2.00847E+02  1.79143E+00   1.99544E+02  1.83297E+00   1.98307E+02  1.87366E+00   1.97137E+02  1.91328E+00   1.96035E+02  1.95164E+00   1.95001E+02  1.98853E+00   1.94037E+02  2.02375E+00   1.93141E+02  2.05709E+00   1.92316E+02  2.08834E+00   1.91561E+02  2.11732E+00   1.90877E+02  2.14382E+00   1.90264E+02  2.16768E+00   1.89723E+02  2.18871E+00   1.89253E+02  2.20680E+00   1.88855E+02  2.22176E+00   1.88529E+02  2.23354E+00   1.88275E+02  2.24200E+00   1.88094E+02  2.24711E+00   1.87985E+02  2.24881E+00   1.87949E+02  2.24711E+00   1.87985E+02  2.24200E+00   1.88094E+02  2.23354E+00   1.88275E+02  2.22176E+00   1.88529E+02  2.20680E+00   1.88855E+02  2.18871E+00   1.89253E+02  2.16768E+00   1.89723E+02  2.14382E+00   1.90264E+02  2.11732E+00   1.90877E+02  2.08834E+00   1.91561E+02  2.05709E+00   1.92316E+02  2.02374E+00   1.93141E+02  1.98853E+00   1.94037E+02  1.95164E+00   1.95001E+02  1.91328E+00   1.96035E+02  1.87366E+00   1.97137E+02  1.83297E+00   1.98307E+02  1.79143E+00   1.99544E+02  1.74918E+00   2.00847E+02  1.70645E+00   2.02216E+02  1.66338E+00   2.03651E+02  1.62013E+00   2.05149E+02  1.57687E+00   2.06711E+02  1.53369E+00   2.08336E+02  1.49076E+00   2.10022E+02  1.44817E+00   2.11769E+02  1.40604E+00   2.13576E+02  1.36444E+00   2.15442E+02  1.32346E+00   2.17365E+02  1.28318E+00   2.19345E+02  1.24364E+00   2.21382E+02  1.20491E+00   2.23472E+02  1.16703E+00   2.25617E+02  1.13003E+00   2.27814E+02  1.09393E+00   2.30063E+02  1.05877E+00   2.32361E+02  1.02454E+00   2.34709E+02  9.91270E-01   2.37105E+02  9.58961E-01   2.39547E+02  9.27605E-01   2.42037E+02 
 9.20931E-01   2.40119E+02  9.52631E-01   2.37617E+02  9.85325E-01   2.35161E+02  1.01901E+00   2.32752E+02  1.05370E+00   2.30391E+02  1.08940E+00   2.28079E+02  1.12607E+00   2.25818E+02  1.16370E+00   2.23608E+02  1.20228E+00   2.21452E+02  1.24176E+00   2.19349E+02  1.28209E+00   2.17301E+02  1.32326E+00   2.15310E+02  1.36516E+00   2.13375E+02  1.40775E+00   2.11500E+02  1.45095E+00   2.09682E+02  1.49466E+00   2.07926E+02  1.53878E+00   2.06230E+02  1.58318E+00   2.04597E+02  1.62775E+00   2.03026E+02  1.67235E+00   2.01520E+02  1.71681E+00   2.00078E+02  1.76099E+00   1.98701E+02  1.80469E+00   1.97391E+02  1.84773E+00   1.96147E+02  1.88992E+00   1.94971E+02  1.93105E+00   1.93864E+02  1.97091E+00   1.92825E+02  2.00929E+00   1.91856E+02  2.04595E+00   1.90956E+02  2.08069E+00   1.90127E+02  2.11329E+00   1.89369E+02  2.14354E+00   1.88681E+02  2.17122E+00   1.88066E+02  2.19616E+00   1.87521E+02  2.21816E+00   1.87050E+02  2.23707E+00   1.86650E+02  2.25275E+00   1.86322E+02  2.26507E+00   1.86068E+02  2.27394E+00   1.85886E+02  2.27929E+00   1.85776E+02  2.28108E+00   1.85740E+02  2.27929E+00   1.85776E+02  2.27394E+00   1.85886E+02  2.26507E+00   1.86068E+02  2.25275E+00   1.86322E+02  2.23707E+00   1.86650E+02  2.21816E+00   1.87049E+02  2.19616E+00   1.87521E+02  2.17122E+00   1.88066E+02  2.14354E+00   1.88681E+02  2.11329E+00   1.89369E+02  2.08069E+00   1.90127E+02  2.04595E+00   1.90956E+02  2.00928E+00   1.91856E+02  1.97091E+00   1.92825E+02  1.93105E+00   1.93864E+02  1.88992E+00   1.94971E+02  1.84773E+00   1.96147E+02  1.80468E+00   1.97391E+02  1.76099E+00   1.98701E+02  1.71681E+00   2.00078E+02  1.67235E+00   2.01520E+02  1.62776E+00   2.03026E+02  1.58318E+00   2.04597E+02  1.53878E+00   2.06230E+02  1.49466E+00   2.07926E+02  1.45095E+00   2.09682E+02  1.40775E+00   2.11499E+02  1.36516E+00   2.13376E+02  1.32325E+00   2.15310E+02  1.28209E+00   2.17302E+02  1.24176E+00   2.19349E+02  1.20228E+00   2.21452E+02  1.16370E+00   2.23608E+02  1.12607E+00   2.25818E+02  1.08939E+00   2.28079E+02  1.05371E+00   2.30391E+02  1.01902E+00   2.32752E+02  9.85317E-01   2.35161E+02  9.52631E-01   2.37617E+02  9.20934E-01   2.40119E+02 
 9.12932E-01   2.38255E+02  9.44910E-01   2.35739E+02  9.77915E-01   2.33270E+02  1.01198E+00   2.30847E+02  1.04709E+00   2.28473E+02  1.08324E+00   2.26149E+02  1.12043E+00   2.23876E+02  1.15864E+00   2.21654E+02  1.19785E+00   2.19486E+02  1.23801E+00   2.17372E+02  1.27911E+00   2.15313E+02  1.32108E+00   2.13311E+02  1.36387E+00   2.11366E+02  1.40741E+00   2.09480E+02  1.45162E+00   2.07653E+02  1.49641E+00   2.05887E+02  1.54166E+00   2.04183E+02  1.58727E+00   2.02541E+02  1.63311E+00   2.00962E+02  1.67902E+00   1.99448E+02  1.72486E+00   1.97998E+02  1.77044E+00   1.96615E+02  1.81559E+00   1.95298E+02  1.86011E+00   1.94048E+02  1.90380E+00   1.92867E+02  1.94644E+00   1.91754E+02  1.98780E+00   1.90710E+02  2.02766E+00   1.89736E+02  2.06579E+00   1.88833E+02  2.10195E+00   1.88000E+02  2.13590E+00   1.87238E+02  2.16744E+00   1.86548E+02  2.19632E+00   1.85929E+02  2.22235E+00   1.85383E+02  2.24533E+00   1.84909E+02  2.26510E+00   1.84508E+02  2.28148E+00   1.84179E+02  2.29438E+00   1.83924E+02  2.30365E+00   1.83741E+02  2.30926E+00   1.83631E+02  2.31113E+00   1.83595E+02  2.30926E+00   1.83631E+02  2.30365E+00   1.83741E+02  2.29438E+00   1.83924E+02  2.28149E+00   1.84179E+02  2.26510E+00   1.84508E+02  2.24533E+00   1.84909E+02  2.22235E+00   1.85383E+02  2.19632E+00   1.85929E+02  2.16744E+00   1.86548E+02  2.13591E+00   1.87238E+02  2.10195E+00   1.88000E+02  2.06579E+00   1.88833E+02  2.02767E+00   1.89736E+02  1.98780E+00   1.90710E+02  1.94644E+00   1.91754E+02  1.90380E+00   1.92867E+02  1.86011E+00   1.94048E+02  1.81559E+00   1.95298E+02  1.77044E+00   1.96615E+02  1.72486E+00   1.97998E+02  1.67902E+00   1.99448E+02  1.63311E+00   2.00962E+02  1.58727E+00   2.02541E+02  1.54166E+00   2.04183E+02  1.49641E+00   2.05887E+02  1.45162E+00   2.07653E+02  1.40741E+00   2.09480E+02  1.36387E+00   2.11366E+02  1.32108E+00   2.13311E+02  1.27911E+00   2.15313E+02  1.23801E+00   2.17372E+02  1.19785E+00   2.19486E+02  1.15864E+00   2.21654E+02  1.12043E+00   2.23876E+02  1.08324E+00   2.26149E+02  1.04709E+00   2.28473E+02  1.01198E+00   2.30848E+02  9.77916E-01   2.33270E+02  9.44905E-01   2.35739E+02  9.12935E-01   2.38255E+02 
 9.03523E-01   2.36444E+02  9.35714E-01   2.33916E+02  9.68986E-01   2.31433E+02  1.00336E+00   2.28998E+02  1.03882E+00   2.26612E+02  1.07537E+00   2.24275E+02  1.11302E+00   2.21990E+02  1.15174E+00   2.19756E+02  1.19150E+00   2.17577E+02  1.23230E+00   2.15452E+02  1.27408E+00   2.13382E+02  1.31680E+00   2.11369E+02  1.36042E+00   2.09414E+02  1.40484E+00   2.07519E+02  1.45000E+00   2.05683E+02  1.49581E+00   2.03908E+02  1.54215E+00   2.02194E+02  1.58892E+00   2.00544E+02  1.63596E+00   1.98958E+02  1.68316E+00   1.97436E+02  1.73032E+00   1.95979E+02  1.77728E+00   1.94589E+02  1.82386E+00   1.93266E+02  1.86983E+00   1.92011E+02  1.91500E+00   1.90824E+02  1.95913E+00   1.89706E+02  2.00199E+00   1.88658E+02  2.04333E+00   1.87680E+02  2.08292E+00   1.86773E+02  2.12049E+00   1.85936E+02  2.15582E+00   1.85172E+02  2.18864E+00   1.84479E+02  2.21873E+00   1.83858E+02  2.24587E+00   1.83310E+02  2.26984E+00   1.82834E+02  2.29047E+00   1.82431E+02  2.30759E+00   1.82101E+02  2.32105E+00   1.81845E+02  2.33075E+00   1.81661E+02  2.33661E+00   1.81551E+02  2.33856E+00   1.81514E+02  2.33660E+00   1.81551E+02  2.33075E+00   1.81661E+02  2.32105E+00   1.81845E+02  2.30759E+00   1.82101E+02  2.29048E+00   1.82431E+02  2.26984E+00   1.82834E+02  2.24587E+00   1.83310E+02  2.21873E+00   1.83858E+02  2.18864E+00   1.84479E+02  2.15581E+00   1.85172E+02  2.12050E+00   1.85936E+02  2.08292E+00   1.86773E+02  2.04333E+00   1.87680E+02  2.00199E+00   1.88658E+02  1.95913E+00   1.89706E+02  1.91500E+00   1.90824E+02  1.86983E+00   1.92011E+02  1.82385E+00   1.93266E+02  1.77728E+00   1.94589E+02  1.73032E+00   1.95979E+02  1.68316E+00   1.97436E+02  1.63596E+00   1.98958E+02  1.58892E+00   2.00544E+02  1.54215E+00   2.02194E+02  1.49581E+00   2.03908E+02  1.45000E+00   2.05683E+02  1.40484E+00   2.07519E+02  1.36042E+00   2.09414E+02  1.31681E+00   2.11369E+02  1.27408E+00   2.13382E+02  1.23230E+00   2.15452E+02  1.19150E+00   2.17577E+02  1.15174E+00   2.19756E+02  1.11302E+00   2.21989E+02  1.07537E+00   2.24275E+02  1.03882E+00   2.26611E+02  1.00336E+00   2.28998E+02  9.68987E-01   2.31433E+02  9.35713E-01   2.33916E+02  9.03522E-01   2.36444E+02 
 8.92649E-01   2.34688E+02  9.24999E-01   2.32147E+02  9.58474E-01   2.29651E+02  9.93073E-01   2.27204E+02  1.02882E+00   2.24805E+02  1.06571E+00   2.22457E+02  1.10373E+00   2.20160E+02  1.14288E+00   2.17916E+02  1.18314E+00   2.15725E+02  1.22448E+00   2.13589E+02  1.26688E+00   2.11509E+02  1.31028E+00   2.09486E+02  1.35464E+00   2.07522E+02  1.39987E+00   2.05616E+02  1.44592E+00   2.03771E+02  1.49267E+00   2.01988E+02  1.54004E+00   2.00266E+02  1.58789E+00   1.98608E+02  1.63610E+00   1.97014E+02  1.68450E+00   1.95485E+02  1.73294E+00   1.94022E+02  1.78124E+00   1.92626E+02  1.82919E+00   1.91297E+02  1.87658E+00   1.90036E+02  1.92319E+00   1.88844E+02  1.96879E+00   1.87722E+02  2.01312E+00   1.86670E+02  2.05593E+00   1.85688E+02  2.09696E+00   1.84777E+02  2.13595E+00   1.83938E+02  2.17263E+00   1.83170E+02  2.20675E+00   1.82475E+02  2.23805E+00   1.81852E+02  2.26630E+00   1.81302E+02  2.29127E+00   1.80825E+02  2.31278E+00   1.80421E+02  2.33062E+00   1.80090E+02  2.34467E+00   1.79832E+02  2.35478E+00   1.79649E+02  2.36089E+00   1.79538E+02  2.36293E+00   1.79501E+02  2.36089E+00   1.79538E+02  2.35478E+00   1.79649E+02  2.34467E+00   1.79832E+02  2.33062E+00   1.80090E+02  2.31278E+00   1.80421E+02  2.29127E+00   1.80825E+02  2.26630E+00   1.81302E+02  2.23805E+00   1.81852E+02  2.20675E+00   1.82475E+02  2.17263E+00   1.83170E+02  2.13595E+00   1.83938E+02  2.09697E+00   1.84777E+02  2.05593E+00   1.85688E+02  2.01312E+00   1.86670E+02  1.96879E+00   1.87722E+02  1.92320E+00   1.88844E+02  1.87658E+00   1.90036E+02  1.82919E+00   1.91297E+02  1.78123E+00   1.92626E+02  1.73294E+00   1.94022E+02  1.68450E+00   1.95485E+02  1.63610E+00   1.97014E+02  1.58789E+00   1.98608E+02  1.54004E+00   2.00267E+02  1.49267E+00   2.01988E+02  1.44592E+00   2.03772E+02  1.39988E+00   2.05616E+02  1.35464E+00   2.07522E+02  1.31028E+00   2.09486E+02  1.26688E+00   2.11509E+02  1.22449E+00   2.13589E+02  1.18315E+00   2.15725E+02  1.14287E+00   2.17916E+02  1.10373E+00   2.20160E+02  1.06571E+00   2.22457E+02  1.02881E+00   2.24805E+02  9.93078E-01   2.27204E+02  9.58473E-01   2.29652E+02  9.24997E-01   2.32147E+02  8.92647E-01   2.34688E+02 
 8.80262E-01   2.32987E+02  9.12697E-01   2.30433E+02  9.46283E-01   2.27926E+02  9.81058E-01   2.25466E+02  1.01700E+00   2.23056E+02  1.05414E+00   2.20696E+02  1.09246E+00   2.18388E+02  1.13197E+00   2.16133E+02  1.17263E+00   2.13931E+02  1.21444E+00   2.11786E+02  1.25737E+00   2.09695E+02  1.30136E+00   2.07663E+02  1.34638E+00   2.05689E+02  1.39234E+00   2.03775E+02  1.43917E+00   2.01921E+02  1.48680E+00   2.00129E+02  1.53510E+00   1.98400E+02  1.58397E+00   1.96734E+02  1.63325E+00   1.95133E+02  1.68280E+00   1.93597E+02  1.73245E+00   1.92128E+02  1.78201E+00   1.90726E+02  1.83128E+00   1.89392E+02  1.88003E+00   1.88126E+02  1.92805E+00   1.86929E+02  1.97506E+00   1.85803E+02  2.02084E+00   1.84746E+02  2.06508E+00   1.83761E+02  2.10753E+00   1.82847E+02  2.14791E+00   1.82005E+02  2.18594E+00   1.81235E+02  2.22133E+00   1.80538E+02  2.25384E+00   1.79913E+02  2.28319E+00   1.79362E+02  2.30916E+00   1.78883E+02  2.33152E+00   1.78478E+02  2.35011E+00   1.78146E+02  2.36473E+00   1.77889E+02  2.37527E+00   1.77704E+02  2.38163E+00   1.77594E+02  2.38376E+00   1.77557E+02  2.38163E+00   1.77594E+02  2.37527E+00   1.77704E+02  2.36472E+00   1.77889E+02  2.35011E+00   1.78147E+02  2.33152E+00   1.78478E+02  2.30916E+00   1.78883E+02  2.28319E+00   1.79362E+02  2.25384E+00   1.79913E+02  2.22133E+00   1.80538E+02  2.18594E+00   1.81235E+02  2.14791E+00   1.82005E+02  2.10753E+00   1.82847E+02  2.06508E+00   1.83761E+02  2.02083E+00   1.84746E+02  1.97507E+00   1.85803E+02  1.92805E+00   1.86929E+02  1.88004E+00   1.88126E+02  1.83128E+00   1.89392E+02  1.78201E+00   1.90726E+02  1.73245E+00   1.92128E+02  1.68280E+00   1.93597E+02  1.63325E+00   1.95133E+02  1.58397E+00   1.96734E+02  1.53510E+00   1.98400E+02  1.48680E+00   2.00129E+02  1.43917E+00   2.01921E+02  1.39234E+00   2.03775E+02  1.34638E+00   2.05689E+02  1.30136E+00   2.07663E+02  1.25737E+00   2.09695E+02  1.21444E+00   2.11785E+02  1.17263E+00   2.13931E+02  1.13196E+00   2.16133E+02  1.09246E+00   2.18388E+02  1.05415E+00   2.20696E+02  1.01700E+00   2.23056E+02  9.81054E-01   2.25466E+02  9.46287E-01   2.27926E+02  9.12697E-01   2.30433E+02  8.80260E-01   2.32988E+02 
 8.66300E-01   2.31342E+02  8.98738E-01   2.28777E+02  9.32384E-01   2.26257E+02  9.67229E-01   2.23786E+02  1.00329E+00   2.21365E+02  1.04059E+00   2.18994E+02  1.07913E+00   2.16675E+02  1.11889E+00   2.14409E+02  1.15986E+00   2.12198E+02  1.20205E+00   2.10041E+02  1.24540E+00   2.07942E+02  1.28989E+00   2.05900E+02  1.33546E+00   2.03917E+02  1.38204E+00   2.01994E+02  1.42959E+00   2.00132E+02  1.47798E+00   1.98332E+02  1.52713E+00   1.96596E+02  1.57691E+00   1.94923E+02  1.62718E+00   1.93315E+02  1.67779E+00   1.91773E+02  1.72856E+00   1.90298E+02  1.77931E+00   1.88890E+02  1.82981E+00   1.87551E+02  1.87987E+00   1.86281E+02  1.92921E+00   1.85080E+02  1.97759E+00   1.83949E+02  2.02474E+00   1.82890E+02  2.07037E+00   1.81901E+02  2.11421E+00   1.80985E+02  2.15593E+00   1.80140E+02  2.19527E+00   1.79368E+02  2.23192E+00   1.78669E+02  2.26561E+00   1.78043E+02  2.29605E+00   1.77490E+02  2.32300E+00   1.77011E+02  2.34623E+00   1.76605E+02  2.36553E+00   1.76273E+02  2.38073E+00   1.76014E+02  2.39169E+00   1.75829E+02  2.39831E+00   1.75719E+02  2.40052E+00   1.75682E+02  2.39831E+00   1.75719E+02  2.39169E+00   1.75829E+02  2.38073E+00   1.76014E+02  2.36553E+00   1.76273E+02  2.34624E+00   1.76605E+02  2.32300E+00   1.77011E+02  2.29605E+00   1.77490E+02  2.26561E+00   1.78043E+02  2.23193E+00   1.78669E+02  2.19527E+00   1.79368E+02  2.15594E+00   1.80140E+02  2.11421E+00   1.80985E+02  2.07038E+00   1.81901E+02  2.02474E+00   1.82890E+02  1.97759E+00   1.83949E+02  1.92921E+00   1.85080E+02  1.87986E+00   1.86281E+02  1.82981E+00   1.87551E+02  1.77930E+00   1.88890E+02  1.72856E+00   1.90298E+02  1.67779E+00   1.91773E+02  1.62718E+00   1.93315E+02  1.57690E+00   1.94923E+02  1.52713E+00   1.96596E+02  1.47798E+00   1.98332E+02  1.42959E+00   2.00132E+02  1.38205E+00   2.01994E+02  1.33546E+00   2.03917E+02  1.28989E+00   2.05900E+02  1.24541E+00   2.07942E+02  1.20205E+00   2.10041E+02  1.15987E+00   2.12197E+02  1.11888E+00   2.14409E+02  1.07913E+00   2.16675E+02  1.04059E+00   2.18994E+02  1.00330E+00   2.21365E+02  9.67228E-01   2.23786E+02  9.32381E-01   2.26257E+02  8.98740E-01   2.28777E+02  8.66296E-01   2.31342E+02 
 8.50718E-01   2.29755E+02  8.83092E-01   2.27177E+02  9.16684E-01   2.24647E+02  9.51519E-01   2.22165E+02  9.87617E-01   2.19732E+02  1.02499E+00   2.17350E+02  1.06362E+00   2.15021E+02  1.10354E+00   2.12745E+02  1.14474E+00   2.10524E+02  1.18717E+00   2.08358E+02  1.23086E+00   2.06249E+02  1.27572E+00   2.04198E+02  1.32174E+00   2.02207E+02  1.36885E+00   2.00276E+02  1.41696E+00   1.98406E+02  1.46602E+00   1.96599E+02  1.51589E+00   1.94855E+02  1.56648E+00   1.93175E+02  1.61762E+00   1.91562E+02  1.66918E+00   1.90014E+02  1.72097E+00   1.88533E+02  1.77281E+00   1.87120E+02  1.82447E+00   1.85776E+02  1.87572E+00   1.84502E+02  1.92631E+00   1.83297E+02  1.97598E+00   1.82163E+02  2.02444E+00   1.81100E+02  2.07139E+00   1.80110E+02  2.11654E+00   1.79190E+02  2.15957E+00   1.78344E+02  2.20018E+00   1.77570E+02  2.23804E+00   1.76870E+02  2.27287E+00   1.76243E+02  2.30437E+00   1.75689E+02  2.33229E+00   1.75209E+02  2.35635E+00   1.74802E+02  2.37637E+00   1.74469E+02  2.39212E+00   1.74210E+02  2.40350E+00   1.74026E+02  2.41036E+00   1.73915E+02  2.41266E+00   1.73878E+02  2.41036E+00   1.73915E+02  2.40350E+00   1.74026E+02  2.39212E+00   1.74210E+02  2.37637E+00   1.74469E+02  2.35635E+00   1.74802E+02  2.33229E+00   1.75209E+02  2.30437E+00   1.75689E+02  2.27287E+00   1.76243E+02  2.23803E+00   1.76870E+02  2.20018E+00   1.77570E+02  2.15957E+00   1.78344E+02  2.11654E+00   1.79190E+02  2.07139E+00   1.80110E+02  2.02444E+00   1.81100E+02  1.97598E+00   1.82163E+02  1.92632E+00   1.83297E+02  1.87572E+00   1.84502E+02  1.82447E+00   1.85776E+02  1.77281E+00   1.87120E+02  1.72097E+00   1.88533E+02  1.66918E+00   1.90013E+02  1.61762E+00   1.91562E+02  1.56648E+00   1.93175E+02  1.51589E+00   1.94855E+02  1.46602E+00   1.96599E+02  1.41696E+00   1.98406E+02  1.36885E+00   2.00276E+02  1.32174E+00   2.02207E+02  1.27572E+00   2.04198E+02  1.23086E+00   2.06249E+02  1.18717E+00   2.08358E+02  1.14474E+00   2.10523E+02  1.10354E+00   2.12745E+02  1.06362E+00   2.15021E+02  1.02499E+00   2.17350E+02  9.87612E-01   2.19732E+02  9.51521E-01   2.22164E+02  9.16687E-01   2.24647E+02  8.83092E-01   2.27177E+02  8.50718E-01   2.29755E+02 
 8.33476E-01   2.28225E+02  8.65682E-01   2.25636E+02  8.99144E-01   2.23095E+02  9.33879E-01   2.20602E+02  9.69900E-01   2.18159E+02  1.00723E+00   2.15767E+02  1.04587E+00   2.13428E+02  1.08584E+00   2.11142E+02  1.12712E+00   2.08911E+02  1.16972E+00   2.06736E+02  1.21359E+00   2.04618E+02  1.25871E+00   2.02559E+02  1.30506E+00   2.00560E+02  1.35254E+00   1.98621E+02  1.40112E+00   1.96744E+02  1.45070E+00   1.94929E+02  1.50118E+00   1.93179E+02  1.55244E+00   1.91493E+02  1.60433E+00   1.89873E+02  1.65672E+00   1.88320E+02  1.70941E+00   1.86834E+02  1.76221E+00   1.85417E+02  1.81489E+00   1.84069E+02  1.86724E+00   1.82790E+02  1.91897E+00   1.81582E+02  1.96983E+00   1.80445E+02  2.01950E+00   1.79380E+02  2.06769E+00   1.78387E+02  2.11407E+00   1.77466E+02  2.15833E+00   1.76618E+02  2.20013E+00   1.75843E+02  2.23916E+00   1.75141E+02  2.27508E+00   1.74513E+02  2.30760E+00   1.73959E+02  2.33643E+00   1.73478E+02  2.36131E+00   1.73071E+02  2.38201E+00   1.72738E+02  2.39831E+00   1.72479E+02  2.41008E+00   1.72294E+02  2.41718E+00   1.72183E+02  2.41957E+00   1.72146E+02  2.41719E+00   1.72183E+02  2.41008E+00   1.72294E+02  2.39831E+00   1.72479E+02  2.38201E+00   1.72738E+02  2.36131E+00   1.73071E+02  2.33644E+00   1.73478E+02  2.30760E+00   1.73959E+02  2.27508E+00   1.74513E+02  2.23916E+00   1.75141E+02  2.20013E+00   1.75843E+02  2.15833E+00   1.76618E+02  2.11407E+00   1.77466E+02  2.06769E+00   1.78387E+02  2.01950E+00   1.79380E+02  1.96983E+00   1.80445E+02  1.91897E+00   1.81582E+02  1.86724E+00   1.82790E+02  1.81490E+00   1.84069E+02  1.76221E+00   1.85417E+02  1.70941E+00   1.86834E+02  1.65672E+00   1.88320E+02  1.60433E+00   1.89873E+02  1.55243E+00   1.91493E+02  1.50117E+00   1.93179E+02  1.45070E+00   1.94929E+02  1.40113E+00   1.96744E+02  1.35254E+00   1.98621E+02  1.30506E+00   2.00560E+02  1.25871E+00   2.02560E+02  1.21359E+00   2.04619E+02  1.16972E+00   2.06736E+02  1.12712E+00   2.08911E+02  1.08584E+00   2.11142E+02  1.04587E+00   2.13428E+02  1.00723E+00   2.15768E+02  9.69901E-01   2.18159E+02  9.33875E-01   2.20602E+02  8.99144E-01   2.23094E+02  8.65686E-01   2.25636E+02  8.33475E-01   2.28225E+02 
 8.14527E-01   2.26754E+02  8.46484E-01   2.24155E+02  8.79716E-01   2.21603E+02  9.14234E-01   2.19099E+02  9.50077E-01   2.16647E+02  9.87262E-01   2.14245E+02  1.02579E+00   2.11896E+02  1.06568E+00   2.09601E+02  1.10694E+00   2.07361E+02  1.14954E+00   2.05177E+02  1.19349E+00   2.03051E+02  1.23874E+00   2.00984E+02  1.28525E+00   1.98977E+02  1.33299E+00   1.97030E+02  1.38188E+00   1.95146E+02  1.43184E+00   1.93325E+02  1.48277E+00   1.91568E+02  1.53456E+00   1.89876E+02  1.58705E+00   1.88251E+02  1.64012E+00   1.86693E+02  1.69356E+00   1.85202E+02  1.74718E+00   1.83781E+02  1.80077E+00   1.82429E+02  1.85407E+00   1.81147E+02  1.90681E+00   1.79936E+02  1.95873E+00   1.78797E+02  2.00949E+00   1.77729E+02  2.05881E+00   1.76734E+02  2.10633E+00   1.75812E+02  2.15172E+00   1.74962E+02  2.19464E+00   1.74186E+02  2.23474E+00   1.73484E+02  2.27169E+00   1.72855E+02  2.30517E+00   1.72301E+02  2.33487E+00   1.71820E+02  2.36051E+00   1.71413E+02  2.38186E+00   1.71080E+02  2.39868E+00   1.70821E+02  2.41083E+00   1.70636E+02  2.41817E+00   1.70525E+02  2.42062E+00   1.70488E+02  2.41817E+00   1.70525E+02  2.41083E+00   1.70636E+02  2.39868E+00   1.70821E+02  2.38186E+00   1.71080E+02  2.36051E+00   1.71413E+02  2.33487E+00   1.71820E+02  2.30517E+00   1.72301E+02  2.27169E+00   1.72855E+02  2.23474E+00   1.73484E+02  2.19464E+00   1.74186E+02  2.15172E+00   1.74962E+02  2.10633E+00   1.75812E+02  2.05881E+00   1.76734E+02  2.00950E+00   1.77729E+02  1.95872E+00   1.78797E+02  1.90682E+00   1.79936E+02  1.85407E+00   1.81147E+02  1.80077E+00   1.82429E+02  1.74718E+00   1.83781E+02  1.69356E+00   1.85202E+02  1.64012E+00   1.86693E+02  1.58705E+00   1.88251E+02  1.53456E+00   1.89876E+02  1.48277E+00   1.91568E+02  1.43184E+00   1.93325E+02  1.38188E+00   1.95146E+02  1.33299E+00   1.97030E+02  1.28526E+00   1.98977E+02  1.23874E+00   2.00984E+02  1.19349E+00   2.03051E+02  1.14954E+00   2.05177E+02  1.10694E+00   2.07361E+02  1.06568E+00   2.09601E+02  1.02579E+00   2.11896E+02  9.87260E-01   2.14245E+02  9.50074E-01   2.16647E+02  9.14237E-01   2.19100E+02  8.79713E-01   2.21603E+02  8.46484E-01   2.24155E+02  8.14529E-01   2.26755E+02 
 7.93847E-01   2.25343E+02  8.25449E-01   2.22733E+02  8.58339E-01   2.20171E+02  8.92546E-01   2.17658E+02  9.28100E-01   2.15195E+02  9.65007E-01   2.12784E+02  1.00330E+00   2.10426E+02  1.04300E+00   2.08122E+02  1.08408E+00   2.05873E+02  1.12657E+00   2.03682E+02  1.17044E+00   2.01547E+02  1.21565E+00   1.99473E+02  1.26221E+00   1.97458E+02  1.31003E+00   1.95504E+02  1.35907E+00   1.93614E+02  1.40925E+00   1.91786E+02  1.46046E+00   1.90023E+02  1.51260E+00   1.88326E+02  1.56554E+00   1.86696E+02  1.61911E+00   1.85133E+02  1.67314E+00   1.83639E+02  1.72742E+00   1.82213E+02  1.78174E+00   1.80858E+02  1.83583E+00   1.79573E+02  1.88944E+00   1.78360E+02  1.94226E+00   1.77218E+02  1.99398E+00   1.76149E+02  2.04428E+00   1.75153E+02  2.09281E+00   1.74229E+02  2.13922E+00   1.73379E+02  2.18314E+00   1.72603E+02  2.22422E+00   1.71900E+02  2.26211E+00   1.71271E+02  2.29646E+00   1.70716E+02  2.32697E+00   1.70235E+02  2.35332E+00   1.69828E+02  2.37527E+00   1.69495E+02  2.39257E+00   1.69237E+02  2.40508E+00   1.69052E+02  2.41262E+00   1.68941E+02  2.41516E+00   1.68904E+02  2.41262E+00   1.68941E+02  2.40508E+00   1.69052E+02  2.39257E+00   1.69237E+02  2.37527E+00   1.69495E+02  2.35332E+00   1.69828E+02  2.32697E+00   1.70235E+02  2.29646E+00   1.70716E+02  2.26211E+00   1.71271E+02  2.22422E+00   1.71900E+02  2.18314E+00   1.72603E+02  2.13922E+00   1.73379E+02  2.09281E+00   1.74229E+02  2.04428E+00   1.75153E+02  1.99398E+00   1.76149E+02  1.94226E+00   1.77218E+02  1.88944E+00   1.78360E+02  1.83584E+00   1.79573E+02  1.78173E+00   1.80858E+02  1.72743E+00   1.82213E+02  1.67314E+00   1.83639E+02  1.61911E+00   1.85133E+02  1.56554E+00   1.86696E+02  1.51260E+00   1.88326E+02  1.46046E+00   1.90023E+02  1.40925E+00   1.91786E+02  1.35907E+00   1.93614E+02  1.31003E+00   1.95504E+02  1.26221E+00   1.97458E+02  1.21565E+00   1.99473E+02  1.17044E+00   2.01547E+02  1.12657E+00   2.03682E+02  1.08408E+00   2.05873E+02  1.04300E+00   2.08122E+02  1.00330E+00   2.10426E+02  9.65008E-01   2.12784E+02  9.28098E-01   2.15195E+02  8.92541E-01   2.17658E+02  8.58340E-01   2.20171E+02  8.25451E-01   2.22733E+02  7.93849E-01   2.25343E+02 
 7.71402E-01   2.23992E+02  8.02549E-01   2.21372E+02  8.34999E-01   2.18801E+02  8.68774E-01   2.16278E+02  9.03904E-01   2.13806E+02  9.40422E-01   2.11387E+02  9.78355E-01   2.09019E+02  1.01770E+00   2.06707E+02  1.05848E+00   2.04450E+02  1.10069E+00   2.02250E+02  1.14432E+00   2.00109E+02  1.18936E+00   1.98026E+02  1.23577E+00   1.96005E+02  1.28351E+00   1.94045E+02  1.33252E+00   1.92148E+02  1.38273E+00   1.90314E+02  1.43406E+00   1.88546E+02  1.48637E+00   1.86844E+02  1.53955E+00   1.85209E+02  1.59344E+00   1.83642E+02  1.64786E+00   1.82144E+02  1.70262E+00   1.80715E+02  1.75747E+00   1.79357E+02  1.81218E+00   1.78070E+02  1.86646E+00   1.76854E+02  1.92001E+00   1.75711E+02  1.97252E+00   1.74641E+02  2.02365E+00   1.73643E+02  2.07303E+00   1.72719E+02  2.12031E+00   1.71868E+02  2.16510E+00   1.71092E+02  2.20704E+00   1.70389E+02  2.24575E+00   1.69760E+02  2.28089E+00   1.69206E+02  2.31210E+00   1.68725E+02  2.33910E+00   1.68319E+02  2.36158E+00   1.67986E+02  2.37933E+00   1.67728E+02  2.39214E+00   1.67543E+02  2.39989E+00   1.67432E+02  2.40248E+00   1.67395E+02  2.39989E+00   1.67432E+02  2.39214E+00   1.67543E+02  2.37933E+00   1.67728E+02  2.36158E+00   1.67986E+02  2.33910E+00   1.68319E+02  2.31210E+00   1.68725E+02  2.28089E+00   1.69206E+02  2.24575E+00   1.69760E+02  2.20705E+00   1.70389E+02  2.16510E+00   1.71092E+02  2.12031E+00   1.71868E+02  2.07303E+00   1.72719E+02  2.02365E+00   1.73643E+02  1.97252E+00   1.74640E+02  1.92002E+00   1.75711E+02  1.86646E+00   1.76854E+02  1.81218E+00   1.78070E+02  1.75747E+00   1.79357E+02  1.70262E+00   1.80715E+02  1.64787E+00   1.82144E+02  1.59344E+00   1.83642E+02  1.53955E+00   1.85209E+02  1.48637E+00   1.86844E+02  1.43405E+00   1.88546E+02  1.38273E+00   1.90314E+02  1.33252E+00   1.92148E+02  1.28350E+00   1.94045E+02  1.23577E+00   1.96005E+02  1.18936E+00   1.98026E+02  1.14432E+00   2.00109E+02  1.10069E+00   2.02250E+02  1.05848E+00   2.04450E+02  1.01770E+00   2.06707E+02  9.78355E-01   2.09019E+02  9.40424E-01   2.11386E+02  9.03904E-01   2.13806E+02  8.68774E-01   2.16279E+02  8.34993E-01   2.18801E+02  8.02549E-01   2.21372E+02  7.71404E-01   2.23992E+02 
 7.47182E-01   2.22702E+02  7.77765E-01   2.20073E+02  8.09652E-01   2.17492E+02  8.42869E-01   2.14961E+02  8.77470E-01   2.12480E+02  9.13459E-01   2.10051E+02  9.50876E-01   2.07676E+02  9.89746E-01   2.05356E+02  1.03005E+00   2.03091E+02  1.07183E+00   2.00884E+02  1.11507E+00   1.98735E+02  1.15974E+00   1.96646E+02  1.20583E+00   1.94618E+02  1.25329E+00   1.92652E+02  1.30209E+00   1.90749E+02  1.35215E+00   1.88910E+02  1.40336E+00   1.87137E+02  1.45565E+00   1.85430E+02  1.50886E+00   1.83791E+02  1.56286E+00   1.82220E+02  1.61746E+00   1.80719E+02  1.67247E+00   1.79287E+02  1.72765E+00   1.77926E+02  1.78275E+00   1.76637E+02  1.83750E+00   1.75420E+02  1.89159E+00   1.74276E+02  1.94468E+00   1.73204E+02  1.99644E+00   1.72206E+02  2.04650E+00   1.71282E+02  2.09447E+00   1.70432E+02  2.13997E+00   1.69655E+02  2.18262E+00   1.68953E+02  2.22202E+00   1.68325E+02  2.25781E+00   1.67771E+02  2.28964E+00   1.67291E+02  2.31717E+00   1.66885E+02  2.34012E+00   1.66553E+02  2.35824E+00   1.66295E+02  2.37134E+00   1.66110E+02  2.37925E+00   1.66000E+02  2.38190E+00   1.65963E+02  2.37925E+00   1.66000E+02  2.37134E+00   1.66110E+02  2.35824E+00   1.66295E+02  2.34012E+00   1.66553E+02  2.31717E+00   1.66885E+02  2.28964E+00   1.67291E+02  2.25781E+00   1.67771E+02  2.22203E+00   1.68325E+02  2.18261E+00   1.68953E+02  2.13998E+00   1.69655E+02  2.09447E+00   1.70432E+02  2.04650E+00   1.71282E+02  1.99644E+00   1.72206E+02  1.94468E+00   1.73204E+02  1.89159E+00   1.74276E+02  1.83750E+00   1.75420E+02  1.78275E+00   1.76637E+02  1.72764E+00   1.77926E+02  1.67247E+00   1.79287E+02  1.61746E+00   1.80719E+02  1.56286E+00   1.82220E+02  1.50886E+00   1.83791E+02  1.45565E+00   1.85430E+02  1.40336E+00   1.87137E+02  1.35214E+00   1.88910E+02  1.30209E+00   1.90749E+02  1.25329E+00   1.92652E+02  1.20583E+00   1.94618E+02  1.15974E+00   1.96646E+02  1.11507E+00   1.98735E+02  1.07183E+00   2.00884E+02  1.03005E+00   2.03091E+02  9.89745E-01   2.05356E+02  9.50876E-01   2.07677E+02  9.13461E-01   2.10051E+02  8.77469E-01   2.12480E+02  8.42868E-01   2.14961E+02  8.09653E-01   2.17492E+02  7.77763E-01   2.20073E+02  7.47183E-01   2.22703E+02 
 7.21171E-01   2.21474E+02  7.51077E-01   2.18836E+02  7.82286E-01   2.16247E+02  8.14838E-01   2.13707E+02  8.48755E-01   2.11217E+02  8.84079E-01   2.08781E+02  9.20853E-01   2.06397E+02  9.59068E-01   2.04070E+02  9.98752E-01   2.01798E+02  1.03993E+00   1.99583E+02  1.08257E+00   1.97428E+02  1.12670E+00   1.95332E+02  1.17228E+00   1.93298E+02  1.21928E+00   1.91326E+02  1.26765E+00   1.89418E+02  1.31732E+00   1.87574E+02  1.36823E+00   1.85796E+02  1.42024E+00   1.84085E+02  1.47326E+00   1.82442E+02  1.52713E+00   1.80868E+02  1.58167E+00   1.79364E+02  1.63669E+00   1.77930E+02  1.69196E+00   1.76567E+02  1.74722E+00   1.75276E+02  1.80220E+00   1.74058E+02  1.85658E+00   1.72913E+02  1.91003E+00   1.71841E+02  1.96221E+00   1.70843E+02  2.01272E+00   1.69919E+02  2.06119E+00   1.69069E+02  2.10721E+00   1.68293E+02  2.15039E+00   1.67591E+02  2.19031E+00   1.66964E+02  2.22662E+00   1.66411E+02  2.25892E+00   1.65932E+02  2.28688E+00   1.65527E+02  2.31021E+00   1.65196E+02  2.32863E+00   1.64938E+02  2.34195E+00   1.64754E+02  2.35000E+00   1.64644E+02  2.35270E+00   1.64607E+02  2.35000E+00   1.64644E+02  2.34195E+00   1.64754E+02  2.32863E+00   1.64938E+02  2.31021E+00   1.65196E+02  2.28688E+00   1.65527E+02  2.25892E+00   1.65932E+02  2.22662E+00   1.66411E+02  2.19031E+00   1.66964E+02  2.15039E+00   1.67591E+02  2.10721E+00   1.68293E+02  2.06119E+00   1.69069E+02  2.01272E+00   1.69919E+02  1.96221E+00   1.70843E+02  1.91003E+00   1.71841E+02  1.85658E+00   1.72913E+02  1.80220E+00   1.74058E+02  1.74722E+00   1.75276E+02  1.69196E+00   1.76567E+02  1.63669E+00   1.77930E+02  1.58167E+00   1.79364E+02  1.52713E+00   1.80868E+02  1.47327E+00   1.82442E+02  1.42024E+00   1.84085E+02  1.36823E+00   1.85796E+02  1.31732E+00   1.87574E+02  1.26765E+00   1.89418E+02  1.21928E+00   1.91326E+02  1.17228E+00   1.93298E+02  1.12670E+00   1.95332E+02  1.08258E+00   1.97428E+02  1.03993E+00   1.99583E+02  9.98753E-01   2.01798E+02  9.59066E-01   2.04070E+02  9.20850E-01   2.06397E+02  8.84081E-01   2.08781E+02  8.48758E-01   2.11217E+02  8.14837E-01   2.13707E+02  7.82282E-01   2.16247E+02  7.51075E-01   2.18836E+02  7.21172E-01   2.21474E+02 
 6.93371E-01   2.20309E+02  7.22489E-01   2.17663E+02  7.52904E-01   2.15064E+02  7.84638E-01   2.12516E+02  8.17753E-01   2.10020E+02  8.52274E-01   2.07575E+02  8.88229E-01   2.05184E+02  9.25641E-01   2.02849E+02  9.64534E-01   2.00570E+02  1.00493E+00   1.98349E+02  1.04681E+00   1.96187E+02  1.09019E+00   1.94086E+02  1.13506E+00   1.92046E+02  1.18136E+00   1.90069E+02  1.22908E+00   1.88155E+02  1.27815E+00   1.86307E+02  1.32849E+00   1.84525E+02  1.38000E+00   1.82810E+02  1.43257E+00   1.81164E+02  1.48605E+00   1.79587E+02  1.54027E+00   1.78080E+02  1.59504E+00   1.76644E+02  1.65012E+00   1.75280E+02  1.70528E+00   1.73988E+02  1.76021E+00   1.72769E+02  1.81463E+00   1.71623E+02  1.86818E+00   1.70551E+02  1.92051E+00   1.69554E+02  1.97124E+00   1.68630E+02  2.01997E+00   1.67781E+02  2.06629E+00   1.67006E+02  2.10979E+00   1.66306E+02  2.15006E+00   1.65679E+02  2.18669E+00   1.65128E+02  2.21932E+00   1.64650E+02  2.24759E+00   1.64246E+02  2.27118E+00   1.63915E+02  2.28983E+00   1.63659E+02  2.30330E+00   1.63476E+02  2.31146E+00   1.63366E+02  2.31418E+00   1.63329E+02  2.31146E+00   1.63366E+02  2.30330E+00   1.63476E+02  2.28982E+00   1.63659E+02  2.27118E+00   1.63915E+02  2.24759E+00   1.64246E+02  2.21932E+00   1.64650E+02  2.18669E+00   1.65128E+02  2.15006E+00   1.65679E+02  2.10979E+00   1.66306E+02  2.06629E+00   1.67006E+02  2.01997E+00   1.67781E+02  1.97124E+00   1.68630E+02  1.92051E+00   1.69554E+02  1.86818E+00   1.70551E+02  1.81463E+00   1.71623E+02  1.76021E+00   1.72769E+02  1.70528E+00   1.73988E+02  1.65012E+00   1.75280E+02  1.59504E+00   1.76644E+02  1.54027E+00   1.78080E+02  1.48606E+00   1.79587E+02  1.43257E+00   1.81164E+02  1.38001E+00   1.82810E+02  1.32849E+00   1.84525E+02  1.27815E+00   1.86307E+02  1.22909E+00   1.88155E+02  1.18136E+00   1.90069E+02  1.13505E+00   1.92046E+02  1.09020E+00   1.94086E+02  1.04681E+00   1.96187E+02  1.00493E+00   1.98349E+02  9.64535E-01   2.00570E+02  9.25642E-01   2.02849E+02  8.88227E-01   2.05185E+02  8.52274E-01   2.07575E+02  8.17753E-01   2.10019E+02  7.84640E-01   2.12516E+02  7.52903E-01   2.15065E+02  7.22487E-01   2.17662E+02  6.93371E-01   2.20309E+02 
 6.63794E-01   2.19207E+02  6.92004E-01   2.16552E+02  7.21490E-01   2.13946E+02  7.52298E-01   2.11391E+02  7.84464E-01   2.08886E+02  8.18021E-01   2.06434E+02  8.53014E-01   2.04037E+02  8.89454E-01   2.01695E+02  9.27375E-01   1.99409E+02  9.66800E-01   1.97182E+02  1.00772E+00   1.95014E+02  1.05015E+00   1.92907E+02  1.09408E+00   1.90862E+02  1.13948E+00   1.88880E+02  1.18631E+00   1.86962E+02  1.23452E+00   1.85110E+02  1.28405E+00   1.83324E+02  1.33479E+00   1.81606E+02  1.38664E+00   1.79957E+02  1.43945E+00   1.78377E+02  1.49306E+00   1.76868E+02  1.54728E+00   1.75431E+02  1.60189E+00   1.74065E+02  1.65664E+00   1.72772E+02  1.71124E+00   1.71553E+02  1.76540E+00   1.70408E+02  1.81875E+00   1.69336E+02  1.87096E+00   1.68339E+02  1.92163E+00   1.67416E+02  1.97035E+00   1.66568E+02  2.01672E+00   1.65795E+02  2.06031E+00   1.65096E+02  2.10069E+00   1.64471E+02  2.13747E+00   1.63920E+02  2.17025E+00   1.63444E+02  2.19866E+00   1.63041E+02  2.22239E+00   1.62712E+02  2.24115E+00   1.62457E+02  2.25472E+00   1.62274E+02  2.26293E+00   1.62164E+02  2.26568E+00   1.62128E+02  2.26292E+00   1.62164E+02  2.25472E+00   1.62274E+02  2.24115E+00   1.62456E+02  2.22239E+00   1.62712E+02  2.19866E+00   1.63041E+02  2.17025E+00   1.63444E+02  2.13747E+00   1.63920E+02  2.10069E+00   1.64471E+02  2.06031E+00   1.65096E+02  2.01672E+00   1.65795E+02  1.97035E+00   1.66568E+02  1.92163E+00   1.67416E+02  1.87096E+00   1.68339E+02  1.81875E+00   1.69336E+02  1.76540E+00   1.70408E+02  1.71124E+00   1.71553E+02  1.65664E+00   1.72773E+02  1.60189E+00   1.74065E+02  1.54728E+00   1.75431E+02  1.49306E+00   1.76868E+02  1.43945E+00   1.78377E+02  1.38664E+00   1.79957E+02  1.33479E+00   1.81606E+02  1.28405E+00   1.83324E+02  1.23452E+00   1.85110E+02  1.18631E+00   1.86962E+02  1.13948E+00   1.88880E+02  1.09407E+00   1.90862E+02  1.05015E+00   1.92907E+02  1.00772E+00   1.95014E+02  9.66799E-01   1.97182E+02  9.27374E-01   1.99409E+02  8.89457E-01   2.01695E+02  8.53012E-01   2.04037E+02  8.18021E-01   2.06435E+02  7.84465E-01   2.08886E+02  7.52297E-01   2.11390E+02  7.21490E-01   2.13946E+02  6.92003E-01   2.16552E+02  6.63794E-01   2.19207E+02 
 6.32457E-01   2.18168E+02  6.59643E-01   2.15506E+02  6.88087E-01   2.12893E+02  7.17817E-01   2.10329E+02  7.48890E-01   2.07818E+02  7.81342E-01   2.05360E+02  8.15205E-01   2.02955E+02  8.50498E-01   2.00607E+02  8.87272E-01   1.98316E+02  9.25530E-01   1.96083E+02  9.65287E-01   1.93910E+02  1.00656E+00   1.91798E+02  1.04933E+00   1.89747E+02  1.09357E+00   1.87761E+02  1.13927E+00   1.85839E+02  1.18637E+00   1.83982E+02  1.23481E+00   1.82193E+02  1.28451E+00   1.80472E+02  1.33534E+00   1.78821E+02  1.38718E+00   1.77239E+02  1.43988E+00   1.75729E+02  1.49325E+00   1.74290E+02  1.54706E+00   1.72923E+02  1.60108E+00   1.71630E+02  1.65502E+00   1.70411E+02  1.70859E+00   1.69266E+02  1.76143E+00   1.68195E+02  1.81320E+00   1.67199E+02  1.86350E+00   1.66277E+02  1.91192E+00   1.65431E+02  1.95805E+00   1.64659E+02  2.00146E+00   1.63962E+02  2.04171E+00   1.63339E+02  2.07841E+00   1.62790E+02  2.11113E+00   1.62315E+02  2.13952E+00   1.61914E+02  2.16324E+00   1.61586E+02  2.18201E+00   1.61332E+02  2.19558E+00   1.61150E+02  2.20380E+00   1.61041E+02  2.20654E+00   1.61005E+02  2.20380E+00   1.61041E+02  2.19558E+00   1.61150E+02  2.18201E+00   1.61332E+02  2.16324E+00   1.61586E+02  2.13952E+00   1.61914E+02  2.11113E+00   1.62315E+02  2.07841E+00   1.62790E+02  2.04171E+00   1.63339E+02  2.00146E+00   1.63962E+02  1.95805E+00   1.64659E+02  1.91192E+00   1.65431E+02  1.86350E+00   1.66277E+02  1.81320E+00   1.67199E+02  1.76143E+00   1.68195E+02  1.70859E+00   1.69266E+02  1.65502E+00   1.70411E+02  1.60108E+00   1.71630E+02  1.54706E+00   1.72923E+02  1.49325E+00   1.74290E+02  1.43988E+00   1.75728E+02  1.38718E+00   1.77239E+02  1.33534E+00   1.78821E+02  1.28451E+00   1.80472E+02  1.23481E+00   1.82194E+02  1.18637E+00   1.83982E+02  1.13927E+00   1.85839E+02  1.09357E+00   1.87761E+02  1.04932E+00   1.89747E+02  1.00656E+00   1.91798E+02  9.65285E-01   1.93910E+02  9.25531E-01   1.96083E+02  8.87272E-01   1.98316E+02  8.50500E-01   2.00608E+02  8.15205E-01   2.02956E+02  7.81340E-01   2.05360E+02  7.48890E-01   2.07818E+02  7.17820E-01   2.10329E+02  6.88087E-01   2.12893E+02  6.59640E-01   2.15506E+02  6.32455E-01   2.18168E+02 
 5.99393E-01   2.17194E+02  6.25439E-01   2.14524E+02  6.52699E-01   2.11904E+02  6.81232E-01   2.09335E+02  7.11070E-01   2.06817E+02  7.42257E-01   2.04352E+02  7.74824E-01   2.01942E+02  8.08807E-01   1.99588E+02  8.44239E-01   1.97291E+02  8.81141E-01   1.95052E+02  9.19523E-01   1.92874E+02  9.59410E-01   1.90757E+02  1.00078E+00   1.88702E+02  1.04364E+00   1.86711E+02  1.08794E+00   1.84786E+02  1.13366E+00   1.82926E+02  1.18074E+00   1.81134E+02  1.22908E+00   1.79411E+02  1.27860E+00   1.77757E+02  1.32916E+00   1.76173E+02  1.38062E+00   1.74661E+02  1.43279E+00   1.73222E+02  1.48546E+00   1.71855E+02  1.53841E+00   1.70562E+02  1.59134E+00   1.69343E+02  1.64397E+00   1.68198E+02  1.69595E+00   1.67129E+02  1.74694E+00   1.66134E+02  1.79653E+00   1.65214E+02  1.84433E+00   1.64369E+02  1.88990E+00   1.63599E+02  1.93284E+00   1.62904E+02  1.97269E+00   1.62283E+02  2.00904E+00   1.61736E+02  2.04149E+00   1.61263E+02  2.06966E+00   1.60864E+02  2.09321E+00   1.60538E+02  2.11184E+00   1.60284E+02  2.12533E+00   1.60103E+02  2.13349E+00   1.59995E+02  2.13623E+00   1.59959E+02  2.13349E+00   1.59995E+02  2.12533E+00   1.60103E+02  2.11184E+00   1.60284E+02  2.09321E+00   1.60538E+02  2.06966E+00   1.60864E+02  2.04149E+00   1.61263E+02  2.00904E+00   1.61736E+02  1.97269E+00   1.62283E+02  1.93283E+00   1.62904E+02  1.88990E+00   1.63599E+02  1.84432E+00   1.64369E+02  1.79653E+00   1.65214E+02  1.74694E+00   1.66134E+02  1.69595E+00   1.67129E+02  1.64397E+00   1.68198E+02  1.59134E+00   1.69343E+02  1.53841E+00   1.70562E+02  1.48546E+00   1.71855E+02  1.43279E+00   1.73222E+02  1.38062E+00   1.74661E+02  1.32916E+00   1.76173E+02  1.27860E+00   1.77757E+02  1.22908E+00   1.79411E+02  1.18074E+00   1.81134E+02  1.13366E+00   1.82926E+02  1.08794E+00   1.84786E+02  1.04364E+00   1.86711E+02  1.00078E+00   1.88702E+02  9.59410E-01   1.90757E+02  9.19526E-01   1.92874E+02  8.81140E-01   1.95052E+02  8.44238E-01   1.97291E+02  8.08810E-01   1.99587E+02  7.74823E-01   2.01942E+02  7.42256E-01   2.04352E+02  7.11070E-01   2.06817E+02  6.81230E-01   2.09334E+02  6.52700E-01   2.11904E+02  6.25439E-01   2.14524E+02  5.99391E-01   2.17194E+02 
 5.64647E-01   2.16284E+02  5.89426E-01   2.13608E+02  6.15398E-01   2.10982E+02  6.42581E-01   2.08406E+02  6.71041E-01   2.05882E+02  7.00808E-01   2.03411E+02  7.31923E-01   2.00995E+02  7.64407E-01   1.98636E+02  7.98318E-01   1.96333E+02  8.33659E-01   1.94091E+02  8.70460E-01   1.91907E+02  9.08737E-01   1.89786E+02  9.48480E-01   1.87727E+02  9.89690E-01   1.85733E+02  1.03234E+00   1.83803E+02  1.07640E+00   1.81941E+02  1.12181E+00   1.80146E+02  1.16850E+00   1.78421E+02  1.21638E+00   1.76765E+02  1.26533E+00   1.75180E+02  1.31520E+00   1.73667E+02  1.36583E+00   1.72227E+02  1.41700E+00   1.70860E+02  1.46850E+00   1.69567E+02  1.52005E+00   1.68349E+02  1.57137E+00   1.67205E+02  1.62211E+00   1.66137E+02  1.67194E+00   1.65144E+02  1.72046E+00   1.64226E+02  1.76728E+00   1.63383E+02  1.81196E+00   1.62615E+02  1.85410E+00   1.61922E+02  1.89324E+00   1.61304E+02  1.92898E+00   1.60759E+02  1.96090E+00   1.60288E+02  1.98863E+00   1.59890E+02  2.01182E+00   1.59566E+02  2.03019E+00   1.59314E+02  2.04348E+00   1.59134E+02  2.05154E+00   1.59026E+02  2.05423E+00   1.58990E+02  2.05154E+00   1.59026E+02  2.04348E+00   1.59134E+02  2.03019E+00   1.59314E+02  2.01182E+00   1.59566E+02  1.98864E+00   1.59890E+02  1.96090E+00   1.60288E+02  1.92898E+00   1.60759E+02  1.89324E+00   1.61304E+02  1.85410E+00   1.61922E+02  1.81196E+00   1.62615E+02  1.76728E+00   1.63383E+02  1.72046E+00   1.64226E+02  1.67194E+00   1.65144E+02  1.62211E+00   1.66137E+02  1.57137E+00   1.67205E+02  1.52006E+00   1.68349E+02  1.46850E+00   1.69567E+02  1.41701E+00   1.70860E+02  1.36582E+00   1.72227E+02  1.31520E+00   1.73667E+02  1.26533E+00   1.75180E+02  1.21638E+00   1.76765E+02  1.16850E+00   1.78420E+02  1.12181E+00   1.80146E+02  1.07640E+00   1.81941E+02  1.03234E+00   1.83803E+02  9.89690E-01   1.85733E+02  9.48479E-01   1.87727E+02  9.08733E-01   1.89786E+02  8.70459E-01   1.91907E+02  8.33662E-01   1.94091E+02  7.98316E-01   1.96334E+02  7.64409E-01   1.98636E+02  7.31924E-01   2.00995E+02  7.00805E-01   2.03411E+02  6.71042E-01   2.05882E+02  6.42585E-01   2.08405E+02  6.15397E-01   2.10982E+02  5.89425E-01   2.13608E+02  5.64645E-01   2.16284E+02 
 5.28265E-01   2.15440E+02  5.51680E-01   2.12758E+02  5.76212E-01   2.10125E+02  6.01931E-01   2.07544E+02  6.28868E-01   2.05014E+02  6.57062E-01   2.02538E+02  6.86550E-01   2.00117E+02  7.17376E-01   1.97752E+02  7.49569E-01   1.95446E+02  7.83156E-01   1.93198E+02  8.18159E-01   1.91010E+02  8.54600E-01   1.88885E+02  8.92467E-01   1.86822E+02  9.31780E-01   1.84825E+02  9.72502E-01   1.82893E+02  1.01461E+00   1.81027E+02  1.05807E+00   1.79231E+02  1.10279E+00   1.77503E+02  1.14871E+00   1.75846E+02  1.19570E+00   1.74260E+02  1.24363E+00   1.72746E+02  1.29234E+00   1.71306E+02  1.34165E+00   1.69939E+02  1.39132E+00   1.68647E+02  1.44109E+00   1.67429E+02  1.49070E+00   1.66287E+02  1.53981E+00   1.65220E+02  1.58808E+00   1.64229E+02  1.63514E+00   1.63313E+02  1.68059E+00   1.62473E+02  1.72402E+00   1.61707E+02  1.76501E+00   1.61017E+02  1.80312E+00   1.60400E+02  1.83795E+00   1.59858E+02  1.86907E+00   1.59389E+02  1.89613E+00   1.58994E+02  1.91877E+00   1.58671E+02  1.93671E+00   1.58420E+02  1.94969E+00   1.58241E+02  1.95756E+00   1.58134E+02  1.96020E+00   1.58098E+02  1.95756E+00   1.58134E+02  1.94970E+00   1.58241E+02  1.93671E+00   1.58420E+02  1.91877E+00   1.58671E+02  1.89613E+00   1.58994E+02  1.86907E+00   1.59389E+02  1.83794E+00   1.59858E+02  1.80312E+00   1.60400E+02  1.76501E+00   1.61017E+02  1.72402E+00   1.61707E+02  1.68059E+00   1.62473E+02  1.63514E+00   1.63313E+02  1.58808E+00   1.64229E+02  1.53981E+00   1.65220E+02  1.49070E+00   1.66287E+02  1.44109E+00   1.67429E+02  1.39132E+00   1.68647E+02  1.34164E+00   1.69939E+02  1.29235E+00   1.71306E+02  1.24363E+00   1.72746E+02  1.19570E+00   1.74260E+02  1.14871E+00   1.75846E+02  1.10279E+00   1.77503E+02  1.05807E+00   1.79230E+02  1.01461E+00   1.81028E+02  9.72503E-01   1.82892E+02  9.31779E-01   1.84825E+02  8.92468E-01   1.86823E+02  8.54600E-01   1.88885E+02  8.18159E-01   1.91011E+02  7.83156E-01   1.93198E+02  7.49569E-01   1.95446E+02  7.17376E-01   1.97753E+02  6.86553E-01   2.00117E+02  6.57063E-01   2.02538E+02  6.28865E-01   2.05014E+02  6.01929E-01   2.07544E+02  5.76216E-01   2.10125E+02  5.51680E-01   2.12758E+02  5.28265E-01   2.15440E+02 
 4.90331E-01   2.14661E+02  5.12243E-01   2.11973E+02  5.35243E-01   2.09336E+02  5.59349E-01   2.06749E+02  5.84625E-01   2.04214E+02  6.11094E-01   2.01733E+02  6.38804E-01   1.99307E+02  6.67782E-01   1.96938E+02  6.98083E-01   1.94627E+02  7.29711E-01   1.92375E+02  7.62709E-01   1.90184E+02  7.97084E-01   1.88055E+02  8.32847E-01   1.85989E+02  8.70001E-01   1.83988E+02  9.08527E-01   1.82053E+02  9.48410E-01   1.80186E+02  9.89599E-01   1.78387E+02  1.03204E+00   1.76658E+02  1.07565E+00   1.74999E+02  1.12034E+00   1.73413E+02  1.16597E+00   1.71899E+02  1.21239E+00   1.70458E+02  1.25943E+00   1.69092E+02  1.30687E+00   1.67801E+02  1.35446E+00   1.66584E+02  1.40195E+00   1.65444E+02  1.44901E+00   1.64378E+02  1.49532E+00   1.63389E+02  1.54050E+00   1.62476E+02  1.58419E+00   1.61638E+02  1.62598E+00   1.60875E+02  1.66545E+00   1.60187E+02  1.70218E+00   1.59573E+02  1.73577E+00   1.59033E+02  1.76581E+00   1.58566E+02  1.79195E+00   1.58173E+02  1.81382E+00   1.57851E+02  1.83116E+00   1.57602E+02  1.84372E+00   1.57424E+02  1.85133E+00   1.57318E+02  1.85388E+00   1.57282E+02  1.85133E+00   1.57318E+02  1.84372E+00   1.57424E+02  1.83117E+00   1.57602E+02  1.81382E+00   1.57851E+02  1.79195E+00   1.58173E+02  1.76581E+00   1.58566E+02  1.73577E+00   1.59033E+02  1.70218E+00   1.59573E+02  1.66545E+00   1.60187E+02  1.62598E+00   1.60874E+02  1.58420E+00   1.61638E+02  1.54050E+00   1.62476E+02  1.49532E+00   1.63389E+02  1.44901E+00   1.64378E+02  1.40195E+00   1.65444E+02  1.35447E+00   1.66584E+02  1.30687E+00   1.67801E+02  1.25943E+00   1.69092E+02  1.21239E+00   1.70458E+02  1.16597E+00   1.71899E+02  1.12033E+00   1.73413E+02  1.07566E+00   1.74999E+02  1.03204E+00   1.76658E+02  9.89598E-01   1.78387E+02  9.48414E-01   1.80186E+02  9.08527E-01   1.82053E+02  8.70002E-01   1.83988E+02  8.32847E-01   1.85989E+02  7.97081E-01   1.88055E+02  7.62707E-01   1.90184E+02  7.29713E-01   1.92375E+02  6.98080E-01   1.94627E+02  6.67785E-01   1.96938E+02  6.38807E-01   1.99307E+02  6.11092E-01   2.01733E+02  5.84625E-01   2.04215E+02  5.59352E-01   2.06749E+02  5.35241E-01   2.09336E+02  5.12244E-01   2.11973E+02  4.90330E-01   2.14661E+02 
 4.50902E-01   2.13949E+02  4.71228E-01   2.11257E+02  4.92552E-01   2.08613E+02  5.14934E-01   2.06022E+02  5.38407E-01   2.03482E+02  5.63008E-01   2.00997E+02  5.88775E-01   1.98567E+02  6.15752E-01   1.96193E+02  6.43969E-01   1.93878E+02  6.73452E-01   1.91623E+02  7.04230E-01   1.89428E+02  7.36324E-01   1.87296E+02  7.69735E-01   1.85227E+02  8.04483E-01   1.83223E+02  8.40544E-01   1.81286E+02  8.77906E-01   1.79417E+02  9.16533E-01   1.77616E+02  9.56368E-01   1.75886E+02  9.97351E-01   1.74226E+02  1.03938E+00   1.72639E+02  1.08234E+00   1.71125E+02  1.12609E+00   1.69685E+02  1.17047E+00   1.68319E+02  1.21528E+00   1.67029E+02  1.26028E+00   1.65814E+02  1.30522E+00   1.64674E+02  1.34980E+00   1.63611E+02  1.39372E+00   1.62624E+02  1.43661E+00   1.61713E+02  1.47813E+00   1.60877E+02  1.51786E+00   1.60117E+02  1.55544E+00   1.59432E+02  1.59042E+00   1.58821E+02  1.62245E+00   1.58283E+02  1.65110E+00   1.57819E+02  1.67605E+00   1.57427E+02  1.69694E+00   1.57108E+02  1.71351E+00   1.56860E+02  1.72551E+00   1.56683E+02  1.73278E+00   1.56577E+02  1.73522E+00   1.56542E+02  1.73278E+00   1.56577E+02  1.72551E+00   1.56683E+02  1.71351E+00   1.56860E+02  1.69694E+00   1.57108E+02  1.67605E+00   1.57427E+02  1.65110E+00   1.57819E+02  1.62245E+00   1.58283E+02  1.59042E+00   1.58821E+02  1.55544E+00   1.59432E+02  1.51786E+00   1.60117E+02  1.47813E+00   1.60877E+02  1.43661E+00   1.61713E+02  1.39372E+00   1.62624E+02  1.34980E+00   1.63611E+02  1.30522E+00   1.64674E+02  1.26028E+00   1.65814E+02  1.21528E+00   1.67028E+02  1.17047E+00   1.68319E+02  1.12610E+00   1.69685E+02  1.08234E+00   1.71125E+02  1.03938E+00   1.72639E+02  9.97352E-01   1.74226E+02  9.56370E-01   1.75885E+02  9.16536E-01   1.77616E+02  8.77904E-01   1.79417E+02  8.40545E-01   1.81286E+02  8.04482E-01   1.83223E+02  7.69736E-01   1.85227E+02  7.36326E-01   1.87295E+02  7.04227E-01   1.89428E+02  6.73452E-01   1.91622E+02  6.43969E-01   1.93878E+02  6.15749E-01   1.96194E+02  5.88778E-01   1.98567E+02  5.63010E-01   2.00997E+02  5.38404E-01   2.03482E+02  5.14932E-01   2.06022E+02  4.92555E-01   2.08613E+02  4.71227E-01   2.11257E+02  4.50902E-01   2.13949E+02 
 4.10089E-01   2.13304E+02  4.28703E-01   2.10606E+02  4.48259E-01   2.07959E+02  4.68786E-01   2.05363E+02  4.90329E-01   2.02819E+02  5.12920E-01   2.00329E+02  5.36600E-01   1.97896E+02  5.61400E-01   1.95518E+02  5.87365E-01   1.93200E+02  6.14510E-01   1.90941E+02  6.42873E-01   1.88743E+02  6.72464E-01   1.86608E+02  7.03304E-01   1.84536E+02  7.35395E-01   1.82531E+02  7.68727E-01   1.80591E+02  8.03299E-01   1.78720E+02  8.39062E-01   1.76918E+02  8.75988E-01   1.75186E+02  9.14003E-01   1.73526E+02  9.53022E-01   1.71939E+02  9.92959E-01   1.70425E+02  1.03366E+00   1.68985E+02  1.07499E+00   1.67620E+02  1.11675E+00   1.66331E+02  1.15874E+00   1.65117E+02  1.20071E+00   1.63980E+02  1.24239E+00   1.62919E+02  1.28348E+00   1.61934E+02  1.32366E+00   1.61025E+02  1.36257E+00   1.60192E+02  1.39985E+00   1.59434E+02  1.43513E+00   1.58751E+02  1.46801E+00   1.58143E+02  1.49812E+00   1.57608E+02  1.52509E+00   1.57146E+02  1.54857E+00   1.56757E+02  1.56824E+00   1.56439E+02  1.58385E+00   1.56192E+02  1.59516E+00   1.56017E+02  1.60202E+00   1.55911E+02  1.60431E+00   1.55876E+02  1.60202E+00   1.55911E+02  1.59516E+00   1.56017E+02  1.58385E+00   1.56192E+02  1.56824E+00   1.56439E+02  1.54857E+00   1.56757E+02  1.52508E+00   1.57146E+02  1.49812E+00   1.57608E+02  1.46801E+00   1.58143E+02  1.43513E+00   1.58751E+02  1.39985E+00   1.59434E+02  1.36257E+00   1.60192E+02  1.32365E+00   1.61025E+02  1.28348E+00   1.61934E+02  1.24239E+00   1.62919E+02  1.20071E+00   1.63980E+02  1.15874E+00   1.65117E+02  1.11675E+00   1.66331E+02  1.07499E+00   1.67620E+02  1.03366E+00   1.68985E+02  9.92961E-01   1.70425E+02  9.53020E-01   1.71939E+02  9.14004E-01   1.73527E+02  8.75987E-01   1.75186E+02  8.39063E-01   1.76918E+02  8.03303E-01   1.78720E+02  7.68726E-01   1.80591E+02  7.35397E-01   1.82530E+02  7.03302E-01   1.84536E+02  6.72463E-01   1.86608E+02  6.42873E-01   1.88743E+02  6.14510E-01   1.90941E+02  5.87363E-01   1.93199E+02  5.61402E-01   1.95518E+02  5.36600E-01   1.97895E+02  5.12920E-01   2.00329E+02  4.90330E-01   2.02820E+02  4.68787E-01   2.05363E+02  4.48256E-01   2.07959E+02  4.28705E-01   2.10606E+02  4.10087E-01   2.13303E+02 
 3.67978E-01   2.12725E+02  3.84795E-01   2.10024E+02  4.02467E-01   2.07372E+02  4.21026E-01   2.04772E+02  4.40519E-01   2.02224E+02  4.60966E-01   1.99731E+02  4.82411E-01   1.97294E+02  5.04889E-01   1.94913E+02  5.28437E-01   1.92592E+02  5.53067E-01   1.90330E+02  5.78820E-01   1.88129E+02  6.05709E-01   1.85991E+02  6.33747E-01   1.83918E+02  6.62949E-01   1.81910E+02  6.93305E-01   1.79969E+02  7.24806E-01   1.78096E+02  7.57430E-01   1.76293E+02  7.91129E-01   1.74561E+02  8.25864E-01   1.72900E+02  8.61547E-01   1.71313E+02  8.98091E-01   1.69799E+02  9.35378E-01   1.68359E+02  9.73267E-01   1.66995E+02  1.01159E+00   1.65707E+02  1.05016E+00   1.64495E+02  1.08874E+00   1.63359E+02  1.12709E+00   1.62300E+02  1.16493E+00   1.61317E+02  1.20196E+00   1.60411E+02  1.23786E+00   1.59580E+02  1.27228E+00   1.58825E+02  1.30487E+00   1.58145E+02  1.33526E+00   1.57539E+02  1.36312E+00   1.57007E+02  1.38808E+00   1.56547E+02  1.40983E+00   1.56160E+02  1.42806E+00   1.55844E+02  1.44253E+00   1.55599E+02  1.45301E+00   1.55424E+02  1.45937E+00   1.55319E+02  1.46149E+00   1.55284E+02  1.45937E+00   1.55319E+02  1.45301E+00   1.55424E+02  1.44253E+00   1.55599E+02  1.42806E+00   1.55844E+02  1.40983E+00   1.56160E+02  1.38808E+00   1.56547E+02  1.36312E+00   1.57007E+02  1.33526E+00   1.57539E+02  1.30487E+00   1.58145E+02  1.27228E+00   1.58825E+02  1.23786E+00   1.59581E+02  1.20196E+00   1.60411E+02  1.16493E+00   1.61317E+02  1.12709E+00   1.62300E+02  1.08874E+00   1.63359E+02  1.05016E+00   1.64495E+02  1.01159E+00   1.65707E+02  9.73268E-01   1.66995E+02  9.35378E-01   1.68359E+02  8.98091E-01   1.69799E+02  8.61550E-01   1.71312E+02  8.25863E-01   1.72900E+02  7.91132E-01   1.74561E+02  7.57431E-01   1.76293E+02  7.24804E-01   1.78096E+02  6.93307E-01   1.79969E+02  6.62949E-01   1.81910E+02  6.33747E-01   1.83918E+02  6.05712E-01   1.85991E+02  5.78817E-01   1.88129E+02  5.53068E-01   1.90329E+02  5.28435E-01   1.92592E+02  5.04887E-01   1.94914E+02  4.82415E-01   1.97294E+02  4.60967E-01   1.99731E+02  4.40515E-01   2.02225E+02  4.21027E-01   2.04772E+02  4.02469E-01   2.07372E+02  3.84794E-01   2.10024E+02  3.67977E-01   2.12725E+02 
 3.24688E-01   2.12214E+02  3.39617E-01   2.09508E+02  3.55306E-01   2.06854E+02  3.71799E-01   2.04250E+02  3.89121E-01   2.01699E+02  4.07304E-01   1.99203E+02  4.26386E-01   1.96763E+02  4.46394E-01   1.94379E+02  4.67362E-01   1.92055E+02  4.89315E-01   1.89790E+02  5.12278E-01   1.87587E+02  5.36269E-01   1.85448E+02  5.61306E-01   1.83371E+02  5.87397E-01   1.81362E+02  6.14533E-01   1.79419E+02  6.42724E-01   1.77545E+02  6.71925E-01   1.75742E+02  7.02129E-01   1.74008E+02  7.33271E-01   1.72347E+02  7.65287E-01   1.70760E+02  7.98114E-01   1.69246E+02  8.31620E-01   1.67807E+02  8.65709E-01   1.66444E+02  9.00206E-01   1.65157E+02  9.34955E-01   1.63947E+02  9.69746E-01   1.62813E+02  1.00435E+00   1.61756E+02  1.03854E+00   1.60775E+02  1.07200E+00   1.59871E+02  1.10448E+00   1.59043E+02  1.13563E+00   1.58290E+02  1.16515E+00   1.57612E+02  1.19270E+00   1.57009E+02  1.21796E+00   1.56479E+02  1.24061E+00   1.56021E+02  1.26035E+00   1.55636E+02  1.27690E+00   1.55321E+02  1.29005E+00   1.55078E+02  1.29957E+00   1.54904E+02  1.30535E+00   1.54800E+02  1.30728E+00   1.54765E+02  1.30535E+00   1.54800E+02  1.29957E+00   1.54904E+02  1.29005E+00   1.55078E+02  1.27690E+00   1.55321E+02  1.26035E+00   1.55636E+02  1.24061E+00   1.56021E+02  1.21796E+00   1.56479E+02  1.19270E+00   1.57009E+02  1.16515E+00   1.57612E+02  1.13563E+00   1.58290E+02  1.10448E+00   1.59043E+02  1.07200E+00   1.59871E+02  1.03854E+00   1.60775E+02  1.00435E+00   1.61755E+02  9.69747E-01   1.62813E+02  9.34954E-01   1.63947E+02  9.00207E-01   1.65157E+02  8.65708E-01   1.66444E+02  8.31620E-01   1.67807E+02  7.98114E-01   1.69246E+02  7.65286E-01   1.70760E+02  7.33272E-01   1.72348E+02  7.02128E-01   1.74008E+02  6.71927E-01   1.75741E+02  6.42725E-01   1.77546E+02  6.14532E-01   1.79419E+02  5.87399E-01   1.81362E+02  5.61305E-01   1.83371E+02  5.36269E-01   1.85447E+02  5.12279E-01   1.87587E+02  4.89314E-01   1.89791E+02  4.67362E-01   1.92054E+02  4.46394E-01   1.94379E+02  4.26385E-01   1.96762E+02  4.07306E-01   1.99203E+02  3.89122E-01   2.01700E+02  3.71799E-01   2.04250E+02  3.55304E-01   2.06854E+02  3.39618E-01   2.09508E+02  3.24687E-01   2.12214E+02 
 2.80344E-01   2.11770E+02  2.93297E-01   2.09062E+02  3.06923E-01   2.06404E+02  3.21243E-01   2.03798E+02  3.36298E-01   2.01243E+02  3.52104E-01   1.98745E+02  3.68695E-01   1.96302E+02  3.86107E-01   1.93915E+02  4.04365E-01   1.91589E+02  4.23480E-01   1.89322E+02  4.43495E-01   1.87117E+02  4.64412E-01   1.84975E+02  4.86253E-01   1.82897E+02  5.09025E-01   1.80886E+02  5.32730E-01   1.78943E+02  5.57362E-01   1.77068E+02  5.82906E-01   1.75263E+02  6.09329E-01   1.73529E+02  6.36603E-01   1.71868E+02  6.64665E-01   1.70281E+02  6.93444E-01   1.68767E+02  7.22854E-01   1.67329E+02  7.52785E-01   1.65967E+02  7.83105E-01   1.64681E+02  8.13663E-01   1.63472E+02  8.44280E-01   1.62340E+02  8.74764E-01   1.61284E+02  9.04884E-01   1.60306E+02  9.34404E-01   1.59404E+02  9.63060E-01   1.58578E+02  9.90571E-01   1.57828E+02  1.01666E+00   1.57152E+02  1.04101E+00   1.56551E+02  1.06336E+00   1.56023E+02  1.08340E+00   1.55568E+02  1.10088E+00   1.55184E+02  1.11554E+00   1.54871E+02  1.12718E+00   1.54629E+02  1.13562E+00   1.54456E+02  1.14074E+00   1.54353E+02  1.14246E+00   1.54318E+02  1.14074E+00   1.54353E+02  1.13562E+00   1.54456E+02  1.12718E+00   1.54629E+02  1.11554E+00   1.54871E+02  1.10088E+00   1.55184E+02  1.08340E+00   1.55568E+02  1.06336E+00   1.56023E+02  1.04101E+00   1.56551E+02  1.01666E+00   1.57152E+02  9.90570E-01   1.57828E+02  9.63060E-01   1.58578E+02  9.34403E-01   1.59404E+02  9.04885E-01   1.60306E+02  8.74765E-01   1.61284E+02  8.44279E-01   1.62340E+02  8.13665E-01   1.63472E+02  7.83103E-01   1.64681E+02  7.52786E-01   1.65967E+02  7.22854E-01   1.67329E+02  6.93444E-01   1.68768E+02  6.64666E-01   1.70281E+02  6.36602E-01   1.71868E+02  6.09331E-01   1.73529E+02  5.82907E-01   1.75263E+02  5.57360E-01   1.77068E+02  5.32733E-01   1.78942E+02  5.09025E-01   1.80887E+02  4.86253E-01   1.82897E+02  4.64414E-01   1.84975E+02  4.43493E-01   1.87117E+02  4.23482E-01   1.89321E+02  4.04364E-01   1.91589E+02  3.86103E-01   1.93916E+02  3.68699E-01   1.96302E+02  3.52104E-01   1.98744E+02  3.36295E-01   2.01244E+02  3.21245E-01   2.03797E+02  3.06925E-01   2.06404E+02  2.93295E-01   2.09062E+02  2.80344E-01   2.11770E+02 
 2.35072E-01   2.11395E+02  2.45985E-01   2.08682E+02  2.57459E-01   2.06023E+02  2.69533E-01   2.03414E+02  2.82224E-01   2.00858E+02  2.95552E-01   1.98356E+02  3.09554E-01   1.95911E+02  3.24249E-01   1.93522E+02  3.39661E-01   1.91194E+02  3.55814E-01   1.88925E+02  3.72723E-01   1.86718E+02  3.90413E-01   1.84576E+02  4.08888E-01   1.82496E+02  4.28166E-01   1.80485E+02  4.48235E-01   1.78539E+02  4.69113E-01   1.76664E+02  4.90758E-01   1.74858E+02  5.13181E-01   1.73124E+02  5.36325E-01   1.71463E+02  5.60151E-01   1.69875E+02  5.84611E-01   1.68362E+02  6.09611E-01   1.66925E+02  6.35079E-01   1.65563E+02  6.60888E-01   1.64279E+02  6.86919E-01   1.63071E+02  7.13020E-01   1.61940E+02  7.39013E-01   1.60886E+02  7.64724E-01   1.59910E+02  7.89926E-01   1.59010E+02  8.14413E-01   1.58186E+02  8.37929E-01   1.57438E+02  8.60240E-01   1.56764E+02  8.81083E-01   1.56165E+02  9.00213E-01   1.55639E+02  9.17376E-01   1.55186E+02  9.32351E-01   1.54803E+02  9.44914E-01   1.54492E+02  9.54895E-01   1.54251E+02  9.62132E-01   1.54079E+02  9.66524E-01   1.53976E+02  9.67991E-01   1.53941E+02  9.66524E-01   1.53976E+02  9.62131E-01   1.54079E+02  9.54896E-01   1.54251E+02  9.44915E-01   1.54492E+02  9.32351E-01   1.54803E+02  9.17378E-01   1.55186E+02  9.00214E-01   1.55639E+02  8.81083E-01   1.56165E+02  8.60241E-01   1.56764E+02  8.37928E-01   1.57438E+02  8.14413E-01   1.58186E+02  7.89926E-01   1.59010E+02  7.64723E-01   1.59910E+02  7.39013E-01   1.60886E+02  7.13020E-01   1.61940E+02  6.86919E-01   1.63071E+02  6.60889E-01   1.64279E+02  6.35079E-01   1.65564E+02  6.09612E-01   1.66925E+02  5.84612E-01   1.68363E+02  5.60151E-01   1.69875E+02  5.36327E-01   1.71463E+02  5.13179E-01   1.73124E+02  4.90761E-01   1.74858E+02  4.69112E-01   1.76664E+02  4.48234E-01   1.78539E+02  4.28168E-01   1.80484E+02  4.08887E-01   1.82496E+02  3.90413E-01   1.84575E+02  3.72724E-01   1.86718E+02  3.55812E-01   1.88926E+02  3.39663E-01   1.91193E+02  3.24250E-01   1.93523E+02  3.09554E-01   1.95911E+02  2.95556E-01   1.98356E+02  2.82224E-01   2.00859E+02  2.69533E-01   2.03414E+02  2.57458E-01   2.06023E+02  2.45987E-01   2.08683E+02  2.35070E-01   2.11394E+02 
 1.89019E-01   2.11086E+02  1.97823E-01   2.08374E+02  2.07090E-01   2.05711E+02  2.16834E-01   2.03100E+02  2.27085E-01   2.00541E+02  2.37856E-01   1.98038E+02  2.49167E-01   1.95591E+02  2.61049E-01   1.93201E+02  2.73518E-01   1.90871E+02  2.86580E-01   1.88601E+02  3.00272E-01   1.86392E+02  3.14589E-01   1.84248E+02  3.29556E-01   1.82167E+02  3.45172E-01   1.80155E+02  3.61445E-01   1.78209E+02  3.78369E-01   1.76333E+02  3.95939E-01   1.74527E+02  4.14134E-01   1.72792E+02  4.32931E-01   1.71131E+02  4.52294E-01   1.69544E+02  4.72177E-01   1.68031E+02  4.92513E-01   1.66594E+02  5.13237E-01   1.65234E+02  5.34251E-01   1.63950E+02  5.55458E-01   1.62743E+02  5.76728E-01   1.61613E+02  5.97930E-01   1.60561E+02  6.18902E-01   1.59586E+02  6.39478E-01   1.58688E+02  6.59474E-01   1.57866E+02  6.78688E-01   1.57120E+02  6.96928E-01   1.56448E+02  7.13968E-01   1.55851E+02  7.29622E-01   1.55326E+02  7.43663E-01   1.54874E+02  7.55923E-01   1.54494E+02  7.66208E-01   1.54183E+02  7.74383E-01   1.53943E+02  7.80309E-01   1.53772E+02  7.83907E-01   1.53669E+02  7.85109E-01   1.53635E+02  7.83907E-01   1.53669E+02  7.80309E-01   1.53772E+02  7.74383E-01   1.53943E+02  7.66208E-01   1.54183E+02  7.55924E-01   1.54494E+02  7.43662E-01   1.54874E+02  7.29623E-01   1.55326E+02  7.13967E-01   1.55850E+02  6.96927E-01   1.56448E+02  6.78688E-01   1.57120E+02  6.59472E-01   1.57866E+02  6.39479E-01   1.58688E+02  6.18900E-01   1.59586E+02  5.97931E-01   1.60561E+02  5.76726E-01   1.61614E+02  5.55459E-01   1.62743E+02  5.34250E-01   1.63949E+02  5.13240E-01   1.65234E+02  4.92513E-01   1.66594E+02  4.72177E-01   1.68032E+02  4.52295E-01   1.69544E+02  4.32930E-01   1.71131E+02  4.14135E-01   1.72793E+02  3.95939E-01   1.74526E+02  3.78368E-01   1.76333E+02  3.61447E-01   1.78208E+02  3.45172E-01   1.80155E+02  3.29557E-01   1.82168E+02  3.14589E-01   1.84248E+02  3.00272E-01   1.86392E+02  2.86581E-01   1.88600E+02  2.73515E-01   1.90871E+02  2.61045E-01   1.93202E+02  2.49169E-01   1.95592E+02  2.37855E-01   1.98038E+02  2.27082E-01   2.00542E+02  2.16838E-01   2.03099E+02  2.07091E-01   2.05711E+02  1.97820E-01   2.08375E+02  1.89020E-01   2.11085E+02 
 1.42328E-01   2.10848E+02  1.48977E-01   2.08131E+02  1.55974E-01   2.05469E+02  1.63337E-01   2.02855E+02  1.71085E-01   2.00295E+02  1.79220E-01   1.97791E+02  1.87777E-01   1.95342E+02  1.96761E-01   1.92950E+02  2.06188E-01   1.90620E+02  2.16073E-01   1.88347E+02  2.26430E-01   1.86138E+02  2.37273E-01   1.83993E+02  2.48604E-01   1.81912E+02  2.60439E-01   1.79899E+02  2.72766E-01   1.77952E+02  2.85603E-01   1.76075E+02  2.98919E-01   1.74269E+02  3.12728E-01   1.72535E+02  3.26992E-01   1.70874E+02  3.41689E-01   1.69286E+02  3.56793E-01   1.67774E+02  3.72241E-01   1.66337E+02  3.87996E-01   1.64977E+02  4.03974E-01   1.63694E+02  4.20107E-01   1.62488E+02  4.36296E-01   1.61360E+02  4.52434E-01   1.60309E+02  4.68410E-01   1.59335E+02  4.84085E-01   1.58438E+02  4.99327E-01   1.57618E+02  5.13978E-01   1.56873E+02  5.27889E-01   1.56202E+02  5.40893E-01   1.55607E+02  5.52837E-01   1.55083E+02  5.63559E-01   1.54633E+02  5.72920E-01   1.54253E+02  5.80774E-01   1.53944E+02  5.87019E-01   1.53704E+02  5.91545E-01   1.53533E+02  5.94297E-01   1.53431E+02  5.95212E-01   1.53397E+02  5.94297E-01   1.53431E+02  5.91545E-01   1.53533E+02  5.87021E-01   1.53704E+02  5.80775E-01   1.53944E+02  5.72919E-01   1.54253E+02  5.63560E-01   1.54633E+02  5.52837E-01   1.55083E+02  5.40895E-01   1.55606E+02  5.27889E-01   1.56203E+02  5.13978E-01   1.56873E+02  4.99329E-01   1.57618E+02  4.84084E-01   1.58438E+02  4.68410E-01   1.59335E+02  4.52434E-01   1.60309E+02  4.36295E-01   1.61360E+02  4.20107E-01   1.62488E+02  4.03975E-01   1.63694E+02  3.87995E-01   1.64977E+02  3.72242E-01   1.66337E+02  3.56793E-01   1.67774E+02  3.41690E-01   1.69286E+02  3.26993E-01   1.70874E+02  3.12725E-01   1.72535E+02  2.98922E-01   1.74269E+02  2.85601E-01   1.76075E+02  2.72765E-01   1.77952E+02  2.60442E-01   1.79898E+02  2.48602E-01   1.81912E+02  2.37274E-01   1.83993E+02  2.26430E-01   1.86139E+02  2.16071E-01   1.88348E+02  2.06190E-01   1.90618E+02  1.96760E-01   1.92951E+02  1.87776E-01   1.95342E+02  1.79224E-01   1.97790E+02  1.71085E-01   2.00297E+02  1.63336E-01   2.02855E+02  1.55974E-01   2.05468E+02  1.48979E-01   2.08132E+02  1.42326E-01   2.10847E+02 
 9.51546E-02   2.10674E+02  9.96099E-02   2.07962E+02  1.04298E-01   2.05295E+02  1.09233E-01   2.02680E+02  1.14423E-01   2.00118E+02  1.19881E-01   1.97614E+02  1.25612E-01   1.95165E+02  1.31639E-01   1.92772E+02  1.37965E-01   1.90441E+02  1.44595E-01   1.88168E+02  1.51547E-01   1.85957E+02  1.58823E-01   1.83812E+02  1.66432E-01   1.81728E+02  1.74373E-01   1.79715E+02  1.82654E-01   1.77768E+02  1.91273E-01   1.75891E+02  2.00226E-01   1.74085E+02  2.09504E-01   1.72350E+02  2.19094E-01   1.70689E+02  2.28982E-01   1.69102E+02  2.39140E-01   1.67590E+02  2.49537E-01   1.66154E+02  2.60141E-01   1.64794E+02  2.70897E-01   1.63511E+02  2.81765E-01   1.62307E+02  2.92668E-01   1.61179E+02  3.03547E-01   1.60129E+02  3.14314E-01   1.59156E+02  3.24884E-01   1.58260E+02  3.35166E-01   1.57440E+02  3.45048E-01   1.56697E+02  3.54438E-01   1.56028E+02  3.63212E-01   1.55432E+02  3.71279E-01   1.54911E+02  3.78516E-01   1.54461E+02  3.84840E-01   1.54082E+02  3.90144E-01   1.53774E+02  3.94363E-01   1.53535E+02  3.97422E-01   1.53364E+02  3.99278E-01   1.53262E+02  3.99900E-01   1.53228E+02  3.99278E-01   1.53262E+02  3.97422E-01   1.53364E+02  3.94362E-01   1.53534E+02  3.90144E-01   1.53773E+02  3.84839E-01   1.54082E+02  3.78514E-01   1.54460E+02  3.71279E-01   1.54911E+02  3.63211E-01   1.55432E+02  3.54438E-01   1.56028E+02  3.45047E-01   1.56696E+02  3.35164E-01   1.57441E+02  3.24884E-01   1.58260E+02  3.14314E-01   1.59156E+02  3.03547E-01   1.60129E+02  2.92668E-01   1.61179E+02  2.81765E-01   1.62307E+02  2.70897E-01   1.63511E+02  2.60143E-01   1.64795E+02  2.49536E-01   1.66154E+02  2.39140E-01   1.67590E+02  2.28982E-01   1.69102E+02  2.19093E-01   1.70689E+02  2.09506E-01   1.72350E+02  2.00225E-01   1.74084E+02  1.91275E-01   1.75892E+02  1.82655E-01   1.77768E+02  1.74374E-01   1.79715E+02  1.66432E-01   1.81729E+02  1.58823E-01   1.83811E+02  1.51548E-01   1.85957E+02  1.44594E-01   1.88167E+02  1.37962E-01   1.90440E+02  1.31635E-01   1.92773E+02  1.25614E-01   1.95166E+02  1.19882E-01   1.97612E+02  1.14421E-01   2.00120E+02  1.09237E-01   2.02680E+02  1.04299E-01   2.05294E+02  9.96073E-02   2.07962E+02  9.51562E-02   2.10673E+02 
 4.76599E-02   2.10576E+02  4.98900E-02   2.07852E+02  5.22459E-02   2.05192E+02  5.47175E-02   2.02575E+02  5.73268E-02   2.00013E+02  6.00577E-02   1.97509E+02  6.29386E-02   1.95058E+02  6.59619E-02   1.92662E+02  6.91349E-02   1.90333E+02  7.24598E-02   1.88057E+02  7.59506E-02   1.85848E+02  7.96014E-02   1.83703E+02  8.34216E-02   1.81619E+02  8.74133E-02   1.79607E+02  9.15706E-02   1.77658E+02  9.59044E-02   1.75782E+02  1.00398E-01   1.73975E+02  1.05061E-01   1.72239E+02  1.09882E-01   1.70580E+02  1.14848E-01   1.68989E+02  1.19959E-01   1.67480E+02  1.25184E-01   1.66043E+02  1.30518E-01   1.64684E+02  1.35929E-01   1.63402E+02  1.41396E-01   1.62197E+02  1.46883E-01   1.61071E+02  1.52357E-01   1.60020E+02  1.57777E-01   1.59049E+02  1.63097E-01   1.58153E+02  1.68274E-01   1.57335E+02  1.73250E-01   1.56591E+02  1.77979E-01   1.55923E+02  1.82398E-01   1.55329E+02  1.86462E-01   1.54806E+02  1.90108E-01   1.54358E+02  1.93295E-01   1.53979E+02  1.95966E-01   1.53671E+02  1.98095E-01   1.53432E+02  1.99633E-01   1.53262E+02  2.00575E-01   1.53160E+02  2.00881E-01   1.53127E+02  2.00575E-01   1.53161E+02  1.99633E-01   1.53262E+02  1.98096E-01   1.53433E+02  1.95967E-01   1.53671E+02  1.93296E-01   1.53979E+02  1.90109E-01   1.54358E+02  1.86462E-01   1.54807E+02  1.82399E-01   1.55329E+02  1.77979E-01   1.55923E+02  1.73249E-01   1.56591E+02  1.68275E-01   1.57335E+02  1.63096E-01   1.58153E+02  1.57777E-01   1.59049E+02  1.52356E-01   1.60021E+02  1.46884E-01   1.61071E+02  1.41395E-01   1.62197E+02  1.35930E-01   1.63402E+02  1.30518E-01   1.64685E+02  1.25185E-01   1.66042E+02  1.19959E-01   1.67481E+02  1.14848E-01   1.68991E+02  1.09884E-01   1.70580E+02  1.05058E-01   1.72240E+02  1.00400E-01   1.73974E+02  9.59025E-02   1.75782E+02  9.15696E-02   1.77657E+02  8.74172E-02   1.79606E+02  8.34199E-02   1.81620E+02  7.96032E-02   1.83701E+02  7.59509E-02   1.85850E+02  7.24574E-02   1.88060E+02  6.91367E-02   1.90329E+02  6.59601E-02   1.92664E+02  6.29371E-02   1.95057E+02  6.00621E-02   1.97506E+02  5.73266E-02   2.00018E+02  5.47159E-02   2.02574E+02  5.22441E-02   2.05192E+02  4.98926E-02   2.07856E+02  4.76576E-02   2.10572E+02 
 5.05448E-06   7.13340E+01  2.33206E-06   2.84259E+02  2.98225E-06   3.43730E+02  1.11469E-06   1.33574E+02  2.77102E-06   1.04877E+02  2.11047E-06   1.66894E+02  2.24681E-06   4.37841E-02  2.09537E-06   8.86201E+01  4.90353E-06   2.67369E+02  1.90151E-06   3.02683E+02  7.77656E-07   1.59820E+02  3.90065E-06   2.43698E+02  4.82138E-06   1.01841E+02  1.67802E-06   2.51563E+02  3.51110E-06   7.18762E+01  3.37903E-06   3.48995E+01  3.39645E-06   3.59700E+02  1.40251E-06   8.13619E+01  3.90024E-06   5.26721E-01  1.95975E-06   2.24252E+02  1.52712E-06   3.92059E+01  2.37532E-06   2.92205E+02  2.82461E-06   1.52685E+02  2.26608E-06   1.02483E+01  2.71598E-06   1.88462E+02  2.48194E-06   4.40826E+01  2.03565E-06   2.24903E+02  1.80618E-06   6.44175E+01  2.61849E-06   2.82713E+02  1.03466E-06   1.38632E+02  2.26393E-06   3.10946E+02  3.03971E-06   2.30385E+02  1.84192E-06   3.53753E+02  3.52110E-06   2.25997E+02  1.56678E-06   2.91875E+02  2.81408E-06   2.29152E+02  2.06038E-06   2.56896E+02  1.56431E-06   2.34698E+02  2.59425E-06   2.09859E+02  2.44255E-06   2.79509E+02  2.77182E-06   2.04869E+02  2.10246E-06   2.90178E+02  2.48270E-06   2.33025E+02  9.95041E-07   2.62301E+02  2.11806E-06   2.89627E+02  2.12374E-06   2.23368E+02  2.90842E-06   3.27453E+02  3.66486E-06   2.32930E+02  3.22078E-06   3.56709E+02  3.57708E-06   2.40879E+02  2.55651E-06   2.50827E+00  2.38744E-06   2.30238E+02  1.31458E-06   1.07025E+01  1.28625E-06   2.56832E+02  1.06139E-06   1.74953E+02  2.31220E-06   2.07309E+01  4.01333E-06   2.01183E+02  4.65450E-06   2.98836E+01  3.64127E-06   2.00372E+02  1.63799E-06   3.87671E+01  7.73411E-07   3.32103E+02  1.17888E-06   1.28179E+02  3.99365E-06   2.31128E+00  1.71590E-06   1.81077E+02  4.01570E-06   4.11913E+01  1.42857E-06   3.23935E+02  3.58876E-06   7.76667E+01  1.86816E-06   2.40867E+02  2.81152E-06   1.38225E+02  2.46791E-06   2.22834E+02  1.56273E-06   1.88661E+02  1.22605E-06   2.60995E+02  4.70855E-06   3.01660E+02  3.17894E-06   8.80979E+00  4.00964E-06   3.06270E+02  3.89870E-06   1.23827E+02  1.38883E-06   4.26204E+01  6.43792E-06   1.85283E+02  1.59058E-06   4.47161E+01  4.93254E-06   3.35551E+02  4.81931E-06   1.02779E+02 
 4.76602E-02   3.05705E+01  4.98967E-02   2.78603E+01  5.22438E-02   2.51883E+01  5.47210E-02   2.25761E+01  5.73173E-02   2.00165E+01  6.00622E-02   1.75056E+01  6.29360E-02   1.50575E+01  6.59583E-02   1.26670E+01  6.91317E-02   1.03302E+01  7.24648E-02   8.05999E+00  7.59517E-02   5.84801E+00  7.96057E-02   3.70011E+00  8.34259E-02   1.62099E+00  8.74119E-02   3.59603E+02  9.15750E-02   3.57658E+02  9.58981E-02   3.55780E+02  1.00402E-01   3.53973E+02  1.05062E-01   3.52241E+02  1.09881E-01   3.50577E+02  1.14853E-01   3.48993E+02  1.19954E-01   3.47480E+02  1.25185E-01   3.46044E+02  1.30514E-01   3.44685E+02  1.35926E-01   3.43402E+02  1.41392E-01   3.42198E+02  1.46878E-01   3.41070E+02  1.52355E-01   3.40021E+02  1.57772E-01   3.39048E+02  1.63098E-01   3.38154E+02  1.68271E-01   3.37333E+02  1.73253E-01   3.36591E+02  1.77977E-01   3.35923E+02  1.82404E-01   3.35328E+02  1.86462E-01   3.34807E+02  1.90115E-01   3.34357E+02  1.93296E-01   3.33979E+02  1.95975E-01   3.33671E+02  1.98095E-01   3.33432E+02  1.99643E-01   3.33263E+02  2.00571E-01   3.33161E+02  2.00893E-01   3.33127E+02  2.00571E-01   3.33161E+02  1.99643E-01   3.33263E+02  1.98095E-01   3.33432E+02  1.95974E-01   3.33672E+02  1.93296E-01   3.33979E+02  1.90113E-01   3.34358E+02  1.86462E-01   3.34807E+02  1.82403E-01   3.35328E+02  1.77977E-01   3.35922E+02  1.73253E-01   3.36591E+02  1.68271E-01   3.37334E+02  1.63098E-01   3.38153E+02  1.57773E-01   3.39048E+02  1.52355E-01   3.40021E+02  1.46879E-01   3.41070E+02  1.41393E-01   3.42198E+02  1.35925E-01   3.43403E+02  1.30515E-01   3.44685E+02  1.25184E-01   3.46045E+02  1.19954E-01   3.47478E+02  1.14853E-01   3.48993E+02  1.09879E-01   3.50578E+02  1.05066E-01   3.52239E+02  1.00399E-01   3.53975E+02  9.58991E-02   3.55780E+02  9.15752E-02   3.57659E+02  8.74083E-02   3.59605E+02  8.34276E-02   1.61982E+00  7.96040E-02   3.70165E+00  7.59509E-02   5.84696E+00  7.24679E-02   8.05719E+00  6.91297E-02   1.03335E+01  6.59596E-02   1.26640E+01  6.29371E-02   1.50586E+01  6.00565E-02   1.75094E+01  5.73189E-02   2.00111E+01  5.47221E-02   2.25770E+01  5.22443E-02   2.51887E+01  4.98951E-02   2.78575E+01  4.76620E-02   3.05736E+01 
 9.51606E-02   3.06777E+01  9.96114E-02   2.79585E+01  1.04301E-01   2.52931E+01  1.09232E-01   2.26808E+01  1.14422E-01   2.01208E+01  1.19878E-01   1.76148E+01  1.25616E-01   1.51636E+01  1.31641E-01   1.27730E+01  1.37961E-01   1.04371E+01  1.44596E-01   8.16664E+00  1.51545E-01   5.95657E+00  1.58819E-01   3.80975E+00  1.66428E-01   1.73107E+00  1.74375E-01   3.59715E+02  1.82654E-01   3.57770E+02  1.91281E-01   3.55892E+02  2.00229E-01   3.54085E+02  2.09507E-01   3.52351E+02  2.19099E-01   3.50689E+02  2.28982E-01   3.49102E+02  2.39140E-01   3.47590E+02  2.49540E-01   3.46154E+02  2.60136E-01   3.44794E+02  2.70901E-01   3.43512E+02  2.81760E-01   3.42307E+02  2.92671E-01   3.41179E+02  3.03544E-01   3.40129E+02  3.14315E-01   3.39156E+02  3.24886E-01   3.38260E+02  3.35164E-01   3.37440E+02  3.45052E-01   3.36696E+02  3.54434E-01   3.36027E+02  3.63216E-01   3.35432E+02  3.71276E-01   3.34910E+02  3.78519E-01   3.34460E+02  3.84838E-01   3.34081E+02  3.90147E-01   3.33773E+02  3.94362E-01   3.33534E+02  3.97422E-01   3.33364E+02  3.99280E-01   3.33262E+02  3.99899E-01   3.33228E+02  3.99280E-01   3.33262E+02  3.97422E-01   3.33364E+02  3.94363E-01   3.33534E+02  3.90147E-01   3.33773E+02  3.84838E-01   3.34082E+02  3.78520E-01   3.34460E+02  3.71277E-01   3.34910E+02  3.63216E-01   3.35432E+02  3.54436E-01   3.36027E+02  3.45051E-01   3.36697E+02  3.35164E-01   3.37440E+02  3.24886E-01   3.38260E+02  3.14314E-01   3.39156E+02  3.03545E-01   3.40129E+02  2.92671E-01   3.41179E+02  2.81760E-01   3.42306E+02  2.70902E-01   3.43513E+02  2.60136E-01   3.44794E+02  2.49541E-01   3.46154E+02  2.39140E-01   3.47590E+02  2.28983E-01   3.49102E+02  2.19099E-01   3.50689E+02  2.09505E-01   3.52350E+02  2.00229E-01   3.54086E+02  1.91278E-01   3.55891E+02  1.82656E-01   3.57770E+02  1.74373E-01   3.59714E+02  1.66426E-01   1.73013E+00  1.58820E-01   3.81045E+00  1.51543E-01   5.95649E+00  1.44594E-01   8.16692E+00  1.37963E-01   1.04374E+01  1.31644E-01   1.27723E+01  1.25614E-01   1.51624E+01  1.19879E-01   1.76159E+01  1.14423E-01   2.01197E+01  1.09228E-01   2.26819E+01  1.04300E-01   2.52946E+01  9.96144E-02   2.79574E+01  9.51586E-02   3.06784E+01 
 1.42330E-01   3.08461E+01  1.48981E-01   2.81337E+01  1.55976E-01   2.54672E+01  1.63339E-01   2.28553E+01  1.71079E-01   2.02965E+01  1.79222E-01   1.77900E+01  1.87776E-01   1.53421E+01  1.96756E-01   1.29517E+01  2.06188E-01   1.06189E+01  2.16075E-01   8.34769E+00  2.26434E-01   6.13870E+00  2.37275E-01   3.99190E+00  2.48610E-01   1.91263E+00  2.60434E-01   3.59898E+02  2.72772E-01   3.57952E+02  2.85594E-01   3.56075E+02  2.98925E-01   3.54269E+02  3.12727E-01   3.52535E+02  3.26992E-01   3.50873E+02  3.41693E-01   3.49287E+02  3.56789E-01   3.47774E+02  3.72243E-01   3.46337E+02  3.87990E-01   3.44978E+02  4.03972E-01   3.43694E+02  4.20104E-01   3.42489E+02  4.36290E-01   3.41360E+02  4.52434E-01   3.40309E+02  4.68404E-01   3.39335E+02  4.84086E-01   3.38438E+02  4.99324E-01   3.37617E+02  5.13981E-01   3.36873E+02  5.27889E-01   3.36202E+02  5.40896E-01   3.35606E+02  5.52839E-01   3.35083E+02  5.63565E-01   3.34633E+02  5.72921E-01   3.34253E+02  5.80781E-01   3.33944E+02  5.87020E-01   3.33704E+02  5.91554E-01   3.33533E+02  5.94295E-01   3.33431E+02  5.95222E-01   3.33397E+02  5.94295E-01   3.33431E+02  5.91553E-01   3.33534E+02  5.87019E-01   3.33704E+02  5.80780E-01   3.33944E+02  5.72920E-01   3.34253E+02  5.63563E-01   3.34633E+02  5.52838E-01   3.35083E+02  5.40896E-01   3.35606E+02  5.27888E-01   3.36202E+02  5.13980E-01   3.36873E+02  4.99324E-01   3.37617E+02  4.84086E-01   3.38438E+02  4.68406E-01   3.39335E+02  4.52434E-01   3.40309E+02  4.36291E-01   3.41360E+02  4.20105E-01   3.42489E+02  4.03971E-01   3.43694E+02  3.87994E-01   3.44977E+02  3.72242E-01   3.46338E+02  3.56788E-01   3.47774E+02  3.41694E-01   3.49286E+02  3.26989E-01   3.50873E+02  3.12730E-01   3.52535E+02  2.98923E-01   3.54269E+02  2.85596E-01   3.56075E+02  2.72772E-01   3.57952E+02  2.60431E-01   3.59898E+02  2.48612E-01   1.91226E+00  2.37273E-01   3.99263E+00  2.26434E-01   6.13821E+00  2.16079E-01   8.34695E+00  2.06186E-01   1.06199E+01  1.96757E-01   1.29507E+01  1.87777E-01   1.53426E+01  1.79217E-01   1.77916E+01  1.71078E-01   2.02946E+01  1.63340E-01   2.28558E+01  1.55977E-01   2.54670E+01  1.48979E-01   2.81326E+01  1.42333E-01   3.08471E+01 
 1.89021E-01   3.10875E+01  1.97827E-01   2.83729E+01  2.07090E-01   2.57105E+01  2.16837E-01   2.30997E+01  2.27081E-01   2.05424E+01  2.37854E-01   1.80387E+01  2.49169E-01   1.55907E+01  2.61054E-01   1.32018E+01  2.73512E-01   1.08694E+01  2.86582E-01   8.60033E+00  3.00268E-01   6.39203E+00  3.14587E-01   4.24712E+00  3.29553E-01   2.16847E+00  3.45173E-01   1.54297E-01  3.61444E-01   3.58209E+02  3.78377E-01   3.56333E+02  3.95942E-01   3.54527E+02  4.14138E-01   3.52793E+02  4.32935E-01   3.51131E+02  4.52296E-01   3.49544E+02  4.72178E-01   3.48031E+02  4.92516E-01   3.46595E+02  5.13235E-01   3.45234E+02  5.34253E-01   3.43950E+02  5.55455E-01   3.42743E+02  5.76729E-01   3.41614E+02  5.97928E-01   3.40561E+02  6.18903E-01   3.39586E+02  6.39479E-01   3.38688E+02  6.59472E-01   3.37866E+02  6.78692E-01   3.37119E+02  6.96922E-01   3.36448E+02  7.13973E-01   3.35850E+02  7.29616E-01   3.35326E+02  7.43667E-01   3.34874E+02  7.55920E-01   3.34493E+02  7.66212E-01   3.34183E+02  7.74381E-01   3.33943E+02  7.80312E-01   3.33771E+02  7.83906E-01   3.33669E+02  7.85112E-01   3.33635E+02  7.83907E-01   3.33669E+02  7.80312E-01   3.33771E+02  7.74382E-01   3.33943E+02  7.66212E-01   3.34183E+02  7.55921E-01   3.34493E+02  7.43669E-01   3.34874E+02  7.29618E-01   3.35326E+02  7.13975E-01   3.35850E+02  6.96924E-01   3.36448E+02  6.78693E-01   3.37119E+02  6.59472E-01   3.37866E+02  6.39480E-01   3.38688E+02  6.18902E-01   3.39586E+02  5.97929E-01   3.40562E+02  5.76730E-01   3.41614E+02  5.55455E-01   3.42743E+02  5.34255E-01   3.43950E+02  5.13234E-01   3.45233E+02  4.92518E-01   3.46595E+02  4.72177E-01   3.48031E+02  4.52298E-01   3.49544E+02  4.32935E-01   3.51131E+02  4.14137E-01   3.52793E+02  3.95941E-01   3.54527E+02  3.78374E-01   3.56333E+02  3.61445E-01   3.58210E+02  3.45173E-01   1.54251E-01  3.29551E-01   2.16807E+00  3.14587E-01   4.24746E+00  3.00266E-01   6.39172E+00  2.86583E-01   8.60044E+00  2.73513E-01   1.08696E+01  2.61056E-01   1.32012E+01  2.49169E-01   1.55904E+01  2.37854E-01   1.80391E+01  2.27082E-01   2.05417E+01  2.16832E-01   2.31001E+01  2.07090E-01   2.57111E+01  1.97830E-01   2.83723E+01  1.89019E-01   3.10879E+01 
 2.35076E-01   3.13938E+01  2.45986E-01   2.86845E+01  2.57464E-01   2.60223E+01  2.69533E-01   2.34139E+01  2.82218E-01   2.08581E+01  2.95552E-01   1.83561E+01  3.09554E-01   1.59108E+01  3.24246E-01   1.35234E+01  3.39663E-01   1.11937E+01  3.55816E-01   8.92492E+00  3.72726E-01   6.71859E+00  3.90415E-01   4.57429E+00  4.08892E-01   2.49651E+00  4.28161E-01   4.83666E-01  4.48240E-01   3.58539E+02  4.69104E-01   3.56663E+02  4.90765E-01   3.54858E+02  5.13180E-01   3.53125E+02  5.36324E-01   3.51463E+02  5.60156E-01   3.49876E+02  5.84605E-01   3.48363E+02  6.09615E-01   3.46925E+02  6.35073E-01   3.45564E+02  6.60887E-01   3.44279E+02  6.86916E-01   3.43071E+02  7.13013E-01   3.41940E+02  7.39014E-01   3.40887E+02  7.64717E-01   3.39910E+02  7.89927E-01   3.39010E+02  8.14409E-01   3.38186E+02  8.37930E-01   3.37438E+02  8.60241E-01   3.36764E+02  8.81085E-01   3.36165E+02  9.00216E-01   3.35639E+02  9.17380E-01   3.35186E+02  9.32353E-01   3.34804E+02  9.44920E-01   3.34492E+02  9.54897E-01   3.34251E+02  9.62138E-01   3.34079E+02  9.66525E-01   3.33976E+02  9.67998E-01   3.33942E+02  9.66524E-01   3.33976E+02  9.62138E-01   3.34079E+02  9.54896E-01   3.34251E+02  9.44920E-01   3.34492E+02  9.32352E-01   3.34803E+02  9.17379E-01   3.35186E+02  9.00215E-01   3.35639E+02  8.81083E-01   3.36165E+02  8.60241E-01   3.36764E+02  8.37929E-01   3.37438E+02  8.14410E-01   3.38186E+02  7.89927E-01   3.39010E+02  7.64719E-01   3.39910E+02  7.39014E-01   3.40886E+02  7.13014E-01   3.41940E+02  6.86918E-01   3.43071E+02  6.60885E-01   3.44279E+02  6.35075E-01   3.45564E+02  6.09613E-01   3.46925E+02  5.84606E-01   3.48362E+02  5.60156E-01   3.49875E+02  5.36323E-01   3.51463E+02  5.13183E-01   3.53124E+02  4.90764E-01   3.54858E+02  4.69106E-01   3.56663E+02  4.48241E-01   3.58539E+02  4.28158E-01   4.83807E-01  4.08895E-01   2.49635E+00  3.90413E-01   4.57459E+00  3.72727E-01   6.71835E+00  3.55821E-01   8.92457E+00  3.39661E-01   1.11942E+01  3.24247E-01   1.35227E+01  3.09554E-01   1.59111E+01  2.95546E-01   1.83572E+01  2.82218E-01   2.08570E+01  2.69534E-01   2.34142E+01  2.57466E-01   2.60222E+01  2.45985E-01   2.86837E+01  2.35077E-01   3.13943E+01 
 2.80344E-01   3.17704E+01  2.93303E-01   2.90615E+01  3.06923E-01   2.64038E+01  3.21247E-01   2.37973E+01  3.36294E-01   2.12443E+01  3.52102E-01   1.87450E+01  3.68697E-01   1.63012E+01  3.86112E-01   1.39157E+01  4.04358E-01   1.15878E+01  4.23482E-01   9.32164E+00  4.43493E-01   7.11651E+00  4.64407E-01   4.97448E+00  4.86254E-01   2.89797E+00  5.09025E-01   8.86475E-01  5.32731E-01   3.58943E+02  5.57368E-01   3.57068E+02  5.82907E-01   3.55263E+02  6.09334E-01   3.53530E+02  6.36607E-01   3.51868E+02  6.64665E-01   3.50281E+02  6.93448E-01   3.48767E+02  7.22856E-01   3.47329E+02  7.52784E-01   3.45967E+02  7.83105E-01   3.44681E+02  8.13661E-01   3.43472E+02  8.44281E-01   3.42340E+02  8.74762E-01   3.41284E+02  9.04884E-01   3.40306E+02  9.34404E-01   3.39404E+02  9.63056E-01   3.38578E+02  9.90574E-01   3.37828E+02  1.01665E+00   3.37152E+02  1.04102E+00   3.36551E+02  1.06335E+00   3.36023E+02  1.08340E+00   3.35568E+02  1.10087E+00   3.35184E+02  1.11554E+00   3.34871E+02  1.12718E+00   3.34629E+02  1.13563E+00   3.34456E+02  1.14074E+00   3.34352E+02  1.14246E+00   3.34318E+02  1.14074E+00   3.34352E+02  1.13563E+00   3.34456E+02  1.12718E+00   3.34629E+02  1.11554E+00   3.34871E+02  1.10088E+00   3.35184E+02  1.08340E+00   3.35568E+02  1.06335E+00   3.36023E+02  1.04102E+00   3.36551E+02  1.01665E+00   3.37152E+02  9.90574E-01   3.37828E+02  9.63058E-01   3.38578E+02  9.34406E-01   3.39404E+02  9.04885E-01   3.40306E+02  8.74763E-01   3.41285E+02  8.44281E-01   3.42340E+02  8.13662E-01   3.43472E+02  7.83105E-01   3.44681E+02  7.52785E-01   3.45967E+02  7.22856E-01   3.47330E+02  6.93448E-01   3.48767E+02  6.64667E-01   3.50281E+02  6.36607E-01   3.51868E+02  6.09335E-01   3.53530E+02  5.82907E-01   3.55263E+02  5.57366E-01   3.57068E+02  5.32731E-01   3.58943E+02  5.09024E-01   8.86243E-01  4.86252E-01   2.89770E+00  4.64407E-01   4.97475E+00  4.43492E-01   7.11621E+00  4.23481E-01   9.32188E+00  4.04360E-01   1.15879E+01  3.86114E-01   1.39154E+01  3.68697E-01   1.63012E+01  3.52103E-01   1.87450E+01  3.36295E-01   2.12439E+01  3.21242E-01   2.37978E+01  3.06923E-01   2.64040E+01  2.93305E-01   2.90612E+01  2.80342E-01   3.17710E+01 
 3.24693E-01   3.22134E+01  3.39619E-01   2.95095E+01  3.55310E-01   2.68533E+01  3.71799E-01   2.42501E+01  3.89117E-01   2.16998E+01  4.07302E-01   1.92032E+01  4.26383E-01   1.67624E+01  4.46391E-01   1.43798E+01  4.67365E-01   1.20545E+01  4.89319E-01   9.78972E+00  5.12279E-01   7.58723E+00  5.36274E-01   5.44648E+00  5.61306E-01   3.37154E+00  5.87392E-01   1.36152E+00  6.14535E-01   3.59419E+02  6.42717E-01   3.57545E+02  6.71931E-01   3.55741E+02  7.02130E-01   3.54009E+02  7.33269E-01   3.52347E+02  7.65294E-01   3.50760E+02  7.98108E-01   3.49246E+02  8.31626E-01   3.47807E+02  8.65703E-01   3.46444E+02  9.00206E-01   3.45157E+02  9.34952E-01   3.43947E+02  9.69741E-01   3.42813E+02  1.00435E+00   3.41756E+02  1.03853E+00   3.40775E+02  1.07200E+00   3.39871E+02  1.10447E+00   3.39043E+02  1.13563E+00   3.38290E+02  1.16515E+00   3.37612E+02  1.19270E+00   3.37009E+02  1.21797E+00   3.36479E+02  1.24061E+00   3.36021E+02  1.26035E+00   3.35636E+02  1.27691E+00   3.35321E+02  1.29005E+00   3.35078E+02  1.29958E+00   3.34904E+02  1.30535E+00   3.34800E+02  1.30729E+00   3.34765E+02  1.30535E+00   3.34800E+02  1.29958E+00   3.34904E+02  1.29005E+00   3.35078E+02  1.27691E+00   3.35322E+02  1.26035E+00   3.35636E+02  1.24061E+00   3.36021E+02  1.21796E+00   3.36479E+02  1.19270E+00   3.37009E+02  1.16515E+00   3.37612E+02  1.13563E+00   3.38290E+02  1.10447E+00   3.39043E+02  1.07200E+00   3.39871E+02  1.03853E+00   3.40775E+02  1.00435E+00   3.41755E+02  9.69742E-01   3.42813E+02  9.34953E-01   3.43947E+02  9.00205E-01   3.45157E+02  8.65704E-01   3.46444E+02  8.31625E-01   3.47807E+02  7.98108E-01   3.49246E+02  7.65295E-01   3.50760E+02  7.33266E-01   3.52347E+02  7.02132E-01   3.54008E+02  6.71928E-01   3.55741E+02  6.42719E-01   3.57545E+02  6.14537E-01   3.59419E+02  5.87389E-01   1.36171E+00  5.61310E-01   3.37152E+00  5.36272E-01   5.44669E+00  5.12279E-01   7.58692E+00  4.89323E-01   9.78960E+00  4.67362E-01   1.20548E+01  4.46393E-01   1.43792E+01  4.26383E-01   1.67629E+01  4.07297E-01   1.92038E+01  3.89115E-01   2.16990E+01  3.71800E-01   2.42504E+01  3.55313E-01   2.68532E+01  3.39617E-01   2.95091E+01  3.24692E-01   3.22139E+01 
 3.67978E-01   3.27249E+01  3.84800E-01   3.00235E+01  4.02468E-01   2.73722E+01  4.21030E-01   2.47720E+01  4.40517E-01   2.22251E+01  4.60964E-01   1.97318E+01  4.82412E-01   1.72939E+01  5.04895E-01   1.49137E+01  5.28429E-01   1.25914E+01  5.53066E-01   1.03295E+01  5.78819E-01   8.12911E+00  6.05702E-01   5.99109E+00  6.33751E-01   3.91800E+00  6.62947E-01   1.90996E+00  6.93305E-01   3.59969E+02  7.24812E-01   3.58096E+02  7.57429E-01   3.56293E+02  7.91135E-01   3.54561E+02  8.25868E-01   3.52900E+02  8.61549E-01   3.51312E+02  8.98095E-01   3.49799E+02  9.35381E-01   3.48359E+02  9.73267E-01   3.46995E+02  1.01159E+00   3.45707E+02  1.05015E+00   3.44495E+02  1.08874E+00   3.43359E+02  1.12709E+00   3.42300E+02  1.16493E+00   3.41317E+02  1.20196E+00   3.40411E+02  1.23786E+00   3.39581E+02  1.27228E+00   3.38825E+02  1.30486E+00   3.38145E+02  1.33527E+00   3.37539E+02  1.36312E+00   3.37007E+02  1.38808E+00   3.36547E+02  1.40982E+00   3.36160E+02  1.42806E+00   3.35844E+02  1.44252E+00   3.35599E+02  1.45301E+00   3.35424E+02  1.45937E+00   3.35319E+02  1.46150E+00   3.35284E+02  1.45936E+00   3.35319E+02  1.45301E+00   3.35424E+02  1.44252E+00   3.35599E+02  1.42806E+00   3.35844E+02  1.40982E+00   3.36160E+02  1.38808E+00   3.36547E+02  1.36312E+00   3.37007E+02  1.33527E+00   3.37539E+02  1.30486E+00   3.38145E+02  1.27228E+00   3.38825E+02  1.23786E+00   3.39580E+02  1.20196E+00   3.40411E+02  1.16493E+00   3.41317E+02  1.12709E+00   3.42300E+02  1.08874E+00   3.43359E+02  1.05015E+00   3.44495E+02  1.01159E+00   3.45707E+02  9.73268E-01   3.46995E+02  9.35379E-01   3.48359E+02  8.98097E-01   3.49798E+02  8.61549E-01   3.51313E+02  8.25869E-01   3.52900E+02  7.91135E-01   3.54561E+02  7.57430E-01   3.56293E+02  7.24811E-01   3.58096E+02  6.93304E-01   3.59969E+02  6.62947E-01   1.90964E+00  6.33750E-01   3.91790E+00  6.05702E-01   5.99128E+00  5.78820E-01   8.12886E+00  5.53065E-01   1.03298E+01  5.28430E-01   1.25914E+01  5.04897E-01   1.49134E+01  4.82411E-01   1.72941E+01  4.60964E-01   1.97317E+01  4.40518E-01   2.22248E+01  4.21027E-01   2.47725E+01  4.02468E-01   2.73722E+01  3.84802E-01   3.00233E+01  3.67976E-01   3.27254E+01 
 4.10088E-01   3.33033E+01  4.28710E-01   3.06068E+01  4.48259E-01   2.79586E+01  4.68789E-01   2.53626E+01  4.90325E-01   2.28193E+01  5.12919E-01   2.03296E+01  5.36595E-01   1.78956E+01  5.61399E-01   1.55191E+01  5.87368E-01   1.31996E+01  6.14514E-01   1.09404E+01  6.42873E-01   8.74300E+00  6.72467E-01   6.60722E+00  7.03303E-01   4.53626E+00  7.35390E-01   2.53028E+00  7.68730E-01   5.91061E-01  8.03293E-01   3.58720E+02  8.39068E-01   3.56918E+02  8.75988E-01   3.55187E+02  9.14001E-01   3.53526E+02  9.53030E-01   3.51939E+02  9.92953E-01   3.50425E+02  1.03366E+00   3.48985E+02  1.07499E+00   3.47620E+02  1.11675E+00   3.46331E+02  1.15874E+00   3.45117E+02  1.20070E+00   3.43980E+02  1.24239E+00   3.42919E+02  1.28348E+00   3.41934E+02  1.32366E+00   3.41025E+02  1.36257E+00   3.40192E+02  1.39986E+00   3.39434E+02  1.43513E+00   3.38751E+02  1.46801E+00   3.38143E+02  1.49812E+00   3.37608E+02  1.52509E+00   3.37146E+02  1.54857E+00   3.36757E+02  1.56825E+00   3.36439E+02  1.58385E+00   3.36192E+02  1.59517E+00   3.36017E+02  1.60202E+00   3.35911E+02  1.60432E+00   3.35876E+02  1.60202E+00   3.35911E+02  1.59517E+00   3.36017E+02  1.58385E+00   3.36192E+02  1.56825E+00   3.36439E+02  1.54857E+00   3.36757E+02  1.52509E+00   3.37146E+02  1.49812E+00   3.37608E+02  1.46801E+00   3.38143E+02  1.43513E+00   3.38751E+02  1.39985E+00   3.39434E+02  1.36257E+00   3.40192E+02  1.32365E+00   3.41025E+02  1.28348E+00   3.41934E+02  1.24239E+00   3.42919E+02  1.20070E+00   3.43980E+02  1.15874E+00   3.45117E+02  1.11675E+00   3.46331E+02  1.07499E+00   3.47620E+02  1.03366E+00   3.48985E+02  9.92953E-01   3.50425E+02  9.53031E-01   3.51939E+02  9.13998E-01   3.53526E+02  8.75992E-01   3.55187E+02  8.39063E-01   3.56918E+02  8.03295E-01   3.58720E+02  7.68730E-01   5.91309E-01  7.35387E-01   2.53029E+00  7.03305E-01   4.53638E+00  6.72466E-01   6.60726E+00  6.42874E-01   8.74287E+00  6.14518E-01   1.09405E+01  5.87366E-01   1.31997E+01  5.61402E-01   1.55186E+01  5.36595E-01   1.78959E+01  5.12913E-01   2.03301E+01  4.90323E-01   2.28187E+01  4.68790E-01   2.53628E+01  4.48264E-01   2.79584E+01  4.28707E-01   3.06065E+01  4.10088E-01   3.33037E+01 
 4.50904E-01   3.39489E+01  4.71227E-01   3.12564E+01  4.92559E-01   2.86137E+01  5.14935E-01   2.60216E+01  5.38408E-01   2.34826E+01  5.63005E-01   2.09973E+01  5.88777E-01   1.85665E+01  6.15753E-01   1.61935E+01  6.43962E-01   1.38783E+01  6.73451E-01   1.16224E+01  7.04229E-01   9.42790E+00  7.36318E-01   7.29532E+00  7.69741E-01   5.22698E+00  8.04482E-01   3.22332E+00  8.40543E-01   1.28612E+00  8.77911E-01   3.59417E+02  9.16531E-01   3.57616E+02  9.56374E-01   3.55886E+02  9.97355E-01   3.54226E+02  1.03938E+00   3.52639E+02  1.08235E+00   3.51125E+02  1.12610E+00   3.49685E+02  1.17047E+00   3.48319E+02  1.21528E+00   3.47029E+02  1.26028E+00   3.45814E+02  1.30522E+00   3.44674E+02  1.34980E+00   3.43611E+02  1.39372E+00   3.42624E+02  1.43661E+00   3.41713E+02  1.47812E+00   3.40877E+02  1.51786E+00   3.40117E+02  1.55543E+00   3.39432E+02  1.59043E+00   3.38820E+02  1.62244E+00   3.38283E+02  1.65111E+00   3.37819E+02  1.67604E+00   3.37427E+02  1.69694E+00   3.37108E+02  1.71350E+00   3.36860E+02  1.72551E+00   3.36683E+02  1.73278E+00   3.36577E+02  1.73522E+00   3.36542E+02  1.73278E+00   3.36577E+02  1.72551E+00   3.36683E+02  1.71351E+00   3.36860E+02  1.69694E+00   3.37108E+02  1.67605E+00   3.37427E+02  1.65111E+00   3.37819E+02  1.62244E+00   3.38283E+02  1.59043E+00   3.38820E+02  1.55543E+00   3.39432E+02  1.51786E+00   3.40117E+02  1.47812E+00   3.40877E+02  1.43661E+00   3.41713E+02  1.39372E+00   3.42624E+02  1.34980E+00   3.43611E+02  1.30522E+00   3.44674E+02  1.26028E+00   3.45813E+02  1.21528E+00   3.47029E+02  1.17047E+00   3.48319E+02  1.12610E+00   3.49685E+02  1.08235E+00   3.51125E+02  1.03938E+00   3.52639E+02  9.97356E-01   3.54226E+02  9.56375E-01   3.55886E+02  9.16530E-01   3.57616E+02  8.77912E-01   3.59417E+02  8.40543E-01   1.28631E+00  8.04481E-01   3.22313E+00  7.69739E-01   5.22685E+00  7.36317E-01   7.29540E+00  7.04233E-01   9.42770E+00  6.73449E-01   1.16226E+01  6.43961E-01   1.38781E+01  6.15756E-01   1.61933E+01  5.88775E-01   1.85669E+01  5.63004E-01   2.09969E+01  5.38411E-01   2.34821E+01  5.14934E-01   2.60221E+01  4.92557E-01   2.86135E+01  4.71229E-01   3.12565E+01  4.50904E-01   3.39491E+01 
 4.90325E-01   3.46610E+01  5.12253E-01   3.19740E+01  5.35240E-01   2.93356E+01  5.59356E-01   2.67487E+01  5.84621E-01   2.42141E+01  6.11095E-01   2.17334E+01  6.38797E-01   1.93077E+01  6.67786E-01   1.69386E+01  6.98086E-01   1.46270E+01  7.29715E-01   1.23748E+01  7.62710E-01   1.01840E+01  7.97085E-01   8.05434E+00  8.32845E-01   5.98893E+00  8.69998E-01   3.98801E+00  9.08529E-01   2.05319E+00  9.48405E-01   1.85976E-01  9.89601E-01   3.58387E+02  1.03204E+00   3.56658E+02  1.07565E+00   3.54999E+02  1.12034E+00   3.53413E+02  1.16597E+00   3.51899E+02  1.21239E+00   3.50458E+02  1.25943E+00   3.49092E+02  1.30687E+00   3.47801E+02  1.35447E+00   3.46584E+02  1.40194E+00   3.45444E+02  1.44901E+00   3.44379E+02  1.49531E+00   3.43389E+02  1.54051E+00   3.42476E+02  1.58419E+00   3.41638E+02  1.62598E+00   3.40875E+02  1.66545E+00   3.40187E+02  1.70218E+00   3.39573E+02  1.73577E+00   3.39033E+02  1.76582E+00   3.38566E+02  1.79194E+00   3.38173E+02  1.81383E+00   3.37852E+02  1.83116E+00   3.37602E+02  1.84373E+00   3.37424E+02  1.85133E+00   3.37318E+02  1.85388E+00   3.37282E+02  1.85133E+00   3.37318E+02  1.84373E+00   3.37424E+02  1.83116E+00   3.37602E+02  1.81383E+00   3.37852E+02  1.79194E+00   3.38173E+02  1.76582E+00   3.38566E+02  1.73577E+00   3.39033E+02  1.70218E+00   3.39573E+02  1.66545E+00   3.40187E+02  1.62598E+00   3.40875E+02  1.58419E+00   3.41638E+02  1.54050E+00   3.42476E+02  1.49531E+00   3.43389E+02  1.44901E+00   3.44379E+02  1.40194E+00   3.45444E+02  1.35447E+00   3.46584E+02  1.30687E+00   3.47801E+02  1.25943E+00   3.49092E+02  1.21239E+00   3.50458E+02  1.16597E+00   3.51899E+02  1.12034E+00   3.53413E+02  1.07565E+00   3.54999E+02  1.03204E+00   3.56658E+02  9.89599E-01   3.58387E+02  9.48407E-01   1.85831E-01  9.08528E-01   2.05332E+00  8.69995E-01   3.98791E+00  8.32848E-01   5.98916E+00  7.97084E-01   8.05433E+00  7.62711E-01   1.01839E+01  7.29717E-01   1.23749E+01  6.98085E-01   1.46270E+01  6.67788E-01   1.69383E+01  6.38796E-01   1.93078E+01  6.11091E-01   2.17336E+01  5.84618E-01   2.42140E+01  5.59357E-01   2.67489E+01  5.35245E-01   2.93353E+01  5.12250E-01   3.19740E+01  4.90324E-01   3.46614E+01 
 5.28266E-01   3.54394E+01  5.51676E-01   3.27577E+01  5.76222E-01   3.01256E+01  6.01933E-01   2.75435E+01  6.28871E-01   2.50142E+01  6.57058E-01   2.25384E+01  6.86552E-01   2.01167E+01  7.17373E-01   1.77527E+01  7.49563E-01   1.54457E+01  7.83156E-01   1.31977E+01  8.18162E-01   1.10105E+01  8.54593E-01   8.88495E+00  8.92476E-01   6.82258E+00  9.31777E-01   4.82477E+00  9.72502E-01   2.89246E+00  1.01462E+00   1.02744E+00  1.05807E+00   3.59230E+02  1.10280E+00   3.57503E+02  1.14871E+00   3.55846E+02  1.19570E+00   3.54260E+02  1.24364E+00   3.52746E+02  1.29235E+00   3.51306E+02  1.34165E+00   3.49939E+02  1.39132E+00   3.48647E+02  1.44109E+00   3.47429E+02  1.49070E+00   3.46287E+02  1.53980E+00   3.45220E+02  1.58808E+00   3.44229E+02  1.63514E+00   3.43313E+02  1.68059E+00   3.42473E+02  1.72402E+00   3.41707E+02  1.76500E+00   3.41017E+02  1.80312E+00   3.40400E+02  1.83794E+00   3.39858E+02  1.86907E+00   3.39389E+02  1.89612E+00   3.38994E+02  1.91877E+00   3.38670E+02  1.93670E+00   3.38420E+02  1.94970E+00   3.38241E+02  1.95756E+00   3.38134E+02  1.96020E+00   3.38098E+02  1.95756E+00   3.38134E+02  1.94970E+00   3.38241E+02  1.93670E+00   3.38420E+02  1.91877E+00   3.38671E+02  1.89613E+00   3.38994E+02  1.86907E+00   3.39389E+02  1.83794E+00   3.39858E+02  1.80312E+00   3.40400E+02  1.76500E+00   3.41017E+02  1.72402E+00   3.41707E+02  1.68059E+00   3.42473E+02  1.63514E+00   3.43313E+02  1.58808E+00   3.44229E+02  1.53980E+00   3.45220E+02  1.49070E+00   3.46287E+02  1.44109E+00   3.47429E+02  1.39132E+00   3.48647E+02  1.34165E+00   3.49939E+02  1.29234E+00   3.51306E+02  1.24364E+00   3.52746E+02  1.19570E+00   3.54260E+02  1.14871E+00   3.55846E+02  1.10280E+00   3.57503E+02  1.05807E+00   3.59230E+02  1.01462E+00   1.02750E+00  9.72500E-01   2.89260E+00  9.31779E-01   4.82461E+00  8.92475E-01   6.82253E+00  8.54592E-01   8.88493E+00  8.18165E-01   1.10103E+01  7.83155E-01   1.31979E+01  7.49562E-01   1.54454E+01  7.17376E-01   1.77526E+01  6.86547E-01   2.01172E+01  6.57058E-01   2.25381E+01  6.28875E-01   2.50138E+01  6.01934E-01   2.75438E+01  5.76220E-01   3.01253E+01  5.51676E-01   3.27580E+01  5.28267E-01   3.54394E+01 
 5.64639E-01   3.62836E+01  5.89433E-01   3.36083E+01  6.15392E-01   3.09814E+01  6.42589E-01   2.84056E+01  6.71041E-01   2.58816E+01  7.00810E-01   2.34114E+01  7.31914E-01   2.09957E+01  7.64412E-01   1.86358E+01  7.98320E-01   1.63338E+01  8.33660E-01   1.40901E+01  8.70462E-01   1.19074E+01  9.08735E-01   9.78540E+00  9.48476E-01   7.72699E+00  9.89690E-01   5.73252E+00  1.03234E+00   3.80329E+00  1.07640E+00   1.94100E+00  1.12181E+00   1.46277E-01  1.16850E+00   3.58421E+02  1.21638E+00   3.56765E+02  1.26533E+00   3.55180E+02  1.31520E+00   3.53667E+02  1.36583E+00   3.52227E+02  1.41700E+00   3.50860E+02  1.46850E+00   3.49567E+02  1.52006E+00   3.48349E+02  1.57137E+00   3.47206E+02  1.62212E+00   3.46137E+02  1.67194E+00   3.45144E+02  1.72047E+00   3.44226E+02  1.76727E+00   3.43383E+02  1.81196E+00   3.42615E+02  1.85409E+00   3.41922E+02  1.89324E+00   3.41304E+02  1.92898E+00   3.40759E+02  1.96090E+00   3.40288E+02  1.98863E+00   3.39891E+02  2.01183E+00   3.39566E+02  2.03019E+00   3.39314E+02  2.04349E+00   3.39134E+02  2.05154E+00   3.39026E+02  2.05423E+00   3.38990E+02  2.05154E+00   3.39026E+02  2.04349E+00   3.39134E+02  2.03019E+00   3.39314E+02  2.01183E+00   3.39566E+02  1.98863E+00   3.39891E+02  1.96090E+00   3.40288E+02  1.92898E+00   3.40759E+02  1.89324E+00   3.41304E+02  1.85409E+00   3.41922E+02  1.81196E+00   3.42615E+02  1.76727E+00   3.43383E+02  1.72046E+00   3.44226E+02  1.67194E+00   3.45144E+02  1.62212E+00   3.46137E+02  1.57137E+00   3.47205E+02  1.52006E+00   3.48349E+02  1.46850E+00   3.49567E+02  1.41701E+00   3.50860E+02  1.36583E+00   3.52227E+02  1.31520E+00   3.53667E+02  1.26533E+00   3.55180E+02  1.21638E+00   3.56765E+02  1.16850E+00   3.58421E+02  1.12181E+00   1.46189E-01  1.07640E+00   1.94100E+00  1.03234E+00   3.80334E+00  9.89687E-01   5.73231E+00  9.48477E-01   7.72716E+00  9.08736E-01   9.78533E+00  8.70465E-01   1.19074E+01  8.33659E-01   1.40901E+01  7.98322E-01   1.63337E+01  7.64413E-01   1.86358E+01  7.31913E-01   2.09957E+01  7.00808E-01   2.34113E+01  6.71038E-01   2.58817E+01  6.42587E-01   2.84058E+01  6.15397E-01   3.09812E+01  5.89431E-01   3.36082E+01  5.64638E-01   3.62839E+01 
 5.99389E-01   3.71932E+01  6.25436E-01   3.45241E+01  6.52708E-01   3.19044E+01  6.81234E-01   2.93343E+01  7.11075E-01   2.68165E+01  7.42256E-01   2.43519E+01  7.74822E-01   2.19415E+01  8.08802E-01   1.95878E+01  8.44233E-01   1.72908E+01  8.81140E-01   1.50523E+01  9.19529E-01   1.28739E+01  9.59405E-01   1.07568E+01  1.00079E+00   8.70207E+00  1.04363E+00   6.71135E+00  1.08794E+00   4.78555E+00  1.13367E+00   2.92610E+00  1.18073E+00   1.13403E+00  1.22908E+00   3.59411E+02  1.27860E+00   3.57757E+02  1.32916E+00   3.56173E+02  1.38062E+00   3.54661E+02  1.43279E+00   3.53222E+02  1.48547E+00   3.51855E+02  1.53841E+00   3.50562E+02  1.59134E+00   3.49343E+02  1.64397E+00   3.48198E+02  1.69595E+00   3.47129E+02  1.74693E+00   3.46134E+02  1.79652E+00   3.45214E+02  1.84432E+00   3.44369E+02  1.88990E+00   3.43599E+02  1.93283E+00   3.42904E+02  1.97269E+00   3.42283E+02  2.00904E+00   3.41736E+02  2.04149E+00   3.41263E+02  2.06966E+00   3.40864E+02  2.09320E+00   3.40537E+02  2.11184E+00   3.40284E+02  2.12533E+00   3.40103E+02  2.13349E+00   3.39995E+02  2.13623E+00   3.39959E+02  2.13349E+00   3.39995E+02  2.12533E+00   3.40103E+02  2.11184E+00   3.40284E+02  2.09320E+00   3.40537E+02  2.06965E+00   3.40864E+02  2.04149E+00   3.41263E+02  2.00904E+00   3.41736E+02  1.97269E+00   3.42283E+02  1.93283E+00   3.42904E+02  1.88990E+00   3.43599E+02  1.84432E+00   3.44369E+02  1.79652E+00   3.45214E+02  1.74693E+00   3.46134E+02  1.69595E+00   3.47129E+02  1.64397E+00   3.48198E+02  1.59134E+00   3.49343E+02  1.53841E+00   3.50562E+02  1.48547E+00   3.51855E+02  1.43279E+00   3.53222E+02  1.38062E+00   3.54661E+02  1.32916E+00   3.56173E+02  1.27860E+00   3.57757E+02  1.22908E+00   3.59411E+02  1.18073E+00   1.13407E+00  1.13367E+00   2.92621E+00  1.08794E+00   4.78559E+00  1.04364E+00   6.71132E+00  1.00079E+00   8.70210E+00  9.59405E-01   1.07567E+01  9.19532E-01   1.28738E+01  8.81139E-01   1.50524E+01  8.44233E-01   1.72906E+01  8.08804E-01   1.95877E+01  7.74817E-01   2.19419E+01  7.42254E-01   2.43516E+01  7.11080E-01   2.68163E+01  6.81238E-01   2.93344E+01  6.52705E-01   3.19041E+01  6.25434E-01   3.45245E+01  5.99392E-01   3.71932E+01 
 6.32451E-01   3.81676E+01  6.59643E-01   3.55058E+01  6.88082E-01   3.28923E+01  7.17823E-01   3.03296E+01  7.48892E-01   2.78179E+01  7.81346E-01   2.53600E+01  8.15201E-01   2.29559E+01  8.50502E-01   2.06072E+01  8.87273E-01   1.83164E+01  9.25526E-01   1.60829E+01  9.65290E-01   1.39098E+01  1.00656E+00   1.17972E+01  1.04932E+00   9.74717E+00  1.09358E+00   7.76065E+00  1.13927E+00   5.83852E+00  1.18637E+00   3.98263E+00  1.23481E+00   2.19343E+00  1.28450E+00   4.72533E-01  1.33534E+00   3.58821E+02  1.38718E+00   3.57239E+02  1.43988E+00   3.55729E+02  1.49325E+00   3.54290E+02  1.54706E+00   3.52923E+02  1.60108E+00   3.51630E+02  1.65502E+00   3.50411E+02  1.70859E+00   3.49266E+02  1.76144E+00   3.48195E+02  1.81320E+00   3.47199E+02  1.86350E+00   3.46277E+02  1.91192E+00   3.45431E+02  1.95805E+00   3.44659E+02  2.00146E+00   3.43962E+02  2.04172E+00   3.43339E+02  2.07841E+00   3.42790E+02  2.11113E+00   3.42315E+02  2.13952E+00   3.41914E+02  2.16324E+00   3.41586E+02  2.18201E+00   3.41332E+02  2.19558E+00   3.41150E+02  2.20380E+00   3.41041E+02  2.20655E+00   3.41005E+02  2.20380E+00   3.41041E+02  2.19558E+00   3.41150E+02  2.18201E+00   3.41332E+02  2.16324E+00   3.41586E+02  2.13952E+00   3.41914E+02  2.11113E+00   3.42315E+02  2.07841E+00   3.42790E+02  2.04172E+00   3.43339E+02  2.00146E+00   3.43962E+02  1.95805E+00   3.44659E+02  1.91192E+00   3.45431E+02  1.86350E+00   3.46277E+02  1.81320E+00   3.47199E+02  1.76144E+00   3.48195E+02  1.70859E+00   3.49266E+02  1.65502E+00   3.50411E+02  1.60108E+00   3.51630E+02  1.54706E+00   3.52924E+02  1.49325E+00   3.54290E+02  1.43988E+00   3.55729E+02  1.38719E+00   3.57239E+02  1.33534E+00   3.58821E+02  1.28450E+00   4.72601E-01  1.23481E+00   2.19338E+00  1.18637E+00   3.98260E+00  1.13927E+00   5.83844E+00  1.09357E+00   7.76048E+00  1.04932E+00   9.74733E+00  1.00656E+00   1.17971E+01  9.65292E-01   1.39100E+01  9.25524E-01   1.60829E+01  8.87275E-01   1.83161E+01  8.50502E-01   2.06075E+01  8.15198E-01   2.29558E+01  7.81348E-01   2.53598E+01  7.48892E-01   2.78181E+01  7.17820E-01   3.03298E+01  6.88084E-01   3.28922E+01  6.59644E-01   3.55059E+01  6.32449E-01   3.81676E+01 
 6.63790E-01   3.92065E+01  6.92002E-01   3.65517E+01  7.21494E-01   3.39464E+01  7.52301E-01   3.13901E+01  7.84467E-01   2.88858E+01  8.18024E-01   2.64341E+01  8.53010E-01   2.40367E+01  8.89448E-01   2.16949E+01  9.27373E-01   1.94097E+01  9.66797E-01   1.71823E+01  1.00772E+00   1.50145E+01  1.05015E+00   1.29073E+01  1.09408E+00   1.08619E+01  1.13947E+00   8.87977E+00  1.18631E+00   6.96197E+00  1.23453E+00   5.10957E+00  1.28405E+00   3.32404E+00  1.33479E+00   1.60595E+00  1.38664E+00   3.59957E+02  1.43945E+00   3.58377E+02  1.49306E+00   3.56868E+02  1.54728E+00   3.55431E+02  1.60190E+00   3.54065E+02  1.65664E+00   3.52773E+02  1.71125E+00   3.51553E+02  1.76539E+00   3.50408E+02  1.81875E+00   3.49336E+02  1.87096E+00   3.48339E+02  1.92163E+00   3.47416E+02  1.97035E+00   3.46568E+02  2.01672E+00   3.45795E+02  2.06030E+00   3.45096E+02  2.10069E+00   3.44471E+02  2.13747E+00   3.43921E+02  2.17025E+00   3.43444E+02  2.19866E+00   3.43041E+02  2.22239E+00   3.42712E+02  2.24115E+00   3.42457E+02  2.25472E+00   3.42274E+02  2.26293E+00   3.42165E+02  2.26567E+00   3.42128E+02  2.26293E+00   3.42165E+02  2.25472E+00   3.42274E+02  2.24115E+00   3.42457E+02  2.22239E+00   3.42712E+02  2.19866E+00   3.43041E+02  2.17024E+00   3.43444E+02  2.13747E+00   3.43921E+02  2.10069E+00   3.44471E+02  2.06030E+00   3.45096E+02  2.01672E+00   3.45794E+02  1.97035E+00   3.46568E+02  1.92163E+00   3.47416E+02  1.87096E+00   3.48339E+02  1.81876E+00   3.49336E+02  1.76539E+00   3.50408E+02  1.71125E+00   3.51553E+02  1.65664E+00   3.52773E+02  1.60190E+00   3.54065E+02  1.54728E+00   3.55431E+02  1.49307E+00   3.56868E+02  1.43945E+00   3.58377E+02  1.38664E+00   3.59957E+02  1.33479E+00   1.60602E+00  1.28404E+00   3.32403E+00  1.23453E+00   5.10968E+00  1.18631E+00   6.96201E+00  1.13948E+00   8.87984E+00  1.09408E+00   1.08619E+01  1.05015E+00   1.29072E+01  1.00772E+00   1.50144E+01  9.66795E-01   1.71823E+01  9.27374E-01   1.94095E+01  8.89447E-01   2.16949E+01  8.53007E-01   2.40369E+01  8.18024E-01   2.64339E+01  7.84469E-01   2.88857E+01  7.52304E-01   3.13901E+01  7.21494E-01   3.39461E+01  6.91998E-01   3.65522E+01  6.63793E-01   3.92064E+01 
 6.93367E-01   4.03088E+01  7.22486E-01   3.76623E+01  7.52897E-01   3.50641E+01  7.84643E-01   3.25165E+01  8.17756E-01   3.00190E+01  8.52281E-01   2.75749E+01  8.88231E-01   2.51842E+01  9.25643E-01   2.28488E+01  9.64534E-01   2.05705E+01  1.00492E+00   1.83492E+01  1.04681E+00   1.61873E+01  1.09019E+00   1.40858E+01  1.13505E+00   1.20456E+01  1.18137E+00   1.00685E+01  1.22908E+00   8.15510E+00  1.27815E+00   6.30711E+00  1.32849E+00   4.52508E+00  1.38000E+00   2.81051E+00  1.43257E+00   1.16426E+00  1.48605E+00   3.59587E+02  1.54027E+00   3.58080E+02  1.59504E+00   3.56644E+02  1.65012E+00   3.55280E+02  1.70528E+00   3.53988E+02  1.76021E+00   3.52769E+02  1.81463E+00   3.51624E+02  1.86818E+00   3.50552E+02  1.92051E+00   3.49554E+02  1.97124E+00   3.48630E+02  2.01997E+00   3.47781E+02  2.06629E+00   3.47006E+02  2.10979E+00   3.46306E+02  2.15006E+00   3.45679E+02  2.18669E+00   3.45128E+02  2.21932E+00   3.44650E+02  2.24759E+00   3.44246E+02  2.27118E+00   3.43915E+02  2.28982E+00   3.43659E+02  2.30330E+00   3.43476E+02  2.31145E+00   3.43366E+02  2.31419E+00   3.43329E+02  2.31145E+00   3.43366E+02  2.30330E+00   3.43476E+02  2.28982E+00   3.43659E+02  2.27118E+00   3.43915E+02  2.24759E+00   3.44246E+02  2.21932E+00   3.44650E+02  2.18669E+00   3.45128E+02  2.15006E+00   3.45679E+02  2.10979E+00   3.46306E+02  2.06629E+00   3.47006E+02  2.01997E+00   3.47781E+02  1.97124E+00   3.48630E+02  1.92051E+00   3.49554E+02  1.86818E+00   3.50552E+02  1.81463E+00   3.51624E+02  1.76021E+00   3.52769E+02  1.70528E+00   3.53988E+02  1.65012E+00   3.55280E+02  1.59504E+00   3.56644E+02  1.54027E+00   3.58080E+02  1.48605E+00   3.59587E+02  1.43257E+00   1.16425E+00  1.38000E+00   2.81061E+00  1.32849E+00   4.52500E+00  1.27815E+00   6.30716E+00  1.22908E+00   8.15501E+00  1.18137E+00   1.00684E+01  1.13505E+00   1.20457E+01  1.09020E+00   1.40855E+01  1.04681E+00   1.61875E+01  1.00492E+00   1.83492E+01  9.64537E-01   2.05703E+01  9.25640E-01   2.28491E+01  8.88228E-01   2.51841E+01  8.52285E-01   2.75747E+01  8.17757E-01   3.00193E+01  7.84641E-01   3.25165E+01  7.52895E-01   3.50642E+01  7.22487E-01   3.76626E+01  6.93366E-01   4.03084E+01 
 7.21170E-01   4.14745E+01  7.51076E-01   3.88362E+01  7.82287E-01   3.62467E+01  8.14835E-01   3.37064E+01  8.48756E-01   3.12174E+01  8.84085E-01   2.87806E+01  9.20850E-01   2.63978E+01  9.59063E-01   2.40694E+01  9.98755E-01   2.17978E+01  1.03993E+00   1.95835E+01  1.08258E+00   1.74278E+01  1.12671E+00   1.53323E+01  1.17228E+00   1.32977E+01  1.21928E+00   1.13259E+01  1.26765E+00   9.41760E+00  1.31732E+00   7.57391E+00  1.36822E+00   5.79638E+00  1.42024E+00   4.08529E+00  1.47326E+00   2.44250E+00  1.52713E+00   8.68274E-01  1.58167E+00   3.59364E+02  1.63669E+00   3.57930E+02  1.69196E+00   3.56567E+02  1.74722E+00   3.55277E+02  1.80220E+00   3.54058E+02  1.85658E+00   3.52913E+02  1.91004E+00   3.51841E+02  1.96221E+00   3.50843E+02  2.01272E+00   3.49919E+02  2.06119E+00   3.49069E+02  2.10721E+00   3.48293E+02  2.15039E+00   3.47591E+02  2.19032E+00   3.46964E+02  2.22662E+00   3.46411E+02  2.25892E+00   3.45932E+02  2.28688E+00   3.45527E+02  2.31021E+00   3.45196E+02  2.32864E+00   3.44938E+02  2.34195E+00   3.44754E+02  2.35001E+00   3.44644E+02  2.35269E+00   3.44607E+02  2.35001E+00   3.44644E+02  2.34195E+00   3.44754E+02  2.32864E+00   3.44938E+02  2.31021E+00   3.45196E+02  2.28688E+00   3.45527E+02  2.25892E+00   3.45932E+02  2.22662E+00   3.46411E+02  2.19031E+00   3.46964E+02  2.15039E+00   3.47591E+02  2.10721E+00   3.48293E+02  2.06119E+00   3.49069E+02  2.01272E+00   3.49919E+02  1.96220E+00   3.50843E+02  1.91004E+00   3.51841E+02  1.85658E+00   3.52913E+02  1.80220E+00   3.54058E+02  1.74722E+00   3.55277E+02  1.69196E+00   3.56567E+02  1.63669E+00   3.57930E+02  1.58167E+00   3.59364E+02  1.52713E+00   8.68218E-01  1.47326E+00   2.44249E+00  1.42025E+00   4.08529E+00  1.36822E+00   5.79633E+00  1.31732E+00   7.57402E+00  1.26765E+00   9.41753E+00  1.21928E+00   1.13260E+01  1.17228E+00   1.32977E+01  1.12671E+00   1.53322E+01  1.08258E+00   1.74278E+01  1.03992E+00   1.95833E+01  9.98755E-01   2.17978E+01  9.59060E-01   2.40696E+01  9.20850E-01   2.63977E+01  8.84086E-01   2.87807E+01  8.48756E-01   3.12175E+01  8.14837E-01   3.37063E+01  7.82288E-01   3.62466E+01  7.51073E-01   3.88364E+01  7.21171E-01   4.14744E+01 
 7.47180E-01   4.27027E+01  7.77761E-01   4.00733E+01  8.09647E-01   3.74922E+01  8.42874E-01   3.49611E+01  8.77470E-01   3.24800E+01  9.13467E-01   3.00514E+01  9.50883E-01   2.76762E+01  9.89742E-01   2.53556E+01  1.03006E+00   2.30913E+01  1.07183E+00   2.08839E+01  1.11507E+00   1.87351E+01  1.15973E+00   1.66460E+01  1.20583E+00   1.46177E+01  1.25330E+00   1.26516E+01  1.30209E+00   1.07486E+01  1.35215E+00   8.91001E+00  1.40336E+00   7.13689E+00  1.45564E+00   5.43022E+00  1.50886E+00   3.79100E+00  1.56286E+00   2.22013E+00  1.61746E+00   7.18592E-01  1.67247E+00   3.59287E+02  1.72765E+00   3.57926E+02  1.78275E+00   3.56637E+02  1.83750E+00   3.55420E+02  1.89159E+00   3.54276E+02  1.94468E+00   3.53204E+02  1.99644E+00   3.52206E+02  2.04650E+00   3.51282E+02  2.09447E+00   3.50431E+02  2.13998E+00   3.49655E+02  2.18262E+00   3.48953E+02  2.22202E+00   3.48325E+02  2.25781E+00   3.47771E+02  2.28964E+00   3.47291E+02  2.31717E+00   3.46885E+02  2.34012E+00   3.46553E+02  2.35824E+00   3.46295E+02  2.37134E+00   3.46110E+02  2.37925E+00   3.46000E+02  2.38190E+00   3.45963E+02  2.37925E+00   3.46000E+02  2.37134E+00   3.46110E+02  2.35824E+00   3.46295E+02  2.34012E+00   3.46553E+02  2.31717E+00   3.46885E+02  2.28964E+00   3.47291E+02  2.25781E+00   3.47771E+02  2.22202E+00   3.48325E+02  2.18262E+00   3.48953E+02  2.13998E+00   3.49655E+02  2.09447E+00   3.50432E+02  2.04650E+00   3.51282E+02  1.99644E+00   3.52206E+02  1.94468E+00   3.53204E+02  1.89159E+00   3.54276E+02  1.83750E+00   3.55420E+02  1.78275E+00   3.56637E+02  1.72765E+00   3.57926E+02  1.67246E+00   3.59287E+02  1.61746E+00   7.18622E-01  1.56285E+00   2.22015E+00  1.50886E+00   3.79101E+00  1.45564E+00   5.43025E+00  1.40336E+00   7.13689E+00  1.35214E+00   8.91002E+00  1.30209E+00   1.07486E+01  1.25330E+00   1.26515E+01  1.20582E+00   1.46177E+01  1.15973E+00   1.66458E+01  1.11506E+00   1.87352E+01  1.07182E+00   2.08838E+01  1.03006E+00   2.30913E+01  9.89739E-01   2.53557E+01  9.50884E-01   2.76760E+01  9.13471E-01   3.00512E+01  8.77470E-01   3.24802E+01  8.42873E-01   3.49610E+01  8.09642E-01   3.74925E+01  7.77763E-01   4.00734E+01  7.47181E-01   4.27021E+01 
 7.71404E-01   4.39922E+01  8.02550E-01   4.13726E+01  8.34993E-01   3.88006E+01  8.68769E-01   3.62782E+01  9.03902E-01   3.38064E+01  9.40427E-01   3.13861E+01  9.78358E-01   2.90194E+01  1.01770E+00   2.67067E+01  1.05848E+00   2.44501E+01  1.10069E+00   2.22505E+01  1.14432E+00   2.01085E+01  1.18936E+00   1.80264E+01  1.23576E+00   1.60045E+01  1.28351E+00   1.40446E+01  1.33252E+00   1.21475E+01  1.38273E+00   1.03142E+01  1.43406E+00   8.54622E+00  1.48637E+00   6.84401E+00  1.53955E+00   5.20901E+00  1.59344E+00   3.64195E+00  1.64786E+00   2.14354E+00  1.70262E+00   7.15100E-01  1.75747E+00   3.59357E+02  1.81218E+00   3.58070E+02  1.86646E+00   3.56854E+02  1.92001E+00   3.55711E+02  1.97253E+00   3.54641E+02  2.02365E+00   3.53643E+02  2.07304E+00   3.52719E+02  2.12031E+00   3.51869E+02  2.16511E+00   3.51092E+02  2.20704E+00   3.50389E+02  2.24576E+00   3.49761E+02  2.28089E+00   3.49206E+02  2.31210E+00   3.48725E+02  2.33910E+00   3.48319E+02  2.36158E+00   3.47986E+02  2.37933E+00   3.47728E+02  2.39214E+00   3.47543E+02  2.39989E+00   3.47432E+02  2.40248E+00   3.47396E+02  2.39989E+00   3.47432E+02  2.39214E+00   3.47543E+02  2.37933E+00   3.47728E+02  2.36158E+00   3.47986E+02  2.33910E+00   3.48319E+02  2.31210E+00   3.48725E+02  2.28089E+00   3.49206E+02  2.24576E+00   3.49761E+02  2.20704E+00   3.50389E+02  2.16511E+00   3.51092E+02  2.12031E+00   3.51869E+02  2.07304E+00   3.52719E+02  2.02365E+00   3.53643E+02  1.97253E+00   3.54641E+02  1.92001E+00   3.55711E+02  1.86646E+00   3.56854E+02  1.81218E+00   3.58070E+02  1.75747E+00   3.59357E+02  1.70262E+00   7.15114E-01  1.64786E+00   2.14362E+00  1.59344E+00   3.64190E+00  1.53955E+00   5.20904E+00  1.48637E+00   6.84397E+00  1.43406E+00   8.54616E+00  1.38273E+00   1.03142E+01  1.33252E+00   1.21474E+01  1.28351E+00   1.40447E+01  1.23577E+00   1.60045E+01  1.18936E+00   1.80265E+01  1.14432E+00   2.01087E+01  1.10069E+00   2.22503E+01  1.05848E+00   2.44502E+01  1.01770E+00   2.67067E+01  9.78361E-01   2.90191E+01  9.40427E-01   3.13864E+01  9.03898E-01   3.38064E+01  8.68768E-01   3.62781E+01  8.34996E-01   3.88006E+01  8.02549E-01   4.13724E+01  7.71404E-01   4.39921E+01 
 7.93848E-01   4.53436E+01  8.25449E-01   4.27332E+01  8.58337E-01   4.01711E+01  8.92547E-01   3.76581E+01  9.28097E-01   3.51954E+01  9.65007E-01   3.27842E+01  1.00331E+00   3.04261E+01  1.04300E+00   2.81220E+01  1.08409E+00   2.58734E+01  1.12657E+00   2.36816E+01  1.17043E+00   2.15477E+01  1.21565E+00   1.94726E+01  1.26221E+00   1.74579E+01  1.31003E+00   1.55044E+01  1.35907E+00   1.36135E+01  1.40925E+00   1.17861E+01  1.46046E+00   1.00235E+01  1.51261E+00   8.32642E+00  1.56554E+00   6.69595E+00  1.61911E+00   5.13311E+00  1.67314E+00   3.63857E+00  1.72742E+00   2.21326E+00  1.78174E+00   8.57922E-01  1.83583E+00   3.59573E+02  1.88944E+00   3.58360E+02  1.94226E+00   3.57218E+02  1.99399E+00   3.56149E+02  2.04428E+00   3.55153E+02  2.09281E+00   3.54229E+02  2.13922E+00   3.53379E+02  2.18314E+00   3.52603E+02  2.22423E+00   3.51900E+02  2.26211E+00   3.51271E+02  2.29647E+00   3.50716E+02  2.32697E+00   3.50235E+02  2.35333E+00   3.49828E+02  2.37527E+00   3.49496E+02  2.39258E+00   3.49237E+02  2.40508E+00   3.49052E+02  2.41263E+00   3.48941E+02  2.41516E+00   3.48904E+02  2.41263E+00   3.48941E+02  2.40508E+00   3.49052E+02  2.39258E+00   3.49237E+02  2.37527E+00   3.49496E+02  2.35333E+00   3.49828E+02  2.32697E+00   3.50235E+02  2.29647E+00   3.50716E+02  2.26211E+00   3.51271E+02  2.22423E+00   3.51900E+02  2.18314E+00   3.52603E+02  2.13922E+00   3.53379E+02  2.09281E+00   3.54229E+02  2.04429E+00   3.55153E+02  1.99399E+00   3.56149E+02  1.94226E+00   3.57218E+02  1.88944E+00   3.58360E+02  1.83583E+00   3.59573E+02  1.78174E+00   8.57870E-01  1.72742E+00   2.21325E+00  1.67314E+00   3.63850E+00  1.61911E+00   5.13310E+00  1.56554E+00   6.69597E+00  1.51261E+00   8.32637E+00  1.46046E+00   1.00236E+01  1.40925E+00   1.17861E+01  1.35907E+00   1.36136E+01  1.31003E+00   1.55044E+01  1.26221E+00   1.74578E+01  1.21565E+00   1.94726E+01  1.17043E+00   2.15476E+01  1.12657E+00   2.36815E+01  1.08409E+00   2.58736E+01  1.04300E+00   2.81219E+01  1.00331E+00   3.04260E+01  9.65008E-01   3.27841E+01  9.28097E-01   3.51954E+01  8.92549E-01   3.76581E+01  8.58334E-01   4.01713E+01  8.25449E-01   4.27333E+01  7.93849E-01   4.53432E+01 
 8.14527E-01   4.67542E+01  8.46486E-01   4.41552E+01  8.79710E-01   4.16026E+01  9.14231E-01   3.90995E+01  9.50076E-01   3.66467E+01  9.87259E-01   3.42448E+01  1.02579E+00   3.18960E+01  1.06569E+00   2.96008E+01  1.10694E+00   2.73608E+01  1.14955E+00   2.51773E+01  1.19348E+00   2.30511E+01  1.23874E+00   2.09840E+01  1.28525E+00   1.89766E+01  1.33299E+00   1.70301E+01  1.38188E+00   1.51459E+01  1.43184E+00   1.33247E+01  1.48277E+00   1.15678E+01  1.53455E+00   9.87626E+00  1.58706E+00   8.25082E+00  1.64011E+00   6.69259E+00  1.69356E+00   5.20220E+00  1.74718E+00   3.78078E+00  1.80077E+00   2.42868E+00  1.85407E+00   1.14702E+00  1.90681E+00   3.59936E+02  1.95873E+00   3.58797E+02  2.00950E+00   3.57729E+02  2.05881E+00   3.56734E+02  2.10633E+00   3.55812E+02  2.15172E+00   3.54962E+02  2.19464E+00   3.54187E+02  2.23474E+00   3.53484E+02  2.27169E+00   3.52856E+02  2.30517E+00   3.52301E+02  2.33487E+00   3.51820E+02  2.36052E+00   3.51413E+02  2.38186E+00   3.51080E+02  2.39869E+00   3.50821E+02  2.41083E+00   3.50636E+02  2.41817E+00   3.50525E+02  2.42062E+00   3.50488E+02  2.41817E+00   3.50525E+02  2.41083E+00   3.50636E+02  2.39869E+00   3.50821E+02  2.38186E+00   3.51080E+02  2.36052E+00   3.51413E+02  2.33487E+00   3.51820E+02  2.30517E+00   3.52301E+02  2.27169E+00   3.52856E+02  2.23474E+00   3.53484E+02  2.19464E+00   3.54187E+02  2.15172E+00   3.54962E+02  2.10633E+00   3.55812E+02  2.05881E+00   3.56734E+02  2.00949E+00   3.57729E+02  1.95873E+00   3.58797E+02  1.90681E+00   3.59936E+02  1.85407E+00   1.14702E+00  1.80076E+00   2.42873E+00  1.74718E+00   3.78076E+00  1.69356E+00   5.20225E+00  1.64011E+00   6.69256E+00  1.58706E+00   8.25077E+00  1.53455E+00   9.87629E+00  1.48277E+00   1.15678E+01  1.43184E+00   1.33247E+01  1.38188E+00   1.51457E+01  1.33300E+00   1.70301E+01  1.28525E+00   1.89765E+01  1.23874E+00   2.09841E+01  1.19348E+00   2.30512E+01  1.14955E+00   2.51773E+01  1.10694E+00   2.73609E+01  1.06569E+00   2.96006E+01  1.02580E+00   3.18957E+01  9.87256E-01   3.42451E+01  9.50073E-01   3.66467E+01  9.14230E-01   3.90997E+01  8.79711E-01   4.16027E+01  8.46488E-01   4.41547E+01  8.14528E-01   4.67543E+01 
 8.33476E-01   4.82255E+01  8.65689E-01   4.56363E+01  8.99144E-01   4.30950E+01  9.33878E-01   4.06019E+01  9.69897E-01   3.81591E+01  1.00722E+00   3.57673E+01  1.04588E+00   3.34278E+01  1.08584E+00   3.11421E+01  1.12713E+00   2.89110E+01  1.16972E+00   2.67363E+01  1.21358E+00   2.46187E+01  1.25871E+00   2.25595E+01  1.30505E+00   2.05599E+01  1.35254E+00   1.86209E+01  1.40113E+00   1.67437E+01  1.45070E+00   1.49293E+01  1.50118E+00   1.31787E+01  1.55244E+00   1.14930E+01  1.60433E+00   9.87297E+00  1.65672E+00   8.31979E+00  1.70941E+00   6.83396E+00  1.76220E+00   5.41675E+00  1.81490E+00   4.06841E+00  1.86724E+00   2.79008E+00  1.91898E+00   1.58212E+00  1.96982E+00   4.45201E-01  2.01950E+00   3.59380E+02  2.06769E+00   3.58387E+02  2.11407E+00   3.57466E+02  2.15833E+00   3.56618E+02  2.20013E+00   3.55843E+02  2.23916E+00   3.55141E+02  2.27508E+00   3.54513E+02  2.30761E+00   3.53959E+02  2.33643E+00   3.53478E+02  2.36132E+00   3.53071E+02  2.38201E+00   3.52738E+02  2.39832E+00   3.52479E+02  2.41008E+00   3.52294E+02  2.41719E+00   3.52183E+02  2.41957E+00   3.52146E+02  2.41719E+00   3.52183E+02  2.41008E+00   3.52294E+02  2.39832E+00   3.52479E+02  2.38201E+00   3.52738E+02  2.36132E+00   3.53071E+02  2.33644E+00   3.53478E+02  2.30761E+00   3.53958E+02  2.27508E+00   3.54513E+02  2.23916E+00   3.55141E+02  2.20013E+00   3.55843E+02  2.15833E+00   3.56618E+02  2.11407E+00   3.57466E+02  2.06769E+00   3.58387E+02  2.01950E+00   3.59380E+02  1.96982E+00   4.45242E-01  1.91898E+00   1.58211E+00  1.86724E+00   2.79013E+00  1.81490E+00   4.06839E+00  1.76221E+00   5.41678E+00  1.70941E+00   6.83391E+00  1.65672E+00   8.31975E+00  1.60433E+00   9.87303E+00  1.55244E+00   1.14929E+01  1.50118E+00   1.31788E+01  1.45070E+00   1.49292E+01  1.40113E+00   1.67438E+01  1.35254E+00   1.86210E+01  1.30505E+00   2.05599E+01  1.25871E+00   2.25596E+01  1.21358E+00   2.46186E+01  1.16972E+00   2.67363E+01  1.12713E+00   2.89110E+01  1.08584E+00   3.11418E+01  1.04588E+00   3.34280E+01  1.00722E+00   3.57673E+01  9.69897E-01   3.81590E+01  9.33880E-01   4.06019E+01  8.99143E-01   4.30950E+01  8.65688E-01   4.56363E+01  8.33475E-01   4.82256E+01 
 8.50715E-01   4.97547E+01  8.83091E-01   4.71775E+01  9.16686E-01   4.46466E+01  9.51517E-01   4.21645E+01  9.87619E-01   3.97321E+01  1.02498E+00   3.73506E+01  1.06362E+00   3.50213E+01  1.10355E+00   3.27450E+01  1.14474E+00   3.05236E+01  1.18718E+00   2.83578E+01  1.23086E+00   2.62491E+01  1.27572E+00   2.41984E+01  1.32174E+00   2.22071E+01  1.36884E+00   2.02758E+01  1.41696E+00   1.84061E+01  1.46602E+00   1.65988E+01  1.51589E+00   1.48548E+01  1.56647E+00   1.31755E+01  1.61763E+00   1.15613E+01  1.66918E+00   1.00136E+01  1.72098E+00   8.53296E+00  1.77281E+00   7.12020E+00  1.82447E+00   5.77630E+00  1.87572E+00   4.50157E+00  1.92631E+00   3.29714E+00  1.97598E+00   2.16317E+00  2.02443E+00   1.10048E+00  2.07140E+00   1.09494E-01  2.11654E+00   3.59191E+02  2.15957E+00   3.58344E+02  2.20017E+00   3.57570E+02  2.23804E+00   3.56870E+02  2.27287E+00   3.56243E+02  2.30437E+00   3.55689E+02  2.33228E+00   3.55209E+02  2.35635E+00   3.54802E+02  2.37636E+00   3.54469E+02  2.39213E+00   3.54211E+02  2.40350E+00   3.54026E+02  2.41036E+00   3.53915E+02  2.41266E+00   3.53878E+02  2.41036E+00   3.53915E+02  2.40350E+00   3.54026E+02  2.39213E+00   3.54211E+02  2.37636E+00   3.54469E+02  2.35635E+00   3.54802E+02  2.33228E+00   3.55209E+02  2.30438E+00   3.55689E+02  2.27287E+00   3.56243E+02  2.23804E+00   3.56870E+02  2.20017E+00   3.57570E+02  2.15957E+00   3.58344E+02  2.11654E+00   3.59191E+02  2.07139E+00   1.09468E-01  2.02443E+00   1.10051E+00  1.97598E+00   2.16318E+00  1.92631E+00   3.29712E+00  1.87572E+00   4.50158E+00  1.82446E+00   5.77626E+00  1.77281E+00   7.12019E+00  1.72098E+00   8.53291E+00  1.66918E+00   1.00137E+01  1.61763E+00   1.15613E+01  1.56647E+00   1.31755E+01  1.51589E+00   1.48548E+01  1.46602E+00   1.65987E+01  1.41696E+00   1.84061E+01  1.36884E+00   2.02757E+01  1.32174E+00   2.22071E+01  1.27572E+00   2.41984E+01  1.23086E+00   2.62491E+01  1.18719E+00   2.83578E+01  1.14474E+00   3.05236E+01  1.10355E+00   3.27451E+01  1.06363E+00   3.50212E+01  1.02498E+00   3.73505E+01  9.87620E-01   3.97321E+01  9.51514E-01   4.21647E+01  9.16685E-01   4.46466E+01  8.83094E-01   4.71772E+01  8.50716E-01   4.97549E+01 
 8.66297E-01   5.13423E+01  8.98746E-01   4.87762E+01  9.32381E-01   4.62576E+01  9.67227E-01   4.37860E+01  1.00329E+00   4.13646E+01  1.04059E+00   3.89938E+01  1.07912E+00   3.66748E+01  1.11889E+00   3.44091E+01  1.15987E+00   3.21971E+01  1.20205E+00   3.00413E+01  1.24540E+00   2.79415E+01  1.28990E+00   2.58999E+01  1.33545E+00   2.39170E+01  1.38205E+00   2.19943E+01  1.42959E+00   2.01322E+01  1.47798E+00   1.83325E+01  1.52713E+00   1.65956E+01  1.57690E+00   1.49229E+01  1.62718E+00   1.33150E+01  1.67779E+00   1.17732E+01  1.72856E+00   1.02979E+01  1.77931E+00   8.89034E+00  1.82981E+00   7.55082E+00  1.87986E+00   6.28059E+00  1.92921E+00   5.07976E+00  1.97759E+00   3.94931E+00  2.02474E+00   2.88968E+00  2.07037E+00   1.90124E+00  2.11421E+00   9.84764E-01  2.15594E+00   1.40203E-01  2.19527E+00   3.59368E+02  2.23193E+00   3.58669E+02  2.26561E+00   3.58043E+02  2.29605E+00   3.57490E+02  2.32301E+00   3.57011E+02  2.34624E+00   3.56605E+02  2.36554E+00   3.56273E+02  2.38073E+00   3.56014E+02  2.39169E+00   3.55829E+02  2.39831E+00   3.55719E+02  2.40052E+00   3.55682E+02  2.39831E+00   3.55719E+02  2.39169E+00   3.55829E+02  2.38073E+00   3.56014E+02  2.36554E+00   3.56273E+02  2.34623E+00   3.56605E+02  2.32301E+00   3.57011E+02  2.29605E+00   3.57490E+02  2.26561E+00   3.58043E+02  2.23193E+00   3.58669E+02  2.19527E+00   3.59368E+02  2.15594E+00   1.40172E-01  2.11421E+00   9.84782E-01  2.07037E+00   1.90121E+00  2.02474E+00   2.88970E+00  1.97759E+00   3.94929E+00  1.92921E+00   5.07976E+00  1.87986E+00   6.28057E+00  1.82981E+00   7.55085E+00  1.77931E+00   8.89033E+00  1.72856E+00   1.02979E+01  1.67779E+00   1.17731E+01  1.62718E+00   1.33150E+01  1.57690E+00   1.49228E+01  1.52713E+00   1.65956E+01  1.47798E+00   1.83325E+01  1.42959E+00   2.01322E+01  1.38205E+00   2.19943E+01  1.33546E+00   2.39170E+01  1.28989E+00   2.59000E+01  1.24540E+00   2.79415E+01  1.20206E+00   3.00412E+01  1.15987E+00   3.21972E+01  1.11889E+00   3.44089E+01  1.07912E+00   3.66749E+01  1.04059E+00   3.89940E+01  1.00329E+00   4.13647E+01  9.67229E-01   4.37860E+01  9.32383E-01   4.62572E+01  8.98746E-01   4.87763E+01  8.66296E-01   5.13428E+01 
 8.80257E-01   5.29872E+01  9.12695E-01   5.04330E+01  9.46290E-01   4.79256E+01  9.81053E-01   4.54666E+01  1.01701E+00   4.30560E+01  1.05414E+00   4.06963E+01  1.09246E+00   3.83881E+01  1.13196E+00   3.61329E+01  1.17264E+00   3.39314E+01  1.21445E+00   3.17850E+01  1.25737E+00   2.96955E+01  1.30136E+00   2.76626E+01  1.34638E+00   2.56889E+01  1.39233E+00   2.37746E+01  1.43917E+00   2.19210E+01  1.48680E+00   2.01291E+01  1.53510E+00   1.83998E+01  1.58397E+00   1.67342E+01  1.63325E+00   1.51330E+01  1.68280E+00   1.35975E+01  1.73245E+00   1.21282E+01  1.78201E+00   1.07259E+01  1.83128E+00   9.39171E+00  1.88004E+00   8.12573E+00  1.92805E+00   6.92943E+00  1.97507E+00   5.80262E+00  2.02083E+00   4.74648E+00  2.06508E+00   3.76113E+00  2.10753E+00   2.84725E+00  2.14791E+00   2.00517E+00  2.18593E+00   1.23525E+00  2.22133E+00   5.37870E-01  2.25383E+00   3.59913E+02  2.28319E+00   3.59362E+02  2.30916E+00   3.58883E+02  2.33153E+00   3.58478E+02  2.35011E+00   3.58146E+02  2.36473E+00   3.57889E+02  2.37527E+00   3.57704E+02  2.38163E+00   3.57594E+02  2.38376E+00   3.57557E+02  2.38163E+00   3.57594E+02  2.37527E+00   3.57704E+02  2.36473E+00   3.57889E+02  2.35011E+00   3.58146E+02  2.33153E+00   3.58478E+02  2.30916E+00   3.58883E+02  2.28319E+00   3.59362E+02  2.25383E+00   3.59913E+02  2.22133E+00   5.37869E-01  2.18593E+00   1.23529E+00  2.14791E+00   2.00517E+00  2.10753E+00   2.84732E+00  2.06508E+00   3.76113E+00  2.02083E+00   4.74654E+00  1.97507E+00   5.80259E+00  1.92805E+00   6.92943E+00  1.88004E+00   8.12575E+00  1.83128E+00   9.39163E+00  1.78201E+00   1.07259E+01  1.73245E+00   1.21281E+01  1.68280E+00   1.35975E+01  1.63324E+00   1.51330E+01  1.58397E+00   1.67342E+01  1.53510E+00   1.83998E+01  1.48680E+00   2.01290E+01  1.43917E+00   2.19211E+01  1.39233E+00   2.37745E+01  1.34637E+00   2.56890E+01  1.30136E+00   2.76627E+01  1.25737E+00   2.96952E+01  1.21445E+00   3.17851E+01  1.17263E+00   3.39313E+01  1.13197E+00   3.61328E+01  1.09246E+00   3.83884E+01  1.05413E+00   4.06962E+01  1.01701E+00   4.30560E+01  9.81053E-01   4.54664E+01  9.46289E-01   4.79257E+01  9.12695E-01   5.04333E+01  8.80257E-01   5.29873E+01 
 8.92645E-01   5.46879E+01  9.24999E-01   5.21464E+01  9.58474E-01   4.96514E+01  9.93071E-01   4.72036E+01  1.02882E+00   4.48054E+01  1.06571E+00   4.24569E+01  1.10373E+00   4.01598E+01  1.14287E+00   3.79158E+01  1.18314E+00   3.57249E+01  1.22449E+00   3.35890E+01  1.26688E+00   3.15091E+01  1.31029E+00   2.94865E+01  1.35464E+00   2.75216E+01  1.39988E+00   2.56166E+01  1.44592E+00   2.37714E+01  1.49267E+00   2.19879E+01  1.54004E+00   2.02664E+01  1.58788E+00   1.86083E+01  1.63610E+00   1.70143E+01  1.68450E+00   1.54853E+01  1.73294E+00   1.40223E+01  1.78124E+00   1.26259E+01  1.82918E+00   1.12971E+01  1.87659E+00   1.00363E+01  1.92319E+00   8.84442E+00  1.96879E+00   7.72202E+00  2.01312E+00   6.66958E+00  2.05593E+00   5.68777E+00  2.09696E+00   4.77693E+00  2.13595E+00   3.93763E+00  2.17263E+00   3.17007E+00  2.20674E+00   2.47482E+00  2.23805E+00   1.85193E+00  2.26630E+00   1.30186E+00  2.29128E+00   8.24686E-01  2.31277E+00   4.20662E-01  2.33062E+00   8.98876E-02  2.34466E+00   3.59833E+02  2.35478E+00   3.59649E+02  2.36089E+00   3.59538E+02  2.36293E+00   3.59501E+02  2.36089E+00   3.59538E+02  2.35479E+00   3.59649E+02  2.34466E+00   3.59833E+02  2.33062E+00   8.98684E-02  2.31277E+00   4.20704E-01  2.29128E+00   8.24664E-01  2.26630E+00   1.30191E+00  2.23805E+00   1.85192E+00  2.20674E+00   2.47487E+00  2.17263E+00   3.17008E+00  2.13595E+00   3.93764E+00  2.09696E+00   4.77695E+00  2.05593E+00   5.68774E+00  2.01312E+00   6.66962E+00  1.96879E+00   7.72193E+00  1.92319E+00   8.84444E+00  1.87658E+00   1.00362E+01  1.82918E+00   1.12971E+01  1.78124E+00   1.26258E+01  1.73294E+00   1.40223E+01  1.68450E+00   1.54853E+01  1.63610E+00   1.70143E+01  1.58789E+00   1.86083E+01  1.54004E+00   2.02663E+01  1.49267E+00   2.19880E+01  1.44592E+00   2.37713E+01  1.39988E+00   2.56166E+01  1.35464E+00   2.75217E+01  1.31029E+00   2.94863E+01  1.26689E+00   3.15091E+01  1.22449E+00   3.35890E+01  1.18314E+00   3.57249E+01  1.14288E+00   3.79158E+01  1.10372E+00   4.01599E+01  1.06571E+00   4.24569E+01  1.02882E+00   4.48054E+01  9.93071E-01   4.72037E+01  9.58476E-01   4.96512E+01  9.25000E-01   5.21465E+01  8.92645E-01   5.46880E+01 
 9.03524E-01   5.64447E+01  9.35712E-01   5.39152E+01  9.68991E-01   5.14329E+01  1.00336E+00   4.89980E+01  1.03882E+00   4.66113E+01  1.07538E+00   4.42751E+01  1.11302E+00   4.19893E+01  1.15173E+00   3.97564E+01  1.19150E+00   3.75768E+01  1.23230E+00   3.54515E+01  1.27408E+00   3.33821E+01  1.31681E+00   3.13692E+01  1.36042E+00   2.94145E+01  1.40484E+00   2.75185E+01  1.45001E+00   2.56826E+01  1.49581E+00   2.39076E+01  1.54215E+00   2.21945E+01  1.58892E+00   2.05443E+01  1.63596E+00   1.89577E+01  1.68316E+00   1.74358E+01  1.73031E+00   1.59794E+01  1.77729E+00   1.45893E+01  1.82385E+00   1.32662E+01  1.86983E+00   1.20109E+01  1.91500E+00   1.08240E+01  1.95913E+00   9.70616E+00  2.00199E+00   8.65800E+00  2.04333E+00   7.67993E+00  2.08292E+00   6.77255E+00  2.12049E+00   5.93626E+00  2.15581E+00   5.17150E+00  2.18864E+00   4.47855E+00  2.21873E+00   3.85777E+00  2.24587E+00   3.30948E+00  2.26984E+00   2.83377E+00  2.29047E+00   2.43105E+00  2.30759E+00   2.10122E+00  2.32106E+00   1.84466E+00  2.33075E+00   1.66126E+00  2.33661E+00   1.55122E+00  2.33856E+00   1.51455E+00  2.33661E+00   1.55121E+00  2.33075E+00   1.66126E+00  2.32105E+00   1.84467E+00  2.30759E+00   2.10122E+00  2.29047E+00   2.43107E+00  2.26984E+00   2.83375E+00  2.24587E+00   3.30954E+00  2.21873E+00   3.85774E+00  2.18863E+00   4.47859E+00  2.15582E+00   5.17143E+00  2.12049E+00   5.93626E+00  2.08292E+00   6.77250E+00  2.04333E+00   7.67990E+00  2.00199E+00   8.65796E+00  1.95913E+00   9.70611E+00  1.91500E+00   1.08241E+01  1.86983E+00   1.20108E+01  1.82385E+00   1.32663E+01  1.77729E+00   1.45893E+01  1.73032E+00   1.59794E+01  1.68316E+00   1.74358E+01  1.63596E+00   1.89577E+01  1.58892E+00   2.05442E+01  1.54215E+00   2.21946E+01  1.49581E+00   2.39076E+01  1.45000E+00   2.56827E+01  1.40484E+00   2.75185E+01  1.36042E+00   2.94144E+01  1.31681E+00   3.13692E+01  1.27409E+00   3.33819E+01  1.23230E+00   3.54515E+01  1.19150E+00   3.75768E+01  1.15174E+00   3.97564E+01  1.11302E+00   4.19896E+01  1.07538E+00   4.42749E+01  1.03882E+00   4.66113E+01  1.00336E+00   4.89977E+01  9.68992E-01   5.14330E+01  9.35711E-01   5.39157E+01  9.03520E-01   5.64446E+01 
 9.12930E-01   5.82553E+01  9.44904E-01   5.57396E+01  9.77918E-01   5.32695E+01  1.01198E+00   5.08474E+01  1.04709E+00   4.84736E+01  1.08324E+00   4.61492E+01  1.12043E+00   4.38758E+01  1.15864E+00   4.16542E+01  1.19784E+00   3.94861E+01  1.23801E+00   3.73719E+01  1.27911E+00   3.53132E+01  1.32108E+00   3.33110E+01  1.36388E+00   3.13659E+01  1.40742E+00   2.94799E+01  1.45162E+00   2.76531E+01  1.49641E+00   2.58872E+01  1.54166E+00   2.41827E+01  1.58727E+00   2.25406E+01  1.63311E+00   2.09621E+01  1.67902E+00   1.94475E+01  1.72486E+00   1.79983E+01  1.77044E+00   1.66146E+01  1.81559E+00   1.52979E+01  1.86011E+00   1.40482E+01  1.90380E+00   1.28667E+01  1.94644E+00   1.17538E+01  1.98780E+00   1.07102E+01  2.02767E+00   9.73636E+00  2.06579E+00   8.83267E+00  2.10195E+00   7.99992E+00  2.13590E+00   7.23805E+00  2.16744E+00   6.54792E+00  2.19632E+00   5.92945E+00  2.22235E+00   5.38319E+00  2.24533E+00   4.90922E+00  2.26510E+00   4.50789E+00  2.28149E+00   4.17924E+00  2.29437E+00   3.92356E+00  2.30366E+00   3.74075E+00  2.30925E+00   3.63115E+00  2.31113E+00   3.59448E+00  2.30925E+00   3.63114E+00  2.30366E+00   3.74075E+00  2.29437E+00   3.92354E+00  2.28149E+00   4.17924E+00  2.26509E+00   4.50784E+00  2.24533E+00   4.90923E+00  2.22235E+00   5.38315E+00  2.19632E+00   5.92942E+00  2.16744E+00   6.54792E+00  2.13590E+00   7.23804E+00  2.10195E+00   7.99993E+00  2.06579E+00   8.83266E+00  2.02767E+00   9.73641E+00  1.98780E+00   1.07102E+01  1.94644E+00   1.17539E+01  1.90380E+00   1.28667E+01  1.86012E+00   1.40482E+01  1.81559E+00   1.52979E+01  1.77044E+00   1.66145E+01  1.72486E+00   1.79983E+01  1.67902E+00   1.94475E+01  1.63311E+00   2.09621E+01  1.58727E+00   2.25407E+01  1.54166E+00   2.41827E+01  1.49641E+00   2.58874E+01  1.45162E+00   2.76531E+01  1.40742E+00   2.94799E+01  1.36387E+00   3.13660E+01  1.32108E+00   3.33108E+01  1.27911E+00   3.53133E+01  1.23801E+00   3.73720E+01  1.19784E+00   3.94860E+01  1.15864E+00   4.16544E+01  1.12043E+00   4.38757E+01  1.08325E+00   4.61490E+01  1.04709E+00   4.84734E+01  1.01197E+00   5.08476E+01  9.77919E-01   5.32699E+01  9.44902E-01   5.57395E+01  9.12932E-01   5.82548E+01 
 9.20939E-01   6.01198E+01  9.52627E-01   5.76173E+01  9.85324E-01   5.51610E+01  1.01902E+00   5.27514E+01  1.05370E+00   5.03904E+01  1.08940E+00   4.80791E+01  1.12607E+00   4.58174E+01  1.16370E+00   4.36081E+01  1.20227E+00   4.14515E+01  1.24175E+00   3.93490E+01  1.28209E+00   3.73012E+01  1.32325E+00   3.53100E+01  1.36516E+00   3.33755E+01  1.40776E+00   3.14993E+01  1.45096E+00   2.96825E+01  1.49466E+00   2.79257E+01  1.53878E+00   2.62302E+01  1.58318E+00   2.45967E+01  1.62775E+00   2.30263E+01  1.67235E+00   2.15196E+01  1.71681E+00   2.00776E+01  1.76099E+00   1.87011E+01  1.80468E+00   1.73907E+01  1.84773E+00   1.61474E+01  1.88992E+00   1.49714E+01  1.93105E+00   1.38639E+01  1.97091E+00   1.28250E+01  2.00928E+00   1.18557E+01  2.04596E+00   1.09561E+01  2.08069E+00   1.01269E+01  2.11330E+00   9.36852E+00  2.14354E+00   8.68123E+00  2.17123E+00   8.06544E+00  2.19616E+00   7.52141E+00  2.21816E+00   7.04943E+00  2.23707E+00   6.64964E+00  2.25275E+00   6.32240E+00  2.26507E+00   6.06756E+00  2.27394E+00   5.88569E+00  2.27929E+00   5.77626E+00  2.28108E+00   5.74003E+00  2.27929E+00   5.77626E+00  2.27394E+00   5.88569E+00  2.26507E+00   6.06757E+00  2.25275E+00   6.32241E+00  2.23707E+00   6.64965E+00  2.21816E+00   7.04943E+00  2.19616E+00   7.52140E+00  2.17123E+00   8.06544E+00  2.14354E+00   8.68125E+00  2.11330E+00   9.36851E+00  2.08069E+00   1.01270E+01  2.04596E+00   1.09561E+01  2.00929E+00   1.18557E+01  1.97092E+00   1.28249E+01  1.93105E+00   1.38639E+01  1.88992E+00   1.49713E+01  1.84773E+00   1.61473E+01  1.80468E+00   1.73907E+01  1.76099E+00   1.87011E+01  1.71681E+00   2.00777E+01  1.67235E+00   2.15196E+01  1.62775E+00   2.30264E+01  1.58318E+00   2.45967E+01  1.53878E+00   2.62303E+01  1.49466E+00   2.79257E+01  1.45096E+00   2.96824E+01  1.40775E+00   3.14994E+01  1.36516E+00   3.33753E+01  1.32325E+00   3.53099E+01  1.28209E+00   3.73014E+01  1.24175E+00   3.93489E+01  1.20228E+00   4.14516E+01  1.16370E+00   4.36081E+01  1.12607E+00   4.58174E+01  1.08940E+00   4.80788E+01  1.05370E+00   5.03906E+01  1.01902E+00   5.27516E+01  9.85326E-01   5.51609E+01  9.52627E-01   5.76170E+01  9.20938E-01   6.01196E+01 
 9.27601E-01   6.20366E+01  9.58960E-01   5.95483E+01  9.91269E-01   5.71053E+01  1.02455E+00   5.47094E+01  1.05877E+00   5.23613E+01  1.09392E+00   5.00627E+01  1.13003E+00   4.78147E+01  1.16704E+00   4.56167E+01  1.20492E+00   4.34726E+01  1.24365E+00   4.13817E+01  1.28318E+00   3.93454E+01  1.32346E+00   3.73651E+01  1.36444E+00   3.54415E+01  1.40604E+00   3.35758E+01  1.44818E+00   3.17688E+01  1.49077E+00   3.00219E+01  1.53369E+00   2.83357E+01  1.57687E+00   2.67110E+01  1.62013E+00   2.51492E+01  1.66338E+00   2.36505E+01  1.70645E+00   2.22163E+01  1.74918E+00   2.08470E+01  1.79143E+00   1.95436E+01  1.83297E+00   1.83066E+01  1.87366E+00   1.71368E+01  1.91327E+00   1.60348E+01  1.95164E+00   1.50013E+01  1.98853E+00   1.40366E+01  2.02375E+00   1.31415E+01  2.05709E+00   1.23162E+01  2.08834E+00   1.15614E+01  2.11732E+00   1.08773E+01  2.14382E+00   1.02644E+01  2.16768E+00   9.72270E+00  2.18871E+00   9.25295E+00  2.20680E+00   8.85483E+00  2.22176E+00   8.52906E+00  2.23354E+00   8.27538E+00  2.24200E+00   8.09420E+00  2.24712E+00   7.98536E+00  2.24881E+00   7.94914E+00  2.24712E+00   7.98535E+00  2.24200E+00   8.09420E+00  2.23354E+00   8.27536E+00  2.22176E+00   8.52908E+00  2.20679E+00   8.85482E+00  2.18871E+00   9.25294E+00  2.16768E+00   9.72266E+00  2.14382E+00   1.02644E+01  2.11732E+00   1.08772E+01  2.08834E+00   1.15614E+01  2.05709E+00   1.23162E+01  2.02375E+00   1.31414E+01  1.98853E+00   1.40365E+01  1.95164E+00   1.50012E+01  1.91327E+00   1.60348E+01  1.87366E+00   1.71368E+01  1.83297E+00   1.83066E+01  1.79142E+00   1.95435E+01  1.74918E+00   2.08471E+01  1.70645E+00   2.22163E+01  1.66338E+00   2.36506E+01  1.62013E+00   2.51492E+01  1.57687E+00   2.67110E+01  1.53370E+00   2.83357E+01  1.49077E+00   3.00217E+01  1.44818E+00   3.17689E+01  1.40604E+00   3.35758E+01  1.36444E+00   3.54415E+01  1.32346E+00   3.73652E+01  1.28318E+00   3.93454E+01  1.24365E+00   4.13816E+01  1.20492E+00   4.34725E+01  1.16703E+00   4.56169E+01  1.13003E+00   4.78145E+01  1.09393E+00   5.00627E+01  1.05877E+00   5.23615E+01  1.02455E+00   5.47094E+01  9.91270E-01   5.71052E+01  9.58955E-01   5.95481E+01  9.27603E-01   6.20366E+01 
 9.32976E-01   6.40053E+01  9.63959E-01   6.15311E+01  9.95848E-01   5.91022E+01  1.02864E+00   5.67199E+01  1.06235E+00   5.43852E+01  1.09695E+00   5.20996E+01  1.13240E+00   4.98644E+01  1.16874E+00   4.76803E+01  1.20589E+00   4.55473E+01  1.24382E+00   4.34691E+01  1.28250E+00   4.14445E+01  1.32187E+00   3.94756E+01  1.36187E+00   3.75631E+01  1.40243E+00   3.57082E+01  1.44347E+00   3.39117E+01  1.48490E+00   3.21745E+01  1.52662E+00   3.04981E+01  1.56851E+00   2.88826E+01  1.61047E+00   2.73295E+01  1.65234E+00   2.58394E+01  1.69401E+00   2.44130E+01  1.73529E+00   2.30514E+01  1.77606E+00   2.17550E+01  1.81612E+00   2.05249E+01  1.85530E+00   1.93613E+01  1.89342E+00   1.82654E+01  1.93028E+00   1.72372E+01  1.96571E+00   1.62777E+01  1.99949E+00   1.53872E+01  2.03146E+00   1.45662E+01  2.06138E+00   1.38153E+01  2.08912E+00   1.31345E+01  2.11446E+00   1.25247E+01  2.13727E+00   1.19858E+01  2.15736E+00   1.15182E+01  2.17462E+00   1.11221E+01  2.18891E+00   1.07979E+01  2.20013E+00   1.05454E+01  2.20821E+00   1.03651E+01  2.21308E+00   1.02567E+01  2.21471E+00   1.02208E+01  2.21308E+00   1.02567E+01  2.20821E+00   1.03651E+01  2.20013E+00   1.05454E+01  2.18891E+00   1.07979E+01  2.17462E+00   1.11221E+01  2.15736E+00   1.15182E+01  2.13727E+00   1.19857E+01  2.11446E+00   1.25247E+01  2.08912E+00   1.31345E+01  2.06138E+00   1.38152E+01  2.03146E+00   1.45662E+01  1.99949E+00   1.53872E+01  1.96571E+00   1.62777E+01  1.93028E+00   1.72372E+01  1.89342E+00   1.82654E+01  1.85529E+00   1.93614E+01  1.81611E+00   2.05249E+01  1.77605E+00   2.17551E+01  1.73529E+00   2.30514E+01  1.69401E+00   2.44130E+01  1.65234E+00   2.58393E+01  1.61047E+00   2.73294E+01  1.56851E+00   2.88826E+01  1.52662E+00   3.04979E+01  1.48490E+00   3.21746E+01  1.44347E+00   3.39117E+01  1.40243E+00   3.57082E+01  1.36186E+00   3.75632E+01  1.32187E+00   3.94756E+01  1.28250E+00   4.14445E+01  1.24382E+00   4.34690E+01  1.20589E+00   4.55476E+01  1.16873E+00   4.76802E+01  1.13241E+00   4.98642E+01  1.09694E+00   5.20998E+01  1.06234E+00   5.43854E+01  1.02865E+00   5.67199E+01  9.95847E-01   5.91020E+01  9.63960E-01   6.15309E+01  9.32982E-01   6.40053E+01 
 9.37137E-01   6.60245E+01  9.67690E-01   6.35648E+01  9.99114E-01   6.11503E+01  1.03140E+00   5.87822E+01  1.06453E+00   5.64615E+01  1.09852E+00   5.41891E+01  1.13333E+00   5.19670E+01  1.16892E+00   4.97958E+01  1.20530E+00   4.76764E+01  1.24240E+00   4.56095E+01  1.28018E+00   4.35974E+01  1.31860E+00   4.16402E+01  1.35759E+00   3.97390E+01  1.39708E+00   3.78952E+01  1.43699E+00   3.61095E+01  1.47724E+00   3.43824E+01  1.51772E+00   3.27159E+01  1.55833E+00   3.11100E+01  1.59896E+00   2.95659E+01  1.63945E+00   2.80847E+01  1.67970E+00   2.66665E+01  1.71954E+00   2.53130E+01  1.75883E+00   2.40240E+01  1.79741E+00   2.28009E+01  1.83510E+00   2.16441E+01  1.87173E+00   2.05540E+01  1.90712E+00   1.95319E+01  1.94110E+00   1.85774E+01  1.97348E+00   1.76921E+01  2.00408E+00   1.68753E+01  2.03272E+00   1.61286E+01  2.05923E+00   1.54514E+01  2.08346E+00   1.48449E+01  2.10522E+00   1.43087E+01  2.12441E+00   1.38437E+01  2.14086E+00   1.34497E+01  2.15450E+00   1.31271E+01  2.16519E+00   1.28760E+01  2.17290E+00   1.26965E+01  2.17753E+00   1.25889E+01  2.17909E+00   1.25529E+01  2.17753E+00   1.25888E+01  2.17290E+00   1.26965E+01  2.16519E+00   1.28760E+01  2.15450E+00   1.31271E+01  2.14086E+00   1.34497E+01  2.12441E+00   1.38437E+01  2.10522E+00   1.43087E+01  2.08346E+00   1.48449E+01  2.05923E+00   1.54514E+01  2.03272E+00   1.61286E+01  2.00408E+00   1.68753E+01  1.97348E+00   1.76921E+01  1.94110E+00   1.85774E+01  1.90712E+00   1.95319E+01  1.87173E+00   2.05541E+01  1.83510E+00   2.16440E+01  1.79741E+00   2.28009E+01  1.75884E+00   2.40239E+01  1.71955E+00   2.53130E+01  1.67970E+00   2.66665E+01  1.63946E+00   2.80846E+01  1.59895E+00   2.95660E+01  1.55834E+00   3.11099E+01  1.51772E+00   3.27160E+01  1.47724E+00   3.43824E+01  1.43699E+00   3.61095E+01  1.39708E+00   3.78951E+01  1.35759E+00   3.97390E+01  1.31860E+00   4.16402E+01  1.28018E+00   4.35973E+01  1.24240E+00   4.56097E+01  1.20529E+00   4.76764E+01  1.16892E+00   4.97954E+01  1.13333E+00   5.19670E+01  1.09851E+00   5.41895E+01  1.06453E+00   5.64615E+01  1.03140E+00   5.87819E+01  9.99111E-01   6.11500E+01  9.67692E-01   6.35648E+01  9.37136E-01   6.60251E+01 
 9.40138E-01   6.80943E+01  9.70234E-01   6.56486E+01  1.00115E+00   6.32486E+01  1.03288E+00   6.08947E+01  1.06542E+00   5.85884E+01  1.09874E+00   5.63298E+01  1.13285E+00   5.41210E+01  1.16770E+00   5.19632E+01  1.20325E+00   4.98567E+01  1.23949E+00   4.78033E+01  1.27636E+00   4.58027E+01  1.31379E+00   4.38578E+01  1.35175E+00   4.19684E+01  1.39015E+00   4.01356E+01  1.42891E+00   3.83611E+01  1.46796E+00   3.66448E+01  1.50720E+00   3.49881E+01  1.54651E+00   3.33923E+01  1.58579E+00   3.18574E+01  1.62491E+00   3.03851E+01  1.66375E+00   2.89757E+01  1.70216E+00   2.76299E+01  1.73999E+00   2.63492E+01  1.77710E+00   2.51330E+01  1.81331E+00   2.39833E+01  1.84848E+00   2.28997E+01  1.88243E+00   2.18835E+01  1.91499E+00   2.09348E+01  1.94599E+00   2.00543E+01  1.97526E+00   1.92426E+01  2.00264E+00   1.84998E+01  2.02797E+00   1.78268E+01  2.05109E+00   1.72234E+01  2.07186E+00   1.66906E+01  2.09015E+00   1.62279E+01  2.10584E+00   1.58363E+01  2.11882E+00   1.55152E+01  2.12902E+00   1.52657E+01  2.13635E+00   1.50870E+01  2.14077E+00   1.49802E+01  2.14224E+00   1.49442E+01  2.14077E+00   1.49802E+01  2.13635E+00   1.50870E+01  2.12902E+00   1.52657E+01  2.11882E+00   1.55152E+01  2.10584E+00   1.58363E+01  2.09015E+00   1.62279E+01  2.07186E+00   1.66906E+01  2.05108E+00   1.72234E+01  2.02797E+00   1.78268E+01  2.00264E+00   1.84999E+01  1.97526E+00   1.92426E+01  1.94599E+00   2.00543E+01  1.91499E+00   2.09348E+01  1.88243E+00   2.18835E+01  1.84848E+00   2.28996E+01  1.81332E+00   2.39834E+01  1.77710E+00   2.51330E+01  1.73999E+00   2.63491E+01  1.70216E+00   2.76301E+01  1.66375E+00   2.89756E+01  1.62491E+00   3.03852E+01  1.58579E+00   3.18573E+01  1.54651E+00   3.33924E+01  1.50720E+00   3.49881E+01  1.46796E+00   3.66447E+01  1.42891E+00   3.83612E+01  1.39015E+00   4.01355E+01  1.35175E+00   4.19685E+01  1.31379E+00   4.38578E+01  1.27636E+00   4.58028E+01  1.23949E+00   4.78032E+01  1.20325E+00   4.98565E+01  1.16770E+00   5.19632E+01  1.13284E+00   5.41214E+01  1.09874E+00   5.63300E+01  1.06542E+00   5.85879E+01  1.03288E+00   6.08944E+01  1.00114E+00   6.32486E+01  9.70236E-01   6.56491E+01  9.40141E-01   6.80944E+01 
 9.42039E-01   7.02126E+01  9.71641E-01   6.77822E+01  1.00202E+00   6.53964E+01  1.03317E+00   6.30571E+01  1.06508E+00   6.07650E+01  1.09773E+00   5.85210E+01  1.13109E+00   5.63257E+01  1.16516E+00   5.41813E+01  1.19988E+00   5.20880E+01  1.23522E+00   5.00473E+01  1.27114E+00   4.80603E+01  1.30759E+00   4.61268E+01  1.34448E+00   4.42498E+01  1.38178E+00   4.24285E+01  1.41939E+00   4.06650E+01  1.45722E+00   3.89600E+01  1.49521E+00   3.73136E+01  1.53322E+00   3.57279E+01  1.57116E+00   3.42029E+01  1.60891E+00   3.27396E+01  1.64635E+00   3.13392E+01  1.68334E+00   3.00018E+01  1.71972E+00   2.87288E+01  1.75539E+00   2.75204E+01  1.79015E+00   2.63775E+01  1.82389E+00   2.53008E+01  1.85642E+00   2.42907E+01  1.88760E+00   2.33479E+01  1.91725E+00   2.24727E+01  1.94523E+00   2.16660E+01  1.97139E+00   2.09277E+01  1.99556E+00   2.02588E+01  2.01763E+00   1.96590E+01  2.03742E+00   1.91293E+01  2.05486E+00   1.86694E+01  2.06980E+00   1.82800E+01  2.08217E+00   1.79610E+01  2.09187E+00   1.77128E+01  2.09885E+00   1.75353E+01  2.10305E+00   1.74289E+01  2.10446E+00   1.73934E+01  2.10305E+00   1.74289E+01  2.09885E+00   1.75353E+01  2.09187E+00   1.77128E+01  2.08217E+00   1.79610E+01  2.06980E+00   1.82800E+01  2.05486E+00   1.86694E+01  2.03742E+00   1.91293E+01  2.01763E+00   1.96590E+01  1.99556E+00   2.02588E+01  1.97139E+00   2.09277E+01  1.94523E+00   2.16660E+01  1.91725E+00   2.24728E+01  1.88760E+00   2.33479E+01  1.85642E+00   2.42907E+01  1.82389E+00   2.53008E+01  1.79015E+00   2.63776E+01  1.75539E+00   2.75203E+01  1.71972E+00   2.87288E+01  1.68334E+00   3.00017E+01  1.64635E+00   3.13391E+01  1.60891E+00   3.27395E+01  1.57116E+00   3.42028E+01  1.53322E+00   3.57280E+01  1.49521E+00   3.73136E+01  1.45723E+00   3.89600E+01  1.41939E+00   4.06649E+01  1.38178E+00   4.24286E+01  1.34448E+00   4.42499E+01  1.30759E+00   4.61268E+01  1.27114E+00   4.80602E+01  1.23522E+00   5.00473E+01  1.19988E+00   5.20881E+01  1.16515E+00   5.41816E+01  1.13109E+00   5.63259E+01  1.09773E+00   5.85206E+01  1.06508E+00   6.07646E+01  1.03316E+00   6.30573E+01  1.00202E+00   6.53970E+01  9.71649E-01   6.77821E+01  9.42037E-01   7.02123E+01 
 9.42922E-01   7.23791E+01  9.71988E-01   6.99633E+01  1.00180E+00   6.75931E+01  1.03234E+00   6.52678E+01  1.06358E+00   6.29906E+01  1.09553E+00   6.07610E+01  1.12815E+00   5.85800E+01  1.16140E+00   5.64493E+01  1.19527E+00   5.43695E+01  1.22971E+00   5.23418E+01  1.26465E+00   5.03677E+01  1.30009E+00   4.84473E+01  1.33593E+00   4.65819E+01  1.37210E+00   4.47730E+01  1.40856E+00   4.30204E+01  1.44518E+00   4.13265E+01  1.48191E+00   3.96912E+01  1.51863E+00   3.81154E+01  1.55524E+00   3.66007E+01  1.59164E+00   3.51467E+01  1.62768E+00   3.37555E+01  1.66327E+00   3.24268E+01  1.69825E+00   3.11620E+01  1.73248E+00   2.99614E+01  1.76585E+00   2.88259E+01  1.79817E+00   2.77560E+01  1.82933E+00   2.67523E+01  1.85914E+00   2.58155E+01  1.88751E+00   2.49459E+01  1.91423E+00   2.41442E+01  1.93920E+00   2.34106E+01  1.96226E+00   2.27458E+01  1.98329E+00   2.21499E+01  2.00216E+00   2.16234E+01  2.01876E+00   2.11664E+01  2.03300E+00   2.07794E+01  2.04476E+00   2.04624E+01  2.05400E+00   2.02157E+01  2.06063E+00   2.00394E+01  2.06463E+00   1.99336E+01  2.06596E+00   1.98982E+01  2.06463E+00   1.99335E+01  2.06063E+00   2.00394E+01  2.05400E+00   2.02157E+01  2.04476E+00   2.04624E+01  2.03300E+00   2.07794E+01  2.01876E+00   2.11665E+01  2.00216E+00   2.16234E+01  1.98329E+00   2.21499E+01  1.96226E+00   2.27458E+01  1.93920E+00   2.34106E+01  1.91423E+00   2.41443E+01  1.88751E+00   2.49459E+01  1.85914E+00   2.58156E+01  1.82933E+00   2.67522E+01  1.79816E+00   2.77561E+01  1.76585E+00   2.88258E+01  1.73248E+00   2.99613E+01  1.69825E+00   3.11619E+01  1.66327E+00   3.24267E+01  1.62768E+00   3.37555E+01  1.59164E+00   3.51467E+01  1.55524E+00   3.66007E+01  1.51863E+00   3.81155E+01  1.48191E+00   3.96912E+01  1.44518E+00   4.13266E+01  1.40856E+00   4.30205E+01  1.37210E+00   4.47729E+01  1.33593E+00   4.65818E+01  1.30009E+00   4.84471E+01  1.26466E+00   5.03678E+01  1.22970E+00   5.23420E+01  1.19527E+00   5.43697E+01  1.16140E+00   5.64494E+01  1.12815E+00   5.85798E+01  1.09553E+00   6.07606E+01  1.06359E+00   6.29907E+01  1.03234E+00   6.52685E+01  1.00181E+00   6.75930E+01  9.71989E-01   6.99630E+01  9.42911E-01   7.23791E+01 
 9.42814E-01   7.45928E+01  9.71349E-01   7.21925E+01  1.00056E+00   6.98367E+01  1.03047E+00   6.75271E+01  1.06104E+00   6.52635E+01  1.09225E+00   6.30490E+01  1.12410E+00   6.08824E+01  1.15653E+00   5.87656E+01  1.18952E+00   5.66999E+01  1.22304E+00   5.46853E+01  1.25703E+00   5.27241E+01  1.29142E+00   5.08168E+01  1.32620E+00   4.89639E+01  1.36126E+00   4.71670E+01  1.39654E+00   4.54267E+01  1.43198E+00   4.37436E+01  1.46745E+00   4.21195E+01  1.50290E+00   4.05542E+01  1.53819E+00   3.90494E+01  1.57324E+00   3.76054E+01  1.60793E+00   3.62232E+01  1.64213E+00   3.49036E+01  1.67573E+00   3.36470E+01  1.70857E+00   3.24547E+01  1.74055E+00   3.13266E+01  1.77152E+00   3.02640E+01  1.80132E+00   2.92668E+01  1.82985E+00   2.83363E+01  1.85693E+00   2.74724E+01  1.88246E+00   2.66760E+01  1.90627E+00   2.59472E+01  1.92827E+00   2.52868E+01  1.94830E+00   2.46947E+01  1.96628E+00   2.41716E+01  1.98208E+00   2.37176E+01  1.99563E+00   2.33331E+01  2.00682E+00   2.30182E+01  2.01560E+00   2.27730E+01  2.02191E+00   2.25979E+01  2.02572E+00   2.24927E+01  2.02698E+00   2.24577E+01  2.02572E+00   2.24927E+01  2.02191E+00   2.25979E+01  2.01560E+00   2.27730E+01  2.00681E+00   2.30182E+01  1.99563E+00   2.33331E+01  1.98208E+00   2.37176E+01  1.96628E+00   2.41716E+01  1.94830E+00   2.46947E+01  1.92827E+00   2.52867E+01  1.90627E+00   2.59472E+01  1.88246E+00   2.66760E+01  1.85693E+00   2.74724E+01  1.82985E+00   2.83362E+01  1.80132E+00   2.92668E+01  1.77152E+00   3.02639E+01  1.74055E+00   3.13265E+01  1.70857E+00   3.24547E+01  1.67573E+00   3.36470E+01  1.64213E+00   3.49036E+01  1.60793E+00   3.62233E+01  1.57324E+00   3.76054E+01  1.53819E+00   3.90495E+01  1.50290E+00   4.05542E+01  1.46745E+00   4.21194E+01  1.43198E+00   4.37436E+01  1.39654E+00   4.54265E+01  1.36126E+00   4.71670E+01  1.32620E+00   4.89638E+01  1.29143E+00   5.08169E+01  1.25703E+00   5.27245E+01  1.22303E+00   5.46854E+01  1.18952E+00   5.66998E+01  1.15653E+00   5.87654E+01  1.12410E+00   6.08821E+01  1.09225E+00   6.30490E+01  1.06104E+00   6.52641E+01  1.03047E+00   6.75271E+01  1.00057E+00   6.98363E+01  9.71342E-01   7.21924E+01  9.42816E-01   7.45927E+01 
 9.41792E-01   7.68524E+01  9.69758E-01   7.44674E+01  9.98378E-01   7.21275E+01  1.02762E+00   6.98327E+01  1.05750E+00   6.75843E+01  1.08798E+00   6.53837E+01  1.11902E+00   6.32321E+01  1.15063E+00   6.11296E+01  1.18275E+00   5.90778E+01  1.21532E+00   5.70773E+01  1.24834E+00   5.51290E+01  1.28172E+00   5.32346E+01  1.31541E+00   5.13945E+01  1.34937E+00   4.96097E+01  1.38349E+00   4.78815E+01  1.41773E+00   4.62102E+01  1.45199E+00   4.45969E+01  1.48615E+00   4.30427E+01  1.52017E+00   4.15481E+01  1.55389E+00   4.01141E+01  1.58725E+00   3.87415E+01  1.62009E+00   3.74308E+01  1.65233E+00   3.61830E+01  1.68383E+00   3.49987E+01  1.71445E+00   3.38785E+01  1.74410E+00   3.28230E+01  1.77260E+00   3.18328E+01  1.79986E+00   3.09085E+01  1.82573E+00   3.00507E+01  1.85008E+00   2.92595E+01  1.87280E+00   2.85360E+01  1.89375E+00   2.78797E+01  1.91285E+00   2.72920E+01  1.92996E+00   2.67721E+01  1.94500E+00   2.63215E+01  1.95787E+00   2.59393E+01  1.96853E+00   2.56268E+01  1.97687E+00   2.53830E+01  1.98288E+00   2.52093E+01  1.98648E+00   2.51046E+01  1.98770E+00   2.50701E+01  1.98648E+00   2.51046E+01  1.98288E+00   2.52093E+01  1.97687E+00   2.53830E+01  1.96853E+00   2.56268E+01  1.95788E+00   2.59393E+01  1.94500E+00   2.63215E+01  1.92996E+00   2.67721E+01  1.91285E+00   2.72919E+01  1.89376E+00   2.78796E+01  1.87280E+00   2.85359E+01  1.85008E+00   2.92594E+01  1.82573E+00   3.00507E+01  1.79986E+00   3.09085E+01  1.77260E+00   3.18328E+01  1.74409E+00   3.28230E+01  1.71445E+00   3.38785E+01  1.68383E+00   3.49987E+01  1.65233E+00   3.61830E+01  1.62009E+00   3.74309E+01  1.58724E+00   3.87415E+01  1.55389E+00   4.01141E+01  1.52017E+00   4.15481E+01  1.48616E+00   4.30425E+01  1.45199E+00   4.45969E+01  1.41773E+00   4.62100E+01  1.38350E+00   4.78814E+01  1.34937E+00   4.96100E+01  1.31541E+00   5.13945E+01  1.28172E+00   5.32349E+01  1.24834E+00   5.51291E+01  1.21532E+00   5.70770E+01  1.18275E+00   5.90776E+01  1.15063E+00   6.11293E+01  1.11903E+00   6.32322E+01  1.08798E+00   6.53843E+01  1.05750E+00   6.75845E+01  1.02763E+00   6.98323E+01  9.98374E-01   7.21273E+01  9.69758E-01   7.44674E+01  9.41794E-01   7.68525E+01 
 9.39927E-01   7.91577E+01  9.67302E-01   7.67881E+01  9.95294E-01   7.44631E+01  1.02389E+00   7.21841E+01  1.05305E+00   6.99508E+01  1.08277E+00   6.77649E+01  1.11303E+00   6.56277E+01  1.14378E+00   6.35397E+01  1.17502E+00   6.15020E+01  1.20667E+00   5.95157E+01  1.23869E+00   5.75811E+01  1.27107E+00   5.56999E+01  1.30369E+00   5.38726E+01  1.33654E+00   5.21002E+01  1.36953E+00   5.03841E+01  1.40257E+00   4.87245E+01  1.43562E+00   4.71228E+01  1.46855E+00   4.55794E+01  1.50128E+00   4.40955E+01  1.53373E+00   4.26717E+01  1.56576E+00   4.13086E+01  1.59731E+00   4.00075E+01  1.62821E+00   3.87683E+01  1.65840E+00   3.75925E+01  1.68773E+00   3.64801E+01  1.71607E+00   3.54320E+01  1.74333E+00   3.44489E+01  1.76935E+00   3.35310E+01  1.79405E+00   3.26792E+01  1.81727E+00   3.18937E+01  1.83894E+00   3.11751E+01  1.85890E+00   3.05236E+01  1.87708E+00   2.99398E+01  1.89336E+00   2.94238E+01  1.90768E+00   2.89761E+01  1.91992E+00   2.85969E+01  1.93004E+00   2.82862E+01  1.93798E+00   2.80445E+01  1.94368E+00   2.78716E+01  1.94711E+00   2.77681E+01  1.94826E+00   2.77333E+01  1.94711E+00   2.77680E+01  1.94368E+00   2.78716E+01  1.93798E+00   2.80445E+01  1.93004E+00   2.82862E+01  1.91992E+00   2.85969E+01  1.90768E+00   2.89761E+01  1.89336E+00   2.94238E+01  1.87708E+00   2.99398E+01  1.85890E+00   3.05236E+01  1.83894E+00   3.11751E+01  1.81728E+00   3.18937E+01  1.79405E+00   3.26793E+01  1.76936E+00   3.35310E+01  1.74333E+00   3.44490E+01  1.71607E+00   3.54321E+01  1.68772E+00   3.64801E+01  1.65840E+00   3.75925E+01  1.62822E+00   3.87683E+01  1.59731E+00   4.00075E+01  1.56577E+00   4.13085E+01  1.53373E+00   4.26717E+01  1.50128E+00   4.40954E+01  1.46855E+00   4.55794E+01  1.43561E+00   4.71230E+01  1.40257E+00   4.87244E+01  1.36953E+00   5.03844E+01  1.33654E+00   5.21003E+01  1.30369E+00   5.38725E+01  1.27106E+00   5.56999E+01  1.23870E+00   5.75806E+01  1.20667E+00   5.95155E+01  1.17502E+00   6.15021E+01  1.14379E+00   6.35397E+01  1.11303E+00   6.56283E+01  1.08277E+00   6.77651E+01  1.05305E+00   6.99504E+01  1.02388E+00   7.21840E+01  9.95296E-01   7.44630E+01  9.67299E-01   7.67883E+01  9.39929E-01   7.91577E+01 
 9.37249E-01   8.15073E+01  9.64040E-01   7.91537E+01  9.91388E-01   7.68439E+01  1.01931E+00   7.45800E+01  1.04776E+00   7.23625E+01  1.07672E+00   7.01915E+01  1.10618E+00   6.80690E+01  1.13609E+00   6.59955E+01  1.16642E+00   6.39719E+01  1.19715E+00   6.19994E+01  1.22821E+00   6.00790E+01  1.25956E+00   5.82108E+01  1.29115E+00   5.63970E+01  1.32288E+00   5.46373E+01  1.35475E+00   5.29333E+01  1.38663E+00   5.12859E+01  1.41847E+00   4.96954E+01  1.45020E+00   4.81635E+01  1.48168E+00   4.66901E+01  1.51287E+00   4.52767E+01  1.54363E+00   4.39236E+01  1.57389E+00   4.26317E+01  1.60353E+00   4.14019E+01  1.63243E+00   4.02342E+01  1.66050E+00   3.91302E+01  1.68759E+00   3.80896E+01  1.71365E+00   3.71137E+01  1.73849E+00   3.62025E+01  1.76205E+00   3.53568E+01  1.78420E+00   3.45770E+01  1.80483E+00   3.38635E+01  1.82385E+00   3.32168E+01  1.84114E+00   3.26371E+01  1.85665E+00   3.21250E+01  1.87025E+00   3.16804E+01  1.88190E+00   3.13040E+01  1.89151E+00   3.09955E+01  1.89906E+00   3.07556E+01  1.90447E+00   3.05840E+01  1.90774E+00   3.04810E+01  1.90882E+00   3.04467E+01  1.90773E+00   3.04811E+01  1.90447E+00   3.05840E+01  1.89906E+00   3.07556E+01  1.89151E+00   3.09955E+01  1.88190E+00   3.13040E+01  1.87025E+00   3.16804E+01  1.85665E+00   3.21250E+01  1.84115E+00   3.26372E+01  1.82385E+00   3.32169E+01  1.80483E+00   3.38636E+01  1.78420E+00   3.45770E+01  1.76205E+00   3.53569E+01  1.73849E+00   3.62025E+01  1.71364E+00   3.71137E+01  1.68760E+00   3.80896E+01  1.66050E+00   3.91302E+01  1.63243E+00   4.02341E+01  1.60353E+00   4.14018E+01  1.57389E+00   4.26316E+01  1.54364E+00   4.39235E+01  1.51287E+00   4.52768E+01  1.48168E+00   4.66900E+01  1.45019E+00   4.81637E+01  1.41847E+00   4.96955E+01  1.38663E+00   5.12859E+01  1.35475E+00   5.29335E+01  1.32289E+00   5.46370E+01  1.29114E+00   5.63970E+01  1.25956E+00   5.82106E+01  1.22821E+00   6.00789E+01  1.19715E+00   6.19998E+01  1.16642E+00   6.39720E+01  1.13609E+00   6.59958E+01  1.10618E+00   6.80691E+01  1.07672E+00   7.01909E+01  1.04776E+00   7.23623E+01  1.01931E+00   7.45799E+01  9.91386E-01   7.68441E+01  9.64040E-01   7.91538E+01  9.37254E-01   8.15073E+01 
